item_id:token,interaction_count,pop_score,popularity_label
201,7414,0.029407681537100723,1
86,4535,0.01798810841256431,1
41,3190,0.012653156744449865,1
34,2826,0.01120934826326499,1
298,2729,0.01082459710207012,1
100,2319,0.009198329307328914,1
514,2158,0.008559721709881759,1
176,2129,0.008444693012204942,1
59,2089,0.008286032739547262,1
26,2069,0.008206702603218423,1
255,2034,0.008067874864642955,1
206,1983,0.007865583017004414,1
350,1965,0.007794185894308459,1
211,1893,0.007508597403524638,1
42,1746,0.006925520901507669,1
127,1603,0.0063583104267564685,1
216,1413,0.005604674131632495,1
125,1337,0.005303219613582906,1
199,1268,0.00502953064324841,1
104,1258,0.00498986557508399,1
471,1167,0.004628913454787772,1
1032,1152,0.004569415852541143,1
136,1122,0.004450420648047884,1
306,1048,0.0041568991436311785,1
309,952,0.00377611448925275,1
344,934,0.0037047173665567946,1
652,896,0.0035539901075319997,1
362,849,0.0033675642871592274,1
624,842,0.0033397987394441337,1
30,836,0.003315999698545482,1
374,804,0.003189071480419339,1
373,802,0.003181138466786455,1
46,797,0.0031613059327042455,1
81,763,0.0030264447009452186,1
250,759,0.0030105786736794506,1
161,748,0.002966947098698589,1
1503,746,0.002959014085065705,1
720,744,0.0029510810714328214,1
319,728,0.00288761696236975,1
45,718,0.00284795189420533,1
815,702,0.002784487785142259,1
327,701,0.0027805212783258166,1
785,698,0.002768621757876491,1
277,691,0.0027408562101613972,1
506,683,0.0027091241556298612,1
843,680,0.0026972246351805356,1
755,679,0.0026932581283640937,1
534,656,0.0026020284715859284,1
88,653,0.0025901289511366023,1
110,626,0.0024830332670926695,1
439,620,0.0024592342261940178,1
427,615,0.002439401692111808,1
1302,611,0.00242353566484604,1
281,610,0.002419569158029598,1
1743,598,0.0023719710762322944,1
170,596,0.0023640380625994106,1
8,590,0.002340239021700759,1
737,576,0.0022847079262705715,1
365,569,0.0022569423785554774,1
204,561,0.002225210324023942,1
675,549,0.0021776122422266383,1
1105,547,0.0021696792285937545,1
144,543,0.0021538132013279865,1
134,541,0.0021458801876951027,1
861,528,0.002094315599081357,1
538,526,0.002086382585448473,1
529,524,0.0020784495718155892,1
1093,524,0.0020784495718155892,1
1122,524,0.0020784495718155892,1
293,522,0.002070516558182705,1
658,515,0.0020427510104676114,1
511,513,0.0020348179968347276,1
275,505,0.002003085942303192,1
1077,503,0.001995152928670308,1
28,503,0.001995152928670308,1
546,496,0.001967387380955214,1
1557,487,0.0019316888196072364,1
441,486,0.0019277223127907946,1
233,484,0.0019197892991579106,1
178,483,0.0019158227923414687,1
280,482,0.0019118562855250268,1
579,480,0.0019039232718921428,1
1025,478,0.0018959902582592588,1
573,478,0.0018959902582592588,1
454,478,0.0018959902582592588,1
184,477,0.0018920237514428169,1
708,475,0.0018840907378099329,1
321,472,0.001872191217360607,1
578,472,0.001872191217360607,1
661,470,0.0018642582037277232,1
84,469,0.001860291696911281,1
1738,468,0.0018563251900948392,1
1151,459,0.0018206266287468615,1
135,455,0.0018047606014810938,1
305,453,0.0017968275878482098,1
1576,452,0.0017928610810317679,1
274,449,0.0017809615605824418,1
253,445,0.001765095533316674,1
1330,444,0.001761129026500232,1
333,443,0.00175716251968379,1
577,440,0.001745262999234464,1
473,438,0.0017373299856015803,1
1253,436,0.0017293969719686963,1
101,435,0.0017254304651522544,1
1368,434,0.0017214639583358123,1
397,433,0.0017174974515193704,1
1167,421,0.0016698993697220668,1
464,419,0.0016619663560891828,1
52,417,0.001654033342456299,1
437,417,0.001654033342456299,1
44,415,0.001646100328823415,1
1133,414,0.0016421338220069732,1
541,413,0.001638167315190531,1
1016,413,0.001638167315190531,1
731,410,0.0016262677947412052,1
422,410,0.0016262677947412052,1
569,407,0.0016143682742918793,1
611,402,0.0015945357402096696,1
382,402,0.0015945357402096696,1
228,402,0.0015945357402096696,1
1292,399,0.0015826362197603437,1
160,393,0.001558837178861692,1
758,391,0.001550904165228808,1
387,389,0.001542971151595924,1
595,387,0.0015350381379630402,1
129,385,0.0015271051243301562,1
711,384,0.0015231386175137143,1
434,381,0.0015112390970643884,1
927,381,0.0015112390970643884,1
60,380,0.0015072725902479463,1
347,379,0.0015033060834315044,1
433,379,0.0015033060834315044,1
931,378,0.0014993395766150625,1
67,374,0.0014834735493492945,1
527,373,0.0014795070425328526,1
1063,371,0.0014715740288999686,1
117,364,0.001443808481184875,1
1188,363,0.001439841974368433,1
1096,362,0.001435875467551991,1
540,361,0.001431908960735549,1
443,358,0.0014200094402862231,1
631,355,0.0014081099198368972,1
286,354,0.0014041434130204554,1
814,353,0.0014001769062040132,1
602,353,0.0014001769062040132,1
51,352,0.0013962103993875714,1
1024,349,0.0013843108789382455,1
600,349,0.0013843108789382455,1
272,348,0.0013803443721218036,1
93,346,0.0013724113584889196,1
241,343,0.0013605118380395937,1
765,342,0.0013565453312231518,1
1691,338,0.0013406793039573838,1
1187,329,0.0013049807426094061,1
236,327,0.0012970477289765223,1
938,324,0.0012851482085271964,1
420,323,0.0012811817017107543,1
1298,318,0.0012613491676285447,1
809,316,0.0012534161539956607,1
522,311,0.0012335836199134508,1
559,311,0.0012335836199134508,1
549,310,0.0012296171130970089,1
401,310,0.0012296171130970089,1
733,309,0.001225650606280567,1
844,309,0.001225650606280567,1
1569,309,0.001225650606280567,1
6,307,0.001217717592647683,1
636,307,0.001217717592647683,1
833,299,0.0011859855381161472,1
121,298,0.0011820190312997053,1
363,298,0.0011820190312997053,1
58,295,0.0011701195108503794,1
215,294,0.0011661530040339375,1
968,289,0.0011463204699517276,1
715,288,0.0011423539631352857,1
1057,287,0.0011383874563188436,1
665,285,0.0011304544426859599,1
251,283,0.0011225214290530759,1
786,281,0.0011145884154201919,1
936,275,0.00109078937452154,1
725,274,0.0010868228677050982,1
378,274,0.0010868228677050982,1
150,271,0.0010749233472557723,1
458,270,0.0010709568404393302,1
164,268,0.0010630238268064464,1
62,268,0.0010630238268064464,1
523,267,0.0010590573199900043,1
191,266,0.0010550908131735624,1
752,265,0.0010511243063571205,1
592,265,0.0010511243063571205,1
707,264,0.0010471577995406784,1
257,262,0.0010392247859077946,1
696,260,0.0010312917722749106,1
1250,260,0.0010312917722749106,1
9,260,0.0010312917722749106,1
694,259,0.0010273252654584687,1
210,259,0.0010273252654584687,1
1688,258,0.0010233587586420266,1
740,258,0.0010233587586420266,1
973,257,0.0010193922518255847,1
606,257,0.0010193922518255847,1
515,255,0.0010114592381927007,1
1638,255,0.0010114592381927007,1
1054,254,0.0010074927313762588,1
230,253,0.001003526224559817,1
937,253,0.001003526224559817,1
963,253,0.001003526224559817,1
622,252,0.0009995597177433748,1
663,251,0.000995593210926933,1
951,251,0.000995593210926933,1
265,249,0.000987660197294049,1
276,244,0.0009678276632118393,1
1246,242,0.0009598946495789553,1
1113,238,0.0009440286223131875,1
418,236,0.0009360956086803035,1
388,233,0.0009241960882309776,1
381,233,0.0009241960882309776,1
497,232,0.0009202295814145357,1
1,229,0.0009083300609652098,1
1647,228,0.0009043635541487678,1
183,228,0.0009043635541487678,1
468,227,0.0009003970473323258,1
1239,226,0.0008964305405158839,1
457,225,0.0008924640336994419,1
149,225,0.0008924640336994419,1
1393,225,0.0008924640336994419,1
1684,225,0.0008924640336994419,1
435,224,0.0008884975268829999,1
1479,224,0.0008884975268829999,1
1335,224,0.0008884975268829999,1
1019,222,0.000880564513250116,1
484,222,0.000880564513250116,1
208,222,0.000880564513250116,1
1591,221,0.000876598006433674,1
182,221,0.000876598006433674,1
905,221,0.000876598006433674,1
853,220,0.000872631499617232,1
1706,220,0.000872631499617232,1
673,220,0.000872631499617232,1
1580,218,0.0008646984859843481,1
315,217,0.0008607319791679061,1
1293,217,0.0008607319791679061,1
1415,217,0.0008607319791679061,1
536,216,0.0008567654723514643,1
773,215,0.0008527989655350223,1
1350,215,0.0008527989655350223,1
654,213,0.0008448659519021384,1
403,213,0.0008448659519021384,1
1046,212,0.0008408994450856964,1
729,211,0.0008369329382692544,1
1275,211,0.0008369329382692544,1
423,211,0.0008369329382692544,1
898,210,0.0008329664314528125,1
1006,209,0.0008289999246363705,1
2037,209,0.0008289999246363705,1
490,209,0.0008289999246363705,1
254,207,0.0008210669110034866,1
2267,207,0.0008210669110034866,1
1544,206,0.0008171004041870446,1
1337,206,0.0008171004041870446,1
111,206,0.0008171004041870446,1
775,205,0.0008131338973706026,1
957,205,0.0008131338973706026,1
669,204,0.0008091673905541607,1
677,204,0.0008091673905541607,1
2036,204,0.0008091673905541607,1
410,204,0.0008091673905541607,1
932,202,0.0008012343769212767,1
1838,202,0.0008012343769212767,1
323,201,0.0007972678701048348,1
209,199,0.0007893348564719508,1
1344,199,0.0007893348564719508,1
263,199,0.0007893348564719508,1
1944,199,0.0007893348564719508,1
207,199,0.0007893348564719508,1
143,198,0.0007853683496555089,1
145,198,0.0007853683496555089,1
66,197,0.0007814018428390669,1
1010,196,0.0007774353360226249,1
1256,196,0.0007774353360226249,1
1169,196,0.0007774353360226249,1
643,195,0.000773468829206183,1
967,195,0.000773468829206183,1
112,193,0.000765535815573299,1
820,193,0.000765535815573299,1
1448,192,0.0007615693087568571,1
1566,191,0.0007576028019404151,1
466,191,0.0007576028019404151,1
480,191,0.0007576028019404151,1
971,189,0.0007496697883075312,1
517,188,0.0007457032814910892,1
1741,188,0.0007457032814910892,1
310,187,0.0007417367746746472,1
189,186,0.0007377702678582053,1
447,185,0.0007338037610417633,1
904,184,0.0007298372542253213,1
23,184,0.0007298372542253213,1
543,184,0.0007298372542253213,1
1126,183,0.0007258707474088795,1
1421,183,0.0007258707474088795,1
1048,183,0.0007258707474088795,1
1717,182,0.0007219042405924375,1
1166,181,0.0007179377337759955,1
417,181,0.0007179377337759955,1
356,181,0.0007179377337759955,1
1553,179,0.0007100047201431116,1
105,179,0.0007100047201431116,1
1036,179,0.0007100047201431116,1
1493,179,0.0007100047201431116,1
1180,177,0.0007020717065102277,1
496,177,0.0007020717065102277,1
324,177,0.0007020717065102277,1
1023,177,0.0007020717065102277,1
1491,176,0.0006981051996937857,1
635,175,0.0006941386928773437,1
1055,174,0.0006901721860609018,1
2377,174,0.0006901721860609018,1
928,173,0.0006862056792444598,1
89,172,0.0006822391724280178,1
797,171,0.0006782726656115759,1
1261,171,0.0006782726656115759,1
132,171,0.0006782726656115759,1
1041,171,0.0006782726656115759,1
456,169,0.0006703396519786919,1
2155,169,0.0006703396519786919,1
1329,168,0.00066637314516225,1
413,168,0.00066637314516225,1
200,167,0.000662406638345808,1
1045,167,0.000662406638345808,1
38,166,0.000658440131529366,1
1111,165,0.0006544736247129241,1
956,165,0.0006544736247129241,1
353,164,0.0006505071178964821,1
734,164,0.0006505071178964821,1
1931,163,0.0006465406110800401,1
414,163,0.0006465406110800401,1
195,163,0.0006465406110800401,1
459,161,0.0006386075974471562,1
307,161,0.0006386075974471562,1
1267,161,0.0006386075974471562,1
878,160,0.0006346410906307142,1
453,160,0.0006346410906307142,1
562,159,0.0006306745838142723,1
186,159,0.0006306745838142723,1
1091,159,0.0006306745838142723,1
761,158,0.0006267080769978303,1
1530,158,0.0006267080769978303,1
467,158,0.0006267080769978303,1
240,157,0.0006227415701813883,1
1461,157,0.0006227415701813883,1
1078,156,0.0006187750633649464,1
771,156,0.0006187750633649464,1
555,156,0.0006187750633649464,1
65,155,0.0006148085565485044,1
1554,155,0.0006148085565485044,1
308,154,0.0006108420497320624,1
1736,154,0.0006108420497320624,1
1102,154,0.0006108420497320624,1
177,153,0.0006068755429156205,1
810,152,0.0006029090360991785,1
1062,151,0.0005989425292827365,1
855,151,0.0005989425292827365,1
2107,151,0.0005989425292827365,1
1154,150,0.0005949760224662947,1
824,150,0.0005949760224662947,1
1323,150,0.0005949760224662947,1
1531,149,0.0005910095156498527,1
787,148,0.0005870430088334107,1
1064,148,0.0005870430088334107,1
225,148,0.0005870430088334107,1
1209,148,0.0005870430088334107,1
1644,148,0.0005870430088334107,1
90,146,0.0005791099952005268,1
376,146,0.0005791099952005268,1
24,145,0.0005751434883840848,1
1847,145,0.0005751434883840848,1
352,145,0.0005751434883840848,1
1446,144,0.0005711769815676429,1
585,144,0.0005711769815676429,1
2310,144,0.0005711769815676429,1
681,143,0.0005672104747512009,1
1028,143,0.0005672104747512009,1
616,142,0.0005632439679347589,1
243,142,0.0005632439679347589,1
389,141,0.000559277461118317,1
1263,141,0.000559277461118317,1
2957,140,0.000555310954301875,1
357,139,0.000551344447485433,1
1208,139,0.000551344447485433,1
1380,138,0.0005473779406689911,1
1488,138,0.0005473779406689911,1
438,138,0.0005473779406689911,1
2531,136,0.0005394449270361071,1
835,136,0.0005394449270361071,1
1470,136,0.0005394449270361071,1
1906,135,0.0005354784202196651,1
576,134,0.0005315119134032232,1
92,134,0.0005315119134032232,1
502,133,0.0005275454065867812,1
1894,133,0.0005275454065867812,1
1881,133,0.0005275454065867812,1
1340,132,0.0005235788997703392,1
50,130,0.0005156458861374553,1
296,130,0.0005156458861374553,1
1141,130,0.0005156458861374553,1
848,129,0.0005116793793210133,1
395,129,0.0005116793793210133,1
839,129,0.0005116793793210133,1
2014,129,0.0005116793793210133,1
130,128,0.0005077128725045714,0
881,128,0.0005077128725045714,0
892,127,0.0005037463656881294,0
802,127,0.0005037463656881294,0
1932,127,0.0005037463656881294,0
987,126,0.0004997798588716874,0
621,125,0.0004958133520552455,0
874,125,0.0004958133520552455,0
2424,125,0.0004958133520552455,0
450,124,0.0004918468452388035,0
1235,124,0.0004918468452388035,0
774,123,0.0004878803384223616,0
1726,123,0.0004878803384223616,0
645,123,0.0004878803384223616,0
1060,122,0.00048391383160591964,0
1348,122,0.00048391383160591964,0
1279,121,0.00047994732478947764,0
605,121,0.00047994732478947764,0
867,121,0.00047994732478947764,0
1245,120,0.0004759808179730357,0
1108,120,0.0004759808179730357,0
1216,119,0.00047201431115659375,0
856,119,0.00047201431115659375,0
72,119,0.00047201431115659375,0
294,119,0.00047201431115659375,0
1970,118,0.00046804780434015175,0
1687,118,0.00046804780434015175,0
516,117,0.0004640812975237098,0
501,117,0.0004640812975237098,0
827,117,0.0004640812975237098,0
1213,117,0.0004640812975237098,0
1059,117,0.0004640812975237098,0
764,116,0.00046011479070726786,0
244,116,0.00046011479070726786,0
769,115,0.00045614828389082586,0
625,115,0.00045614828389082586,0
1163,115,0.00045614828389082586,0
1159,115,0.00045614828389082586,0
619,115,0.00045614828389082586,0
916,115,0.00045614828389082586,0
2164,114,0.0004521817770743839,0
885,114,0.0004521817770743839,0
1885,114,0.0004521817770743839,0
193,114,0.0004521817770743839,0
16,114,0.0004521817770743839,0
1616,114,0.0004521817770743839,0
1278,113,0.00044821527025794197,0
493,113,0.00044821527025794197,0
959,113,0.00044821527025794197,0
2434,113,0.00044821527025794197,0
1729,112,0.00044424876344149997,0
229,112,0.00044424876344149997,0
2035,111,0.000440282256625058,0
1679,111,0.000440282256625058,0
1004,111,0.000440282256625058,0
988,110,0.000436315749808616,0
706,110,0.000436315749808616,0
1107,110,0.000436315749808616,0
531,110,0.000436315749808616,0
334,110,0.000436315749808616,0
1498,110,0.000436315749808616,0
2099,109,0.0004323492429921741,0
653,109,0.0004323492429921741,0
1338,109,0.0004323492429921741,0
1411,109,0.0004323492429921741,0
153,109,0.0004323492429921741,0
1472,109,0.0004323492429921741,0
498,108,0.00042838273617573213,0
739,108,0.00042838273617573213,0
1714,108,0.00042838273617573213,0
259,108,0.00042838273617573213,0
2160,107,0.00042441622935929013,0
187,107,0.00042441622935929013,0
883,107,0.00042441622935929013,0
822,107,0.00042441622935929013,0
804,107,0.00042441622935929013,0
1029,107,0.00042441622935929013,0
180,107,0.00042441622935929013,0
724,106,0.0004204497225428482,0
2655,106,0.0004204497225428482,0
1991,106,0.0004204497225428482,0
2335,106,0.0004204497225428482,0
1423,106,0.0004204497225428482,0
655,105,0.00041648321572640624,0
1238,105,0.00041648321572640624,0
709,104,0.00041251670890996424,0
366,104,0.00041251670890996424,0
1254,104,0.00041251670890996424,0
367,104,0.00041251670890996424,0
431,104,0.00041251670890996424,0
1202,104,0.00041251670890996424,0
900,103,0.0004085502020935223,0
15,103,0.0004085502020935223,0
1074,103,0.0004085502020935223,0
481,103,0.0004085502020935223,0
1939,103,0.0004085502020935223,0
1646,103,0.0004085502020935223,0
48,103,0.0004085502020935223,0
246,102,0.00040458369527708035,0
1012,102,0.00040458369527708035,0
463,102,0.00040458369527708035,0
297,102,0.00040458369527708035,0
784,102,0.00040458369527708035,0
190,102,0.00040458369527708035,0
1846,102,0.00040458369527708035,0
544,101,0.00040061718846063835,0
753,101,0.00040061718846063835,0
1394,101,0.00040061718846063835,0
768,101,0.00040061718846063835,0
2096,101,0.00040061718846063835,0
1189,100,0.0003966506816441964,0
1089,100,0.0003966506816441964,0
551,100,0.0003966506816441964,0
2731,100,0.0003966506816441964,0
1657,100,0.0003966506816441964,0
756,100,0.0003966506816441964,0
158,99,0.00039268417482775446,0
491,99,0.00039268417482775446,0
1215,98,0.00038871766801131246,0
1365,98,0.00038871766801131246,0
745,98,0.00038871766801131246,0
1127,98,0.00038871766801131246,0
1637,98,0.00038871766801131246,0
2023,98,0.00038871766801131246,0
162,98,0.00038871766801131246,0
996,98,0.00038871766801131246,0
539,98,0.00038871766801131246,0
1862,97,0.0003847511611948705,0
1094,97,0.0003847511611948705,0
102,97,0.0003847511611948705,0
1158,96,0.00038078465437842857,0
563,95,0.00037681814756198657,0
380,95,0.00037681814756198657,0
1000,95,0.00037681814756198657,0
83,95,0.00037681814756198657,0
1668,95,0.00037681814756198657,0
991,95,0.00037681814756198657,0
1244,95,0.00037681814756198657,0
1282,94,0.0003728516407455446,0
1996,94,0.0003728516407455446,0
436,94,0.0003728516407455446,0
1592,94,0.0003728516407455446,0
793,94,0.0003728516407455446,0
840,94,0.0003728516407455446,0
2162,94,0.0003728516407455446,0
440,94,0.0003728516407455446,0
2225,93,0.0003688851339291027,0
659,93,0.0003688851339291027,0
425,93,0.0003688851339291027,0
258,93,0.0003688851339291027,0
247,92,0.0003649186271126607,0
1708,92,0.0003649186271126607,0
819,92,0.0003649186271126607,0
623,92,0.0003649186271126607,0
1460,92,0.0003649186271126607,0
489,92,0.0003649186271126607,0
390,91,0.00036095212029621873,0
197,91,0.00036095212029621873,0
1395,91,0.00036095212029621873,0
682,91,0.00036095212029621873,0
868,90,0.0003569856134797768,0
532,90,0.0003569856134797768,0
124,90,0.0003569856134797768,0
860,90,0.0003569856134797768,0
1284,89,0.0003530191066633348,0
2041,89,0.0003530191066633348,0
392,89,0.0003530191066633348,0
205,89,0.0003530191066633348,0
1052,89,0.0003530191066633348,0
704,89,0.0003530191066633348,0
1349,89,0.0003530191066633348,0
630,88,0.00034905259984689284,0
1171,88,0.00034905259984689284,0
245,88,0.00034905259984689284,0
2002,88,0.00034905259984689284,0
1574,87,0.0003450860930304509,0
2148,87,0.0003450860930304509,0
2410,87,0.0003450860930304509,0
364,87,0.0003450860930304509,0
896,87,0.0003450860930304509,0
1508,87,0.0003450860930304509,0
1236,87,0.0003450860930304509,0
601,87,0.0003450860930304509,0
548,87,0.0003450860930304509,0
519,87,0.0003450860930304509,0
889,87,0.0003450860930304509,0
346,86,0.0003411195862140089,0
1809,86,0.0003411195862140089,0
1410,86,0.0003411195862140089,0
284,85,0.00033715307939756695,0
966,85,0.00033715307939756695,0
792,85,0.00033715307939756695,0
672,85,0.00033715307939756695,0
776,85,0.00033715307939756695,0
2212,85,0.00033715307939756695,0
1818,85,0.00033715307939756695,0
921,84,0.000333186572581125,0
461,84,0.000333186572581125,0
994,84,0.000333186572581125,0
933,84,0.000333186572581125,0
1088,84,0.000333186572581125,0
1285,83,0.000329220065764683,0
1747,83,0.000329220065764683,0
1672,82,0.00032525355894824106,0
1732,82,0.00032525355894824106,0
1475,82,0.00032525355894824106,0
1562,82,0.00032525355894824106,0
2087,82,0.00032525355894824106,0
2843,82,0.00032525355894824106,0
446,82,0.00032525355894824106,0
567,82,0.00032525355894824106,0
1874,82,0.00032525355894824106,0
2312,81,0.0003212870521317991,0
574,81,0.0003212870521317991,0
590,81,0.0003212870521317991,0
1716,81,0.0003212870521317991,0
1988,80,0.0003173205453153571,0
2297,80,0.0003173205453153571,0
849,80,0.0003173205453153571,0
2898,80,0.0003173205453153571,0
558,80,0.0003173205453153571,0
911,79,0.00031335403849891516,0
965,79,0.00031335403849891516,0
1356,79,0.00031335403849891516,0
521,79,0.00031335403849891516,0
1680,79,0.00031335403849891516,0
960,78,0.0003093875316824732,0
2106,78,0.0003093875316824732,0
337,78,0.0003093875316824732,0
2667,78,0.0003093875316824732,0
864,78,0.0003093875316824732,0
2077,78,0.0003093875316824732,0
939,78,0.0003093875316824732,0
118,78,0.0003093875316824732,0
3055,77,0.0003054210248660312,0
1937,77,0.0003054210248660312,0
1923,77,0.0003054210248660312,0
799,77,0.0003054210248660312,0
1757,76,0.0003014545180495893,0
3059,76,0.0003014545180495893,0
360,76,0.0003014545180495893,0
2300,76,0.0003014545180495893,0
749,76,0.0003014545180495893,0
375,75,0.00029748801123314733,0
1226,75,0.00029748801123314733,0
2118,75,0.00029748801123314733,0
157,75,0.00029748801123314733,0
1183,75,0.00029748801123314733,0
120,75,0.00029748801123314733,0
1170,75,0.00029748801123314733,0
1485,74,0.00029352150441670533,0
1129,74,0.00029352150441670533,0
1903,74,0.00029352150441670533,0
640,74,0.00029352150441670533,0
547,74,0.00029352150441670533,0
2153,74,0.00029352150441670533,0
1765,74,0.00029352150441670533,0
1671,74,0.00029352150441670533,0
1958,73,0.0002895549976002634,0
1268,73,0.0002895549976002634,0
647,73,0.0002895549976002634,0
1489,73,0.0002895549976002634,0
2562,73,0.0002895549976002634,0
545,72,0.00028558849078382144,0
1193,72,0.00028558849078382144,0
550,72,0.00028558849078382144,0
743,72,0.00028558849078382144,0
448,72,0.00028558849078382144,0
1071,72,0.00028558849078382144,0
1243,72,0.00028558849078382144,0
1819,72,0.00028558849078382144,0
1596,71,0.00028162198396737944,0
147,71,0.00028162198396737944,0
1916,71,0.00028162198396737944,0
2645,71,0.00028162198396737944,0
1538,71,0.00028162198396737944,0
1533,71,0.00028162198396737944,0
1371,71,0.00028162198396737944,0
1115,70,0.0002776554771509375,0
1788,70,0.0002776554771509375,0
1681,70,0.0002776554771509375,0
1406,70,0.0002776554771509375,0
875,70,0.0002776554771509375,0
198,70,0.0002776554771509375,0
1177,69,0.00027368897033449555,0
1628,69,0.00027368897033449555,0
416,69,0.00027368897033449555,0
1080,69,0.00027368897033449555,0
1618,69,0.00027368897033449555,0
2745,69,0.00027368897033449555,0
1837,69,0.00027368897033449555,0
1230,69,0.00027368897033449555,0
1769,69,0.00027368897033449555,0
1386,68,0.00026972246351805355,0
17,68,0.00026972246351805355,0
702,68,0.00026972246351805355,0
2054,68,0.00026972246351805355,0
1402,67,0.0002657559567016116,0
20,67,0.0002657559567016116,0
14,67,0.0002657559567016116,0
629,67,0.0002657559567016116,0
1585,67,0.0002657559567016116,0
1192,67,0.0002657559567016116,0
1615,67,0.0002657559567016116,0
1474,67,0.0002657559567016116,0
1561,67,0.0002657559567016116,0
1781,67,0.0002657559567016116,0
430,67,0.0002657559567016116,0
608,67,0.0002657559567016116,0
688,66,0.0002617894498851696,0
2449,66,0.0002617894498851696,0
1495,66,0.0002617894498851696,0
2182,66,0.0002617894498851696,0
1499,66,0.0002617894498851696,0
818,66,0.0002617894498851696,0
1609,65,0.00025782294306872766,0
2923,65,0.00025782294306872766,0
1966,65,0.00025782294306872766,0
1459,65,0.00025782294306872766,0
57,65,0.00025782294306872766,0
974,65,0.00025782294306872766,0
2117,65,0.00025782294306872766,0
485,65,0.00025782294306872766,0
1014,65,0.00025782294306872766,0
477,65,0.00025782294306872766,0
901,65,0.00025782294306872766,0
218,65,0.00025782294306872766,0
1165,65,0.00025782294306872766,0
770,65,0.00025782294306872766,0
299,65,0.00025782294306872766,0
5,65,0.00025782294306872766,0
594,64,0.0002538564362522857,0
2443,64,0.0002538564362522857,0
1066,64,0.0002538564362522857,0
270,64,0.0002538564362522857,0
1345,64,0.0002538564362522857,0
2175,63,0.0002498899294358437,0
2860,63,0.0002498899294358437,0
1984,62,0.00024592342261940176,0
642,62,0.00024592342261940176,0
791,62,0.00024592342261940176,0
1312,62,0.00024592342261940176,0
1659,62,0.00024592342261940176,0
598,61,0.00024195691580295982,0
1652,61,0.00024195691580295982,0
1886,61,0.00024195691580295982,0
894,61,0.00024195691580295982,0
1556,61,0.00024195691580295982,0
1550,61,0.00024195691580295982,0
1051,61,0.00024195691580295982,0
288,61,0.00024195691580295982,0
1953,61,0.00024195691580295982,0
1018,61,0.00024195691580295982,0
1664,61,0.00024195691580295982,0
2937,60,0.00023799040898651785,0
1200,60,0.00023799040898651785,0
1587,60,0.00023799040898651785,0
402,60,0.00023799040898651785,0
1321,60,0.00023799040898651785,0
1255,60,0.00023799040898651785,0
1526,60,0.00023799040898651785,0
1983,60,0.00023799040898651785,0
407,60,0.00023799040898651785,0
1676,60,0.00023799040898651785,0
2192,60,0.00023799040898651785,0
906,60,0.00023799040898651785,0
1857,59,0.00023402390217007587,0
2114,59,0.00023402390217007587,0
1780,59,0.00023402390217007587,0
69,59,0.00023402390217007587,0
405,59,0.00023402390217007587,0
1117,59,0.00023402390217007587,0
1079,59,0.00023402390217007587,0
1195,59,0.00023402390217007587,0
825,59,0.00023402390217007587,0
950,59,0.00023402390217007587,0
1156,59,0.00023402390217007587,0
2143,58,0.00023005739535363393,0
1370,58,0.00023005739535363393,0
213,58,0.00023005739535363393,0
1718,58,0.00023005739535363393,0
1146,58,0.00023005739535363393,0
1346,58,0.00023005739535363393,0
1486,58,0.00023005739535363393,0
406,57,0.00022609088853719196,0
2102,57,0.00022609088853719196,0
954,57,0.00022609088853719196,0
836,57,0.00022609088853719196,0
167,57,0.00022609088853719196,0
2640,57,0.00022609088853719196,0
2220,57,0.00022609088853719196,0
1948,57,0.00022609088853719196,0
1627,57,0.00022609088853719196,0
2190,57,0.00022609088853719196,0
1875,57,0.00022609088853719196,0
565,56,0.00022212438172074998,0
2479,56,0.00022212438172074998,0
1443,56,0.00022212438172074998,0
43,56,0.00022212438172074998,0
1845,56,0.00022212438172074998,0
674,56,0.00022212438172074998,0
513,56,0.00022212438172074998,0
777,56,0.00022212438172074998,0
3037,56,0.00022212438172074998,0
831,55,0.000218157874904308,0
2198,55,0.000218157874904308,0
586,55,0.000218157874904308,0
1820,55,0.000218157874904308,0
962,55,0.000218157874904308,0
2733,55,0.000218157874904308,0
295,55,0.000218157874904308,0
528,55,0.000218157874904308,0
1351,55,0.000218157874904308,0
1362,55,0.000218157874904308,0
736,55,0.000218157874904308,0
912,55,0.000218157874904308,0
834,55,0.000218157874904308,0
1342,55,0.000218157874904308,0
1804,55,0.000218157874904308,0
242,54,0.00021419136808786606,0
155,54,0.00021419136808786606,0
1535,54,0.00021419136808786606,0
2228,54,0.00021419136808786606,0
1733,54,0.00021419136808786606,0
1858,54,0.00021419136808786606,0
926,54,0.00021419136808786606,0
2344,54,0.00021419136808786606,0
759,54,0.00021419136808786606,0
1497,53,0.0002102248612714241,0
612,53,0.0002102248612714241,0
61,53,0.0002102248612714241,0
698,53,0.0002102248612714241,0
2216,53,0.0002102248612714241,0
1824,53,0.0002102248612714241,0
1005,53,0.0002102248612714241,0
1575,53,0.0002102248612714241,0
49,53,0.0002102248612714241,0
2445,53,0.0002102248612714241,0
596,53,0.0002102248612714241,0
156,53,0.0002102248612714241,0
1378,53,0.0002102248612714241,0
1843,53,0.0002102248612714241,0
1318,53,0.0002102248612714241,0
2967,52,0.00020625835445498212,0
99,52,0.00020625835445498212,0
1839,52,0.00020625835445498212,0
1987,52,0.00020625835445498212,0
1140,52,0.00020625835445498212,0
1723,52,0.00020625835445498212,0
2631,52,0.00020625835445498212,0
196,52,0.00020625835445498212,0
627,52,0.00020625835445498212,0
841,52,0.00020625835445498212,0
2711,52,0.00020625835445498212,0
679,52,0.00020625835445498212,0
2508,52,0.00020625835445498212,0
895,52,0.00020625835445498212,0
169,52,0.00020625835445498212,0
2820,52,0.00020625835445498212,0
2777,51,0.00020229184763854017,0
1007,51,0.00020229184763854017,0
98,51,0.00020229184763854017,0
1083,51,0.00020229184763854017,0
2558,51,0.00020229184763854017,0
1174,51,0.00020229184763854017,0
2001,51,0.00020229184763854017,0
2563,51,0.00020229184763854017,0
1720,51,0.00020229184763854017,0
1710,51,0.00020229184763854017,0
4,50,0.0001983253408220982,0
1601,50,0.0001983253408220982,0
717,50,0.0001983253408220982,0
580,50,0.0001983253408220982,0
626,50,0.0001983253408220982,0
2094,50,0.0001983253408220982,0
876,50,0.0001983253408220982,0
483,50,0.0001983253408220982,0
1341,50,0.0001983253408220982,0
1357,50,0.0001983253408220982,0
1223,50,0.0001983253408220982,0
935,50,0.0001983253408220982,0
338,49,0.00019435883400565623,0
2869,49,0.00019435883400565623,0
2995,49,0.00019435883400565623,0
941,49,0.00019435883400565623,0
68,49,0.00019435883400565623,0
385,49,0.00019435883400565623,0
618,49,0.00019435883400565623,0
2845,49,0.00019435883400565623,0
2309,49,0.00019435883400565623,0
2262,49,0.00019435883400565623,0
2345,49,0.00019435883400565623,0
2870,49,0.00019435883400565623,0
22,49,0.00019435883400565623,0
1432,49,0.00019435883400565623,0
2050,49,0.00019435883400565623,0
3304,49,0.00019435883400565623,0
1911,49,0.00019435883400565623,0
1429,49,0.00019435883400565623,0
1325,49,0.00019435883400565623,0
2252,49,0.00019435883400565623,0
2226,49,0.00019435883400565623,0
979,49,0.00019435883400565623,0
2089,49,0.00019435883400565623,0
379,48,0.00019039232718921428,0
1132,48,0.00019039232718921428,0
106,48,0.00019039232718921428,0
1910,48,0.00019039232718921428,0
108,48,0.00019039232718921428,0
122,47,0.0001864258203727723,0
870,47,0.0001864258203727723,0
908,47,0.0001864258203727723,0
846,47,0.0001864258203727723,0
1085,47,0.0001864258203727723,0
1852,47,0.0001864258203727723,0
1602,47,0.0001864258203727723,0
361,47,0.0001864258203727723,0
166,47,0.0001864258203727723,0
948,47,0.0001864258203727723,0
1655,46,0.00018245931355633034,0
772,46,0.00018245931355633034,0
2020,46,0.00018245931355633034,0
1374,46,0.00018245931355633034,0
1912,46,0.00018245931355633034,0
3240,46,0.00018245931355633034,0
1773,46,0.00018245931355633034,0
194,46,0.00018245931355633034,0
1610,46,0.00018245931355633034,0
1768,46,0.00018245931355633034,0
1034,46,0.00018245931355633034,0
705,46,0.00018245931355633034,0
2672,46,0.00018245931355633034,0
1579,46,0.00018245931355633034,0
1468,46,0.00018245931355633034,0
1967,46,0.00018245931355633034,0
1835,46,0.00018245931355633034,0
2260,46,0.00018245931355633034,0
2277,46,0.00018245931355633034,0
564,46,0.00018245931355633034,0
231,45,0.0001784928067398884,0
1390,45,0.0001784928067398884,0
1724,45,0.0001784928067398884,0
1304,45,0.0001784928067398884,0
290,45,0.0001784928067398884,0
984,45,0.0001784928067398884,0
2244,45,0.0001784928067398884,0
738,45,0.0001784928067398884,0
1522,44,0.00017452629992344642,0
133,44,0.00017452629992344642,0
525,44,0.00017452629992344642,0
1081,44,0.00017452629992344642,0
3478,44,0.00017452629992344642,0
1759,44,0.00017452629992344642,0
2240,44,0.00017452629992344642,0
3035,44,0.00017452629992344642,0
2068,44,0.00017452629992344642,0
2197,44,0.00017452629992344642,0
1540,44,0.00017452629992344642,0
1416,44,0.00017452629992344642,0
1476,44,0.00017452629992344642,0
3517,44,0.00017452629992344642,0
1383,44,0.00017452629992344642,0
828,44,0.00017452629992344642,0
1506,44,0.00017452629992344642,0
2127,43,0.00017055979310700445,0
1670,43,0.00017055979310700445,0
1145,43,0.00017055979310700445,0
1181,43,0.00017055979310700445,0
248,43,0.00017055979310700445,0
221,43,0.00017055979310700445,0
2021,43,0.00017055979310700445,0
2085,43,0.00017055979310700445,0
1206,43,0.00017055979310700445,0
2514,43,0.00017055979310700445,0
39,43,0.00017055979310700445,0
1622,43,0.00017055979310700445,0
934,43,0.00017055979310700445,0
1564,43,0.00017055979310700445,0
1850,43,0.00017055979310700445,0
287,43,0.00017055979310700445,0
713,43,0.00017055979310700445,0
2800,43,0.00017055979310700445,0
1179,43,0.00017055979310700445,0
1630,43,0.00017055979310700445,0
1682,42,0.0001665932862905625,0
589,42,0.0001665932862905625,0
1149,42,0.0001665932862905625,0
2515,42,0.0001665932862905625,0
2583,42,0.0001665932862905625,0
1214,42,0.0001665932862905625,0
340,42,0.0001665932862905625,0
632,42,0.0001665932862905625,0
1428,42,0.0001665932862905625,0
3263,42,0.0001665932862905625,0
311,42,0.0001665932862905625,0
317,42,0.0001665932862905625,0
3447,42,0.0001665932862905625,0
2642,42,0.0001665932862905625,0
2668,42,0.0001665932862905625,0
2690,42,0.0001665932862905625,0
2639,42,0.0001665932862905625,0
326,42,0.0001665932862905625,0
2748,42,0.0001665932862905625,0
930,42,0.0001665932862905625,0
391,42,0.0001665932862905625,0
74,42,0.0001665932862905625,0
63,41,0.00016262677947412053,0
1162,41,0.00016262677947412053,0
943,41,0.00016262677947412053,0
2421,41,0.00016262677947412053,0
2282,41,0.00016262677947412053,0
1665,41,0.00016262677947412053,0
1143,41,0.00016262677947412053,0
877,41,0.00016262677947412053,0
1124,41,0.00016262677947412053,0
238,41,0.00016262677947412053,0
1629,41,0.00016262677947412053,0
252,41,0.00016262677947412053,0
399,41,0.00016262677947412053,0
1307,41,0.00016262677947412053,0
2366,40,0.00015866027265767856,0
146,40,0.00015866027265767856,0
1231,40,0.00015866027265767856,0
444,40,0.00015866027265767856,0
644,40,0.00015866027265767856,0
2005,40,0.00015866027265767856,0
657,40,0.00015866027265767856,0
509,40,0.00015866027265767856,0
3162,40,0.00015866027265767856,0
946,40,0.00015866027265767856,0
1588,40,0.00015866027265767856,0
2174,40,0.00015866027265767856,0
1008,40,0.00015866027265767856,0
1721,40,0.00015866027265767856,0
1382,40,0.00015866027265767856,0
94,40,0.00015866027265767856,0
552,40,0.00015866027265767856,0
2977,39,0.0001546937658412366,0
504,39,0.0001546937658412366,0
2932,39,0.0001546937658412366,0
942,39,0.0001546937658412366,0
2605,39,0.0001546937658412366,0
1291,39,0.0001546937658412366,0
1712,39,0.0001546937658412366,0
442,39,0.0001546937658412366,0
1286,39,0.0001546937658412366,0
2907,39,0.0001546937658412366,0
2098,39,0.0001546937658412366,0
3409,39,0.0001546937658412366,0
404,39,0.0001546937658412366,0
1890,39,0.0001546937658412366,0
1150,39,0.0001546937658412366,0
1324,38,0.00015072725902479464,0
445,38,0.00015072725902479464,0
33,38,0.00015072725902479464,0
1097,38,0.00015072725902479464,0
2038,38,0.00015072725902479464,0
2463,38,0.00015072725902479464,0
879,38,0.00015072725902479464,0
886,38,0.00015072725902479464,0
2324,38,0.00015072725902479464,0
1233,38,0.00015072725902479464,0
1673,38,0.00015072725902479464,0
1095,38,0.00015072725902479464,0
2487,38,0.00015072725902479464,0
1164,38,0.00015072725902479464,0
1222,38,0.00015072725902479464,0
970,38,0.00015072725902479464,0
486,38,0.00015072725902479464,0
1882,38,0.00015072725902479464,0
1799,38,0.00015072725902479464,0
1086,38,0.00015072725902479464,0
1737,38,0.00015072725902479464,0
2135,37,0.00014676075220835266,0
1761,37,0.00014676075220835266,0
1772,37,0.00014676075220835266,0
1755,37,0.00014676075220835266,0
260,37,0.00014676075220835266,0
304,37,0.00014676075220835266,0
2625,37,0.00014676075220835266,0
351,37,0.00014676075220835266,0
1185,37,0.00014676075220835266,0
732,37,0.00014676075220835266,0
2805,37,0.00014676075220835266,0
2209,37,0.00014676075220835266,0
763,37,0.00014676075220835266,0
1632,37,0.00014676075220835266,0
2457,37,0.00014676075220835266,0
2464,37,0.00014676075220835266,0
2744,37,0.00014676075220835266,0
1463,36,0.00014279424539191072,0
291,36,0.00014279424539191072,0
1927,36,0.00014279424539191072,0
1367,36,0.00014279424539191072,0
940,36,0.00014279424539191072,0
1855,36,0.00014279424539191072,0
666,36,0.00014279424539191072,0
469,36,0.00014279424539191072,0
2565,36,0.00014279424539191072,0
2003,36,0.00014279424539191072,0
415,36,0.00014279424539191072,0
2585,36,0.00014279424539191072,0
2498,36,0.00014279424539191072,0
2853,36,0.00014279424539191072,0
3362,36,0.00014279424539191072,0
103,36,0.00014279424539191072,0
1870,36,0.00014279424539191072,0
953,36,0.00014279424539191072,0
1220,36,0.00014279424539191072,0
452,36,0.00014279424539191072,0
1690,36,0.00014279424539191072,0
2388,36,0.00014279424539191072,0
1042,36,0.00014279424539191072,0
3596,36,0.00014279424539191072,0
142,35,0.00013882773857546875,0
747,35,0.00013882773857546875,0
2088,35,0.00013882773857546875,0
1546,35,0.00013882773857546875,0
2666,35,0.00013882773857546875,0
1002,35,0.00013882773857546875,0
1734,35,0.00013882773857546875,0
1981,35,0.00013882773857546875,0
945,35,0.00013882773857546875,0
500,35,0.00013882773857546875,0
1595,35,0.00013882773857546875,0
1389,35,0.00013882773857546875,0
1641,35,0.00013882773857546875,0
2339,35,0.00013882773857546875,0
3411,35,0.00013882773857546875,0
2934,35,0.00013882773857546875,0
2670,35,0.00013882773857546875,0
35,35,0.00013882773857546875,0
499,35,0.00013882773857546875,0
1228,34,0.00013486123175902677,0
87,34,0.00013486123175902677,0
1331,34,0.00013486123175902677,0
597,34,0.00013486123175902677,0
424,34,0.00013486123175902677,0
76,34,0.00013486123175902677,0
2195,34,0.00013486123175902677,0
1752,34,0.00013486123175902677,0
2202,34,0.00013486123175902677,0
1589,34,0.00013486123175902677,0
1247,34,0.00013486123175902677,0
2930,34,0.00013486123175902677,0
3473,34,0.00013486123175902677,0
1118,34,0.00013486123175902677,0
2512,34,0.00013486123175902677,0
1369,34,0.00013486123175902677,0
1168,34,0.00013486123175902677,0
3105,34,0.00013486123175902677,0
2855,34,0.00013486123175902677,0
2381,34,0.00013486123175902677,0
2444,34,0.00013486123175902677,0
2442,34,0.00013486123175902677,0
2765,34,0.00013486123175902677,0
2010,34,0.00013486123175902677,0
219,34,0.00013486123175902677,0
902,34,0.00013486123175902677,0
1438,34,0.00013486123175902677,0
217,34,0.00013486123175902677,0
1492,33,0.0001308947249425848,0
1152,33,0.0001308947249425848,0
2246,33,0.0001308947249425848,0
2007,33,0.0001308947249425848,0
2925,33,0.0001308947249425848,0
1869,33,0.0001308947249425848,0
1658,33,0.0001308947249425848,0
3747,33,0.0001308947249425848,0
3592,33,0.0001308947249425848,0
267,33,0.0001308947249425848,0
1121,33,0.0001308947249425848,0
2219,33,0.0001308947249425848,0
2191,33,0.0001308947249425848,0
637,33,0.0001308947249425848,0
1477,33,0.0001308947249425848,0
570,33,0.0001308947249425848,0
660,33,0.0001308947249425848,0
3219,33,0.0001308947249425848,0
1739,33,0.0001308947249425848,0
3248,32,0.00012692821812614286,0
3272,32,0.00012692821812614286,0
1197,32,0.00012692821812614286,0
2055,32,0.00012692821812614286,0
2061,32,0.00012692821812614286,0
614,32,0.00012692821812614286,0
1225,32,0.00012692821812614286,0
1333,32,0.00012692821812614286,0
997,32,0.00012692821812614286,0
2906,32,0.00012692821812614286,0
866,32,0.00012692821812614286,0
1240,32,0.00012692821812614286,0
920,32,0.00012692821812614286,0
2074,32,0.00012692821812614286,0
537,32,0.00012692821812614286,0
1273,32,0.00012692821812614286,0
1934,32,0.00012692821812614286,0
816,32,0.00012692821812614286,0
249,32,0.00012692821812614286,0
1130,31,0.00012296171130970088,0
2146,31,0.00012296171130970088,0
2384,31,0.00012296171130970088,0
3372,31,0.00012296171130970088,0
2025,31,0.00012296171130970088,0
2019,31,0.00012296171130970088,0
2488,31,0.00012296171130970088,0
557,31,0.00012296171130970088,0
1648,31,0.00012296171130970088,0
1098,31,0.00012296171130970088,0
478,31,0.00012296171130970088,0
2664,31,0.00012296171130970088,0
2236,31,0.00012296171130970088,0
1212,31,0.00012296171130970088,0
3440,31,0.00012296171130970088,0
377,31,0.00012296171130970088,0
1241,31,0.00012296171130970088,0
1353,31,0.00012296171130970088,0
342,31,0.00012296171130970088,0
302,31,0.00012296171130970088,0
1194,31,0.00012296171130970088,0
1642,31,0.00012296171130970088,0
1464,31,0.00012296171130970088,0
1750,30,0.00011899520449325892,0
3401,30,0.00011899520449325892,0
1040,30,0.00011899520449325892,0
2482,30,0.00011899520449325892,0
2173,30,0.00011899520449325892,0
2452,30,0.00011899520449325892,0
1433,30,0.00011899520449325892,0
1311,30,0.00011899520449325892,0
909,30,0.00011899520449325892,0
2125,30,0.00011899520449325892,0
262,30,0.00011899520449325892,0
1257,30,0.00011899520449325892,0
1065,30,0.00011899520449325892,0
1011,30,0.00011899520449325892,0
2969,30,0.00011899520449325892,0
795,30,0.00011899520449325892,0
2803,30,0.00011899520449325892,0
2821,30,0.00011899520449325892,0
1134,30,0.00011899520449325892,0
2523,30,0.00011899520449325892,0
520,30,0.00011899520449325892,0
2311,30,0.00011899520449325892,0
1409,30,0.00011899520449325892,0
348,30,0.00011899520449325892,0
1518,30,0.00011899520449325892,0
1946,30,0.00011899520449325892,0
1817,30,0.00011899520449325892,0
2771,30,0.00011899520449325892,0
714,30,0.00011899520449325892,0
107,29,0.00011502869767681696,0
1545,29,0.00011502869767681696,0
1868,29,0.00011502869767681696,0
556,29,0.00011502869767681696,0
2294,29,0.00011502869767681696,0
3018,29,0.00011502869767681696,0
508,29,0.00011502869767681696,0
512,29,0.00011502869767681696,0
1266,29,0.00011502869767681696,0
3221,29,0.00011502869767681696,0
282,29,0.00011502869767681696,0
2628,29,0.00011502869767681696,0
2322,29,0.00011502869767681696,0
2616,29,0.00011502869767681696,0
1731,29,0.00011502869767681696,0
1746,29,0.00011502869767681696,0
3114,29,0.00011502869767681696,0
1921,29,0.00011502869767681696,0
2510,29,0.00011502869767681696,0
1031,29,0.00011502869767681696,0
488,29,0.00011502869767681696,0
2057,29,0.00011502869767681696,0
701,29,0.00011502869767681696,0
222,29,0.00011502869767681696,0
869,29,0.00011502869767681696,0
1109,29,0.00011502869767681696,0
3778,29,0.00011502869767681696,0
2151,28,0.00011106219086037499,0
1964,28,0.00011106219086037499,0
1431,28,0.00011106219086037499,0
2979,28,0.00011106219086037499,0
2749,28,0.00011106219086037499,0
2784,28,0.00011106219086037499,0
1969,28,0.00011106219086037499,0
1848,28,0.00011106219086037499,0
1693,28,0.00011106219086037499,0
2170,28,0.00011106219086037499,0
3615,28,0.00011106219086037499,0
1178,28,0.00011106219086037499,0
1998,28,0.00011106219086037499,0
1883,28,0.00011106219086037499,0
587,28,0.00011106219086037499,0
1859,28,0.00011106219086037499,0
2043,28,0.00011106219086037499,0
1516,28,0.00011106219086037499,0
2595,28,0.00011106219086037499,0
1504,28,0.00011106219086037499,0
278,28,0.00011106219086037499,0
1572,28,0.00011106219086037499,0
358,28,0.00011106219086037499,0
1439,28,0.00011106219086037499,0
2549,28,0.00011106219086037499,0
2575,28,0.00011106219086037499,0
2521,28,0.00011106219086037499,0
2319,28,0.00011106219086037499,0
899,28,0.00011106219086037499,0
1942,28,0.00011106219086037499,0
3150,28,0.00011106219086037499,0
863,28,0.00011106219086037499,0
1484,28,0.00011106219086037499,0
2879,28,0.00011106219086037499,0
1155,28,0.00011106219086037499,0
2681,28,0.00011106219086037499,0
3279,28,0.00011106219086037499,0
1401,28,0.00011106219086037499,0
952,28,0.00011106219086037499,0
2654,28,0.00011106219086037499,0
609,28,0.00011106219086037499,0
2194,28,0.00011106219086037499,0
2113,28,0.00011106219086037499,0
1702,27,0.00010709568404393303,0
3212,27,0.00010709568404393303,0
2286,27,0.00010709568404393303,0
3093,27,0.00010709568404393303,0
3075,27,0.00010709568404393303,0
2812,27,0.00010709568404393303,0
1598,27,0.00010709568404393303,0
723,27,0.00010709568404393303,0
526,27,0.00010709568404393303,0
3015,27,0.00010709568404393303,0
1125,27,0.00010709568404393303,0
977,27,0.00010709568404393303,0
2447,27,0.00010709568404393303,0
964,27,0.00010709568404393303,0
2671,27,0.00010709568404393303,0
1560,27,0.00010709568404393303,0
1973,27,0.00010709568404393303,0
2586,27,0.00010709568404393303,0
2818,27,0.00010709568404393303,0
1450,27,0.00010709568404393303,0
2524,27,0.00010709568404393303,0
2511,27,0.00010709568404393303,0
1783,27,0.00010709568404393303,0
159,27,0.00010709568404393303,0
2132,27,0.00010709568404393303,0
887,27,0.00010709568404393303,0
821,27,0.00010709568404393303,0
1058,27,0.00010709568404393303,0
1033,26,0.00010312917722749106,0
607,26,0.00010312917722749106,0
1917,26,0.00010312917722749106,0
2987,26,0.00010312917722749106,0
1449,26,0.00010312917722749106,0
1069,26,0.00010312917722749106,0
2719,26,0.00010312917722749106,0
2692,26,0.00010312917722749106,0
1211,26,0.00010312917722749106,0
1229,26,0.00010312917722749106,0
1303,26,0.00010312917722749106,0
1217,26,0.00010312917722749106,0
3396,26,0.00010312917722749106,0
1960,26,0.00010312917722749106,0
712,26,0.00010312917722749106,0
32,26,0.00010312917722749106,0
3,26,0.00010312917722749106,0
2751,26,0.00010312917722749106,0
3720,26,0.00010312917722749106,0
2403,26,0.00010312917722749106,0
1053,26,0.00010312917722749106,0
829,26,0.00010312917722749106,0
123,26,0.00010312917722749106,0
2121,26,0.00010312917722749106,0
2134,26,0.00010312917722749106,0
3758,26,0.00010312917722749106,0
1363,26,0.00010312917722749106,0
3494,26,0.00010312917722749106,0
2505,26,0.00010312917722749106,0
2171,25,9.91626704110491e-05,0
1366,25,9.91626704110491e-05,0
1600,25,9.91626704110491e-05,0
2786,25,9.91626704110491e-05,0
1977,25,9.91626704110491e-05,0
1116,25,9.91626704110491e-05,0
2064,25,9.91626704110491e-05,0
2394,25,9.91626704110491e-05,0
2317,25,9.91626704110491e-05,0
1207,25,9.91626704110491e-05,0
1387,25,9.91626704110491e-05,0
1360,25,9.91626704110491e-05,0
1686,25,9.91626704110491e-05,0
2184,25,9.91626704110491e-05,0
1290,25,9.91626704110491e-05,0
1306,25,9.91626704110491e-05,0
371,25,9.91626704110491e-05,0
2223,25,9.91626704110491e-05,0
3458,25,9.91626704110491e-05,0
1715,25,9.91626704110491e-05,0
1364,25,9.91626704110491e-05,0
2147,25,9.91626704110491e-05,0
18,25,9.91626704110491e-05,0
185,25,9.91626704110491e-05,0
2495,25,9.91626704110491e-05,0
1523,25,9.91626704110491e-05,0
2555,25,9.91626704110491e-05,0
767,25,9.91626704110491e-05,0
2448,25,9.91626704110491e-05,0
2661,25,9.91626704110491e-05,0
3613,25,9.91626704110491e-05,0
2486,25,9.91626704110491e-05,0
2538,25,9.91626704110491e-05,0
2502,25,9.91626704110491e-05,0
3071,25,9.91626704110491e-05,0
572,25,9.91626704110491e-05,0
649,25,9.91626704110491e-05,0
460,25,9.91626704110491e-05,0
1210,25,9.91626704110491e-05,0
3060,25,9.91626704110491e-05,0
2245,25,9.91626704110491e-05,0
2718,25,9.91626704110491e-05,0
1242,24,9.519616359460714e-05,0
1399,24,9.519616359460714e-05,0
2211,24,9.519616359460714e-05,0
1296,24,9.519616359460714e-05,0
1272,24,9.519616359460714e-05,0
322,24,9.519616359460714e-05,0
2095,24,9.519616359460714e-05,0
1426,24,9.519616359460714e-05,0
1798,24,9.519616359460714e-05,0
871,24,9.519616359460714e-05,0
181,24,9.519616359460714e-05,0
3492,24,9.519616359460714e-05,0
1379,24,9.519616359460714e-05,0
633,24,9.519616359460714e-05,0
474,24,9.519616359460714e-05,0
2948,24,9.519616359460714e-05,0
634,24,9.519616359460714e-05,0
1594,24,9.519616359460714e-05,0
2047,24,9.519616359460714e-05,0
2328,24,9.519616359460714e-05,0
2703,24,9.519616359460714e-05,0
1683,24,9.519616359460714e-05,0
2234,24,9.519616359460714e-05,0
2227,24,9.519616359460714e-05,0
1822,24,9.519616359460714e-05,0
1287,24,9.519616359460714e-05,0
823,24,9.519616359460714e-05,0
982,24,9.519616359460714e-05,0
396,24,9.519616359460714e-05,0
1854,23,9.122965677816517e-05,0
3121,23,9.122965677816517e-05,0
1635,23,9.122965677816517e-05,0
173,23,9.122965677816517e-05,0
3404,23,9.122965677816517e-05,0
3354,23,9.122965677816517e-05,0
1709,23,9.122965677816517e-05,0
3289,23,9.122965677816517e-05,0
1186,23,9.122965677816517e-05,0
1270,23,9.122965677816517e-05,0
1218,23,9.122965677816517e-05,0
2253,23,9.122965677816517e-05,0
2353,23,9.122965677816517e-05,0
1940,23,9.122965677816517e-05,0
1941,23,9.122965677816517e-05,0
728,23,9.122965677816517e-05,0
685,23,9.122965677816517e-05,0
2072,23,9.122965677816517e-05,0
1075,23,9.122965677816517e-05,0
2832,23,9.122965677816517e-05,0
386,23,9.122965677816517e-05,0
2927,23,9.122965677816517e-05,0
2952,23,9.122965677816517e-05,0
1920,23,9.122965677816517e-05,0
530,23,9.122965677816517e-05,0
2790,23,9.122965677816517e-05,0
2842,23,9.122965677816517e-05,0
3002,23,9.122965677816517e-05,0
1633,23,9.122965677816517e-05,0
3012,23,9.122965677816517e-05,0
3124,23,9.122965677816517e-05,0
2063,23,9.122965677816517e-05,0
2386,23,9.122965677816517e-05,0
1502,23,9.122965677816517e-05,0
1971,23,9.122965677816517e-05,0
2687,23,9.122965677816517e-05,0
2537,23,9.122965677816517e-05,0
1955,23,9.122965677816517e-05,0
2484,23,9.122965677816517e-05,0
179,23,9.122965677816517e-05,0
3737,23,9.122965677816517e-05,0
1328,23,9.122965677816517e-05,0
3867,23,9.122965677816517e-05,0
2154,22,8.726314996172321e-05,0
2129,22,8.726314996172321e-05,0
1326,22,8.726314996172321e-05,0
2158,22,8.726314996172321e-05,0
1376,22,8.726314996172321e-05,0
2604,22,8.726314996172321e-05,0
2490,22,8.726314996172321e-05,0
1791,22,8.726314996172321e-05,0
97,22,8.726314996172321e-05,0
924,22,8.726314996172321e-05,0
2506,22,8.726314996172321e-05,0
2612,22,8.726314996172321e-05,0
857,22,8.726314996172321e-05,0
1590,22,8.726314996172321e-05,0
2011,22,8.726314996172321e-05,0
2778,22,8.726314996172321e-05,0
2764,22,8.726314996172321e-05,0
2454,22,8.726314996172321e-05,0
2431,22,8.726314996172321e-05,0
1056,22,8.726314996172321e-05,0
2417,22,8.726314996172321e-05,0
2460,22,8.726314996172321e-05,0
1013,22,8.726314996172321e-05,0
2432,22,8.726314996172321e-05,0
1563,22,8.726314996172321e-05,0
3087,22,8.726314996172321e-05,0
3245,22,8.726314996172321e-05,0
3901,22,8.726314996172321e-05,0
1161,22,8.726314996172321e-05,0
2284,22,8.726314996172321e-05,0
1061,22,8.726314996172321e-05,0
2241,22,8.726314996172321e-05,0
2295,22,8.726314996172321e-05,0
1605,22,8.726314996172321e-05,0
3382,22,8.726314996172321e-05,0
3360,22,8.726314996172321e-05,0
1707,22,8.726314996172321e-05,0
1391,22,8.726314996172321e-05,0
1355,22,8.726314996172321e-05,0
2232,22,8.726314996172321e-05,0
1190,22,8.726314996172321e-05,0
2851,22,8.726314996172321e-05,0
1660,22,8.726314996172321e-05,0
1915,22,8.726314996172321e-05,0
2918,22,8.726314996172321e-05,0
1471,22,8.726314996172321e-05,0
2397,22,8.726314996172321e-05,0
2062,22,8.726314996172321e-05,0
2633,21,8.329664314528125e-05,0
1742,21,8.329664314528125e-05,0
1954,21,8.329664314528125e-05,0
2409,21,8.329664314528125e-05,0
2373,21,8.329664314528125e-05,0
3594,21,8.329664314528125e-05,0
1528,21,8.329664314528125e-05,0
2564,21,8.329664314528125e-05,0
913,21,8.329664314528125e-05,0
2396,21,8.329664314528125e-05,0
2399,21,8.329664314528125e-05,0
998,21,8.329664314528125e-05,0
2101,21,8.329664314528125e-05,0
1604,21,8.329664314528125e-05,0
3126,21,8.329664314528125e-05,0
1573,21,8.329664314528125e-05,0
3009,21,8.329664314528125e-05,0
2103,21,8.329664314528125e-05,0
2334,21,8.329664314528125e-05,0
1038,21,8.329664314528125e-05,0
1943,21,8.329664314528125e-05,0
1565,21,8.329664314528125e-05,0
699,21,8.329664314528125e-05,0
1131,21,8.329664314528125e-05,0
2292,21,8.329664314528125e-05,0
2177,21,8.329664314528125e-05,0
1300,21,8.329664314528125e-05,0
1264,21,8.329664314528125e-05,0
3205,21,8.329664314528125e-05,0
131,21,8.329664314528125e-05,0
3302,21,8.329664314528125e-05,0
1397,21,8.329664314528125e-05,0
1249,21,8.329664314528125e-05,0
1828,21,8.329664314528125e-05,0
264,21,8.329664314528125e-05,0
3077,21,8.329664314528125e-05,0
2356,21,8.329664314528125e-05,0
1842,21,8.329664314528125e-05,0
1685,21,8.329664314528125e-05,0
1825,21,8.329664314528125e-05,0
372,21,8.329664314528125e-05,0
109,21,8.329664314528125e-05,0
1812,21,8.329664314528125e-05,0
1803,21,8.329664314528125e-05,0
2696,21,8.329664314528125e-05,0
1543,21,8.329664314528125e-05,0
2643,20,7.933013632883928e-05,0
1020,20,7.933013632883928e-05,0
676,20,7.933013632883928e-05,0
2405,20,7.933013632883928e-05,0
944,20,7.933013632883928e-05,0
727,20,7.933013632883928e-05,0
2693,20,7.933013632883928e-05,0
2296,20,7.933013632883928e-05,0
2273,20,7.933013632883928e-05,0
796,20,7.933013632883928e-05,0
2453,20,7.933013632883928e-05,0
691,20,7.933013632883928e-05,0
2078,20,7.933013632883928e-05,0
1990,20,7.933013632883928e-05,0
826,20,7.933013632883928e-05,0
3529,20,7.933013632883928e-05,0
3704,20,7.933013632883928e-05,0
138,20,7.933013632883928e-05,0
1779,20,7.933013632883928e-05,0
703,20,7.933013632883928e-05,0
923,20,7.933013632883928e-05,0
2493,20,7.933013632883928e-05,0
2468,20,7.933013632883928e-05,0
3623,20,7.933013632883928e-05,0
3786,20,7.933013632883928e-05,0
141,20,7.933013632883928e-05,0
3831,20,7.933013632883928e-05,0
1851,20,7.933013632883928e-05,0
3292,20,7.933013632883928e-05,0
3377,20,7.933013632883928e-05,0
3146,20,7.933013632883928e-05,0
1400,20,7.933013632883928e-05,0
3104,20,7.933013632883928e-05,0
3167,20,7.933013632883928e-05,0
349,20,7.933013632883928e-05,0
1887,20,7.933013632883928e-05,0
2269,20,7.933013632883928e-05,0
2896,20,7.933013632883928e-05,0
2885,20,7.933013632883928e-05,0
2909,20,7.933013632883928e-05,0
2949,20,7.933013632883928e-05,0
1891,20,7.933013632883928e-05,0
2392,20,7.933013632883928e-05,0
3224,20,7.933013632883928e-05,0
1827,20,7.933013632883928e-05,0
2242,20,7.933013632883928e-05,0
1221,20,7.933013632883928e-05,0
2963,19,7.536362951239732e-05,0
510,19,7.536362951239732e-05,0
2856,19,7.536362951239732e-05,0
2866,19,7.536362951239732e-05,0
3086,19,7.536362951239732e-05,0
3112,19,7.536362951239732e-05,0
2368,19,7.536362951239732e-05,0
3331,19,7.536362951239732e-05,0
3233,19,7.536362951239732e-05,0
3898,19,7.536362951239732e-05,0
3333,19,7.536362951239732e-05,0
1767,19,7.536362951239732e-05,0
1494,19,7.536362951239732e-05,0
858,19,7.536362951239732e-05,0
2474,19,7.536362951239732e-05,0
1974,19,7.536362951239732e-05,0
2632,19,7.536362951239732e-05,0
2685,19,7.536362951239732e-05,0
760,19,7.536362951239732e-05,0
1957,19,7.536362951239732e-05,0
2133,19,7.536362951239732e-05,0
1283,19,7.536362951239732e-05,0
75,19,7.536362951239732e-05,0
152,19,7.536362951239732e-05,0
1802,19,7.536362951239732e-05,0
3572,19,7.536362951239732e-05,0
2572,19,7.536362951239732e-05,0
3469,19,7.536362951239732e-05,0
2013,19,7.536362951239732e-05,0
2314,19,7.536362951239732e-05,0
1050,19,7.536362951239732e-05,0
2016,19,7.536362951239732e-05,0
2836,19,7.536362951239732e-05,0
2833,19,7.536362951239732e-05,0
2841,19,7.536362951239732e-05,0
1466,19,7.536362951239732e-05,0
2924,19,7.536362951239732e-05,0
1968,19,7.536362951239732e-05,0
2627,19,7.536362951239732e-05,0
1555,19,7.536362951239732e-05,0
2787,19,7.536362951239732e-05,0
1993,19,7.536362951239732e-05,0
2058,19,7.536362951239732e-05,0
2313,19,7.536362951239732e-05,0
3357,19,7.536362951239732e-05,0
279,19,7.536362951239732e-05,0
1310,19,7.536362951239732e-05,0
2187,19,7.536362951239732e-05,0
1841,19,7.536362951239732e-05,0
412,19,7.536362951239732e-05,0
3131,19,7.536362951239732e-05,0
2255,19,7.536362951239732e-05,0
2256,19,7.536362951239732e-05,0
1626,19,7.536362951239732e-05,0
3014,19,7.536362951239732e-05,0
2982,19,7.536362951239732e-05,0
2404,18,7.139712269595536e-05,0
722,18,7.139712269595536e-05,0
1994,18,7.139712269595536e-05,0
981,18,7.139712269595536e-05,0
3491,18,7.139712269595536e-05,0
1313,18,7.139712269595536e-05,0
3580,18,7.139712269595536e-05,0
3754,18,7.139712269595536e-05,0
3770,18,7.139712269595536e-05,0
3845,18,7.139712269595536e-05,0
31,18,7.139712269595536e-05,0
3870,18,7.139712269595536e-05,0
1786,18,7.139712269595536e-05,0
2402,18,7.139712269595536e-05,0
949,18,7.139712269595536e-05,0
789,18,7.139712269595536e-05,0
2492,18,7.139712269595536e-05,0
2516,18,7.139712269595536e-05,0
2503,18,7.139712269595536e-05,0
2568,18,7.139712269595536e-05,0
2059,18,7.139712269595536e-05,0
1026,18,7.139712269595536e-05,0
2798,18,7.139712269595536e-05,0
2348,18,7.139712269595536e-05,0
2804,18,7.139712269595536e-05,0
3125,18,7.139712269595536e-05,0
2259,18,7.139712269595536e-05,0
2263,18,7.139712269595536e-05,0
2905,18,7.139712269595536e-05,0
2891,18,7.139712269595536e-05,0
671,18,7.139712269595536e-05,0
2793,18,7.139712269595536e-05,0
1895,18,7.139712269595536e-05,0
3062,18,7.139712269595536e-05,0
1888,18,7.139712269595536e-05,0
2919,18,7.139712269595536e-05,0
2073,18,7.139712269595536e-05,0
1440,18,7.139712269595536e-05,0
3196,18,7.139712269595536e-05,0
1836,18,7.139712269595536e-05,0
1692,18,7.139712269595536e-05,0
3230,18,7.139712269595536e-05,0
318,18,7.139712269595536e-05,0
3204,18,7.139712269595536e-05,0
3284,18,7.139712269595536e-05,0
3269,18,7.139712269595536e-05,0
3353,18,7.139712269595536e-05,0
3375,18,7.139712269595536e-05,0
1667,18,7.139712269595536e-05,0
3406,18,7.139712269595536e-05,0
3399,18,7.139712269595536e-05,0
1763,18,7.139712269595536e-05,0
3985,17,6.743061587951339e-05,0
2942,17,6.743061587951339e-05,0
903,17,6.743061587951339e-05,0
3420,17,6.743061587951339e-05,0
3417,17,6.743061587951339e-05,0
2411,17,6.743061587951339e-05,0
993,17,6.743061587951339e-05,0
1728,17,6.743061587951339e-05,0
1674,17,6.743061587951339e-05,0
224,17,6.743061587951339e-05,0
2338,17,6.743061587951339e-05,0
2326,17,6.743061587951339e-05,0
2461,17,6.743061587951339e-05,0
2922,17,6.743061587951339e-05,0
2899,17,6.743061587951339e-05,0
1039,17,6.743061587951339e-05,0
3218,17,6.743061587951339e-05,0
301,17,6.743061587951339e-05,0
2970,17,6.743061587951339e-05,0
411,17,6.743061587951339e-05,0
2960,17,6.743061587951339e-05,0
1517,17,6.743061587951339e-05,0
78,17,6.743061587951339e-05,0
1989,17,6.743061587951339e-05,0
3273,17,6.743061587951339e-05,0
3085,17,6.743061587951339e-05,0
1899,17,6.743061587951339e-05,0
1900,17,6.743061587951339e-05,0
2201,17,6.743061587951339e-05,0
742,17,6.743061587951339e-05,0
2636,17,6.743061587951339e-05,0
3268,17,6.743061587951339e-05,0
1198,17,6.743061587951339e-05,0
3552,17,6.743061587951339e-05,0
832,17,6.743061587951339e-05,0
1775,17,6.743061587951339e-05,0
2044,17,6.743061587951339e-05,0
2027,17,6.743061587951339e-05,0
1796,17,6.743061587951339e-05,0
369,17,6.743061587951339e-05,0
2828,17,6.743061587951339e-05,0
1407,17,6.743061587951339e-05,0
3090,17,6.743061587951339e-05,0
1334,17,6.743061587951339e-05,0
1385,17,6.743061587951339e-05,0
3220,17,6.743061587951339e-05,0
3711,17,6.743061587951339e-05,0
2688,17,6.743061587951339e-05,0
1620,17,6.743061587951339e-05,0
3031,17,6.743061587951339e-05,0
1935,17,6.743061587951339e-05,0
2569,17,6.743061587951339e-05,0
2539,16,6.346410906307143e-05,0
850,16,6.346410906307143e-05,0
2999,16,6.346410906307143e-05,0
2497,16,6.346410906307143e-05,0
2382,16,6.346410906307143e-05,0
2915,16,6.346410906307143e-05,0
1784,16,6.346410906307143e-05,0
1810,16,6.346410906307143e-05,0
2931,16,6.346410906307143e-05,0
3468,16,6.346410906307143e-05,0
1662,16,6.346410906307143e-05,0
1634,16,6.346410906307143e-05,0
64,16,6.346410906307143e-05,0
2459,16,6.346410906307143e-05,0
554,16,6.346410906307143e-05,0
472,16,6.346410906307143e-05,0
2496,16,6.346410906307143e-05,0
2893,16,6.346410906307143e-05,0
3421,16,6.346410906307143e-05,0
449,16,6.346410906307143e-05,0
986,16,6.346410906307143e-05,0
3760,16,6.346410906307143e-05,0
3765,16,6.346410906307143e-05,0
1532,16,6.346410906307143e-05,0
1515,16,6.346410906307143e-05,0
1015,16,6.346410906307143e-05,0
3415,16,6.346410906307143e-05,0
289,16,6.346410906307143e-05,0
2082,16,6.346410906307143e-05,0
2721,16,6.346410906307143e-05,0
1339,16,6.346410906307143e-05,0
1405,16,6.346410906307143e-05,0
2116,16,6.346410906307143e-05,0
735,16,6.346410906307143e-05,0
2699,16,6.346410906307143e-05,0
3743,16,6.346410906307143e-05,0
271,16,6.346410906307143e-05,0
119,16,6.346410906307143e-05,0
2229,16,6.346410906307143e-05,0
3058,16,6.346410906307143e-05,0
3314,16,6.346410906307143e-05,0
1136,16,6.346410906307143e-05,0
794,16,6.346410906307143e-05,0
591,16,6.346410906307143e-05,0
1631,16,6.346410906307143e-05,0
3046,16,6.346410906307143e-05,0
1068,16,6.346410906307143e-05,0
3385,16,6.346410906307143e-05,0
1913,16,6.346410906307143e-05,0
2329,16,6.346410906307143e-05,0
151,16,6.346410906307143e-05,0
2996,16,6.346410906307143e-05,0
2470,16,6.346410906307143e-05,0
2886,16,6.346410906307143e-05,0
2883,16,6.346410906307143e-05,0
2677,16,6.346410906307143e-05,0
748,16,6.346410906307143e-05,0
3627,16,6.346410906307143e-05,0
3145,16,6.346410906307143e-05,0
3191,16,6.346410906307143e-05,0
2814,16,6.346410906307143e-05,0
1436,16,6.346410906307143e-05,0
1294,16,6.346410906307143e-05,0
1567,16,6.346410906307143e-05,0
1276,16,6.346410906307143e-05,0
1599,16,6.346410906307143e-05,0
2299,16,6.346410906307143e-05,0
3280,16,6.346410906307143e-05,0
3346,16,6.346410906307143e-05,0
2590,16,6.346410906307143e-05,0
2566,16,6.346410906307143e-05,0
1926,16,6.346410906307143e-05,0
235,16,6.346410906307143e-05,0
2436,15,5.949760224662946e-05,0
917,15,5.949760224662946e-05,0
1815,15,5.949760224662946e-05,0
19,15,5.949760224662946e-05,0
2983,15,5.949760224662946e-05,0
2894,15,5.949760224662946e-05,0
1861,15,5.949760224662946e-05,0
1814,15,5.949760224662946e-05,0
10,15,5.949760224662946e-05,0
1009,15,5.949760224662946e-05,0
1120,15,5.949760224662946e-05,0
3512,15,5.949760224662946e-05,0
2550,15,5.949760224662946e-05,0
2342,15,5.949760224662946e-05,0
1713,15,5.949760224662946e-05,0
1877,15,5.949760224662946e-05,0
3476,15,5.949760224662946e-05,0
1678,15,5.949760224662946e-05,0
1653,15,5.949760224662946e-05,0
2415,15,5.949760224662946e-05,0
1017,15,5.949760224662946e-05,0
1070,15,5.949760224662946e-05,0
1907,15,5.949760224662946e-05,0
1661,15,5.949760224662946e-05,0
2499,15,5.949760224662946e-05,0
2375,15,5.949760224662946e-05,0
2522,15,5.949760224662946e-05,0
2587,15,5.949760224662946e-05,0
2589,15,5.949760224662946e-05,0
2584,15,5.949760224662946e-05,0
2288,15,5.949760224662946e-05,0
3318,15,5.949760224662946e-05,0
2620,15,5.949760224662946e-05,0
2346,15,5.949760224662946e-05,0
1204,15,5.949760224662946e-05,0
3510,15,5.949760224662946e-05,0
2602,15,5.949760224662946e-05,0
3288,15,5.949760224662946e-05,0
1509,15,5.949760224662946e-05,0
1922,15,5.949760224662946e-05,0
2207,15,5.949760224662946e-05,0
1160,15,5.949760224662946e-05,0
3259,15,5.949760224662946e-05,0
3664,15,5.949760224662946e-05,0
2217,15,5.949760224662946e-05,0
3671,15,5.949760224662946e-05,0
1320,15,5.949760224662946e-05,0
2644,15,5.949760224662946e-05,0
1271,15,5.949760224662946e-05,0
2168,15,5.949760224662946e-05,0
1597,15,5.949760224662946e-05,0
811,15,5.949760224662946e-05,0
3180,15,5.949760224662946e-05,0
2097,15,5.949760224662946e-05,0
1548,15,5.949760224662946e-05,0
2826,15,5.949760224662946e-05,0
3682,15,5.949760224662946e-05,0
1358,15,5.949760224662946e-05,0
3176,15,5.949760224662946e-05,0
3184,15,5.949760224662946e-05,0
1529,15,5.949760224662946e-05,0
2767,15,5.949760224662946e-05,0
2752,15,5.949760224662946e-05,0
331,15,5.949760224662946e-05,0
1417,15,5.949760224662946e-05,0
2065,15,5.949760224662946e-05,0
3179,15,5.949760224662946e-05,0
1467,15,5.949760224662946e-05,0
2756,15,5.949760224662946e-05,0
2759,15,5.949760224662946e-05,0
2795,15,5.949760224662946e-05,0
1445,15,5.949760224662946e-05,0
976,15,5.949760224662946e-05,0
2961,15,5.949760224662946e-05,0
11,14,5.5531095430187496e-05,0
29,14,5.5531095430187496e-05,0
1043,14,5.5531095430187496e-05,0
2336,14,5.5531095430187496e-05,0
2363,14,5.5531095430187496e-05,0
2358,14,5.5531095430187496e-05,0
2333,14,5.5531095430187496e-05,0
53,14,5.5531095430187496e-05,0
2968,14,5.5531095430187496e-05,0
1473,14,5.5531095430187496e-05,0
2031,14,5.5531095430187496e-05,0
2029,14,5.5531095430187496e-05,0
2973,14,5.5531095430187496e-05,0
2551,14,5.5531095430187496e-05,0
3499,14,5.5531095430187496e-05,0
3356,14,5.5531095430187496e-05,0
1099,14,5.5531095430187496e-05,0
2483,14,5.5531095430187496e-05,0
1701,14,5.5531095430187496e-05,0
1879,14,5.5531095430187496e-05,0
3345,14,5.5531095430187496e-05,0
3361,14,5.5531095430187496e-05,0
1481,14,5.5531095430187496e-05,0
3538,14,5.5531095430187496e-05,0
2559,14,5.5531095430187496e-05,0
3298,14,5.5531095430187496e-05,0
1135,14,5.5531095430187496e-05,0
2741,14,5.5531095430187496e-05,0
2015,14,5.5531095430187496e-05,0
2012,14,5.5531095430187496e-05,0
1465,14,5.5531095430187496e-05,0
2071,14,5.5531095430187496e-05,0
1613,14,5.5531095430187496e-05,0
256,14,5.5531095430187496e-05,0
237,14,5.5531095430187496e-05,0
3514,14,5.5531095430187496e-05,0
1896,14,5.5531095430187496e-05,0
2115,14,5.5531095430187496e-05,0
2390,14,5.5531095430187496e-05,0
995,14,5.5531095430187496e-05,0
2834,14,5.5531095430187496e-05,0
2469,14,5.5531095430187496e-05,0
2964,14,5.5531095430187496e-05,0
2954,14,5.5531095430187496e-05,0
3400,14,5.5531095430187496e-05,0
2951,14,5.5531095430187496e-05,0
3413,14,5.5531095430187496e-05,0
188,14,5.5531095430187496e-05,0
174,14,5.5531095430187496e-05,0
175,14,5.5531095430187496e-05,0
2868,14,5.5531095430187496e-05,0
3608,14,5.5531095430187496e-05,0
3140,14,5.5531095430187496e-05,0
3143,14,5.5531095430187496e-05,0
1962,14,5.5531095430187496e-05,0
1963,14,5.5531095430187496e-05,0
1892,14,5.5531095430187496e-05,0
3872,14,5.5531095430187496e-05,0
1898,14,5.5531095430187496e-05,0
3195,14,5.5531095430187496e-05,0
1453,14,5.5531095430187496e-05,0
2727,14,5.5531095430187496e-05,0
3193,14,5.5531095430187496e-05,0
3728,14,5.5531095430187496e-05,0
1182,14,5.5531095430187496e-05,0
3573,14,5.5531095430187496e-05,0
3569,14,5.5531095430187496e-05,0
2619,14,5.5531095430187496e-05,0
2947,14,5.5531095430187496e-05,0
3785,14,5.5531095430187496e-05,0
3113,14,5.5531095430187496e-05,0
2736,14,5.5531095430187496e-05,0
3387,14,5.5531095430187496e-05,0
3249,14,5.5531095430187496e-05,0
3106,14,5.5531095430187496e-05,0
3813,14,5.5531095430187496e-05,0
2179,14,5.5531095430187496e-05,0
292,14,5.5531095430187496e-05,0
2139,14,5.5531095430187496e-05,0
3207,14,5.5531095430187496e-05,0
312,14,5.5531095430187496e-05,0
566,14,5.5531095430187496e-05,0
2889,14,5.5531095430187496e-05,0
507,13,5.156458861374553e-05,0
2527,13,5.156458861374553e-05,0
3343,13,5.156458861374553e-05,0
3475,13,5.156458861374553e-05,0
2542,13,5.156458861374553e-05,0
3384,13,5.156458861374553e-05,0
3888,13,5.156458861374553e-05,0
325,13,5.156458861374553e-05,0
2945,13,5.156458861374553e-05,0
533,13,5.156458861374553e-05,0
2323,13,5.156458861374553e-05,0
2418,13,5.156458861374553e-05,0
2407,13,5.156458861374553e-05,0
1770,13,5.156458861374553e-05,0
2270,13,5.156458861374553e-05,0
2861,13,5.156458861374553e-05,0
1144,13,5.156458861374553e-05,0
778,13,5.156458861374553e-05,0
2675,13,5.156458861374553e-05,0
2629,13,5.156458861374553e-05,0
1965,13,5.156458861374553e-05,0
1897,13,5.156458861374553e-05,0
3864,13,5.156458861374553e-05,0
354,13,5.156458861374553e-05,0
2049,13,5.156458861374553e-05,0
1196,13,5.156458861374553e-05,0
1176,13,5.156458861374553e-05,0
3322,13,5.156458861374553e-05,0
2230,13,5.156458861374553e-05,0
1454,13,5.156458861374553e-05,0
285,13,5.156458861374553e-05,0
2557,13,5.156458861374553e-05,0
1623,13,5.156458861374553e-05,0
2066,13,5.156458861374553e-05,0
71,13,5.156458861374553e-05,0
2004,13,5.156458861374553e-05,0
95,13,5.156458861374553e-05,0
1952,13,5.156458861374553e-05,0
1619,13,5.156458861374553e-05,0
330,13,5.156458861374553e-05,0
2761,13,5.156458861374553e-05,0
584,13,5.156458861374553e-05,0
2802,13,5.156458861374553e-05,0
1487,13,5.156458861374553e-05,0
2772,13,5.156458861374553e-05,0
3210,13,5.156458861374553e-05,0
2172,13,5.156458861374553e-05,0
1316,13,5.156458861374553e-05,0
1420,13,5.156458861374553e-05,0
3096,13,5.156458861374553e-05,0
1541,13,5.156458861374553e-05,0
2701,13,5.156458861374553e-05,0
3257,13,5.156458861374553e-05,0
2203,13,5.156458861374553e-05,0
3226,13,5.156458861374553e-05,0
2710,13,5.156458861374553e-05,0
2714,13,5.156458861374553e-05,0
3677,13,5.156458861374553e-05,0
2196,13,5.156458861374553e-05,0
3707,13,5.156458861374553e-05,0
1422,13,5.156458861374553e-05,0
3201,13,5.156458861374553e-05,0
719,13,5.156458861374553e-05,0
2735,13,5.156458861374553e-05,0
2739,13,5.156458861374553e-05,0
1301,13,5.156458861374553e-05,0
2462,13,5.156458861374553e-05,0
3390,13,5.156458861374553e-05,0
2465,13,5.156458861374553e-05,0
25,13,5.156458861374553e-05,0
1347,13,5.156458861374553e-05,0
2815,13,5.156458861374553e-05,0
2387,13,5.156458861374553e-05,0
2831,13,5.156458861374553e-05,0
1398,13,5.156458861374553e-05,0
2475,13,5.156458861374553e-05,0
888,13,5.156458861374553e-05,0
910,13,5.156458861374553e-05,0
3926,13,5.156458861374553e-05,0
3903,13,5.156458861374553e-05,0
1833,13,5.156458861374553e-05,0
2933,12,4.759808179730357e-05,0
4045,12,4.759808179730357e-05,0
2966,12,4.759808179730357e-05,0
1758,12,4.759808179730357e-05,0
455,12,4.759808179730357e-05,0
560,12,4.759808179730357e-05,0
1044,12,4.759808179730357e-05,0
2917,12,4.759808179730357e-05,0
2935,12,4.759808179730357e-05,0
503,12,4.759808179730357e-05,0
2657,12,4.759808179730357e-05,0
650,12,4.759808179730357e-05,0
3136,12,4.759808179730357e-05,0
3687,12,4.759808179730357e-05,0
3703,12,4.759808179730357e-05,0
2998,12,4.759808179730357e-05,0
1785,12,4.759808179730357e-05,0
2378,12,4.759808179730357e-05,0
7,12,4.759808179730357e-05,0
27,12,4.759808179730357e-05,0
3683,12,4.759808179730357e-05,0
2694,12,4.759808179730357e-05,0
992,12,4.759808179730357e-05,0
3782,12,4.759808179730357e-05,0
1730,12,4.759808179730357e-05,0
3498,12,4.759808179730357e-05,0
1354,12,4.759808179730357e-05,0
2478,12,4.759808179730357e-05,0
1725,12,4.759808179730357e-05,0
947,12,4.759808179730357e-05,0
3668,12,4.759808179730357e-05,0
2144,12,4.759808179730357e-05,0
3513,12,4.759808179730357e-05,0
3502,12,4.759808179730357e-05,0
1880,12,4.759808179730357e-05,0
1867,12,4.759808179730357e-05,0
975,12,4.759808179730357e-05,0
2829,12,4.759808179730357e-05,0
1643,12,4.759808179730357e-05,0
1114,12,4.759808179730357e-05,0
3040,12,4.759808179730357e-05,0
2395,12,4.759808179730357e-05,0
588,12,4.759808179730357e-05,0
85,12,4.759808179730357e-05,0
91,12,4.759808179730357e-05,0
1992,12,4.759808179730357e-05,0
2593,12,4.759808179730357e-05,0
2781,12,4.759808179730357e-05,0
2075,12,4.759808179730357e-05,0
73,12,4.759808179730357e-05,0
1950,12,4.759808179730357e-05,0
128,12,4.759808179730357e-05,0
2079,12,4.759808179730357e-05,0
2726,12,4.759808179730357e-05,0
3074,12,4.759808179730357e-05,0
2592,12,4.759808179730357e-05,0
2591,12,4.759808179730357e-05,0
1147,12,4.759808179730357e-05,0
3715,12,4.759808179730357e-05,0
1457,12,4.759808179730357e-05,0
1274,12,4.759808179730357e-05,0
2210,12,4.759808179730357e-05,0
2689,12,4.759808179730357e-05,0
1224,12,4.759808179730357e-05,0
3593,12,4.759808179730357e-05,0
3855,12,4.759808179730357e-05,0
798,12,4.759808179730357e-05,0
2862,12,4.759808179730357e-05,0
1173,12,4.759808179730357e-05,0
1727,12,4.759808179730357e-05,0
1703,12,4.759808179730357e-05,0
3462,12,4.759808179730357e-05,0
214,12,4.759808179730357e-05,0
1090,12,4.759808179730357e-05,0
168,12,4.759808179730357e-05,0
1782,12,4.759808179730357e-05,0
1139,12,4.759808179730357e-05,0
3161,12,4.759808179730357e-05,0
3042,12,4.759808179730357e-05,0
1801,12,4.759808179730357e-05,0
1800,12,4.759808179730357e-05,0
3064,12,4.759808179730357e-05,0
2984,12,4.759808179730357e-05,0
428,12,4.759808179730357e-05,0
3899,12,4.759808179730357e-05,0
3881,12,4.759808179730357e-05,0
2974,12,4.759808179730357e-05,0
983,12,4.759808179730357e-05,0
1403,12,4.759808179730357e-05,0
2473,12,4.759808179730357e-05,0
2607,12,4.759808179730357e-05,0
690,12,4.759808179730357e-05,0
790,12,4.759808179730357e-05,0
2637,12,4.759808179730357e-05,0
2532,11,4.3631574980861605e-05,0
3612,11,4.3631574980861605e-05,0
1281,11,4.3631574980861605e-05,0
3348,11,4.3631574980861605e-05,0
2304,11,4.3631574980861605e-05,0
2301,11,4.3631574980861605e-05,0
845,11,4.3631574980861605e-05,0
1826,11,4.3631574980861605e-05,0
2943,11,4.3631574980861605e-05,0
3805,11,4.3631574980861605e-05,0
3111,11,4.3631574980861605e-05,0
2141,11,4.3631574980861605e-05,0
2380,11,4.3631574980861605e-05,0
3025,11,4.3631574980861605e-05,0
2408,11,4.3631574980861605e-05,0
2928,11,4.3631574980861605e-05,0
2959,11,4.3631574980861605e-05,0
171,11,4.3631574980861605e-05,0
3020,11,4.3631574980861605e-05,0
398,11,4.3631574980861605e-05,0
1315,11,4.3631574980861605e-05,0
1537,11,4.3631574980861605e-05,0
3830,11,4.3631574980861605e-05,0
700,11,4.3631574980861605e-05,0
3217,11,4.3631574980861605e-05,0
3698,11,4.3631574980861605e-05,0
2185,11,4.3631574980861605e-05,0
1435,11,4.3631574980861605e-05,0
2193,11,4.3631574980861605e-05,0
1430,11,4.3631574980861605e-05,0
3670,11,4.3631574980861605e-05,0
693,11,4.3631574980861605e-05,0
695,11,4.3631574980861605e-05,0
2214,11,4.3631574980861605e-05,0
1073,11,4.3631574980861605e-05,0
1030,11,4.3631574980861605e-05,0
1035,11,4.3631574980861605e-05,0
3260,11,4.3631574980861605e-05,0
3817,11,4.3631574980861605e-05,0
13,11,4.3631574980861605e-05,0
1568,11,4.3631574980861605e-05,0
2686,11,4.3631574980861605e-05,0
1234,11,4.3631574980861605e-05,0
2665,11,4.3631574980861605e-05,0
3738,11,4.3631574980861605e-05,0
3726,11,4.3631574980861605e-05,0
261,11,4.3631574980861605e-05,0
3265,11,4.3631574980861605e-05,0
3165,11,4.3631574980861605e-05,0
3174,11,4.3631574980861605e-05,0
3144,11,4.3631574980861605e-05,0
3073,11,4.3631574980861605e-05,0
2111,11,4.3631574980861605e-05,0
2775,11,4.3631574980861605e-05,0
3557,11,4.3631574980861605e-05,0
2871,11,4.3631574980861605e-05,0
3332,11,4.3631574980861605e-05,0
3752,11,4.3631574980861605e-05,0
1904,11,4.3631574980861605e-05,0
1695,11,4.3631574980861605e-05,0
1309,11,4.3631574980861605e-05,0
2189,11,4.3631574980861605e-05,0
3585,11,4.3631574980861605e-05,0
1853,11,4.3631574980861605e-05,0
1704,11,4.3631574980861605e-05,0
3358,11,4.3631574980861605e-05,0
3470,11,4.3631574980861605e-05,0
1248,11,4.3631574980861605e-05,0
1581,11,4.3631574980861605e-05,0
2243,11,4.3631574980861605e-05,0
3579,11,4.3631574980861605e-05,0
2651,11,4.3631574980861605e-05,0
3056,11,4.3631574980861605e-05,0
2287,11,4.3631574980861605e-05,0
686,11,4.3631574980861605e-05,0
3083,11,4.3631574980861605e-05,0
3026,11,4.3631574980861605e-05,0
3405,11,4.3631574980861605e-05,0
1871,11,4.3631574980861605e-05,0
3549,11,4.3631574980861605e-05,0
2554,11,4.3631574980861605e-05,0
3155,11,4.3631574980861605e-05,0
3270,11,4.3631574980861605e-05,0
2728,11,4.3631574980861605e-05,0
3303,11,4.3631574980861605e-05,0
3275,11,4.3631574980861605e-05,0
805,11,4.3631574980861605e-05,0
3278,11,4.3631574980861605e-05,0
3286,11,4.3631574980861605e-05,0
2596,11,4.3631574980861605e-05,0
639,11,4.3631574980861605e-05,0
2895,11,4.3631574980861605e-05,0
1908,11,4.3631574980861605e-05,0
2946,11,4.3631574980861605e-05,0
3091,11,4.3631574980861605e-05,0
383,11,4.3631574980861605e-05,0
3434,11,4.3631574980861605e-05,0
568,11,4.3631574980861605e-05,0
4081,11,4.3631574980861605e-05,0
2440,11,4.3631574980861605e-05,0
3119,11,4.3631574980861605e-05,0
2352,11,4.3631574980861605e-05,0
2039,11,4.3631574980861605e-05,0
2785,11,4.3631574980861605e-05,0
1496,11,4.3631574980861605e-05,0
1909,11,4.3631574980861605e-05,0
2325,11,4.3631574980861605e-05,0
2347,11,4.3631574980861605e-05,0
3928,10,3.966506816441964e-05,0
1536,10,3.966506816441964e-05,0
2420,10,3.966506816441964e-05,0
2801,10,3.966506816441964e-05,0
664,10,3.966506816441964e-05,0
2783,10,3.966506816441964e-05,0
1521,10,3.966506816441964e-05,0
2048,10,3.966506816441964e-05,0
955,10,3.966506816441964e-05,0
2988,10,3.966506816441964e-05,0
2992,10,3.966506816441964e-05,0
3402,10,3.966506816441964e-05,0
2427,10,3.966506816441964e-05,0
3455,10,3.966506816441964e-05,0
2376,10,3.966506816441964e-05,0
1396,10,3.966506816441964e-05,0
1352,10,3.966506816441964e-05,0
613,10,3.966506816441964e-05,0
2450,10,3.966506816441964e-05,0
3388,10,3.966506816441964e-05,0
2389,10,3.966506816441964e-05,0
2391,10,3.966506816441964e-05,0
1003,10,3.966506816441964e-05,0
2888,10,3.966506816441964e-05,0
1651,10,3.966506816441964e-05,0
3041,10,3.966506816441964e-05,0
3052,10,3.966506816441964e-05,0
599,10,3.966506816441964e-05,0
2561,10,3.966506816441964e-05,0
3528,10,3.966506816441964e-05,0
3536,10,3.966506816441964e-05,0
2271,10,3.966506816441964e-05,0
3554,10,3.966506816441964e-05,0
2231,10,3.966506816441964e-05,0
2237,10,3.966506816441964e-05,0
1203,10,3.966506816441964e-05,0
2613,10,3.966506816441964e-05,0
2617,10,3.966506816441964e-05,0
3293,10,3.966506816441964e-05,0
3081,10,3.966506816441964e-05,0
3735,10,3.966506816441964e-05,0
3727,10,3.966506816441964e-05,0
2052,10,3.966506816441964e-05,0
2053,10,3.966506816441964e-05,0
3181,10,3.966506816441964e-05,0
683,10,3.966506816441964e-05,0
1377,10,3.966506816441964e-05,0
3078,10,3.966506816441964e-05,0
3070,10,3.966506816441964e-05,0
3153,10,3.966506816441964e-05,0
341,10,3.966506816441964e-05,0
1925,10,3.966506816441964e-05,0
335,10,3.966506816441964e-05,0
2080,10,3.966506816441964e-05,0
1490,10,3.966506816441964e-05,0
2811,10,3.966506816441964e-05,0
2792,10,3.966506816441964e-05,0
2758,10,3.966506816441964e-05,0
2768,10,3.966506816441964e-05,0
2769,10,3.966506816441964e-05,0
604,10,3.966506816441964e-05,0
2854,10,3.966506816441964e-05,0
581,10,3.966506816441964e-05,0
2875,10,3.966506816441964e-05,0
1607,10,3.966506816441964e-05,0
1976,10,3.966506816441964e-05,0
1558,10,3.966506816441964e-05,0
1956,10,3.966506816441964e-05,0
1593,10,3.966506816441964e-05,0
1280,10,3.966506816441964e-05,0
2206,10,3.966506816441964e-05,0
2249,10,3.966506816441964e-05,0
1172,10,3.966506816441964e-05,0
2621,10,3.966506816441964e-05,0
2623,10,3.966506816441964e-05,0
2676,10,3.966506816441964e-05,0
1951,10,3.966506816441964e-05,0
1834,10,3.966506816441964e-05,0
1840,10,3.966506816441964e-05,0
1844,10,3.966506816441964e-05,0
1689,10,3.966506816441964e-05,0
3459,10,3.966506816441964e-05,0
1711,10,3.966506816441964e-05,0
3378,10,3.966506816441964e-05,0
3327,10,3.966506816441964e-05,0
3347,10,3.966506816441964e-05,0
3638,10,3.966506816441964e-05,0
3629,10,3.966506816441964e-05,0
3618,10,3.966506816441964e-05,0
2178,10,3.966506816441964e-05,0
3639,10,3.966506816441964e-05,0
2081,10,3.966506816441964e-05,0
2083,10,3.966506816441964e-05,0
2156,10,3.966506816441964e-05,0
3635,10,3.966506816441964e-05,0
3699,10,3.966506816441964e-05,0
3710,10,3.966506816441964e-05,0
1418,10,3.966506816441964e-05,0
3222,10,3.966506816441964e-05,0
2698,10,3.966506816441964e-05,0
2199,10,3.966506816441964e-05,0
3667,10,3.966506816441964e-05,0
3656,10,3.966506816441964e-05,0
2140,10,3.966506816441964e-05,0
2702,10,3.966506816441964e-05,0
2704,10,3.966506816441964e-05,0
3247,10,3.966506816441964e-05,0
3225,10,3.966506816441964e-05,0
744,10,3.966506816441964e-05,0
2846,10,3.966506816441964e-05,0
2128,10,3.966506816441964e-05,0
2130,10,3.966506816441964e-05,0
2131,10,3.966506816441964e-05,0
3771,10,3.966506816441964e-05,0
3810,10,3.966506816441964e-05,0
3801,10,3.966506816441964e-05,0
3506,10,3.966506816441964e-05,0
4022,10,3.966506816441964e-05,0
3972,10,3.966506816441964e-05,0
1735,10,3.966506816441964e-05,0
1740,10,3.966506816441964e-05,0
3913,10,3.966506816441964e-05,0
470,10,3.966506816441964e-05,0
4012,10,3.966506816441964e-05,0
2940,10,3.966506816441964e-05,0
12,10,3.966506816441964e-05,0
2379,10,3.966506816441964e-05,0
2507,10,3.966506816441964e-05,0
1794,10,3.966506816441964e-05,0
1027,10,3.966506816441964e-05,0
3013,10,3.966506816441964e-05,0
1745,10,3.966506816441964e-05,0
4061,9,3.569856134797768e-05,0
4024,9,3.569856134797768e-05,0
3940,9,3.569856134797768e-05,0
3955,9,3.569856134797768e-05,0
1700,9,3.569856134797768e-05,0
2069,9,3.569856134797768e-05,0
339,9,3.569856134797768e-05,0
2773,9,3.569856134797768e-05,0
2776,9,3.569856134797768e-05,0
3749,9,3.569856134797768e-05,0
718,9,3.569856134797768e-05,0
3203,9,3.569856134797768e-05,0
1419,9,3.569856134797768e-05,0
1424,9,3.569856134797768e-05,0
3705,9,3.569856134797768e-05,0
2051,9,3.569856134797768e-05,0
3688,9,3.569856134797768e-05,0
3691,9,3.569856134797768e-05,0
3722,9,3.569856134797768e-05,0
3713,9,3.569856134797768e-05,0
1381,9,3.569856134797768e-05,0
2513,9,3.569856134797768e-05,0
3877,9,3.569856134797768e-05,0
3874,9,3.569856134797768e-05,0
47,9,3.569856134797768e-05,0
2351,9,3.569856134797768e-05,0
2355,9,3.569856134797768e-05,0
1072,9,3.569856134797768e-05,0
2455,9,3.569856134797768e-05,0
2343,9,3.569856134797768e-05,0
1076,9,3.569856134797768e-05,0
1022,9,3.569856134797768e-05,0
3416,9,3.569856134797768e-05,0
999,9,3.569856134797768e-05,0
1001,9,3.569856134797768e-05,0
989,9,3.569856134797768e-05,0
2423,9,3.569856134797768e-05,0
1384,9,3.569856134797768e-05,0
3237,9,3.569856134797768e-05,0
3241,9,3.569856134797768e-05,0
2708,9,3.569856134797768e-05,0
2794,9,3.569856134797768e-05,0
2166,9,3.569856134797768e-05,0
1437,9,3.569856134797768e-05,0
1373,9,3.569856134797768e-05,0
1514,9,3.569856134797768e-05,0
2807,9,3.569856134797768e-05,0
2810,9,3.569856134797768e-05,0
2030,9,3.569856134797768e-05,0
2799,9,3.569856134797768e-05,0
646,9,3.569856134797768e-05,0
2291,9,3.569856134797768e-05,0
2536,9,3.569856134797768e-05,0
140,9,3.569856134797768e-05,0
3451,9,3.569856134797768e-05,0
3484,9,3.569856134797768e-05,0
3487,9,3.569856134797768e-05,0
2357,9,3.569856134797768e-05,0
1100,9,3.569856134797768e-05,0
1654,9,3.569856134797768e-05,0
1930,9,3.569856134797768e-05,0
582,9,3.569856134797768e-05,0
56,9,3.569856134797768e-05,0
3876,9,3.569856134797768e-05,0
3044,9,3.569856134797768e-05,0
3048,9,3.569856134797768e-05,0
2034,9,3.569856134797768e-05,0
2222,9,3.569856134797768e-05,0
2186,9,3.569856134797768e-05,0
3644,9,3.569856134797768e-05,0
780,9,3.569856134797768e-05,0
2679,9,3.569856134797768e-05,0
3673,9,3.569856134797768e-05,0
3636,9,3.569856134797768e-05,0
3619,9,3.569856134797768e-05,0
3621,9,3.569856134797768e-05,0
2213,9,3.569856134797768e-05,0
2610,9,3.569856134797768e-05,0
806,9,3.569856134797768e-05,0
813,9,3.569856134797768e-05,0
2149,9,3.569856134797768e-05,0
1322,9,3.569856134797768e-05,0
1614,9,3.569856134797768e-05,0
1938,9,3.569856134797768e-05,0
1975,9,3.569856134797768e-05,0
2582,9,3.569856134797768e-05,0
2281,9,3.569856134797768e-05,0
842,9,3.569856134797768e-05,0
3524,9,3.569856134797768e-05,0
2307,9,3.569856134797768e-05,0
2285,9,3.569856134797768e-05,0
2272,9,3.569856134797768e-05,0
3341,9,3.569856134797768e-05,0
226,9,3.569856134797768e-05,0
2481,9,3.569856134797768e-05,0
2489,9,3.569856134797768e-05,0
2494,9,3.569856134797768e-05,0
3367,9,3.569856134797768e-05,0
3368,9,3.569856134797768e-05,0
3526,9,3.569856134797768e-05,0
3532,9,3.569856134797768e-05,0
3291,9,3.569856134797768e-05,0
3264,9,3.569856134797768e-05,0
1265,9,3.569856134797768e-05,0
2630,9,3.569856134797768e-05,0
1251,9,3.569856134797768e-05,0
1259,9,3.569856134797768e-05,0
3819,9,3.569856134797768e-05,0
3809,9,3.569856134797768e-05,0
2825,9,3.569856134797768e-05,0
3084,9,3.569856134797768e-05,0
3790,9,3.569856134797768e-05,0
3780,9,3.569856134797768e-05,0
3319,9,3.569856134797768e-05,0
3772,9,3.569856134797768e-05,0
1175,9,3.569856134797768e-05,0
1191,9,3.569856134797768e-05,0
2238,9,3.569856134797768e-05,0
3305,9,3.569856134797768e-05,0
3309,9,3.569856134797768e-05,0
3076,9,3.569856134797768e-05,0
3069,9,3.569856134797768e-05,0
1584,9,3.569856134797768e-05,0
3564,9,3.569856134797768e-05,0
3566,9,3.569856134797768e-05,0
126,9,3.569856134797768e-05,0
1552,9,3.569856134797768e-05,0
3869,9,3.569856134797768e-05,0
1505,9,3.569856134797768e-05,0
368,9,3.569856134797768e-05,0
3003,9,3.569856134797768e-05,0
1764,9,3.569856134797768e-05,0
3019,9,3.569856134797768e-05,0
3021,9,3.569856134797768e-05,0
3172,9,3.569856134797768e-05,0
3170,9,3.569856134797768e-05,0
3154,9,3.569856134797768e-05,0
3152,9,3.569856134797768e-05,0
345,9,3.569856134797768e-05,0
3141,9,3.569856134797768e-05,0
958,9,3.569856134797768e-05,0
3391,9,3.569856134797768e-05,0
3435,9,3.569856134797768e-05,0
3436,9,3.569856134797768e-05,0
1829,9,3.569856134797768e-05,0
1722,9,3.569856134797768e-05,0
1860,9,3.569856134797768e-05,0
3429,9,3.569856134797768e-05,0
3419,9,3.569856134797768e-05,0
2897,9,3.569856134797768e-05,0
561,9,3.569856134797768e-05,0
2929,9,3.569856134797768e-05,0
1849,9,3.569856134797768e-05,0
3896,9,3.569856134797768e-05,0
3900,9,3.569856134797768e-05,0
3902,9,3.569856134797768e-05,0
2921,9,3.569856134797768e-05,0
495,9,3.569856134797768e-05,0
1805,8,3.1732054531535714e-05,0
1807,8,3.1732054531535714e-05,0
1808,8,3.1732054531535714e-05,0
1795,8,3.1732054531535714e-05,0
3033,8,3.1732054531535714e-05,0
571,8,3.1732054531535714e-05,0
2916,8,3.1732054531535714e-05,0
1675,8,3.1732054531535714e-05,0
1864,8,3.1732054531535714e-05,0
3418,8,3.1732054531535714e-05,0
3394,8,3.1732054531535714e-05,0
2385,8,3.1732054531535714e-05,0
2393,8,3.1732054531535714e-05,0
2398,8,3.1732054531535714e-05,0
3750,8,3.1732054531535714e-05,0
1413,8,3.1732054531535714e-05,0
3160,8,3.1732054531535714e-05,0
2009,8,3.1732054531535714e-05,0
2090,8,3.1732054531535714e-05,0
2091,8,3.1732054531535714e-05,0
684,8,3.1732054531535714e-05,0
3163,8,3.1732054531535714e-05,0
4037,8,3.1732054531535714e-05,0
4006,8,3.1732054531535714e-05,0
4004,8,3.1732054531535714e-05,0
451,8,3.1732054531535714e-05,0
4044,8,3.1732054531535714e-05,0
1776,8,3.1732054531535714e-05,0
3010,8,3.1732054531535714e-05,0
1831,8,3.1732054531535714e-05,0
3028,8,3.1732054531535714e-05,0
2944,8,3.1732054531535714e-05,0
2989,8,3.1732054531535714e-05,0
421,8,3.1732054531535714e-05,0
429,8,3.1732054531535714e-05,0
1699,8,3.1732054531535714e-05,0
1624,8,3.1732054531535714e-05,0
3862,8,3.1732054531535714e-05,0
3859,8,3.1732054531535714e-05,0
3848,8,3.1732054531535714e-05,0
1570,8,3.1732054531535714e-05,0
1577,8,3.1732054531535714e-05,0
3553,8,3.1732054531535714e-05,0
1199,8,3.1732054531535714e-05,0
2235,8,3.1732054531535714e-05,0
3310,8,3.1732054531535714e-05,0
2576,8,3.1732054531535714e-05,0
3311,8,3.1732054531535714e-05,0
638,8,3.1732054531535714e-05,0
2819,8,3.1732054531535714e-05,0
3095,8,3.1732054531535714e-05,0
3080,8,3.1732054531535714e-05,0
3802,8,3.1732054531535714e-05,0
3769,8,3.1732054531535714e-05,0
3828,8,3.1732054531535714e-05,0
3821,8,3.1732054531535714e-05,0
3798,8,3.1732054531535714e-05,0
2844,8,3.1732054531535714e-05,0
2827,8,3.1732054531535714e-05,0
2248,8,3.1732054531535714e-05,0
266,8,3.1732054531535714e-05,0
269,8,3.1732054531535714e-05,0
2652,8,3.1732054531535714e-05,0
781,8,3.1732054531535714e-05,0
1269,8,3.1732054531535714e-05,0
2208,8,3.1732054531535714e-05,0
3588,8,3.1732054531535714e-05,0
3577,8,3.1732054531535714e-05,0
3287,8,3.1732054531535714e-05,0
3266,8,3.1732054531535714e-05,0
1237,8,3.1732054531535714e-05,0
3541,8,3.1732054531535714e-05,0
2315,8,3.1732054531535714e-05,0
232,8,3.1732054531535714e-05,0
2359,8,3.1732054531535714e-05,0
2362,8,3.1732054531535714e-05,0
862,8,3.1732054531535714e-05,0
838,8,3.1732054531535714e-05,0
3351,8,3.1732054531535714e-05,0
3352,8,3.1732054531535714e-05,0
1608,8,3.1732054531535714e-05,0
1936,8,3.1732054531535714e-05,0
1945,8,3.1732054531535714e-05,0
1512,8,3.1732054531535714e-05,0
2608,8,3.1732054531535714e-05,0
2600,8,3.1732054531535714e-05,0
1317,8,3.1732054531535714e-05,0
1327,8,3.1732054531535714e-05,0
2138,8,3.1732054531535714e-05,0
3666,8,3.1732054531535714e-05,0
766,8,3.1732054531535714e-05,0
1297,8,3.1732054531535714e-05,0
2682,8,3.1732054531535714e-05,0
2662,8,3.1732054531535714e-05,0
3138,8,3.1732054531535714e-05,0
3109,8,3.1732054531535714e-05,0
3118,8,3.1732054531535714e-05,0
3103,8,3.1732054531535714e-05,0
2040,8,3.1732054531535714e-05,0
2042,8,3.1732054531535714e-05,0
1645,8,3.1732054531535714e-05,0
3050,8,3.1732054531535714e-05,0
3047,8,3.1732054531535714e-05,0
3032,8,3.1732054531535714e-05,0
1636,8,3.1732054531535714e-05,0
1582,8,3.1732054531535714e-05,0
3063,8,3.1732054531535714e-05,0
3068,8,3.1732054531535714e-05,0
3489,8,3.1732054531535714e-05,0
847,8,3.1732054531535714e-05,0
851,8,3.1732054531535714e-05,0
859,8,3.1732054531535714e-05,0
1101,8,3.1732054531535714e-05,0
3370,8,3.1732054531535714e-05,0
223,8,3.1732054531535714e-05,0
2535,8,3.1732054531535714e-05,0
148,8,3.1732054531535714e-05,0
667,8,3.1732054531535714e-05,0
2782,8,3.1732054531535714e-05,0
1985,8,3.1732054531535714e-05,0
1997,8,3.1732054531535714e-05,0
1482,8,3.1732054531535714e-05,0
1519,8,3.1732054531535714e-05,0
1442,8,3.1732054531535714e-05,0
1444,8,3.1732054531535714e-05,0
2747,8,3.1732054531535714e-05,0
2808,8,3.1732054531535714e-05,0
1404,8,3.1732054531535714e-05,0
2159,8,3.1732054531535714e-05,0
2145,8,3.1732054531535714e-05,0
2120,8,3.1732054531535714e-05,0
1408,8,3.1732054531535714e-05,0
3251,8,3.1732054531535714e-05,0
3234,8,3.1732054531535714e-05,0
3657,8,3.1732054531535714e-05,0
3438,8,3.1732054531535714e-05,0
2437,8,3.1732054531535714e-05,0
3410,8,3.1732054531535714e-05,0
2327,8,3.1732054531535714e-05,0
3480,8,3.1732054531535714e-05,0
3467,8,3.1732054531535714e-05,0
2412,8,3.1732054531535714e-05,0
2350,8,3.1732054531535714e-05,0
880,8,3.1732054531535714e-05,0
884,8,3.1732054531535714e-05,0
2367,8,3.1732054531535714e-05,0
2471,8,3.1732054531535714e-05,0
2518,8,3.1732054531535714e-05,0
872,8,3.1732054531535714e-05,0
3873,8,3.1732054531535714e-05,0
37,8,3.1732054531535714e-05,0
3653,8,3.1732054531535714e-05,0
2658,8,3.1732054531535714e-05,0
3256,8,3.1732054531535714e-05,0
3729,8,3.1732054531535714e-05,0
3724,8,3.1732054531535714e-05,0
3200,8,3.1732054531535714e-05,0
1458,8,3.1732054531535714e-05,0
3740,8,3.1732054531535714e-05,0
3702,8,3.1732054531535714e-05,0
3689,8,3.1732054531535714e-05,0
3694,8,3.1732054531535714e-05,0
3223,8,3.1732054531535714e-05,0
3697,8,3.1732054531535714e-05,0
3700,8,3.1732054531535714e-05,0
2056,8,3.1732054531535714e-05,0
3751,8,3.1732054531535714e-05,0
3929,8,3.1732054531535714e-05,0
475,8,3.1732054531535714e-05,0
476,8,3.1732054531535714e-05,0
3924,8,3.1732054531535714e-05,0
3957,8,3.1732054531535714e-05,0
3948,8,3.1732054531535714e-05,0
3949,8,3.1732054531535714e-05,0
3951,8,3.1732054531535714e-05,0
4066,8,3.1732054531535714e-05,0
4065,8,3.1732054531535714e-05,0
3981,8,3.1732054531535714e-05,0
3964,8,3.1732054531535714e-05,0
3968,8,3.1732054531535714e-05,0
4059,7,2.7765547715093748e-05,0
3963,7,2.7765547715093748e-05,0
3967,7,2.7765547715093748e-05,0
3969,7,2.7765547715093748e-05,0
3956,7,2.7765547715093748e-05,0
3938,7,2.7765547715093748e-05,0
3942,7,2.7765547715093748e-05,0
1821,7,2.7765547715093748e-05,0
1697,7,2.7765547715093748e-05,0
1698,7,2.7765547715093748e-05,0
2985,7,2.7765547715093748e-05,0
2986,7,2.7765547715093748e-05,0
419,7,2.7765547715093748e-05,0
4083,7,2.7765547715093748e-05,0
3904,7,2.7765547715093748e-05,0
3905,7,2.7765547715093748e-05,0
2902,7,2.7765547715093748e-05,0
2910,7,2.7765547715093748e-05,0
3023,7,2.7765547715093748e-05,0
3029,7,2.7765547715093748e-05,0
3030,7,2.7765547715093748e-05,0
408,7,2.7765547715093748e-05,0
3005,7,2.7765547715093748e-05,0
3006,7,2.7765547715093748e-05,0
2962,7,2.7765547715093748e-05,0
2955,7,2.7765547715093748e-05,0
1760,7,2.7765547715093748e-05,0
1753,7,2.7765547715093748e-05,0
4036,7,2.7765547715093748e-05,0
3994,7,2.7765547715093748e-05,0
4013,7,2.7765547715093748e-05,0
4025,7,2.7765547715093748e-05,0
1744,7,2.7765547715093748e-05,0
2092,7,2.7765547715093748e-05,0
697,7,2.7765547715093748e-05,0
3159,7,2.7765547715093748e-05,0
3148,7,2.7765547715093748e-05,0
3766,7,2.7765547715093748e-05,0
70,7,2.7765547715093748e-05,0
77,7,2.7765547715093748e-05,0
79,7,2.7765547715093748e-05,0
2774,7,2.7765547715093748e-05,0
2766,7,2.7765547715093748e-05,0
2757,7,2.7765547715093748e-05,0
2084,7,2.7765547715093748e-05,0
3708,7,2.7765547715093748e-05,0
3696,7,2.7765547715093748e-05,0
692,7,2.7765547715093748e-05,0
1452,7,2.7765547715093748e-05,0
3742,7,2.7765547715093748e-05,0
3745,7,2.7765547715093748e-05,0
3730,7,2.7765547715093748e-05,0
3725,7,2.7765547715093748e-05,0
2086,7,2.7765547715093748e-05,0
3661,7,2.7765547715093748e-05,0
3651,7,2.7765547715093748e-05,0
3261,7,2.7765547715093748e-05,0
3250,7,2.7765547715093748e-05,0
3228,7,2.7765547715093748e-05,0
3232,7,2.7765547715093748e-05,0
2691,7,2.7765547715093748e-05,0
2695,7,2.7765547715093748e-05,0
2697,7,2.7765547715093748e-05,0
3685,7,2.7765547715093748e-05,0
2126,7,2.7765547715093748e-05,0
2165,7,2.7765547715093748e-05,0
1343,7,2.7765547715093748e-05,0
2093,7,2.7765547715093748e-05,0
2742,7,2.7765547715093748e-05,0
2746,7,2.7765547715093748e-05,0
2809,7,2.7765547715093748e-05,0
1520,7,2.7765547715093748e-05,0
3120,7,2.7765547715093748e-05,0
3116,7,2.7765547715093748e-05,0
3099,7,2.7765547715093748e-05,0
3102,7,2.7765547715093748e-05,0
783,7,2.7765547715093748e-05,0
788,7,2.7765547715093748e-05,0
2622,7,2.7765547715093748e-05,0
2678,7,2.7765547715093748e-05,0
750,7,2.7765547715093748e-05,0
2181,7,2.7765547715093748e-05,0
2183,7,2.7765547715093748e-05,0
3646,7,2.7765547715093748e-05,0
3633,7,2.7765547715093748e-05,0
3620,7,2.7765547715093748e-05,0
2218,7,2.7765547715093748e-05,0
3663,7,2.7765547715093748e-05,0
817,7,2.7765547715093748e-05,0
2597,7,2.7765547715093748e-05,0
803,7,2.7765547715093748e-05,0
3262,7,2.7765547715093748e-05,0
1262,7,2.7765547715093748e-05,0
3604,7,2.7765547715093748e-05,0
3598,7,2.7765547715093748e-05,0
2251,7,2.7765547715093748e-05,0
2641,7,2.7765547715093748e-05,0
2837,7,2.7765547715093748e-05,0
2839,7,2.7765547715093748e-05,0
2847,7,2.7765547715093748e-05,0
1961,7,2.7765547715093748e-05,0
1542,7,2.7765547715093748e-05,0
3835,7,2.7765547715093748e-05,0
3822,7,2.7765547715093748e-05,0
3808,7,2.7765547715093748e-05,0
3788,7,2.7765547715093748e-05,0
3789,7,2.7765547715093748e-05,0
3794,7,2.7765547715093748e-05,0
3795,7,2.7765547715093748e-05,0
3776,7,2.7765547715093748e-05,0
620,7,2.7765547715093748e-05,0
2553,7,2.7765547715093748e-05,0
2560,7,2.7765547715093748e-05,0
3321,7,2.7765547715093748e-05,0
3313,7,2.7765547715093748e-05,0
3315,7,2.7765547715093748e-05,0
3316,7,2.7765547715093748e-05,0
3296,7,2.7765547715093748e-05,0
3297,7,2.7765547715093748e-05,0
3299,7,2.7765547715093748e-05,0
3300,7,2.7765547715093748e-05,0
3574,7,2.7765547715093748e-05,0
3560,7,2.7765547715093748e-05,0
3562,7,2.7765547715093748e-05,0
116,7,2.7765547715093748e-05,0
3551,7,2.7765547715093748e-05,0
2278,7,2.7765547715093748e-05,0
2601,7,2.7765547715093748e-05,0
370,7,2.7765547715093748e-05,0
359,7,2.7765547715093748e-05,0
3865,7,2.7765547715093748e-05,0
3849,7,2.7765547715093748e-05,0
3851,7,2.7765547715093748e-05,0
1507,7,2.7765547715093748e-05,0
1889,7,2.7765547715093748e-05,0
1617,7,2.7765547715093748e-05,0
1625,7,2.7765547715093748e-05,0
1603,7,2.7765547715093748e-05,0
1947,7,2.7765547715093748e-05,0
1928,7,2.7765547715093748e-05,0
3337,7,2.7765547715093748e-05,0
3335,7,2.7765547715093748e-05,0
3329,7,2.7765547715093748e-05,0
2283,7,2.7765547715093748e-05,0
2276,7,2.7765547715093748e-05,0
2257,7,2.7765547715093748e-05,0
2261,7,2.7765547715093748e-05,0
2268,7,2.7765547715093748e-05,0
3543,7,2.7765547715093748e-05,0
3535,7,2.7765547715093748e-05,0
3540,7,2.7765547715093748e-05,0
3533,7,2.7765547715093748e-05,0
3369,7,2.7765547715093748e-05,0
3355,7,2.7765547715093748e-05,0
3359,7,2.7765547715093748e-05,0
2541,7,2.7765547715093748e-05,0
1092,7,2.7765547715093748e-05,0
1103,7,2.7765547715093748e-05,0
3508,7,2.7765547715093748e-05,0
3509,7,2.7765547715093748e-05,0
3483,7,2.7765547715093748e-05,0
3485,7,2.7765547715093748e-05,0
2876,7,2.7765547715093748e-05,0
2864,7,2.7765547715093748e-05,0
2850,7,2.7765547715093748e-05,0
3053,7,2.7765547715093748e-05,0
1639,7,2.7765547715093748e-05,0
3880,7,2.7765547715093748e-05,0
3882,7,2.7765547715093748e-05,0
3883,7,2.7765547715093748e-05,0
3885,7,2.7765547715093748e-05,0
3878,7,2.7765547715093748e-05,0
36,7,2.7765547715093748e-05,0
1902,7,2.7765547715093748e-05,0
2477,7,2.7765547715093748e-05,0
897,7,2.7765547715093748e-05,0
873,7,2.7765547715093748e-05,0
3456,7,2.7765547715093748e-05,0
137,7,2.7765547715093748e-05,0
2371,7,2.7765547715093748e-05,0
1084,7,2.7765547715093748e-05,0
2413,7,2.7765547715093748e-05,0
2349,7,2.7765547715093748e-05,0
2340,7,2.7765547715093748e-05,0
3463,7,2.7765547715093748e-05,0
3466,7,2.7765547715093748e-05,0
139,7,2.7765547715093748e-05,0
4043,7,2.7765547715093748e-05,0
929,7,2.7765547715093748e-05,0
2429,7,2.7765547715093748e-05,0
3407,7,2.7765547715093748e-05,0
3412,7,2.7765547715093748e-05,0
3414,7,2.7765547715093748e-05,0
3398,7,2.7765547715093748e-05,0
3403,7,2.7765547715093748e-05,0
163,7,2.7765547715093748e-05,0
3446,7,2.7765547715093748e-05,0
3439,7,2.7765547715093748e-05,0
3426,7,2.7765547715093748e-05,0
3430,7,2.7765547715093748e-05,0
1873,7,2.7765547715093748e-05,0
1865,7,2.7765547715093748e-05,0
3034,7,2.7765547715093748e-05,0
3038,7,2.7765547715093748e-05,0
1811,7,2.7765547715093748e-05,0
1792,7,2.7765547715093748e-05,0
1797,7,2.7765547715093748e-05,0
3919,7,2.7765547715093748e-05,0
3907,7,2.7765547715093748e-05,0
4019,6,2.3799040898651785e-05,0
4060,6,2.3799040898651785e-05,0
3987,6,2.3799040898651785e-05,0
3988,6,2.3799040898651785e-05,0
3975,6,2.3799040898651785e-05,0
3979,6,2.3799040898651785e-05,0
3980,6,2.3799040898651785e-05,0
3959,6,2.3799040898651785e-05,0
3961,6,2.3799040898651785e-05,0
3966,6,2.3799040898651785e-05,0
2972,6,2.3799040898651785e-05,0
2975,6,2.3799040898651785e-05,0
2978,6,2.3799040898651785e-05,0
432,6,2.3799040898651785e-05,0
2980,6,2.3799040898651785e-05,0
2981,6,2.3799040898651785e-05,0
4089,6,2.3799040898651785e-05,0
2971,6,2.3799040898651785e-05,0
4074,6,2.3799040898651785e-05,0
4076,6,2.3799040898651785e-05,0
3952,6,2.3799040898651785e-05,0
3936,6,2.3799040898651785e-05,0
3944,6,2.3799040898651785e-05,0
1806,6,2.3799040898651785e-05,0
3930,6,2.3799040898651785e-05,0
3931,6,2.3799040898651785e-05,0
1790,6,2.3799040898651785e-05,0
3921,6,2.3799040898651785e-05,0
1669,6,2.3799040898651785e-05,0
1694,6,2.3799040898651785e-05,0
1830,6,2.3799040898651785e-05,0
1832,6,2.3799040898651785e-05,0
1876,6,2.3799040898651785e-05,0
1705,6,2.3799040898651785e-05,0
2914,6,2.3799040898651785e-05,0
482,6,2.3799040898651785e-05,0
492,6,2.3799040898651785e-05,0
494,6,2.3799040898651785e-05,0
3027,6,2.3799040898651785e-05,0
3007,6,2.3799040898651785e-05,0
3001,6,2.3799040898651785e-05,0
3894,6,2.3799040898651785e-05,0
3895,6,2.3799040898651785e-05,0
1856,6,2.3799040898651785e-05,0
1649,6,2.3799040898651785e-05,0
1650,6,2.3799040898651785e-05,0
1656,6,2.3799040898651785e-05,0
3886,6,2.3799040898651785e-05,0
3889,6,2.3799040898651785e-05,0
1893,6,2.3799040898651785e-05,0
1901,6,2.3799040898651785e-05,0
1905,6,2.3799040898651785e-05,0
54,6,2.3799040898651785e-05,0
1924,6,2.3799040898651785e-05,0
1933,6,2.3799040898651785e-05,0
1611,6,2.3799040898651785e-05,0
1918,6,2.3799040898651785e-05,0
1571,6,2.3799040898651785e-05,0
3853,6,2.3799040898651785e-05,0
3854,6,2.3799040898651785e-05,0
3857,6,2.3799040898651785e-05,0
3860,6,2.3799040898651785e-05,0
3844,6,2.3799040898651785e-05,0
1510,6,2.3799040898651785e-05,0
1511,6,2.3799040898651785e-05,0
1547,6,2.3799040898651785e-05,0
1549,6,2.3799040898651785e-05,0
1972,6,2.3799040898651785e-05,0
1978,6,2.3799040898651785e-05,0
3827,6,2.3799040898651785e-05,0
3823,6,2.3799040898651785e-05,0
3824,6,2.3799040898651785e-05,0
3804,6,2.3799040898651785e-05,0
3051,6,2.3799040898651785e-05,0
3054,6,2.3799040898651785e-05,0
2900,6,2.3799040898651785e-05,0
3039,6,2.3799040898651785e-05,0
535,6,2.3799040898651785e-05,0
1995,6,2.3799040898651785e-05,0
1527,6,2.3799040898651785e-05,0
2046,6,2.3799040898651785e-05,0
1441,6,2.3799040898651785e-05,0
1525,6,2.3799040898651785e-05,0
2017,6,2.3799040898651785e-05,0
2018,6,2.3799040898651785e-05,0
2032,6,2.3799040898651785e-05,0
3762,6,2.3799040898651785e-05,0
3767,6,2.3799040898651785e-05,0
3755,6,2.3799040898651785e-05,0
3759,6,2.3799040898651785e-05,0
2067,6,2.3799040898651785e-05,0
2070,6,2.3799040898651785e-05,0
80,6,2.3799040898651785e-05,0
3741,6,2.3799040898651785e-05,0
3733,6,2.3799040898651785e-05,0
3736,6,2.3799040898651785e-05,0
2109,6,2.3799040898651785e-05,0
3712,6,2.3799040898651785e-05,0
3714,6,2.3799040898651785e-05,0
3716,6,2.3799040898651785e-05,0
1427,6,2.3799040898651785e-05,0
2104,6,2.3799040898651785e-05,0
2817,6,2.3799040898651785e-05,0
3088,6,2.3799040898651785e-05,0
2857,6,2.3799040898651785e-05,0
2859,6,2.3799040898651785e-05,0
2863,6,2.3799040898651785e-05,0
2867,6,2.3799040898651785e-05,0
2872,6,2.3799040898651785e-05,0
2848,6,2.3799040898651785e-05,0
593,6,2.3799040898651785e-05,0
603,6,2.3799040898651785e-05,0
3690,6,2.3799040898651785e-05,0
2136,6,2.3799040898651785e-05,0
3681,6,2.3799040898651785e-05,0
2163,6,2.3799040898651785e-05,0
1375,6,2.3799040898651785e-05,0
1319,6,2.3799040898651785e-05,0
1336,6,2.3799040898651785e-05,0
3672,6,2.3799040898651785e-05,0
3652,6,2.3799040898651785e-05,0
3662,6,2.3799040898651785e-05,0
2188,6,2.3799040898651785e-05,0
3648,6,2.3799040898651785e-05,0
3650,6,2.3799040898651785e-05,0
1289,6,2.3799040898651785e-05,0
1308,6,2.3799040898651785e-05,0
3640,6,2.3799040898651785e-05,0
3628,6,2.3799040898651785e-05,0
3614,6,2.3799040898651785e-05,0
3616,6,2.3799040898651785e-05,0
1252,6,2.3799040898651785e-05,0
1219,6,2.3799040898651785e-05,0
3133,6,2.3799040898651785e-05,0
656,6,2.3799040898651785e-05,0
3122,6,2.3799040898651785e-05,0
3132,6,2.3799040898651785e-05,0
3108,6,2.3799040898651785e-05,0
617,6,2.3799040898651785e-05,0
2823,6,2.3799040898651785e-05,0
3600,6,2.3799040898651785e-05,0
3602,6,2.3799040898651785e-05,0
3586,6,2.3799040898651785e-05,0
3576,6,2.3799040898651785e-05,0
3581,6,2.3799040898651785e-05,0
3583,6,2.3799040898651785e-05,0
1201,6,2.3799040898651785e-05,0
1184,6,2.3799040898651785e-05,0
3570,6,2.3799040898651785e-05,0
3550,6,2.3799040898651785e-05,0
115,6,2.3799040898651785e-05,0
1128,6,2.3799040898651785e-05,0
3547,6,2.3799040898651785e-05,0
3548,6,2.3799040898651785e-05,0
1123,6,2.3799040898651785e-05,0
3542,6,2.3799040898651785e-05,0
3518,6,2.3799040898651785e-05,0
3519,6,2.3799040898651785e-05,0
3520,6,2.3799040898651785e-05,0
2306,6,2.3799040898651785e-05,0
2321,6,2.3799040898651785e-05,0
2303,6,2.3799040898651785e-05,0
1110,6,2.3799040898651785e-05,0
336,6,2.3799040898651785e-05,0
3142,6,2.3799040898651785e-05,0
3149,6,2.3799040898651785e-05,0
2760,6,2.3799040898651785e-05,0
2754,6,2.3799040898651785e-05,0
668,6,2.3799040898651785e-05,0
3504,6,2.3799040898651785e-05,0
2289,6,2.3799040898651785e-05,0
3496,6,2.3799040898651785e-05,0
3500,6,2.3799040898651785e-05,0
3488,6,2.3799040898651785e-05,0
3474,6,2.3799040898651785e-05,0
3479,6,2.3799040898651785e-05,0
3457,6,2.3799040898651785e-05,0
154,6,2.3799040898651785e-05,0
3460,6,2.3799040898651785e-05,0
2374,6,2.3799040898651785e-05,0
3452,6,2.3799040898651785e-05,0
3454,6,2.3799040898651785e-05,0
1047,6,2.3799040898651785e-05,0
1049,6,2.3799040898651785e-05,0
3449,6,2.3799040898651785e-05,0
3450,6,2.3799040898651785e-05,0
2406,6,2.3799040898651785e-05,0
3433,6,2.3799040898651785e-05,0
3437,6,2.3799040898651785e-05,0
3422,6,2.3799040898651785e-05,0
3423,6,2.3799040898651785e-05,0
3424,6,2.3799040898651785e-05,0
978,6,2.3799040898651785e-05,0
985,6,2.3799040898651785e-05,0
2433,6,2.3799040898651785e-05,0
2435,6,2.3799040898651785e-05,0
2439,6,2.3799040898651785e-05,0
2428,6,2.3799040898651785e-05,0
2722,6,2.3799040898651785e-05,0
3187,6,2.3799040898651785e-05,0
3188,6,2.3799040898651785e-05,0
3189,6,2.3799040898651785e-05,0
3177,6,2.3799040898651785e-05,0
3183,6,2.3799040898651785e-05,0
3157,6,2.3799040898651785e-05,0
3393,6,2.3799040898651785e-05,0
919,6,2.3799040898651785e-05,0
925,6,2.3799040898651785e-05,0
2467,6,2.3799040898651785e-05,0
907,6,2.3799040898651785e-05,0
914,6,2.3799040898651785e-05,0
2509,6,2.3799040898651785e-05,0
2517,6,2.3799040898651785e-05,0
2519,6,2.3799040898651785e-05,0
2520,6,2.3799040898651785e-05,0
2525,6,2.3799040898651785e-05,0
2485,6,2.3799040898651785e-05,0
882,6,2.3799040898651785e-05,0
890,6,2.3799040898651785e-05,0
893,6,2.3799040898651785e-05,0
3379,6,2.3799040898651785e-05,0
3380,6,2.3799040898651785e-05,0
3386,6,2.3799040898651785e-05,0
212,6,2.3799040898651785e-05,0
220,6,2.3799040898651785e-05,0
3366,6,2.3799040898651785e-05,0
2547,6,2.3799040898651785e-05,0
2705,6,2.3799040898651785e-05,0
3209,6,2.3799040898651785e-05,0
3211,6,2.3799040898651785e-05,0
3213,6,2.3799040898651785e-05,0
3202,6,2.3799040898651785e-05,0
313,6,2.3799040898651785e-05,0
316,6,2.3799040898651785e-05,0
2730,6,2.3799040898651785e-05,0
2732,6,2.3799040898651785e-05,0
2734,6,2.3799040898651785e-05,0
2737,6,2.3799040898651785e-05,0
3198,6,2.3799040898651785e-05,0
2533,6,2.3799040898651785e-05,0
3336,6,2.3799040898651785e-05,0
3344,6,2.3799040898651785e-05,0
2552,6,2.3799040898651785e-05,0
2571,6,2.3799040898651785e-05,0
3308,6,2.3799040898651785e-05,0
2606,6,2.3799040898651785e-05,0
2609,6,2.3799040898651785e-05,0
2611,6,2.3799040898651785e-05,0
812,6,2.3799040898651785e-05,0
2599,6,2.3799040898651785e-05,0
3276,6,2.3799040898651785e-05,0
3283,6,2.3799040898651785e-05,0
273,6,2.3799040898651785e-05,0
3267,6,2.3799040898651785e-05,0
782,6,2.3799040898651785e-05,0
800,6,2.3799040898651785e-05,0
2638,6,2.3799040898651785e-05,0
2646,6,2.3799040898651785e-05,0
2674,6,2.3799040898651785e-05,0
2683,6,2.3799040898651785e-05,0
2624,6,2.3799040898651785e-05,0
2660,6,2.3799040898651785e-05,0
3236,6,2.3799040898651785e-05,0
3239,6,2.3799040898651785e-05,0
3243,6,2.3799040898651785e-05,0
2707,6,2.3799040898651785e-05,0
2712,6,2.3799040898651785e-05,0
2715,6,2.3799040898651785e-05,0
4011,6,2.3799040898651785e-05,0
4000,6,2.3799040898651785e-05,0
4003,6,2.3799040898651785e-05,0
1766,6,2.3799040898651785e-05,0
1771,6,2.3799040898651785e-05,0
3995,6,2.3799040898651785e-05,0
3997,6,2.3799040898651785e-05,0
3998,6,2.3799040898651785e-05,0
3999,6,2.3799040898651785e-05,0
4067,6,2.3799040898651785e-05,0
1751,6,2.3799040898651785e-05,0
4034,6,2.3799040898651785e-05,0
4035,6,2.3799040898651785e-05,0
4070,6,2.3799040898651785e-05,0
4026,6,2.3799040898651785e-05,0
4029,6,2.3799040898651785e-05,0
4030,6,2.3799040898651785e-05,0
4049,6,2.3799040898651785e-05,0
4042,6,2.3799040898651785e-05,0
4051,5,1.983253408220982e-05,0
4046,5,1.983253408220982e-05,0
4041,5,1.983253408220982e-05,0
4082,5,1.983253408220982e-05,0
4031,5,1.983253408220982e-05,0
4086,5,1.983253408220982e-05,0
4028,5,1.983253408220982e-05,0
4027,5,1.983253408220982e-05,0
3953,5,1.983253408220982e-05,0
3954,5,1.983253408220982e-05,0
4054,5,1.983253408220982e-05,0
4073,5,1.983253408220982e-05,0
4062,5,1.983253408220982e-05,0
4038,5,1.983253408220982e-05,0
3976,5,1.983253408220982e-05,0
3977,5,1.983253408220982e-05,0
2022,5,1.983253408220982e-05,0
3746,5,1.983253408220982e-05,0
2045,5,1.983253408220982e-05,0
1447,5,1.983253408220982e-05,0
1513,5,1.983253408220982e-05,0
2000,5,1.983253408220982e-05,0
1480,5,1.983253408220982e-05,0
1483,5,1.983253408220982e-05,0
1500,5,1.983253408220982e-05,0
1999,5,1.983253408220982e-05,0
3773,5,1.983253408220982e-05,0
3328,5,1.983253408220982e-05,0
227,5,1.983253408220982e-05,0
2577,5,1.983253408220982e-05,0
2648,5,1.983253408220982e-05,0
2649,5,1.983253408220982e-05,0
2659,5,1.983253408220982e-05,0
3271,5,1.983253408220982e-05,0
3274,5,1.983253408220982e-05,0
3281,5,1.983253408220982e-05,0
3282,5,1.983253408220982e-05,0
2684,5,1.983253408220982e-05,0
2626,5,1.983253408220982e-05,0
4014,5,1.983253408220982e-05,0
4016,5,1.983253408220982e-05,0
3094,5,1.983253408220982e-05,0
3098,5,1.983253408220982e-05,0
2816,5,1.983253408220982e-05,0
610,5,1.983253408220982e-05,0
3731,5,1.983253408220982e-05,0
3739,5,1.983253408220982e-05,0
2100,5,1.983253408220982e-05,0
2112,5,1.983253408220982e-05,0
1455,5,1.983253408220982e-05,0
1462,5,1.983253408220982e-05,0
2076,5,1.983253408220982e-05,0
3721,5,1.983253408220982e-05,0
505,5,1.983253408220982e-05,0
3774,5,1.983253408220982e-05,0
3779,5,1.983253408220982e-05,0
3781,5,1.983253408220982e-05,0
3920,5,1.983253408220982e-05,0
1666,5,1.983253408220982e-05,0
1677,5,1.983253408220982e-05,0
1696,5,1.983253408220982e-05,0
3897,5,1.983253408220982e-05,0
3908,5,1.983253408220982e-05,0
3910,5,1.983253408220982e-05,0
1778,5,1.983253408220982e-05,0
3914,5,1.983253408220982e-05,0
3916,5,1.983253408220982e-05,0
3917,5,1.983253408220982e-05,0
3918,5,1.983253408220982e-05,0
2618,5,1.983253408220982e-05,0
3301,5,1.983253408220982e-05,0
3923,5,1.983253408220982e-05,0
3927,5,1.983253408220982e-05,0
3320,5,1.983253408220982e-05,0
3323,5,1.983253408220982e-05,0
3325,5,1.983253408220982e-05,0
2615,5,1.983253408220982e-05,0
3338,5,1.983253408220982e-05,0
3340,5,1.983253408220982e-05,0
3342,5,1.983253408220982e-05,0
3350,5,1.983253408220982e-05,0
3208,5,1.983253408220982e-05,0
2528,5,1.983253408220982e-05,0
837,5,1.983253408220982e-05,0
2534,5,1.983253408220982e-05,0
710,5,1.983253408220982e-05,0
716,5,1.983253408220982e-05,0
303,5,1.983253408220982e-05,0
314,5,1.983253408220982e-05,0
320,5,1.983253408220982e-05,0
1663,5,1.983253408220982e-05,0
1863,5,1.983253408220982e-05,0
1872,5,1.983253408220982e-05,0
1884,5,1.983253408220982e-05,0
3214,5,1.983253408220982e-05,0
2882,5,1.983253408220982e-05,0
3679,5,1.983253408220982e-05,0
575,5,1.983253408220982e-05,0
518,5,1.983253408220982e-05,0
524,5,1.983253408220982e-05,0
2890,5,1.983253408220982e-05,0
2892,5,1.983253408220982e-05,0
3066,5,1.983253408220982e-05,0
1372,5,1.983253408220982e-05,0
2119,5,1.983253408220982e-05,0
2122,5,1.983253408220982e-05,0
2123,5,1.983253408220982e-05,0
2858,5,1.983253408220982e-05,0
2865,5,1.983253408220982e-05,0
3684,5,1.983253408220982e-05,0
3686,5,1.983253408220982e-05,0
3692,5,1.983253408220982e-05,0
3693,5,1.983253408220982e-05,0
3190,5,1.983253408220982e-05,0
3168,5,1.983253408220982e-05,0
3169,5,1.983253408220982e-05,0
3171,5,1.983253408220982e-05,0
3374,5,1.983253408220982e-05,0
2706,5,1.983253408220982e-05,0
2540,5,1.983253408220982e-05,0
2543,5,1.983253408220982e-05,0
2480,5,1.983253408220982e-05,0
865,5,1.983253408220982e-05,0
3371,5,1.983253408220982e-05,0
2446,5,1.983253408220982e-05,0
2456,5,1.983253408220982e-05,0
915,5,1.983253408220982e-05,0
3376,5,1.983253408220982e-05,0
3072,5,1.983253408220982e-05,0
355,5,1.983253408220982e-05,0
384,5,1.983253408220982e-05,0
3089,5,1.983253408220982e-05,0
2849,5,1.983253408220982e-05,0
3660,5,1.983253408220982e-05,0
3669,5,1.983253408220982e-05,0
2205,5,1.983253408220982e-05,0
3647,5,1.983253408220982e-05,0
3676,5,1.983253408220982e-05,0
3678,5,1.983253408220982e-05,0
2137,5,1.983253408220982e-05,0
1314,5,1.983253408220982e-05,0
1332,5,1.983253408220982e-05,0
3649,5,1.983253408220982e-05,0
3655,5,1.983253408220982e-05,0
3610,5,1.983253408220982e-05,0
2150,5,1.983253408220982e-05,0
1388,5,1.983253408220982e-05,0
1359,5,1.983253408220982e-05,0
3674,5,1.983253408220982e-05,0
2956,5,1.983253408220982e-05,0
3004,5,1.983253408220982e-05,0
3887,5,1.983253408220982e-05,0
3890,5,1.983253408220982e-05,0
3008,5,1.983253408220982e-05,0
400,5,1.983253408220982e-05,0
3011,5,1.983253408220982e-05,0
3016,5,1.983253408220982e-05,0
479,5,1.983253408220982e-05,0
2476,5,1.983253408220982e-05,0
3389,5,1.983253408220982e-05,0
3392,5,1.983253408220982e-05,0
165,5,1.983253408220982e-05,0
172,5,1.983253408220982e-05,0
3022,5,1.983253408220982e-05,0
2903,5,1.983253408220982e-05,0
3164,5,1.983253408220982e-05,0
3166,5,1.983253408220982e-05,0
1232,5,1.983253408220982e-05,0
3617,5,1.983253408220982e-05,0
641,5,1.983253408220982e-05,0
648,5,1.983253408220982e-05,0
3609,5,1.983253408220982e-05,0
3631,5,1.983253408220982e-05,0
3632,5,1.983253408220982e-05,0
1277,5,1.983253408220982e-05,0
3642,5,1.983253408220982e-05,0
3643,5,1.983253408220982e-05,0
3645,5,1.983253408220982e-05,0
1288,5,1.983253408220982e-05,0
3622,5,1.983253408220982e-05,0
3625,5,1.983253408220982e-05,0
2824,5,1.983253408220982e-05,0
3590,5,1.983253408220982e-05,0
3591,5,1.983253408220982e-05,0
3597,5,1.983253408220982e-05,0
3599,5,1.983253408220982e-05,0
3637,5,1.983253408220982e-05,0
2725,5,1.983253408220982e-05,0
2422,5,1.983253408220982e-05,0
2425,5,1.983253408220982e-05,0
2426,5,1.983253408220982e-05,0
2364,5,1.983253408220982e-05,0
3482,5,1.983253408220982e-05,0
972,5,1.983253408220982e-05,0
2438,5,1.983253408220982e-05,0
687,5,1.983253408220982e-05,0
689,5,1.983253408220982e-05,0
2414,5,1.983253408220982e-05,0
3427,5,1.983253408220982e-05,0
3431,5,1.983253408220982e-05,0
2430,5,1.983253408220982e-05,0
3891,5,1.983253408220982e-05,0
1640,5,1.983253408220982e-05,0
2400,5,1.983253408220982e-05,0
3107,5,1.983253408220982e-05,0
3110,5,1.983253408220982e-05,0
3115,5,1.983253408220982e-05,0
3606,5,1.983253408220982e-05,0
615,5,1.983253408220982e-05,0
628,5,1.983253408220982e-05,0
3117,5,1.983253408220982e-05,0
3127,5,1.983253408220982e-05,0
3129,5,1.983253408220982e-05,0
2835,5,1.983253408220982e-05,0
2838,5,1.983253408220982e-05,0
3812,5,1.983253408220982e-05,0
3036,5,1.983253408220982e-05,0
3049,5,1.983253408220982e-05,0
3057,5,1.983253408220982e-05,0
3061,5,1.983253408220982e-05,0
3065,5,1.983253408220982e-05,0
3826,5,1.983253408220982e-05,0
3799,5,1.983253408220982e-05,0
3806,5,1.983253408220982e-05,0
3811,5,1.983253408220982e-05,0
3875,5,1.983253408220982e-05,0
3866,5,1.983253408220982e-05,0
3871,5,1.983253408220982e-05,0
2369,5,1.983253408220982e-05,0
2370,5,1.983253408220982e-05,0
1949,5,1.983253408220982e-05,0
1606,5,1.983253408220982e-05,0
2361,5,1.983253408220982e-05,0
3461,5,1.983253408220982e-05,0
3471,5,1.983253408220982e-05,0
2365,5,1.983253408220982e-05,0
3486,5,1.983253408220982e-05,0
3493,5,1.983253408220982e-05,0
2337,5,1.983253408220982e-05,0
2354,5,1.983253408220982e-05,0
2360,5,1.983253408220982e-05,0
2762,5,1.983253408220982e-05,0
2763,5,1.983253408220982e-05,0
662,5,1.983253408220982e-05,0
670,5,1.983253408220982e-05,0
2789,5,1.983253408220982e-05,0
2796,5,1.983253408220982e-05,0
2797,5,1.983253408220982e-05,0
2780,5,1.983253408220982e-05,0
343,5,1.983253408220982e-05,0
3139,5,1.983253408220982e-05,0
2740,5,1.983253408220982e-05,0
2743,5,1.983253408220982e-05,0
3838,5,1.983253408220982e-05,0
2770,5,1.983253408220982e-05,0
3843,5,1.983253408220982e-05,0
3847,5,1.983253408220982e-05,0
3850,5,1.983253408220982e-05,0
3852,5,1.983253408220982e-05,0
3856,5,1.983253408220982e-05,0
3858,5,1.983253408220982e-05,0
3861,5,1.983253408220982e-05,0
1539,5,1.983253408220982e-05,0
1551,5,1.983253408220982e-05,0
1959,5,1.983253408220982e-05,0
3815,5,1.983253408220982e-05,0
3816,5,1.983253408220982e-05,0
3818,5,1.983253408220982e-05,0
1142,5,1.983253408220982e-05,0
2274,5,1.983253408220982e-05,0
2275,5,1.983253408220982e-05,0
3833,5,1.983253408220982e-05,0
3834,5,1.983253408220982e-05,0
3836,5,1.983253408220982e-05,0
3575,5,1.983253408220982e-05,0
1153,5,1.983253408220982e-05,0
3556,5,1.983253408220982e-05,0
3559,5,1.983253408220982e-05,0
3561,5,1.983253408220982e-05,0
2254,5,1.983253408220982e-05,0
3567,5,1.983253408220982e-05,0
3568,5,1.983253408220982e-05,0
3147,5,1.983253408220982e-05,0
2298,5,1.983253408220982e-05,0
1157,5,1.983253408220982e-05,0
2250,5,1.983253408220982e-05,0
3530,5,1.983253408220982e-05,0
2316,5,1.983253408220982e-05,0
3521,5,1.983253408220982e-05,0
2265,5,1.983253408220982e-05,0
2266,5,1.983253408220982e-05,0
1137,5,1.983253408220982e-05,0
3525,5,1.983253408220982e-05,0
3501,5,1.983253408220982e-05,0
3503,5,1.983253408220982e-05,0
2290,5,1.983253408220982e-05,0
2293,5,1.983253408220982e-05,0
4068,5,1.983253408220982e-05,0
4071,5,1.983253408220982e-05,0
4064,5,1.983253408220982e-05,0
1748,5,1.983253408220982e-05,0
4052,5,1.983253408220982e-05,0
4053,5,1.983253408220982e-05,0
1762,5,1.983253408220982e-05,0
1774,5,1.983253408220982e-05,0
3996,5,1.983253408220982e-05,0
4002,5,1.983253408220982e-05,0
426,5,1.983253408220982e-05,0
2990,5,1.983253408220982e-05,0
2991,5,1.983253408220982e-05,0
2993,5,1.983253408220982e-05,0
2941,5,1.983253408220982e-05,0
1749,5,1.983253408220982e-05,0
3983,5,1.983253408220982e-05,0
3960,5,1.983253408220982e-05,0
3962,5,1.983253408220982e-05,0
4007,5,1.983253408220982e-05,0
4008,5,1.983253408220982e-05,0
3238,5,1.983253408220982e-05,0
3244,5,1.983253408220982e-05,0
3246,5,1.983253408220982e-05,0
1823,5,1.983253408220982e-05,0
741,5,1.983253408220982e-05,0
751,5,1.983253408220982e-05,0
4079,5,1.983253408220982e-05,0
3943,5,1.983253408220982e-05,0
4023,4,1.5866027265767857e-05,0
3937,4,1.5866027265767857e-05,0
3941,4,1.5866027265767857e-05,0
3945,4,1.5866027265767857e-05,0
3947,4,1.5866027265767857e-05,0
1793,4,1.5866027265767857e-05,-1
1813,4,1.5866027265767857e-05,-1
3932,4,1.5866027265767857e-05,0
3933,4,1.5866027265767857e-05,0
3934,4,1.5866027265767857e-05,0
2653,4,1.5866027265767857e-05,-1
746,4,1.5866027265767857e-05,-1
3242,4,1.5866027265767857e-05,-1
3252,4,1.5866027265767857e-05,-1
3253,4,1.5866027265767857e-05,-1
2614,4,1.5866027265767857e-05,-1
283,4,1.5866027265767857e-05,-1
3277,4,1.5866027265767857e-05,0
779,4,1.5866027265767857e-05,-1
2634,4,1.5866027265767857e-05,-1
2635,4,1.5866027265767857e-05,-1
2647,4,1.5866027265767857e-05,-1
754,4,1.5866027265767857e-05,-1
3717,4,1.5866027265767857e-05,-1
3718,4,1.5866027265767857e-05,-1
3719,4,1.5866027265767857e-05,-1
3097,4,1.5866027265767857e-05,-1
4015,4,1.5866027265767857e-05,-1
3285,4,1.5866027265767857e-05,0
808,4,1.5866027265767857e-05,-1
2598,4,1.5866027265767857e-05,-1
1456,4,1.5866027265767857e-05,-1
1469,4,1.5866027265767857e-05,-1
2060,4,1.5866027265767857e-05,-1
3723,4,1.5866027265767857e-05,-1
3732,4,1.5866027265767857e-05,-1
3734,4,1.5866027265767857e-05,-1
2105,4,1.5866027265767857e-05,-1
2110,4,1.5866027265767857e-05,-1
1777,4,1.5866027265767857e-05,-1
3912,4,1.5866027265767857e-05,-1
3915,4,1.5866027265767857e-05,-1
3909,4,1.5866027265767857e-05,-1
2926,4,1.5866027265767857e-05,-1
3777,4,1.5866027265767857e-05,-1
3783,4,1.5866027265767857e-05,-1
3784,4,1.5866027265767857e-05,-1
2813,4,1.5866027265767857e-05,0
2750,4,1.5866027265767857e-05,-1
2753,4,1.5866027265767857e-05,-1
2791,4,1.5866027265767857e-05,0
3497,4,1.5866027265767857e-05,-1
2331,4,1.5866027265767857e-05,-1
2341,4,1.5866027265767857e-05,-1
3464,4,1.5866027265767857e-05,-1
3820,4,1.5866027265767857e-05,-1
1980,4,1.5866027265767857e-05,-1
3837,4,1.5866027265767857e-05,-1
3839,4,1.5866027265767857e-05,-1
3840,4,1.5866027265767857e-05,-1
3841,4,1.5866027265767857e-05,-1
3842,4,1.5866027265767857e-05,-1
2779,4,1.5866027265767857e-05,0
3587,4,1.5866027265767857e-05,-1
3571,4,1.5866027265767857e-05,-1
2239,4,1.5866027265767857e-05,0
3558,4,1.5866027265767857e-05,-1
3565,4,1.5866027265767857e-05,-1
1148,4,1.5866027265767857e-05,-1
2279,4,1.5866027265767857e-05,0
1979,4,1.5866027265767857e-05,-1
3522,4,1.5866027265767857e-05,-1
3151,4,1.5866027265767857e-05,-1
2302,4,1.5866027265767857e-05,0
1104,4,1.5866027265767857e-05,-1
1106,4,1.5866027265767857e-05,-1
3578,4,1.5866027265767857e-05,-1
3582,4,1.5866027265767857e-05,-1
3584,4,1.5866027265767857e-05,-1
3893,4,1.5866027265767857e-05,-1
3445,4,1.5866027265767857e-05,-1
1021,4,1.5866027265767857e-05,-1
2401,4,1.5866027265767857e-05,-1
2416,4,1.5866027265767857e-05,-1
2419,4,1.5866027265767857e-05,-1
3441,4,1.5866027265767857e-05,-1
3442,4,1.5866027265767857e-05,-1
3043,4,1.5866027265767857e-05,-1
3045,4,1.5866027265767857e-05,-1
3123,4,1.5866027265767857e-05,-1
3134,4,1.5866027265767857e-05,-1
2840,4,1.5866027265767857e-05,0
3101,4,1.5866027265767857e-05,-1
2822,4,1.5866027265767857e-05,0
3892,4,1.5866027265767857e-05,-1
40,4,1.5866027265767857e-05,0
55,4,1.5866027265767857e-05,-1
1914,4,1.5866027265767857e-05,0
1583,4,1.5866027265767857e-05,-1
3825,4,1.5866027265767857e-05,-1
3800,4,1.5866027265767857e-05,-1
3803,4,1.5866027265767857e-05,-1
3807,4,1.5866027265767857e-05,-1
3465,4,1.5866027265767857e-05,-1
3472,4,1.5866027265767857e-05,-1
3477,4,1.5866027265767857e-05,-1
1082,4,1.5866027265767857e-05,-1
1087,4,1.5866027265767857e-05,-1
1929,4,1.5866027265767857e-05,0
1612,4,1.5866027265767857e-05,-1
1621,4,1.5866027265767857e-05,-1
2908,4,1.5866027265767857e-05,0
393,4,1.5866027265767857e-05,-1
409,4,1.5866027265767857e-05,-1
3017,4,1.5866027265767857e-05,-1
2958,4,1.5866027265767857e-05,0
2965,4,1.5866027265767857e-05,-1
3879,4,1.5866027265767857e-05,-1
3884,4,1.5866027265767857e-05,-1
2224,4,1.5866027265767857e-05,0
3137,4,1.5866027265767857e-05,-1
3178,4,1.5866027265767857e-05,-1
3397,4,1.5866027265767857e-05,-1
3408,4,1.5866027265767857e-05,-1
3158,4,1.5866027265767857e-05,-1
922,4,1.5866027265767857e-05,0
2472,4,1.5866027265767857e-05,-1
3641,4,1.5866027265767857e-05,-1
2176,4,1.5866027265767857e-05,0
3626,4,1.5866027265767857e-05,0
3630,4,1.5866027265767857e-05,0
3634,4,1.5866027265767857e-05,-1
1260,4,1.5866027265767857e-05,-1
1227,4,1.5866027265767857e-05,-1
2221,4,1.5866027265767857e-05,-1
961,4,1.5866027265767857e-05,0
969,4,1.5866027265767857e-05,0
980,4,1.5866027265767857e-05,-1
3425,4,1.5866027265767857e-05,0
2723,4,1.5866027265767857e-05,-1
3481,4,1.5866027265767857e-05,-1
3601,4,1.5866027265767857e-05,0
3603,4,1.5866027265767857e-05,0
3186,4,1.5866027265767857e-05,-1
2717,4,1.5866027265767857e-05,-1
680,4,1.5866027265767857e-05,-1
3173,4,1.5866027265767857e-05,-1
2852,4,1.5866027265767857e-05,0
2874,4,1.5866027265767857e-05,-1
3701,4,1.5866027265767857e-05,-1
3706,4,1.5866027265767857e-05,-1
202,4,1.5866027265767857e-05,-1
203,4,1.5866027265767857e-05,-1
3364,4,1.5866027265767857e-05,-1
3373,4,1.5866027265767857e-05,-1
2700,4,1.5866027265767857e-05,-1
2545,4,1.5866027265767857e-05,-1
2546,4,1.5866027265767857e-05,-1
2548,4,1.5866027265767857e-05,-1
3092,4,1.5866027265767857e-05,-1
3067,4,1.5866027265767857e-05,-1
583,4,1.5866027265767857e-05,0
2504,4,1.5866027265767857e-05,-1
2451,4,1.5866027265767857e-05,-1
2458,4,1.5866027265767857e-05,-1
3381,4,1.5866027265767857e-05,-1
891,4,1.5866027265767857e-05,-1
3611,4,1.5866027265767857e-05,0
2157,4,1.5866027265767857e-05,-1
2161,4,1.5866027265767857e-05,0
3675,4,1.5866027265767857e-05,0
3658,4,1.5866027265767857e-05,0
1299,4,1.5866027265767857e-05,0
2204,4,1.5866027265767857e-05,0
2877,4,1.5866027265767857e-05,-1
2579,4,1.5866027265767857e-05,-1
2580,4,1.5866027265767857e-05,-1
2581,4,1.5866027265767857e-05,-1
3326,4,1.5866027265767857e-05,0
3294,4,1.5866027265767857e-05,0
3306,4,1.5866027265767857e-05,0
3312,4,1.5866027265767857e-05,-1
3922,4,1.5866027265767857e-05,0
3206,4,1.5866027265767857e-05,-1
2529,4,1.5866027265767857e-05,-1
852,4,1.5866027265767857e-05,-1
854,4,1.5866027265767857e-05,-1
3334,4,1.5866027265767857e-05,-1
3339,4,1.5866027265767857e-05,-1
3349,4,1.5866027265767857e-05,-1
2526,4,1.5866027265767857e-05,-1
3793,4,1.5866027265767857e-05,-1
3797,4,1.5866027265767857e-05,-1
1866,4,1.5866027265767857e-05,0
1719,4,1.5866027265767857e-05,-1
3215,4,1.5866027265767857e-05,-1
730,4,1.5866027265767857e-05,-1
3199,4,1.5866027265767857e-05,-1
300,4,1.5866027265767857e-05,-1
2124,4,1.5866027265767857e-05,-1
2936,4,1.5866027265767857e-05,-1
2939,4,1.5866027265767857e-05,-1
2880,4,1.5866027265767857e-05,-1
2881,4,1.5866027265767857e-05,-1
553,4,1.5866027265767857e-05,0
3791,4,1.5866027265767857e-05,-1
3792,4,1.5866027265767857e-05,-1
4056,4,1.5866027265767857e-05,0
3958,4,1.5866027265767857e-05,0
4088,4,1.5866027265767857e-05,0
4087,4,1.5866027265767857e-05,0
4039,4,1.5866027265767857e-05,-1
4084,4,1.5866027265767857e-05,-1
4063,4,1.5866027265767857e-05,0
4018,4,1.5866027265767857e-05,0
96,4,1.5866027265767857e-05,-1
3748,4,1.5866027265767857e-05,-1
3756,4,1.5866027265767857e-05,-1
3757,4,1.5866027265767857e-05,-1
3990,4,1.5866027265767857e-05,-1
3993,4,1.5866027265767857e-05,-1
4058,4,1.5866027265767857e-05,0
4078,4,1.5866027265767857e-05,0
2033,4,1.5866027265767857e-05,-1
1524,4,1.5866027265767857e-05,-1
1534,4,1.5866027265767857e-05,-1
3763,4,1.5866027265767857e-05,-1
3764,4,1.5866027265767857e-05,-1
2006,4,1.5866027265767857e-05,0
2024,4,1.5866027265767857e-05,0
82,4,1.5866027265767857e-05,-1
2663,4,1.5866027265767857e-05,-1
2680,4,1.5866027265767857e-05,-1
2594,4,1.5866027265767857e-05,-1
3330,4,1.5866027265767857e-05,-1
2574,4,1.5866027265767857e-05,-1
2578,4,1.5866027265767857e-05,-1
1425,4,1.5866027265767857e-05,-1
1501,4,1.5866027265767857e-05,-1
3545,4,1.5866027265767857e-05,-1
2258,4,1.5866027265767857e-05,0
3523,4,1.5866027265767857e-05,-1
3527,4,1.5866027265767857e-05,-1
3539,4,1.5866027265767857e-05,-1
2308,4,1.5866027265767857e-05,0
2320,4,1.5866027265767857e-05,-1
3516,4,1.5866027265767857e-05,-1
4032,4,1.5866027265767857e-05,0
4033,4,1.5866027265767857e-05,-1
4069,4,1.5866027265767857e-05,0
4072,4,1.5866027265767857e-05,0
3505,4,1.5866027265767857e-05,-1
3511,4,1.5866027265767857e-05,-1
3515,4,1.5866027265767857e-05,-1
3544,4,1.5866027265767857e-05,-1
3982,4,1.5866027265767857e-05,0
3984,4,1.5866027265767857e-05,0
3986,4,1.5866027265767857e-05,-1
3971,4,1.5866027265767857e-05,0
2997,4,1.5866027265767857e-05,-1
462,4,1.5866027265767857e-05,-1
1756,4,1.5866027265767857e-05,-1
4001,4,1.5866027265767857e-05,0
2,4,1.5866027265767857e-05,0
2713,4,1.5866027265767857e-05,-1
2716,4,1.5866027265767857e-05,-1
3227,4,1.5866027265767857e-05,-1
3229,4,1.5866027265767857e-05,-1
4009,4,1.5866027265767857e-05,0
4010,4,1.5866027265767857e-05,0
3978,4,1.5866027265767857e-05,0
4040,3,1.1899520449325893e-05,-1
4047,3,1.1899520449325893e-05,-1
4048,3,1.1899520449325893e-05,-1
4050,3,1.1899520449325893e-05,-1
4055,3,1.1899520449325893e-05,-1
2994,3,1.1899520449325893e-05,-1
465,3,1.1899520449325893e-05,-1
3965,3,1.1899520449325893e-05,-1
3989,3,1.1899520449325893e-05,-1
3970,3,1.1899520449325893e-05,-1
3973,3,1.1899520449325893e-05,-1
3974,3,1.1899520449325893e-05,-1
3992,3,1.1899520449325893e-05,-1
3991,3,1.1899520449325893e-05,-1
2028,3,1.1899520449325893e-05,-1
3761,3,1.1899520449325893e-05,-1
1138,3,1.1899520449325893e-05,-1
3829,3,1.1899520449325893e-05,-1
1986,3,1.1899520449325893e-05,-1
3775,3,1.1899520449325893e-05,-1
1412,3,1.1899520449325893e-05,-1
1414,3,1.1899520449325893e-05,-1
2108,3,1.1899520449325893e-05,-1
3709,3,1.1899520449325893e-05,-1
1361,3,1.1899520449325893e-05,-1
3680,3,1.1899520449325893e-05,-1
542,3,1.1899520449325893e-05,-1
2887,3,1.1899520449325893e-05,-1
2878,3,1.1899520449325893e-05,-1
2920,3,1.1899520449325893e-05,-1
3796,3,1.1899520449325893e-05,-1
3787,3,1.1899520449325893e-05,-1
1295,3,1.1899520449325893e-05,-1
1305,3,1.1899520449325893e-05,-1
3695,3,1.1899520449325893e-05,-1
3128,3,1.1899520449325893e-05,-1
3135,3,1.1899520449325893e-05,-1
3130,3,1.1899520449325893e-05,-1
3624,3,1.1899520449325893e-05,-1
3595,3,1.1899520449325893e-05,-1
2215,3,1.1899520449325893e-05,-1
1258,3,1.1899520449325893e-05,-1
2152,3,1.1899520449325893e-05,-1
2167,3,1.1899520449325893e-05,-1
2142,3,1.1899520449325893e-05,-1
3659,3,1.1899520449325893e-05,-1
3654,3,1.1899520449325893e-05,-1
2180,3,1.1899520449325893e-05,-1
114,3,1.1899520449325893e-05,-1
3100,3,1.1899520449325893e-05,-1
3832,3,1.1899520449325893e-05,-1
1559,3,1.1899520449325893e-05,-1
113,3,1.1899520449325893e-05,-1
2280,3,1.1899520449325893e-05,-1
2901,3,1.1899520449325893e-05,-1
3814,3,1.1899520449325893e-05,-1
2830,3,1.1899520449325893e-05,-1
3607,3,1.1899520449325893e-05,-1
1578,3,1.1899520449325893e-05,-1
3453,3,1.1899520449325893e-05,-1
1037,3,1.1899520449325893e-05,-1
1067,3,1.1899520449325893e-05,-1
2372,3,1.1899520449325893e-05,-1
2383,3,1.1899520449325893e-05,-1
2755,3,1.1899520449325893e-05,-1
328,3,1.1899520449325893e-05,-1
1982,3,1.1899520449325893e-05,-1
332,3,1.1899520449325893e-05,-1
3846,3,1.1899520449325893e-05,-1
3868,3,1.1899520449325893e-05,-1
1586,3,1.1899520449325893e-05,-1
2788,3,1.1899520449325893e-05,-1
3534,3,1.1899520449325893e-05,-1
3546,3,1.1899520449325893e-05,-1
1112,3,1.1899520449325893e-05,-1
2305,3,1.1899520449325893e-05,-1
2247,3,1.1899520449325893e-05,-1
2233,3,1.1899520449325893e-05,-1
3563,3,1.1899520449325893e-05,-1
3555,3,1.1899520449325893e-05,-1
2976,3,1.1899520449325893e-05,-1
4020,3,1.1899520449325893e-05,-1
4021,3,1.1899520449325893e-05,-1
4080,3,1.1899520449325893e-05,-1
3939,3,1.1899520449325893e-05,-1
1816,3,1.1899520449325893e-05,-1
2656,3,1.1899520449325893e-05,-1
3255,3,1.1899520449325893e-05,-1
3235,3,1.1899520449325893e-05,-1
3231,3,1.1899520449325893e-05,-1
2709,3,1.1899520449325893e-05,-1
3950,3,1.1899520449325893e-05,-1
268,3,1.1899520449325893e-05,-1
2669,3,1.1899520449325893e-05,-1
762,3,1.1899520449325893e-05,-1
757,3,1.1899520449325893e-05,-1
830,3,1.1899520449325893e-05,-1
2603,3,1.1899520449325893e-05,-1
4005,3,1.1899520449325893e-05,-1
2588,3,1.1899520449325893e-05,-1
801,3,1.1899520449325893e-05,-1
3307,3,1.1899520449325893e-05,-1
2953,3,1.1899520449325893e-05,-1
394,3,1.1899520449325893e-05,-1
3443,3,1.1899520449325893e-05,-1
2950,3,1.1899520449325893e-05,-1
990,3,1.1899520449325893e-05,-1
3428,3,1.1899520449325893e-05,-1
2724,3,1.1899520449325893e-05,-1
3495,3,1.1899520449325893e-05,-1
3490,3,1.1899520449325893e-05,-1
2330,3,1.1899520449325893e-05,-1
2544,3,1.1899520449325893e-05,-1
3185,3,1.1899520449325893e-05,-1
678,3,1.1899520449325893e-05,-1
2720,3,1.1899520449325893e-05,-1
3156,3,1.1899520449325893e-05,-1
3395,3,1.1899520449325893e-05,-1
3182,3,1.1899520449325893e-05,-1
2904,3,1.1899520449325893e-05,-1
2913,3,1.1899520449325893e-05,-1
2912,3,1.1899520449325893e-05,-1
3000,3,1.1899520449325893e-05,-1
192,3,1.1899520449325893e-05,-1
2911,3,1.1899520449325893e-05,-1
2573,3,1.1899520449325893e-05,-1
2570,3,1.1899520449325893e-05,-1
2556,3,1.1899520449325893e-05,-1
3911,3,1.1899520449325893e-05,-1
3925,3,1.1899520449325893e-05,-1
1787,3,1.1899520449325893e-05,-1
1789,3,1.1899520449325893e-05,-1
3295,3,1.1899520449325893e-05,-1
487,3,1.1899520449325893e-05,-1
726,3,1.1899520449325893e-05,-1
3906,3,1.1899520449325893e-05,-1
3197,3,1.1899520449325893e-05,-1
1878,3,1.1899520449325893e-05,-1
918,3,1.1899520449325893e-05,-1
2729,3,1.1899520449325893e-05,-1
2441,3,1.1899520449325893e-05,-1
3383,3,1.1899520449325893e-05,-1
3365,3,1.1899520449325893e-05,-1
3363,3,1.1899520449325893e-05,-1
3290,3,1.1899520449325893e-05,-1
3324,3,1.1899520449325893e-05,-1
3317,3,1.1899520449325893e-05,-1
239,2,7.933013632883928e-06,-1
3432,2,7.933013632883928e-06,-1
3194,2,7.933013632883928e-06,-1
2567,2,7.933013632883928e-06,-1
234,2,7.933013632883928e-06,-1
3254,2,7.933013632883928e-06,-1
329,2,7.933013632883928e-06,-1
2806,2,7.933013632883928e-06,-1
3531,2,7.933013632883928e-06,-1
1392,2,7.933013632883928e-06,-1
2200,2,7.933013632883928e-06,-1
2938,2,7.933013632883928e-06,-1
651,2,7.933013632883928e-06,-1
2026,2,7.933013632883928e-06,-1
2008,2,7.933013632883928e-06,-1
1478,2,7.933013632883928e-06,-1
3744,2,7.933013632883928e-06,-1
3665,2,7.933013632883928e-06,-1
3753,2,7.933013632883928e-06,-1
3175,2,7.933013632883928e-06,-1
3192,2,7.933013632883928e-06,-1
2332,2,7.933013632883928e-06,-1
2318,2,7.933013632883928e-06,-1
1205,2,7.933013632883928e-06,-1
2264,2,7.933013632883928e-06,-1
1919,2,7.933013632883928e-06,-1
3448,2,7.933013632883928e-06,-1
3024,2,7.933013632883928e-06,-1
2466,2,7.933013632883928e-06,-1
21,2,7.933013632883928e-06,-1
4075,2,7.933013632883928e-06,-1
3946,2,7.933013632883928e-06,-1
4077,2,7.933013632883928e-06,-1
2673,2,7.933013632883928e-06,-1
4017,2,7.933013632883928e-06,-1
2650,2,7.933013632883928e-06,-1
807,2,7.933013632883928e-06,-1
2501,2,7.933013632883928e-06,-1
2738,2,7.933013632883928e-06,-1
721,2,7.933013632883928e-06,-1
2500,2,7.933013632883928e-06,-1
3768,1,3.966506816441964e-06,-1
1451,1,3.966506816441964e-06,-1
1754,1,3.966506816441964e-06,-1
4057,1,3.966506816441964e-06,-1
3605,1,3.966506816441964e-06,-1
3589,1,3.966506816441964e-06,-1
2169,1,3.966506816441964e-06,-1
1434,1,3.966506816441964e-06,-1
2884,1,3.966506816441964e-06,-1
2873,1,3.966506816441964e-06,-1
3082,1,3.966506816441964e-06,-1
3079,1,3.966506816441964e-06,-1
3444,1,3.966506816441964e-06,-1
3507,1,3.966506816441964e-06,-1
1119,1,3.966506816441964e-06,-1
3537,1,3.966506816441964e-06,-1
3216,1,3.966506816441964e-06,-1
3258,1,3.966506816441964e-06,-1
3935,1,3.966506816441964e-06,-1
4085,1,3.966506816441964e-06,-1
