,mean,sd
0,-1.411791,0.96512955
1,-1.8550459,0.9788259
2,-3.254586,0.608149
3,-1.2500533,1.5230788
4,-2.3386652,0.5441062
5,-1.5993122,1.4005201
6,-2.97934,0.7359181
7,-1.4960784,0.8176326
8,-2.7570424,0.49496812
9,-0.57087606,0.9223837
10,-2.6205037,0.39443716
11,-1.8860661,0.5138591
12,-2.409157,0.41651165
13,-2.9694545,0.5294929
14,-2.2508729,0.42900094
15,-1.9932424,1.0871537
16,-2.3329802,0.5506383
17,-2.2785718,0.50505173
18,-2.260382,0.39990276
19,-2.1905458,0.4389896
20,-1.9723089,1.3203562
21,-1.9069468,0.794543
22,-2.579939,0.50301164
23,-1.6126376,0.76248074
24,-1.3557113,0.69428027
25,-1.4516188,0.59297866
26,-0.96085215,1.1309587
27,-1.049732,0.67026675
28,-2.2320547,1.0724335
29,-2.0445466,0.8623562
30,-1.502116,2.2614012
31,-1.3667642,0.8760269
32,-2.4961536,0.4882049
33,-2.3663924,0.87024266
34,-1.7690724,0.8550289
35,-2.4252071,0.4555749
36,-1.6348622,1.0228595
37,-2.5869646,0.4682443
38,-0.65463823,0.8888432
39,-2.2186456,0.82905775
40,-2.4816797,0.9502309
41,-2.3721967,0.52826536
42,-2.07513,0.50444525
43,-2.762337,0.46796185
44,-1.7897183,0.8475118
45,-1.1897324,0.8799558
46,-2.4869597,0.5487315
47,-2.523599,0.6203487
48,-2.3663914,0.83195746
49,-2.4965417,0.5525484
50,-2.885066,0.5330997
51,-0.9179351,0.70808995
52,-2.3035986,0.4118658
53,-1.9912492,0.80240726
54,-1.4503772,0.7560094
55,-1.3237239,0.93531364
56,-2.4086976,0.4157659
57,-1.9151616,0.8639261
58,-1.7444521,0.8731985
59,-2.6900427,0.46805328
60,-1.2191728,0.7790344
61,-1.0122317,0.9186777
62,-1.9150679,0.45208687
63,-1.7363049,0.761761
64,-1.9276342,0.5531914
65,-1.9741068,0.9263441
66,-2.2710695,1.1626929
67,-0.96192646,0.8061016
68,-1.3731042,1.1969327
69,-2.0826738,0.80769444
70,-2.001541,1.0091672
71,-2.3084018,0.5069825
72,-1.4935654,1.1239203
73,-2.0411358,1.0656025
74,-2.0919948,0.43966398
75,-1.6001587,0.8279327
76,-2.3058925,0.45215797
77,-1.9555057,0.713242
78,-1.9699161,1.0313689
79,-2.3285456,0.45322427
80,-2.3792188,0.4542903
81,-2.5922284,0.5042615
82,-3.1251676,0.510055
83,-2.2717028,0.57629275
84,-3.193212,0.62608445
85,-2.201653,0.57745117
86,-2.07181,0.75160646
87,-2.5015523,0.47662446
88,-2.2908165,1.0948846
89,-2.107356,0.5166866
90,-2.9858706,0.5246048
91,-2.6528568,0.9352592
92,-2.4289432,0.4871081
93,-2.596322,0.93073606
94,-2.245866,1.0421168
95,-1.5723984,0.7889426
96,-3.0921671,0.5085079
97,-2.7422216,1.8652015
98,-2.9239295,0.5989006
99,-2.8555603,0.47643366
100,-0.6761094,0.79528576
101,-1.7266654,0.7142226
102,-0.76910603,0.8732489
103,-0.9387812,0.72015905
104,-2.3686104,1.2988483
105,-2.5215242,0.5219567
106,-1.5527506,0.819329
107,-1.8402644,0.7973537
108,-2.5139792,0.4010441
109,-1.341155,0.9841157
110,-2.5006325,0.51798946
111,-2.5528362,0.44220537
112,-1.6184306,0.8201047
113,-1.6663787,0.85217226
114,-2.1077707,0.8249632
115,-2.6644151,0.567362
116,-0.9650843,1.3109663
117,-1.470108,0.8315038
118,-1.9397677,0.8472045
119,-1.7391877,1.039604
120,-3.08102,0.52106506
121,-2.1779878,0.85072803
122,-2.8131518,0.5099171
123,-2.174328,0.42510748
124,-2.9166267,0.4368851
125,-2.4739726,0.45857453
126,-1.702504,1.7530448
127,-2.4619088,0.4192471
128,-2.6857274,0.58180964
129,-2.3835351,0.47634184
130,-3.1779294,0.54212815
131,-2.1840656,0.8883936
132,-3.8766685,0.64519787
133,-1.8901942,0.4203312
134,-2.5373142,0.5070755
135,-1.9418468,0.83696383
136,-1.6503239,0.9217127
137,-2.9380622,0.541978
138,-1.4582319,0.94983476
139,-1.7525144,1.2833151
140,-2.3416567,0.83452886
141,-2.0628853,1.1156784
142,-1.5096933,0.7649731
143,-1.6480337,0.82663274
144,-2.1586506,0.98717684
145,-2.5066288,0.43853006
146,-2.1360745,1.1243162
147,-0.9648039,0.71844137
148,-2.2922995,0.4694567
149,-2.8572843,0.54898757
150,-2.1958897,0.41311142
151,-1.4528576,0.8157159
152,-3.0463088,0.4887464
153,-1.848683,0.96141195
154,-2.2865193,0.45626673
155,-2.4114873,1.1071427
156,-3.383353,0.5575252
157,-1.9790584,1.0271211
158,-0.9042201,1.0559698
159,-2.3622518,0.5691858
160,-2.7588713,0.7068547
161,-1.6689802,0.90058154
162,-2.5643408,0.5396355
163,-2.655832,0.45715913
164,-1.1202837,0.99430877
165,-2.4443183,0.5143722
166,-2.2902093,0.43111828
167,-2.1251285,0.32850835
168,-2.1900241,0.4855988
169,-1.2572461,0.7360985
170,-1.9044325,0.91095334
171,-2.1808918,0.64591104
172,-2.3624759,0.5537882
173,-3.0418231,0.75012654
174,-1.6973319,0.7980439
175,-2.6683939,0.54187435
176,-1.5119312,0.329048
177,-2.4273183,0.75548124
178,-1.6348014,0.917869
179,-1.4496218,0.8866121
180,-1.4865298,0.81077284
181,-2.4148042,0.81081873
182,-1.9326159,0.84519356
183,-2.420617,0.5043641
184,-2.5510824,0.6913508
185,-1.6857134,0.86997736
186,-0.7504087,0.7290087
187,-1.1768767,1.1682693
188,-2.6931074,0.5387657
189,-1.3242801,0.81511563
190,-2.8462727,1.022661
191,-1.4131714,0.95536745
192,-1.6360713,0.7579888
193,-2.4992366,0.50194085
194,-1.6781529,0.70841026
195,-2.2530096,0.5070946
196,-2.1599452,0.7790736
197,-2.654922,0.5446387
198,-1.1074384,0.7772698
199,-1.9926269,0.9141828
200,-2.8536832,0.5131106
201,-1.0270007,0.8378559
202,-2.5474734,0.45716402
203,-2.1174734,0.81541926
204,-2.1205947,0.93377554
205,-1.4944047,0.73964894
206,-1.7663101,0.778808
207,-2.2452981,0.450301
208,-2.2732115,1.0043219
209,-1.6008025,0.80294305
210,-1.119461,0.80428153
211,-1.6874692,0.5918258
212,-2.974279,1.0001395
213,-1.8294514,0.4753617
214,-2.808766,0.58302623
215,-2.3868275,0.49456865
216,-1.4757872,0.7331951
217,-2.0779488,0.48080748
218,-1.9622312,0.7188364
219,-2.677616,0.43220988
220,-1.0084143,0.76661634
221,-2.2613196,0.3923938
222,-1.6815165,0.92107445
223,-0.9048732,1.054515
224,-2.4668021,0.43107003
225,-1.5525464,0.84172064
226,-1.6950873,1.0359232
227,-1.3646641,1.0580189
228,-3.0708802,0.5720462
229,-2.4283695,0.49402303
230,-2.0363889,0.79435706
231,-3.1472013,0.6344551
232,-2.122633,0.51531076
233,-1.8049985,0.9263648
234,-1.8249433,0.7499652
235,-2.5530758,0.5802941
236,-1.4761258,0.8826147
237,-1.9039282,0.872071
238,-2.1340263,0.8591951
239,-2.2471657,0.98943675
240,-1.8261685,0.6910492
241,-1.7487803,1.0115408
242,-2.586836,0.61063516
243,-1.6318896,1.0973104
244,-2.1828434,0.5103567
245,-1.1695678,0.98932606
246,-2.4371862,1.3816433
247,-1.4538238,0.74696606
248,-2.0647984,0.9308353
249,-2.3003001,0.9175862
250,-2.2946813,0.81876653
251,-2.023621,0.87236315
252,-2.2854226,0.72259784
253,-2.4988713,1.7900156
254,-3.2591693,0.54836065
255,-1.3684328,0.95759016
256,-3.2159047,0.53277206
257,-2.1608317,0.47677755
258,-2.0581193,0.42222425
259,-2.2220986,0.55012506
260,-2.8744352,1.3198098
261,-2.6786435,0.4311515
262,-2.089893,0.98728406
263,-1.2001537,0.8100551
264,-2.102691,0.815394
265,-1.7035725,0.66498387
266,-1.139432,0.98824525
267,-2.4125702,0.43536314
268,-0.97434014,0.7387938
269,-2.621236,0.45824033
270,-2.488246,0.44122285
271,-2.7929728,0.5310883
272,-1.2102457,0.7727827
273,-1.1631337,1.4228656
274,-1.4823172,0.7339307
275,-1.8906369,0.6865513
276,-2.2492235,0.59357107
277,-2.6127179,0.5743498
278,-0.96176934,1.0420123
279,-1.8300717,0.45794883
280,-2.5276756,0.4994521
281,-1.1266702,0.9297156
282,-2.8267193,0.5305871
283,-1.6118246,0.742508
284,-2.2318642,0.54747856
285,-1.9996862,0.8160924
286,-1.1722698,0.77552766
287,-2.4485748,0.5160918
288,-1.204027,0.77537715
289,-0.99713886,0.80218035
290,-2.491811,0.6006721
291,-2.705525,0.62047845
292,-2.362339,0.53437907
293,-2.1513827,0.72737855
294,-1.1334932,0.7207688
295,-2.2695508,0.8279466
296,-2.3542855,0.45882428
297,-1.4933773,0.83378947
298,-1.3297672,0.9373651
299,-2.8935795,0.51802963
300,-1.7066443,0.88240093
301,-2.733587,0.45984942
302,-2.2515852,0.5156319
303,-2.3703375,0.79508114
304,-2.4009135,0.8253303
305,-2.1393278,0.47816274
306,-1.4117135,0.8987382
307,-0.9797631,0.71206987
308,-1.9385924,1.0537943
309,-1.6810851,1.6620007
310,-2.7746701,0.60217553
311,-2.3344727,4.9163947
312,-1.4655396,0.79676586
313,-2.4094722,0.4029153
314,-2.5297737,0.5423012
315,-2.4411895,0.45128587
316,-1.5862104,0.73830193
317,-1.7594066,0.9166737
318,-3.9555156,0.6922134
319,-1.7255569,0.79031366
320,-1.0571619,0.8307776
321,-2.270794,0.7432686
322,-2.9031935,0.9779607
323,-2.022955,0.47716722
324,-1.4600501,0.7415139
325,-2.0850027,0.78593814
326,-1.3253623,0.98720014
327,-3.0094795,0.5342597
328,-1.253472,0.7920435
329,-2.4495788,0.56420976
330,-1.3657284,0.8808856
331,-2.5967803,0.49680784
332,-1.885441,0.7143158
333,-1.9668497,0.75662947
334,-1.9294989,0.9755878
335,-2.3357797,0.4796088
336,-1.9678041,0.8682149
337,-1.53776,0.99790776
338,-2.5735707,0.5071124
339,-2.4335766,0.4711096
340,-2.034797,0.8120582
341,-2.721977,0.6445485
342,-2.4042065,0.8543334
343,-1.9128239,1.0128376
344,-2.9765987,0.4863404
345,-2.0573554,0.6040854
346,-2.6039324,0.9610321
347,-0.7057513,0.7725025
348,-2.0219183,0.43966064
349,-1.3765504,0.81672597
350,-2.3092132,0.40308702
351,-1.8814257,0.7252273
352,-2.1304533,1.3113489
353,-2.677237,0.5881749
354,-1.3466247,0.7013082
355,-2.0114167,0.9306746
356,-2.0196555,0.5649329
357,-1.4715604,0.7454365
358,-2.574418,0.44463718
359,-1.7311136,0.9211159
360,-1.4784414,0.8508335
361,-0.5472482,0.6214876
362,-2.1124818,0.541241
363,-1.9376919,0.33694944
364,-1.9798033,0.9798288
365,-1.7106287,0.9440394
366,-2.088999,1.5254896
367,-1.7862408,0.9546031
368,-1.8754623,0.9512612
369,-0.93293977,0.89420754
370,-0.8323445,0.81863
371,-1.720746,0.66957814
372,-1.283145,0.9096448
373,-1.8566178,0.7695926
374,-1.8197412,0.9330517
375,-1.3705,0.7185936
376,-2.090907,0.8364995
377,-3.0443513,0.84030664
378,-1.4323003,0.93752205
379,-2.1460736,0.9049944
380,-2.9059298,0.9248213
381,-0.96265805,0.82762736
382,-2.9571543,0.5035171
383,-0.92901015,1.0733525
384,-2.6407824,0.97275716
385,-1.6386068,1.3109157
386,-2.4019802,0.82029265
387,-2.1492312,0.49632227
388,-3.0171187,0.6892472
389,-1.8805653,0.48924303
390,-2.1360173,0.9214631
391,-2.83919,0.46060434
392,-2.433091,0.74381673
393,-1.6800891,0.9987348
394,-2.2413409,0.50207824
395,-1.9790003,0.7927663
396,-2.4471369,0.49932453
397,-1.2887149,0.7998492
398,-1.142177,0.71318763
399,-3.1116524,0.52674556
400,-2.0764596,0.6670455
401,-0.80538774,0.82105803
402,-1.7884679,0.7502854
403,-1.8310279,0.677232
404,-2.887509,0.4967576
405,-2.2240539,0.48678154
406,-2.2022152,0.92368597
407,-2.5395665,0.5372087
408,-1.9864846,0.8858486
409,-2.4919527,0.48602322
410,-2.1283765,0.55417126
411,-1.3921046,0.84326833
412,-2.9627438,0.52652705
413,-2.5286674,0.5066034
414,-1.9728016,0.87667525
415,-1.3207152,0.8091505
416,-2.3767138,0.7106175
417,-2.497685,0.54433423
418,-2.3380075,0.70094186
419,-0.73923594,0.86059207
420,-1.6585755,0.9253897
421,-1.3250299,0.78460413
422,-2.4971893,0.8812589
423,-1.8356982,0.97777545
424,-1.9741477,0.5418037
425,-2.370638,0.46784523
426,-2.7504375,0.46885702
427,-0.7348558,0.8398947
428,-2.3363307,0.8148253
429,-2.47331,0.71052206
430,-2.1242864,0.3865601
431,-1.4159659,0.7840099
432,-2.5090475,0.5746319
433,-2.9608827,0.4342633
434,-2.1070871,0.9995086
435,-2.74037,0.46354082
436,-2.565244,0.5521518
437,-2.117255,0.7595959
438,-2.5910068,0.4382586
439,-2.0173347,0.8190822
440,-2.372649,0.49120745
441,-1.8499002,0.79335845
442,-2.3360195,0.8171086
443,-2.7458527,0.49552298
444,-1.2053022,0.75480527
445,-2.143066,0.9158948
446,-2.8212068,0.52745336
447,-3.2163782,0.5497827
448,-2.6446466,0.4457751
449,-0.72833043,0.7264684
450,-1.5615423,0.9668067
451,-1.1106603,0.63869137
452,-2.1106825,1.121112
453,-2.649925,0.45037395
454,-1.917757,0.7727212
455,-2.6886714,0.61259043
456,-2.7153573,0.5269204
457,-2.0140085,0.9851293
458,-2.6599832,0.5595554
459,-1.907502,0.7160689
460,-2.0095255,0.43880275
461,-2.4298875,0.9790263
462,-1.4684935,1.0173198
463,-1.8003772,0.8247615
464,-1.4126118,1.1194602
465,-1.6365038,1.1884291
466,-2.3602629,0.7927172
467,-2.2399406,0.84457266
468,-2.7716217,0.5994399
469,-1.416392,0.7187893
470,-2.4542484,0.85324115
471,-1.9359381,0.91167015
472,-1.4677083,1.0960258
473,-2.0856717,0.906111
474,-2.53378,0.67077154
475,-1.9426261,0.93034285
476,-2.0777586,0.47629368
477,-1.0958521,0.6881471
478,-2.2411823,0.87498724
479,-1.1655899,1.0737435
480,-1.6830708,0.8626263
481,-2.8037865,0.48837093
482,-2.9755547,0.693959
483,-1.8276219,0.9006791
484,-1.9679004,1.0126667
485,-2.0663576,0.9491213
486,-0.95679516,1.0164484
487,-1.0347681,0.79650044
488,-1.7126832,1.0475475
489,-1.2568688,0.948333
490,-2.7818928,0.6200927
491,-1.6128131,0.9227823
492,-2.2029467,0.8583758
493,-2.603297,1.0543841
494,-1.1282042,0.2765672
495,-2.4938715,0.5028972
496,-1.4581344,0.80632335
497,-2.0009687,0.90047634
498,-2.1959512,0.83018506
499,-2.1025295,0.91180843
500,-1.6069578,0.7346812
501,-2.7590368,0.4599498
502,-0.6475613,0.769282
503,-2.1366403,0.5193085
504,-1.210869,0.75744253
505,-1.7097442,0.81298816
506,-2.0352163,0.8546046
507,-2.7720027,0.4849336
508,-2.6695569,0.42642242
509,-1.465841,0.86512494
510,-1.3227963,0.8771339
511,-2.4453409,0.59618455
512,-2.5948017,0.62230486
513,-2.051063,0.826085
514,-0.75590944,0.6351497
515,-2.2032793,0.9820735
516,-2.2048097,0.71532685
517,-2.4712515,0.50891954
518,-1.3141811,0.86736214
519,-2.9956782,0.54344046
520,-1.156788,0.92140925
521,-1.3115896,0.7748109
522,-2.0319278,0.40054405
523,-1.8209115,0.7629376
524,-2.9579334,0.46770355
525,-2.8196003,0.9140698
526,-1.8104904,0.91280675
527,-2.982896,1.2437323
528,-1.9571295,0.41880196
529,-1.5157453,0.85201806
530,-0.6545993,0.9737941
531,-1.062202,0.69260544
532,-1.1566617,0.80726546
533,-1.5747657,0.7370745
534,-2.300858,0.8296671
535,-1.1814536,0.8353844
536,-3.6300838,0.6371775
537,-1.8331819,0.70755965
538,-2.153978,0.45875746
539,-2.17644,1.1220945
540,-1.4981104,0.84977925
541,-2.7827845,0.564954
542,-2.3971646,0.7721841
543,-2.3432539,0.7810512
544,-2.096789,0.8638704
545,-1.3132758,0.7708308
546,-2.4456704,0.4213217
547,-2.2240734,0.5129396
548,-1.5646926,0.7079693
549,-1.5130396,0.856013
550,-2.0299854,0.9044613
551,-1.2338122,0.8385213
552,-3.4418445,0.6595026
553,-2.898533,0.5529568
554,-2.603706,0.47207862
555,-1.9731078,0.80060047
556,-2.418648,0.4891551
557,-2.2169867,0.45010275
558,-2.8209784,0.7400305
559,-1.1519064,0.9258855
560,-2.1319115,0.34278348
561,-0.35451162,0.43549183
562,-2.3452566,0.8075375
563,-2.0532842,1.3126109
564,-2.6239007,0.43559623
565,-1.3214713,0.9352193
566,-1.4363284,0.93627006
567,-2.74527,0.44311598
568,-1.955518,0.3686503
569,-0.9586562,0.874064
570,-2.5101013,0.39178583
571,-1.587418,0.7978243
572,-2.614552,0.4971716
573,-3.2937782,0.9501616
574,-1.2007414,0.7275618
575,-2.2817085,0.7919475
576,-2.313022,0.5212618
577,-0.96919304,0.8367113
578,-2.7344785,0.87437063
579,-2.2044413,0.50997734
580,-2.5183833,0.6253118
581,-0.7184142,1.0723221
582,-2.320675,0.39518222
583,-0.8254255,0.8504391
584,-2.412283,0.48656204
585,-1.7576333,1.200252
586,-2.5140233,0.7974183
587,-2.2389452,1.0930916
588,-2.7506063,0.8854444
589,-1.0763379,0.8647933
590,-0.9268302,0.76739925
591,-2.8078296,0.47827744
592,-1.927296,0.54051715
593,-0.606814,0.8235786
594,-2.8005657,0.5098601
595,-1.9036633,0.7495334
596,-3.2395172,0.56300575
597,-1.3236139,1.0898666
598,-2.6516304,0.46962672
599,-2.2282326,0.4524718
600,-1.8966849,0.70868343
601,-1.9250467,0.8507934
602,-2.0819788,0.4035215
603,-2.1436176,0.5363776
604,-2.670231,0.52807
605,-1.2299701,0.9459597
606,-2.960489,0.9244188
607,-1.2481445,0.8128092
608,-2.3639994,1.0655351
609,-1.7885954,0.8101915
610,-2.7219923,0.45168543
611,-2.0643315,0.9724381
612,-1.7313246,0.94909096
613,-1.3505176,0.8115126
614,-2.9901257,0.49309286
615,-2.9285388,0.95239854
616,-1.972642,0.82532907
617,-2.160021,0.4959478
618,-1.4224967,0.8437858
619,-1.4509299,0.961648
620,-1.2633685,0.86212814
621,-2.4521298,0.5307302
622,-2.4777355,0.5814812
623,-2.690333,0.5643409
624,-0.9050544,0.7452903
625,-1.865017,0.4890683
626,-2.2551734,0.4307094
627,-1.6429658,1.1212639
628,-1.0870603,0.7780465
629,-3.1074948,0.46269646
630,-2.9712133,0.5723915
631,-1.1776147,0.75443447
632,-2.687853,0.4175526
633,-1.2621298,0.79514515
634,-2.6145175,0.6433985
635,-1.1955678,1.2262019
636,-1.7167886,0.8374694
637,-1.8948939,0.4617578
638,-1.984788,0.46207878
639,-1.7326821,0.7749808
640,-1.8195245,1.3784275
641,-1.9637785,0.77699715
642,-2.7427604,0.4509947
643,-2.6930013,0.98177576
644,-3.047944,1.1680492
645,-1.0815868,0.68335426
646,-0.882277,0.8731337
647,-2.2723677,0.56933707
648,-2.3193693,0.44987747
649,-1.8921565,1.0575215
650,-2.2965777,0.9908428
651,-1.3116161,0.84512407
652,-1.2806278,0.8978259
653,-0.78437185,0.6840131
654,-1.9284021,1.0756792
655,-1.4614185,1.1349587
656,-2.6522806,0.483547
657,-2.6683598,0.78358513
658,-1.2601453,1.3468524
659,-3.0459676,0.6072392
660,-2.18045,0.84382504
661,-2.5051115,0.46584335
662,-2.3412442,0.77823806
663,-1.089041,0.82213986
664,-1.8060652,0.89895165
665,-2.6796784,0.5384207
666,-1.5910497,0.9722572
667,-1.5081973,1.0208052
668,-3.0725176,1.6185021
669,-2.6560771,0.48051417
670,-2.1320422,0.46764296
671,-1.9004035,0.77977157
672,-1.1162872,0.8114445
673,-1.9711164,0.50971866
674,-3.054078,0.6361504
675,-2.1846094,0.6450089
676,-2.6374812,0.51413375
677,-1.5927211,0.77996147
678,-2.7712672,0.55398446
679,-3.0007284,1.0525714
680,-2.3206575,0.81923413
681,-3.4382536,0.9408659
682,-1.445057,0.98870236
683,-1.8989863,0.91923434
684,-1.6315991,0.845041
685,-2.856464,0.5492014
686,-1.8386275,0.95555764
687,-3.471741,0.5475542
688,-2.6873207,0.53753656
689,-3.000053,0.55398107
690,-1.4879854,0.79613084
691,-3.9236782,0.6475416
692,-4.1743035,0.7579093
693,-1.7723722,0.8318326
694,-1.2322028,0.8194005
695,-1.8467588,0.8036374
696,-1.8180354,1.0653715
697,-0.8970664,0.80455667
698,-2.9565358,0.4370009
699,-2.1471248,0.38171715
700,-2.0543702,0.7701597
701,-1.2917787,0.96189445
702,-3.07216,0.58832496
703,-2.0775175,0.5704609
704,-1.8583512,0.8247494
705,-2.8694997,0.46552676
706,-2.0599048,0.77349895
707,-1.7687417,0.8307025
708,-1.0658092,0.7058955
709,-1.8350658,0.82218575
710,-1.1017337,0.8379666
711,-2.5088406,0.45673037
712,-0.83244324,0.72252685
713,-2.5580273,0.4959882
714,-1.472179,0.9787644
715,-1.0686009,0.82096046
716,-1.747139,0.74860656
717,-2.6821241,0.41307226
718,-2.605405,0.47889394
719,-2.810832,0.57891524
720,-2.0270517,0.6707976
721,-1.7600892,0.8492981
722,-1.3964319,0.9429435
723,-1.7295995,0.93941116
724,-1.9244775,0.8410826
725,-2.2616873,0.46373707
726,-2.2332873,0.45534277
727,-1.4646602,0.914781
728,-1.8261731,0.8763787
729,-1.8215188,1.3634094
730,-1.7426983,0.7350948
731,-1.7644352,0.8073442
732,-2.313675,0.5573076
733,-2.369362,0.8927926
734,-2.6786313,0.560543
735,-2.3300154,0.40914896
736,-2.1084132,0.9084963
737,-3.3016415,1.1230214
738,-0.9210722,1.0073303
739,-1.6473736,0.80777067
740,-2.1621401,1.0270312
741,-1.4241408,0.718819
742,-1.7581991,0.9228336
743,-1.1492201,0.8418866
744,-2.619295,0.8554701
745,-3.886954,1.0161483
746,-2.2622201,0.42603058
747,-1.3753841,0.9877105
748,-2.865046,0.4904485
749,-2.0401928,1.056563
750,-1.3808882,0.72645533
751,-2.0668967,0.46409476
752,-1.8512188,0.73955226
753,-2.3446963,0.7462515
754,-1.3022859,0.9235122
755,-2.0754554,0.73131704
756,-1.93468,0.91785055
757,-2.7837963,0.576045
758,-2.6104007,0.4300778
759,-1.1367677,0.68936104
760,-1.0423234,1.4592574
761,-2.1254303,0.9761749
762,-2.0952718,0.713697
763,-2.4154172,0.9390681
764,-2.6229227,0.55362314
765,-1.7823318,0.766614
766,-2.3886478,0.90128976
767,-1.4751194,0.7824143
768,-1.971727,0.88005227
769,-1.0016421,0.797481
770,-3.0638332,1.7469345
771,-2.5453026,0.6065582
772,-2.2230814,0.55827683
773,-2.6875389,0.6003323
774,-2.3677807,1.0096439
775,-1.5824407,0.7389794
776,-2.7573128,0.46554404
777,-2.984487,0.6005462
778,-2.0319028,0.86817575
779,-2.2534685,0.55844444
780,-2.6082242,0.5365594
781,-2.397973,0.44103667
782,-1.665332,0.73606914
783,-1.7618163,0.49001017
784,-1.0773629,0.8475511
785,-1.5733659,0.8079653
786,-2.6101105,0.4705279
787,-1.0790181,0.755893
788,-1.5475525,1.1610813
789,-2.1341896,0.85303444
790,-2.3123872,0.7652198
791,-1.5164418,0.84268486
792,-2.0795221,0.37191495
793,-2.5573452,0.52182955
794,-2.4308498,0.53184235
795,-2.9222293,0.5062856
796,-2.6008818,0.46679685
797,-2.2562335,0.6848116
798,-2.2713985,0.47500163
799,-1.0094744,0.8844756
800,-3.0555928,0.47578496
801,-2.891109,0.5417098
802,-2.1310518,0.9537334
803,-2.4430184,0.44372153
804,-1.123257,0.806217
805,-2.4804735,0.5430949
806,-2.3133168,0.71066105
807,-1.7494966,0.8262711
808,-2.1410654,1.5442016
809,-1.3428818,0.82620525
810,-2.7638762,0.4653595
811,-2.6212118,0.53548616
812,-2.6365638,0.44261125
813,-2.9991295,0.5987993
814,-2.3329804,0.8760933
815,-2.84033,0.48418775
816,-1.3810346,0.97078174
817,-2.7756958,0.5583087
818,-2.5335057,0.510334
819,-2.4821558,0.45624042
820,-2.1221056,0.8693321
821,-1.3949862,1.0270644
822,-1.3756571,0.7224097
823,-2.4775884,0.42194277
824,-1.3483707,0.7506574
825,-2.6944642,0.58416057
826,-2.62876,0.563864
827,-1.9040226,0.8050655
828,-2.5417936,0.4890332
829,-2.785212,0.43739298
830,-2.3452165,0.5843572
831,-3.8568544,0.6277587
832,-2.9032102,0.54025537
833,-1.6482239,0.8489396
834,-2.0823452,0.71986884
835,-2.6357481,0.9574294
836,-1.8975097,0.9498529
837,-2.805303,0.53711087
838,-2.2395577,0.5048506
839,-2.3561087,0.50621486
840,-2.8779285,0.47931948
841,-2.521998,0.48905334
842,-1.8925273,0.81022114
843,-0.8654039,1.0718752
844,-1.4963528,0.88063204
845,-1.4644293,0.8503815
846,-3.0782204,0.49484968
847,-1.7877173,0.74701685
848,-2.5691078,0.42569134
849,-2.2062778,0.49900374
850,-2.2966547,0.92310673
851,-1.0414014,0.8256179
852,-3.0485609,0.55701226
853,-2.1795716,0.3990792
854,-1.1489463,0.804766
855,-2.6717265,0.46013656
856,-1.3318803,0.8328352
857,-1.9159192,0.8354542
858,-1.5619704,0.71589404
859,-2.2395496,0.94095045
860,-2.1123483,0.40928093
861,-1.727543,0.70729685
862,-2.3764794,0.46634713
863,-1.9423319,0.4701834
864,-2.0179465,0.47768894
865,-2.8488193,0.53415805
866,-1.8001364,1.1120396
867,-1.6925131,0.8498791
868,-1.2414691,0.9780367
869,-2.374153,0.48358503
870,-1.9230386,0.7990484
871,-1.647366,0.90655375
872,-2.098897,1.6331551
873,-3.032977,1.0333067
874,-1.4782321,0.81991696
875,-1.2347819,0.85584974
876,-1.9991077,0.48889634
877,-2.7251515,0.5157851
878,-2.7183006,0.4363636
879,-2.1320043,1.5141395
880,-2.0061643,0.8961379
881,-1.1680375,0.83361155
882,-1.7651575,0.8319967
883,-1.608549,0.78127813
884,-2.1662977,0.4700113
885,-0.75739455,0.54894924
886,-1.4055574,1.0806129
887,-2.079036,1.0961832
888,-2.051486,0.40383783
889,-1.4515896,0.7971071
890,-1.457749,0.7860306
891,-2.328057,0.40595314
892,-1.3630682,0.82497734
893,-2.167872,0.4114203
894,-1.0377219,0.79039264
895,-2.5513787,0.52011913
896,-2.2003393,0.7674562
897,-1.9970821,0.93451583
898,-1.6170388,1.261039
899,-1.2536559,0.7120847
900,-2.3348753,0.39131758
901,-2.0780094,1.2417053
902,-1.8246267,0.6803702
903,-2.4647155,0.5232551
904,-1.0222266,1.411154
905,-2.3127477,0.8031601
906,-2.2211754,0.9133403
907,-2.5869977,0.5929727
908,-2.7365336,0.5473506
909,-2.2864485,1.1855819
910,-1.7242681,0.83278877
911,-2.317013,0.6785312
912,-2.7611961,0.43537077
913,-1.7151012,0.85466474
914,-2.4708247,0.8324214
915,-1.8302904,1.3011155
916,-2.3037503,0.80437165
917,-2.682282,0.48109764
918,-1.2669346,0.8295548
919,-1.8043361,0.9068668
920,-1.80531,0.78320783
921,-2.7708292,0.54037565
922,-1.8043437,0.9436287
923,-3.2132657,0.9771377
924,0.21706186,3.7130082
925,-1.9872304,1.1295828
926,-2.628943,2.117337
927,-2.0461264,0.44858107
928,-1.7040377,0.71967304
929,-1.7431793,0.7628402
930,-2.2927992,0.5513178
931,-2.7596931,0.5092778
932,-1.708502,0.5140857
933,-2.6690652,0.45168138
934,-1.4552562,0.7557671
935,-1.8109982,0.82878715
936,-3.0953119,0.6233711
937,-2.086503,0.8348399
938,-2.620423,0.48208535
939,-1.1953831,0.7946108
940,-1.466342,0.90745103
941,-2.0448902,0.76859635
942,-1.9004849,1.0748632
943,-1.408775,0.73490757
944,-2.5211651,0.42724732
945,-2.7272246,0.42425203
946,-1.7382855,0.80033004
947,-1.9784154,0.38812914
948,-2.4970713,0.4898981
949,-1.4836063,1.0846602
950,-1.7759004,0.69533217
951,-1.7903157,0.8300421
952,-2.0182285,1.0141277
953,-1.5492477,1.0563257
954,-2.2040203,0.8853561
955,-1.88524,0.47265983
956,-2.6638618,0.43689716
957,-2.5561063,0.8372412
958,-2.135613,0.43839327
959,-2.4472594,0.4525767
960,-1.2583919,0.83229613
961,-1.7158188,0.8420326
962,-1.8808715,0.8776655
963,-2.9100533,0.51315594
964,-1.5591922,1.1834204
965,-1.7668245,0.7669587
966,-2.2915003,0.42796656
967,-1.6453462,0.7708185
968,-2.31631,1.3644111
969,-2.692578,0.5316036
970,-2.686627,0.5161951
971,-2.683875,0.5397708
972,-2.5061278,0.4720598
973,-2.5129752,0.37565568
974,-1.1581501,0.95279676
975,-1.1227114,0.660441
976,-1.9963983,0.82859784
977,-1.8014721,0.39967623
978,-3.286375,0.5792964
979,-2.0801208,0.8075073
980,-1.4893845,0.747696
981,-1.5233518,0.70563495
982,-2.0430949,0.9268759
983,-2.4268944,0.53068876
984,-2.571107,1.1898971
985,-1.6500838,0.9944675
986,-1.7611669,0.80701727
987,-2.7588527,0.5240405
988,-1.7800549,0.9628786
989,-2.8182864,0.46287915
990,-1.8382183,0.80503684
991,-1.1401983,0.84040517
992,-1.5748166,0.8748844
993,-2.3468723,0.42250642
994,-1.3432206,0.9729063
995,-1.6251128,0.90851504
996,-2.4237928,0.49911925
997,-1.6199241,0.35873953
998,-2.4262712,0.65392673
999,-1.0938005,0.8494285
1000,-2.6704378,0.61255914
1001,-2.7033746,0.89234346
1002,-2.7649298,0.555953
1003,-0.6158909,0.91655654
1004,-1.8556159,0.88495666
1005,-1.4952078,0.84365577
1006,-1.4300208,1.2846606
1007,-1.8234004,0.80117154
1008,-1.9640437,0.88351655
1009,-2.779655,0.5276536
1010,-2.0664341,0.50205
1011,-2.5885293,0.47910276
1012,-2.4561825,0.53781563
1013,-0.9374048,1.170449
1014,-1.681607,0.83014995
1015,-0.8105228,0.9455883
1016,-1.5718713,0.87710017
1017,-2.0925524,0.8989386
1018,-1.9137247,1.1549834
1019,-2.0644877,0.9915696
1020,-1.7262481,0.42102104
1021,-1.8331677,0.9169862
1022,-2.9867592,0.6711309
1023,-2.0834618,0.47285473
1024,-2.6895306,0.49812272
1025,-2.3617058,0.88714373
1026,-1.9763838,0.48962313
1027,-1.998509,0.9491153
1028,-2.3221881,0.4194537
1029,-1.3679118,0.73711187
1030,-1.5050242,0.7481528
1031,-1.5374942,0.7868833
1032,-2.5832262,1.0448498
1033,-1.4616513,1.0054784
1034,-2.2081656,0.87769926
1035,-2.1335688,0.59659886
1036,-3.2216983,0.5511907
1037,-3.2591906,0.56224495
1038,-1.4819514,0.7552926
1039,-0.949394,0.7961834
1040,-2.8202333,1.0480832
1041,-2.4090488,0.6258174
1042,-2.5282037,0.4094223
1043,-3.1071167,0.5073989
1044,-2.1346543,0.48297828
1045,-2.1794648,0.49348974
1046,-1.5279702,0.86104095
1047,-2.3540611,0.52180094
1048,-1.4088124,0.6911772
1049,-1.1715444,0.7906857
1050,-2.2686718,0.4176695
1051,-1.5871722,0.80458146
1052,-1.3785377,0.9840783
1053,-1.0862962,0.6657544
1054,-1.5073498,0.959548
1055,-2.2288766,0.40334016
1056,-2.7098975,0.47564486
1057,-1.5234071,0.8718465
1058,-1.3966013,0.8257497
1059,-2.6207364,0.46342468
1060,-1.9040346,0.8162838
1061,-2.188817,0.58113515
1062,-2.9065623,0.4972458
1063,-1.7014136,0.90878344
1064,-1.9625288,0.7365213
1065,-2.5384443,0.44695485
1066,-1.1782343,0.71699005
1067,-2.4069958,1.1102605
1068,-2.4241033,0.41271436
1069,-2.405961,0.4070742
1070,-1.8142197,0.39785928
1071,-1.3701395,0.83195233
1072,-2.9128408,0.55484396
1073,-0.43357697,0.7497377
1074,-1.8945657,0.8753265
1075,-2.5428581,0.50781894
1076,-2.0918853,0.8873614
1077,-1.3355627,1.006724
1078,-2.809491,0.53143674
1079,-2.0719671,0.6141549
1080,-1.1589977,0.7353542
1081,-3.1489062,0.5097509
1082,-3.0334466,0.45739755
1083,-1.6766981,0.7437277
1084,-2.9187512,0.510445
1085,-1.1480864,0.90658295
1086,-1.3101103,0.7288862
1087,-1.854553,1.1943158
1088,-3.5309598,1.0243365
1089,-2.4269433,0.5268626
1090,-2.097418,0.7230035
1091,-1.8235781,0.7259374
1092,-0.9369217,0.89961284
1093,-1.9741248,0.6625971
1094,-1.4932775,0.75916636
1095,-2.2848475,0.4131328
1096,-2.392423,0.46562865
1097,-1.8843981,0.4388797
1098,-2.2868059,0.67175955
1099,-0.8731111,1.1490202
1100,-0.9897046,0.87463313
1101,-1.9233079,0.7328863
1102,-1.0737886,0.9747449
1103,-2.4050236,0.4680964
1104,-2.041641,0.8292232
1105,-2.880074,0.9546528
1106,-1.7478379,0.69878554
1107,-1.6152065,0.85823107
1108,-1.9715152,0.8592019
1109,-2.418353,0.5036904
1110,-2.7263448,0.5683216
1111,-2.266751,1.046762
1112,-3.0450284,0.52625436
1113,-1.5897455,0.8306216
1114,-2.4405437,0.5183172
1115,-2.2395957,0.5012452
1116,-0.9109929,0.7515651
1117,-1.2448239,0.81441444
1118,-2.4006498,0.47969338
1119,-1.128656,0.92457825
1120,-2.9686933,1.0583187
1121,-1.4921503,0.76650167
1122,-1.7439226,0.86645555
1123,-1.4765737,0.81938064
1124,-2.205287,0.51902044
1125,-1.785891,0.7060714
1126,-1.1783439,0.75631154
1127,-1.8006006,0.85073125
1128,-1.1296057,1.1138464
1129,-1.7085582,0.74672186
1130,-2.8218544,0.76241785
1131,-2.9101055,0.50789887
1132,-1.3467554,1.0504569
1133,-2.560828,0.52429533
1134,-2.4761188,0.4659505
1135,-1.1886566,0.74767506
1136,-0.09321547,0.97641605
1137,-2.5547998,0.50269955
1138,-2.020443,0.84747684
1139,-0.9825021,0.8540626
1140,-2.933932,0.46481946
1141,-1.950365,0.91808873
1142,-2.2489734,1.2441858
1143,-2.0718164,0.9015447
1144,-2.3293648,0.98274916
1145,-2.965038,1.2451972
1146,-2.4238946,0.54437923
1147,-1.3189462,0.6922118
1148,-3.228454,0.61922294
1149,-3.0238287,0.47251433
1150,-1.8768148,0.3951101
1151,-1.9214188,0.73039836
1152,-2.6792579,0.45420143
1153,-1.6909441,0.885363
1154,-1.122451,1.0723367
1155,-2.7858791,0.86463624
1156,-1.308119,0.80773073
1157,-3.6681454,0.6909651
1158,-2.4086404,0.43098938
1159,-2.0933933,1.1021669
1160,-2.5912387,0.522112
1161,-2.452509,0.4945089
1162,-0.6975428,0.83418024
1163,-2.1749053,0.7811165
1164,-1.3912113,0.8370868
1165,-2.275427,1.0601826
1166,-3.3668666,0.8540724
1167,-2.2572849,0.6917339
1168,-1.593497,0.82303166
1169,-3.001905,0.6074784
1170,-1.8556614,0.8050095
1171,-2.5783572,0.45136032
1172,-0.5330521,1.0835116
1173,-3.1239893,0.5066478
1174,-1.2413301,0.70454043
1175,-2.255005,1.0472976
1176,-2.1982188,0.8702073
1177,-1.9299465,0.913933
1178,-1.0327849,1.3450805
1179,-1.4320289,0.898467
1180,-2.534985,0.576173
1181,-2.5472412,0.98545396
1182,-1.9714822,0.76485574
1183,-1.2022177,0.69771945
1184,-1.8620213,0.95548326
1185,-1.8544537,0.8805407
1186,-2.6940913,0.49932787
1187,-2.1847575,0.55894166
1188,-2.3304534,0.95701915
1189,-1.4469835,0.75189185
1190,-2.5510798,0.55409026
1191,-2.0427415,0.7507992
1192,-1.7571659,0.8594391
1193,-1.7091047,1.3860524
1194,-1.7775229,1.2366381
1195,-1.9784831,0.80016714
1196,-1.6311231,0.8467742
1197,-2.7316847,0.61465603
1198,-1.2038662,0.7400607
1199,-1.7917943,0.7929822
1200,-1.9029299,0.8156975
1201,-1.8891578,1.1408584
1202,-1.9274359,0.32539755
1203,-1.3896018,0.8741774
1204,-2.0078547,0.7759436
1205,-1.7379289,0.94172364
1206,-2.3336513,0.4974668
1207,-1.3205072,0.55997413
1208,-2.195966,0.5595188
1209,-2.1419842,0.48582342
1210,-2.0069685,0.78898966
1211,-3.1956167,0.5488443
1212,-2.8760245,0.99423254
1213,-3.1931908,1.3052589
1214,-2.3579235,0.51567143
1215,-1.2350932,0.6655139
1216,-2.4232194,0.38215956
1217,-2.7170856,0.5218491
1218,-2.6672213,0.7118835
1219,-2.8940911,0.44600877
1220,-1.4625208,0.91875166
1221,-2.5255635,0.536666
1222,-1.9919612,0.3692224
1223,-1.6142763,0.8306785
1224,-2.1781807,0.8223177
1225,-2.7531395,0.5887418
1226,-2.2662048,1.606371
1227,-1.4466165,0.95872706
1228,-1.3654748,0.90163064
1229,-2.1661632,0.8011604
1230,-2.6369371,0.47183284
1231,-0.7601581,0.79186726
1232,-2.5702634,0.4933965
1233,-2.2376792,0.4643685
1234,-2.8174226,0.47888568
1235,-0.72820187,0.88404083
1236,-2.6361327,0.45794556
1237,-1.6219438,0.63288826
1238,-1.5086422,0.9187546
1239,-1.8604878,0.7241546
1240,-1.1355709,0.9225348
1241,-3.0943582,0.6115068
1242,-1.4106503,0.7836693
1243,-2.4094067,0.4611594
1244,-1.9547589,0.5046064
1245,-2.6601734,0.46824142
1246,-1.6503019,0.72171164
1247,-2.8779438,0.6625668
1248,-1.2344184,0.89268273
1249,-1.8200217,0.75561816
1250,-2.779231,0.5005915
1251,-2.150213,0.48226562
1252,-2.689845,0.5155503
1253,-0.518831,0.9616035
1254,-2.682914,0.46817055
1255,-2.353821,0.4840754
1256,-1.5069567,0.9104897
1257,-2.6655748,0.7044594
1258,-3.014541,0.5127586
1259,-2.5804126,0.49362817
1260,-2.0255992,0.89461863
1261,-2.4228485,0.58883923
1262,-0.5260507,0.69437146
1263,-2.446644,0.5667967
1264,-1.8009902,0.73773605
1265,-2.4653456,0.40052474
1266,-3.2150154,0.5483559
1267,-1.203184,0.7914135
1268,-1.9964128,0.91196305
1269,-2.1416032,0.43434265
1270,-1.3411632,0.8783326
1271,-2.4799097,0.45275402
1272,-2.67534,0.47463003
1273,-2.6221533,0.68133926
1274,-1.0795146,0.7395716
1275,-2.5151558,0.5224268
1276,-2.5123897,0.6685459
1277,-2.19485,1.0804704
1278,-1.2465177,0.820791
1279,-0.9251171,0.6965489
1280,-1.9714386,0.9466447
1281,-1.8717297,0.65586585
1282,-1.7275443,1.0315301
1283,-1.6235106,0.9270148
1284,-2.3280358,0.89315486
1285,-2.6449316,1.0529618
1286,-3.1718981,0.4815298
1287,-2.9890437,1.1197621
1288,-2.7045226,0.58153766
1289,-2.62198,0.99915254
1290,-2.1278682,1.0357935
1291,-2.0448585,0.8895917
1292,-1.6848602,0.8254927
1293,-2.5036528,0.56625485
1294,-1.8744692,0.7758589
1295,-2.631147,0.5445915
1296,-2.9970343,1.2122796
1297,-1.14597,1.2084981
1298,-2.3371255,0.51334876
1299,-3.0145245,0.6747862
1300,-2.222782,0.8948773
1301,-2.9933481,0.5870912
1302,-2.1752262,0.49243534
1303,-3.1207833,0.44675916
1304,-2.8504555,0.4933254
1305,-1.9979917,0.95377785
1306,-2.6936476,0.57883674
1307,-2.0926583,0.8346067
1308,-2.5865917,0.48798552
1309,-2.1549842,0.9979665
1310,-2.3059666,0.4931774
1311,-2.5234344,0.6877709
1312,-2.6632144,0.4029145
1313,-2.626611,0.5907175
1314,-2.486439,1.364917
1315,-1.6041554,0.7269683
1316,-1.0903791,0.8316009
1317,-2.2484975,0.88297725
1318,-2.7331107,0.62786335
1319,-2.3226645,0.42944503
1320,-2.8453405,0.44145554
1321,-2.1210089,0.71888065
1322,-2.381708,0.49376702
1323,-2.137392,0.50929874
1324,-2.7487814,0.55178684
1325,-1.8397776,0.8747658
1326,-2.6682687,0.5636983
1327,-1.6402311,1.0459411
1328,-2.5198355,0.49628714
1329,-2.224605,0.44928607
1330,-2.932671,0.5448976
1331,-1.7071168,0.69543695
1332,-1.9009689,1.110604
1333,-2.3884685,0.4722779
1334,-2.4061315,0.69877636
1335,-1.6367233,1.2931268
1336,-2.3147519,0.47942632
1337,-2.0168526,1.1345261
1338,-2.1130817,0.6058838
1339,-2.0281625,0.73332024
1340,-2.7590322,0.48687053
1341,-1.93547,0.83940244
1342,-1.214221,0.99710405
1343,-0.32327434,1.0520267
1344,-2.2595503,0.50212204
1345,-2.0522504,0.50856745
1346,-2.2024336,0.83416677
1347,-1.3683912,0.72207713
1348,-2.0209649,0.8841538
1349,-3.3007605,0.47952634
1350,-2.2090688,0.9899219
1351,-1.9875532,0.5716624
1352,-1.993263,0.5090183
1353,-1.7279513,0.88937336
1354,-1.0845103,0.79160655
1355,-1.8860403,0.41642678
1356,-1.2121023,0.8548767
1357,-2.9701018,0.46472678
1358,-2.3840117,0.4267734
1359,-2.0466073,0.3807799
1360,-1.8511845,0.43971774
1361,-2.5241902,0.78931934
1362,-2.2898686,0.9251521
1363,-2.365327,0.5069192
1364,-1.9649829,0.6298615
1365,-1.2236902,0.9129094
1366,-2.200946,0.43290803
1367,-1.2940052,0.8383979
1368,-1.593562,0.7893694
1369,-1.8920671,0.8386665
1370,-1.9678226,0.7970484
1371,-3.1564858,0.6223626
1372,-1.8521676,0.7879458
1373,-1.7263894,1.0148329
1374,-3.0604694,0.5829959
1375,-1.9457542,0.4411029
1376,-1.1920226,1.0287633
1377,-2.3745635,0.959498
1378,-1.0864578,0.92806304
1379,-2.7318575,0.5870557
1380,-2.1653054,0.6365985
1381,-2.072855,0.94627637
1382,-2.604264,0.513473
1383,-4.007217,0.7739572
1384,-1.985579,0.6164096
1385,-1.7784307,0.77719444
1386,-1.7069247,0.9549694
1387,-2.3259635,0.509537
1388,-1.5549535,0.68333507
1389,-3.1977668,0.5500252
1390,-2.0613396,0.7582238
1391,-2.2302723,0.44421756
1392,-2.0861087,0.7237007
1393,-2.238571,0.8282167
1394,-2.2809417,0.46098608
1395,-2.0934224,0.41660234
1396,-1.5813208,0.799814
1397,-2.871222,0.5077299
1398,-2.4666972,0.7443571
1399,-2.1868403,0.42229447
1400,-1.8780622,0.87460166
1401,-2.693778,0.46425262
1402,-1.4876753,0.6830556
1403,-1.2101649,0.93005884
1404,-3.2067432,0.52362055
1405,-1.998674,0.6300556
1406,-1.963702,0.8018714
1407,-1.3613896,0.8862894
1408,-2.1587613,0.4490794
1409,-2.0872169,0.77229416
1410,-1.4631078,0.9159719
1411,-2.3900037,0.9358807
1412,-2.6499846,0.98335665
1413,-1.8739527,0.82365656
1414,-2.263585,0.47213438
1415,-1.0585331,0.8919638
1416,-2.9571285,0.5040898
1417,-1.8430543,0.754223
1418,-2.8845189,0.6717999
1419,-2.5177085,0.48864526
1420,-2.1696362,0.7125605
1421,-1.7195841,0.74281883
1422,-3.3090193,0.76301783
1423,-0.8516118,0.90308815
1424,-2.1445017,0.7294216
1425,-2.3311977,0.5292761
1426,-2.4343758,0.81767195
1427,-2.4133654,0.46067056
1428,-1.7529926,0.9815251
1429,-1.5518777,0.82369566
1430,-1.9960645,1.2026409
1431,-2.60881,0.7368716
1432,-1.3819872,0.9897789
1433,-1.6541805,0.686937
1434,-2.0116246,0.8695963
1435,-2.3573334,0.4873384
1436,-0.7657202,0.8859275
1437,-2.3431125,0.39999762
1438,-2.9375956,0.5406484
1439,-1.7264802,0.42634422
1440,-2.1199086,0.7389279
1441,-0.8791025,0.71356
1442,-2.922971,0.50606036
1443,-2.9284172,0.6474457
1444,-2.1744025,0.5140397
1445,-1.4410809,0.7771944
1446,-1.3232378,0.71013373
1447,-1.574401,0.96398425
1448,-1.8691251,0.8804442
1449,-2.4704673,1.0707402
1450,-1.6395082,0.73796743
1451,-1.8838264,0.96131814
1452,-2.3876781,0.8534085
1453,-0.5972682,0.8092402
1454,-2.5106564,0.91561884
1455,-1.3804219,0.7396141
1456,-1.584383,1.1403371
1457,-1.7088504,0.73177993
1458,-2.1778684,0.6210806
1459,-2.3047435,0.8662892
1460,-2.9073942,1.1515163
1461,-2.8155823,1.1071585
1462,-2.0806272,0.88946396
1463,-2.173433,0.720838
1464,-1.5256684,0.86007327
1465,-1.7359515,0.887369
1466,-2.0466392,0.59400696
1467,-1.2183939,0.91745055
1468,-1.9391894,0.5254544
1469,-1.0989963,0.75114274
1470,-2.3822348,0.7677814
1471,-2.0863316,0.9780579
1472,-3.1015568,0.5728469
1473,-2.2392302,0.7815883
1474,-1.316655,0.79583746
1475,-1.9605505,0.5955548
1476,-1.3554476,1.0433283
1477,-1.5878356,0.7874668
1478,-1.8609684,0.68019944
1479,-1.9799895,0.73048925
1480,-1.2533512,0.82377774
1481,-2.7341547,0.64357746
1482,-1.6579373,1.1938508
1483,-3.4646027,0.53568345
1484,-2.1226976,0.49125445
1485,-2.9026742,0.5990351
1486,-1.908133,0.9302542
1487,-2.768277,0.5455782
1488,-2.2533052,0.494301
1489,-1.5846144,0.6801488
1490,-2.490697,0.42742288
1491,-1.1426871,0.79092747
1492,-2.0495582,0.5306
1493,-1.9691825,0.82771057
1494,-1.9448147,0.9427879
1495,-2.0906527,0.85699326
1496,-2.4095387,0.87192535
1497,-1.9653491,1.0776032
1498,-2.210195,0.476904
1499,-3.536678,0.7021461
1500,-2.4860034,0.35427716
1501,-1.6281637,0.6897342
1502,-1.80749,1.1104065
1503,-2.001375,0.8935596
1504,-1.8842833,0.7472656
1505,-0.6058668,0.72593737
1506,-2.2732642,0.44507694
1507,-1.6243643,1.0343627
1508,-2.4467633,0.41082534
1509,-1.0415201,1.0192157
1510,-2.1207123,0.35823056
1511,-1.6972072,0.7992551
1512,-1.8156068,0.81209725
1513,-2.9787328,0.49136648
1514,-2.421546,0.48327148
1515,-2.604043,0.4444922
1516,-1.7356561,0.84184545
1517,-1.2923491,0.7977428
1518,-1.0653627,1.0720891
1519,-1.8217851,1.3804907
1520,-2.5203319,0.6867543
1521,-1.754931,0.7946781
1522,-1.6144567,0.8498024
1523,-1.7016296,0.8414035
1524,-2.9500742,1.1175542
1525,-2.126101,0.49017268
1526,-1.8862041,0.74121225
1527,-2.2197933,1.1354344
1528,-2.3882196,0.35087755
1529,-2.0511174,0.6798534
1530,-0.9847945,0.87108374
1531,-1.2199165,0.89316845
1532,-1.9658974,1.3578866
1533,-1.6278653,0.63719517
1534,-1.7544476,0.38405126
1535,-1.1611695,0.8369058
1536,-2.927042,0.50407153
1537,-2.7139688,0.5174891
1538,-1.2262104,1.1343546
1539,-2.1633427,0.38796622
1540,-1.9656887,0.9851855
1541,-2.3410697,0.9180577
1542,-1.7198515,0.9263567
1543,-2.8351104,0.62563896
1544,-2.2618904,0.6026275
1545,-2.5766878,0.45339054
1546,-2.2928352,0.66911113
1547,-2.9808757,0.6520884
1548,-2.6739776,0.61774135
1549,-3.0224006,0.65929294
1550,-2.529215,0.4257246
1551,-2.6278493,1.0733091
1552,-2.4007578,0.9001924
1553,-2.6054187,0.7774087
1554,-2.8654082,0.5373587
1555,-3.0851223,0.5145283
1556,-2.0307837,0.848305
1557,-2.6654584,0.41261226
1558,-2.9383142,0.46981132
1559,-2.3736103,1.0226196
1560,-1.4170237,0.7644563
1561,-1.9511684,0.48370594
1562,-2.4650242,0.4105688
1563,-1.7605951,1.1559031
1564,-2.0399637,0.589428
1565,-2.5169837,0.4676828
1566,-3.0596519,1.1880794
1567,-1.8615783,0.4339282
1568,-1.3019738,0.8151989
1569,-2.0284436,0.838433
1570,-2.072793,0.9797526
1571,-2.6617923,1.2247539
1572,-1.4420339,0.84227204
1573,-2.9611368,0.9828001
1574,-0.7634232,1.1512175
1575,-2.8453968,0.5149529
1576,-2.4441419,0.4371158
1577,-2.4348607,0.5495949
1578,-1.4902326,0.75552934
1579,-1.2693652,0.82668537
1580,-2.1954267,0.41117242
1581,-0.9030068,0.6820525
1582,-2.5414064,0.7646119
1583,-2.5589154,1.0609876
1584,-2.3022482,0.509229
1585,-1.7742705,1.2049415
1586,-0.5312124,3.1327424
1587,-3.2798886,1.0080688
1588,-1.5853026,0.6735255
1589,-1.8188329,0.91778374
1590,-1.9830066,0.7554552
1591,-1.3269281,0.8732122
1592,-1.9368732,1.2654625
1593,-2.8500926,0.4815953
1594,-1.718644,0.83004135
1595,-2.3905494,0.42397878
1596,-2.5863726,0.4610732
1597,-2.0335653,0.8563209
1598,-1.3952502,1.0618742
1599,-2.6222494,1.00111
1600,-2.1424024,0.45223805
1601,-2.162577,0.8534647
1602,-2.2001796,0.46610647
1603,-3.0880451,0.44511318
1604,-2.396538,0.5198686
1605,-1.4008725,0.86584467
1606,-2.5290275,0.60486394
1607,-1.5557965,0.75672066
1608,-2.6371682,0.5230944
1609,-2.6137452,0.44602522
1610,-1.6414591,0.82418936
1611,-1.4856838,0.8602506
1612,-1.72816,0.7601912
1613,-2.3624506,0.45780233
1614,-2.736247,0.6002027
1615,-2.628201,0.4977418
1616,-3.0115118,0.48776963
1617,-1.9143018,0.3742309
1618,-1.4966888,0.8664705
1619,-2.694259,0.5899915
1620,-1.8757674,0.68358535
1621,-2.0626743,0.43127593
1622,-2.881956,0.49240345
1623,-2.2803252,0.71793264
1624,-1.4564017,0.6431983
1625,-3.2306085,0.4868485
1626,-2.0307834,0.42878264
1627,-2.8285043,0.5436822
1628,-1.4484638,0.9116833
1629,-1.7982894,0.8091852
1630,-2.05795,0.4641127
1631,-2.1197228,1.2273762
1632,-1.8091097,1.4127423
1633,-1.7576449,0.9734301
1634,-1.9626558,0.46884462
1635,-2.8980522,0.489063
1636,-0.87977016,0.7749994
1637,-2.8841882,0.60375
1638,-1.2971466,0.90931964
1639,-2.5079923,0.55349874
1640,-2.267329,0.4530388
1641,-1.7010113,0.7574154
1642,-1.3308445,0.70389414
1643,-2.011127,0.88221633
1644,-0.6654816,0.7945728
1645,-1.7008132,0.87813216
1646,-2.7553053,0.5988427
1647,-2.550221,0.54344004
1648,-1.8735398,0.49755943
1649,-1.3540373,0.77947915
1650,-1.4591714,0.7886128
1651,-2.7549655,1.1420904
1652,-2.6064532,0.67713624
1653,-2.7403243,0.67856616
1654,-1.9846755,0.40179545
1655,-2.3939633,0.5132046
1656,-0.74325615,1.017059
1657,-2.5581236,0.3904399
1658,-2.6132667,0.46699065
1659,-1.844356,1.0273781
1660,-2.2321866,0.47757298
1661,-1.9693063,1.1545107
1662,-1.8055569,0.75612265
1663,-2.541,0.49724624
1664,-1.3197387,0.8202852
1665,-2.1331835,0.45243967
1666,-1.3406094,0.8689774
1667,-2.226379,0.7001632
1668,-3.0771472,0.4899923
1669,-2.2980547,0.5613414
1670,-2.1892908,0.82537216
1671,-1.8727188,0.6888538
1672,-1.4887121,1.1681621
1673,-1.5742359,0.8944958
1674,-2.9964113,0.56109416
1675,-2.353316,0.66596746
1676,-2.3623364,0.6346384
1677,-3.4070876,0.5951979
1678,-1.2210773,0.8063952
1679,-2.1520655,0.41929844
1680,-2.3162346,0.41601393
1681,-1.9524798,0.6482416
1682,-2.665336,1.103842
1683,-3.4524436,0.5542571
1684,-2.307073,0.82679856
1685,-0.7680686,0.7759574
1686,-1.8726335,1.3811995
1687,-3.7235687,1.0219659
1688,-2.675381,0.5694321
1689,-2.2125633,0.5131231
1690,-2.72487,0.8795963
1691,-2.219183,0.40608138
1692,-1.963339,0.86519533
1693,-1.5191633,0.8010734
1694,-1.9042858,0.9841972
1695,-1.614323,0.8576655
1696,-2.521339,0.426059
1697,-1.9063284,1.0850736
1698,-1.2745768,0.84028816
1699,-0.9696456,0.9377175
1700,-2.274725,0.75669986
1701,-2.5097313,0.994008
1702,-1.3940977,0.958429
1703,-2.203466,1.010017
1704,-2.0454435,0.47829098
1705,-2.388192,1.1542661
1706,-2.4808872,0.98653495
1707,-1.2060083,0.9319605
1708,-2.9205968,0.8108323
1709,-2.1278212,0.550466
1710,-2.42504,0.8386371
1711,-1.9537377,0.8388911
1712,-2.4027436,0.5148387
1713,-2.900419,0.5235428
1714,-1.9651939,1.0088233
1715,-2.4668126,0.45302665
1716,-2.2980754,0.42790896
1717,-2.005018,0.37998816
1718,-2.5065236,0.86508095
1719,-2.3931906,0.7050053
1720,-2.3736095,0.7043473
1721,-1.9801358,0.7666504
1722,-1.1947702,0.6701821
1723,-1.5932753,0.91719335
1724,-2.2681901,1.3422983
1725,-2.904327,0.49150833
1726,-2.5253093,0.5089822
1727,-1.9538558,1.0408769
1728,-1.7311532,0.7962248
1729,-1.0850536,0.91176516
1730,-2.7910147,0.5950866
1731,-1.8498346,0.8603496
1732,-2.2971838,0.3995766
1733,-2.8413124,0.50547874
1734,-2.3280098,0.5719798
1735,-2.8793352,0.5327811
1736,-2.2404175,0.8518541
1737,-1.2747135,0.57637733
1738,-2.1514585,1.0173401
1739,-2.2632987,0.60889316
1740,-1.2292341,0.70197284
1741,-1.0596502,0.9600233
1742,-1.1516147,0.8022953
1743,-2.6068707,0.88081026
1744,-2.2239587,1.0527419
1745,-2.437044,0.945832
1746,-2.4077816,0.3952241
1747,-2.2353148,0.8574188
1748,-2.487543,0.9976036
1749,-2.9308636,0.8701001
1750,-2.8111336,0.519888
1751,-2.4309635,0.509117
1752,-2.5103693,0.45262828
1753,-1.9926581,0.77748203
1754,-1.7175078,0.89824885
1755,-0.9783492,1.1442945
1756,-2.4286828,0.4628612
1757,-2.0260801,0.58094156
1758,-1.9890237,0.8183903
1759,-2.3422723,0.50423604
1760,-2.5174015,0.56535083
1761,-0.9894355,0.8655151
1762,-2.4476933,0.3813365
1763,-1.2326932,0.8560654
1764,-1.753094,1.0376768
1765,-2.6990912,0.43957242
1766,-3.0263498,1.0693033
1767,-2.3210042,0.41284314
1768,-2.5304568,0.6809241
1769,-1.1773962,0.6804375
1770,-3.120984,0.52410436
1771,-0.87309057,0.7892627
1772,-1.4408329,0.8939968
1773,-1.3600769,0.9176514
1774,-1.428696,0.98152983
1775,-1.4016635,0.7228463
1776,-2.8417768,1.355083
1777,-1.5738052,1.0091392
1778,-2.5792956,0.5026861
1779,-1.6745422,0.9925889
1780,-1.0143719,0.9883887
1781,-2.8359199,0.4626954
1782,-1.3740606,0.68087125
1783,-2.6706064,0.7133602
1784,-1.991856,0.64061844
1785,-2.6119916,0.8264652
1786,-2.2994518,0.5222722
1787,-2.5140438,1.0865295
1788,-3.305815,0.5425591
1789,-2.4480555,0.4273391
1790,-2.6372042,0.48977172
1791,-2.576264,0.7548267
1792,-2.4403608,0.55070984
1793,-2.3627796,0.45410603
1794,-3.0820649,0.6514181
1795,-2.60771,0.602259
1796,-1.3153859,0.91572076
1797,-2.416643,0.5099939
1798,-2.2212186,0.5561201
1799,-0.9981833,0.87715465
1800,-2.4692707,0.8075815
1801,-1.1887323,0.7544526
1802,-2.832794,0.40080813
1803,-2.9045494,0.7447953
1804,-2.3094697,0.5253509
1805,-1.4611675,0.7774322
1806,-1.3656924,0.8521819
1807,-2.6110651,0.73402053
1808,-1.9368348,0.8520876
1809,-2.365703,0.5041119
1810,-2.1331487,0.8117252
1811,-1.0710063,0.7192716
1812,-0.5856318,0.81649256
1813,-2.327059,0.40023485
1814,-2.0293062,0.83943343
1815,-2.162353,0.75031674
1816,-2.663853,0.6227191
1817,-3.1248403,0.57071525
1818,-2.2476249,0.85421467
1819,-2.4205592,0.49514776
1820,-2.4227827,0.5273093
1821,-1.8068542,1.288544
1822,-2.1154993,0.8799951
1823,-1.7230937,0.6541356
1824,-1.5433745,0.85931945
1825,-1.5825862,0.7881277
1826,-2.5481315,0.5147951
1827,-1.5906781,0.9120777
1828,-2.2005863,0.49183887
1829,-2.2533522,0.49101204
1830,-2.0760465,0.8342784
1831,-1.6745541,0.85268307
1832,-1.7476745,0.8630651
1833,-2.342209,1.1598377
1834,-1.784755,0.85377747
1835,-3.0700667,0.6246992
1836,-1.805572,0.8015155
1837,-1.4083909,0.7241379
1838,-3.2501411,1.2601055
1839,-1.8059946,0.89487153
1840,-2.4761543,0.64769197
1841,-1.6934912,0.8606534
1842,-1.5497826,0.80530524
1843,-1.2205482,0.7361293
1844,-2.651725,0.40598685
1845,-2.0874217,0.43245336
1846,-1.236337,0.93753904
1847,-2.287778,0.9097702
1848,-1.6686107,0.8360186
1849,-2.4623106,0.4952914
1850,-2.3452578,0.4727085
1851,-1.3039473,0.89191043
1852,-1.1412534,0.73583865
1853,-1.2772578,0.7001194
1854,-2.107932,1.1662717
1855,-3.3740323,0.6873664
1856,-1.8380076,0.7802456
1857,-3.0972154,0.5476807
1858,-2.410257,0.571413
1859,-1.8343711,0.60799384
1860,-2.5068944,0.566195
1861,-2.4480588,0.50289756
1862,-2.6106148,0.5780194
1863,-2.8124964,0.5667929
1864,-2.7772129,0.45333174
1865,-1.9611163,0.4342965
1866,-0.70787615,0.79265493
1867,-1.6435894,0.8098685
1868,-3.265848,0.5795888
1869,-2.9818068,0.47364587
1870,-1.7845992,1.2646993
1871,-2.777706,0.49555886
1872,-2.5331814,0.7470523
1873,-2.6121914,0.45983782
1874,-0.96226335,0.8839027
1875,-2.3836334,0.758811
1876,-0.81154174,0.7913519
1877,-1.8895719,0.9839203
1878,-2.6351297,0.44202158
1879,-1.8502109,0.725863
1880,-1.8737276,1.0275338
1881,-0.40080196,1.0190281
1882,-2.3399096,0.90151477
1883,-2.0799813,0.9243738
1884,-1.8795578,0.40459532
1885,-2.6255748,0.4051785
1886,-2.021829,0.7243665
1887,-0.644247,0.8255029
1888,-1.0329156,0.6932904
1889,-2.117488,0.50882417
1890,-2.0703073,0.939255
1891,-3.0156333,0.5232753
1892,-2.1336856,1.026054
1893,-2.2902224,0.91118896
1894,-0.9352228,0.9994606
1895,-0.99173635,0.74825716
1896,-2.4968908,0.40824163
1897,-2.4247136,0.4495603
1898,-1.5962423,0.8425248
1899,-1.575464,0.8366149
1900,-2.0093126,0.748886
1901,-1.0273849,0.86599696
1902,-2.3793242,0.5627415
1903,-1.7781221,0.59528667
1904,-1.5785389,0.8386988
1905,-2.7214067,0.5334452
1906,-0.61506295,0.8629083
1907,-3.4809809,0.6306059
1908,-2.01452,0.4362639
1909,-1.4935102,0.9276296
1910,-2.530196,0.49855617
1911,-2.3100238,0.5582685
1912,-2.3783803,0.40861565
1913,-1.9802021,1.0670296
1914,-2.4213789,0.62276864
1915,-1.6651233,0.8709905
1916,-1.2303319,0.6893483
1917,-2.7414348,0.49507812
1918,-2.5383084,0.5189723
1919,-1.8304045,0.9526566
1920,-2.066767,1.0882931
1921,-2.1339285,1.0185996
1922,-2.5243242,1.2626171
1923,-1.4679614,0.8977382
1924,-0.9107757,0.9774038
1925,-1.3182814,0.8918092
1926,-0.5798327,0.9376976
1927,-2.419003,0.5391839
1928,-2.704888,0.45510188
1929,-2.2080264,0.41743714
1930,-3.0136995,0.5192095
1931,-1.8254557,0.72789544
1932,-2.3747766,0.5723357
1933,-2.1090078,0.752769
1934,-2.5706341,0.49606204
1935,-2.948815,0.43754324
1936,-1.9343687,0.7182459
1937,-1.1221797,0.8726795
1938,-2.8064983,1.0039591
1939,-2.1467228,0.67491096
1940,-2.6357,0.663877
1941,-2.2446353,0.58875287
1942,-2.1455002,0.40922725
1943,-1.9314207,0.8583583
1944,-1.2594831,0.6361005
1945,-2.4112248,0.5163769
1946,-0.9806688,0.7807145
1947,-1.8301573,0.80405647
1948,-1.4479434,0.6907614
1949,-2.3762612,0.89324105
1950,-2.3852608,0.40723267
1951,-0.87649,1.6380866
1952,-1.5980916,0.73409975
1953,-1.0159867,0.82426345
1954,-2.6278791,0.49657872
1955,-1.5330856,1.2725189
1956,-2.5019448,0.55015534
1957,-2.2122383,0.83595437
1958,-2.7918224,0.46449924
1959,-1.6917214,0.52033573
1960,-3.118814,0.51730573
1961,-2.4711425,0.49020135
1962,-1.1835363,0.7911227
1963,-2.5649343,0.89188105
1964,-2.5302024,0.47322336
1965,-1.9412626,0.8695117
1966,-2.3707664,0.4966288
1967,-2.8423312,0.9201536
1968,-2.8245203,0.5744483
1969,-2.2415075,0.45454675
1970,-0.6425206,0.9077796
1971,-0.86091393,0.82983077
1972,-2.8844419,0.54758584
1973,-2.3884752,0.5821775
1974,-2.3770454,1.523944
1975,-2.0015495,0.902951
1976,-3.299572,0.55455106
1977,-2.0966249,0.48566797
1978,-1.8720639,0.56317616
1979,-2.6251643,0.5810367
1980,-0.9985203,0.76072794
1981,-1.4682341,0.67575693
1982,-2.7027137,0.45460087
1983,-1.4154027,1.0877782
1984,-1.6843903,0.74513525
1985,-2.6807277,1.1405045
1986,-2.2957337,0.43040097
1987,-1.6523508,0.736746
1988,-2.2833822,0.4953422
1989,-1.9538708,0.8770322
1990,-2.9199665,0.43978912
1991,-2.3694146,0.62195206
1992,-1.9035472,0.91707784
1993,-2.0741577,0.7958256
1994,-2.1602285,0.9038879
1995,-1.0385993,0.80552614
1996,-2.3406289,0.7727429
1997,-2.3839839,0.43788305
1998,-1.8074212,1.1101751
1999,-1.4600493,0.659139
2000,-1.6421326,1.0255355
2001,-1.8408077,1.4824971
2002,-2.6544971,0.45060265
2003,-2.5959406,0.9099043
2004,-2.3597333,0.40849888
2005,-1.2121042,0.8466766
2006,-1.6096625,0.786346
2007,-1.5791634,0.74468005
2008,-1.7668182,0.9043013
2009,-2.1739235,0.88241225
2010,-2.4552846,0.8801208
2011,-2.515699,0.41751432
2012,-2.1710253,0.48692557
2013,-2.6282282,0.46470016
2014,-1.983079,0.789892
2015,-2.7048066,0.5226026
2016,-1.453583,0.82235426
2017,-2.4656425,0.4562215
2018,-1.4017075,1.3229823
2019,-3.121567,0.41212428
2020,-2.345547,1.0118872
2021,-2.692991,1.1626093
2022,-2.4395285,0.4259979
2023,-2.1389985,0.5957402
2024,-2.2052722,1.0420038
2025,-1.9039751,0.8816047
2026,-1.0134038,0.6598386
2027,-1.9047599,0.79448515
2028,-2.3383038,0.9675059
2029,-1.2763563,0.8549742
2030,-3.0862153,0.6236097
2031,-2.6937633,0.4611612
2032,-2.0294478,0.8771364
2033,-2.2051196,0.41562366
2034,-2.0311766,0.94583446
2035,-1.8218125,0.82053936
2036,-1.6920156,0.8273338
2037,-1.88159,0.8171755
2038,-2.5078616,0.44610325
2039,-2.1832247,0.7971943
2040,-1.2824209,0.6536389
2041,-2.8287036,0.45045215
2042,-1.5932394,0.94595295
2043,-1.9360223,0.68909013
2044,-1.3394682,0.74267197
2045,-0.94184905,0.83985424
2046,-0.69426596,1.0264717
2047,-2.142167,0.46691105
2048,-2.196766,1.1532807
2049,-2.6953266,0.47119436
2050,-2.6832614,0.49361426
2051,-0.7132492,0.7506162
2052,-2.3547916,0.5413907
2053,-0.9594816,0.75838226
2054,-0.9011228,0.7533313
2055,-2.6141214,0.5117796
2056,-1.6779227,0.748282
2057,-1.7683755,0.45388514
2058,-1.2258607,1.3317826
2059,-0.4737222,1.0756168
2060,-3.1333039,0.57121146
2061,-2.3364813,0.55835503
2062,-2.4475372,0.44606596
2063,-1.6182326,0.7266211
2064,-1.7796367,0.93925613
2065,-1.3895934,0.8041736
2066,-2.4765804,0.45224378
2067,-2.2271361,0.8835847
2068,-1.4333678,0.690239
2069,-2.330444,0.42094213
2070,-1.370452,0.7788894
2071,-2.7310352,0.5173048
2072,-2.7934225,0.98457646
2073,-1.3368285,0.7217451
2074,-2.2397363,0.4055258
2075,-2.9272757,0.49944603
2076,-1.5173512,0.7411979
2077,-2.1245286,0.51884305
2078,-2.3402302,0.3952597
2079,-2.742222,0.4363739
2080,-2.7235293,1.1605029
2081,-2.120386,0.42152545
2082,-2.0724595,0.78596896
2083,-2.451585,0.53480065
2084,-1.8480883,0.9144643
2085,-1.3455979,0.8030032
2086,-1.2391886,0.7149568
2087,-2.2793257,0.5573536
2088,-1.5629646,0.91078186
2089,-0.6162509,0.8173863
2090,-2.1920068,0.8724888
2091,-2.5110133,0.4443413
2092,-1.6895111,0.74623317
2093,-2.2622128,0.7005903
2094,-1.5960684,0.94031036
2095,-2.4802003,0.5133872
2096,-1.9840802,1.0771228
2097,-3.2455127,0.55506736
2098,-2.7756777,0.53642
2099,-1.0753341,0.7839662
2100,-1.8395238,1.0676888
2101,-2.1604545,0.671795
2102,-2.6760333,0.48443288
2103,-1.2871599,0.91063523
2104,-2.6351879,0.55399734
2105,-1.7946543,0.6669174
2106,-1.2376101,0.7735394
2107,-2.0748699,0.5821616
2108,-1.1433808,1.1761875
2109,-2.2381887,0.7630881
2110,-2.9746258,0.54541844
2111,-2.3170166,0.42729264
2112,-1.4104196,0.9663278
2113,-2.2430367,0.4298687
2114,-2.9334404,1.1305863
2115,-1.205541,0.6168452
2116,-1.8395381,0.9132426
2117,-0.9617886,0.7915247
2118,-1.7894053,1.0364726
2119,-2.9722028,0.5406993
2120,-2.5052884,0.5063908
2121,-1.9755155,0.702053
2122,-3.191953,0.6202115
2123,-0.678377,0.7799649
2124,-2.6030028,0.9492988
2125,-2.5151813,0.4657849
2126,-2.1937208,0.6884316
2127,-2.6501217,0.58984613
2128,-2.401438,0.54159796
2129,-1.1347979,0.9215784
2130,-1.3393764,0.9151014
2131,-0.96412843,0.9135711
2132,-1.7210779,0.8144021
2133,-1.5285397,0.72919583
2134,-2.3437052,0.7967787
2135,-2.7576692,0.4617352
2136,-2.3276632,0.5789242
2137,-2.041664,0.44001988
2138,-2.564184,0.46467537
2139,-3.3248222,0.59660244
2140,-1.9336848,0.7952162
2141,-3.4137251,0.51800776
2142,-1.4784715,0.9120275
2143,-1.9688333,0.73941666
2144,-2.0787213,0.90740454
2145,-2.3325207,0.532351
2146,-1.7668309,0.7696933
2147,-3.0410254,0.6631403
2148,-2.428687,0.73499787
2149,-1.9931858,0.51772183
2150,-2.2692513,0.40887254
2151,-2.803656,1.1474973
2152,-2.550365,0.7109021
2153,-1.3936143,0.74711853
2154,-2.7982643,0.5138111
2155,-2.6156683,0.5621682
2156,-2.249297,0.456479
2157,-1.8729703,0.85447824
2158,-1.6721406,0.7600972
2159,-1.732247,0.7711284
2160,-1.8096213,1.2914093
2161,-1.1203324,0.7654495
2162,-1.6675658,0.73602754
2163,-2.4994833,0.939135
2164,-2.3661826,0.8651621
2165,-2.236613,0.4657003
2166,-2.2701902,0.4115659
2167,-2.6935275,0.55357605
2168,-0.6436938,0.8530156
2169,-2.44581,0.50752836
2170,-2.5612514,0.578589
2171,-2.58711,0.47333544
2172,-1.6591098,1.3153985
2173,-2.117298,0.5097848
2174,-2.5971901,0.5521846
2175,-1.7609507,0.6946171
2176,-1.0230923,1.0178014
2177,-2.1465907,0.5012975
2178,-1.1334898,0.74085927
2179,-2.5376635,0.49078745
2180,-3.0919306,0.48415047
2181,-2.7964156,0.4794419
2182,-1.2942454,0.9085496
2183,-2.3968635,0.4713785
2184,-2.351957,0.6788093
2185,-0.65965664,0.66232884
2186,-2.2238977,0.49431273
2187,-2.367736,0.58228153
2188,-1.7458621,0.7798805
2189,-2.8519628,0.6585236
2190,-2.9373753,0.95980024
2191,-1.0753711,0.82253623
2192,-1.549874,0.73480797
2193,-1.8152859,0.86931515
2194,-2.4207547,0.44386867
2195,-2.5253575,0.36753017
2196,-1.7062544,0.29398048
2197,-1.3390841,0.9554845
2198,-0.81722504,1.2028146
2199,-1.9700179,0.8106129
2200,-2.8726275,0.8775737
2201,-1.939255,0.77984095
2202,-3.6264577,0.5900409
2203,-2.6159503,0.6095396
2204,-2.377126,0.59539694
2205,-1.8179076,0.41420278
2206,-2.7456658,0.36948246
2207,-0.86449134,0.85873044
2208,-1.8065548,0.8732507
2209,-1.7922636,0.8086005
2210,-2.7225256,0.46942183
2211,-2.1039164,0.4921176
2212,-1.737607,0.8486481
2213,-1.6918062,0.86635286
2214,-2.060571,0.4354626
2215,-2.7989078,0.48534352
2216,-2.2421641,0.40755284
2217,-2.719399,0.5097159
2218,-1.9209856,0.86785716
2219,-0.2899567,1.0074928
2220,-1.5275476,0.711404
2221,-2.4657397,0.47790465
2222,-3.22994,0.4784078
2223,-1.1083429,0.9287224
2224,-2.8297093,0.54502434
2225,-1.4877981,0.67477477
2226,-3.3918464,0.5638285
2227,-2.4946992,0.70068157
2228,-1.7003013,0.84360594
2229,-2.4270046,0.6014737
2230,-2.388403,0.766707
2231,-2.4677067,0.4506821
2232,-1.8121568,0.8292762
2233,-3.0257335,0.5733513
2234,-2.5806236,0.528063
2235,-1.2188004,0.63801765
2236,-2.9448955,0.5496232
2237,-1.2484694,0.7186521
2238,-1.9107051,0.98650044
2239,-2.5725641,0.4925399
2240,-2.1666493,0.47349307
2241,-2.9752805,0.5952732
2242,-0.7631289,0.99281096
2243,-2.593961,0.5677267
2244,-1.3744375,0.80960023
2245,-2.5867617,0.40593213
2246,-1.400854,0.82272977
2247,-2.3130038,0.4382773
2248,-2.0886178,0.84473825
2249,-1.2867479,0.8476526
2250,-1.8923919,1.0324503
2251,-2.1968393,0.92866796
2252,-1.736287,0.8286965
2253,-1.5262544,0.7587781
2254,-2.8325505,0.55283487
2255,-1.510083,0.85361564
2256,-2.0854433,0.4576968
2257,-2.5534704,0.81363785
2258,-0.38651243,0.73512584
2259,-3.0841796,0.6074347
2260,-2.2326505,0.93138814
2261,-2.5483806,1.1433831
2262,-2.4358037,0.48232734
2263,-3.046512,0.6256792
2264,-1.0460583,0.74117434
2265,-1.711751,0.7530526
2266,-1.6554213,0.7281799
2267,-2.5895867,0.5196856
2268,-2.0531554,0.40599117
2269,-1.8920482,0.42149183
2270,-1.9908053,0.48909867
2271,-1.9083495,0.89039457
2272,-2.2249806,0.5576344
2273,-2.1933222,0.47691217
2274,-2.4958353,0.4291241
2275,-2.613781,0.56251174
2276,-2.0767524,0.57949466
2277,-0.6301587,0.9145555
2278,-2.911307,0.51387626
2279,-2.9948606,0.4923874
2280,-2.3782473,0.4493846
2281,-2.1749842,0.5084353
2282,-2.2655604,0.49298802
2283,-1.4259261,0.6624656
2284,-2.1819313,0.44260663
2285,-2.0070314,0.92066383
2286,-2.480666,0.4296243
2287,-2.7588193,0.5175592
2288,-2.5633466,0.46340796
2289,-2.520154,0.460115
2290,-2.277545,0.53247774
2291,-3.0507686,1.337817
2292,-2.3188808,0.47125456
2293,-2.7958152,1.167996
2294,-2.2149508,1.0321138
2295,-3.2578058,0.5227769
2296,-2.0478709,1.1052241
2297,-2.155731,0.8997743
2298,-2.116135,1.0843748
2299,-2.384191,0.5244782
2300,-2.014547,0.3759146
2301,-2.4296348,0.47674105
2302,-2.7255876,0.5378218
2303,-2.6221385,1.1217881
2304,-2.5659263,0.5738094
2305,-2.182683,0.3902183
2306,-1.284609,0.8851702
2307,-2.9215536,1.0651464
2308,-1.4091215,0.8438753
2309,-2.9220302,0.59653944
2310,-1.9083569,0.4632906
2311,-2.3345068,0.9946634
2312,-1.256415,0.85109246
2313,-2.6392384,0.4898552
2314,-0.9095296,0.9898159
2315,-2.9581065,0.5145579
2316,-1.9939221,0.46708524
2317,-3.0271933,0.5123832
2318,-3.1432867,0.57340163
2319,-2.6181185,0.4263231
2320,-1.6596423,0.8753813
2321,-1.0600379,0.8303414
2322,-2.1946733,0.71415603
2323,-2.5684028,0.51276547
2324,-1.7060369,0.8673886
2325,-2.6590452,0.6048341
2326,-1.9362187,0.80514807
2327,-0.9380598,2.1348958
2328,-2.584804,0.8128373
2329,-2.7184925,0.48895493
2330,-1.7530442,0.91706777
2331,-1.449851,0.77652127
2332,-3.2347536,0.5394853
2333,-2.5087466,0.730253
2334,-1.2339965,0.9278079
2335,-1.1539354,0.6917608
2336,-2.2134004,0.7276986
2337,-1.2316992,0.7398904
2338,-2.9563165,0.5269365
2339,-1.9722892,1.0847648
2340,-2.283061,0.54996157
2341,-2.5863466,0.40378925
2342,-2.4080522,0.55138266
2343,-1.5883218,1.3809198
2344,-1.2799172,0.9114405
2345,-1.1835159,0.73007643
2346,-1.474092,0.8171268
2347,-2.5815077,0.49702126
2348,-2.2365077,0.4555007
2349,-2.2704623,0.7860536
2350,-2.3444755,0.40748432
2351,-1.8305429,0.48717842
2352,-1.056664,0.75996125
2353,-1.4854939,1.1262356
2354,-1.9514421,0.89972335
2355,-1.9124815,0.48739567
2356,-1.3626086,0.9554366
2357,-1.2290831,0.75126123
2358,-0.680539,1.0160705
2359,-2.3071592,0.5850836
2360,-2.3691282,0.8126056
2361,-1.8897843,0.86442935
2362,-1.899788,0.8216816
2363,-1.124179,0.79305536
2364,-1.0142305,0.75643647
2365,-1.277179,0.6798796
2366,-2.4031622,0.56366783
2367,-1.7620107,0.77809453
2368,-2.9087064,0.5543738
2369,-2.6555905,0.4615758
2370,-2.5662267,0.6943571
2371,-1.4205012,0.84136957
2372,-2.1415668,0.81899047
2373,-2.2538266,0.43493333
2374,-3.1857922,0.5598655
2375,-2.374939,0.5177177
2376,-1.4047805,0.9113756
2377,-1.6085422,0.91341895
2378,-1.7652632,1.2500426
2379,-2.256405,1.0310745
2380,-2.174239,0.38902202
2381,-1.2682312,0.68982214
2382,-1.9797324,0.5085235
2383,-1.4418063,0.69377583
2384,-2.7926717,1.2446228
2385,-2.3856316,0.46158
2386,-1.6729258,0.8987006
2387,-2.2795198,0.54571134
2388,-1.5744605,0.78434914
2389,-2.587617,0.5157113
2390,-2.9548955,0.51092947
2391,-2.405981,0.9302447
2392,-2.5903392,0.7943452
2393,-3.0257008,0.5637347
2394,-2.4169679,1.0390904
2395,-2.2351973,0.48232144
2396,-2.1087615,1.046252
2397,-2.3987463,0.4060634
2398,-1.5294229,0.84261256
2399,-1.2684422,0.78553563
2400,-2.8282351,0.6444618
2401,-1.2138265,0.8144734
2402,-1.9576329,0.74503523
2403,-3.122213,0.4835902
2404,-2.4564624,0.46320224
2405,-2.788539,0.5169604
2406,-1.7076358,0.9223206
2407,-1.9042429,0.49511617
2408,-2.1742063,0.46324795
2409,-2.5296993,0.44444227
2410,-2.3389199,0.5763664
2411,-2.1386957,0.9928815
2412,-2.6540244,0.825741
2413,-2.360039,0.4274124
2414,-2.3692954,0.45148966
2415,-2.8236322,0.5637042
2416,-2.6965492,0.48441514
2417,-2.3223403,0.41198376
2418,-2.1451216,0.8661256
2419,-2.5752952,0.5616739
2420,-1.5840944,1.0964365
2421,-1.2277426,0.7018639
2422,-1.8985995,0.9349578
2423,-2.4501631,0.5588231
2424,-1.7240186,0.7496682
2425,-1.9261453,0.98234195
2426,-2.6283026,0.6024415
2427,-2.5470965,0.5771271
2428,-2.953481,0.6632511
2429,-1.3489625,0.81233394
2430,-2.3178406,0.40964583
2431,-1.4814076,1.1275504
2432,-3.0005445,1.2551601
2433,-1.280528,0.57009727
2434,-2.403832,0.8739091
2435,-1.4226881,0.7442602
2436,-2.2528841,0.79152584
2437,-1.2516387,0.73369145
2438,-2.7814624,0.49357945
2439,-1.8947215,0.80566764
2440,-2.0270936,0.9343021
2441,-1.4273555,0.86269337
2442,-2.5490193,0.8305429
2443,-1.5251551,0.9797791
2444,-2.1972113,0.53318477
2445,-1.887476,0.5882712
2446,-2.5937319,0.56945086
2447,-2.3596134,0.3441647
2448,-3.1500492,0.6324903
2449,-2.1765873,0.45632282
2450,-1.6791875,0.90280664
2451,-2.3858738,0.97312677
2452,-1.1306036,1.1288385
2453,-1.5313345,0.8889902
2454,-2.0533934,0.8325274
2455,-1.5594584,0.81846464
2456,-1.5963827,0.8494613
2457,-2.9344018,0.52911884
2458,-1.1940882,0.83542544
2459,-2.4807165,0.5104065
2460,-2.7791395,0.39324754
2461,-2.4003916,0.7523836
2462,-2.4921887,0.53083915
2463,-1.6032633,0.8824231
2464,-1.4659656,0.7814772
2465,-2.0530274,0.42873207
2466,-2.4862428,0.38791487
2467,-2.6016846,0.5971848
2468,-1.707523,1.0007454
2469,-2.5330207,0.93694633
2470,-1.7462771,0.78123534
2471,-2.3975313,0.5252552
2472,-1.9507831,0.91179234
2473,-1.3617519,0.7989626
2474,-1.1450852,0.84510773
2475,-2.3068428,0.73051196
2476,-0.9576197,0.6295108
2477,-2.5874817,0.49697796
2478,-1.8057791,0.6853828
2479,-2.2843964,0.6348707
2480,-1.5076052,1.2561896
2481,-1.6454581,0.9698626
2482,-1.2212157,0.79343706
2483,-1.6143141,0.93693876
2484,-2.5354838,0.4674639
2485,-0.99448675,0.6724722
2486,-2.113599,0.7118536
2487,-1.8232185,1.1370703
2488,-1.840858,1.1143202
2489,-2.2179532,0.46443218
2490,-1.4112246,0.8325763
2491,-2.3278942,0.4472087
2492,-2.5130675,0.47387114
2493,-2.5314448,1.1759247
2494,-1.1839966,0.8767643
2495,-2.3174098,0.44787145
2496,-2.0257642,0.9440214
2497,-1.8006915,0.8026595
2498,-2.2777503,0.4466833
2499,-1.4597075,0.8318756
2500,-2.2690337,0.6125862
2501,-2.4300458,0.89254993
2502,-1.8810226,0.8356466
2503,-2.07047,0.8125936
2504,-2.217432,0.5027353
2505,-2.546998,1.1242532
2506,-1.5795914,0.84920913
2507,-2.5953932,0.5773823
2508,-2.7132866,0.5350192
2509,-2.2460363,0.86720103
2510,-1.2304119,0.9652418
2511,-2.645559,1.0294111
2512,-2.0546212,0.7947166
2513,-2.2832804,0.5256149
2514,-1.6430032,0.7370252
2515,-1.65253,0.9628085
2516,-2.04418,0.92401636
2517,-2.5790932,0.92780995
2518,-2.0829105,0.7742079
2519,-1.0428845,0.6814794
2520,-1.8642154,0.82151365
2521,-1.6627426,0.81856495
2522,-2.885346,0.4372159
2523,-2.0597312,0.44720805
2524,-2.4867463,1.1740934
2525,-2.0016022,0.9111813
2526,-3.223832,0.62236327
2527,-1.3033966,0.892201
2528,-1.3504393,0.89787894
2529,-2.2542288,0.7873711
2530,-1.5134381,1.1638172
2531,-1.9869113,0.44330466
2532,-2.4713275,0.8562689
2533,-1.8364366,1.6656245
2534,-1.9070249,0.54087913
2535,-1.3955617,0.84989405
2536,-2.298744,0.89419675
2537,-2.433065,0.5059577
2538,-3.288084,0.61485547
2539,-2.7432,0.7666909
2540,-1.2638764,0.74606365
2541,-2.8790305,0.4717564
2542,-2.4930336,0.46760747
2543,-2.2899532,0.4683708
2544,-2.5685756,1.1837142
2545,-0.7980322,1.0952035
2546,-2.3805285,0.8386346
2547,-2.3103473,0.74538386
2548,-2.351531,0.82841396
2549,-1.3952776,0.74389344
2550,-1.9408039,0.9846316
2551,-1.4777102,0.8102237
2552,-1.165976,0.9431385
2553,-2.9741986,0.53154224
2554,0.06642452,2.2906213
2555,-0.5913205,0.8352973
2556,-1.4028422,0.7855148
2557,-1.6296839,1.1346499
2558,-3.009007,0.4141497
2559,-2.3630376,0.7283782
2560,-3.2745073,0.5792612
2561,-2.4082806,0.5376028
2562,-2.4386592,0.45453027
2563,-1.7538408,0.8348031
2564,-2.6944838,0.49002516
2565,-2.1634085,0.7996899
2566,-1.3906231,0.79112166
2567,-2.6463177,0.54988945
2568,-0.9817734,0.9349672
2569,-1.972842,0.77850074
2570,-1.9294829,0.7636126
2571,-1.7376086,0.8205916
2572,-2.8003142,0.68228495
2573,-3.3044045,0.5606586
2574,-2.3671823,0.47896776
2575,-2.2059183,0.7569271
2576,-1.5103964,0.7184189
2577,-1.965654,0.7682107
2578,-1.2381251,0.9440623
2579,-1.7981523,0.85981005
2580,-2.2837548,0.74741936
2581,-1.4597615,1.063959
2582,-2.5912418,0.5484785
2583,-1.6647354,0.977108
2584,-1.5604738,0.8500632
2585,-1.3062198,0.7899198
2586,-2.3000083,0.8530498
2587,-2.003467,0.44108853
2588,-1.8526742,0.79740393
2589,-1.4367654,0.96619767
2590,-2.4959717,0.5049033
2591,-2.8342526,0.74654627
2592,-2.710126,0.49164352
2593,-1.3737268,1.0717975
2594,-2.3359783,0.42942485
2595,-2.3831153,0.645841
2596,-1.6447511,1.4094567
2597,-2.4993212,0.51237637
2598,-2.7160096,0.5960545
2599,-2.0606592,0.80382854
2600,-2.627146,0.8254978
2601,-2.0344806,0.8652872
2602,-2.136811,0.42187926
2603,-2.504633,0.44073462
2604,-0.7303582,0.9095656
2605,-2.8568137,0.43776223
2606,-2.7708166,0.45038453
2607,-2.4886081,0.66615474
2608,-2.6123421,0.44692242
2609,-2.3987184,0.42401922
2610,-2.1358824,0.86022186
2611,-2.2308624,0.8091733
2612,-2.6478307,0.47535017
2613,-2.564265,0.4632152
2614,-1.8529102,0.7908444
2615,-1.767558,0.8284439
2616,-2.6228445,0.85660434
2617,-1.3586718,0.6320803
2618,-2.7895212,0.5510817
2619,-2.7803593,0.45312878
2620,-1.4229674,0.76638186
2621,-2.8008842,0.51331407
2622,-0.77260226,0.8795986
2623,-1.6468095,0.86018574
2624,-2.3729393,0.44824904
2625,-2.3156147,0.59072167
2626,-0.35422996,1.5334078
2627,-2.4064436,0.48655033
2628,-2.3757732,1.1707723
2629,-2.9140704,0.7246909
2630,-1.00397,0.67814565
2631,-1.9357622,1.0317363
2632,-2.2243903,1.4144683
2633,-1.2936939,1.0091059
2634,-2.654134,0.61992264
2635,-2.316684,0.8818194
2636,-2.256972,0.74538046
2637,-2.2829616,0.8931569
2638,-1.9950727,0.9140527
2639,-3.567937,1.684458
2640,-1.2232004,0.8284847
2641,-2.218026,0.5867549
2642,-1.2980106,0.8301933
2643,-2.1161487,1.8277442
2644,-1.2945899,0.9861431
2645,-2.4074402,0.5137743
2646,-0.5385793,0.698676
2647,-0.93838435,0.7869533
2648,-3.0813298,0.5291005
2649,-1.2151144,0.63792
2650,-2.5247192,0.460905
2651,-1.9622282,0.72290474
2652,-1.663151,0.8713378
2653,-1.7667212,0.72420335
2654,-2.441156,0.5349744
2655,-2.1694858,0.9812473
2656,-2.2312346,0.883059
2657,-2.4254398,0.8590771
2658,-2.4912076,0.90207356
2659,-2.357172,0.8305579
2660,-2.8604178,0.5374209
2661,-2.1974082,0.95124185
2662,-2.4582167,0.4599498
2663,-2.414384,0.7925203
2664,-1.0747439,0.7746447
2665,-2.6126947,0.51451916
2666,-1.436458,0.7313685
2667,-1.9708022,0.8287004
2668,-2.7937052,0.8903309
2669,-1.7728837,0.9744593
2670,-2.3879461,0.5246987
2671,-1.8350751,0.8933932
2672,-3.1215966,0.64550465
2673,-2.7202272,0.44685933
2674,-1.503915,0.85279626
2675,-2.4463077,0.4876869
2676,-2.2400868,0.7250836
2677,-2.6748176,0.51008207
2678,-1.6577314,1.1635797
2679,-1.8287731,0.94031537
2680,-1.5356613,0.76168054
2681,-2.2522025,0.5407043
2682,-1.5488493,0.79559475
2683,-1.5189127,0.7843249
2684,-2.6807675,0.45395768
2685,-2.5829031,0.44568518
2686,-2.3034518,0.41504154
2687,-1.2379211,0.78712064
2688,-2.6022341,0.5146174
2689,-1.3883774,0.82686776
2690,-2.7622974,0.52804416
2691,-2.1207094,0.97712064
2692,-3.3544981,0.5507474
2693,-1.8732961,0.8882563
2694,-1.9094839,0.88973504
2695,-2.7428284,0.58237785
2696,-2.1948805,0.5560331
2697,-1.628954,0.92362976
2698,-2.222007,0.47164106
2699,-2.2319295,0.8315369
2700,-1.4934403,0.624889
2701,-2.5694315,0.7762098
2702,-1.5649307,0.98129004
2703,-2.1168618,0.9253168
2704,-1.4274212,0.9897013
2705,-1.212526,0.79656506
2706,-2.8184557,0.54171
2707,-2.836673,0.48298246
2708,-3.2062845,0.6978168
2709,-2.7378771,0.44745028
2710,-2.5868604,0.47218636
2711,-0.7631043,0.64408475
2712,-2.5440226,0.48650628
2713,-1.9697207,0.78658724
2714,-2.2721539,0.87116003
2715,-1.1184422,0.8891622
2716,-1.5231959,0.6326446
2717,-2.054432,0.99741066
2718,-1.5701184,0.78936946
2719,-2.5474963,0.42171133
2720,-3.1828737,1.2246072
2721,-1.5000429,0.7595915
2722,-1.6039996,0.73652357
2723,-1.9489777,1.0250628
2724,-2.4573236,0.90042037
2725,-2.3821902,0.5674003
2726,-2.6372762,1.0540102
2727,-2.6739805,0.44938928
2728,-2.3230202,0.91624486
2729,-1.8764846,0.5909174
2730,-2.6063724,0.5283006
2731,-2.074582,0.35130927
2732,-1.4565879,0.786494
2733,-1.881995,0.84807515
2734,-2.757016,0.48203796
2735,-1.7319796,0.9266796
2736,-1.4082423,1.3522398
2737,-1.3683401,0.8248367
2738,-2.8200998,0.5209683
2739,-2.031344,1.2947412
2740,-2.3345664,0.8898231
2741,-2.8380835,0.92663294
2742,-1.9820999,0.45567912
2743,-1.7265413,0.9760765
2744,-2.4847505,0.9768814
2745,-2.4150221,0.5373204
2746,-1.4289654,1.3111593
2747,-1.6348276,0.7611617
2748,-2.7497275,0.54881084
2749,-2.2682936,0.43755084
2750,-2.0177522,1.2874225
2751,-1.6465925,0.87379146
2752,-1.7263573,1.1828414
2753,-1.7459445,0.9397358
2754,-2.9564764,0.54554045
2755,-2.0719185,0.7987771
2756,-1.1167978,0.73775744
2757,-2.67211,0.43859062
2758,-2.220142,0.7726034
2759,-1.5497626,1.1195208
2760,-2.5880535,0.6572191
2761,-2.713333,1.0241429
2762,-1.1109374,0.97984093
2763,-1.4212734,0.731112
2764,-1.1432387,0.9486696
2765,-2.5128117,0.4430376
2766,-2.016318,0.9047272
2767,-2.5789192,0.4719982
2768,-2.8070452,0.5454825
2769,-2.132221,0.7377547
2770,-1.1450708,1.4716144
2771,-2.7083008,1.1169691
2772,-2.3656528,0.4574056
2773,-1.9376348,0.79382163
2774,-1.521992,0.7139316
2775,-2.0127816,1.3202848
2776,-1.8308568,0.9196676
2777,-1.8152303,1.0533881
2778,-2.8549247,0.56203127
2779,-1.6096594,1.0416653
2780,-1.4450281,0.6481186
2781,-2.024604,0.42285556
2782,-2.4267418,0.53612304
2783,-1.2533727,0.76614416
2784,-1.594305,0.97837734
2785,-2.4991167,0.6998286
2786,-2.8115928,0.54710096
2787,-1.6225891,1.162891
2788,-0.9746729,0.7127355
2789,-2.2983947,1.0927439
2790,-1.6513424,1.078301
2791,-0.31187102,0.8493934
2792,-1.7815608,0.6705439
2793,-1.2358407,1.1362728
2794,-0.67177993,1.0062369
2795,-1.8017249,1.0470141
2796,-1.8426273,0.9567245
2797,-2.6597478,0.51166266
2798,-1.2958335,0.93496585
2799,-2.6556554,0.95658183
2800,-0.8885256,0.8289831
2801,-2.2529275,0.44252077
2802,-1.8801134,0.50080645
2803,-0.9047028,0.78697574
2804,-2.0697975,0.44776493
2805,-1.9675703,0.46182543
2806,-1.3321042,0.79495096
2807,-1.7878819,0.75864923
2808,-2.5240598,0.50547945
2809,-2.2209525,0.42571577
2810,-2.0073953,0.4762641
2811,-1.9895291,0.7252389
2812,-2.0887556,0.8099804
2813,-0.82009864,0.7722643
2814,-1.7693179,0.7141246
2815,-1.2584639,0.8285072
2816,-2.833856,0.49771765
2817,-1.3724725,0.85377806
2818,-2.4312036,0.48823276
2819,-1.6845884,0.83080024
2820,-1.5973775,0.8969444
2821,-1.0248953,0.87611234
2822,-2.2556095,0.4230331
2823,-1.6314169,1.0954763
2824,-2.6399555,0.510312
2825,-1.5362303,0.7187533
2826,-1.1082423,1.2165521
2827,-3.2576256,0.6376238
2828,-1.436707,0.92556673
2829,-0.86126643,1.1364632
2830,-1.8429358,0.99763954
2831,-2.5876575,0.6459517
2832,-2.8284729,0.42141098
2833,-1.8131858,0.8874768
2834,-1.3447431,0.85070044
2835,-2.9300005,0.525478
2836,-0.6792032,0.8136541
2837,-1.7140832,0.82783973
2838,-1.4546036,1.0392022
2839,-2.6287174,0.48964044
2840,-1.3123676,0.93298405
2841,-2.530128,0.5718416
2842,-1.5413265,0.8973538
2843,-2.0628452,0.4242075
2844,-3.0055237,0.53069
2845,-1.0577067,1.0352138
2846,-1.6655079,0.88638306
2847,-1.9939392,0.78672254
2848,-2.9196455,1.6358845
2849,-2.0304487,0.7714123
2850,-2.792009,0.4703355
2851,-2.3172815,0.40507814
2852,-2.4435925,0.5045091
2853,-1.832225,0.60022575
2854,-2.5008688,0.556386
2855,-1.8155806,0.7259943
2856,-2.83672,0.49323535
2857,-1.365198,0.81988037
2858,-2.0401247,0.93613887
2859,-1.8721427,0.9225064
2860,-2.0797546,0.46012098
2861,-2.8491433,0.48166165
2862,-2.1115081,0.77886486
2863,-1.2302401,0.722771
2864,-2.85297,0.9579212
2865,-2.25912,0.9011669
2866,-2.545066,0.44340605
2867,-2.9225004,0.59555393
2868,-2.8369503,1.0677279
2869,-2.548695,0.5591633
2870,-2.5271416,0.4361582
2871,-1.9284978,0.79338
2872,-2.0719488,0.8683097
2873,-2.8232405,0.4991936
2874,-2.3611321,0.43909127
2875,-2.8630617,0.4431634
2876,-1.8140934,0.83452606
2877,-2.27392,0.53235275
2878,-2.90045,0.45214623
2879,-2.2299044,1.0440061
2880,-1.2196461,1.0425676
2881,-2.2041192,0.44418758
2882,-2.1669,0.72475934
2883,-1.892284,0.93791825
2884,-2.3308535,0.49014974
2885,-2.7174456,0.5137867
2886,-1.7878926,0.71231335
2887,-2.2334852,0.62347764
2888,-2.4289255,0.4849223
2889,-2.6654673,0.42832252
2890,-2.5097919,0.48613325
2891,-1.1402997,0.7324723
2892,-2.9033408,0.48300323
2893,-1.4955169,0.7888607
2894,-2.8304722,0.82661825
2895,-2.3792875,0.48984426
2896,-1.718534,0.6931831
2897,-1.8732437,0.7970401
2898,-1.4655001,0.7791562
2899,-2.4426935,0.53956175
2900,-2.0203302,0.79033554
2901,-3.063443,0.6158346
2902,-0.78745466,0.8420023
2903,-1.5350202,0.8224741
2904,-2.316962,0.5262458
2905,-1.3792247,0.8065375
2906,-2.088178,0.78806275
2907,-1.24168,1.056118
2908,-1.5398215,0.8742496
2909,-2.1794474,0.5085731
2910,-2.9154968,0.5657362
2911,-2.2874675,0.8474046
2912,-2.4359577,0.5286078
2913,-2.2170901,0.4432544
2914,-2.2497551,0.44812515
2915,-1.6597195,0.81075454
2916,-1.6718237,0.8109562
2917,-2.5930605,0.49142867
2918,-2.1449609,0.6558126
2919,-0.73043954,0.7993318
2920,-2.976553,1.1142325
2921,-0.9060331,0.951033
2922,-2.8221567,0.4832725
2923,-2.0542612,1.1268108
2924,-2.6180298,0.5027756
2925,-2.7711399,0.5886455
2926,-0.6246025,0.67537826
2927,-2.129071,0.86411077
2928,-2.6410885,0.4256133
2929,-2.875478,0.5889124
2930,-0.8116753,0.78420967
2931,-1.5320476,0.8249038
2932,-1.8432573,0.8882806
2933,-1.7718557,0.8918071
2934,-0.81159365,0.826194
2935,-2.2815287,1.0116719
2936,-1.1614984,1.1310155
2937,-2.6028981,0.4726756
2938,-1.65157,0.68570405
2939,-2.8197083,0.5164751
2940,-2.5125256,0.4621587
2941,-0.6378268,0.6588292
2942,-1.2281002,0.7318626
2943,-1.5050212,0.94919634
2944,-1.3920349,1.0145702
2945,-2.5788789,0.51530236
2946,-1.6342046,1.038029
2947,-2.0477002,0.77993065
2948,-2.5335407,0.40056685
2949,-2.3451655,0.67345136
2950,-2.462946,1.1548624
2951,-2.5760255,0.48577717
2952,-2.0966916,0.8153612
2953,-1.7401155,0.81849974
2954,-2.3110049,0.47440234
2955,-2.300692,0.38535878
2956,-3.240267,0.662037
2957,-2.0217535,0.42789847
2958,-2.5207691,0.52214885
2959,-2.2526417,0.46648112
2960,-2.6968544,0.86581624
2961,-1.2892195,0.8856345
2962,-1.5700029,0.7219022
2963,-2.1863582,0.75268036
2964,-2.4364882,0.39500237
2965,-2.7065203,0.73012096
2966,-3.2927406,0.64182556
2967,-2.7380128,0.46152174
2968,-1.8339263,1.084967
2969,-2.3817697,0.9331901
2970,-3.0569563,0.56718755
2971,-2.1807148,0.83990943
2972,-1.6794019,0.72255605
2973,-1.6017469,0.9127032
2974,-3.298976,0.6191768
2975,-2.085499,1.3781495
2976,-2.4303021,0.47561926
2977,-1.9357315,0.83020324
2978,-1.874506,0.7642368
2979,-2.485425,0.9315873
2980,-2.6212463,0.46985772
2981,-0.9793971,0.790433
2982,-0.93703324,1.259827
2983,-2.5552218,0.47689113
2984,-0.6097841,0.81470275
2985,-1.5944088,0.8612279
2986,-3.085898,0.46657762
2987,-1.6634479,0.7670358
2988,-1.5897418,0.8030533
2989,-1.5804617,0.7874615
2990,-3.1362836,0.43949765
2991,-2.1699414,0.4747936
2992,-2.363249,0.80431217
2993,-1.0730022,0.7591086
2994,-1.7877493,0.81589067
2995,-1.383845,0.7890991
2996,-1.7109485,0.7611892
2997,-2.8221028,0.61719066
2998,-1.9171319,0.401256
2999,-1.9663416,0.70980877
3000,-1.4428784,1.3773346
3001,-1.8117981,0.71589875
3002,-2.3147175,0.51106393
3003,-1.4339893,0.8870477
3004,-2.117223,0.863102
3005,-2.3262997,1.1769967
3006,-1.4390886,0.89383453
3007,-1.7320911,0.9628257
3008,-2.6625977,0.56983984
3009,-2.0067668,0.7472514
3010,-2.9748182,0.44492605
3011,-2.0375636,0.8855999
3012,-2.7822692,0.63058317
3013,-2.6554177,0.95631343
3014,-2.8392608,0.48449558
3015,-0.5484579,1.0908698
3016,-1.4754863,0.714949
3017,-2.6687627,0.48217785
3018,-1.9394621,0.80635774
3019,-1.9935607,0.9581726
3020,-1.672835,0.8127419
3021,-2.3081617,1.4199531
3022,-2.7959795,0.5581925
3023,-3.0843122,0.58974063
3024,-2.632535,0.49585715
3025,-1.6938798,0.8707267
3026,-2.1926334,0.51655763
3027,-2.2975314,0.45943832
3028,-2.7260144,0.85472
3029,-3.1639895,0.5356073
3030,-2.9398837,0.94518787
3031,-3.1677272,0.5367189
3032,-2.5617254,0.6575836
3033,-3.0887523,0.5064708
3034,-2.278701,0.5505034
3035,-2.4520533,0.44742274
3036,-1.4945177,0.84666777
3037,-1.9320904,0.52071434
3038,-2.6547399,0.5636015
3039,-2.3498893,1.5106447
3040,-1.9173951,0.7836072
3041,-1.229221,0.8970986
3042,-2.5181618,0.52767426
3043,-0.65408415,0.85998124
3044,-2.1461236,0.6827782
3045,-3.1102118,0.79073745
3046,-1.4430456,0.71951765
3047,-2.3281777,0.4848574
3048,-2.1215644,0.770223
3049,-2.1527243,0.64398545
3050,-1.9495242,0.7612295
3051,-1.6925421,1.2759993
3052,-3.06124,0.5352914
3053,-1.2345309,1.0004476
3054,-1.0490298,0.76069283
3055,-3.0221014,0.4394475
3056,-2.0471497,0.86858886
3057,-1.7372273,0.7894376
3058,-2.1050718,0.36443225
3059,-1.741939,0.45496753
3060,-2.6649992,1.2707766
3061,-2.4245596,0.41754088
3062,-1.9881896,0.7840207
3063,-0.55884296,0.9570353
3064,-1.8295361,0.727429
3065,-2.246711,0.55998045
3066,-0.9894187,0.81061286
3067,-2.638736,0.9693739
3068,-1.5790513,0.7379058
3069,-1.8862703,0.80899006
3070,-2.966605,0.5721647
3071,-1.1675862,0.90160096
3072,-2.3169472,0.48629007
3073,-0.71015793,0.9642836
3074,-1.4901323,0.8092517
3075,-2.1650422,0.8320049
3076,-2.5291893,0.4115233
3077,-0.53640187,0.9942338
3078,-1.698145,0.72323245
3079,-2.4600365,0.5192763
3080,-2.3144996,0.5968515
3081,-1.717415,0.98525184
3082,-3.2129636,0.5442792
3083,-2.5969634,1.1516645
3084,-1.7306716,0.70339984
3085,-1.302028,0.71322364
3086,-1.8367212,1.256413
3087,-1.2252216,0.6646997
3088,-2.3115542,0.4663091
3089,-1.9597957,0.8443279
3090,-2.6514225,0.57719296
3091,-2.3309689,0.6888818
3092,-2.067518,0.38139078
3093,-2.3033504,0.8697944
3094,-1.2974219,0.7145476
3095,-1.2769954,1.0214843
3096,-3.2325993,0.58702374
3097,-2.0579245,0.48637545
3098,-1.6323371,0.68179715
3099,-1.281203,1.1812319
3100,-1.0289564,0.83241653
3101,-1.6696997,0.7990148
3102,-1.4114159,0.93066174
3103,-1.1977042,0.73754215
3104,-2.2649913,1.1512238
3105,-2.8813863,0.5456441
3106,-2.8467796,0.34193057
3107,-1.3700869,0.9166481
3108,-2.1018643,0.7864676
3109,-2.6593866,0.6156633
3110,-2.90076,0.5014123
3111,-2.6634483,0.550661
3112,-2.4835277,0.47755143
3113,-2.595808,0.46683493
3114,-3.0682626,0.8941726
3115,-1.9398804,0.5902322
3116,-1.5921674,0.6854291
3117,-0.87452877,0.7099339
3118,-2.18472,0.6949963
3119,-2.2562578,0.99519944
3120,-2.2998934,1.0251422
3121,-0.88816607,0.7437495
3122,-2.5122683,0.46094176
3123,-1.0238498,0.8035521
3124,-2.870216,0.47981772
3125,-1.0920384,1.5100776
3126,-1.9743586,0.5098524
3127,-3.1084776,0.6701547
3128,-2.575497,0.53232986
3129,-2.3398101,0.3969831
3130,-1.4352492,0.62333256
3131,-1.8813578,0.8070005
3132,-2.7825444,0.6303568
3133,-3.5155525,0.5407889
3134,-0.8157664,0.7139382
3135,-2.1086164,0.76104456
3136,-2.72635,0.43585792
3137,-1.793089,0.97963035
3138,-1.1916393,1.0697497
3139,-0.77817583,0.77293575
3140,-1.8948141,0.76708287
3141,-1.2572942,0.85198015
3142,-1.8480433,0.93545526
3143,-1.9935695,0.9069042
3144,-2.2310233,0.474881
3145,-3.2974823,0.46439272
3146,-2.694595,1.143762
3147,-2.1550968,0.48130468
3148,-2.6212764,0.5138973
3149,-1.5854731,0.8417956
3150,-1.9124509,0.7802234
3151,-2.0278735,0.8210417
3152,-1.5008835,0.8079763
3153,-1.1084214,1.0848609
3154,-2.206272,0.46401042
3155,-2.6193357,0.5926312
3156,-2.4596417,1.4278446
3157,-2.7563694,1.1098459
3158,-1.8515415,0.9558279
3159,-2.8289247,0.7387487
3160,-2.9161005,1.0772141
3161,-2.1402705,0.83545727
3162,-1.0334111,0.9248744
3163,-2.1241508,0.4103685
3164,-0.9128297,0.76993
3165,-2.5010474,0.48494995
3166,-1.5837092,0.98894405
3167,-1.1981518,0.76748586
3168,-1.9532261,0.3841283
3169,-2.940979,0.48898187
3170,-2.348161,0.73581034
3171,-0.9982996,0.94192797
3172,-1.9295877,0.8572152
3173,-2.2862394,0.74283004
3174,-1.6944283,0.94175637
3175,-2.3100617,0.73918813
3176,-2.489401,0.5854451
3177,-1.6583112,1.2141615
3178,-1.964828,0.8614727
3179,-2.2133727,0.51365
3180,-1.274084,0.8037741
3181,-2.4036114,0.34817335
3182,-1.2004969,0.6491873
3183,-2.6195636,0.5167049
3184,-2.6049168,0.5168394
3185,-2.5623813,0.53576535
3186,-1.5030843,0.79518205
3187,-2.3057282,0.47479895
3188,-2.402948,0.459382
3189,-1.8877732,0.7963492
3190,-1.6217824,0.8597628
3191,-1.7616916,0.83075416
3192,-2.2469947,0.73890454
3193,-2.923986,0.5019762
3194,-2.4664896,0.49866766
3195,-2.9354587,0.68712986
3196,-2.3655453,0.53267443
3197,-1.1648879,1.0162731
3198,-1.5543057,0.80198896
3199,-0.89940697,1.7049861
3200,-1.1203629,0.88362575
3201,-1.0871543,0.79507995
3202,-1.6970044,0.76179147
3203,-2.0298264,0.903335
3204,-2.5119085,0.5895973
3205,-2.088944,0.35923344
3206,-2.0676801,0.77059066
3207,-1.9941142,0.76739234
3208,-1.773799,0.89789724
3209,-2.0565948,0.7133153
3210,-1.9318542,0.99248135
3211,-2.1034346,0.79921764
3212,-2.2305975,1.0373943
3213,-1.9023759,0.79235035
3214,-1.5476791,0.86183846
3215,-1.294235,1.2190323
3216,-1.9638667,0.85881793
3217,-1.8266444,0.9546712
3218,-2.9534159,0.6182386
3219,-1.6589371,0.8158129
3220,-1.7651086,0.80355626
3221,-2.232357,0.5853303
3222,-2.4234858,0.46857888
3223,-1.534418,0.7381048
3224,-2.8068945,0.5137958
3225,-2.1231847,0.61632997
3226,-1.9558132,0.69919467
3227,-2.2726772,1.0040414
3228,-2.5006125,0.50642073
3229,-2.9514654,1.0498643
3230,-1.4605343,0.81951296
3231,-1.146803,0.810365
3232,-2.8301005,0.51018435
3233,-2.8881645,0.48716474
3234,-2.4349616,0.5132337
3235,-1.1559745,0.8007037
3236,-0.9374094,1.3902192
3237,-2.2971303,0.9111308
3238,-2.2472775,0.42727217
3239,-2.2388883,0.3481606
3240,-2.4901533,1.0827523
3241,-2.4894326,0.53911036
3242,-2.6949232,1.467385
3243,-1.8982648,0.7543665
3244,-2.5530603,0.39127812
3245,-2.8202116,0.48138773
3246,-1.5347453,1.2847449
3247,-2.6331275,1.4816432
3248,-1.2917835,0.67955804
3249,-1.1516056,0.9095182
3250,-1.7268269,1.6438938
3251,-1.5829152,0.98173463
3252,-2.2059803,0.58363825
3253,-2.2395122,0.44314557
3254,-1.4178522,0.7018386
3255,-2.2993777,0.47849146
3256,-1.7049023,0.7326531
3257,-2.3404768,0.4082325
3258,-1.7664684,0.8569229
3259,-2.633794,0.6181794
3260,-2.2156713,0.89533645
3261,-1.131587,0.7322107
3262,-1.4112254,0.9832625
3263,-2.7596788,0.5096909
3264,-1.8725878,0.6745727
3265,-2.3641179,0.83767927
3266,-2.015238,0.8745461
3267,-0.9852224,0.83419156
3268,-1.2667551,0.73925227
3269,-1.3634146,0.9707312
3270,-1.0882523,0.68374276
3271,-2.9266212,1.0500077
3272,-2.6199389,0.56197786
3273,-1.916249,0.8828266
3274,-1.6786373,0.85330164
3275,-2.2091832,0.4474824
3276,-2.0030415,0.7792459
3277,-2.120654,0.50541914
3278,-1.2199876,0.84636015
3279,-3.0072112,0.62085474
3280,-2.449339,0.3524383
3281,-1.5866286,0.8029505
3282,-1.9464025,0.8677813
3283,-1.5103624,0.6904902
3284,-1.8120378,1.0054832
3285,-1.5635089,0.87992346
3286,-2.2882442,0.42619488
3287,-2.2458258,0.3840384
3288,-2.2514307,0.5892451
3289,-1.7975745,0.7644369
3290,-2.8686917,0.51778275
3291,-2.5669587,0.6976442
3292,-2.258608,0.53294486
3293,-2.1376898,0.9576016
3294,-2.2233224,0.42991397
3295,-1.566603,0.84442765
3296,-2.658829,0.69299966
3297,-2.1434724,0.8806222
3298,-1.7890365,0.95929074
3299,-2.5610993,0.6171823
3300,-2.0487325,0.4003945
3301,-2.6421173,0.48740473
3302,-1.3952844,0.7409384
3303,-2.078187,1.4820442
3304,-2.9611382,0.54861623
3305,-2.7073457,0.42331713
3306,-0.9144422,0.80341953
3307,-1.7073512,0.88968784
3308,-2.390708,0.98334134
3309,-2.398711,1.1255083
3310,-2.3435535,0.9314852
3311,-3.157319,0.44643566
3312,-2.679737,0.55227786
3313,-2.4596019,0.4464939
3314,-2.4580803,0.588331
3315,-2.7670674,0.5601932
3316,-1.9382071,0.8647828
3317,-2.9579499,0.5973666
3318,-1.5238006,1.3049339
3319,-2.6038892,0.46584982
3320,-2.906727,0.5330955
3321,-2.0782137,0.39874658
3322,-2.2222042,1.0374357
3323,-2.5948455,0.6070161
3324,-1.8061157,0.8008335
3325,-2.2570472,0.8183731
3326,-2.2744741,1.1744255
3327,-2.0777705,1.0898131
3328,-2.5981092,0.79302543
3329,-0.7253793,0.7008964
3330,-2.1423078,0.4432568
3331,-2.1561685,0.9274869
3332,-2.684158,0.4402668
3333,-2.2012794,0.37032774
3334,-1.9057542,0.8217219
3335,-2.1115732,0.8199007
3336,-1.7644662,0.85442394
3337,-2.500104,0.38152105
3338,-1.1388984,0.948917
3339,-2.3499403,0.48640418
3340,-2.8578184,0.66734314
3341,-1.2876688,0.857812
3342,-2.6178453,0.96127045
3343,-3.0799136,1.2197092
3344,-1.3232144,0.72269845
3345,-2.3337982,1.4908932
3346,-2.1087384,0.89603513
3347,-2.3452759,0.43065268
3348,-2.1684475,0.9701831
3349,-1.8480535,0.8914335
3350,-1.9822222,0.8698077
3351,-2.6607459,0.5436524
3352,-1.9857574,0.932701
3353,-2.3456957,0.8060377
3354,-1.938364,0.76251256
3355,-3.1357992,0.53094125
3356,-2.0627928,0.90992785
3357,-2.70192,0.6342521
3358,-1.0172179,0.76394325
3359,-2.315641,0.63588744
3360,-2.794416,0.4530533
3361,-2.8675005,0.96134067
3362,-1.5365778,0.7600041
3363,-1.9973242,0.58218884
3364,-1.6453149,0.7818187
3365,-2.4842198,0.39328468
3366,-0.9201518,1.0228789
3367,-1.6219531,0.76551545
3368,-1.4614078,0.8509176
3369,-2.611647,0.4056007
3370,-2.175091,0.8030935
3371,-1.9981095,0.99553514
3372,-1.2451469,0.8345624
3373,-1.8790839,0.3780365
3374,-1.9921925,0.80807143
3375,-2.5976846,0.6198492
3376,-2.569393,0.5047162
3377,-2.1608741,0.43841067
3378,-1.8870004,0.90643984
3379,-2.1134877,0.46535808
3380,-2.0317578,0.80939287
3381,-1.5821438,0.86168325
3382,-1.9234153,1.1341559
3383,-1.0454687,1.0654123
3384,-1.4122772,0.965874
3385,-2.3826756,0.48804045
3386,-2.538996,0.7199509
3387,-2.533979,0.54210347
3388,-1.2497256,0.8450242
3389,-2.234554,0.9116277
3390,-1.636831,0.7134781
3391,-1.0591791,0.9245716
3392,-1.8769405,0.80069125
3393,-2.7384522,0.497206
3394,-2.7249877,0.52253014
3395,-2.6859968,0.45531008
3396,-1.4795346,0.90048087
3397,-2.720398,0.89493704
3398,-1.2094121,0.9628387
3399,-1.4827403,0.8641297
3400,-2.6468573,0.45274824
3401,-1.8594276,0.8417068
3402,-0.8057375,0.81278753
3403,-0.90158623,0.7705709
3404,-1.7870511,0.84600216
3405,-2.4113567,1.368889
3406,-2.215602,0.42051664
3407,-2.481825,0.5161619
3408,-1.9292008,0.79714495
3409,-1.3186677,1.0770814
3410,-1.7884511,0.83741623
3411,-1.2358581,0.7711215
3412,-2.1605923,0.8132709
3413,-1.4585527,0.81437075
3414,-2.4818127,0.46028852
3415,-1.8725407,0.77557576
3416,-2.7010837,0.49198943
3417,-2.0127873,0.89842206
3418,-1.4920838,1.1443632
3419,-2.7153652,0.51600623
3420,-2.4793196,0.57148695
3421,-2.7091854,0.5003308
3422,-1.8574798,0.95246845
3423,-2.4056401,0.8559051
3424,-1.2881405,1.0488979
3425,-2.738697,0.5028522
3426,-1.896303,1.00191
3427,-1.7526566,0.79984623
3428,-1.3875619,0.75006765
3429,-1.4406,1.0764406
3430,-2.04887,0.38403094
3431,-1.5274314,0.7655539
3432,-2.7760785,0.45021337
3433,-1.4237518,0.75415605
3434,-2.1205096,1.067395
3435,-0.91002226,0.9880749
3436,-2.566967,0.65836704
3437,-2.3800805,0.43951383
3438,-2.0611494,0.45811906
3439,-2.1527102,1.0004299
3440,-2.823191,0.5377029
3441,-2.635072,0.9656414
3442,-0.9209136,0.9046275
3443,-2.3755627,0.41708773
3444,-1.3865263,0.834833
3445,-1.8672427,0.92413074
3446,-1.5204711,1.0296882
3447,-2.0575545,0.9485198
3448,-1.8703426,0.65462184
3449,-1.9032217,0.9564555
3450,-1.5971819,1.5804774
3451,-2.6563365,0.45189425
3452,-0.83901614,0.83672965
3453,-2.3756807,0.3820436
3454,-3.1958897,0.5360617
3455,-2.6966748,0.4481814
3456,-0.32159185,0.953475
3457,-2.1329565,1.0257263
3458,-2.2374697,0.39287972
3459,-1.7278488,1.3229719
3460,-2.3191931,0.5491882
3461,-2.3577173,0.984871
3462,-1.0148336,0.6987856
3463,-1.2317743,1.0885894
3464,-3.0317125,0.6252777
3465,-2.0971074,0.3915451
3466,-1.6839744,1.222233
3467,-1.0295882,0.7140132
3468,-2.897285,0.49299788
3469,-1.7312644,0.8373958
3470,-1.0832489,1.0578667
3471,-1.8959452,1.0158366
3472,-1.8594865,0.7691654
3473,-2.6595716,0.87617815
3474,-2.9334292,0.57042474
3475,-1.7038869,0.65235376
3476,-1.7026341,0.9153629
3477,-1.6237634,1.008527
3478,-2.3588545,0.9833491
3479,-1.6396104,1.0326544
3480,-1.7719879,0.8347623
3481,-2.689484,0.8730943
3482,-1.2301581,0.71278983
3483,-2.4702508,1.1612719
3484,-2.0609357,0.8673548
3485,-1.6279817,1.0024676
3486,-1.1279086,1.1286867
3487,-2.5902245,1.0280879
3488,-2.6062093,0.66485983
3489,-1.9050254,0.9181745
3490,-1.9398465,0.84622246
3491,-1.1751093,0.6624302
3492,-3.0051806,0.49204803
3493,-1.4000142,0.7934868
3494,-0.6421475,0.7165803
3495,-1.9396458,0.8309711
3496,-2.1897817,0.45424828
3497,-2.1780713,0.6826972
3498,-1.4184463,0.8750363
3499,-1.7708359,0.64071655
3500,-2.393101,0.4507429
3501,-2.497571,0.82157546
3502,-1.9566593,0.71625656
3503,-2.381746,0.9584694
3504,-2.6985414,0.43415767
3505,-2.7367465,0.5376757
3506,-2.6673515,0.8320711
3507,-1.4464674,1.0400484
3508,-2.6038196,0.86062145
3509,-1.9026713,0.87789094
3510,-2.4918196,0.4732297
3511,-3.000545,0.4566474
3512,-2.288422,0.8003594
3513,-1.6673166,1.4015044
3514,-2.4776495,0.51266396
3515,-1.2567402,0.8017228
3516,-2.562918,0.4283901
3517,-2.4791203,0.6937431
3518,-2.7460322,0.41596344
3519,-2.8150713,0.52190626
3520,-2.5564606,0.6132928
3521,-3.229605,0.5231864
3522,-1.1543568,0.662664
3523,-1.7021652,0.7354796
3524,-1.2023782,0.8227244
3525,-2.7480378,0.51559335
3526,-1.3198092,0.82043314
3527,-1.7581842,1.4598703
3528,-3.1328144,0.5064145
3529,-1.4244874,0.79645306
3530,-2.5049868,0.4703573
3531,-2.0324156,1.4239807
3532,-2.2860956,0.5197125
3533,-2.818846,0.5064867
3534,-2.464156,0.8174939
3535,-1.3221889,0.9122211
3536,-1.9188863,0.9346193
3537,-1.8305538,0.97217053
3538,-1.8953084,1.5390499
3539,-1.895154,0.6584311
3540,-2.6141021,0.6015659
3541,-2.442388,0.5364065
3542,-1.6896948,0.7982319
3543,-1.684341,0.8613252
3544,-2.5168946,0.4793055
3545,-2.211624,0.9117498
3546,-2.5788915,1.4457314
3547,-2.0490327,0.8885204
3548,-2.1470313,0.89219254
3549,-1.6098832,0.9682476
3550,-0.82047206,0.76654536
3551,-0.8064769,0.6147592
3552,-2.6931772,0.89350694
3553,-2.4733586,0.51441205
3554,-1.9826642,0.74407274
3555,-2.5163915,0.5993224
3556,-1.4539808,0.8430661
3557,-2.155604,1.492584
3558,-1.9606248,0.80124557
3559,-1.389981,0.8667346
3560,-2.2735095,0.9012671
3561,-2.353014,0.6801968
3562,-2.7256827,0.60409594
3563,-2.0277627,0.81035733
3564,-2.1078582,0.48837715
3565,-3.208719,0.9513748
3566,-2.3067436,0.43729958
3567,-1.7476938,0.67840326
3568,-1.0251408,1.358059
3569,-2.0642507,0.80656004
3570,-2.0267596,0.43815833
3571,-1.6843358,0.90684426
3572,-1.4326602,0.6864172
3573,-1.0799592,0.8036793
3574,-1.371109,0.73391813
3575,-2.3366606,0.5276793
3576,-1.9136763,0.90891385
3577,-2.2756157,0.40474418
3578,-1.7548182,0.7042086
3579,-1.8667592,0.85994256
3580,-2.757333,0.5385279
3581,-2.7731054,0.608738
3582,-1.3855317,0.8569823
3583,-2.2095218,0.5714879
3584,-2.5858834,0.8755073
3585,-1.1101931,0.9028763
3586,-1.7433387,0.79640156
3587,-2.3635385,0.7944442
3588,-1.2182761,1.026229
3589,-2.3213422,0.7213925
3590,-3.1642606,0.49595928
3591,-1.3556842,0.97024447
3592,-2.943356,0.5263312
3593,-2.6423032,0.5250517
3594,-2.9656382,0.50473315
3595,-2.6354792,0.625982
3596,-1.4997793,0.7645539
3597,-2.0057862,1.1836966
3598,-2.7439823,0.50288826
3599,-2.2885287,0.4202174
3600,-2.2616773,0.80884737
3601,-1.7354232,0.96886104
3602,-1.9583603,1.2252096
3603,-2.5124676,0.57380843
3604,-1.850296,0.9488771
3605,-2.6171083,0.5786207
3606,-1.9324186,1.3642899
3607,-2.0108562,0.39321074
3608,-2.5052469,0.46714544
3609,-2.695125,0.8511499
3610,-2.7753937,0.4425679
3611,-0.88465595,0.99982363
3612,-2.6799872,0.557338
3613,-1.2540948,0.86238503
3614,-1.6043212,1.4349967
3615,-2.183535,0.9510337
3616,-1.261961,0.73971087
3617,-2.5608578,0.45942032
3618,-2.3406258,0.53656316
3619,-2.039666,1.0048071
3620,-1.846741,0.41678473
3621,-1.7306646,0.8758541
3622,-1.6589205,0.9054135
3623,-2.651873,0.5814356
3624,-2.3720305,0.7595417
3625,-1.5372136,1.1220235
3626,-2.6033654,0.44098765
3627,-1.6368761,0.88943726
3628,-2.5535247,0.7044882
3629,-2.2868865,0.7742432
3630,-1.5195069,0.78118354
3631,-1.126617,0.80224764
3632,-2.1476073,0.47280398
3633,-1.6746134,0.7517764
3634,-2.4747748,0.8961321
3635,-2.3781831,0.44621345
3636,-1.5732855,0.73147553
3637,-1.6377313,1.0018417
3638,-2.4780118,0.43985912
3639,-2.1302555,0.46708274
3640,-1.1035962,0.7329205
3641,-2.4773405,0.42187297
3642,-2.4317226,0.78244543
3643,-1.100685,0.77915967
3644,-2.0050297,0.46138775
3645,-1.816547,0.7547141
3646,-2.293136,0.4318295
3647,-1.0752976,0.7946469
3648,-1.4737123,0.8148134
3649,-2.0357149,0.7795992
3650,-2.9446654,0.52714956
3651,-1.5406789,0.70273995
3652,-2.6307704,0.37875655
3653,-0.41720608,0.9325084
3654,-1.8739138,0.8735604
3655,-2.2411995,0.7902516
3656,-2.5246205,0.49072373
3657,-1.9470865,0.4877608
3658,-3.584899,0.52354884
3659,-2.1443744,0.47288415
3660,-2.8359277,0.5449658
3661,-1.2756671,0.8889122
3662,-1.1501318,0.7487613
3663,-1.3002759,0.66311234
3664,-1.2513888,0.80795306
3665,-2.733979,0.9444728
3666,-2.3691285,0.57953554
3667,-2.4096727,0.40194786
3668,-2.420936,0.58024096
3669,-2.2688577,0.5467425
3670,-2.11867,0.50132865
3671,-2.7278905,0.4085064
3672,-3.2114103,0.49633712
3673,-1.0848776,0.8020024
3674,-0.7763612,0.9094832
3675,-2.3367586,0.55242985
3676,-2.573535,0.494822
3677,-1.5268294,1.1009688
3678,-2.3628361,0.5580039
3679,-1.4097677,0.8864601
3680,-1.4718571,0.9942784
3681,-1.9090219,0.7373865
3682,-2.722019,1.17505
3683,-1.9385173,0.80933684
3684,-1.9182622,1.131118
3685,-2.4127703,0.9105237
3686,-2.0800986,0.9079195
3687,-2.3097954,0.49957216
3688,-2.4635992,0.4403441
3689,-2.1474283,0.4032307
3690,-2.853845,0.45467642
3691,-2.055033,0.82570094
3692,-2.3440747,1.2495592
3693,-1.8355536,0.88054097
3694,-3.4424706,0.7572401
3695,-2.5518913,0.54025936
3696,-3.119478,0.52592283
3697,-2.3663924,0.56878185
3698,-2.5633953,0.477047
3699,-2.4035065,0.7103944
3700,-1.6533105,1.0966661
3701,-2.508827,0.84577084
3702,-2.2175062,0.8604883
3703,-1.3191128,0.82298523
3704,-1.7326796,0.82776654
3705,-1.3704973,0.9571165
3706,-1.5004294,0.915747
3707,-1.8815641,1.041655
3708,-1.3614746,0.7869025
3709,-0.9094607,1.225021
3710,-1.771646,0.52851576
3711,-1.6051004,0.9812566
3712,-2.3893542,0.9053369
3713,-2.9054823,0.6188549
3714,-2.4797366,0.5072128
3715,-2.2814589,0.47577885
3716,-2.020817,0.81289
3717,-2.1240273,0.92009777
3718,-2.4131196,0.44081914
3719,-2.5130243,0.48231936
3720,-2.271337,0.3914159
3721,-1.937441,0.4757923
3722,-2.3518288,1.1873528
3723,-1.8468701,0.66898966
3724,-1.8094147,0.8466808
3725,-1.8260787,0.91621065
3726,-1.8142129,0.7757006
3727,-1.5401235,0.85660034
3728,-1.7610631,0.7490305
3729,-1.5423108,0.73657876
3730,-2.1263783,0.38429686
3731,-1.3424013,0.74085975
3732,-1.4805712,0.93932617
3733,-2.206739,1.223471
3734,-1.4133877,0.7009539
3735,-2.464149,0.5499905
3736,-2.9183006,0.5250365
3737,-1.3936133,0.6896575
3738,-2.4209573,0.41891417
3739,-1.1561505,0.90244436
3740,-2.452286,0.94363475
3741,-1.3002282,0.900661
3742,-3.1986349,0.5778253
3743,-2.6523862,1.4329388
3744,-1.4004087,0.9331508
3745,-2.4108422,0.53458333
3746,-2.7101886,1.0712168
3747,-3.0993533,0.9114669
3748,-1.1987078,0.8928819
3749,-2.9500966,0.62031406
3750,-0.96998364,0.94325995
3751,-1.8228883,0.74714035
3752,-0.70419466,0.8654403
3753,-2.7460427,0.8062214
3754,-2.3311856,0.42128226
3755,-1.050029,0.73476344
3756,-2.5585651,1.0835675
3757,-2.4805422,0.98719966
3758,-2.231251,0.79817265
3759,-1.6163085,0.82986283
3760,-1.8366828,0.8188999
3761,-1.9201355,0.8150953
3762,-2.2710872,0.55022115
3763,-1.2713238,0.6588404
3764,-2.2525837,0.5746213
3765,-1.2637119,0.63580483
3766,-1.6168642,0.78671515
3767,-2.8114464,0.4956775
3768,-1.2138478,0.8536938
3769,-1.5526888,0.9205756
3770,-1.9344387,1.0189593
3771,-2.074373,0.6108728
3772,-1.6922532,0.89034045
3773,-1.8952564,1.0697861
3774,-2.059417,0.7640858
3775,-2.538095,0.5094725
3776,-2.8364422,0.4578369
3777,-2.4418647,0.38689625
3778,-1.9166598,0.8838155
3779,-2.5880094,0.6598072
3780,-2.360486,0.5337952
3781,-1.5805849,0.69219893
3782,-2.2900748,0.9008523
3783,-2.4424825,0.48824167
3784,-1.3357862,0.7423869
3785,-3.3232648,0.5594596
3786,-1.100304,0.7331055
3787,-1.7675543,0.8330042
3788,-3.149833,0.59872264
3789,-1.3013494,0.77270246
3790,-2.4597363,0.5239709
3791,-2.357121,0.5702755
3792,-1.6508523,0.7720876
3793,-2.7872424,0.5884456
3794,-1.7504604,0.8332711
3795,-2.1060095,0.4678256
3796,-1.4214885,0.7429624
3797,-2.6407664,0.502648
3798,-2.9257936,0.9766535
3799,-1.2474416,0.8520843
3800,-1.699351,0.82926124
3801,-1.3539139,0.7828395
3802,-2.7570133,0.61079615
3803,-1.6974185,0.9725977
3804,-2.7824512,0.55439174
3805,-1.879517,0.48517093
3806,-2.1572871,0.432526
3807,-3.125471,0.51745814
3808,-1.8383015,1.1521672
3809,-1.3877351,1.0118847
3810,-2.430669,0.4065329
3811,-1.0459208,0.61212486
3812,-2.4197502,0.94746244
3813,-2.6212585,1.2656893
3814,-2.8839302,0.5283938
3815,-1.8589889,0.8673783
3816,-1.5616957,1.0957618
3817,-2.084849,0.39574575
3818,-1.2012726,0.91102356
3819,-2.6151867,0.84125173
3820,-2.6683297,0.51952577
3821,-2.3184903,0.4513881
3822,-1.1921446,0.72647804
3823,-2.0165756,0.9159392
3824,-2.3393106,0.9233277
3825,-0.99850786,1.4589015
3826,-1.486278,0.8957099
3827,-2.314393,0.39552647
3828,-1.5593809,0.82422423
3829,-2.6713965,0.448694
3830,-1.4885956,0.8299588
3831,-0.7773397,0.69280463
3832,-3.0287623,0.54996395
3833,-1.780445,0.95072675
3834,-1.951614,1.0401305
3835,-1.3223072,0.8056998
3836,-2.3680089,0.43444362
3837,-2.4212818,0.97692364
3838,-1.83247,0.81733143
3839,-2.4776428,0.45827845
3840,-1.6127151,0.6597701
3841,-2.2582269,0.5187068
3842,-1.9075558,0.8770536
3843,-2.1989813,0.4865434
3844,-1.8820906,0.6629146
3845,-1.4404967,0.7657616
3846,-2.8373966,0.44671476
3847,-2.448354,1.0441225
3848,-1.2210333,0.7614674
3849,-3.2731524,0.55777085
3850,-1.4532827,1.4096165
3851,-1.5770319,0.7278324
3852,-2.562881,0.44479328
3853,-1.8958795,0.8944873
3854,-2.6756034,0.859169
3855,-1.6870539,0.64068717
3856,-1.3950164,0.6900006
3857,-2.5729008,0.57559234
3858,-2.908653,0.57665575
3859,-2.5963597,0.6656083
3860,-2.6088665,0.49749967
3861,-1.0485799,0.9686313
3862,-2.3603122,0.89642894
3863,-2.6272936,0.47630367
3864,-2.2209656,0.49227867
3865,-0.89568704,1.3269606
3866,-2.1582441,0.7470261
3867,-3.1762865,0.5351042
3868,-2.4908674,0.5604761
3869,-1.1960506,0.83921313
3870,-2.1317437,0.5548517
3871,-2.7383718,0.49079582
3872,-2.3086033,0.92290527
3873,-3.379612,1.6648812
3874,-2.3056314,0.4852925
3875,-1.7415875,0.8704191
3876,-1.4522806,0.72918266
3877,-1.0958865,0.7751925
3878,-1.3547479,0.9373123
3879,-1.4615282,0.73776394
3880,-1.3297124,0.659553
3881,-1.696545,0.8808283
3882,-2.1912658,0.8988575
3883,-2.1193302,1.4259373
3884,-2.6881254,0.58701646
3885,-2.7287877,0.6779708
3886,-2.100006,0.5489384
3887,-2.9862893,0.5406797
3888,-2.9257593,0.5243612
3889,-1.8972214,0.6504501
3890,-2.0538373,0.45858335
3891,-1.697121,0.9387226
3892,-2.5336854,0.4279319
3893,-1.1437442,0.8467067
3894,-1.4378257,1.2136381
3895,-1.5434393,0.86600506
3896,-2.846109,1.1698653
3897,-2.311446,0.910057
3898,-1.9781101,0.41299155
3899,-1.9085978,0.46764916
3900,-3.041627,0.5148994
3901,-3.559482,0.66146153
3902,-2.216176,0.81815773
3903,-1.6169653,0.7522257
3904,-2.1905851,0.4069981
3905,-0.75006104,0.7054257
3906,-1.930536,0.8236747
3907,-1.4409713,0.85290164
3908,-2.6229424,0.55738324
3909,-1.894434,0.7535166
3910,-2.0278804,0.9133391
3911,-2.380004,0.49254802
3912,-2.5162804,0.4757703
3913,-1.5273944,0.86192214
3914,-1.6176574,0.7719547
3915,-2.702419,1.0230213
3916,-1.819078,1.1752278
3917,-2.543729,0.44115543
3918,-3.127387,0.5351402
3919,-1.7286843,0.930071
3920,-2.5559971,0.8556457
3921,-2.2872567,0.46427166
3922,-0.44908702,0.8019342
3923,-1.795593,0.7317253
3924,-2.939155,0.6147782
3925,-1.937331,0.88913155
3926,-2.419381,0.4494304
3927,-2.4096296,0.53145486
3928,-2.91146,0.4242655
3929,-0.7891348,0.8590694
3930,-2.516248,0.44051975
3931,-1.743487,0.6872567
3932,-2.6376314,0.55181175
3933,-2.5496614,0.45331165
3934,-1.8303207,0.7074708
3935,-1.8320414,0.8003919
3936,-1.3405781,0.7881691
3937,-2.5955133,0.5556449
3938,-2.3130484,0.7537778
3939,-2.2489405,0.45784175
3940,-2.7020993,0.50561094
3941,-1.9589034,1.0976511
3942,-2.5307214,0.52315766
3943,-2.6855733,0.41031998
3944,-1.3684363,0.87067807
3945,-1.5066593,0.7369209
3946,-1.5139598,1.1655651
3947,-2.2840981,0.9430814
3948,-1.7403725,0.7929798
3949,-1.9774877,0.8094593
3950,-1.7801275,1.1462388
3951,-1.6153644,1.4959915
3952,-2.7129643,0.5099351
3953,-1.3636404,0.89444804
3954,-2.6938057,0.51090527
3955,-2.0006292,0.93567425
3956,-1.7579265,1.0744284
3957,-1.1210768,0.9498391
3958,-2.464546,0.47241014
3959,-2.3682168,0.4608322
3960,-2.1647997,0.96557355
3961,-2.6331022,0.45086512
3962,-1.4743227,0.76813155
3963,-2.6013525,0.5461351
3964,-2.1969209,0.7152068
3965,-1.7216858,0.8584606
3966,-2.7960691,0.4695128
3967,-1.474213,0.99164456
3968,-2.1094098,0.3959269
3969,-2.8307402,0.5117152
3970,-3.2350855,1.0668908
3971,-1.5791732,0.7278423
3972,-1.592836,0.7954886
3973,-2.5652614,0.7323614
3974,-1.503481,1.5702453
3975,-2.4655612,1.0686865
3976,-1.353222,0.9504165
3977,-1.2725757,0.8877793
3978,-1.6806293,1.2452465
3979,-1.5318501,0.7092105
3980,-2.4788325,0.54594415
3981,-1.5931047,0.9583932
3982,-0.99865544,0.8154901
3983,-2.0274851,0.469636
3984,-1.4503833,0.89101744
3985,-0.31617,0.93314195
3986,-2.1829648,0.7788953
3987,-1.0673634,0.84981793
3988,-1.912705,1.2550772
3989,-2.2858953,0.63102823
3990,-2.3337018,0.42600453
3991,-1.4789029,0.73818254
3992,-2.2021437,0.46758834
3993,-2.616106,0.4770003
3994,-1.8570718,0.9626053
3995,-1.9879962,0.43795273
3996,-1.8747866,0.40824768
3997,-2.2435484,1.1085109
3998,-2.0444283,0.8237568
3999,-2.8307397,0.75202566
4000,-1.8958205,0.7240731
4001,-2.333883,0.51257795
4002,-2.7626162,0.46125755
4003,-1.1434547,0.9156167
4004,-1.3655343,0.7071706
4005,-1.1201417,1.1282846
4006,-1.3843477,0.98981917
4007,-1.6192212,0.2885717
4008,-1.116438,1.0105237
4009,-1.8095132,0.78946435
4010,-2.6064007,0.51740813
4011,-1.9680265,0.96193254
4012,-2.9574666,0.46481338
4013,-1.4444376,0.83848715
4014,-1.3105023,0.90029037
4015,-0.7988365,0.8307485
4016,-2.1225939,1.3286163
4017,-2.750481,0.5191845
4018,-1.8675846,0.45271903
4019,-2.9446478,0.59402627
4020,-1.7728907,0.99931425
4021,-1.3885999,0.7833886
4022,-1.4620429,0.80671054
4023,-3.2741022,0.49104458
4024,-1.1904964,0.78238064
4025,-2.162821,0.7911171
4026,-1.1177802,0.73795867
4027,-2.8064983,0.47601238
4028,-1.3717135,0.9024908
4029,-3.042238,0.41467842
4030,-1.7529664,0.8303998
4031,-2.3438854,0.9493486
4032,-1.3439755,1.3020693
4033,-1.2878224,0.76666296
4034,-2.7829735,0.4285299
4035,-1.4477395,0.7115287
4036,-1.3493326,0.65301347
4037,-2.4448826,0.53280526
4038,-2.2367225,0.40173307
4039,-1.9188615,0.90652245
4040,-2.0851727,0.75109804
4041,-2.6650841,0.50933605
4042,-2.043587,0.75703126
4043,-2.521516,0.4738116
4044,-1.77545,0.79237187
4045,-2.4880154,0.48360938
4046,-2.5394685,0.71450764
4047,-1.4701735,0.8037741
4048,-0.93834686,0.7213302
4049,-2.4388292,0.56348455
4050,-1.3531228,0.71177065
4051,-1.0000173,0.9706186
4052,-2.1449804,0.7821818
4053,-0.7589129,0.8933943
4054,-1.7721707,0.7904347
4055,-1.5465379,0.78367084
4056,-1.3374692,0.7706039
4057,-1.1001636,1.3184627
4058,-1.997384,0.960982
4059,-1.5991551,0.7180055
4060,-1.9014924,0.8003336
4061,-1.391897,0.80267215
4062,-2.0749533,0.8340369
4063,-1.2576869,0.68076384
4064,-2.539184,0.4065854
4065,-1.235047,0.7849877
4066,-2.6728742,0.4514284
4067,-2.199094,0.8602607
4068,-3.135111,0.56255174
4069,-3.3053305,0.6800328
4070,-1.007181,0.9532454
4071,-1.9351287,0.86942786
4072,-1.9738286,0.83361405
4073,-2.2348995,0.53963494
4074,-1.6631455,0.66917884
4075,-2.199341,0.7759033
4076,-2.597234,0.59071636
4077,-1.2448394,0.877433
4078,-3.552357,0.7824931
4079,-2.344091,0.44654784
4080,-1.7161837,0.9239928
4081,-2.0715978,1.0500941
4082,-1.5758706,0.768896
4083,-1.3060528,0.6295212
4084,-1.5000216,0.81154037
4085,-1.0594815,1.093614
4086,-2.6598845,0.5006206
4087,-1.4425614,0.7377612
4088,-2.1711535,0.43003115
4089,-2.702781,1.1119956
4090,-2.224126,0.70034224
4091,-2.136056,0.9166283
4092,-1.8152158,0.8100214
4093,-2.6736135,0.7037666
4094,-2.7505918,0.47145
4095,-2.1473923,0.70417243
4096,-2.2139285,0.8187224
4097,-1.4141155,0.71676457
4098,-2.9722748,0.48415267
4099,-2.932717,0.63069344
4100,-1.9258043,0.5467056
4101,-2.9677298,0.47862446
4102,-2.0664675,0.910189
4103,-1.8886094,0.7226196
4104,-2.6360185,0.8994887
4105,-1.1977985,0.85349387
4106,-2.2471712,0.54606813
4107,-1.7928317,0.91788745
4108,-2.3074093,0.5459479
4109,-1.3491399,0.71438295
4110,-1.7944334,0.6850553
4111,-2.674257,0.5653895
4112,-1.3359528,0.9382789
4113,-0.7350394,0.91034245
4114,-2.4538512,0.97658956
4115,-1.9750013,0.8926434
4116,-1.7989523,0.7335335
4117,-1.8084613,1.1182073
4118,-2.2197924,0.8344335
4119,-2.6321073,0.46471447
4120,-1.4909788,0.68351567
4121,-2.2085397,0.4787071
4122,-1.64946,1.1350081
4123,-1.6027789,0.7306821
4124,-2.919905,0.53380543
4125,-2.121677,0.94319344
4126,-2.3326292,0.53325576
4127,-2.6459765,0.4840877
4128,-2.6746144,0.5853663
4129,-2.7668447,1.0771804
4130,-2.6460276,0.43297815
4131,-2.2691557,1.0990686
4132,-1.855275,0.6994854
4133,-2.5081465,0.4604335
4134,-1.5325525,1.1915574
4135,-2.8497071,0.92408293
4136,-2.4255028,0.45779237
4137,-2.6648664,0.48618594
4138,-3.0334158,0.5453583
4139,-1.5693815,0.7979243
4140,-1.9842515,0.5022927
4141,-1.6554081,0.8463978
4142,-2.4401727,0.46403426
4143,-1.6676687,0.77970886
4144,-2.6005795,0.51393986
4145,-2.731838,0.7752346
4146,-1.5975133,0.7647271
4147,-2.5998547,0.4936882
4148,-2.2735307,0.98461777
4149,-2.4597392,0.87426776
4150,-2.1276362,0.8072454
4151,-2.2987506,0.73043644
4152,-1.8810148,0.7709688
4153,-1.6981314,0.7011719
4154,-2.3112512,0.3926422
4155,-2.2994835,0.55883443
4156,-0.9422522,0.8413684
4157,-3.1893022,0.6725895
4158,-3.1553035,0.63549507
4159,-2.4306624,0.4638644
4160,-2.571807,0.5701684
4161,-2.622212,0.5538829
4162,-2.496072,1.5313925
4163,-0.6254237,0.9973212
4164,-2.847994,0.5348878
4165,-1.380856,0.8566373
4166,-1.749391,0.7093277
4167,-1.8323147,0.8665687
4168,-2.7185137,0.48929346
4169,-2.4365513,0.64142686
4170,-2.743513,0.56915
4171,-2.448271,0.95378697
4172,-1.0318279,0.97581685
4173,-2.0580165,0.9471484
4174,-2.4670904,0.40265825
4175,-2.868882,0.5246882
4176,-1.7934809,1.1176366
4177,-2.167752,0.80824673
4178,-1.3873667,0.7257937
4179,-1.5950961,0.8637869
4180,-0.9398646,0.6867393
4181,-1.6560713,0.9219741
4182,-1.9923695,0.5708693
4183,-2.0515013,0.8735726
4184,-2.2559736,0.6063932
4185,-1.0373043,0.7494731
4186,-1.9123486,0.35335973
4187,-1.4485861,1.0472802
4188,-2.1591227,0.83432555
4189,-2.8177607,0.4500779
4190,-2.0376246,0.81454736
4191,-1.7946059,0.60787535
4192,-2.0755506,0.7537001
4193,-1.6947353,1.000245
4194,-2.630199,1.0985966
4195,-2.180826,0.58351225
4196,-2.5841625,0.8155822
4197,-2.7045133,0.85836303
4198,-2.3609195,0.42665654
4199,-1.9899853,0.67123103
4200,-3.267467,0.6295323
4201,-1.1645756,0.7865202
4202,-2.084039,1.2146878
4203,-3.0637352,0.50289875
4204,-2.1295269,1.0785879
4205,-2.1111653,0.44243175
4206,-0.8522454,1.0587186
4207,-2.1406744,0.69815016
4208,-2.655346,0.43458405
4209,-1.431832,0.7222277
4210,-1.6606295,1.0198352
4211,-2.5176992,0.4142531
4212,-2.3713431,0.47465876
4213,-2.3666663,0.52284545
4214,-1.8596462,0.84672403
4215,-2.6081262,0.51735044
4216,-2.726594,0.45974642
4217,-1.5791576,0.9134919
4218,-2.1880765,0.77317846
4219,-2.195274,0.5684532
4220,-2.0346162,0.8740466
4221,-2.6520863,0.6601576
4222,-1.3945931,1.4200488
4223,-1.5932307,0.9279546
4224,-2.4779,0.8010165
4225,-2.9196532,0.6368218
4226,-2.661872,0.42756778
4227,-1.7686739,0.8349909
4228,-1.9324279,0.981743
4229,-2.8005965,0.5390728
4230,-2.359766,0.5647589
4231,-2.184696,1.9291819
4232,-1.3400447,1.0680314
4233,-2.8435621,0.46571705
4234,-2.183608,0.5161321
4235,-3.298664,0.62741745
4236,-3.1562717,0.63344413
4237,-2.4149086,0.44815555
4238,-2.956967,0.5561823
4239,-2.3972726,0.45640284
4240,-0.6875376,0.8566678
4241,-1.6373956,0.66446567
4242,-2.302367,1.1462749
4243,-2.0807521,1.193469
4244,-1.2403476,0.64814514
4245,-1.808001,0.9595037
4246,-1.770587,0.9430732
4247,-2.4463024,0.45316187
4248,-2.5057073,0.8040881
4249,-1.9335914,0.5210774
4250,-1.8905053,0.8140796
4251,-1.082328,1.1098435
4252,-2.2742817,0.85966676
4253,-2.2609925,0.47000554
4254,-2.8472006,0.5553142
4255,-2.4198418,0.43797538
4256,-2.7135236,0.52213687
4257,-1.7885284,0.93032205
4258,-1.8989987,0.88425887
4259,-1.8178495,0.9315891
4260,-1.1243551,0.78723407
4261,-2.3498046,0.66926026
4262,-2.7138531,0.50546044
4263,-2.4693065,0.4526522
4264,-1.3315039,0.69897324
4265,-2.057324,0.9079397
4266,-2.2164345,1.0278662
4267,-2.679849,0.53651977
4268,-2.9417188,0.53822017
4269,-2.9764156,0.63726425
4270,-2.5185356,0.46092162
4271,-2.2801645,0.46438393
4272,-2.415457,0.76812226
4273,-2.2516122,0.81320125
4274,-1.2135426,0.9181979
4275,-0.9988622,0.7857634
4276,-1.5730382,0.8102387
4277,-1.2387137,0.93592465
4278,-2.5120037,0.53878474
4279,-2.8025792,0.4862103
4280,-2.2006617,1.028683
4281,-2.366169,0.5301402
4282,-1.1459188,0.7208301
4283,-2.6812785,0.46113813
4284,-1.106795,0.76496553
4285,-2.0861423,1.1466463
4286,-1.0539542,0.7825249
4287,-2.3728247,0.4477737
4288,-1.571496,0.66960526
4289,-1.7596511,0.90636647
4290,-2.838497,0.5597278
4291,-1.7238201,0.63414747
4292,-1.2561625,0.8475388
4293,-0.82007325,0.86958486
4294,-2.197978,0.9406227
4295,-2.399066,0.5221793
4296,-2.4327452,1.1670773
4297,-2.762337,0.40236884
4298,-2.0291567,0.3705452
4299,-1.0382849,0.77318424
4300,-2.0094635,0.7920294
4301,-1.7804961,0.9291375
4302,-0.40805337,0.63007605
4303,-1.4990402,0.98709965
4304,-2.3077526,0.3958657
4305,-1.8435684,0.8340742
4306,-1.8864443,0.82355624
4307,-1.9673697,0.75900763
4308,-1.62606,0.89616555
4309,-2.1180253,1.0058188
4310,-2.7038512,0.54110414
4311,-1.2912904,0.9275987
4312,-1.9751623,0.41791674
4313,-1.5755854,0.90283614
4314,-3.0608215,0.53430694
4315,-1.4985628,0.81143844
4316,-1.4600056,0.799795
4317,-2.9479852,0.5335519
4318,-2.6746626,0.55987895
4319,-3.3111248,0.6529088
4320,-2.609292,0.52668285
4321,-2.487904,0.45354107
4322,-2.0242732,0.84323686
4323,-1.6899127,0.70506114
4324,-1.8654982,0.7180232
4325,-2.5557427,0.71177024
4326,-2.6004188,0.5736146
4327,-2.111875,0.8130735
4328,-2.419135,0.4978716
4329,-2.553707,0.45145583
4330,-2.762395,0.54034805
4331,-1.808779,0.8492528
4332,-1.2487586,0.74810797
4333,-2.3141627,0.3861772
4334,-2.8581135,0.4574779
4335,-3.035943,0.46755284
4336,-2.3039525,0.38852513
4337,-2.975666,0.5051136
4338,-2.6641583,0.49362618
4339,-1.7276611,0.922956
4340,-1.6060948,0.924113
4341,-1.3637781,1.0732754
4342,-2.09039,0.4593297
4343,-0.9098807,0.80717194
4344,-2.8555856,0.62860936
4345,-2.3926308,0.4433765
4346,-1.025512,0.78253305
4347,-2.0582178,0.44907185
4348,-1.2631695,0.83313173
4349,-1.4657328,1.2497889
4350,-2.7520373,0.8500304
4351,-2.312737,0.4124502
4352,-1.0078455,0.74445426
4353,-2.2102926,0.37919992
4354,-2.1728709,0.84168655
4355,-2.947884,1.0521224
4356,-2.415997,0.5074545
4357,-1.2470281,1.3067596
4358,-2.342787,0.8966274
4359,-1.4930942,0.73154527
4360,-1.6951648,1.1833951
4361,-2.324643,0.5186953
4362,-1.4152436,0.95660716
4363,-2.2334716,0.46935782
4364,-2.133076,0.93298614
4365,-1.327068,0.8470854
4366,-1.8718638,0.7887517
4367,-2.3851798,0.45891124
4368,-1.993716,0.87766975
4369,-2.1180742,0.90257037
4370,-1.8973764,0.6259649
4371,-2.874948,0.5707456
4372,-1.6410139,2.488444
4373,-2.0793324,0.96555287
4374,-2.0245965,0.6656096
4375,-1.7791612,0.784744
4376,-2.1521633,0.39240608
4377,-2.7352068,0.5898842
4378,-1.3287752,0.73334515
4379,-1.992277,0.725686
4380,-2.1766646,0.7321239
4381,-1.3405881,0.9069501
4382,-2.875946,0.969533
4383,-2.397714,0.45043275
4384,-1.8239896,0.7334953
4385,-3.3035393,0.50003636
4386,-2.3628297,1.0442476
4387,-0.7592525,0.93632865
4388,-1.612682,0.70674497
4389,-2.5033865,0.61307245
4390,-0.96833205,0.76722026
4391,-1.4871777,0.9696482
4392,-1.9388162,0.9902436
4393,-2.9573286,0.4643081
4394,-2.3564358,0.92264736
4395,-2.7537298,1.0354031
4396,-1.399159,0.77402073
4397,-2.1502523,1.1933761
4398,-1.5587171,1.1532526
4399,-2.3464968,0.47853222
4400,-2.5945444,0.6750031
4401,-1.8184372,1.0896473
4402,-2.1111126,1.0999501
4403,-2.2227745,0.42155102
4404,-2.1710162,0.79238975
4405,-0.8455664,1.0090686
4406,-1.3376485,0.7648573
4407,-2.2926369,0.46649545
4408,-1.2266008,0.6541673
4409,-2.4906673,0.4782405
4410,-2.4859383,0.5221326
4411,-2.3744721,0.5050073
4412,-1.6176637,0.9476758
4413,-2.1848624,0.41137952
4414,-1.1760403,0.8584576
4415,-2.2256083,0.46842763
4416,-1.6305017,1.2093303
4417,-1.2842826,0.9536162
4418,-2.2957377,0.46385852
4419,-2.219501,0.50438905
4420,-2.592866,0.4673685
4421,-1.6123563,1.095498
4422,-2.2022834,0.41443884
4423,-1.9824917,0.54171854
4424,-1.8351347,1.3070842
4425,-2.5387747,0.49872616
4426,-1.5009329,0.7828965
4427,-1.8861521,0.8949869
4428,-2.4400525,0.6415657
4429,-1.7150838,0.5312256
4430,-1.4210052,0.8235147
4431,-2.3048038,0.8383878
4432,-2.450271,0.90727395
4433,-3.0344074,0.5068343
4434,-1.458981,0.81096417
4435,-2.4189477,0.5285427
4436,-2.2342649,0.3551988
4437,-2.4230745,0.4715579
4438,-2.8076777,0.4506032
4439,-2.379497,0.9370318
4440,-2.1223664,1.0187035
4441,-2.8913538,0.5146445
4442,-3.1200929,0.5659015
4443,-1.1593888,0.7798932
4444,-1.5044547,1.2353098
4445,-2.5419023,0.358626
4446,-1.4055738,1.0049435
4447,-1.0319737,1.1608402
4448,-1.9133534,1.0930454
4449,-1.9846048,0.93489915
4450,-1.5728871,1.4875159
4451,-2.1751494,0.54131913
4452,-1.9143832,0.6831511
4453,-2.510373,0.5875163
4454,-2.4889777,0.46758708
4455,-2.5408502,0.4115911
4456,-2.8262856,0.48016974
4457,-1.3508997,0.7941493
4458,-2.5104992,0.53714246
4459,-1.4563622,1.0152613
4460,-3.4398003,0.5844827
4461,-3.0420878,0.49997398
4462,-2.7144566,0.63083416
4463,-2.4227893,0.46424833
4464,-1.7694156,0.8382419
4465,-2.12026,0.7973063
4466,-2.1317923,0.92680365
4467,-1.5688943,0.78148854
4468,-1.301365,0.8552671
4469,-1.2948655,0.81145155
4470,-1.9967581,0.41268846
4471,-2.3337057,1.0538954
4472,-2.3405168,0.7672444
4473,-2.7494965,0.39561272
4474,-1.8166716,0.9899277
4475,-1.5667495,0.7619237
4476,-2.7843523,1.048047
4477,-1.430111,1.2128851
4478,-1.3864785,0.8851824
4479,-2.651001,0.3621661
4480,-2.080777,0.723427
4481,-1.9915926,0.82684773
4482,-3.0290434,0.55383825
4483,-0.99922967,0.79841155
4484,-2.8038812,0.8338051
4485,-2.906202,0.50320375
4486,-2.8652742,0.58771294
4487,-2.9309094,0.55110836
4488,-1.2639328,1.0615567
4489,-2.139106,0.8164001
4490,-0.91724455,0.7844557
4491,-2.732601,0.4993304
4492,-2.5192783,0.635726
4493,-1.4218755,0.93536776
4494,-1.9270434,0.90921247
4495,-2.310239,0.9920812
4496,-2.2776692,1.0380677
4497,-2.962224,0.5268165
4498,-1.3458195,1.153501
4499,-1.548213,1.0397484
4500,-1.8157786,0.8204302
4501,-1.9304291,0.91729766
4502,-0.6791823,0.91903394
4503,-3.0694363,0.5027574
4504,-2.425944,0.3747635
4505,-2.4222236,0.54698336
4506,-1.8963499,0.95930105
4507,-3.0720851,0.5232524
4508,-1.7087765,1.0439277
4509,-2.430781,0.46403226
4510,-1.4132383,0.8745379
4511,-2.5320435,0.5067376
4512,-2.068165,0.74700606
4513,-3.0542521,0.46154645
4514,-2.5027215,0.55862063
4515,-1.0551927,0.9312787
4516,-1.4093944,0.88181996
4517,-2.5803814,0.43377107
4518,-1.9656827,0.97437865
4519,-2.534382,0.52771384
4520,-2.0786269,0.86161023
4521,-2.2712138,0.48426604
4522,-1.3023914,0.96017337
4523,-2.0045648,0.36677206
4524,-2.0618231,0.81684643
4525,-2.558866,0.53651696
4526,-1.8858908,0.7797192
4527,-2.6545234,0.71259415
4528,-2.4382775,0.43039617
4529,-1.4694997,0.79840976
4530,-3.332311,0.643668
4531,-2.4905417,0.4836931
4532,-2.6286187,0.91045177
4533,-1.3896534,0.99076366
4534,-2.7566426,0.80052555
4535,-2.3712924,0.62803173
4536,-2.512623,0.4156226
4537,-1.7917193,0.7021991
4538,-2.479458,0.72266424
4539,-1.918396,1.0494998
4540,-1.3018686,0.70283586
4541,-2.359287,0.8849125
4542,-2.355616,0.4330766
4543,-2.6912413,0.5188736
4544,-2.1325197,0.90988266
4545,-2.506014,0.85253835
4546,-2.657294,0.5386788
4547,-2.7256534,0.44278067
4548,-2.2192852,0.45608035
4549,-2.6609964,0.5008632
4550,-1.9109267,0.8364239
4551,-2.9433868,1.098156
4552,-2.230402,0.99372834
4553,-2.1920035,0.41194358
4554,-2.785285,0.4415595
4555,-2.3596509,0.6749467
4556,-0.47551948,0.8681429
4557,-1.997893,1.057591
4558,-1.1152465,1.2254703
4559,-2.4799323,0.8354563
4560,-1.8635013,0.94912237
4561,-3.0606494,0.3693234
4562,-1.7414792,0.70689046
4563,-1.1949439,1.1470288
4564,-2.0479815,0.5787921
4565,-2.618269,0.43599814
4566,-3.2399652,0.6956229
4567,-1.1282923,0.82031804
4568,-1.353026,0.83977115
4569,-1.5049777,0.7883238
4570,-2.7503881,0.47706914
4571,-1.7991925,0.859946
4572,-2.3047693,0.48821363
4573,-3.0892608,0.44842967
4574,-2.1733468,0.7565673
4575,-1.774719,0.9098066
4576,-2.710183,0.90920544
4577,-2.8154266,0.4645449
4578,-2.2220452,0.4407201
4579,-1.7708987,0.87333333
4580,-2.3224895,0.71251655
4581,-1.5091351,0.8560984
4582,-2.0411983,0.49539542
4583,-1.5868254,0.8851381
4584,-2.586517,0.5006123
4585,-3.361185,0.4572328
4586,-2.0495105,0.5925519
4587,-1.7061949,0.79417926
4588,-1.2343754,1.2786175
4589,-2.696914,0.54594314
4590,-2.8232405,0.79640466
4591,-2.1776574,0.5149186
4592,-2.5641074,0.59961313
4593,-2.8350742,0.5412403
4594,-2.2065492,0.44240406
4595,-2.4507854,0.47941944
4596,-2.2158344,0.7403051
4597,-2.522217,0.47732142
4598,-1.8239499,0.97030365
4599,-1.6338077,0.95691097
4600,-1.7469496,0.8180333
4601,-1.3312379,0.864043
4602,-2.7875144,0.8056005
4603,-2.62842,0.4965883
4604,-1.773822,0.84960395
4605,-0.78461707,0.7185453
4606,-3.4372861,0.48770827
4607,-1.7926956,1.0582569
4608,-1.8042194,0.9569602
4609,-1.7652838,1.0552559
4610,-0.7984184,0.79401207
4611,-2.0255566,0.91518414
4612,-2.292906,1.3264139
4613,-2.6959465,0.46566635
4614,-1.1051376,0.7075779
4615,-1.7485874,0.7566902
4616,-2.7809489,0.49378416
4617,-2.5960658,0.53450423
4618,-1.2938503,0.65893495
4619,-1.4008316,0.73369175
4620,-1.2261443,1.1711125
4621,-2.624926,0.46186242
4622,-0.67439485,0.75125164
4623,-2.1521335,0.902681
4624,-2.1839423,0.37972665
4625,-1.8413965,0.57016474
4626,-2.4805818,0.48292378
4627,-1.2657056,0.9613126
4628,-2.4070873,0.4671144
4629,-1.433304,0.96192664
4630,-2.1952758,0.42724702
4631,-2.4873674,0.6119867
4632,-3.1782863,1.33561
4633,-1.6933278,0.81512874
4634,-2.9105737,0.615849
4635,-2.4370644,0.4633585
4636,-0.8131785,0.8476094
4637,-0.9849002,0.97945523
4638,-2.5417528,1.2054188
4639,-2.79256,0.96558124
4640,-2.5136843,0.6082445
4641,-1.9802336,0.9580067
4642,-2.2516003,0.47463605
4643,-1.6019429,0.9640799
4644,-2.825763,0.7282965
4645,-2.078646,0.67089516
4646,-2.4598503,0.77637154
4647,-2.2347329,0.7746939
4648,-2.4133606,0.5067226
4649,-2.7765071,0.4406668
4650,-2.9323056,1.0787841
4651,-1.4002391,0.8887655
4652,-1.5027852,0.79155254
4653,-2.0777173,0.4721984
4654,-2.1278234,0.70807105
4655,-1.8945307,0.8178445
4656,-1.762926,1.0844473
4657,-2.5172782,0.81580645
4658,-1.4585085,0.8903744
4659,-1.7113925,0.7016246
4660,-2.3747575,0.56937736
4661,-2.4879932,0.49698278
4662,-2.1835835,0.64078075
4663,-2.4886832,0.53074086
4664,-1.6698532,0.88933736
4665,-1.9518402,0.83838075
4666,-2.2966743,0.8490396
4667,-2.1171527,0.9304496
4668,-2.8113241,0.49560526
4669,-2.2987118,0.9246248
4670,-1.7471324,0.955691
4671,-1.922057,0.37649098
4672,-2.7151737,1.121468
4673,-2.4704382,0.46125498
4674,-2.396819,0.41610497
4675,-2.0076742,0.4791239
4676,-2.1996179,1.0610517
4677,-2.2087898,0.96577096
4678,-2.3951647,0.42681468
4679,-2.384287,1.1456226
4680,-1.800664,0.8645694
4681,-2.0554466,0.8077286
4682,-2.7976031,0.4951565
4683,-2.5699534,0.44785964
4684,-2.576163,0.55309486
4685,-1.3865305,0.94839483
4686,-2.1414258,0.9892904
4687,-1.6205399,0.99310815
4688,-0.6901515,0.8529221
4689,-2.8675427,0.50311977
4690,-2.7713187,0.49941826
4691,-2.2816381,0.44265413
4692,-2.5224586,0.5748614
4693,-1.216437,0.8111793
4694,-2.6602364,0.8091337
4695,-1.9523124,0.45264286
4696,-2.7771473,0.4395619
4697,-1.5842661,0.7703081
4698,-2.1684754,0.5740246
4699,-1.9234649,0.45137513
4700,-2.726803,0.48075253
4701,-1.0742147,0.8047593
4702,-1.1651875,0.94323933
4703,-1.4209223,0.6265369
4704,-1.9739592,0.874415
4705,-2.0847526,0.8586037
4706,-1.7757427,0.8712783
4707,-2.4602113,0.52319217
4708,-1.4780365,0.76876754
4709,-2.5761445,0.49314567
4710,-1.1165332,0.60841376
4711,-2.31459,0.59649736
4712,-3.3913972,0.70538664
4713,-2.171984,0.46145916
4714,-2.5840294,1.151975
4715,-1.6724932,0.8230994
4716,-1.6722138,0.75712
4717,-1.7508637,0.8883637
4718,-1.8036041,0.93680185
4719,-1.0314591,0.8423372
4720,-1.2534596,0.8938358
4721,-1.6111903,1.1130946
4722,-2.3017688,0.9260673
4723,-2.4091818,0.48053408
4724,-1.8425425,0.7821123
4725,-2.162757,0.41848996
4726,-2.7159173,1.0678748
4727,-2.609147,0.6948145
4728,-2.5910115,0.43545774
4729,-1.789812,1.3287305
4730,-1.5492746,0.97276384
4731,-1.4570825,0.7968599
4732,-2.4690623,0.67447525
4733,-2.5594044,0.98192835
4734,-2.300848,0.55869526
4735,-1.0648581,0.8274357
4736,-2.3592274,0.49876088
4737,-1.7095921,0.8808893
4738,-1.4992908,0.9164726
4739,-2.4936895,0.49382976
4740,-2.130873,0.7476853
4741,-2.7175512,0.8427019
4742,-1.0882989,0.81089914
4743,-2.4860723,0.53231215
4744,-2.7636707,0.49415672
4745,-3.200314,0.7061257
4746,-2.9435358,0.5699608
4747,-1.9064869,0.46232754
4748,-1.7383468,0.8581607
4749,-2.6208491,0.7985398
4750,-2.601626,0.9613142
4751,-2.3488612,0.6396934
4752,-1.7872767,0.43501765
4753,-1.8382154,1.3448372
4754,-1.1758265,0.72377026
4755,-1.9072021,0.75206494
4756,-2.0705092,0.920245
4757,-3.4098864,1.0752065
4758,-1.2885206,0.9528326
4759,-1.5329738,0.8769887
4760,-1.1994375,0.9409349
4761,-1.1710073,0.8015832
4762,-0.9379048,0.9561735
4763,-1.952512,0.85084194
4764,-2.7888353,0.45986676
4765,-2.0001764,0.6586618
4766,-1.8708324,1.0300034
4767,-2.0674338,1.0051388
4768,-1.7848166,0.8020399
4769,-1.5890459,0.96759504
4770,-2.3167055,0.9247147
4771,-2.9885032,0.52625185
4772,-1.1065501,0.771866
4773,-1.221323,1.3758768
4774,-2.4491444,0.90688413
4775,-2.8021696,0.84544677
4776,-2.1429665,0.37277102
4777,-3.593228,1.091548
4778,-3.3771827,0.61449504
4779,-2.6125581,1.0061419
4780,-2.372917,0.46501577
4781,-2.8862507,0.5671543
4782,-2.636706,0.5913882
4783,-2.905644,0.7144938
4784,-0.85346574,0.8195512
4785,-1.7345514,0.698427
4786,-1.8847837,0.74123156
4787,-3.1083524,0.50231636
4788,-1.025687,1.1228701
4789,-2.0030496,0.9329398
4790,-2.0081358,0.8048147
4791,-2.9775198,0.46383253
4792,-1.9107758,0.5115484
4793,-3.0098467,0.5074904
4794,-1.5203744,0.8042305
4795,-2.611235,0.45658997
4796,-2.3477068,0.5057686
4797,-0.8127101,0.8357225
4798,-1.78817,1.2086173
4799,-2.7544975,0.4628332
4800,-1.9435161,0.6437308
4801,-1.6863719,0.87993276
4802,-2.0621095,0.42715934
4803,-1.3172494,0.990112
4804,-1.9139324,0.5802774
4805,-2.2641165,0.9969952
4806,-1.8630493,0.9778303
4807,-1.3717072,0.7806937
4808,-2.187862,0.50802284
4809,-2.670548,0.49713466
4810,-1.6262976,0.81868577
4811,-2.3676805,0.81674147
4812,-1.998843,0.7729071
4813,-1.845336,1.0056279
4814,-1.3127108,0.8249121
4815,-2.6154938,0.49164954
4816,-1.8934798,0.8163455
4817,-1.7092637,0.758542
4818,-2.764727,0.52997655
4819,-2.4998236,0.5899266
4820,-2.5702946,0.5024798
4821,-2.7500093,0.5265496
4822,-2.2933934,0.49752653
4823,-2.5875585,0.56099033
4824,-2.1183217,0.48112
4825,-2.7928426,0.6204485
4826,-1.7896426,0.63161236
4827,-2.7627354,0.5414073
4828,-1.2869273,0.71522635
4829,-0.8897122,0.88104945
4830,-1.9194497,0.8883353
4831,-2.1220274,0.60292083
4832,-2.9011843,0.52702534
4833,-1.2829314,0.69887924
4834,-2.2824616,0.7698768
4835,-3.2332878,0.63675797
4836,-2.3496313,0.5133669
4837,-1.4067717,0.88662624
4838,-2.3863862,0.49255437
4839,-2.577657,0.49019986
4840,-2.5575345,0.46222737
4841,-2.668997,0.4961596
4842,-2.01973,1.0133945
4843,-2.1056266,0.4091204
4844,-1.3630373,0.97771406
4845,-0.8624845,0.8217635
4846,-1.3537582,0.80577856
4847,-2.8873565,0.92345387
4848,-2.476636,0.40554473
4849,-1.962319,0.5591631
4850,-2.160323,0.6870785
4851,-0.5580848,0.7184568
4852,-1.3550144,1.519667
4853,-0.5050573,0.9101434
4854,-2.1664605,0.6726464
4855,-1.4712478,0.53488433
4856,-1.7540705,0.9429754
4857,-1.8627307,0.4382539
4858,-1.6073706,0.96518105
4859,-1.9437352,0.78973264
4860,-2.3502085,0.36873108
4861,-2.7144148,0.5420806
4862,-1.8313159,0.7610865
4863,-1.1492856,0.6728735
4864,-2.9725208,0.49040946
4865,-1.9803766,0.7908399
4866,-1.7865037,0.85325474
4867,-2.2620733,0.88208604
4868,-1.9369562,0.72561914
4869,-2.6561725,1.2754296
4870,-1.0043734,0.98288196
4871,-1.4654855,0.71993876
4872,-2.625546,0.41015932
4873,-2.298255,0.47504202
4874,-2.803046,0.5863228
4875,-1.3800259,0.86048394
4876,-2.4111905,0.55455685
4877,-2.4018931,0.43263775
4878,-1.1398189,0.8724516
4879,-2.1150165,0.9146658
4880,-2.3477714,0.5248764
4881,-1.5651284,0.9554243
4882,-2.670449,0.5418918
4883,-1.330123,0.74893796
4884,-2.5380986,0.9480143
4885,-1.3605117,0.9163571
4886,-1.9734081,0.72852457
4887,-1.5861486,0.84441555
4888,-2.2150214,0.51127714
4889,-1.689413,0.7993896
4890,-2.0680883,0.71602345
4891,-1.6507124,0.76920205
4892,-1.6643248,0.8194981
4893,-1.3546587,1.0534903
4894,-2.545285,0.51811177
4895,-1.2058516,0.6562303
4896,-1.1311146,0.7975551
4897,-1.9473333,1.0465289
4898,-1.6221948,1.0304947
4899,-1.4793911,0.8390629
4900,-2.6799958,0.71996933
4901,-1.4756619,0.90759313
4902,-1.8744936,0.92496496
4903,-2.0793395,0.74041295
4904,-2.050719,0.80553865
4905,-2.682953,0.5176963
4906,-2.503146,0.48046818
4907,-2.4604614,0.93271226
4908,-2.54638,0.54847
4909,-1.5029972,0.77200085
4910,-1.8555081,0.9036143
4911,-2.2824552,0.5689132
4912,-1.8546718,0.50786775
4913,-1.4679835,0.9194074
4914,-1.047832,0.7588695
4915,-1.4648614,1.0942869
4916,-3.142587,0.4595886
4917,-2.0225682,0.45622307
4918,-3.241503,0.5383562
4919,-2.1937053,0.8927006
4920,-2.6075456,0.93341064
4921,-1.7328471,0.7091903
4922,-2.954153,1.0916909
4923,-1.5240334,0.69429725
4924,-1.1621978,0.8085837
4925,-2.768553,0.5299692
4926,-2.4892275,0.5665456
4927,-1.3556226,0.9083883
4928,-2.618053,0.4709166
4929,-2.1757398,0.44849822
4930,-2.2152214,0.9169918
4931,-1.7842394,0.74647194
4932,-1.0835531,0.90987533
4933,-2.1380496,0.39022875
4934,-2.7200122,0.6009505
4935,-2.6930096,0.47767958
4936,-2.5068836,0.5166651
4937,-2.2084646,1.0431539
4938,-2.536907,0.61761093
4939,-2.128099,0.76797837
4940,-1.9797477,1.6357645
4941,-2.4585857,0.9183318
4942,-1.9846696,1.3007116
4943,-1.6280242,0.82671934
4944,-1.5946428,0.7982903
4945,-1.5015204,0.93572235
4946,-1.3321233,0.8094132
4947,-2.4658318,0.45159236
4948,-1.4235471,0.7324458
4949,-2.2685416,0.89068735
4950,-2.294599,0.5198565
4951,-0.9275297,0.696112
4952,-2.0648997,0.7351074
4953,-2.7041106,0.63314027
4954,-2.6921515,0.5281303
4955,-2.5707803,0.43785644
4956,-2.3448439,0.53199804
4957,-1.4570975,0.84650046
4958,-2.5641599,0.46494275
4959,-1.7606145,0.92452514
4960,-1.8184127,0.9478618
4961,-1.7570606,0.8145956
4962,-2.655818,0.5958041
4963,-2.3070436,1.1894362
4964,-2.6664903,0.531639
4965,-2.3842328,0.43453258
4966,-1.6333951,0.9827822
4967,-2.13235,0.41656938
4968,-1.4587035,0.775454
4969,-2.4015622,0.41025853
4970,-3.2103293,0.60370106
4971,-2.5488875,0.4030357
4972,-1.956322,0.7764082
4973,-2.5856009,0.5195221
4974,-2.6651018,0.4933831
4975,-2.3048058,0.3931746
4976,-0.834275,0.7653657
4977,-2.629264,0.48837245
4978,-2.421642,0.3969646
4979,-2.0768485,0.40761158
4980,-2.3974915,0.47015703
4981,-2.6352797,1.1903902
4982,-1.6040574,0.7399241
4983,-1.306076,0.93286055
4984,-1.445754,0.7008527
4985,-1.7429051,0.79828817
4986,-1.0038877,0.65192133
4987,-1.643073,0.7272801
4988,-3.2187364,0.6006313
4989,-2.1176622,0.63491833
4990,-2.8046567,0.4403741
4991,-2.6960268,0.48890308
4992,-2.552213,0.44248438
4993,-2.0718486,0.4082498
4994,-2.177306,0.6848069
4995,-1.7401289,0.8201609
4996,-0.9334758,0.20206153
4997,-1.9901254,0.9053462
4998,-1.682909,0.9871835
4999,-2.3284798,0.72942305
5000,-0.915373,1.0264174
5001,-1.5354506,1.1166613
5002,-2.793537,0.5006045
5003,-2.425132,0.52209324
5004,-0.868947,0.73337007
5005,-1.1192203,0.7607567
5006,-1.7755698,0.8844761
5007,-1.6386082,1.0579823
5008,-2.803518,0.598337
5009,-2.6607826,0.45322558
5010,-1.8130056,0.7275625
5011,-2.3991916,0.5190466
5012,-2.4694757,0.4340045
5013,-2.8845415,0.60135293
5014,-0.7598649,0.75471747
5015,-2.759844,0.5223344
5016,-2.1112144,0.468792
5017,-2.4226768,0.94690007
5018,-1.2006725,0.95959306
5019,-2.1822655,0.4975562
5020,-1.555922,0.82593274
5021,-1.1245381,0.8450518
5022,-2.3214204,0.7646942
5023,-1.6433911,0.8736056
5024,-2.5285628,0.54939014
5025,-2.0315385,0.98762465
5026,-1.0677404,0.9258053
5027,-1.4185532,0.8241268
5028,-2.4661791,0.40893194
5029,-1.2095078,0.8803139
5030,-0.5728844,1.3705374
5031,-1.6073009,0.8870753
5032,-1.9310569,0.7605156
5033,-2.260536,0.7468439
5034,-2.5160587,0.49313855
5035,-1.127893,0.78850365
5036,-2.4179869,0.48862228
5037,-1.6391342,1.0838299
5038,-2.6384623,0.4653425
5039,-2.6962109,0.428154
5040,-2.9597995,0.51629585
5041,-1.6683381,0.85092175
5042,-1.1695396,0.6774177
5043,-1.4943793,1.0121258
5044,-2.3428428,0.50459325
5045,-2.4230957,0.67249084
5046,-2.4683053,0.4870276
5047,-3.11442,0.55238146
5048,-2.7643552,0.51748306
5049,-1.9687524,0.40052155
5050,-2.6777651,0.9452152
5051,-2.5951521,0.57974744
5052,-2.2028928,1.1889194
5053,-2.792511,0.816331
5054,-3.1869783,0.59295386
5055,-2.8143563,0.61072594
5056,-2.828037,0.49569485
5057,-1.4450265,0.731601
5058,-2.8868823,0.4999765
5059,-1.3767506,0.67414105
5060,-2.2239783,0.52332336
5061,-2.7024517,0.50506973
5062,-1.2463063,0.8100227
5063,-0.845164,0.75206286
5064,-1.1887517,0.8759685
5065,-1.5809381,0.6878622
5066,-1.4325973,0.89054
5067,-1.903081,0.93297905
5068,-2.8584497,0.5446206
5069,-2.0618007,0.8383362
5070,-2.644146,1.0625572
5071,-2.1354978,0.5787161
5072,-2.3863459,0.4794519
5073,-1.6795835,0.752254
5074,-1.853078,0.92977947
5075,-1.7535193,0.8713073
5076,-3.044462,0.43058163
5077,-2.4477239,1.2017456
5078,-2.3333554,0.5043491
5079,-1.2654592,0.7863193
5080,-1.25356,0.7881765
5081,-1.9347897,0.77187085
5082,-1.623868,0.8889647
5083,-1.5649978,0.7540943
5084,-1.5177265,1.3763952
5085,-2.3421924,0.44269857
5086,-1.6701847,1.0334979
5087,-1.0765908,0.7913668
5088,-2.680539,0.45777205
5089,-1.7023853,0.8322508
5090,-1.9688066,0.42095736
5091,-2.6607049,0.6221402
5092,-3.0873878,0.5965398
5093,-0.34181178,0.9333852
5094,-1.9702777,1.1408322
5095,-2.5536788,1.4562746
5096,-1.9375865,0.79467076
5097,-2.4656537,0.95155567
5098,-1.7581122,1.1159029
5099,-2.5531533,0.44144234
5100,-2.6854043,0.49981043
5101,-1.1194383,1.0217602
5102,-2.3729594,0.44194785
5103,-1.2872299,0.75528246
5104,-2.8029966,0.5156323
5105,-2.907614,0.5772207
5106,-1.5713308,0.36901507
5107,-2.1283207,0.43247527
5108,-1.4838793,0.73724353
5109,-1.980176,0.82705224
5110,-1.7380694,0.74657124
5111,-1.4439641,0.82435316
5112,-2.1021466,0.97862816
5113,-2.6462128,0.9537097
5114,-1.4984226,0.9223323
5115,-2.59606,0.6233909
5116,-1.6488606,0.7087362
5117,-2.4787726,0.43384436
5118,-2.3914156,0.4783922
5119,-2.76251,0.50018305
5120,-1.9953604,0.85748065
5121,-2.8277628,0.49735463
5122,-1.4880123,0.67696863
5123,-1.5158654,0.9240862
5124,-2.4158185,0.5532439
5125,-2.6087885,0.4695913
5126,-1.2551743,1.1187953
5127,-2.11738,0.914366
5128,-1.2052882,1.0383142
5129,-2.0343823,0.82886684
5130,-1.6058404,0.85469395
5131,-2.0750825,0.73641866
5132,-1.4870546,0.8006946
5133,-2.0078754,1.064237
5134,-2.3090017,1.2841724
5135,-2.4044251,0.5501446
5136,-2.2129476,0.7984418
5137,-3.1499338,0.54804695
5138,-1.6912634,0.8434702
5139,-1.7845734,0.84136385
5140,-2.970719,0.53431976
5141,-2.3205085,0.387236
5142,-2.3263934,0.48922879
5143,-1.7519144,0.8659309
5144,-1.8675083,0.572218
5145,-1.4739778,0.9155216
5146,-1.403544,0.61951137
5147,-1.0530468,0.7474753
5148,-3.2920935,0.68250984
5149,-0.896136,0.70809853
5150,-2.0248504,0.79288775
5151,-2.8102725,0.5505428
5152,-1.7415531,0.95699465
5153,-2.7641761,0.56279653
5154,-1.482421,1.1618705
5155,-2.1934805,0.85921735
5156,-2.5680995,0.65493745
5157,-1.2280481,0.85203713
5158,-2.1098278,0.41964856
5159,-1.0616258,0.79541165
5160,-1.8904648,0.8805401
5161,-2.0118282,0.45908448
5162,-2.2869334,0.97786844
5163,-1.650562,0.7290328
5164,-2.8970673,0.57881624
5165,-2.7420278,0.5588862
5166,-2.6207538,0.4558144
5167,-1.5940309,0.8016996
5168,-2.4553869,0.4888806
5169,-1.8386476,0.7699552
5170,-2.1311378,0.5713968
5171,-2.2415042,0.47320372
5172,-1.7867259,0.9450159
5173,-1.8553492,0.7911843
5174,-1.2771747,0.80749834
5175,-1.3370149,0.6624015
5176,-2.2505443,0.9127078
5177,-2.380251,0.5574926
5178,-2.0473244,0.6937752
5179,-2.2204099,0.45897546
5180,-2.3552032,0.46827123
5181,-2.6036236,0.41413584
5182,-2.0004895,0.8950151
5183,-3.0016024,0.5990214
5184,-1.4358665,0.8985819
5185,-1.490236,1.0551763
5186,-2.6114604,0.5337757
5187,-2.7263768,0.4416892
5188,-2.5033305,0.64448607
5189,-2.717509,0.5218184
5190,-2.586626,0.54731107
5191,-1.9342481,0.4776796
5192,-2.0390282,0.7171746
5193,-1.5525616,0.70835406
5194,-2.8085713,0.5364937
5195,-2.5810335,0.5775229
5196,-0.90965396,0.73176193
5197,-0.4343936,0.9127621
5198,-2.5928044,0.50574356
5199,-1.9623879,0.7065291
5200,-2.7250767,0.62015843
5201,-2.0567634,0.934831
5202,-1.9666748,1.3328141
5203,-1.3068705,0.8368692
5204,-1.4556051,0.97501254
5205,-1.9078301,0.81168634
5206,-2.656779,0.5070675
5207,-1.486101,0.91212875
5208,-1.4996296,0.8983688
5209,-2.4160914,0.93430966
5210,-3.4410768,1.228341
5211,-3.0358682,0.49814186
5212,-2.6277537,0.57250935
5213,-1.2584354,0.646681
5214,-2.5102592,0.5637888
5215,-2.4747393,0.77365434
5216,-2.0766103,0.45229876
5217,-2.0601673,0.807797
5218,-3.2004492,0.6924501
5219,-2.3680298,0.46571094
5220,-3.2252162,0.49458498
5221,-2.3766325,0.48602837
5222,-1.544909,0.9994771
5223,-2.4268687,0.5141265
5224,-2.9105458,0.61246204
5225,-1.9644326,1.0592575
5226,-0.9729799,0.8368136
5227,-1.023026,0.7981807
5228,-1.5513818,0.8032597
5229,-1.0356047,0.77221644
5230,-0.8847443,0.78905904
5231,-1.7488489,0.8207505
5232,-1.2396424,0.895449
5233,-2.5891325,0.52938586
5234,-1.8891816,0.7413036
5235,-2.9297504,1.2467604
5236,-1.9258943,0.46940655
5237,-2.0067222,0.92192745
5238,-1.6815747,0.96196944
5239,-2.3390064,1.0268582
5240,-1.0356596,0.8169522
5241,-2.8745618,0.87449515
5242,-1.8902187,0.9778785
5243,-1.817478,1.1138132
5244,-1.3328269,0.78188425
5245,-1.6590602,0.8710521
5246,-3.2204201,0.5359558
5247,-1.387665,0.7169558
5248,-2.2630584,0.45243925
5249,-3.5608175,0.64264
5250,-2.262201,0.8566936
5251,-1.0330092,0.95826757
5252,-1.832115,0.9631815
5253,-2.8226125,0.50215024
5254,-1.9678957,0.8648407
5255,-1.5731628,0.8782185
5256,-1.4852765,0.66467446
5257,-1.2144824,0.81990284
5258,-2.497827,0.7082403
5259,-1.6724737,0.8848553
5260,-2.5888097,0.86931056
5261,-2.0321438,0.7351541
5262,-1.0779043,0.9959022
5263,-1.8771924,0.9852913
5264,-3.033625,0.51455355
5265,-2.2395391,0.9299141
5266,-2.335144,0.6295599
5267,-2.3427398,0.5279797
5268,-2.852909,0.565749
5269,-2.1108007,0.9016754
5270,-0.9902932,0.97626996
5271,-1.416464,0.9622332
5272,-2.1753297,0.8312842
5273,-1.5535563,0.91749156
5274,-2.4554377,0.87102616
5275,-2.430201,0.40363342
5276,-1.856953,0.36067572
5277,-1.1541107,0.6495597
5278,-1.7852552,0.9348727
5279,-1.4180423,0.95122313
5280,-1.6690009,0.7015309
5281,-1.1402818,0.90087813
5282,-2.392644,0.8050521
5283,-2.3967042,0.49715036
5284,-2.2145042,1.0596251
5285,-1.7721997,0.9299856
5286,-2.5599399,0.42336315
5287,-2.4835691,0.4064954
5288,-0.80871916,1.1766775
5289,-2.9140868,0.44891456
5290,-1.217583,0.82339257
5291,-2.364236,1.1240652
5292,-1.3841718,0.7011422
5293,-2.4206429,0.4082782
5294,-2.743641,0.56180507
5295,-1.1954551,0.6618341
5296,-2.0935962,0.5222669
5297,-2.5829315,0.46679708
5298,-1.4158969,0.89011514
5299,-2.533377,0.6233183
5300,-0.73529273,0.9358876
5301,-2.5908265,0.4930205
5302,-1.2202908,0.919935
5303,-1.2503277,0.6838237
5304,-1.6929042,0.8400294
5305,-2.5760007,0.3792515
5306,-2.1671057,0.98825955
5307,-1.5579327,0.9779128
5308,-2.2632043,0.42198327
5309,-1.2730353,0.75097036
5310,-2.857999,0.5063865
5311,-1.9887297,1.0323858
5312,-2.2558522,0.39684978
5313,-1.1249355,0.7308078
5314,-1.4540237,0.99404097
5315,-1.6278031,0.33807343
5316,-2.6701453,0.38064954
5317,-2.3251207,1.0401653
5318,-2.946387,1.4031911
5319,-2.7467167,0.4335971
5320,-2.4024746,0.6386655
5321,-2.553408,0.87207365
5322,-1.2918682,0.88204443
5323,-1.5376911,0.7852791
5324,-2.5673969,0.74495167
5325,-1.1417891,0.8183247
5326,-2.5474832,0.4627802
5327,-2.361337,0.55246466
5328,-2.65784,1.0116237
5329,-2.4419158,0.52189225
5330,-2.4700756,0.56091255
5331,-2.7188354,0.4411524
5332,-1.4359653,1.3012983
5333,-2.5755339,0.53160435
5334,-1.6555434,0.845215
5335,-1.9217916,0.7652361
5336,-1.6662784,1.0065948
5337,-2.0158868,0.8833976
5338,-0.69632417,1.3274083
5339,-2.447447,0.7353601
5340,-1.2722579,0.9057455
5341,-2.5390086,0.564238
5342,-0.96403587,1.7419189
5343,-1.6889695,0.85520977
5344,-1.4794092,0.9516165
5345,-2.257456,0.5686358
5346,-2.4801784,0.5250285
5347,-2.5255432,0.38361356
5348,-1.5275705,0.822267
5349,-2.787911,0.9011833
5350,-1.888794,0.32464468
5351,-2.7631085,0.5146532
5352,-2.6119928,0.48373434
5353,-2.0221255,0.72305954
5354,-2.18655,0.35733804
5355,-1.919902,0.6908517
5356,-0.88112104,0.83771294
5357,-1.391595,0.8440675
5358,-1.1108966,0.6189179
5359,-3.9352515,0.808905
5360,-2.229704,0.70466155
5361,-1.36836,0.9861717
5362,-1.7811238,0.76048046
5363,-1.8844724,0.7521247
5364,-2.011491,1.1120337
5365,-1.5547413,0.74789166
5366,-1.2726011,0.9713259
5367,-1.6142626,0.8835538
5368,-2.1988804,0.37793276
5369,-2.0443635,0.4571483
5370,-3.578257,1.1185905
5371,-1.8698907,0.8471753
5372,-1.699169,0.8785771
5373,-2.9155805,0.5847379
5374,-1.6199255,0.9133062
5375,-1.5813001,0.37951687
5376,-1.7337574,0.74609506
5377,-2.9108455,0.42963016
5378,-2.3241065,0.57652164
5379,-2.447471,0.6970139
5380,-2.196987,0.46690792
5381,-2.9099326,0.997736
5382,-2.3142984,1.0164107
5383,-2.9000566,0.49287283
5384,-2.6716235,0.39428487
5385,-1.3654219,0.6876583
5386,-2.4537055,0.40265432
5387,-3.149981,0.5525374
5388,-2.4226785,0.39982137
5389,-2.148307,0.4467152
5390,-1.9306778,0.550615
5391,-2.4576483,1.0167543
5392,-1.6094311,0.8698072
5393,-2.3020215,1.0460228
5394,-1.6756763,0.96891934
5395,-1.7967808,1.1440877
5396,-1.2551634,0.69322354
5397,-2.4698296,0.47601223
5398,-2.2379699,0.49753684
5399,-1.9755081,1.0032648
5400,-1.844269,0.45972386
5401,-1.73212,1.0771185
5402,-2.4488397,1.4800907
5403,-2.7420316,0.46254995
5404,-2.3934195,0.53601456
5405,-2.2710152,0.777577
5406,-1.1946394,0.7555649
5407,-1.8948783,0.74860156
5408,-1.9151288,1.1001923
5409,-2.1780763,0.4810619
5410,-2.8401716,0.5983117
5411,-1.5557885,0.6282324
5412,-1.8981739,0.72519875
5413,-2.4530418,0.568207
5414,-1.8505702,0.95962596
5415,-1.5751586,0.75107384
5416,-2.4906735,0.6194575
5417,-2.3784544,0.72559327
5418,-2.1835184,0.4329398
5419,-1.4102134,0.7481853
5420,-2.879499,0.5026065
5421,-2.7487347,0.5125062
5422,-2.815666,0.54009277
5423,-2.913942,1.1898079
5424,-2.5321743,0.5235333
5425,-1.543907,0.68864703
5426,-1.7625681,0.8873547
5427,-2.1325874,1.2065526
5428,-2.779676,0.500474
5429,-2.0115566,0.7326806
5430,-3.3152068,0.54156566
5431,-1.1671888,0.7635784
5432,-2.4808366,0.6089247
5433,-0.98182887,1.2900429
5434,-1.5168698,0.8249944
5435,-2.2636485,0.8639438
5436,-2.2804425,0.94211274
5437,-2.3287876,0.55372226
5438,-1.6948708,0.89351887
5439,-1.8908355,0.90418464
5440,-2.8017752,0.53988135
5441,-1.440513,1.1873442
5442,-2.4420476,0.45210373
5443,-1.4363834,1.1353098
5444,-1.9187479,0.6712682
5445,-1.3338217,0.9702984
5446,-1.8951111,0.47353926
5447,-2.4897327,0.58867466
5448,-2.8693683,0.5687884
5449,-2.430417,0.64346105
5450,-1.4400684,0.9517557
5451,-2.5758095,0.48208076
5452,-2.042676,1.0427667
5453,-1.6415521,0.79366404
5454,-1.7344112,0.9199184
5455,-2.947064,0.4973271
5456,-2.957011,0.5964099
5457,-2.1979733,0.49574542
5458,-1.9177593,0.8985519
5459,-2.5078378,1.0094924
5460,-2.6746283,0.45796666
5461,-2.1382453,1.0512722
5462,-0.87732476,0.9605939
5463,-2.656574,0.40380475
5464,-2.901526,1.3305628
5465,-1.8804662,0.9048242
5466,-2.3029375,0.9252684
5467,-2.8829312,0.41109198
5468,-3.1555371,0.46313065
5469,-1.9415708,0.82261777
5470,-1.6215011,0.72090137
5471,-2.4604802,0.49296892
5472,-2.2882318,0.9087968
5473,-1.0065511,0.85060436
5474,-1.852838,0.7928016
5475,-2.5754058,0.45314404
5476,-1.3347569,1.0235786
5477,-2.879233,0.5963448
5478,-2.2629833,0.5449117
5479,-1.4522103,0.9517621
5480,-1.9955114,0.41128224
5481,-1.7183298,0.79867136
5482,-1.4252487,0.7434237
5483,-2.6847992,0.59098846
5484,-2.5629277,0.5154277
5485,-1.9523997,0.87618953
5486,-2.357264,0.9816002
5487,-2.5902684,0.4533087
5488,-2.618555,0.6370279
5489,-1.0119326,0.9435143
5490,-2.852106,0.5455401
5491,-0.94087994,0.6605302
5492,-2.3067338,0.47753212
5493,-1.7428652,0.5411232
5494,-2.6547852,0.58164847
5495,-1.5721194,0.82464904
5496,-0.8213712,0.78827584
5497,-2.2871885,0.5396679
5498,-2.8946285,0.49610463
5499,-1.9037842,0.9119965
5500,-2.1453903,0.4529593
5501,-2.375149,0.6380018
5502,-2.2922485,0.5087474
5503,-1.6109785,0.8280774
5504,-2.202442,0.42700148
5505,-0.8378226,0.76985466
5506,-1.7403202,0.8806018
5507,-2.8563564,0.6124983
5508,-1.3296862,0.7367585
5509,-2.154342,0.7699017
5510,-1.7282249,0.66281486
5511,-2.4677176,0.5657268
5512,-1.4561305,0.95061296
5513,-2.4710865,1.2225972
5514,-2.1103642,0.48898223
5515,-1.6691192,0.8690151
5516,-1.5880833,0.75188553
5517,-2.3167474,0.4183463
5518,-2.3648822,0.8862764
5519,-2.2941453,0.8511074
5520,-1.9515725,0.717231
5521,-1.3861364,0.71581227
5522,-1.9242611,0.6980983
5523,-2.4106812,0.51953053
5524,-2.9761336,0.46490023
5525,-1.6743664,0.93855804
5526,-1.7392609,0.6938166
5527,-2.8488848,1.0520672
5528,-2.5960927,0.4788868
5529,-2.4474585,0.7884191
5530,-3.4038613,0.57550544
5531,-1.2531644,0.8109365
5532,-2.5425746,0.5456402
5533,-2.7272966,0.5843021
5534,-1.8230975,0.807283
5535,-1.5536935,0.8075121
5536,-2.7407818,0.5901443
5537,-2.7194982,0.6385128
5538,-3.0077457,0.4717857
5539,-1.3282778,0.7637868
5540,-2.4894295,0.54340965
5541,-0.94176245,0.98043716
5542,-1.3541704,0.777497
5543,-1.9468378,0.8193327
5544,-0.5894196,0.8689011
5545,-2.507561,0.43603563
5546,-2.1242907,0.43866292
5547,-2.5758247,0.9720294
5548,-2.4144385,0.5357819
5549,-1.9532181,0.8478831
5550,-2.5508091,0.51367164
5551,-2.1443279,0.85203415
5552,-3.179787,0.6911568
5553,-1.964049,1.1423357
5554,-2.9367638,0.54853755
5555,-1.8075024,0.9521323
5556,-1.9504242,0.44949663
5557,-1.2833024,0.7963078
5558,-3.2532613,0.49696267
5559,-1.8667479,0.81945634
5560,-0.7753321,0.8567968
5561,-2.4225714,1.0142137
5562,-1.2779303,0.92098266
5563,-2.6722744,0.5667996
5564,-2.1959198,0.7767636
5565,-2.4480958,0.50208753
5566,-2.754425,0.55493546
5567,-0.795551,0.9354361
5568,-1.7821668,0.74964994
5569,-0.8527746,0.8340206
5570,-2.4322937,0.5027878
5571,-2.5358944,0.4781751
5572,-0.8358245,0.6986332
5573,-2.2110481,0.44077185
5574,-1.9153807,0.84044725
5575,-1.7973095,1.2778794
5576,-2.4517567,0.5465543
5577,-1.8596486,0.90314907
5578,-1.5731349,0.72704154
5579,-2.0863554,0.4576127
5580,-2.4895883,1.0487036
5581,-2.215092,0.94140893
5582,-1.9911481,0.80052865
5583,-2.509607,0.45010293
5584,-2.264526,0.4663212
5585,-1.7797878,0.89212465
5586,-1.8196276,0.9050494
5587,-0.83314914,0.914949
5588,-1.1914821,0.8921033
5589,-2.82151,0.53371
5590,-2.659515,1.0175313
5591,-1.8593671,0.49719256
5592,-2.5699468,0.3834818
5593,-1.0871649,0.8065521
5594,-2.8333993,0.79726285
5595,-2.2703717,0.4473159
5596,-2.9716163,0.5324564
5597,-3.02423,0.5671544
5598,-1.9155458,1.013385
5599,-1.7689987,0.8260523
5600,-2.1439073,0.47541493
5601,-1.6113054,1.3506812
5602,-1.2173165,0.67738867
5603,-2.4855466,0.45741
5604,-3.2740877,0.6172908
5605,-2.5021415,0.53523743
5606,-2.4958076,0.58635455
5607,-1.6993483,0.9285566
5608,-2.5333295,0.9126422
5609,-3.067959,0.5438381
5610,-2.4157481,0.41382664
5611,-2.019506,0.42195937
5612,-2.1372218,0.91363364
5613,-1.8744788,0.4298966
5614,-2.536063,0.50602186
5615,-2.8545368,0.65182257
5616,-2.547282,0.5493891
5617,-1.9227233,1.1030194
5618,-2.4427464,0.54877436
5619,-1.2823325,0.7055756
5620,-2.322056,1.2699149
5621,-1.9155902,0.8934002
5622,-2.6607354,0.55603796
5623,-2.8939917,0.52482903
5624,-1.8377005,0.4602234
5625,-1.9279268,0.9216162
5626,-3.050878,0.60707486
5627,-1.7667292,0.69799304
5628,-2.96154,0.5451662
5629,-2.1330175,0.76493424
5630,-2.2996716,0.56664574
5631,-2.2457705,0.3585211
5632,-2.33061,0.47047248
5633,-1.0886728,0.7476263
5634,-2.8877723,0.4951259
5635,-1.1780462,0.851295
5636,-2.8670733,0.54442704
5637,-2.143105,0.4941461
5638,-1.8465879,0.6655524
5639,-2.3422697,0.4263882
5640,-2.190544,0.663526
5641,-3.1648073,0.6057597
5642,-2.0165257,0.8566467
5643,-1.1063677,1.0003837
5644,-2.3746634,1.0653147
5645,-1.7519923,0.86610407
5646,-1.2798059,0.72868896
5647,-2.3620703,0.6603942
5648,-2.336299,1.6650418
5649,-2.6947415,0.46721897
5650,-2.8888159,0.53760546
5651,-1.7370746,0.75202453
5652,-2.8412135,0.48023114
5653,-1.5043168,0.92258537
5654,-2.1359034,0.43933165
5655,-1.4668849,1.303049
5656,-1.0209751,0.7162586
5657,2.3782623,5.12768
5658,-3.5607631,0.66657156
5659,-1.9364939,0.7718984
5660,-2.3633962,0.77630466
5661,-1.8569515,0.8377795
5662,-2.2303014,0.90486836
5663,-2.3808422,0.46856242
5664,-3.01243,0.7275254
5665,-1.3335084,0.8769087
5666,-3.1352482,1.1970963
5667,-2.7141879,0.88542634
5668,-2.8767576,0.6278971
5669,-2.6699939,1.1608195
5670,-2.8790562,0.84419286
5671,-1.9938551,0.47392127
5672,-1.6892915,0.68359065
5673,-1.6378623,0.70141274
5674,-1.7961705,0.77965456
5675,-1.4104395,1.0703281
5676,-1.7124817,0.8955834
5677,-2.4462974,0.8253279
5678,-1.1506402,0.7439311
5679,-1.3877426,0.70633966
5680,-2.3173695,0.36452848
5681,-1.8084983,0.36845466
5682,-1.4209995,0.92842996
5683,-2.218993,0.37532625
5684,-1.149935,0.8279494
5685,-1.8426387,0.82213247
5686,-1.879845,0.9462954
5687,-2.8052347,0.9315533
5688,-2.2073095,0.47417328
5689,-1.6584016,0.9101254
5690,-0.819527,0.7977645
5691,-2.746875,0.4933375
5692,-2.482958,0.510403
5693,-2.7310374,0.66068757
5694,-2.0351045,1.043959
5695,-1.7139994,0.9552077
5696,-2.7817364,0.47505763
5697,-2.0139544,0.77202344
5698,-1.1629714,0.7081937
5699,-1.6393602,0.9742881
5700,-2.436886,0.4977611
5701,-2.5197623,0.5950182
5702,-1.5024675,0.7938694
5703,-2.141625,1.0110378
5704,-2.1438508,0.42554706
5705,-2.507644,0.50084424
5706,-1.6713907,1.0855491
5707,-3.073102,0.6059955
5708,-2.4010165,0.67212456
5709,-2.2904203,0.45122752
5710,-2.787201,0.4824092
5711,-2.4949412,0.5139853
5712,-2.3831112,0.8712826
5713,-1.5798477,0.8465673
5714,-2.7906015,0.9125725
5715,-2.2736273,0.47413686
5716,-1.4639508,0.85965914
5717,-2.190687,0.6839092
5718,-2.6927023,0.57370055
5719,-2.903492,0.51714104
5720,-2.58247,0.537407
5721,-2.2133152,0.47283402
5722,-2.7045445,0.449919
5723,-1.6621565,0.82574236
5724,-2.7170985,0.44470802
5725,-2.8327765,0.4567234
5726,-1.9295307,0.7565517
5727,-2.381372,0.6536375
5728,-2.669036,0.4549394
5729,-0.92072254,1.0275817
5730,-3.1273286,1.0495439
5731,-1.3774219,0.79364014
5732,-2.5056152,0.79688513
5733,-1.8590866,0.7594044
5734,-1.9472231,0.8024278
5735,-2.3277166,0.9744242
5736,-2.2629158,0.39968675
5737,-1.6308738,0.90034175
5738,-1.938795,0.7058333
5739,-1.9287585,0.72466624
5740,-1.1775236,0.9442326
5741,-2.0679677,0.5151042
5742,-1.8431047,0.95712733
5743,-2.6213613,0.50868505
5744,-2.2818785,0.48068494
5745,-1.6760634,1.0028688
5746,-0.82337475,1.4017273
5747,-1.1822155,1.2302347
5748,-2.4884255,0.47787222
5749,-2.6042006,0.48580784
5750,-0.8674485,0.9782658
5751,-2.9516912,0.60118914
5752,-2.9957106,0.3913712
5753,-3.2388403,0.5806198
5754,-2.1284742,0.8146813
5755,-1.8448566,0.96359116
5756,-0.63170403,0.9052849
5757,-2.501081,0.74033034
5758,-2.4844918,0.43549374
5759,-1.9306233,0.6093813
5760,-1.8943994,0.9565152
5761,-2.813599,0.39312643
5762,-1.1903722,0.7100862
5763,-2.4208994,0.50097823
5764,-1.9992921,0.7922615
5765,-2.2845054,0.45809215
5766,-2.7518094,0.481234
5767,-2.717579,0.5480647
5768,-3.2064803,0.44250357
5769,-1.7814426,1.1522363
5770,-1.969789,0.48376572
5771,-1.6116139,1.1958061
5772,-1.5981792,0.8465642
5773,-2.1723692,0.914324
5774,-1.2565374,0.8369794
5775,-0.61203766,0.770577
5776,-1.2512504,0.6783566
5777,-3.3221993,0.5276579
5778,-1.5012407,0.8782498
5779,-2.429148,0.42006135
5780,-2.4549787,0.91019356
5781,-2.379124,0.60394335
5782,-3.0822108,0.5345363
5783,-2.6817586,0.71629554
5784,-2.3237097,0.42850912
5785,-2.7780862,0.43209243
5786,-2.8031712,1.2508591
5787,-0.65233475,0.9363307
5788,-1.3904487,0.81880116
5789,-1.9004046,0.8005579
5790,-1.0513837,0.7837851
5791,-2.8216615,0.5367728
5792,-1.8057346,0.8993309
5793,-1.7678632,0.7464061
5794,-2.9461102,0.4835072
5795,-1.8033048,0.93331426
5796,-2.883015,0.4624356
5797,-1.3018277,1.6822098
5798,-2.1908233,0.5037795
5799,-2.8995366,0.5034076
5800,-2.5810022,0.45484257
5801,-2.1852221,0.61113495
5802,-1.4818265,0.7673158
5803,-2.3570468,0.4203053
5804,-1.46896,1.2167083
5805,-1.2296215,0.9007867
5806,-2.1069372,0.7895671
5807,-1.3565311,1.031377
5808,-2.4743624,0.9353512
5809,-2.9220421,0.5637735
5810,-2.4045506,0.83979285
5811,-1.9474796,0.7032682
5812,-1.071036,1.3733934
5813,-1.5185161,0.9037533
5814,-3.0421546,0.5776449
5815,-2.7487845,1.2498525
5816,-1.5230955,0.7754672
5817,-2.4789486,0.55840653
5818,-1.6305486,0.84050196
5819,-1.7635312,1.0298228
5820,-1.8000423,0.7621892
5821,-1.124675,0.7543223
5822,-1.7243499,0.9711102
5823,-2.0313482,0.8980655
5824,-2.1351118,0.6843913
5825,-2.4433117,0.47823405
5826,-2.599996,0.5835062
5827,-2.029774,0.9746619
5828,-1.1688222,1.3816243
5829,-2.8253171,0.5175509
5830,-2.8736844,0.47827196
5831,-1.3148977,0.93964523
5832,-2.8850534,0.8767047
5833,-1.9572222,0.9482401
5834,-1.7973974,0.9269649
5835,-2.8482227,0.50273454
5836,-0.9696463,0.8070866
5837,-1.3064681,1.1985344
5838,-1.4373924,1.2855552
5839,-1.3240255,0.8821212
5840,-1.9813144,0.952101
5841,-0.7857449,0.62618977
5842,-2.2787836,0.9069649
5843,-1.9160334,0.7980476
5844,-2.23262,0.44170323
5845,-1.1707948,0.6839075
5846,-2.0699596,1.1192971
5847,-2.5385854,0.49233255
5848,-1.5822254,0.8285363
5849,-1.290184,0.81313026
5850,-2.7568076,0.44436848
5851,-1.489505,0.64966017
5852,-1.9450358,0.74224675
5853,-0.7028664,0.97132087
5854,-1.6901947,0.948019
5855,-2.8364952,0.5887895
5856,-1.790672,0.9632582
5857,-2.0352979,0.7995899
5858,-2.106809,0.3763129
5859,-1.5436832,0.82198465
5860,-1.2735136,0.6679318
5861,-2.4507008,0.5637755
5862,-1.122554,1.4044065
5863,-2.7728662,0.5580105
5864,-2.7165093,0.4982929
5865,-1.4174562,0.7248201
5866,-1.4710399,0.75750655
5867,-1.1367633,0.68613595
5868,-2.8739324,0.52636075
5869,-2.9107697,0.49844992
5870,-2.4223137,0.95801324
5871,-1.8655136,0.66844285
5872,-1.4867864,1.1516937
5873,-1.9469792,0.87087005
5874,-1.7004579,0.96680415
5875,-1.3122708,0.9492766
5876,-1.6355702,0.78664106
5877,-2.2767608,0.96619993
5878,-1.6033688,1.0070618
5879,-1.1027609,0.823112
5880,-2.260768,0.49268904
5881,-2.0508637,1.0116184
5882,-1.0673603,0.69231844
5883,-1.5446955,0.88860536
5884,-1.8408526,0.7689029
5885,-1.9164581,0.86223936
5886,-2.7945256,0.7057153
5887,-0.6132074,0.809607
5888,-1.2210304,0.728592
5889,-1.1755424,0.76775074
5890,-1.3841562,0.79374576
5891,-1.693964,0.7978535
5892,-2.9881048,0.5062405
5893,-1.2087505,0.915486
5894,-1.7588178,0.85303926
5895,-2.139221,0.7849367
5896,-1.4676752,0.7119529
5897,-2.6522427,0.47742996
5898,-2.5682847,0.43722588
5899,-3.273852,0.60127217
5900,-0.62623423,0.9502391
5901,-2.9458616,0.62330925
5902,-2.2657301,0.9939275
5903,-1.8033471,1.1604798
5904,-2.7785208,0.5023369
5905,-2.8437805,0.4684269
5906,-3.0069485,0.64719474
5907,-1.9247031,0.6292209
5908,-3.1107838,0.7432369
5909,-2.6222498,0.37000012
5910,-1.4901837,0.9034821
5911,-1.4643428,0.7758129
5912,-2.1155272,0.41914168
5913,-2.0573194,1.3314446
5914,-1.6049061,1.3138338
5915,-1.4267989,0.85853755
5916,-1.5796186,0.99674654
5917,-2.598891,0.39349958
5918,-1.4025282,0.92308295
5919,-1.8680557,1.0722107
5920,-2.6093082,0.5051943
5921,-1.5443928,0.88757527
5922,-1.5970463,0.7936676
5923,-2.8007824,0.4992597
5924,-3.4218156,0.6479511
5925,-1.239046,0.9796485
5926,-2.981223,0.67853457
5927,-2.244568,0.8484041
5928,-2.430175,0.51324385
5929,-1.2530383,0.9353938
5930,-2.3586614,0.518129
5931,-1.19747,1.1485578
5932,-2.0586216,0.8898564
5933,-2.1534655,0.89506656
5934,-0.7129029,0.9672865
5935,-2.0987735,0.37284878
5936,-2.1575174,0.6028803
5937,-1.9388803,0.47407338
5938,-1.9270757,0.38954848
5939,-2.5077379,1.5369976
5940,-1.8613367,1.4720649
5941,-2.343984,0.5092625
5942,-2.1224089,0.5503987
5943,-1.6609706,0.7920642
5944,-2.3310225,0.84027755
5945,-1.7082167,0.819424
5946,-2.174001,0.49482253
5947,-2.1243904,1.2516844
5948,-3.090356,0.6250874
5949,-2.400105,0.9122212
5950,-1.8478321,0.8377737
5951,-2.3322191,0.6381444
5952,-2.343497,0.48143983
5953,-1.4487493,0.79756165
5954,-2.0621114,1.0375397
5955,-1.4486557,0.930401
5956,-2.4966745,0.4086438
5957,-1.1576766,1.4861702
5958,-2.7285697,0.54521704
5959,-2.615656,0.4736044
5960,-2.8709784,0.43869063
5961,-0.71761644,0.6820094
5962,-2.3725514,0.73958784
5963,-1.9690725,1.1392245
5964,-1.489424,0.78612643
5965,-1.3443329,1.0137091
5966,-2.6791604,0.51290166
5967,-2.7266908,0.50356144
5968,-1.9892496,0.9084038
5969,-2.64382,0.54116684
5970,-1.096699,0.98821425
5971,-2.125892,0.6483974
5972,-3.0659924,0.51966923
5973,-1.6067133,0.6934096
5974,-0.89916176,1.0997347
5975,-0.97074825,0.8641076
5976,-2.5883365,0.5171118
5977,-2.5714514,0.52501506
5978,-2.528074,1.0152621
5979,-1.2352204,0.8603266
5980,-2.5479975,0.48747993
5981,-2.6203082,0.7671158
5982,-2.8496776,0.4353545
5983,-2.8950071,0.7006607
5984,-1.3270143,1.0079315
5985,-1.342147,0.8618249
5986,-1.7278626,0.9375243
5987,-2.5237474,1.215715
5988,-1.0110565,0.7649375
5989,-2.7014687,0.4913448
5990,-2.1426387,0.54739517
5991,-2.637281,0.5888462
5992,-2.2608228,0.4973315
5993,-1.8567921,0.88685054
5994,-1.9257741,0.6660379
5995,-2.0689738,1.4702055
5996,-2.4894476,0.4912836
5997,-1.6999367,0.76494247
5998,-2.6244202,0.67875975
5999,-2.6102428,0.55588555
6000,-2.9068096,0.7066776
6001,-2.576577,0.59599555
6002,-3.0259278,0.4778926
6003,-2.2989697,0.5198476
6004,-2.5019722,0.49343437
6005,-3.5415404,0.81044817
6006,-2.6763363,0.5079665
6007,-2.2146552,0.74165946
6008,-2.4023066,0.56940717
6009,-2.71416,0.52966654
6010,-1.8224943,0.83526844
6011,-2.176531,0.5685857
6012,-2.6321466,0.9915418
6013,-1.6911845,0.9268506
6014,-2.2871013,0.81184924
6015,-1.4085662,0.78490096
6016,-1.4607152,0.7313482
6017,-2.4382055,0.56679195
6018,-2.680155,0.9343093
6019,-2.2283413,0.46229303
6020,-2.4473457,0.4126842
6021,-2.2702615,0.5059098
6022,-2.407886,0.57286566
6023,-3.2460759,0.8365778
6024,-1.1532382,0.8082732
6025,-2.0101633,1.256229
6026,-1.1478455,0.7978228
6027,-1.9882492,0.9751433
6028,-0.76197994,0.9593964
6029,-0.6980049,0.79814553
6030,-2.2112026,1.417346
6031,-2.2628994,1.0967985
6032,-2.9276335,1.1823369
6033,-2.5595539,0.5626681
6034,-2.633697,0.49153677
6035,-1.4654813,0.9521687
6036,-1.7399668,1.1593518
6037,-2.8234859,0.6440059
6038,-3.0144296,0.56906724
6039,-1.8807247,0.41439876
6040,-1.1072856,0.8123545
6041,-2.7043037,0.5155096
6042,-2.7899387,0.9140421
6043,-1.5146942,0.8144722
6044,-1.4579943,0.74011236
6045,-2.5042102,0.5934872
6046,-1.6959594,0.46566832
6047,-2.095911,0.4995456
6048,-1.4152529,0.7562692
6049,-0.74582714,0.84776336
6050,-2.3827975,0.9536959
6051,-1.3712124,0.7961134
6052,-0.92836165,0.7154165
6053,-1.5006955,0.9191054
6054,-2.1909268,0.37197185
6055,-1.3409328,0.74472386
6056,-1.2443604,1.0270624
6057,-1.5922332,1.1125629
6058,-2.9814327,1.517651
6059,-2.0078013,0.8391022
6060,-2.5411355,0.4610295
6061,-1.1561561,0.7078859
6062,-2.324787,0.7695324
6063,-1.5206659,0.8839177
6064,-3.2318957,1.0615366
6065,-1.439487,0.8552622
6066,-1.8268223,1.0002632
6067,-1.7861297,0.75988054
6068,-2.2331707,0.48517224
6069,-1.7898005,0.7876148
6070,-2.2189724,0.7996187
6071,-1.7035339,0.8728579
6072,-1.4597752,0.79724795
6073,-2.8003256,0.49362648
6074,-1.4143411,0.9538308
6075,-1.9735447,0.95443463
6076,-2.1731164,0.8971094
6077,-2.665068,0.49127448
6078,-1.5384899,0.83030236
6079,-2.5162058,0.749901
6080,-2.3524783,0.40475088
6081,-1.4534267,0.7792313
6082,-2.601113,0.6101906
6083,-2.6045709,0.4591284
6084,-3.0277233,0.6024192
6085,-1.9012736,0.9891325
6086,-2.1024594,1.016589
6087,-1.8859816,0.89829105
6088,-2.1358151,0.44175303
6089,-2.6591253,0.5257568
6090,-2.6516705,0.61551607
6091,-2.248276,0.8177204
6092,-2.0543427,0.8147775
6093,-2.1337495,0.8277399
6094,-3.2303855,0.5314208
6095,-3.3302085,0.55691904
6096,-1.5245565,1.2548639
6097,-2.3960416,0.9561723
6098,-2.3383121,0.45479897
6099,-1.9154662,0.88751566
6100,-2.0202522,0.44790602
6101,-1.2015408,1.2253128
6102,-1.3938028,0.7881195
6103,-2.7559087,0.5913391
6104,-1.7050792,0.8562626
6105,-2.04392,0.57211316
6106,-2.8360782,0.50750434
6107,-1.5582902,0.8066606
6108,-1.9031042,0.7107298
6109,-2.235129,0.5663327
6110,-3.6159818,0.6459305
6111,-2.377625,0.54693216
6112,-2.6983612,0.5483304
6113,-3.132456,0.52226603
6114,-2.607023,0.5325108
6115,-1.5327592,0.91638505
6116,-1.7756963,0.6499688
6117,-1.3684939,0.92731726
6118,-2.6074383,0.793674
6119,-2.5395668,0.4645303
6120,-1.2730643,0.69695896
6121,-2.1015463,0.7734005
6122,-1.9899641,1.2279104
6123,-1.3838571,1.6268101
6124,-1.8819684,0.4128765
6125,-2.7197597,0.4763345
6126,-1.9333892,1.064107
6127,-1.7516774,0.99716777
6128,-0.98570323,0.7722722
6129,-2.378403,0.3767478
6130,-2.2756975,0.41591054
6131,-2.2267203,0.8933626
6132,-2.2339163,1.2960571
6133,-2.5976644,0.5498899
6134,-2.2333627,0.97794944
6135,-1.1209737,0.7284001
6136,-2.7072637,1.0879581
6137,-1.134175,0.6401972
6138,-2.2949305,2.2243004
6139,-2.0475519,0.5694958
6140,-2.5537477,0.39431953
6141,-3.1538665,1.9845623
6142,-2.2248342,0.34973887
6143,-2.361337,0.47038823
