,cohens_d
0,-0.8577182623590465
1,-0.978157580225796
2,-0.9603864059622166
3,-0.23466824433992914
4,1.1652825512228033
5,-0.834246852686401
6,-0.26040052125446994
7,-1.7035934837403433
8,-0.29400647148116016
9,-1.0329330723086148
10,-1.0877893541094474
11,-1.3241087392509732
12,-0.9338015350573651
13,-0.6618435015936024
14,0.3309156300323865
15,-0.055541283584585405
16,-1.1119548828614532
17,-1.0579114497081838
18,-0.37839557019953995
19,-1.3272372978420834
20,-0.6236882227501358
21,-0.7097338823231103
22,-0.6028302126855175
23,-0.7859970417779407
24,-0.5071876327687489
25,-0.673683139511722
26,-0.8863299988482426
27,-0.8659197200189299
28,-0.26150816532993404
29,0.29020675118661826
30,0.10127192989820002
31,-0.6185375235939624
32,-0.2956955687436208
33,0.5319647648475054
34,-0.42373453264076943
35,-0.21506565368062225
36,-0.31370474902165096
37,-0.374637000442908
38,0.15689753971936396
39,-1.7214843984189245
40,-1.8755238484556664
41,-0.20392282252097557
42,-0.07848900682273591
43,-0.1687732951054539
44,0.8625328976964217
45,-1.1685864077813783
46,-0.6150179997627213
47,-0.4807824104191006
48,-0.534405505310496
49,-0.68398753541544
50,-1.8825388163073817
51,-1.347653769460522
52,-0.728237594189479
53,0.2587501371006937
54,-0.2649483311486432
55,-0.033425647324924194
56,-0.7142606157409063
57,-0.47736819135530945
58,0.13425880617578148
59,-1.8913088240858522
60,-1.420147242994752
61,-0.6751929237480916
62,-0.04711620910168802
63,-0.5704460762211085
64,-0.9980551899879224
65,-1.0950106165094655
66,-0.9640959663783907
67,-0.40364800389448835
68,0.15361259795614401
69,-0.5099555667475567
70,0.7188393357767068
71,-0.7130682738808201
72,-0.31391679391071514
73,-0.6690737762835337
74,-0.5693856422819634
75,-0.6790384963926974
76,-0.32942471496994136
77,-0.9876952932530634
78,-0.0553869485430572
79,-0.39748433036692277
80,-0.49440102419217463
81,-0.12502137148488413
82,-1.2036158284737122
83,-0.38270969602609417
84,-0.6263419729636691
85,0.5466179427753978
86,-0.0166498683730403
87,-1.0811879246799474
88,-0.10217681465941496
89,-0.7893817791338966
90,-1.5564543064066814
91,0.49070672275712124
92,-1.897311462631908
93,-1.4382665745697056
94,-1.8320497198941572
95,-0.34799031194260327
96,-1.0663666358269162
97,0.72432073413678
98,-0.7912651475585537
99,-0.811202330428735
100,-0.2844434497041319
101,0.3274836701361665
102,0.052206886676741164
103,-1.7997368620491794
104,0.6852846864351129
105,-0.29367801360086493
106,-1.6040203140154135
107,0.4057168319538593
108,-1.282784123585243
109,0.17729358278811636
110,-1.0325400542338694
111,-0.9143445533327133
112,-2.5650797855943703
113,0.1492469740206673
114,-0.7388995680940591
115,0.1769677999988987
116,-0.811944300539228
117,0.18434430046207684
118,-0.4047075388126775
119,-0.5479287253908981
120,-1.729650915029711
121,-0.4871235511880736
122,0.4199646917933328
123,-0.6303821008654326
124,-0.7231228130931198
125,0.23748478697994327
126,0.06339245000512143
127,1.003395770081168
128,-0.6118183228956071
129,-1.5409214098264494
130,-0.6461191312656064
131,-0.2150165441802017
132,-0.6058194740605901
133,0.5261397768378919
134,-0.8466963867270996
135,-0.4479253068399201
136,0.17849706056478196
137,-0.09041050059454804
138,-0.9190199735122883
139,-0.21386658235584616
140,-1.5157906575379272
141,-0.5892890764750306
142,-0.9772652899643678
143,-0.8428292429675621
144,0.08156169658504288
145,-0.9127958149530281
146,-0.746482621638962
147,-0.14633417601383555
148,0.6814090684758924
149,-0.7903241942217052
150,-0.8558006817636474
151,-0.4561057634255653
152,-1.4454020641724357
153,-0.42740783298083296
154,-1.4876286405321932
155,-0.7766179721714589
156,-1.2837213019507776
157,-0.11965384563029623
158,0.7103975027753361
159,-1.0014783075439855
160,-1.562114493668644
161,-0.8188991462606298
162,-0.10303300577561837
163,0.05447713322967543
164,-0.47278814417222026
165,1.5499782802056448
166,0.026085330413798607
167,-0.793824335608838
168,-0.24660007113676397
169,0.6127320593033895
170,-0.12418150882530933
171,-1.8807219711041554
172,-0.6292684290729262
173,-1.0394103927833431
174,-2.3772671101787455
175,0.06896493490273128
176,0.012842061822389204
177,0.10966493355017821
178,-0.0036933842851632694
179,-0.7800286155524047
180,0.8781091418578586
181,-0.8410420614542209
182,-1.108166437423409
183,-1.2395599426321404
184,-0.47147588947071484
185,0.21433491415952394
186,-0.3040531266005477
187,-1.4305282727406823
188,-1.9712761832842685
189,1.1798543663427419
190,-0.41840232836084096
191,-1.4303105023730678
192,0.9777164728145221
193,0.3076901147374523
194,-0.2956400527087842
195,0.6989599547090414
196,-0.12805699873045154
197,-0.15976766463205164
198,-0.8173712251793318
199,-0.37599078469931946
200,-1.1491748630680592
201,0.42093792936946856
202,-0.924493279215281
203,0.3589449164874017
204,-0.6953978826813891
205,-0.14136226364535107
206,0.46969088479686005
207,0.15858766653680095
208,-0.8812255969361567
209,0.4042103368553818
210,-1.2813971473551073
211,-0.9594209141844311
212,0.19294794943229227
213,-0.8561341682883195
214,0.6135678898498691
215,-0.16534041691173143
216,1.3816613224822871
217,-0.6697899923922646
218,0.6439337949404542
219,-0.02338347217224124
220,-0.5453045122661655
221,-1.4403742316009283
222,-0.4188766465796379
223,-1.5314979098165447
224,-1.1363381981324465
225,-0.48956237572631767
226,0.540398937122583
227,-0.4269051405293951
228,-1.2949409015921831
229,-0.12119578535476498
230,-0.020561150679611458
231,-0.5262659194152485
232,0.3240830452262974
233,-0.045935014212798324
234,-0.09955127888318956
235,-1.6608462774407582
236,-0.161975427087893
237,-1.0403903710848805
238,-0.12232897823647783
239,-0.801516698428502
240,-0.30288972943637416
241,-0.046965340949375774
242,-0.2652513923481607
243,-1.230670896733007
244,-1.075179429858764
245,0.2661708159964647
246,-0.23343962323995113
247,-1.0401880120414588
248,0.21506056199984672
249,-1.4205667776096806
250,0.17138457442410812
251,-1.1899542415849254
252,-0.6334360696994473
253,0.7522738446251894
254,1.0174677412799094
255,-0.5676006068259023
256,-1.1742127248914218
257,-1.273921921983289
258,0.16525946416743725
259,-0.958437528145522
260,-1.2212830681493907
261,-0.7614004113754449
262,-0.5453032544093374
263,0.8036915137948879
264,-1.2065581059325097
265,-0.2674939165306547
266,-0.9361968158788415
267,-0.9868271583972839
268,-0.0530949791895028
269,-0.26637777709616445
270,-0.7946517338308071
271,0.10081991788469838
272,-0.2658164572831249
273,-1.2738333274846327
274,0.17487501860886118
275,-0.28919162257320197
276,-0.3517693458148904
277,-0.6699254408875639
278,-0.31541313533915255
279,-0.9670531767593815
280,-1.5565168132256042
281,-0.16564133823184765
282,0.42071717831093913
283,-1.3811278358004342
284,-0.7751979688183847
285,-0.3823834754290881
286,0.5053251086577569
287,-0.5250428607052481
288,-0.1513864920245815
289,-1.1967930312256165
290,-1.2165312425235069
291,-1.3904616002220211
292,-0.7470443602493256
293,-0.48326242866562913
294,0.14356040157942812
295,-0.5504251905096231
296,-0.6602671415406757
297,-0.7760018802538869
298,-0.6061964844756155
299,-0.550164286123426
300,0.4128233737731144
301,-0.09256120893274455
302,-0.7506836744327147
303,-0.09320398562528469
304,-0.30863378540033565
305,-0.5965253560793777
306,-1.2404002671754633
307,-0.4398554490549295
308,-0.7260061894980924
309,-0.5864725253381885
310,-0.20564077509848533
311,-0.6881955640497414
312,0.10668999353598775
313,-0.3013111724175331
314,-0.5991579145502888
315,-1.1579680364657003
316,-0.38321824758534007
317,-1.8814440393672804
318,-0.35146276613083005
319,-1.3486315245923617
320,0.9538042347728602
321,-1.119484969166977
322,-0.6756815390520127
323,0.8741600968406829
324,-0.15672914963915796
325,0.28361001520190626
326,0.4374319556398124
327,-0.3897680691415124
328,-0.31055437284588994
329,-1.4484939676173694
330,0.18216681174150504
331,-1.5495781563417539
332,-0.641914673417987
333,-0.6098545130578574
334,-1.8707197336471597
335,-0.6957869470278284
336,0.026602687048886003
337,-0.768274386769858
338,-1.1684946735499537
339,-0.4201874158245996
340,-0.33927364314258485
341,-0.12200715256657162
342,-0.40555144820353034
343,-1.2862947952177353
344,-0.6240599389172948
345,-0.2375880203662287
346,0.05868870289515167
347,-0.07239807659976943
348,-0.14287073360281935
349,-0.4682745366774083
350,-1.069375715305776
351,-1.5931844289713584
352,-0.9252336855997637
353,-0.861325778769937
354,0.14402660053885183
355,-0.7999977745261397
356,0.731637258168971
357,0.5236775278078335
358,-0.19885849225773516
359,-0.8467592747670916
360,-1.1366127852775088
361,-1.240692481191214
362,0.45976181912498737
363,-0.387469418964745
364,-0.09506720348390324
365,1.4327607828748838
366,-1.4882160316943365
367,-0.5420114097766787
368,-1.9291347728157697
369,-0.7637784341651157
370,-0.9105952954427695
371,0.010166239366445912
372,-2.426655019514424
373,-0.7061001710236235
374,-1.0871378208035702
375,0.8786567240176655
376,-0.39853290575534533
377,-1.2278414218725664
378,-0.11797634391801985
379,-0.7108106023871368
380,0.045834872948740356
381,-1.5224826222544128
382,0.6685013474756666
383,0.7075828543343892
384,-0.04368392408994046
385,-0.930167248746491
386,-0.5564649117531639
387,0.3136829153692502
388,-0.787105084724714
389,1.8076923597518306
390,-0.3616126088907867
391,-1.5820221887144916
392,0.12448433694466923
393,1.1901345214265353
394,-1.1792913414064599
395,-1.2948070344026825
396,-0.5498346628031514
397,0.26786407207094737
398,-0.6116643566992359
399,0.07733966554114288
400,-1.1602575030008282
401,0.6272857124734527
402,-0.9170518249651913
403,-0.010828444117841571
404,-0.8654249308432318
405,-2.322689948618349
406,-0.9387327720972862
407,-0.7070865012033005
408,-1.1136837481057071
409,-0.35169905760726633
410,-1.0862808990994939
411,-0.8980130075277497
412,-0.5985576716356421
413,-0.08596015655239124
414,0.0019965098301956818
415,0.2980227130686577
416,-0.8248867036194079
417,-0.3654784796309731
418,1.161073377342852
419,-1.3650123103824279
420,0.5614218953041721
421,0.3294569871713834
422,-0.5140340874195874
423,0.47235948377309545
424,-1.6063336921023579
425,0.727156685184045
426,-0.6360237197832272
427,-1.3229900561349652
428,-0.3643997327932991
429,-2.0284357575320517
430,-1.1501335438812803
431,0.7928643121907749
432,-0.5948712681900531
433,0.175334097747199
434,0.36954514895548063
435,-1.6914027346654916
436,1.1637768067034513
437,-0.6658880262890413
438,-1.0418170591672435
439,-0.11008574701052828
440,-0.1083944509227592
441,-0.7599532658880219
442,-0.09340025333938544
443,-0.51405552382193
444,-0.3708445307960988
445,0.45814763745535847
446,0.5585429172688787
447,-0.08567756551201354
448,-0.6695216461864585
449,0.4011451658214852
450,-0.45385555650848497
451,-0.8149912855417601
452,-0.6262217595121242
453,-1.0933446318419584
454,-0.036620703535601866
455,-2.2075278826627533
456,-0.47322440843975183
457,-0.9094571937525402
458,-1.0070830670323263
459,0.501860484798003
460,-0.7505166299241152
461,0.3986500292548729
462,0.14815718084309953
463,-0.758492878350376
464,0.5049190192365937
465,-1.2592375681254937
466,-0.9325600334896442
467,-0.37486481499403634
468,-0.6102327777947052
469,-0.29182440631710843
470,-0.36086055775509
471,-1.0159687674937408
472,0.5063370491640353
473,0.09138006622330266
474,-0.34722860118605997
475,0.6184674993054802
476,-0.030797569203885516
477,0.36614298832502407
478,-0.2951600620341714
479,-1.3376490392448448
480,-0.5603450973610076
481,-0.6830249597345803
482,0.8800680702131668
483,0.4084661486193928
484,-0.38942921051763146
485,0.20080699679506067
486,-1.0344726313550885
487,-1.1675482622360878
488,-0.06790789439198966
489,-0.3126229943390768
490,-0.41298491702704093
491,-0.7706038982286306
492,-0.83199327501649
493,-0.4384147152153195
494,0.9850605832748818
495,0.06744647069532957
496,0.4310338214022867
497,1.299346179863051
498,0.6474626835166072
499,0.007579159307669086
500,-1.5209384757913733
501,-1.120113500049977
502,-0.2132393777376673
503,-0.37971379282633405
504,-1.3781631413014614
505,-0.7411053410500827
506,-0.7340968808358803
507,-1.2161837291303625
508,-0.5631269728086402
509,-0.7123455785907145
510,-0.3756865812068828
511,0.42493834773448924
512,0.6510295714315442
513,-0.77052406512852
514,-0.4132271601329425
515,-0.015458030600288997
516,-1.0506206392868482
517,-0.7434522001970526
518,-0.6490971912372423
519,0.5245678370002747
520,-0.9171312265056111
521,-1.0786275543830366
522,-0.4880980801942726
523,0.7687125383245023
524,-1.6120871608720924
525,-1.3483035852722534
526,-0.23970495953881293
527,-0.836176809413576
528,-0.49091620050840795
529,-1.1150093513335935
530,-0.34057270038662146
531,0.5183847808842539
532,0.10318357310150465
533,0.0652227987232366
534,0.13460724712801295
535,-1.3188334354230669
536,-0.964885135226346
537,-0.15599209931215346
538,-1.0435455262873305
539,-0.16754737291913438
540,-0.5981405705759358
541,0.9125496129782291
542,-1.5664461695502556
543,-1.565434305181659
544,0.4242798224835032
545,0.4389521403501269
546,0.5221761083914004
547,-1.8460349212925748
548,-1.8700495127275087
549,-0.6224757529218673
550,-0.15989237938967527
551,-0.861933215108995
552,-1.4413558619184297
553,0.3629925954795343
554,-2.3135159295872887
555,1.0135798030534777
556,-1.4658051096434443
557,-0.6981084516905763
558,-0.555451479571655
559,-0.6553585582368849
560,1.11323844945984
561,-1.7335126399718725
562,0.5123099602233291
563,0.05905846295973478
564,-0.3126616488448195
565,0.010719352898937192
566,-0.5420649488942932
567,-0.22351609151907373
568,-0.9620239214248693
569,-1.1002400947331583
570,0.23001004503919578
571,-0.34563467876423837
572,-0.6589665125791458
573,-1.69129693010769
574,0.9628850218281584
575,-1.1066348662658154
576,-0.061000799164103045
577,-0.4409099281634109
578,0.659381678899909
579,-1.7644396953825692
580,-1.3868490654125554
581,-0.1933937187057291
582,-2.023919822337809
583,0.22532015652300802
584,-0.8017052794090066
585,-2.092273777599502
586,-1.0530854402548586
587,-1.3232356082805472
588,-0.6309491000288665
589,0.7179983244632447
590,-1.2563546004362565
591,-0.3464693105718687
592,-0.03998004801234331
593,-0.7688806709393606
594,-0.9223479980343173
595,-1.571028403290753
596,0.07209100960069799
597,-0.133634248405444
598,-0.13453713195727923
599,-0.394746760009027
600,-0.5738601478904155
601,-1.9046553653583245
602,0.729165948528747
603,-0.7201664049530327
604,-0.7562747780930947
605,-0.38278309593730936
606,1.1931491581135205
607,-0.25321649805413676
608,-0.3916005324709024
609,-0.4828073244058986
610,0.3694350074786524
611,-0.8781378482382406
612,-1.1709547480024267
613,-0.6239863543056551
614,-0.4670055911802673
615,-1.4541838366290374
616,0.3505794221122827
617,-0.6231537683368554
618,-0.9489729424357838
619,-0.08853864391011963
620,-0.5893895573139606
621,-0.9544319072488212
622,-0.9499719763158277
623,-0.01187498548496398
624,-0.36592046135907624
625,0.3758298214271392
626,0.4964618853340522
627,-0.7741507210811225
628,-1.3542462848366834
629,-1.1993586603714264
630,-0.6406920603463376
631,-1.7920005529799528
632,0.22969995157134449
633,0.7139778708789172
634,0.02200230541732944
635,-1.3241468634021796
636,1.1338903536174918
637,0.42070518958070946
638,0.1281623434024106
639,-0.4689478883352269
640,1.419879376157944
641,0.36415263313701296
642,-2.224048152073052
643,0.6421742317688716
644,-1.3461773780159192
645,0.273010928352468
646,-0.671226690235796
647,-0.7189190350409499
648,0.21641886940113508
649,-0.827452158024254
650,-1.1596824614310683
651,0.524178081192441
652,-0.5642229574864098
653,-1.227370982830002
654,0.03885446943128958
655,-1.1963339197359981
656,1.0067969041426703
657,0.25058581628797233
658,-1.6669990362320617
659,0.30656155356890186
660,-0.4721298290790635
661,0.7474875109146403
662,-0.38004304025040203
663,-1.436694472355045
664,-1.1448205517237613
665,0.6556972738816071
666,-0.3747235337319893
667,-1.633124341798102
668,-0.12598359617662977
669,-0.4858596393353441
670,-0.34324138599790643
671,-1.1202367282672445
672,-0.3931676537405361
673,-0.6834961947714844
674,0.05795907652285448
675,-1.1776669488039915
676,-1.0664012697521497
677,-0.9344522423605054
678,-1.5979002763805548
679,0.37167399109241095
680,-0.45602897700302747
681,-0.27860543081459993
682,0.03326340722712875
683,0.43313901860520543
684,-1.0086836557137528
685,-1.870906183902468
686,0.7386909730793458
687,-1.5706529845375992
688,-1.6249091602191998
689,-1.096378356554651
690,0.9105208883762512
691,-1.477737777632646
692,-0.8560314009852527
693,0.6476338055671915
694,0.199591936756826
695,-1.435998431756414
696,-0.22886790704795856
697,0.31222782084175843
698,-1.049287393648738
699,-0.47426682683353016
700,-0.12120334422026602
701,-0.4629934826063139
702,-1.100341620921724
703,-0.5338978291841137
704,-0.20035367057563974
705,-1.07777098899484
706,0.4229062956464635
707,-0.05394947743405833
708,-0.4885961564342441
709,-0.0054198501813585605
710,0.9972459312909475
711,-0.8994309401037842
712,-0.45669620307852904
713,-0.060864106956501664
714,0.9263344858294477
715,-0.4469329329394214
716,-0.2883689620255001
717,-0.8996441520724182
718,0.8959288302726147
719,0.27338500193390763
720,-0.7051210705965598
721,0.226137278931811
722,-0.4918050978658356
723,0.210207628454565
724,0.8796813088142506
725,-1.5330313453915012
726,-0.9812321251096265
727,-1.7807289287807255
728,-1.6356198626990628
729,-0.7976346145505641
730,-0.18627619593869443
731,-0.11114020209317235
732,-0.2750634458690129
733,0.40370584079763483
734,-0.19614188595937654
735,-1.4546479253029811
736,-0.1295023192360422
737,-0.8521887729097511
738,-0.4380962940893282
739,0.6738406672042522
740,0.33790711328458695
741,0.4149279649440633
742,0.22786865087429473
743,0.6760066403627105
744,0.12003373751675074
745,-1.1767847749199614
746,-0.3283985273540358
747,0.23488083649289349
748,-2.348700931639048
749,-0.5378326673532815
750,0.8180894441037849
751,-0.27036136016332674
752,0.9625307639110934
753,-0.21143625168413277
754,-0.7608607413692845
755,-0.49973538347808416
756,-0.31577099575374123
757,1.0359522030653616
758,-1.0038615645883748
759,-0.6437418398795625
760,0.49902133506772794
761,-0.44361109421848627
762,-0.4061362422395852
763,-0.6020650050931314
764,-0.8473382561525042
765,-0.954726676263032
766,-0.5175121000950589
767,-0.18185419979561457
768,-0.45246862428180123
769,0.6151715364656971
770,-0.2107505997293677
771,-0.05074383004310237
772,0.40692617579580703
773,-2.1566669208638873
774,-1.4792425468601202
775,-0.8269521645663993
776,-0.9289043187373957
777,-1.4506091176351068
778,0.13025761070918282
779,0.09235579719897676
780,-1.5061357474914405
781,-0.06941133558583981
782,-0.3791180340173932
783,-0.3325909665062866
784,0.8545786967909995
785,-1.7053715229652286
786,0.3944889619177779
787,-0.9643362100159707
788,-1.383981190871007
789,-1.4443244886272935
790,-0.07301004354278655
791,-0.2752688235644427
792,-0.1914132812301375
793,-1.5835752393783287
794,-0.01865116376627832
795,-1.5799929690052255
796,-1.245207737746454
797,0.34994429163994006
798,1.1245731161242418
799,-1.0545161219926962
800,-0.1370339115090084
801,-0.5435786874212836
802,-0.14747506208917485
803,-1.2273713406371438
804,-1.023232597137925
805,-1.4400323836428464
806,-0.47280223421331663
807,-0.22312404253236484
808,-0.266431044517654
809,0.3145770883088899
810,-0.768754280924764
811,-0.7461094250508313
812,-0.566813151200989
813,0.11085088050938827
814,0.1952305677375409
815,-0.340599623521167
816,1.0595104548179954
817,-0.48543176257114445
818,-0.35077671253244136
819,0.37249659218363995
820,-0.40573400261260795
821,-0.5927181894813742
822,-0.3983185230256065
823,0.10471771745705871
824,-0.24950607515440698
825,-0.15082376504629713
826,-1.2237676004549387
827,-1.2866829852711337
828,-0.35116626011041624
829,0.6427347478290004
830,-1.1727463980679005
831,-0.49723804601596316
832,-1.5579794551684134
833,0.47298881621353617
834,-0.08412219869139569
835,-1.2955382138719442
836,-0.37848984155951126
837,-0.49754100301451404
838,-1.0116071152580803
839,-0.7009502161999487
840,0.09467793833040113
841,-1.4362688456810964
842,-1.4804561607087499
843,-1.1113626562271333
844,-1.2281757651019853
845,-1.011667244092527
846,-0.2437209646818527
847,-0.899186302701444
848,-0.8408867776316877
849,0.551205723306961
850,-0.4924270025369894
851,-2.148282920147905
852,0.041782249704875235
853,-0.30784913330713987
854,0.6276850259524543
855,-1.0855375280525255
856,-0.19088995462221914
857,0.48406998473184293
858,-1.0981447389953087
859,-0.17604823667401792
860,-0.19024420017123536
861,-2.060999582461907
862,-0.1563363402760184
863,-0.00951853397014143
864,-1.7126658302491218
865,-0.06394809608915539
866,0.24101566905720473
867,-0.42381471654702857
868,-0.19281740223413493
869,-0.9800018724735219
870,-0.3841244537148498
871,-0.9153119333926729
872,0.1406105255474666
873,1.0020338004148033
874,-1.3252366125149935
875,-0.10097056034758722
876,-0.4742801154543322
877,-0.12900617641452808
878,-0.8865564270827522
879,-0.8148422250220372
880,-0.5767401763732886
881,0.820800364288416
882,0.4118324307047499
883,0.17816835758939442
884,-0.6564086646052644
885,0.05201854388942896
886,-0.4361123678909584
887,-0.29983497216672844
888,-0.994477153672969
889,-1.00081539985974
890,-1.591274562002291
891,-1.5469915735779494
892,-0.30090638653481505
893,-0.3771529194186171
894,-0.0219876223255191
895,-0.9636289077646625
896,-0.5568684956339761
897,0.44797790097212764
898,-0.21745703877736297
899,-0.49633532248278106
900,0.002816278471974734
901,-0.7077568804968092
902,-1.9294883600939714
903,-1.331157888495481
904,-0.9987931442720821
905,-1.614839860475458
906,-0.493624269294971
907,-0.0681872024751542
908,-0.1900476417065692
909,-1.7561141572338013
910,-1.2062730241325166
911,-0.8035534793305901
912,0.36709769574940915
913,-0.20306716566401267
914,-0.7403294302074365
915,1.220903034392047
916,-1.5553375304733181
917,-0.9658737318156118
918,-0.2946634514859418
919,-1.282143659189059
920,0.4362067133372414
921,-0.7569588949243542
922,0.5390819540025917
923,-1.2890378687310085
924,-0.33259891574995276
925,-0.8133622636776969
926,0.4183492950149174
927,-0.6422992039269273
928,-1.3930856785433918
929,-0.9069003707931798
930,-0.8833119591603174
931,-1.2747645681340822
932,0.019417562218688175
933,-1.3328795759151404
934,-1.0182551959790396
935,0.4992230636232741
936,-1.5185063286100693
937,-0.12434074592684742
938,-0.3181183652380115
939,0.20272257340075578
940,1.445758321475822
941,-0.6566083138431866
942,-1.3769480686886661
943,-1.1496958344488526
944,0.3720018205357505
945,0.7099021444794721
946,0.8031028859101992
947,-1.3850339460901908
948,0.832840181519721
949,0.6277281138403777
950,-0.6405222142917346
951,-0.014307762979661201
952,-0.23015969678293227
953,-1.1744582632345215
954,0.14232322543881232
955,-1.1449111834535664
956,-0.3834715508801901
957,-0.0515073137834889
958,-0.08438537104803945
959,-1.831565043151758
960,-0.2773817536886517
961,-0.35068774452482804
962,-0.04251811470117814
963,0.6301497395684537
964,0.1992834093052958
965,-0.5829976716621252
966,0.8125741206039986
967,-1.084787651661122
968,-1.156919519519183
969,-0.5013825760517133
970,-0.0035873209377581513
971,-0.09446653907670498
972,-1.3978969237681664
973,-0.5227855692925412
974,-0.8284829874421525
975,-0.2129510922977552
976,0.1468876526689607
977,-0.20568251299764034
978,-1.006477534017308
979,1.080512416448892
980,0.264006271622127
981,-0.7147912407761701
982,0.38425187520117216
983,-1.9972672639217022
984,0.2148271338083691
985,-0.8951558180463614
986,0.5394858164904512
987,-0.23944987496010534
988,-0.66002226086032
989,0.3733650001815571
990,-0.13657797354465437
991,-1.48035528420706
992,-0.676865324625119
993,-0.7530884020189565
994,-0.6488458187976823
995,-1.25715245955275
996,-0.5076355908421495
997,0.19277870522106588
998,0.32741695726057124
999,-0.06343700374663537
1000,0.9718354479453091
1001,-1.2272024378458692
1002,-0.3665939719118044
1003,-0.2183447556255962
1004,-0.8975913734744235
1005,0.05798029883727868
1006,0.1763978412004664
1007,0.34508871990458745
1008,0.1487752221765877
1009,-0.6781041697451408
1010,-0.6059532933324564
1011,-1.9639009156205294
1012,0.223730711720124
1013,-1.7088864046946075
1014,-0.252767599226616
1015,0.7480775539461371
1016,-0.600176199323312
1017,0.2521234100287137
1018,-0.7540714426449117
1019,-0.2006085596129131
1020,-0.7247015700021797
1021,-0.9597602104570394
1022,-0.09599749995527311
1023,0.02429827191733237
1024,0.6441600155086804
1025,-0.5922095613025223
1026,0.20294435450599513
1027,-1.3149476229903163
1028,-0.5819309905650213
1029,-1.1089878601011696
1030,-0.12407648461870682
1031,1.4783036317963136
1032,0.6328325041561397
1033,-0.8519873039855025
1034,-2.677231182302181
1035,-0.8263275481452816
1036,0.9350451849773592
1037,-0.24046234779860312
1038,-1.3275484484161975
1039,-0.29387331458705757
1040,-0.1209418162847131
1041,0.4997955330837268
1042,-0.47489029651961656
1043,-0.7787779567868526
1044,0.36900189031705033
1045,-0.8242302280573859
1046,-2.187347213219466
1047,0.355874375048218
1048,-1.309749266153191
1049,0.04179951422042435
1050,-1.3764025064538499
1051,-0.745196754481598
1052,0.8109290537593347
1053,1.1529806218928527
1054,-0.1953204501476164
1055,-0.6823976853743723
1056,0.7208359132361521
1057,0.22731807589066258
1058,-0.4539437058458438
1059,-0.6853448379999588
1060,0.6420213902433354
1061,-0.26220610638776254
1062,-2.312662988052604
1063,-0.16235888401744272
1064,-1.8222711610848483
1065,-1.2780387869774583
1066,-0.6561994809788658
1067,-1.576360028165558
1068,-0.48875416227445834
1069,-0.7809887632588381
1070,-0.20961891418491446
1071,0.8483109687465942
1072,-1.086332587035558
1073,-1.709150602164153
1074,-1.1656063434051536
1075,0.06996911351980535
1076,0.2812989669927018
1077,-1.121160083135952
1078,-0.46061291631397694
1079,-0.17191971505031475
1080,-0.7074930298558872
1081,-1.475754714195012
1082,-0.1436758138861601
1083,-0.3423276011655342
1084,-2.2990922486669256
1085,0.3044847546121565
1086,-0.9598893056732276
1087,-0.5815031141048944
1088,-1.2983842080745003
1089,-1.2608635502243655
1090,0.3275669470016956
1091,-0.1188503664949948
1092,-0.27315229853880735
1093,-0.700536481848238
1094,1.0449782208884846
1095,-0.4739558157784194
1096,-0.28924448307249706
1097,-1.1412097809531137
1098,-1.3213609271059694
1099,-0.14494793672211082
1100,0.3540372757621152
1101,0.13995242495893304
1102,-0.19662994234628933
1103,0.1511837598339801
1104,-0.9204846608520879
1105,0.08181459204581233
1106,0.018358657583599454
1107,-0.045113952125848324
1108,0.0820776918748604
1109,-1.4080783115484048
1110,-0.3471732729697309
1111,0.041580703633952075
1112,-0.9819810626447171
1113,-1.1198016626457483
1114,-0.9375597394389135
1115,0.21555628538520094
1116,-1.2064560816105796
1117,-0.04463358781160008
1118,0.07428241097056604
1119,-0.09636539070592356
1120,-0.7187541439303592
1121,-0.27676333832239913
1122,-0.5786899644832196
1123,-0.3674705551212511
1124,-0.08060830724950939
1125,-0.061693482548031274
1126,-0.1722969620612663
1127,-1.4218475979827851
1128,1.177965051173921
1129,-0.30286571203391605
1130,-0.9024608217547447
1131,-0.41644323096850455
1132,-0.44889459637591883
1133,-0.26658210955402534
1134,-1.9011340262276484
1135,0.6916656995406735
1136,-0.07462515990569854
1137,-0.1527619818600691
1138,0.004873109243614704
1139,-0.6107650241335846
1140,-0.4693560651737569
1141,-0.615061007884795
1142,-1.594490925409314
1143,0.10662054544946561
1144,-0.6585025152174445
1145,-1.169304069508461
1146,-0.22705339995842377
1147,0.22432183296829278
1148,-0.8637438373649502
1149,-0.16104547817680107
1150,-1.5625308020055655
1151,-1.062298776631851
1152,0.14355467125155405
1153,-1.734644401995822
1154,0.4661440661193254
1155,-2.4646819312595603
1156,1.0891574992027648
1157,-1.2308362848396244
1158,-0.681478661275615
1159,0.2635401867042342
1160,0.15698299968306842
1161,0.6572911479747533
1162,-1.2783854227034948
1163,0.1785168087786851
1164,-0.955380801087362
1165,-1.1123182206573785
1166,-0.7785845422814681
1167,-0.32136134713589104
1168,-0.6963044833265192
1169,0.6868887273021751
1170,-1.1352782817528657
1171,-1.707345479086832
1172,-0.9950344713520332
1173,0.5126379365078155
1174,0.38000652847473265
1175,-0.4746671409911977
1176,-0.7111170993929967
1177,-1.3983946979264383
1178,-0.3371335479790273
1179,-1.3419120625892285
1180,-1.044010052824325
1181,0.08584132142595736
1182,0.576239860418965
1183,-0.29753374037895736
1184,-0.7026615173957926
1185,-0.7661167230159344
1186,-1.6931613351641028
1187,-1.1170398109902555
1188,-0.36249276372616235
1189,-0.6391967137733636
1190,-1.1779587481672584
1191,-1.3760386851791553
1192,0.6350333885678668
1193,0.3438778596459581
1194,-1.1348556826074028
1195,-1.127424604667245
1196,-0.6464990433153689
1197,-1.4984894102118784
1198,-0.8335004068356616
1199,0.35268673739877143
1200,-0.06499020471792838
1201,0.5995141969700628
1202,-0.8742087896074955
1203,-1.4351406289673276
1204,-0.7739105208366456
1205,-1.3057908860714613
1206,-0.6709694516910849
1207,-1.1197432194700103
1208,-0.6756732843665711
1209,-0.6860040129985464
1210,0.14912905629920334
1211,-0.9783807456517329
1212,-1.0008435144551953
1213,-0.6557517073285023
1214,0.17697369363039397
1215,0.16641287116156217
1216,-1.2963303414717888
1217,-2.497539410896443
1218,-0.202312466359965
1219,-1.3149008900896013
1220,-0.23805926326334498
1221,1.5900451964688955
1222,0.05157223836965571
1223,-0.6444979652405807
1224,-1.1997718948077385
1225,-1.2309540103306567
1226,-0.12416430969639825
1227,-0.02896385318284082
1228,0.7845211537650179
1229,-0.4956236430638346
1230,-0.4538360633151618
1231,0.4548156948804337
1232,-0.3973832136496065
1233,-0.5077284741843222
1234,-0.8642593841295374
1235,-0.621829532763584
1236,-0.35037679232841334
1237,-1.530712301379729
1238,-0.20723940627034435
1239,-0.26554321689377214
1240,-0.8990256613200319
1241,-0.29610016625715124
1242,0.6597202926755312
1243,-0.44394032478438505
1244,-2.151992049826201
1245,0.5136726907705373
1246,-0.5315849122352906
1247,-0.546199398274514
1248,0.6281450399999162
1249,0.2402147024052491
1250,0.716112658070467
1251,-0.8216258679810321
1252,-1.0792268086169623
1253,-0.8878357931348319
1254,-1.5853019735555256
1255,-0.5891486854466215
1256,-1.4293476799330909
1257,0.17911549954775302
1258,-1.1205258667756264
1259,-0.7480266671070236
1260,-1.2208852543943483
1261,0.4716982818143059
1262,-0.13559160773351445
1263,0.4955279111872687
1264,-2.2273873208454202
1265,0.23095816758761156
1266,-1.546515552531938
1267,0.14956994453179817
1268,-1.0089920422383953
1269,0.33745600291643324
1270,0.08583947938447305
1271,-0.7673321574616015
1272,0.2658062079699963
1273,-1.15826754055256
1274,-0.41586839373702217
1275,-0.48004204177686816
1276,-0.05780269804046523
1277,0.20136976957648478
1278,-1.2299845954400275
1279,-1.0129241820859944
1280,0.15051724041304573
1281,0.33678238030918944
1282,-0.013258836429845055
1283,-0.4212713674656694
1284,-0.1368396767858104
1285,-0.09766664228318954
1286,0.25773745033947526
1287,0.7809149481464309
1288,-2.026298839423915
1289,0.014376148036542092
1290,-1.1537836757277218
1291,-0.12262429864328087
1292,-1.0377104047703551
1293,0.30086589606629327
1294,-0.8474456564301344
1295,0.2284451008344294
1296,-1.0861083321801992
1297,-0.35572181916627865
1298,-1.3870515953648008
1299,0.07356171306054092
1300,-0.545136620206179
1301,-0.9232244218827841
1302,-1.7359323170063892
1303,-0.10275281727336331
1304,0.13145613344262272
1305,-1.6150189969996713
1306,-0.35738586921793136
1307,-1.0889206281960933
1308,-0.6403861655175473
1309,-1.0628687070465934
1310,0.35711079391704065
1311,-0.6859246790878838
1312,-1.0997464695136696
1313,-1.1588507922511913
1314,-0.44624824174296174
1315,-1.5060624236799758
1316,-0.8178884060922345
1317,-0.5673254891032969
1318,1.1515634261842334
1319,-1.5696788797115873
1320,-0.06361646277921608
1321,-1.8394528129181944
1322,-0.636132044623956
1323,-0.0767698689476805
1324,-0.46530464733093485
1325,-0.5878642658917547
1326,-1.479869378030821
1327,1.1158982021599118
1328,-1.3950400877339992
1329,-1.0770996304117608
1330,0.9153048070568611
1331,-1.5405299119064875
1332,-0.15500234469131827
1333,-0.7301275531241826
1334,-0.9825849269225463
1335,-1.0932942553877696
1336,-1.7400743002723131
1337,-0.10379437798893
1338,-0.5011398747454267
1339,-0.43117761705932117
1340,-1.3124093342028231
1341,-0.7754591562323608
1342,-0.6838684098993673
1343,0.48724910028961244
1344,-0.9962923385340492
1345,0.5317410108046665
1346,0.6572024572592373
1347,-0.1708029615686084
1348,-0.4716934979720138
1349,-1.053034995197234
1350,0.2948490845022121
1351,-0.9958216886703843
1352,-1.1708669125912003
1353,-1.1925521046638297
1354,-1.1148820273179267
1355,0.3863456186903822
1356,0.16366475915353937
1357,-1.3301394497367331
1358,-1.2747646596119002
1359,-0.6792606718439782
1360,0.4560626534067409
1361,0.9650133425392166
1362,-0.9440866834894729
1363,-0.8455084211415055
1364,-0.42651124125696177
1365,-0.399708644627149
1366,-1.9751715925745836
1367,-0.029373777106704836
1368,0.009435706489220888
1369,-0.03289089755449049
1370,-1.3442230209493007
1371,-0.3669123379009394
1372,0.3116324383904237
1373,0.28587241324575774
1374,0.0653369183231901
1375,-0.1877318203380732
1376,0.25842289458595835
1377,-0.5946960885372758
1378,-1.0309827074675597
1379,-1.916605476688539
1380,-0.5864554107882444
1381,-0.04753842957202777
1382,-1.115596475614864
1383,0.913948389195224
1384,-0.25719976623217555
1385,0.7383763410787746
1386,-0.7469687845029296
1387,-0.840435902660534
1388,0.2438273481146163
1389,0.2833211297421645
1390,-0.1470647774433056
1391,-1.1880220227276808
1392,0.06154682780617115
1393,0.9281265165383937
1394,0.046954457833997626
1395,-1.3212810129677843
1396,-0.8866365763916496
1397,-1.8165214691841591
1398,-1.684626636545589
1399,-1.7349499175537615
1400,0.16300701471332937
1401,-0.39144123834504035
1402,-0.7416306577903056
1403,0.01637958504962953
1404,0.21345285250682133
1405,-1.1315512996146568
1406,-0.9822948965069391
1407,-0.60353101921712
1408,-1.1553695688746124
1409,-0.6861995796670345
1410,-0.6417265651143448
1411,-1.2114869748671366
1412,0.28594964345218354
1413,-0.9185298025207603
1414,0.013430137980765101
1415,-1.115548329367754
1416,-1.03001240190892
1417,-0.4112689561110763
1418,0.04370062382859274
1419,0.27634743867514755
1420,-0.3439636339086927
1421,0.0550531393552728
1422,-1.04032622622426
1423,-0.856667023721949
1424,-0.11640893286743238
1425,-1.4526881376598144
1426,-0.9924164863014848
1427,-0.6646032625752062
1428,0.7526648692452752
1429,-1.8456738624694349
1430,0.7092202592509709
1431,-0.8146953734031026
1432,-0.9970715990473469
1433,0.4750686550912482
1434,-0.46671414356592755
1435,-0.403719216126152
1436,0.23580280413484772
1437,-2.2330264787921683
1438,-0.36532051320096415
1439,-0.13395922279551417
1440,0.4827795726873192
1441,-0.8731335804232567
1442,0.1263296205984395
1443,-0.22388873887660254
1444,-0.15708816176304477
1445,-1.34157082654888
1446,-0.7261197351690434
1447,-0.28316876946581343
1448,-0.5010526468139819
1449,-0.915989199370082
1450,-1.1794584605063683
1451,-1.43165351228335
1452,0.20229421668060335
1453,0.9494048725100438
1454,0.5598998705561281
1455,-0.21628352572431253
1456,-1.2326049639115797
1457,-0.3830780628166593
1458,-0.9227373875083956
1459,-0.7599546657423244
1460,-0.5709317586892836
1461,-0.19362788305525663
1462,-1.2646184053531335
1463,-0.703186168226958
1464,-0.9320526460303425
1465,0.28980996006889265
1466,0.30037074826712107
1467,-0.6237464122527316
1468,-1.6749424354387679
1469,1.1297067813584982
1470,-0.5625215533155172
1471,0.004620131166275206
1472,-0.5647037712137898
1473,0.6870963749247053
1474,-0.33812955262707173
1475,0.6758702590459725
1476,-0.8583658391135774
1477,-1.742923723350528
1478,-0.22834464609195962
1479,-0.30578813407077726
1480,0.2443494316976035
1481,0.05334953886689155
1482,-0.03378949335922114
1483,-0.8516308769904904
1484,0.2876225644856671
1485,-0.28234564758995384
1486,-0.7351526446417292
1487,-0.8731289624539545
1488,-1.0268858605235927
1489,-0.48204791003415876
1490,-0.4425880457624282
1491,0.5501960176545259
1492,-0.9974302413949885
1493,-0.09159341255854182
1494,-0.9244936189147104
1495,-0.6617516220521797
1496,-0.45118776688070267
1497,-0.3082508892276255
1498,-0.24737588227107293
1499,0.6847795923818935
1500,-1.0651901642570765
1501,0.28776006365588425
1502,-0.10286119150602731
1503,-0.5562569684290625
1504,-0.765039098907114
1505,-1.8009183044938513
1506,1.0384360663494934
1507,-0.6460834504916458
1508,-0.5956989601325117
1509,-0.34051745695927155
1510,0.4042837141031717
1511,-0.40855215744709483
1512,0.9536714664419663
1513,0.5837914357344385
1514,0.643420204250542
1515,-1.0391067687399305
1516,0.6784265518664011
1517,-2.002914526629433
1518,-0.8868764617591046
1519,-1.6941285631573846
1520,-0.7613338256046854
1521,-0.29879052808287215
1522,-0.9345215114432495
1523,0.6175805088179029
1524,-0.4602685234194301
1525,-1.2778446916396518
1526,-0.4690700160086997
1527,-0.40759254025580893
1528,0.16245304266343244
1529,-0.1540956432958251
1530,-0.8398094932907328
1531,-2.0137776048204676
1532,0.09749573211059326
1533,-0.732448014751869
1534,-0.3213186593886133
1535,-0.36937022691699506
1536,-2.192294906155789
1537,0.1581488670881947
1538,0.08066643309519571
1539,-0.07634249546880642
1540,-0.17604225416772823
1541,-0.8349414227662751
1542,0.11111276427110504
1543,0.037816229028805805
1544,-1.344184673335067
1545,-0.5050009719782776
1546,0.9150963520982379
1547,-0.845662757888363
1548,-0.162483366092389
1549,-0.9452014137725819
1550,-1.263102934939919
1551,-0.4915821019209398
1552,-1.5026792246670695
1553,-1.329133821964846
1554,-0.9498132606542699
1555,-0.552111650093395
1556,-0.7672657296820874
1557,-1.5397747075171775
1558,0.18254031947314475
1559,0.4406405087151382
1560,-0.7094151539030322
1561,-0.8416541793035992
1562,-1.650581206595417
1563,0.03824008952642744
1564,-0.12841693163355405
1565,-0.2806036975047065
1566,-0.46627984813820084
1567,-0.9983001637511169
1568,-0.44920322191780404
1569,-0.2029575819681767
1570,-0.6931607588596802
1571,-0.5036228925788248
1572,-0.39863530880126247
1573,-0.17595315388366176
1574,-0.050831700998070176
1575,-0.8703364745799859
1576,0.12512064238983278
1577,0.5451458953893688
1578,-0.3505893854829761
1579,-0.7308252700706488
1580,-0.2548243460248561
1581,1.4165787668484822
1582,-1.2349810921170439
1583,0.29154262717487195
1584,-0.7279858883007916
1585,-0.43031925149420797
1586,0.27717091503042507
1587,-1.4627711869721565
1588,-1.6761991275569708
1589,-0.6675918533271917
1590,1.373680156161392
1591,0.34924362070599274
1592,0.2181168707881423
1593,-0.09236733690248569
1594,-0.3728730882582081
1595,-0.8981449846888454
1596,-1.434725871010573
1597,-1.0197802630428852
1598,0.017845716970699955
1599,-0.10737200946184433
1600,1.0844944325466712
1601,-1.0967797819397964
1602,-0.6975514769480098
1603,-0.40351566507912157
1604,-0.664844039437664
1605,0.07105371473823525
1606,0.8396858640009246
1607,-1.676558729284674
1608,1.3073900462388042
1609,-1.120725676322217
1610,-1.2143666771834725
1611,1.8026728732451747
1612,-0.5435915729159555
1613,-0.647889374695804
1614,-1.0266394083202155
1615,0.48462898060548076
1616,-1.1574045305678473
1617,-0.5551245559039609
1618,-0.35947150586273185
1619,-0.33948257700396506
1620,-0.6772540499427667
1621,0.03554255727205163
1622,-0.7385771075579595
1623,-0.7162124213122101
1624,-0.03482827884875475
1625,-0.6074262921268453
1626,-0.46298724861927143
1627,-0.8577115608879774
1628,-0.9043474166930624
1629,-0.11148463562344788
1630,-0.2878661769420868
1631,-1.9550313634417888
1632,-1.4119988270403936
1633,0.7276773091993557
1634,-0.6736673755140339
1635,-0.7564131090265322
1636,-0.27891171293462963
1637,-1.3730284798957906
1638,-1.2213687344268407
1639,-1.0800408422412646
1640,-0.15488100285471218
1641,-0.47717804916109435
1642,-1.0000123604304014
1643,-0.29148180272192226
1644,-1.4060561335502264
1645,-0.34141006367128957
1646,-0.6864473413472975
1647,0.3635838096738319
1648,-1.870712442043043
1649,-0.9473712082744865
1650,-1.6894359172697384
1651,-1.2313599880072192
1652,0.16657415164890008
1653,-0.8426072214443954
1654,-0.48193623326039625
1655,-0.6617852810203104
1656,-0.1740986928685141
1657,-2.184880594317737
1658,0.5074370666850295
1659,-1.0073224699496748
1660,-0.6829790917576651
1661,-1.6557047431977345
1662,-0.9635545356611948
1663,-0.8106550472226787
1664,0.053613823663116573
1665,0.11485444026951536
1666,-1.7011242351608233
1667,-1.108052140369977
1668,-0.0026060732983952286
1669,-1.0055127549395042
1670,-1.428606619708217
1671,-0.034105713676728225
1672,0.31088615907655326
1673,-0.39924001080163596
1674,-0.6023656901565632
1675,-0.440138700026571
1676,-0.49832862109090387
1677,-0.15165620223391976
1678,-0.06306738334089124
1679,-0.2668340492236766
1680,-0.7022262316055857
1681,-0.12983451590552156
1682,-0.8874334242246347
1683,0.42340661927135376
1684,0.05353831535600287
1685,-0.6589459483336727
1686,0.2719795561679906
1687,-0.3977410217675934
1688,-0.6294593270455965
1689,-0.2031231524244736
1690,-0.40210729697996694
1691,-0.8892650626188662
1692,-0.42201755430817256
1693,-0.2569136051953896
1694,-0.46775956452999934
1695,0.012605258680724128
1696,0.24661812716461023
1697,0.622550029432922
1698,-1.5235318915694593
1699,-0.2695300048406503
1700,-1.2880093544707378
1701,-0.0013370153425141622
1702,-0.3611666045265799
1703,-1.1671486275767562
1704,-1.5377454839482787
1705,-0.2713974179618435
1706,-1.3735020494333938
1707,-0.1599518782462126
1708,-0.051733191281656356
1709,0.08989165115810445
1710,-0.2333069306341998
1711,-0.045681232347612184
1712,-0.40684165494985436
1713,0.4995419232230059
1714,0.07547803045905586
1715,-0.9344210149937741
1716,-2.006048975814701
1717,-0.4189933997521595
1718,-1.281656534871879
1719,-0.48192679840057784
1720,-0.8496677988150584
1721,-0.48057020525562555
1722,-0.9060280649939528
1723,-1.084243706483402
1724,-1.9208658522186155
1725,-0.25199504770667686
1726,-0.8219858817569979
1727,-1.1434688327716311
1728,0.08364366734751792
1729,-0.8800844128183734
1730,-1.1965726254897247
1731,1.1839472108263336
1732,-0.3185738657258402
1733,-1.8498689510673938
1734,-0.19514381138637682
1735,0.0043993099126390725
1736,1.0503647322085514
1737,-0.6266381664558903
1738,-1.0003298922540684
1739,-0.8928915732230717
1740,1.0008281703759676
1741,-0.9215342968219542
1742,0.002679686171672088
1743,0.24321997385551455
1744,-0.17736527436304292
1745,-1.771534506138102
1746,-0.6838266683220539
1747,-0.2601349844394111
1748,0.2062141775206557
1749,-1.389241153481704
1750,-0.41266651066247345
1751,-0.5548865838447794
1752,-0.9583644222008425
1753,-1.4563946467111744
1754,-0.8734921660874578
1755,-0.052508858843855345
1756,-1.0823548165040233
1757,-0.5659644475141364
1758,-1.3602327075802136
1759,-1.311801314762434
1760,0.606671739029075
1761,-0.2669667132828397
1762,-1.015828959112821
1763,-0.09133715852861628
1764,-0.20337830861851053
1765,-2.3709506779837635
1766,0.600653547249569
1767,0.29510539956465986
1768,0.3368062737898583
1769,0.1676511716692613
1770,-1.2621171035359766
1771,-0.3908689573140672
1772,-0.07780491845832799
1773,0.48022184274944585
1774,-0.12762372159886307
1775,0.15033043740414412
1776,-1.26529012953103
1777,-2.285546042521174
1778,-1.088870957446978
1779,-0.35702025130984516
1780,-1.7450461749180584
1781,-0.20955480329331969
1782,0.5489849434107779
1783,-0.22042825365253851
1784,-0.9076449791706411
1785,0.18072677259308917
1786,-0.5613392364038338
1787,-0.9017464941761518
1788,-0.030135959732961775
1789,-1.2910340909127263
1790,0.37569226445309095
1791,-0.5369042610330876
1792,-1.508521578541742
1793,-0.6211242903521054
1794,1.3801837891732438
1795,-0.18426243527468772
1796,-0.6324855998650053
1797,-0.22186366468657046
1798,0.11271873436083381
1799,-0.49282634743565856
1800,0.2717750505919553
1801,-0.7873667002602728
1802,-1.798057675562557
1803,-0.8477746743725882
1804,0.44909015001438785
1805,-0.6195811814490586
1806,-1.4309653500835162
1807,1.296814446249676
1808,0.02038988011955922
1809,-1.0542579542077903
1810,-1.1187261025189303
1811,-0.8802389230137538
1812,-0.9670888392153072
1813,-1.3055104795181425
1814,-1.7064076463473228
1815,1.6742332509142694
1816,-0.3777980084188047
1817,-0.872427898759322
1818,-1.6317714627839734
1819,-0.5552146299434088
1820,-0.8919501537173564
1821,-0.34433698851819444
1822,-0.11226616088676633
1823,-1.6204839532218263
1824,0.26596253840345757
1825,0.4235840801112803
1826,-1.1374243073122754
1827,-0.4651093512372872
1828,-0.35886619673782827
1829,-0.589827726650696
1830,-0.13069829537525757
1831,-1.1184201348953364
1832,-0.21580777051235817
1833,-1.26645182478144
1834,-0.7286465084654562
1835,-1.2592980201192436
1836,-0.28606571623096166
1837,0.46053016478904746
1838,0.07832874722954629
1839,0.6635701544020841
1840,0.3095203035639933
1841,0.31163417777068914
1842,-1.6376071283091485
1843,-0.3044486140557254
1844,-0.764989854892615
1845,-0.7650516395142706
1846,-1.021418738316305
1847,-0.14108302019074298
1848,-0.11212262966174143
1849,-0.364371510170558
1850,-0.567988137414085
1851,0.875744241456259
1852,-0.48357335444374583
1853,0.26576240138695406
1854,-0.9125925483665567
1855,-0.25559978057798294
1856,0.22539188039860647
1857,-0.8216865689958026
1858,0.5399847726820209
1859,-0.1418359457975113
1860,-0.9850805541039818
1861,-1.005699528570546
1862,-0.39659540938633187
1863,-0.34397385663354824
1864,1.1877017346151593
1865,-2.680648299485629
1866,-1.0259094415994505
1867,-0.34012154687036783
1868,-1.7299803125736164
1869,-1.2800031989683835
1870,-0.5812042107560336
1871,-0.5021761590357575
1872,-1.4457971334614674
1873,-1.954191394416376
1874,-0.7533885645841396
1875,-0.8841063877916198
1876,-0.5307856887826957
1877,-0.9669776747482265
1878,-1.0809476883210076
1879,-1.11018364779258
1880,-0.36783966185525235
1881,-0.8609307508890529
1882,-0.7113058513516756
1883,-0.8603480482185005
1884,0.010472226275192502
1885,-0.7482773325302231
1886,-1.104764728645552
1887,-0.7282952034223098
1888,0.7904185247946302
1889,-0.6410958582490024
1890,-1.9443414505234295
1891,-0.9872778610917907
1892,-0.8375949383437654
1893,-0.08002059787873506
1894,0.07557947130423034
1895,-0.2009212161909345
1896,-1.3935819273855203
1897,-0.8171831564589843
1898,0.06906703154806623
1899,0.37261878847288193
1900,-0.759810644910074
1901,-0.4869634640195039
1902,-0.5959795392601992
1903,-0.07980122084383062
1904,0.3464023334717683
1905,-1.4568273396274287
1906,-0.008573271847520958
1907,0.36497697097675014
1908,-0.5232927757103799
1909,-1.833031842193885
1910,-0.5239498861075621
1911,1.1052180197305483
1912,-0.5291098854893957
1913,-1.6268112255580645
1914,-0.39010817029018824
1915,-0.27806612326438584
1916,-0.7647757063652108
1917,-0.9976503045464852
1918,-0.9835358383807068
1919,-0.7859798103934177
1920,-0.870528657779611
1921,0.09675764504356046
1922,-1.4390838227548568
1923,-1.3494165185760012
1924,-1.7137385812045263
1925,-0.47698460226803036
1926,-0.7093967955094878
1927,-0.11312767097632202
1928,-0.9633177778642094
1929,1.1126982319647343
1930,-1.8554138887376717
1931,-1.4332299830822968
1932,-0.6737454685653026
1933,-0.5084796616423165
1934,-0.5946349101815476
1935,-2.0633799074044963
1936,-0.6951536001768179
1937,-0.887559474261526
1938,0.1338247690340679
1939,-0.18353419862629708
1940,-0.825004552190542
1941,-0.4564616138278008
1942,0.3522003357175351
1943,0.4441673502394008
1944,0.6989501029616517
1945,-1.5397762180963463
1946,-1.5066258996565882
1947,-0.5545903859906729
1948,-1.1880573891454647
1949,-0.37421464064843823
1950,-0.8760886875259305
1951,-1.3378247687273366
1952,0.13547666282270052
1953,1.3470742744506552
1954,0.16657267416255137
1955,-1.0652617349544455
1956,-0.2523594624375526
1957,-1.0145432169901825
1958,-0.7971933062070238
1959,0.48336805125279164
1960,-1.2880905619816572
1961,0.060463690546501275
1962,-0.5852084042658144
1963,-0.8715514715598791
1964,-0.6500933285398018
1965,-0.010228442162440798
1966,0.19524407635723923
1967,-0.27131387956405256
1968,-0.15433641970849943
1969,0.9830569707825301
1970,0.20715394749412921
1971,1.4019299263081582
1972,-1.0940660272810923
1973,-0.8190477825538575
1974,-0.4975071746438721
1975,0.9755369897618824
1976,0.00845841114095987
1977,-1.5223887622167187
1978,-0.9837607840465717
1979,-1.4481844561403079
1980,0.5144661870847778
1981,-0.3247700615348484
1982,-0.4536008925960428
1983,0.8361787464100097
1984,-0.7229125250553
1985,-0.9507701037810288
1986,0.9989495917884912
1987,-0.5113726840228194
1988,0.06394949202547999
1989,-0.19988483071507984
1990,-0.36805385081304764
1991,-0.8043050699200324
1992,-0.25301116600004914
1993,-0.2613656039519791
1994,-1.009551502031937
1995,-1.5319890390755835
1996,0.7315026529076321
1997,0.35440333459272316
1998,0.8441308488774911
1999,-0.26076014078105625
2000,-0.9255334596303845
2001,-0.7766629998067776
2002,0.016220389099548406
2003,-1.2019904016596594
2004,-0.6604200126331072
2005,0.596082092834926
2006,-0.8039903949265704
2007,0.7879455518783979
2008,-0.7513613451753594
2009,-1.6486921612828904
2010,-1.0147341805504726
2011,-1.1844326299345889
2012,-0.5026762561685388
2013,-1.2377394983075443
2014,-0.5003836008187993
2015,-0.8238387039215013
2016,-0.2872764265742514
2017,-0.5139924750945603
2018,-0.7798827747349136
2019,0.04155698182244259
2020,0.081861471424786
2021,-2.1804913737528304
2022,-0.9173470682336061
2023,-1.28948837378962
2024,-0.8902306124487956
2025,0.4345923173857707
2026,-0.4281953136855343
2027,-0.5201060294456733
2028,0.4717518507586107
2029,1.3434478553342155
2030,-0.36433965972732996
2031,-0.8870076558142547
2032,0.9008254475646612
2033,-0.007331320364836731
2034,-0.9845979620127273
2035,0.21267098003433557
2036,-1.0534667036407765
2037,-1.1066572268741455
2038,-1.3472264862554018
2039,-0.2800156223894398
2040,0.1346403864771772
2041,-1.0922660534645654
2042,-0.7808780078739805
2043,-1.856980580069516
2044,0.5460240943437052
2045,0.18237044883553763
2046,0.607432269450464
2047,-0.49009989346949123
2048,0.4619474722488074
2049,-1.1506199214393151
2050,-1.3918568957525879
2051,0.823300872332302
2052,-0.4285185456253297
2053,-1.0460881119738168
2054,-0.9608867053782011
2055,-0.7636480975250387
2056,-0.6528050118169029
2057,-0.6160541528475916
2058,-0.36049065541132297
2059,-0.7257835978893509
2060,-0.013185828882105255
2061,-0.03921329361691156
2062,-0.7254594257978934
2063,-1.0570921620017235
2064,0.2700735931662923
2065,-0.010988548414628055
2066,-0.1874766449015163
2067,0.7246496578871654
2068,-1.6033908468319191
2069,0.41747121769533957
2070,-0.982365799988846
2071,-0.5409711828787545
2072,-0.8259197685727127
2073,-1.2656322432339464
2074,-1.2902321382752688
2075,-1.3253660779465817
2076,-0.5983713854866967
2077,-0.12718262963770766
2078,-0.5053265121130954
2079,-0.5290895934489033
2080,0.4960547968715507
2081,-0.6561581743755196
2082,0.5139100044517844
2083,-0.582999140449507
2084,-1.0739264831284925
2085,-0.003853487945472003
2086,-0.2861058836080801
2087,0.027672776472907147
2088,0.048597986463066845
2089,-0.8667678539660045
2090,0.07075039446075106
2091,-0.6143257801813402
2092,-1.0104976868751687
2093,-0.5904261349330489
2094,0.15429772003974104
2095,-1.4938706255588894
2096,0.7588255195457742
2097,-0.33923354481838963
2098,-1.6438376676118827
2099,-0.9806737959548248
2100,-0.8014751791079401
2101,-0.4682390961903717
2102,-0.4022428845061308
2103,1.072418195065972
2104,0.7617205534878162
2105,0.23019264096840122
2106,0.7382646657270798
2107,-0.3957654011288108
2108,-0.3538186285977123
2109,-1.2427509827032976
2110,-0.6751126701156644
2111,-0.6248345370736469
2112,-0.6051695352327431
2113,-0.05933550780105753
2114,-0.9519239198559277
2115,-0.58723437388802
2116,0.3120386572799256
2117,-1.47810557655739
2118,-0.18363319058117727
2119,-0.5229167701161567
2120,-0.31272510400694437
2121,0.4944452781540811
2122,-1.1533209443325287
2123,-0.7311125555945214
2124,-0.22043032066917978
2125,-0.8352573564008194
2126,-1.036868577007671
2127,-1.0000332310164384
2128,0.12120251041892413
2129,-1.5196629329605218
2130,-0.6055677734573578
2131,-0.03805192375592338
2132,-0.27271585857133734
2133,-1.001578507845205
2134,0.5821302756639872
2135,-1.4120742637904904
2136,-0.09979551748495742
2137,-0.8034611670963059
2138,-1.0818620259874758
2139,-0.005881821810225603
2140,0.17503917563679186
2141,-1.3935604570346194
2142,-1.0879431855952697
2143,-0.6550846044064256
2144,-0.2034090396261754
2145,-1.1713203099070837
2146,1.3052053578204599
2147,-0.03207972268642268
2148,0.06552843766522769
2149,0.39111368680752634
2150,0.4731076720072056
2151,-0.9480653825275334
2152,-0.5453364573216669
2153,-1.030795356642786
2154,-0.23707482661588586
2155,0.2689899543889221
2156,-0.17474864211016652
2157,-0.6947974182931217
2158,-1.8407317020360567
2159,-0.3515727791016197
2160,-1.1478203162353573
2161,-0.593153197901298
2162,-0.21513081218409608
2163,-1.525145911657568
2164,-0.22445215222591242
2165,0.4910699947486004
2166,-1.6339572482477918
2167,0.09947145691071649
2168,-1.7089634952252628
2169,-0.8991350036911171
2170,-1.1242460028677155
2171,-0.5881138615376856
2172,0.39019206184175476
2173,-1.255728643601291
2174,-0.8200421224852669
2175,-0.9310509887917439
2176,0.28405916154969035
2177,0.8033257065326936
2178,-0.17099749855156154
2179,0.045242544683976524
2180,-1.5975381289151775
2181,-1.9067643092158817
2182,-1.4120586382268436
2183,1.4422770733390504
2184,-0.25693986723763307
2185,-0.12591101305648777
2186,-1.1197500724148957
2187,0.38294613301530006
2188,0.8886093014889838
2189,-0.661513566255241
2190,-0.05322744398418252
2191,0.20699747045903918
2192,-1.6163935872660782
2193,-0.781155860507876
2194,0.4988851006794247
2195,-1.4757701547185222
2196,0.5388423979678095
2197,0.3098183026204697
2198,0.5032869338563888
2199,0.25892050601347055
2200,-0.1656455622079819
2201,-0.3191568296546336
2202,0.1664070020452469
2203,-0.03049892038790882
2204,-0.3222797164113857
2205,-1.0641145070857658
2206,-1.0180658925228658
2207,0.10320068921102407
2208,0.32314149840330625
2209,0.027999389190763193
2210,0.05346419843663294
2211,-0.9450017159368725
2212,0.8636111683991836
2213,-0.6328085461933618
2214,-0.9211560529893575
2215,-0.5644305786805037
2216,0.6759282466638146
2217,0.8296932791079397
2218,1.3853969656689853
2219,-0.8482142164503494
2220,-0.8821610412147753
2221,0.1880589919686289
2222,-0.2831207276795256
2223,0.5692780997752507
2224,-0.39522295606246377
2225,-0.07027099173938128
2226,-1.2683626300787398
2227,0.10857424519405647
2228,-1.3157212376839424
2229,-0.6685134997734244
2230,-0.014960525009050202
2231,-0.08407263490188974
2232,-0.1627310133991189
2233,-0.38759538906091745
2234,0.15395640756064705
2235,0.9974525936268498
2236,0.20504319663539897
2237,-1.025895111123561
2238,0.03888573380655017
2239,-1.0955906745703343
2240,0.01887285116828294
2241,-1.2473396158898935
2242,0.2478124586680561
2243,-0.09145140792365171
2244,-0.012700796396092886
2245,-0.7568886705132762
2246,-0.46256823349223847
2247,-1.1560368094079583
2248,-2.009868381115515
2249,0.06164512139669228
2250,-1.0858101732875207
2251,-0.9264967154347675
2252,-0.07017732846995467
2253,-0.9681995170133907
2254,-1.6628092830611167
2255,0.5251226914203894
2256,-0.5404548570548927
2257,-0.8185021869362334
2258,-1.3368812271524382
2259,-1.2033867010642565
2260,-1.1117686030582459
2261,1.1040177343008297
2262,-1.0250200027860472
2263,-0.3419885572143377
2264,-0.8623562580816578
2265,-1.0777131337321646
2266,-0.48706488958835487
2267,-0.4980280410565861
2268,-1.1176214882111257
2269,-0.39385722993161193
2270,-0.7071332665280069
2271,-0.8049841902686289
2272,0.20075102135103223
2273,-0.8427499654449958
2274,-0.07496687097570807
2275,-0.648066393488392
2276,-2.0729798353374167
2277,-1.1207059504938073
2278,0.5340071108011684
2279,-0.49866250371238613
2280,-1.373389650039218
2281,0.5097520032207506
2282,-0.12826750822582358
2283,-1.1966801766205377
2284,-1.2905582069479624
2285,-1.0522551955442432
2286,-0.8368918131865891
2287,0.26730254808188453
2288,-0.06618876555647953
2289,1.1154527755146721
2290,-0.888200655136329
2291,-1.4075981185642885
2292,-0.4980789936852923
2293,-0.6783689624513667
2294,-0.7030845058833094
2295,-1.0331643557863046
2296,-0.37811272518447814
2297,0.3547862216456008
2298,-0.16768904014763283
2299,-1.2866930014351443
2300,0.13791852575249663
2301,0.7837738845741371
2302,-0.2493851352730291
2303,-0.3460978837678702
2304,-0.9996903772864578
2305,-0.6601087043547924
2306,-0.49659516195235187
2307,0.0016428196616997783
2308,-0.5158901411470536
2309,0.13224160619212744
2310,-0.5533847209176901
2311,-0.14431582476163224
2312,-1.0623211834744033
2313,-0.3156219163662699
2314,-1.0401515629513671
2315,-0.7554116095886046
2316,0.12750184639040413
2317,-0.6413198607048135
2318,-0.8951781446033827
2319,-0.33685724633952624
2320,-1.459008723156869
2321,0.556029664167229
2322,-0.9345413149832723
2323,-0.14891283795542534
2324,-0.4966745383382775
2325,-1.0102400048169569
2326,-1.1877003158154078
2327,-1.3771277557568158
2328,0.5204403036361087
2329,-0.034485133256674266
2330,0.6507179480950518
2331,-1.6450466270197885
2332,0.35966797582743937
2333,0.9538635798078693
2334,-1.2585626116885869
2335,-0.986568095309391
2336,-0.8249984763214732
2337,-1.0044221790037793
2338,0.9075203395810316
2339,-1.200416883698875
2340,0.43740073324495726
2341,1.5885120012582572
2342,1.6030022874684846
2343,-0.8568212176916566
2344,-0.8271025345364953
2345,0.8279665234345752
2346,-1.2646940888658815
2347,-1.247263665154081
2348,-0.5338665479320418
2349,-1.2903197188998
2350,-0.3845551257308303
2351,-1.1639122834630942
2352,-0.26922140295350344
2353,0.15875983533768964
2354,0.45795349272699265
2355,0.8273435844036189
2356,-1.2734866016767223
2357,-1.335878638031639
2358,0.4419991500468175
2359,-1.0348108806564311
2360,-0.007833344360495736
2361,-0.06782565279584538
2362,-1.4147963301024638
2363,0.1914769288049386
2364,0.001201981542049738
2365,-0.05521088211270553
2366,0.2749992688226934
2367,0.06441331401173563
2368,0.8809375162308882
2369,0.41155170816660713
2370,-1.1333995598047388
2371,0.033170693893538356
2372,-0.5238194964691444
2373,0.06954594768038247
2374,0.4887513032617747
2375,-1.3985848547296533
2376,0.3427456519370408
2377,-0.12660133475604404
2378,-0.6831851882013679
2379,0.08176906812666211
2380,-0.6605374709016175
2381,0.06624911027048179
2382,0.2063330892400319
2383,0.6836907918108731
2384,-0.5897812470958705
2385,-0.8403094455835434
2386,0.10649724982378912
2387,-0.5157908721562626
2388,1.149083529173926
2389,-2.0478390989561546
2390,-1.434557240097363
2391,-1.4770084135800958
2392,0.12308547170271908
2393,-1.649757387920758
2394,-0.9615199372656545
2395,-1.272167636835621
2396,-0.45090748417025567
2397,-0.14317308501634077
2398,-0.9571197578745013
2399,0.40522587434203283
2400,0.49076797511624426
2401,0.07896867230451153
2402,0.19405272644477145
2403,-0.4708521515982949
2404,-0.8912170115036343
2405,-0.9513426247657316
2406,-1.330423426421847
2407,0.7056353661004247
2408,-0.9157065051443315
2409,-0.9808115375075053
2410,0.06555173577408774
2411,-1.0763419967397518
2412,-0.8148491262125452
2413,1.4776135546976126
2414,0.09312681335004878
2415,-0.6101046269428335
2416,-0.249391604258983
2417,-0.9913403234164884
2418,-0.446372548036062
2419,-0.24140195298960396
2420,-0.7822165719440403
2421,0.3292552697143873
2422,-0.5576624186185053
2423,-0.353939225318597
2424,-1.1112475969393276
2425,-0.0489016804785531
2426,0.4348527419679976
2427,-1.0749586992882634
2428,-1.5715222108086906
2429,-0.1817186612725185
2430,-0.7216955605472963
2431,-1.43674142864109
2432,-0.7903301698457698
2433,0.5564772083941463
2434,-0.4888032952702397
2435,-0.4705578109579993
2436,-0.5555607944686779
2437,-1.6507321520337157
2438,-0.22608136795645356
2439,0.5224261275787856
2440,-0.6839705785908868
2441,-1.7962512055400857
2442,0.09396634499576166
2443,0.1331273529947015
2444,0.5899048600420154
2445,-0.6482558158940763
2446,0.7164302751766256
2447,-0.3513511535650017
2448,0.07138958395933624
2449,-0.9548266949914411
2450,0.0950930112155142
2451,-1.3347295361544336
2452,-1.6202358212531645
2453,-0.4040342038127908
2454,-0.1271693712545155
2455,-0.7173567154173509
2456,-0.46145508976518257
2457,-1.7728466298896652
2458,-0.6165750154487538
2459,0.5098279404679382
2460,-0.04473539059074392
2461,-0.7396712048932892
2462,-0.048061303635275436
2463,0.6167953258462154
2464,-0.8188798396558399
2465,-1.1074725046938656
2466,0.6654010837590452
2467,-2.2317685807236813
2468,-0.49333098876898474
2469,-1.4575236809606367
2470,-0.3941161401629856
2471,-0.2195208683951638
2472,-0.4302805313552188
2473,0.18040605154212863
2474,-0.5697391502728654
2475,0.3589037844381127
2476,-0.8466680140534288
2477,0.3025596361725046
2478,0.3706373341138915
2479,0.753445525708864
2480,0.04694846504823231
2481,-1.8933127893739614
2482,0.850635291305616
2483,0.5193490005822341
2484,-0.9602419802330732
2485,0.24323417223488908
2486,-0.9595072167823767
2487,-0.8043892027924835
2488,0.21703250580176664
2489,0.030888574463665705
2490,-1.6975433504309898
2491,0.06274443562812998
2492,-1.279456234725017
2493,-0.3913289872695418
2494,0.21467646924546477
2495,-1.3693445735999024
2496,-1.2642154805374703
2497,-0.0011233181091414148
2498,-1.4457696965238425
2499,-0.2540550680380085
2500,-0.16002547791117605
2501,0.572168915738906
2502,-2.0256689302451067
2503,0.5624182958736118
2504,0.17295376351383543
2505,-0.360829702080049
2506,0.529801806096597
2507,-0.988165511961026
2508,0.6468099162559691
2509,-0.5559966211337982
2510,0.550651637735365
2511,-1.7408531653029855
2512,-0.5594818046211056
2513,-0.35665337351589604
2514,-1.0043647222059593
2515,-1.0042848604378494
2516,-0.8114725026328845
2517,-0.9087467035138895
2518,-0.00905785021312991
2519,-0.6058447936064376
2520,-0.3061982146451113
2521,-0.72593535361887
2522,-0.25917275692781605
2523,-0.6511609880793772
2524,-1.4097979576430715
2525,0.5091500575677994
2526,-0.3794827621643806
2527,-0.7521500630091366
2528,-0.7598246480188336
2529,-0.27640966229225755
2530,0.5705003981948301
2531,-0.859909821462227
2532,0.42658410592934404
2533,-1.113188458171478
2534,-1.6061789570920497
2535,-0.2714973875681094
2536,0.9295925471672589
2537,-0.34182775831473694
2538,-1.2516381819178604
2539,-0.37482930235684897
2540,1.0922226054519482
2541,-1.55333409605419
2542,-1.4617302751141779
2543,-0.38308012870740354
2544,-1.3574068158044934
2545,0.4391360940438736
2546,-0.9478330419661389
2547,-0.3339720499988408
2548,-0.21585434713394924
2549,-0.9077909289404781
2550,0.07251881704463613
2551,-0.9775266174548484
2552,-0.517885717945505
2553,0.889727716504949
2554,0.5067186684672565
2555,-0.613975690175198
2556,-0.15301317023320204
2557,-1.5324237792183282
2558,-1.5749815721647011
2559,-0.053642866625766596
2560,-0.7053880496320787
2561,-0.1633592622107457
2562,-0.4258015337670981
2563,-1.2695453426293377
2564,-0.031983691399159526
2565,-0.19145506218846048
2566,-1.2949668604549034
2567,-0.5132497170073804
2568,-1.1031508646698847
2569,-0.49045494053052113
2570,-0.573854571735215
2571,-1.3848657397794801
2572,-0.10712877507953454
2573,-1.1973916317488338
2574,-0.5818404825854867
2575,-0.9367544220461477
2576,-1.7517470169030087
2577,1.1558671732943164
2578,-0.3479698558834988
2579,0.10929400991683952
2580,-1.8529758670689966
2581,-1.0569318892421895
2582,0.8762343457422203
2583,-0.8344147095675241
2584,-0.312448323830617
2585,-0.4628930711799705
2586,-0.8861077806713722
2587,0.7680184107348871
2588,-0.10879529404912969
2589,-1.5032215807942753
2590,-1.2112466119075953
2591,-0.004448582217197422
2592,-0.3497162612548044
2593,0.03235095210704082
2594,-1.4850148002677268
2595,-0.12715668210819342
2596,0.18868471813329118
2597,-0.12665925383302906
2598,0.8617992384186891
2599,-0.4139058822890956
2600,-0.2647163706652644
2601,-0.7218392868747028
2602,-0.07445922776599456
2603,-0.5382538966734337
2604,-0.2830222459299582
2605,0.5887458014520113
2606,-0.551520601334706
2607,-0.9183094983119939
2608,-0.7332611311235278
2609,0.78121442906703
2610,-0.034170818912802006
2611,-0.4504142077467492
2612,-0.9970849701780978
2613,0.39794397190611186
2614,-0.2453986211773177
2615,-0.2024197153285905
2616,1.1818709028815735
2617,-1.7274887754292525
2618,0.4391284046189299
2619,-1.414966595872252
2620,0.4936990555785285
2621,-2.0297463655302415
2622,-0.6716475708962518
2623,-0.3512386626633095
2624,-0.9259062211708301
2625,-0.8139252236730868
2626,-0.8140190391348453
2627,-0.0917456071969406
2628,-0.9132511259669701
2629,-0.043867229251734974
2630,-0.43103045076762836
2631,-0.7359882577534853
2632,0.3906057236603333
2633,-1.5378886948903299
2634,-0.461483432144488
2635,0.8463462190315884
2636,-1.8444430233465157
2637,-0.35230731684223243
2638,-0.24847207203590138
2639,-0.6221433616994663
2640,0.6656637637117102
2641,-0.32680565196611355
2642,-1.212493957729808
2643,-0.6045787022358584
2644,0.1481573065427785
2645,-1.1421010518748718
2646,-0.8538848219510093
2647,-0.6794330074514066
2648,-0.0023067284131870905
2649,-1.13767607139233
2650,-1.0029238752854992
2651,0.6921488790197962
2652,0.6490609357171782
2653,-1.4466332006144527
2654,-1.0407548467707621
2655,-0.4232356067775513
2656,-0.4829607016199379
2657,-1.2752026973965482
2658,-0.2705551079715965
2659,-0.2210570756438578
2660,-0.9472322854203015
2661,-0.5398093924093028
2662,-0.714113693699958
2663,-1.4283015827251002
2664,-1.4213442039856565
2665,0.3832290192821563
2666,-0.3346134004793095
2667,-0.6219547266540365
2668,-0.7651254546154518
2669,-0.04195801157737219
2670,0.10238322006440731
2671,-0.053089419242557105
2672,-0.45280499661556095
2673,-0.10741667438934453
2674,-0.8667339426205419
2675,-0.2557556178148615
2676,0.0941483373244498
2677,-0.945511867988352
2678,-1.8204273607280668
2679,0.5471883057880261
2680,-1.6491014286587535
2681,-0.8071307686365129
2682,0.7255618763577496
2683,-0.41673453227699137
2684,-0.21283894682983984
2685,0.7598753736263829
2686,-1.0957120450890934
2687,-0.0792078188453687
2688,1.93830418218601
2689,-1.7173185232545716
2690,-0.0039748373683701895
2691,-1.2538522768173235
2692,-1.2793634002785237
2693,-0.1590149508339006
2694,-0.27240599492987577
2695,0.8105930270150755
2696,0.24017433098887525
2697,0.21868149603493303
2698,-1.6215536849354928
2699,0.26165754057709745
2700,-0.02904345685568645
2701,-0.6162013136071491
2702,-0.15315480041742124
2703,0.5214630594999657
2704,-0.7862338949346208
2705,0.2587563334498583
2706,0.16503537059636733
2707,-0.5187234615049995
2708,-0.17949734371044354
2709,-1.9313674295272028
2710,-0.7895339151257402
2711,0.45494286067254425
2712,0.5129473680948944
2713,-0.0965824280620396
2714,-0.2634474010018768
2715,-0.2640221218464906
2716,-1.1253515184512275
2717,0.9956413765779255
2718,0.8186549923397184
2719,-1.1084845924242608
2720,-0.8833700714121078
2721,-0.030599258720541762
2722,-0.25324379803819597
2723,-0.9659248372578713
2724,0.8564759431652578
2725,-0.8227285121528237
2726,0.7250052110267869
2727,0.42939148514907444
2728,1.6112241915924668
2729,-0.19998801962674087
2730,-0.2633366388529648
2731,-0.6880435034812036
2732,0.4788701300549956
2733,-1.5687291949613504
2734,-0.8875133678717632
2735,-0.4995807042971537
2736,-1.0771752055760642
2737,-0.25175689667346873
2738,0.004161981302063926
2739,-1.3683382960210606
2740,1.0443490441334125
2741,-0.7340704906331672
2742,-0.1660964160637538
2743,-0.3919722492118805
2744,-1.0323612882778508
2745,-0.6923360624719891
2746,-1.42119017542403
2747,0.09545791699517281
2748,-0.5532549853075971
2749,-0.1526943160281042
2750,-0.7067765414343414
2751,-1.4902819308971553
2752,-0.28241158796730126
2753,1.084055567780879
2754,-1.4147167810662704
2755,0.3170918170306199
2756,-0.3218175082287935
2757,-0.1516497832758321
2758,-0.5987845598002063
2759,-1.203223213210653
2760,-0.028563996098410458
2761,-0.6585878071208272
2762,-0.38506413328919076
2763,0.18219443703709168
2764,-0.2964932576866369
2765,-0.5410237628958648
2766,1.2087818397797945
2767,-0.1676147003179365
2768,-0.23865377596535592
2769,-1.474914710639187
2770,-0.6958085577927933
2771,0.7983125988114996
2772,-0.8418886018320629
2773,-0.2912300545466994
2774,-1.4404361583227965
2775,0.1940836683090379
2776,0.02334523218093564
2777,-0.5704245399988671
2778,-0.14737385245633058
2779,0.7166959406020625
2780,-1.2292568218972153
2781,-0.9067854716598583
2782,-0.6487611426002472
2783,0.21389107943333224
2784,-0.3859634717062524
2785,0.24444838695857737
2786,-0.2579851850811102
2787,-1.2891589531658472
2788,-2.024246994015034
2789,0.15325094385558605
2790,-0.457322673616386
2791,-1.1123419715232277
2792,1.26167227400237
2793,-0.49610716057542903
2794,-0.39413790366781926
2795,-0.2383182504986834
2796,0.035437223032725694
2797,-1.0445858995597777
2798,-0.3627897195323906
2799,-1.255647890277413
2800,-1.8008009947507249
2801,-0.6991632735297346
2802,-0.23634437818167855
2803,0.009878321087778927
2804,-2.0617600676321977
2805,-0.4527305808387775
2806,0.610120308277724
2807,-0.6754202027035293
2808,-0.08564082189575081
2809,-0.005800880068461864
2810,1.649066015776044
2811,0.8853911528190188
2812,-0.8984096950223536
2813,0.4173471433625538
2814,0.7570524090927451
2815,-0.13609284292170432
2816,-0.21643439258174707
2817,0.03418935406545789
2818,-0.44167004150630096
2819,-0.30846147668574925
2820,-0.08258359557774976
2821,0.03316742549175164
2822,1.3776040322929917
2823,1.1294716486574612
2824,-0.02610787614569249
2825,-0.14172381351796107
2826,0.41132149212063535
2827,-0.5319227526661403
2828,0.1252329254215243
2829,-1.079529595002395
2830,-1.1010003835382371
2831,-0.8189344780864545
2832,0.07687333355982753
2833,-0.80080809826973
2834,-1.3716924737747171
2835,-0.08725086444977376
2836,0.5173993123303485
2837,0.12586279706954268
2838,-1.3075663980640713
2839,0.4993000677460346
2840,-1.5296744865562932
2841,-0.49249744781837573
2842,-0.8408483544635932
2843,-0.1074531085721496
2844,1.1038958088167437
2845,-0.15338147649487202
2846,-1.5723771807120617
2847,0.7818673789956971
2848,-0.7951738291079029
2849,-0.2750787125365187
2850,-0.5421779314428581
2851,-0.45908853813453976
2852,-1.2806197364632552
2853,-0.05388562662198489
2854,-0.5705429420521603
2855,-0.2577180960709832
2856,-0.32227636819623157
2857,-0.4447871384707319
2858,-0.45953156341710116
2859,-0.44454104563582725
2860,0.11392564361842406
2861,-0.9309164295720529
2862,-0.23019824210602832
2863,-0.44919215657206474
2864,0.2875205532890774
2865,1.3471178712210998
2866,-0.5872107578772521
2867,-0.9191721487277549
2868,-1.7988043967915048
2869,-0.9796875256903543
2870,-0.7774761767580683
2871,0.8694453876510676
2872,-0.32617547667788893
2873,0.07914483401589817
2874,-0.07527418374314097
2875,-1.683823212268708
2876,-0.24027690745591607
2877,-0.4163799884264872
2878,-0.9087575702472955
2879,-0.1889711389280047
2880,-0.6911585449034934
2881,0.1116618402690762
2882,0.8537090488974244
2883,-0.435972735617473
2884,-0.794735864276053
2885,-0.2921099661307514
2886,-0.14241097229892016
2887,-0.0667942069704838
2888,-0.6701382989931327
2889,-1.8325686483480492
2890,0.9527751914780347
2891,-0.10792050484116178
2892,-1.2419227924109348
2893,0.5218380249306676
2894,0.21398268959997208
2895,0.229089129262282
2896,0.03871897908427725
2897,0.159930275527432
2898,-0.4995618912880981
2899,-0.048141422244381386
2900,0.07748017730610698
2901,0.8246957456498065
2902,-0.331125036742968
2903,-0.3187146143895646
2904,-0.6577059514334811
2905,0.1174404359418097
2906,0.6324333300443618
2907,-0.1947023823241142
2908,0.21487473841807664
2909,-1.760103750803352
2910,-0.2585171990369483
2911,-1.5099267122629771
2912,-0.33664783338229415
2913,-0.31966129389422
2914,0.20159464172815778
2915,-0.38000904181572553
2916,1.6585510488793336
2917,1.4576910527312297
2918,-0.7255248183580851
2919,-2.1556674282698522
2920,-0.04142425907714059
2921,-2.479446550585313
2922,-0.6683899531789742
2923,-1.0239495600562132
2924,-0.8820436882094785
2925,-1.0267035523091632
2926,1.3455498711525662
2927,0.3114199185410139
2928,-1.7047500277972598
2929,1.044218796250853
2930,-0.47002533506250727
2931,1.0586260239259204
2932,-0.961400623160423
2933,-0.833566975914196
2934,-0.4226235454583408
2935,-0.02533760007543639
2936,0.10087181370686439
2937,-0.10810950705562375
2938,-1.349222732680996
2939,-0.889782663272712
2940,-1.328389375209111
2941,-0.14529848901696993
2942,0.6795482766798845
2943,-0.856703905434139
2944,-1.39458004076893
2945,-0.41235479711641054
2946,-0.7551858852697382
2947,0.29440704166167514
2948,-0.3747782908652457
2949,-1.5030923983383073
2950,-0.45917724643107843
2951,0.22973749379220212
2952,-1.3306970528258448
2953,-0.6678908703882173
2954,-0.02575423680209097
2955,0.1708816744906919
2956,0.6108961060937402
2957,-1.335008131768648
2958,0.12250729104367943
2959,-0.6415709767157661
2960,-0.16097275719276857
2961,-1.1372482441705074
2962,0.2846472363296958
2963,0.3558280378395555
2964,-0.47501537273412503
2965,-0.9141030676350993
2966,-0.766435414413098
2967,-0.20830135592799534
2968,-1.2341223663717376
2969,-0.44307984127069794
2970,2.063625465646184
2971,0.2592287786935093
2972,-1.4779098698099158
2973,-0.06719477054126259
2974,-0.7956338536180785
2975,-0.3196433062313691
2976,-1.278947990555917
2977,-0.8526336112498629
2978,-0.34260824449513594
2979,-0.042957019672439346
2980,-0.694407318503762
2981,-0.2503601321776088
2982,0.02662098145086697
2983,-0.6404028568872384
2984,-1.0208769055145017
2985,0.10000845026148647
2986,0.13160641154041486
2987,-0.8784916812080696
2988,-1.1644143722223468
2989,-0.45621933013580446
2990,-0.40332928718021704
2991,-0.6805944869874637
2992,-0.06042283334516947
2993,-0.18804328806476156
2994,-0.24534928299643405
2995,-1.5095520585551199
2996,-0.9025375098298127
2997,1.045976340690935
2998,-1.2381122574347005
2999,-0.7006709550922211
3000,-0.8703642160048854
3001,-1.2177971955150029
3002,-0.6027853757553678
3003,-0.34092087355172723
3004,-0.5422388269198133
3005,-0.04410725423498401
3006,-0.5826045333253816
3007,-0.30255424090815225
3008,-0.06680242022718685
3009,-0.4832900921302293
3010,-0.8897665087220431
3011,-0.8564101674061044
3012,-1.3708796713443618
3013,-1.8590733212273294
3014,-1.0580485730478166
3015,1.245644385732971
3016,-0.416122750676874
3017,-0.5073604458941414
3018,-1.2899975204872
3019,-1.5400349669553013
3020,-0.260566787707142
3021,-0.41986380527168626
3022,-0.20462525580883587
3023,-0.9568544608235771
3024,-1.3625794020318294
3025,-0.6497985358405236
3026,1.4155378266404859
3027,-0.11129576510247408
3028,0.13999447980780436
3029,-1.416170127163191
3030,-0.15559183370448662
3031,0.2615872178059928
3032,-1.3436538880938578
3033,-0.5530553526293184
3034,-0.5944748774791422
3035,-1.451711581696332
3036,-0.9453180937769299
3037,-0.4458003513669251
3038,-1.1585727772071548
3039,-1.6056127328640646
3040,-0.39008679107631067
3041,-0.29093475681775804
3042,-0.3197421094690363
3043,-1.4688161733555327
3044,-0.3736181031652442
3045,-0.6849291298456746
3046,-1.6111641617380636
3047,-0.9143971550205261
3048,-1.2543050824463555
3049,0.3241487060910526
3050,-0.04490885849408269
3051,0.0817543152577178
3052,-1.4081972991665517
3053,-0.19016378774081968
3054,0.11805206878641679
3055,-1.5372424941855478
3056,-1.126996787516394
3057,0.3242989347785079
3058,0.5706389476736178
3059,-0.4356881307936865
3060,-0.19192717486204053
3061,-0.5781523155994475
3062,0.9016314202383524
3063,-1.533134272210213
3064,0.259872034632799
3065,-0.3921166343654162
3066,-1.3756375109551904
3067,-1.1997727530213693
3068,-1.3666828914752152
3069,-0.43939705290618347
3070,-0.25651198927550006
3071,-0.10877925888702895
3072,-0.6322304515702223
3073,0.5085170060020779
3074,0.23912138854724652
3075,0.05083249251257358
3076,0.20995545401549584
3077,-1.0454587111822056
3078,0.9020783996294962
3079,-0.2963075773591558
3080,0.9854662843596382
3081,-2.0685837871855135
3082,0.39340842824640476
3083,0.1756789445290903
3084,-0.6411472943537773
3085,-1.0447576955438627
3086,-0.6890086223871964
3087,0.2826820591486248
3088,-0.23768316052488686
3089,-0.2539410505349895
3090,-0.10290766291813927
3091,-0.08797903314391875
3092,-0.8567835905481503
3093,-1.0308652271728842
3094,1.305196965132646
3095,-0.6427705783352615
3096,-0.536427969476778
3097,0.14867388780161608
3098,-0.9439466818624211
3099,0.34149092568436873
3100,-0.6607533719349845
3101,1.1363566654655517
3102,0.2505285566554567
3103,-0.09805269623186234
3104,-0.35605487095423555
3105,-0.7295900864634358
3106,-1.5035580799445
3107,-1.6092504456648282
3108,-0.4714905516826486
3109,-1.05161076195838
3110,1.7250696090558417
3111,0.027734101400482925
3112,-1.641913061971647
3113,-0.5837133623797207
3114,-0.5088345000589013
3115,-0.7294795974384464
3116,-1.2559913317628684
3117,-0.663214756801574
3118,0.6781526863026512
3119,-0.4633301426655555
3120,-0.8098468433896144
3121,-0.2385205530469892
3122,-0.8733013149017265
3123,-0.7786493285844482
3124,-1.1828473167173683
3125,0.04765968862010427
3126,-0.49309333724851523
3127,0.015092529168317244
3128,-0.9339922210924796
3129,0.05177649052004961
3130,0.515310958698487
3131,0.7479019181750053
3132,0.423909481094215
3133,-1.099980921425127
3134,-1.5197998770903094
3135,0.47427434091649945
3136,-1.5223413981076046
3137,0.19498323454129304
3138,-0.3813955424139147
3139,1.0899067647272387
3140,-0.5836084477788555
3141,-0.8158759914846221
3142,-1.2971079318639582
3143,-1.0641642111132135
3144,-0.45160460953143666
3145,-1.3270873928950628
3146,-0.45507512137262135
3147,1.003665380850456
3148,-2.062408911024267
3149,-0.716995140109942
3150,0.005099105394691136
3151,-1.7967711920980158
3152,-0.8974045541627536
3153,-0.49582034397171226
3154,-1.398745910026387
3155,-2.240412102022249
3156,0.2664804119662254
3157,-0.6577626834288465
3158,0.6876657693014986
3159,0.06324612525753553
3160,-1.1667644892664504
3161,-0.8013908073883905
3162,0.10835694756522919
3163,-0.3480572573844141
3164,0.8376740063439152
3165,-0.8650512313342773
3166,-0.28764487036327263
3167,-0.7243292075650003
3168,-0.4268757925439526
3169,-2.216781440010609
3170,-0.4876292913850708
3171,-0.634197017307857
3172,-1.355550580087961
3173,-0.650680745724175
3174,-0.560876821227794
3175,-1.2646158858531227
3176,-0.2401043064007012
3177,-1.3342948645541364
3178,-0.17602015718977934
3179,-1.8760353743456348
3180,0.2799878851383396
3181,-0.9708775241215426
3182,-0.42056703862900774
3183,-0.38253351371212413
3184,0.14157034016736064
3185,-0.3135856279289691
3186,-1.147713415763128
3187,-1.5523321660749596
3188,-0.635797171318808
3189,-0.4384266544506401
3190,-0.06092605754087046
3191,-0.6869934171940006
3192,0.5280494746808577
3193,-1.0343194768042894
3194,0.42498640597491777
3195,0.6460181807123025
3196,0.8115190557862071
3197,-1.5162445160841753
3198,-0.10775514377035147
3199,0.5499614494183427
3200,-0.6375320350555098
3201,-1.8711360464547893
3202,-0.8400652993170352
3203,-0.5512400112092524
3204,-1.9267525553206726
3205,0.07389914295072689
3206,-0.12330897233198213
3207,-0.704697710102532
3208,-1.442282389549288
3209,-0.7272928909952714
3210,-0.15926540363767663
3211,-1.162426245747972
3212,-0.029994310353480467
3213,-1.8881888077186015
3214,-0.4053029849169275
3215,-0.025282933585510255
3216,-0.9210106027365702
3217,-1.025691902619453
3218,-1.4142836198837363
3219,0.052355613226752695
3220,-0.8115362397606818
3221,-0.9513878025252696
3222,-1.1847169871922774
3223,0.27257954728503764
3224,-2.052253749363803
3225,-1.5876824597742565
3226,-1.3256467053025833
3227,-0.6869767079930825
3228,-0.3086824179756266
3229,0.5084401267190131
3230,-0.30764042991774254
3231,-0.4034471278960977
3232,-0.6961508048931629
3233,-0.757284536653096
3234,-0.003998512633474761
3235,-1.3948666349037886
3236,0.02945225471520753
3237,0.014678615518747605
3238,0.47931556371079387
3239,-1.1584206981436727
3240,-1.205769364018982
3241,-0.4402802702836617
3242,-0.937626116623815
3243,-1.133999216572186
3244,-0.23489302904812254
3245,-0.28464030458057205
3246,0.29858494861138796
3247,-0.19951549602672924
3248,-2.1920656934560023
3249,0.406364150219511
3250,0.37559615806917634
3251,-1.4890709120476004
3252,-0.515720593022479
3253,0.4793755778091595
3254,-0.43621580265185317
3255,-0.7317668226818554
3256,-2.5862281534177756
3257,0.2668575977713752
3258,-0.15632716729280527
3259,-0.012180646577368476
3260,0.7416736433623553
3261,-0.5141851877031873
3262,-0.47717130769520877
3263,-1.8395868422292327
3264,0.9729203658503754
3265,0.30748638045353854
3266,-0.7783015181862506
3267,-0.8366724731701649
3268,0.4743712386624186
3269,-1.1362295671436697
3270,1.310821765289088
3271,-1.4369702419285928
3272,-0.41001695054087384
3273,-0.4019268231707305
3274,-0.4709134138316557
3275,0.1627328094877682
3276,-0.23759544031493543
3277,0.256918324278718
3278,-0.9879816069220952
3279,0.06380948405322923
3280,-0.9720146246717596
3281,-1.5895432821987847
3282,0.5562724458365687
3283,-1.5969059578458444
3284,-1.0506152704371643
3285,-0.800800628245051
3286,-0.4214895375771606
3287,-0.43999646312869295
3288,-1.2433138769080097
3289,-2.0087559316225923
3290,-0.38260748291597874
3291,-1.7867757749290973
3292,-1.0674042327010644
3293,-1.2712497685695074
3294,-0.9214854446520413
3295,0.2951530355512919
3296,-1.1439357787367095
3297,-1.6819320918781535
3298,-1.0661112372416888
3299,-0.4894311288420911
3300,-0.8013793419144493
3301,-1.2420268798518437
3302,-0.7411953987322268
3303,-1.0322110863354963
3304,-0.38030656897775045
3305,0.6046074178462423
3306,-0.3760104840784172
3307,-0.9044761746835221
3308,-1.1222043662495962
3309,-0.43734317859815397
3310,-0.2861882879986638
3311,-2.235476302983882
3312,-1.636741578465743
3313,-0.44422395994729763
3314,-0.9176989676776608
3315,-0.02496056644449448
3316,-1.206897678784053
3317,-1.252429891271445
3318,0.8811967888774422
3319,-1.6986422587013945
3320,0.1442260645876847
3321,-0.1619172008842141
3322,-0.36046328285127066
3323,-0.612539703838756
3324,-0.24124175714537252
3325,-0.6217264030312224
3326,-0.8003217285938945
3327,-1.9875287283571783
3328,-0.1421333736657008
3329,-0.3851123363229431
3330,-0.036203789318226
3331,0.27949585291769863
3332,-1.2004850536818763
3333,-0.2764924320320032
3334,-0.37962082307076345
3335,-0.10250278724048549
3336,-0.6563027856223432
3337,-0.344840228720771
3338,-0.9093596147340227
3339,-1.3259797973589837
3340,0.4497825061379118
3341,-0.01229728200378437
3342,0.014780058088426801
3343,-1.595647776634072
3344,-0.7324719257825589
3345,-0.2128080739365466
3346,-0.29300686381672336
3347,-0.5396773738945759
3348,0.8311093171797866
3349,-1.2855974503197847
3350,-1.384207816734155
3351,0.2852554877722859
3352,-0.5643504392453279
3353,-1.8309636378578478
3354,-1.3759255186214563
3355,-0.133222706812054
3356,-0.5625008744993053
3357,-0.27910243701025356
3358,0.66261731172148
3359,0.12849157000096584
3360,-0.41916847310538463
3361,-0.6380822756829068
3362,-1.1689433856001394
3363,-1.1823793213079208
3364,-1.2167116691465598
3365,0.3887145719183739
3366,-0.9745150910964123
3367,-1.2611644664739077
3368,-0.024243758206675202
3369,0.5962520334270042
3370,0.007823930753194394
3371,-1.1719947033637128
3372,-1.3543277780411591
3373,-2.1199652264189877
3374,-0.24953844996726612
3375,-1.0962786335949586
3376,-1.0350714914535664
3377,0.5377760736994692
3378,0.7123187603468113
3379,-0.023650160209443834
3380,-0.340436508142066
3381,-0.42063308158840657
3382,-0.5622787112221423
3383,0.05024598122666966
3384,0.8366139257377332
3385,-0.20415500018294994
3386,-1.5396569667562021
3387,-0.0998155585220881
3388,-0.9378343172417516
3389,1.8102009756157307
3390,-0.5494625757327476
3391,-0.38689264758948677
3392,-0.31673100013941896
3393,-0.9049880241551085
3394,0.42887480979813075
3395,-0.37394271236040655
3396,-0.24151475132051714
3397,-0.9915327100266317
3398,-0.21767666133213384
3399,0.7967856045508
3400,-0.11826175031512372
3401,-0.4482448697652506
3402,-0.6866832451565495
3403,-2.1510837373149685
3404,0.6538280721827768
3405,-0.26503278433652544
3406,0.12504309588667098
3407,0.13189698165820743
3408,-0.7279518541409714
3409,-1.1972539635858712
3410,0.49750555233496185
3411,-2.0703771512737417
3412,-0.8047234706690669
3413,0.059775922002109905
3414,-1.0184086950140108
3415,-0.2716992646428701
3416,-1.4897889099165387
3417,-0.5839729349322657
3418,0.5824567106907682
3419,-0.6666483467120564
3420,-0.7978287586788336
3421,-0.21089667068858722
3422,-1.5552606888092821
3423,-0.4721671845193452
3424,-1.4843169088407238
3425,1.2933637530750377
3426,-0.2305681884709814
3427,0.2405784631860524
3428,-1.315217311330295
3429,0.5780701223905989
3430,-0.9652202045585515
3431,0.07081807047117052
3432,0.7499983424460092
3433,-0.021657779486001612
3434,0.9833009505868281
3435,-0.5258421632555668
3436,0.6079790894565564
3437,-0.7735384967175029
3438,-0.531952442143086
3439,-0.5366476913792068
3440,-0.7425158569415556
3441,-0.43541035893430674
3442,0.37865407402386425
3443,0.5690724626651148
3444,0.48974915245252343
3445,-0.6131593230514277
3446,-1.4856258910147235
3447,0.38674962945096053
3448,0.16365281816578167
3449,0.08035606973439374
3450,-1.2147594762625304
3451,0.4299382132506295
3452,1.0842187966279442
3453,-0.21566851161878453
3454,-0.27601514851670966
3455,-1.9519667189241448
3456,-0.11824522907013549
3457,-0.0887021372753442
3458,-0.3606571320378582
3459,-0.3230797814571698
3460,-0.45636271630744224
3461,0.17889530586358837
3462,0.4642605589672857
3463,-0.35479095232806496
3464,-0.44873904713945256
3465,-2.944354272691454
3466,0.3648385830467892
3467,-1.2845832004803228
3468,0.28588157371989004
3469,0.016358873728795482
3470,0.1661115163527612
3471,-0.20130408918596118
3472,-2.038618991424588
3473,-0.514056966540249
3474,0.07932037118853287
3475,-0.38719869560029474
3476,0.03623424113773233
3477,-0.8694660754598409
3478,-1.3480801358525853
3479,-1.4734905255708575
3480,-0.16919083004395524
3481,0.19513637353940136
3482,-0.869010794829073
3483,0.15607631605990444
3484,-0.3877845463971769
3485,1.1205495242263612
3486,-0.6964189619807365
3487,0.5369143453225549
3488,-0.026472910042593754
3489,-0.4657468683308106
3490,-0.17323481011210448
3491,-0.7605738810248165
3492,-0.9250605781831238
3493,-1.7226375624939743
3494,0.2443092296954769
3495,0.35003013269671124
3496,0.6444546266460559
3497,-1.0654390974286743
3498,-0.6860347449449059
3499,0.11084869002585697
3500,-1.9153013459866848
3501,-1.0947354626464296
3502,0.02478785003275474
3503,-0.3097029871419478
3504,-1.9603994974617907
3505,-0.9116479792158025
3506,-1.0789724963110057
3507,-0.03817362664685791
3508,-1.0815423928552368
3509,0.006171151038885474
3510,0.10127111459693307
3511,-1.2523721150717269
3512,-0.07584727766323261
3513,-0.687845075508185
3514,-0.1977656626782721
3515,-0.7363536957042643
3516,-1.302679693585642
3517,0.22016863187088592
3518,-2.389917046781593
3519,-0.7669814907769099
3520,-0.038647859382223856
3521,-0.16548380576793095
3522,-1.31417008498917
3523,-0.56544840969864
3524,-0.48750946436692494
3525,-1.2217524849923813
3526,-0.349419829805095
3527,0.6382314536184646
3528,-0.7363874263468702
3529,-0.5836880063346842
3530,-0.6604232876100631
3531,-1.5539833804439662
3532,0.6645675467857597
3533,-1.845592155991781
3534,-0.5179534304677647
3535,0.4534536419311677
3536,-0.3922445312182426
3537,-0.38531580938264304
3538,-0.4778065601625228
3539,-0.06877128220251069
3540,1.9088401622217979
3541,0.7429570027908654
3542,0.6108632850215051
3543,-1.3573821725043917
3544,-0.1563331300170271
3545,-0.18272991453796417
3546,-0.21630254669047894
3547,0.45127004213080213
3548,-0.0022745475979134232
3549,0.7994109723142458
3550,0.021913305454364096
3551,-0.6527927955546899
3552,1.371489933317107
3553,-0.4212211556866446
3554,-0.8288435541033452
3555,-0.6581665162026343
3556,0.06471192784993014
3557,-1.0922335221407817
3558,-1.0722217401367518
3559,-0.6116980585693242
3560,-1.0321896640439392
3561,-0.41955129097898336
3562,-0.7545726953884223
3563,-1.0511043847836732
3564,-0.5793284560975043
3565,-0.5574243955242015
3566,-1.5237182474465034
3567,0.06976051723273162
3568,0.9671634936710799
3569,0.07155379938921197
3570,-0.24327156464244667
3571,-0.7574077913043409
3572,-0.6396042649193258
3573,-0.8770326483718537
3574,0.13963945797889757
3575,-1.1164880059490954
3576,-0.6551396668782029
3577,-0.5065950102765068
3578,-1.2310993007129734
3579,0.3447378394325419
3580,1.0630916950916727
3581,-0.028747678317067003
3582,-0.3170316514595917
3583,0.30747539466700546
3584,-0.23227900661835932
3585,-0.9739807093701611
3586,-1.0764343445001938
3587,-1.0401999938061592
3588,0.4644958002034441
3589,-0.69320978425936
3590,0.1587128227819386
3591,-0.1841437999876324
3592,-0.6830291056504956
3593,-1.0278265710690435
3594,0.1093599010380541
3595,-0.9279214336585594
3596,-1.61526602136059
3597,0.8173596728330222
3598,0.5619639207266048
3599,-0.5339067283991701
3600,-0.47532356898356193
3601,0.6340919298736235
3602,0.8851764150189199
3603,-0.8105204663313073
3604,-0.39353726167091846
3605,0.03330989050528475
3606,0.1438831609789308
3607,-0.7572518024224465
3608,-0.6994489278327893
3609,-1.8827072636063766
3610,-1.2884938660219514
3611,-0.6978723924993774
3612,-1.319127978472394
3613,-1.2769936595805969
3614,-0.8887202862271809
3615,-0.22187818238348114
3616,-0.11151014966564785
3617,-0.9293484257292548
3618,-0.4762152345438076
3619,0.09628733633320323
3620,0.008932283404648493
3621,-0.8948204641812793
3622,0.14451911061235284
3623,-0.6671656089896398
3624,0.2658143462719022
3625,-1.0576026012730704
3626,0.38065562379200557
3627,-0.5690659504967832
3628,0.03620376473263432
3629,0.5419899466648885
3630,0.009454177717155864
3631,0.30965348214392346
3632,-1.066376838198113
3633,0.7011322458246702
3634,-0.6412533152822012
3635,0.10917534431966255
3636,-1.384459423580311
3637,-0.6769321977690067
3638,-0.5720093322309301
3639,-1.292123170132817
3640,-1.9263449352393234
3641,-1.4916243484719665
3642,0.21817233524273902
3643,0.3817988197361373
3644,1.1369985229685868
3645,-0.09043236438089035
3646,-0.5876215884174355
3647,0.47469575907939776
3648,-0.10910757485023784
3649,-0.6083743001580539
3650,-1.153780484385485
3651,-1.665841179971133
3652,-0.73019175126492
3653,-1.0075113214906073
3654,-0.5865806213166391
3655,0.10375794445314598
3656,-1.5109493654427766
3657,-0.9775758898420133
3658,-0.523081781220016
3659,0.3824053605732755
3660,0.04785230201238921
3661,0.3993865253994459
3662,-0.11454772172579022
3663,0.37215572120654045
3664,-0.48509751214089025
3665,-0.04582927595585719
3666,-0.579385173561672
3667,0.8819745664027907
3668,-1.6163009876597059
3669,0.4052201859973753
3670,-0.8894805212471781
3671,0.20967561449156885
3672,-0.3292853614074865
3673,-0.5693918377122232
3674,0.3014724857251486
3675,-0.6182558944675346
3676,-0.3091609263546239
3677,-2.033987403732806
3678,-0.9706397010505068
3679,0.29190253200560323
3680,-0.9358916757552661
3681,-0.8440498717445267
3682,-0.27485231596133763
3683,-0.2732755492715003
3684,0.3339304800486309
3685,-0.41469662656008527
3686,0.7324499963907326
3687,0.07080143284328468
3688,0.16048600128041293
3689,-0.21425596236755254
3690,-0.08018184748655463
3691,0.32062711388738063
3692,-0.686768205602309
3693,-0.6554581702436689
3694,-0.17033277120148416
3695,-0.976209059283669
3696,-0.12452894453432298
3697,-0.5046121630354927
3698,-0.029085554492461536
3699,0.3349384019384702
3700,-0.6271592146559641
3701,-1.7350549917337454
3702,-0.3511609933287561
3703,1.2407729158738967
3704,-1.391092172274911
3705,-0.8011373524846362
3706,-0.6385874291007914
3707,-0.40138813928513395
3708,-1.03145618490824
3709,1.991648812198015
3710,-0.8144147189492863
3711,-0.7118916603733015
3712,-0.8734208578250883
3713,0.7386139110529846
3714,-0.3866144595353566
3715,0.6293657863483599
3716,-1.3829694052478108
3717,-0.6451019232783173
3718,-0.3255789577730198
3719,0.5246484057314633
3720,-0.049803687896491075
3721,-0.858104109177059
3722,1.1823514682731315
3723,-0.1672095555197997
3724,0.4949137973479302
3725,0.870936383576114
3726,0.5652594646095501
3727,0.5801888515042648
3728,-0.26263299711892185
3729,0.9101733269738339
3730,-0.6410233902763226
3731,0.43920001375720374
3732,0.9497635657710478
3733,-0.28114490348583043
3734,0.9034770200545449
3735,0.14642147864419755
3736,-0.4023900273980819
3737,-1.2421249847215328
3738,-0.4604825039038031
3739,-1.416521040227702
3740,-0.34115354499967143
3741,-0.6580044255319174
3742,-0.7979795502485004
3743,-0.5028364743419235
3744,-0.3785820193696544
3745,-0.7663810114373011
3746,-0.4747486734284924
3747,0.661632508227819
3748,0.37444869354607874
3749,-0.2164237962333127
3750,0.15106727801174435
3751,-0.7489797102757112
3752,-0.6089419357549137
3753,-0.7500474070769074
3754,-0.05573887604246183
3755,-1.308391874153564
3756,-0.7318806101281129
3757,0.21971159972795626
3758,0.498434376617825
3759,-0.2879405660305572
3760,-0.9600495724934935
3761,-0.9786623961058689
3762,-0.7549267255487684
3763,-1.7933760667465963
3764,-0.38743780732483246
3765,-1.184387347372568
3766,-1.9071910139865704
3767,-0.5842636331374861
3768,-0.6142732677463247
3769,0.31315182552091886
3770,-1.3185145057160732
3771,-0.5684680014748724
3772,-0.3942422700568443
3773,-0.05310257122715291
3774,-0.6681307761671343
3775,-0.8612907572594919
3776,0.3732814105668614
3777,-0.6646701762949185
3778,-0.555015541609599
3779,0.08846432243690497
3780,0.2621525939987298
3781,-0.5201002291906787
3782,0.23846173851270905
3783,1.2466272202176305
3784,0.49765693595866184
3785,0.20390372350261815
3786,-1.9613932440969677
3787,-0.34658412181797865
3788,-0.23973811460607294
3789,0.2541557939944355
3790,0.2005831872902352
3791,-0.8165906203318752
3792,0.45617835855281175
3793,-0.14851658697708714
3794,0.12813277143197252
3795,-1.0637037478699474
3796,0.03114647785227563
3797,-1.3535060206102651
3798,-1.453955010515587
3799,-0.35502964437249424
3800,-1.93978622266484
3801,-0.9785139506260837
3802,0.0231589229810454
3803,0.06047435417026733
3804,0.21589934445443826
3805,-0.47076659832801165
3806,0.07831654406422603
3807,0.5282052003555004
3808,-0.2468682301803058
3809,-0.9839736824836007
3810,0.20185603934876442
3811,-0.7981436969284271
3812,-1.1754851287755435
3813,-0.3536631971110179
3814,-0.9647444994041431
3815,0.6724938214245004
3816,0.8962973376710109
3817,-1.2286439152163466
3818,-1.2021393579612296
3819,-1.07544021222001
3820,0.04330035489879424
3821,-0.24583092414892038
3822,-0.3879864742450716
3823,-1.1155689799033337
3824,0.2571944075863404
3825,-1.2767549531939653
3826,0.3085568083187137
3827,0.06409271791862141
3828,-1.8057909743473322
3829,-1.4585327828346004
3830,-0.19251337496572424
3831,0.6222290221940756
3832,-0.47400923255769145
3833,-0.6460403856723999
3834,-0.1859761188730822
3835,-0.8662963544133601
3836,0.02624496501895285
3837,-0.4021325653450864
3838,-0.3507665436730269
3839,-0.4053017426797185
3840,0.3975868060383073
3841,-0.037016284918679504
3842,-0.21513378667950764
3843,-0.8575752844124533
3844,0.08005964689183484
3845,0.7109097907686817
3846,-1.2438924640654776
3847,-1.1611740069383232
3848,1.870479460061664
3849,-0.9814486528515647
3850,0.0824324734107074
3851,-1.1582387637445613
3852,0.4077062237310775
3853,-0.9957848089862761
3854,-1.0240704038241646
3855,1.024553747686629
3856,-0.4769875033162833
3857,-1.0291785275962044
3858,0.6689441245375807
3859,-1.2047894398451684
3860,0.09866678823572192
3861,-0.7609145870566196
3862,-0.39450452961822324
3863,-0.7283062449888754
3864,-0.0042364629305382245
3865,-0.40596608975343407
3866,-0.35764045898291885
3867,-0.8175782258098835
3868,-0.532462607105969
3869,-0.2591611996462828
3870,-0.06597015568031593
3871,-1.0456863816343502
3872,-1.295460121645056
3873,-0.8112970422899979
3874,0.40085224521211354
3875,-1.4234166634854144
3876,0.4212804056877107
3877,-0.4555318000493689
3878,0.7912279966131461
3879,0.32754134367761323
3880,-0.07293363151162033
3881,-1.162639892370818
3882,-0.9153379503720012
3883,0.09205752755592342
3884,-2.145292937384242
3885,-0.3589148147126141
3886,-0.9466200779195725
3887,0.49881951737388613
3888,-0.6893433337990904
3889,0.5117112121206765
3890,-0.47026604396699045
3891,0.4609855436153337
3892,-1.0953744078935532
3893,-1.3645827072181285
3894,-0.4272202826802006
3895,-0.7703362620622715
3896,0.08658217124886465
3897,0.30863077468742983
3898,0.6413126710719145
3899,0.01872178027072956
3900,-0.8332874125244167
3901,-1.6931736165114026
3902,0.8929496192417203
3903,-0.31665982565379824
3904,-0.4252308551109915
3905,-0.13874530058990434
3906,-0.546876669622276
3907,-0.06353507854042084
3908,-1.5476362654887792
3909,-2.204327790075128
3910,0.49398327653244883
3911,-1.0715312388208367
3912,-0.4249207422901841
3913,0.3311613972913567
3914,1.461789988810633
3915,-0.5569226635757297
3916,-0.16164251687451323
3917,-1.3245074585003853
3918,-0.7048905355411142
3919,-0.3090885575484097
3920,1.0116164160954872
3921,0.11172669589908182
3922,0.08405156075588763
3923,0.6166036815301662
3924,-0.3449039686120757
3925,-0.5804196683417604
3926,-1.2279839951000653
3927,-0.32261509127632315
3928,-0.0008617447702922016
3929,-0.14622511882930314
3930,-1.2742953588769288
3931,0.46288723633279943
3932,-1.0566879330838073
3933,-1.1472931789879484
3934,-1.2357693571189314
3935,0.3928159806322667
3936,-0.4633056962969299
3937,0.38379391332732576
3938,-0.6962117300543672
3939,-1.0648495905776203
3940,-0.10838224899451168
3941,0.02075397108761339
3942,-0.9936171765048504
3943,0.22084018495513616
3944,0.03372597214105214
3945,-1.1553832096465813
3946,0.8776287001180861
3947,-0.8362585024072122
3948,-0.5726556531853743
3949,0.22023499422467255
3950,-0.5454893120345472
3951,-1.420360965345405
3952,-0.3883716621441172
3953,0.10645492732495812
3954,0.22937545265265302
3955,-0.6688626478328187
3956,0.0673122793210685
3957,-1.6346745683290638
3958,-0.10635031237191465
3959,0.5562010014382911
3960,-0.4356418040291741
3961,-1.1982091626071825
3962,-0.6100207758623839
3963,-0.8154306831741064
3964,-0.036071038967684946
3965,-0.35123593498832917
3966,-0.6991938407738159
3967,0.34627557924470737
3968,-0.9384238832494936
3969,-0.8249015542729624
3970,-0.0487837291024572
3971,-0.04021437994943511
3972,-0.39108330663666174
3973,-1.61367788906749
3974,-0.6195959196146711
3975,1.3379039893705074
3976,-0.9571180562187954
3977,-0.9252246377490863
3978,0.7176978889998892
3979,-1.6018731323473052
3980,-0.4398284119861016
3981,-0.8648349086036209
3982,-1.2872109494545325
3983,-1.5498613389107168
3984,-0.3763489584032385
3985,-0.6155414188863562
3986,-0.010642977620664908
3987,-1.2453559409610253
3988,0.22987961845107313
3989,-0.03862942361850903
3990,-0.8110327219918961
3991,0.38310758840103415
3992,-0.7106671813306986
3993,1.0418129274706882
3994,1.5021905962054944
3995,-0.02309910264196185
3996,-1.1286888273578548
3997,-0.6578390983336787
3998,-0.20944549157375214
3999,0.8921584013499648
4000,-0.0548408452680083
4001,-0.17768727936440656
4002,-1.1764819148452477
4003,-0.8396243867275177
4004,0.3161007927479591
4005,-1.0724014837301556
4006,-1.0215002747025652
4007,-0.5529830471647086
4008,-0.6125861575619354
4009,-0.5313053113045444
4010,-0.7414235504140418
4011,-1.2369825670928394
4012,-0.23138863494084935
4013,-0.29180996958777494
4014,1.3044953686234666
4015,-0.8139959608368622
4016,-0.7167646760027269
4017,-1.5993773382513718
4018,-0.02409016542669423
4019,-0.3971101987533284
4020,0.12605335652882407
4021,-1.5243666916505239
4022,-0.38538769196136297
4023,-1.1297487170473974
4024,-0.7183951684249531
4025,-0.23617227957628836
4026,-1.1180297470839282
4027,-1.8759394097493516
4028,-0.6149008335260606
4029,-0.12533371517715816
4030,-0.980153013239579
4031,0.5440222470789606
4032,-0.08772298977517302
4033,-0.836414361658971
4034,-1.5752255384518734
4035,-0.6419920361381771
4036,0.21457730994424054
4037,-0.30733608650077826
4038,0.04132141130245916
4039,-0.028427551881913378
4040,-0.2492058044384783
4041,-0.26011839323355024
4042,-1.5214521306406836
4043,-0.7923660044060935
4044,-0.6605582197222526
4045,-1.3293139834929129
4046,-0.8662954618921792
4047,-1.1712746593926253
4048,-0.4386279205593962
4049,-0.6671673677488524
4050,1.180432210807497
4051,-0.14304496971182354
4052,0.10889374665236616
4053,-0.18580467169544554
4054,-0.7013898335804996
4055,0.9806352058317576
4056,-0.04845537271795482
4057,-1.1820415919222234
4058,-0.5993041965880671
4059,-0.33087012986997194
4060,0.2015121976040976
4061,-1.3750596896103162
4062,0.021408131445882182
4063,-1.265373148155291
4064,-0.26008478245247973
4065,-0.7764378232590143
4066,-1.4800102123715542
4067,-0.20173877292349496
4068,0.4641633164484025
4069,-0.5570643652626827
4070,-1.0200359267002417
4071,-0.8691132463252008
4072,-0.08450215336717688
4073,0.008635931035686323
4074,-1.1452076829600273
4075,-1.0534199710613787
4076,-0.3326484782411366
4077,-1.0406384810134388
4078,-1.4655526295046681
4079,-0.6241700904695721
4080,0.46911451245021424
4081,-0.0625031154961739
4082,-0.7884474136361638
4083,-1.511342281052828
4084,-1.5619993439490574
4085,-0.6648362496563202
4086,0.061598150790185095
4087,-1.3872944208200944
4088,-0.9604733814335483
4089,1.3650686772203702
4090,0.8210813333204106
4091,-0.9659762065458163
4092,0.03233251313862967
4093,-0.8098716333427641
4094,0.027954433326346312
4095,-0.705349721516538
