,mean,sd
0,-1.6631727,0.24218701
1,-1.8148406,0.29385886
2,-1.1588649,0.2162654
3,-0.7607638,0.37515175
4,-0.10275819,0.24512778
5,-1.5845318,0.20778282
6,-1.4920081,0.44319034
7,-1.4024105,0.21322303
8,-1.3336681,0.29965186
9,-1.5589314,0.20507549
10,-1.2527285,0.22344668
11,-1.5720809,0.39241493
12,-1.1721745,0.17687877
13,-0.9916799,0.3001057
14,-0.7515054,0.317758
15,-1.4899412,0.2478014
16,-1.8858972,0.33099657
17,-1.1250696,0.21820895
18,-0.52930844,0.2363683
19,-1.6516567,0.2847029
20,-1.4659581,0.15840137
21,-0.7563297,0.22583497
22,-1.2616658,0.32443684
23,-1.4883702,0.24791768
24,-1.2423582,0.22417699
25,-0.80834794,0.22099222
26,-1.4677491,0.30000132
27,-1.1678367,0.26822966
28,-0.6406091,0.38548017
29,-0.4800203,0.22125275
30,-1.2669169,0.38587043
31,-0.6325545,0.28258806
32,-1.2430302,0.18081586
33,-0.12801787,0.63978815
34,-1.612338,0.34531373
35,-0.22483462,0.21615064
36,-1.5031357,0.28094083
37,-0.45636502,0.31000486
38,-0.28437617,0.17709918
39,-0.6310144,0.24229321
40,-1.8509018,0.3956511
41,-1.4204106,0.42083153
42,-0.12349842,0.22326763
43,-0.8074861,0.31252217
44,-0.28214842,0.45689887
45,-0.96330714,0.43841934
46,-0.5810855,0.70084685
47,-0.7697034,0.63942724
48,-1.2669896,0.17843549
49,-1.3797671,0.2540834
50,-1.2604831,0.21415924
51,-1.569104,0.286948
52,-1.6588168,0.196208
53,-1.0944273,0.3599794
54,-1.168355,0.30832088
55,-1.2826612,0.14199229
56,-1.439485,0.24131063
57,-1.5495354,0.49396122
58,-0.1529669,0.8650169
59,-0.8896857,0.22181737
60,-2.0024886,0.4546793
61,-0.52652127,0.2180991
62,-1.067651,0.33581865
63,-1.2652184,0.30112195
64,-1.2656523,0.21546961
65,-1.2044435,0.1916033
66,-0.5592838,0.39159918
67,-1.3859801,0.37184048
68,-0.3618214,0.28410873
69,-1.3249688,0.26569086
70,-1.2420146,0.18618922
71,-1.4570367,0.19887255
72,-1.8900255,0.43410513
73,-1.361623,0.19920518
74,-0.50923437,0.7179525
75,-1.3466408,0.36310986
76,-1.5646001,0.17896518
77,-1.5962541,0.6133393
78,-1.6222385,0.22387163
79,-1.2108485,0.3241363
80,-1.2090458,0.2579049
81,-1.112984,0.2631734
82,-1.6479337,0.21270686
83,-1.5751694,0.19660935
84,-0.9466187,0.505518
85,-1.2877197,0.20723023
86,-1.2316306,0.26461276
87,-1.2363483,0.3670479
88,-0.39350343,0.80505216
89,-1.5365547,0.22533701
90,-1.2523793,0.16817085
91,-1.2065134,0.32935932
92,-1.3819897,0.22128716
93,-0.7329679,0.40121374
94,-1.0011456,0.28017306
95,-0.88400704,0.24505565
96,-0.46830294,0.45156205
97,-0.45736614,0.3323911
98,-1.7415973,0.3137263
99,-1.2430097,0.17998773
100,-1.5509918,0.3602185
101,-1.0329858,0.35753128
102,-1.2640928,0.2412127
103,-0.6777968,0.4585758
104,-0.1252906,0.8965614
105,-0.52357286,0.1420942
106,-1.467413,0.25396046
107,-1.4412463,0.4203141
108,-1.5363361,0.25994396
109,-0.04876235,0.3373812
110,-1.518952,0.25124913
111,-1.2385721,0.24544477
112,-1.8449489,0.26706898
113,-0.45702615,0.92456293
114,-1.4058168,0.22693837
115,-0.38435316,0.3318165
116,-1.9387723,0.4979188
117,-0.1077537,0.18209462
118,-1.1796255,0.31762126
119,-0.6744016,0.26547998
120,-1.0051273,0.21186988
121,-1.220802,0.17156895
122,-1.0689555,0.27333552
123,-0.77498347,0.32281765
124,-0.70162106,0.33002514
125,-0.9203527,0.22749889
126,-0.54763234,0.28956652
127,-0.44740295,0.22158816
128,-1.735784,0.2830413
129,-1.5974483,0.34976324
130,-1.1118683,0.27550882
131,-0.9693038,0.24662054
132,-1.2471011,0.59650064
133,-0.3929744,0.37711868
134,-1.4830573,0.2705111
135,-0.84880924,0.5760836
136,-1.396749,0.30288485
137,-1.3337245,0.46873415
138,-0.718921,0.4176203
139,-1.4073954,0.33411297
140,-0.30537716,0.22578241
141,0.0011409412,0.2789134
142,-1.3256731,0.2472948
143,-0.96764183,0.5446291
144,-1.2673734,0.2068695
145,-1.8348713,0.414464
146,-1.5370243,0.1818985
147,-1.7187114,0.3388671
148,-0.57654107,0.4635011
149,-1.056794,0.24714299
150,-1.2781202,0.30800357
151,-1.4012477,0.17781535
152,-1.8459895,0.37618348
153,-1.3800677,0.1851801
154,-1.1205424,0.1727582
155,-1.0255784,0.18198492
156,-1.4640274,0.3005746
157,-1.4228482,0.32351303
158,-0.1240221,0.74596083
159,-1.5766324,0.36433148
160,-1.555078,0.14442372
161,-0.26075497,0.18871808
162,-1.7238791,0.2625235
163,-0.4819363,0.18432035
164,-0.6453177,0.20437258
165,-0.3004883,0.3646113
166,-0.9906664,0.2821278
167,-1.4094098,0.36431247
168,-0.86923087,0.32867274
169,0.09201427,0.34870344
170,-0.7393961,0.23504212
171,-1.3897305,0.16631104
172,-0.81126845,0.24365555
173,-1.8148065,0.3920689
174,-1.2642814,0.2017675
175,-1.0137358,0.19790742
176,-1.5119942,0.22506234
177,-0.79776895,0.3551691
178,-1.0815781,0.18646444
179,-1.3351256,0.23609816
180,-0.61251926,0.3087223
181,-0.6935169,0.19376504
182,-1.3164389,0.38095567
183,-1.9532148,0.20757318
184,-1.163666,0.34787467
185,-0.47307467,0.3358529
186,-0.99082917,0.4581798
187,-1.453767,0.34610382
188,-1.0708412,0.25503454
189,-0.0711049,0.39130238
190,-1.5347847,0.27314743
191,-1.7050778,0.36312577
192,-2.1028597,0.37995946
193,-0.7864102,0.22114855
194,-0.7813435,0.43652478
195,-0.2777275,0.24050027
196,-1.4183888,0.14201775
197,-1.0833552,0.21886559
198,-0.16289704,0.24686131
199,-0.49528864,0.39326745
200,-1.6607898,0.275653
201,-0.53108686,0.3784544
202,-1.6417408,0.26145136
203,-1.0720986,0.2759033
204,-1.3424166,0.31362912
205,-1.0770693,0.18722335
206,-1.0167927,0.22843637
207,-0.3009587,0.19299668
208,-0.5991495,0.28046733
209,-0.038776387,0.3634472
210,-0.36084223,0.18153745
211,-1.6040281,0.1909343
212,-0.09928392,0.14906234
213,-0.17525099,0.21292315
214,-0.9319792,0.23413104
215,-1.7300034,0.19900694
216,-0.33590925,0.28197193
217,-1.8866988,0.36989996
218,-0.124702714,0.5392201
219,-0.44923952,0.28666323
220,-1.4204019,0.34030467
221,-0.12324926,0.17993833
222,-1.5467857,0.22454718
223,-1.4507145,0.26423985
224,-1.0733985,0.16641173
225,-1.268913,0.45047584
226,-0.9332153,0.42082027
227,-0.30820814,0.19056828
228,-1.6679996,0.39476904
229,-1.2758726,0.27218884
230,-1.2240365,0.3595677
231,-0.7568554,0.3247135
232,-1.0761628,0.5479571
233,-1.217915,0.15863976
234,-0.44351515,0.38137043
235,-1.4874854,0.3829658
236,-1.4136488,0.41549352
237,-1.261173,0.25007144
238,-1.4642566,0.2782557
239,-1.7196549,0.30132973
240,-0.79860985,0.3682163
241,-1.3737794,0.18060288
242,-0.90830725,0.5823887
243,-1.3109914,0.24542925
244,-1.6060191,0.32021305
245,-0.9014091,0.4354154
246,-0.84408814,0.2866396
247,-0.8896314,0.37072402
248,-0.7385063,0.28550673
249,-1.6597831,0.21603124
250,-0.16330568,0.18999085
251,-0.61478615,0.28184336
252,-1.4722492,0.2743214
253,-0.45237586,0.49594995
254,-0.22558671,0.2288174
255,-0.08444017,0.171387
256,-0.93048865,0.7019172
257,-1.5007575,0.35448024
258,-1.0045353,0.18312636
259,-0.98548716,0.2669056
260,-1.348792,0.45332432
261,-1.1302705,0.26387024
262,-1.6615425,0.3689824
263,-0.508141,0.3260415
264,-1.2282224,0.2570851
265,-0.92666316,0.63015056
266,-1.6037717,0.30175123
267,-1.0063728,0.21067622
268,-1.2047342,0.37558943
269,-0.7168227,0.22536638
270,-1.47905,0.23991701
271,-1.4960482,0.5148484
272,-0.8436208,0.18651883
273,-2.522821,0.41330162
274,-1.3578779,0.3500058
275,-0.48946944,0.31684315
276,-1.2391715,0.15851139
277,-1.3801928,0.18590431
278,-0.6214816,0.32416013
279,-1.1075139,0.27877158
280,-1.5506577,0.39540908
281,-0.49815306,0.8075409
282,-1.3013223,0.21041651
283,-0.23697579,0.16036753
284,-0.6990325,0.39524522
285,-0.6845036,0.2932923
286,-0.15496774,0.45287132
287,-0.74223715,0.5892804
288,-1.275285,0.34915918
289,-1.3870139,0.3754947
290,-0.732553,0.25306427
291,-1.4983745,0.30264655
292,-1.3263491,0.2108272
293,-0.627972,0.18780267
294,-0.54121655,0.27690354
295,-1.4542226,0.35138866
296,-0.934968,0.23947857
297,-1.3584415,0.22375494
298,-1.4920468,0.25541505
299,-0.8584657,0.32897753
300,-1.1797736,0.36806646
301,-1.1502788,0.18973127
302,-1.4911298,0.4036116
303,-0.37637848,0.18419807
304,0.25945938,0.3587037
305,-0.9506959,0.25994468
306,-1.3282151,0.27914032
307,-1.6528977,0.38046435
308,-0.11369871,0.2663297
309,-1.1520703,0.3583113
310,-1.4524142,0.34600925
311,-1.7214645,0.37537834
312,-0.26356718,0.89708865
313,-1.4393933,0.26382908
314,-1.6481909,0.27298775
315,-1.7118689,0.26252377
316,-0.37579083,0.24061908
317,-1.6625997,0.20841806
318,-1.0023028,0.3565164
319,-1.5598063,0.2789191
320,-0.35460177,0.6380487
321,-1.1999204,0.14957629
322,-1.5015534,0.4010214
323,-0.1509315,0.21712656
324,-0.29201248,0.15650265
325,-0.3562853,0.19135273
326,-0.8608833,0.28181228
327,-1.4747313,0.40793076
328,-1.8679152,0.25416645
329,-0.29480016,0.23003538
330,-0.8610377,0.40603215
331,-1.3637002,0.27254882
332,-1.4140373,0.35984215
333,-0.7064071,0.6937043
334,-1.9540793,0.25285363
335,-1.5133666,0.17396493
336,-1.3863442,0.1824905
337,-1.1137853,0.30243185
338,-1.4144584,0.30279443
339,-1.2506411,0.28656575
340,-1.3632754,0.4073966
341,-1.5384698,0.42922217
342,-0.61056185,0.6551666
343,-1.5188127,0.24612288
344,-1.1488978,0.21239327
345,-1.4875368,0.24005157
346,-0.8530643,0.23696852
347,-1.4123057,0.18095116
348,-1.2324224,0.3809017
349,-0.99417627,0.7744684
350,-1.6630857,0.35629082
351,-1.0812279,0.19337882
352,-1.455039,0.28386578
353,-1.3584019,0.24041896
354,-1.2129688,0.3473447
355,-1.3250475,0.27494976
356,-0.17510065,0.22687134
357,-0.1330876,0.17651398
358,-0.6853827,0.421091
359,-1.0043199,0.56443137
360,-0.25200525,0.18962604
361,-1.3708662,0.25053665
362,-0.3813364,0.5922923
363,-0.9369006,0.3933446
364,-0.83898807,0.27939907
365,-0.6532536,0.19562128
366,-1.2432547,0.35547677
367,-1.2572868,0.27697366
368,-1.1309633,0.23139791
369,-1.1753472,0.38216692
370,-0.89566314,0.20393732
371,-1.3637499,0.4042588
372,-1.7088408,0.26498517
373,-1.6127716,0.2052449
374,-1.3051243,0.24176145
375,-0.4707308,0.17370069
376,-1.03671,0.3004386
377,-1.5481688,0.20980534
378,-0.6328929,0.62913346
379,-1.6517498,0.30445576
380,-0.2522889,0.69455045
381,-1.712243,0.34151846
382,-0.6651332,0.21280459
383,-1.0479294,0.3052687
384,-0.20507042,0.85527843
385,-1.5483389,0.27643543
386,-1.1910942,0.19546339
387,-0.45958066,0.869846
388,-1.4331248,0.48655695
389,-0.0019719568,0.44769216
390,0.033331484,0.26371354
391,-2.0005083,0.32622743
392,-0.7973857,0.40182984
393,-0.30365077,0.41144124
394,-1.8677447,0.37389427
395,-1.5693896,0.43593103
396,-0.8060458,0.20543346
397,-0.86124766,0.39818016
398,-1.738604,0.23412286
399,-0.33295926,0.5097246
400,-0.22511733,0.2011847
401,-0.12861922,0.15303579
402,-1.0182927,0.35857287
403,-0.15200171,0.26585877
404,-1.3913866,0.48127618
405,-1.5557623,0.17121255
406,-1.5222989,0.28410444
407,-1.3778069,0.25735998
408,-2.000652,0.30847463
409,-0.53699124,0.7708834
410,-1.1523447,0.16358212
411,-0.87851083,0.36145446
412,-0.75131744,0.36424232
413,-1.0101991,0.44217
414,-1.5293087,0.3230728
415,0.002213257,0.41669318
416,-1.3668907,0.2795194
417,-1.1770846,0.2912698
418,-0.7833412,0.20510495
419,-2.7508783,1.0620344
420,-0.19943087,0.24290805
421,-0.95077014,0.28187653
422,-1.9760942,0.32658932
423,-0.33040187,0.42772573
424,-1.6291196,0.44761205
425,-0.4775155,0.18965618
426,-1.4318596,0.3823348
427,-1.5720838,0.2707844
428,-1.0291125,0.2810206
429,-1.9387984,0.20177442
430,-1.1975136,0.23365639
431,-0.17042437,0.29966223
432,-1.6255796,0.20579144
433,-0.3203144,0.2026725
434,-0.6009442,0.2417295
435,-1.3070724,0.17563543
436,-1.4260252,0.25262037
437,-1.4542565,0.14966856
438,-1.2817346,0.3375035
439,-0.8041188,0.38184044
440,-0.784502,0.28739572
441,-0.9618091,0.38941908
442,-0.8749597,0.322665
443,-1.072165,0.28852507
444,-0.8479136,0.33236408
445,-0.3228391,0.19473046
446,-0.9788963,0.9448683
447,-1.5431435,0.273975
448,-0.9573131,0.25955898
449,-0.8146078,0.3338236
450,-1.31166,0.41071308
451,-1.2328367,0.23439935
452,-0.93215936,0.34451902
453,-1.5178884,0.18387866
454,-1.6105343,0.24781865
455,-2.0486305,0.47982633
456,-1.4585857,0.2083902
457,-1.5404279,0.27112997
458,-1.3599322,0.32218274
459,-0.5213963,0.29548264
460,-1.488115,0.35951254
461,-0.5767448,0.47585264
462,-0.69733447,0.2456467
463,-1.1565334,0.47536126
464,-1.4176759,0.18800414
465,-1.906183,0.31450337
466,-1.7112345,0.2940749
467,-1.496708,0.39577058
468,-1.3094302,0.34808606
469,-1.0065806,0.34710667
470,-0.92201865,0.6320435
471,-1.4127299,0.18344532
472,-0.06970162,0.1900064
473,-0.13971032,0.21621247
474,-1.4685805,0.28080937
475,-0.83520097,0.29849857
476,-1.3828942,0.31032503
477,-0.9020987,0.15042864
478,-1.3719009,0.23530556
479,-0.8984874,0.2825604
480,-0.7460247,0.20251141
481,-1.8005975,0.17436174
482,-0.2305406,0.5947386
483,-0.76412266,0.2531093
484,-0.58294785,0.33047542
485,-0.8726539,0.30508202
486,-1.3297832,0.41570583
487,-1.4116707,0.46212825
488,-1.2561166,0.26312506
489,-0.5348073,0.32200193
490,-1.0515631,0.17818178
491,-1.3306018,0.2138409
492,-1.566884,0.2653958
493,-1.0958182,0.29221705
494,-0.061116938,0.29027984
495,-0.7027044,0.8728826
496,-0.8302919,0.32348877
497,-0.6355702,0.24883443
498,-1.0889615,0.27900124
499,-0.47134107,0.28242666
500,-1.3682882,0.15437075
501,-1.4645408,0.25145987
502,-1.1053307,0.37475815
503,-1.6080177,0.40674102
504,-1.4781102,0.1837485
505,-1.570072,0.23154269
506,-1.2775342,0.2445493
507,-1.2833081,0.25569716
508,-1.3826387,0.4022759
509,-1.018465,0.58267874
510,-1.3872606,0.30038303
511,-0.60099155,0.7811503
512,-0.79732805,0.2897743
513,-0.9121289,0.3853565
514,-1.3402108,0.32559544
515,-0.6945975,0.3970246
516,-1.2976025,0.35807303
517,-1.9984375,0.3706791
518,-1.7172512,0.3594436
519,-0.56122446,0.2974817
520,-0.46640795,0.20782381
521,-0.77245164,0.26569906
522,-1.1485825,0.37659934
523,-0.73507214,0.33896282
524,-0.7420601,0.2710067
525,-1.3858886,0.23675206
526,-1.6737349,0.24347126
527,-0.4296446,0.34052736
528,-1.4755195,0.20905066
529,-1.3251493,0.35721987
530,-0.41452673,0.37714922
531,-0.0053602755,0.67783386
532,-0.20207009,0.59357274
533,-0.70670277,0.28481928
534,-0.34169838,0.2599175
535,-1.9337851,0.39880487
536,-1.5619344,0.35316
537,-1.3436148,0.23372446
538,-1.3803569,0.4958138
539,-0.6250407,0.24588473
540,-1.5910746,0.38966027
541,-0.3783579,0.25150865
542,-1.5162216,0.27073753
543,-1.4404467,0.18297473
544,-0.46081245,0.22757994
545,-1.5383496,0.25585797
546,-1.3319492,0.2799009
547,-2.0884826,0.39590323
548,-1.2884407,0.33334702
549,-1.5754056,0.30344585
550,-1.1057793,0.30989507
551,-0.75774354,0.23165438
552,-1.5462295,0.35669395
553,0.07645731,0.6916465
554,-1.7186787,0.23539276
555,-1.1796186,0.22811367
556,-1.4590846,0.19793689
557,-1.6436677,0.2634221
558,-0.5503816,0.28877464
559,-1.5823666,0.4282276
560,-0.599476,0.17107977
561,-1.4649764,0.24155262
562,-0.7584897,0.60101944
563,-0.15287586,0.16212738
564,-1.2325146,0.29032943
565,-1.1067353,0.19413757
566,-1.2691658,0.30329502
567,-1.1346382,0.4630712
568,-0.64585936,0.36753112
569,-1.3250165,0.30867907
570,-0.6617739,0.5171521
571,-1.840159,0.30757752
572,-1.1547629,0.17290273
573,-1.4303352,0.29644725
574,-0.42666265,0.20640135
575,-0.34870937,0.1893809
576,-0.73627484,0.6997286
577,-1.6108698,0.3643289
578,-0.21559152,0.49655828
579,-1.5819657,0.15654801
580,-0.7671577,0.28347585
581,-1.6463505,0.31267968
582,-0.9123757,0.35425115
583,-1.2102592,0.21893805
584,-1.5903152,0.43135384
585,-1.922604,0.35452697
586,-1.6082593,0.3097784
587,-1.0834258,0.25444815
588,-0.49846408,0.22631675
589,-0.366547,0.41562587
590,-0.6369023,0.25805435
591,-1.2794051,0.23291542
592,-0.3676478,0.31448364
593,-1.2439339,0.270875
594,-1.5426134,0.2282388
595,-1.2762779,0.14985953
596,-0.33750176,0.30412793
597,-1.5097297,0.4322769
598,-1.6539321,0.24975239
599,-1.189846,0.24371456
600,-1.5383321,0.33251694
601,-1.3188877,0.17419784
602,-0.25558496,0.41247112
603,-1.611785,0.23296145
604,-1.6610844,0.32727492
605,-1.6708221,0.300751
606,-0.25084057,0.35526484
607,-0.80196434,0.3487291
608,-0.2408827,0.21193467
609,-1.2136225,0.3386792
610,-0.9274585,0.3552311
611,-1.3965547,0.28847122
612,-1.4651139,0.30788207
613,-1.4167562,0.32505935
614,-0.43775287,0.22412054
615,-0.9747043,0.36672664
616,-1.4511034,0.20418169
617,-0.46687034,0.4189855
618,-1.55258,0.29965997
619,-1.2308971,0.1598459
620,-0.2186428,0.21806961
621,-1.2202238,0.2517676
622,-1.670131,0.49313316
623,-1.2679315,0.28849357
624,-0.50266975,0.5983941
625,-1.2596081,0.2984353
626,-0.24662791,0.22214717
627,-1.5695013,0.2125927
628,-0.3347642,0.25376803
629,-1.6907119,0.37439287
630,-1.1742221,0.1853312
631,-1.1663215,0.38928342
632,-0.5582143,0.2908168
633,-0.823029,0.19738357
634,-1.3435556,0.34659362
635,-1.8679556,0.43010443
636,-0.14201629,0.87792796
637,-1.334192,0.23065263
638,-0.45388505,0.28368184
639,-1.224841,0.29484528
640,-0.9449344,0.24861792
641,-1.0354791,0.30597526
642,-1.7425404,0.20697041
643,-0.56368977,0.3447293
644,-1.9373982,0.17691886
645,-1.3128113,0.28897408
646,-0.5551474,0.24730949
647,-1.4831945,0.17139283
648,-0.41126785,0.34951493
649,-0.43855432,0.20780522
650,-1.5907736,0.20093906
651,-0.24610905,0.54077375
652,-1.1003937,0.17572282
653,-0.5016483,0.2756998
654,-1.0216435,0.3158524
655,-1.4093508,0.27435744
656,-0.1922587,0.17951772
657,-0.7821666,0.6023609
658,-1.5076306,0.1914757
659,-0.5491753,0.8867845
660,-0.9389595,0.33026305
661,-0.20608738,0.3303268
662,-1.5130653,0.3060334
663,-1.3954893,0.15556578
664,-1.4276737,0.30777034
665,-0.76696825,0.5556175
666,-1.269328,0.17547625
667,-1.1019639,0.21795525
668,-0.099797845,0.581939
669,-1.4090087,0.26098463
670,-0.07350962,0.15300232
671,-1.3759472,0.32026124
672,-2.5006797,0.5907801
673,-0.7916228,0.35258755
674,-1.5122242,0.7084958
675,-2.1122875,0.3143354
676,-1.2192086,0.29124114
677,-1.2180136,0.19361092
678,-1.4919561,0.3456305
679,-0.049974263,0.68659645
680,-1.1888821,0.24845222
681,-1.421677,0.38342264
682,-0.6710868,0.20304503
683,-0.5157376,0.26545158
684,-1.3831843,0.25352138
685,-1.6463119,0.32894558
686,-1.2326486,0.29087684
687,-1.9809281,0.52042174
688,-1.4172233,0.34491217
689,-0.8891674,0.5683782
690,-0.49772105,0.37572825
691,-1.4983462,0.21897946
692,-0.82062525,0.16385111
693,-0.68040305,0.26478913
694,-1.2247934,0.45380437
695,-1.4376446,0.17250249
696,-1.0165043,0.212175
697,-0.13458745,0.4015042
698,-1.7247819,0.58349895
699,-1.4935365,0.31648302
700,-1.4977347,0.36878547
701,-1.366997,0.37462455
702,-1.5591683,0.31745628
703,-1.351567,0.20270741
704,-0.85652375,0.31050366
705,-1.3560653,0.2200874
706,-0.50736296,0.3431836
707,-0.51479566,0.3753818
708,-0.5141633,0.55145943
709,-1.208108,0.40936628
710,-0.39578906,0.16952723
711,-0.29983428,0.13456443
712,-1.1508806,0.22833836
713,-0.39088583,0.2529336
714,-0.6461835,0.3348934
715,-1.3138031,0.7474391
716,-1.2545298,0.2223025
717,-1.6158925,0.17515089
718,-0.7749798,0.17390968
719,-0.6221184,0.29217005
720,-1.4402593,0.2193453
721,-0.6594916,0.37911525
722,-1.558296,0.17723097
723,-0.9792727,0.37276646
724,-0.31153506,0.33017686
725,-1.0673211,0.39572892
726,-1.3957156,0.22987188
727,-2.0341277,0.3292959
728,-1.2579025,0.18037838
729,-1.4910983,0.27360168
730,-1.6254293,0.38706598
731,-0.8292994,0.3227889
732,-1.7716811,0.69176203
733,-1.4492974,0.20423888
734,-0.925265,0.37734786
735,-1.1978599,0.25147012
736,-0.62603915,0.19348978
737,-1.7276267,0.44055068
738,-1.5388039,0.6400068
739,-0.15226178,0.15704224
740,-0.2461516,0.15835173
741,-0.6837106,0.27156195
742,-0.024939608,1.1193495
743,-0.12072,0.14045154
744,-1.5206313,0.30108646
745,-1.7324138,0.35999575
746,-1.2969289,0.25968823
747,-0.21197622,0.15748093
748,-1.6940005,0.29025602
749,-1.7210678,0.23591883
750,-0.74562705,0.40260005
751,-1.1947596,0.24437949
752,-0.26859134,0.17469232
753,-0.9281375,0.24339573
754,-1.4160415,0.2124832
755,-0.6025863,0.31492192
756,-1.1106361,0.29098365
757,-0.07193159,0.31785944
758,-0.97851396,0.30834848
759,-1.563281,0.20503964
760,-0.7761334,0.32203978
761,-1.5566968,0.26725197
762,-0.7175153,0.58082646
763,-0.79879,0.697315
764,-0.8435779,0.15412277
765,-1.0640101,0.52039886
766,-0.16699138,0.1778153
767,-0.7514828,0.22843812
768,-1.2627345,0.24023043
769,-0.16074672,0.6041721
770,-0.7568428,0.20508492
771,-0.93188995,0.402461
772,-0.1799927,0.73095334
773,-1.4814508,0.31387556
774,-1.3693259,0.27436665
775,-1.4850763,0.29957426
776,-0.30396628,0.18375583
777,-1.1474849,0.2493642
778,-0.42620638,0.3953558
779,-0.4266796,0.60039675
780,-1.5694306,0.18286006
781,-1.0272337,0.40193343
782,-1.272639,0.21820405
783,-0.33427218,0.3160796
784,-0.11241788,0.2614504
785,-1.0993469,0.30683127
786,-1.1723889,0.35122976
787,-0.07685462,0.19305687
788,-1.2816076,0.3416468
789,-1.6831533,0.35452574
790,-0.561793,0.1780452
791,-1.1034657,0.16518565
792,-1.2819699,0.55037004
793,-1.9347675,0.30949396
794,-1.4851518,0.33915484
795,-1.3416643,0.33935982
796,-1.0162536,0.2408445
797,-0.49868834,0.23338819
798,-0.07049395,0.20583537
799,-1.2801671,0.31187892
800,-1.629085,0.5751428
801,-1.3922735,0.33524162
802,-1.399578,0.46943235
803,-0.46499538,0.25212276
804,-1.5107332,0.21617696
805,-1.8268154,0.33593133
806,-2.0443099,1.4723291
807,-0.75699687,0.28603172
808,-1.207697,0.2172549
809,-0.47427392,0.2234923
810,-1.2302394,0.31400457
811,-0.8285658,0.36317518
812,-0.8039463,0.41158706
813,-1.7921734,0.58760715
814,-0.3463597,0.6523852
815,-1.2285316,0.36697346
816,-0.14884752,0.2805621
817,-1.1098387,0.32648078
818,-0.3342014,1.0099714
819,0.15280879,0.20351744
820,-0.39737877,0.33862033
821,-1.2707887,0.54276675
822,-0.1693573,0.15863252
823,-0.23872687,0.24349064
824,-0.81977224,0.45215043
825,-1.3334965,0.25189057
826,-1.14376,0.27329227
827,-1.4607648,0.14971998
828,-0.14626747,0.28479236
829,-1.254598,0.2787192
830,-1.1650776,0.32767314
831,-0.59809434,0.21931171
832,-1.4966215,0.49228996
833,-0.8786013,0.37329805
834,-0.6294214,0.26536945
835,-1.6998842,0.2363288
836,-0.70915115,0.6525866
837,-1.219825,0.2996309
838,-1.6739697,0.24226478
839,-1.3980734,0.2390445
840,-1.3218193,0.2133381
841,-1.4020885,0.48453736
842,-1.6479193,0.1817701
843,-1.8449893,0.36896527
844,-1.6426932,0.3168989
845,-2.3040283,0.54591197
846,-1.1647972,0.16650966
847,-0.33610868,0.2727552
848,-1.728901,0.4273016
849,-0.13666545,0.175867
850,-1.3134042,0.3360656
851,-1.5941644,0.31191474
852,-0.8103863,0.3313863
853,-0.7342464,0.32753822
854,-0.35101542,0.4752734
855,-1.1229388,0.20254554
856,-0.17323264,0.22476912
857,-0.31200057,0.33908167
858,-1.3613348,0.26505935
859,-1.5884271,0.41088727
860,-1.6303889,0.4656728
861,-1.4717854,0.3267992
862,-1.0810885,0.20831838
863,-0.66878545,0.3663346
864,-1.7864228,0.43433115
865,-0.65718913,0.32849425
866,-0.5692703,0.3914833
867,-1.389302,0.16285728
868,-1.3841426,0.16522753
869,-1.4987702,0.26616493
870,-1.5217167,0.37673387
871,-0.2349663,0.2132775
872,-0.05993594,0.55697626
873,-0.16556618,0.5589371
874,-1.4014864,0.331115
875,-0.39716077,0.38029468
876,-0.5078706,0.32101807
877,-1.427205,0.5580628
878,-1.1700457,0.36006612
879,-2.1885183,0.5430959
880,-1.6438977,0.32600838
881,-0.7053002,0.31930456
882,-0.35771537,0.23438488
883,-0.007959718,0.22436598
884,-0.6243746,0.21769105
885,-0.890328,0.31729487
886,-1.5677963,0.3061619
887,-1.3237902,0.19198366
888,-1.4035856,0.2642876
889,-1.3651018,0.29297128
890,-1.2708519,0.26693013
891,-0.7683736,0.21789925
892,-1.0420817,0.62162197
893,-0.5231524,0.22905815
894,-1.3688159,0.32218826
895,-1.622288,0.28139767
896,-1.3791882,0.37198326
897,-1.4931364,0.21625614
898,-1.479671,0.28185362
899,-0.7958488,0.19559745
900,-0.7809887,0.20278364
901,-0.9649431,0.37847865
902,-1.6661053,0.28467762
903,-0.80506986,0.47856468
904,-1.4122472,0.19694221
905,-1.4893914,0.21989721
906,-1.1120915,0.36791334
907,-0.6975859,0.25197583
908,-0.892254,0.35031003
909,-0.9997255,0.4807364
910,-1.518543,0.1645995
911,-1.2910656,0.19652076
912,-0.74391335,0.42220053
913,-0.5664102,0.5498055
914,-1.165388,0.29424727
915,-0.3001984,0.4255151
916,-1.4889956,0.16651319
917,-1.5601479,0.28237805
918,-1.3869175,0.21068063
919,-1.3210982,0.2580765
920,0.021417167,0.6985421
921,-0.6097589,0.27874434
922,-0.9661257,0.1716107
923,-1.0711385,0.27739528
924,-1.418292,0.3939971
925,-1.6471901,0.30699882
926,-1.1873589,0.37940514
927,-0.5081878,0.16489168
928,-0.5732657,0.30598056
929,-1.224126,0.2809613
930,-0.9072473,0.15897445
931,-1.3914999,0.24819241
932,-1.0181811,0.39330128
933,-1.4027789,0.21348983
934,-1.6365411,0.1951474
935,-0.30218965,0.20654257
936,-1.6344036,0.27676246
937,-0.47109377,0.8383337
938,-1.1495137,0.44466773
939,-1.4066987,0.30347425
940,-0.99451256,0.20377007
941,-0.40772367,0.33274102
942,-1.8417249,0.25134006
943,-1.7353555,0.4386006
944,-0.8367583,0.3574534
945,-1.106153,0.24873625
946,-0.35349426,0.54130816
947,-1.6631603,0.26738754
948,-0.08191872,0.24552543
949,-1.3955241,0.62008256
950,-1.5454061,0.27969924
951,-0.39927492,0.6757293
952,-0.5713697,0.25927576
953,-0.39789978,0.27629444
954,-0.06604372,0.3028685
955,-1.7816064,0.2744265
956,-0.02103135,0.2019804
957,-1.0729033,0.3352806
958,-2.043107,0.4722553
959,-0.51518434,0.2005761
960,-1.1145353,0.5858037
961,-1.5593843,0.22131547
962,-0.27494565,0.35366574
963,-0.8814962,0.2107198
964,-1.8479393,0.51310337
965,-0.61672175,0.36029285
966,-0.1993329,0.38300797
967,-2.026628,0.5548952
968,-1.7837365,0.19645666
969,-1.2774525,0.20902249
970,-1.1197643,0.2862399
971,-1.4187516,0.34347928
972,-0.45952693,0.16494775
973,-0.96607023,0.2806186
974,-1.3679161,0.3070733
975,-0.92958206,0.25297397
976,-1.1534843,0.4504179
977,-1.4363678,0.25686038
978,-1.359801,0.30169412
979,-0.9962651,0.39728078
980,-0.9152604,0.17280197
981,-0.83030224,0.4556581
982,-0.70540875,0.79276806
983,-1.5389768,0.24545415
984,-1.0937994,0.34830916
985,-1.6099153,0.36959
986,-1.0115504,0.35330698
987,-1.4660062,0.36136714
988,-1.4009981,0.26319206
989,-0.1395428,0.73600626
990,-0.49271873,1.082768
991,-1.4525667,0.17929445
992,-1.3840158,0.18228228
993,-1.425476,0.16646403
994,-1.1525787,0.33766374
995,-1.8603151,0.35404187
996,-1.2232447,0.29827437
997,-1.2923708,0.29033998
998,-0.53472656,0.36863932
999,-1.4215097,0.31952807
1000,-0.55839455,0.29193193
1001,-1.4863276,0.41564336
1002,-0.7948514,0.48119164
1003,-1.5642138,0.45136026
1004,-0.29115492,0.22352397
1005,-0.45384648,0.22587034
1006,-0.30024782,0.21343656
1007,-1.1268333,0.2911524
1008,-0.8959489,0.21010824
1009,-1.209288,0.17806217
1010,-1.238191,0.2729247
1011,-2.0092545,0.24555248
1012,-1.4557954,0.38797495
1013,-1.1524311,0.34188476
1014,-1.398173,0.1927711
1015,-0.76517665,0.2768345
1016,-1.3539965,0.33071327
1017,-0.6338261,0.19413991
1018,-1.3654922,0.29291314
1019,-1.2950805,0.31729364
1020,-0.766268,0.5342178
1021,-0.6129693,0.17572564
1022,-1.1015577,0.18721734
1023,-0.31190363,0.22642785
1024,-0.9690612,0.17737898
1025,-1.2768948,0.15975787
1026,-0.3922926,0.47656864
1027,-1.5450833,0.26949212
1028,-1.2616227,0.325195
1029,-1.8023163,0.24384762
1030,-0.3704922,0.21852857
1031,-0.23371693,0.26225364
1032,-0.46933186,0.3288374
1033,-1.5778512,0.35691297
1034,-2.0949998,0.383953
1035,-1.1807597,0.19296709
1036,-0.029745782,0.64745235
1037,-1.0466152,0.3060691
1038,-1.0046328,0.36726254
1039,-0.09657786,0.28655997
1040,-0.75160146,0.36485744
1041,-0.251733,0.22438869
1042,-1.376251,0.56634635
1043,-1.2538731,0.3322217
1044,0.69201887,0.63137406
1045,-0.36921433,0.21238117
1046,-1.6143203,0.2768926
1047,-0.7426248,0.21866444
1048,-1.5399295,0.21405369
1049,-0.62509537,0.15167367
1050,-1.4337596,0.42733985
1051,-1.6088638,0.23413496
1052,-1.2982333,0.36477253
1053,0.040194698,0.14448704
1054,-1.1648844,0.1825771
1055,-0.7290221,0.38028187
1056,-0.56651866,0.15967834
1057,-0.7581192,0.30855915
1058,-1.5800338,0.45207322
1059,-1.7894067,0.3638953
1060,-1.337511,0.35616443
1061,-0.92227834,0.17773637
1062,-0.74632794,0.19205232
1063,-0.8997989,0.19541511
1064,-0.28476387,0.22671668
1065,-1.3193606,0.39517915
1066,-1.3154511,0.3002838
1067,-2.2359576,0.48335245
1068,-0.20376845,0.2588958
1069,-1.8635052,0.3802493
1070,-1.0668955,0.2750711
1071,-0.9156505,0.19404429
1072,-1.5973676,0.37565175
1073,-1.4795657,0.39057574
1074,-1.189947,0.27271807
1075,-0.8155156,0.27920544
1076,-1.3028859,0.22451122
1077,-1.3000659,0.24828425
1078,-1.2944328,0.284699
1079,-0.92592037,0.26070967
1080,-0.5739112,0.21553744
1081,-1.6489146,0.44236445
1082,-1.3121535,0.41163725
1083,-1.544929,0.20599683
1084,-1.9810591,0.38240552
1085,-1.3507957,0.3228371
1086,-0.84350085,0.22067526
1087,-0.6068089,0.245046
1088,-1.498564,0.35034257
1089,-1.6274278,0.20443143
1090,-0.48540142,0.40839833
1091,-0.8079702,0.32482782
1092,-0.14090152,0.2837363
1093,-1.5041884,0.2240408
1094,-0.03174845,0.27326587
1095,-0.77552867,0.217357
1096,-2.0209143,0.6372051
1097,-0.78508127,0.4558016
1098,-1.031887,0.5166419
1099,-1.2273421,0.23152754
1100,-0.17039137,0.16993013
1101,-0.66482157,0.3790239
1102,-0.7762378,0.3986925
1103,-0.506577,0.27813852
1104,-1.3028479,0.19972758
1105,-1.2354065,0.20312777
1106,-0.24416056,0.27044725
1107,-0.37529817,0.24341805
1108,-1.3790275,0.21514404
1109,-1.8328623,0.31954032
1110,-1.4752768,0.22921231
1111,-0.853355,0.8047777
1112,-1.590015,0.22476363
1113,-1.7619917,0.26185572
1114,-1.4676118,0.37307683
1115,-1.0658644,0.16219778
1116,-1.3825359,0.23184739
1117,-1.1807444,0.23062639
1118,-0.010993849,0.2544991
1119,-0.42448664,0.3250721
1120,-1.3278179,0.20897941
1121,-1.2204964,0.21203725
1122,-1.5708396,0.45941222
1123,-1.4311216,0.27227032
1124,-0.28957415,0.63511294
1125,-0.34990627,0.19647115
1126,-0.5905432,0.35137707
1127,-1.4375772,0.40384838
1128,-0.021803912,0.38434967
1129,-0.2536527,0.17655827
1130,-1.5795046,0.32938224
1131,-0.5425643,0.2372655
1132,-0.86477244,0.52436686
1133,-1.3634062,0.2577979
1134,-1.4685732,0.2975368
1135,-0.059710972,0.1655609
1136,-1.0180175,0.3897403
1137,-1.1640611,0.2803156
1138,-1.2476729,0.24610962
1139,-1.3475807,0.4580218
1140,-1.3669826,0.81695306
1141,-1.6009521,0.202758
1142,-1.4317055,0.30913913
1143,-1.7675447,0.74357414
1144,-1.2481134,0.40725076
1145,-0.81278336,0.44679037
1146,-1.1713991,0.5432753
1147,-0.9605979,0.45641565
1148,-1.3188022,0.22582771
1149,-0.19922067,0.2176394
1150,-0.5559134,0.4122183
1151,-0.9162558,0.5973621
1152,-0.4948568,0.20988366
1153,-1.360336,0.27114815
1154,-0.93231297,0.30067763
1155,-0.55292404,0.16250566
1156,-0.6819123,0.29516092
1157,-1.4512882,0.27491498
1158,-1.1359066,0.19745265
1159,-0.41573164,0.7690866
1160,-0.21922718,0.55900496
1161,-0.89072484,0.3245922
1162,-2.1776283,0.40834582
1163,-0.8894009,2.0562334
1164,-0.60197127,0.2505938
1165,-1.0283916,0.7567197
1166,-1.4409895,0.38301766
1167,-0.30840352,0.46607885
1168,-1.101472,0.4415207
1169,-0.3167353,0.28785202
1170,-1.4308796,0.22716713
1171,-1.688826,0.40766984
1172,-1.5302364,0.20835057
1173,-1.0968214,0.17383178
1174,-1.2321025,0.3359023
1175,-1.2388844,0.27876452
1176,-1.8175095,0.33710793
1177,-1.1520749,0.24113409
1178,-0.38554072,0.26243794
1179,-0.28860325,0.22280493
1180,-1.4668452,0.19914873
1181,-0.92339385,0.36680648
1182,-0.3688837,0.30799752
1183,-1.3652526,0.3662839
1184,-1.4143603,0.29977083
1185,-1.299942,0.2231314
1186,-1.2233889,0.23227705
1187,-1.7327431,0.33214596
1188,-1.4561195,0.28146103
1189,-1.4179232,0.28447297
1190,-1.2163656,0.23633853
1191,-1.0125545,0.1435893
1192,-0.2180881,0.15775709
1193,-0.5645419,0.22057913
1194,-1.4304463,0.2718603
1195,-0.5043556,0.2641458
1196,-1.4735551,0.27462506
1197,-1.5607109,0.19916631
1198,-1.3054135,0.3417417
1199,-1.4254104,0.2725459
1200,-0.7842599,0.18658713
1201,-0.6556801,0.46282065
1202,-1.4910194,0.37932378
1203,-1.289341,0.2949563
1204,-1.8146669,0.43422058
1205,-0.69431144,0.3649019
1206,-1.0591854,0.3533074
1207,-1.046485,0.24858442
1208,-0.9733207,0.31323367
1209,-0.68449026,0.16066347
1210,-0.8386659,0.3118569
1211,-1.0954024,0.27598915
1212,-1.1029675,0.33392373
1213,-0.9968943,0.38924348
1214,-1.0147893,0.3209603
1215,-0.64162433,0.19615124
1216,-1.5268165,0.50375414
1217,-1.9853626,0.20310178
1218,-1.1965896,0.20814575
1219,-0.92202294,0.47367942
1220,-0.23243015,0.2232962
1221,-0.018366436,0.25853142
1222,-0.60868937,0.3281569
1223,-1.5719867,0.29130936
1224,-1.3436309,0.28265694
1225,-0.26103228,0.16833381
1226,-0.9136542,0.8105078
1227,-0.3064055,0.791357
1228,-0.42221186,0.26624662
1229,-1.6940532,0.24409696
1230,-1.4402634,0.22891796
1231,-0.9172086,0.2572373
1232,-0.5585993,0.36895028
1233,-1.6557521,0.24178387
1234,-1.025576,0.2446898
1235,-0.2445279,0.7862141
1236,-0.2060403,0.24538478
1237,-1.3558173,0.23219126
1238,-0.2856353,0.2356973
1239,-1.1046144,0.3043748
1240,-1.5593805,0.30507037
1241,-1.016675,0.35190338
1242,-0.64604324,0.25288633
1243,-1.3719554,0.3443322
1244,-1.2800581,0.20401897
1245,-0.68397695,0.24571788
1246,-1.5302815,0.39511526
1247,-0.5002682,0.24875359
1248,-0.39637804,0.25959405
1249,-0.98898655,0.3252856
1250,-0.6569678,0.39325354
1251,-0.53219,0.24851042
1252,-1.6571939,0.35463893
1253,-0.8059524,0.3179418
1254,-1.624644,0.37521043
1255,-1.5710778,0.4119136
1256,-1.8238854,0.60247815
1257,-1.3662646,0.24722792
1258,-1.7054319,0.41801932
1259,-1.7026129,0.2940811
1260,-1.0579628,0.14453186
1261,-0.4979575,0.39850765
1262,-0.97089064,0.35755697
1263,-0.9446272,0.38665453
1264,-1.8403089,0.3405546
1265,-1.0957956,0.2094677
1266,-1.1631019,0.3024188
1267,-0.74858713,0.25953287
1268,-1.3226393,0.41819257
1269,-0.572706,0.7826025
1270,-0.81894714,0.47606182
1271,-0.91030616,0.19051716
1272,-0.49588472,0.28570873
1273,-1.6801803,0.2835398
1274,-1.5390663,0.3250093
1275,-1.0937986,0.27302086
1276,-1.0017426,0.2675621
1277,-1.2036595,0.18511812
1278,-1.5212584,0.16697711
1279,-1.2991794,0.22284271
1280,-1.3756526,0.28147155
1281,-1.1300694,0.3929342
1282,-0.35086927,0.28960565
1283,-0.20784713,0.23470426
1284,-1.0346124,0.27313006
1285,-1.5999557,0.41269845
1286,-0.18966329,0.19339693
1287,0.10495906,0.531411
1288,-1.6591165,0.35814682
1289,-0.037829656,0.1967444
1290,-1.8758979,0.16958107
1291,-1.5306437,0.19940908
1292,-1.4985442,0.278225
1293,-0.39159098,0.659577
1294,-1.2790511,0.39785758
1295,-1.3776999,0.49541575
1296,-0.51150745,0.3065092
1297,-0.43367723,0.22099912
1298,-1.2426759,0.33252433
1299,-0.048526403,0.25479278
1300,-1.338961,0.22471885
1301,-1.8692245,0.41883034
1302,-1.7674408,0.31497034
1303,-1.3245822,0.43339112
1304,-1.4600596,0.30967656
1305,-1.2343838,0.4106662
1306,-0.7215407,0.30531672
1307,-1.0489477,0.32615733
1308,-1.619541,0.25826937
1309,-0.8006505,0.36667034
1310,-1.0392091,0.27568984
1311,-0.2675123,0.27908772
1312,-1.4840789,0.23889738
1313,-1.3543926,0.2788857
1314,-1.2801626,0.3802267
1315,-1.8584095,0.18033868
1316,-1.9437373,0.27070472
1317,-1.1503288,0.4299457
1318,-0.21329358,0.39781907
1319,-1.4749367,0.3179666
1320,-0.47025272,0.2612234
1321,-1.0075449,0.22995502
1322,-0.90300167,0.33485675
1323,-0.6097814,0.32671037
1324,-0.84312195,0.40058973
1325,-1.5756104,0.3894304
1326,-1.6469976,0.18551978
1327,-1.0554917,0.2557448
1328,-1.2678249,0.30932158
1329,-0.29115257,0.24759984
1330,-0.068482764,0.29454908
1331,-1.5565205,0.2889527
1332,-1.0798168,0.2183859
1333,-1.0900645,0.31138796
1334,-1.3170332,0.32365793
1335,-1.4690803,0.31210682
1336,-1.3663257,0.2588818
1337,-1.431577,0.3592726
1338,-1.473126,0.23863497
1339,-1.5998119,0.24298458
1340,-1.4808806,0.3446993
1341,-1.1678666,0.3278951
1342,-1.7555113,0.26967347
1343,-0.57080644,0.32109585
1344,-1.2912368,0.33249816
1345,-1.0895209,0.34486887
1346,-0.92566943,0.41925249
1347,-1.675253,0.312687
1348,-0.47456524,0.34507576
1349,-1.0600868,0.38207942
1350,-0.28597447,0.99281037
1351,-0.6384683,0.2671246
1352,-0.20465745,0.28433868
1353,-1.3363583,0.2645954
1354,-1.574175,0.29636663
1355,-1.4360403,0.46007118
1356,-1.23079,0.29996616
1357,-1.4175868,0.24467225
1358,-1.334794,0.2708242
1359,-1.0882148,0.17078198
1360,-0.40327162,0.25192732
1361,-0.32404083,0.50184166
1362,-1.5493138,0.3444012
1363,-1.6012676,0.33476764
1364,-1.9152054,0.41237092
1365,-1.0735723,0.34622824
1366,-1.609251,0.39378482
1367,-1.2451158,0.29196548
1368,-1.767819,0.25487897
1369,-1.5633454,0.351663
1370,-1.4533088,0.3505498
1371,-1.7052515,0.20985498
1372,-0.97751296,0.36135527
1373,-0.46908617,0.83399653
1374,-0.6092581,0.22727275
1375,-0.917102,0.2584518
1376,-1.1479007,0.23152207
1377,-1.1721606,0.23178206
1378,-1.5539842,0.31006092
1379,-1.768062,0.23479724
1380,-1.2039634,0.25174773
1381,-0.63766366,0.35043973
1382,-1.5610912,0.3073718
1383,-0.2740844,0.42247942
1384,-0.21729052,0.20227225
1385,-1.2241021,0.3375992
1386,-0.5756888,0.39396575
1387,-0.8660017,0.30327183
1388,-1.0670571,0.3120878
1389,-0.42680526,0.29041198
1390,-1.5501571,0.33955762
1391,-1.4599682,0.2686802
1392,-0.41950515,0.957148
1393,-0.51169693,0.41552114
1394,-1.410435,0.3543234
1395,-0.29380104,0.20022756
1396,-1.4764764,0.28867173
1397,-0.49670756,0.22764744
1398,-0.6606374,0.33140302
1399,-1.1141176,0.16364767
1400,-1.2106085,0.25073177
1401,-0.6081857,0.5408227
1402,-1.5972524,0.46002886
1403,-1.0905472,0.27589047
1404,-1.332552,0.46837556
1405,-1.4179746,0.19045973
1406,-0.6746491,0.24303465
1407,-1.4650435,0.27741736
1408,-1.4765526,0.293703
1409,-1.0613621,0.22834449
1410,-0.83303636,0.4018653
1411,-1.3497134,0.29062328
1412,-0.1376491,0.2651244
1413,-1.459507,0.21493478
1414,-1.1319331,0.24450189
1415,-1.126801,0.3271788
1416,-1.3936375,0.4271614
1417,-0.36006457,0.6686864
1418,-0.20930864,0.41159064
1419,-0.19804817,0.5411259
1420,-1.2311203,0.23815998
1421,-1.0701793,0.2948417
1422,-1.0378176,0.41086462
1423,-1.4025222,0.30316165
1424,-0.40792865,0.29679635
1425,-1.1606915,0.3307262
1426,-1.5041293,0.24007106
1427,-0.26116464,0.33334133
1428,-0.27913624,0.26461712
1429,-0.51213425,0.21682514
1430,-0.6259809,0.50433713
1431,-0.5076217,0.29778346
1432,-1.3963798,0.2893986
1433,-1.380765,0.4325399
1434,-1.0829365,0.44593313
1435,-1.1178426,0.30644858
1436,-1.3085241,0.38086486
1437,-1.2996552,0.2741105
1438,-0.3384474,0.25905502
1439,-1.5373218,0.57397395
1440,-0.5226675,0.18667513
1441,-1.2661457,0.252227
1442,-0.5622101,0.16173998
1443,-0.24758652,0.22965415
1444,-1.3557072,0.34659943
1445,-0.23249346,0.18735102
1446,-1.0771579,0.7379164
1447,-0.6463112,0.32939756
1448,-1.3823035,0.28553474
1449,-1.4688148,0.642871
1450,-1.5429177,0.4449692
1451,-1.5377506,0.3134851
1452,-0.42129552,0.45285577
1453,-0.4774055,0.21769778
1454,-0.738946,0.19767916
1455,-1.3949134,0.22304563
1456,-1.1361673,0.21693474
1457,-1.275744,0.33809474
1458,-1.5481846,0.31862533
1459,-1.622104,0.176132
1460,-1.4034106,0.3230615
1461,-1.0991747,0.45401803
1462,-1.3075882,0.15509418
1463,-1.1771953,0.15422757
1464,-1.2948176,0.20661649
1465,-1.3161948,0.4148822
1466,-0.1265097,0.5817305
1467,-1.140773,0.21914026
1468,-1.6313373,0.296503
1469,-0.13189721,0.21519132
1470,-1.2333238,0.27312255
1471,-1.2795317,0.24597806
1472,-1.0195965,0.21218544
1473,-1.0964739,0.34882864
1474,-1.1125559,0.35332447
1475,-1.2143006,0.32746688
1476,-1.1555504,0.22460751
1477,-2.1237109,0.26795122
1478,-1.305461,0.18396291
1479,-1.2055691,0.1789283
1480,-0.4604781,0.2688129
1481,-0.11971322,0.1876925
1482,-1.462647,0.21526289
1483,0.03631762,0.5190842
1484,-0.34483287,0.25577873
1485,-0.46639708,0.19719903
1486,-1.5847371,0.3943769
1487,-0.92989844,0.33523494
1488,-1.6135745,0.36431932
1489,-1.0983313,0.17890874
1490,-1.5939553,0.28889617
1491,-0.9772002,0.23196594
1492,-1.363957,0.23364042
1493,-1.5726681,0.1705815
1494,-1.5565588,0.28405926
1495,-1.5854812,0.5148387
1496,-1.3677021,0.21394514
1497,-0.68915856,0.28769818
1498,-1.4497478,0.30984864
1499,-1.2210356,0.20706053
1500,-2.029228,0.5749267
1501,-0.15290886,0.70747477
1502,-1.0159512,0.17253111
1503,-0.49498668,0.32020107
1504,-0.88244945,0.2278813
1505,-1.8113899,0.21100004
1506,0.054536983,0.61703604
1507,-0.5858905,0.38491905
1508,-1.2014595,0.19794598
1509,-1.2612696,0.2668356
1510,-0.40690497,0.16326585
1511,-1.3617529,0.34066406
1512,-0.544885,0.46959916
1513,-0.41974026,0.29644826
1514,-0.736866,0.2038143
1515,-1.2953312,0.18462019
1516,-0.5405137,0.33563253
1517,-1.8889531,0.2328525
1518,-1.6610956,0.1485771
1519,-0.93103355,0.46190464
1520,-0.49832898,0.16720751
1521,-0.019759595,0.18801115
1522,-1.4766327,0.28046766
1523,-1.0665464,0.24026114
1524,-1.4494743,0.2615782
1525,-2.219344,0.38009188
1526,-0.29712927,0.1537257
1527,-1.0179163,0.24973442
1528,-1.4064014,0.2287075
1529,-1.0995985,0.49747002
1530,-0.81454676,0.23737237
1531,-1.5646541,0.24581876
1532,-0.11515912,0.23327754
1533,-0.72635496,0.47924212
1534,-1.0278649,0.16477877
1535,-1.0145494,0.30206835
1536,-1.3440237,0.2792168
1537,-1.4411392,0.1887356
1538,-1.4367608,0.3159497
1539,-1.2341298,0.2844178
1540,-1.3980535,0.16557872
1541,-1.4437534,0.24362637
1542,-1.6881063,0.292848
1543,-0.0023381826,0.17757924
1544,-0.41633597,0.15286629
1545,-1.640789,0.26919016
1546,-0.50155795,0.5333232
1547,-1.4606394,0.2611855
1548,-1.2522929,0.21228787
1549,-1.1951667,0.18932708
1550,-1.5242214,0.32323477
1551,-1.7552046,0.44162148
1552,-1.8975363,0.2944331
1553,-1.4012011,0.2958864
1554,-1.897455,0.5367054
1555,-1.2551637,0.2574616
1556,-1.5143195,0.38167897
1557,-1.4725899,0.24040797
1558,-1.2633699,0.19273353
1559,-0.75713897,0.91742337
1560,-0.6540064,0.21651351
1561,-1.643144,0.21574414
1562,-1.2422465,0.13435344
1563,-1.1417606,0.24910074
1564,-1.2832747,0.24607867
1565,-1.4744662,0.32676038
1566,-1.591153,0.2521898
1567,-0.57154846,0.39552802
1568,-1.1764176,0.41785938
1569,-0.9866837,0.38145095
1570,-0.24113679,0.24550824
1571,-1.091796,0.24503453
1572,-1.7003461,0.2285384
1573,-1.30474,0.37547633
1574,-0.32304704,0.27472696
1575,-1.1282927,0.24483626
1576,-1.3341734,0.15637067
1577,-0.9947351,0.18379448
1578,-1.4666291,0.3748949
1579,-0.506378,0.22497402
1580,-1.2714467,0.27194116
1581,0.07638561,0.25281078
1582,-1.1959066,0.30332622
1583,-1.8445227,0.23511359
1584,-0.9680864,0.21820745
1585,-0.3063986,0.30716965
1586,-0.25267732,0.3201896
1587,-1.5258486,0.19670273
1588,-1.6816127,0.47070146
1589,-1.3260427,0.25461435
1590,-0.44829738,0.5583179
1591,-0.2083283,0.74857396
1592,-1.4328473,0.32181248
1593,-0.65695155,0.25632194
1594,-0.5797482,0.26872888
1595,-1.5438182,0.35177058
1596,-1.3247956,0.30011088
1597,-1.3567612,0.25030315
1598,-1.4112965,0.2403921
1599,-1.1415981,0.8441475
1600,-0.3050031,0.28892523
1601,-0.97834194,0.40586174
1602,-0.014698371,0.18980458
1603,-1.0329208,0.2165994
1604,-1.468733,0.2710435
1605,-1.2254074,0.16385111
1606,-0.28476712,0.16598228
1607,-1.4870726,0.19552186
1608,0.050233047,0.18109244
1609,-1.6976494,0.3155272
1610,-0.75443256,0.35481235
1611,0.36200136,0.4001706
1612,-1.1664283,0.23562498
1613,-1.1331019,0.2837634
1614,-1.2849936,0.19600984
1615,-0.1355021,0.17261095
1616,-1.585595,0.27749196
1617,-1.1964256,0.18705389
1618,-1.0039874,0.20408052
1619,-0.56315535,0.22426733
1620,-1.7247722,0.65298504
1621,-1.9212972,0.2238824
1622,-1.3131393,0.15085693
1623,-1.4663501,0.4578077
1624,-0.37694237,0.5222172
1625,-0.42436123,0.13307269
1626,-1.4916512,0.34712753
1627,-1.4746276,0.31103915
1628,-1.4409891,0.2008195
1629,-1.4125746,0.31310633
1630,-1.572729,0.27352732
1631,-1.4834932,0.4389178
1632,-1.4400936,0.34908003
1633,-0.5450826,0.32729313
1634,-1.1898662,0.1702443
1635,-1.4846722,0.40543133
1636,-1.1012118,0.50013644
1637,-1.4609667,0.17913452
1638,-1.7219744,0.22886917
1639,-1.807982,0.25170437
1640,-0.5159124,0.5161561
1641,-1.9610035,0.3757145
1642,-1.4253943,0.24248855
1643,-1.4231862,0.4042682
1644,-1.5242354,0.18964924
1645,-1.3068379,0.45459774
1646,-1.0758524,0.2273258
1647,-0.8365091,0.49353758
1648,-1.3384107,0.27277863
1649,-1.3142263,0.4964909
1650,-1.728558,0.25956967
1651,-1.5667748,0.19150081
1652,-1.4830949,0.21370332
1653,-1.3512089,0.28226393
1654,-1.2457168,0.42211854
1655,-1.1966012,0.16748369
1656,-0.8425056,0.30991274
1657,-1.3624046,0.23556373
1658,-1.2605276,0.44309315
1659,-1.4891291,0.28301236
1660,-1.5013084,0.24178028
1661,-1.5869639,0.29514676
1662,-0.4867935,0.23877352
1663,-0.8612312,0.23725213
1664,-0.44331783,0.48142982
1665,-1.2095143,0.2557835
1666,-1.4497709,0.3935818
1667,-1.7106715,0.30713663
1668,-0.11749083,0.21360143
1669,-1.6340216,0.29614186
1670,-1.8567326,0.22063863
1671,-1.1768492,0.3985766
1672,-0.058643185,0.18762116
1673,-1.1609321,0.4515137
1674,-1.4030803,0.31628957
1675,-1.5019853,0.2293405
1676,-1.1037954,0.6086443
1677,-1.4078542,0.27909744
1678,-0.31731445,0.34009823
1679,-0.875694,0.37488452
1680,-1.6691195,0.38466173
1681,-1.4076678,0.33405992
1682,-1.4738269,0.35043815
1683,-0.5258682,0.15319946
1684,-1.3446947,0.41607338
1685,-0.79842466,0.4369687
1686,-0.028275112,0.32557923
1687,-1.282719,0.46939528
1688,-1.1935304,0.3734313
1689,-1.2025797,0.2097255
1690,-0.3164488,0.16099481
1691,-0.25749755,0.2295796
1692,-0.23845322,0.21037151
1693,-0.610825,0.34677234
1694,-1.2219175,0.54477996
1695,-1.4423131,0.36591208
1696,-0.24913001,0.1580478
1697,-0.79070085,0.26815993
1698,-1.4593053,0.20995195
1699,-1.5985395,0.25772625
1700,-0.9769048,0.34041083
1701,-1.15039,0.39766136
1702,-0.13033512,0.2252123
1703,-1.4690435,0.210613
1704,-1.7142667,0.41787508
1705,-0.97833973,0.24570614
1706,-1.5562123,0.29129183
1707,-1.3242856,0.2972025
1708,-0.4027047,0.2100432
1709,-0.18375747,0.29598257
1710,-0.49163386,0.16718937
1711,-1.3097173,0.27259812
1712,-0.6843441,0.19793016
1713,0.055084575,0.22262947
1714,-1.2830853,0.33769685
1715,-1.1863247,0.2507273
1716,-1.6751001,0.2482822
1717,-0.19143811,0.25252825
1718,-1.3450612,0.39264268
1719,-1.3139248,0.26184636
1720,-1.5283087,0.22806852
1721,-1.4729102,0.2916585
1722,-1.5439279,0.3343866
1723,-0.9813668,0.24377789
1724,-1.6088027,0.18422028
1725,-1.0019826,0.3006063
1726,-1.7182873,0.48399958
1727,-1.3728839,0.22435072
1728,-0.99112374,0.36166835
1729,-0.14581901,0.19479077
1730,-1.084805,0.25273907
1731,-0.54797626,0.2875423
1732,-1.7054759,0.3134401
1733,-1.0356818,0.36164778
1734,-0.82087916,0.20712923
1735,-1.0978292,0.22339067
1736,-0.33918425,0.5587619
1737,-1.3122957,0.32416728
1738,-1.5513266,0.34570017
1739,-1.272601,0.34832618
1740,-0.22188362,0.25519833
1741,-0.97937405,0.24144644
1742,-1.5248245,0.3494807
1743,-0.114158854,0.3202379
1744,-1.3595715,0.2127687
1745,-1.6964799,0.22317226
1746,-0.7085025,0.2557927
1747,-1.6075289,0.27101508
1748,-0.7393205,0.396351
1749,-1.6018976,0.2218841
1750,-1.4318277,0.43856275
1751,-1.2729704,0.28294867
1752,-0.81277245,0.32149658
1753,-1.2216839,0.5081239
1754,-1.7507735,0.48788574
1755,-0.29462606,0.38650182
1756,-1.5426666,0.27709758
1757,-1.5280447,0.2730808
1758,-1.3250322,0.28113955
1759,-1.2589937,0.36864555
1760,-0.6122487,0.2902805
1761,-1.1647438,0.3135326
1762,-1.4355388,0.23311183
1763,-1.3624845,0.26952663
1764,-0.3019168,0.24831758
1765,-0.6876746,0.28208154
1766,-0.45724794,0.59230626
1767,-0.87220645,0.21056387
1768,-0.9108331,0.31034186
1769,-0.39517045,0.93967867
1770,-1.490915,0.36230734
1771,-0.13182482,0.18035112
1772,-0.24351047,0.26819664
1773,-1.9714668,0.23474357
1774,-0.18024774,0.235855
1775,-0.6233362,0.1862077
1776,-1.2529039,0.19167843
1777,-1.7622415,0.196428
1778,-1.4980072,0.4087873
1779,-0.40712065,0.52656114
1780,-1.477973,0.39833075
1781,-1.4716116,0.34563556
1782,-0.27491963,0.66484356
1783,-0.71803254,0.20849353
1784,-1.6530455,0.19694915
1785,-0.18852913,0.7826851
1786,-1.2114111,0.1317014
1787,-1.4802041,0.28110674
1788,-1.3206915,0.277626
1789,-0.78871477,0.19919889
1790,-0.17153473,0.15143152
1791,-1.4051666,0.22835124
1792,-1.2599562,0.19674644
1793,-1.3078995,0.26390755
1794,-0.13020864,0.18442869
1795,-1.221298,0.2611781
1796,-0.9152921,0.51176137
1797,-1.3630022,0.2811955
1798,-1.3794868,0.20188175
1799,-0.7262239,0.463147
1800,-0.5780359,0.27094534
1801,-0.58171725,0.3672035
1802,-1.8990406,0.38929445
1803,-1.600797,0.2545813
1804,-0.34688953,0.2903933
1805,-0.52332264,0.30069137
1806,-1.7310393,0.2542098
1807,-0.19262953,0.14127333
1808,-0.19509637,0.2252933
1809,-1.6498336,0.22142684
1810,-0.31138533,0.23055488
1811,-0.28282073,0.21303278
1812,-1.7889985,0.2610414
1813,-1.6519294,0.3884953
1814,-0.21222179,0.15828723
1815,-0.41434047,0.28153715
1816,-1.202022,0.29227313
1817,-0.54126364,0.42062613
1818,-1.4590062,0.2806995
1819,-1.618672,0.23178868
1820,-1.1316881,0.32093737
1821,-1.5843756,0.4740884
1822,-1.3383077,0.675875
1823,-1.2259171,0.2123774
1824,-0.46219313,0.2375853
1825,-0.78940004,0.7786174
1826,-1.250895,0.26425773
1827,-0.99214786,0.47647962
1828,-0.75544775,0.24208632
1829,-1.0193541,0.46991077
1830,-1.7244602,0.30505013
1831,-1.9263313,0.25869435
1832,-1.3938385,0.23677671
1833,-1.4532648,0.21114911
1834,-1.4881567,0.3636609
1835,-1.416055,0.36244285
1836,-1.4762691,0.19708465
1837,-0.6160051,0.56375927
1838,-0.30979052,0.84501475
1839,-0.67360014,0.24890335
1840,-0.17273064,0.57082224
1841,-0.4958934,0.3134108
1842,-1.5866917,0.25563416
1843,-1.1145267,0.37520915
1844,-1.4061432,0.21671647
1845,-1.4419295,0.26414666
1846,-1.5690428,0.25230712
1847,-1.3527833,0.4560972
1848,-0.282687,0.2595144
1849,-0.9339635,0.16541101
1850,-1.5307839,0.25823376
1851,-0.7460778,0.2061233
1852,-0.6328312,0.3372025
1853,-0.5699868,0.23970637
1854,-1.340642,0.23101825
1855,-1.4199327,0.23593009
1856,-0.089870445,0.32863224
1857,-1.500174,0.18462296
1858,-0.91109556,0.20185727
1859,-0.8707518,0.3735536
1860,-1.1599164,0.2446906
1861,-1.1540347,0.3343401
1862,-1.3048409,0.19683464
1863,-1.2892548,0.26633102
1864,-0.021977,0.29261562
1865,-2.4558046,0.35193545
1866,-0.3216491,0.20953785
1867,-0.41866502,0.2089059
1868,-1.9833963,0.37439242
1869,-1.9358088,0.45839086
1870,-1.3024104,0.38237917
1871,-1.4461092,0.40589356
1872,-1.6701666,0.29507703
1873,-1.726886,0.28354418
1874,-0.84983957,0.30387595
1875,-0.52512676,0.28466663
1876,-1.3857615,0.35966983
1877,-1.1399525,0.28149554
1878,-0.86482406,0.23116589
1879,-1.7499946,0.30354092
1880,-0.99477214,0.87459725
1881,-1.4583548,0.48156938
1882,-1.6744123,0.27744153
1883,-1.508009,0.4236896
1884,-0.18927051,0.5900692
1885,-0.97580415,0.31057638
1886,-1.1402233,0.29080057
1887,-0.79999155,0.47803953
1888,-1.2439244,0.402096
1889,-2.0854683,0.5677051
1890,-1.6329793,0.29787478
1891,-1.2241787,0.3077504
1892,-0.49881005,0.30475834
1893,-1.0988648,0.45437425
1894,-0.96043926,0.28870386
1895,-0.7935691,0.48366183
1896,-1.4135612,0.24818295
1897,-1.6527815,0.37247887
1898,-1.4447696,0.31647554
1899,-0.14512536,0.56765246
1900,-1.3091776,0.36211768
1901,-1.5596447,0.21516275
1902,-1.6605097,0.27437907
1903,-0.15267344,0.21145307
1904,-1.3570939,0.3956609
1905,-1.1566634,0.25108385
1906,-1.330984,0.35205862
1907,-0.02448337,0.20202787
1908,-1.2052478,0.21104614
1909,-1.5246029,0.38149458
1910,-1.2764832,0.25835332
1911,-0.86186737,0.2265437
1912,-0.42707646,0.30349717
1913,-1.839035,0.40767717
1914,-1.2754757,0.16836408
1915,-1.2006143,0.6324286
1916,-1.09867,0.19726403
1917,-0.2950936,0.16351417
1918,-1.9392737,0.37816572
1919,-1.0251621,0.5134278
1920,-1.5765951,0.29691753
1921,-1.1110399,0.44217417
1922,-1.3820457,0.28050104
1923,-1.7991157,0.43978757
1924,-1.7179843,0.3178508
1925,-0.6521514,0.25724083
1926,-0.31673566,0.31511077
1927,-1.4298013,0.21062125
1928,-1.1246045,0.27458766
1929,0.1514676,0.4514802
1930,-1.4322956,0.2820692
1931,-1.8092934,0.31016293
1932,-1.3638831,0.23999037
1933,-1.2540722,0.23831159
1934,-0.68947077,0.30632687
1935,-1.6500537,0.28936392
1936,-1.4495119,0.22090529
1937,-0.64289147,0.3772092
1938,-0.8142622,0.2692707
1939,-0.35091928,0.33708405
1940,-1.7577941,0.42849457
1941,-1.4337211,0.3161027
1942,-1.146279,0.26805466
1943,-1.2335294,0.2722886
1944,0.034958806,0.8797978
1945,-0.936257,0.30727774
1946,-1.405777,0.15305164
1947,-1.7217996,0.35601738
1948,-1.5299301,0.39229256
1949,-1.2637513,0.28797174
1950,-1.4829507,0.20366329
1951,-0.93234783,0.4653809
1952,-0.503362,0.17305277
1953,-0.41660696,0.5881372
1954,-1.5308357,0.22293562
1955,-1.5225744,0.30817384
1956,-0.57943624,1.2809956
1957,-1.4150763,0.16188066
1958,-0.23665376,0.25842834
1959,-0.9832063,0.18393745
1960,-1.2152817,0.23399284
1961,-0.5130054,0.40642112
1962,-1.4064504,0.5474594
1963,-1.1185799,0.2770246
1964,-1.2702627,0.31532615
1965,-1.0822425,0.28904635
1966,-0.44612888,0.30763373
1967,-0.9610812,0.3340987
1968,-0.5810075,0.44605538
1969,-0.55834067,0.17316638
1970,-0.4912429,0.4865031
1971,-0.7865572,0.4044578
1972,-1.520335,0.42002055
1973,-1.5431846,0.1722063
1974,-1.4828779,0.29855707
1975,-0.429441,0.31724524
1976,-0.39218318,0.39686313
1977,-1.2880882,0.2712823
1978,-0.8476677,0.3631352
1979,-1.2278126,0.28165928
1980,-0.120556444,0.24061659
1981,-1.3821313,0.2035275
1982,-1.2570039,0.26361808
1983,-1.1773221,0.3205595
1984,-0.99970365,0.20600836
1985,-1.6664256,0.27147952
1986,-0.03816862,0.1783556
1987,-1.2130005,0.28363773
1988,-0.18873969,0.20226093
1989,-1.4325359,0.41308057
1990,-1.0725023,0.32190806
1991,-1.2068889,0.20557895
1992,-0.36911076,0.27180347
1993,-1.250888,0.21902676
1994,-1.1979644,0.19371113
1995,-1.3072667,0.22046274
1996,-0.3373928,0.24601786
1997,-0.5613644,0.20185247
1998,-0.2942169,0.25673482
1999,-1.2563313,0.38909838
2000,-1.271153,0.35547897
2001,-1.5318177,0.30684572
2002,-0.8547997,0.37270153
2003,-1.5101298,0.19094403
2004,-1.3602207,0.3060741
2005,-0.36047336,0.17032684
2006,-1.064183,0.29796118
2007,-0.078614116,0.24918658
2008,-1.5140429,0.21292208
2009,-1.3998423,0.1865706
2010,-0.80648655,0.31729737
2011,-1.430287,0.24558528
2012,-0.3013754,1.0727761
2013,-1.712559,0.40496412
2014,-0.16543151,0.31890878
2015,-0.9739337,0.25199902
2016,-1.0285226,0.17456666
2017,-1.1623042,0.6349753
2018,-1.5592523,0.2551908
2019,-0.53522575,0.16387281
2020,-0.74513036,0.31056184
2021,-1.4181194,0.2286337
2022,-1.2091897,0.27164227
2023,-1.2967917,0.24079946
2024,-1.5436845,0.29029652
2025,-0.25170866,0.44542632
2026,-1.5263139,0.2585668
2027,-1.3776138,0.4509907
2028,-1.1289011,0.1780893
2029,-0.20223334,0.43997574
2030,-1.193169,0.5955216
2031,-1.2742267,0.38769367
2032,0.0051867533,0.3317548
2033,-0.17269577,0.19586118
2034,-1.9143809,0.33761218
2035,-0.15962313,0.23360272
2036,-1.3373895,0.2728736
2037,-2.220891,0.5174454
2038,-1.6531265,0.34459636
2039,-1.5482817,0.30053723
2040,-1.1112945,0.2780717
2041,-1.6323553,0.41028288
2042,-1.6510824,0.26704118
2043,-1.7869825,0.16385834
2044,-0.92358905,0.22625117
2045,-0.9916067,0.27130383
2046,-0.2166995,0.9251102
2047,-1.2063959,0.33380514
2048,-1.488701,0.18631896
2049,-0.84202594,0.23354109
2050,-1.1382583,0.2896899
2051,-0.04949553,0.30550992
2052,-1.4461033,0.3397052
2053,-1.2314304,0.3429419
2054,-1.431319,0.3361929
2055,-1.1210489,0.29082966
2056,-1.4987038,0.29119608
2057,-1.4224378,0.1944459
2058,-1.3404784,0.16650145
2059,-0.93739814,0.15487613
2060,-0.17803071,0.20676121
2061,-1.0406592,0.44678292
2062,-1.2868898,0.41406116
2063,-1.0531301,0.23502406
2064,-0.2230401,0.23952138
2065,-1.0681292,0.76134765
2066,-1.1388032,0.46190843
2067,-0.31612292,0.3485205
2068,-1.7469008,0.3793282
2069,0.006240638,0.171404
2070,-1.3899671,0.38895372
2071,-0.27347854,0.1738639
2072,-1.3143202,0.22001672
2073,-1.3613459,0.29144427
2074,-1.6288205,0.32149518
2075,-1.440519,0.42396384
2076,-1.2623026,0.25239834
2077,-1.151788,0.33010188
2078,-1.363362,0.15540403
2079,-0.4691321,0.27528903
2080,-0.86162883,0.3930494
2081,-1.1397413,0.2661106
2082,-0.6618702,0.26617724
2083,-0.8283075,0.4547201
2084,-1.3590248,0.21405102
2085,-1.3042296,0.20626885
2086,-1.5155494,0.24168538
2087,-1.5048172,0.22411194
2088,-1.3442228,0.31378683
2089,-0.5315157,0.40220338
2090,-0.48281053,0.34804335
2091,-1.010016,1.1010528
2092,-1.6921715,0.26485977
2093,-1.2350026,0.25133556
2094,-1.211129,0.2075875
2095,-1.3126814,0.21853022
2096,-0.24430847,0.3414705
2097,-1.2325093,0.19117546
2098,-1.8337314,0.33573884
2099,-1.8099376,0.24977705
2100,-1.6967735,0.31915623
2101,-1.11733,0.31597173
2102,-1.1451663,0.19851203
2103,-1.3442534,0.33887315
2104,-0.040292684,0.47727498
2105,-0.9043971,0.400291
2106,-0.99728996,0.2872064
2107,-1.3015032,0.19255865
2108,-1.390798,0.21656409
2109,-1.0396183,0.552598
2110,-1.4016551,0.3918125
2111,-1.2530425,0.22254692
2112,-0.5693105,0.2178138
2113,-0.7119935,0.20029074
2114,-0.35346082,0.20254359
2115,-1.4991311,0.24759525
2116,-0.24824609,0.16502671
2117,-0.8998332,0.25551724
2118,-0.8298902,0.33923596
2119,-1.3361485,0.3068678
2120,-1.3538265,0.23363993
2121,-0.2904047,0.67128426
2122,-1.6445193,0.4088645
2123,-1.4455148,0.43466723
2124,-1.2108123,0.22603521
2125,-1.5521332,0.29186308
2126,-1.0296584,0.23469612
2127,-1.118734,0.19096453
2128,-1.3274981,0.23212734
2129,-1.3073262,0.2647738
2130,-1.5753628,0.26930472
2131,-0.7442157,0.2254507
2132,-0.59291255,0.392969
2133,-0.1616107,0.14737055
2134,-0.11068874,0.26247272
2135,-1.325017,0.30703655
2136,-0.8025362,0.6334501
2137,-1.5678566,0.27699608
2138,-1.820542,0.26162076
2139,-1.0216906,0.2558873
2140,-1.3315336,0.30878916
2141,-1.8288321,0.18443397
2142,-1.3016899,0.25025955
2143,-0.55259466,0.2023119
2144,-1.0321754,0.25377998
2145,-1.5457194,0.29474828
2146,0.056411784,0.30741847
2147,-1.2742362,0.29953524
2148,-0.7151855,0.6182784
2149,-1.0344149,0.34643748
2150,-0.9359669,0.26551273
2151,-1.6069658,0.34624875
2152,-1.1522613,0.2859796
2153,-0.04998562,0.22972143
2154,-0.34706044,0.19763185
2155,-0.64500344,0.33898118
2156,-0.9651431,0.5206188
2157,-1.3646811,0.21300721
2158,-1.8699471,0.49878058
2159,-1.1404697,0.3010039
2160,-1.5867386,0.2735724
2161,-1.2837148,0.19179673
2162,-1.5113595,0.37882546
2163,-1.6121348,0.30273554
2164,-0.64787763,0.32679653
2165,-1.4028656,0.19244306
2166,-1.393474,0.22376302
2167,-1.5274825,0.21891789
2168,-2.0108068,0.4509392
2169,-1.5129292,0.24560381
2170,-1.2206606,0.25206524
2171,-1.4628937,0.4293572
2172,-0.4230262,0.40208298
2173,-1.2501918,0.26158345
2174,-0.81309336,0.29208547
2175,-1.7554388,0.42091286
2176,-0.8923181,0.35265335
2177,-1.1813976,0.21060103
2178,-0.9239703,0.25888857
2179,-0.45855394,0.3493538
2180,-1.5376792,0.2749799
2181,-1.9579889,0.18709965
2182,-1.3551906,0.38262308
2183,-0.6786653,0.28269222
2184,-0.59910023,0.40653807
2185,-1.1185195,0.21861704
2186,-1.2904654,0.4479139
2187,-0.35712102,0.24576238
2188,-0.76638895,0.21518387
2189,-1.3057202,0.5079878
2190,-0.5918833,0.37652332
2191,-0.4133448,0.90269834
2192,-0.43574262,0.20054571
2193,-1.2536097,0.23362051
2194,-0.83767784,0.41493684
2195,-1.052332,0.25996798
2196,-1.216999,0.26239473
2197,-1.4165586,0.34097186
2198,-0.306772,0.67130226
2199,-0.14870581,0.21002862
2200,-0.60477424,0.6237206
2201,-0.63247633,0.31269127
2202,-0.73776555,0.36235484
2203,-0.9038036,0.90553266
2204,-1.5345111,0.30413386
2205,-1.657969,0.29972222
2206,-1.0487925,0.33001208
2207,-0.043141123,1.0572997
2208,-0.49864212,0.5281524
2209,-0.7312321,0.51261437
2210,-0.79349166,0.38525808
2211,-1.3220149,0.3231739
2212,-0.20963563,0.50782
2213,-1.4605324,0.3522665
2214,-1.2681707,0.17752288
2215,-0.76817775,0.39732647
2216,-1.040098,0.22725876
2217,-0.9208371,0.57598174
2218,-0.056911733,0.21052985
2219,-0.72592056,0.8573079
2220,-1.4251804,0.2287365
2221,-0.8145272,0.21894014
2222,-1.5390534,0.28710097
2223,-1.1748959,0.2281743
2224,-0.5107018,0.2144737
2225,-0.18959315,0.21828502
2226,-1.5238421,0.349961
2227,-1.2158098,0.3727462
2228,-2.032331,0.45929757
2229,-1.4800856,0.34507746
2230,-0.4967813,0.58955795
2231,-1.3065625,0.27934423
2232,-1.218356,0.9360643
2233,-1.4478654,0.47517502
2234,-0.7101833,0.30692863
2235,-0.4211811,0.458156
2236,-0.97002727,0.2064005
2237,-1.4932036,0.25757843
2238,-1.6790208,0.21854012
2239,-1.3194818,0.16964285
2240,-0.04072863,0.32338676
2241,-1.4106044,0.24927756
2242,-0.36729154,0.703769
2243,-0.7765302,0.24065511
2244,-1.0857025,0.28121647
2245,-1.5952507,0.4564388
2246,-0.96094555,0.20212735
2247,-0.8548309,0.2023257
2248,-1.7149891,0.27251193
2249,-0.33098346,0.4474261
2250,-1.4459311,0.17205973
2251,-1.4392496,0.3717053
2252,-1.5269873,0.30166048
2253,-1.6066141,0.2844067
2254,-1.4577897,0.19880942
2255,-0.14963073,0.20988956
2256,-0.86101097,0.29208815
2257,-1.4819843,0.31999815
2258,-0.18881677,0.15072365
2259,-1.3643783,0.32167476
2260,-1.5604295,0.27395776
2261,-0.80579937,0.30352312
2262,-0.42952773,0.2657883
2263,-0.9982848,0.32936716
2264,-1.3428558,0.3370733
2265,-1.4382617,0.24183787
2266,-1.2144268,0.16890469
2267,-0.50300956,0.22460493
2268,-1.3246769,0.31807473
2269,-0.53217316,0.2155531
2270,-1.4663024,0.35955682
2271,-1.3995345,0.24760516
2272,-1.0987386,0.17095964
2273,-1.6517818,0.34811416
2274,-0.27221677,0.22402383
2275,-0.5069197,0.23128201
2276,-1.5772135,0.2819431
2277,-1.5445192,0.3431902
2278,-0.5344592,0.28285545
2279,-1.7267512,0.2659892
2280,-1.501041,0.421137
2281,-0.4141803,0.268347
2282,-1.1883278,0.17069608
2283,-1.0152134,0.31830952
2284,-1.4124569,0.19204576
2285,-0.3117439,0.19321911
2286,-1.7498243,0.26667047
2287,-0.19166523,0.44993544
2288,-0.9902449,0.2118051
2289,-0.5797217,0.19540231
2290,-0.9103959,0.2590713
2291,-1.5649067,0.4780407
2292,-0.78501284,0.18647139
2293,-0.6449422,0.3751027
2294,-0.90955275,0.24628673
2295,-1.7916627,0.32612604
2296,-0.065727085,0.18925071
2297,-0.14292681,0.7652526
2298,-1.2726922,0.28697976
2299,-1.8179234,0.25444463
2300,-0.29054785,0.65435225
2301,-0.46354988,0.16962007
2302,-1.6333817,0.5548412
2303,-1.5072525,0.28009996
2304,-1.2513428,0.29657114
2305,-1.3675096,0.18650924
2306,-1.5555297,0.343214
2307,-0.32473963,0.15833257
2308,-0.38573903,0.2710023
2309,-1.0443022,0.30476972
2310,-1.0278797,0.48758942
2311,-0.9758054,0.33346063
2312,-1.451491,0.32994327
2313,-1.0830228,0.2573286
2314,-1.691455,0.1687835
2315,-1.6890094,0.24658929
2316,-0.86851835,0.26564705
2317,-0.97312117,0.1921024
2318,-1.2365369,0.21536405
2319,-1.3430394,0.27404454
2320,-1.4293612,0.3016361
2321,-0.51049054,0.3022258
2322,-1.6534336,0.30786216
2323,-0.27191705,0.19991823
2324,-1.5452721,0.23289101
2325,-1.2363533,0.36462176
2326,-1.3801299,0.22340031
2327,-1.5728776,0.1963401
2328,-0.25639954,0.37833616
2329,-0.22648028,0.7254093
2330,0.008672975,0.4029867
2331,-1.5208794,0.28064308
2332,-1.338771,0.5886114
2333,-0.72063553,0.39868832
2334,-1.5117962,0.2363738
2335,-1.961805,0.3528575
2336,-0.55005974,0.2741337
2337,-1.1100733,0.49534878
2338,-0.5105363,0.17718883
2339,-0.8480742,0.29008204
2340,0.08391852,0.286479
2341,-0.051268384,0.30829966
2342,-1.051347,0.2122099
2343,-0.9413759,0.46153024
2344,-0.38034797,0.30723932
2345,-0.9350831,0.25106844
2346,-1.5586268,0.2635159
2347,-0.21081299,0.23791811
2348,-1.2320342,0.18862118
2349,-1.4221767,0.30042592
2350,-1.2919753,0.26711673
2351,-1.5037705,0.1806154
2352,-0.21933657,0.20468579
2353,-0.19375184,0.40605432
2354,-1.3568279,0.43766084
2355,-0.50401753,0.13752095
2356,-1.6297104,0.28090972
2357,-0.85379803,0.25243425
2358,-0.8895245,0.4660441
2359,-1.4956795,0.5432306
2360,-1.4234107,0.26831222
2361,-0.565882,0.3292808
2362,-1.6082915,0.21605447
2363,-0.060042955,0.82559
2364,-0.4075801,0.21793868
2365,-0.40902787,0.218452
2366,-1.2889218,0.26539898
2367,-0.13006227,0.18689196
2368,0.1031004,0.1936371
2369,-0.096071966,0.3797632
2370,-1.6331753,0.33059436
2371,-0.58474356,0.26682585
2372,-1.5303681,0.36004847
2373,-1.2382318,0.2868025
2374,-0.06603343,0.28924358
2375,-1.2227885,0.23842724
2376,-1.077031,0.47649574
2377,-1.4246492,0.20480314
2378,-1.4859414,0.319261
2379,0.07443546,0.14461826
2380,-1.2003293,0.27047884
2381,-0.53093076,0.36483037
2382,-1.0794383,0.43635088
2383,-0.46670002,0.44185993
2384,-1.8699923,0.3061267
2385,-1.344149,0.22129698
2386,-1.4338636,0.31831676
2387,-1.3681185,0.14207956
2388,-0.06956322,0.20247392
2389,-1.6688515,0.24264334
2390,-1.4701023,0.3253937
2391,-1.9227474,0.22256182
2392,-0.3785968,0.52746135
2393,-1.4641273,0.37213406
2394,-0.7303625,0.42093074
2395,-1.7135073,0.31353307
2396,-0.6351208,0.2876989
2397,-1.3548985,0.20702142
2398,-1.338073,0.19927865
2399,-0.2424691,0.6555232
2400,0.112022676,0.7033612
2401,-1.136846,0.24650292
2402,-0.0888475,0.50745404
2403,-1.3529209,0.4038638
2404,-0.13689221,0.20309268
2405,-1.1384426,0.27965647
2406,-1.4498682,0.32613406
2407,-1.0581663,0.48381785
2408,-1.0249451,0.19907837
2409,-0.84990793,0.60313046
2410,-0.13375618,0.2993243
2411,-1.405854,0.28574166
2412,-1.3496406,0.34555656
2413,-0.021359628,0.20041452
2414,-1.2018288,0.2678566
2415,-0.7589596,0.3095595
2416,-0.9959376,0.48118716
2417,-1.1729087,0.23490757
2418,-0.6459842,0.36825585
2419,-0.36313286,0.321345
2420,-1.4090722,0.44068485
2421,-0.5137603,0.54026026
2422,-0.93991554,0.38310364
2423,-1.4654462,0.28954154
2424,-1.5019968,0.36899614
2425,-1.3337852,0.34733388
2426,-0.8423325,0.39619598
2427,-1.5545231,0.250467
2428,-1.5798655,0.22122711
2429,-0.75844043,0.25702277
2430,-1.1610967,0.30439302
2431,-1.5106081,0.17529108
2432,-1.1678395,0.31138209
2433,0.5302032,0.7634544
2434,-0.4864372,0.41795674
2435,-0.26327965,0.28309193
2436,-1.6450977,0.31505668
2437,-1.4235536,0.21689762
2438,-0.66718507,0.4803141
2439,-0.25443283,0.69755733
2440,-1.3755174,0.21316254
2441,-1.7321613,0.21562009
2442,-0.2566173,0.46202746
2443,-0.7021734,0.24058993
2444,-0.134772,0.4624677
2445,-1.3671724,0.30323383
2446,-0.96646833,0.2097512
2447,-0.065465525,0.324904
2448,-1.3905236,0.3094613
2449,-0.63163054,0.30486026
2450,-0.261384,0.3992532
2451,-1.6592394,0.38200575
2452,-1.7103184,0.3597286
2453,-0.22887985,0.27102375
2454,-0.5273902,0.43881258
2455,-1.0912341,0.253946
2456,-1.363263,0.24568686
2457,-1.779159,0.39517647
2458,-1.7452865,0.3831142
2459,-0.033129133,0.2602631
2460,-0.21923783,0.53727174
2461,-2.2594426,0.6764389
2462,-0.6792614,0.24402463
2463,-0.35708123,0.3095648
2464,-1.0017742,0.23792332
2465,-1.3484551,0.27671048
2466,-0.04229328,0.19144969
2467,-1.5839207,0.20067696
2468,-1.2225155,0.46227816
2469,-0.5852899,0.18275003
2470,-1.2343223,0.78314507
2471,-1.5205275,0.27275187
2472,-0.32544434,0.21107462
2473,-1.4884002,0.25569478
2474,-2.936963,1.5852872
2475,-0.5774915,0.4661534
2476,-1.4600749,0.2620345
2477,-0.7944332,0.31840974
2478,-0.44944856,0.30092072
2479,-0.51100653,0.3735746
2480,-0.25081784,0.22882429
2481,-0.79996336,0.30259797
2482,-0.015942026,0.4017593
2483,-0.80163383,0.18606296
2484,-0.99323446,0.1913264
2485,-0.15771706,0.20079744
2486,-1.121988,0.36638117
2487,-1.0457162,0.14653146
2488,-0.56133133,0.49794596
2489,-1.0256097,0.3073023
2490,-1.4127234,0.35069922
2491,-1.1434639,0.2012647
2492,-1.420705,0.2803675
2493,-1.0074888,0.3907902
2494,-1.4741272,0.6564175
2495,-1.5132936,0.2637109
2496,-1.7375308,0.4416727
2497,-1.5025865,0.25793582
2498,-1.4023613,0.22771543
2499,-1.2144796,0.34974396
2500,-1.4630712,0.17621176
2501,-1.2293315,0.6347431
2502,-1.0946773,0.37499028
2503,-0.8932458,0.48018187
2504,-1.1386113,0.9209848
2505,-0.80657476,0.5180949
2506,-0.13368246,0.20742625
2507,-1.6365494,0.26276472
2508,-0.662199,0.33346593
2509,-0.78592294,0.1863892
2510,-0.68002504,0.2122801
2511,-2.0751395,0.29179966
2512,-1.3898762,0.32164302
2513,-1.3959175,0.19494604
2514,-0.5130316,0.23847267
2515,-1.4179643,0.2657232
2516,-2.1138213,0.72590536
2517,-1.3569499,0.4277051
2518,-1.5930258,0.2596115
2519,-1.4750603,0.48821434
2520,-0.95359194,0.48538512
2521,-2.7565446,0.6498337
2522,-0.5416502,0.23024617
2523,-0.48175302,0.21228814
2524,-0.6151849,0.30973497
2525,-0.40571275,0.26808044
2526,-0.54961765,0.47533572
2527,-1.2142812,0.30123305
2528,-1.1048425,0.28388128
2529,-1.2872798,0.22735643
2530,-1.0339652,0.27530462
2531,-1.2927651,0.21189027
2532,-0.12325396,0.41154587
2533,-1.2877747,0.25300285
2534,-1.2825509,0.21329974
2535,-0.9339369,0.4036048
2536,-0.19332388,0.56210446
2537,-0.38683227,0.36638477
2538,-1.6834563,0.21978019
2539,-1.2129487,0.31417802
2540,-0.122617126,0.29203916
2541,-1.3752562,0.3465815
2542,-1.5690751,0.16954832
2543,-1.373153,0.28806892
2544,-1.7559274,0.23500064
2545,-0.13978535,0.84758055
2546,-3.0626237,2.0957878
2547,-0.32825577,0.19127922
2548,-1.6281834,0.2535187
2549,-1.4984542,0.2129802
2550,-0.7446349,0.44074437
2551,-0.35158786,0.16802074
2552,-1.6508436,0.2847042
2553,-0.97488385,0.29148266
2554,-0.7799443,0.68113184
2555,-0.9133771,0.32227373
2556,-1.037402,0.22776768
2557,-0.81397474,0.22282025
2558,-1.3806852,0.20329536
2559,-0.9086256,0.16441089
2560,-1.7144794,0.3482216
2561,-1.391117,0.2909953
2562,-1.4108787,0.3043064
2563,-1.104408,0.3199366
2564,-1.3323036,0.24309862
2565,-1.679171,0.31470615
2566,-1.5769794,0.21926695
2567,-1.2593248,0.34274194
2568,-1.405527,0.2333542
2569,-0.6038828,0.67927104
2570,-1.360213,0.39896318
2571,-0.66261435,0.2802458
2572,-1.5084157,0.40024894
2573,-0.8059895,0.23471026
2574,-1.3819401,0.18598938
2575,-1.320555,0.22710194
2576,-1.7053334,0.23699062
2577,0.09851641,0.28854626
2578,-1.0438881,0.61924964
2579,-0.10270567,0.78025675
2580,-1.0875921,0.19889191
2581,-1.2438973,0.29758808
2582,-0.18337284,0.2543102
2583,-0.6625037,0.2978943
2584,-2.0132358,0.3488734
2585,-0.89174175,0.21305884
2586,-1.1938816,0.295192
2587,-0.61963075,0.2815355
2588,-1.6469328,0.2647015
2589,-1.2295699,0.1596899
2590,-1.476969,0.14622407
2591,-0.61624956,0.9652656
2592,-1.291177,0.24562608
2593,-1.4489567,0.25740284
2594,-1.5347182,0.2308775
2595,-1.3082393,0.31873566
2596,-0.07751078,0.35560352
2597,-1.2941456,0.22309043
2598,-1.1457114,0.24236375
2599,-0.8795948,0.2917515
2600,-0.59154725,0.21368292
2601,-0.8503709,0.17949997
2602,-1.2934656,0.6867812
2603,-1.541912,0.49390128
2604,-0.6663843,0.5547775
2605,-0.48836917,0.23321858
2606,-1.1363128,0.39504477
2607,-1.3518004,0.28332058
2608,-0.7830989,0.69659835
2609,-0.27066103,0.32149807
2610,-2.0727623,0.550171
2611,-1.5588521,0.22156107
2612,-1.351987,0.1546789
2613,-1.2960591,0.17003205
2614,-0.29766765,0.3209313
2615,-0.64807314,0.26705703
2616,-0.40193743,0.39271787
2617,-1.2849995,0.28420848
2618,-0.7397087,0.27899837
2619,-1.6526883,0.48566088
2620,-0.0058259354,0.25992754
2621,-2.257915,0.35912973
2622,-1.4592657,0.30400825
2623,-1.1028106,0.14597958
2624,-1.0534275,0.35743052
2625,-0.8447271,0.27393246
2626,-2.0069518,0.40249145
2627,-0.99520576,0.4458118
2628,-1.1470705,0.28846636
2629,-1.3701947,0.235177
2630,-1.3918203,0.21655682
2631,-1.205577,0.17960425
2632,-0.1841141,0.19449249
2633,-1.2701147,0.17710511
2634,-0.40560254,0.23033583
2635,-0.5759895,0.2020641
2636,-1.909452,0.17953393
2637,-1.5116893,0.2068019
2638,-1.4964192,0.60035586
2639,-1.7513357,0.3199316
2640,-0.18145014,0.21241188
2641,-1.3635317,0.30180028
2642,-1.3602091,0.2571367
2643,-1.5009916,0.30741015
2644,-1.50332,1.419261
2645,-1.771719,0.3787686
2646,-1.3142469,0.4506411
2647,-0.9116274,0.3271126
2648,-1.394469,0.28872657
2649,-1.3890021,0.13292292
2650,-0.9205783,0.3943635
2651,-0.513734,0.1813426
2652,-0.31639186,0.2677611
2653,-0.8742984,0.24389952
2654,-0.5898674,0.21341248
2655,-1.5378292,0.27067363
2656,-0.07467111,0.20091099
2657,-1.7177746,0.31495872
2658,-0.74617535,0.23620732
2659,-0.6762789,0.3064487
2660,-1.4590358,0.38202143
2661,-1.5882366,0.19046451
2662,-1.0325469,0.1496843
2663,-1.2315975,0.22486848
2664,-1.838247,0.49120423
2665,-0.9777856,0.4204196
2666,-0.71872383,0.29403874
2667,-0.23283833,0.18627432
2668,-1.7748328,0.24267413
2669,-0.55959666,0.45426372
2670,-1.2347518,0.14378022
2671,-0.6276631,0.417546
2672,-0.7798892,0.30814123
2673,-0.41020337,0.37546572
2674,-1.7620852,0.51025426
2675,-1.081409,0.4954169
2676,-1.0436127,0.46158195
2677,-0.61504185,0.19102599
2678,-1.9599159,0.30692685
2679,-0.73432696,0.24896128
2680,-1.6166819,0.24628511
2681,-0.9606047,0.26599512
2682,-0.08143666,0.6279436
2683,-1.2773879,0.47961283
2684,-0.28391504,0.2008035
2685,-0.554767,0.5223256
2686,-1.7134272,0.21431124
2687,-2.1868923,0.6049797
2688,0.003920929,0.8962455
2689,-1.3169192,0.37944326
2690,-0.3830802,0.27402037
2691,-1.5171684,0.27649704
2692,-1.6492593,0.36823806
2693,-0.60216093,0.484863
2694,-0.56300855,0.36812845
2695,-0.8480821,0.4251036
2696,-0.31730488,0.7279221
2697,-0.8845225,0.23282798
2698,-1.4754735,0.29141095
2699,-0.46201688,0.42643574
2700,-0.20004627,0.17543395
2701,-1.3672696,0.3682662
2702,-0.7897072,0.28377622
2703,-0.8278474,0.27160093
2704,-1.6463368,0.25465992
2705,-1.0433893,0.27554703
2706,-1.518635,0.31828845
2707,-1.3016759,0.24557996
2708,-0.20313825,0.21275331
2709,-1.5006948,0.25919208
2710,-1.435143,0.8743256
2711,-0.95944387,0.19041692
2712,-1.1739849,0.22589053
2713,-0.8393663,0.25321275
2714,-1.2128547,0.34839955
2715,-1.0070574,0.23888402
2716,-0.87615776,0.17557563
2717,-0.31018594,0.3504009
2718,-0.36680868,0.3215646
2719,-1.8338466,0.6458378
2720,-0.8982188,0.34962055
2721,-0.21325976,0.5280629
2722,-1.2274457,0.30514026
2723,-1.474589,0.19289143
2724,-1.3877984,0.25370893
2725,-1.3272154,0.29271576
2726,-0.3060577,0.2549546
2727,-0.34803006,0.2776833
2728,-0.038969547,0.3948301
2729,-1.4128717,0.21468797
2730,-1.4662622,0.30809316
2731,-1.2327603,0.35406065
2732,-0.4413056,0.3643687
2733,-0.6179745,0.30858162
2734,-1.3901076,0.25343838
2735,-0.5590684,0.37826213
2736,-0.3873241,0.290499
2737,-1.1385866,0.2175006
2738,-1.1965486,0.20322008
2739,-1.2216281,0.2273424
2740,-0.94812846,0.31948465
2741,-0.25419885,0.2654671
2742,-1.293785,0.21213691
2743,-1.3875291,0.3027433
2744,-1.5466698,0.3519845
2745,-1.4399341,0.27792168
2746,-1.9727881,0.39060125
2747,-0.12473517,0.7234899
2748,-1.3713832,0.2522701
2749,-0.72057676,0.23600644
2750,-1.5398614,0.23388647
2751,-1.6836206,0.23302013
2752,-1.3008958,0.16106986
2753,-0.23060457,0.7513522
2754,-2.0516865,0.3627164
2755,-0.40387648,0.42245623
2756,-0.5278001,0.39382815
2757,-1.0508417,0.18651982
2758,-1.4572651,0.38005152
2759,-1.4974285,0.26585543
2760,-1.1132739,0.24608126
2761,-1.5355405,0.3695839
2762,-0.64855576,0.23842975
2763,-0.9798358,0.4540399
2764,-1.1570325,0.48157138
2765,-0.53600705,0.310662
2766,-0.21719696,0.18226022
2767,-0.3716147,0.30885434
2768,-1.5344673,0.24613576
2769,-1.6701038,0.491089
2770,-1.3122083,0.25391904
2771,-0.22849552,0.5327616
2772,-0.5446959,0.30122852
2773,-0.95787925,0.51384926
2774,-1.1663316,0.2239871
2775,-0.40606907,0.39730012
2776,-0.97672766,0.27497002
2777,-1.8514981,0.32055002
2778,-0.5064861,0.62738085
2779,-0.26134187,0.20329934
2780,-1.7245485,0.4033452
2781,-1.6650075,0.3442161
2782,-1.4598547,0.251422
2783,-1.7251295,0.52378994
2784,-1.1493012,0.2837103
2785,-0.9632886,0.21097189
2786,-1.0499169,0.35876137
2787,-0.7032321,0.33874613
2788,-1.6849431,0.2461726
2789,-1.0483502,0.24354361
2790,-1.3385497,0.36431158
2791,-0.83002347,0.19784829
2792,-0.86832494,0.20551968
2793,-1.3086437,0.2738748
2794,-1.5559915,0.51427543
2795,-0.12532054,0.70512515
2796,-0.8314525,0.29547918
2797,-1.2225223,0.25106975
2798,-0.6687178,0.35418418
2799,-1.3118591,0.21852915
2800,-1.5778931,0.17030221
2801,-1.2157639,0.23154159
2802,-1.2251846,0.31952414
2803,-1.2048817,0.29788616
2804,-1.6347384,0.27410895
2805,-0.6391869,0.2895464
2806,-0.20976928,0.6813577
2807,-1.1325607,0.25968662
2808,-0.7643639,0.21644662
2809,-0.62675494,0.23989047
2810,-0.008957191,0.3058093
2811,-0.9021216,0.28635028
2812,-0.16289827,0.1779162
2813,-1.1231682,0.33040553
2814,-0.43999794,0.4664596
2815,-1.7577335,0.69645184
2816,-1.0909165,0.25965703
2817,-0.4581036,0.17571332
2818,-0.24632932,0.2560607
2819,-0.069859646,0.21645787
2820,-0.6006786,0.42794767
2821,-0.34436846,0.29971135
2822,-0.4859572,0.38158762
2823,-0.083718956,0.35132873
2824,-0.47320482,0.16282392
2825,-1.6827368,0.22839732
2826,-1.5238073,1.3257799
2827,-1.2136227,0.35216162
2828,-0.41822305,0.25124773
2829,-0.7701578,0.32731727
2830,-1.5959091,0.45154917
2831,-0.93742996,0.3700222
2832,-1.598115,0.3531264
2833,-1.7856393,0.3317515
2834,-1.4786799,0.2435022
2835,-0.8798463,0.37015858
2836,-0.7068374,0.3166613
2837,-1.4797966,0.30301863
2838,-1.4823003,0.22759748
2839,-0.40804765,0.26519462
2840,-1.8809687,0.16204594
2841,-1.2976615,0.56631106
2842,-1.4167495,0.22046937
2843,-1.1442338,0.3943375
2844,-0.14699665,0.31085306
2845,-0.74547744,0.24509811
2846,-1.9065622,0.23137805
2847,-0.7325261,0.3990583
2848,-1.5014167,0.30817756
2849,-1.724486,0.36724842
2850,-1.1293819,0.3085532
2851,-1.3498278,0.39766777
2852,-1.9541119,0.39340922
2853,-1.2251836,0.30465025
2854,-1.1812497,0.24166597
2855,-1.0530977,0.15816414
2856,-1.233207,0.35493752
2857,-1.1917807,0.23521821
2858,-1.5362154,0.3024819
2859,-1.3142151,0.69490397
2860,-0.62692523,0.60743546
2861,-2.0235648,0.3985609
2862,-0.7187282,0.34077176
2863,-1.1588786,0.19135116
2864,-0.3318958,0.49561313
2865,-0.25285575,0.29653835
2866,-0.6148803,0.21972786
2867,-1.0509624,0.30392018
2868,-1.7128966,0.47186512
2869,-1.5291264,0.29201773
2870,-1.2064203,0.4483296
2871,-0.23116319,0.14496966
2872,-1.9146442,0.8134977
2873,-0.08903815,0.2452426
2874,-0.97286725,0.28152326
2875,-1.9397033,0.36475787
2876,-1.241846,0.2664437
2877,-0.544235,0.24009591
2878,-1.7144929,0.2170079
2879,-1.2353585,0.25347692
2880,-1.3297136,0.5808405
2881,-0.05780263,0.5918777
2882,-0.12860554,0.5791083
2883,-1.6679218,0.4171454
2884,-0.8211087,0.32451078
2885,-0.3917224,0.33602583
2886,-1.4087983,0.2779444
2887,-0.4582235,0.7295581
2888,-1.4136257,0.19957413
2889,-1.3794441,0.3217248
2890,-0.5208813,0.5777251
2891,-0.5736524,0.41713336
2892,-1.1816297,0.13841076
2893,-0.32969007,0.3188312
2894,-0.7756992,0.19057521
2895,-0.26455793,0.20908576
2896,-0.80355024,0.41423923
2897,-1.2909175,0.2957688
2898,-1.0211656,0.67385626
2899,-1.3284866,0.27680257
2900,-0.59154385,0.23948258
2901,-0.36416027,0.20339382
2902,-1.3546417,0.21925999
2903,-1.0700208,0.20034665
2904,-1.3432039,0.22622673
2905,-0.12298416,0.19441576
2906,-1.1945792,0.22224784
2907,-0.19999796,0.7312927
2908,-0.5529359,0.3822452
2909,-1.3824204,0.2081272
2910,-1.2633958,0.34443957
2911,-1.6645554,0.3755803
2912,-0.38843137,0.18173078
2913,-1.5627643,0.39891514
2914,-0.8130393,0.31022552
2915,-1.0226438,0.16347112
2916,-0.55039084,0.4174429
2917,0.0077395514,0.17072192
2918,-0.8759196,0.14577252
2919,-1.8095727,0.4737636
2920,-1.1843762,0.40658468
2921,-1.6674744,0.2015802
2922,-1.0027125,0.24751306
2923,-0.7435583,0.1828635
2924,-1.3596504,0.39785585
2925,-0.90226114,0.4596372
2926,0.09638899,0.84036976
2927,-0.8040766,0.9259155
2928,-1.5497078,0.24210069
2929,-0.033686664,0.3251739
2930,-0.5173277,0.26661444
2931,-0.16577633,0.361868
2932,-1.2851275,0.19118626
2933,-0.6018837,0.38699996
2934,-1.484007,0.3762315
2935,-1.2559876,0.20837712
2936,-0.41513047,0.45778948
2937,-0.17442262,0.21415795
2938,-1.7001728,0.18212773
2939,-1.3829373,0.33222908
2940,-1.4532627,0.18721855
2941,-0.18078317,0.1673461
2942,-1.1999075,0.36041147
2943,-1.3091006,0.2793363
2944,-1.6708554,0.26659697
2945,-1.36576,0.19568567
2946,-1.6429008,0.270358
2947,-0.5842282,0.1898364
2948,-1.8342482,0.39162993
2949,-1.3853257,0.29237363
2950,-0.09126754,0.2603097
2951,-1.0065554,0.29620972
2952,-1.8934256,0.44524717
2953,-0.2812092,0.24596791
2954,-0.17134655,0.1968033
2955,-0.67094225,0.31923348
2956,-0.23408456,0.28074884
2957,-1.3109798,0.42379045
2958,-0.7878567,0.30035803
2959,-1.4723086,0.34952185
2960,-0.3556383,0.27688575
2961,-1.7093899,0.21630818
2962,-1.0221553,0.22924893
2963,-0.2653661,0.25995964
2964,-0.6165169,0.29489982
2965,-1.3608972,0.3659415
2966,-1.5627307,0.24470332
2967,-0.84466875,0.32070866
2968,-1.6655209,0.41980374
2969,-1.6111227,0.31529588
2970,-0.30067682,0.13589393
2971,-0.52631754,0.3852518
2972,-1.2418616,0.27860275
2973,-1.060724,0.36405572
2974,-1.4893122,0.26199004
2975,-1.0345365,0.27092108
2976,-1.4674362,0.34832427
2977,-1.6419191,0.36049578
2978,-1.3068968,0.3292336
2979,-0.30685803,0.697724
2980,-1.534984,0.37568468
2981,-1.2467169,0.26949483
2982,-0.4339639,0.36509144
2983,-0.42043722,0.26223525
2984,-0.65574205,0.3724618
2985,-0.85169786,0.3090651
2986,-0.983879,0.26503506
2987,-0.41608685,0.2905893
2988,-0.93270564,0.42324612
2989,-1.4626567,0.24191459
2990,-0.8378526,0.40591764
2991,-1.5273105,0.45846567
2992,-1.0062444,0.2455548
2993,-0.44145548,0.20677868
2994,-0.46135718,0.31455126
2995,-0.3765547,0.14418069
2996,-0.42488277,0.25255504
2997,-0.290891,0.24698626
2998,-1.4271371,0.39223492
2999,-0.63333,0.38579416
3000,-1.2276759,0.32000086
3001,-1.5508791,0.38033748
3002,-1.5382785,0.32375154
3003,-0.99486357,0.2268439
3004,-0.32572737,0.66581804
3005,-1.7623492,0.69234586
3006,-0.12933213,0.26201025
3007,-1.565993,0.20772557
3008,-0.34793815,0.32894456
3009,-0.66581154,0.27982223
3010,-0.88581276,0.15823591
3011,-1.4949679,0.40379134
3012,-1.5876633,0.30291373
3013,-1.3180512,0.19535382
3014,-1.1676446,0.23864745
3015,-0.061767206,0.24368219
3016,-0.87618786,0.49453855
3017,-1.1048914,0.33543354
3018,-1.8336234,0.2529191
3019,-1.1703767,0.24011008
3020,-1.7251749,0.27925408
3021,-1.2228295,0.28215584
3022,-1.1944969,0.3492501
3023,-1.0402079,0.2830423
3024,-1.4098141,0.22233714
3025,-1.9273515,0.43763614
3026,-0.08751373,0.38198644
3027,-0.6940674,0.30243966
3028,-0.5214487,0.40548894
3029,-1.570163,0.27041972
3030,-0.27338424,1.1621634
3031,-0.19111578,0.23954813
3032,-1.7373655,0.33747593
3033,-1.10614,0.3730857
3034,-0.047009006,0.15567076
3035,-1.6167248,0.2415685
3036,-1.3448929,0.3102954
3037,-1.6134071,0.22658147
3038,-1.4626743,0.18608612
3039,-0.7401502,0.2112947
3040,-1.4027975,0.24765149
3041,-1.5537429,0.2619423
3042,-0.5358233,0.24107069
3043,-1.3726041,0.23393239
3044,-0.51238316,0.26133928
3045,-1.1001996,0.18005545
3046,-1.3996445,0.23053032
3047,-1.0977973,0.19892062
3048,-1.3942082,0.44821382
3049,-0.08230507,0.51548356
3050,-0.42070264,0.27414033
3051,-0.9845686,0.44102624
3052,-1.3426453,0.2890678
3053,-1.188358,0.21206455
3054,-0.41105938,0.42402697
3055,-1.2828139,0.22060859
3056,-1.1539981,0.30159584
3057,-0.3708753,0.19008024
3058,-0.4696106,0.29876977
3059,-1.3075986,0.60112935
3060,-1.5421363,0.18330844
3061,-1.117863,0.22570348
3062,-0.093875386,0.35102144
3063,-1.6623466,0.24095951
3064,-0.3591434,0.9702165
3065,-0.40440112,0.14894813
3066,-1.7053341,0.33296457
3067,-1.6108745,0.41651908
3068,-0.2971998,0.38351017
3069,-0.18644129,0.15186314
3070,-0.4733418,0.2249196
3071,-0.6892226,0.4302358
3072,-1.7522061,0.50338197
3073,-0.21362992,0.64998287
3074,-1.4215412,0.29190695
3075,-0.3543276,0.5129953
3076,-0.20211639,0.30514148
3077,-0.95598596,0.22532101
3078,-0.82273495,0.462454
3079,-1.1180718,0.47822714
3080,-0.42129514,0.5827527
3081,-0.33027098,0.2801182
3082,-0.63459724,0.5817736
3083,-1.0024586,0.34749642
3084,-0.8594337,0.26896343
3085,-1.4702158,0.21413378
3086,-1.4650637,0.24025515
3087,-0.67500895,1.1219633
3088,-0.42794326,0.19045155
3089,-0.7336088,0.31202924
3090,-0.75272346,0.22964853
3091,-0.3656777,0.23260619
3092,-1.8877376,0.37811103
3093,-0.3874909,0.20042227
3094,-0.8693543,0.21725306
3095,-1.6663606,0.24932064
3096,-1.2584254,0.28581652
3097,-0.82107705,0.22352104
3098,-1.8878392,0.5104353
3099,-1.000244,0.1873202
3100,-1.6920232,0.30825096
3101,-0.3004804,0.71346813
3102,-0.42196423,0.16120137
3103,-0.95719725,0.3063502
3104,-0.2236341,0.23514509
3105,-1.7575186,0.35704896
3106,-1.0496109,0.304844
3107,-1.5106533,0.21774909
3108,-0.80756897,0.2495069
3109,-1.5044528,0.35156825
3110,-0.16147673,0.27140358
3111,-0.66813743,0.2656924
3112,-1.0074024,0.19654363
3113,-0.4245455,0.32033792
3114,-1.318317,0.3306723
3115,-0.70659584,0.2649314
3116,-0.6641026,0.20486324
3117,-0.8775046,0.27319852
3118,-0.29938823,0.80009454
3119,-0.8908053,0.45514372
3120,-0.6087668,0.24223296
3121,-1.1486586,0.30714005
3122,-1.7069919,0.2718604
3123,-1.5545852,0.30580717
3124,-1.4700996,0.19389732
3125,-1.5513132,0.15890388
3126,-1.0814234,0.2948918
3127,-1.3444339,0.22897053
3128,-1.4447824,0.2850507
3129,-1.0754665,0.2778654
3130,-0.94239515,0.22658695
3131,-0.10009714,0.15750769
3132,-0.41761518,0.7582803
3133,-1.7279894,0.24653924
3134,-1.7474104,0.46146163
3135,-0.10406349,0.26261842
3136,-1.8959572,0.23182185
3137,-0.8080781,0.25572994
3138,-1.0207634,0.27537632
3139,-0.0048653306,0.5300912
3140,-0.7934092,0.32872954
3141,-1.7478721,0.35951576
3142,-1.2711927,0.19234909
3143,-1.5736734,0.45415974
3144,-0.5898523,0.2591237
3145,-1.6069158,0.25311804
3146,-1.0668055,0.26151577
3147,-0.19067438,0.21015549
3148,-0.25126368,0.2047471
3149,-1.5593078,0.15782045
3150,-0.69066364,0.6119459
3151,-1.0778162,0.30407256
3152,-1.4407005,0.4151917
3153,-0.9286844,0.30733615
3154,-1.4705328,0.18964227
3155,-1.5270576,0.24376225
3156,-0.9886079,0.23223276
3157,-1.3493968,0.3280464
3158,-0.8902166,0.27689216
3159,-1.0794991,0.24061522
3160,-1.5841868,0.23403364
3161,-0.416934,0.20671193
3162,-0.72065717,0.33563596
3163,-1.1737652,0.2657009
3164,-0.61129695,0.25178978
3165,-1.0195384,0.26992995
3166,-1.064393,0.19151856
3167,-1.451451,0.22495389
3168,-1.0976769,0.19489612
3169,-1.3331621,0.19758745
3170,-1.2343327,0.23797415
3171,-1.4398677,0.19137956
3172,-1.2398275,0.17162402
3173,-1.4536862,0.2853101
3174,-1.3447751,0.37159586
3175,-1.7622976,0.36637127
3176,-0.35702786,0.2632126
3177,-1.384196,0.24498813
3178,-1.3252273,0.6756298
3179,-1.454408,0.30988038
3180,-0.22106348,0.7231433
3181,-1.41125,0.33717847
3182,-0.41143653,0.267717
3183,-1.028487,0.1713922
3184,-0.7740958,0.39424524
3185,-1.1502796,0.38346794
3186,-1.7353259,0.29882666
3187,-1.8180536,0.44084546
3188,-1.5070217,0.45929056
3189,-0.5729415,0.34847397
3190,-0.9932776,0.22111136
3191,-1.5400825,0.33856323
3192,-1.3856566,0.35471085
3193,-1.165707,0.2664445
3194,-0.27935424,0.28878883
3195,-0.72808933,0.24538332
3196,-0.33128944,0.17088544
3197,-1.6150645,0.22116911
3198,-1.3400431,0.24882357
3199,-1.1056632,0.2620196
3200,-1.2780697,0.2236658
3201,-0.38474593,0.26572305
3202,-1.1007676,1.8958157
3203,-0.88672936,0.44944274
3204,-1.6121017,0.28266254
3205,-0.9128797,0.19376895
3206,-1.3737011,0.25182363
3207,-1.0144385,0.25129443
3208,-1.5960538,0.27926153
3209,-1.0253283,0.14961654
3210,-0.4133953,0.27854997
3211,-1.2429307,0.50998425
3212,-0.8201127,0.16422069
3213,-1.6257949,0.34786785
3214,-1.0553817,0.23422815
3215,-1.5397857,0.23878694
3216,-1.4400878,0.36762342
3217,-0.92057014,0.30301976
3218,-1.7003418,0.23109719
3219,-0.24643293,0.25529668
3220,-1.5037953,0.39289075
3221,-1.4887989,0.27187082
3222,-1.581546,0.40995428
3223,-0.9216068,0.26208955
3224,-1.0654099,0.28391173
3225,-1.892461,0.45526576
3226,-0.04711244,0.15149474
3227,-1.6310782,0.15338112
3228,-0.9345309,0.3968702
3229,-0.8515882,0.24486302
3230,-1.7835174,0.47649705
3231,-0.8393429,0.37205264
3232,-1.1648004,0.31029585
3233,-1.4418645,0.23022753
3234,-1.5639299,0.35991085
3235,-1.2543457,0.24025105
3236,-1.1411662,0.15940042
3237,-0.3461622,0.27903205
3238,-1.82631,0.29058734
3239,-1.3067058,0.3091376
3240,-0.9307382,0.3112776
3241,-1.8401868,0.43014327
3242,-1.220898,0.20573218
3243,-1.6684488,0.4248038
3244,-1.445266,0.27606294
3245,-1.1821268,0.3245354
3246,-1.4299027,0.45854592
3247,-0.1404826,0.28106335
3248,-1.574848,0.21514127
3249,-0.39763287,0.17069443
3250,-0.28598866,0.326475
3251,-1.3993772,0.17651175
3252,-0.46862578,0.269625
3253,-0.9214875,0.29905236
3254,-0.3913441,0.2742422
3255,-1.5450213,0.24890664
3256,-1.8373661,0.23336177
3257,-0.58998615,0.22524858
3258,-1.0877639,0.28436014
3259,-0.45341116,0.550348
3260,-0.36799234,0.3311286
3261,-0.18828833,0.3467219
3262,-1.3115377,0.1683629
3263,-1.1863132,0.15975462
3264,-0.42747825,0.18600076
3265,-0.3795161,0.30624214
3266,-1.3291783,0.27654803
3267,-1.5855527,0.20408782
3268,-0.5935836,0.20531338
3269,-1.909783,0.35263398
3270,-0.080106184,0.5163611
3271,-1.4646608,0.31554416
3272,-1.6477796,0.3813978
3273,-0.58736163,0.33735946
3274,-1.5560586,0.2980356
3275,-0.15594961,0.1312696
3276,-1.348651,0.3224829
3277,-0.4167208,0.79476506
3278,-1.6236103,0.27058572
3279,-0.18796429,0.28876418
3280,-0.42134732,0.22604442
3281,-1.3460726,0.25747767
3282,-0.1887214,0.7004361
3283,-1.6505859,0.44886482
3284,-1.8627464,0.27375495
3285,-0.38257977,0.26557785
3286,-1.660182,0.36082307
3287,-0.11686072,0.17179647
3288,-1.6922671,0.4210617
3289,-1.8754003,0.24831592
3290,-0.47205323,0.5714562
3291,-2.0567894,0.43319106
3292,-1.2171273,0.2298268
3293,-0.7865962,0.32533655
3294,-1.7627808,0.20021062
3295,-1.1084061,0.5097159
3296,-0.748197,0.34694895
3297,-1.2614325,0.2765637
3298,-1.5125672,0.20265712
3299,-0.7445643,0.24818604
3300,-0.47393277,0.4440698
3301,-1.7102064,0.28457427
3302,-1.0967954,0.32214165
3303,-1.7257171,0.4022801
3304,-1.1754588,0.17172392
3305,-0.15899149,0.9207709
3306,-1.0472112,0.22069135
3307,-1.4120821,0.3578777
3308,-1.771614,0.45570555
3309,-0.8100314,0.238223
3310,-1.0789361,0.3251246
3311,-1.6792713,0.42799816
3312,-1.5735619,0.3130407
3313,-1.2196804,0.28318858
3314,-1.0668083,0.1770727
3315,-0.78126216,0.35451236
3316,-1.5056858,0.2366634
3317,-1.6587474,0.42944175
3318,0.04335625,1.104444
3319,-0.7698987,0.3094654
3320,-0.7503055,0.22875023
3321,-1.1595451,0.4263858
3322,-0.72088027,0.24336517
3323,-0.98872566,0.25784603
3324,-0.3890571,0.15333186
3325,-0.8169968,0.70278364
3326,-0.74664605,0.23473862
3327,-1.5136182,0.24651508
3328,-0.91538197,0.4088813
3329,-0.98748606,0.26094162
3330,-0.6393562,0.29804966
3331,-0.36947146,0.2501394
3332,-1.6400623,0.28641778
3333,-1.2034246,0.17938867
3334,-1.1738577,0.5234223
3335,-0.18631451,0.17632234
3336,-0.35125956,0.33602208
3337,-1.03368,0.26814997
3338,-0.44026574,0.23212875
3339,-0.83296996,0.3754786
3340,-0.14498965,0.7150197
3341,-1.1861194,0.2633213
3342,-1.222289,0.2585754
3343,-2.0421803,0.39340526
3344,-1.7264022,0.4049192
3345,-0.23003444,0.27952072
3346,-1.2487198,0.35358605
3347,-0.8658947,0.16106045
3348,-0.36962244,0.586594
3349,-1.5359204,0.32167143
3350,-1.5153996,0.19700508
3351,-0.044819433,0.36580333
3352,-1.5062336,0.23820099
3353,-1.3535831,0.2179668
3354,-1.1337187,0.1556948
3355,-1.1852763,0.30313125
3356,-1.3823918,0.17783661
3357,-0.19501138,0.7214343
3358,-0.45406252,0.4301522
3359,-1.4791946,0.18951309
3360,-1.3399963,0.33011582
3361,-1.8526286,0.30003524
3362,-0.65155506,0.31228894
3363,-1.4419389,0.238216
3364,-1.5242261,0.25113752
3365,-0.17346522,0.16097236
3366,-1.0663576,0.24227542
3367,-1.3842961,0.1238738
3368,-0.83538526,0.41103107
3369,-1.0227237,0.21606667
3370,-0.28255045,0.6588191
3371,-0.39193338,0.34851068
3372,-1.3693426,0.44137844
3373,-1.0732961,0.18867277
3374,-0.34595495,0.3147262
3375,-1.4952307,0.41067404
3376,-1.408897,0.20335893
3377,-0.039146435,0.40652382
3378,-0.62717175,0.24188319
3379,-0.9190715,0.28760996
3380,-0.9152407,0.272459
3381,-1.0831038,0.20688201
3382,-1.5512589,0.48805618
3383,-0.8676456,0.4050134
3384,-0.795951,0.34778532
3385,-1.0619651,0.18926905
3386,-1.5493906,0.32916558
3387,-1.4066999,0.27958485
3388,-1.0014828,0.19754298
3389,-0.3325584,0.27458915
3390,-1.1408389,0.34726858
3391,-1.4664103,0.24465612
3392,-1.5540001,0.21267284
3393,-0.8048438,0.31133708
3394,-0.6231835,0.2930886
3395,-1.1493661,0.2853439
3396,-1.5510104,0.35887885
3397,-1.1364838,0.28513968
3398,-1.3620883,0.2357802
3399,-0.5417168,0.26609927
3400,-0.5085066,0.3496594
3401,-1.566167,0.26353082
3402,-0.70764685,0.5915759
3403,-0.55399513,0.19479218
3404,0.20817687,0.32702646
3405,-1.046945,0.28019214
3406,-0.21439348,0.85406953
3407,-0.40974972,0.22128735
3408,-0.04157207,0.1644959
3409,-1.7199593,0.17430724
3410,-0.20581152,0.5805609
3411,-1.2485437,0.22203442
3412,-1.0411255,0.21948238
3413,-1.355686,0.21296628
3414,-0.26944387,0.26269862
3415,-0.55510074,0.25957426
3416,-1.3964409,0.3271792
3417,-1.1244018,0.6724584
3418,-0.49907434,0.3561326
3419,-1.6664987,0.3739404
3420,-1.3703351,0.38901457
3421,-0.8986516,0.22144032
3422,-1.4589388,0.1934662
3423,-0.08224859,0.22146356
3424,-1.4558468,0.17646177
3425,-0.27430892,0.49098662
3426,-1.4272903,0.31521085
3427,-0.80353785,0.71579456
3428,-1.4632133,0.1612335
3429,-0.390291,0.63797504
3430,-1.2835066,0.16098017
3431,-0.82400715,0.3617112
3432,-0.49755284,0.31724906
3433,-0.57390857,0.5109475
3434,-0.8166567,0.43779132
3435,-1.5075462,0.2361409
3436,-0.695178,0.56992716
3437,-0.8398265,0.24322145
3438,-0.7350289,0.38936386
3439,-0.46498093,0.3131956
3440,-0.43227622,0.16853313
3441,-0.0318503,0.3135857
3442,-0.02009507,0.35726088
3443,-1.1062684,0.9089542
3444,-0.20372416,0.25013977
3445,-1.0717732,0.24769291
3446,-0.9415815,0.20491892
3447,-1.0190595,0.3834823
3448,-0.39102778,0.29688781
3449,-1.2942516,0.31045625
3450,-1.3430141,0.24787965
3451,-0.64922464,0.4392032
3452,-0.41435686,0.4434324
3453,-0.23744494,0.21256272
3454,-1.1329272,0.32195202
3455,-1.3976133,0.25600266
3456,-1.5986295,0.15070891
3457,-0.94710565,0.23232983
3458,-1.4841424,0.33281204
3459,-0.5226262,0.34989217
3460,-0.24303544,0.26062483
3461,-1.3652608,0.19087702
3462,-0.015488782,0.6161018
3463,-1.6020389,0.37024167
3464,-0.79276484,0.28739944
3465,-0.9017702,0.31530067
3466,-0.29045215,0.2840695
3467,-1.9480524,0.44059446
3468,-0.66268873,0.3020829
3469,-0.7481543,0.2895257
3470,0.05246959,0.17134207
3471,-1.7333357,0.6836003
3472,-1.5741426,0.15369762
3473,-0.3322704,0.2756056
3474,-0.07606599,0.174601
3475,-0.2243964,0.31899166
3476,-1.1366391,0.24143669
3477,-1.3249906,0.15868765
3478,-1.445565,0.21252751
3479,-0.8817688,0.22543189
3480,-1.7082975,0.26886114
3481,-1.152433,0.2651256
3482,-1.2463076,0.2617622
3483,-0.37793574,0.81779057
3484,-1.3926221,0.45196098
3485,-0.9520202,0.2720774
3486,-1.0708765,0.31513304
3487,-0.027404193,0.751126
3488,-0.5013325,0.56694233
3489,-1.3493111,0.32151008
3490,-1.1407332,0.2667402
3491,-0.98286897,0.2949201
3492,-1.5773549,0.22883655
3493,-1.4853446,0.2182626
3494,-0.33798793,0.23908019
3495,-0.4118566,0.56715447
3496,-0.65544593,0.28906536
3497,-0.9315903,0.28544465
3498,-1.816962,0.68159616
3499,-0.29241174,0.4439711
3500,-1.5173326,0.32445166
3501,-1.8958224,0.4876359
3502,-0.26535523,0.1947225
3503,-0.6399847,0.26680982
3504,-1.6405144,0.37338716
3505,-1.5064546,0.23330265
3506,-1.50312,0.31830308
3507,-0.5018565,0.19230151
3508,-0.7939895,0.3340409
3509,-1.1152831,0.34160343
3510,-1.0783329,0.48400852
3511,-1.6104252,0.2689156
3512,0.039482456,0.1629467
3513,-1.8409767,0.261597
3514,-1.2423058,0.20759219
3515,-1.9425141,0.37913096
3516,-1.3435308,0.15890789
3517,-0.76751596,0.25495252
3518,-1.7094346,0.24659884
3519,-0.923449,0.28349638
3520,-1.6392622,0.40236846
3521,-0.78357077,0.35667202
3522,-1.1557733,0.35839635
3523,-2.2231402,0.50804055
3524,-1.4196492,0.42406416
3525,-1.5414711,0.3807905
3526,-1.0141371,0.34418046
3527,-1.0401381,0.2050319
3528,-1.3346487,0.46098644
3529,-1.3819009,0.37593606
3530,-0.15229183,0.22151993
3531,-1.5105938,0.36032888
3532,-0.21717142,0.39130357
3533,-1.3593326,0.1752115
3534,-0.67788756,0.36372137
3535,-0.20316884,0.73027617
3536,-0.5584116,0.5242524
3537,-0.18303536,0.22729765
3538,-1.1704934,0.57383883
3539,-0.19636548,0.28983465
3540,0.2832493,0.5422927
3541,-0.4716515,0.16642775
3542,-1.3577923,0.26503745
3543,-1.5792161,0.16434193
3544,-0.43388465,0.20184638
3545,-1.352666,0.23872933
3546,-0.15998824,0.32236415
3547,-1.0090705,0.26978305
3548,-1.3058733,0.39644024
3549,-0.054396912,0.30911162
3550,-0.9915593,0.15544121
3551,-1.4493119,0.32711184
3552,-0.032400552,0.1651213
3553,-1.3365533,0.37279108
3554,-1.3334217,0.2620244
3555,-1.2312571,0.33121613
3556,-1.7153747,0.2785074
3557,-1.1380073,0.24424997
3558,-0.54794043,0.1583433
3559,-1.6671716,0.46048626
3560,-1.1895479,0.33952585
3561,-1.1997236,0.32115626
3562,-1.2130184,0.30648145
3563,-0.58230746,0.36842296
3564,-1.6599085,0.30774224
3565,-1.0813621,0.24941747
3566,-1.1493673,0.24543005
3567,-1.3506193,0.38133278
3568,-0.036311127,0.5098001
3569,-2.5661054,0.719213
3570,-1.1348361,0.17836918
3571,-0.78484136,0.29413792
3572,-1.8132955,0.45261827
3573,-1.1934048,0.25213888
3574,-0.30704942,0.15859906
3575,-1.6751446,0.4493411
3576,-0.8989143,0.30882996
3577,-1.6835052,0.32415995
3578,-1.2871256,0.36401713
3579,-0.53343725,0.20347047
3580,-0.34957558,0.33495727
3581,-0.602768,0.22266485
3582,-0.6929748,0.4106214
3583,-0.938013,0.38625535
3584,-1.1517843,0.21189322
3585,-1.4932606,0.26036686
3586,-1.3908008,0.22025812
3587,-1.537008,0.36652905
3588,-0.21074939,0.24968697
3589,-0.15250763,0.15475146
3590,-1.5067016,0.30028477
3591,-1.4619,0.24051441
3592,-0.35776594,0.19402678
3593,-0.91946995,0.566486
3594,-0.97220147,0.3836116
3595,-0.84872574,0.30899003
3596,-1.9192182,0.2583823
3597,-0.111280344,0.7677526
3598,-0.45032537,0.2954224
3599,-1.1375949,0.32345188
3600,-0.7866821,0.4909012
3601,-0.21354689,0.34487593
3602,-0.88032025,0.38820988
3603,-0.7825221,0.32780385
3604,-0.071065955,0.22433962
3605,-0.9351236,0.35161522
3606,-0.53637093,1.0807576
3607,-1.3668789,0.28291157
3608,-0.25404328,0.19569826
3609,-1.3988072,0.22338323
3610,-1.5038625,0.3098315
3611,-1.0826547,0.34472898
3612,-2.1415489,0.38243964
3613,-1.8809633,0.37513477
3614,-1.3967003,0.219626
3615,-1.4804987,0.1846588
3616,-1.532695,0.33289
3617,-1.2255124,0.56862134
3618,-1.0006031,0.40471563
3619,-0.19090307,0.25682884
3620,-0.687651,0.3188956
3621,-1.573137,0.2817071
3622,-1.0647912,0.21709213
3623,-1.0028017,0.41452497
3624,-1.3412175,0.27669686
3625,-1.9780077,0.30704242
3626,-0.5749109,0.26236728
3627,-1.6148821,0.28920236
3628,-1.0978003,0.2320503
3629,-1.2600267,0.23548488
3630,-0.11264358,0.7012054
3631,-0.13701728,0.8022689
3632,-1.2397274,0.27619568
3633,-0.11300805,0.1577592
3634,-0.40425614,0.32936624
3635,-0.22322653,0.766929
3636,-0.6072965,0.24977691
3637,-1.2074865,0.3557181
3638,-1.1704637,0.2279778
3639,-2.0420558,0.27998725
3640,-1.6662347,0.29865864
3641,-1.4262179,0.2748343
3642,-0.50931346,0.41456428
3643,-0.036260393,0.72620225
3644,-0.86538815,0.2061596
3645,-0.7948688,0.49778223
3646,-1.4385896,0.20642935
3647,-0.96134424,0.32094213
3648,-1.3891329,0.34332576
3649,-0.48537776,0.23675789
3650,-0.85003346,0.30993205
3651,-2.0631263,0.4659942
3652,-1.5164542,0.18304466
3653,-1.384075,0.36136174
3654,-1.0446949,0.27581164
3655,-0.9693226,0.29956594
3656,-1.4424355,0.28868294
3657,-0.9767311,0.3913197
3658,-0.3912721,0.39187828
3659,-1.1267216,0.30954647
3660,-0.39031097,0.30355522
3661,-0.9127819,0.19439916
3662,-1.4096557,0.28036144
3663,-0.098487146,0.2779485
3664,-1.5784241,0.18601409
3665,-1.5267494,0.27326137
3666,-0.1913114,0.2184273
3667,-0.2995315,0.7845543
3668,-1.6114643,0.28612345
3669,-0.22008377,0.21521898
3670,-1.0647917,0.2084351
3671,-1.5345507,0.20475128
3672,-0.89671427,0.509809
3673,-1.4104886,0.17578475
3674,-0.13027027,0.24742615
3675,-1.1430758,0.2244894
3676,-1.2748221,0.377261
3677,-1.2011381,0.30771595
3678,-0.88604635,0.24365889
3679,-1.1024494,0.40355662
3680,-1.7408831,0.2507699
3681,-1.395005,0.19542223
3682,-1.3106692,0.1626633
3683,-1.4207981,0.49347046
3684,-0.41249725,0.77099484
3685,-1.2732662,0.25528705
3686,-0.025088407,0.3084473
3687,-1.7539747,0.3443823
3688,-1.3165247,0.21414346
3689,-1.5935003,0.22852379
3690,-0.9282781,0.3552648
3691,-0.7042757,0.22595328
3692,-0.6695367,0.2281997
3693,-1.5684777,0.26764774
3694,-0.51840323,0.8983285
3695,-1.3357564,0.210948
3696,-1.5481968,1.0964986
3697,-0.73799354,0.19737317
3698,-0.5295765,0.28454253
3699,-1.4589318,0.42278033
3700,-0.62137765,0.31013536
3701,-1.4954665,0.24273984
3702,-0.4085982,0.32445502
3703,-0.19099556,0.1456679
3704,-0.8956563,0.35363337
3705,-0.6404559,0.27626187
3706,-1.4218982,0.23586088
3707,-0.84621215,0.35062012
3708,-1.9880263,0.4618503
3709,-0.2077283,0.121890016
3710,-0.80944973,0.33297324
3711,-1.4283037,0.40225866
3712,-1.466272,0.28150886
3713,-0.6147276,0.21872845
3714,-1.3187861,0.7884744
3715,-0.45510033,0.34671912
3716,-1.7650449,0.3547626
3717,-0.3721624,0.25159928
3718,-0.5556428,0.14928035
3719,-0.5333218,0.6041289
3720,-0.68876284,0.32308576
3721,-1.3683786,0.36618835
3722,-0.17521212,0.46712577
3723,-1.2403271,0.266736
3724,-0.56744194,0.65310353
3725,-0.25200677,0.2856211
3726,0.09150652,0.45774657
3727,-1.6167922,0.31256077
3728,-0.97601074,0.23851876
3729,-0.096260786,0.36917967
3730,-1.0726701,0.24239877
3731,-1.1654029,0.3243195
3732,-0.8531933,0.23256744
3733,-0.6100079,0.44880643
3734,-0.42085811,0.20105484
3735,-0.8557356,0.5747195
3736,-0.43229386,0.2796772
3737,-1.5446446,0.38818356
3738,-1.0014224,0.15656501
3739,-1.5284584,0.30909818
3740,-1.0309144,0.2860534
3741,-1.3139368,0.3236052
3742,-1.0863501,0.3013454
3743,-2.0059357,0.4038118
3744,-1.3993763,0.3472113
3745,-1.0008997,0.26491123
3746,-1.9023219,0.68301386
3747,-1.0435963,0.23696235
3748,-1.2284397,0.23935336
3749,-1.1510133,0.34385788
3750,-1.2538561,0.59110487
3751,-0.3252811,0.23994678
3752,-1.2278458,0.22645351
3753,-0.84552544,0.28263968
3754,-1.3571458,0.28562787
3755,-1.3238878,0.24544275
3756,-1.2383287,0.13653675
3757,-0.05253967,0.4213534
3758,-0.05758994,0.17125116
3759,-0.60883194,0.29355705
3760,-1.2522919,0.1825563
3761,-1.6511989,0.20061544
3762,-1.398241,0.38644096
3763,-1.5318033,0.23511098
3764,-0.46296573,0.2580381
3765,-1.2704209,0.2747391
3766,-1.7020327,0.16161662
3767,-1.6126417,0.49707893
3768,-1.320846,0.32264644
3769,-0.9282216,0.366867
3770,-1.3296129,0.24586473
3771,-1.187965,0.19849709
3772,-1.1256497,0.31311476
3773,-1.0396706,0.22912052
3774,-1.3929253,0.20858017
3775,-1.1493657,0.12689207
3776,-0.0710574,0.6862034
3777,-1.7029829,0.16306935
3778,-1.31531,0.23562907
3779,-0.63754135,0.6003273
3780,-0.75310975,0.1954465
3781,-0.8312097,0.31419173
3782,-1.8664573,0.3779826
3783,-0.30179384,0.29818615
3784,-1.2193568,0.2609624
3785,-0.17318152,0.23783031
3786,-1.4539651,0.22933047
3787,-1.3135762,0.25036317
3788,-1.1118681,0.29523656
3789,-0.1660544,0.48102865
3790,-0.298313,0.40347043
3791,-0.3352653,0.26995182
3792,-0.6843625,0.33176395
3793,-1.4377545,0.32525286
3794,-0.68582416,0.9388707
3795,-2.2415416,0.5321363
3796,-1.570268,0.36045316
3797,-1.6637,0.21556073
3798,-2.0123346,0.32939363
3799,-1.5779915,0.4211515
3800,-1.3471074,0.23972583
3801,-1.0729952,0.3421376
3802,-1.482344,0.22064753
3803,-0.4613699,0.25730807
3804,-0.24589446,0.77896327
3805,-0.8755981,0.18723193
3806,-0.6680193,0.31479254
3807,-0.87012935,0.22774921
3808,-1.3636003,0.31619748
3809,-1.7851832,0.3376949
3810,-1.4136449,0.30231088
3811,-1.0852439,0.25546092
3812,-0.90609753,0.17826088
3813,-1.5304841,0.45380926
3814,-0.94840366,0.38011733
3815,-0.48823228,0.29793036
3816,-0.22902131,0.79981905
3817,-1.3263144,0.24738742
3818,-1.8566926,0.37131333
3819,-1.2692336,0.22036837
3820,-0.44664946,0.20089841
3821,-0.8621851,0.29549563
3822,-0.59531015,0.18677555
3823,-1.5563234,0.3384742
3824,-0.9377995,0.25632945
3825,-1.8259172,0.2538982
3826,-1.6067365,0.25265297
3827,-1.6213458,0.4544548
3828,-1.5959909,0.47072694
3829,-1.2527987,0.4183229
3830,-0.542903,0.74712694
3831,-0.9733362,0.77599
3832,-0.7989144,0.3047799
3833,-1.2518206,0.18197551
3834,-1.4566582,0.23397975
3835,-2.0011356,0.55975187
3836,-0.5927515,0.4612784
3837,-0.6835105,0.24783362
3838,-1.0624026,0.43083635
3839,-1.7917594,0.1903526
3840,-1.1751289,0.34217125
3841,-1.0111978,0.23408253
3842,-0.7356247,0.27205718
3843,-1.4907027,0.19791013
3844,-0.63685,0.23521566
3845,-0.72408783,0.43200615
3846,-0.23414192,0.19289488
3847,-1.6180649,0.16802974
3848,0.19160745,0.15886195
3849,-1.7514523,0.64314306
3850,-0.67693526,0.20058174
3851,-1.0901111,0.32580256
3852,-1.1143216,0.18895295
3853,-1.305063,0.28166586
3854,-0.037130903,0.14545725
3855,-0.8272409,0.25342104
3856,-0.5877381,0.3230046
3857,-2.1058958,0.43038046
3858,-0.916492,0.3369534
3859,-1.3249115,0.24517868
3860,-0.103653036,0.19718914
3861,-1.5122929,0.20131083
3862,-1.4274443,0.2909201
3863,-1.6912235,0.30474564
3864,-1.3009292,0.35000306
3865,-1.538173,0.26585126
3866,-0.51711756,0.9342404
3867,-1.6538286,0.2560663
3868,-1.652207,0.2854759
3869,-1.1507884,0.24041317
3870,-0.927755,0.21317996
3871,-1.5536901,0.34030858
3872,-0.4995237,0.32751983
3873,-1.5302101,0.20487426
3874,-0.11137704,0.2498182
3875,-1.7282169,0.23906286
3876,-0.38308886,0.49319008
3877,-0.27982882,0.34166464
3878,-0.51349264,0.32591045
3879,-0.9537627,0.4166566
3880,-1.5875823,0.4158986
3881,-1.1106194,0.20648307
3882,-1.2004513,0.3100324
3883,-0.9702687,0.4616297
3884,-1.7985076,0.2623746
3885,-0.5353767,0.20834687
3886,-1.6688454,0.35703233
3887,-0.30345014,0.15637009
3888,-1.3952469,0.33956686
3889,-0.12251481,0.24773277
3890,-0.49905103,0.18056169
3891,-0.28495353,0.17494729
3892,-1.2603196,0.23065981
3893,-1.5413888,0.27466932
3894,-1.25704,0.2210171
3895,-1.4066627,0.33973148
3896,-0.9677731,0.56136435
3897,-0.51520914,0.23754145
3898,-0.642332,0.35477483
3899,-1.3144271,0.2772029
3900,-1.42326,0.1748611
3901,-1.7626894,0.26846325
3902,-0.6196475,0.33619577
3903,-1.0034398,0.3902502
3904,-1.3877571,0.26514658
3905,-1.5766319,0.24748279
3906,-1.6596917,0.37591878
3907,-1.3151153,0.5487805
3908,-0.8912192,0.3469922
3909,-1.5095582,0.22724421
3910,-0.24232116,0.94900835
3911,-1.072257,0.27860215
3912,-1.3013977,0.26847523
3913,-0.9678511,0.29917192
3914,-0.14059235,0.20987645
3915,-0.36437747,0.25916982
3916,-1.4859391,0.32994038
3917,-1.5152574,0.26482418
3918,-1.5550286,0.38953012
3919,-0.8263958,0.45755497
3920,-0.51182795,0.30270433
3921,-0.8464373,0.23200563
3922,-1.5735455,0.20761912
3923,-0.2751082,0.2972284
3924,-1.1080709,0.2180384
3925,-1.4347254,0.415415
3926,-1.308295,0.29301712
3927,-1.9847137,0.49342096
3928,-1.263231,0.22209796
3929,-0.30287677,0.23318358
3930,-0.15642191,0.22939444
3931,-0.30846736,0.15859433
3932,-1.7446309,0.2628203
3933,-1.2265795,0.33501768
3934,-1.3727689,0.24259266
3935,0.07071838,0.33237624
3936,-1.0204977,0.45922914
3937,-0.7848628,0.40231574
3938,-1.2117959,0.24027012
3939,-0.37635896,0.20784031
3940,-0.51297534,0.17046683
3941,-0.24782175,0.19629484
3942,-1.5203453,0.24226816
3943,-1.471105,0.26310912
3944,0.07779388,0.24438995
3945,-1.1226896,0.16448437
3946,-0.935577,0.23310132
3947,-1.3612376,0.3304228
3948,-1.4810884,0.2517485
3949,-0.2395141,0.28667805
3950,-0.89245117,0.5116798
3951,-1.7102188,0.20434207
3952,-1.2414478,0.2296969
3953,-1.3250362,0.25701058
3954,-1.0755298,0.46885285
3955,-1.4390883,0.51659536
3956,-1.3563952,0.27826563
3957,-1.774464,0.17693754
3958,-0.7994607,0.24727803
3959,-0.75038606,0.2181139
3960,-1.2603737,0.19025747
3961,-1.122188,0.22009782
3962,-0.9709031,0.22977373
3963,-1.4871855,0.16918083
3964,-1.6587998,0.36463827
3965,-0.5773942,0.30441782
3966,-0.542403,0.26678118
3967,-0.5779809,0.19178489
3968,-1.1591952,0.20480236
3969,-0.7044442,0.31319764
3970,-1.2855004,0.366157
3971,-0.55114305,0.5783387
3972,-0.4591481,0.34014344
3973,-1.4344596,0.33193517
3974,-0.5581566,0.21070726
3975,-0.29650846,0.32079688
3976,-1.4343069,0.23561367
3977,-0.7890551,0.26455224
3978,-0.27341312,0.31431007
3979,-1.8675051,0.23559137
3980,-1.3582612,0.21890955
3981,-1.4426425,0.1726663
3982,-0.82026434,0.18338281
3983,-2.0819952,0.43700504
3984,-0.42344138,0.3369539
3985,-0.8682305,0.42592302
3986,-1.1164658,0.32968295
3987,-1.9782315,0.43439952
3988,-0.9538088,0.32434985
3989,-1.3346614,0.15616173
3990,-1.5829397,0.36804736
3991,-0.80885106,0.29909232
3992,-1.230839,0.3514556
3993,-0.82981384,0.44810686
3994,-0.36185482,0.3015369
3995,-0.9065065,0.30929515
3996,-1.4092575,0.3086961
3997,-1.3214924,0.19608779
3998,-0.68615884,0.28460637
3999,-0.5041679,0.27604774
4000,-0.3080451,0.18645868
4001,-1.3380023,0.15051024
4002,-1.4804221,0.29445803
4003,-1.1772223,0.26825687
4004,-1.3766422,0.3774223
4005,-1.6889498,0.3264601
4006,-1.5836339,0.35290545
4007,-0.86007565,0.16146018
4008,-1.7207658,0.47504807
4009,-0.859276,0.29883692
4010,-1.0940821,0.31705198
4011,-1.3227688,0.21662107
4012,-1.0808389,0.6321748
4013,-1.4896199,0.37967396
4014,-0.32106274,0.24645528
4015,-1.7377074,0.28302395
4016,-0.78090173,0.3221496
4017,-1.3443565,0.20319758
4018,-0.6045853,0.21985015
4019,-1.3846298,0.25916934
4020,-1.1483349,0.51162434
4021,-1.7542746,0.3640123
4022,-0.34694362,0.32203105
4023,-1.2246722,0.23024887
4024,-1.2532109,0.2557327
4025,-0.6581229,0.2656175
4026,-1.5812778,0.20556776
4027,-0.93475914,0.39666963
4028,-1.5561316,0.31311572
4029,-1.184423,0.22880432
4030,-1.4604441,0.19589481
4031,-0.42090613,0.5360453
4032,-0.64088815,0.5064959
4033,-1.5086787,0.41277182
4034,-1.5226636,0.3065886
4035,-0.8036173,0.25749704
4036,-0.16989188,0.2178687
4037,-0.7895192,0.49734116
4038,-0.6406667,0.2227264
4039,-0.03232951,0.24785599
4040,-1.330006,0.16046505
4041,-1.6145289,0.49924505
4042,-1.4468858,0.31801364
4043,-1.0873412,0.1634456
4044,-1.6625636,0.35036895
4045,-1.3252116,0.27575856
4046,-1.0540001,0.34537545
4047,-1.3744973,0.21650586
4048,-1.7945536,0.46575332
4049,-1.421989,0.27422673
4050,-0.34317672,0.58620906
4051,-0.4367544,0.18703814
4052,-1.1171105,0.42220396
4053,-1.6411036,0.28146356
4054,-0.37539676,0.20300935
4055,-1.2849823,0.23850204
4056,-0.80316526,0.47657812
4057,-1.0556422,0.18692736
4058,-0.77024883,0.8460122
4059,-0.8556966,0.30985802
4060,-0.75818914,0.35679084
4061,-0.9461138,0.18839829
4062,-1.2239565,0.5207849
4063,-1.6756968,0.544393
4064,-0.53653544,0.31415153
4065,-1.2907134,0.2846857
4066,-1.525509,0.24992746
4067,-0.72502756,0.36150295
4068,-0.43305287,0.5999899
4069,-0.57175016,0.2806766
4070,-0.46175784,0.31506538
4071,-1.642097,0.29444864
4072,-0.23717445,0.19582476
4073,-0.8729371,0.2535786
4074,-1.3012272,0.23507068
4075,-1.2967834,0.17764102
4076,-1.5544066,0.5328227
4077,-1.7640623,0.32235962
4078,-1.595285,0.26792255
4079,-1.013966,0.24354935
4080,-0.5479566,0.2757543
4081,-0.2594519,0.5043621
4082,-1.5076869,0.1734622
4083,-1.7539183,0.31494087
4084,-1.592055,0.23200226
4085,-1.1603999,0.17242046
4086,-1.3341932,0.19605461
4087,-1.0879434,0.21919717
4088,-0.5213211,0.28704792
4089,-0.50036645,0.33764884
4090,-0.6376353,0.24352403
4091,-1.2083914,0.18805933
4092,-1.5670081,0.4051838
4093,-1.4378719,0.271574
4094,-1.3073726,0.30224577
4095,-1.4687437,0.33091354
