,mean,sd
0,-1.3099262,0.52969533
1,-1.3626624,0.5839898
2,-0.8169903,0.45460668
3,-0.66135126,0.467104
4,-0.46405235,0.36355546
5,-1.2614964,0.50665754
6,-1.3608725,0.5574872
7,-0.8389277,0.41634363
8,-1.2085706,0.5218201
9,-1.1610912,0.5046128
10,-0.83703977,0.49207196
11,-0.9481807,0.5385547
12,-0.8428851,0.46627697
13,-0.7395804,0.44734082
14,-0.8777334,0.43593478
15,-1.4660467,0.5556603
16,-1.3395312,0.61098546
17,-0.75705737,0.44091657
18,-0.42632028,0.30378237
19,-1.0970072,0.5179009
20,-1.2443789,0.47680807
21,-0.5151651,0.4241709
22,-1.0000598,0.5209496
23,-1.1630726,0.5301955
24,-1.0451918,0.5019853
25,-0.6155016,0.33918768
26,-1.110247,0.48516315
27,-0.835559,0.4717492
28,-0.52870494,0.46651193
29,-0.5742686,0.40247822
30,-1.3179101,0.59848464
31,-0.41468143,0.41023004
32,-1.139672,0.4600714
33,-0.485708,0.703491
34,-1.4011188,0.6145765
35,-0.16482002,0.33018094
36,-1.3715082,0.5226705
37,-0.32253626,0.39888945
38,-0.3251296,0.321825
39,-0.06516836,0.39670756
40,-0.95704,0.54565763
41,-1.3174264,0.57704616
42,-0.099032864,0.3800971
43,-0.7386974,0.48432797
44,-0.7007299,0.5121159
45,-0.4675969,0.4094799
46,-0.1744513,0.6189645
47,-0.4381461,0.73640007
48,-1.1055552,0.3881599
49,-1.10563,0.5066665
50,-0.6209864,0.4300311
51,-0.97807187,0.549852
52,-1.3771645,0.51055574
53,-1.2007431,0.45613927
54,-1.0607203,0.48478132
55,-1.2705023,0.49444947
56,-1.1646631,0.48770496
57,-1.2837397,0.613222
58,-0.27606538,0.96595216
59,-0.3181391,0.36529756
60,-1.115204,0.7576118
61,-0.3241325,0.36350015
62,-1.0475131,0.5025764
63,-1.0139991,0.54517335
64,-0.90251994,0.46725997
65,-0.83963597,0.4304321
66,-0.16958115,0.41645002
67,-1.2008559,0.531426
68,-0.41270518,0.3724674
69,-1.1144593,0.5198226
70,-1.501985,0.47636053
71,-1.1836473,0.5044192
72,-1.7257017,0.59964955
73,-1.1205623,0.4689726
74,-0.104425676,0.70389193
75,-1.0479503,0.5051012
76,-1.430974,0.5450234
77,-0.9510005,0.69093865
78,-1.60074,0.50120246
79,-1.0415107,0.5078664
80,-1.0256009,0.456983
81,-1.061074,0.524916
82,-1.1839947,0.50190234
83,-1.4219538,0.5309385
84,-0.5465159,0.7487084
85,-1.497672,0.50210655
86,-1.2250564,0.4917246
87,-0.7583127,0.50621146
88,-0.31526324,0.7242831
89,-1.1864067,0.5854368
90,-0.7396759,0.4344347
91,-1.4090475,0.4819029
92,-0.6443573,0.5033172
93,-0.069049545,0.51497114
94,-0.37150428,0.39716092
95,-0.75694716,0.45451063
96,0.09480554,0.59480435
97,-0.7368631,0.4327985
98,-1.3647048,0.59609586
99,-0.98338205,0.41529763
100,-1.4160544,0.5659825
101,-1.1727341,0.4861837
102,-1.2850097,0.5127024
103,0.15081188,0.46222788
104,-0.7334001,0.87810725
105,-0.45445597,0.30097798
106,-0.8929777,0.43818617
107,-1.660028,0.63632643
108,-1.031276,0.4924052
109,-0.11586022,0.41549036
110,-1.0890223,0.53255945
111,-0.878316,0.5002363
112,-0.7823048,0.52145845
113,-0.59213275,0.8855266
114,-1.1063476,0.52632713
115,-0.4548811,0.45558622
116,-1.4535787,0.68283
117,-0.15936635,0.35159457
118,-0.99534863,0.56015515
119,-0.4850257,0.41040066
120,-0.42255065,0.4266183
121,-1.0597459,0.43496236
122,-1.2295634,0.46668622
123,-0.5553706,0.37219188
124,-0.4389437,0.3936884
125,-0.99647737,0.3921008
126,-0.5705226,0.42061916
127,-0.7448935,0.35595495
128,-1.4441283,0.61186546
129,-0.94792867,0.48271465
130,-0.88290757,0.4186182
131,-0.8976335,0.40173233
132,-0.90488786,0.5313738
133,-0.61429465,0.46007925
134,-1.1359739,0.5127411
135,-0.5628546,0.69514877
136,-1.480108,0.58689684
137,-1.290192,0.49393266
138,-0.25881872,0.5717369
139,-1.3102016,0.5490321
140,0.22916226,0.44468245
141,0.20965654,0.41547146
142,-0.9709436,0.4498409
143,-0.49109015,0.58547115
144,-1.2964758,0.4602589
145,-1.2994232,0.7186265
146,-1.2318445,0.5488047
147,-1.6535814,0.53043044
148,-0.888635,0.4524575
149,-0.77838147,0.43257093
150,-0.92869747,0.48841608
151,-1.2542536,0.41965634
152,-1.1773835,0.5351973
153,-1.2545003,0.3719293
154,-0.6290618,0.43411356
155,-0.77616495,0.41612548
156,-0.8846365,0.5630853
157,-1.367639,0.5666863
158,-0.71701604,0.9149365
159,-1.1048447,0.55777824
160,-1.0273423,0.45541814
161,-0.05679348,0.29741406
162,-1.6810485,0.5260141
163,-0.49726757,0.35274205
164,-0.50194293,0.3770378
165,-0.90321106,0.4116807
166,-1.00061,0.45937273
167,-1.0507848,0.5248489
168,-0.76657534,0.48842406
169,-0.17264575,0.5015381
170,-0.70277834,0.3444637
171,-0.7799219,0.42732432
172,-0.6152498,0.36701432
173,-1.3419828,0.510042
174,-0.47640693,0.42304686
175,-1.0376809,0.449375
176,-1.5173497,0.5451346
177,-0.841852,0.44388047
178,-1.0804353,0.39586633
179,-1.0642109,0.43071035
180,-0.93490976,0.41746452
181,-0.46955854,0.32291234
182,-0.7986602,0.53990513
183,-1.4499868,0.5352959
184,-0.9648473,0.48439178
185,-0.5515919,0.39445865
186,-0.8454967,0.4969993
187,-0.81920713,0.5232076
188,-0.37672642,0.4276991
189,-0.51361036,0.3580626
190,-1.3599381,0.5240767
191,-1.0927273,0.4844794
192,-2.666474,0.72127855
193,-0.88071275,0.3727734
194,-0.6341389,0.55253184
195,-0.46740556,0.29907355
196,-1.3731816,0.47862607
197,-1.0285083,0.4333545
198,0.060561545,0.2975572
199,-0.3245226,0.5078313
200,-1.1242546,0.59998584
201,-0.70991707,0.46663266
202,-1.258322,0.5250255
203,-1.2037054,0.43902206
204,-1.0542321,0.49509513
205,-1.0346224,0.38114566
206,-1.1733332,0.4122783
207,-0.3447021,0.33899528
208,-0.28143144,0.42581436
209,-0.20612985,0.459065
210,-0.05098387,0.2898122
211,-1.2310101,0.51562303
212,-0.13892592,0.24940613
213,0.053254165,0.3116707
214,-1.1702539,0.4967927
215,-1.6648088,0.52091223
216,-0.81904525,0.40625197
217,-1.5314138,0.65261954
218,-0.4777197,0.5570733
219,-0.44183478,0.34406152
220,-1.1561716,0.59479475
221,0.21777926,0.28237638
222,-1.3759757,0.53117746
223,-0.86707336,0.46972233
224,-0.7323466,0.390469
225,-1.0074742,0.60616666
226,-1.1905535,0.5257794
227,-0.17901392,0.38321447
228,-1.0643288,0.5280134
229,-1.2317344,0.4372423
230,-1.2149328,0.5126283
231,-0.55247104,0.44296628
232,-1.268854,0.6377918
233,-1.2024845,0.4477926
234,-0.39581797,0.56006414
235,-0.7290644,0.5199911
236,-1.331175,0.5881182
237,-0.8763533,0.4594419
238,-1.408323,0.5837029
239,-1.3377844,0.6026448
240,-0.67250204,0.45946664
241,-1.3578634,0.44392908
242,-0.75626063,0.56389624
243,-0.84006786,0.48230243
244,-1.1358514,0.5290678
245,-1.0262495,0.5003796
246,-0.755929,0.4506452
247,-0.48859206,0.39981705
248,-0.81736314,0.43287835
249,-1.0775124,0.53790694
250,-0.21468765,0.37903783
251,-0.1857815,0.42487234
252,-1.2013484,0.53902584
253,-0.84190845,0.5387779
254,-0.58992296,0.45176005
255,0.08101317,0.37492186
256,-0.061951485,0.77559906
257,-0.951164,0.4965759
258,-1.0554713,0.39555258
259,-0.638795,0.43640965
260,-0.72074103,0.5686946
261,-0.85006607,0.44859564
262,-1.3972601,0.5776049
263,-0.7921853,0.3788334
264,-0.7950625,0.437808
265,-0.75075847,0.68395364
266,-1.1667405,0.5871794
267,-0.71689767,0.35736725
268,-1.1810993,0.5052114
269,-0.64078265,0.33493906
270,-1.1617974,0.51109356
271,-1.5513427,0.5801051
272,-0.7727173,0.32788664
273,-1.7974226,0.6911971
274,-1.4382492,0.5476742
275,-0.35986346,0.54892325
276,-1.1303834,0.407624
277,-1.1361284,0.48051175
278,-0.4947302,0.4667981
279,-0.77201426,0.40374136
280,-0.8881972,0.45379508
281,-0.3606881,0.85166305
282,-1.4536045,0.46664006
283,0.09792311,0.30311298
284,-0.36715433,0.4586454
285,-0.5420745,0.4375592
286,-0.39566544,0.49867198
287,-0.4302856,0.59896994
288,-1.2171296,0.41621286
289,-0.8440537,0.5202437
290,-0.3139078,0.4157039
291,-0.9237013,0.5000334
292,-1.0404576,0.49846324
293,-0.4744923,0.40799263
294,-0.591212,0.4072908
295,-1.1933174,0.5708683
296,-0.7271709,0.3751576
297,-1.0578704,0.49998736
298,-1.230429,0.5543221
299,-0.6316749,0.48128024
300,-1.3603305,0.49710518
301,-1.115762,0.4920595
302,-1.1542872,0.48968047
303,-0.35383,0.28831854
304,0.39574343,0.51117843
305,-0.72540826,0.46657553
306,-0.8206503,0.50691295
307,-1.4043977,0.70256865
308,0.12582594,0.3830981
309,-0.91279846,0.45223457
310,-1.356258,0.5635283
311,-1.3691645,0.61904126
312,-0.34986183,0.70969117
313,-1.3117125,0.5380738
314,-1.3847485,0.55868447
315,-1.2507929,0.49816743
316,-0.2636598,0.33665437
317,-0.89002913,0.54202396
318,-0.85656357,0.46560693
319,-0.9637312,0.5593799
320,-1.0147247,0.74221575
321,-0.81161124,0.46717915
322,-1.1551172,0.60410905
323,-0.41233227,0.36289787
324,-0.2567708,0.27681845
325,-0.43425685,0.33845517
326,-1.0197321,0.4293278
327,-1.2862703,0.5487963
328,-1.7394135,0.52709574
329,0.15906282,0.37873554
330,-0.9522047,0.57970345
331,-0.74973327,0.4895821
332,-1.1030279,0.58309466
333,-0.28880054,0.6757059
334,-1.1247472,0.5737026
335,-1.2589273,0.4870197
336,-1.3959036,0.47428596
337,-0.8279,0.43066454
338,-0.93737763,0.49164164
339,-1.0662819,0.55035573
340,-1.1902455,0.5951723
341,-1.4669778,0.7088581
342,-0.34820098,0.63857454
343,-0.9897176,0.5270794
344,-0.9334227,0.43968734
345,-1.3876605,0.5438816
346,-0.87299544,0.4177473
347,-1.3840042,0.5223848
348,-1.1704876,0.48037744
349,-0.6404273,0.7359007
350,-1.203314,0.4927074
351,-0.54773986,0.4322757
352,-1.0629599,0.52779645
353,-1.0371369,0.46951064
354,-1.2716767,0.46006224
355,-1.0171553,0.46973056
356,-0.37804678,0.3200245
357,-0.27194965,0.3308625
358,-0.5976203,0.46068245
359,-0.50779575,0.6075395
360,0.0069956435,0.2605613
361,-0.89915454,0.47574776
362,-0.6364134,0.5145886
363,-0.7578923,0.5216855
364,-0.80420184,0.43556783
365,-1.0364662,0.32373878
366,-0.59891826,0.49854103
367,-1.0573303,0.44213474
368,-0.4432044,0.44794646
369,-0.8445351,0.47869015
370,-0.6013001,0.40915683
371,-1.3694055,0.67493755
372,-0.7761643,0.4745813
373,-1.3354224,0.51618093
374,-0.9234197,0.4337135
375,-0.7206054,0.36273253
376,-0.87925345,0.47109404
377,-1.0925118,0.4810595
378,-0.55639553,0.6671352
379,-1.3448551,0.5292714
380,-0.28421316,0.6984559
381,-1.027457,0.5366318
382,-0.8843965,0.41215545
383,-1.3687233,0.5638193
384,-0.16647658,0.9108073
385,-1.1367104,0.56147313
386,-0.99827325,0.44936973
387,-0.72821766,0.8427327
388,-0.998481,0.610839
389,-0.8719008,0.5125917
390,0.14485388,0.34739017
391,-1.2506874,0.5855413
392,-0.8551082,0.51822287
393,-0.8002289,0.42296988
394,-1.282609,0.5937876
395,-0.91017205,0.5730436
396,-0.6456342,0.3578094
397,-0.98168814,0.49577406
398,-1.4934276,0.5162593
399,-0.37451744,0.56361586
400,0.12542523,0.37693965
401,-0.2620078,0.25887263
402,-0.6576995,0.42503226
403,-0.14886533,0.31161663
404,-0.9055338,0.63144404
405,-0.6915689,0.4975461
406,-1.1507902,0.4822132
407,-1.0882672,0.51876587
408,-1.4838617,0.5792269
409,-0.2566813,0.82231945
410,-0.81985366,0.40076587
411,-0.4968224,0.48027384
412,-0.5153403,0.42211673
413,-0.9677414,0.5407454
414,-1.5301056,0.46288216
415,-0.1300536,0.46937165
416,-1.0250244,0.5151606
417,-1.0202851,0.53224736
418,-1.1770808,0.43351182
419,-1.0534933,1.4016558
420,-0.360719,0.32567024
421,-1.0754353,0.45487633
422,-1.7081138,0.66098815
423,-0.529046,0.41322103
424,-0.7730148,0.6064051
425,-0.70018375,0.38931876
426,-1.1099733,0.6050435
427,-1.0688262,0.46483883
428,-0.8872201,0.473573
429,-1.0829577,0.56153595
430,-0.7410727,0.51029295
431,-0.46269608,0.42658556
432,-1.413526,0.4602078
433,-0.36762366,0.3233161
434,-0.7250504,0.40882412
435,-0.8306947,0.35749367
436,-1.8385364,0.4329727
437,-1.2187511,0.47724828
438,-0.844412,0.48836827
439,-0.75746906,0.46188736
440,-0.7449789,0.4281395
441,-0.6118942,0.52188855
442,-0.8340496,0.5287628
443,-0.88524806,0.42565382
444,-0.6993038,0.45903015
445,-0.45381358,0.3543062
446,-1.5134016,0.96890813
447,-1.5034196,0.5957092
448,-0.7190399,0.4312058
449,-0.96086544,0.39297396
450,-1.0680085,0.6385347
451,-0.9221474,0.48550096
452,-0.6783311,0.4581442
453,-1.1319895,0.4640472
454,-1.5942047,0.57987964
455,-0.8836999,0.57159305
456,-1.268842,0.5273615
457,-1.1588106,0.52785754
458,-0.9400984,0.49373862
459,-0.705652,0.42694414
460,-1.1621275,0.49806824
461,-0.7759194,0.5223121
462,-0.74610823,0.39548284
463,-0.7595781,0.56728894
464,-1.6210152,0.53760195
465,-1.3472697,0.5432258
466,-1.2773875,0.58854234
467,-1.2932047,0.6578631
468,-1.0425562,0.51122767
469,-0.8899678,0.44595516
470,-0.70495903,0.5693319
471,-1.0350963,0.4926121
472,-0.18908115,0.27399522
473,-0.1640842,0.30910003
474,-1.3083746,0.58898
475,-1.0475373,0.3829424
476,-1.3691005,0.55217415
477,-1.0088421,0.38387007
478,-1.255171,0.5073856
479,-0.46926668,0.35508257
480,-0.5697146,0.39622316
481,-1.4960235,0.60604125
482,-0.74949193,0.5845611
483,-0.8999796,0.39646536
484,-0.45331472,0.335267
485,-0.9513809,0.46296456
486,-0.84902954,0.50906026
487,-0.8027059,0.5749086
488,-1.2302701,0.4695688
489,-0.42194584,0.39620426
490,-0.9235894,0.40037018
491,-1.0408787,0.48680314
492,-1.2140138,0.5378952
493,-0.9072133,0.5336187
494,-0.39448893,0.38053188
495,-0.75855094,0.78056794
496,-0.98695797,0.39946195
497,-1.1242228,0.4700504
498,-1.3420336,0.4771929
499,-0.47365427,0.32639822
500,-0.8398364,0.46649143
501,-1.0211782,0.50011384
502,-1.0140631,0.47532466
503,-1.4122485,0.60513425
504,-1.001204,0.45357525
505,-1.2576058,0.5494706
506,-0.9942162,0.4879512
507,-0.82349277,0.4695835
508,-1.1178144,0.5296135
509,-0.61518985,0.5490681
510,-1.242597,0.45422408
511,-0.9161358,0.6998678
512,-1.0224917,0.39403817
513,-0.5781044,0.47681242
514,-1.1741709,0.46571925
515,-0.6878542,0.47219655
516,-0.8212284,0.5319455
517,-1.6301923,0.59437084
518,-1.4070897,0.57223535
519,-0.72295636,0.3187795
520,-0.17118825,0.4050206
521,-0.40836936,0.39657715
522,-0.9399585,0.47281346
523,-1.0321174,0.42865342
524,-0.14918195,0.44392082
525,-0.8913941,0.46148035
526,-1.5672795,0.5789554
527,-0.09791879,0.44588155
528,-1.2790056,0.5260974
529,-0.7755901,0.5985346
530,-0.28439754,0.38696635
531,-0.41303343,0.88175076
532,-0.26359007,0.59885305
533,-0.7297716,0.4111874
534,-0.39265952,0.4680873
535,-1.2934605,0.55894613
536,-1.0880634,0.5980542
537,-1.2824483,0.50286955
538,-0.77049184,0.66125154
539,-0.5680714,0.41323918
540,-1.3209554,0.5060106
541,-0.65908974,0.35499507
542,-0.8640685,0.5228353
543,-0.9239525,0.429228
544,-0.58840984,0.3592979
545,-1.7115109,0.4957601
546,-1.5476614,0.51279885
547,-1.1019056,0.64381063
548,-0.42646036,0.56018823
549,-1.2997649,0.54780316
550,-1.0395445,0.49715668
551,-0.48709127,0.3788613
552,-0.8530814,0.5790502
553,-0.17202492,0.67735493
554,-0.8258204,0.49241877
555,-1.5536916,0.46944278
556,-0.9408936,0.4591006
557,-1.2944745,0.65651125
558,-0.37447906,0.34232527
559,-1.2689589,0.52346545
560,-0.9138455,0.36086294
561,-0.8072524,0.4791312
562,-1.0714949,0.62075794
563,-0.16603298,0.27014387
564,-1.1111084,0.46611267
565,-1.1106505,0.47866458
566,-1.046287,0.49611235
567,-1.0270978,0.49853596
568,-0.27851054,0.39565098
569,-0.8683571,0.49925685
570,-0.7835507,0.5414515
571,-1.6810522,0.57376623
572,-0.9404938,0.4261007
573,-0.8447784,0.38968232
574,-0.7472311,0.42317435
575,-0.052792236,0.32732746
576,-0.6939612,0.68753207
577,-1.4021072,0.5618127
578,-0.5691335,0.5730538
579,-0.9237771,0.5037809
580,-0.30059043,0.38210166
581,-1.5666965,0.49143985
582,0.022203038,0.548601
583,-1.2821116,0.39426908
584,-1.1724435,0.59773934
585,-1.0629544,0.46036577
586,-1.150577,0.5308582
587,-0.6332591,0.40832612
588,-0.32126442,0.3263892
589,-0.672688,0.43687186
590,-0.26972932,0.32284856
591,-1.1453941,0.4949384
592,-0.35287017,0.417547
593,-0.9482721,0.47155234
594,-1.158064,0.54365337
595,-0.75883996,0.44102326
596,-0.36078134,0.34067577
597,-1.439234,0.608035
598,-1.5930778,0.5889115
599,-1.0536449,0.42272958
600,-1.2658007,0.58353215
601,-0.7030408,0.42278796
602,-0.5801279,0.47547245
603,-1.3167877,0.5303888
604,-1.3014671,0.5874635
605,-1.4944466,0.57807386
606,-0.7856842,0.52503794
607,-0.69476485,0.48666248
608,-0.12606673,0.3563878
609,-1.0128909,0.48063278
610,-1.0999377,0.55655324
611,-1.0341852,0.5073022
612,-1.0789775,0.3502779
613,-1.1268504,0.57100606
614,-0.29048386,0.3855619
615,-0.3547924,0.4785051
616,-1.6064457,0.5924423
617,-0.19185625,0.46258923
618,-1.1677614,0.48895973
619,-1.1992421,0.47968856
620,-0.07176155,0.27686822
621,-0.85717946,0.47538093
622,-1.0891627,0.7105208
623,-1.2625973,0.56597364
624,-0.29332387,0.5445537
625,-1.4170047,0.5115849
626,-0.40462676,0.39142865
627,-1.2548287,0.5340857
628,0.14902575,0.43685418
629,-1.0679415,0.63172543
630,-0.95436376,0.448516
631,-0.45454827,0.40495157
632,-0.65228724,0.5008824
633,-1.0409784,0.38393742
634,-1.3525867,0.4656503
635,-1.1738636,0.603772
636,-1.1197337,0.8463184
637,-1.5020318,0.5148976
638,-0.49797133,0.3951959
639,-1.0669796,0.37377033
640,-1.4745228,0.46520874
641,-1.177453,0.45867604
642,-0.90067554,0.49369058
643,-0.8032031,0.3992226
644,-1.396117,0.54041517
645,-1.4239782,0.49809524
646,-0.37644914,0.28388554
647,-1.202589,0.524707
648,-0.49669912,0.43530893
649,-0.22729698,0.29526943
650,-1.1531944,0.49434242
651,-0.5274276,0.532565
652,-0.92022353,0.416002
653,-0.10718344,0.36134857
654,-1.0378399,0.4977564
655,-0.9501606,0.4683809
656,-0.48018873,0.36242187
657,-0.934874,0.6163619
658,-0.93742675,0.44422862
659,-0.8119576,0.82654196
660,-0.75171214,0.45333397
661,-0.4681367,0.3697131
662,-1.3553255,0.5008886
663,-1.0185729,0.3368294
664,-0.9517281,0.50095296
665,-1.1444525,0.5951032
666,-1.1504006,0.41311044
667,-0.5497558,0.4256279
668,-0.026903393,0.5752471
669,-1.1849093,0.5978105
670,0.020817427,0.35725927
671,-0.92875344,0.4649164
672,-2.195978,0.92314863
673,-0.5006082,0.4881068
674,-1.5553372,0.7776031
675,-1.4193449,0.7704733
676,-0.84612435,0.39996698
677,-0.88899505,0.45875973
678,-0.77831566,0.5286426
679,-0.30393833,0.6799834
680,-1.0147022,0.4796268
681,-1.2862809,0.57038254
682,-0.68038356,0.33911803
683,-0.67828417,0.45956418
684,-1.0147989,0.44998828
685,-0.77085084,0.57421225
686,-1.5209106,0.46899372
687,-1.1188701,0.5758828
688,-0.73983175,0.47813478
689,-0.1734969,0.727416
690,-0.86414826,0.42748007
691,-0.95336837,0.47335297
692,-0.5973245,0.33052126
693,-0.8991295,0.39750734
694,-1.3305316,0.596136
695,-0.90882313,0.4914005
696,-0.94740635,0.37051773
697,-0.26068193,0.40619037
698,-0.98998713,0.80019534
699,-1.3049169,0.46495315
700,-1.4368819,0.60675347
701,-1.1625509,0.49963233
702,-1.0415596,0.58462596
703,-1.1610593,0.46212208
704,-0.7851891,0.3963857
705,-0.97992116,0.4417762
706,-0.68822354,0.49800912
707,-0.49020168,0.52414167
708,-0.24312632,0.5579734
709,-1.2055501,0.527156
710,-0.6619216,0.33718994
711,-0.10063187,0.2828351
712,-0.9785011,0.48249042
713,-0.37278447,0.3360438
714,-1.02154,0.465006
715,-0.95572567,0.8515516
716,-1.1436282,0.49637556
717,-1.2495908,0.5485302
718,-1.0461733,0.39115775
719,-0.71979505,0.41224182
720,-1.1693062,0.49719843
721,-0.75894636,0.49306843
722,-1.3777289,0.48804712
723,-1.0666847,0.45484626
724,-0.6149476,0.3590427
725,-0.40582824,0.4645123
726,-1.0460668,0.44845322
727,-1.1670779,0.60474914
728,-0.6496884,0.4939803
729,-1.1560768,0.52723205
730,-1.5410783,0.5101819
731,-0.7829628,0.49340886
732,-1.5648721,0.80749613
733,-1.5993804,0.48446086
734,-0.84293,0.45828676
735,-0.7068723,0.40572903
736,-0.5889784,0.3554683
737,-1.3123347,0.52998525
738,-1.2123411,0.8372531
739,-0.309129,0.28935346
740,-0.32367665,0.28319308
741,-0.8320581,0.42650166
742,-0.28782207,1.186975
743,-0.2595399,0.2541908
744,-1.5685151,0.4770959
745,-1.1745759,0.5655286
746,-1.1664758,0.4981582
747,-0.2705327,0.315442
748,-0.75784177,0.48321077
749,-1.5035107,0.521147
750,-1.082071,0.4197329
751,-1.0910795,0.48415226
752,-0.50830656,0.30582875
753,-0.8458095,0.49394774
754,-1.1352472,0.47670123
755,-0.39073882,0.5101366
756,-0.9829254,0.49241585
757,-0.43535456,0.38092187
758,-0.60503083,0.42633125
759,-1.3153249,0.50466335
760,-0.95052946,0.37491006
761,-1.382434,0.48703578
762,-0.49030843,0.5371926
763,-0.37819088,0.69987106
764,-0.6197516,0.3402925
765,-0.5509449,0.55386955
766,-0.021644395,0.35516647
767,-0.6936973,0.38698247
768,-1.100349,0.44709098
769,-0.5699826,0.72115254
770,-0.6986518,0.33229062
771,-0.91080093,0.42833173
772,-0.48323867,0.75920147
773,-0.58788526,0.49478886
774,-0.8545013,0.40862733
775,-1.0900006,0.60559374
776,-0.05906009,0.32443348
777,-0.628552,0.44018793
778,-0.4954268,0.6391327
779,-0.48054263,0.56550574
780,-1.0565817,0.4454789
781,-0.99886614,0.41533217
782,-1.1213378,0.5205078
783,-0.22259144,0.354406
784,-0.37803704,0.3533559
785,-0.39179203,0.5001349
786,-1.3522439,0.54070497
787,0.18492167,0.33182433
788,-0.74422044,0.42990342
789,-1.0279726,0.5346602
790,-0.54095817,0.36217573
791,-1.0212162,0.3889383
792,-1.169691,0.6206781
793,-1.2100099,0.5684543
794,-1.47622,0.58620775
795,-0.64375645,0.5244622
796,-0.63909,0.35423324
797,-0.61125207,0.39046466
798,-0.3621505,0.30357087
799,-0.85215724,0.48188493
800,-1.5424947,0.68394417
801,-1.1416819,0.5591612
802,-1.3253658,0.534875
803,-0.021511339,0.44446647
804,-1.1105423,0.50911003
805,-1.1945505,0.52220947
806,-1.3770128,1.3476484
807,-0.68259084,0.3749606
808,-1.1136247,0.449595
809,-0.59074014,0.47349057
810,-0.8904772,0.54043186
811,-0.49586728,0.51553595
812,-0.53595483,0.5269565
813,-1.8653227,0.72500026
814,-0.4845603,0.7593373
815,-1.0654188,0.56922656
816,-0.52964836,0.42383838
817,-0.9200825,0.44611534
818,0.010369168,0.95384145
819,0.058441013,0.29485857
820,-0.222959,0.50491774
821,-0.9477631,0.5472046
822,-0.08202423,0.26642197
823,-0.27083045,0.35872802
824,-0.7071087,0.45094132
825,-1.2761086,0.47550622
826,-0.7182239,0.40882564
827,-1.0016307,0.48192012
828,-0.02212537,0.4108981
829,-1.5091614,0.48584697
830,-0.67615163,0.490156
831,-0.42955968,0.426222
832,-0.66940874,0.56698436
833,-1.080055,0.4727136
834,-0.59989727,0.41944602
835,-1.1303157,0.5750763
836,-0.46225205,0.65206707
837,-1.031365,0.44404304
838,-1.226549,0.57666576
839,-1.1270337,0.49182552
840,-1.3536208,0.4244206
841,-0.6526198,0.5566043
842,-1.054567,0.53686607
843,-1.3094406,0.57296634
844,-1.1704596,0.44187737
845,-1.5584357,0.8878627
846,-1.0816199,0.4530119
847,-0.05796877,0.3420048
848,-1.290871,0.6000974
849,-0.30122063,0.38382185
850,-1.0719702,0.6064951
851,-0.7522269,0.45814732
852,-0.8275322,0.47642326
853,-0.624531,0.38308123
854,-0.65315115,0.4873494
855,-0.76747715,0.4164435
856,-0.119522266,0.328352
857,-0.55805707,0.63385886
858,-0.9472851,0.46267593
859,-1.5002872,0.5766176
860,-1.5226132,0.6519367
861,-0.53958195,0.54987687
862,-1.0272915,0.4398042
863,-0.66492605,0.4411317
864,-0.88403684,0.6054601
865,-0.6339483,0.39529508
866,-0.67289966,0.4652829
867,-1.2327477,0.49636707
868,-1.3170863,0.46323773
869,-1.1102918,0.49338758
870,-1.3229064,0.6275537
871,0.015273895,0.32249117
872,-0.14868848,0.6975597
873,-0.753186,0.612685
874,-0.74326116,0.6194796
875,-0.35771918,0.4006884
876,-0.32920426,0.42516953
877,-1.3461112,0.69199127
878,-0.8012247,0.46528462
879,-1.6856586,0.6831793
880,-1.3818145,0.55381995
881,-1.0360508,0.4720168
882,-0.47748274,0.33795172
883,-0.06265706,0.3716928
884,-0.40908512,0.40957722
885,-0.912853,0.5237693
886,-1.3810728,0.52239597
887,-1.2104231,0.49905807
888,-1.0583258,0.41378266
889,-0.9945532,0.43397358
890,-0.5659313,0.56677216
891,-0.18785426,0.48389614
892,-0.8473356,0.6718016
893,-0.3961116,0.4176804
894,-1.3594456,0.5093365
895,-1.2428348,0.48055512
896,-1.128841,0.51559806
897,-1.6683669,0.5091598
898,-1.384231,0.5530006
899,-0.63276166,0.42151472
900,-0.781947,0.43640408
901,-0.665663,0.46300146
902,-0.8439452,0.5311173
903,-0.15894598,0.49211052
904,-1.0786382,0.4293506
905,-0.9286566,0.43908378
906,-0.8913257,0.51446784
907,-0.6765518,0.35612187
908,-0.8150563,0.45528314
909,-0.16794756,0.46644956
910,-1.1091183,0.45089835
911,-0.9865111,0.49867442
912,-0.9117793,0.4898513
913,-0.45949447,0.5021229
914,-0.8791967,0.46075565
915,-0.8115504,0.41203842
916,-0.94819635,0.46267855
917,-1.1474591,0.5342114
918,-1.2869356,0.43113175
919,-0.7436066,0.5823544
920,-0.29200777,0.7379648
921,-0.38450736,0.31528172
922,-1.1087942,0.33261076
923,-0.58040446,0.4614257
924,-1.2648017,0.5202961
925,-1.2667185,0.58598727
926,-1.3555696,0.42354637
927,-0.3463406,0.31591073
928,-0.015380205,0.47657558
929,-0.91113704,0.3990935
930,-0.6571706,0.36746776
931,-0.8768185,0.51422036
932,-1.0266576,0.47586197
933,-0.9807668,0.39359182
934,-1.2810212,0.45356762
935,-0.43490088,0.31412932
936,-1.0017382,0.520168
937,-0.3687279,0.80792326
938,-0.9915529,0.54349697
939,-1.5022901,0.59380096
940,-1.4602817,0.40749863
941,-0.12820613,0.50171983
942,-1.2508117,0.5524152
943,-1.1168541,0.6216527
944,-0.9975113,0.4956804
945,-1.3857203,0.49830166
946,-0.7954202,0.55909437
947,-1.1280924,0.47643673
948,-0.33053392,0.34342328
949,-1.8072137,0.6897474
950,-1.3020779,0.45869562
951,-0.3886003,0.8103311
952,-0.48696303,0.4491761
953,-0.035893325,0.337159
954,-0.12858683,0.5426721
955,-1.3058085,0.5197089
956,0.07405436,0.28665748
957,-1.0494986,0.54821324
958,-1.9947819,0.6579364
959,0.0027368844,0.3459666
960,-0.94301194,0.64929676
961,-1.4175584,0.52738416
962,-0.25732604,0.4673107
963,-1.097615,0.4368593
964,-1.9744066,0.73633236
965,-0.38551068,0.42983297
966,-0.5771633,0.534525
967,-1.3534862,0.67985505
968,-1.3037237,0.55290025
969,-1.1110724,0.4201769
970,-1.1183319,0.48676485
971,-1.3702412,0.6398643
972,-0.11225653,0.31019458
973,-0.7632459,0.47147885
974,-1.0259942,0.49634913
975,-0.85525227,0.42387593
976,-1.2301154,0.5843482
977,-1.3555655,0.4926301
978,-0.91539115,0.5467293
979,-1.4637933,0.4654152
980,-0.9937774,0.38345784
981,-0.4586829,0.57703197
982,-1.0219007,0.8534297
983,-0.76964,0.48631492
984,-1.1876159,0.5100065
985,-1.2021575,0.5276295
986,-1.2536743,0.52728164
987,-1.3465546,0.6059153
988,-1.1463412,0.47797564
989,-0.4342612,0.839324
990,-0.33069703,1.2814846
991,-0.92305017,0.4730177
992,-1.1362375,0.48454493
993,-1.1439161,0.5018493
994,-0.8581678,0.5456677
995,-1.2597456,0.5754052
996,-1.0295786,0.44958457
997,-1.3745352,0.52821803
998,-0.6903064,0.5618582
999,-1.392244,0.56882465
1000,-0.92246515,0.4421069
1001,-0.9088946,0.5196476
1002,-0.58594644,0.6464683
1003,-1.4593477,0.5075501
1004,0.005637637,0.41073316
1005,-0.47377726,0.43047875
1006,-0.3566223,0.39839265
1007,-1.278283,0.5481306
1008,-0.9470867,0.4383476
1009,-0.99841684,0.4021201
1010,-1.0377403,0.3799636
1011,-1.1639949,0.55694646
1012,-1.57386,0.63751704
1013,-0.5590884,0.35245508
1014,-1.3028659,0.49717113
1015,-1.0231498,0.4015011
1016,-1.099262,0.5009144
1017,-0.7081118,0.36869422
1018,-1.0444793,0.52597857
1019,-1.2115439,0.4961141
1020,-0.32387796,0.67815644
1021,-0.34464395,0.3541826
1022,-1.0698661,0.42769212
1023,-0.31920388,0.35953113
1024,-1.1972412,0.4685005
1025,-1.0706658,0.46584845
1026,-0.48952234,0.48160923
1027,-1.0146872,0.5027635
1028,-1.0383581,0.4343279
1029,-1.2796834,0.62026566
1030,-0.3315618,0.38618335
1031,-0.6703077,0.32506204
1032,-0.6931673,0.37693384
1033,-1.2007335,0.5142578
1034,-0.7959565,0.568731
1035,-0.89069605,0.4573885
1036,-0.65515053,0.68958354
1037,-0.96039736,0.40427503
1038,-0.44822285,0.46524325
1039,0.015136537,0.4548664
1040,-0.69821,0.50661623
1041,-0.39246857,0.3289854
1042,-1.0826967,0.6659393
1043,-0.92025936,0.5066058
1044,0.41084054,0.87329584
1045,-0.12968934,0.35184678
1046,-0.72662115,0.502725
1047,-0.8596766,0.41055295
1048,-1.0187051,0.5205009
1049,-0.6362115,0.34415466
1050,-0.7171681,0.59957016
1051,-1.2976602,0.5422006
1052,-1.6669817,0.5296109
1053,-0.22320989,0.2889761
1054,-1.0977312,0.4506404
1055,-0.45852727,0.4118664
1056,-0.7395116,0.29948723
1057,-0.84250486,0.42473996
1058,-1.3428643,0.5844384
1059,-1.4713688,0.54614544
1060,-1.6531343,0.5970805
1061,-0.83911085,0.41185036
1062,-0.009844171,0.40736428
1063,-0.844534,0.43993175
1064,0.29455754,0.38824645
1065,-0.67735183,0.5903579
1066,-1.0646312,0.44947857
1067,-1.3255453,0.6583899
1068,-0.05413901,0.3470187
1069,-1.4458733,0.6536976
1070,-0.985352,0.47643554
1071,-1.1886153,0.41161197
1072,-1.0905458,0.54241323
1073,-0.61006314,0.60421073
1074,-0.7789111,0.41752908
1075,-0.84152675,0.4454697
1076,-1.4098126,0.48843992
1077,-0.8665149,0.4872643
1078,-1.1041541,0.510145
1079,-0.86145526,0.4617778
1080,-0.34794793,0.3969361
1081,-0.83655983,0.64057964
1082,-1.2357742,0.6291027
1083,-1.410813,0.5143378
1084,-0.87816864,0.56036013
1085,-1.4750206,0.47820294
1086,-0.5608649,0.35312858
1087,-0.41996017,0.38268247
1088,-0.8626334,0.5975291
1089,-1.1706747,0.46974885
1090,-0.62132263,0.42138362
1091,-0.7615841,0.4462503
1092,-0.050437853,0.3726384
1093,-1.2192748,0.5297434
1094,-0.35711515,0.34528044
1095,-0.6296685,0.37706333
1096,-1.7903235,0.9300976
1097,-0.2655208,0.4547411
1098,-0.33562467,0.5370175
1099,-1.1769669,0.43354705
1100,-0.24929048,0.26542944
1101,-0.7232028,0.45207304
1102,-0.68312067,0.5381195
1103,-0.5615394,0.43240234
1104,-0.9704245,0.47005576
1105,-1.2648468,0.4665953
1106,-0.25041756,0.39896742
1107,-0.3609119,0.37963927
1108,-1.41303,0.54493654
1109,-1.152812,0.6036566
1110,-1.3321353,0.536147
1111,-0.8859468,0.76228696
1112,-1.202741,0.5104439
1113,-1.2926404,0.53177506
1114,-0.9713285,0.6490031
1115,-1.1439084,0.48565903
1116,-0.92690384,0.48114786
1117,-1.1631868,0.50625527
1118,-0.034314718,0.36381015
1119,-0.38356605,0.5049418
1120,-1.0557748,0.49278885
1121,-1.1236434,0.44717842
1122,-1.2917486,0.50411284
1123,-1.2707982,0.55368334
1124,-0.23897856,0.6201421
1125,-0.33341205,0.3230468
1126,-0.5211974,0.44778547
1127,-0.7114088,0.5988153
1128,-0.49457604,0.41765216
1129,-0.17584297,0.31754428
1130,-1.1514165,0.5844103
1131,-0.42373192,0.32642788
1132,-0.635774,0.49550185
1133,-1.2623565,0.47000852
1134,-0.6957718,0.49188226
1135,-0.23196684,0.31086394
1136,-0.9849166,0.49152553
1137,-1.0993518,0.52942383
1138,-1.2497094,0.53732705
1139,-1.0191422,0.60709536
1140,-0.9749309,0.8532466
1141,-1.364781,0.5037563
1142,-0.77679783,0.49176595
1143,-1.8534584,0.8635337
1144,-0.9459346,0.5052751
1145,-0.2608205,0.49601337
1146,-1.0398647,0.61323166
1147,-1.0733987,0.5453495
1148,-0.99440926,0.48073038
1149,-0.15555964,0.315649
1150,0.17290148,0.5149702
1151,-0.27839503,0.6035286
1152,-0.53419083,0.32573184
1153,-0.69232786,0.4723131
1154,-1.1131341,0.45884484
1155,0.1135518,0.34617275
1156,-1.0966105,0.450359
1157,-0.9423399,0.51612294
1158,-0.90530795,0.4359063
1159,-0.62405586,0.81131667
1160,-0.3096859,0.5929599
1161,-1.1622268,0.48567504
1162,-1.4623997,0.67770576
1163,-1.3349826,2.8691716
1164,-0.33664474,0.30241928
1165,-0.23567508,0.66571325
1166,-1.0906609,0.5081514
1167,-0.13697584,0.59320444
1168,-0.7581413,0.5397281
1169,-0.5820819,0.4643274
1170,-0.9964302,0.49120724
1171,-0.82375526,0.58927596
1172,-1.1595751,0.4838584
1173,-1.2654917,0.43162066
1174,-1.3921111,0.49169728
1175,-1.0673192,0.42845383
1176,-1.4623656,0.62063897
1177,-0.6957636,0.39346135
1178,-0.28380257,0.3365434
1179,0.113425374,0.3603761
1180,-1.0607663,0.5127579
1181,-0.96038276,0.48662132
1182,-0.5872447,0.43855482
1183,-1.2263323,0.5493984
1184,-1.1482512,0.44383436
1185,-1.0060555,0.49448818
1186,-0.6233694,0.4440892
1187,-1.1705772,0.6294667
1188,-1.2973037,0.55197847
1189,-1.1607851,0.49268517
1190,-0.7708239,0.47985727
1191,-0.67632276,0.3143145
1192,-0.39449495,0.35979006
1193,-0.6705705,0.3761413
1194,-0.99680346,0.46702495
1195,-0.18513212,0.3009452
1196,-1.151888,0.6478408
1197,-0.9953535,0.4949955
1198,-0.94918114,0.49854028
1199,-1.5859568,0.5832241
1200,-0.76145184,0.4599039
1201,-0.99979854,0.6668873
1202,-1.1182886,0.46870598
1203,-0.692905,0.5083677
1204,-1.3947328,0.63270116
1205,-0.10153424,0.52821064
1206,-0.79367286,0.43399802
1207,-0.675236,0.39756054
1208,-0.6854068,0.5148117
1209,-0.515073,0.31010997
1210,-0.8963466,0.44938698
1211,-0.7349617,0.4418993
1212,-0.7098013,0.44399703
1213,-0.69692355,0.51672286
1214,-1.0896895,0.5052011
1215,-0.69137025,0.37449145
1216,-0.8050284,0.60520196
1217,-0.8982864,0.5810768
1218,-1.1261195,0.44646755
1219,-0.29290926,0.4831725
1220,-0.15542632,0.39924675
1221,-0.6367459,0.48544678
1222,-0.62859154,0.4360779
1223,-1.3032689,0.51265866
1224,-0.85177064,0.5062034
1225,0.0553851,0.3222013
1226,-0.8150114,0.7780685
1227,-0.28474885,0.7013584
1228,-0.66082793,0.33783624
1229,-1.4766293,0.57035965
1230,-1.2721013,0.47136906
1231,-1.0808202,0.4389108
1232,-0.39110243,0.4681875
1233,-1.438143,0.55581045
1234,-0.70277804,0.46810934
1235,0.24870929,0.8001313
1236,-0.099815704,0.35158697
1237,-0.76892745,0.48999298
1238,-0.21795659,0.39717263
1239,-1.0023562,0.4516033
1240,-1.1900699,0.49439725
1241,-0.8958989,0.4570683
1242,-0.88343865,0.4416127
1243,-1.1947831,0.44719297
1244,-0.59074175,0.40445057
1245,-0.8319972,0.32510895
1246,-1.2446631,0.6490437
1247,-0.3300159,0.3639229
1248,-0.630982,0.45999554
1249,-1.0909365,0.50442046
1250,-0.9584658,0.4470659
1251,-0.2752972,0.36573225
1252,-1.107154,0.6274871
1253,-0.49708074,0.37546209
1254,-0.89720535,0.5294622
1255,-1.2762651,0.57544476
1256,-0.85690963,0.74321353
1257,-1.437393,0.5042516
1258,-1.1153648,0.6163372
1259,-1.3666961,0.56289
1260,-0.71655047,0.36811852
1261,-0.7065997,0.48217002
1262,-0.9143367,0.46912855
1263,-1.1559143,0.46272188
1264,-0.82729405,0.54562616
1265,-1.1848032,0.5031551
1266,-0.5717236,0.4483227
1267,-0.7973488,0.38106558
1268,-0.8592268,0.49698693
1269,-0.8353515,0.7739944
1270,-0.86757153,0.64429235
1271,-0.68801373,0.36269796
1272,-0.582489,0.36150303
1273,-1.1544914,0.57582915
1274,-1.349449,0.5569192
1275,-0.9441843,0.34602737
1276,-0.9823327,0.3923367
1277,-1.2690425,0.42021433
1278,-1.1151546,0.43605375
1279,-0.91584855,0.48659483
1280,-1.4397433,0.5323441
1281,-1.2852082,0.5196148
1282,-0.34614906,0.41183427
1283,-0.06986324,0.39935058
1284,-0.98689455,0.41061205
1285,-1.549055,0.61066484
1286,-0.2535751,0.29253784
1287,-0.48345482,0.9236371
1288,-0.7297787,0.5407667
1289,-0.042010747,0.36119518
1290,-1.4451364,0.500018
1291,-1.4856665,0.4788568
1292,-1.0840793,0.49156561
1293,-0.5910777,0.66648895
1294,-0.8832429,0.527257
1295,-1.5029168,0.59619576
1296,-0.14142162,0.37184167
1297,-0.31313127,0.42524663
1298,-0.650533,0.5039125
1299,-0.070543624,0.3380013
1300,-1.1588016,0.40980718
1301,-1.4038323,0.5768911
1302,-0.8997598,0.6328232
1303,-1.2755696,0.5169342
1304,-1.519128,0.55489814
1305,-0.46799716,0.5307772
1306,-0.5848803,0.44634548
1307,-0.6272406,0.43997574
1308,-1.3489354,0.53890765
1309,-0.40406767,0.37946978
1310,-1.1768249,0.47010422
1311,-0.06746804,0.3036772
1312,-1.0751715,0.46843123
1313,-0.8986651,0.4811722
1314,-1.0634197,0.5720465
1315,-1.2746332,0.51766086
1316,-1.5736315,0.57987624
1317,-0.8983822,0.45780784
1318,-0.74307853,0.5148253
1319,-0.7667511,0.5531714
1320,-0.4486634,0.40261903
1321,-0.5193861,0.29660842
1322,-0.6580964,0.42931047
1323,-0.5826313,0.37868854
1324,-0.6225721,0.5374582
1325,-1.256166,0.66250074
1326,-1.1106684,0.47778025
1327,-1.4767215,0.46859112
1328,-0.69136775,0.49580252
1329,0.02303287,0.3299503
1330,-0.37989154,0.38045466
1331,-0.9751119,0.44875407
1332,-1.0285985,0.41313803
1333,-0.82256377,0.41412476
1334,-0.8685236,0.55852926
1335,-1.0361012,0.46504992
1336,-0.77911687,0.40092558
1337,-1.3844529,0.53214717
1338,-1.2699238,0.5214225
1339,-1.430017,0.50110376
1340,-0.919104,0.4976301
1341,-0.87320876,0.42573723
1342,-1.4397466,0.5947026
1343,-0.7448815,0.3900874
1344,-0.8726703,0.4923958
1345,-1.3282264,0.533021
1346,-1.2352163,0.5176121
1347,-1.5991737,0.54683393
1348,-0.29620248,0.40852353
1349,-0.6133366,0.46259227
1350,-0.5949311,1.1001331
1351,-0.2791545,0.43477425
1352,0.1581425,0.33342585
1353,-0.8244736,0.5463278
1354,-1.0950773,0.53056735
1355,-1.6575991,0.6678901
1356,-1.300191,0.5192748
1357,-0.9019334,0.49062154
1358,-0.74882716,0.5909663
1359,-0.8696079,0.42188084
1360,-0.5555761,0.39948058
1361,-0.82360643,0.5330429
1362,-1.1012967,0.5760076
1363,-1.1985273,0.58455926
1364,-1.6614615,0.73336977
1365,-0.8646582,0.6530585
1366,-0.6650654,0.54950285
1367,-1.233271,0.48986492
1368,-1.7726936,0.68469906
1369,-1.5487171,0.5214808
1370,-0.78247166,0.6125525
1371,-1.5522964,0.55092984
1372,-1.1086127,0.4726284
1373,-0.7312941,0.9934965
1374,-0.62720644,0.3150748
1375,-0.85618705,0.37917718
1376,-1.2482319,0.49786013
1377,-0.967816,0.42710096
1378,-1.1049353,0.53223795
1379,-0.995917,0.51911515
1380,-0.99235433,0.44386443
1381,-0.6182679,0.4583915
1382,-1.0558501,0.5619066
1383,-0.69135725,0.48826873
1384,-0.149619,0.3123114
1385,-1.5502124,0.5255012
1386,-0.27066225,0.4222493
1387,-0.5264741,0.48419195
1388,-1.1745557,0.5397699
1389,-0.5312438,0.4329272
1390,-1.4758972,0.62820643
1391,-0.9866914,0.49519113
1392,-0.48110613,1.0427793
1393,-0.97615474,0.5728811
1394,-1.431109,0.51203644
1395,0.023300644,0.27405244
1396,-1.0988885,0.5285749
1397,0.0656641,0.37398532
1398,-0.024213571,0.41906145
1399,-0.66361874,0.32873565
1400,-1.2722619,0.4724855
1401,-0.3807052,0.6188282
1402,-1.1849904,0.63748854
1403,-1.0963829,0.42160848
1404,-1.4489373,0.6125527
1405,-1.021206,0.45784682
1406,-0.33500174,0.42431933
1407,-1.1987623,0.5588955
1408,-1.0016869,0.50159055
1409,-0.8315998,0.41483146
1410,-0.55241716,0.47004843
1411,-0.8031915,0.5679353
1412,-0.23066024,0.3759143
1413,-1.1084989,0.49584964
1414,-1.1370798,0.4836675
1415,-0.6158101,0.5591034
1416,-0.91642296,0.49683452
1417,-0.026143197,0.9334438
1418,-0.23044673,0.54637796
1419,-0.35185748,0.5716154
1420,-1.1034236,0.46790364
1421,-1.0927248,0.49848345
1422,-0.5853887,0.45765847
1423,-1.041957,0.512245
1424,-0.36478853,0.43195778
1425,-0.5592948,0.4831084
1426,-1.1006942,0.52237874
1427,-0.017848384,0.39617294
1428,-0.51820475,0.36298028
1429,0.050912786,0.37297973
1430,-1.0220566,0.607794
1431,-0.16575412,0.51332
1432,-0.94870424,0.5651842
1433,-1.605055,0.50863165
1434,-0.86632603,0.48161688
1435,-0.95392776,0.48557258
1436,-1.4213556,0.55934364
1437,-0.50458705,0.4223814
1438,-0.20205799,0.46006376
1439,-1.4590268,0.5947787
1440,-0.65908486,0.3533272
1441,-0.93013597,0.48225808
1442,-0.5937677,0.31407627
1443,-0.17290832,0.41203257
1444,-1.287057,0.5116997
1445,0.057003073,0.24089329
1446,-0.54571545,0.725821
1447,-0.5370509,0.43503526
1448,-1.1831436,0.4842059
1449,-0.8663045,0.6723391
1450,-0.8831663,0.6540548
1451,-0.8713562,0.5788395
1452,-0.5187328,0.5088386
1453,-0.77551544,0.38703418
1454,-0.90742856,0.37685972
1455,-1.3123603,0.49155268
1456,-0.67869484,0.47794694
1457,-1.1202825,0.4637617
1458,-1.1289026,0.55804765
1459,-1.328768,0.51667815
1460,-1.1350025,0.58108723
1461,-1.0039878,0.5265007
1462,-0.898599,0.4302706
1463,-0.93602604,0.45985413
1464,-0.96874094,0.4495517
1465,-1.4657413,0.6003476
1466,-0.3083128,0.6279129
1467,-0.9319833,0.4196099
1468,-0.9182038,0.5240604
1469,-0.4481427,0.33229643
1470,-1.0457492,0.3844296
1471,-1.2813554,0.5011156
1472,-0.8489742,0.3708912
1473,-1.4020407,0.52332944
1474,-0.9831624,0.40992817
1475,-1.4972261,0.49318632
1476,-0.8564888,0.438552
1477,-1.2461947,0.6596769
1478,-1.2215118,0.48629177
1479,-1.100597,0.4513005
1480,-0.5317932,0.31321028
1481,-0.13440044,0.34110644
1482,-1.4474235,0.5996945
1483,0.5285647,0.631452
1484,-0.45033178,0.45128304
1485,-0.38664877,0.34737253
1486,-1.231138,0.5542242
1487,-0.540205,0.53480613
1488,-1.0913944,0.62002665
1489,-0.94953793,0.3981772
1490,-1.3997217,0.54930216
1491,-1.1948249,0.5090148
1492,-0.98065686,0.4906793
1493,-1.5420113,0.4415396
1494,-1.139418,0.5713942
1495,-1.2096055,0.61659694
1496,-1.1865034,0.52611655
1497,-0.567008,0.48092565
1498,-1.3394951,0.5488817
1499,-1.4798638,0.4928013
1500,-1.3903561,0.62362945
1501,-0.35385758,0.6890444
1502,-0.98492455,0.39013037
1503,-0.2614916,0.49987015
1504,-0.6543716,0.35472247
1505,-1.0403471,0.56752485
1506,-0.58009195,0.6051848
1507,-0.31950548,0.43798652
1508,-0.99200565,0.45615447
1509,-1.1349546,0.4516711
1510,-0.5121347,0.32991323
1511,-1.185924,0.5043669
1512,-1.022209,0.52962357
1513,-0.6219137,0.3898476
1514,-0.93294406,0.37973255
1515,-0.95860815,0.41944346
1516,-0.8113529,0.45398098
1517,-1.0076005,0.5770974
1518,-1.3475823,0.4773398
1519,-0.17050894,0.43554407
1520,-0.2943931,0.33992153
1521,0.07225231,0.39283022
1522,-1.0383354,0.6010602
1523,-1.3048662,0.49000093
1524,-1.2643933,0.50494576
1525,-1.5290291,0.66272277
1526,-0.18395153,0.3046335
1527,-0.87806463,0.41604134
1528,-1.4735686,0.5381308
1529,-1.0149622,0.5965436
1530,-0.53189844,0.41255653
1531,-0.83699465,0.44800344
1532,-0.14661677,0.39216867
1533,-0.31442726,0.6347529
1534,-0.93985635,0.35055417
1535,-0.88507444,0.39305955
1536,-0.57571,0.409492
1537,-1.5025357,0.5155656
1538,-1.4730186,0.55157685
1539,-1.2003188,0.55803406
1540,-1.3336424,0.49023092
1541,-1.1241878,0.48334897
1542,-1.7355683,0.5283532
1543,-0.010561417,0.25107133
1544,-0.06754887,0.33360177
1545,-1.4190887,0.5594601
1546,-1.0125128,0.5823248
1547,-1.1119791,0.5212985
1548,-1.1925117,0.47504422
1549,-0.8705998,0.44719145
1550,-0.99051493,0.50258595
1551,-1.4702011,0.6908198
1552,-1.1651329,0.6232363
1553,-0.83928657,0.5195343
1554,-1.3244921,0.6631275
1555,-1.0381032,0.49278912
1556,-1.1430815,0.5679207
1557,-0.91690034,0.45020822
1558,-1.3379692,0.5448679
1559,-1.1397909,0.8164369
1560,-0.43403998,0.3813205
1561,-1.2963278,0.5413405
1562,-0.7555417,0.3947712
1563,-1.1577612,0.53675634
1564,-1.231298,0.51680726
1565,-1.333034,0.6334956
1566,-1.3958687,0.5359196
1567,-0.16845705,0.4118623
1568,-0.96209633,0.5297826
1569,-0.8980371,0.4858377
1570,-0.034314476,0.34319353
1571,-0.89580226,0.4928093
1572,-1.5325965,0.5494832
1573,-1.2239492,0.5297876
1574,-0.3029108,0.48823327
1575,-0.827123,0.42372176
1576,-1.3820373,0.5179044
1577,-1.1770481,0.43578216
1578,-1.3035398,0.5406015
1579,-0.28481662,0.3649739
1580,-1.1752251,0.45957708
1581,-0.37041,0.36748737
1582,-0.72234565,0.44952226
1583,-1.9831369,0.6299434
1584,-0.7172559,0.43568397
1585,-0.15927345,0.37340975
1586,-0.34640503,0.35521966
1587,-0.9191771,0.55256546
1588,-0.84687084,0.52387196
1589,-1.0425051,0.5440042
1590,-1.1851137,0.5135084
1591,-0.48132235,0.8134249
1592,-1.531904,0.5558167
1593,-0.62818974,0.35807875
1594,-0.45513713,0.38878387
1595,-1.14477,0.5206411
1596,-0.7787439,0.44681194
1597,-0.999153,0.42812356
1598,-1.4174716,0.42624056
1599,-1.0515968,0.83224905
1600,-0.6584268,0.35906568
1601,-0.5023686,0.46037182
1602,0.15733108,0.29260227
1603,-0.88939184,0.454009
1604,-1.1990719,0.50552845
1605,-1.2509925,0.48215103
1606,-0.50367403,0.32921097
1607,-0.88592064,0.467874
1608,-0.3199523,0.35714355
1609,-1.2275397,0.5023456
1610,-0.14880382,0.60954994
1611,-0.54136825,0.58491176
1612,-0.9913959,0.38966548
1613,-0.87642515,0.48309997
1614,-0.91049254,0.47719395
1615,-0.25581947,0.30574244
1616,-1.0982121,0.52692354
1617,-0.99438316,0.4795235
1618,-0.8876802,0.4095376
1619,-0.45854312,0.37365687
1620,-1.2670292,0.69802594
1621,-1.9383987,0.64257145
1622,-1.0738083,0.43272436
1623,-1.0818539,0.6056572
1624,-0.35836124,0.54456276
1625,-0.27793044,0.31387708
1626,-1.2813233,0.5406026
1627,-1.0957931,0.54168075
1628,-1.066927,0.54940456
1629,-1.3553326,0.6551566
1630,-1.449161,0.5419433
1631,-0.5477535,0.5152936
1632,-0.79904175,0.5388699
1633,-0.81386226,0.40711486
1634,-0.96728593,0.43513942
1635,-1.106169,0.5800087
1636,-0.9455606,0.6105238
1637,-0.9482035,0.49683684
1638,-1.2405002,0.5083502
1639,-1.3002834,0.6152911
1640,-0.43287686,0.5553759
1641,-1.7035599,0.6640681
1642,-1.0493743,0.47325933
1643,-1.283632,0.5431558
1644,-0.9918933,0.50071853
1645,-1.1271845,0.58918154
1646,-0.8488827,0.4086244
1647,-1.0282477,0.55913526
1648,-0.64974666,0.44343
1649,-0.8025824,0.58038044
1650,-1.0270009,0.52678955
1651,-1.0830477,0.5215108
1652,-1.5502809,0.5288639
1653,-1.0002427,0.51702195
1654,-1.0210503,0.5064126
1655,-0.9845296,0.42110625
1656,-0.76611716,0.53757215
1657,-0.5893354,0.4414708
1658,-1.5353112,0.6246122
1659,-1.0419532,0.56039566
1660,-1.248416,0.46449378
1661,-0.83225566,0.5730947
1662,-0.20076333,0.34529093
1663,-0.586525,0.4163849
1664,-0.46825778,0.44833663
1665,-1.2521877,0.45898113
1666,-0.71791935,0.46396732
1667,-1.1941677,0.5832958
1668,-0.11669279,0.37672228
1669,-1.1711085,0.57981944
1670,-1.295201,0.5102105
1671,-1.161334,0.5050069
1672,-0.12982105,0.26388618
1673,-0.9860927,0.4239124
1674,-1.1402909,0.5297267
1675,-1.3228813,0.52780765
1676,-0.7846987,0.67052746
1677,-1.3491349,0.47109666
1678,-0.2935736,0.40956283
1679,-0.76194084,0.47216153
1680,-1.3123411,0.60687786
1681,-1.3523798,0.50107265
1682,-1.0714347,0.53702635
1683,-0.62208116,0.28249204
1684,-1.3727646,0.6137219
1685,-0.47172177,0.5483485
1686,-0.1285681,0.4073747
1687,-1.0654118,0.6137364
1688,-0.90825814,0.5208966
1689,-1.1197203,0.53742343
1690,-0.21240452,0.32860503
1691,0.009573008,0.357332
1692,-0.09467558,0.43345672
1693,-0.50343084,0.47877422
1694,-0.9471319,0.62722486
1695,-1.4483103,0.5646432
1696,-0.3080411,0.29857016
1697,-1.0268894,0.4647172
1698,-0.88467914,0.4903369
1699,-1.4838761,0.543637
1700,-0.18402843,0.801252
1701,-1.1497635,0.530096
1702,-0.030839648,0.31790224
1703,-1.0655313,0.44124076
1704,-0.9798177,0.5306703
1705,-0.8877343,0.40315902
1706,-0.9596227,0.54081446
1707,-1.2602998,0.48137426
1708,-0.38797623,0.34349775
1709,-0.2126326,0.3446169
1710,-0.4372073,0.28441116
1711,-1.2913945,0.4974482
1712,-0.5672598,0.35562333
1713,-0.094329715,0.3596677
1714,-1.3163595,0.52407205
1715,-0.9133715,0.32831642
1716,-0.9126314,0.476744
1717,-0.049641863,0.4065554
1718,-0.77672696,0.48898354
1719,-1.1381932,0.44425964
1720,-1.2266891,0.44722915
1721,-1.275764,0.50151676
1722,-1.1314105,0.55026126
1723,-0.60145164,0.4314252
1724,-0.91522247,0.47625193
1725,-0.906453,0.4439134
1726,-1.2832515,0.57092464
1727,-0.9306829,0.49876824
1728,-1.0287216,0.52277833
1729,0.07367537,0.29403874
1730,-0.6628414,0.42992777
1731,-0.93230426,0.3578691
1732,-1.5412611,0.6581572
1733,-0.24439172,0.48493195
1734,-0.76457834,0.35152924
1735,-1.0992799,0.40935925
1736,-0.96356755,0.6281028
1737,-1.0467145,0.5041436
1738,-1.1237531,0.49587142
1739,-0.8808325,0.5135136
1740,-0.5550136,0.39554748
1741,-0.68845046,0.37553966
1742,-1.5262086,0.64143604
1743,-0.20500542,0.42009068
1744,-1.2958915,0.4610195
1745,-1.0366422,0.47713426
1746,-0.4946866,0.36069673
1747,-1.4907317,0.5742206
1748,-0.8242148,0.4264588
1749,-1.0822666,0.48018587
1750,-1.1829371,0.73156595
1751,-1.047323,0.50067616
1752,-0.48492756,0.36150828
1753,-0.4728858,0.5200965
1754,-1.2412202,0.6652566
1755,-0.2743362,0.3863148
1756,-1.1269683,0.46715525
1757,-1.2911775,0.52511346
1758,-0.7359985,0.5440643
1759,-0.72372425,0.44395527
1760,-0.81328297,0.36790293
1761,-1.0657716,0.42021033
1762,-1.0240136,0.5233464
1763,-1.3223699,0.5595852
1764,-0.22568059,0.46836132
1765,0.09323482,0.37066603
1766,-0.78285354,0.48671013
1767,-0.9601396,0.36501712
1768,-1.0420915,0.45545936
1769,-0.54181296,0.80446446
1770,-0.9193173,0.52815574
1771,-0.040262595,0.2778892
1772,-0.21792454,0.37993622
1773,-2.194872,0.6146062
1774,-0.1417726,0.35516852
1775,-0.666732,0.36329982
1776,-0.84227395,0.41701835
1777,-0.8884784,0.5037081
1778,-1.0056689,0.4917123
1779,-0.22174469,0.51179576
1780,-0.6598596,0.5300169
1781,-1.3733189,0.56618106
1782,-0.6455505,0.6852429
1783,-0.65026647,0.38151777
1784,-1.2607361,0.57866466
1785,-0.33272627,0.81277853
1786,-1.0204462,0.4627313
1787,-1.1048249,0.5172595
1788,-1.3088516,0.48128742
1789,-0.42336553,0.347111
1790,-0.27038106,0.33987713
1791,-1.204725,0.47602928
1792,-0.7774541,0.4073084
1793,-1.0726258,0.46616706
1794,-0.47634742,0.30295068
1795,-1.1479285,0.49887836
1796,-0.59115666,0.51319516
1797,-1.2675444,0.5395986
1798,-1.4249488,0.5334621
1799,-0.4789163,0.53770924
1800,-0.668852,0.38718626
1801,-0.27662605,0.40675265
1802,-0.9846796,0.6046895
1803,-1.2612197,0.50603473
1804,-0.5224547,0.47045985
1805,-0.3077651,0.3894423
1806,-1.1262925,0.5409099
1807,-0.4921501,0.29450434
1808,-0.20175482,0.40313938
1809,-1.2336776,0.51245177
1810,0.03840901,0.37732217
1811,-0.012059646,0.37927824
1812,-1.3599607,0.57051516
1813,-1.0328928,0.54658
1814,0.19379725,0.29694113
1815,-0.98717934,0.39353532
1816,-1.0462265,0.5046655
1817,-0.16349252,0.4450519
1818,-0.83162963,0.46567264
1819,-1.3860887,0.54519737
1820,-0.7776001,0.46063906
1821,-1.3892027,0.6463609
1822,-1.2634925,0.65680695
1823,-0.6783353,0.42809528
1824,-0.55991757,0.4621395
1825,-1.1302184,0.82978135
1826,-0.7769237,0.52674025
1827,-0.7452322,0.5801957
1828,-0.637335,0.3975476
1829,-0.7050574,0.58912426
1830,-1.6721414,0.47689405
1831,-1.4257679,0.5776698
1832,-1.3067989,0.5189132
1833,-0.9893093,0.4731069
1834,-1.1703368,0.49825096
1835,-0.87249553,0.49117815
1836,-1.3723911,0.47421423
1837,-0.9033893,0.6789698
1838,-0.3725236,0.7541981
1839,-0.8821131,0.36813965
1840,-0.37844077,0.74670845
1841,-0.6069142,0.39447045
1842,-0.9422516,0.49434376
1843,-0.9801795,0.49867308
1844,-1.1351639,0.4516482
1845,-1.1423354,0.4867519
1846,-1.1754465,0.48303124
1847,-1.2759101,0.6210974
1848,-0.24132791,0.45253497
1849,-0.8253059,0.38793334
1850,-1.283139,0.55992293
1851,-1.0546924,0.45374933
1852,-0.44623077,0.429067
1853,-0.6484681,0.34198308
1854,-1.0052457,0.4655888
1855,-1.3150083,0.5304356
1856,-0.18921499,0.52966595
1857,-1.165154,0.54625034
1858,-1.0894248,0.4211674
1859,-0.80788845,0.5033199
1860,-0.78576577,0.47817242
1861,-0.7441808,0.46944648
1862,-1.169614,0.4402004
1863,-1.1429663,0.53926826
1864,-0.40637943,0.35196272
1865,-0.98660743,0.69059
1866,0.0011305419,0.39252415
1867,-0.32586938,0.32439426
1868,-1.1709229,0.54859793
1869,-1.2419657,0.6144458
1870,-1.0588484,0.45278707
1871,-1.209854,0.52718204
1872,-1.0079412,0.5766466
1873,-0.92138493,0.5093195
1874,-0.60174596,0.35290396
1875,-0.2235347,0.38948607
1876,-1.1187598,0.6137737
1877,-0.8018046,0.4066133
1878,-0.5525645,0.3368393
1879,-1.2005513,0.6306654
1880,-0.6830028,0.8196491
1881,-0.9693685,0.6428685
1882,-1.3320779,0.6215137
1883,-1.0811944,0.55920315
1884,-0.19556205,0.6113099
1885,-0.6891094,0.44399816
1886,-0.68635356,0.50298756
1887,-0.4429695,0.5020975
1888,-1.6642472,0.63551766
1889,-1.6698279,0.7199787
1890,-0.8871736,0.45335865
1891,-0.853386,0.43289316
1892,-0.19109184,0.42078856
1893,-1.0551708,0.62438065
1894,-0.9884002,0.43632814
1895,-0.6874683,0.569026
1896,-0.9006937,0.45747593
1897,-1.2685714,0.5507884
1898,-1.4722552,0.46538186
1899,-0.35719118,0.5705892
1900,-0.9783082,0.49812326
1901,-1.3660272,0.519499
1902,-1.359265,0.6600748
1903,-0.13227436,0.2932141
1904,-1.5397192,0.6319369
1905,-0.62457556,0.45139077
1906,-1.3273804,0.47896627
1907,-0.11880897,0.30458152
1908,-1.0279719,0.43010437
1909,-0.7077184,0.501661
1910,-1.0986717,0.40446755
1911,-1.2831646,0.48917118
1912,-0.24566354,0.37815526
1913,-1.0524383,0.54898417
1914,-1.1443539,0.44452465
1915,-1.033962,0.56428516
1916,-0.85316825,0.4088809
1917,-0.044582553,0.31522468
1918,-1.4467938,0.5986982
1919,-0.59821564,0.5714285
1920,-1.2344409,0.46989763
1921,-1.1620052,0.59947824
1922,-0.82988316,0.4644951
1923,-1.0447286,0.6570036
1924,-0.9360122,0.5615897
1925,-0.49397916,0.39211708
1926,-0.06332169,0.39487213
1927,-1.3850883,0.5177585
1928,-0.7873776,0.41194305
1929,-0.33949324,0.43074515
1930,-0.67106134,0.50704235
1931,-1.2558472,0.44947457
1932,-1.1126916,0.469475
1933,-1.0596148,0.48550135
1934,-0.4678604,0.428893
1935,-0.7868456,0.51603913
1936,-1.1782273,0.50575984
1937,-0.25480112,0.4899981
1938,-0.8620505,0.42723355
1939,-0.27265614,0.5000469
1940,-1.3393922,0.5751493
1941,-1.259412,0.4378685
1942,-1.2965341,0.5405118
1943,-1.3976172,0.44588432
1944,-0.6470532,1.0631067
1945,-0.34720892,0.44528198
1946,-0.88694066,0.46233776
1947,-1.4709337,0.531491
1948,-0.9489347,0.56956714
1949,-1.1101873,0.5038537
1950,-1.1650279,0.47106037
1951,-0.30410874,0.47377646
1952,-0.54072636,0.3495471
1953,-1.2242291,0.6107259
1954,-1.5999503,0.5427887
1955,-1.0684391,0.51818436
1956,-0.2663489,1.1989276
1957,-1.065103,0.46020067
1958,0.022646917,0.38054177
1959,-1.1063343,0.3097435
1960,-0.80960685,0.37897927
1961,-0.54165155,0.5326784
1962,-1.0505757,0.66324866
1963,-0.798275,0.43975708
1964,-0.9869962,0.52942824
1965,-1.0783049,0.46135613
1966,-0.5142184,0.3854885
1967,-0.8554629,0.43756482
1968,-0.50697076,0.51115376
1969,-0.8218121,0.33715674
1970,-0.6023929,0.58232516
1971,-1.4170576,0.49085787
1972,-0.9733007,0.5688454
1973,-1.2385658,0.49698222
1974,-1.2646686,0.543703
1975,-0.8079913,0.44778365
1976,-0.39629993,0.5623726
1977,-0.6831951,0.49208805
1978,-0.49666536,0.350343
1979,-0.5998858,0.5446823
1980,-0.26383558,0.31181535
1981,-1.2598764,0.49191824
1982,-1.084759,0.46785897
1983,-1.5469106,0.53662306
1984,-0.79746777,0.33776084
1985,-1.2957292,0.47992536
1986,-0.30830744,0.33829919
1987,-0.9954841,0.5304793
1988,-0.20583053,0.31928247
1989,-1.3338792,0.56265676
1990,-0.9279987,0.45240343
1991,-0.92658436,0.44793874
1992,-0.27713755,0.43635806
1993,-1.1565697,0.46095303
1994,-0.8355154,0.46932554
1995,-0.7679164,0.44641578
1996,-0.56937504,0.37499264
1997,-0.66888326,0.37859523
1998,-0.59246945,0.42867747
1999,-1.1459724,0.45478868
2000,-0.93658775,0.36739028
2001,-1.2239335,0.46919316
2002,-0.86119574,0.41481522
2003,-1.0427943,0.5156291
2004,-1.0988489,0.46859378
2005,-0.5053184,0.29846612
2006,-0.7857255,0.38875172
2007,-0.32166633,0.35805747
2008,-1.2091589,0.5328899
2009,-0.8461534,0.4367631
2010,-0.4715857,0.34230477
2011,-1.0088336,0.43921968
2012,0.2621482,1.1673231
2013,-1.059621,0.6265528
2014,0.018106047,0.40911177
2015,-0.6829181,0.43134478
2016,-0.94743186,0.35900417
2017,-0.818317,0.7018445
2018,-1.243659,0.5122396
2019,-0.54595166,0.32615677
2020,-0.77521336,0.41670644
2021,-0.5613736,0.50644803
2022,-0.86195093,0.461273
2023,-0.8276046,0.45474926
2024,-1.2024603,0.45778123
2025,-0.4517474,0.47468957
2026,-1.3567635,0.4967091
2027,-1.1080397,0.5778319
2028,-1.2827953,0.42558345
2029,-0.84738886,0.51734996
2030,-0.964734,0.6569406
2031,-0.8758453,0.5031187
2032,-0.28187045,0.3050039
2033,-0.17061634,0.35005388
2034,-1.4217888,0.6217826
2035,-0.22776149,0.38824415
2036,-0.9434872,0.4529439
2037,-1.5306225,0.7143936
2038,-1.0614672,0.51671183
2039,-1.4212425,0.5668682
2040,-1.1691028,0.5397821
2041,-1.0851054,0.5776808
2042,-1.3224587,0.53188294
2043,-1.0792522,0.5134721
2044,-1.0988672,0.39357692
2045,-1.06226,0.4760012
2046,-0.7815252,0.9345815
2047,-0.9791997,0.56424344
2048,-1.6685181,0.5180058
2049,-0.46723256,0.39706528
2050,-0.5682306,0.50153124
2051,-0.40323636,0.5252447
2052,-1.2587831,0.51650107
2053,-0.77915126,0.5062102
2054,-1.0131652,0.51548886
2055,-0.83352596,0.44602826
2056,-1.2152854,0.5405419
2057,-1.2031114,0.46442276
2058,-1.2140874,0.46704343
2059,-0.7220448,0.38999614
2060,-0.17411053,0.36609748
2061,-1.020757,0.56175864
2062,-0.9315613,0.5552993
2063,-0.68599296,0.43128893
2064,-0.30911875,0.38183522
2065,-1.0589168,0.90887684
2066,-1.0416344,0.5691279
2067,-0.6466098,0.5426996
2068,-0.89385414,0.6497806
2069,-0.084267974,0.25421825
2070,-0.9058046,0.57838076
2071,-0.11929649,0.36363778
2072,-1.0112022,0.47008544
2073,-0.85063225,0.49063665
2074,-0.9877746,0.6247812
2075,-0.8349926,0.48756936
2076,-1.020188,0.5135504
2077,-1.0931014,0.5629196
2078,-1.1948003,0.4454069
2079,-0.282155,0.41712183
2080,-1.1063603,0.576465
2081,-0.8814698,0.4889227
2082,-0.8382777,0.4059703
2083,-0.58567494,0.3736859
2084,-0.9533571,0.48944968
2085,-1.3028902,0.4461822
2086,-1.4027117,0.5026702
2087,-1.5166761,0.5630874
2088,-1.3653708,0.5294052
2089,-0.19947535,0.3629478
2090,-0.51341003,0.5029684
2091,-0.14201199,1.6674736
2092,-1.2784663,0.51485735
2093,-1.017322,0.45682168
2094,-1.264629,0.4442454
2095,-0.77472436,0.46000248
2096,-0.5412258,0.43543816
2097,-1.1180071,0.4373874
2098,-1.1095834,0.5247858
2099,-1.38275,0.5631314
2100,-1.373994,0.47172558
2101,-0.9322315,0.4611921
2102,-0.99973214,0.47121274
2103,-1.883861,0.62571806
2104,-0.4102713,0.4940096
2105,-1.0040416,0.46317124
2106,-1.2718303,0.4405574
2107,-1.17188,0.42126817
2108,-1.2644371,0.4562788
2109,-0.37833497,0.5108061
2110,-1.0794888,0.5494814
2111,-1.026748,0.4613056
2112,-0.35649198,0.44709882
2113,-0.6928923,0.4088358
2114,-0.042913552,0.41452342
2115,-1.2774408,0.4730043
2116,-0.31699935,0.2643139
2117,-0.39076063,0.41466346
2118,-0.74369055,0.5706264
2119,-1.1288569,0.46917
2120,-1.2338156,0.48985046
2121,-0.62845594,0.6958903
2122,-0.99385405,0.6851262
2123,-1.0289384,0.67850757
2124,-1.1388648,0.40246284
2125,-1.1960192,0.5276066
2126,-0.67635995,0.420856
2127,-0.7706372,0.4537171
2128,-1.3755851,0.5108197
2129,-0.75456893,0.44102573
2130,-1.3238331,0.52204
2131,-0.7318827,0.39908177
2132,-0.4713671,0.49279422
2133,0.04376546,0.2497498
2134,-0.29482058,0.36222675
2135,-0.7645268,0.46992597
2136,-0.73863894,0.6470415
2137,-1.2271872,0.5318168
2138,-1.3558124,0.5482755
2139,-1.0194814,0.46547747
2140,-1.3972565,0.431987
2141,-1.2415888,0.5666889
2142,-0.8963325,0.46369997
2143,-0.35785335,0.36853307
2144,-0.9591565,0.4396849
2145,-1.0791292,0.48008516
2146,-0.5145568,0.53686833
2147,-1.2605977,0.5213189
2148,-0.755253,0.6045487
2149,-1.2053292,0.5117699
2150,-1.118747,0.4775135
2151,-1.1960686,0.5057601
2152,-0.9238529,0.5187182
2153,0.2071674,0.2677669
2154,-0.27076244,0.4099901
2155,-0.74888307,0.4282149
2156,-0.8689013,0.5793051
2157,-1.0942427,0.5075759
2158,-0.8981075,0.5556162
2159,-1.0061526,0.44868195
2160,-1.0921032,0.5445799
2161,-1.0666921,0.48057246
2162,-1.4099184,0.54879546
2163,-0.8911858,0.59603465
2164,-0.57142925,0.35386524
2165,-1.598948,0.53088665
2166,-0.7726552,0.48851928
2167,-1.568155,0.5352109
2168,-1.1453876,0.55635947
2169,-1.1623418,0.49370864
2170,-0.83268756,0.41790658
2171,-1.1567918,0.59787345
2172,-0.57815146,0.39298758
2173,-0.8321441,0.39145306
2174,-0.5427521,0.36338332
2175,-1.2433124,0.6541763
2176,-1.0062371,0.4441861
2177,-1.4934332,0.50734854
2178,-0.86527884,0.41059747
2179,-0.4762743,0.42984888
2180,-0.9893396,0.40001747
2181,-1.1156646,0.59606224
2182,-0.79309183,0.4129403
2183,-1.2357014,0.46735075
2184,-0.48648578,0.46789414
2185,-1.0744922,0.4435592
2186,-0.712961,0.5756361
2187,-0.48778322,0.41525802
2188,-1.0615356,0.41753536
2189,-0.9371612,0.60230356
2190,-0.5708637,0.4124617
2191,-0.605185,0.95024294
2192,-0.06306135,0.25710002
2193,-0.96152914,0.4743797
2194,-1.0740733,0.5262037
2195,-0.550539,0.40453103
2196,-1.4118692,0.43900418
2197,-1.5670191,0.5961818
2198,-0.65539306,0.7134339
2199,-0.22508769,0.3604712
2200,-0.50834125,0.53740484
2201,-0.52629423,0.35156366
2202,-0.80934167,0.48858693
2203,-0.8784843,0.7472458
2204,-1.3878033,0.56740725
2205,-1.1571356,0.5943092
2206,-0.66937524,0.4109493
2207,-0.1424437,0.85666925
2208,-0.67969614,0.59068793
2209,-0.7468612,0.6003235
2210,-0.8171918,0.4945585
2211,-0.947194,0.45847303
2212,-0.6915539,0.60407525
2213,-1.1799252,0.5188171
2214,-0.93032956,0.48734808
2215,-0.53179264,0.4392303
2216,-1.2991978,0.49216732
2217,-1.4045125,0.58984953
2218,-0.43743595,0.32643867
2219,0.0011637955,0.8570806
2220,-1.0797361,0.50434417
2221,-0.875254,0.40076372
2222,-1.4250244,0.49193522
2223,-1.4064986,0.52817345
2224,-0.40119854,0.32792276
2225,-0.16935447,0.34387505
2226,-0.93085295,0.56096655
2227,-1.2642301,0.508753
2228,-1.3065728,0.63054067
2229,-1.1790699,0.5351811
2230,-0.48807874,0.5737375
2231,-1.2712888,0.52348036
2232,-1.071556,0.8668104
2233,-1.2668527,0.458709
2234,-0.7704115,0.46029806
2235,-0.91732883,0.5337941
2236,-1.0325174,0.37836897
2237,-1.120592,0.44439963
2238,-1.6954107,0.5545681
2239,-0.94075996,0.45848465
2240,-0.048189297,0.4560311
2241,-0.9069367,0.51376957
2242,-0.5415003,0.7022027
2243,-0.7468821,0.3902436
2244,-1.0806547,0.48665577
2245,-1.2637558,0.41868833
2246,-0.8166376,0.39216903
2247,-0.51133096,0.36829838
2248,-0.81880873,0.5686591
2249,-0.35978416,0.4861734
2250,-1.1075776,0.40571153
2251,-1.0428205,0.4774905
2252,-1.4952543,0.5638617
2253,-1.1728103,0.566228
2254,-0.7831402,0.53824383
2255,-0.3201792,0.40854412
2256,-0.68405193,0.35930523
2257,-1.1416194,0.49340132
2258,0.12091152,0.29091817
2259,-0.80511504,0.5731439
2260,-1.0874833,0.5356092
2261,-1.2605057,0.49713114
2262,-0.0319001,0.47992006
2263,-0.8510634,0.51201
2264,-0.91255367,0.6199613
2265,-0.9801304,0.5503883
2266,-1.0431165,0.4678511
2267,-0.36603382,0.317557
2268,-0.8612502,0.49265105
2269,-0.41556948,0.35893568
2270,-1.1514347,0.51696795
2271,-1.0658526,0.5313615
2272,-1.1617911,0.4099624
2273,-1.2111,0.65244526
2274,-0.2505293,0.34233817
2275,-0.33240318,0.30255696
2276,-0.77599823,0.46827233
2277,-1.0141858,0.5745284
2278,-0.74722815,0.48733884
2279,-1.5234984,0.5113889
2280,-0.83553445,0.54061466
2281,-0.5815674,0.37900287
2282,-1.1463526,0.43016797
2283,-0.49717948,0.5229445
2284,-0.94607884,0.4736086
2285,-0.0063367514,0.36214024
2286,-1.380375,0.56449115
2287,-0.31185028,0.44930792
2288,-0.9687981,0.40635294
2289,-0.9287493,0.39703083
2290,-0.58794725,0.4432517
2291,-0.84283924,0.5456838
2292,-0.6319454,0.39257377
2293,-0.36619383,0.44383723
2294,-0.70035696,0.34117883
2295,-1.3717648,0.47328115
2296,0.040604055,0.3497834
2297,-0.438177,0.8941336
2298,-1.1989506,0.55173033
2299,-1.2083683,0.61976844
2300,-0.3922747,0.81233674
2301,-0.6564915,0.30402035
2302,-1.4750724,0.7057545
2303,-1.3860112,0.40862843
2304,-0.86957306,0.4513562
2305,-1.1222199,0.4912966
2306,-1.3216285,0.5708806
2307,-0.32512522,0.2917371
2308,-0.19249748,0.45516637
2309,-1.0963125,0.46527556
2310,-0.7396312,0.5521721
2311,-0.921425,0.41567227
2312,-1.0149711,0.47836578
2313,-0.9667655,0.45291936
2314,-1.2685767,0.54962283
2315,-1.365457,0.5532606
2316,-0.9173619,0.4721588
2317,-0.7623992,0.42310795
2318,-0.9628407,0.3749377
2319,-1.1977761,0.5448119
2320,-0.8270192,0.49989486
2321,-0.7242746,0.4520113
2322,-1.2334111,0.5560736
2323,-0.23610762,0.2751121
2324,-1.3550968,0.4888582
2325,-0.8001722,0.4897797
2326,-0.93241566,0.48403344
2327,-1.0888025,0.45669472
2328,-0.47606486,0.46169028
2329,-0.20011589,0.80171484
2330,-0.29655018,0.5269049
2331,-0.8234427,0.52983624
2332,-1.5551425,0.61428815
2333,-1.1306807,0.45895335
2334,-1.0501628,0.46173945
2335,-1.4792347,0.5949859
2336,-0.2635795,0.40744942
2337,-0.5740656,0.56937647
2338,-0.7796783,0.38014463
2339,-0.42815983,0.4007274
2340,-0.06995114,0.40673184
2341,-0.5629776,0.33539274
2342,-1.64347,0.4773423
2343,-0.47635794,0.61326164
2344,-0.06706055,0.43880296
2345,-1.2126454,0.40215412
2346,-1.0765166,0.47031572
2347,0.11538302,0.28317863
2348,-1.0417123,0.46754944
2349,-0.8721616,0.52263176
2350,-1.1496259,0.45021665
2351,-1.1302824,0.4163162
2352,-0.14101443,0.35689452
2353,-0.2626666,0.4604063
2354,-1.5742155,0.50903934
2355,-0.7203217,0.34321147
2356,-1.0702066,0.5542049
2357,-0.43243963,0.36776665
2358,-1.1182431,0.56421685
2359,-0.8929958,0.61911404
2360,-1.4199755,0.5591381
2361,-0.5412395,0.39443478
2362,-1.018074,0.5489902
2363,-0.20751204,0.71043193
2364,-0.40797374,0.40866303
2365,-0.3942578,0.30889106
2366,-1.3924634,0.46161872
2367,-0.14675134,0.31516704
2368,-0.13901636,0.33701423
2369,-0.2920147,0.55600005
2370,-1.1132787,0.55814767
2371,-0.5961438,0.40625298
2372,-1.2966644,0.5181412
2373,-1.2694321,0.56593245
2374,-0.21448076,0.31755194
2375,-0.70595837,0.4650473
2376,-1.2545186,0.55612004
2377,-1.3791919,0.4646524
2378,-1.1834427,0.5386793
2379,0.055570662,0.29246905
2380,-0.9325594,0.50548005
2381,-0.55874,0.4683041
2382,-1.1815646,0.54732585
2383,-0.76648974,0.4350885
2384,-1.6037085,0.5603423
2385,-1.054881,0.43362403
2386,-1.4779985,0.4921048
2387,-1.2081753,0.41488418
2388,-0.37935814,0.32307044
2389,-0.89100164,0.47924948
2390,-0.85203826,0.51513535
2391,-1.334896,0.51698786
2392,-0.4444265,0.54209685
2393,-0.69816995,0.5409594
2394,-0.33628473,0.39845872
2395,-1.1385592,0.55695885
2396,-0.47610477,0.40738723
2397,-1.3028114,0.47101003
2398,-1.0091339,0.44329947
2399,-0.5233886,0.7290114
2400,-0.24970458,0.7692911
2401,-1.1654739,0.44953427
2402,-0.2023903,0.65360934
2403,-1.1323287,0.5252337
2404,0.11677574,0.34753838
2405,-0.75937396,0.489211
2406,-0.8765444,0.5148239
2407,-1.4293555,0.5651078
2408,-0.7024504,0.45654258
2409,-0.20499428,0.7077618
2410,-0.15408097,0.32043087
2411,-0.99662274,0.4554825
2412,-0.97869456,0.54319835
2413,-0.35766408,0.25186762
2414,-1.2351956,0.430119
2415,-0.5419194,0.39658353
2416,-0.8673692,0.5477203
2417,-0.862832,0.37481695
2418,-0.42020226,0.61325794
2419,-0.26625228,0.4678253
2420,-1.0237098,0.539642
2421,-0.69677776,0.5710197
2422,-0.6899613,0.505005
2423,-1.3164632,0.5201219
2424,-0.9409157,0.6113199
2425,-1.3129935,0.49081996
2426,-1.039425,0.50386614
2427,-1.1454281,0.47637218
2428,-1.0314208,0.44118688
2429,-0.70293766,0.3471559
2430,-0.8903442,0.43455428
2431,-0.9988962,0.47220227
2432,-0.86545736,0.4425045
2433,0.115829974,0.7253305
2434,-0.26656428,0.47956866
2435,-0.110218026,0.3625868
2436,-1.415296,0.49288335
2437,-0.8195325,0.46982676
2438,-0.55130637,0.5428809
2439,-0.6507342,0.81504434
2440,-1.1158152,0.49285164
2441,-0.9880627,0.544716
2442,-0.3069493,0.60028994
2443,-0.7470443,0.41149142
2444,-0.41494069,0.48709065
2445,-1.1037602,0.48813263
2446,-1.21719,0.44827214
2447,0.1214235,0.6784578
2448,-1.4196062,0.48595124
2449,-0.2464008,0.482299
2450,-0.30445123,0.5008255
2451,-0.9767221,0.61403126
2452,-0.9714918,0.53522545
2453,-0.079299316,0.44795996
2454,-0.46954292,0.47040617
2455,-0.83502156,0.4366243
2456,-1.1988735,0.4398342
2457,-0.94436467,0.53599215
2458,-1.4403409,0.58518547
2459,-0.17910105,0.31018844
2460,-0.196254,0.4891464
2461,-1.6344787,0.9849945
2462,-0.6630545,0.40972832
2463,-0.5699833,0.37743956
2464,-0.71328884,0.43773592
2465,-0.99895126,0.35017356
2466,-0.20862818,0.2971934
2467,-0.7974584,0.45617113
2468,-0.97772,0.52796453
2469,-0.21073867,0.31412992
2470,-0.90927124,0.8643729
2471,-1.4310873,0.5075538
2472,-0.1946212,0.37460643
2473,-1.5501957,0.41143832
2474,-1.6978521,2.6357198
2475,-0.750582,0.4978758
2476,-1.1076989,0.52703756
2477,-0.91709614,0.4768037
2478,-0.57919997,0.3931333
2479,-0.8131387,0.42666745
2480,-0.26578134,0.3883383
2481,-0.12708817,0.40130618
2482,-0.3819301,0.45697278
2483,-0.96195596,0.39493012
2484,-0.66107243,0.45023158
2485,-0.22577912,0.3409987
2486,-0.7577897,0.39231196
2487,-0.8208422,0.3671984
2488,-0.6827811,0.6150914
2489,-1.0381852,0.4868945
2490,-0.6369227,0.5428934
2491,-1.1661981,0.47123113
2492,-0.93226236,0.46138096
2493,-0.8225345,0.54225785
2494,-1.6213292,0.7137674
2495,-0.9201608,0.55289775
2496,-1.0026082,0.69340277
2497,-1.5020953,0.5620406
2498,-0.8406431,0.5000496
2499,-1.113828,0.43771765
2500,-1.4046315,0.4854656
2501,-1.61976,0.72687507
2502,-0.22963187,0.47340447
2503,-1.1823092,0.5456608
2504,-1.2941811,0.8774643
2505,-0.61985433,0.5168548
2506,-0.29787722,0.38609824
2507,-1.2463201,0.49279925
2508,-0.9202275,0.4550631
2509,-0.6172879,0.3863206
2510,-0.8562946,0.3998488
2511,-1.249737,0.6037088
2512,-1.1387141,0.54735965
2513,-1.2590721,0.50639576
2514,-0.13663839,0.4733045
2515,-1.0133758,0.50397146
2516,-1.455437,0.88860756
2517,-0.906838,0.5547374
2518,-1.589109,0.5536938
2519,-1.1516552,0.5758036
2520,-0.788354,0.5889244
2521,-2.1565106,0.9716693
2522,-0.45533565,0.4108725
2523,-0.2870642,0.3656781
2524,-0.029563911,0.49916717
2525,-0.56636703,0.35673043
2526,-0.33502305,0.6431323
2527,-0.90557235,0.49615797
2528,-0.8219282,0.4434951
2529,-1.1709845,0.54985946
2530,-1.2743359,0.5284416
2531,-0.9664213,0.4931097
2532,-0.2910076,0.37405756
2533,-0.9290146,0.37910467
2534,-0.7433593,0.42413437
2535,-0.80786866,0.5180099
2536,-0.73355377,0.599585
2537,-0.23729537,0.49850723
2538,-1.2119932,0.48524997
2539,-1.0616953,0.4764019
2540,-0.4990415,0.39021477
2541,-0.71091163,0.49569926
2542,-1.0531555,0.46947056
2543,-1.2114476,0.5228625
2544,-1.1466578,0.5896644
2545,-0.48862648,0.7373519
2546,-1.0207932,2.2110872
2547,-0.24930844,0.27417478
2548,-1.527653,0.6078996
2549,-1.084021,0.60948956
2550,-0.77959895,0.5202478
2551,-0.12411329,0.28296915
2552,-1.4237424,0.55094117
2553,-1.3370488,0.4964067
2554,-1.1191236,0.6573858
2555,-0.6751845,0.4440179
2556,-0.9950812,0.3179904
2557,-0.3550486,0.3601728
2558,-0.83502406,0.44579583
2559,-0.8907719,0.4410378
2560,-1.4071778,0.5082537
2561,-1.3235142,0.50777024
2562,-1.2346286,0.5000662
2563,-0.6046578,0.45558026
2564,-1.3191805,0.5268824
2565,-1.5951052,0.53531134
2566,-1.1376721,0.4267229
2567,-1.03079,0.5282604
2568,-1.0143429,0.44388837
2569,-0.25156683,0.75540096
2570,-1.1061214,0.48263597
2571,-0.17645086,0.409806
2572,-1.4516912,0.6328804
2573,-0.40820903,0.40697974
2574,-1.1657181,0.49153516
2575,-0.99135303,0.44207278
2576,-1.0954596,0.4315724
2577,-0.33149797,0.43994316
2578,-0.8166183,0.68533885
2579,-0.19259124,0.86252445
2580,-0.58319193,0.3296051
2581,-0.84676325,0.44023395
2582,-0.45414728,0.35540646
2583,-0.367246,0.40209293
2584,-1.8261241,0.77171594
2585,-0.74766517,0.38517794
2586,-0.8059655,0.54420227
2587,-0.88762397,0.40528706
2588,-1.5995175,0.55660886
2589,-0.70998645,0.46199816
2590,-1.0923421,0.42460552
2591,-0.6118814,0.9983002
2592,-1.1559873,0.48840562
2593,-1.461918,0.5047566
2594,-0.93967676,0.5175058
2595,-1.2497795,0.56669277
2596,-0.1732322,0.62311363
2597,-1.2499547,0.44009933
2598,-1.4650424,0.46460676
2599,-0.71623015,0.4758592
2600,-0.5065848,0.400457
2601,-0.6308078,0.3909228
2602,-1.2431777,0.6637728
2603,-1.229427,0.65585476
2604,-0.5059677,0.5785699
2605,-0.6578364,0.3336435
2606,-0.92424,0.37370676
2607,-0.9993209,0.4630209
2608,-0.29298466,0.63896555
2609,-0.5463807,0.38179627
2610,-2.049119,0.80919987
2611,-1.3848411,0.4994206
2612,-0.9805737,0.5035729
2613,-1.4469978,0.5087441
2614,-0.20261289,0.44393766
2615,-0.5742131,0.44154677
2616,-0.94822013,0.52255595
2617,-0.58113134,0.50125766
2618,-0.9063282,0.4583641
2619,-0.8809604,0.59921926
2620,-0.15773158,0.34897336
2621,-1.2982506,0.5640087
2622,-1.1424953,0.59367687
2623,-0.9938193,0.4138466
2624,-0.5798207,0.62890434
2625,-0.49197155,0.5483
2626,-1.6069937,0.56641483
2627,-0.9472264,0.5901084
2628,-0.7946873,0.46320242
2629,-1.3531139,0.49791312
2630,-1.2197441,0.52139926
2631,-0.9500117,0.45705026
2632,-0.29868412,0.3663858
2633,-0.7340737,0.46001843
2634,-0.27623683,0.3226616
2635,-0.81669134,0.3477616
2636,-1.1686981,0.53884596
2637,-1.362977,0.5599875
2638,-1.3326025,0.7133834
2639,-1.4886538,0.5041673
2640,-0.3715707,0.3435519
2641,-1.2117345,0.58345026
2642,-0.9078432,0.46072632
2643,-1.2466059,0.5094956
2644,-1.7183706,1.4830419
2645,-1.2343718,0.5470431
2646,-0.91743255,0.4783779
2647,-0.68443716,0.3414969
2648,-1.3934641,0.54424167
2649,-1.0070016,0.45587063
2650,-0.45100683,0.53188777
2651,-0.69438016,0.3214806
2652,-0.5059973,0.31460348
2653,-0.40629762,0.38707995
2654,-0.27514407,0.3706016
2655,-1.3631698,0.51704895
2656,0.038547635,0.26371625
2657,-1.145856,0.55053765
2658,-0.6561931,0.40673098
2659,-0.59776276,0.3979973
2660,-1.0324935,0.5095161
2661,-1.3825326,0.5041316
2662,-0.7947227,0.44656244
2663,-0.7224232,0.45122442
2664,-1.1048851,0.5395881
2665,-1.1513964,0.48342884
2666,-0.60352534,0.3880587
2667,-0.070257805,0.31931868
2668,-1.4252291,0.5988883
2669,-0.5388919,0.5297712
2670,-1.2689818,0.45042557
2671,-0.6028857,0.51116836
2672,-0.6134619,0.41860622
2673,-0.35898367,0.5601454
2674,-1.2926213,0.5713175
2675,-0.94648886,0.55780756
2676,-1.0925225,0.571574
2677,-0.33148345,0.3786665
2678,-1.1367275,0.5610319
2679,-0.9385511,0.4654154
2680,-1.0052758,0.46287832
2681,-0.6485608,0.47768128
2682,-0.60629916,0.80763
2683,-1.0576116,0.5711611
2684,-0.22449991,0.339902
2685,-0.9881905,0.6147032
2686,-1.2773037,0.5205021
2687,-2.129124,0.83536315
2688,-1.8010439,0.96490496
2689,-0.5893138,0.4637284
2690,-0.38170457,0.40553907
2691,-1.0030152,0.5097508
2692,-1.0697078,0.5242314
2693,-0.5237937,0.5006689
2694,-0.44680586,0.4779339
2695,-1.239619,0.534709
2696,-0.49304497,0.73549604
2697,-0.9497474,0.35173059
2698,-0.7830182,0.52895397
2699,-0.5827846,0.49417317
2700,-0.19249278,0.32326677
2701,-1.0845617,0.53419024
2702,-0.7394194,0.36755073
2703,-1.006386,0.40085068
2704,-1.3180286,0.5328028
2705,-1.1357505,0.42295402
2706,-1.5875405,0.49733055
2707,-1.120008,0.4301164
2708,-0.14882116,0.37131873
2709,-0.7191319,0.5102275
2710,-0.7789928,0.78541505
2711,-1.0983706,0.38761488
2712,-1.3688257,0.48737955
2713,-0.80860674,0.3724811
2714,-1.1011297,0.48818007
2715,-0.9271607,0.35508376
2716,-0.53953975,0.38486594
2717,-0.6822114,0.3955426
2718,-0.66031164,0.39200413
2719,-1.1003301,0.6772476
2720,-0.55747247,0.4187454
2721,-0.19716337,0.5240064
2722,-1.1343045,0.42122707
2723,-1.1036085,0.5077488
2724,-1.7334992,0.5113402
2725,-0.98839164,0.503512
2726,-0.5419393,0.3830215
2727,-0.49400023,0.39245299
2728,-0.653864,0.36796048
2729,-1.3270013,0.56801367
2730,-1.3341941,0.6388423
2731,-0.96512955,0.42100114
2732,-0.6184342,0.37532732
2733,0.065210104,0.5330115
2734,-1.0612644,0.45863062
2735,-0.35261938,0.44548842
2736,0.050520778,0.49603862
2737,-1.0645465,0.35450757
2738,-1.1978848,0.40601298
2739,-0.76976264,0.40794396
2740,-1.3279352,0.40305445
2741,0.009784887,0.43379146
2742,-1.2271339,0.526354
2743,-1.2190349,0.52717185
2744,-1.0606226,0.5651842
2745,-1.1440175,0.53677845
2746,-1.2580782,0.59433836
2747,-0.19248557,0.6957205
2748,-1.153644,0.4961242
2749,-0.6694597,0.41041347
2750,-1.2637521,0.50052726
2751,-1.0737795,0.5297267
2752,-1.2102855,0.42419255
2753,-1.0749742,0.805504
2754,-1.3859788,0.5579322
2755,-0.5580552,0.542554
2756,-0.40501422,0.3688403
2757,-1.0008364,0.427399
2758,-1.1704892,0.56063247
2759,-1.0627291,0.4363096
2760,-1.1017104,0.51692855
2761,-1.2413999,0.5122034
2762,-0.5240746,0.39008102
2763,-1.0677108,0.50902075
2764,-0.9954734,0.60159826
2765,-0.32545498,0.4543138
2766,-0.5609884,0.35855404
2767,-0.3108303,0.40942615
2768,-1.4397403,0.5044916
2769,-0.84097356,0.6251939
2770,-1.087571,0.37944832
2771,-0.63881016,0.49448016
2772,-0.27879658,0.32979846
2773,-0.8013782,0.5599217
2774,-0.7294002,0.36585686
2775,-0.49518043,0.5135851
2776,-0.9852163,0.43453532
2777,-1.5387223,0.7060876
2778,-0.413207,0.6384547
2779,-0.46129656,0.3381508
2780,-1.0838536,0.6169458
2781,-1.2332313,0.57876986
2782,-1.1967807,0.5154133
2783,-1.8469261,0.6116793
2784,-1.0012777,0.46225408
2785,-1.0503345,0.45726648
2786,-0.94001967,0.4839554
2787,-0.13723812,0.52035135
2788,-0.8674054,0.51538825
2789,-1.1085061,0.49884793
2790,-1.1409699,0.49049675
2791,-0.52189267,0.3381214
2792,-1.2285992,0.3476243
2793,-1.1074394,0.50394493
2794,-1.3266231,0.6425352
2795,0.04011735,0.68307763
2796,-0.8433047,0.36934265
2797,-0.84054196,0.45210877
2798,-0.5215038,0.45152375
2799,-0.8410552,0.48313403
2800,-0.90265125,0.5021936
2801,-0.98163867,0.4131071
2802,-1.1261663,0.49895436
2803,-1.208966,0.5031538
2804,-0.757515,0.53564817
2805,-0.46979368,0.4428914
2806,-0.6454965,0.74553204
2807,-0.9054308,0.39841
2808,-0.73621964,0.41127607
2809,-0.62484604,0.39878276
2810,-0.5531021,0.35248142
2811,-1.2155437,0.41064015
2812,0.08088276,0.34000665
2813,-1.3118604,0.5474143
2814,-0.84101415,0.5861699
2815,-1.6576524,0.7723646
2816,-1.0170482,0.406872
2817,-0.46668747,0.30853787
2818,-0.10598165,0.369301
2819,0.015607213,0.32662934
2820,-0.5569252,0.6150224
2821,-0.35507962,0.34461048
2822,-1.0678697,0.4596192
2823,-0.53468883,0.44205123
2824,-0.4664985,0.3247343
2825,-1.6311756,0.4610389
2826,-2.0545099,1.2536888
2827,-0.95502365,0.5904942
2828,-0.45783132,0.37004948
2829,-0.35543042,0.43363923
2830,-0.994823,0.6262716
2831,-0.5993245,0.45165327
2832,-1.6369491,0.6210436
2833,-1.4314196,0.5303289
2834,-0.9646211,0.47074455
2835,-0.84329987,0.4624719
2836,-0.90728086,0.44709286
2837,-1.5298854,0.47426745
2838,-0.9432,0.53681487
2839,-0.57811165,0.40211326
2840,-1.3667946,0.4468914
2841,-0.9936005,0.6645469
2842,-1.1163511,0.4545959
2843,-1.093459,0.5395061
2844,-0.53473103,0.38744292
2845,-0.6964822,0.37947717
2846,-1.2746106,0.5191579
2847,-1.1249539,0.5870108
2848,-1.1837469,0.47352168
2849,-1.5775465,0.6601585
2850,-0.944989,0.3689531
2851,-1.1349705,0.52907854
2852,-1.290856,0.6178245
2853,-1.2036802,0.47505802
2854,-0.97732496,0.4439582
2855,-0.95884115,0.49245143
2856,-1.0896301,0.5205528
2857,-1.0252126,0.47450724
2858,-1.331712,0.55190635
2859,-0.99884623,0.7236562
2860,-0.69643587,0.61283344
2861,-1.5342387,0.6274888
2862,-0.61852294,0.5126856
2863,-0.9975447,0.47051364
2864,-0.48567843,0.5714136
2865,-0.79262084,0.4828625
2866,-0.4341519,0.37572563
2867,-0.69466597,0.45622662
2868,-0.64949894,0.6901487
2869,-1.1711907,0.42625946
2870,-0.81362563,0.5563185
2871,-0.4022173,0.23747954
2872,-1.6603352,0.74430496
2873,-0.116200075,0.41882986
2874,-0.9455322,0.42951792
2875,-1.1533997,0.55053
2876,-1.1507096,0.46555424
2877,-0.4279209,0.3137234
2878,-1.3229208,0.56941664
2879,-1.1637145,0.47246537
2880,-0.89684606,0.66866237
2881,-0.12544316,0.61933565
2882,-0.6442762,0.6279742
2883,-1.4407899,0.60730916
2884,-0.53729665,0.3869818
2885,-0.28926426,0.36488423
2886,-1.350957,0.5026678
2887,-0.40860462,0.75593185
2888,-1.1713293,0.4707696
2889,-0.64569676,0.4659635
2890,-1.1048704,0.646229
2891,-0.5269666,0.4475215
2892,-0.78064734,0.43512687
2893,-0.5061395,0.3563865
2894,-0.8458142,0.42238846
2895,-0.32774255,0.3292769
2896,-0.82055485,0.462779
2897,-1.3611195,0.54578537
2898,-0.69026613,0.6507
2899,-1.306751,0.5753915
2900,-0.6159528,0.37568858
2901,-0.61031115,0.36987206
2902,-1.2240769,0.51271874
2903,-0.95587134,0.4652013
2904,-1.0691466,0.5441296
2905,-0.1524949,0.29747003
2906,-1.3839048,0.36033234
2907,-0.062125716,0.68415856
2908,-0.6423779,0.44768265
2909,-0.78692013,0.43083733
2910,-1.1477122,0.5308994
2911,-0.9915165,0.5062733
2912,-0.30232373,0.31276238
2913,-1.4043709,0.5761205
2914,-0.8988749,0.516084
2915,-0.89719695,0.43729806
2916,-1.2129731,0.38070115
2917,-0.3354931,0.2859019
2918,-0.6977382,0.31524426
2919,-0.74655056,0.51176214
2920,-1.1631991,0.5978211
2921,-0.65933985,0.538523
2922,-0.7894427,0.3773079
2923,-0.4447858,0.36991513
2924,-0.93667513,0.54920673
2925,-0.392392,0.53101087
2926,-0.98774546,0.7695085
2927,-1.0820546,0.85802245
2928,-0.90679306,0.47522986
2929,-0.4127544,0.39726895
2930,-0.3779608,0.32365462
2931,-0.5647986,0.39140257
2932,-0.96449524,0.4311606
2933,-0.28182292,0.38090643
2934,-1.2981033,0.49541792
2935,-1.2464374,0.4906256
2936,-0.46236417,0.47849107
2937,-0.14906895,0.2532472
2938,-1.1775842,0.5165964
2939,-0.9801796,0.54717726
2940,-0.96691287,0.48273888
2941,-0.14708546,0.28208083
2942,-1.5133272,0.54364246
2943,-0.96767735,0.48951557
2944,-1.0700711,0.547816
2945,-1.1928098,0.5599418
2946,-1.2983587,0.5858387
2947,-0.6807215,0.4228575
2948,-1.643903,0.6021008
2949,-0.8062273,0.45976695
2950,0.048641704,0.34339127
2951,-1.0922554,0.43654233
2952,-1.1208408,0.68986696
2953,-0.06543869,0.38501763
2954,-0.1648576,0.29703993
2955,-0.731425,0.3855443
2956,-0.4378145,0.37896708
2957,-0.71809936,0.4635253
2958,-0.83825326,0.4982424
2959,-1.1627269,0.58610433
2960,-0.29254445,0.48019737
2961,-1.2442677,0.53642803
2962,-1.1161759,0.40699953
2963,-0.37067193,0.32800743
2964,-0.44505426,0.41667932
2965,-0.94287777,0.5332294
2966,-1.258776,0.50465363
2967,-0.7663585,0.42404965
2968,-0.99266124,0.64674526
2969,-1.412457,0.5501526
2970,-0.7742512,0.29472196
2971,-0.6349925,0.45064265
2972,-0.6678798,0.47333843
2973,-1.0310727,0.5068617
2974,-1.1620566,0.5193459
2975,-0.91563535,0.45093358
2976,-0.9240358,0.48960957
2977,-1.1870967,0.6626787
2978,-1.1558436,0.52950597
2979,-0.27749416,0.6691043
2980,-1.2280011,0.49972865
2981,-1.1558905,0.4365725
2982,-0.44507188,0.4636021
2983,-0.22083367,0.35429782
2984,-0.21042483,0.49176356
2985,-0.89399195,0.51203156
2986,-1.0311781,0.43369398
2987,-0.06832989,0.47850096
2988,-0.4055138,0.4804507
2989,-1.2865567,0.48935375
2990,-0.6491104,0.5226902
2991,-1.1868383,0.53881675
2992,-0.98319304,0.4804046
2993,-0.38472736,0.37317452
2994,-0.36945,0.42626727
2995,-0.008529233,0.3131879
2996,-0.16468163,0.32007685
2997,-0.6378763,0.39886326
2998,-0.838122,0.5466279
2999,-0.335537,0.46090335
3000,-0.84200484,0.5387954
3001,-1.0226198,0.4813296
3002,-1.2602277,0.56633663
3003,-0.88471335,0.396641
3004,0.029269712,0.6433648
3005,-1.7304144,0.75437695
3006,0.09310389,0.47210893
3007,-1.454649,0.4771978
3008,-0.32544315,0.34435764
3009,-0.47252357,0.49153495
3010,-0.6528857,0.3346993
3011,-1.0746888,0.5644591
3012,-1.0545647,0.45900792
3013,-0.65385836,0.46596342
3014,-0.81435966,0.40746656
3015,-0.43265426,0.34340313
3016,-0.6401714,0.63152015
3017,-0.89742714,0.47105998
3018,-1.2977102,0.53029084
3019,-0.66777915,0.39415967
3020,-1.601374,0.61114496
3021,-1.0611777,0.46567544
3022,-1.0997179,0.55416775
3023,-0.6482663,0.50542593
3024,-0.92196095,0.45491368
3025,-1.56787,0.64852077
3026,-0.74090844,0.5293511
3027,-0.6526028,0.43143424
3028,-0.58418316,0.48703542
3029,-1.0244309,0.4731536
3030,-0.0957886,1.1202927
3031,-0.2659795,0.32623067
3032,-1.0976514,0.58262604
3033,-0.8672554,0.48367834
3034,0.09539812,0.30089217
3035,-1.0591583,0.48648974
3036,-0.930095,0.537395
3037,-1.4233752,0.558637
3038,-1.0451195,0.4745047
3039,-0.25286457,0.37358475
3040,-1.2567612,0.46794513
3041,-1.4334545,0.5227582
3042,-0.43221435,0.38972762
3043,-0.83512217,0.46160936
3044,-0.39514422,0.35865656
3045,-0.8433325,0.49886966
3046,-0.8116208,0.46180013
3047,-0.7837594,0.4430899
3048,-0.7313734,0.5980122
3049,-0.26361334,0.59999317
3050,-0.404764,0.4204408
3051,-1.0288726,0.6267715
3052,-0.77166444,0.49522784
3053,-1.116253,0.49251717
3054,-0.46239102,0.4453555
3055,-0.78863364,0.39751756
3056,-0.6930604,0.49355462
3057,-0.4604075,0.34104103
3058,-0.6541939,0.3464093
3059,-1.036473,0.64275986
3060,-1.4649764,0.53819084
3061,-0.89762396,0.48916504
3062,-0.46647868,0.46727145
3063,-1.0638992,0.49666184
3064,-0.6025342,0.9016884
3065,-0.30306998,0.33373222
3066,-1.1096618,0.5139449
3067,-0.9859356,0.60757387
3068,0.27529857,0.45151758
3069,-0.10010461,0.23270889
3070,-0.39400607,0.3751368
3071,-0.63634664,0.53614765
3072,-1.3817165,0.65833735
3073,-0.542174,0.642159
3074,-1.5199654,0.503619
3075,-0.38127136,0.5465727
3076,-0.27798548,0.4099365
3077,-0.6127814,0.40591586
3078,-1.269745,0.52653885
3079,-0.9523887,0.62977517
3080,-1.0154982,0.6225241
3081,0.3264416,0.35086715
3082,-0.8660883,0.59500057
3083,-1.072113,0.44005677
3084,-0.6189698,0.45715144
3085,-1.0649598,0.5050459
3086,-1.1765641,0.5412257
3087,-0.99409276,1.1355414
3088,-0.3707587,0.28195176
3089,-0.6423312,0.40129516
3090,-0.7210543,0.36969396
3091,-0.34037286,0.3336899
3092,-1.4724058,0.57184845
3093,-0.09795284,0.34293684
3094,-1.3357531,0.45627245
3095,-1.410389,0.50499123
3096,-1.0432905,0.4898903
3097,-0.8716597,0.42608115
3098,-1.3141924,0.69143414
3099,-1.1033591,0.3837519
3100,-1.4073606,0.5255329
3101,-1.2385943,0.9241284
3102,-0.481527,0.29506397
3103,-0.92024446,0.43612668
3104,-0.12109295,0.33254504
3105,-1.4089621,0.5735788
3106,-0.42854747,0.4983085
3107,-0.8995852,0.49088004
3108,-0.66200405,0.3583002
3109,-1.0334606,0.5268655
3110,-0.8133951,0.46040165
3111,-0.6768004,0.35290602
3112,-0.4635232,0.42522946
3113,-0.18417498,0.48634827
3114,-1.0947329,0.52612567
3115,-0.45392406,0.41201866
3116,-0.3367568,0.30640557
3117,-0.6479389,0.406189
3118,-0.8209255,0.73671055
3119,-0.663295,0.52447176
3120,-0.36715367,0.34545875
3121,-1.0510243,0.490685
3122,-1.3255944,0.55458033
3123,-1.248252,0.46479508
3124,-0.99126273,0.53866285
3125,-1.5699846,0.5307629
3126,-0.88954204,0.46464568
3127,-1.3505393,0.52427435
3128,-1.019285,0.5777814
3129,-1.0954455,0.4696619
3130,-1.1300902,0.4625957
3131,-0.25079557,0.23746942
3132,-0.7208656,0.66970736
3133,-1.269366,0.5356233
3134,-0.8935651,0.64677954
3135,-0.2580879,0.37678528
3136,-1.2576447,0.54578185
3137,-0.87763304,0.43486127
3138,-0.897056,0.36685106
3139,-0.6124556,0.5835656
3140,-0.5725575,0.4223115
3141,-1.3783925,0.53001624
3142,-0.8598793,0.40510136
3143,-0.9962907,0.6184671
3144,-0.43017405,0.42765898
3145,-1.0573558,0.5281148
3146,-0.9064709,0.42411804
3147,-0.4838857,0.3557061
3148,0.3750692,0.3775365
3149,-1.2999629,0.4865821
3150,-0.69395924,0.67893595
3151,-0.39179128,0.4462033
3152,-0.99197614,0.57242036
3153,-0.7529207,0.39607045
3154,-0.9803812,0.45785066
3155,-0.6879772,0.4702247
3156,-1.0877293,0.47199994
3157,-1.083176,0.4690516
3158,-1.1269705,0.40049574
3159,-1.1019844,0.44146812
3160,-1.1196945,0.51205474
3161,-0.21149461,0.29783297
3162,-0.76466906,0.4661597
3163,-1.0251579,0.54221445
3164,-0.90049726,0.41831338
3165,-0.6988116,0.44951582
3166,-0.97078305,0.41849446
3167,-1.1805727,0.47864887
3168,-0.9528276,0.43851724
3169,-0.57434016,0.44193742
3170,-1.0506339,0.4766565
3171,-1.1992474,0.5012752
3172,-0.8333115,0.38783136
3173,-1.1703547,0.54572123
3174,-1.0864394,0.5349837
3175,-1.2129688,0.4931033
3176,-0.2831626,0.34641257
3177,-0.92365223,0.42219684
3178,-1.2094398,0.6394901
3179,-0.6586153,0.5136594
3180,-0.4314585,0.7787155
3181,-0.9993349,0.49630868
3182,-0.27544332,0.37073824
3183,-0.91460824,0.38453963
3184,-0.83804953,0.5027109
3185,-1.0057334,0.52715814
3186,-1.2168933,0.56461036
3187,-1.0054532,0.5947255
3188,-1.1346563,0.6892487
3189,-0.40386382,0.41953814
3190,-0.9716588,0.4504752
3191,-1.2270969,0.5481741
3192,-1.6477202,0.6056236
3193,-0.7752168,0.46267736
3194,-0.4150485,0.34712285
3195,-0.95455587,0.43077627
3196,-0.5467547,0.33434677
3197,-1.0737054,0.4539147
3198,-1.2996283,0.4684325
3199,-1.3272252,0.50591636
3200,-1.0627006,0.42215416
3201,0.16153544,0.31601086
3202,0.5077468,1.9334974
3203,-0.6436597,0.43229184
3204,-0.7184385,0.59190947
3205,-0.93346393,0.34296957
3206,-1.3236588,0.515731
3207,-0.7822014,0.39251107
3208,-1.0013273,0.5119371
3209,-0.83471644,0.3391032
3210,-0.3599838,0.38385507
3211,-0.62428826,0.5535235
3212,-0.8122153,0.33418822
3213,-0.78964204,0.52075964
3214,-0.9063973,0.46408904
3215,-1.5295117,0.5227231
3216,-1.0018725,0.56357884
3217,-0.5471173,0.41631046
3218,-1.1871403,0.45819622
3219,-0.26192412,0.33153933
3220,-1.1015933,0.5804196
3221,-1.0780449,0.5467069
3222,-0.98998076,0.5749776
3223,-1.0147727,0.406146
3224,-0.30187422,0.44298157
3225,-1.0045378,0.6467386
3226,0.2780587,0.3120675
3227,-1.3744801,0.5054755
3228,-0.7890355,0.5355587
3229,-1.0262347,0.4195466
3230,-1.6148251,0.6118083
3231,-0.66653293,0.4780337
3232,-0.87722814,0.49497634
3233,-1.1623979,0.46837276
3234,-1.5620419,0.5624622
3235,-0.7155579,0.49059182
3236,-1.1503893,0.41318607
3237,-0.3510205,0.37581125
3238,-2.04567,0.57831717
3239,-0.8053884,0.52820003
3240,-0.45859113,0.45800167
3241,-1.6011037,0.63618284
3242,-0.8891521,0.45611835
3243,-1.1329447,0.51530266
3244,-1.3425032,0.5536968
3245,-1.0661865,0.47591957
3246,-1.5953265,0.63531494
3247,-0.072666064,0.38996887
3248,-0.79733235,0.45313564
3249,-0.5015767,0.31893623
3250,-0.47868583,0.64795166
3251,-0.8204019,0.52076876
3252,-0.3010814,0.37200674
3253,-1.1125715,0.4778576
3254,-0.23044766,0.44371828
3255,-1.2222404,0.57199687
3256,-0.6839235,0.58597255
3257,-0.67048186,0.36227062
3258,-1.0240173,0.50170034
3259,-0.44654614,0.5765487
3260,-0.67232007,0.47653767
3261,0.03512178,0.5072998
3262,-1.1377954,0.48662558
3263,-0.64928967,0.3806839
3264,-0.6617518,0.28524968
3265,-0.4884604,0.39658716
3266,-1.0382675,0.4504874
3267,-1.2662151,0.49970084
3268,-0.74471116,0.40104765
3269,-1.366747,0.57661057
3270,-0.7780336,0.5480377
3271,-0.8594087,0.50522375
3272,-1.4517255,0.55840087
3273,-0.42256278,0.47161925
3274,-1.3492953,0.54473597
3275,-0.18792725,0.2449406
3276,-1.2425457,0.54302084
3277,-0.6312109,0.8731102
3278,-1.2106837,0.52549714
3279,-0.20913227,0.3697491
3280,-0.16054477,0.30477184
3281,-0.7835554,0.42915723
3282,-0.6346093,0.8912904
3283,-0.7783668,0.6286289
3284,-1.3893899,0.5753711
3285,-0.15564062,0.30014756
3286,-1.4448785,0.6258372
3287,-0.016206596,0.27413383
3288,-1.0873469,0.5441936
3289,-1.0962703,0.48910195
3290,-0.2540055,0.5683381
3291,-1.0939777,0.62695557
3292,-0.8330955,0.4539432
3293,-0.25470424,0.49424148
3294,-1.3707255,0.5674049
3295,-1.271236,0.59066945
3296,-0.3221954,0.39621943
3297,-0.5978768,0.48456624
3298,-1.0885017,0.5247568
3299,-0.58173394,0.39971626
3300,-0.11168597,0.4598507
3301,-1.1924381,0.5163185
3302,-0.8105228,0.4411048
3303,-1.2052596,0.5887602
3304,-1.0424594,0.46380368
3305,-0.71831614,0.9294166
3306,-0.92719215,0.39377752
3307,-0.9807948,0.5715503
3308,-1.174713,0.5984719
3309,-0.673089,0.37328592
3310,-0.9656618,0.45564753
3311,-0.624112,0.5122478
3312,-0.80554277,0.58512527
3313,-1.0409642,0.49346992
3314,-0.8016138,0.36832246
3315,-0.7704171,0.50187665
3316,-1.0487549,0.48027664
3317,-1.0254416,0.5718105
3318,-0.89715046,1.0288285
3319,0.02046913,0.5807133
3320,-0.8027778,0.46087205
3321,-1.086034,0.48003635
3322,-0.60178167,0.3988826
3323,-0.7804234,0.4059575
3324,-0.33139917,0.301224
3325,-0.37090656,0.7319254
3326,-0.46380487,0.44124156
3327,-0.72539544,0.50377434
3328,-0.8468105,0.5461882
3329,-0.84190714,0.46658635
3330,-0.6263384,0.4120045
3331,-0.46846893,0.4339882
3332,-1.1364169,0.5195998
3333,-1.0992928,0.50149846
3334,-0.95660704,0.6172888
3335,-0.15746704,0.35681555
3336,-0.110166505,0.39620918
3337,-0.89734626,0.49061608
3338,-0.20435633,0.2841083
3339,-0.31305856,0.40803725
3340,-0.46411383,0.70395267
3341,-1.1815732,0.4516696
3342,-1.2278916,0.46959454
3343,-1.2900449,0.5381502
3344,-1.3467885,0.6109298
3345,-0.15955748,0.3757971
3346,-1.1188346,0.5176659
3347,-0.7050203,0.38958848
3348,-0.91310596,0.71494365
3349,-0.9236431,0.5917539
3350,-1.0077125,0.47982365
3351,-0.18618265,0.59779704
3352,-1.2936858,0.476394
3353,-0.7112886,0.4456523
3354,-0.7585824,0.3527427
3355,-1.131429,0.484614
3356,-1.2046788,0.40988094
3357,0.025526095,0.8533813
3358,-0.75049263,0.46393472
3359,-1.5338151,0.5705156
3360,-1.165078,0.4891823
3361,-1.5592921,0.57676345
3362,-0.2602107,0.35586122
3363,-0.9821392,0.4956846
3364,-0.9667668,0.59729993
3365,-0.27251494,0.32240927
3366,-0.74914575,0.39142397
3367,-1.002708,0.40957314
3368,-0.8248432,0.4574038
3369,-1.2387832,0.46468124
3370,-0.28839627,0.8261287
3371,0.10667227,0.49043593
3372,-0.70702404,0.5324496
3373,-0.43525636,0.38152975
3374,-0.24242271,0.4952
3375,-0.93917966,0.5881197
3376,-1.0053592,0.51247835
3377,-0.25332302,0.3898282
3378,-0.8613528,0.3970607
3379,-0.9103825,0.4327144
3380,-0.7969479,0.4089527
3381,-0.93661886,0.4469387
3382,-1.2386293,0.6165092
3383,-0.89086205,0.51279175
3384,-1.1541268,0.49560907
3385,-0.9999176,0.38589662
3386,-0.82377964,0.57953554
3387,-1.3667841,0.4915946
3388,-0.6986326,0.41174987
3389,-0.9510116,0.39755347
3390,-0.91674423,0.46051815
3391,-1.2831229,0.62370414
3392,-1.4265621,0.5277763
3393,-0.45529112,0.44883087
3394,-0.8035519,0.51753616
3395,-0.9876427,0.5409804
3396,-1.4297826,0.61246157
3397,-0.7750233,0.42951685
3398,-1.2782204,0.49122217
3399,-0.8130743,0.4014481
3400,-0.45713344,0.50512254
3401,-1.3797246,0.5258912
3402,-0.29509324,0.6098683
3403,-0.019782972,0.29224488
3404,-0.06952032,0.5038219
3405,-0.94633806,0.4579165
3406,-0.32148945,0.8588687
3407,-0.44941366,0.36317468
3408,0.12450333,0.27755612
3409,-1.2344651,0.5463405
3410,-0.51619333,0.6643732
3411,-0.56934345,0.4073605
3412,-0.7635461,0.43565056
3413,-1.3803828,0.5440971
3414,0.044586327,0.34807122
3415,-0.46969992,0.36085558
3416,-0.751275,0.5177193
3417,-0.71712744,0.7215184
3418,-0.74236286,0.4712809
3419,-1.3368162,0.59101856
3420,-1.0194944,0.4851988
3421,-0.8366681,0.35174423
3422,-0.86820275,0.5011126
3423,0.053713087,0.34174123
3424,-0.91241163,0.48677105
3425,-0.933077,0.5270639
3426,-1.3202907,0.57564104
3427,-0.967265,0.6433906
3428,-0.9992451,0.47211865
3429,-0.83398914,0.87821186
3430,-0.9580476,0.44885916
3431,-0.85561746,0.5173378
3432,-0.8093899,0.49508095
3433,-0.5622392,0.56529576
3434,-1.312193,0.5623821
3435,-1.2812326,0.5609784
3436,-1.0396862,0.56334335
3437,-0.5857602,0.39572468
3438,-0.52763224,0.39039186
3439,-0.24801804,0.4783452
3440,-0.24500701,0.31434914
3441,0.1475754,0.49121347
3442,-0.20736638,0.6013032
3443,-1.5968343,0.81243116
3444,-0.37526733,0.42755657
3445,-0.8604271,0.4198358
3446,-0.43345708,0.4381477
3447,-1.1904784,0.49582896
3448,-0.44586596,0.36935925
3449,-1.32778,0.50180525
3450,-0.9096336,0.43944794
3451,-0.87329453,0.5918885
3452,-0.9833175,0.59508437
3453,-0.18294579,0.28728095
3454,-1.0216546,0.47052073
3455,-0.6540869,0.4739722
3456,-1.5466707,0.6028756
3457,-0.916559,0.428029
3458,-1.349902,0.40782052
3459,-0.4016,0.39777905
3460,-0.07883333,0.43703046
3461,-1.4321887,0.49345118
3462,-0.32018,0.69416213
3463,-1.4285021,0.58429945
3464,-0.61634386,0.4759545
3465,0.26401484,0.46273217
3466,-0.42201728,0.4235403
3467,-1.279519,0.5895487
3468,-0.76424855,0.40143865
3469,-0.75448257,0.46418267
3470,0.015218573,0.2668722
3471,-1.5927937,0.7124177
3472,-0.8561176,0.47379625
3473,-0.16784026,0.35870886
3474,-0.095096245,0.2909196
3475,-0.09697095,0.33889875
3476,-1.1503501,0.47757712
3477,-1.0538822,0.41142368
3478,-0.94118637,0.48456407
3479,-0.3646666,0.4421469
3480,-1.6322007,0.57645303
3481,-1.231935,0.5115532
3482,-0.90999085,0.48066163
3483,-0.5053979,0.8155391
3484,-1.202684,0.52492434
3485,-1.3489163,0.42057812
3486,-0.7691539,0.5254522
3487,-0.47588152,0.911711
3488,-0.4854428,0.6317565
3489,-1.1485752,0.5178316
3490,-1.0806676,0.41145134
3491,-0.7064764,0.42088157
3492,-1.1788282,0.5646511
3493,-0.8683616,0.457079
3494,-0.4086834,0.3321284
3495,-0.6060779,0.5423078
3496,-0.8847424,0.4118585
3497,-0.5360262,0.4406837
3498,-1.3548417,0.6655293
3499,-0.33989853,0.41222638
3500,-0.7632692,0.45247996
3501,-1.2753121,0.6362116
3502,-0.2717577,0.30904898
3503,-0.5426686,0.3553673
3504,-0.703349,0.5635975
3505,-1.1679771,0.4703923
3506,-1.0114096,0.5603984
3507,-0.49198887,0.31089836
3508,-0.36763692,0.4463367
3509,-1.1177889,0.46158573
3510,-1.1360902,0.6451927
3511,-1.0577669,0.5631667
3512,0.056856852,0.27999148
3513,-1.5800644,0.46832886
3514,-1.1676774,0.49163318
3515,-1.5205193,0.7163221
3516,-0.91939473,0.43216035
3517,-0.8405351,0.39368
3518,-0.7130572,0.535551
3519,-0.6592073,0.3962576
3520,-1.6193337,0.6081736
3521,-0.71770334,0.43547672
3522,-0.59295446,0.4882432
3523,-1.8669715,0.7317175
3524,-1.207405,0.4463784
3525,-1.0311377,0.45161408
3526,-0.85390663,0.54963356
3527,-1.2574474,0.43568826
3528,-0.988171,0.47984472
3529,-1.1342928,0.46753138
3530,0.07363865,0.4301082
3531,-0.82829326,0.50568783
3532,-0.49965647,0.45633724
3533,-0.7550163,0.42863938
3534,-0.45973492,0.47169402
3535,-0.5395897,0.75336015
3536,-0.3601724,0.48581028
3537,-0.059541628,0.39214325
3538,-0.88816434,0.60745436
3539,-0.17072989,0.44034615
3540,-0.68035275,0.46431172
3541,-0.672474,0.34413335
3542,-1.6431582,0.6051585
3543,-1.0781736,0.4954765
3544,-0.39341015,0.30547583
3545,-1.2870985,0.44778863
3546,-0.068090886,0.50703645
3547,-1.1689241,0.42210847
3548,-1.3047326,0.5880921
3549,-0.31438842,0.34058422
3550,-0.9979487,0.38193125
3551,-1.1617067,0.53029543
3552,-0.35029343,0.28316945
3553,-1.1541866,0.4857099
3554,-0.98617387,0.531403
3555,-0.94761103,0.51162076
3556,-1.7460556,0.60992116
3557,-0.8028465,0.35870022
3558,-0.24879588,0.36139157
3559,-1.3422008,0.5936557
3560,-0.75489324,0.48925653
3561,-1.0214809,0.50777835
3562,-0.91948575,0.45685786
3563,-0.10726827,0.52227324
3564,-1.3984454,0.5591744
3565,-0.8805496,0.44424316
3566,-0.6136104,0.43246436
3567,-1.3803929,0.46786448
3568,-0.5431647,0.5379458
3569,-2.626417,0.95060074
3570,-1.0474799,0.47547302
3571,-0.5162169,0.40626895
3572,-1.4901782,0.55277187
3573,-0.87260705,0.4516753
3574,-0.33712715,0.26007095
3575,-1.0863377,0.59526426
3576,-0.6283281,0.49577832
3577,-1.4388521,0.6011449
3578,-0.6597078,0.62205946
3579,-0.63141644,0.34663314
3580,-0.764984,0.43952543
3581,-0.59378296,0.38182893
3582,-0.54168004,0.53560567
3583,-1.0811404,0.5330786
3584,-1.0656115,0.47996452
3585,-1.0984936,0.5106528
3586,-1.0031823,0.45915467
3587,-1.048693,0.5535437
3588,-0.3828959,0.46082434
3589,-0.0066422634,0.2541758
3590,-1.5777346,0.5571743
3591,-1.3901571,0.4957148
3592,-0.16286312,0.35384125
3593,-0.33124027,0.57806426
3594,-1.0260154,0.5806286
3595,-0.40801078,0.596387
3596,-1.2565752,0.5194502
3597,-0.74329394,0.77868485
3598,-0.6439228,0.3874122
3599,-0.9127266,0.50015604
3600,-0.5463639,0.5198613
3601,-0.44767234,0.39207327
3602,-1.3052453,0.55693865
3603,-0.44717985,0.484666
3604,0.043805204,0.34651974
3605,-0.94935536,0.49138322
3606,-0.6876798,1.0216297
3607,-1.0684158,0.48026395
3608,-0.0766115,0.30067068
3609,-0.654277,0.5127112
3610,-0.9560402,0.51530063
3611,-0.78286153,0.50024265
3612,-1.4269696,0.6637999
3613,-1.2397206,0.602979
3614,-1.0511724,0.5040673
3615,-1.3926778,0.52841955
3616,-1.4816916,0.55460954
3617,-0.6874498,0.58913213
3618,-0.78623366,0.4914058
3619,-0.22068733,0.35412592
3620,-0.6909131,0.40626666
3621,-1.1855319,0.5439718
3622,-1.1148849,0.43950713
3623,-0.6930573,0.5091765
3624,-1.4528971,0.5258102
3625,-1.4435687,0.645324
3626,-0.701143,0.3887208
3627,-1.3666301,0.5449595
3628,-1.1101279,0.42194948
3629,-1.4375404,0.39885882
3630,-0.119571075,0.76298064
3631,-0.37407097,0.7269684
3632,-0.8006649,0.51260513
3633,-0.31368434,0.37276387
3634,-0.16957399,0.39923936
3635,-0.30595803,0.74853045
3636,-0.18037032,0.35748565
3637,-0.90452373,0.5235182
3638,-0.94481975,0.50916475
3639,-1.4285319,0.6103378
3640,-0.8538073,0.5162767
3641,-0.8561383,0.46540314
3642,-0.6001525,0.41815537
3643,-0.3375802,0.8475483
3644,-1.1920328,0.35009372
3645,-0.74664927,0.56642807
3646,-1.2075164,0.5163855
3647,-1.1449859,0.44308043
3648,-1.341365,0.51524246
3649,-0.30102864,0.35719326
3650,-0.43474355,0.40379876
3651,-1.0327743,0.7402549
3652,-1.221682,0.5407664
3653,-0.94753736,0.49485978
3654,-0.8196672,0.46718955
3655,-1.0107992,0.4794273
3656,-0.7936058,0.53428715
3657,-0.57032347,0.43878442
3658,-0.1495689,0.52293277
3659,-1.2886672,0.51271033
3660,-0.40833735,0.43780494
3661,-1.0544584,0.46247512
3662,-1.3656384,0.46553728
3663,-0.23507221,0.43833557
3664,-1.3739283,0.5664078
3665,-1.507626,0.5230341
3666,-0.034150198,0.3153541
3667,-0.97908103,0.7561571
3668,-0.9918907,0.46045005
3669,-0.33532646,0.3397677
3670,-0.7683803,0.42267478
3671,-1.6154853,0.50603116
3672,-0.72029114,0.560541
3673,-1.1906207,0.517026
3674,-0.21602897,0.31721005
3675,-0.921562,0.45425257
3676,-1.1371734,0.5041223
3677,-0.4512237,0.42092532
3678,-0.5983667,0.34104887
3679,-1.2436333,0.5522784
3680,-1.3067381,0.60621023
3681,-1.084212,0.48267668
3682,-1.2036163,0.5262598
3683,-1.275768,0.56550276
3684,-0.6796721,0.828166
3685,-1.1213007,0.45099828
3686,-0.29529676,0.42077297
3687,-1.793952,0.7204421
3688,-1.3724971,0.4443208
3689,-1.5079768,0.5161806
3690,-0.89315844,0.5074201
3691,-0.79659,0.33873087
3692,-0.45454732,0.37936696
3693,-1.2759466,0.5716051
3694,-0.35730535,0.9909681
3695,-0.99801266,0.44147262
3696,-1.4075792,1.1609731
3697,-0.56195134,0.45217174
3698,-0.5194857,0.39970425
3699,-1.6401907,0.63795656
3700,-0.3724336,0.46790752
3701,-0.84050816,0.47546628
3702,-0.28809664,0.3608814
3703,-0.47482726,0.28885567
3704,-0.3463345,0.43221775
3705,-0.33036074,0.47257134
3706,-1.1810153,0.47848466
3707,-0.6752628,0.48973387
3708,-1.4302202,0.60960007
3709,-0.6001615,0.250583
3710,-0.417789,0.59302527
3711,-1.1263149,0.44507262
3712,-1.1030508,0.5163648
3713,-0.85505915,0.40485126
3714,-1.0211211,0.7509221
3715,-0.6970533,0.41877568
3716,-1.1247784,0.5502879
3717,-0.15313789,0.40895528
3718,-0.46346325,0.37153053
3719,-0.8623917,0.6494904
3720,-0.6697667,0.4319474
3721,-0.97680825,0.531378
3722,-0.75613254,0.5143896
3723,-1.1737499,0.49590787
3724,-0.8825995,0.62005323
3725,-0.55668175,0.40394938
3726,-0.21437609,0.61329097
3727,-1.871814,0.5373207
3728,-0.8883504,0.40733323
3729,-0.477847,0.46393988
3730,-0.8345645,0.46603343
3731,-1.3486316,0.49285644
3732,-1.161023,0.39498034
3733,-0.4877703,0.42029616
3734,-0.69144005,0.37278003
3735,-0.94191223,0.60206646
3736,-0.27160016,0.4906511
3737,-0.9560085,0.54631984
3738,-0.86774874,0.37950554
3739,-0.8890713,0.5585189
3740,-0.9023482,0.44968465
3741,-1.0430001,0.48411182
3742,-0.78817165,0.43410215
3743,-1.712596,0.7194283
3744,-1.2442166,0.4641003
3745,-0.7495542,0.38071382
3746,-1.5530995,0.7846591
3747,-1.3101094,0.5180375
3748,-1.3848181,0.5399333
3749,-1.0491601,0.56984794
3750,-1.349065,0.6670864
3751,-0.102181554,0.34623712
3752,-1.0098064,0.4529201
3753,-0.5460947,0.48873433
3754,-1.3322101,0.56452644
3755,-0.82423097,0.48107383
3756,-0.9767207,0.48671696
3757,-0.17309293,0.65159786
3758,-0.1799606,0.30203217
3759,-0.50298595,0.42904413
3760,-0.92889464,0.44001755
3761,-1.2577649,0.5319593
3762,-1.0272155,0.5777138
3763,-0.7981347,0.5286275
3764,-0.35221905,0.31117463
3765,-0.83760566,0.43772393
3766,-1.0872424,0.42626756
3767,-1.285362,0.6168189
3768,-1.0488878,0.5365835
3769,-1.0723878,0.53785926
3770,-0.86416906,0.43448514
3771,-1.002345,0.41693923
3772,-0.961283,0.49960023
3773,-1.0212792,0.43290046
3774,-1.1244415,0.5286305
3775,-0.88673204,0.41214487
3776,-0.32397762,0.6688031
3777,-1.4446547,0.5248959
3778,-1.0924647,0.516626
3779,-0.69101423,0.6085587
3780,-0.83452195,0.39330223
3781,-0.612803,0.5039536
3782,-1.9910796,0.6351141
3783,-0.72911364,0.38220713
3784,-1.4092808,0.47243127
3785,-0.24347326,0.42557532
3786,-0.7720973,0.43488055
3787,-1.1908703,0.43360358
3788,-1.0148132,0.490532
3789,-0.2847872,0.45287803
3790,-0.39616218,0.55960256
3791,-0.08567832,0.33758548
3792,-0.877714,0.49923086
3793,-1.3699386,0.5578686
3794,-0.8027692,0.8857284
3795,-1.541898,0.76294327
3796,-1.5869203,0.6646529
3797,-1.1066142,0.5406863
3798,-1.266841,0.6459831
3799,-1.4110423,0.5146679
3800,-0.63916326,0.4570809
3801,-0.7274765,0.36374292
3802,-1.4915302,0.51574385
3803,-0.4797587,0.34455332
3804,-0.44230324,1.0239195
3805,-0.7085557,0.46556818
3806,-0.6962072,0.3999929
3807,-1.0427481,0.40215665
3808,-1.2495643,0.57164586
3809,-1.3174198,0.5813246
3810,-1.5040376,0.55648154
3811,-0.79259586,0.4512428
3812,-0.55847865,0.3783228
3813,-1.3340861,0.64095926
3814,-0.44028312,0.6405575
3815,-0.71691895,0.3775128
3816,-0.9722543,0.85762507
3817,-0.8098542,0.54054356
3818,-1.2311102,0.63540524
3819,-0.8994611,0.4334523
3820,-0.46222186,0.4672441
3821,-0.76715535,0.45994356
3822,-0.4821232,0.3678677
3823,-1.0557551,0.5367669
3824,-1.0398633,0.49925104
3825,-1.2817082,0.5467206
3826,-1.7479641,0.5959462
3827,-1.6599749,0.7210972
3828,-0.50332046,0.71462566
3829,-0.57360286,0.5086297
3830,-0.391994,0.81900144
3831,-1.463563,0.7995457
3832,-0.59837556,0.51486385
3833,-1.0294478,0.45149124
3834,-1.3788235,0.54366463
3835,-1.4233993,0.7590778
3836,-0.606627,0.5884322
3837,-0.54454535,0.4212083
3838,-0.8944809,0.5222458
3839,-1.5997031,0.64253604
3840,-1.3456085,0.50063306
3841,-0.99743134,0.470987
3842,-0.6604998,0.41214967
3843,-1.1958463,0.44414386
3844,-0.66286623,0.39480674
3845,-1.0542191,0.49463683
3846,0.099886,0.32712844
3847,-1.1768494,0.5104174
3848,-0.28466707,0.32316044
3849,-1.07804,0.72659916
3850,-0.7016217,0.37301093
3851,-0.6223252,0.46913305
3852,-1.2615678,0.47451702
3853,-0.89433175,0.5108103
3854,0.18775737,0.27439493
3855,-1.1894205,0.43093163
3856,-0.40463558,0.4363309
3857,-1.5145254,0.6892843
3858,-1.1994604,0.49430066
3859,-0.85195726,0.49809322
3860,-0.13767485,0.44599503
3861,-1.2425209,0.45920172
3862,-1.2587037,0.5303469
3863,-1.3423542,0.6050124
3864,-1.2988403,0.60311407
3865,-1.3746785,0.5036915
3866,-0.18386054,0.92939603
3867,-1.3151486,0.5269085
3868,-1.4145536,0.56295854
3869,-1.052468,0.4796445
3870,-0.9108881,0.29205036
3871,-1.1187329,0.47981784
3872,9.700604e-05,0.4361355
3873,-1.2128965,0.5137845
3874,-0.2211749,0.29604965
3875,-1.1232973,0.5514165
3876,-0.6234772,0.6387201
3877,-0.07702626,0.5288389
3878,-0.8260616,0.45376214
3879,-1.1105522,0.53355235
3880,-1.5496173,0.6074173
3881,-0.7471775,0.39090022
3882,-0.8457469,0.45189705
3883,-1.0158724,0.5269781
3884,-0.8977699,0.5326689
3885,-0.42047507,0.4019527
3886,-1.2375529,0.5363716
3887,-0.42605808,0.31045118
3888,-1.0932009,0.518335
3889,-0.27423373,0.33829716
3890,-0.37667367,0.32068184
3891,-0.40815783,0.33504072
3892,-0.86010695,0.46236435
3893,-0.9606827,0.53549254
3894,-1.1099794,0.43374577
3895,-1.0379393,0.5854904
3896,-1.0204394,0.65182966
3897,-0.6124817,0.37715253
3898,-0.90533125,0.45879295
3899,-1.32191,0.49260738
3900,-1.1251324,0.4747909
3901,-1.0749391,0.50784665
3902,-0.9818769,0.4648486
3903,-0.8602743,0.50647223
3904,-1.2204411,0.4892199
3905,-1.5218402,0.5006573
3906,-1.4051089,0.5404678
3907,-1.2802246,0.5495322
3908,-0.31782705,0.3925941
3909,-0.70304376,0.46485814
3910,-0.7125065,0.95463216
3911,-0.71969754,0.37268537
3912,-1.1324947,0.49388495
3913,-1.0930156,0.44294235
3914,-0.61094475,0.40375352
3915,-0.19489308,0.3435928
3916,-1.4121007,0.5554034
3917,-0.95986617,0.5305894
3918,-1.2219177,0.5430591
3919,-0.6783209,0.4996585
3920,-0.8754986,0.408464
3921,-0.89077085,0.5109594
3922,-1.6078095,0.5378278
3923,-0.5085832,0.44542345
3924,-0.9874372,0.44398618
3925,-1.1444619,0.5723769
3926,-0.8916659,0.37994915
3927,-1.7679619,0.8119879
3928,-1.2629018,0.492488
3929,-0.2621641,0.31727895
3930,0.23655178,0.37091902
3931,-0.42123577,0.3058576
3932,-1.3074098,0.52280915
3933,-0.7442699,0.4911387
3934,-0.89737713,0.486956
3935,-0.06858446,0.37556028
3936,-0.8060924,0.46628964
3937,-0.95099133,0.46138415
3938,-0.9087629,0.56672084
3939,-0.040141977,0.39520568
3940,-0.48358613,0.34351033
3941,-0.25341895,0.32701212
3942,-1.1425469,0.48005074
3943,-1.5640887,0.5341645
3944,0.06836291,0.3109104
3945,-0.7341209,0.44626874
3946,-1.2361624,0.42458507
3947,-0.9952175,0.5234137
3948,-1.2432771,0.5305981
3949,-0.31758,0.41122806
3950,-0.57913697,0.630866
3951,-1.1624522,0.5056688
3952,-1.1014163,0.45524406
3953,-1.3689375,0.52352846
3954,-1.1908251,0.5343114
3955,-1.0721833,0.5787441
3956,-1.3811849,0.440258
3957,-1.1102585,0.54670787
3958,-0.76484925,0.3881827
3959,-0.9235711,0.38253173
3960,-1.0917431,0.5132956
3961,-0.7098016,0.43412152
3962,-0.753683,0.4481061
3963,-1.2394924,0.39486068
3964,-1.6418532,0.55541444
3965,-0.459387,0.36481625
3966,-0.31289244,0.37990034
3967,-0.6870384,0.40199292
3968,-0.8358165,0.44221163
3969,-0.39903152,0.4196005
3970,-1.2636458,0.51702833
3971,-0.52832186,0.55642635
3972,-0.31092972,0.41421726
3973,-0.773452,0.47477278
3974,-0.36839825,0.37841064
3975,-0.850155,0.48946634
3976,-1.0716941,0.4812011
3977,-0.48805666,0.37640995
3978,-0.5247712,0.38279086
3979,-1.2264873,0.5145532
3980,-1.1956217,0.47492343
3981,-1.1401434,0.46354485
3982,-0.4629032,0.34716183
3983,-1.2183332,0.6558081
3984,-0.29774994,0.33097088
3985,-0.60735893,0.421683
3986,-1.1118094,0.52358156
3987,-1.3167459,0.6128319
3988,-1.0429943,0.44252974
3989,-1.3202025,0.5057775
3990,-1.2238842,0.5064903
3991,-0.9455141,0.40625787
3992,-0.9295896,0.48564968
3993,-1.292645,0.44037053
3994,-0.94771993,0.46182972
3995,-0.89704955,0.4894546
3996,-0.9599352,0.47080955
3997,-1.073488,0.49578768
3998,-0.6111305,0.4191034
3999,-0.819695,0.41708335
4000,-0.29405475,0.30885848
4001,-1.273854,0.48786741
4002,-0.96061325,0.551115
4003,-0.84713924,0.48697382
4004,-1.5283049,0.5638737
4005,-1.1827776,0.58222806
4006,-1.0984995,0.57145625
4007,-0.7008027,0.3739618
4008,-1.3801217,0.6267129
4009,-0.6684911,0.41058937
4010,-0.8103712,0.43855533
4011,-0.8908155,0.44379663
4012,-0.9364871,0.6154126
4013,-1.3552314,0.5291799
4014,-0.77809113,0.42982364
4015,-1.3584942,0.59494543
4016,-0.5229521,0.3940147
4017,-0.80556893,0.43090373
4018,-0.597404,0.35971406
4019,-1.213267,0.5525017
4020,-1.2195663,0.61391556
4021,-1.0416044,0.5519446
4022,-0.20905936,0.39026913
4023,-0.8527197,0.40469304
4024,-0.9573056,0.52337384
4025,-0.5697124,0.45795134
4026,-1.1462312,0.51045966
4027,-0.17228907,0.41599476
4028,-1.2850399,0.5391589
4029,-1.1405529,0.4389595
4030,-1.1107186,0.46502447
4031,-0.69651306,0.47535476
4032,-0.59482574,0.5430466
4033,-1.0882282,0.57879007
4034,-0.9121968,0.4542926
4035,-0.5696634,0.4464272
4036,-0.23296574,0.35403416
4037,-0.5938486,0.75056
4038,-0.6550767,0.44002005
4039,-0.02402397,0.3305879
4040,-1.2424177,0.47043908
4041,-1.4581182,0.68839794
4042,-0.782754,0.5291053
4043,-0.84368306,0.40299717
4044,-1.3385923,0.598603
4045,-0.8303566,0.4484611
4046,-0.6911664,0.48120585
4047,-0.95408654,0.459122
4048,-1.5637441,0.5803994
4049,-1.1407607,0.5293088
4050,-1.0118083,0.5459337
4051,-0.39635313,0.3529287
4052,-1.1686754,0.51982003
4053,-1.5595478,0.5532654
4054,-0.16938113,0.3624028
4055,-1.6861646,0.5271146
4056,-0.7779464,0.5609108
4057,-0.60354304,0.50757223
4058,-0.30305433,0.7068916
4059,-0.71095324,0.53547674
4060,-0.85015106,0.53779876
4061,-0.49657598,0.42221156
4062,-1.2378179,0.75316095
4063,-0.87300646,0.7130483
4064,-0.42519608,0.5175217
4065,-0.9694166,0.51130176
4066,-0.9587082,0.48048896
4067,-0.6402608,0.47161365
4068,-0.7247817,0.6557808
4069,-0.3406889,0.51508427
4070,-0.08435875,0.41774777
4071,-1.2246889,0.61205924
4072,-0.21147169,0.3829983
4073,-0.8760134,0.4352984
4074,-0.86386496,0.48625806
4075,-0.92873776,0.46106267
4076,-1.3519093,0.6761916
4077,-1.2518858,0.6168932
4078,-1.0164726,0.49008194
4079,-0.8105615,0.39125332
4080,-0.7023844,0.37508887
4081,-0.22414851,0.61941576
4082,-1.1931312,0.5368821
4083,-1.1091555,0.51460147
4084,-0.9437351,0.5391853
4085,-0.946432,0.42122126
4086,-1.3543689,0.41967145
4087,-0.6233332,0.41984966
4088,-0.19349812,0.38806435
4089,-0.9935559,0.38348168
4090,-0.9090251,0.39898953
4091,-0.9352899,0.3528395
4092,-1.5841405,0.63037676
4093,-1.0769031,0.5688272
4094,-1.3188771,0.49737877
4095,-1.1637939,0.51412964
