item_id:token,interaction_count,pop_score,popularity_label,cum_popularity_label
875,1152,0.0012506296572927342,1,1
1707,1053,0.00114315367111914,1,1
976,1015,0.0011019002622848308,1,1
5104,1005,0.001091044102065276,1,1
2157,933,0.00101287974848448,1,1
1225,912,0.0009900818120234145,1,1
2832,812,0.0008815202098278647,1,1
312,770,0.0008359243369057338,1,1
3388,765,0.0008304962567959563,1,1
182,752,0.0008163832485105348,1,1
2650,734,0.0007968421601153359,1,1
1993,723,0.0007849003838738254,1,1
321,701,0.0007610168313908044,1,1
2784,680,0.0007382188949297389,1,1
3831,679,0.0007371332789077834,1,1
896,679,0.0007371332789077834,1,1
1193,657,0.0007132497264247625,1,1
589,631,0.0006850237098539196,1,1
209,625,0.0006785100137221865,1,1
2648,623,0.0006763387816782756,1,1
3025,602,0.00065354084521721,1,1
146,597,0.0006481127651074325,1,1
214,592,0.0006426846849976551,1,1
887,591,0.0006415990689756996,1,1
3058,587,0.0006372566048878775,1,1
454,582,0.0006318285247781001,1,1
3314,582,0.0006318285247781001,1,1
161,570,0.0006188011325146341,1,1
682,560,0.0006079449722950791,1,1
1235,560,0.0006079449722950791,1,1
172,559,0.0006068593562731236,1,1
2657,543,0.0005894894999218356,1,1
2299,540,0.0005862326518559692,1,1
548,538,0.0005840614198120581,1,1
1277,527,0.0005721196435705477,1,1
3105,519,0.0005634347153949037,1,1
613,519,0.0005634347153949037,1,1
1305,512,0.0005558354032412152,1,1
1497,507,0.0005504073231314377,1,1
299,494,0.0005362943148460162,1,1
1291,490,0.0005319518507581943,1,1
363,488,0.0005297806187142832,1,1
1218,483,0.0005243525386045058,1,1
237,482,0.0005232669225825503,1,1
1521,480,0.0005210956905386392,1,1
552,478,0.0005189244584947282,1,1
324,474,0.0005145819944069063,1,1
3234,473,0.0005134963783849508,1,1
333,473,0.0005134963783849508,1,1
5656,466,0.0005058970662312623,1,1
354,463,0.0005026402181653957,1,1
819,463,0.0005026402181653957,1,1
2390,462,0.0005015546021434402,1,1
399,460,0.0004993833700995293,1,1
1984,459,0.0004982977540775738,1,1
5019,458,0.0004972121380556183,1,1
2300,455,0.0004939552899897517,1,1
3123,455,0.0004939552899897517,1,1
1979,453,0.0004917840579458408,1,1
837,453,0.0004917840579458408,1,1
1390,453,0.0004917840579458408,1,1
1272,452,0.0004906984419238853,1,1
2956,452,0.0004906984419238853,1,1
295,450,0.0004885272098799743,1,1
521,449,0.0004874415938580188,1,1
94,444,0.0004820135137482413,1,1
2019,441,0.00047875666568237483,1,1
1668,438,0.0004754998176165083,1,1
1223,436,0.0004733285855725973,1,1
249,433,0.00047007173750673084,1,1
173,432,0.0004689861214847753,1,1
835,432,0.0004689861214847753,1,1
483,429,0.00046572927341890884,1,1
1251,428,0.0004646436573969533,1,1
1483,426,0.00046247242535304235,1,1
392,424,0.0004603011933091313,1,1
1855,423,0.0004592155772871758,1,1
4506,422,0.00045812996126522035,1,1
574,418,0.00045378749717739836,1,1
2103,411,0.00044618818502370987,1,1
3076,408,0.00044293133695784333,1,1
3527,407,0.0004418457209358879,1,1
463,407,0.0004418457209358879,1,1
4711,407,0.0004418457209358879,1,1
946,406,0.00044076010491393236,1,1
2975,406,0.00044076010491393236,1,1
1815,405,0.00043967448889197685,1,1
4927,403,0.0004375032568480659,1,1
1177,401,0.00043533202480415485,1,1
235,400,0.0004342464087821994,1,1
3072,400,0.0004342464087821994,1,1
510,399,0.0004331607927602439,1,1
1295,398,0.00043207517673828836,1,1
3095,398,0.00043207517673828836,1,1
1737,392,0.0004255614806065554,1,1
18,392,0.0004255614806065554,1,1
3687,390,0.00042339024856264437,1,1
4358,389,0.0004223046325406889,1,1
811,388,0.0004212190165187334,1,1
326,388,0.0004212190165187334,1,1
101,386,0.00041904778447482237,1,1
595,383,0.0004157909364089559,1,1
674,382,0.0004147053203870004,1,1
2887,382,0.0004147053203870004,1,1
3114,380,0.0004125340883430894,1,1
3919,379,0.0004114484723211339,1,1
1988,378,0.00041036285629917843,1,1
470,378,0.00041036285629917843,1,1
366,376,0.0004081916242552674,1,1
2190,376,0.0004081916242552674,1,1
6,376,0.0004081916242552674,1,1
2810,375,0.0004071060082333119,1,1
1473,374,0.00040602039221135643,1,1
1995,374,0.00040602039221135643,1,1
4354,372,0.0004038491601674454,1,1
627,370,0.00040167792812353443,1,1
211,369,0.0004005923121015789,1,1
1294,369,0.0004005923121015789,1,1
872,368,0.0003995066960796234,1,1
1236,368,0.0003995066960796234,1,1
2389,366,0.00039733546403571243,1,1
1204,365,0.0003962498480137569,1,1
1470,364,0.0003951642319918014,1,1
5370,363,0.00039407861596984595,1,1
2652,362,0.00039299299994789043,1,1
5877,361,0.0003919073839259349,1,1
767,359,0.00038973615188202395,1,1
3544,359,0.00038973615188202395,1,1
529,358,0.00038865053586006844,1,1
2794,357,0.0003875649198381129,1,1
4054,357,0.0003875649198381129,1,1
922,356,0.00038647930381615746,1,1
1186,355,0.00038539368779420195,1,1
3110,354,0.00038430807177224644,1,1
2921,354,0.00038430807177224644,1,1
5750,353,0.0003832224557502909,1,1
663,352,0.00038213683972833547,1,1
207,352,0.00038213683972833547,1,1
2651,350,0.00037996560768442444,1,1
2276,350,0.00037996560768442444,1,1
3658,349,0.0003788799916624689,1,1
1233,349,0.0003788799916624689,1,1
335,349,0.0003788799916624689,1,1
5935,349,0.0003788799916624689,1,1
2722,348,0.00037779437564051347,1,1
206,348,0.00037779437564051347,1,1
1738,345,0.000374537527574647,1,1
1262,344,0.00037345191155269147,1,1
3961,341,0.000370195063486825,1,1
4242,340,0.00036910944746486947,1,1
300,340,0.00036910944746486947,1,1
1530,338,0.00036693821542095845,1,1
3312,337,0.000365852599399003,1,1
248,336,0.0003647669833770475,1,1
4165,335,0.00036368136735509196,1,1
5425,335,0.00036368136735509196,1,1
5800,335,0.00036368136735509196,1,1
147,334,0.0003625957513331365,1,1
1989,334,0.0003625957513331365,1,1
2798,333,0.000361510135311181,1,1
4265,333,0.000361510135311181,1,1
227,333,0.000361510135311181,1,1
611,332,0.0003604245192892255,1,1
5225,332,0.0003604245192892255,1,1
4508,332,0.0003604245192892255,1,1
1872,332,0.0003604245192892255,1,1
469,331,0.00035933890326726996,1,1
1983,330,0.0003582532872453145,1,1
1694,330,0.0003582532872453145,1,1
411,329,0.000357167671223359,1,1
501,329,0.000357167671223359,1,1
961,329,0.000357167671223359,1,1
565,328,0.0003560820552014035,1,1
194,328,0.0003560820552014035,1,1
1767,328,0.0003560820552014035,1,1
932,328,0.0003560820552014035,1,1
1187,327,0.00035499643917944796,1,1
4966,327,0.00035499643917944796,1,1
1310,327,0.00035499643917944796,1,1
3500,322,0.0003495683590696705,1,1
471,320,0.0003473971270257595,1,1
3346,320,0.0003473971270257595,1,1
305,319,0.000346311511003804,1,1
4544,318,0.0003452258949818485,1,1
314,318,0.0003452258949818485,1,1
4342,317,0.000344140278959893,1,1
3631,317,0.000344140278959893,1,1
6051,316,0.0003430546629379375,1,1
4678,315,0.000341969046915982,1,1
3505,315,0.000341969046915982,1,1
1862,315,0.000341969046915982,1,1
159,314,0.0003408834308940265,1,1
3986,314,0.0003408834308940265,1,1
1762,314,0.0003408834308940265,1,1
219,311,0.00033762658282816,1,1
558,311,0.00033762658282816,1,1
2986,310,0.0003365409668062045,1,1
488,308,0.00033436973476229354,1,1
966,308,0.00033436973476229354,1,1
3654,308,0.00033436973476229354,1,1
2158,308,0.00033436973476229354,1,1
4081,307,0.000333284118740338,1,1
313,307,0.000333284118740338,1,1
1602,307,0.000333284118740338,1,1
1316,306,0.0003321985027183825,1,1
4583,305,0.000331112886696427,1,1
4427,305,0.000331112886696427,1,1
3927,303,0.00032894165465251603,1,1
297,303,0.00032894165465251603,1,1
2534,301,0.000326770422608605,1,1
4512,301,0.000326770422608605,1,1
3513,300,0.00032568480658664954,1,1
3084,300,0.00032568480658664954,1,1
3172,300,0.00032568480658664954,1,1
1308,300,0.00032568480658664954,1,1
1343,298,0.0003235135745427385,1,1
3162,297,0.00032242795852078306,1,1
2775,297,0.00032242795852078306,1,1
1682,296,0.00032134234249882754,1,1
3941,295,0.00032025672647687203,1,1
2825,294,0.0003191711104549165,1,1
1287,294,0.0003191711104549165,1,1
4428,293,0.00031808549443296106,1,1
2467,293,0.00031808549443296106,1,1
2005,293,0.00031808549443296106,1,1
4526,292,0.00031699987841100555,1,1
8,291,0.00031591426238905003,1,1
475,290,0.0003148286463670945,1,1
4566,289,0.00031374303034513906,1,1
1322,289,0.00031374303034513906,1,1
5567,288,0.00031265741432318355,1,1
2710,288,0.00031265741432318355,1,1
1402,285,0.00030940056625731706,1,1
1912,284,0.00030831495023536155,1,1
1921,284,0.00030831495023536155,1,1
944,284,0.00030831495023536155,1,1
2124,283,0.00030722933421340604,1,1
2438,283,0.00030722933421340604,1,1
1369,282,0.0003061437181914506,1,1
5574,282,0.0003061437181914506,1,1
5601,282,0.0003061437181914506,1,1
4145,282,0.0003061437181914506,1,1
3667,281,0.00030505810216949506,1,1
6751,281,0.00030505810216949506,1,1
3071,281,0.00030505810216949506,1,1
457,280,0.00030397248614753955,1,1
1522,279,0.00030288687012558404,1,1
361,279,0.00030288687012558404,1,1
1110,279,0.00030288687012558404,1,1
3488,278,0.0003018012541036286,1,1
4513,278,0.0003018012541036286,1,1
2864,278,0.0003018012541036286,1,1
3665,277,0.00030071563808167307,1,1
1583,277,0.00030071563808167307,1,1
4168,277,0.00030071563808167307,1,1
2978,277,0.00030071563808167307,1,1
3530,276,0.00029963002205971755,1,1
4546,276,0.00029963002205971755,1,1
10421,276,0.00029963002205971755,1,1
563,276,0.00029963002205971755,1,1
7034,275,0.0002985444060377621,1,1
4391,275,0.0002985444060377621,1,1
466,275,0.0002985444060377621,1,1
987,275,0.0002985444060377621,1,1
2848,274,0.0002974587900158066,1,1
2879,273,0.00029637317399385107,1,1
4062,273,0.00029637317399385107,1,1
3126,273,0.00029637317399385107,1,1
694,273,0.00029637317399385107,1,1
137,273,0.00029637317399385107,1,1
4723,272,0.00029528755797189556,1,1
3971,271,0.0002942019419499401,1,1
5491,271,0.0002942019419499401,1,1
2098,270,0.0002931163259279846,1,1
2897,270,0.0002931163259279846,1,1
3164,270,0.0002931163259279846,1,1
292,270,0.0002931163259279846,1,1
3599,269,0.00029203070990602907,1,1
2834,268,0.00029094509388407356,1,1
11,267,0.0002898594778621181,1,1
964,266,0.0002887738618401626,1,1
7374,265,0.00028768824581820707,1,1
6367,264,0.00028660262979625156,1,1
991,263,0.0002855170137742961,1,1
357,263,0.0002855170137742961,1,1
862,262,0.0002844313977523406,1,1
2346,262,0.0002844313977523406,1,1
690,261,0.0002833457817303851,1,1
1392,261,0.0002833457817303851,1,1
4921,260,0.0002822601657084296,1,1
239,260,0.0002822601657084296,1,1
3165,259,0.0002811745496864741,1,1
3689,259,0.0002811745496864741,1,1
525,259,0.0002811745496864741,1,1
3098,258,0.0002800889336645186,1,1
268,258,0.0002800889336645186,1,1
1246,257,0.0002790033176425631,1,1
208,257,0.0002790033176425631,1,1
2330,257,0.0002790033176425631,1,1
822,256,0.0002779177016206076,1,1
1760,256,0.0002779177016206076,1,1
612,255,0.0002768320855986521,1,1
3257,255,0.0002768320855986521,1,1
2307,255,0.0002768320855986521,1,1
1404,255,0.0002768320855986521,1,1
554,254,0.0002757464695766966,1,1
2457,254,0.0002757464695766966,1,1
5966,253,0.0002746608535547411,1,1
4430,253,0.0002746608535547411,1,1
1725,252,0.0002735752375327856,1,1
1122,251,0.0002724896215108301,1,1
4061,251,0.0002724896215108301,1,1
5289,249,0.00027031838946691913,1,1
1991,249,0.00027031838946691913,1,1
5129,249,0.00027031838946691913,1,1
3671,248,0.0002692327734449636,1,1
2746,248,0.0002692327734449636,1,1
5964,248,0.0002692327734449636,1,1
1899,248,0.0002692327734449636,1,1
688,247,0.0002681471574230081,1,1
666,247,0.0002681471574230081,1,1
1474,247,0.0002681471574230081,1,1
3653,246,0.0002670615414010526,1,1
4281,246,0.0002670615414010526,1,1
2152,245,0.00026597592537909713,1,1
977,245,0.00026597592537909713,1,1
689,245,0.00026597592537909713,1,1
5476,245,0.00026597592537909713,1,1
3692,245,0.00026597592537909713,1,1
224,244,0.0002648903093571416,1,1
1155,244,0.0002648903093571416,1,1
3620,244,0.0002648903093571416,1,1
238,244,0.0002648903093571416,1,1
1922,244,0.0002648903093571416,1,1
4133,243,0.0002638046933351861,1,1
2427,243,0.0002638046933351861,1,1
838,243,0.0002638046933351861,1,1
1296,242,0.0002627190773132306,1,1
2647,242,0.0002627190773132306,1,1
867,242,0.0002627190773132306,1,1
1320,242,0.0002627190773132306,1,1
1500,242,0.0002627190773132306,1,1
541,241,0.00026163346129127514,1,1
2973,241,0.00026163346129127514,1,1
2097,241,0.00026163346129127514,1,1
1669,241,0.00026163346129127514,1,1
705,241,0.00026163346129127514,1,1
110,241,0.00026163346129127514,1,1
244,241,0.00026163346129127514,1,1
317,240,0.0002605478452693196,1,1
7123,240,0.0002605478452693196,1,1
2429,240,0.0002605478452693196,1,1
473,240,0.0002605478452693196,1,1
2847,240,0.0002605478452693196,1,1
532,239,0.0002594622292473641,1,1
7471,239,0.0002594622292473641,1,1
2424,238,0.00025837661322540865,1,1
8609,238,0.00025837661322540865,1,1
243,238,0.00025837661322540865,1,1
2692,237,0.00025729099720345314,1,1
965,237,0.00025729099720345314,1,1
1785,237,0.00025729099720345314,1,1
9432,236,0.0002562053811814976,1,1
2568,236,0.0002562053811814976,1,1
6282,235,0.0002551197651595421,1,1
62,235,0.0002551197651595421,1,1
372,235,0.0002551197651595421,1,1
5025,235,0.0002551197651595421,1,1
618,235,0.0002551197651595421,1,1
3724,235,0.0002551197651595421,1,1
1489,235,0.0002551197651595421,1,1
3096,235,0.0002551197651595421,1,1
4594,234,0.00025403414913758665,1,1
900,234,0.00025403414913758665,1,1
3921,234,0.00025403414913758665,1,1
564,234,0.00025403414913758665,1,1
2778,233,0.00025294853311563114,1,1
6354,233,0.00025294853311563114,1,1
5279,233,0.00025294853311563114,1,1
507,233,0.00025294853311563114,1,1
3214,232,0.00025186291709367563,1,1
1382,232,0.00025186291709367563,1,1
2984,232,0.00025186291709367563,1,1
561,232,0.00025186291709367563,1,1
1726,232,0.00025186291709367563,1,1
6479,232,0.00025186291709367563,1,1
291,232,0.00025186291709367563,1,1
70,231,0.0002507773010717201,1,1
6277,231,0.0002507773010717201,1,1
108,231,0.0002507773010717201,1,1
3220,231,0.0002507773010717201,1,1
3783,231,0.0002507773010717201,1,1
1584,230,0.00024969168504976466,1,1
2919,230,0.00024969168504976466,1,1
4947,230,0.00024969168504976466,1,1
3567,230,0.00024969168504976466,1,1
2780,229,0.00024860606902780914,1,1
3520,229,0.00024860606902780914,1,1
1209,229,0.00024860606902780914,1,1
4309,229,0.00024860606902780914,1,1
1622,228,0.00024752045300585363,1,1
162,227,0.00024643483698389817,1,1
1585,227,0.00024643483698389817,1,1
5744,227,0.00024643483698389817,1,1
730,227,0.00024643483698389817,1,1
4208,227,0.00024643483698389817,1,1
3908,226,0.00024534922096194266,1,1
3812,226,0.00024534922096194266,1,1
3092,225,0.00024426360493998714,1,1
1701,225,0.00024426360493998714,1,1
3641,224,0.00024317798891803166,1,1
4562,224,0.00024317798891803166,1,1
5161,224,0.00024317798891803166,1,1
1171,223,0.00024209237289607614,1,1
2976,223,0.00024209237289607614,1,1
955,223,0.00024209237289607614,1,1
4261,222,0.00024100675687412066,1,1
2797,222,0.00024100675687412066,1,1
384,222,0.00024100675687412066,1,1
2388,222,0.00024100675687412066,1,1
1413,222,0.00024100675687412066,1,1
700,222,0.00024100675687412066,1,1
6097,222,0.00024100675687412066,1,1
3502,222,0.00024100675687412066,1,1
3230,221,0.00023992114085216515,1,1
566,221,0.00023992114085216515,1,1
2719,221,0.00023992114085216515,1,1
6512,221,0.00023992114085216515,1,1
2285,221,0.00023992114085216515,1,1
3794,221,0.00023992114085216515,1,1
1467,221,0.00023992114085216515,1,1
2961,220,0.00023883552483020966,1,1
1929,220,0.00023883552483020966,1,1
205,220,0.00023883552483020966,1,1
2143,219,0.00023774990880825415,1,1
2272,219,0.00023774990880825415,1,1
3589,219,0.00023774990880825415,1,1
1065,219,0.00023774990880825415,1,1
4239,218,0.00023666429278629866,1,1
3611,218,0.00023666429278629866,1,1
3963,218,0.00023666429278629866,1,1
3284,218,0.00023666429278629866,1,1
1184,218,0.00023666429278629866,1,1
4384,218,0.00023666429278629866,1,1
5480,218,0.00023666429278629866,1,1
1856,218,0.00023666429278629866,1,1
2109,217,0.00023557867676434315,1,1
7124,217,0.00023557867676434315,1,1
9618,217,0.00023557867676434315,1,1
5304,217,0.00023557867676434315,1,1
294,217,0.00023557867676434315,1,1
2201,216,0.00023449306074238766,1,1
3693,216,0.00023449306074238766,1,1
2154,216,0.00023449306074238766,1,1
1748,215,0.00023340744472043218,1,1
9176,215,0.00023340744472043218,1,1
5207,215,0.00023340744472043218,1,1
2965,214,0.00023232182869847666,1,1
2850,214,0.00023232182869847666,1,1
5200,214,0.00023232182869847666,1,1
1660,214,0.00023232182869847666,1,1
3338,214,0.00023232182869847666,1,1
2604,214,0.00023232182869847666,1,1
5337,214,0.00023232182869847666,1,1
195,214,0.00023232182869847666,1,1
7845,214,0.00023232182869847666,1,1
3574,214,0.00023232182869847666,1,1
1409,214,0.00023232182869847666,1,1
2363,213,0.00023123621267652118,1,1
940,213,0.00023123621267652118,1,1
4325,213,0.00023123621267652118,1,1
337,212,0.00023015059665456566,1,1
3677,212,0.00023015059665456566,1,1
2883,212,0.00023015059665456566,1,1
877,212,0.00023015059665456566,1,1
262,211,0.00022906498063261018,1,1
6355,211,0.00022906498063261018,1,1
607,211,0.00022906498063261018,1,1
511,211,0.00022906498063261018,1,1
1705,211,0.00022906498063261018,1,1
1194,210,0.00022797936461065466,1,1
515,210,0.00022797936461065466,1,1
274,210,0.00022797936461065466,1,1
201,209,0.00022689374858869918,1,1
567,209,0.00022689374858869918,1,1
1447,209,0.00022689374858869918,1,1
1861,209,0.00022689374858869918,1,1
5460,208,0.00022580813256674366,1,1
768,208,0.00022580813256674366,1,1
5205,207,0.00022472251654478818,1,1
2913,207,0.00022472251654478818,1,1
8055,206,0.00022363690052283267,1,1
1336,206,0.00022363690052283267,1,1
5748,206,0.00022363690052283267,1,1
598,206,0.00022363690052283267,1,1
3838,206,0.00022363690052283267,1,1
4710,205,0.00022255128450087718,1,1
347,205,0.00022255128450087718,1,1
444,205,0.00022255128450087718,1,1
1328,205,0.00022255128450087718,1,1
847,205,0.00022255128450087718,1,1
6612,205,0.00022255128450087718,1,1
3108,205,0.00022255128450087718,1,1
3235,205,0.00022255128450087718,1,1
3946,204,0.00022146566847892167,1,1
3703,204,0.00022146566847892167,1,1
2111,204,0.00022146566847892167,1,1
6685,204,0.00022146566847892167,1,1
1677,204,0.00022146566847892167,1,1
868,203,0.00022038005245696618,1,1
1217,203,0.00022038005245696618,1,1
240,203,0.00022038005245696618,1,1
3495,203,0.00022038005245696618,1,1
853,203,0.00022038005245696618,1,1
4157,203,0.00022038005245696618,1,1
1303,202,0.0002192944364350107,1,1
2781,202,0.0002192944364350107,1,1
287,202,0.0002192944364350107,1,1
6753,202,0.0002192944364350107,1,1
2809,202,0.0002192944364350107,1,1
4039,202,0.0002192944364350107,1,1
2541,202,0.0002192944364350107,1,1
3168,201,0.00021820882041305518,1,1
5484,201,0.00021820882041305518,1,1
1178,201,0.00021820882041305518,1,1
5473,201,0.00021820882041305518,1,1
183,200,0.0002171232043910997,1,1
189,200,0.0002171232043910997,1,1
8365,200,0.0002171232043910997,1,1
353,199,0.00021603758836914418,1,1
901,199,0.00021603758836914418,1,1
2145,199,0.00021603758836914418,1,1
1034,199,0.00021603758836914418,1,1
1387,198,0.0002149519723471887,1,1
4057,198,0.0002149519723471887,1,1
5672,198,0.0002149519723471887,1,1
7696,198,0.0002149519723471887,1,1
2130,198,0.0002149519723471887,1,1
1410,198,0.0002149519723471887,1,1
1229,197,0.00021386635632523318,1,1
2368,197,0.00021386635632523318,1,1
3102,197,0.00021386635632523318,1,1
848,197,0.00021386635632523318,1,1
967,197,0.00021386635632523318,1,1
1190,197,0.00021386635632523318,1,1
3177,197,0.00021386635632523318,1,1
3536,197,0.00021386635632523318,1,1
905,197,0.00021386635632523318,1,1
4008,196,0.0002127807403032777,1,1
2476,196,0.0002127807403032777,1,1
4036,196,0.0002127807403032777,1,1
1408,196,0.0002127807403032777,1,1
3761,196,0.0002127807403032777,1,1
1605,196,0.0002127807403032777,1,1
4509,196,0.0002127807403032777,1,1
29,196,0.0002127807403032777,1,1
4429,195,0.00021169512428132218,1,1
3793,195,0.00021169512428132218,1,1
903,195,0.00021169512428132218,1,1
3155,195,0.00021169512428132218,1,1
665,195,0.00021169512428132218,1,1
3934,195,0.00021169512428132218,1,1
1345,195,0.00021169512428132218,1,1
3797,195,0.00021169512428132218,1,1
10439,194,0.0002106095082593667,1,1
6947,194,0.0002106095082593667,1,1
348,193,0.00020952389223741118,1,1
1180,193,0.00020952389223741118,1,1
2628,193,0.00020952389223741118,1,1
2373,193,0.00020952389223741118,1,1
4080,192,0.0002084382762154557,1,1
3047,192,0.0002084382762154557,1,1
934,192,0.0002084382762154557,1,1
3305,192,0.0002084382762154557,1,1
9213,192,0.0002084382762154557,1,1
2900,192,0.0002084382762154557,1,1
334,192,0.0002084382762154557,1,1
2137,192,0.0002084382762154557,1,1
1248,192,0.0002084382762154557,1,1
543,191,0.0002073526601935002,1,1
600,191,0.0002073526601935002,1,1
2489,191,0.0002073526601935002,1,1
4997,191,0.0002073526601935002,1,1
1153,191,0.0002073526601935002,1,1
440,191,0.0002073526601935002,1,1
3614,191,0.0002073526601935002,1,1
6925,191,0.0002073526601935002,1,1
2856,191,0.0002073526601935002,1,1
1222,191,0.0002073526601935002,1,1
4607,191,0.0002073526601935002,1,1
556,190,0.0002062670441715447,1,1
969,190,0.0002062670441715447,1,1
222,190,0.0002062670441715447,1,1
5318,190,0.0002062670441715447,1,1
1478,190,0.0002062670441715447,1,1
1094,190,0.0002062670441715447,1,1
2934,189,0.00020518142814958921,1,1
1787,189,0.00020518142814958921,1,1
778,189,0.00020518142814958921,1,1
7363,189,0.00020518142814958921,1,1
954,189,0.00020518142814958921,1,1
553,189,0.00020518142814958921,1,1
7813,189,0.00020518142814958921,1,1
1087,189,0.00020518142814958921,1,1
1813,188,0.0002040958121276337,1,1
1797,188,0.0002040958121276337,1,1
4301,187,0.00020301019610567821,1,1
856,187,0.00020301019610567821,1,1
5497,187,0.00020301019610567821,1,1
3639,186,0.0002019245800837227,1,1
1189,186,0.0002019245800837227,1,1
1271,186,0.0002019245800837227,1,1
4510,186,0.0002019245800837227,1,1
2748,186,0.0002019245800837227,1,1
4959,186,0.0002019245800837227,1,1
1789,186,0.0002019245800837227,1,1
1084,186,0.0002019245800837227,1,1
223,186,0.0002019245800837227,1,1
5963,185,0.00020083896406176722,1,1
3621,185,0.00020083896406176722,1,1
10963,184,0.0001997533480398117,1,1
2268,184,0.0001997533480398117,1,1
894,184,0.0001997533480398117,1,1
4647,184,0.0001997533480398117,1,1
3861,184,0.0001997533480398117,1,1
6750,183,0.00019866773201785622,1,1
2790,183,0.00019866773201785622,1,1
4000,183,0.00019866773201785622,1,1
4627,183,0.00019866773201785622,1,1
242,183,0.00019866773201785622,1,1
3170,183,0.00019866773201785622,1,1
2866,183,0.00019866773201785622,1,1
2889,183,0.00019866773201785622,1,1
437,183,0.00019866773201785622,1,1
8500,183,0.00019866773201785622,1,1
6028,183,0.00019866773201785622,1,1
5687,183,0.00019866773201785622,1,1
12938,183,0.00019866773201785622,1,1
293,183,0.00019866773201785622,1,1
2421,182,0.0001975821159959007,1,1
3301,182,0.0001975821159959007,1,1
3613,182,0.0001975821159959007,1,1
134,182,0.0001975821159959007,1,1
5521,182,0.0001975821159959007,1,1
3816,182,0.0001975821159959007,1,1
2101,182,0.0001975821159959007,1,1
1197,182,0.0001975821159959007,1,1
4377,181,0.00019649649997394522,1,1
4426,181,0.00019649649997394522,1,1
2773,181,0.00019649649997394522,1,1
3893,181,0.00019649649997394522,1,1
2723,181,0.00019649649997394522,1,1
7045,181,0.00019649649997394522,1,1
1593,181,0.00019649649997394522,1,1
197,180,0.0001954108839519897,1,1
3635,180,0.0001954108839519897,1,1
4702,180,0.0001954108839519897,1,1
5375,180,0.0001954108839519897,1,1
11217,180,0.0001954108839519897,1,1
2982,180,0.0001954108839519897,1,1
276,180,0.0001954108839519897,1,1
1198,180,0.0001954108839519897,1,1
762,179,0.00019432526793003422,1,1
1330,179,0.00019432526793003422,1,1
2105,179,0.00019432526793003422,1,1
8086,179,0.00019432526793003422,1,1
309,179,0.00019432526793003422,1,1
842,179,0.00019432526793003422,1,1
6411,179,0.00019432526793003422,1,1
9406,178,0.00019323965190807873,1,1
4411,178,0.00019323965190807873,1,1
3668,178,0.00019323965190807873,1,1
5408,177,0.00019215403588612322,1,1
10367,177,0.00019215403588612322,1,1
284,177,0.00019215403588612322,1,1
6752,177,0.00019215403588612322,1,1
909,177,0.00019215403588612322,1,1
942,177,0.00019215403588612322,1,1
834,177,0.00019215403588612322,1,1
6348,177,0.00019215403588612322,1,1
5455,177,0.00019215403588612322,1,1
7218,177,0.00019215403588612322,1,1
3972,176,0.00019106841986416773,1,1
7178,176,0.00019106841986416773,1,1
2741,176,0.00019106841986416773,1,1
699,176,0.00019106841986416773,1,1
3328,176,0.00019106841986416773,1,1
4505,176,0.00019106841986416773,1,1
5303,175,0.00018998280384221222,1,1
4076,175,0.00018998280384221222,1,1
4102,175,0.00018998280384221222,1,1
983,174,0.00018889718782025673,1,1
3940,174,0.00018889718782025673,1,1
4591,174,0.00018889718782025673,1,1
5325,174,0.00018889718782025673,1,1
4924,173,0.00018781157179830122,1,1
1379,173,0.00018781157179830122,1,1
1238,173,0.00018781157179830122,1,1
3274,173,0.00018781157179830122,1,1
3085,173,0.00018781157179830122,1,1
6441,172,0.00018672595577634573,1,1
4812,172,0.00018672595577634573,1,1
6914,172,0.00018672595577634573,1,1
4055,172,0.00018672595577634573,1,1
2120,172,0.00018672595577634573,1,1
1657,172,0.00018672595577634573,1,1
5495,171,0.00018564033975439022,1,1
1482,171,0.00018564033975439022,1,1
3944,171,0.00018564033975439022,1,1
3570,171,0.00018564033975439022,1,1
602,170,0.00018455472373243474,1,1
5856,170,0.00018455472373243474,1,1
3052,170,0.00018455472373243474,1,1
4794,170,0.00018455472373243474,1,1
9055,170,0.00018455472373243474,1,1
5109,170,0.00018455472373243474,1,1
8555,170,0.00018455472373243474,1,1
10,170,0.00018455472373243474,1,1
3075,169,0.00018346910771047922,1,1
5364,169,0.00018346910771047922,1,1
1907,169,0.00018346910771047922,1,1
2854,169,0.00018346910771047922,1,1
9575,169,0.00018346910771047922,1,1
945,169,0.00018346910771047922,1,1
3598,169,0.00018346910771047922,1,1
3026,168,0.00018238349168852374,1,1
986,168,0.00018238349168852374,1,1
5968,168,0.00018238349168852374,1,1
3478,168,0.00018238349168852374,1,1
7394,168,0.00018238349168852374,1,1
3610,168,0.00018238349168852374,1,1
1751,168,0.00018238349168852374,1,1
1642,168,0.00018238349168852374,1,1
7455,168,0.00018238349168852374,1,1
2275,168,0.00018238349168852374,1,1
1454,168,0.00018238349168852374,1,1
1747,167,0.00018129787566656825,1,1
3646,167,0.00018129787566656825,1,1
6128,167,0.00018129787566656825,1,1
1334,167,0.00018129787566656825,1,1
5479,167,0.00018129787566656825,1,1
272,167,0.00018129787566656825,1,1
5262,167,0.00018129787566656825,1,1
5292,167,0.00018129787566656825,1,1
1925,167,0.00018129787566656825,1,1
11973,166,0.00018021225964461274,1,1
3082,166,0.00018021225964461274,1,1
6007,166,0.00018021225964461274,1,1
592,166,0.00018021225964461274,1,1
701,165,0.00017912664362265725,1,1
2903,165,0.00017912664362265725,1,1
5066,165,0.00017912664362265725,1,1
3326,165,0.00017912664362265725,1,1
6000,165,0.00017912664362265725,1,1
512,165,0.00017912664362265725,1,1
8850,165,0.00017912664362265725,1,1
257,165,0.00017912664362265725,1,1
5418,165,0.00017912664362265725,1,1
4099,165,0.00017912664362265725,1,1
2144,165,0.00017912664362265725,1,1
5004,165,0.00017912664362265725,1,1
2980,164,0.00017804102760070174,1,1
6327,164,0.00017804102760070174,1,1
1161,164,0.00017804102760070174,1,1
524,164,0.00017804102760070174,1,1
2795,164,0.00017804102760070174,1,1
4540,164,0.00017804102760070174,1,1
5774,164,0.00017804102760070174,1,1
3534,164,0.00017804102760070174,1,1
7246,164,0.00017804102760070174,1,1
2381,164,0.00017804102760070174,1,1
5747,164,0.00017804102760070174,1,1
4009,164,0.00017804102760070174,1,1
3926,163,0.00017695541157874625,1,1
1755,163,0.00017695541157874625,1,1
8256,163,0.00017695541157874625,1,1
1805,163,0.00017695541157874625,1,1
5358,163,0.00017695541157874625,1,1
283,163,0.00017695541157874625,1,1
4161,163,0.00017695541157874625,1,1
5643,163,0.00017695541157874625,1,1
5089,163,0.00017695541157874625,1,1
8060,162,0.00017586979555679074,1,1
2269,162,0.00017586979555679074,1,1
4860,162,0.00017586979555679074,1,1
2264,162,0.00017586979555679074,1,1
6674,162,0.00017586979555679074,1,1
6920,162,0.00017586979555679074,1,1
632,162,0.00017586979555679074,1,1
3218,162,0.00017586979555679074,1,1
3943,162,0.00017586979555679074,1,1
5196,162,0.00017586979555679074,1,1
1624,161,0.00017478417953483525,1,1
217,161,0.00017478417953483525,1,1
4229,161,0.00017478417953483525,1,1
1782,161,0.00017478417953483525,1,1
2812,161,0.00017478417953483525,1,1
5036,161,0.00017478417953483525,1,1
3187,161,0.00017478417953483525,1,1
3046,161,0.00017478417953483525,1,1
4129,161,0.00017478417953483525,1,1
658,161,0.00017478417953483525,1,1
2436,160,0.00017369856351287974,1,1
6049,160,0.00017369856351287974,1,1
2347,160,0.00017369856351287974,1,1
4658,160,0.00017369856351287974,1,1
1982,160,0.00017369856351287974,1,1
342,160,0.00017369856351287974,1,1
3725,160,0.00017369856351287974,1,1
382,160,0.00017369856351287974,1,1
231,160,0.00017369856351287974,1,1
4667,160,0.00017369856351287974,1,1
880,160,0.00017369856351287974,1,1
7775,160,0.00017369856351287974,1,1
2510,160,0.00017369856351287974,1,1
1873,159,0.00017261294749092425,1,1
2654,159,0.00017261294749092425,1,1
2882,159,0.00017261294749092425,1,1
1468,159,0.00017261294749092425,1,1
6284,159,0.00017261294749092425,1,1
4353,159,0.00017261294749092425,1,1
4346,158,0.00017152733146896874,1,1
6772,158,0.00017152733146896874,1,1
175,158,0.00017152733146896874,1,1
5582,158,0.00017152733146896874,1,1
2888,158,0.00017152733146896874,1,1
2251,158,0.00017152733146896874,1,1
845,158,0.00017152733146896874,1,1
3175,158,0.00017152733146896874,1,1
6040,158,0.00017152733146896874,1,1
1664,158,0.00017152733146896874,1,1
3125,158,0.00017152733146896874,1,1
8275,158,0.00017152733146896874,1,1
5276,158,0.00017152733146896874,1,1
200,157,0.00017044171544701325,1,1
6388,157,0.00017044171544701325,1,1
5642,157,0.00017044171544701325,1,1
3255,157,0.00017044171544701325,1,1
2593,157,0.00017044171544701325,1,1
484,157,0.00017044171544701325,1,1
3673,157,0.00017044171544701325,1,1
6761,157,0.00017044171544701325,1,1
6120,157,0.00017044171544701325,1,1
4725,157,0.00017044171544701325,1,1
1090,157,0.00017044171544701325,1,1
2983,157,0.00017044171544701325,1,1
1764,157,0.00017044171544701325,1,1
3456,156,0.00016935609942505774,1,1
5420,156,0.00016935609942505774,1,1
2186,156,0.00016935609942505774,1,1
6766,156,0.00016935609942505774,1,1
57,156,0.00016935609942505774,1,1
3368,156,0.00016935609942505774,1,1
2423,156,0.00016935609942505774,1,1
4038,156,0.00016935609942505774,1,1
2734,156,0.00016935609942505774,1,1
4974,156,0.00016935609942505774,1,1
2779,155,0.00016827048340310226,1,1
8817,155,0.00016827048340310226,1,1
3055,155,0.00016827048340310226,1,1
781,155,0.00016827048340310226,1,1
2701,155,0.00016827048340310226,1,1
3588,155,0.00016827048340310226,1,1
4734,155,0.00016827048340310226,1,1
1258,155,0.00016827048340310226,1,1
3242,155,0.00016827048340310226,1,1
2884,155,0.00016827048340310226,1,1
486,155,0.00016827048340310226,1,1
2289,155,0.00016827048340310226,1,1
7184,154,0.00016718486738114677,1,1
9474,154,0.00016718486738114677,1,1
1350,154,0.00016718486738114677,1,1
4630,154,0.00016718486738114677,1,1
1074,154,0.00016718486738114677,1,1
2533,154,0.00016718486738114677,1,1
7808,154,0.00016718486738114677,1,1
1038,154,0.00016718486738114677,1,1
184,154,0.00016718486738114677,1,1
202,154,0.00016718486738114677,1,1
1621,154,0.00016718486738114677,1,1
4365,154,0.00016718486738114677,1,1
2990,154,0.00016718486738114677,1,1
542,154,0.00016718486738114677,1,1
2818,154,0.00016718486738114677,1,1
2431,154,0.00016718486738114677,1,1
6518,153,0.00016609925135919126,1,1
234,153,0.00016609925135919126,1,1
2099,153,0.00016609925135919126,1,1
5417,153,0.00016609925135919126,1,1
2348,153,0.00016609925135919126,1,1
2487,153,0.00016609925135919126,1,1
3827,153,0.00016609925135919126,1,1
401,153,0.00016609925135919126,1,1
5311,153,0.00016609925135919126,1,1
2425,153,0.00016609925135919126,1,1
4154,153,0.00016609925135919126,1,1
11731,152,0.00016501363533723577,1,1
4765,152,0.00016501363533723577,1,1
451,152,0.00016501363533723577,1,1
2321,152,0.00016501363533723577,1,1
3552,152,0.00016501363533723577,1,1
2752,152,0.00016501363533723577,1,1
3912,152,0.00016501363533723577,1,1
3991,152,0.00016501363533723577,1,1
8439,152,0.00016501363533723577,1,1
9058,152,0.00016501363533723577,1,1
13148,152,0.00016501363533723577,1,1
6171,152,0.00016501363533723577,1,1
7964,152,0.00016501363533723577,1,1
6302,151,0.00016392801931528026,1,1
5653,151,0.00016392801931528026,1,1
1093,151,0.00016392801931528026,1,1
5113,151,0.00016392801931528026,1,1
478,151,0.00016392801931528026,1,1
6475,151,0.00016392801931528026,1,1
1763,151,0.00016392801931528026,1,1
2645,151,0.00016392801931528026,1,1
1981,151,0.00016392801931528026,1,1
141,151,0.00016392801931528026,1,1
623,151,0.00016392801931528026,1,1
121,150,0.00016284240329332477,1,1
4854,150,0.00016284240329332477,1,1
509,150,0.00016284240329332477,1,1
229,150,0.00016284240329332477,1,1
4914,150,0.00016284240329332477,1,1
1355,150,0.00016284240329332477,1,1
4419,149,0.00016175678727136926,1,1
2938,149,0.00016175678727136926,1,1
1661,149,0.00016175678727136926,1,1
6508,149,0.00016175678727136926,1,1
830,149,0.00016175678727136926,1,1
4876,149,0.00016175678727136926,1,1
6888,149,0.00016175678727136926,1,1
3163,149,0.00016175678727136926,1,1
5919,149,0.00016175678727136926,1,1
4680,149,0.00016175678727136926,1,1
1840,149,0.00016175678727136926,1,1
5372,149,0.00016175678727136926,1,1
6001,149,0.00016175678727136926,1,1
1878,149,0.00016175678727136926,1,1
226,149,0.00016175678727136926,1,1
4552,149,0.00016175678727136926,1,1
3403,148,0.00016067117124941377,1,1
2366,148,0.00016067117124941377,1,1
4347,148,0.00016067117124941377,1,1
9447,148,0.00016067117124941377,1,1
1608,148,0.00016067117124941377,1,1
2699,148,0.00016067117124941377,1,1
815,148,0.00016067117124941377,1,1
3489,148,0.00016067117124941377,1,1
1849,148,0.00016067117124941377,1,1
306,148,0.00016067117124941377,1,1
6275,148,0.00016067117124941377,1,1
2646,148,0.00016067117124941377,1,1
8348,148,0.00016067117124941377,1,1
2970,148,0.00016067117124941377,1,1
3630,148,0.00016067117124941377,1,1
4719,148,0.00016067117124941377,1,1
4163,148,0.00016067117124941377,1,1
1619,147,0.00015958555522745826,1,1
10266,147,0.00015958555522745826,1,1
2836,147,0.00015958555522745826,1,1
315,147,0.00015958555522745826,1,1
2502,147,0.00015958555522745826,1,1
4053,147,0.00015958555522745826,1,1
3929,147,0.00015958555522745826,1,1
3369,147,0.00015958555522745826,1,1
6825,147,0.00015958555522745826,1,1
960,147,0.00015958555522745826,1,1
691,147,0.00015958555522745826,1,1
9451,147,0.00015958555522745826,1,1
7572,146,0.00015849993920550277,1,1
913,146,0.00015849993920550277,1,1
2581,146,0.00015849993920550277,1,1
225,146,0.00015849993920550277,1,1
1569,146,0.00015849993920550277,1,1
216,146,0.00015849993920550277,1,1
601,146,0.00015849993920550277,1,1
4697,146,0.00015849993920550277,1,1
4098,146,0.00015849993920550277,1,1
849,146,0.00015849993920550277,1,1
4011,146,0.00015849993920550277,1,1
1999,146,0.00015849993920550277,1,1
1817,146,0.00015849993920550277,1,1
1670,146,0.00015849993920550277,1,1
7957,146,0.00015849993920550277,1,1
2003,145,0.00015741432318354726,1,1
1971,145,0.00015741432318354726,1,1
9077,145,0.00015741432318354726,1,1
3077,145,0.00015741432318354726,1,1
8863,145,0.00015741432318354726,1,1
328,145,0.00015741432318354726,1,1
11129,145,0.00015741432318354726,1,1
3648,145,0.00015741432318354726,1,1
3993,145,0.00015741432318354726,1,1
5024,145,0.00015741432318354726,1,1
2430,145,0.00015741432318354726,1,1
1199,145,0.00015741432318354726,1,1
4423,145,0.00015741432318354726,1,1
4291,145,0.00015741432318354726,1,1
4227,145,0.00015741432318354726,1,1
4182,144,0.00015632870716159177,1,1
861,144,0.00015632870716159177,1,1
11213,144,0.00015632870716159177,1,1
3824,144,0.00015632870716159177,1,1
2816,144,0.00015632870716159177,1,1
2979,144,0.00015632870716159177,1,1
7069,144,0.00015632870716159177,1,1
9028,144,0.00015632870716159177,1,1
1196,144,0.00015632870716159177,1,1
3546,144,0.00015632870716159177,1,1
8852,144,0.00015632870716159177,1,1
4383,144,0.00015632870716159177,1,1
4646,143,0.0001552430911396363,1,1
5736,143,0.0001552430911396363,1,1
925,143,0.0001552430911396363,1,1
4689,143,0.0001552430911396363,1,1
5500,143,0.0001552430911396363,1,1
1391,143,0.0001552430911396363,1,1
4868,143,0.0001552430911396363,1,1
4120,143,0.0001552430911396363,1,1
4273,143,0.0001552430911396363,1,1
6271,143,0.0001552430911396363,1,1
232,143,0.0001552430911396363,1,1
2229,143,0.0001552430911396363,1,1
2745,143,0.0001552430911396363,1,1
644,143,0.0001552430911396363,1,1
2360,142,0.00015415747511768078,1,1
8463,142,0.00015415747511768078,1,1
8012,142,0.00015415747511768078,1,1
2695,142,0.00015415747511768078,1,1
5097,142,0.00015415747511768078,1,1
13985,142,0.00015415747511768078,1,1
439,142,0.00015415747511768078,1,1
5397,142,0.00015415747511768078,1,1
841,142,0.00015415747511768078,1,1
3869,142,0.00015415747511768078,1,1
1640,142,0.00015415747511768078,1,1
1695,142,0.00015415747511768078,1,1
6382,142,0.00015415747511768078,1,1
2450,142,0.00015415747511768078,1,1
2302,142,0.00015415747511768078,1,1
5516,142,0.00015415747511768078,1,1
6454,141,0.0001530718590957253,1,1
4295,141,0.0001530718590957253,1,1
3958,141,0.0001530718590957253,1,1
6245,141,0.0001530718590957253,1,1
1544,141,0.0001530718590957253,1,1
5021,141,0.0001530718590957253,1,1
5423,141,0.0001530718590957253,1,1
1596,141,0.0001530718590957253,1,1
164,141,0.0001530718590957253,1,1
9282,141,0.0001530718590957253,1,1
570,141,0.0001530718590957253,1,1
5674,141,0.0001530718590957253,1,1
2118,141,0.0001530718590957253,1,1
8507,141,0.0001530718590957253,1,1
2520,140,0.00015198624307376978,1,1
4107,140,0.00015198624307376978,1,1
5386,140,0.00015198624307376978,1,1
995,140,0.00015198624307376978,1,1
3367,140,0.00015198624307376978,1,1
203,140,0.00015198624307376978,1,1
6740,140,0.00015198624307376978,1,1
3116,140,0.00015198624307376978,1,1
2817,140,0.00015198624307376978,1,1
288,140,0.00015198624307376978,1,1
3285,140,0.00015198624307376978,1,1
266,140,0.00015198624307376978,1,1
3238,140,0.00015198624307376978,1,1
4226,140,0.00015198624307376978,1,1
6575,139,0.0001509006270518143,1,1
192,139,0.0001509006270518143,1,1
4312,139,0.0001509006270518143,1,1
3676,139,0.0001509006270518143,1,1
4433,139,0.0001509006270518143,1,1
338,139,0.0001509006270518143,1,1
4518,139,0.0001509006270518143,1,1
6923,139,0.0001509006270518143,1,1
7071,139,0.0001509006270518143,1,1
11490,139,0.0001509006270518143,1,1
3726,138,0.00014981501102985878,1,1
2448,138,0.00014981501102985878,1,1
7252,138,0.00014981501102985878,1,1
7697,138,0.00014981501102985878,1,1
3404,138,0.00014981501102985878,1,1
6070,138,0.00014981501102985878,1,1
831,138,0.00014981501102985878,1,1
1273,138,0.00014981501102985878,1,1
1394,138,0.00014981501102985878,1,1
381,138,0.00014981501102985878,1,1
241,138,0.00014981501102985878,1,1
2182,138,0.00014981501102985878,1,1
723,138,0.00014981501102985878,1,1
5079,138,0.00014981501102985878,1,1
5000,138,0.00014981501102985878,1,1
171,138,0.00014981501102985878,1,1
270,138,0.00014981501102985878,1,1
12341,138,0.00014981501102985878,1,1
286,138,0.00014981501102985878,1,1
350,138,0.00014981501102985878,1,1
4649,137,0.0001487293950079033,1,1
1651,137,0.0001487293950079033,1,1
10544,137,0.0001487293950079033,1,1
7108,137,0.0001487293950079033,1,1
7754,137,0.0001487293950079033,1,1
4370,137,0.0001487293950079033,1,1
2824,137,0.0001487293950079033,1,1
6586,137,0.0001487293950079033,1,1
3918,137,0.0001487293950079033,1,1
1890,137,0.0001487293950079033,1,1
2813,137,0.0001487293950079033,1,1
1242,136,0.00014764377898594778,1,1
1371,136,0.00014764377898594778,1,1
6286,136,0.00014764377898594778,1,1
3608,136,0.00014764377898594778,1,1
3074,136,0.00014764377898594778,1,1
2013,136,0.00014764377898594778,1,1
3605,136,0.00014764377898594778,1,1
7843,136,0.00014764377898594778,1,1
6489,136,0.00014764377898594778,1,1
5445,136,0.00014764377898594778,1,1
6981,136,0.00014764377898594778,1,1
7677,136,0.00014764377898594778,1,1
4677,136,0.00014764377898594778,1,1
5689,136,0.00014764377898594778,1,1
7086,136,0.00014764377898594778,1,1
425,136,0.00014764377898594778,1,1
1306,136,0.00014764377898594778,1,1
1464,135,0.0001465581629639923,1,1
11679,135,0.0001465581629639923,1,1
4537,135,0.0001465581629639923,1,1
520,135,0.0001465581629639923,1,1
2843,135,0.0001465581629639923,1,1
1604,135,0.0001465581629639923,1,1
6086,135,0.0001465581629639923,1,1
3585,135,0.0001465581629639923,1,1
2365,135,0.0001465581629639923,1,1
2473,135,0.0001465581629639923,1,1
3258,135,0.0001465581629639923,1,1
155,135,0.0001465581629639923,1,1
98,135,0.0001465581629639923,1,1
2992,135,0.0001465581629639923,1,1
6656,135,0.0001465581629639923,1,1
6652,135,0.0001465581629639923,1,1
1712,135,0.0001465581629639923,1,1
6004,135,0.0001465581629639923,1,1
7612,135,0.0001465581629639923,1,1
4184,135,0.0001465581629639923,1,1
5568,135,0.0001465581629639923,1,1
1006,135,0.0001465581629639923,1,1
1649,134,0.00014547254694203678,1,1
2357,134,0.00014547254694203678,1,1
562,134,0.00014547254694203678,1,1
5007,134,0.00014547254694203678,1,1
1041,134,0.00014547254694203678,1,1
5463,134,0.00014547254694203678,1,1
6896,134,0.00014547254694203678,1,1
2601,134,0.00014547254694203678,1,1
916,134,0.00014547254694203678,1,1
3097,134,0.00014547254694203678,1,1
433,134,0.00014547254694203678,1,1
8668,134,0.00014547254694203678,1,1
8441,134,0.00014547254694203678,1,1
11565,134,0.00014547254694203678,1,1
2178,134,0.00014547254694203678,1,1
4985,134,0.00014547254694203678,1,1
3236,134,0.00014547254694203678,1,1
2791,134,0.00014547254694203678,1,1
5920,134,0.00014547254694203678,1,1
4928,134,0.00014547254694203678,1,1
3664,133,0.0001443869309200813,1,1
7774,133,0.0001443869309200813,1,1
6625,133,0.0001443869309200813,1,1
5354,133,0.0001443869309200813,1,1
4825,133,0.0001443869309200813,1,1
1826,133,0.0001443869309200813,1,1
271,133,0.0001443869309200813,1,1
5172,133,0.0001443869309200813,1,1
9894,133,0.0001443869309200813,1,1
1628,133,0.0001443869309200813,1,1
1460,133,0.0001443869309200813,1,1
5796,133,0.0001443869309200813,1,1
3336,133,0.0001443869309200813,1,1
461,133,0.0001443869309200813,1,1
9671,133,0.0001443869309200813,1,1
2493,133,0.0001443869309200813,1,1
1992,132,0.00014330131489812578,1,1
3524,132,0.00014330131489812578,1,1
1137,132,0.00014330131489812578,1,1
6015,132,0.00014330131489812578,1,1
2383,132,0.00014330131489812578,1,1
4558,132,0.00014330131489812578,1,1
2386,132,0.00014330131489812578,1,1
844,132,0.00014330131489812578,1,1
5385,132,0.00014330131489812578,1,1
4657,132,0.00014330131489812578,1,1
992,132,0.00014330131489812578,1,1
6426,132,0.00014330131489812578,1,1
6364,132,0.00014330131489812578,1,1
10918,132,0.00014330131489812578,1,1
1693,131,0.0001422156988761703,1,1
1260,131,0.0001422156988761703,1,1
1360,131,0.0001422156988761703,1,1
2008,131,0.0001422156988761703,1,1
860,131,0.0001422156988761703,1,1
2048,131,0.0001422156988761703,1,1
5366,131,0.0001422156988761703,1,1
412,131,0.0001422156988761703,1,1
3948,131,0.0001422156988761703,1,1
2315,131,0.0001422156988761703,1,1
5585,131,0.0001422156988761703,1,1
3276,131,0.0001422156988761703,1,1
2857,131,0.0001422156988761703,1,1
5801,131,0.0001422156988761703,1,1
950,130,0.0001411300828542148,1,1
228,130,0.0001411300828542148,1,1
236,130,0.0001411300828542148,1,1
6747,130,0.0001411300828542148,1,1
6559,130,0.0001411300828542148,1,1
2776,130,0.0001411300828542148,1,1
258,130,0.0001411300828542148,1,1
832,130,0.0001411300828542148,1,1
6052,130,0.0001411300828542148,1,1
1721,130,0.0001411300828542148,1,1
5404,130,0.0001411300828542148,1,1
3597,130,0.0001411300828542148,1,1
5457,130,0.0001411300828542148,1,1
679,130,0.0001411300828542148,1,1
681,130,0.0001411300828542148,1,1
7980,130,0.0001411300828542148,1,1
7387,130,0.0001411300828542148,1,1
7260,130,0.0001411300828542148,1,1
6110,130,0.0001411300828542148,1,1
7441,130,0.0001411300828542148,1,1
10579,130,0.0001411300828542148,1,1
4707,130,0.0001411300828542148,1,1
329,130,0.0001411300828542148,1,1
2910,130,0.0001411300828542148,1,1
1377,130,0.0001411300828542148,1,1
4366,130,0.0001411300828542148,1,1
1307,130,0.0001411300828542148,1,1
6241,129,0.0001400444668322593,1,1
5094,129,0.0001400444668322593,1,1
4717,129,0.0001400444668322593,1,1
914,129,0.0001400444668322593,1,1
5356,129,0.0001400444668322593,1,1
3752,129,0.0001400444668322593,1,1
915,129,0.0001400444668322593,1,1
537,129,0.0001400444668322593,1,1
4674,129,0.0001400444668322593,1,1
2379,129,0.0001400444668322593,1,1
7299,129,0.0001400444668322593,1,1
6710,129,0.0001400444668322593,1,1
464,129,0.0001400444668322593,1,1
8228,129,0.0001400444668322593,1,1
4722,129,0.0001400444668322593,1,1
7817,129,0.0001400444668322593,1,1
4777,129,0.0001400444668322593,1,1
6906,129,0.0001400444668322593,1,1
4294,129,0.0001400444668322593,1,1
3592,129,0.0001400444668322593,1,1
2180,128,0.0001389588508103038,1,1
7674,128,0.0001389588508103038,1,1
9231,128,0.0001389588508103038,1,1
742,128,0.0001389588508103038,1,1
12181,128,0.0001389588508103038,1,1
5428,128,0.0001389588508103038,1,1
9625,128,0.0001389588508103038,1,1
7689,128,0.0001389588508103038,1,1
489,128,0.0001389588508103038,1,1
3872,128,0.0001389588508103038,1,1
1230,128,0.0001389588508103038,1,1
5646,128,0.0001389588508103038,1,1
8066,128,0.0001389588508103038,1,1
4399,128,0.0001389588508103038,1,1
503,128,0.0001389588508103038,1,1
8591,128,0.0001389588508103038,1,1
2538,127,0.0001378732347883483,1,1
389,127,0.0001378732347883483,1,1
5550,127,0.0001378732347883483,1,1
3586,127,0.0001378732347883483,1,1
13015,127,0.0001378732347883483,1,1
304,127,0.0001378732347883483,1,1
396,127,0.0001378732347883483,1,1
1732,127,0.0001378732347883483,1,1
4941,127,0.0001378732347883483,1,1
9350,127,0.0001378732347883483,1,1
4527,127,0.0001378732347883483,1,1
6502,127,0.0001378732347883483,1,1
6924,127,0.0001378732347883483,1,1
1908,127,0.0001378732347883483,1,1
157,127,0.0001378732347883483,1,1
380,127,0.0001378732347883483,1,1
3089,127,0.0001378732347883483,1,1
1990,127,0.0001378732347883483,1,1
624,127,0.0001378732347883483,1,1
11959,127,0.0001378732347883483,1,1
43,126,0.0001367876187663928,1,1
6749,126,0.0001367876187663928,1,1
11862,126,0.0001367876187663928,1,1
1293,126,0.0001367876187663928,1,1
2788,126,0.0001367876187663928,1,1
1283,126,0.0001367876187663928,1,1
4013,126,0.0001367876187663928,1,1
7599,126,0.0001367876187663928,1,1
13119,126,0.0001367876187663928,1,1
2846,126,0.0001367876187663928,1,1
3791,126,0.0001367876187663928,1,1
4671,126,0.0001367876187663928,1,1
2094,126,0.0001367876187663928,1,1
764,126,0.0001367876187663928,1,1
3523,126,0.0001367876187663928,1,1
2471,126,0.0001367876187663928,1,1
11470,126,0.0001367876187663928,1,1
3128,126,0.0001367876187663928,1,1
5456,126,0.0001367876187663928,1,1
1027,126,0.0001367876187663928,1,1
2696,126,0.0001367876187663928,1,1
635,126,0.0001367876187663928,1,1
2131,126,0.0001367876187663928,1,1
2721,126,0.0001367876187663928,1,1
6921,126,0.0001367876187663928,1,1
130,125,0.0001357020027444373,1,1
9067,125,0.0001357020027444373,1,1
5930,125,0.0001357020027444373,1,1
833,125,0.0001357020027444373,1,1
5673,125,0.0001357020027444373,1,1
10059,125,0.0001357020027444373,1,1
5474,125,0.0001357020027444373,1,1
1472,125,0.0001357020027444373,1,1
3497,125,0.0001357020027444373,1,1
4922,125,0.0001357020027444373,1,1
10569,125,0.0001357020027444373,1,1
3127,125,0.0001357020027444373,1,1
7418,125,0.0001357020027444373,1,1
7161,125,0.0001357020027444373,1,1
973,125,0.0001357020027444373,1,1
594,125,0.0001357020027444373,1,1
3086,124,0.0001346163867224818,1,1
513,124,0.0001346163867224818,1,1
5621,124,0.0001346163867224818,1,1
2362,124,0.0001346163867224818,1,1
1666,124,0.0001346163867224818,1,1
3860,124,0.0001346163867224818,1,1
9949,124,0.0001346163867224818,1,1
3171,124,0.0001346163867224818,1,1
2606,124,0.0001346163867224818,1,1
6350,124,0.0001346163867224818,1,1
11643,124,0.0001346163867224818,1,1
4388,124,0.0001346163867224818,1,1
4385,124,0.0001346163867224818,1,1
10024,124,0.0001346163867224818,1,1
9133,124,0.0001346163867224818,1,1
5505,124,0.0001346163867224818,1,1
4409,124,0.0001346163867224818,1,1
5492,124,0.0001346163867224818,1,1
3268,124,0.0001346163867224818,1,1
4946,124,0.0001346163867224818,1,1
4063,124,0.0001346163867224818,1,1
3350,124,0.0001346163867224818,1,1
4563,123,0.0001335307707005263,1,1
1636,123,0.0001335307707005263,1,1
5694,123,0.0001335307707005263,1,1
4883,123,0.0001335307707005263,1,1
1551,123,0.0001335307707005263,1,1
1398,123,0.0001335307707005263,1,1
3526,123,0.0001335307707005263,1,1
2988,123,0.0001335307707005263,1,1
5684,123,0.0001335307707005263,1,1
9954,123,0.0001335307707005263,1,1
2410,123,0.0001335307707005263,1,1
4834,123,0.0001335307707005263,1,1
4125,123,0.0001335307707005263,1,1
1510,123,0.0001335307707005263,1,1
2585,123,0.0001335307707005263,1,1
1285,123,0.0001335307707005263,1,1
1368,123,0.0001335307707005263,1,1
7950,123,0.0001335307707005263,1,1
10093,123,0.0001335307707005263,1,1
557,122,0.0001324451546785708,1,1
4420,122,0.0001324451546785708,1,1
2170,122,0.0001324451546785708,1,1
1481,122,0.0001324451546785708,1,1
2121,122,0.0001324451546785708,1,1
5820,122,0.0001324451546785708,1,1
3953,122,0.0001324451546785708,1,1
7380,122,0.0001324451546785708,1,1
5122,122,0.0001324451546785708,1,1
10962,122,0.0001324451546785708,1,1
10186,122,0.0001324451546785708,1,1
5751,122,0.0001324451546785708,1,1
1745,122,0.0001324451546785708,1,1
7839,122,0.0001324451546785708,1,1
1823,122,0.0001324451546785708,1,1
5389,122,0.0001324451546785708,1,1
902,122,0.0001324451546785708,1,1
8897,122,0.0001324451546785708,1,1
6096,122,0.0001324451546785708,1,1
9051,122,0.0001324451546785708,1,1
3905,122,0.0001324451546785708,1,1
4343,122,0.0001324451546785708,1,1
7744,122,0.0001324451546785708,1,1
4746,121,0.0001313595386566153,1,1
5107,121,0.0001313595386566153,1,1
7029,121,0.0001313595386566153,1,1
5851,121,0.0001313595386566153,1,1
13904,121,0.0001313595386566153,1,1
3310,121,0.0001313595386566153,1,1
3131,121,0.0001313595386566153,1,1
2709,121,0.0001313595386566153,1,1
6487,121,0.0001313595386566153,1,1
4797,121,0.0001313595386566153,1,1
1356,121,0.0001313595386566153,1,1
4084,121,0.0001313595386566153,1,1
5324,121,0.0001313595386566153,1,1
5962,121,0.0001313595386566153,1,1
6395,121,0.0001313595386566153,1,1
5290,121,0.0001313595386566153,1,1
1202,121,0.0001313595386566153,1,1
285,121,0.0001313595386566153,1,1
3745,121,0.0001313595386566153,1,1
8168,121,0.0001313595386566153,1,1
2805,121,0.0001313595386566153,1,1
375,121,0.0001313595386566153,1,1
7877,121,0.0001313595386566153,1,1
9888,121,0.0001313595386566153,1,1
17,121,0.0001313595386566153,1,1
11325,121,0.0001313595386566153,1,1
12939,121,0.0001313595386566153,1,1
9537,121,0.0001313595386566153,1,1
5685,120,0.0001302739226346598,1,1
2906,120,0.0001302739226346598,1,1
4782,120,0.0001302739226346598,1,1
1073,120,0.0001302739226346598,1,1
1629,120,0.0001302739226346598,1,1
1690,120,0.0001302739226346598,1,1
269,120,0.0001302739226346598,1,1
1794,120,0.0001302739226346598,1,1
6520,120,0.0001302739226346598,1,1
593,120,0.0001302739226346598,1,1
1796,120,0.0001302739226346598,1,1
2841,120,0.0001302739226346598,1,1
3772,120,0.0001302739226346598,1,1
8619,120,0.0001302739226346598,1,1
6764,120,0.0001302739226346598,1,1
5363,120,0.0001302739226346598,1,1
254,120,0.0001302739226346598,1,1
5592,120,0.0001302739226346598,1,1
2295,120,0.0001302739226346598,1,1
5210,120,0.0001302739226346598,1,1
1172,120,0.0001302739226346598,1,1
327,119,0.00012918830661270433,1,1
6775,119,0.00012918830661270433,1,1
5461,119,0.00012918830661270433,1,1
2556,119,0.00012918830661270433,1,1
37,119,0.00012918830661270433,1,1
9631,119,0.00012918830661270433,1,1
106,119,0.00012918830661270433,1,1
4320,119,0.00012918830661270433,1,1
4632,119,0.00012918830661270433,1,1
8039,119,0.00012918830661270433,1,1
9945,119,0.00012918830661270433,1,1
2110,119,0.00012918830661270433,1,1
3685,119,0.00012918830661270433,1,1
2632,119,0.00012918830661270433,1,1
2106,119,0.00012918830661270433,1,1
5702,119,0.00012918830661270433,1,1
44,119,0.00012918830661270433,1,1
893,119,0.00012918830661270433,1,1
6056,119,0.00012918830661270433,1,1
481,119,0.00012918830661270433,1,1
282,119,0.00012918830661270433,1,1
1830,119,0.00012918830661270433,1,1
4166,119,0.00012918830661270433,1,1
1231,119,0.00012918830661270433,1,1
9331,119,0.00012918830661270433,1,1
1697,118,0.0001281026905907488,1,1
4299,118,0.0001281026905907488,1,1
6529,118,0.0001281026905907488,1,1
6736,118,0.0001281026905907488,1,1
6748,118,0.0001281026905907488,1,1
9920,118,0.0001281026905907488,1,1
2378,118,0.0001281026905907488,1,1
5029,118,0.0001281026905907488,1,1
3952,118,0.0001281026905907488,1,1
2655,118,0.0001281026905907488,1,1
2656,118,0.0001281026905907488,1,1
6138,118,0.0001281026905907488,1,1
9025,118,0.0001281026905907488,1,1
7637,118,0.0001281026905907488,1,1
10230,118,0.0001281026905907488,1,1
3396,118,0.0001281026905907488,1,1
7479,118,0.0001281026905907488,1,1
5775,118,0.0001281026905907488,1,1
5459,118,0.0001281026905907488,1,1
741,118,0.0001281026905907488,1,1
8307,118,0.0001281026905907488,1,1
11138,118,0.0001281026905907488,1,1
8300,118,0.0001281026905907488,1,1
4105,118,0.0001281026905907488,1,1
4497,117,0.00012701707456879333,1,1
6919,117,0.00012701707456879333,1,1
1512,117,0.00012701707456879333,1,1
6961,117,0.00012701707456879333,1,1
5783,117,0.00012701707456879333,1,1
2822,117,0.00012701707456879333,1,1
10611,117,0.00012701707456879333,1,1
1791,117,0.00012701707456879333,1,1
6554,117,0.00012701707456879333,1,1
6853,117,0.00012701707456879333,1,1
3073,117,0.00012701707456879333,1,1
1667,117,0.00012701707456879333,1,1
1047,117,0.00012701707456879333,1,1
9019,117,0.00012701707456879333,1,1
3437,117,0.00012701707456879333,1,1
9362,117,0.00012701707456879333,1,1
8505,117,0.00012701707456879333,1,1
133,117,0.00012701707456879333,1,1
3784,117,0.00012701707456879333,1,1
3002,117,0.00012701707456879333,1,1
2649,117,0.00012701707456879333,1,1
5003,116,0.00012593145854683781,1,1
364,116,0.00012593145854683781,1,1
3146,116,0.00012593145854683781,1,1
7535,116,0.00012593145854683781,1,1
4362,116,0.00012593145854683781,1,1
8044,116,0.00012593145854683781,1,1
4400,116,0.00012593145854683781,1,1
6688,116,0.00012593145854683781,1,1
523,116,0.00012593145854683781,1,1
3518,116,0.00012593145854683781,1,1
2792,116,0.00012593145854683781,1,1
2108,116,0.00012593145854683781,1,1
698,116,0.00012593145854683781,1,1
2354,116,0.00012593145854683781,1,1
3920,116,0.00012593145854683781,1,1
1498,116,0.00012593145854683781,1,1
2896,116,0.00012593145854683781,1,1
4156,116,0.00012593145854683781,1,1
798,116,0.00012593145854683781,1,1
174,116,0.00012593145854683781,1,1
6513,116,0.00012593145854683781,1,1
5547,116,0.00012593145854683781,1,1
11994,116,0.00012593145854683781,1,1
6431,116,0.00012593145854683781,1,1
495,116,0.00012593145854683781,1,1
7437,116,0.00012593145854683781,1,1
5845,115,0.00012484584252488233,1,1
2153,115,0.00012484584252488233,1,1
4424,115,0.00012484584252488233,1,1
120,115,0.00012484584252488233,1,1
6160,115,0.00012484584252488233,1,1
10011,115,0.00012484584252488233,1,1
4389,115,0.00012484584252488233,1,1
3081,115,0.00012484584252488233,1,1
5085,115,0.00012484584252488233,1,1
4380,115,0.00012484584252488233,1,1
3634,115,0.00012484584252488233,1,1
2820,115,0.00012484584252488233,1,1
4694,115,0.00012484584252488233,1,1
3416,115,0.00012484584252488233,1,1
2966,115,0.00012484584252488233,1,1
7728,115,0.00012484584252488233,1,1
4886,115,0.00012484584252488233,1,1
7134,115,0.00012484584252488233,1,1
8338,115,0.00012484584252488233,1,1
4056,115,0.00012484584252488233,1,1
1208,115,0.00012484584252488233,1,1
8107,115,0.00012484584252488233,1,1
851,115,0.00012484584252488233,1,1
5011,115,0.00012484584252488233,1,1
2280,115,0.00012484584252488233,1,1
66,115,0.00012484584252488233,1,1
4661,114,0.00012376022650292681,1,1
4252,114,0.00012376022650292681,1,1
2096,114,0.00012376022650292681,1,1
7920,114,0.00012376022650292681,1,1
652,114,0.00012376022650292681,1,1
3103,114,0.00012376022650292681,1,1
11498,114,0.00012376022650292681,1,1
5043,114,0.00012376022650292681,1,1
695,114,0.00012376022650292681,1,1
2819,114,0.00012376022650292681,1,1
11435,114,0.00012376022650292681,1,1
2830,114,0.00012376022650292681,1,1
2406,114,0.00012376022650292681,1,1
9022,114,0.00012376022650292681,1,1
5263,114,0.00012376022650292681,1,1
5272,114,0.00012376022650292681,1,1
2743,114,0.00012376022650292681,1,1
12,114,0.00012376022650292681,1,1
6737,114,0.00012376022650292681,1,1
6552,114,0.00012376022650292681,1,1
5880,114,0.00012376022650292681,1,1
3183,114,0.00012376022650292681,1,1
4111,114,0.00012376022650292681,1,1
2861,114,0.00012376022650292681,1,1
8563,114,0.00012376022650292681,1,1
1784,114,0.00012376022650292681,1,1
923,113,0.00012267461048097133,1,1
7415,113,0.00012267461048097133,1,1
2408,113,0.00012267461048097133,1,1
5818,113,0.00012267461048097133,1,1
435,113,0.00012267461048097133,1,1
715,113,0.00012267461048097133,1,1
10171,113,0.00012267461048097133,1,1
11175,113,0.00012267461048097133,1,1
10599,113,0.00012267461048097133,1,1
982,113,0.00012267461048097133,1,1
771,113,0.00012267461048097133,1,1
3583,113,0.00012267461048097133,1,1
8713,113,0.00012267461048097133,1,1
2319,113,0.00012267461048097133,1,1
1494,113,0.00012267461048097133,1,1
4238,113,0.00012267461048097133,1,1
582,113,0.00012267461048097133,1,1
1740,113,0.00012267461048097133,1,1
4768,113,0.00012267461048097133,1,1
2552,113,0.00012267461048097133,1,1
4248,113,0.00012267461048097133,1,1
4739,113,0.00012267461048097133,1,1
188,113,0.00012267461048097133,1,1
6885,113,0.00012267461048097133,1,1
3395,112,0.00012158899445901583,1,1
2803,112,0.00012158899445901583,0,1
1603,112,0.00012158899445901583,0,1
1432,112,0.00012158899445901583,0,1
1635,112,0.00012158899445901583,0,1
1340,112,0.00012158899445901583,0,1
10573,112,0.00012158899445901583,0,1
621,112,0.00012158899445901583,0,1
2396,112,0.00012158899445901583,0,1
3111,112,0.00012158899445901583,0,1
2030,112,0.00012158899445901583,0,1
1129,112,0.00012158899445901583,0,1
3180,112,0.00012158899445901583,0,1
6734,112,0.00012158899445901583,0,1
5623,112,0.00012158899445901583,0,1
11296,112,0.00012158899445901583,0,1
7019,112,0.00012158899445901583,0,1
10554,112,0.00012158899445901583,0,1
68,112,0.00012158899445901583,0,1
518,112,0.00012158899445901583,0,1
7714,112,0.00012158899445901583,0,1
5268,111,0.00012050337843706033,0,1
2382,111,0.00012050337843706033,0,1
4731,111,0.00012050337843706033,0,1
1606,111,0.00012050337843706033,0,1
5008,111,0.00012050337843706033,0,1
604,111,0.00012050337843706033,0,1
497,111,0.00012050337843706033,0,1
8267,111,0.00012050337843706033,0,1
6145,111,0.00012050337843706033,0,1
6516,111,0.00012050337843706033,0,1
6861,111,0.00012050337843706033,0,1
10389,111,0.00012050337843706033,0,1
1919,111,0.00012050337843706033,0,1
6018,111,0.00012050337843706033,0,1
2294,111,0.00012050337843706033,0,1
6443,111,0.00012050337843706033,0,1
3195,111,0.00012050337843706033,0,1
3747,111,0.00012050337843706033,0,1
6425,111,0.00012050337843706033,0,1
6370,111,0.00012050337843706033,0,1
5888,111,0.00012050337843706033,0,1
7049,111,0.00012050337843706033,0,1
670,111,0.00012050337843706033,0,1
5487,111,0.00012050337843706033,0,1
4551,111,0.00012050337843706033,0,1
5381,111,0.00012050337843706033,0,1
3702,111,0.00012050337843706033,0,1
251,111,0.00012050337843706033,0,1
4374,111,0.00012050337843706033,0,1
4524,111,0.00012050337843706033,0,1
3034,110,0.00011941776241510483,0,1
11954,110,0.00011941776241510483,0,1
971,110,0.00011941776241510483,0,1
4729,110,0.00011941776241510483,0,1
3842,110,0.00011941776241510483,0,1
8864,110,0.00011941776241510483,0,1
8091,110,0.00011941776241510483,0,1
1836,110,0.00011941776241510483,0,1
8976,110,0.00011941776241510483,0,1
6154,110,0.00011941776241510483,0,1
6078,110,0.00011941776241510483,0,1
2952,110,0.00011941776241510483,0,1
4530,110,0.00011941776241510483,0,1
4286,110,0.00011941776241510483,0,1
3694,110,0.00011941776241510483,0,1
1376,110,0.00011941776241510483,0,1
4356,110,0.00011941776241510483,0,1
1567,110,0.00011941776241510483,0,1
3237,110,0.00011941776241510483,0,1
1288,110,0.00011941776241510483,0,1
2949,110,0.00011941776241510483,0,1
5486,110,0.00011941776241510483,0,1
4950,110,0.00011941776241510483,0,1
6565,109,0.00011833214639314933,0,1
2936,109,0.00011833214639314933,0,1
1994,109,0.00011833214639314933,0,1
7992,109,0.00011833214639314933,0,1
4397,109,0.00011833214639314933,0,1
6433,109,0.00011833214639314933,0,1
1359,109,0.00011833214639314933,0,1
6568,109,0.00011833214639314933,0,1
3657,109,0.00011833214639314933,0,1
5332,109,0.00011833214639314933,0,1
4124,109,0.00011833214639314933,0,1
417,109,0.00011833214639314933,0,1
2527,109,0.00011833214639314933,0,1
7074,109,0.00011833214639314933,0,1
3511,109,0.00011833214639314933,0,1
8426,109,0.00011833214639314933,0,1
2334,109,0.00011833214639314933,0,1
10959,109,0.00011833214639314933,0,1
6306,109,0.00011833214639314933,0,1
3573,109,0.00011833214639314933,0,1
1673,109,0.00011833214639314933,0,1
696,109,0.00011833214639314933,0,1
7398,109,0.00011833214639314933,0,1
6526,109,0.00011833214639314933,0,1
2361,108,0.00011724653037119383,0,1
8048,108,0.00011724653037119383,0,1
2570,108,0.00011724653037119383,0,1
11459,108,0.00011724653037119383,0,1
215,108,0.00011724653037119383,0,1
1133,108,0.00011724653037119383,0,1
459,108,0.00011724653037119383,0,1
3153,108,0.00011724653037119383,0,1
4445,108,0.00011724653037119383,0,1
4269,108,0.00011724653037119383,0,1
6622,108,0.00011724653037119383,0,1
5850,108,0.00011724653037119383,0,1
1466,108,0.00011724653037119383,0,1
5836,108,0.00011724653037119383,0,1
12054,108,0.00011724653037119383,0,1
2274,108,0.00011724653037119383,0,1
2682,107,0.00011616091434923833,0,1
2673,107,0.00011616091434923833,0,1
1326,107,0.00011616091434923833,0,1
2799,107,0.00011616091434923833,0,1
8707,107,0.00011616091434923833,0,1
6088,107,0.00011616091434923833,0,1
3112,107,0.00011616091434923833,0,1
10595,107,0.00011616091434923833,0,1
8778,107,0.00011616091434923833,0,1
6842,107,0.00011616091434923833,0,1
7251,107,0.00011616091434923833,0,1
2035,107,0.00011616091434923833,0,1
4297,107,0.00011616091434923833,0,1
6760,107,0.00011616091434923833,0,1
5016,107,0.00011616091434923833,0,1
4138,107,0.00011616091434923833,0,1
11526,107,0.00011616091434923833,0,1
2835,107,0.00011616091434923833,0,1
5721,107,0.00011616091434923833,0,1
3616,107,0.00011616091434923833,0,1
12177,107,0.00011616091434923833,0,1
2329,107,0.00011616091434923833,0,1
7038,107,0.00011616091434923833,0,1
5368,107,0.00011616091434923833,0,1
11662,107,0.00011616091434923833,0,1
1147,107,0.00011616091434923833,0,1
8621,107,0.00011616091434923833,0,1
12687,107,0.00011616091434923833,0,1
10635,107,0.00011616091434923833,0,1
2918,107,0.00011616091434923833,0,1
393,107,0.00011616091434923833,0,1
993,107,0.00011616091434923833,0,1
583,107,0.00011616091434923833,0,1
3039,106,0.00011507529832728283,0,1
3830,106,0.00011507529832728283,0,1
6501,106,0.00011507529832728283,0,1
4690,106,0.00011507529832728283,0,1
8967,106,0.00011507529832728283,0,1
7389,106,0.00011507529832728283,0,1
7139,106,0.00011507529832728283,0,1
7026,106,0.00011507529832728283,0,1
2886,106,0.00011507529832728283,0,1
7428,106,0.00011507529832728283,0,1
5949,106,0.00011507529832728283,0,1
1632,106,0.00011507529832728283,0,1
9154,106,0.00011507529832728283,0,1
1591,106,0.00011507529832728283,0,1
8443,106,0.00011507529832728283,0,1
527,106,0.00011507529832728283,0,1
5908,106,0.00011507529832728283,0,1
8424,106,0.00011507529832728283,0,1
1266,106,0.00011507529832728283,0,1
4528,106,0.00011507529832728283,0,1
4234,106,0.00011507529832728283,0,1
4496,106,0.00011507529832728283,0,1
8062,106,0.00011507529832728283,0,1
84,105,0.00011398968230532733,0,1
7732,105,0.00011398968230532733,0,1
2941,105,0.00011398968230532733,0,1
5891,105,0.00011398968230532733,0,1
4048,105,0.00011398968230532733,0,1
59,105,0.00011398968230532733,0,1
6555,105,0.00011398968230532733,0,1
3256,105,0.00011398968230532733,0,1
579,105,0.00011398968230532733,0,1
2238,105,0.00011398968230532733,0,1
8886,105,0.00011398968230532733,0,1
4432,105,0.00011398968230532733,0,1
9738,105,0.00011398968230532733,0,1
5703,105,0.00011398968230532733,0,1
3966,105,0.00011398968230532733,0,1
1580,105,0.00011398968230532733,0,1
1573,105,0.00011398968230532733,0,1
2114,105,0.00011398968230532733,0,1
8247,105,0.00011398968230532733,0,1
5854,105,0.00011398968230532733,0,1
8328,105,0.00011398968230532733,0,1
2948,105,0.00011398968230532733,0,1
11603,105,0.00011398968230532733,0,1
8646,105,0.00011398968230532733,0,1
3391,104,0.00011290406628337183,0,1
8351,104,0.00011290406628337183,0,1
8042,104,0.00011290406628337183,0,1
7111,104,0.00011290406628337183,0,1
85,104,0.00011290406628337183,0,1
4866,104,0.00011290406628337183,0,1
3169,104,0.00011290406628337183,0,1
10131,104,0.00011290406628337183,0,1
7954,104,0.00011290406628337183,0,1
4610,104,0.00011290406628337183,0,1
5708,104,0.00011290406628337183,0,1
10158,104,0.00011290406628337183,0,1
5502,104,0.00011290406628337183,0,1
2997,104,0.00011290406628337183,0,1
2128,104,0.00011290406628337183,0,1
1201,104,0.00011290406628337183,0,1
1484,104,0.00011290406628337183,0,1
5438,104,0.00011290406628337183,0,1
9138,104,0.00011290406628337183,0,1
6907,104,0.00011290406628337183,0,1
13457,104,0.00011290406628337183,0,1
8652,104,0.00011290406628337183,0,1
3849,104,0.00011290406628337183,0,1
3091,104,0.00011290406628337183,0,1
1439,104,0.00011290406628337183,0,1
2090,104,0.00011290406628337183,0,1
14228,104,0.00011290406628337183,0,1
3984,104,0.00011290406628337183,0,1
5757,104,0.00011290406628337183,0,1
10178,104,0.00011290406628337183,0,1
7854,104,0.00011290406628337183,0,1
2636,104,0.00011290406628337183,0,1
6903,104,0.00011290406628337183,0,1
4392,103,0.00011181845026141633,0,1
2939,103,0.00011181845026141633,0,1
5361,103,0.00011181845026141633,0,1
3221,103,0.00011181845026141633,0,1
6061,103,0.00011181845026141633,0,1
4206,103,0.00011181845026141633,0,1
5062,103,0.00011181845026141633,0,1
7555,103,0.00011181845026141633,0,1
1545,103,0.00011181845026141633,0,1
7014,103,0.00011181845026141633,0,1
5326,103,0.00011181845026141633,0,1
9191,103,0.00011181845026141633,0,1
5988,103,0.00011181845026141633,0,1
373,103,0.00011181845026141633,0,1
6099,103,0.00011181845026141633,0,1
8196,103,0.00011181845026141633,0,1
7313,103,0.00011181845026141633,0,1
11998,103,0.00011181845026141633,0,1
8941,103,0.00011181845026141633,0,1
5804,103,0.00011181845026141633,0,1
10575,103,0.00011181845026141633,0,1
1891,103,0.00011181845026141633,0,1
4853,103,0.00011181845026141633,0,1
1164,103,0.00011181845026141633,0,1
6809,103,0.00011181845026141633,0,1
8082,103,0.00011181845026141633,0,1
6528,103,0.00011181845026141633,0,1
3931,103,0.00011181845026141633,0,1
7870,103,0.00011181845026141633,0,1
1648,103,0.00011181845026141633,0,1
3154,103,0.00011181845026141633,0,1
3960,103,0.00011181845026141633,0,1
6468,103,0.00011181845026141633,0,1
5828,103,0.00011181845026141633,0,1
8908,103,0.00011181845026141633,0,1
1207,103,0.00011181845026141633,0,1
5053,103,0.00011181845026141633,0,1
7458,102,0.00011073283423946083,0,1
8176,102,0.00011073283423946083,0,1
2831,102,0.00011073283423946083,0,1
13602,102,0.00011073283423946083,0,1
10788,102,0.00011073283423946083,0,1
5031,102,0.00011073283423946083,0,1
6823,102,0.00011073283423946083,0,1
3550,102,0.00011073283423946083,0,1
3528,102,0.00011073283423946083,0,1
4488,102,0.00011073283423946083,0,1
7571,102,0.00011073283423946083,0,1
4034,102,0.00011073283423946083,0,1
7109,102,0.00011073283423946083,0,1
2560,102,0.00011073283423946083,0,1
7582,102,0.00011073283423946083,0,1
5373,102,0.00011073283423946083,0,1
1015,102,0.00011073283423946083,0,1
4507,102,0.00011073283423946083,0,1
8724,102,0.00011073283423946083,0,1
8839,102,0.00011073283423946083,0,1
6113,102,0.00011073283423946083,0,1
546,102,0.00011073283423946083,0,1
279,102,0.00011073283423946083,0,1
3826,102,0.00011073283423946083,0,1
5465,102,0.00011073283423946083,0,1
1864,102,0.00011073283423946083,0,1
1926,102,0.00011073283423946083,0,1
3279,102,0.00011073283423946083,0,1
5887,102,0.00011073283423946083,0,1
5605,101,0.00010964721821750535,0,1
7971,101,0.00010964721821750535,0,1
5977,101,0.00010964721821750535,0,1
928,101,0.00010964721821750535,0,1
5452,101,0.00010964721821750535,0,1
12212,101,0.00010964721821750535,0,1
3,101,0.00010964721821750535,0,1
5317,101,0.00010964721821750535,0,1
6694,101,0.00010964721821750535,0,1
4327,101,0.00010964721821750535,0,1
9097,101,0.00010964721821750535,0,1
6019,101,0.00010964721821750535,0,1
5561,101,0.00010964721821750535,0,1
9855,101,0.00010964721821750535,0,1
13052,101,0.00010964721821750535,0,1
5724,101,0.00010964721821750535,0,1
2001,101,0.00010964721821750535,0,1
8108,101,0.00010964721821750535,0,1
5084,101,0.00010964721821750535,0,1
11583,101,0.00010964721821750535,0,1
3503,101,0.00010964721821750535,0,1
1052,101,0.00010964721821750535,0,1
11423,101,0.00010964721821750535,0,1
3877,101,0.00010964721821750535,0,1
6084,101,0.00010964721821750535,0,1
12077,101,0.00010964721821750535,0,1
1083,101,0.00010964721821750535,0,1
508,101,0.00010964721821750535,0,1
2432,101,0.00010964721821750535,0,1
360,101,0.00010964721821750535,0,1
4778,101,0.00010964721821750535,0,1
1134,101,0.00010964721821750535,0,1
9972,101,0.00010964721821750535,0,1
11377,101,0.00010964721821750535,0,1
712,101,0.00010964721821750535,0,1
11358,101,0.00010964721821750535,0,1
2998,101,0.00010964721821750535,0,1
7047,101,0.00010964721821750535,0,1
5494,101,0.00010964721821750535,0,1
5478,101,0.00010964721821750535,0,1
9510,100,0.00010856160219554985,0,1
5390,100,0.00010856160219554985,0,1
8400,100,0.00010856160219554985,0,1
104,100,0.00010856160219554985,0,1
6012,100,0.00010856160219554985,0,1
5986,100,0.00010856160219554985,0,1
7037,100,0.00010856160219554985,0,1
6991,100,0.00010856160219554985,0,1
12275,100,0.00010856160219554985,0,1
419,100,0.00010856160219554985,0,1
5426,100,0.00010856160219554985,0,1
4635,100,0.00010856160219554985,0,1
4421,100,0.00010856160219554985,0,1
2075,100,0.00010856160219554985,0,1
4578,100,0.00010856160219554985,0,1
1072,100,0.00010856160219554985,0,1
6437,100,0.00010856160219554985,0,1
1491,100,0.00010856160219554985,0,1
9948,100,0.00010856160219554985,0,1
5283,100,0.00010856160219554985,0,1
2420,100,0.00010856160219554985,0,1
3018,100,0.00010856160219554985,0,1
7234,100,0.00010856160219554985,0,1
2470,100,0.00010856160219554985,0,1
5467,100,0.00010856160219554985,0,1
6352,100,0.00010856160219554985,0,1
3317,100,0.00010856160219554985,0,1
2574,100,0.00010856160219554985,0,1
2286,100,0.00010856160219554985,0,1
10954,100,0.00010856160219554985,0,1
9298,100,0.00010856160219554985,0,1
3361,100,0.00010856160219554985,0,1
3891,100,0.00010856160219554985,0,1
2808,100,0.00010856160219554985,0,1
11530,100,0.00010856160219554985,0,1
8088,100,0.00010856160219554985,0,1
7962,99,0.00010747598617359435,0,1
7987,99,0.00010747598617359435,0,1
1069,99,0.00010747598617359435,0,1
3483,99,0.00010747598617359435,0,1
881,99,0.00010747598617359435,0,1
882,99,0.00010747598617359435,0,1
4664,99,0.00010747598617359435,0,1
4741,99,0.00010747598617359435,0,1
2920,99,0.00010747598617359435,0,1
2451,99,0.00010747598617359435,0,1
6980,99,0.00010747598617359435,0,1
3422,99,0.00010747598617359435,0,1
603,99,0.00010747598617359435,0,1
30,99,0.00010747598617359435,0,1
8725,99,0.00010747598617359435,0,1
2337,99,0.00010747598617359435,0,1
1662,99,0.00010747598617359435,0,1
1681,99,0.00010747598617359435,0,1
5100,99,0.00010747598617359435,0,1
1859,99,0.00010747598617359435,0,1
3821,99,0.00010747598617359435,0,1
3704,99,0.00010747598617359435,0,1
7497,99,0.00010747598617359435,0,1
3254,99,0.00010747598617359435,0,1
2667,99,0.00010747598617359435,0,1
1000,99,0.00010747598617359435,0,1
10249,99,0.00010747598617359435,0,1
4363,99,0.00010747598617359435,0,1
9567,99,0.00010747598617359435,0,1
10235,99,0.00010747598617359435,0,1
2733,99,0.00010747598617359435,0,1
6593,99,0.00010747598617359435,0,1
5907,98,0.00010639037015163885,0,1
6964,98,0.00010639037015163885,0,1
4754,98,0.00010639037015163885,0,1
4230,98,0.00010639037015163885,0,1
1278,98,0.00010639037015163885,0,1
465,98,0.00010639037015163885,0,1
12045,98,0.00010639037015163885,0,1
4093,98,0.00010639037015163885,0,1
7119,98,0.00010639037015163885,0,1
9026,98,0.00010639037015163885,0,1
9811,98,0.00010639037015163885,0,1
10172,98,0.00010639037015163885,0,1
10888,98,0.00010639037015163885,0,1
2800,98,0.00010639037015163885,0,1
10564,98,0.00010639037015163885,0,1
6837,98,0.00010639037015163885,0,1
4629,98,0.00010639037015163885,0,1
10135,98,0.00010639037015163885,0,1
9431,98,0.00010639037015163885,0,1
1420,98,0.00010639037015163885,0,1
7492,98,0.00010639037015163885,0,1
12510,98,0.00010639037015163885,0,1
935,98,0.00010639037015163885,0,1
8940,98,0.00010639037015163885,0,1
3913,98,0.00010639037015163885,0,1
3286,98,0.00010639037015163885,0,1
3296,98,0.00010639037015163885,0,1
7359,98,0.00010639037015163885,0,1
1158,98,0.00010639037015163885,0,1
7248,98,0.00010639037015163885,0,1
11678,98,0.00010639037015163885,0,1
12579,98,0.00010639037015163885,0,1
4368,98,0.00010639037015163885,0,1
8053,98,0.00010639037015163885,0,1
4382,98,0.00010639037015163885,0,1
8608,98,0.00010639037015163885,0,1
13791,98,0.00010639037015163885,0,1
12476,98,0.00010639037015163885,0,1
1302,98,0.00010639037015163885,0,1
8971,97,0.00010530475412968335,0,1
8605,97,0.00010530475412968335,0,1
2322,97,0.00010530475412968335,0,1
2256,97,0.00010530475412968335,0,1
3690,97,0.00010530475412968335,0,1
5305,97,0.00010530475412968335,0,1
2384,97,0.00010530475412968335,0,1
5955,97,0.00010530475412968335,0,1
3240,97,0.00010530475412968335,0,1
10373,97,0.00010530475412968335,0,1
1652,97,0.00010530475412968335,0,1
3353,97,0.00010530475412968335,0,1
3867,97,0.00010530475412968335,0,1
9553,97,0.00010530475412968335,0,1
2006,97,0.00010530475412968335,0,1
6727,97,0.00010530475412968335,0,1
9535,97,0.00010530475412968335,0,1
2159,97,0.00010530475412968335,0,1
2156,97,0.00010530475412968335,0,1
727,97,0.00010530475412968335,0,1
5022,97,0.00010530475412968335,0,1
12937,97,0.00010530475412968335,0,1
3295,97,0.00010530475412968335,0,1
5170,97,0.00010530475412968335,0,1
422,97,0.00010530475412968335,0,1
6895,97,0.00010530475412968335,0,1
1934,97,0.00010530475412968335,0,1
2904,97,0.00010530475412968335,0,1
9153,97,0.00010530475412968335,0,1
2863,97,0.00010530475412968335,0,1
4640,97,0.00010530475412968335,0,1
1220,97,0.00010530475412968335,0,1
1407,97,0.00010530475412968335,0,1
3398,97,0.00010530475412968335,0,1
8126,97,0.00010530475412968335,0,1
9734,97,0.00010530475412968335,0,1
6902,97,0.00010530475412968335,0,1
13551,97,0.00010530475412968335,0,1
3386,97,0.00010530475412968335,0,1
9116,97,0.00010530475412968335,0,1
4109,97,0.00010530475412968335,0,1
846,97,0.00010530475412968335,0,1
7906,97,0.00010530475412968335,0,1
4668,97,0.00010530475412968335,0,1
3774,97,0.00010530475412968335,0,1
4564,97,0.00010530475412968335,0,1
4672,96,0.00010421913810772785,0,1
9838,96,0.00010421913810772785,0,1
3069,96,0.00010421913810772785,0,1
7789,96,0.00010421913810772785,0,1
7833,96,0.00010421913810772785,0,1
4338,96,0.00010421913810772785,0,1
1771,96,0.00010421913810772785,0,1
1092,96,0.00010421913810772785,0,1
5230,96,0.00010421913810772785,0,1
8063,96,0.00010421913810772785,0,1
8564,96,0.00010421913810772785,0,1
4438,96,0.00010421913810772785,0,1
1756,96,0.00010421913810772785,0,1
5892,96,0.00010421913810772785,0,1
8753,96,0.00010421913810772785,0,1
12308,96,0.00010421913810772785,0,1
1019,96,0.00010421913810772785,0,1
1028,96,0.00010421913810772785,0,1
2010,96,0.00010421913810772785,0,1
11133,96,0.00010421913810772785,0,1
5532,96,0.00010421913810772785,0,1
870,96,0.00010421913810772785,0,1
136,96,0.00010421913810772785,0,1
1587,96,0.00010421913810772785,0,1
7077,96,0.00010421913810772785,0,1
8122,96,0.00010421913810772785,0,1
2950,96,0.00010421913810772785,0,1
2194,96,0.00010421913810772785,0,1
5446,96,0.00010421913810772785,0,1
5506,96,0.00010421913810772785,0,1
3558,96,0.00010421913810772785,0,1
5553,96,0.00010421913810772785,0,1
4134,96,0.00010421913810772785,0,1
4557,96,0.00010421913810772785,0,1
7984,96,0.00010421913810772785,0,1
86,96,0.00010421913810772785,0,1
10970,96,0.00010421913810772785,0,1
1267,96,0.00010421913810772785,0,1
5699,96,0.00010421913810772785,0,1
1403,96,0.00010421913810772785,0,1
10136,96,0.00010421913810772785,0,1
3457,96,0.00010421913810772785,0,1
3462,95,0.00010313352208577235,0,1
1346,95,0.00010313352208577235,0,1
2644,95,0.00010313352208577235,0,1
3506,95,0.00010313352208577235,0,1
4580,95,0.00010313352208577235,0,1
7903,95,0.00010313352208577235,0,1
5712,95,0.00010313352208577235,0,1
3325,95,0.00010313352208577235,0,1
777,95,0.00010313352208577235,0,1
9234,95,0.00010313352208577235,0,1
4774,95,0.00010313352208577235,0,1
9242,95,0.00010313352208577235,0,1
6865,95,0.00010313352208577235,0,1
10582,95,0.00010313352208577235,0,1
1455,95,0.00010313352208577235,0,1
7157,95,0.00010313352208577235,0,1
498,95,0.00010313352208577235,0,1
10151,95,0.00010313352208577235,0,1
4051,95,0.00010313352208577235,0,1
545,95,0.00010313352208577235,0,1
3370,95,0.00010313352208577235,0,1
6005,95,0.00010313352208577235,0,1
6635,95,0.00010313352208577235,0,1
6607,95,0.00010313352208577235,0,1
8486,95,0.00010313352208577235,0,1
8647,95,0.00010313352208577235,0,1
3348,95,0.00010313352208577235,0,1
259,95,0.00010313352208577235,0,1
12186,95,0.00010313352208577235,0,1
11754,95,0.00010313352208577235,0,1
11495,95,0.00010313352208577235,0,1
12885,95,0.00010313352208577235,0,1
2147,95,0.00010313352208577235,0,1
3633,95,0.00010313352208577235,0,1
1101,95,0.00010313352208577235,0,1
3695,95,0.00010313352208577235,0,1
3193,95,0.00010313352208577235,0,1
8195,95,0.00010313352208577235,0,1
1363,94,0.00010204790606381685,0,1
10144,94,0.00010204790606381685,0,1
10057,94,0.00010204790606381685,0,1
1536,94,0.00010204790606381685,0,1
8173,94,0.00010204790606381685,0,1
8202,94,0.00010204790606381685,0,1
5722,94,0.00010204790606381685,0,1
9236,94,0.00010204790606381685,0,1
2905,94,0.00010204790606381685,0,1
3545,94,0.00010204790606381685,0,1
4164,94,0.00010204790606381685,0,1
9437,94,0.00010204790606381685,0,1
769,94,0.00010204790606381685,0,1
1435,94,0.00010204790606381685,0,1
6887,94,0.00010204790606381685,0,1
3008,94,0.00010204790606381685,0,1
7152,94,0.00010204790606381685,0,1
8181,94,0.00010204790606381685,0,1
2993,94,0.00010204790606381685,0,1
6082,94,0.00010204790606381685,0,1
325,94,0.00010204790606381685,0,1
8758,94,0.00010204790606381685,0,1
6251,94,0.00010204790606381685,0,1
12971,94,0.00010204790606381685,0,1
8969,94,0.00010204790606381685,0,1
2987,94,0.00010204790606381685,0,1
8204,94,0.00010204790606381685,0,1
8206,94,0.00010204790606381685,0,1
2412,94,0.00010204790606381685,0,1
6255,94,0.00010204790606381685,0,1
7782,94,0.00010204790606381685,0,1
12121,94,0.00010204790606381685,0,1
12627,94,0.00010204790606381685,0,1
6112,94,0.00010204790606381685,0,1
1758,94,0.00010204790606381685,0,1
8589,94,0.00010204790606381685,0,1
3796,94,0.00010204790606381685,0,1
5236,94,0.00010204790606381685,0,1
7632,94,0.00010204790606381685,0,1
7500,94,0.00010204790606381685,0,1
8478,94,0.00010204790606381685,0,1
5944,94,0.00010204790606381685,0,1
7460,94,0.00010204790606381685,0,1
1366,94,0.00010204790606381685,0,1
2729,94,0.00010204790606381685,0,1
9566,94,0.00010204790606381685,0,1
28,94,0.00010204790606381685,0,1
4394,93,0.00010096229004186135,0,1
5594,93,0.00010096229004186135,0,1
6623,93,0.00010096229004186135,0,1
6650,93,0.00010096229004186135,0,1
897,93,0.00010096229004186135,0,1
153,93,0.00010096229004186135,0,1
8087,93,0.00010096229004186135,0,1
1893,93,0.00010096229004186135,0,1
4844,93,0.00010096229004186135,0,1
2845,93,0.00010096229004186135,0,1
6509,93,0.00010096229004186135,0,1
6250,93,0.00010096229004186135,0,1
9024,93,0.00010096229004186135,0,1
8252,93,0.00010096229004186135,0,1
4065,93,0.00010096229004186135,0,1
3900,93,0.00010096229004186135,0,1
2433,93,0.00010096229004186135,0,1
1780,93,0.00010096229004186135,0,1
9050,93,0.00010096229004186135,0,1
10038,93,0.00010096229004186135,0,1
8367,93,0.00010096229004186135,0,1
5221,93,0.00010096229004186135,0,1
5815,93,0.00010096229004186135,0,1
4086,93,0.00010096229004186135,0,1
2587,93,0.00010096229004186135,0,1
780,93,0.00010096229004186135,0,1
2684,93,0.00010096229004186135,0,1
2731,93,0.00010096229004186135,0,1
2625,93,0.00010096229004186135,0,1
6541,93,0.00010096229004186135,0,1
5334,93,0.00010096229004186135,0,1
7563,93,0.00010096229004186135,0,1
7642,93,0.00010096229004186135,0,1
3954,93,0.00010096229004186135,0,1
732,93,0.00010096229004186135,0,1
298,93,0.00010096229004186135,0,1
3054,93,0.00010096229004186135,0,1
5468,93,0.00010096229004186135,0,1
3593,93,0.00010096229004186135,0,1
1663,93,0.00010096229004186135,0,1
4332,92,9.987667401990585e-05,0,1
51,92,9.987667401990585e-05,0,1
9280,92,9.987667401990585e-05,0,1
790,92,9.987667401990585e-05,0,1
3451,92,9.987667401990585e-05,0,1
1727,92,9.987667401990585e-05,0,1
5855,92,9.987667401990585e-05,0,1
8611,92,9.987667401990585e-05,0,1
5501,92,9.987667401990585e-05,0,1
7295,92,9.987667401990585e-05,0,1
4249,92,9.987667401990585e-05,0,1
4670,92,9.987667401990585e-05,0,1
2028,92,9.987667401990585e-05,0,1
5106,92,9.987667401990585e-05,0,1
2002,92,9.987667401990585e-05,0,1
73,92,9.987667401990585e-05,0,1
2402,92,9.987667401990585e-05,0,1
2620,92,9.987667401990585e-05,0,1
2309,92,9.987667401990585e-05,0,1
7131,92,9.987667401990585e-05,0,1
1005,92,9.987667401990585e-05,0,1
1141,92,9.987667401990585e-05,0,1
6458,92,9.987667401990585e-05,0,1
9992,92,9.987667401990585e-05,0,1
3227,92,9.987667401990585e-05,0,1
5413,92,9.987667401990585e-05,0,1
13223,92,9.987667401990585e-05,0,1
6265,92,9.987667401990585e-05,0,1
1032,92,9.987667401990585e-05,0,1
3426,92,9.987667401990585e-05,0,1
3357,92,9.987667401990585e-05,0,1
9551,91,9.879105799795035e-05,0,1
7978,91,9.879105799795035e-05,0,1
1986,91,9.879105799795035e-05,0,1
4245,91,9.879105799795035e-05,0,1
10689,91,9.879105799795035e-05,0,1
1847,91,9.879105799795035e-05,0,1
7965,91,9.879105799795035e-05,0,1
823,91,9.879105799795035e-05,0,1
4306,91,9.879105799795035e-05,0,1
14946,91,9.879105799795035e-05,0,1
14917,91,9.879105799795035e-05,0,1
4293,91,9.879105799795035e-05,0,1
1978,91,9.879105799795035e-05,0,1
10851,91,9.879105799795035e-05,0,1
4700,91,9.879105799795035e-05,0,1
879,91,9.879105799795035e-05,0,1
3143,91,9.879105799795035e-05,0,1
103,91,9.879105799795035e-05,0,1
13092,91,9.879105799795035e-05,0,1
462,91,9.879105799795035e-05,0,1
12478,91,9.879105799795035e-05,0,1
7482,91,9.879105799795035e-05,0,1
2668,91,9.879105799795035e-05,0,1
6912,91,9.879105799795035e-05,0,1
4116,91,9.879105799795035e-05,0,1
7765,91,9.879105799795035e-05,0,1
3529,91,9.879105799795035e-05,0,1
3079,91,9.879105799795035e-05,0,1
2377,91,9.879105799795035e-05,0,1
4170,91,9.879105799795035e-05,0,1
522,91,9.879105799795035e-05,0,1
1909,91,9.879105799795035e-05,0,1
260,91,9.879105799795035e-05,0,1
4968,91,9.879105799795035e-05,0,1
6139,91,9.879105799795035e-05,0,1
5082,91,9.879105799795035e-05,0,1
3302,91,9.879105799795035e-05,0,1
13010,91,9.879105799795035e-05,0,1
6017,91,9.879105799795035e-05,0,1
11258,91,9.879105799795035e-05,0,1
2439,91,9.879105799795035e-05,0,1
8731,91,9.879105799795035e-05,0,1
139,91,9.879105799795035e-05,0,1
5160,91,9.879105799795035e-05,0,1
6134,91,9.879105799795035e-05,0,1
1289,90,9.770544197599485e-05,0,1
4313,90,9.770544197599485e-05,0,1
2720,90,9.770544197599485e-05,0,1
4386,90,9.770544197599485e-05,0,1
2926,90,9.770544197599485e-05,0,1
9716,90,9.770544197599485e-05,0,1
4716,90,9.770544197599485e-05,0,1
1145,90,9.770544197599485e-05,0,1
11073,90,9.770544197599485e-05,0,1
10580,90,9.770544197599485e-05,0,1
4077,90,9.770544197599485e-05,0,1
2963,90,9.770544197599485e-05,0,1
5937,90,9.770544197599485e-05,0,1
2195,90,9.770544197599485e-05,0,1
8584,90,9.770544197599485e-05,0,1
1245,90,9.770544197599485e-05,0,1
9075,90,9.770544197599485e-05,0,1
6396,90,9.770544197599485e-05,0,1
196,90,9.770544197599485e-05,0,1
3017,90,9.770544197599485e-05,0,1
3939,90,9.770544197599485e-05,0,1
4127,90,9.770544197599485e-05,0,1
302,90,9.770544197599485e-05,0,1
2138,90,9.770544197599485e-05,0,1
5569,90,9.770544197599485e-05,0,1
5633,90,9.770544197599485e-05,0,1
3525,90,9.770544197599485e-05,0,1
4567,90,9.770544197599485e-05,0,1
4669,90,9.770544197599485e-05,0,1
9645,90,9.770544197599485e-05,0,1
1827,90,9.770544197599485e-05,0,1
10561,90,9.770544197599485e-05,0,1
10971,90,9.770544197599485e-05,0,1
2802,90,9.770544197599485e-05,0,1
1250,90,9.770544197599485e-05,0,1
1987,90,9.770544197599485e-05,0,1
2057,89,9.661982595403937e-05,0,1
8013,89,9.661982595403937e-05,0,1
6525,89,9.661982595403937e-05,0,1
5913,89,9.661982595403937e-05,0,1
6576,89,9.661982595403937e-05,0,1
3756,89,9.661982595403937e-05,0,1
4596,89,9.661982595403937e-05,0,1
4285,89,9.661982595403937e-05,0,1
6793,89,9.661982595403937e-05,0,1
8540,89,9.661982595403937e-05,0,1
6598,89,9.661982595403937e-05,0,1
2705,89,9.661982595403937e-05,0,1
13279,89,9.661982595403937e-05,0,1
5546,89,9.661982595403937e-05,0,1
5823,89,9.661982595403937e-05,0,1
9049,89,9.661982595403937e-05,0,1
8558,89,9.661982595403937e-05,0,1
1338,89,9.661982595403937e-05,0,1
9206,89,9.661982595403937e-05,0,1
827,89,9.661982595403937e-05,0,1
2316,89,9.661982595403937e-05,0,1
9407,89,9.661982595403937e-05,0,1
8989,89,9.661982595403937e-05,0,1
3539,89,9.661982595403937e-05,0,1
11509,89,9.661982595403937e-05,0,1
4709,89,9.661982595403937e-05,0,1
6482,89,9.661982595403937e-05,0,1
736,89,9.661982595403937e-05,0,1
11407,89,9.661982595403937e-05,0,1
2867,89,9.661982595403937e-05,0,1
9329,89,9.661982595403937e-05,0,1
8065,89,9.661982595403937e-05,0,1
6946,89,9.661982595403937e-05,0,1
3476,89,9.661982595403937e-05,0,1
406,89,9.661982595403937e-05,0,1
474,89,9.661982595403937e-05,0,1
1566,89,9.661982595403937e-05,0,1
3363,89,9.661982595403937e-05,0,1
5787,89,9.661982595403937e-05,0,1
4832,89,9.661982595403937e-05,0,1
10497,89,9.661982595403937e-05,0,1
10257,89,9.661982595403937e-05,0,1
3420,89,9.661982595403937e-05,0,1
1049,88,9.553420993208387e-05,0,1
8216,88,9.553420993208387e-05,0,1
5976,88,9.553420993208387e-05,0,1
8380,88,9.553420993208387e-05,0,1
1241,88,9.553420993208387e-05,0,1
2491,88,9.553420993208387e-05,0,1
7996,88,9.553420993208387e-05,0,1
9443,88,9.553420993208387e-05,0,1
9688,88,9.553420993208387e-05,0,1
4266,88,9.553420993208387e-05,0,1
5926,88,9.553420993208387e-05,0,1
10806,88,9.553420993208387e-05,0,1
2257,88,9.553420993208387e-05,0,1
10052,88,9.553420993208387e-05,0,1
1045,88,9.553420993208387e-05,0,1
1051,88,9.553420993208387e-05,0,1
8046,88,9.553420993208387e-05,0,1
6543,88,9.553420993208387e-05,0,1
2640,88,9.553420993208387e-05,0,1
5665,88,9.553420993208387e-05,0,1
7988,88,9.553420993208387e-05,0,1
8487,88,9.553420993208387e-05,0,1
3330,88,9.553420993208387e-05,0,1
1611,88,9.553420993208387e-05,0,1
3983,88,9.553420993208387e-05,0,1
4136,88,9.553420993208387e-05,0,1
3292,88,9.553420993208387e-05,0,1
1139,88,9.553420993208387e-05,0,1
11768,88,9.553420993208387e-05,0,1
7402,88,9.553420993208387e-05,0,1
9228,88,9.553420993208387e-05,0,1
6292,88,9.553420993208387e-05,0,1
7238,88,9.553420993208387e-05,0,1
8994,88,9.553420993208387e-05,0,1
10126,88,9.553420993208387e-05,0,1
5441,88,9.553420993208387e-05,0,1
5387,88,9.553420993208387e-05,0,1
1716,88,9.553420993208387e-05,0,1
5583,88,9.553420993208387e-05,0,1
11415,88,9.553420993208387e-05,0,1
6495,88,9.553420993208387e-05,0,1
10315,88,9.553420993208387e-05,0,1
8274,88,9.553420993208387e-05,0,1
2715,88,9.553420993208387e-05,0,1
2929,87,9.444859391012837e-05,0,1
1284,87,9.444859391012837e-05,0,1
8419,87,9.444859391012837e-05,0,1
4270,87,9.444859391012837e-05,0,1
5628,87,9.444859391012837e-05,0,1
15201,87,9.444859391012837e-05,0,1
6115,87,9.444859391012837e-05,0,1
4961,87,9.444859391012837e-05,0,1
6551,87,9.444859391012837e-05,0,1
6879,87,9.444859391012837e-05,0,1
5409,87,9.444859391012837e-05,0,1
7926,87,9.444859391012837e-05,0,1
5061,87,9.444859391012837e-05,0,1
2909,87,9.444859391012837e-05,0,1
2826,87,9.444859391012837e-05,0,1
1870,87,9.444859391012837e-05,0,1
6435,87,9.444859391012837e-05,0,1
4045,87,9.444859391012837e-05,0,1
9824,87,9.444859391012837e-05,0,1
7673,87,9.444859391012837e-05,0,1
8203,87,9.444859391012837e-05,0,1
11938,87,9.444859391012837e-05,0,1
5209,87,9.444859391012837e-05,0,1
6405,87,9.444859391012837e-05,0,1
3280,87,9.444859391012837e-05,0,1
1130,87,9.444859391012837e-05,0,1
9196,87,9.444859391012837e-05,0,1
7414,87,9.444859391012837e-05,0,1
4683,87,9.444859391012837e-05,0,1
6259,87,9.444859391012837e-05,0,1
467,87,9.444859391012837e-05,0,1
5831,87,9.444859391012837e-05,0,1
10005,87,9.444859391012837e-05,0,1
6811,86,9.336297788817287e-05,0,1
1792,86,9.336297788817287e-05,0,1
8513,86,9.336297788817287e-05,0,1
5344,86,9.336297788817287e-05,0,1
1406,86,9.336297788817287e-05,0,1
1263,86,9.336297788817287e-05,0,1
2853,86,9.336297788817287e-05,0,1
13428,86,9.336297788817287e-05,0,1
13559,86,9.336297788817287e-05,0,1
1397,86,9.336297788817287e-05,0,1
3291,86,9.336297788817287e-05,0,1
1706,86,9.336297788817287e-05,0,1
3732,86,9.336297788817287e-05,0,1
7413,86,9.336297788817287e-05,0,1
10353,86,9.336297788817287e-05,0,1
4695,86,9.336297788817287e-05,0,1
3327,86,9.336297788817287e-05,0,1
11223,86,9.336297788817287e-05,0,1
9310,86,9.336297788817287e-05,0,1
6738,86,9.336297788817287e-05,0,1
2163,86,9.336297788817287e-05,0,1
7372,86,9.336297788817287e-05,0,1
3533,86,9.336297788817287e-05,0,1
13322,86,9.336297788817287e-05,0,1
791,86,9.336297788817287e-05,0,1
408,86,9.336297788817287e-05,0,1
5867,86,9.336297788817287e-05,0,1
3762,86,9.336297788817287e-05,0,1
356,86,9.336297788817287e-05,0,1
233,86,9.336297788817287e-05,0,1
3424,86,9.336297788817287e-05,0,1
11240,86,9.336297788817287e-05,0,1
2967,86,9.336297788817287e-05,0,1
1972,86,9.336297788817287e-05,0,1
1475,86,9.336297788817287e-05,0,1
1735,86,9.336297788817287e-05,0,1
5237,86,9.336297788817287e-05,0,1
7110,86,9.336297788817287e-05,0,1
4089,86,9.336297788817287e-05,0,1
4379,86,9.336297788817287e-05,0,1
6692,86,9.336297788817287e-05,0,1
13771,85,9.227736186621737e-05,0,1
13768,85,9.227736186621737e-05,0,1
892,85,9.227736186621737e-05,0,1
4565,85,9.227736186621737e-05,0,1
6690,85,9.227736186621737e-05,0,1
2713,85,9.227736186621737e-05,0,1
4240,85,9.227736186621737e-05,0,1
6569,85,9.227736186621737e-05,0,1
4582,85,9.227736186621737e-05,0,1
11895,85,9.227736186621737e-05,0,1
813,85,9.227736186621737e-05,0,1
1525,85,9.227736186621737e-05,0,1
9919,85,9.227736186621737e-05,0,1
3964,85,9.227736186621737e-05,0,1
5508,85,9.227736186621737e-05,0,1
3997,85,9.227736186621737e-05,0,1
6239,85,9.227736186621737e-05,0,1
280,85,9.227736186621737e-05,0,1
760,85,9.227736186621737e-05,0,1
7851,85,9.227736186621737e-05,0,1
9156,85,9.227736186621737e-05,0,1
5752,85,9.227736186621737e-05,0,1
2134,85,9.227736186621737e-05,0,1
13154,85,9.227736186621737e-05,0,1
10108,85,9.227736186621737e-05,0,1
1516,85,9.227736186621737e-05,0,1
2277,85,9.227736186621737e-05,0,1
10012,85,9.227736186621737e-05,0,1
10231,85,9.227736186621737e-05,0,1
5997,85,9.227736186621737e-05,0,1
1309,85,9.227736186621737e-05,0,1
4651,85,9.227736186621737e-05,0,1
3730,85,9.227736186621737e-05,0,1
1136,85,9.227736186621737e-05,0,1
5720,85,9.227736186621737e-05,0,1
539,85,9.227736186621737e-05,0,1
3486,85,9.227736186621737e-05,0,1
3475,85,9.227736186621737e-05,0,1
7502,85,9.227736186621737e-05,0,1
3174,85,9.227736186621737e-05,0,1
11412,85,9.227736186621737e-05,0,1
6234,85,9.227736186621737e-05,0,1
7783,85,9.227736186621737e-05,0,1
3595,85,9.227736186621737e-05,0,1
9354,85,9.227736186621737e-05,0,1
5571,85,9.227736186621737e-05,0,1
5195,85,9.227736186621737e-05,0,1
5093,85,9.227736186621737e-05,0,1
1644,85,9.227736186621737e-05,0,1
1641,85,9.227736186621737e-05,0,1
2091,85,9.227736186621737e-05,0,1
3845,85,9.227736186621737e-05,0,1
2610,85,9.227736186621737e-05,0,1
2618,85,9.227736186621737e-05,0,1
7925,85,9.227736186621737e-05,0,1
7919,85,9.227736186621737e-05,0,1
7889,85,9.227736186621737e-05,0,1
2168,85,9.227736186621737e-05,0,1
2691,85,9.227736186621737e-05,0,1
5900,85,9.227736186621737e-05,0,1
23,84,9.119174584426187e-05,0,1
4304,84,9.119174584426187e-05,0,1
4233,84,9.119174584426187e-05,0,1
3721,84,9.119174584426187e-05,0,1
7970,84,9.119174584426187e-05,0,1
5932,84,9.119174584426187e-05,0,1
8627,84,9.119174584426187e-05,0,1
3166,84,9.119174584426187e-05,0,1
2043,84,9.119174584426187e-05,0,1
9089,84,9.119174584426187e-05,0,1
6709,84,9.119174584426187e-05,0,1
2759,84,9.119174584426187e-05,0,1
6066,84,9.119174584426187e-05,0,1
2312,84,9.119174584426187e-05,0,1
2372,84,9.119174584426187e-05,0,1
5827,84,9.119174584426187e-05,0,1
7807,84,9.119174584426187e-05,0,1
3928,84,9.119174584426187e-05,0,1
9904,84,9.119174584426187e-05,0,1
1156,84,9.119174584426187e-05,0,1
7357,84,9.119174584426187e-05,0,1
680,84,9.119174584426187e-05,0,1
1480,84,9.119174584426187e-05,0,1
10501,84,9.119174584426187e-05,0,1
3568,84,9.119174584426187e-05,0,1
3000,84,9.119174584426187e-05,0,1
2185,84,9.119174584426187e-05,0,1
5795,84,9.119174584426187e-05,0,1
1054,84,9.119174584426187e-05,0,1
1033,84,9.119174584426187e-05,0,1
9936,84,9.119174584426187e-05,0,1
5277,84,9.119174584426187e-05,0,1
3575,84,9.119174584426187e-05,0,1
3980,84,9.119174584426187e-05,0,1
4910,84,9.119174584426187e-05,0,1
8990,84,9.119174584426187e-05,0,1
591,84,9.119174584426187e-05,0,1
1400,84,9.119174584426187e-05,0,1
3434,84,9.119174584426187e-05,0,1
7944,84,9.119174584426187e-05,0,1
9977,84,9.119174584426187e-05,0,1
1252,84,9.119174584426187e-05,0,1
10284,84,9.119174584426187e-05,0,1
5983,84,9.119174584426187e-05,0,1
2287,84,9.119174584426187e-05,0,1
7909,84,9.119174584426187e-05,0,1
2174,84,9.119174584426187e-05,0,1
1436,84,9.119174584426187e-05,0,1
927,83,9.010612982230637e-05,0,1
2525,83,9.010612982230637e-05,0,1
4493,83,9.010612982230637e-05,0,1
13150,83,9.010612982230637e-05,0,1
5660,83,9.010612982230637e-05,0,1
10645,83,9.010612982230637e-05,0,1
6601,83,9.010612982230637e-05,0,1
9505,83,9.010612982230637e-05,0,1
919,83,9.010612982230637e-05,0,1
6375,83,9.010612982230637e-05,0,1
9183,83,9.010612982230637e-05,0,1
3979,83,9.010612982230637e-05,0,1
13097,83,9.010612982230637e-05,0,1
7821,83,9.010612982230637e-05,0,1
8288,83,9.010612982230637e-05,0,1
8320,83,9.010612982230637e-05,0,1
7369,83,9.010612982230637e-05,0,1
11489,83,9.010612982230637e-05,0,1
3504,83,9.010612982230637e-05,0,1
3951,83,9.010612982230637e-05,0,1
6917,83,9.010612982230637e-05,0,1
9287,83,9.010612982230637e-05,0,1
7683,83,9.010612982230637e-05,0,1
10433,83,9.010612982230637e-05,0,1
4132,83,9.010612982230637e-05,0,1
4996,83,9.010612982230637e-05,0,1
3992,83,9.010612982230637e-05,0,1
2409,83,9.010612982230637e-05,0,1
8244,83,9.010612982230637e-05,0,1
888,83,9.010612982230637e-05,0,1
330,83,9.010612982230637e-05,0,1
8582,83,9.010612982230637e-05,0,1
7423,83,9.010612982230637e-05,0,1
11743,83,9.010612982230637e-05,0,1
5864,83,9.010612982230637e-05,0,1
6889,83,9.010612982230637e-05,0,1
9956,83,9.010612982230637e-05,0,1
2237,83,9.010612982230637e-05,0,1
6043,83,9.010612982230637e-05,0,1
10297,83,9.010612982230637e-05,0,1
1102,83,9.010612982230637e-05,0,1
8427,83,9.010612982230637e-05,0,1
7506,83,9.010612982230637e-05,0,1
8466,83,9.010612982230637e-05,0,1
115,83,9.010612982230637e-05,0,1
1339,83,9.010612982230637e-05,0,1
8472,82,8.902051380035087e-05,0,1
1372,82,8.902051380035087e-05,0,1
2270,82,8.902051380035087e-05,0,1
937,82,8.902051380035087e-05,0,1
6549,82,8.902051380035087e-05,0,1
4260,82,8.902051380035087e-05,0,1
6228,82,8.902051380035087e-05,0,1
11738,82,8.902051380035087e-05,0,1
5291,82,8.902051380035087e-05,0,1
13752,82,8.902051380035087e-05,0,1
15474,82,8.902051380035087e-05,0,1
12404,82,8.902051380035087e-05,0,1
5173,82,8.902051380035087e-05,0,1
5088,82,8.902051380035087e-05,0,1
3932,82,8.902051380035087e-05,0,1
9732,82,8.902051380035087e-05,0,1
1417,82,8.902051380035087e-05,0,1
6442,82,8.902051380035087e-05,0,1
5086,82,8.902051380035087e-05,0,1
5192,82,8.902051380035087e-05,0,1
5754,82,8.902051380035087e-05,0,1
5738,82,8.902051380035087e-05,0,1
1692,82,8.902051380035087e-05,0,1
7899,82,8.902051380035087e-05,0,1
11321,82,8.902051380035087e-05,0,1
7901,82,8.902051380035087e-05,0,1
3393,82,8.902051380035087e-05,0,1
2989,82,8.902051380035087e-05,0,1
2916,82,8.902051380035087e-05,0,1
405,82,8.902051380035087e-05,0,1
2512,82,8.902051380035087e-05,0,1
7837,82,8.902051380035087e-05,0,1
9332,82,8.902051380035087e-05,0,1
5785,82,8.902051380035087e-05,0,1
1415,82,8.902051380035087e-05,0,1
9970,82,8.902051380035087e-05,0,1
7731,82,8.902051380035087e-05,0,1
7787,82,8.902051380035087e-05,0,1
7759,82,8.902051380035087e-05,0,1
4701,82,8.902051380035087e-05,0,1
5523,82,8.902051380035087e-05,0,1
5249,82,8.902051380035087e-05,0,1
7679,82,8.902051380035087e-05,0,1
721,82,8.902051380035087e-05,0,1
573,82,8.902051380035087e-05,0,1
2643,82,8.902051380035087e-05,0,1
10344,82,8.902051380035087e-05,0,1
10209,82,8.902051380035087e-05,0,1
787,82,8.902051380035087e-05,0,1
2540,82,8.902051380035087e-05,0,1
7043,82,8.902051380035087e-05,0,1
3884,82,8.902051380035087e-05,0,1
12302,82,8.902051380035087e-05,0,1
8373,82,8.902051380035087e-05,0,1
12320,82,8.902051380035087e-05,0,1
10784,81,8.793489777839537e-05,0,1
10719,81,8.793489777839537e-05,0,1
3496,81,8.793489777839537e-05,0,1
1086,81,8.793489777839537e-05,0,1
5184,81,8.793489777839537e-05,0,1
9070,81,8.793489777839537e-05,0,1
11779,81,8.793489777839537e-05,0,1
7294,81,8.793489777839537e-05,0,1
6010,81,8.793489777839537e-05,0,1
5917,81,8.793489777839537e-05,0,1
6222,81,8.793489777839537e-05,0,1
5319,81,8.793489777839537e-05,0,1
13856,81,8.793489777839537e-05,0,1
10233,81,8.793489777839537e-05,0,1
12477,81,8.793489777839537e-05,0,1
1733,81,8.793489777839537e-05,0,1
8316,81,8.793489777839537e-05,0,1
8477,81,8.793489777839537e-05,0,1
2796,81,8.793489777839537e-05,0,1
7690,81,8.793489777839537e-05,0,1
6199,81,8.793489777839537e-05,0,1
9583,81,8.793489777839537e-05,0,1
12533,81,8.793489777839537e-05,0,1
3681,81,8.793489777839537e-05,0,1
3632,81,8.793489777839537e-05,0,1
13340,81,8.793489777839537e-05,0,1
4827,81,8.793489777839537e-05,0,1
6090,81,8.793489777839537e-05,0,1
10333,81,8.793489777839537e-05,0,1
2911,81,8.793489777839537e-05,0,1
7076,81,8.793489777839537e-05,0,1
2901,81,8.793489777839537e-05,0,1
5384,81,8.793489777839537e-05,0,1
6432,81,8.793489777839537e-05,0,1
6318,81,8.793489777839537e-05,0,1
4829,81,8.793489777839537e-05,0,1
8547,81,8.793489777839537e-05,0,1
4704,81,8.793489777839537e-05,0,1
9697,81,8.793489777839537e-05,0,1
753,81,8.793489777839537e-05,0,1
3399,81,8.793489777839537e-05,0,1
8162,81,8.793489777839537e-05,0,1
6298,81,8.793489777839537e-05,0,1
5784,81,8.793489777839537e-05,0,1
10419,81,8.793489777839537e-05,0,1
13500,81,8.793489777839537e-05,0,1
3321,81,8.793489777839537e-05,0,1
675,81,8.793489777839537e-05,0,1
5832,81,8.793489777839537e-05,0,1
8289,81,8.793489777839537e-05,0,1
7756,81,8.793489777839537e-05,0,1
7712,81,8.793489777839537e-05,0,1
3734,80,8.684928175643987e-05,0,1
4975,80,8.684928175643987e-05,0,1
5853,80,8.684928175643987e-05,0,1
4960,80,8.684928175643987e-05,0,1
5873,80,8.684928175643987e-05,0,1
629,80,8.684928175643987e-05,0,1
2801,80,8.684928175643987e-05,0,1
8596,80,8.684928175643987e-05,0,1
8580,80,8.684928175643987e-05,0,1
8355,80,8.684928175643987e-05,0,1
8594,80,8.684928175643987e-05,0,1
4781,80,8.684928175643987e-05,0,1
3645,80,8.684928175643987e-05,0,1
14823,80,8.684928175643987e-05,0,1
10302,80,8.684928175643987e-05,0,1
10254,80,8.684928175643987e-05,0,1
3167,80,8.684928175643987e-05,0,1
9614,80,8.684928175643987e-05,0,1
8276,80,8.684928175643987e-05,0,1
921,80,8.684928175643987e-05,0,1
9669,80,8.684928175643987e-05,0,1
8222,80,8.684928175643987e-05,0,1
1902,80,8.684928175643987e-05,0,1
2600,80,8.684928175643987e-05,0,1
8576,80,8.684928175643987e-05,0,1
8250,80,8.684928175643987e-05,0,1
7725,80,8.684928175643987e-05,0,1
1462,80,8.684928175643987e-05,0,1
7747,80,8.684928175643987e-05,0,1
4730,80,8.684928175643987e-05,0,1
4718,80,8.684928175643987e-05,0,1
3356,80,8.684928175643987e-05,0,1
1617,80,8.684928175643987e-05,0,1
3419,80,8.684928175643987e-05,0,1
1162,80,8.684928175643987e-05,0,1
2582,80,8.684928175643987e-05,0,1
7143,80,8.684928175643987e-05,0,1
9690,80,8.684928175643987e-05,0,1
4158,80,8.684928175643987e-05,0,1
8226,80,8.684928175643987e-05,0,1
3481,80,8.684928175643987e-05,0,1
3847,80,8.684928175643987e-05,0,1
6344,80,8.684928175643987e-05,0,1
3007,80,8.684928175643987e-05,0,1
12826,80,8.684928175643987e-05,0,1
1389,80,8.684928175643987e-05,0,1
4214,80,8.684928175643987e-05,0,1
5123,80,8.684928175643987e-05,0,1
5175,80,8.684928175643987e-05,0,1
2851,80,8.684928175643987e-05,0,1
11890,80,8.684928175643987e-05,0,1
7956,80,8.684928175643987e-05,0,1
5116,80,8.684928175643987e-05,0,1
50,80,8.684928175643987e-05,0,1
3119,80,8.684928175643987e-05,0,1
31,80,8.684928175643987e-05,0,1
10342,80,8.684928175643987e-05,0,1
2278,80,8.684928175643987e-05,0,1
1824,80,8.684928175643987e-05,0,1
12122,80,8.684928175643987e-05,0,1
3709,80,8.684928175643987e-05,0,1
1804,80,8.684928175643987e-05,0,1
2700,80,8.684928175643987e-05,0,1
5362,80,8.684928175643987e-05,0,1
810,80,8.684928175643987e-05,0,1
9514,79,8.576366573448437e-05,0,1
10842,79,8.576366573448437e-05,0,1
6654,79,8.576366573448437e-05,0,1
9088,79,8.576366573448437e-05,0,1
4079,79,8.576366573448437e-05,0,1
5092,79,8.576366573448437e-05,0,1
1531,79,8.576366573448437e-05,0,1
10509,79,8.576366573448437e-05,0,1
5644,79,8.576366573448437e-05,0,1
11352,79,8.576366573448437e-05,0,1
142,79,8.576366573448437e-05,0,1
2112,79,8.576366573448437e-05,0,1
11819,79,8.576366573448437e-05,0,1
7171,79,8.576366573448437e-05,0,1
4181,79,8.576366573448437e-05,0,1
4180,79,8.576366573448437e-05,0,1
11025,79,8.576366573448437e-05,0,1
1422,79,8.576366573448437e-05,0,1
11075,79,8.576366573448437e-05,0,1
3890,79,8.576366573448437e-05,0,1
3535,79,8.576366573448437e-05,0,1
8388,79,8.576366573448437e-05,0,1
7494,79,8.576366573448437e-05,0,1
4097,79,8.576366573448437e-05,0,1
3351,79,8.576366573448437e-05,0,1
9733,79,8.576366573448437e-05,0,1
6269,79,8.576366573448437e-05,0,1
3553,79,8.576366573448437e-05,0,1
8312,79,8.576366573448437e-05,0,1
9462,79,8.576366573448437e-05,0,1
8224,79,8.576366573448437e-05,0,1
6874,79,8.576366573448437e-05,0,1
4131,79,8.576366573448437e-05,0,1
10414,79,8.576366573448437e-05,0,1
7245,79,8.576366573448437e-05,0,1
11947,79,8.576366573448437e-05,0,1
8104,79,8.576366573448437e-05,0,1
2840,79,8.576366573448437e-05,0,1
265,79,8.576366573448437e-05,0,1
1127,79,8.576366573448437e-05,0,1
4998,79,8.576366573448437e-05,0,1
7644,79,8.576366573448437e-05,0,1
7276,79,8.576366573448437e-05,0,1
7289,79,8.576366573448437e-05,0,1
8308,79,8.576366573448437e-05,0,1
3609,79,8.576366573448437e-05,0,1
10441,79,8.576366573448437e-05,0,1
506,79,8.576366573448437e-05,0,1
4049,79,8.576366573448437e-05,0,1
8413,79,8.576366573448437e-05,0,1
9609,79,8.576366573448437e-05,0,1
4525,79,8.576366573448437e-05,0,1
9506,79,8.576366573448437e-05,0,1
6918,78,8.467804971252887e-05,0,1
8146,78,8.467804971252887e-05,0,1
7793,78,8.467804971252887e-05,0,1
10008,78,8.467804971252887e-05,0,1
1731,78,8.467804971252887e-05,0,1
9565,78,8.467804971252887e-05,0,1
4902,78,8.467804971252887e-05,0,1
4772,78,8.467804971252887e-05,0,1
4900,78,8.467804971252887e-05,0,1
8462,78,8.467804971252887e-05,0,1
2742,78,8.467804971252887e-05,0,1
7337,78,8.467804971252887e-05,0,1
9941,78,8.467804971252887e-05,0,1
11767,78,8.467804971252887e-05,0,1
3978,78,8.467804971252887e-05,0,1
11720,78,8.467804971252887e-05,0,1
6562,78,8.467804971252887e-05,0,1
585,78,8.467804971252887e-05,0,1
8137,78,8.467804971252887e-05,0,1
7885,78,8.467804971252887e-05,0,1
10062,78,8.467804971252887e-05,0,1
8057,78,8.467804971252887e-05,0,1
10124,78,8.467804971252887e-05,0,1
8709,78,8.467804971252887e-05,0,1
9363,78,8.467804971252887e-05,0,1
7840,78,8.467804971252887e-05,0,1
1465,78,8.467804971252887e-05,0,1
12972,78,8.467804971252887e-05,0,1
355,78,8.467804971252887e-05,0,1
6826,78,8.467804971252887e-05,0,1
10917,78,8.467804971252887e-05,0,1
8626,78,8.467804971252887e-05,0,1
3894,78,8.467804971252887e-05,0,1
13917,78,8.467804971252887e-05,0,1
5772,78,8.467804971252887e-05,0,1
1424,78,8.467804971252887e-05,0,1
5600,78,8.467804971252887e-05,0,1
7095,78,8.467804971252887e-05,0,1
1714,78,8.467804971252887e-05,0,1
1477,78,8.467804971252887e-05,0,1
2292,78,8.467804971252887e-05,0,1
3683,78,8.467804971252887e-05,0,1
12558,78,8.467804971252887e-05,0,1
4858,78,8.467804971252887e-05,0,1
4815,78,8.467804971252887e-05,0,1
10556,78,8.467804971252887e-05,0,1
13462,78,8.467804971252887e-05,0,1
10214,78,8.467804971252887e-05,0,1
7841,78,8.467804971252887e-05,0,1
12990,78,8.467804971252887e-05,0,1
10865,78,8.467804971252887e-05,0,1
4046,77,8.359243369057338e-05,0,1
994,77,8.359243369057338e-05,0,1
6701,77,8.359243369057338e-05,0,1
6676,77,8.359243369057338e-05,0,1
3233,77,8.359243369057338e-05,0,1
4779,77,8.359243369057338e-05,0,1
3801,77,8.359243369057338e-05,0,1
8280,77,8.359243369057338e-05,0,1
10927,77,8.359243369057338e-05,0,1
11764,77,8.359243369057338e-05,0,1
316,77,8.359243369057338e-05,0,1
3322,77,8.359243369057338e-05,0,1
936,77,8.359243369057338e-05,0,1
5956,77,8.359243369057338e-05,0,1
13185,77,8.359243369057338e-05,0,1
4153,77,8.359243369057338e-05,0,1
1930,77,8.359243369057338e-05,0,1
2222,77,8.359243369057338e-05,0,1
2614,77,8.359243369057338e-05,0,1
8341,77,8.359243369057338e-05,0,1
540,77,8.359243369057338e-05,0,1
12730,77,8.359243369057338e-05,0,1
3042,77,8.359243369057338e-05,0,1
3208,77,8.359243369057338e-05,0,1
2519,77,8.359243369057338e-05,0,1
10440,77,8.359243369057338e-05,0,1
7027,77,8.359243369057338e-05,0,1
6413,77,8.359243369057338e-05,0,1
4620,77,8.359243369057338e-05,0,1
8826,77,8.359243369057338e-05,0,1
5544,77,8.359243369057338e-05,0,1
2932,77,8.359243369057338e-05,0,1
4224,77,8.359243369057338e-05,0,1
6415,77,8.359243369057338e-05,0,1
7465,77,8.359243369057338e-05,0,1
11531,77,8.359243369057338e-05,0,1
12296,77,8.359243369057338e-05,0,1
9381,77,8.359243369057338e-05,0,1
10113,77,8.359243369057338e-05,0,1
5156,77,8.359243369057338e-05,0,1
1182,77,8.359243369057338e-05,0,1
7850,77,8.359243369057338e-05,0,1
5730,77,8.359243369057338e-05,0,1
4321,77,8.359243369057338e-05,0,1
3663,77,8.359243369057338e-05,0,1
8643,77,8.359243369057338e-05,0,1
757,77,8.359243369057338e-05,0,1
5429,77,8.359243369057338e-05,0,1
11131,77,8.359243369057338e-05,0,1
7436,77,8.359243369057338e-05,0,1
8988,77,8.359243369057338e-05,0,1
8923,77,8.359243369057338e-05,0,1
7819,77,8.359243369057338e-05,0,1
2113,77,8.359243369057338e-05,0,1
1393,77,8.359243369057338e-05,0,1
3969,77,8.359243369057338e-05,0,1
8895,77,8.359243369057338e-05,0,1
2844,77,8.359243369057338e-05,0,1
11941,77,8.359243369057338e-05,0,1
8121,77,8.359243369057338e-05,0,1
6989,77,8.359243369057338e-05,0,1
13915,76,8.250681766861789e-05,0,1
13882,76,8.250681766861789e-05,0,1
13877,76,8.250681766861789e-05,0,1
345,76,8.250681766861789e-05,0,1
9346,76,8.250681766861789e-05,0,1
9364,76,8.250681766861789e-05,0,1
5680,76,8.250681766861789e-05,0,1
7867,76,8.250681766861789e-05,0,1
5725,76,8.250681766861789e-05,0,1
8848,76,8.250681766861789e-05,0,1
8855,76,8.250681766861789e-05,0,1
5632,76,8.250681766861789e-05,0,1
8077,76,8.250681766861789e-05,0,1
1232,76,8.250681766861789e-05,0,1
6374,76,8.250681766861789e-05,0,1
8033,76,8.250681766861789e-05,0,1
8059,76,8.250681766861789e-05,0,1
8670,76,8.250681766861789e-05,0,1
719,76,8.250681766861789e-05,0,1
2639,76,8.250681766861789e-05,0,1
10019,76,8.250681766861789e-05,0,1
5393,76,8.250681766861789e-05,0,1
6077,76,8.250681766861789e-05,0,1
4078,76,8.250681766861789e-05,0,1
10837,76,8.250681766861789e-05,0,1
9539,76,8.250681766861789e-05,0,1
434,76,8.250681766861789e-05,0,1
8128,76,8.250681766861789e-05,0,1
4592,76,8.250681766861789e-05,0,1
1976,76,8.250681766861789e-05,0,1
8135,76,8.250681766861789e-05,0,1
9480,76,8.250681766861789e-05,0,1
5005,76,8.250681766861789e-05,0,1
490,76,8.250681766861789e-05,0,1
12012,76,8.250681766861789e-05,0,1
3319,76,8.250681766861789e-05,0,1
5264,76,8.250681766861789e-05,0,1
8556,76,8.250681766861789e-05,0,1
10614,76,8.250681766861789e-05,0,1
884,76,8.250681766861789e-05,0,1
857,76,8.250681766861789e-05,0,1
9682,76,8.250681766861789e-05,0,1
6806,76,8.250681766861789e-05,0,1
1276,76,8.250681766861789e-05,0,1
7743,76,8.250681766861789e-05,0,1
8882,76,8.250681766861789e-05,0,1
5857,76,8.250681766861789e-05,0,1
3823,76,8.250681766861789e-05,0,1
8125,76,8.250681766861789e-05,0,1
4685,76,8.250681766861789e-05,0,1
4763,76,8.250681766861789e-05,0,1
8277,76,8.250681766861789e-05,0,1
9547,76,8.250681766861789e-05,0,1
1119,76,8.250681766861789e-05,0,1
1752,76,8.250681766861789e-05,0,1
7284,76,8.250681766861789e-05,0,1
6517,76,8.250681766861789e-05,0,1
13203,76,8.250681766861789e-05,0,1
1450,76,8.250681766861789e-05,0,1
6037,76,8.250681766861789e-05,0,1
7552,76,8.250681766861789e-05,0,1
7508,76,8.250681766861789e-05,0,1
9027,76,8.250681766861789e-05,0,1
6615,76,8.250681766861789e-05,0,1
2739,76,8.250681766861789e-05,0,1
1016,76,8.250681766861789e-05,0,1
4542,76,8.250681766861789e-05,0,1
1607,75,8.142120164666239e-05,0,1
9570,75,8.142120164666239e-05,0,1
311,75,8.142120164666239e-05,0,1
8845,75,8.142120164666239e-05,0,1
2187,75,8.142120164666239e-05,0,1
1050,75,8.142120164666239e-05,0,1
5045,75,8.142120164666239e-05,0,1
10202,75,8.142120164666239e-05,0,1
9195,75,8.142120164666239e-05,0,1
755,75,8.142120164666239e-05,0,1
3777,75,8.142120164666239e-05,0,1
828,75,8.142120164666239e-05,0,1
1128,75,8.142120164666239e-05,0,1
5498,75,8.142120164666239e-05,0,1
13287,75,8.142120164666239e-05,0,1
1936,75,8.142120164666239e-05,0,1
8870,75,8.142120164666239e-05,0,1
9861,75,8.142120164666239e-05,0,1
5812,75,8.142120164666239e-05,0,1
455,75,8.142120164666239e-05,0,1
3333,75,8.142120164666239e-05,0,1
1631,75,8.142120164666239e-05,0,1
4865,75,8.142120164666239e-05,0,1
5273,75,8.142120164666239e-05,0,1
2359,75,8.142120164666239e-05,0,1
5482,75,8.142120164666239e-05,0,1
10890,75,8.142120164666239e-05,0,1
8475,75,8.142120164666239e-05,0,1
7365,75,8.142120164666239e-05,0,1
3779,75,8.142120164666239e-05,0,1
1945,75,8.142120164666239e-05,0,1
9960,75,8.142120164666239e-05,0,1
1315,75,8.142120164666239e-05,0,1
3107,75,8.142120164666239e-05,0,1
9842,75,8.142120164666239e-05,0,1
2122,75,8.142120164666239e-05,0,1
92,75,8.142120164666239e-05,0,1
970,75,8.142120164666239e-05,0,1
6663,75,8.142120164666239e-05,0,1
3740,75,8.142120164666239e-05,0,1
1185,75,8.142120164666239e-05,0,1
12269,75,8.142120164666239e-05,0,1
7684,75,8.142120164666239e-05,0,1
2944,75,8.142120164666239e-05,0,1
6373,75,8.142120164666239e-05,0,1
9324,75,8.142120164666239e-05,0,1
3064,75,8.142120164666239e-05,0,1
3068,75,8.142120164666239e-05,0,1
8815,75,8.142120164666239e-05,0,1
8023,75,8.142120164666239e-05,0,1
10804,75,8.142120164666239e-05,0,1
4439,75,8.142120164666239e-05,0,1
4503,75,8.142120164666239e-05,0,1
6773,75,8.142120164666239e-05,0,1
14138,75,8.142120164666239e-05,0,1
5075,75,8.142120164666239e-05,0,1
12322,75,8.142120164666239e-05,0,1
5348,75,8.142120164666239e-05,0,1
10559,75,8.142120164666239e-05,0,1
2521,75,8.142120164666239e-05,0,1
11849,75,8.142120164666239e-05,0,1
1720,75,8.142120164666239e-05,0,1
5726,75,8.142120164666239e-05,0,1
6280,75,8.142120164666239e-05,0,1
331,75,8.142120164666239e-05,0,1
8175,75,8.142120164666239e-05,0,1
1973,75,8.142120164666239e-05,0,1
3828,75,8.142120164666239e-05,0,1
2586,75,8.142120164666239e-05,0,1
3244,75,8.142120164666239e-05,0,1
4679,75,8.142120164666239e-05,0,1
5941,75,8.142120164666239e-05,0,1
1009,75,8.142120164666239e-05,0,1
5514,75,8.142120164666239e-05,0,1
7422,75,8.142120164666239e-05,0,1
2785,74,8.033558562470689e-05,0,1
10662,74,8.033558562470689e-05,0,1
2411,74,8.033558562470689e-05,0,1
15270,74,8.033558562470689e-05,0,1
980,74,8.033558562470689e-05,0,1
12368,74,8.033558562470689e-05,0,1
3656,74,8.033558562470689e-05,0,1
569,74,8.033558562470689e-05,0,1
5096,74,8.033558562470689e-05,0,1
476,74,8.033558562470689e-05,0,1
14077,74,8.033558562470689e-05,0,1
9523,74,8.033558562470689e-05,0,1
9525,74,8.033558562470689e-05,0,1
13044,74,8.033558562470689e-05,0,1
4979,74,8.033558562470689e-05,0,1
4600,74,8.033558562470689e-05,0,1
2350,74,8.033558562470689e-05,0,1
1443,74,8.033558562470689e-05,0,1
7746,74,8.033558562470689e-05,0,1
9655,74,8.033558562470689e-05,0,1
6813,74,8.033558562470689e-05,0,1
9643,74,8.033558562470689e-05,0,1
5675,74,8.033558562470689e-05,0,1
10893,74,8.033558562470689e-05,0,1
5309,74,8.033558562470689e-05,0,1
6157,74,8.033558562470689e-05,0,1
7443,74,8.033558562470689e-05,0,1
10583,74,8.033558562470689e-05,0,1
4758,74,8.033558562470689e-05,0,1
6965,74,8.033558562470689e-05,0,1
13215,74,8.033558562470689e-05,0,1
5821,74,8.033558562470689e-05,0,1
9219,74,8.033558562470689e-05,0,1
2177,74,8.033558562470689e-05,0,1
9099,74,8.033558562470689e-05,0,1
9576,74,8.033558562470689e-05,0,1
2562,74,8.033558562470689e-05,0,1
5222,74,8.033558562470689e-05,0,1
12800,74,8.033558562470689e-05,0,1
34,74,8.033558562470689e-05,0,1
8444,74,8.033558562470689e-05,0,1
6225,74,8.033558562470689e-05,0,1
5584,74,8.033558562470689e-05,0,1
2892,74,8.033558562470689e-05,0,1
920,74,8.033558562470689e-05,0,1
7868,74,8.033558562470689e-05,0,1
5686,74,8.033558562470689e-05,0,1
12821,74,8.033558562470689e-05,0,1
9473,74,8.033558562470689e-05,0,1
12011,74,8.033558562470689e-05,0,1
1348,74,8.033558562470689e-05,0,1
7528,74,8.033558562470689e-05,0,1
9033,74,8.033558562470689e-05,0,1
3226,74,8.033558562470689e-05,0,1
13423,74,8.033558562470689e-05,0,1
3158,74,8.033558562470689e-05,0,1
13188,74,8.033558562470689e-05,0,1
1953,74,8.033558562470689e-05,0,1
5125,74,8.033558562470689e-05,0,1
10908,74,8.033558562470689e-05,0,1
6067,74,8.033558562470689e-05,0,1
10902,74,8.033558562470689e-05,0,1
2669,73,7.924996960275139e-05,0,1
11690,73,7.924996960275139e-05,0,1
10654,73,7.924996960275139e-05,0,1
1411,73,7.924996960275139e-05,0,1
1798,73,7.924996960275139e-05,0,1
9932,73,7.924996960275139e-05,0,1
5485,73,7.924996960275139e-05,0,1
4895,73,7.924996960275139e-05,0,1
4871,73,7.924996960275139e-05,0,1
2494,73,7.924996960275139e-05,0,1
7855,73,7.924996960275139e-05,0,1
4713,73,7.924996960275139e-05,0,1
2093,73,7.924996960275139e-05,0,1
2296,73,7.924996960275139e-05,0,1
2783,73,7.924996960275139e-05,0,1
9572,73,7.924996960275139e-05,0,1
3911,73,7.924996960275139e-05,0,1
6438,73,7.924996960275139e-05,0,1
1456,73,7.924996960275139e-05,0,1
9015,73,7.924996960275139e-05,0,1
4037,73,7.924996960275139e-05,0,1
7065,73,7.924996960275139e-05,0,1
7529,73,7.924996960275139e-05,0,1
11590,73,7.924996960275139e-05,0,1
9010,73,7.924996960275139e-05,0,1
4789,73,7.924996960275139e-05,0,1
2569,73,7.924996960275139e-05,0,1
4587,73,7.924996960275139e-05,0,1
2544,73,7.924996960275139e-05,0,1
8662,73,7.924996960275139e-05,0,1
5973,73,7.924996960275139e-05,0,1
4113,73,7.924996960275139e-05,0,1
951,73,7.924996960275139e-05,0,1
2226,73,7.924996960275139e-05,0,1
3446,73,7.924996960275139e-05,0,1
3935,73,7.924996960275139e-05,0,1
3915,73,7.924996960275139e-05,0,1
10074,73,7.924996960275139e-05,0,1
5558,73,7.924996960275139e-05,0,1
5543,73,7.924996960275139e-05,0,1
10071,73,7.924996960275139e-05,0,1
8058,73,7.924996960275139e-05,0,1
1996,73,7.924996960275139e-05,0,1
2517,73,7.924996960275139e-05,0,1
1228,73,7.924996960275139e-05,0,1
9752,73,7.924996960275139e-05,0,1
9760,73,7.924996960275139e-05,0,1
3067,73,7.924996960275139e-05,0,1
5090,73,7.924996960275139e-05,0,1
10740,73,7.924996960275139e-05,0,1
4292,73,7.924996960275139e-05,0,1
2726,73,7.924996960275139e-05,0,1
10039,73,7.924996960275139e-05,0,1
5769,73,7.924996960275139e-05,0,1
8420,73,7.924996960275139e-05,0,1
1788,73,7.924996960275139e-05,0,1
1239,73,7.924996960275139e-05,0,1
3735,73,7.924996960275139e-05,0,1
1325,73,7.924996960275139e-05,0,1
7254,73,7.924996960275139e-05,0,1
8916,73,7.924996960275139e-05,0,1
2765,73,7.924996960275139e-05,0,1
4352,73,7.924996960275139e-05,0,1
8517,73,7.924996960275139e-05,0,1
5401,73,7.924996960275139e-05,0,1
8371,72,7.816435358079589e-05,0,1
6531,72,7.816435358079589e-05,0,1
6527,72,7.816435358079589e-05,0,1
6585,72,7.816435358079589e-05,0,1
4811,72,7.816435358079589e-05,0,1
4807,72,7.816435358079589e-05,0,1
2320,72,7.816435358079589e-05,0,1
4404,72,7.816435358079589e-05,0,1
4830,72,7.816435358079589e-05,0,1
9568,72,7.816435358079589e-05,0,1
102,72,7.816435358079589e-05,0,1
1113,72,7.816435358079589e-05,0,1
10176,72,7.816435358079589e-05,0,1
2404,72,7.816435358079589e-05,0,1
2461,72,7.816435358079589e-05,0,1
4436,72,7.816435358079589e-05,0,1
4329,72,7.816435358079589e-05,0,1
6691,72,7.816435358079589e-05,0,1
8442,72,7.816435358079589e-05,0,1
7977,72,7.816435358079589e-05,0,1
8769,72,7.816435358079589e-05,0,1
5843,72,7.816435358079589e-05,0,1
7897,72,7.816435358079589e-05,0,1
5578,72,7.816435358079589e-05,0,1
11753,72,7.816435358079589e-05,0,1
4106,72,7.816435358079589e-05,0,1
3100,72,7.816435358079589e-05,0,1
7354,72,7.816435358079589e-05,0,1
3491,72,7.816435358079589e-05,0,1
8043,72,7.816435358079589e-05,0,1
2849,72,7.816435358079589e-05,0,1
2059,72,7.816435358079589e-05,0,1
502,72,7.816435358079589e-05,0,1
3820,72,7.816435358079589e-05,0,1
1970,72,7.816435358079589e-05,0,1
4793,72,7.816435358079589e-05,0,1
9030,72,7.816435358079589e-05,0,1
193,72,7.816435358079589e-05,0,1
1589,72,7.816435358079589e-05,0,1
10244,72,7.816435358079589e-05,0,1
6068,72,7.816435358079589e-05,0,1
1493,72,7.816435358079589e-05,0,1
1514,72,7.816435358079589e-05,0,1
1931,72,7.816435358079589e-05,0,1
458,72,7.816435358079589e-05,0,1
2827,72,7.816435358079589e-05,0,1
6168,72,7.816435358079589e-05,0,1
2341,72,7.816435358079589e-05,0,1
7456,72,7.816435358079589e-05,0,1
7439,72,7.816435358079589e-05,0,1
9111,72,7.816435358079589e-05,0,1
5488,72,7.816435358079589e-05,0,1
4267,72,7.816435358079589e-05,0,1
2615,72,7.816435358079589e-05,0,1
2151,72,7.816435358079589e-05,0,1
3342,72,7.816435358079589e-05,0,1
2176,72,7.816435358079589e-05,0,1
3397,72,7.816435358079589e-05,0,1
320,72,7.816435358079589e-05,0,1
7205,72,7.816435358079589e-05,0,1
14096,71,7.707873755884039e-05,0,1
14293,71,7.707873755884039e-05,0,1
4535,71,7.707873755884039e-05,0,1
10660,71,7.707873755884039e-05,0,1
5419,71,7.707873755884039e-05,0,1
12131,71,7.707873755884039e-05,0,1
6553,71,7.707873755884039e-05,0,1
20,71,7.707873755884039e-05,0,1
4550,71,7.707873755884039e-05,0,1
11286,71,7.707873755884039e-05,0,1
5792,71,7.707873755884039e-05,0,1
8571,71,7.707873755884039e-05,0,1
1095,71,7.707873755884039e-05,0,1
4087,71,7.707873755884039e-05,0,1
609,71,7.707873755884039e-05,0,1
3093,71,7.707873755884039e-05,0,1
1527,71,7.707873755884039e-05,0,1
5241,71,7.707873755884039e-05,0,1
10286,71,7.707873755884039e-05,0,1
2298,71,7.707873755884039e-05,0,1
6881,71,7.707873755884039e-05,0,1
12019,71,7.707873755884039e-05,0,1
1759,71,7.707873755884039e-05,0,1
2880,71,7.707873755884039e-05,0,1
5575,71,7.707873755884039e-05,0,1
1381,71,7.707873755884039e-05,0,1
250,71,7.707873755884039e-05,0,1
5202,71,7.707873755884039e-05,0,1
12884,71,7.707873755884039e-05,0,1
7297,71,7.707873755884039e-05,0,1
7268,71,7.707873755884039e-05,0,1
7498,71,7.707873755884039e-05,0,1
5901,71,7.707873755884039e-05,0,1
5895,71,7.707873755884039e-05,0,1
13359,71,7.707873755884039e-05,0,1
185,71,7.707873755884039e-05,0,1
9844,71,7.707873755884039e-05,0,1
3065,71,7.707873755884039e-05,0,1
550,71,7.707873755884039e-05,0,1
5667,71,7.707873755884039e-05,0,1
6307,71,7.707873755884039e-05,0,1
2072,71,7.707873755884039e-05,0,1
2040,71,7.707873755884039e-05,0,1
693,71,7.707873755884039e-05,0,1
7042,71,7.707873755884039e-05,0,1
11169,71,7.707873755884039e-05,0,1
11901,71,7.707873755884039e-05,0,1
5697,71,7.707873755884039e-05,0,1
2958,71,7.707873755884039e-05,0,1
281,71,7.707873755884039e-05,0,1
4029,71,7.707873755884039e-05,0,1
6361,71,7.707873755884039e-05,0,1
6594,71,7.707873755884039e-05,0,1
13642,71,7.707873755884039e-05,0,1
5376,71,7.707873755884039e-05,0,1
2633,71,7.707873755884039e-05,0,1
10027,71,7.707873755884039e-05,0,1
4576,71,7.707873755884039e-05,0,1
10355,71,7.707873755884039e-05,0,1
13610,70,7.599312153688489e-05,0,1
14106,70,7.599312153688489e-05,0,1
6179,70,7.599312153688489e-05,0,1
3051,70,7.599312153688489e-05,0,1
9871,70,7.599312153688489e-05,0,1
7163,70,7.599312153688489e-05,0,1
5032,70,7.599312153688489e-05,0,1
6129,70,7.599312153688489e-05,0,1
4173,70,7.599312153688489e-05,0,1
7132,70,7.599312153688489e-05,0,1
4074,70,7.599312153688489e-05,0,1
9199,70,7.599312153688489e-05,0,1
4684,70,7.599312153688489e-05,0,1
7963,70,7.599312153688489e-05,0,1
3925,70,7.599312153688489e-05,0,1
4919,70,7.599312153688489e-05,0,1
7078,70,7.599312153688489e-05,0,1
7700,70,7.599312153688489e-05,0,1
3763,70,7.599312153688489e-05,0,1
8418,70,7.599312153688489e-05,0,1
13465,70,7.599312153688489e-05,0,1
11685,70,7.599312153688489e-05,0,1
1650,70,7.599312153688489e-05,0,1
7928,70,7.599312153688489e-05,0,1
7703,70,7.599312153688489e-05,0,1
2215,70,7.599312153688489e-05,0,1
6224,70,7.599312153688489e-05,0,1
1026,70,7.599312153688489e-05,0,1
4416,70,7.599312153688489e-05,0,1
4477,70,7.599312153688489e-05,0,1
4955,70,7.599312153688489e-05,0,1
11729,70,7.599312153688489e-05,0,1
8049,70,7.599312153688489e-05,0,1
5884,70,7.599312153688489e-05,0,1
10275,70,7.599312153688489e-05,0,1
3094,70,7.599312153688489e-05,0,1
1935,70,7.599312153688489e-05,0,1
1022,70,7.599312153688489e-05,0,1
11694,70,7.599312153688489e-05,0,1
10306,70,7.599312153688489e-05,0,1
2247,70,7.599312153688489e-05,0,1
4207,70,7.599312153688489e-05,0,1
3811,70,7.599312153688489e-05,0,1
2551,70,7.599312153688489e-05,0,1
368,70,7.599312153688489e-05,0,1
1968,70,7.599312153688489e-05,0,1
4833,70,7.599312153688489e-05,0,1
2592,70,7.599312153688489e-05,0,1
14819,70,7.599312153688489e-05,0,1
6125,70,7.599312153688489e-05,0,1
15449,70,7.599312153688489e-05,0,1
6653,70,7.599312153688489e-05,0,1
5464,70,7.599312153688489e-05,0,1
253,70,7.599312153688489e-05,0,1
4890,70,7.599312153688489e-05,0,1
10563,70,7.599312153688489e-05,0,1
10069,70,7.599312153688489e-05,0,1
4957,70,7.599312153688489e-05,0,1
1563,70,7.599312153688489e-05,0,1
2772,70,7.599312153688489e-05,0,1
448,70,7.599312153688489e-05,0,1
9805,70,7.599312153688489e-05,0,1
8354,70,7.599312153688489e-05,0,1
10026,70,7.599312153688489e-05,0,1
3715,70,7.599312153688489e-05,0,1
1768,70,7.599312153688489e-05,0,1
9689,70,7.599312153688489e-05,0,1
1562,70,7.599312153688489e-05,0,1
4259,70,7.599312153688489e-05,0,1
5369,70,7.599312153688489e-05,0,1
3727,70,7.599312153688489e-05,0,1
10658,70,7.599312153688489e-05,0,1
3294,70,7.599312153688489e-05,0,1
10453,70,7.599312153688489e-05,0,1
829,70,7.599312153688489e-05,0,1
3846,70,7.599312153688489e-05,0,1
2419,69,7.490750551492939e-05,0,1
10416,69,7.490750551492939e-05,0,1
7910,69,7.490750551492939e-05,0,1
6060,69,7.490750551492939e-05,0,1
13033,69,7.490750551492939e-05,0,1
11068,69,7.490750551492939e-05,0,1
10737,69,7.490750551492939e-05,0,1
7073,69,7.490750551492939e-05,0,1
1774,69,7.490750551492939e-05,0,1
11916,69,7.490750551492939e-05,0,1
2083,69,7.490750551492939e-05,0,1
9859,69,7.490750551492939e-05,0,1
7106,69,7.490750551492939e-05,0,1
11042,69,7.490750551492939e-05,0,1
3479,69,7.490750551492939e-05,0,1
4147,69,7.490750551492939e-05,0,1
5770,69,7.490750551492939e-05,0,1
11839,69,7.490750551492939e-05,0,1
79,69,7.490750551492939e-05,0,1
3990,69,7.490750551492939e-05,0,1
4010,69,7.490750551492939e-05,0,1
12088,69,7.490750551492939e-05,0,1
148,69,7.490750551492939e-05,0,1
14121,69,7.490750551492939e-05,0,1
9359,69,7.490750551492939e-05,0,1
2749,69,7.490750551492939e-05,0,1
2132,69,7.490750551492939e-05,0,1
2136,69,7.490750551492939e-05,0,1
605,69,7.490750551492939e-05,0,1
3559,69,7.490750551492939e-05,0,1
4401,69,7.490750551492939e-05,0,1
2590,69,7.490750551492939e-05,0,1
10664,69,7.490750551492939e-05,0,1
4255,69,7.490750551492939e-05,0,1
3965,69,7.490750551492939e-05,0,1
1905,69,7.490750551492939e-05,0,1
2575,69,7.490750551492939e-05,0,1
8781,69,7.490750551492939e-05,0,1
6930,69,7.490750551492939e-05,0,1
3688,69,7.490750551492939e-05,0,1
3684,69,7.490750551492939e-05,0,1
7635,69,7.490750551492939e-05,0,1
2546,69,7.490750551492939e-05,0,1
4790,69,7.490750551492939e-05,0,1
4932,69,7.490750551492939e-05,0,1
9378,69,7.490750551492939e-05,0,1
1247,69,7.490750551492939e-05,0,1
3122,69,7.490750551492939e-05,0,1
13151,69,7.490750551492939e-05,0,1
12064,69,7.490750551492939e-05,0,1
646,69,7.490750551492939e-05,0,1
10298,69,7.490750551492939e-05,0,1
5201,69,7.490750551492939e-05,0,1
4891,69,7.490750551492939e-05,0,1
11730,69,7.490750551492939e-05,0,1
1506,69,7.490750551492939e-05,0,1
3562,69,7.490750551492939e-05,0,1
1002,69,7.490750551492939e-05,0,1
11539,69,7.490750551492939e-05,0,1
7388,69,7.490750551492939e-05,0,1
10281,69,7.490750551492939e-05,0,1
1270,69,7.490750551492939e-05,0,1
9846,69,7.490750551492939e-05,0,1
3020,69,7.490750551492939e-05,0,1
5706,69,7.490750551492939e-05,0,1
7825,69,7.490750551492939e-05,0,1
4606,69,7.490750551492939e-05,0,1
13138,69,7.490750551492939e-05,0,1
4335,68,7.382188949297389e-05,0,1
4548,68,7.382188949297389e-05,0,1
2172,68,7.382188949297389e-05,0,1
8581,68,7.382188949297389e-05,0,1
3942,68,7.382188949297389e-05,0,1
2985,68,7.382188949297389e-05,0,1
13065,68,7.382188949297389e-05,0,1
2442,68,7.382188949297389e-05,0,1
6680,68,7.382188949297389e-05,0,1
9520,68,7.382188949297389e-05,0,1
2233,68,7.382188949297389e-05,0,1
6465,68,7.382188949297389e-05,0,1
6407,68,7.382188949297389e-05,0,1
6909,68,7.382188949297389e-05,0,1
1056,68,7.382188949297389e-05,0,1
6687,68,7.382188949297389e-05,0,1
1108,68,7.382188949297389e-05,0,1
7169,68,7.382188949297389e-05,0,1
1096,68,7.382188949297389e-05,0,1
2477,68,7.382188949297389e-05,0,1
1100,68,7.382188949297389e-05,0,1
8334,68,7.382188949297389e-05,0,1
3059,68,7.382188949297389e-05,0,1
7444,68,7.382188949297389e-05,0,1
6150,68,7.382188949297389e-05,0,1
6156,68,7.382188949297389e-05,0,1
7433,68,7.382188949297389e-05,0,1
8007,68,7.382188949297389e-05,0,1
7915,68,7.382188949297389e-05,0,1
4185,68,7.382188949297389e-05,0,1
2416,68,7.382188949297389e-05,0,1
10517,68,7.382188949297389e-05,0,1
6339,68,7.382188949297389e-05,0,1
7713,68,7.382188949297389e-05,0,1
2166,68,7.382188949297389e-05,0,1
13516,68,7.382188949297389e-05,0,1
4703,68,7.382188949297389e-05,0,1
10425,68,7.382188949297389e-05,0,1
4908,68,7.382188949297389e-05,0,1
3916,68,7.382188949297389e-05,0,1
119,68,7.382188949297389e-05,0,1
114,68,7.382188949297389e-05,0,1
10318,68,7.382188949297389e-05,0,1
11527,68,7.382188949297389e-05,0,1
3087,68,7.382188949297389e-05,0,1
9132,68,7.382188949297389e-05,0,1
8654,68,7.382188949297389e-05,0,1
12047,68,7.382188949297389e-05,0,1
3137,68,7.382188949297389e-05,0,1
11745,68,7.382188949297389e-05,0,1
687,68,7.382188949297389e-05,0,1
9317,68,7.382188949297389e-05,0,1
6504,68,7.382188949297389e-05,0,1
2859,68,7.382188949297389e-05,0,1
10576,68,7.382188949297389e-05,0,1
5866,68,7.382188949297389e-05,0,1
9656,68,7.382188949297389e-05,0,1
9635,68,7.382188949297389e-05,0,1
9403,68,7.382188949297389e-05,0,1
865,68,7.382188949297389e-05,0,1
7564,68,7.382188949297389e-05,0,1
10104,68,7.382188949297389e-05,0,1
3547,68,7.382188949297389e-05,0,1
1140,68,7.382188949297389e-05,0,1
8809,68,7.382188949297389e-05,0,1
3264,68,7.382188949297389e-05,0,1
10283,68,7.382188949297389e-05,0,1
12240,68,7.382188949297389e-05,0,1
10695,68,7.382188949297389e-05,0,1
4663,68,7.382188949297389e-05,0,1
8120,68,7.382188949297389e-05,0,1
8138,68,7.382188949297389e-05,0,1
8479,68,7.382188949297389e-05,0,1
6659,68,7.382188949297389e-05,0,1
8379,68,7.382188949297389e-05,0,1
9200,68,7.382188949297389e-05,0,1
3640,68,7.382188949297389e-05,0,1
5536,68,7.382188949297389e-05,0,1
1332,68,7.382188949297389e-05,0,1
5788,68,7.382188949297389e-05,0,1
8364,68,7.382188949297389e-05,0,1
13293,68,7.382188949297389e-05,0,1
1200,68,7.382188949297389e-05,0,1
8602,68,7.382188949297389e-05,0,1
11441,68,7.382188949297389e-05,0,1
2393,68,7.382188949297389e-05,0,1
9804,68,7.382188949297389e-05,0,1
1517,68,7.382188949297389e-05,0,1
11430,67,7.273627347101839e-05,0,1
4431,67,7.273627347101839e-05,0,1
13292,67,7.273627347101839e-05,0,1
4126,67,7.273627347101839e-05,0,1
6102,67,7.273627347101839e-05,0,1
109,67,7.273627347101839e-05,0,1
10976,67,7.273627347101839e-05,0,1
9120,67,7.273627347101839e-05,0,1
6542,67,7.273627347101839e-05,0,1
6530,67,7.273627347101839e-05,0,1
442,67,7.273627347101839e-05,0,1
3566,67,7.273627347101839e-05,0,1
5535,67,7.273627347101839e-05,0,1
12511,67,7.273627347101839e-05,0,1
4412,67,7.273627347101839e-05,0,1
14636,67,7.273627347101839e-05,0,1
14355,67,7.273627347101839e-05,0,1
6651,67,7.273627347101839e-05,0,1
12233,67,7.273627347101839e-05,0,1
6939,67,7.273627347101839e-05,0,1
958,67,7.273627347101839e-05,0,1
3834,67,7.273627347101839e-05,0,1
8117,67,7.273627347101839e-05,0,1
4791,67,7.273627347101839e-05,0,1
4212,67,7.273627347101839e-05,0,1
2611,67,7.273627347101839e-05,0,1
1280,67,7.273627347101839e-05,0,1
1542,67,7.273627347101839e-05,0,1
198,67,7.273627347101839e-05,0,1
7544,67,7.273627347101839e-05,0,1
9405,67,7.273627347101839e-05,0,1
4033,67,7.273627347101839e-05,0,1
5197,67,7.273627347101839e-05,0,1
5186,67,7.273627347101839e-05,0,1
4628,67,7.273627347101839e-05,0,1
4617,67,7.273627347101839e-05,0,1
1423,67,7.273627347101839e-05,0,1
5549,67,7.273627347101839e-05,0,1
10111,67,7.273627347101839e-05,0,1
1075,67,7.273627347101839e-05,0,1
4945,67,7.273627347101839e-05,0,1
4913,67,7.273627347101839e-05,0,1
10091,67,7.273627347101839e-05,0,1
3463,67,7.273627347101839e-05,0,1
3464,67,7.273627347101839e-05,0,1
11749,67,7.273627347101839e-05,0,1
5915,67,7.273627347101839e-05,0,1
597,67,7.273627347101839e-05,0,1
7311,67,7.273627347101839e-05,0,1
3216,67,7.273627347101839e-05,0,1
5868,67,7.273627347101839e-05,0,1
343,67,7.273627347101839e-05,0,1
7335,67,7.273627347101839e-05,0,1
3147,67,7.273627347101839e-05,0,1
11518,67,7.273627347101839e-05,0,1
11529,67,7.273627347101839e-05,0,1
12038,67,7.273627347101839e-05,0,1
631,67,7.273627347101839e-05,0,1
615,67,7.273627347101839e-05,0,1
5737,67,7.273627347101839e-05,0,1
7898,67,7.273627347101839e-05,0,1
3436,67,7.273627347101839e-05,0,1
2202,67,7.273627347101839e-05,0,1
3334,67,7.273627347101839e-05,0,1
4708,67,7.273627347101839e-05,0,1
9249,67,7.273627347101839e-05,0,1
9718,67,7.273627347101839e-05,0,1
5824,67,7.273627347101839e-05,0,1
3304,67,7.273627347101839e-05,0,1
7718,67,7.273627347101839e-05,0,1
1686,67,7.273627347101839e-05,0,1
11019,67,7.273627347101839e-05,0,1
11020,67,7.273627347101839e-05,0,1
12848,67,7.273627347101839e-05,0,1
1704,67,7.273627347101839e-05,0,1
8028,67,7.273627347101839e-05,0,1
740,67,7.273627347101839e-05,0,1
2907,67,7.273627347101839e-05,0,1
9826,67,7.273627347101839e-05,0,1
9533,67,7.273627347101839e-05,0,1
1335,67,7.273627347101839e-05,0,1
4376,67,7.273627347101839e-05,0,1
6779,67,7.273627347101839e-05,0,1
2653,67,7.273627347101839e-05,0,1
14006,67,7.273627347101839e-05,0,1
6289,67,7.273627347101839e-05,0,1
6195,67,7.273627347101839e-05,0,1
3049,67,7.273627347101839e-05,0,1
692,67,7.273627347101839e-05,0,1
8358,67,7.273627347101839e-05,0,1
12091,67,7.273627347101839e-05,0,1
9074,67,7.273627347101839e-05,0,1
1259,67,7.273627347101839e-05,0,1
5327,67,7.273627347101839e-05,0,1
2455,67,7.273627347101839e-05,0,1
2125,67,7.273627347101839e-05,0,1
6303,67,7.273627347101839e-05,0,1
3957,67,7.273627347101839e-05,0,1
7408,67,7.273627347101839e-05,0,1
10648,67,7.273627347101839e-05,0,1
6756,67,7.273627347101839e-05,0,1
4491,67,7.273627347101839e-05,0,1
1361,67,7.273627347101839e-05,0,1
5798,66,7.165065744906289e-05,0,1
2208,66,7.165065744906289e-05,0,1
2206,66,7.165065744906289e-05,0,1
7598,66,7.165065744906289e-05,0,1
5087,66,7.165065744906289e-05,0,1
4994,66,7.165065744906289e-05,0,1
5922,66,7.165065744906289e-05,0,1
13019,66,7.165065744906289e-05,0,1
11790,66,7.165065744906289e-05,0,1
8234,66,7.165065744906289e-05,0,1
1897,66,7.165065744906289e-05,0,1
5510,66,7.165065744906289e-05,0,1
6424,66,7.165065744906289e-05,0,1
1800,66,7.165065744906289e-05,0,1
11021,66,7.165065744906289e-05,0,1
12066,66,7.165065744906289e-05,0,1
9392,66,7.165065744906289e-05,0,1
5512,66,7.165065744906289e-05,0,1
4023,66,7.165065744906289e-05,0,1
1117,66,7.165065744906289e-05,0,1
7592,66,7.165065744906289e-05,0,1
3449,66,7.165065744906289e-05,0,1
13160,66,7.165065744906289e-05,0,1
1441,66,7.165065744906289e-05,0,1
8762,66,7.165065744906289e-05,0,1
6365,66,7.165065744906289e-05,0,1
9958,66,7.165065744906289e-05,0,1
10528,66,7.165065744906289e-05,0,1
10140,66,7.165065744906289e-05,0,1
7341,66,7.165065744906289e-05,0,1
4764,66,7.165065744906289e-05,0,1
11204,66,7.165065744906289e-05,0,1
12665,66,7.165065744906289e-05,0,1
9302,66,7.165065744906289e-05,0,1
11230,66,7.165065744906289e-05,0,1
11311,66,7.165065744906289e-05,0,1
2557,66,7.165065744906289e-05,0,1
4279,66,7.165065744906289e-05,0,1
2872,66,7.165065744906289e-05,0,1
11172,66,7.165065744906289e-05,0,1
4615,66,7.165065744906289e-05,0,1
15106,66,7.165065744906289e-05,0,1
4435,66,7.165065744906289e-05,0,1
9544,66,7.165065744906289e-05,0,1
10735,66,7.165065744906289e-05,0,1
13777,66,7.165065744906289e-05,0,1
13735,66,7.165065744906289e-05,0,1
1625,66,7.165065744906289e-05,0,1
12973,66,7.165065744906289e-05,0,1
1812,66,7.165065744906289e-05,0,1
6892,66,7.165065744906289e-05,0,1
9595,66,7.165065744906289e-05,0,1
14534,66,7.165065744906289e-05,0,1
6815,66,7.165065744906289e-05,0,1
10981,66,7.165065744906289e-05,0,1
10969,66,7.165065744906289e-05,0,1
10004,66,7.165065744906289e-05,0,1
1297,66,7.165065744906289e-05,0,1
4390,66,7.165065744906289e-05,0,1
14001,66,7.165065744906289e-05,0,1
974,66,7.165065744906289e-05,0,1
8453,66,7.165065744906289e-05,0,1
2254,66,7.165065744906289e-05,0,1
1572,66,7.165065744906289e-05,0,1
7861,66,7.165065744906289e-05,0,1
8084,66,7.165065744906289e-05,0,1
5541,66,7.165065744906289e-05,0,1
5651,66,7.165065744906289e-05,0,1
9227,66,7.165065744906289e-05,0,1
2000,66,7.165065744906289e-05,0,1
10061,66,7.165065744906289e-05,0,1
1702,66,7.165065744906289e-05,0,1
4263,66,7.165065744906289e-05,0,1
9152,66,7.165065744906289e-05,0,1
9136,66,7.165065744906289e-05,0,1
2335,66,7.165065744906289e-05,0,1
1212,66,7.165065744906289e-05,0,1
7974,66,7.165065744906289e-05,0,1
8438,66,7.165065744906289e-05,0,1
65,66,7.165065744906289e-05,0,1
8425,66,7.165065744906289e-05,0,1
7505,66,7.165065744906289e-05,0,1
3873,66,7.165065744906289e-05,0,1
4637,65,7.05650414271074e-05,0,1
8390,65,7.05650414271074e-05,0,1
10064,65,7.05650414271074e-05,0,1
5322,65,7.05650414271074e-05,0,1
8310,65,7.05650414271074e-05,0,1
5779,65,7.05650414271074e-05,0,1
2149,65,7.05650414271074e-05,0,1
7742,65,7.05650414271074e-05,0,1
75,65,7.05650414271074e-05,0,1
5046,65,7.05650414271074e-05,0,1
7785,65,7.05650414271074e-05,0,1
11715,65,7.05650414271074e-05,0,1
1160,65,7.05650414271074e-05,0,1
9878,65,7.05650414271074e-05,0,1
13054,65,7.05650414271074e-05,0,1
1618,65,7.05650414271074e-05,0,1
5889,65,7.05650414271074e-05,0,1
3985,65,7.05650414271074e-05,0,1
10165,65,7.05650414271074e-05,0,1
13112,65,7.05650414271074e-05,0,1
4964,65,7.05650414271074e-05,0,1
8207,65,7.05650414271074e-05,0,1
7584,65,7.05650414271074e-05,0,1
11680,65,7.05650414271074e-05,0,1
2087,65,7.05650414271074e-05,0,1
7863,65,7.05650414271074e-05,0,1
3447,65,7.05650414271074e-05,0,1
3469,65,7.05650414271074e-05,0,1
5745,65,7.05650414271074e-05,0,1
5743,65,7.05650414271074e-05,0,1
5763,65,7.05650414271074e-05,0,1
10493,65,7.05650414271074e-05,0,1
499,65,7.05650414271074e-05,0,1
5620,65,7.05650414271074e-05,0,1
13570,65,7.05650414271074e-05,0,1
3031,65,7.05650414271074e-05,0,1
10435,65,7.05650414271074e-05,0,1
3043,65,7.05650414271074e-05,0,1
3578,65,7.05650414271074e-05,0,1
3101,65,7.05650414271074e-05,0,1
5520,65,7.05650414271074e-05,0,1
4584,65,7.05650414271074e-05,0,1
11115,65,7.05650414271074e-05,0,1
187,65,7.05650414271074e-05,0,1
13379,65,7.05650414271074e-05,0,1
6379,65,7.05650414271074e-05,0,1
910,65,7.05650414271074e-05,0,1
907,65,7.05650414271074e-05,0,1
5193,65,7.05650414271074e-05,0,1
11381,65,7.05650414271074e-05,0,1
6494,65,7.05650414271074e-05,0,1
5182,65,7.05650414271074e-05,0,1
5562,65,7.05650414271074e-05,0,1
2371,65,7.05650414271074e-05,0,1
8182,65,7.05650414271074e-05,0,1
13993,65,7.05650414271074e-05,0,1
15084,65,7.05650414271074e-05,0,1
7361,65,7.05650414271074e-05,0,1
11525,65,7.05650414271074e-05,0,1
10336,65,7.05650414271074e-05,0,1
13316,65,7.05650414271074e-05,0,1
8461,65,7.05650414271074e-05,0,1
6107,65,7.05650414271074e-05,0,1
3465,65,7.05650414271074e-05,0,1
11656,65,7.05650414271074e-05,0,1
8689,65,7.05650414271074e-05,0,1
7427,65,7.05650414271074e-05,0,1
11471,65,7.05650414271074e-05,0,1
4069,65,7.05650414271074e-05,0,1
9084,65,7.05650414271074e-05,0,1
9016,65,7.05650414271074e-05,0,1
12850,65,7.05650414271074e-05,0,1
8451,65,7.05650414271074e-05,0,1
3652,65,7.05650414271074e-05,0,1
3968,65,7.05650414271074e-05,0,1
8991,65,7.05650414271074e-05,0,1
13651,65,7.05650414271074e-05,0,1
8983,65,7.05650414271074e-05,0,1
1809,65,7.05650414271074e-05,0,1
5439,65,7.05650414271074e-05,0,1
6893,65,7.05650414271074e-05,0,1
6869,65,7.05650414271074e-05,0,1
6847,65,7.05650414271074e-05,0,1
1801,65,7.05650414271074e-05,0,1
4520,65,7.05650414271074e-05,0,1
4522,65,7.05650414271074e-05,0,1
4305,64,6.94794254051519e-05,0,1
6604,64,6.94794254051519e-05,0,1
890,64,6.94794254051519e-05,0,1
774,64,6.94794254051519e-05,0,1
6816,64,6.94794254051519e-05,0,1
6904,64,6.94794254051519e-05,0,1
6843,64,6.94794254051519e-05,0,1
6822,64,6.94794254051519e-05,0,1
9456,64,6.94794254051519e-05,0,1
5450,64,6.94794254051519e-05,0,1
3675,64,6.94794254051519e-05,0,1
8397,64,6.94794254051519e-05,0,1
2196,64,6.94794254051519e-05,0,1
5794,64,6.94794254051519e-05,0,1
8919,64,6.94794254051519e-05,0,1
10710,64,6.94794254051519e-05,0,1
9517,64,6.94794254051519e-05,0,1
1324,64,6.94794254051519e-05,0,1
8412,64,6.94794254051519e-05,0,1
12483,64,6.94794254051519e-05,0,1
12441,64,6.94794254051519e-05,0,1
12433,64,6.94794254051519e-05,0,1
80,64,6.94794254051519e-05,0,1
7384,64,6.94794254051519e-05,0,1
7362,64,6.94794254051519e-05,0,1
3088,64,6.94794254051519e-05,0,1
3078,64,6.94794254051519e-05,0,1
7400,64,6.94794254051519e-05,0,1
697,64,6.94794254051519e-05,0,1
6133,64,6.94794254051519e-05,0,1
1213,64,6.94794254051519e-05,0,1
9816,64,6.94794254051519e-05,0,1
7367,64,6.94794254051519e-05,0,1
2023,64,6.94794254051519e-05,0,1
571,64,6.94794254051519e-05,0,1
517,64,6.94794254051519e-05,0,1
1719,64,6.94794254051519e-05,0,1
3490,64,6.94794254051519e-05,0,1
1665,64,6.94794254051519e-05,0,1
10237,64,6.94794254051519e-05,0,1
11695,64,6.94794254051519e-05,0,1
1599,64,6.94794254051519e-05,0,1
1570,64,6.94794254051519e-05,0,1
5749,64,6.94794254051519e-05,0,1
2095,64,6.94794254051519e-05,0,1
3466,64,6.94794254051519e-05,0,1
5101,64,6.94794254051519e-05,0,1
4162,64,6.94794254051519e-05,0,1
10403,64,6.94794254051519e-05,0,1
7243,64,6.94794254051519e-05,0,1
11405,64,6.94794254051519e-05,0,1
13191,64,6.94794254051519e-05,0,1
9258,64,6.94794254051519e-05,0,1
5622,64,6.94794254051519e-05,0,1
5560,64,6.94794254051519e-05,0,1
3460,64,6.94794254051519e-05,0,1
5128,64,6.94794254051519e-05,0,1
952,64,6.94794254051519e-05,0,1
2355,64,6.94794254051519e-05,0,1
717,64,6.94794254051519e-05,0,1
6403,64,6.94794254051519e-05,0,1
6398,64,6.94794254051519e-05,0,1
6362,64,6.94794254051519e-05,0,1
5177,64,6.94794254051519e-05,0,1
11937,64,6.94794254051519e-05,0,1
12675,64,6.94794254051519e-05,0,1
8631,64,6.94794254051519e-05,0,1
12729,64,6.94794254051519e-05,0,1
7141,64,6.94794254051519e-05,0,1
2480,64,6.94794254051519e-05,0,1
13476,64,6.94794254051519e-05,0,1
7192,64,6.94794254051519e-05,0,1
12367,64,6.94794254051519e-05,0,1
4274,64,6.94794254051519e-05,0,1
6499,64,6.94794254051519e-05,0,1
2550,64,6.94794254051519e-05,0,1
11118,64,6.94794254051519e-05,0,1
7068,64,6.94794254051519e-05,0,1
5323,64,6.94794254051519e-05,0,1
5293,64,6.94794254051519e-05,0,1
5284,64,6.94794254051519e-05,0,1
5998,64,6.94794254051519e-05,0,1
7616,64,6.94794254051519e-05,0,1
2135,64,6.94794254051519e-05,0,1
9909,64,6.94794254051519e-05,0,1
11825,64,6.94794254051519e-05,0,1
1181,64,6.94794254051519e-05,0,1
5028,64,6.94794254051519e-05,0,1
4489,64,6.94794254051519e-05,0,1
9580,64,6.94794254051519e-05,0,1
15596,63,6.83938093831964e-05,0,1
9600,63,6.83938093831964e-05,0,1
14242,63,6.83938093831964e-05,0,1
4538,63,6.83938093831964e-05,0,1
14186,63,6.83938093831964e-05,0,1
4360,63,6.83938093831964e-05,0,1
2735,63,6.83938093831964e-05,0,1
3714,63,6.83938093831964e-05,0,1
2529,63,6.83938093831964e-05,0,1
2589,63,6.83938093831964e-05,0,1
8220,63,6.83938093831964e-05,0,1
11179,63,6.83938093831964e-05,0,1
8846,63,6.83938093831964e-05,0,1
9913,63,6.83938093831964e-05,0,1
11831,63,6.83938093831964e-05,0,1
3298,63,6.83938093831964e-05,0,1
3909,63,6.83938093831964e-05,0,1
5051,63,6.83938093831964e-05,0,1
5048,63,6.83938093831964e-05,0,1
12977,63,6.83938093831964e-05,0,1
277,63,6.83938093831964e-05,0,1
8885,63,6.83938093831964e-05,0,1
8607,63,6.83938093831964e-05,0,1
11079,63,6.83938093831964e-05,0,1
6471,63,6.83938093831964e-05,0,1
12312,63,6.83938093831964e-05,0,1
1106,63,6.83938093831964e-05,0,1
6368,63,6.83938093831964e-05,0,1
3835,63,6.83938093831964e-05,0,1
3815,63,6.83938093831964e-05,0,1
1221,63,6.83938093831964e-05,0,1
9783,63,6.83938093831964e-05,0,1
8616,63,6.83938093831964e-05,0,1
5217,63,6.83938093831964e-05,0,1
13442,63,6.83938093831964e-05,0,1
11280,63,6.83938093831964e-05,0,1
7179,63,6.83938093831964e-05,0,1
2475,63,6.83938093831964e-05,0,1
7114,63,6.83938093831964e-05,0,1
11214,63,6.83938093831964e-05,0,1
9832,63,6.83938093831964e-05,0,1
8791,63,6.83938093831964e-05,0,1
5705,63,6.83938093831964e-05,0,1
5999,63,6.83938093831964e-05,0,1
11763,63,6.83938093831964e-05,0,1
3375,63,6.83938093831964e-05,0,1
5841,63,6.83938093831964e-05,0,1
4753,63,6.83938093831964e-05,0,1
4755,63,6.83938093831964e-05,0,1
13514,63,6.83938093831964e-05,0,1
11294,63,6.83938093831964e-05,0,1
6178,63,6.83938093831964e-05,0,1
5626,63,6.83938093831964e-05,0,1
5616,63,6.83938093831964e-05,0,1
4118,63,6.83938093831964e-05,0,1
7324,63,6.83938093831964e-05,0,1
7315,63,6.83938093831964e-05,0,1
5180,63,6.83938093831964e-05,0,1
5168,63,6.83938093831964e-05,0,1
1488,63,6.83938093831964e-05,0,1
9174,63,6.83938093831964e-05,0,1
6111,63,6.83938093831964e-05,0,1
4835,63,6.83938093831964e-05,0,1
170,63,6.83938093831964e-05,0,1
4085,63,6.83938093831964e-05,0,1
11452,63,6.83938093831964e-05,0,1
3109,63,6.83938093831964e-05,0,1
6137,63,6.83938093831964e-05,0,1
6118,63,6.83938093831964e-05,0,1
11924,63,6.83938093831964e-05,0,1
11875,63,6.83938093831964e-05,0,1
1674,63,6.83938093831964e-05,0,1
3492,63,6.83938093831964e-05,0,1
11628,63,6.83938093831964e-05,0,1
668,63,6.83938093831964e-05,0,1
3188,63,6.83938093831964e-05,0,1
3181,63,6.83938093831964e-05,0,1
3156,63,6.83938093831964e-05,0,1
4059,63,6.83938093831964e-05,0,1
1560,63,6.83938093831964e-05,0,1
1546,63,6.83938093831964e-05,0,1
1538,63,6.83938093831964e-05,0,1
5657,63,6.83938093831964e-05,0,1
1044,63,6.83938093831964e-05,0,1
2766,63,6.83938093831964e-05,0,1
6563,63,6.83938093831964e-05,0,1
4571,63,6.83938093831964e-05,0,1
1279,63,6.83938093831964e-05,0,1
10889,63,6.83938093831964e-05,0,1
6864,63,6.83938093831964e-05,0,1
12173,63,6.83938093831964e-05,0,1
5427,63,6.83938093831964e-05,0,1
10673,63,6.83938093831964e-05,0,1
10669,63,6.83938093831964e-05,0,1
6669,63,6.83938093831964e-05,0,1
10726,63,6.83938093831964e-05,0,1
9534,63,6.83938093831964e-05,0,1
10739,63,6.83938093831964e-05,0,1
8393,63,6.83938093831964e-05,0,1
4350,62,6.73081933612409e-05,0,1
69,62,6.73081933612409e-05,0,1
13984,62,6.73081933612409e-05,0,1
12520,62,6.73081933612409e-05,0,1
14824,62,6.73081933612409e-05,0,1
8448,62,6.73081933612409e-05,0,1
8428,62,6.73081933612409e-05,0,1
13878,62,6.73081933612409e-05,0,1
6605,62,6.73081933612409e-05,0,1
14521,62,6.73081933612409e-05,0,1
7005,62,6.73081933612409e-05,0,1
8211,62,6.73081933612409e-05,0,1
9985,62,6.73081933612409e-05,0,1
14298,62,6.73081933612409e-05,0,1
3494,62,6.73081933612409e-05,0,1
11872,62,6.73081933612409e-05,0,1
2041,62,6.73081933612409e-05,0,1
8868,62,6.73081933612409e-05,0,1
1659,62,6.73081933612409e-05,0,1
5810,62,6.73081933612409e-05,0,1
8840,62,6.73081933612409e-05,0,1
12941,62,6.73081933612409e-05,0,1
5647,62,6.73081933612409e-05,0,1
3297,62,6.73081933612409e-05,0,1
7676,62,6.73081933612409e-05,0,1
2179,62,6.73081933612409e-05,0,1
8865,62,6.73081933612409e-05,0,1
1518,62,6.73081933612409e-05,0,1
11537,62,6.73081933612409e-05,0,1
7411,62,6.73081933612409e-05,0,1
2011,62,6.73081933612409e-05,0,1
1080,62,6.73081933612409e-05,0,1
6175,62,6.73081933612409e-05,0,1
7381,62,6.73081933612409e-05,0,1
6166,62,6.73081933612409e-05,0,1
9090,62,6.73081933612409e-05,0,1
7929,62,6.73081933612409e-05,0,1
1554,62,6.73081933612409e-05,0,1
10221,62,6.73081933612409e-05,0,1
7451,62,6.73081933612409e-05,0,1
2102,62,6.73081933612409e-05,0,1
3199,62,6.73081933612409e-05,0,1
11655,62,6.73081933612409e-05,0,1
8656,62,6.73081933612409e-05,0,1
8665,62,6.73081933612409e-05,0,1
8699,62,6.73081933612409e-05,0,1
8526,62,6.73081933612409e-05,0,1
3231,62,6.73081933612409e-05,0,1
5943,62,6.73081933612409e-05,0,1
4588,62,6.73081933612409e-05,0,1
826,62,6.73081933612409e-05,0,1
6876,62,6.73081933612409e-05,0,1
12425,62,6.73081933612409e-05,0,1
4282,62,6.73081933612409e-05,0,1
5424,62,6.73081933612409e-05,0,1
6780,62,6.73081933612409e-05,0,1
1358,62,6.73081933612409e-05,0,1
9472,62,6.73081933612409e-05,0,1
3618,62,6.73081933612409e-05,0,1
397,62,6.73081933612409e-05,0,1
2623,62,6.73081933612409e-05,0,1
2619,62,6.73081933612409e-05,0,1
3269,62,6.73081933612409e-05,0,1
453,62,6.73081933612409e-05,0,1
5704,62,6.73081933612409e-05,0,1
7355,62,6.73081933612409e-05,0,1
5214,62,6.73081933612409e-05,0,1
13355,62,6.73081933612409e-05,0,1
6462,62,6.73081933612409e-05,0,1
6897,62,6.73081933612409e-05,0,1
12683,62,6.73081933612409e-05,0,1
12025,62,6.73081933612409e-05,0,1
10182,62,6.73081933612409e-05,0,1
3023,62,6.73081933612409e-05,0,1
3061,62,6.73081933612409e-05,0,1
10099,62,6.73081933612409e-05,0,1
6252,62,6.73081933612409e-05,0,1
10438,62,6.73081933612409e-05,0,1
9303,62,6.73081933612409e-05,0,1
5119,62,6.73081933612409e-05,0,1
246,62,6.73081933612409e-05,0,1
7638,62,6.73081933612409e-05,0,1
255,62,6.73081933612409e-05,0,1
13644,62,6.73081933612409e-05,0,1
12815,61,6.62225773392854e-05,0,1
8035,61,6.62225773392854e-05,0,1
12870,61,6.62225773392854e-05,0,1
3563,61,6.62225773392854e-05,0,1
1884,61,6.62225773392854e-05,0,1
10693,61,6.62225773392854e-05,0,1
296,61,6.62225773392854e-05,0,1
7023,61,6.62225773392854e-05,0,1
2164,61,6.62225773392854e-05,0,1
10754,61,6.62225773392854e-05,0,1
13798,61,6.62225773392854e-05,0,1
4561,61,6.62225773392854e-05,0,1
13696,61,6.62225773392854e-05,0,1
3352,61,6.62225773392854e-05,0,1
13077,61,6.62225773392854e-05,0,1
3600,61,6.62225773392854e-05,0,1
11815,61,6.62225773392854e-05,0,1
10724,61,6.62225773392854e-05,0,1
1889,61,6.62225773392854e-05,0,1
4090,61,6.62225773392854e-05,0,1
181,61,6.62225773392854e-05,0,1
13241,61,6.62225773392854e-05,0,1
11664,61,6.62225773392854e-05,0,1
8715,61,6.62225773392854e-05,0,1
3441,61,6.62225773392854e-05,0,1
11616,61,6.62225773392854e-05,0,1
6273,61,6.62225773392854e-05,0,1
6308,61,6.62225773392854e-05,0,1
6319,61,6.62225773392854e-05,0,1
13030,61,6.62225773392854e-05,0,1
10150,61,6.62225773392854e-05,0,1
2464,61,6.62225773392854e-05,0,1
11975,61,6.62225773392854e-05,0,1
8179,61,6.62225773392854e-05,0,1
5231,61,6.62225773392854e-05,0,1
12700,61,6.62225773392854e-05,0,1
8614,61,6.62225773392854e-05,0,1
12602,61,6.62225773392854e-05,0,1
1966,61,6.62225773392854e-05,0,1
12582,61,6.62225773392854e-05,0,1
5178,61,6.62225773392854e-05,0,1
9768,61,6.62225773392854e-05,0,1
10371,61,6.62225773392854e-05,0,1
3792,61,6.62225773392854e-05,0,1
3754,61,6.62225773392854e-05,0,1
7416,61,6.62225773392854e-05,0,1
6351,61,6.62225773392854e-05,0,1
8141,61,6.62225773392854e-05,0,1
6347,61,6.62225773392854e-05,0,1
9922,61,6.62225773392854e-05,0,1
2089,61,6.62225773392854e-05,0,1
7939,61,6.62225773392854e-05,0,1
3540,61,6.62225773392854e-05,0,1
10142,61,6.62225773392854e-05,0,1
10326,61,6.62225773392854e-05,0,1
8741,61,6.62225773392854e-05,0,1
2483,61,6.62225773392854e-05,0,1
7247,61,6.62225773392854e-05,0,1
4375,61,6.62225773392854e-05,0,1
4298,61,6.62225773392854e-05,0,1
4475,61,6.62225773392854e-05,0,1
14168,61,6.62225773392854e-05,0,1
580,61,6.62225773392854e-05,0,1
5894,61,6.62225773392854e-05,0,1
5924,61,6.62225773392854e-05,0,1
3275,61,6.62225773392854e-05,0,1
3584,61,6.62225773392854e-05,0,1
676,61,6.62225773392854e-05,0,1
988,61,6.62225773392854e-05,0,1
9205,61,6.62225773392854e-05,0,1
5617,61,6.62225773392854e-05,0,1
1645,61,6.62225773392854e-05,0,1
14296,61,6.62225773392854e-05,0,1
13863,61,6.62225773392854e-05,0,1
6868,61,6.62225773392854e-05,0,1
9379,61,6.62225773392854e-05,0,1
12357,61,6.62225773392854e-05,0,1
3728,61,6.62225773392854e-05,0,1
8543,61,6.62225773392854e-05,0,1
2738,61,6.62225773392854e-05,0,1
95,61,6.62225773392854e-05,0,1
2670,61,6.62225773392854e-05,0,1
9666,61,6.62225773392854e-05,0,1
10960,61,6.62225773392854e-05,0,1
12146,61,6.62225773392854e-05,0,1
1808,61,6.62225773392854e-05,0,1
3696,61,6.62225773392854e-05,0,1
6770,61,6.62225773392854e-05,0,1
6774,61,6.62225773392854e-05,0,1
6681,61,6.62225773392854e-05,0,1
6787,60,6.51369613173299e-05,0,1
4446,60,6.51369613173299e-05,0,1
6675,60,6.51369613173299e-05,0,1
352,60,6.51369613173299e-05,0,1
8510,60,6.51369613173299e-05,0,1
5400,60,6.51369613173299e-05,0,1
5377,60,6.51369613173299e-05,0,1
5380,60,6.51369613173299e-05,0,1
394,60,6.51369613173299e-05,0,1
430,60,6.51369613173299e-05,0,1
4280,60,6.51369613173299e-05,0,1
4257,60,6.51369613173299e-05,0,1
10983,60,6.51369613173299e-05,0,1
10961,60,6.51369613173299e-05,0,1
9386,60,6.51369613173299e-05,0,1
9382,60,6.51369613173299e-05,0,1
2865,60,6.51369613173299e-05,0,1
2860,60,6.51369613173299e-05,0,1
6958,60,6.51369613173299e-05,0,1
6945,60,6.51369613173299e-05,0,1
4590,60,6.51369613173299e-05,0,1
4284,60,6.51369613173299e-05,0,1
12427,60,6.51369613173299e-05,0,1
1775,60,6.51369613173299e-05,0,1
67,60,6.51369613173299e-05,0,1
6724,60,6.51369613173299e-05,0,1
13612,60,6.51369613173299e-05,0,1
3999,60,6.51369613173299e-05,0,1
4977,60,6.51369613173299e-05,0,1
3282,60,6.51369613173299e-05,0,1
10218,60,6.51369613173299e-05,0,1
7649,60,6.51369613173299e-05,0,1
8800,60,6.51369613173299e-05,0,1
7176,60,6.51369613173299e-05,0,1
7151,60,6.51369613173299e-05,0,1
11207,60,6.51369613173299e-05,0,1
13450,60,6.51369613173299e-05,0,1
9333,60,6.51369613173299e-05,0,1
9325,60,6.51369613173299e-05,0,1
8545,60,6.51369613173299e-05,0,1
5256,60,6.51369613173299e-05,0,1
5242,60,6.51369613173299e-05,0,1
3582,60,6.51369613173299e-05,0,1
5608,60,6.51369613173299e-05,0,1
3517,60,6.51369613173299e-05,0,1
9197,60,6.51369613173299e-05,0,1
6258,60,6.51369613173299e-05,0,1
704,60,6.51369613173299e-05,0,1
677,60,6.51369613173299e-05,0,1
11418,60,6.51369613173299e-05,0,1
6185,60,6.51369613173299e-05,0,1
3040,60,6.51369613173299e-05,0,1
2458,60,6.51369613173299e-05,0,1
4762,60,6.51369613173299e-05,0,1
11781,60,6.51369613173299e-05,0,1
2126,60,6.51369613173299e-05,0,1
1969,60,6.51369613173299e-05,0,1
13409,60,6.51369613173299e-05,0,1
13371,60,6.51369613173299e-05,0,1
10550,60,6.51369613173299e-05,0,1
6376,60,6.51369613173299e-05,0,1
11364,60,6.51369613173299e-05,0,1
11029,60,6.51369613173299e-05,0,1
1120,60,6.51369613173299e-05,0,1
1112,60,6.51369613173299e-05,0,1
3808,60,6.51369613173299e-05,0,1
1192,60,6.51369613173299e-05,0,1
4066,60,6.51369613173299e-05,0,1
962,60,6.51369613173299e-05,0,1
13334,60,6.51369613173299e-05,0,1
13291,60,6.51369613173299e-05,0,1
9140,60,6.51369613173299e-05,0,1
11546,60,6.51369613173299e-05,0,1
7390,60,6.51369613173299e-05,0,1
6170,60,6.51369613173299e-05,0,1
933,60,6.51369613173299e-05,0,1
5154,60,6.51369613173299e-05,0,1
3898,60,6.51369613173299e-05,0,1
1957,60,6.51369613173299e-05,0,1
10110,60,6.51369613173299e-05,0,1
7856,60,6.51369613173299e-05,0,1
2323,60,6.51369613173299e-05,0,1
3182,60,6.51369613173299e-05,0,1
6050,60,6.51369613173299e-05,0,1
8637,60,6.51369613173299e-05,0,1
514,60,6.51369613173299e-05,0,1
11899,60,6.51369613173299e-05,0,1
7951,60,6.51369613173299e-05,0,1
10006,60,6.51369613173299e-05,0,1
273,60,6.51369613173299e-05,0,1
8973,60,6.51369613173299e-05,0,1
2175,60,6.51369613173299e-05,0,1
5869,60,6.51369613173299e-05,0,1
7702,60,6.51369613173299e-05,0,1
10203,60,6.51369613173299e-05,0,1
5041,60,6.51369613173299e-05,0,1
9881,60,6.51369613173299e-05,0,1
11786,60,6.51369613173299e-05,0,1
758,60,6.51369613173299e-05,0,1
6800,60,6.51369613173299e-05,0,1
14467,60,6.51369613173299e-05,0,1
10692,60,6.51369613173299e-05,0,1
13692,60,6.51369613173299e-05,0,1
1835,60,6.51369613173299e-05,0,1
12485,60,6.51369613173299e-05,0,1
13927,60,6.51369613173299e-05,0,1
11660,59,6.40513452953744e-05,0,1
8777,59,6.40513452953744e-05,0,1
10883,59,6.40513452953744e-05,0,1
8768,59,6.40513452953744e-05,0,1
686,59,6.40513452953744e-05,0,1
7736,59,6.40513452953744e-05,0,1
7740,59,6.40513452953744e-05,0,1
5050,59,6.40513452953744e-05,0,1
13318,59,6.40513452953744e-05,0,1
2995,59,6.40513452953744e-05,0,1
8985,59,6.40513452953744e-05,0,1
8955,59,6.40513452953744e-05,0,1
8867,59,6.40513452953744e-05,0,1
10766,59,6.40513452953744e-05,0,1
10813,59,6.40513452953744e-05,0,1
5477,59,6.40513452953744e-05,0,1
12184,59,6.40513452953744e-05,0,1
10979,59,6.40513452953744e-05,0,1
10105,59,6.40513452953744e-05,0,1
10169,59,6.40513452953744e-05,0,1
9924,59,6.40513452953744e-05,0,1
12632,59,6.40513452953744e-05,0,1
7256,59,6.40513452953744e-05,0,1
5131,59,6.40513452953744e-05,0,1
8690,59,6.40513452953744e-05,0,1
6573,59,6.40513452953744e-05,0,1
14304,59,6.40513452953744e-05,0,1
7216,59,6.40513452953744e-05,0,1
4275,59,6.40513452953744e-05,0,1
766,59,6.40513452953744e-05,0,1
9182,59,6.40513452953744e-05,0,1
8315,59,6.40513452953744e-05,0,1
7972,59,6.40513452953744e-05,0,1
12581,59,6.40513452953744e-05,0,1
6238,59,6.40513452953744e-05,0,1
4095,59,6.40513452953744e-05,0,1
7170,59,6.40513452953744e-05,0,1
6755,59,6.40513452953744e-05,0,1
9810,59,6.40513452953744e-05,0,1
5760,59,6.40513452953744e-05,0,1
10593,59,6.40513452953744e-05,0,1
3045,59,6.40513452953744e-05,0,1
6645,59,6.40513452953744e-05,0,1
6643,59,6.40513452953744e-05,0,1
39,59,6.40513452953744e-05,0,1
804,59,6.40513452953744e-05,0,1
821,59,6.40513452953744e-05,0,1
1582,59,6.40513452953744e-05,0,1
11268,59,6.40513452953744e-05,0,1
11306,59,6.40513452953744e-05,0,1
11238,59,6.40513452953744e-05,0,1
2020,59,6.40513452953744e-05,0,1
8078,59,6.40513452953744e-05,0,1
5353,59,6.40513452953744e-05,0,1
15047,59,6.40513452953744e-05,0,1
3755,59,6.40513452953744e-05,0,1
3564,59,6.40513452953744e-05,0,1
10119,59,6.40513452953744e-05,0,1
2338,59,6.40513452953744e-05,0,1
14205,59,6.40513452953744e-05,0,1
5537,59,6.40513452953744e-05,0,1
4986,59,6.40513452953744e-05,0,1
8806,59,6.40513452953744e-05,0,1
4504,59,6.40513452953744e-05,0,1
608,59,6.40513452953744e-05,0,1
4408,59,6.40513452953744e-05,0,1
2499,59,6.40513452953744e-05,0,1
2061,59,6.40513452953744e-05,0,1
3710,59,6.40513452953744e-05,0,1
6183,59,6.40513452953744e-05,0,1
6901,59,6.40513452953744e-05,0,1
5216,59,6.40513452953744e-05,0,1
6788,59,6.40513452953744e-05,0,1
8344,59,6.40513452953744e-05,0,1
5259,59,6.40513452953744e-05,0,1
9150,59,6.40513452953744e-05,0,1
1520,59,6.40513452953744e-05,0,1
13205,59,6.40513452953744e-05,0,1
3056,59,6.40513452953744e-05,0,1
13217,59,6.40513452953744e-05,0,1
11410,59,6.40513452953744e-05,0,1
14369,59,6.40513452953744e-05,0,1
6059,59,6.40513452953744e-05,0,1
9670,59,6.40513452953744e-05,0,1
4199,59,6.40513452953744e-05,0,1
4659,59,6.40513452953744e-05,0,1
2523,59,6.40513452953744e-05,0,1
11274,59,6.40513452953744e-05,0,1
5307,59,6.40513452953744e-05,0,1
7075,59,6.40513452953744e-05,0,1
10434,59,6.40513452953744e-05,0,1
491,59,6.40513452953744e-05,0,1
9355,59,6.40513452953744e-05,0,1
10372,59,6.40513452953744e-05,0,1
3669,59,6.40513452953744e-05,0,1
7249,58,6.296572927341891e-05,0,1
12277,58,6.296572927341891e-05,0,1
4995,58,6.296572927341891e-05,0,1
8775,58,6.296572927341891e-05,0,1
12389,58,6.296572927341891e-05,0,1
9009,58,6.296572927341891e-05,0,1
2821,58,6.296572927341891e-05,0,1
1722,58,6.296572927341891e-05,0,1
8995,58,6.296572927341891e-05,0,1
13315,58,6.296572927341891e-05,0,1
2804,58,6.296572927341891e-05,0,1
13343,58,6.296572927341891e-05,0,1
1643,58,6.296572927341891e-05,0,1
14062,58,6.296572927341891e-05,0,1
7316,58,6.296572927341891e-05,0,1
15628,58,6.296572927341891e-05,0,1
11494,58,6.296572927341891e-05,0,1
9916,58,6.296572927341891e-05,0,1
6632,58,6.296572927341891e-05,0,1
3345,58,6.296572927341891e-05,0,1
11402,58,6.296572927341891e-05,0,1
13740,58,6.296572927341891e-05,0,1
972,58,6.296572927341891e-05,0,1
4155,58,6.296572927341891e-05,0,1
4805,58,6.296572927341891e-05,0,1
6814,58,6.296572927341891e-05,0,1
9119,58,6.296572927341891e-05,0,1
11058,58,6.296572927341891e-05,0,1
8430,58,6.296572927341891e-05,0,1
3680,58,6.296572927341891e-05,0,1
9802,58,6.296572927341891e-05,0,1
1458,58,6.296572927341891e-05,0,1
4115,58,6.296572927341891e-05,0,1
10912,58,6.296572927341891e-05,0,1
8532,58,6.296572927341891e-05,0,1
1803,58,6.296572927341891e-05,0,1
8525,58,6.296572927341891e-05,0,1
1822,58,6.296572927341891e-05,0,1
10933,58,6.296572927341891e-05,0,1
4050,58,6.296572927341891e-05,0,1
8528,58,6.296572927341891e-05,0,1
1568,58,6.296572927341891e-05,0,1
13593,58,6.296572927341891e-05,0,1
7168,58,6.296572927341891e-05,0,1
7096,58,6.296572927341891e-05,0,1
9793,58,6.296572927341891e-05,0,1
895,58,6.296572927341891e-05,0,1
818,58,6.296572927341891e-05,0,1
6611,58,6.296572927341891e-05,0,1
5833,58,6.296572927341891e-05,0,1
12980,58,6.296572927341891e-05,0,1
3741,58,6.296572927341891e-05,0,1
1427,58,6.296572927341891e-05,0,1
3262,58,6.296572927341891e-05,0,1
290,58,6.296572927341891e-05,0,1
12018,58,6.296572927341891e-05,0,1
14407,58,6.296572927341891e-05,0,1
9340,58,6.296572927341891e-05,0,1
3150,58,6.296572927341891e-05,0,1
2613,58,6.296572927341891e-05,0,1
9343,58,6.296572927341891e-05,0,1
8114,58,6.296572927341891e-05,0,1
6982,58,6.296572927341891e-05,0,1
8154,58,6.296572927341891e-05,0,1
6035,58,6.296572927341891e-05,0,1
6938,58,6.296572927341891e-05,0,1
9376,58,6.296572927341891e-05,0,1
7052,58,6.296572927341891e-05,0,1
9460,58,6.296572927341891e-05,0,1
1357,58,6.296572927341891e-05,0,1
4186,58,6.296572927341891e-05,0,1
7507,58,6.296572927341891e-05,0,1
2340,58,6.296572927341891e-05,0,1
1159,58,6.296572927341891e-05,0,1
12754,58,6.296572927341891e-05,0,1
5526,58,6.296572927341891e-05,0,1
9967,58,6.296572927341891e-05,0,1
93,58,6.296572927341891e-05,0,1
14196,58,6.296572927341891e-05,0,1
4395,58,6.296572927341891e-05,0,1
11696,58,6.296572927341891e-05,0,1
622,57,6.188011325146341e-05,0,1
4464,57,6.188011325146341e-05,0,1
7481,57,6.188011325146341e-05,0,1
4480,57,6.188011325146341e-05,0,1
7430,57,6.188011325146341e-05,0,1
6380,57,6.188011325146341e-05,0,1
1610,57,6.188011325146341e-05,0,1
4554,57,6.188011325146341e-05,0,1
14239,57,6.188011325146341e-05,0,1
10077,57,6.188011325146341e-05,0,1
8002,57,6.188011325146341e-05,0,1
8020,57,6.188011325146341e-05,0,1
1383,57,6.188011325146341e-05,0,1
4172,57,6.188011325146341e-05,0,1
4556,57,6.188011325146341e-05,0,1
5398,57,6.188011325146341e-05,0,1
1609,57,6.188011325146341e-05,0,1
9574,57,6.188011325146341e-05,0,1
7015,57,6.188011325146341e-05,0,1
8915,57,6.188011325146341e-05,0,1
13286,57,6.188011325146341e-05,0,1
9664,57,6.188011325146341e-05,0,1
2033,57,6.188011325146341e-05,0,1
2036,57,6.188011325146341e-05,0,1
14402,57,6.188011325146341e-05,0,1
2027,57,6.188011325146341e-05,0,1
492,57,6.188011325146341e-05,0,1
3760,57,6.188011325146341e-05,0,1
2567,57,6.188011325146341e-05,0,1
8638,57,6.188011325146341e-05,0,1
6574,57,6.188011325146341e-05,0,1
8112,57,6.188011325146341e-05,0,1
15795,57,6.188011325146341e-05,0,1
6309,57,6.188011325146341e-05,0,1
5124,57,6.188011325146341e-05,0,1
9011,57,6.188011325146341e-05,0,1
1597,57,6.188011325146341e-05,0,1
8903,57,6.188011325146341e-05,0,1
12377,57,6.188011325146341e-05,0,1
8678,57,6.188011325146341e-05,0,1
9145,57,6.188011325146341e-05,0,1
8362,57,6.188011325146341e-05,0,1
10276,57,6.188011325146341e-05,0,1
1691,57,6.188011325146341e-05,0,1
1515,57,6.188011325146341e-05,0,1
6174,57,6.188011325146341e-05,0,1
3818,57,6.188011325146341e-05,0,1
10566,57,6.188011325146341e-05,0,1
1860,57,6.188011325146341e-05,0,1
4122,57,6.188011325146341e-05,0,1
3115,57,6.188011325146341e-05,0,1
5151,57,6.188011325146341e-05,0,1
3843,57,6.188011325146341e-05,0,1
6231,57,6.188011325146341e-05,0,1
10568,57,6.188011325146341e-05,0,1
14529,57,6.188011325146341e-05,0,1
7917,57,6.188011325146341e-05,0,1
1842,57,6.188011325146341e-05,0,1
6264,57,6.188011325146341e-05,0,1
8238,57,6.188011325146341e-05,0,1
13760,57,6.188011325146341e-05,0,1
978,57,6.188011325146341e-05,0,1
10486,57,6.188011325146341e-05,0,1
1944,57,6.188011325146341e-05,0,1
6916,57,6.188011325146341e-05,0,1
10982,57,6.188011325146341e-05,0,1
10978,57,6.188011325146341e-05,0,1
4001,57,6.188011325146341e-05,0,1
3430,57,6.188011325146341e-05,0,1
6696,57,6.188011325146341e-05,0,1
9934,57,6.188011325146341e-05,0,1
9930,57,6.188011325146341e-05,0,1
9887,57,6.188011325146341e-05,0,1
7857,57,6.188011325146341e-05,0,1
6844,57,6.188011325146341e-05,0,1
4817,57,6.188011325146341e-05,0,1
2933,57,6.188011325146341e-05,0,1
12282,57,6.188011325146341e-05,0,1
10116,57,6.188011325146341e-05,0,1
1179,57,6.188011325146341e-05,0,1
14013,57,6.188011325146341e-05,0,1
2894,57,6.188011325146341e-05,0,1
9921,57,6.188011325146341e-05,0,1
7710,57,6.188011325146341e-05,0,1
3461,57,6.188011325146341e-05,0,1
8816,57,6.188011325146341e-05,0,1
7406,57,6.188011325146341e-05,0,1
2352,57,6.188011325146341e-05,0,1
11455,57,6.188011325146341e-05,0,1
10632,57,6.188011325146341e-05,0,1
7969,57,6.188011325146341e-05,0,1
7117,57,6.188011325146341e-05,0,1
3672,57,6.188011325146341e-05,0,1
15143,57,6.188011325146341e-05,0,1
3053,57,6.188011325146341e-05,0,1
1215,57,6.188011325146341e-05,0,1
10163,57,6.188011325146341e-05,0,1
8455,57,6.188011325146341e-05,0,1
3624,56,6.0794497229507914e-05,0,1
8026,56,6.0794497229507914e-05,0,1
2037,56,6.0794497229507914e-05,0,1
10332,56,6.0794497229507914e-05,0,1
3757,56,6.0794497229507914e-05,0,1
634,56,6.0794497229507914e-05,0,1
4361,56,6.0794497229507914e-05,0,1
8843,56,6.0794497229507914e-05,0,1
4398,56,6.0794497229507914e-05,0,1
11619,56,6.0794497229507914e-05,0,1
4175,56,6.0794497229507914e-05,0,1
4726,56,6.0794497229507914e-05,0,1
9338,56,6.0794497229507914e-05,0,1
13059,56,6.0794497229507914e-05,0,1
6952,56,6.0794497229507914e-05,0,1
756,56,6.0794497229507914e-05,0,1
13973,56,6.0794497229507914e-05,0,1
12388,56,6.0794497229507914e-05,0,1
10690,56,6.0794497229507914e-05,0,1
374,56,6.0794497229507914e-05,0,1
1349,56,6.0794497229507914e-05,0,1
10277,56,6.0794497229507914e-05,0,1
5347,56,6.0794497229507914e-05,0,1
6412,56,6.0794497229507914e-05,0,1
9548,56,6.0794497229507914e-05,0,1
1003,56,6.0794497229507914e-05,0,1
10803,56,6.0794497229507914e-05,0,1
167,56,6.0794497229507914e-05,0,1
2914,56,6.0794497229507914e-05,0,1
6390,56,6.0794497229507914e-05,0,1
1081,56,6.0794497229507914e-05,0,1
3936,56,6.0794497229507914e-05,0,1
4714,56,6.0794497229507914e-05,0,1
2509,56,6.0794497229507914e-05,0,1
9735,56,6.0794497229507914e-05,0,1
1253,56,6.0794497229507914e-05,0,1
10972,56,6.0794497229507914e-05,0,1
820,56,6.0794497229507914e-05,0,1
12626,56,6.0794497229507914e-05,0,1
6695,56,6.0794497229507914e-05,0,1
4244,56,6.0794497229507914e-05,0,1
4648,56,6.0794497229507914e-05,0,1
13122,56,6.0794497229507914e-05,0,1
263,56,6.0794497229507914e-05,0,1
9180,56,6.0794497229507914e-05,0,1
1479,56,6.0794497229507914e-05,0,1
938,56,6.0794497229507914e-05,0,1
5267,56,6.0794497229507914e-05,0,1
14358,56,6.0794497229507914e-05,0,1
14924,56,6.0794497229507914e-05,0,1
9270,56,6.0794497229507914e-05,0,1
7160,56,6.0794497229507914e-05,0,1
7166,56,6.0794497229507914e-05,0,1
2681,56,6.0794497229507914e-05,0,1
2687,56,6.0794497229507914e-05,0,1
8423,56,6.0794497229507914e-05,0,1
9044,56,6.0794497229507914e-05,0,1
9046,56,6.0794497229507914e-05,0,1
8407,56,6.0794497229507914e-05,0,1
528,56,6.0794497229507914e-05,0,1
6205,56,6.0794497229507914e-05,0,1
8375,56,6.0794497229507914e-05,0,1
6230,56,6.0794497229507914e-05,0,1
3682,56,6.0794497229507914e-05,0,1
8229,56,6.0794497229507914e-05,0,1
8245,56,6.0794497229507914e-05,0,1
5806,56,6.0794497229507914e-05,0,1
5816,56,6.0794497229507914e-05,0,1
13772,56,6.0794497229507914e-05,0,1
3179,56,6.0794497229507914e-05,0,1
12521,56,6.0794497229507914e-05,0,1
3798,56,6.0794497229507914e-05,0,1
2456,56,6.0794497229507914e-05,0,1
13779,56,6.0794497229507914e-05,0,1
10262,56,6.0794497229507914e-05,0,1
10629,56,6.0794497229507914e-05,0,1
3371,56,6.0794497229507914e-05,0,1
8309,56,6.0794497229507914e-05,0,1
10504,56,6.0794497229507914e-05,0,1
9785,56,6.0794497229507914e-05,0,1
14888,56,6.0794497229507914e-05,0,1
14885,56,6.0794497229507914e-05,0,1
404,56,6.0794497229507914e-05,0,1
10525,56,6.0794497229507914e-05,0,1
11158,56,6.0794497229507914e-05,0,1
480,56,6.0794497229507914e-05,0,1
13711,56,6.0794497229507914e-05,0,1
12071,56,6.0794497229507914e-05,0,1
13225,56,6.0794497229507914e-05,0,1
2902,56,6.0794497229507914e-05,0,1
11579,56,6.0794497229507914e-05,0,1
10860,56,6.0794497229507914e-05,0,1
10873,56,6.0794497229507914e-05,0,1
13179,56,6.0794497229507914e-05,0,1
1671,56,6.0794497229507914e-05,0,1
7639,56,6.0794497229507914e-05,0,1
14122,56,6.0794497229507914e-05,0,1
7554,56,6.0794497229507914e-05,0,1
2881,56,6.0794497229507914e-05,0,1
10015,56,6.0794497229507914e-05,0,1
7392,56,6.0794497229507914e-05,0,1
3967,56,6.0794497229507914e-05,0,1
5639,56,6.0794497229507914e-05,0,1
1070,56,6.0794497229507914e-05,0,1
1170,55,5.9708881207552415e-05,0,1
3477,55,5.9708881207552415e-05,0,1
3970,55,5.9708881207552415e-05,0,1
1174,55,5.9708881207552415e-05,0,1
11733,55,5.9708881207552415e-05,0,1
5026,55,5.9708881207552415e-05,0,1
7314,55,5.9708881207552415e-05,0,1
11464,55,5.9708881207552415e-05,0,1
14024,55,5.9708881207552415e-05,0,1
4344,55,5.9708881207552415e-05,0,1
12722,55,5.9708881207552415e-05,0,1
11740,55,5.9708881207552415e-05,0,1
13597,55,5.9708881207552415e-05,0,1
1863,55,5.9708881207552415e-05,0,1
6783,55,5.9708881207552415e-05,0,1
220,55,5.9708881207552415e-05,0,1
1874,55,5.9708881207552415e-05,0,1
4654,55,5.9708881207552415e-05,0,1
1540,55,5.9708881207552415e-05,0,1
1828,55,5.9708881207552415e-05,0,1
11097,55,5.9708881207552415e-05,0,1
13633,55,5.9708881207552415e-05,0,1
1639,55,5.9708881207552415e-05,0,1
2637,55,5.9708881207552415e-05,0,1
10871,55,5.9708881207552415e-05,0,1
4992,55,5.9708881207552415e-05,0,1
12257,55,5.9708881207552415e-05,0,1
2891,55,5.9708881207552415e-05,0,1
5232,55,5.9708881207552415e-05,0,1
12102,55,5.9708881207552415e-05,0,1
10470,55,5.9708881207552415e-05,0,1
472,55,5.9708881207552415e-05,0,1
8305,55,5.9708881207552415e-05,0,1
9765,55,5.9708881207552415e-05,0,1
6941,55,5.9708881207552415e-05,0,1
11971,55,5.9708881207552415e-05,0,1
6851,55,5.9708881207552415e-05,0,1
9796,55,5.9708881207552415e-05,0,1
3930,55,5.9708881207552415e-05,0,1
3933,55,5.9708881207552415e-05,0,1
11878,55,5.9708881207552415e-05,0,1
10764,55,5.9708881207552415e-05,0,1
6387,55,5.9708881207552415e-05,0,1
6340,55,5.9708881207552415e-05,0,1
11686,55,5.9708881207552415e-05,0,1
13366,55,5.9708881207552415e-05,0,1
7615,55,5.9708881207552415e-05,0,1
7652,55,5.9708881207552415e-05,0,1
7657,55,5.9708881207552415e-05,0,1
7646,55,5.9708881207552415e-05,0,1
13464,55,5.9708881207552415e-05,0,1
7844,55,5.9708881207552415e-05,0,1
3210,55,5.9708881207552415e-05,0,1
9471,55,5.9708881207552415e-05,0,1
1980,55,5.9708881207552415e-05,0,1
5975,55,5.9708881207552415e-05,0,1
7083,55,5.9708881207552415e-05,0,1
14303,55,5.9708881207552415e-05,0,1
7832,55,5.9708881207552415e-05,0,1
11184,55,5.9708881207552415e-05,0,1
4937,55,5.9708881207552415e-05,0,1
6637,55,5.9708881207552415e-05,0,1
9908,55,5.9708881207552415e-05,0,1
1037,55,5.9708881207552415e-05,0,1
5663,55,5.9708881207552415e-05,0,1
9866,55,5.9708881207552415e-05,0,1
8233,55,5.9708881207552415e-05,0,1
9699,55,5.9708881207552415e-05,0,1
3021,55,5.9708881207552415e-05,0,1
3185,55,5.9708881207552415e-05,0,1
12514,55,5.9708881207552415e-05,0,1
8223,55,5.9708881207552415e-05,0,1
1487,55,5.9708881207552415e-05,0,1
2478,55,5.9708881207552415e-05,0,1
11043,55,5.9708881207552415e-05,0,1
733,55,5.9708881207552415e-05,0,1
8936,55,5.9708881207552415e-05,0,1
386,55,5.9708881207552415e-05,0,1
10345,55,5.9708881207552415e-05,0,1
13289,55,5.9708881207552415e-05,0,1
1753,55,5.9708881207552415e-05,0,1
6522,55,5.9708881207552415e-05,0,1
3917,55,5.9708881207552415e-05,0,1
3907,55,5.9708881207552415e-05,0,1
12646,55,5.9708881207552415e-05,0,1
10089,55,5.9708881207552415e-05,0,1
5629,55,5.9708881207552415e-05,0,1
10095,55,5.9708881207552415e-05,0,1
9516,55,5.9708881207552415e-05,0,1
9564,55,5.9708881207552415e-05,0,1
4692,55,5.9708881207552415e-05,0,1
2014,55,5.9708881207552415e-05,0,1
13449,55,5.9708881207552415e-05,0,1
13945,55,5.9708881207552415e-05,0,1
3038,55,5.9708881207552415e-05,0,1
6274,55,5.9708881207552415e-05,0,1
2165,55,5.9708881207552415e-05,0,1
10384,55,5.9708881207552415e-05,0,1
13323,55,5.9708881207552415e-05,0,1
8927,55,5.9708881207552415e-05,0,1
10386,55,5.9708881207552415e-05,0,1
10251,54,5.8623265185596915e-05,0,1
759,54,5.8623265185596915e-05,0,1
7946,54,5.8623265185596915e-05,0,1
3329,54,5.8623265185596915e-05,0,1
9166,54,5.8623265185596915e-05,0,1
7953,54,5.8623265185596915e-05,0,1
9171,54,5.8623265185596915e-05,0,1
10822,54,5.8623265185596915e-05,0,1
12301,54,5.8623265185596915e-05,0,1
5630,54,5.8623265185596915e-05,0,1
3459,54,5.8623265185596915e-05,0,1
7477,54,5.8623265185596915e-05,0,1
1097,54,5.8623265185596915e-05,0,1
917,54,5.8623265185596915e-05,0,1
6186,54,5.8623265185596915e-05,0,1
12609,54,5.8623265185596915e-05,0,1
9762,54,5.8623265185596915e-05,0,1
12820,54,5.8623265185596915e-05,0,1
5761,54,5.8623265185596915e-05,0,1
4128,54,5.8623265185596915e-05,0,1
11102,54,5.8623265185596915e-05,0,1
12489,54,5.8623265185596915e-05,0,1
10539,54,5.8623265185596915e-05,0,1
12819,54,5.8623265185596915e-05,0,1
10845,54,5.8623265185596915e-05,0,1
13437,54,5.8623265185596915e-05,0,1
2248,54,5.8623265185596915e-05,0,1
4516,54,5.8623265185596915e-05,0,1
7553,54,5.8623265185596915e-05,0,1
11648,54,5.8623265185596915e-05,0,1
636,54,5.8623265185596915e-05,0,1
1104,54,5.8623265185596915e-05,0,1
10002,54,5.8623265185596915e-05,0,1
2198,54,5.8623265185596915e-05,0,1
12273,54,5.8623265185596915e-05,0,1
12279,54,5.8623265185596915e-05,0,1
3057,54,5.8623265185596915e-05,0,1
2638,54,5.8623265185596915e-05,0,1
4882,54,5.8623265185596915e-05,0,1
8133,54,5.8623265185596915e-05,0,1
12523,54,5.8623265185596915e-05,0,1
1412,54,5.8623265185596915e-05,0,1
9417,54,5.8623265185596915e-05,0,1
5929,54,5.8623265185596915e-05,0,1
11363,54,5.8623265185596915e-05,0,1
9493,54,5.8623265185596915e-05,0,1
4893,54,5.8623265185596915e-05,0,1
14653,54,5.8623265185596915e-05,0,1
13536,54,5.8623265185596915e-05,0,1
11023,54,5.8623265185596915e-05,0,1
4909,54,5.8623265185596915e-05,0,1
3425,54,5.8623265185596915e-05,0,1
1060,54,5.8623265185596915e-05,0,1
6628,54,5.8623265185596915e-05,0,1
8561,54,5.8623265185596915e-05,0,1
3686,54,5.8623265185596915e-05,0,1
7862,54,5.8623265185596915e-05,0,1
7932,54,5.8623265185596915e-05,0,1
2104,54,5.8623265185596915e-05,0,1
9277,54,5.8623265185596915e-05,0,1
9216,54,5.8623265185596915e-05,0,1
3883,54,5.8623265185596915e-05,0,1
13251,54,5.8623265185596915e-05,0,1
3799,54,5.8623265185596915e-05,0,1
9305,54,5.8623265185596915e-05,0,1
5152,54,5.8623265185596915e-05,0,1
4769,54,5.8623265185596915e-05,0,1
11940,54,5.8623265185596915e-05,0,1
11421,54,5.8623265185596915e-05,0,1
5449,54,5.8623265185596915e-05,0,1
1274,54,5.8623265185596915e-05,0,1
6122,54,5.8623265185596915e-05,0,1
6095,54,5.8623265185596915e-05,0,1
10395,54,5.8623265185596915e-05,0,1
1453,54,5.8623265185596915e-05,0,1
13115,54,5.8623265185596915e-05,0,1
9173,54,5.8623265185596915e-05,0,1
4595,54,5.8623265185596915e-05,0,1
4691,54,5.8623265185596915e-05,0,1
13341,54,5.8623265185596915e-05,0,1
3029,54,5.8623265185596915e-05,0,1
1211,54,5.8623265185596915e-05,0,1
1598,54,5.8623265185596915e-05,0,1
4740,54,5.8623265185596915e-05,0,1
8079,54,5.8623265185596915e-05,0,1
15482,54,5.8623265185596915e-05,0,1
7007,54,5.8623265185596915e-05,0,1
5881,54,5.8623265185596915e-05,0,1
5896,54,5.8623265185596915e-05,0,1
10723,54,5.8623265185596915e-05,0,1
5056,54,5.8623265185596915e-05,0,1
10751,54,5.8623265185596915e-05,0,1
10716,54,5.8623265185596915e-05,0,1
10770,54,5.8623265185596915e-05,0,1
10352,54,5.8623265185596915e-05,0,1
10780,54,5.8623265185596915e-05,0,1
7352,54,5.8623265185596915e-05,0,1
7614,54,5.8623265185596915e-05,0,1
11542,54,5.8623265185596915e-05,0,1
13365,54,5.8623265185596915e-05,0,1
11775,54,5.8623265185596915e-05,0,1
4478,54,5.8623265185596915e-05,0,1
89,54,5.8623265185596915e-05,0,1
5609,53,5.7537649163641416e-05,0,1
11722,53,5.7537649163641416e-05,0,1
7476,53,5.7537649163641416e-05,0,1
12681,53,5.7537649163641416e-05,0,1
610,53,5.7537649163641416e-05,0,1
9947,53,5.7537649163641416e-05,0,1
10066,53,5.7537649163641416e-05,0,1
606,53,5.7537649163641416e-05,0,1
11699,53,5.7537649163641416e-05,0,1
1318,53,5.7537649163641416e-05,0,1
5852,53,5.7537649163641416e-05,0,1
12364,53,5.7537649163641416e-05,0,1
6537,53,5.7537649163641416e-05,0,1
2789,53,5.7537649163641416e-05,0,1
8667,53,5.7537649163641416e-05,0,1
3947,53,5.7537649163641416e-05,0,1
2870,53,5.7537649163641416e-05,0,1
14830,53,5.7537649163641416e-05,0,1
420,53,5.7537649163641416e-05,0,1
12306,53,5.7537649163641416e-05,0,1
10800,53,5.7537649163641416e-05,0,1
447,53,5.7537649163641416e-05,0,1
2917,53,5.7537649163641416e-05,0,1
8877,53,5.7537649163641416e-05,0,1
10778,53,5.7537649163641416e-05,0,1
10783,53,5.7537649163641416e-05,0,1
5058,53,5.7537649163641416e-05,0,1
4675,53,5.7537649163641416e-05,0,1
2078,53,5.7537649163641416e-05,0,1
7087,53,5.7537649163641416e-05,0,1
9501,53,5.7537649163641416e-05,0,1
10307,53,5.7537649163641416e-05,0,1
9416,53,5.7537649163641416e-05,0,1
13013,53,5.7537649163641416e-05,0,1
8011,53,5.7537649163641416e-05,0,1
3241,53,5.7537649163641416e-05,0,1
4188,53,5.7537649163641416e-05,0,1
4686,53,5.7537649163641416e-05,0,1
2017,53,5.7537649163641416e-05,0,1
8099,53,5.7537649163641416e-05,0,1
13068,53,5.7537649163641416e-05,0,1
8165,53,5.7537649163641416e-05,0,1
10385,53,5.7537649163641416e-05,0,1
4733,53,5.7537649163641416e-05,0,1
1956,53,5.7537649163641416e-05,0,1
8149,53,5.7537649163641416e-05,0,1
4929,53,5.7537649163641416e-05,0,1
4930,53,5.7537649163641416e-05,0,1
13547,53,5.7537649163641416e-05,0,1
2751,53,5.7537649163641416e-05,0,1
6624,53,5.7537649163641416e-05,0,1
2736,53,5.7537649163641416e-05,0,1
8938,53,5.7537649163641416e-05,0,1
8950,53,5.7537649163641416e-05,0,1
12230,53,5.7537649163641416e-05,0,1
1744,53,5.7537649163641416e-05,0,1
6557,53,5.7537649163641416e-05,0,1
3711,53,5.7537649163641416e-05,0,1
12594,53,5.7537649163641416e-05,0,1
10291,53,5.7537649163641416e-05,0,1
6973,53,5.7537649163641416e-05,0,1
526,53,5.7537649163641416e-05,0,1
3707,53,5.7537649163641416e-05,0,1
2100,53,5.7537649163641416e-05,0,1
407,53,5.7537649163641416e-05,0,1
9725,53,5.7537649163641416e-05,0,1
7923,53,5.7537649163641416e-05,0,1
2495,53,5.7537649163641416e-05,0,1
2496,53,5.7537649163641416e-05,0,1
9293,53,5.7537649163641416e-05,0,1
8254,53,5.7537649163641416e-05,0,1
8329,53,5.7537649163641416e-05,0,1
9307,53,5.7537649163641416e-05,0,1
11202,53,5.7537649163641416e-05,0,1
4160,53,5.7537649163641416e-05,0,1
6127,53,5.7537649163641416e-05,0,1
6765,53,5.7537649163641416e-05,0,1
793,53,5.7537649163641416e-05,0,1
2591,53,5.7537649163641416e-05,0,1
6915,53,5.7537649163641416e-05,0,1
12444,53,5.7537649163641416e-05,0,1
2664,53,5.7537649163641416e-05,0,1
7848,53,5.7537649163641416e-05,0,1
13951,53,5.7537649163641416e-05,0,1
4278,53,5.7537649163641416e-05,0,1
4577,53,5.7537649163641416e-05,0,1
3590,53,5.7537649163641416e-05,0,1
10222,53,5.7537649163641416e-05,0,1
7794,53,5.7537649163641416e-05,0,1
5139,53,5.7537649163641416e-05,0,1
15590,53,5.7537649163641416e-05,0,1
5135,53,5.7537649163641416e-05,0,1
7219,53,5.7537649163641416e-05,0,1
6905,53,5.7537649163641416e-05,0,1
5229,53,5.7537649163641416e-05,0,1
1816,53,5.7537649163641416e-05,0,1
9082,53,5.7537649163641416e-05,0,1
9104,53,5.7537649163641416e-05,0,1
212,53,5.7537649163641416e-05,0,1
4075,53,5.7537649163641416e-05,0,1
11088,53,5.7537649163641416e-05,0,1
10649,53,5.7537649163641416e-05,0,1
5164,53,5.7537649163641416e-05,0,1
8529,53,5.7537649163641416e-05,0,1
1565,53,5.7537649163641416e-05,0,1
9017,53,5.7537649163641416e-05,0,1
2326,53,5.7537649163641416e-05,0,1
13394,53,5.7537649163641416e-05,0,1
12706,53,5.7537649163641416e-05,0,1
12699,53,5.7537649163641416e-05,0,1
6456,53,5.7537649163641416e-05,0,1
6428,53,5.7537649163641416e-05,0,1
7461,53,5.7537649163641416e-05,0,1
14103,53,5.7537649163641416e-05,0,1
8825,53,5.7537649163641416e-05,0,1
5519,53,5.7537649163641416e-05,0,1
7347,53,5.7537649163641416e-05,0,1
5732,53,5.7537649163641416e-05,0,1
7681,53,5.7537649163641416e-05,0,1
2212,53,5.7537649163641416e-05,0,1
2183,53,5.7537649163641416e-05,0,1
7317,53,5.7537649163641416e-05,0,1
11826,53,5.7537649163641416e-05,0,1
4371,53,5.7537649163641416e-05,0,1
14185,53,5.7537649163641416e-05,0,1
3498,52,5.6452033141685916e-05,0,1
2331,52,5.6452033141685916e-05,0,1
5602,52,5.6452033141685916e-05,0,1
4473,52,5.6452033141685916e-05,0,1
12674,52,5.6452033141685916e-05,0,1
614,52,5.6452033141685916e-05,0,1
12651,52,5.6452033141685916e-05,0,1
5070,52,5.6452033141685916e-05,0,1
1615,52,5.6452033141685916e-05,0,1
2839,52,5.6452033141685916e-05,0,1
12262,52,5.6452033141685916e-05,0,1
11997,52,5.6452033141685916e-05,0,1
5360,52,5.6452033141685916e-05,0,1
1367,52,5.6452033141685916e-05,0,1
10777,52,5.6452033141685916e-05,0,1
14398,52,5.6452033141685916e-05,0,1
3723,52,5.6452033141685916e-05,0,1
9504,52,5.6452033141685916e-05,0,1
7051,52,5.6452033141685916e-05,0,1
1997,52,5.6452033141685916e-05,0,1
9481,52,5.6452033141685916e-05,0,1
5970,52,5.6452033141685916e-05,0,1
13003,52,5.6452033141685916e-05,0,1
8512,52,5.6452033141685916e-05,0,1
8501,52,5.6452033141685916e-05,0,1
11096,52,5.6452033141685916e-05,0,1
11070,52,5.6452033141685916e-05,0,1
12148,52,5.6452033141685916e-05,0,1
13204,52,5.6452033141685916e-05,0,1
4954,52,5.6452033141685916e-05,0,1
3015,52,5.6452033141685916e-05,0,1
12399,52,5.6452033141685916e-05,0,1
10947,52,5.6452033141685916e-05,0,1
4867,52,5.6452033141685916e-05,0,1
4874,52,5.6452033141685916e-05,0,1
13645,52,5.6452033141685916e-05,0,1
6263,52,5.6452033141685916e-05,0,1
1658,52,5.6452033141685916e-05,0,1
7464,52,5.6452033141685916e-05,0,1
3950,52,5.6452033141685916e-05,0,1
5625,52,5.6452033141685916e-05,0,1
6177,52,5.6452033141685916e-05,0,1
12361,52,5.6452033141685916e-05,0,1
2141,52,5.6452033141685916e-05,0,1
10187,52,5.6452033141685916e-05,0,1
10170,52,5.6452033141685916e-05,0,1
4802,52,5.6452033141685916e-05,0,1
10521,52,5.6452033141685916e-05,0,1
10462,52,5.6452033141685916e-05,0,1
8215,52,5.6452033141685916e-05,0,1
783,52,5.6452033141685916e-05,0,1
6191,52,5.6452033141685916e-05,0,1
8473,52,5.6452033141685916e-05,0,1
131,52,5.6452033141685916e-05,0,1
8482,52,5.6452033141685916e-05,0,1
8490,52,5.6452033141685916e-05,0,1
10624,52,5.6452033141685916e-05,0,1
5189,52,5.6452033141685916e-05,0,1
8435,52,5.6452033141685916e-05,0,1
3194,52,5.6452033141685916e-05,0,1
8061,52,5.6452033141685916e-05,0,1
385,52,5.6452033141685916e-05,0,1
4699,52,5.6452033141685916e-05,0,1
13805,52,5.6452033141685916e-05,0,1
3192,52,5.6452033141685916e-05,0,1
4760,52,5.6452033141685916e-05,0,1
9054,52,5.6452033141685916e-05,0,1
3751,52,5.6452033141685916e-05,0,1
5313,52,5.6452033141685916e-05,0,1
8129,52,5.6452033141685916e-05,0,1
10945,52,5.6452033141685916e-05,0,1
13544,52,5.6452033141685916e-05,0,1
6629,52,5.6452033141685916e-05,0,1
8588,52,5.6452033141685916e-05,0,1
13283,52,5.6452033141685916e-05,0,1
1588,52,5.6452033141685916e-05,0,1
4771,52,5.6452033141685916e-05,0,1
751,52,5.6452033141685916e-05,0,1
3132,52,5.6452033141685916e-05,0,1
9250,52,5.6452033141685916e-05,0,1
9276,52,5.6452033141685916e-05,0,1
278,52,5.6452033141685916e-05,0,1
6792,52,5.6452033141685916e-05,0,1
12183,52,5.6452033141685916e-05,0,1
9774,52,5.6452033141685916e-05,0,1
3374,52,5.6452033141685916e-05,0,1
12846,52,5.6452033141685916e-05,0,1
7820,52,5.6452033141685916e-05,0,1
13961,52,5.6452033141685916e-05,0,1
13344,52,5.6452033141685916e-05,0,1
163,52,5.6452033141685916e-05,0,1
6620,52,5.6452033141685916e-05,0,1
2697,52,5.6452033141685916e-05,0,1
10223,52,5.6452033141685916e-05,0,1
10289,52,5.6452033141685916e-05,0,1
6968,52,5.6452033141685916e-05,0,1
11178,52,5.6452033141685916e-05,0,1
6497,52,5.6452033141685916e-05,0,1
8632,52,5.6452033141685916e-05,0,1
6566,52,5.6452033141685916e-05,0,1
7182,52,5.6452033141685916e-05,0,1
1025,52,5.6452033141685916e-05,0,1
10211,52,5.6452033141685916e-05,0,1
10242,52,5.6452033141685916e-05,0,1
8330,52,5.6452033141685916e-05,0,1
7935,52,5.6452033141685916e-05,0,1
11970,52,5.6452033141685916e-05,0,1
535,52,5.6452033141685916e-05,0,1
7191,52,5.6452033141685916e-05,0,1
1319,52,5.6452033141685916e-05,0,1
3267,52,5.6452033141685916e-05,0,1
9607,52,5.6452033141685916e-05,0,1
7958,52,5.6452033141685916e-05,0,1
12930,52,5.6452033141685916e-05,0,1
9632,52,5.6452033141685916e-05,0,1
5899,52,5.6452033141685916e-05,0,1
14373,52,5.6452033141685916e-05,0,1
11308,52,5.6452033141685916e-05,0,1
11295,52,5.6452033141685916e-05,0,1
11974,52,5.6452033141685916e-05,0,1
11961,52,5.6452033141685916e-05,0,1
4597,52,5.6452033141685916e-05,0,1
2823,52,5.6452033141685916e-05,0,1
2868,52,5.6452033141685916e-05,0,1
13492,52,5.6452033141685916e-05,0,1
6503,52,5.6452033141685916e-05,0,1
5916,52,5.6452033141685916e-05,0,1
14224,52,5.6452033141685916e-05,0,1
7371,52,5.6452033141685916e-05,0,1
2397,52,5.6452033141685916e-05,0,1
7630,52,5.6452033141685916e-05,0,1
14747,52,5.6452033141685916e-05,0,1
2935,52,5.6452033141685916e-05,0,1
3485,52,5.6452033141685916e-05,0,1
7650,52,5.6452033141685916e-05,0,1
7651,52,5.6452033141685916e-05,0,1
7596,52,5.6452033141685916e-05,0,1
5713,52,5.6452033141685916e-05,0,1
12781,52,5.6452033141685916e-05,0,1
12786,52,5.6452033141685916e-05,0,1
15186,52,5.6452033141685916e-05,0,1
8911,52,5.6452033141685916e-05,0,1
2405,52,5.6452033141685916e-05,0,1
672,52,5.6452033141685916e-05,0,1
5664,52,5.6452033141685916e-05,0,1
2415,51,5.536641711973042e-05,0,1
11620,51,5.536641711973042e-05,0,1
14267,51,5.536641711973042e-05,0,1
7685,51,5.536641711973042e-05,0,1
2199,51,5.536641711973042e-05,0,1
4308,51,5.536641711973042e-05,0,1
14057,51,5.536641711973042e-05,0,1
15350,51,5.536641711973042e-05,0,1
10725,51,5.536641711973042e-05,0,1
12759,51,5.536641711973042e-05,0,1
2370,51,5.536641711973042e-05,0,1
14125,51,5.536641711973042e-05,0,1
7370,51,5.536641711973042e-05,0,1
8798,51,5.536641711973042e-05,0,1
10895,51,5.536641711973042e-05,0,1
855,51,5.536641711973042e-05,0,1
8666,51,5.536641711973042e-05,0,1
11349,51,5.536641711973042e-05,0,1
11982,51,5.536641711973042e-05,0,1
11365,51,5.536641711973042e-05,0,1
9687,51,5.536641711973042e-05,0,1
9706,51,5.536641711973042e-05,0,1
9709,51,5.536641711973042e-05,0,1
3283,51,5.536641711973042e-05,0,1
9624,51,5.536641711973042e-05,0,1
7538,51,5.536641711973042e-05,0,1
7447,51,5.536641711973042e-05,0,1
7269,51,5.536641711973042e-05,0,1
7927,51,5.536641711973042e-05,0,1
538,51,5.536641711973042e-05,0,1
684,51,5.536641711973042e-05,0,1
7165,51,5.536641711973042e-05,0,1
9700,51,5.536641711973042e-05,0,1
12859,51,5.536641711973042e-05,0,1
3655,51,5.536641711973042e-05,0,1
15417,51,5.536641711973042e-05,0,1
6556,51,5.536641711973042e-05,0,1
13328,51,5.536641711973042e-05,0,1
14621,51,5.536641711973042e-05,0,1
6610,51,5.536641711973042e-05,0,1
7786,51,5.536641711973042e-05,0,1
2437,51,5.536641711973042e-05,0,1
2140,51,5.536641711973042e-05,0,1
10168,51,5.536641711973042e-05,0,1
11922,51,5.536641711973042e-05,0,1
4258,51,5.536641711973042e-05,0,1
4271,51,5.536641711973042e-05,0,1
10261,51,5.536641711973042e-05,0,1
5778,51,5.536641711973042e-05,0,1
6184,51,5.536641711973042e-05,0,1
12443,51,5.536641711973042e-05,0,1
4841,51,5.536641711973042e-05,0,1
4857,51,5.536641711973042e-05,0,1
13687,51,5.536641711973042e-05,0,1
2616,51,5.536641711973042e-05,0,1
2621,51,5.536641711973042e-05,0,1
8231,51,5.536641711973042e-05,0,1
6873,51,5.536641711973042e-05,0,1
13699,51,5.536641711973042e-05,0,1
10943,51,5.536641711973042e-05,0,1
3012,51,5.536641711973042e-05,0,1
1790,51,5.536641711973042e-05,0,1
11197,51,5.536641711973042e-05,0,1
3749,51,5.536641711973042e-05,0,1
1964,51,5.536641711973042e-05,0,1
6983,51,5.536641711973042e-05,0,1
10369,51,5.536641711973042e-05,0,1
10436,51,5.536641711973042e-05,0,1
3790,51,5.536641711973042e-05,0,1
5287,51,5.536641711973042e-05,0,1
8075,51,5.536641711973042e-05,0,1
11241,51,5.536641711973042e-05,0,1
9518,51,5.536641711973042e-05,0,1
11307,51,5.536641711973042e-05,0,1
3859,51,5.536641711973042e-05,0,1
5187,51,5.536641711973042e-05,0,1
5190,51,5.536641711973042e-05,0,1
13235,51,5.536641711973042e-05,0,1
9063,51,5.536641711973042e-05,0,1
13748,51,5.536641711973042e-05,0,1
6883,51,5.536641711973042e-05,0,1
11136,51,5.536641711973042e-05,0,1
449,51,5.536641711973042e-05,0,1
911,51,5.536641711973042e-05,0,1
10478,51,5.536641711973042e-05,0,1
64,51,5.536641711973042e-05,0,1
3904,51,5.536641711973042e-05,0,1
7221,51,5.536641711973042e-05,0,1
3973,51,5.536641711973042e-05,0,1
5599,51,5.536641711973042e-05,0,1
9801,51,5.536641711973042e-05,0,1
12161,51,5.536641711973042e-05,0,1
1829,51,5.536641711973042e-05,0,1
6741,51,5.536641711973042e-05,0,1
9023,51,5.536641711973042e-05,0,1
6240,51,5.536641711973042e-05,0,1
10570,51,5.536641711973042e-05,0,1
12199,51,5.536641711973042e-05,0,1
4047,51,5.536641711973042e-05,0,1
8519,51,5.536641711973042e-05,0,1
4800,51,5.536641711973042e-05,0,1
13194,51,5.536641711973042e-05,0,1
8072,51,5.536641711973042e-05,0,1
5321,51,5.536641711973042e-05,0,1
13034,51,5.536641711973042e-05,0,1
11283,51,5.536641711973042e-05,0,1
11986,51,5.536641711973042e-05,0,1
7050,51,5.536641711973042e-05,0,1
5921,51,5.536641711973042e-05,0,1
12000,51,5.536641711973042e-05,0,1
11356,51,5.536641711973042e-05,0,1
11331,51,5.536641711973042e-05,0,1
3764,51,5.536641711973042e-05,0,1
9497,51,5.536641711973042e-05,0,1
12329,51,5.536641711973042e-05,0,1
443,51,5.536641711973042e-05,0,1
446,51,5.536641711973042e-05,0,1
2927,51,5.536641711973042e-05,0,1
5518,51,5.536641711973042e-05,0,1
5576,51,5.536641711973042e-05,0,1
4515,51,5.536641711973042e-05,0,1
12688,51,5.536641711973042e-05,0,1
11585,51,5.536641711973042e-05,0,1
2243,51,5.536641711973042e-05,0,1
4448,51,5.536641711973042e-05,0,1
4387,51,5.536641711973042e-05,0,1
1131,50,5.4280801097774924e-05,0,1
5614,50,5.4280801097774924e-05,0,1
10022,50,5.4280801097774924e-05,0,1
12712,50,5.4280801097774924e-05,0,1
7493,50,5.4280801097774924e-05,0,1
7496,50,5.4280801097774924e-05,0,1
14158,50,5.4280801097774924e-05,0,1
13380,50,5.4280801097774924e-05,0,1
14110,50,5.4280801097774924e-05,0,1
14261,50,5.4280801097774924e-05,0,1
11551,50,5.4280801097774924e-05,0,1
11557,50,5.4280801097774924e-05,0,1
12656,50,5.4280801097774924e-05,0,1
1168,50,5.4280801097774924e-05,0,1
9966,50,5.4280801097774924e-05,0,1
3556,50,5.4280801097774924e-05,0,1
7537,50,5.4280801097774924e-05,0,1
15079,50,5.4280801097774924e-05,0,1
5846,50,5.4280801097774924e-05,0,1
1286,50,5.4280801097774924e-05,0,1
4247,50,5.4280801097774924e-05,0,1
7949,50,5.4280801097774924e-05,0,1
2465,50,5.4280801097774924e-05,0,1
2062,50,5.4280801097774924e-05,0,1
7981,50,5.4280801097774924e-05,0,1
12024,50,5.4280801097774924e-05,0,1
387,50,5.4280801097774924e-05,0,1
3775,50,5.4280801097774924e-05,0,1
5933,50,5.4280801097774924e-05,0,1
4676,50,5.4280801097774924e-05,0,1
112,50,5.4280801097774924e-05,0,1
7085,50,5.4280801097774924e-05,0,1
8018,50,5.4280801097774924e-05,0,1
8047,50,5.4280801097774924e-05,0,1
322,50,5.4280801097774924e-05,0,1
5898,50,5.4280801097774924e-05,0,1
3190,50,5.4280801097774924e-05,0,1
5984,50,5.4280801097774924e-05,0,1
289,50,5.4280801097774924e-05,0,1
3212,50,5.4280801097774924e-05,0,1
5990,50,5.4280801097774924e-05,0,1
12985,50,5.4280801097774924e-05,0,1
5961,50,5.4280801097774924e-05,0,1
8032,50,5.4280801097774924e-05,0,1
4142,50,5.4280801097774924e-05,0,1
3253,50,5.4280801097774924e-05,0,1
10335,50,5.4280801097774924e-05,0,1
10450,50,5.4280801097774924e-05,0,1
9374,50,5.4280801097774924e-05,0,1
3149,50,5.4280801097774924e-05,0,1
4750,50,5.4280801097774924e-05,0,1
8158,50,5.4280801097774924e-05,0,1
2584,50,5.4280801097774924e-05,0,1
2530,50,5.4280801097774924e-05,0,1
4639,50,5.4280801097774924e-05,0,1
13892,50,5.4280801097774924e-05,0,1
2481,50,5.4280801097774924e-05,0,1
4112,50,5.4280801097774924e-05,0,1
8342,50,5.4280801097774924e-05,0,1
9240,50,5.4280801097774924e-05,0,1
3120,50,5.4280801097774924e-05,0,1
9286,50,5.4280801097774924e-05,0,1
10396,50,5.4280801097774924e-05,0,1
11220,50,5.4280801097774924e-05,0,1
6943,50,5.4280801097774924e-05,0,1
8221,50,5.4280801097774924e-05,0,1
8212,50,5.4280801097774924e-05,0,1
8214,50,5.4280801097774924e-05,0,1
11009,50,5.4280801097774924e-05,0,1
15582,50,5.4280801097774924e-05,0,1
10523,50,5.4280801097774924e-05,0,1
947,50,5.4280801097774924e-05,0,1
6900,50,5.4280801097774924e-05,0,1
11105,50,5.4280801097774924e-05,0,1
8445,50,5.4280801097774924e-05,0,1
2718,50,5.4280801097774924e-05,0,1
5194,50,5.4280801097774924e-05,0,1
13244,50,5.4280801097774924e-05,0,1
9103,50,5.4280801097774924e-05,0,1
6212,50,5.4280801097774924e-05,0,1
6798,50,5.4280801097774924e-05,0,1
4068,50,5.4280801097774924e-05,0,1
11004,50,5.4280801097774924e-05,0,1
4060,50,5.4280801097774924e-05,0,1
10915,50,5.4280801097774924e-05,0,1
38,50,5.4280801097774924e-05,0,1
5147,50,5.4280801097774924e-05,0,1
6243,50,5.4280801097774924e-05,0,1
12439,50,5.4280801097774924e-05,0,1
6759,50,5.4280801097774924e-05,0,1
376,50,5.4280801097774924e-05,0,1
3421,50,5.4280801097774924e-05,0,1
12643,50,5.4280801097774924e-05,0,1
13994,50,5.4280801097774924e-05,0,1
7202,50,5.4280801097774924e-05,0,1
12365,50,5.4280801097774924e-05,0,1
12360,50,5.4280801097774924e-05,0,1
8552,50,5.4280801097774924e-05,0,1
6618,50,5.4280801097774924e-05,0,1
2782,50,5.4280801097774924e-05,0,1
10937,50,5.4280801097774924e-05,0,1
8881,50,5.4280801097774924e-05,0,1
8933,50,5.4280801097774924e-05,0,1
6290,50,5.4280801097774924e-05,0,1
10923,50,5.4280801097774924e-05,0,1
8630,50,5.4280801097774924e-05,0,1
1734,50,5.4280801097774924e-05,0,1
6491,50,5.4280801097774924e-05,0,1
854,50,5.4280801097774924e-05,0,1
3938,50,5.4280801097774924e-05,0,1
8785,50,5.4280801097774924e-05,0,1
14708,50,5.4280801097774924e-05,0,1
10833,50,5.4280801097774924e-05,0,1
10786,50,5.4280801097774924e-05,0,1
1616,50,5.4280801097774924e-05,0,1
8854,50,5.4280801097774924e-05,0,1
13354,50,5.4280801097774924e-05,0,1
3875,50,5.4280801097774924e-05,0,1
5112,50,5.4280801097774924e-05,0,1
9856,50,5.4280801097774924e-05,0,1
9880,50,5.4280801097774924e-05,0,1
10160,50,5.4280801097774924e-05,0,1
1061,50,5.4280801097774924e-05,0,1
11580,50,5.4280801097774924e-05,0,1
4296,50,5.4280801097774924e-05,0,1
2232,50,5.4280801097774924e-05,0,1
7730,50,5.4280801097774924e-05,0,1
7751,50,5.4280801097774924e-05,0,1
2417,50,5.4280801097774924e-05,0,1
4326,50,5.4280801097774924e-05,0,1
664,50,5.4280801097774924e-05,0,1
7409,50,5.4280801097774924e-05,0,1
4373,50,5.4280801097774924e-05,0,1
11633,50,5.4280801097774924e-05,0,1
11606,50,5.4280801097774924e-05,0,1
2325,50,5.4280801097774924e-05,0,1
1865,49,5.3195185075819424e-05,0,1
14195,49,5.3195185075819424e-05,0,1
586,49,5.3195185075819424e-05,0,1
14512,49,5.3195185075819424e-05,0,1
789,49,5.3195185075819424e-05,0,1
2498,49,5.3195185075819424e-05,0,1
10028,49,5.3195185075819424e-05,0,1
71,49,5.3195185075819424e-05,0,1
7318,49,5.3195185075819424e-05,0,1
2042,49,5.3195185075819424e-05,0,1
8038,49,5.3195185075819424e-05,0,1
6278,49,5.3195185075819424e-05,0,1
5157,49,5.3195185075819424e-05,0,1
6291,49,5.3195185075819424e-05,0,1
177,49,5.3195185075819424e-05,0,1
179,49,5.3195185075819424e-05,0,1
11991,49,5.3195185075819424e-05,0,1
113,49,5.3195185075819424e-05,0,1
10672,49,5.3195185075819424e-05,0,1
14978,49,5.3195185075819424e-05,0,1
5947,49,5.3195185075819424e-05,0,1
1362,49,5.3195185075819424e-05,0,1
14235,49,5.3195185075819424e-05,0,1
6671,49,5.3195185075819424e-05,0,1
6931,49,5.3195185075819424e-05,0,1
6898,49,5.3195185075819424e-05,0,1
7385,49,5.3195185075819424e-05,0,1
11851,49,5.3195185075819424e-05,0,1
1923,49,5.3195185075819424e-05,0,1
6631,49,5.3195185075819424e-05,0,1
9884,49,5.3195185075819424e-05,0,1
5648,49,5.3195185075819424e-05,0,1
11593,49,5.3195185075819424e-05,0,1
15693,49,5.3195185075819424e-05,0,1
5844,49,5.3195185075819424e-05,0,1
9686,49,5.3195185075819424e-05,0,1
10208,49,5.3195185075819424e-05,0,1
8900,49,5.3195185075819424e-05,0,1
4644,49,5.3195185075819424e-05,0,1
4603,49,5.3195185075819424e-05,0,1
12955,49,5.3195185075819424e-05,0,1
9601,49,5.3195185075819424e-05,0,1
3892,49,5.3195185075819424e-05,0,1
7118,49,5.3195185075819424e-05,0,1
2376,49,5.3195185075819424e-05,0,1
2385,49,5.3195185075819424e-05,0,1
2392,49,5.3195185075819424e-05,0,1
1057,49,5.3195185075819424e-05,0,1
9925,49,5.3195185075819424e-05,0,1
10901,49,5.3195185075819424e-05,0,1
9927,49,5.3195185075819424e-05,0,1
6633,49,5.3195185075819424e-05,0,1
1746,49,5.3195185075819424e-05,0,1
8610,49,5.3195185075819424e-05,0,1
809,49,5.3195185075819424e-05,0,1
7146,49,5.3195185075819424e-05,0,1
13116,49,5.3195185075819424e-05,0,1
11193,49,5.3195185075819424e-05,0,1
4967,49,5.3195185075819424e-05,0,1
2563,49,5.3195185075819424e-05,0,1
5960,49,5.3195185075819424e-05,0,1
10324,49,5.3195185075819424e-05,0,1
9469,49,5.3195185075819424e-05,0,1
7902,49,5.3195185075819424e-05,0,1
5149,49,5.3195185075819424e-05,0,1
12465,49,5.3195185075819424e-05,0,1
6169,49,5.3195185075819424e-05,0,1
7968,49,5.3195185075819424e-05,0,1
4251,49,5.3195185075819424e-05,0,1
1675,49,5.3195185075819424e-05,0,1
14726,49,5.3195185075819424e-05,0,1
9095,49,5.3195185075819424e-05,0,1
12289,49,5.3195185075819424e-05,0,1
4144,49,5.3195185075819424e-05,0,1
12854,49,5.3195185075819424e-05,0,1
7711,49,5.3195185075819424e-05,0,1
12052,49,5.3195185075819424e-05,0,1
4177,49,5.3195185075819424e-05,0,1
4191,49,5.3195185075819424e-05,0,1
12286,49,5.3195185075819424e-05,0,1
1210,49,5.3195185075819424e-05,0,1
11460,49,5.3195185075819424e-05,0,1
2485,49,5.3195185075819424e-05,0,1
2531,49,5.3195185075819424e-05,0,1
6995,49,5.3195185075819424e-05,0,1
1216,49,5.3195185075819424e-05,0,1
377,49,5.3195185075819424e-05,0,1
3454,49,5.3195185075819424e-05,0,1
2763,49,5.3195185075819424e-05,0,1
2767,49,5.3195185075819424e-05,0,1
4958,49,5.3195185075819424e-05,0,1
11533,49,5.3195185075819424e-05,0,1
6578,49,5.3195185075819424e-05,0,1
12298,49,5.3195185075819424e-05,0,1
15387,49,5.3195185075819424e-05,0,1
5440,49,5.3195185075819424e-05,0,1
13822,49,5.3195185075819424e-05,0,1
8118,49,5.3195185075819424e-05,0,1
1680,49,5.3195185075819424e-05,0,1
10887,49,5.3195185075819424e-05,0,1
5499,49,5.3195185075819424e-05,0,1
3394,49,5.3195185075819424e-05,0,1
1496,49,5.3195185075819424e-05,0,1
13183,49,5.3195185075819424e-05,0,1
5246,49,5.3195185075819424e-05,0,1
5741,49,5.3195185075819424e-05,0,1
2447,49,5.3195185075819424e-05,0,1
11445,49,5.3195185075819424e-05,0,1
10464,49,5.3195185075819424e-05,0,1
939,49,5.3195185075819424e-05,0,1
931,49,5.3195185075819424e-05,0,1
5554,49,5.3195185075819424e-05,0,1
11065,49,5.3195185075819424e-05,0,1
4623,49,5.3195185075819424e-05,0,1
3512,49,5.3195185075819424e-05,0,1
6871,49,5.3195185075819424e-05,0,1
8319,49,5.3195185075819424e-05,0,1
6870,49,5.3195185075819424e-05,0,1
2663,49,5.3195185075819424e-05,0,1
10432,49,5.3195185075819424e-05,0,1
5306,49,5.3195185075819424e-05,0,1
13655,49,5.3195185075819424e-05,0,1
2680,49,5.3195185075819424e-05,0,1
5587,49,5.3195185075819424e-05,0,1
4378,49,5.3195185075819424e-05,0,1
76,49,5.3195185075819424e-05,0,1
11948,49,5.3195185075819424e-05,0,1
11951,49,5.3195185075819424e-05,0,1
9984,49,5.3195185075819424e-05,0,1
1082,49,5.3195185075819424e-05,0,1
1132,49,5.3195185075819424e-05,0,1
9990,49,5.3195185075819424e-05,0,1
4880,49,5.3195185075819424e-05,0,1
8253,49,5.3195185075819424e-05,0,1
6732,49,5.3195185075819424e-05,0,1
1850,49,5.3195185075819424e-05,0,1
2659,49,5.3195185075819424e-05,0,1
6739,49,5.3195185075819424e-05,0,1
1442,49,5.3195185075819424e-05,0,1
9446,49,5.3195185075819424e-05,0,1
15752,49,5.3195185075819424e-05,0,1
4622,49,5.3195185075819424e-05,0,1
10379,49,5.3195185075819424e-05,0,1
6016,49,5.3195185075819424e-05,0,1
13056,48,5.2109569053863925e-05,0,1
9358,48,5.2109569053863925e-05,0,1
5350,48,5.2109569053863925e-05,0,1
9398,48,5.2109569053863925e-05,0,1
13017,48,5.2109569053863925e-05,0,1
5349,48,5.2109569053863925e-05,0,1
1444,48,5.2109569053863925e-05,0,1
5992,48,5.2109569053863925e-05,0,1
9415,48,5.2109569053863925e-05,0,1
8218,48,5.2109569053863925e-05,0,1
6899,48,5.2109569053863925e-05,0,1
14597,48,5.2109569053863925e-05,0,1
11005,48,5.2109569053863925e-05,0,1
11022,48,5.2109569053863925e-05,0,1
5489,48,5.2109569053863925e-05,0,1
11062,48,5.2109569053863925e-05,0,1
2116,48,5.2109569053863925e-05,0,1
11759,48,5.2109569053863925e-05,0,1
10362,48,5.2109569053863925e-05,0,1
10378,48,5.2109569053863925e-05,0,1
6076,48,5.2109569053863925e-05,0,1
8304,48,5.2109569053863925e-05,0,1
13715,48,5.2109569053863925e-05,0,1
8291,48,5.2109569053863925e-05,0,1
8272,48,5.2109569053863925e-05,0,1
3561,48,5.2109569053863925e-05,0,1
3576,48,5.2109569053863925e-05,0,1
9987,48,5.2109569053863925e-05,0,1
10092,48,5.2109569053863925e-05,0,1
6812,48,5.2109569053863925e-05,0,1
14498,48,5.2109569053863925e-05,0,1
11472,48,5.2109569053863925e-05,0,1
4574,48,5.2109569053863925e-05,0,1
15448,48,5.2109569053863925e-05,0,1
1533,48,5.2109569053863925e-05,0,1
199,48,5.2109569053863925e-05,0,1
15545,48,5.2109569053863925e-05,0,1
12804,48,5.2109569053863925e-05,0,1
2893,48,5.2109569053863925e-05,0,1
9823,48,5.2109569053863925e-05,0,1
12645,48,5.2109569053863925e-05,0,1
3405,48,5.2109569053863925e-05,0,1
5443,48,5.2109569053863925e-05,0,1
2885,48,5.2109569053863925e-05,0,1
12843,48,5.2109569053863925e-05,0,1
6547,48,5.2109569053863925e-05,0,1
7001,48,5.2109569053863925e-05,0,1
3644,48,5.2109569053863925e-05,0,1
3629,48,5.2109569053863925e-05,0,1
10197,48,5.2109569053863925e-05,0,1
1031,48,5.2109569053863925e-05,0,1
8651,48,5.2109569053863925e-05,0,1
3435,48,5.2109569053863925e-05,0,1
5700,48,5.2109569053863925e-05,0,1
6985,48,5.2109569053863925e-05,0,1
6521,48,5.2109569053863925e-05,0,1
6506,48,5.2109569053863925e-05,0,1
2815,48,5.2109569053863925e-05,0,1
9800,48,5.2109569053863925e-05,0,1
323,48,5.2109569053863925e-05,0,1
710,48,5.2109569053863925e-05,0,1
7100,48,5.2109569053863925e-05,0,1
7896,48,5.2109569053863925e-05,0,1
13986,48,5.2109569053863925e-05,0,1
11227,48,5.2109569053863925e-05,0,1
10809,48,5.2109569053863925e-05,0,1
8831,48,5.2109569053863925e-05,0,1
4302,48,5.2109569053863925e-05,0,1
8071,48,5.2109569053863925e-05,0,1
7024,48,5.2109569053863925e-05,0,1
14259,48,5.2109569053863925e-05,0,1
4519,48,5.2109569053863925e-05,0,1
3988,48,5.2109569053863925e-05,0,1
8750,48,5.2109569053863925e-05,0,1
14679,48,5.2109569053863925e-05,0,1
13407,48,5.2109569053863925e-05,0,1
14051,48,5.2109569053863925e-05,0,1
42,48,5.2109569053863925e-05,0,1
7937,48,5.2109569053863925e-05,0,1
7942,48,5.2109569053863925e-05,0,1
9264,48,5.2109569053863925e-05,0,1
12565,48,5.2109569053863925e-05,0,1
9464,48,5.2109569053863925e-05,0,1
13913,48,5.2109569053863925e-05,0,1
6962,48,5.2109569053863925e-05,0,1
15683,48,5.2109569053863925e-05,0,1
8185,48,5.2109569053863925e-05,0,1
1743,48,5.2109569053863925e-05,0,1
4030,48,5.2109569053863925e-05,0,1
7665,48,5.2109569053863925e-05,0,1
7671,48,5.2109569053863925e-05,0,1
13515,48,5.2109569053863925e-05,0,1
1561,48,5.2109569053863925e-05,0,1
7126,48,5.2109569053863925e-05,0,1
1581,48,5.2109569053863925e-05,0,1
13253,48,5.2109569053863925e-05,0,1
5860,48,5.2109569053863925e-05,0,1
5861,48,5.2109569053863925e-05,0,1
12949,48,5.2109569053863925e-05,0,1
13339,48,5.2109569053863925e-05,0,1
8935,48,5.2109569053863925e-05,0,1
10708,48,5.2109569053863925e-05,0,1
14411,48,5.2109569053863925e-05,0,1
487,48,5.2109569053863925e-05,0,1
3387,48,5.2109569053863925e-05,0,1
1254,48,5.2109569053863925e-05,0,1
5803,48,5.2109569053863925e-05,0,1
9713,48,5.2109569053863925e-05,0,1
5059,48,5.2109569053863925e-05,0,1
8837,48,5.2109569053863925e-05,0,1
14755,48,5.2109569053863925e-05,0,1
12909,48,5.2109569053863925e-05,0,1
12918,48,5.2109569053863925e-05,0,1
2942,48,5.2109569053863925e-05,0,1
9938,48,5.2109569053863925e-05,0,1
8548,48,5.2109569053863925e-05,0,1
2760,48,5.2109569053863925e-05,0,1
12207,48,5.2109569053863925e-05,0,1
11621,48,5.2109569053863925e-05,0,1
1942,48,5.2109569053863925e-05,0,1
8539,48,5.2109569053863925e-05,0,1
9931,48,5.2109569053863925e-05,0,1
1939,48,5.2109569053863925e-05,0,1
6934,48,5.2109569053863925e-05,0,1
6894,48,5.2109569053863925e-05,0,1
13124,48,5.2109569053863925e-05,0,1
3080,48,5.2109569053863925e-05,0,1
10446,48,5.2109569053863925e-05,0,1
15044,48,5.2109569053863925e-05,0,1
230,48,5.2109569053863925e-05,0,1
6147,48,5.2109569053863925e-05,0,1
5068,48,5.2109569053863925e-05,0,1
6363,48,5.2109569053863925e-05,0,1
7088,48,5.2109569053863925e-05,0,1
6283,48,5.2109569053863925e-05,0,1
6296,48,5.2109569053863925e-05,0,1
13300,48,5.2109569053863925e-05,0,1
2066,48,5.2109569053863925e-05,0,1
2524,48,5.2109569053863925e-05,0,1
8010,48,5.2109569053863925e-05,0,1
2192,48,5.2109569053863925e-05,0,1
11473,48,5.2109569053863925e-05,0,1
2228,48,5.2109569053863925e-05,0,1
7300,48,5.2109569053863925e-05,0,1
8040,48,5.2109569053863925e-05,0,1
7062,48,5.2109569053863925e-05,0,1
10699,48,5.2109569053863925e-05,0,1
2344,48,5.2109569053863925e-05,0,1
7407,48,5.2109569053863925e-05,0,1
7884,48,5.2109569053863925e-05,0,1
11726,48,5.2109569053863925e-05,0,1
4457,47,5.1023953031908425e-05,0,1
7519,47,5.1023953031908425e-05,0,1
5559,47,5.1023953031908425e-05,0,1
10054,47,5.1023953031908425e-05,0,1
6856,47,5.1023953031908425e-05,0,1
8297,47,5.1023953031908425e-05,0,1
6877,47,5.1023953031908425e-05,0,1
8406,47,5.1023953031908425e-05,0,1
4823,47,5.1023953031908425e-05,0,1
3804,47,5.1023953031908425e-05,0,1
10423,47,5.1023953031908425e-05,0,1
10431,47,5.1023953031908425e-05,0,1
5328,47,5.1023953031908425e-05,0,1
9394,47,5.1023953031908425e-05,0,1
735,47,5.1023953031908425e-05,0,1
10368,47,5.1023953031908425e-05,0,1
716,47,5.1023953031908425e-05,0,1
14326,47,5.1023953031908425e-05,0,1
7229,47,5.1023953031908425e-05,0,1
2281,47,5.1023953031908425e-05,0,1
11770,47,5.1023953031908425e-05,0,1
7486,47,5.1023953031908425e-05,0,1
7442,47,5.1023953031908425e-05,0,1
14200,47,5.1023953031908425e-05,0,1
11582,47,5.1023953031908425e-05,0,1
7558,47,5.1023953031908425e-05,0,1
12323,47,5.1023953031908425e-05,0,1
7998,47,5.1023953031908425e-05,0,1
14026,47,5.1023953031908425e-05,0,1
398,47,5.1023953031908425e-05,0,1
14831,47,5.1023953031908425e-05,0,1
13271,47,5.1023953031908425e-05,0,1
2077,47,5.1023953031908425e-05,0,1
908,47,5.1023953031908425e-05,0,1
2940,47,5.1023953031908425e-05,0,1
2928,47,5.1023953031908425e-05,0,1
2930,47,5.1023953031908425e-05,0,1
9665,47,5.1023953031908425e-05,0,1
1282,47,5.1023953031908425e-05,0,1
9720,47,5.1023953031908425e-05,0,1
5807,47,5.1023953031908425e-05,0,1
14781,47,5.1023953031908425e-05,0,1
6345,47,5.1023953031908425e-05,0,1
13254,47,5.1023953031908425e-05,0,1
9541,47,5.1023953031908425e-05,0,1
1021,47,5.1023953031908425e-05,0,1
3265,47,5.1023953031908425e-05,0,1
5893,47,5.1023953031908425e-05,0,1
9606,47,5.1023953031908425e-05,0,1
7983,47,5.1023953031908425e-05,0,1
9073,47,5.1023953031908425e-05,0,1
5199,47,5.1023953031908425e-05,0,1
10526,47,5.1023953031908425e-05,0,1
5035,47,5.1023953031908425e-05,0,1
1257,47,5.1023953031908425e-05,0,1
402,47,5.1023953031908425e-05,0,1
403,47,5.1023953031908425e-05,0,1
410,47,5.1023953031908425e-05,0,1
3955,47,5.1023953031908425e-05,0,1
7003,47,5.1023953031908425e-05,0,1
2007,47,5.1023953031908425e-05,0,1
4174,47,5.1023953031908425e-05,0,1
4176,47,5.1023953031908425e-05,0,1
4192,47,5.1023953031908425e-05,0,1
6999,47,5.1023953031908425e-05,0,1
11234,47,5.1023953031908425e-05,0,1
11225,47,5.1023953031908425e-05,0,1
4728,47,5.1023953031908425e-05,0,1
12311,47,5.1023953031908425e-05,0,1
9773,47,5.1023953031908425e-05,0,1
9825,47,5.1023953031908425e-05,0,1
362,47,5.1023953031908425e-05,0,1
383,47,5.1023953031908425e-05,0,1
3410,47,5.1023953031908425e-05,0,1
8744,47,5.1023953031908425e-05,0,1
2899,47,5.1023953031908425e-05,0,1
6163,47,5.1023953031908425e-05,0,1
10499,47,5.1023953031908425e-05,0,1
15541,47,5.1023953031908425e-05,0,1
953,47,5.1023953031908425e-05,0,1
1375,47,5.1023953031908425e-05,0,1
9468,47,5.1023953031908425e-05,0,1
7778,47,5.1023953031908425e-05,0,1
4283,47,5.1023953031908425e-05,0,1
10341,47,5.1023953031908425e-05,0,1
10505,47,5.1023953031908425e-05,0,1
12491,47,5.1023953031908425e-05,0,1
1042,47,5.1023953031908425e-05,0,1
12794,47,5.1023953031908425e-05,0,1
12785,47,5.1023953031908425e-05,0,1
10179,47,5.1023953031908425e-05,0,1
8655,47,5.1023953031908425e-05,0,1
14671,47,5.1023953031908425e-05,0,1
6579,47,5.1023953031908425e-05,0,1
8663,47,5.1023953031908425e-05,0,1
13473,47,5.1023953031908425e-05,0,1
8702,47,5.1023953031908425e-05,0,1
8710,47,5.1023953031908425e-05,0,1
4035,47,5.1023953031908425e-05,0,1
2768,47,5.1023953031908425e-05,0,1
7358,47,5.1023953031908425e-05,0,1
4970,47,5.1023953031908425e-05,0,1
12082,47,5.1023953031908425e-05,0,1
13810,47,5.1023953031908425e-05,0,1
2054,47,5.1023953031908425e-05,0,1
7916,47,5.1023953031908425e-05,0,1
13126,47,5.1023953031908425e-05,0,1
9275,47,5.1023953031908425e-05,0,1
9508,47,5.1023953031908425e-05,0,1
5912,47,5.1023953031908425e-05,0,1
5909,47,5.1023953031908425e-05,0,1
1364,47,5.1023953031908425e-05,0,1
3118,47,5.1023953031908425e-05,0,1
9211,47,5.1023953031908425e-05,0,1
267,47,5.1023953031908425e-05,0,1
275,47,5.1023953031908425e-05,0,1
9326,47,5.1023953031908425e-05,0,1
14594,47,5.1023953031908425e-05,0,1
4041,47,5.1023953031908425e-05,0,1
9915,47,5.1023953031908425e-05,0,1
2265,47,5.1023953031908425e-05,0,1
3453,47,5.1023953031908425e-05,0,1
4495,47,5.1023953031908425e-05,0,1
572,47,5.1023953031908425e-05,0,1
11601,47,5.1023953031908425e-05,0,1
7585,47,5.1023953031908425e-05,0,1
10965,47,5.1023953031908425e-05,0,1
8544,47,5.1023953031908425e-05,0,1
4881,47,5.1023953031908425e-05,0,1
11036,47,5.1023953031908425e-05,0,1
9939,47,5.1023953031908425e-05,0,1
11597,47,5.1023953031908425e-05,0,1
1085,47,5.1023953031908425e-05,0,1
5509,47,5.1023953031908425e-05,0,1
5613,47,5.1023953031908425e-05,0,1
14580,47,5.1023953031908425e-05,0,1
10996,47,5.1023953031908425e-05,0,1
11008,47,5.1023953031908425e-05,0,1
12101,47,5.1023953031908425e-05,0,1
6678,47,5.1023953031908425e-05,0,1
9444,47,5.1023953031908425e-05,0,1
9450,47,5.1023953031908425e-05,0,1
9453,47,5.1023953031908425e-05,0,1
9424,47,5.1023953031908425e-05,0,1
9409,47,5.1023953031908425e-05,0,1
9425,47,5.1023953031908425e-05,0,1
5367,47,5.1023953031908425e-05,0,1
14344,47,5.1023953031908425e-05,0,1
7177,47,5.1023953031908425e-05,0,1
1451,47,5.1023953031908425e-05,0,1
1452,47,5.1023953031908425e-05,0,1
4638,47,5.1023953031908425e-05,0,1
7866,47,5.1023953031908425e-05,0,1
11935,47,5.1023953031908425e-05,0,1
11422,47,5.1023953031908425e-05,0,1
4611,47,5.1023953031908425e-05,0,1
25,47,5.1023953031908425e-05,0,1
4407,47,5.1023953031908425e-05,0,1
4417,47,5.1023953031908425e-05,0,1
2679,46,4.9938337009952926e-05,0,1
2665,46,4.9938337009952926e-05,0,1
12692,46,4.9938337009952926e-05,0,1
12703,46,4.9938337009952926e-05,0,1
11652,46,4.9938337009952926e-05,0,1
7469,46,4.9938337009952926e-05,0,1
7838,46,4.9938337009952926e-05,0,1
12144,46,4.9938337009952926e-05,0,1
7520,46,4.9938337009952926e-05,0,1
6830,46,4.9938337009952926e-05,0,1
11091,46,4.9938337009952926e-05,0,1
8405,46,4.9938337009952926e-05,0,1
6778,46,4.9938337009952926e-05,0,1
1858,46,4.9938337009952926e-05,0,1
14207,46,4.9938337009952926e-05,0,1
4355,46,4.9938337009952926e-05,0,1
13332,46,4.9938337009952926e-05,0,1
11095,46,4.9938337009952926e-05,0,1
10013,46,4.9938337009952926e-05,0,1
7539,46,4.9938337009952926e-05,0,1
11406,46,4.9938337009952926e-05,0,1
4318,46,4.9938337009952926e-05,0,1
11574,46,4.9938337009952926e-05,0,1
11545,46,4.9938337009952926e-05,0,1
12300,46,4.9938337009952926e-05,0,1
11570,46,4.9938337009952926e-05,0,1
14218,46,4.9938337009952926e-05,0,1
12529,46,4.9938337009952926e-05,0,1
12546,46,4.9938337009952926e-05,0,1
10949,46,4.9938337009952926e-05,0,1
14473,46,4.9938337009952926e-05,0,1
14479,46,4.9938337009952926e-05,0,1
11120,46,4.9938337009952926e-05,0,1
10393,46,4.9938337009952926e-05,0,1
5371,46,4.9938337009952926e-05,0,1
15009,46,4.9938337009952926e-05,0,1
8495,46,4.9938337009952926e-05,0,1
13585,46,4.9938337009952926e-05,0,1
12862,46,4.9938337009952926e-05,0,1
9701,46,4.9938337009952926e-05,0,1
1937,46,4.9938337009952926e-05,0,1
6660,46,4.9938337009952926e-05,0,1
4149,46,4.9938337009952926e-05,0,1
9902,46,4.9938337009952926e-05,0,1
11205,46,4.9938337009952926e-05,0,1
13780,46,4.9938337009952926e-05,0,1
12775,46,4.9938337009952926e-05,0,1
12778,46,4.9938337009952926e-05,0,1
3429,46,4.9938337009952926e-05,0,1
15227,46,4.9938337009952926e-05,0,1
6673,46,4.9938337009952926e-05,0,1
13123,46,4.9938337009952926e-05,0,1
4626,46,4.9938337009952926e-05,0,1
968,46,4.9938337009952926e-05,0,1
3785,46,4.9938337009952926e-05,0,1
13049,46,4.9938337009952926e-05,0,1
13043,46,4.9938337009952926e-05,0,1
5982,46,4.9938337009952926e-05,0,1
9891,46,4.9938337009952926e-05,0,1
9555,46,4.9938337009952926e-05,0,1
11256,46,4.9938337009952926e-05,0,1
2022,46,4.9938337009952926e-05,0,1
13376,46,4.9938337009952926e-05,0,1
5077,46,4.9938337009952926e-05,0,1
191,46,4.9938337009952926e-05,0,1
117,46,4.9938337009952926e-05,0,1
5790,46,4.9938337009952926e-05,0,1
11249,46,4.9938337009952926e-05,0,1
10618,46,4.9938337009952926e-05,0,1
1300,46,4.9938337009952926e-05,0,1
8851,46,4.9938337009952926e-05,0,1
429,46,4.9938337009952926e-05,0,1
9109,46,4.9938337009952926e-05,0,1
9112,46,4.9938337009952926e-05,0,1
10591,46,4.9938337009952926e-05,0,1
13201,46,4.9938337009952926e-05,0,1
10562,46,4.9938337009952926e-05,0,1
9034,46,4.9938337009952926e-05,0,1
6630,46,4.9938337009952926e-05,0,1
3134,46,4.9938337009952926e-05,0,1
1342,46,4.9938337009952926e-05,0,1
14123,46,4.9938337009952926e-05,0,1
14222,46,4.9938337009952926e-05,0,1
12481,46,4.9938337009952926e-05,0,1
9260,46,4.9938337009952926e-05,0,1
10322,46,4.9938337009952926e-05,0,1
14934,46,4.9938337009952926e-05,0,1
6600,46,4.9938337009952926e-05,0,1
11439,46,4.9938337009952926e-05,0,1
2092,46,4.9938337009952926e-05,0,1
4605,46,4.9938337009952926e-05,0,1
13926,46,4.9938337009952926e-05,0,1
13937,46,4.9938337009952926e-05,0,1
12621,46,4.9938337009952926e-05,0,1
3996,46,4.9938337009952926e-05,0,1
9079,46,4.9938337009952926e-05,0,1
2210,46,4.9938337009952926e-05,0,1
12877,46,4.9938337009952926e-05,0,1
13430,46,4.9938337009952926e-05,0,1
13406,46,4.9938337009952926e-05,0,1
5391,46,4.9938337009952926e-05,0,1
10885,46,4.9938337009952926e-05,0,1
370,46,4.9938337009952926e-05,0,1
12636,46,4.9938337009952926e-05,0,1
10878,46,4.9938337009952926e-05,0,1
8623,46,4.9938337009952926e-05,0,1
12220,46,4.9938337009952926e-05,0,1
8155,46,4.9938337009952926e-05,0,1
12084,46,4.9938337009952926e-05,0,1
12235,46,4.9938337009952926e-05,0,1
13801,46,4.9938337009952926e-05,0,1
9253,46,4.9938337009952926e-05,0,1
6181,46,4.9938337009952926e-05,0,1
3837,46,4.9938337009952926e-05,0,1
10529,46,4.9938337009952926e-05,0,1
4019,46,4.9938337009952926e-05,0,1
4028,46,4.9938337009952926e-05,0,1
14966,46,4.9938337009952926e-05,0,1
9335,46,4.9938337009952926e-05,0,1
10455,46,4.9938337009952926e-05,0,1
12538,46,4.9938337009952926e-05,0,1
10536,46,4.9938337009952926e-05,0,1
8697,46,4.9938337009952926e-05,0,1
14680,46,4.9938337009952926e-05,0,1
12283,46,4.9938337009952926e-05,0,1
8132,46,4.9938337009952926e-05,0,1
7824,46,4.9938337009952926e-05,0,1
4736,46,4.9938337009952926e-05,0,1
97,46,4.9938337009952926e-05,0,1
6567,46,4.9938337009952926e-05,0,1
12021,46,4.9938337009952926e-05,0,1
13466,46,4.9938337009952926e-05,0,1
13452,46,4.9938337009952926e-05,0,1
9926,46,4.9938337009952926e-05,0,1
14635,46,4.9938337009952926e-05,0,1
5676,46,4.9938337009952926e-05,0,1
10103,46,4.9938337009952926e-05,0,1
2730,46,4.9938337009952926e-05,0,1
12044,46,4.9938337009952926e-05,0,1
11199,46,4.9938337009952926e-05,0,1
8396,46,4.9938337009952926e-05,0,1
11037,46,4.9938337009952926e-05,0,1
6716,46,4.9938337009952926e-05,0,1
8434,46,4.9938337009952926e-05,0,1
7207,46,4.9938337009952926e-05,0,1
6860,46,4.9938337009952926e-05,0,1
12748,46,4.9938337009952926e-05,0,1
3549,46,4.9938337009952926e-05,0,1
12655,46,4.9938337009952926e-05,0,1
14527,46,4.9938337009952926e-05,0,1
10141,46,4.9938337009952926e-05,0,1
5598,46,4.9938337009952926e-05,0,1
11003,46,4.9938337009952926e-05,0,1
10941,46,4.9938337009952926e-05,0,1
5638,46,4.9938337009952926e-05,0,1
6324,46,4.9938337009952926e-05,0,1
12592,46,4.9938337009952926e-05,0,1
1571,46,4.9938337009952926e-05,0,1
5099,46,4.9938337009952926e-05,0,1
2506,46,4.9938337009952926e-05,0,1
7780,46,4.9938337009952926e-05,0,1
2205,46,4.9938337009952926e-05,0,1
12595,46,4.9938337009952926e-05,0,1
2044,46,4.9938337009952926e-05,0,1
4836,46,4.9938337009952926e-05,0,1
4813,46,4.9938337009952926e-05,0,1
6804,46,4.9938337009952926e-05,0,1
6845,46,4.9938337009952926e-05,0,1
7734,46,4.9938337009952926e-05,0,1
6855,45,4.8852720987997426e-05,0,1
7230,45,4.8852720987997426e-05,0,1
3281,45,4.8852720987997426e-05,0,1
2414,45,4.8852720987997426e-05,0,1
2207,45,4.8852720987997426e-05,0,1
11461,45,4.8852720987997426e-05,0,1
7704,45,4.8852720987997426e-05,0,1
61,45,4.8852720987997426e-05,0,1
10698,45,4.8852720987997426e-05,0,1
8008,45,4.8852720987997426e-05,0,1
2401,45,4.8852720987997426e-05,0,1
5886,45,4.8852720987997426e-05,0,1
3922,45,4.8852720987997426e-05,0,1
5057,45,4.8852720987997426e-05,0,1
15610,45,4.8852720987997426e-05,0,1
11276,45,4.8852720987997426e-05,0,1
10733,45,4.8852720987997426e-05,0,1
15594,45,4.8852720987997426e-05,0,1
14409,45,4.8852720987997426e-05,0,1
5060,45,4.8852720987997426e-05,0,1
8862,45,4.8852720987997426e-05,0,1
2203,45,4.8852720987997426e-05,0,1
13275,45,4.8852720987997426e-05,0,1
8977,45,4.8852720987997426e-05,0,1
5515,45,4.8852720987997426e-05,0,1
6714,45,4.8852720987997426e-05,0,1
10990,45,4.8852720987997426e-05,0,1
2676,45,4.8852720987997426e-05,0,1
8459,45,4.8852720987997426e-05,0,1
9942,45,4.8852720987997426e-05,0,1
5615,45,4.8852720987997426e-05,0,1
9982,45,4.8852720987997426e-05,0,1
11143,45,4.8852720987997426e-05,0,1
158,45,4.8852720987997426e-05,0,1
8578,45,4.8852720987997426e-05,0,1
11239,45,4.8852720987997426e-05,0,1
11243,45,4.8852720987997426e-05,0,1
12601,45,4.8852720987997426e-05,0,1
9807,45,4.8852720987997426e-05,0,1
7122,45,4.8852720987997426e-05,0,1
9141,45,4.8852720987997426e-05,0,1
4756,45,4.8852720987997426e-05,0,1
13839,45,4.8852720987997426e-05,0,1
8100,45,4.8852720987997426e-05,0,1
8786,45,4.8852720987997426e-05,0,1
1736,45,4.8852720987997426e-05,0,1
8730,45,4.8852720987997426e-05,0,1
10868,45,4.8852720987997426e-05,0,1
7823,45,4.8852720987997426e-05,0,1
984,45,4.8852720987997426e-05,0,1
660,45,4.8852720987997426e-05,0,1
1503,45,4.8852720987997426e-05,0,1
14882,45,4.8852720987997426e-05,0,1
3753,45,4.8852720987997426e-05,0,1
12501,45,4.8852720987997426e-05,0,1
12474,45,4.8852720987997426e-05,0,1
10496,45,4.8852720987997426e-05,0,1
13164,45,4.8852720987997426e-05,0,1
2553,45,4.8852720987997426e-05,0,1
13811,45,4.8852720987997426e-05,0,1
1713,45,4.8852720987997426e-05,0,1
6510,45,4.8852720987997426e-05,0,1
5253,45,4.8852720987997426e-05,0,1
7633,45,4.8852720987997426e-05,0,1
9507,45,4.8852720987997426e-05,0,1
5707,45,4.8852720987997426e-05,0,1
10866,45,4.8852720987997426e-05,0,1
3742,45,4.8852720987997426e-05,0,1
999,45,4.8852720987997426e-05,0,1
10349,45,4.8852720987997426e-05,0,1
1010,45,4.8852720987997426e-05,0,1
5142,45,4.8852720987997426e-05,0,1
3303,45,4.8852720987997426e-05,0,1
9598,45,4.8852720987997426e-05,0,1
2063,45,4.8852720987997426e-05,0,1
14273,45,4.8852720987997426e-05,0,1
1018,45,4.8852720987997426e-05,0,1
5227,45,4.8852720987997426e-05,0,1
10625,45,4.8852720987997426e-05,0,1
3409,45,4.8852720987997426e-05,0,1
12642,45,4.8852720987997426e-05,0,1
6476,45,4.8852720987997426e-05,0,1
6427,45,4.8852720987997426e-05,0,1
6215,45,4.8852720987997426e-05,0,1
15920,45,4.8852720987997426e-05,0,1
2050,45,4.8852720987997426e-05,0,1
12480,45,4.8852720987997426e-05,0,1
13911,45,4.8852720987997426e-05,0,1
7894,45,4.8852720987997426e-05,0,1
10900,45,4.8852720987997426e-05,0,1
4040,45,4.8852720987997426e-05,0,1
12215,45,4.8852720987997426e-05,0,1
7330,45,4.8852720987997426e-05,0,1
2755,45,4.8852720987997426e-05,0,1
4560,45,4.8852720987997426e-05,0,1
2395,45,4.8852720987997426e-05,0,1
2249,45,4.8852720987997426e-05,0,1
8546,45,4.8852720987997426e-05,0,1
8554,45,4.8852720987997426e-05,0,1
14624,45,4.8852720987997426e-05,0,1
14901,45,4.8852720987997426e-05,0,1
10480,45,4.8852720987997426e-05,0,1
9048,45,4.8852720987997426e-05,0,1
12339,45,4.8852720987997426e-05,0,1
1600,45,4.8852720987997426e-05,0,1
33,45,4.8852720987997426e-05,0,1
9673,45,4.8852720987997426e-05,0,1
10729,45,4.8852720987997426e-05,0,1
395,45,4.8852720987997426e-05,0,1
4681,45,4.8852720987997426e-05,0,1
2915,45,4.8852720987997426e-05,0,1
10805,45,4.8852720987997426e-05,0,1
6447,45,4.8852720987997426e-05,0,1
7990,45,4.8852720987997426e-05,0,1
4517,45,4.8852720987997426e-05,0,1
5967,45,4.8852720987997426e-05,0,1
12988,45,4.8852720987997426e-05,0,1
5925,45,4.8852720987997426e-05,0,1
5905,45,4.8852720987997426e-05,0,1
9201,45,4.8852720987997426e-05,0,1
8536,45,4.8852720987997426e-05,0,1
8537,45,4.8852720987997426e-05,0,1
8508,45,4.8852720987997426e-05,0,1
4146,45,4.8852720987997426e-05,0,1
6932,45,4.8852720987997426e-05,0,1
4058,45,4.8852720987997426e-05,0,1
9478,45,4.8852720987997426e-05,0,1
9461,45,4.8852720987997426e-05,0,1
8899,45,4.8852720987997426e-05,0,1
14778,45,4.8852720987997426e-05,0,1
8866,45,4.8852720987997426e-05,0,1
8869,45,4.8852720987997426e-05,0,1
9428,45,4.8852720987997426e-05,0,1
9434,45,4.8852720987997426e-05,0,1
1386,45,4.8852720987997426e-05,0,1
5351,45,4.8852720987997426e-05,0,1
7874,45,4.8852720987997426e-05,0,1
13751,45,4.8852720987997426e-05,0,1
11128,45,4.8852720987997426e-05,0,1
12128,45,4.8852720987997426e-05,0,1
726,45,4.8852720987997426e-05,0,1
5302,45,4.8852720987997426e-05,0,1
2707,45,4.8852720987997426e-05,0,1
477,45,4.8852720987997426e-05,0,1
3186,45,4.8852720987997426e-05,0,1
3197,45,4.8852720987997426e-05,0,1
4317,45,4.8852720987997426e-05,0,1
11517,45,4.8852720987997426e-05,0,1
2345,45,4.8852720987997426e-05,0,1
11721,45,4.8852720987997426e-05,0,1
11687,45,4.8852720987997426e-05,0,1
6777,45,4.8852720987997426e-05,0,1
6786,45,4.8852720987997426e-05,0,1
2313,45,4.8852720987997426e-05,0,1
11700,45,4.8852720987997426e-05,0,1
11093,45,4.8852720987997426e-05,0,1
7281,45,4.8852720987997426e-05,0,1
14278,45,4.8852720987997426e-05,0,1
7853,45,4.8852720987997426e-05,0,1
11736,45,4.8852720987997426e-05,0,1
10023,45,4.8852720987997426e-05,0,1
12725,45,4.8852720987997426e-05,0,1
12720,45,4.8852720987997426e-05,0,1
7569,45,4.8852720987997426e-05,0,1
11842,44,4.776710496604193e-05,0,1
4393,44,4.776710496604193e-05,0,1
5563,44,4.776710496604193e-05,0,1
1121,44,4.776710496604193e-05,0,1
10078,44,4.776710496604193e-05,0,1
5566,44,4.776710496604193e-05,0,1
12701,44,4.776710496604193e-05,0,1
7568,44,4.776710496604193e-05,0,1
6794,44,4.776710496604193e-05,0,1
2631,44,4.776710496604193e-05,0,1
13682,44,4.776710496604193e-05,0,1
3507,44,4.776710496604193e-05,0,1
7636,44,4.776710496604193e-05,0,1
7353,44,4.776710496604193e-05,0,1
2724,44,4.776710496604193e-05,0,1
2725,44,4.776710496604193e-05,0,1
6614,44,4.776710496604193e-05,0,1
13528,44,4.776710496604193e-05,0,1
11902,44,4.776710496604193e-05,0,1
9463,44,4.776710496604193e-05,0,1
7634,44,4.776710496604193e-05,0,1
9184,44,4.776710496604193e-05,0,1
9146,44,4.776710496604193e-05,0,1
7905,44,4.776710496604193e-05,0,1
7924,44,4.776710496604193e-05,0,1
3063,44,4.776710496604193e-05,0,1
5017,44,4.776710496604193e-05,0,1
12865,44,4.776710496604193e-05,0,1
5817,44,4.776710496604193e-05,0,1
3383,44,4.776710496604193e-05,0,1
5111,44,4.776710496604193e-05,0,1
9035,44,4.776710496604193e-05,0,1
9663,44,4.776710496604193e-05,0,1
9637,44,4.776710496604193e-05,0,1
10696,44,4.776710496604193e-05,0,1
2503,44,4.776710496604193e-05,0,1
7717,44,4.776710496604193e-05,0,1
2445,44,4.776710496604193e-05,0,1
371,44,4.776710496604193e-05,0,1
2548,44,4.776710496604193e-05,0,1
1486,44,4.776710496604193e-05,0,1
8613,44,4.776710496604193e-05,0,1
4015,44,4.776710496604193e-05,0,1
8160,44,4.776710496604193e-05,0,1
6970,44,4.776710496604193e-05,0,1
4555,44,4.776710496604193e-05,0,1
7333,44,4.776710496604193e-05,0,1
13895,44,4.776710496604193e-05,0,1
351,44,4.776710496604193e-05,0,1
6488,44,4.776710496604193e-05,0,1
3140,44,4.776710496604193e-05,0,1
14652,44,4.776710496604193e-05,0,1
2960,44,4.776710496604193e-05,0,1
12354,44,4.776710496604193e-05,0,1
14993,44,4.776710496604193e-05,0,1
9368,44,4.776710496604193e-05,0,1
10989,44,4.776710496604193e-05,0,1
6003,44,4.776710496604193e-05,0,1
8853,44,4.776710496604193e-05,0,1
6053,44,4.776710496604193e-05,0,1
4619,44,4.776710496604193e-05,0,1
13627,44,4.776710496604193e-05,0,1
8892,44,4.776710496604193e-05,0,1
6711,44,4.776710496604193e-05,0,1
3515,44,4.776710496604193e-05,0,1
5603,44,4.776710496604193e-05,0,1
13987,44,4.776710496604193e-05,0,1
1718,44,4.776710496604193e-05,0,1
13496,44,4.776710496604193e-05,0,1
3602,44,4.776710496604193e-05,0,1
3765,44,4.776710496604193e-05,0,1
9239,44,4.776710496604193e-05,0,1
15331,44,4.776710496604193e-05,0,1
12790,44,4.776710496604193e-05,0,1
9863,44,4.776710496604193e-05,0,1
5718,44,4.776710496604193e-05,0,1
9237,44,4.776710496604193e-05,0,1
13120,44,4.776710496604193e-05,0,1
5927,44,4.776710496604193e-05,0,1
10271,44,4.776710496604193e-05,0,1
7771,44,4.776710496604193e-05,0,1
10310,44,4.776710496604193e-05,0,1
10282,44,4.776710496604193e-05,0,1
2714,44,4.776710496604193e-05,0,1
2698,44,4.776710496604193e-05,0,1
15942,44,4.776710496604193e-05,0,1
11871,44,4.776710496604193e-05,0,1
7012,44,4.776710496604193e-05,0,1
8067,44,4.776710496604193e-05,0,1
9012,44,4.776710496604193e-05,0,1
9020,44,4.776710496604193e-05,0,1
9620,44,4.776710496604193e-05,0,1
12889,44,4.776710496604193e-05,0,1
12894,44,4.776710496604193e-05,0,1
14352,44,4.776710496604193e-05,0,1
14331,44,4.776710496604193e-05,0,1
3674,44,4.776710496604193e-05,0,1
15612,44,4.776710496604193e-05,0,1
4660,44,4.776710496604193e-05,0,1
7120,44,4.776710496604193e-05,0,1
7966,44,4.776710496604193e-05,0,1
7985,44,4.776710496604193e-05,0,1
4737,44,4.776710496604193e-05,0,1
8105,44,4.776710496604193e-05,0,1
11317,44,4.776710496604193e-05,0,1
10206,44,4.776710496604193e-05,0,1
6448,44,4.776710496604193e-05,0,1
6449,44,4.776710496604193e-05,0,1
3311,44,4.776710496604193e-05,0,1
3316,44,4.776710496604193e-05,0,1
1007,44,4.776710496604193e-05,0,1
9538,44,4.776710496604193e-05,0,1
1678,44,4.776710496604193e-05,0,1
3976,44,4.776710496604193e-05,0,1
12284,44,4.776710496604193e-05,0,1
6493,44,4.776710496604193e-05,0,1
5458,44,4.776710496604193e-05,0,1
14720,44,4.776710496604193e-05,0,1
8225,44,4.776710496604193e-05,0,1
3776,44,4.776710496604193e-05,0,1
6927,44,4.776710496604193e-05,0,1
11132,44,4.776710496604193e-05,0,1
6882,44,4.776710496604193e-05,0,1
11147,44,4.776710496604193e-05,0,1
14990,44,4.776710496604193e-05,0,1
13865,44,4.776710496604193e-05,0,1
6785,44,4.776710496604193e-05,0,1
6818,44,4.776710496604193e-05,0,1
11765,44,4.776710496604193e-05,0,1
3222,44,4.776710496604193e-05,0,1
3224,44,4.776710496604193e-05,0,1
6827,44,4.776710496604193e-05,0,1
11098,44,4.776710496604193e-05,0,1
12136,44,4.776710496604193e-05,0,1
2454,44,4.776710496604193e-05,0,1
7873,44,4.776710496604193e-05,0,1
7459,44,4.776710496604193e-05,0,1
5611,44,4.776710496604193e-05,0,1
6854,44,4.776710496604193e-05,0,1
4845,44,4.776710496604193e-05,0,1
3228,44,4.776710496604193e-05,0,1
7064,44,4.776710496604193e-05,0,1
14399,44,4.776710496604193e-05,0,1
10753,44,4.776710496604193e-05,0,1
10758,44,4.776710496604193e-05,0,1
8907,44,4.776710496604193e-05,0,1
154,44,4.776710496604193e-05,0,1
11063,44,4.776710496604193e-05,0,1
12162,44,4.776710496604193e-05,0,1
15245,44,4.776710496604193e-05,0,1
12734,44,4.776710496604193e-05,0,1
11828,44,4.776710496604193e-05,0,1
11033,44,4.776710496604193e-05,0,1
7566,44,4.776710496604193e-05,0,1
7579,44,4.776710496604193e-05,0,1
2364,44,4.776710496604193e-05,0,1
11640,44,4.776710496604193e-05,0,1
11650,44,4.776710496604193e-05,0,1
15274,43,4.6681488944086434e-05,0,1
4804,43,4.6681488944086434e-05,0,1
4367,43,4.6681488944086434e-05,0,1
11755,43,4.6681488944086434e-05,0,1
8374,43,4.6681488944086434e-05,0,1
8395,43,4.6681488944086434e-05,0,1
1904,43,4.6681488944086434e-05,0,1
8457,43,4.6681488944086434e-05,0,1
13611,43,4.6681488944086434e-05,0,1
11055,43,4.6681488944086434e-05,0,1
4869,43,4.6681488944086434e-05,0,1
12763,43,4.6681488944086434e-05,0,1
3542,43,4.6681488944086434e-05,0,1
2497,43,4.6681488944086434e-05,0,1
10743,43,4.6681488944086434e-05,0,1
1900,43,4.6681488944086434e-05,0,1
8258,43,4.6681488944086434e-05,0,1
4847,43,4.6681488944086434e-05,0,1
15016,43,4.6681488944086434e-05,0,1
7859,43,4.6681488944086434e-05,0,1
2133,43,4.6681488944086434e-05,0,1
2119,43,4.6681488944086434e-05,0,1
7503,43,4.6681488944086434e-05,0,1
11796,43,4.6681488944086434e-05,0,1
11084,43,4.6681488944086434e-05,0,1
4462,43,4.6681488944086434e-05,0,1
8016,43,4.6681488944086434e-05,0,1
111,43,4.6681488944086434e-05,0,1
796,43,4.6681488944086434e-05,0,1
8325,43,4.6681488944086434e-05,0,1
13688,43,4.6681488944086434e-05,0,1
8210,43,4.6681488944086434e-05,0,1
14466,43,4.6681488944086434e-05,0,1
13747,43,4.6681488944086434e-05,0,1
9422,43,4.6681488944086434e-05,0,1
9448,43,4.6681488944086434e-05,0,1
9459,43,4.6681488944086434e-05,0,1
13083,43,4.6681488944086434e-05,0,1
9278,43,4.6681488944086434e-05,0,1
6104,43,4.6681488944086434e-05,0,1
308,43,4.6681488944086434e-05,0,1
6483,43,4.6681488944086434e-05,0,1
12624,43,4.6681488944086434e-05,0,1
10482,43,4.6681488944086434e-05,0,1
6429,43,4.6681488944086434e-05,0,1
14722,43,4.6681488944086434e-05,0,1
8747,43,4.6681488944086434e-05,0,1
2898,43,4.6681488944086434e-05,0,1
11578,43,4.6681488944086434e-05,0,1
13392,43,4.6681488944086434e-05,0,1
13426,43,4.6681488944086434e-05,0,1
1008,43,4.6681488944086434e-05,0,1
4724,43,4.6681488944086434e-05,0,1
14448,43,4.6681488944086434e-05,0,1
8119,43,4.6681488944086434e-05,0,1
8660,43,4.6681488944086434e-05,0,1
3392,43,4.6681488944086434e-05,0,1
12424,43,4.6681488944086434e-05,0,1
9108,43,4.6681488944086434e-05,0,1
1549,43,4.6681488944086434e-05,0,1
1552,43,4.6681488944086434e-05,0,1
10904,43,4.6681488944086434e-05,0,1
7865,43,4.6681488944086434e-05,0,1
763,43,4.6681488944086434e-05,0,1
3359,43,4.6681488944086434e-05,0,1
9657,43,4.6681488944086434e-05,0,1
10239,43,4.6681488944086434e-05,0,1
10655,43,4.6681488944086434e-05,0,1
10661,43,4.6681488944086434e-05,0,1
2074,43,4.6681488944086434e-05,0,1
4223,43,4.6681488944086434e-05,0,1
12393,43,4.6681488944086434e-05,0,1
11865,43,4.6681488944086434e-05,0,1
4523,43,4.6681488944086434e-05,0,1
14065,43,4.6681488944086434e-05,0,1
11304,43,4.6681488944086434e-05,0,1
7991,43,4.6681488944086434e-05,0,1
5183,43,4.6681488944086434e-05,0,1
11879,43,4.6681488944086434e-05,0,1
4143,43,4.6681488944086434e-05,0,1
14423,43,4.6681488944086434e-05,0,1
7021,43,4.6681488944086434e-05,0,1
10834,43,4.6681488944086434e-05,0,1
12107,43,4.6681488944086434e-05,0,1
2711,43,4.6681488944086434e-05,0,1
11201,43,4.6681488944086434e-05,0,1
4903,43,4.6681488944086434e-05,0,1
4905,43,4.6681488944086434e-05,0,1
5910,43,4.6681488944086434e-05,0,1
12983,43,4.6681488944086434e-05,0,1
12770,43,4.6681488944086434e-05,0,1
5934,43,4.6681488944086434e-05,0,1
15056,43,4.6681488944086434e-05,0,1
1024,43,4.6681488944086434e-05,0,1
2169,43,4.6681488944086434e-05,0,1
9868,43,4.6681488944086434e-05,0,1
14672,43,4.6681488944086434e-05,0,1
1039,43,4.6681488944086434e-05,0,1
1046,43,4.6681488944086434e-05,0,1
8661,43,4.6681488944086434e-05,0,1
6359,43,4.6681488944086434e-05,0,1
8937,43,4.6681488944086434e-05,0,1
1825,43,4.6681488944086434e-05,0,1
1845,43,4.6681488944086434e-05,0,1
1163,43,4.6681488944086434e-05,0,1
15240,43,4.6681488944086434e-05,0,1
3173,43,4.6681488944086434e-05,0,1
6744,43,4.6681488944086434e-05,0,1
9384,43,4.6681488944086434e-05,0,1
12550,43,4.6681488944086434e-05,0,1
10375,43,4.6681488944086434e-05,0,1
12525,43,4.6681488944086434e-05,0,1
5064,43,4.6681488944086434e-05,0,1
13346,43,4.6681488944086434e-05,0,1
6371,43,4.6681488944086434e-05,0,1
6377,43,4.6681488944086434e-05,0,1
6416,43,4.6681488944086434e-05,0,1
13864,43,4.6681488944086434e-05,0,1
2876,43,4.6681488944086434e-05,0,1
14225,43,4.6681488944086434e-05,0,1
12213,43,4.6681488944086434e-05,0,1
12206,43,4.6681488944086434e-05,0,1
6627,43,4.6681488944086434e-05,0,1
11908,43,4.6681488944086434e-05,0,1
7332,43,4.6681488944086434e-05,0,1
8586,43,4.6681488944086434e-05,0,1
1329,43,4.6681488944086434e-05,0,1
8622,43,4.6681488944086434e-05,0,1
10934,43,4.6681488944086434e-05,0,1
825,43,4.6681488944086434e-05,0,1
4016,43,4.6681488944086434e-05,0,1
1240,43,4.6681488944086434e-05,0,1
9799,43,4.6681488944086434e-05,0,1
6540,43,4.6681488944086434e-05,0,1
6534,43,4.6681488944086434e-05,0,1
2559,43,4.6681488944086434e-05,0,1
10687,43,4.6681488944086434e-05,0,1
8006,43,4.6681488944086434e-05,0,1
2514,43,4.6681488944086434e-05,0,1
7688,43,4.6681488944086434e-05,0,1
11476,43,4.6681488944086434e-05,0,1
6294,43,4.6681488944086434e-05,0,1
13319,43,4.6681488944086434e-05,0,1
13333,43,4.6681488944086434e-05,0,1
6295,43,4.6681488944086434e-05,0,1
13302,43,4.6681488944086434e-05,0,1
3705,43,4.6681488944086434e-05,0,1
3712,43,4.6681488944086434e-05,0,1
7290,43,4.6681488944086434e-05,0,1
1590,43,4.6681488944086434e-05,0,1
5130,43,4.6681488944086434e-05,0,1
3032,43,4.6681488944086434e-05,0,1
3853,43,4.6681488944086434e-05,0,1
10552,43,4.6681488944086434e-05,0,1
5813,43,4.6681488944086434e-05,0,1
12455,43,4.6681488944086434e-05,0,1
12453,43,4.6681488944086434e-05,0,1
10491,43,4.6681488944086434e-05,0,1
3259,43,4.6681488944086434e-05,0,1
14074,43,4.6681488944086434e-05,0,1
7656,43,4.6681488944086434e-05,0,1
11553,43,4.6681488944086434e-05,0,1
3250,43,4.6681488944086434e-05,0,1
5965,43,4.6681488944086434e-05,0,1
7628,43,4.6681488944086434e-05,0,1
6616,43,4.6681488944086434e-05,0,1
8600,43,4.6681488944086434e-05,0,1
8604,43,4.6681488944086434e-05,0,1
10106,43,4.6681488944086434e-05,0,1
3493,43,4.6681488944086434e-05,0,1
2318,43,4.6681488944086434e-05,0,1
7565,43,4.6681488944086434e-05,0,1
5596,43,4.6681488944086434e-05,0,1
1867,43,4.6681488944086434e-05,0,1
4440,43,4.6681488944086434e-05,0,1
14226,43,4.6681488944086434e-05,0,1
2339,43,4.6681488944086434e-05,0,1
90,43,4.6681488944086434e-05,0,1
7440,43,4.6681488944086434e-05,0,1
7434,42,4.5595872922130934e-05,0,1
11612,42,4.5595872922130934e-05,0,1
11617,42,4.5595872922130934e-05,0,1
15299,42,4.5595872922130934e-05,0,1
15290,42,4.5595872922130934e-05,0,1
5551,42,4.5595872922130934e-05,0,1
1152,42,4.5595872922130934e-05,0,1
8353,42,4.5595872922130934e-05,0,1
6781,42,4.5595872922130934e-05,0,1
13703,42,4.5595872922130934e-05,0,1
16089,42,4.5595872922130934e-05,0,1
2304,42,4.5595872922130934e-05,0,1
3217,42,4.5595872922130934e-05,0,1
7208,42,4.5595872922130934e-05,0,1
11932,42,4.5595872922130934e-05,0,1
1917,42,4.5595872922130934e-05,0,1
10018,42,4.5595872922130934e-05,0,1
9997,42,4.5595872922130934e-05,0,1
2391,42,4.5595872922130934e-05,0,1
7675,42,4.5595872922130934e-05,0,1
7678,42,4.5595872922130934e-05,0,1
7627,42,4.5595872922130934e-05,0,1
14071,42,4.5595872922130934e-05,0,1
6143,42,4.5595872922130934e-05,0,1
7891,42,4.5595872922130934e-05,0,1
7918,42,4.5595872922130934e-05,0,1
2490,42,4.5595872922130934e-05,0,1
13874,42,4.5595872922130934e-05,0,1
9143,42,4.5595872922130934e-05,0,1
5240,42,4.5595872922130934e-05,0,1
1703,42,4.5595872922130934e-05,0,1
13796,42,4.5595872922130934e-05,0,1
8171,42,4.5595872922130934e-05,0,1
2565,42,4.5595872922130934e-05,0,1
11192,42,4.5595872922130934e-05,0,1
4021,42,4.5595872922130934e-05,0,1
4006,42,4.5595872922130934e-05,0,1
6583,42,4.5595872922130934e-05,0,1
1757,42,4.5595872922130934e-05,0,1
11963,42,4.5595872922130934e-05,0,1
11988,42,4.5595872922130934e-05,0,1
341,42,4.5595872922130934e-05,0,1
11925,42,4.5595872922130934e-05,0,1
11450,42,4.5595872922130934e-05,0,1
14002,42,4.5595872922130934e-05,0,1
2771,42,4.5595872922130934e-05,0,1
2777,42,4.5595872922130934e-05,0,1
4953,42,4.5595872922130934e-05,0,1
1761,42,4.5595872922130934e-05,0,1
1770,42,4.5595872922130934e-05,0,1
11853,42,4.5595872922130934e-05,0,1
4499,42,4.5595872922130934e-05,0,1
7366,42,4.5595872922130934e-05,0,1
13084,42,4.5595872922130934e-05,0,1
13105,42,4.5595872922130934e-05,0,1
13090,42,4.5595872922130934e-05,0,1
3090,42,4.5595872922130934e-05,0,1
13486,42,4.5595872922130934e-05,0,1
13453,42,4.5595872922130934e-05,0,1
2838,42,4.5595872922130934e-05,0,1
10879,42,4.5595872922130934e-05,0,1
14650,42,4.5595872922130934e-05,0,1
1741,42,4.5595872922130934e-05,0,1
9820,42,4.5595872922130934e-05,0,1
9840,42,4.5595872922130934e-05,0,1
9876,42,4.5595872922130934e-05,0,1
13960,42,4.5595872922130934e-05,0,1
2155,42,4.5595872922130934e-05,0,1
13147,42,4.5595872922130934e-05,0,1
5275,42,4.5595872922130934e-05,0,1
9265,42,4.5595872922130934e-05,0,1
5972,42,4.5595872922130934e-05,0,1
2245,42,4.5595872922130934e-05,0,1
5692,42,4.5595872922130934e-05,0,1
12053,42,4.5595872922130934e-05,0,1
4784,42,4.5595872922130934e-05,0,1
4052,42,4.5595872922130934e-05,0,1
4915,42,4.5595872922130934e-05,0,1
8515,42,4.5595872922130934e-05,0,1
1806,42,4.5595872922130934e-05,0,1
784,42,4.5595872922130934e-05,0,1
13928,42,4.5595872922130934e-05,0,1
12420,42,4.5595872922130934e-05,0,1
891,42,4.5595872922130934e-05,0,1
13227,42,4.5595872922130934e-05,0,1
1553,42,4.5595872922130934e-05,0,1
7121,42,4.5595872922130934e-05,0,1
14370,42,4.5595872922130934e-05,0,1
7982,42,4.5595872922130934e-05,0,1
12004,42,4.5595872922130934e-05,0,1
10229,42,4.5595872922130934e-05,0,1
12618,42,4.5595872922130934e-05,0,1
5780,42,4.5595872922130934e-05,0,1
12051,42,4.5595872922130934e-05,0,1
12932,42,4.5595872922130934e-05,0,1
5399,42,4.5595872922130934e-05,0,1
997,42,4.5595872922130934e-05,0,1
9524,42,4.5595872922130934e-05,0,1
9554,42,4.5595872922130934e-05,0,1
8755,42,4.5595872922130934e-05,0,1
5735,42,4.5595872922130934e-05,0,1
5740,42,4.5595872922130934e-05,0,1
5451,42,4.5595872922130934e-05,0,1
3819,42,4.5595872922130934e-05,0,1
6132,42,4.5595872922130934e-05,0,1
5345,42,4.5595872922130934e-05,0,1
13041,42,4.5595872922130934e-05,0,1
319,42,4.5595872922130934e-05,0,1
6638,42,4.5595872922130934e-05,0,1
13739,42,4.5595872922130934e-05,0,1
8232,42,4.5595872922130934e-05,0,1
11148,42,4.5595872922130934e-05,0,1
8488,42,4.5595872922130934e-05,0,1
2717,42,4.5595872922130934e-05,0,1
2704,42,4.5595872922130934e-05,0,1
7022,42,4.5595872922130934e-05,0,1
5006,42,4.5595872922130934e-05,0,1
5040,42,4.5595872922130934e-05,0,1
3959,42,4.5595872922130934e-05,0,1
15146,42,4.5595872922130934e-05,0,1
3362,42,4.5595872922130934e-05,0,1
15945,42,4.5595872922130934e-05,0,1
14075,42,4.5595872922130934e-05,0,1
14067,42,4.5595872922130934e-05,0,1
12387,42,4.5595872922130934e-05,0,1
9608,42,4.5595872922130934e-05,0,1
9602,42,4.5595872922130934e-05,0,1
3307,42,4.5595872922130934e-05,0,1
10659,42,4.5595872922130934e-05,0,1
871,42,4.5595872922130934e-05,0,1
873,42,4.5595872922130934e-05,0,1
4211,42,4.5595872922130934e-05,0,1
118,42,4.5595872922130934e-05,0,1
12908,42,4.5595872922130934e-05,0,1
6372,42,4.5595872922130934e-05,0,1
13382,42,4.5595872922130934e-05,0,1
6409,42,4.5595872922130934e-05,0,1
8832,42,4.5595872922130934e-05,0,1
1633,42,4.5595872922130934e-05,0,1
423,42,4.5595872922130934e-05,0,1
8068,42,4.5595872922130934e-05,0,1
11320,42,4.5595872922130934e-05,0,1
725,42,4.5595872922130934e-05,0,1
10391,42,4.5595872922130934e-05,0,1
6045,42,4.5595872922130934e-05,0,1
6022,42,4.5595872922130934e-05,0,1
6033,42,4.5595872922130934e-05,0,1
9385,42,4.5595872922130934e-05,0,1
3781,42,4.5595872922130934e-05,0,1
6055,42,4.5595872922130934e-05,0,1
3184,42,4.5595872922130934e-05,0,1
779,42,4.5595872922130934e-05,0,1
13630,42,4.5595872922130934e-05,0,1
1837,42,4.5595872922130934e-05,0,1
5118,42,4.5595872922130934e-05,0,1
3001,42,4.5595872922130934e-05,0,1
3006,42,4.5595872922130934e-05,0,1
2991,42,4.5595872922130934e-05,0,1
6381,42,4.5595872922130934e-05,0,1
1030,42,4.5595872922130934e-05,0,1
3376,42,4.5595872922130934e-05,0,1
6270,42,4.5595872922130934e-05,0,1
6207,42,4.5595872922130934e-05,0,1
918,42,4.5595872922130934e-05,0,1
899,42,4.5595872922130934e-05,0,1
12355,42,4.5595872922130934e-05,0,1
10668,42,4.5595872922130934e-05,0,1
9043,42,4.5595872922130934e-05,0,1
13278,42,4.5595872922130934e-05,0,1
2204,42,4.5595872922130934e-05,0,1
7781,42,4.5595872922130934e-05,0,1
9621,42,4.5595872922130934e-05,0,1
5138,42,4.5595872922130934e-05,0,1
2508,42,4.5595872922130934e-05,0,1
7082,42,4.5595872922130934e-05,0,1
12030,42,4.5595872922130934e-05,0,1
12750,42,4.5595872922130934e-05,0,1
5641,42,4.5595872922130934e-05,0,1
6733,42,4.5595872922130934e-05,0,1
8454,42,4.5595872922130934e-05,0,1
12167,42,4.5595872922130934e-05,0,1
11035,42,4.5595872922130934e-05,0,1
13643,42,4.5595872922130934e-05,0,1
8402,42,4.5595872922130934e-05,0,1
4091,42,4.5595872922130934e-05,0,1
8262,42,4.5595872922130934e-05,0,1
4369,42,4.5595872922130934e-05,0,1
7410,42,4.5595872922130934e-05,0,1
1105,42,4.5595872922130934e-05,0,1
7580,42,4.5595872922130934e-05,0,1
4479,42,4.5595872922130934e-05,0,1
5593,42,4.5595872922130934e-05,0,1
4381,42,4.5595872922130934e-05,0,1
4466,42,4.5595872922130934e-05,0,1
577,42,4.5595872922130934e-05,0,1
581,42,4.5595872922130934e-05,0,1
14192,42,4.5595872922130934e-05,0,1
16129,41,4.4510256900175435e-05,0,1
7495,41,4.4510256900175435e-05,0,1
587,41,4.4510256900175435e-05,0,1
2328,41,4.4510256900175435e-05,0,1
11716,41,4.4510256900175435e-05,0,1
7438,41,4.4510256900175435e-05,0,1
7429,41,4.4510256900175435e-05,0,1
11631,41,4.4510256900175435e-05,0,1
5564,41,4.4510256900175435e-05,0,1
12659,41,4.4510256900175435e-05,0,1
11600,41,4.4510256900175435e-05,0,1
11071,41,4.4510256900175435e-05,0,1
11848,41,4.4510256900175435e-05,0,1
6103,41,4.4510256900175435e-05,0,1
9268,41,4.4510256900175435e-05,0,1
13117,41,4.4510256900175435e-05,0,1
6159,41,4.4510256900175435e-05,0,1
3104,41,4.4510256900175435e-05,0,1
10407,41,4.4510256900175435e-05,0,1
7567,41,4.4510256900175435e-05,0,1
7172,41,4.4510256900175435e-05,0,1
4631,41,4.4510256900175435e-05,0,1
9309,41,4.4510256900175435e-05,0,1
9316,41,4.4510256900175435e-05,0,1
9328,41,4.4510256900175435e-05,0,1
6092,41,4.4510256900175435e-05,0,1
683,41,4.4510256900175435e-05,0,1
9300,41,4.4510256900175435e-05,0,1
13046,41,4.4510256900175435e-05,0,1
10376,41,4.4510256900175435e-05,0,1
10394,41,4.4510256900175435e-05,0,1
3805,41,4.4510256900175435e-05,0,1
4951,41,4.4510256900175435e-05,0,1
13762,41,4.4510256900175435e-05,0,1
14576,41,4.4510256900175435e-05,0,1
14565,41,4.4510256900175435e-05,0,1
1783,41,4.4510256900175435e-05,0,1
8492,41,4.4510256900175435e-05,0,1
13578,41,4.4510256900175435e-05,0,1
4123,41,4.4510256900175435e-05,0,1
450,41,4.4510256900175435e-05,0,1
11122,41,4.4510256900175435e-05,0,1
11016,41,4.4510256900175435e-05,0,1
2630,41,4.4510256900175435e-05,0,1
8246,41,4.4510256900175435e-05,0,1
14327,41,4.4510256900175435e-05,0,1
14318,41,4.4510256900175435e-05,0,1
13168,41,4.4510256900175435e-05,0,1
7836,41,4.4510256900175435e-05,0,1
2115,41,4.4510256900175435e-05,0,1
2443,41,4.4510256900175435e-05,0,1
2052,41,4.4510256900175435e-05,0,1
13199,41,4.4510256900175435e-05,0,1
9194,41,4.4510256900175435e-05,0,1
6141,41,4.4510256900175435e-05,0,1
9256,41,4.4510256900175435e-05,0,1
10500,41,4.4510256900175435e-05,0,1
11392,41,4.4510256900175435e-05,0,1
15205,41,4.4510256900175435e-05,0,1
3649,41,4.4510256900175435e-05,0,1
3651,41,4.4510256900175435e-05,0,1
5448,41,4.4510256900175435e-05,0,1
2566,41,4.4510256900175435e-05,0,1
8163,41,4.4510256900175435e-05,0,1
10220,41,4.4510256900175435e-05,0,1
15381,41,4.4510256900175435e-05,0,1
7339,41,4.4510256900175435e-05,0,1
3408,41,4.4510256900175435e-05,0,1
9836,41,4.4510256900175435e-05,0,1
8533,41,4.4510256900175435e-05,0,1
10120,41,4.4510256900175435e-05,0,1
3443,41,4.4510256900175435e-05,0,1
4150,41,4.4510256900175435e-05,0,1
2624,41,4.4510256900175435e-05,0,1
6246,41,4.4510256900175435e-05,0,1
6254,41,4.4510256900175435e-05,0,1
9045,41,4.4510256900175435e-05,0,1
13889,41,4.4510256900175435e-05,0,1
7895,41,4.4510256900175435e-05,0,1
11386,41,4.4510256900175435e-05,0,1
5158,41,4.4510256900175435e-05,0,1
5163,41,4.4510256900175435e-05,0,1
12396,41,4.4510256900175435e-05,0,1
12401,41,4.4510256900175435e-05,0,1
3060,41,4.4510256900175435e-05,0,1
886,41,4.4510256900175435e-05,0,1
1370,41,4.4510256900175435e-05,0,1
3770,41,4.4510256900175435e-05,0,1
10347,41,4.4510256900175435e-05,0,1
10320,41,4.4510256900175435e-05,0,1
3249,41,4.4510256900175435e-05,0,1
12836,41,4.4510256900175435e-05,0,1
7694,41,4.4510256900175435e-05,0,1
2774,41,4.4510256900175435e-05,0,1
8573,41,4.4510256900175435e-05,0,1
11532,41,4.4510256900175435e-05,0,1
5767,41,4.4510256900175435e-05,0,1
12833,41,4.4510256900175435e-05,0,1
4025,41,4.4510256900175435e-05,0,1
4936,41,4.4510256900175435e-05,0,1
4894,41,4.4510256900175435e-05,0,1
805,41,4.4510256900175435e-05,0,1
6977,41,4.4510256900175435e-05,0,1
6539,41,4.4510256900175435e-05,0,1
4005,41,4.4510256900175435e-05,0,1
12244,41,4.4510256900175435e-05,0,1
12245,41,4.4510256900175435e-05,0,1
11183,41,4.4510256900175435e-05,0,1
6955,41,4.4510256900175435e-05,0,1
9588,41,4.4510256900175435e-05,0,1
4262,41,4.4510256900175435e-05,0,1
4264,41,4.4510256900175435e-05,0,1
4201,41,4.4510256900175435e-05,0,1
12381,41,4.4510256900175435e-05,0,1
13272,41,4.4510256900175435e-05,0,1
6312,41,4.4510256900175435e-05,0,1
14815,41,4.4510256900175435e-05,0,1
8986,41,4.4510256900175435e-05,0,1
11913,41,4.4510256900175435e-05,0,1
11487,41,4.4510256900175435e-05,0,1
11987,41,4.4510256900175435e-05,0,1
874,41,4.4510256900175435e-05,0,1
107,41,4.4510256900175435e-05,0,1
2972,41,4.4510256900175435e-05,0,1
6272,41,4.4510256900175435e-05,0,1
1595,41,4.4510256900175435e-05,0,1
9008,41,4.4510256900175435e-05,0,1
1700,41,4.4510256900175435e-05,0,1
1711,41,4.4510256900175435e-05,0,1
1739,41,4.4510256900175435e-05,0,1
10807,41,4.4510256900175435e-05,0,1
1655,41,4.4510256900175435e-05,0,1
8142,41,4.4510256900175435e-05,0,1
6558,41,4.4510256900175435e-05,0,1
3389,41,4.4510256900175435e-05,0,1
504,41,4.4510256900175435e-05,0,1
8782,41,4.4510256900175435e-05,0,1
13484,41,4.4510256900175435e-05,0,1
13499,41,4.4510256900175435e-05,0,1
12860,41,4.4510256900175435e-05,0,1
10301,41,4.4510256900175435e-05,0,1
415,41,4.4510256900175435e-05,0,1
5903,41,4.4510256900175435e-05,0,1
11462,41,4.4510256900175435e-05,0,1
13421,41,4.4510256900175435e-05,0,1
5411,41,4.4510256900175435e-05,0,1
10227,41,4.4510256900175435e-05,0,1
12892,41,4.4510256900175435e-05,0,1
10847,41,4.4510256900175435e-05,0,1
10838,41,4.4510256900175435e-05,0,1
7025,41,4.4510256900175435e-05,0,1
13431,41,4.4510256900175435e-05,0,1
2542,41,4.4510256900175435e-05,0,1
11263,41,4.4510256900175435e-05,0,1
15825,41,4.4510256900175435e-05,0,1
6356,41,4.4510256900175435e-05,0,1
6353,41,4.4510256900175435e-05,0,1
186,41,4.4510256900175435e-05,0,1
3879,41,4.4510256900175435e-05,0,1
11272,41,4.4510256900175435e-05,0,1
11262,41,4.4510256900175435e-05,0,1
14780,41,4.4510256900175435e-05,0,1
12929,41,4.4510256900175435e-05,0,1
2026,41,4.4510256900175435e-05,0,1
2031,41,4.4510256900175435e-05,0,1
53,41,4.4510256900175435e-05,0,1
3318,41,4.4510256900175435e-05,0,1
5858,41,4.4510256900175435e-05,0,1
15082,41,4.4510256900175435e-05,0,1
9558,41,4.4510256900175435e-05,0,1
6801,41,4.4510256900175435e-05,0,1
6831,41,4.4510256900175435e-05,0,1
7543,41,4.4510256900175435e-05,0,1
1123,41,4.4510256900175435e-05,0,1
10086,41,4.4510256900175435e-05,0,1
8356,41,4.4510256900175435e-05,0,1
1881,41,4.4510256900175435e-05,0,1
5572,41,4.4510256900175435e-05,0,1
5581,41,4.4510256900175435e-05,0,1
4469,41,4.4510256900175435e-05,0,1
7467,41,4.4510256900175435e-05,0,1
3510,41,4.4510256900175435e-05,0,1
4840,41,4.4510256900175435e-05,0,1
4831,41,4.4510256900175435e-05,0,1
8335,41,4.4510256900175435e-05,0,1
14535,41,4.4510256900175435e-05,0,1
12152,41,4.4510256900175435e-05,0,1
5658,41,4.4510256900175435e-05,0,1
12736,41,4.4510256900175435e-05,0,1
1173,41,4.4510256900175435e-05,0,1
7391,41,4.4510256900175435e-05,0,1
4333,41,4.4510256900175435e-05,0,1
3433,40,4.3424640878219935e-05,0,1
14112,40,4.3424640878219935e-05,0,1
4323,40,4.3424640878219935e-05,0,1
4330,40,4.3424640878219935e-05,0,1
5679,40,4.3424640878219935e-05,0,1
5682,40,4.3424640878219935e-05,0,1
5683,40,4.3424640878219935e-05,0,1
15215,40,4.3424640878219935e-05,0,1
15208,40,4.3424640878219935e-05,0,1
15178,40,4.3424640878219935e-05,0,1
2685,40,4.3424640878219935e-05,0,1
14542,40,4.3424640878219935e-05,0,1
13663,40,4.3424640878219935e-05,0,1
4094,40,4.3424640878219935e-05,0,1
8303,40,4.3424640878219935e-05,0,1
8265,40,4.3424640878219935e-05,0,1
4803,40,4.3424640878219935e-05,0,1
2635,40,4.3424640878219935e-05,0,1
4114,40,4.3424640878219935e-05,0,1
6862,40,4.3424640878219935e-05,0,1
13713,40,4.3424640878219935e-05,0,1
12182,40,4.3424640878219935e-05,0,1
11778,40,4.3424640878219935e-05,0,1
11783,40,4.3424640878219935e-05,0,1
15955,40,4.3424640878219935e-05,0,1
16037,40,4.3424640878219935e-05,0,1
10025,40,4.3424640878219935e-05,0,1
2349,40,4.3424640878219935e-05,0,1
7419,40,4.3424640878219935e-05,0,1
5580,40,4.3424640878219935e-05,0,1
10058,40,4.3424640878219935e-05,0,1
1107,40,4.3424640878219935e-05,0,1
1116,40,4.3424640878219935e-05,0,1
10050,40,4.3424640878219935e-05,0,1
12673,40,4.3424640878219935e-05,0,1
3580,40,4.3424640878219935e-05,0,1
5534,40,4.3424640878219935e-05,0,1
7518,40,4.3424640878219935e-05,0,1
83,40,4.3424640878219935e-05,0,1
4452,40,4.3424640878219935e-05,0,1
4121,40,4.3424640878219935e-05,0,1
4100,40,4.3424640878219935e-05,0,1
15090,40,4.3424640878219935e-05,0,1
9611,40,4.3424640878219935e-05,0,1
3739,40,4.3424640878219935e-05,0,1
3729,40,4.3424640878219935e-05,0,1
15439,40,4.3424640878219935e-05,0,1
10316,40,4.3424640878219935e-05,0,1
843,40,4.3424640878219935e-05,0,1
10704,40,4.3424640878219935e-05,0,1
5074,40,4.3424640878219935e-05,0,1
4712,40,4.3424640878219935e-05,0,1
11273,40,4.3424640878219935e-05,0,1
8861,40,4.3424640878219935e-05,0,1
5044,40,4.3424640878219935e-05,0,1
8922,40,4.3424640878219935e-05,0,1
6334,40,4.3424640878219935e-05,0,1
10730,40,4.3424640878219935e-05,0,1
12353,40,4.3424640878219935e-05,0,1
8842,40,4.3424640878219935e-05,0,1
7053,40,4.3424640878219935e-05,0,1
4693,40,4.3424640878219935e-05,0,1
15824,40,4.3424640878219935e-05,0,1
4988,40,4.3424640878219935e-05,0,1
10823,40,4.3424640878219935e-05,0,1
11242,40,4.3424640878219935e-05,0,1
8745,40,4.3424640878219935e-05,0,1
15664,40,4.3424640878219935e-05,0,1
6453,40,4.3424640878219935e-05,0,1
13398,40,4.3424640878219935e-05,0,1
15419,40,4.3424640878219935e-05,0,1
12587,40,4.3424640878219935e-05,0,1
9613,40,4.3424640878219935e-05,0,1
5882,40,4.3424640878219935e-05,0,1
11477,40,4.3424640878219935e-05,0,1
2422,40,4.3424640878219935e-05,0,1
3315,40,4.3424640878219935e-05,0,1
5848,40,4.3424640878219935e-05,0,1
9705,40,4.3424640878219935e-05,0,1
10300,40,4.3424640878219935e-05,0,1
5842,40,4.3424640878219935e-05,0,1
12917,40,4.3424640878219935e-05,0,1
10207,40,4.3424640878219935e-05,0,1
6474,40,4.3424640878219935e-05,0,1
13459,40,4.3424640878219935e-05,0,1
8685,40,4.3424640878219935e-05,0,1
13817,40,4.3424640878219935e-05,0,1
8102,40,4.3424640878219935e-05,0,1
10874,40,4.3424640878219935e-05,0,1
802,40,4.3424640878219935e-05,0,1
6492,40,4.3424640878219935e-05,0,1
14700,40,4.3424640878219935e-05,0,1
1742,40,4.3424640878219935e-05,0,1
5071,40,4.3424640878219935e-05,0,1
8841,40,4.3424640878219935e-05,0,1
190,40,4.3424640878219935e-05,0,1
6384,40,4.3424640878219935e-05,0,1
8993,40,4.3424640878219935e-05,0,1
15866,40,4.3424640878219935e-05,0,1
4221,40,4.3424640878219935e-05,0,1
12008,40,4.3424640878219935e-05,0,1
7041,40,4.3424640878219935e-05,0,1
99,40,4.3424640878219935e-05,0,1
13869,40,4.3424640878219935e-05,0,1
340,40,4.3424640878219935e-05,0,1
13991,40,4.3424640878219935e-05,0,1
7761,40,4.3424640878219935e-05,0,1
5939,40,4.3424640878219935e-05,0,1
5942,40,4.3424640878219935e-05,0,1
13538,40,4.3424640878219935e-05,0,1
2732,40,4.3424640878219935e-05,0,1
6514,40,4.3424640878219935e-05,0,1
1749,40,4.3424640878219935e-05,0,1
4014,40,4.3424640878219935e-05,0,1
13517,40,4.3424640878219935e-05,0,1
5771,40,4.3424640878219935e-05,0,1
12834,40,4.3424640878219935e-05,0,1
14279,40,4.3424640878219935e-05,0,1
7708,40,4.3424640878219935e-05,0,1
11560,40,4.3424640878219935e-05,0,1
11581,40,4.3424640878219935e-05,0,1
4307,40,4.3424640878219935e-05,0,1
9714,40,4.3424640878219935e-05,0,1
5946,40,4.3424640878219935e-05,0,1
9498,40,4.3424640878219935e-05,0,1
3247,40,4.3424640878219935e-05,0,1
13001,40,4.3424640878219935e-05,0,1
10280,40,4.3424640878219935e-05,0,1
9069,40,4.3424640878219935e-05,0,1
3851,40,4.3424640878219935e-05,0,1
12409,40,4.3424640878219935e-05,0,1
7136,40,4.3424640878219935e-05,0,1
11375,40,4.3424640878219935e-05,0,1
11301,40,4.3424640878219935e-05,0,1
13238,40,4.3424640878219935e-05,0,1
6206,40,4.3424640878219935e-05,0,1
9018,40,4.3424640878219935e-05,0,1
7116,40,4.3424640878219935e-05,0,1
6950,40,4.3424640878219935e-05,0,1
4787,40,4.3424640878219935e-05,0,1
749,40,4.3424640878219935e-05,0,1
6937,40,4.3424640878219935e-05,0,1
2608,40,4.3424640878219935e-05,0,1
2612,40,4.3424640878219935e-05,0,1
6641,40,4.3424640878219935e-05,0,1
6668,40,4.3424640878219935e-05,0,1
6682,40,4.3424640878219935e-05,0,1
8522,40,4.3424640878219935e-05,0,1
14090,40,4.3424640878219935e-05,0,1
15328,40,4.3424640878219935e-05,0,1
12807,40,4.3424640878219935e-05,0,1
9787,40,4.3424640878219935e-05,0,1
5701,40,4.3424640878219935e-05,0,1
5442,40,4.3424640878219935e-05,0,1
7936,40,4.3424640878219935e-05,0,1
6135,40,4.3424640878219935e-05,0,1
11968,40,4.3424640878219935e-05,0,1
11980,40,4.3424640878219935e-05,0,1
1485,40,4.3424640878219935e-05,0,1
9177,40,4.3424640878219935e-05,0,1
5266,40,4.3424640878219935e-05,0,1
10584,40,4.3424640878219935e-05,0,1
10533,40,4.3424640878219935e-05,0,1
5258,40,4.3424640878219935e-05,0,1
13140,40,4.3424640878219935e-05,0,1
5991,40,4.3424640878219935e-05,0,1
1401,40,4.3424640878219935e-05,0,1
5357,40,4.3424640878219935e-05,0,1
11399,40,4.3424640878219935e-05,0,1
14314,40,4.3424640878219935e-05,0,1
7225,40,4.3424640878219935e-05,0,1
9391,40,4.3424640878219935e-05,0,1
13045,40,4.3424640878219935e-05,0,1
2626,40,4.3424640878219935e-05,0,1
8219,40,4.3424640878219935e-05,0,1
12222,40,4.3424640878219935e-05,0,1
8559,40,4.3424640878219935e-05,0,1
1778,40,4.3424640878219935e-05,0,1
8440,40,4.3424640878219935e-05,0,1
10950,40,4.3424640878219935e-05,0,1
6683,40,4.3424640878219935e-05,0,1
6704,40,4.3424640878219935e-05,0,1
2712,40,4.3424640878219935e-05,0,1
6706,40,4.3424640878219935e-05,0,1
14561,40,4.3424640878219935e-05,0,1
8422,40,4.3424640878219935e-05,0,1
2674,40,4.3424640878219935e-05,0,1
11211,40,4.3424640878219935e-05,0,1
12065,40,4.3424640878219935e-05,0,1
8549,40,4.3424640878219935e-05,0,1
12208,40,4.3424640878219935e-05,0,1
4935,40,4.3424640878219935e-05,0,1
5312,40,4.3424640878219935e-05,0,1
5330,40,4.3424640878219935e-05,0,1
3807,40,4.3424640878219935e-05,0,1
5298,40,4.3424640878219935e-05,0,1
1431,40,4.3424640878219935e-05,0,1
673,40,4.3424640878219935e-05,0,1
14992,40,4.3424640878219935e-05,0,1
9347,40,4.3424640878219935e-05,0,1
14329,40,4.3424640878219935e-05,0,1
7190,40,4.3424640878219935e-05,0,1
7183,40,4.3424640878219935e-05,0,1
10413,40,4.3424640878219935e-05,0,1
14912,40,4.3424640878219935e-05,0,1
5640,40,4.3424640878219935e-05,0,1
576,40,4.3424640878219935e-05,0,1
11799,40,4.3424640878219935e-05,0,1
11814,40,4.3424640878219935e-05,0,1
659,40,4.3424640878219935e-05,0,1
15313,40,4.3424640878219935e-05,0,1
5528,40,4.3424640878219935e-05,0,1
5493,40,4.3424640878219935e-05,0,1
11677,40,4.3424640878219935e-05,0,1
2288,40,4.3424640878219935e-05,0,1
11714,40,4.3424640878219935e-05,0,1
16182,40,4.3424640878219935e-05,0,1
13,40,4.3424640878219935e-05,0,1
14150,39,4.2339024856264435e-05,0,1
27,39,4.2339024856264435e-05,0,1
11747,39,4.2339024856264435e-05,0,1
16072,39,4.2339024856264435e-05,0,1
12133,39,4.2339024856264435e-05,0,1
11077,39,4.2339024856264435e-05,0,1
6799,39,4.2339024856264435e-05,0,1
6802,39,4.2339024856264435e-05,0,1
6829,39,4.2339024856264435e-05,0,1
1142,39,4.2339024856264435e-05,0,1
10085,39,4.2339024856264435e-05,0,1
10047,39,4.2339024856264435e-05,0,1
3538,39,4.2339024856264435e-05,0,1
9998,39,4.2339024856264435e-05,0,1
10021,39,4.2339024856264435e-05,0,1
11843,39,4.2339024856264435e-05,0,1
7399,39,4.2339024856264435e-05,0,1
7550,39,4.2339024856264435e-05,0,1
13125,39,4.2339024856264435e-05,0,1
3124,39,4.2339024856264435e-05,0,1
9312,39,4.2339024856264435e-05,0,1
9296,39,4.2339024856264435e-05,0,1
14921,39,4.2339024856264435e-05,0,1
14339,39,4.2339024856264435e-05,0,1
7195,39,4.2339024856264435e-05,0,1
12560,39,4.2339024856264435e-05,0,1
13070,39,4.2339024856264435e-05,0,1
9348,39,4.2339024856264435e-05,0,1
6069,39,4.2339024856264435e-05,0,1
5288,39,4.2339024856264435e-05,0,1
10430,39,4.2339024856264435e-05,0,1
6014,39,4.2339024856264435e-05,0,1
5341,39,4.2339024856264435e-05,0,1
14325,39,4.2339024856264435e-05,0,1
7217,39,4.2339024856264435e-05,0,1
14332,39,4.2339024856264435e-05,0,1
13004,39,4.2339024856264435e-05,0,1
1405,39,4.2339024856264435e-05,0,1
10607,39,4.2339024856264435e-05,0,1
10596,39,4.2339024856264435e-05,0,1
10565,39,4.2339024856264435e-05,0,1
9229,39,4.2339024856264435e-05,0,1
15548,39,4.2339024856264435e-05,0,1
12470,39,4.2339024856264435e-05,0,1
948,39,4.2339024856264435e-05,0,1
11390,39,4.2339024856264435e-05,0,1
11957,39,4.2339024856264435e-05,0,1
2474,39,4.2339024856264435e-05,0,1
6227,39,4.2339024856264435e-05,0,1
6256,39,4.2339024856264435e-05,0,1
9031,39,4.2339024856264435e-05,0,1
5171,39,4.2339024856264435e-05,0,1
10646,39,4.2339024856264435e-05,0,1
14377,39,4.2339024856264435e-05,0,1
7941,39,4.2339024856264435e-05,0,1
11396,39,4.2339024856264435e-05,0,1
11384,39,4.2339024856264435e-05,0,1
9147,39,4.2339024856264435e-05,0,1
13232,39,4.2339024856264435e-05,0,1
3864,39,4.2339024856264435e-05,0,1
10622,39,4.2339024856264435e-05,0,1
10278,39,4.2339024856264435e-05,0,1
9500,39,4.2339024856264435e-05,0,1
5938,39,4.2339024856264435e-05,0,1
5352,39,4.2339024856264435e-05,0,1
14297,39,4.2339024856264435e-05,0,1
13978,39,4.2339024856264435e-05,0,1
13996,39,4.2339024856264435e-05,0,1
4272,39,4.2339024856264435e-05,0,1
11479,39,4.2339024856264435e-05,0,1
11448,39,4.2339024856264435e-05,0,1
12960,39,4.2339024856264435e-05,0,1
12978,39,4.2339024856264435e-05,0,1
14820,39,4.2339024856264435e-05,0,1
7092,39,4.2339024856264435e-05,0,1
7040,39,4.2339024856264435e-05,0,1
15850,39,4.2339024856264435e-05,0,1
15841,39,4.2339024856264435e-05,0,1
4220,39,4.2339024856264435e-05,0,1
4210,39,4.2339024856264435e-05,0,1
11345,39,4.2339024856264435e-05,0,1
10677,39,4.2339024856264435e-05,0,1
14834,39,4.2339024856264435e-05,0,1
3037,39,4.2339024856264435e-05,0,1
3019,39,4.2339024856264435e-05,0,1
5137,39,4.2339024856264435e-05,0,1
13362,39,4.2339024856264435e-05,0,1
2959,39,4.2339024856264435e-05,0,1
14771,39,4.2339024856264435e-05,0,1
445,39,4.2339024856264435e-05,0,1
10720,39,4.2339024856264435e-05,0,1
7058,39,4.2339024856264435e-05,0,1
7072,39,4.2339024856264435e-05,0,1
2029,39,4.2339024856264435e-05,0,1
3744,39,4.2339024856264435e-05,0,1
5378,39,4.2339024856264435e-05,0,1
5875,39,4.2339024856264435e-05,0,1
7273,39,4.2339024856264435e-05,0,1
7757,39,4.2339024856264435e-05,0,1
7716,39,4.2339024856264435e-05,0,1
7307,39,4.2339024856264435e-05,0,1
7312,39,4.2339024856264435e-05,0,1
6496,39,4.2339024856264435e-05,0,1
8804,39,4.2339024856264435e-05,0,1
3956,39,4.2339024856264435e-05,0,1
5039,39,4.2339024856264435e-05,0,1
7033,39,4.2339024856264435e-05,0,1
8074,39,4.2339024856264435e-05,0,1
4715,39,4.2339024856264435e-05,0,1
10814,39,4.2339024856264435e-05,0,1
6410,39,4.2339024856264435e-05,0,1
8649,39,4.2339024856264435e-05,0,1
8653,39,4.2339024856264435e-05,0,1
6564,39,4.2339024856264435e-05,0,1
6577,39,4.2339024856264435e-05,0,1
10854,39,4.2339024856264435e-05,0,1
10880,39,4.2339024856264435e-05,0,1
5018,39,4.2339024856264435e-05,0,1
8151,39,4.2339024856264435e-05,0,1
8103,39,4.2339024856264435e-05,0,1
4744,39,4.2339024856264435e-05,0,1
15808,39,4.2339024856264435e-05,0,1
14702,39,4.2339024856264435e-05,0,1
6420,39,4.2339024856264435e-05,0,1
15113,39,4.2339024856264435e-05,0,1
9658,39,4.2339024856264435e-05,0,1
12913,39,4.2339024856264435e-05,0,1
3381,39,4.2339024856264435e-05,0,1
5809,39,4.2339024856264435e-05,0,1
9721,39,4.2339024856264435e-05,0,1
7709,39,4.2339024856264435e-05,0,1
2216,39,4.2339024856264435e-05,0,1
9751,39,4.2339024856264435e-05,0,1
3666,39,4.2339024856264435e-05,0,1
12217,39,4.2339024856264435e-05,0,1
13512,39,4.2339024856264435e-05,0,1
14617,39,4.2339024856264435e-05,0,1
6591,39,4.2339024856264435e-05,0,1
12250,39,4.2339024856264435e-05,0,1
6954,39,4.2339024856264435e-05,0,1
6966,39,4.2339024856264435e-05,0,1
8152,39,4.2339024856264435e-05,0,1
8174,39,4.2339024856264435e-05,0,1
13824,39,4.2339024856264435e-05,0,1
14685,39,4.2339024856264435e-05,0,1
3659,39,4.2339024856264435e-05,0,1
12637,39,4.2339024856264435e-05,0,1
5503,39,4.2339024856264435e-05,0,1
15158,39,4.2339024856264435e-05,0,1
1203,39,4.2339024856264435e-05,0,1
12814,39,4.2339024856264435e-05,0,1
5714,39,4.2339024856264435e-05,0,1
3625,39,4.2339024856264435e-05,0,1
7349,39,4.2339024856264435e-05,0,1
7653,39,4.2339024856264435e-05,0,1
7643,39,4.2339024856264435e-05,0,1
7605,39,4.2339024856264435e-05,0,1
7606,39,4.2339024856264435e-05,0,1
10129,39,4.2339024856264435e-05,0,1
5652,39,4.2339024856264435e-05,0,1
14596,39,4.2339024856264435e-05,0,1
6661,39,4.2339024856264435e-05,0,1
8527,39,4.2339024856264435e-05,0,1
4916,39,4.2339024856264435e-05,0,1
15722,39,4.2339024856264435e-05,0,1
6936,39,4.2339024856264435e-05,0,1
6913,39,4.2339024856264435e-05,0,1
1927,39,4.2339024856264435e-05,0,1
1938,39,4.2339024856264435e-05,0,1
4773,39,4.2339024856264435e-05,0,1
13553,39,4.2339024856264435e-05,0,1
10966,39,4.2339024856264435e-05,0,1
6717,39,4.2339024856264435e-05,0,1
14566,39,4.2339024856264435e-05,0,1
6746,39,4.2339024856264435e-05,0,1
10951,39,4.2339024856264435e-05,0,1
10953,39,4.2339024856264435e-05,0,1
2708,39,4.2339024856264435e-05,0,1
8484,39,4.2339024856264435e-05,0,1
1821,39,4.2339024856264435e-05,0,1
11125,39,4.2339024856264435e-05,0,1
6910,39,4.2339024856264435e-05,0,1
14502,39,4.2339024856264435e-05,0,1
14515,39,4.2339024856264435e-05,0,1
2641,39,4.2339024856264435e-05,0,1
13677,39,4.2339024856264435e-05,0,1
4822,39,4.2339024856264435e-05,0,1
6875,39,4.2339024856264435e-05,0,1
6878,39,4.2339024856264435e-05,0,1
8294,39,4.2339024856264435e-05,0,1
1913,39,4.2339024856264435e-05,0,1
13737,39,4.2339024856264435e-05,0,1
12160,39,4.2339024856264435e-05,0,1
132,39,4.2339024856264435e-05,0,1
9907,39,4.2339024856264435e-05,0,1
3431,39,4.2339024856264435e-05,0,1
4331,39,4.2339024856264435e-05,0,1
11847,39,4.2339024856264435e-05,0,1
11564,39,4.2339024856264435e-05,0,1
5527,39,4.2339024856264435e-05,0,1
1062,39,4.2339024856264435e-05,0,1
1064,39,4.2339024856264435e-05,0,1
10156,39,4.2339024856264435e-05,0,1
11682,39,4.2339024856264435e-05,0,1
619,39,4.2339024856264435e-05,0,1
7475,39,4.2339024856264435e-05,0,1
7450,39,4.2339024856264435e-05,0,1
590,39,4.2339024856264435e-05,0,1
10121,38,4.125340883430894e-05,0,1
9318,38,4.125340883430894e-05,0,1
11750,38,4.125340883430894e-05,0,1
16197,38,4.125340883430894e-05,0,1
11773,38,4.125340883430894e-05,0,1
10118,38,4.125340883430894e-05,0,1
14162,38,4.125340883430894e-05,0,1
5555,38,4.125340883430894e-05,0,1
11758,38,4.125340883430894e-05,0,1
14539,38,4.125340883430894e-05,0,1
4437,38,4.125340883430894e-05,0,1
10532,38,4.125340883430894e-05,0,1
8749,38,4.125340883430894e-05,0,1
957,38,4.125340883430894e-05,0,1
12676,38,4.125340883430894e-05,0,1
1683,38,4.125340883430894e-05,0,1
10070,38,4.125340883430894e-05,0,1
82,38,4.125340883430894e-05,0,1
15470,38,4.125340883430894e-05,0,1
14645,38,4.125340883430894e-05,0,1
3697,38,4.125340883430894e-05,0,1
7079,38,4.125340883430894e-05,0,1
10328,38,4.125340883430894e-05,0,1
10356,38,4.125340883430894e-05,0,1
10340,38,4.125340883430894e-05,0,1
3746,38,4.125340883430894e-05,0,1
8595,38,4.125340883430894e-05,0,1
9675,38,4.125340883430894e-05,0,1
9728,38,4.125340883430894e-05,0,1
3717,38,4.125340883430894e-05,0,1
3731,38,4.125340883430894e-05,0,1
2528,38,4.125340883430894e-05,0,1
4096,38,4.125340883430894e-05,0,1
12954,38,4.125340883430894e-05,0,1
1507,38,4.125340883430894e-05,0,1
9137,38,4.125340883430894e-05,0,1
3839,38,4.125340883430894e-05,0,1
8347,38,4.125340883430894e-05,0,1
8337,38,4.125340883430894e-05,0,1
15373,38,4.125340883430894e-05,0,1
15030,38,4.125340883430894e-05,0,1
10557,38,4.125340883430894e-05,0,1
2683,38,4.125340883430894e-05,0,1
2686,38,4.125340883430894e-05,0,1
2660,38,4.125340883430894e-05,0,1
12737,38,4.125340883430894e-05,0,1
6116,38,4.125340883430894e-05,0,1
6030,38,4.125340883430894e-05,0,1
9433,38,4.125340883430894e-05,0,1
5224,38,4.125340883430894e-05,0,1
549,38,4.125340883430894e-05,0,1
559,38,4.125340883430894e-05,0,1
4575,38,4.125340883430894e-05,0,1
4287,38,4.125340883430894e-05,0,1
6101,38,4.125340883430894e-05,0,1
9290,38,4.125340883430894e-05,0,1
7327,38,4.125340883430894e-05,0,1
3604,38,4.125340883430894e-05,0,1
1055,38,4.125340883430894e-05,0,1
2213,38,4.125340883430894e-05,0,1
1647,38,4.125340883430894e-05,0,1
1653,38,4.125340883430894e-05,0,1
1149,38,4.125340883430894e-05,0,1
6414,38,4.125340883430894e-05,0,1
6686,38,4.125340883430894e-05,0,1
7601,38,4.125340883430894e-05,0,1
11468,38,4.125340883430894e-05,0,1
10608,38,4.125340883430894e-05,0,1
6857,38,4.125340883430894e-05,0,1
8376,38,4.125340883430894e-05,0,1
6131,38,4.125340883430894e-05,0,1
11556,38,4.125340883430894e-05,0,1
15026,38,4.125340883430894e-05,0,1
9235,38,4.125340883430894e-05,0,1
12120,38,4.125340883430894e-05,0,1
479,38,4.125340883430894e-05,0,1
6261,38,4.125340883430894e-05,0,1
12879,38,4.125340883430894e-05,0,1
6232,38,4.125340883430894e-05,0,1
8081,38,4.125340883430894e-05,0,1
12165,38,4.125340883430894e-05,0,1
10985,38,4.125340883430894e-05,0,1
1564,38,4.125340883430894e-05,0,1
7236,38,4.125340883430894e-05,0,1
13897,38,4.125340883430894e-05,0,1
2484,38,4.125340883430894e-05,0,1
4821,38,4.125340883430894e-05,0,1
14349,38,4.125340883430894e-05,0,1
2024,38,4.125340883430894e-05,0,1
8076,38,4.125340883430894e-05,0,1
7302,38,4.125340883430894e-05,0,1
14266,38,4.125340883430894e-05,0,1
11969,38,4.125340883430894e-05,0,1
15911,38,4.125340883430894e-05,0,1
6389,38,4.125340883430894e-05,0,1
5688,38,4.125340883430894e-05,0,1
6859,38,4.125340883430894e-05,0,1
8718,38,4.125340883430894e-05,0,1
1818,38,4.125340883430894e-05,0,1
1793,38,4.125340883430894e-05,0,1
9896,38,4.125340883430894e-05,0,1
2955,38,4.125340883430894e-05,0,1
9898,38,4.125340883430894e-05,0,1
14270,38,4.125340883430894e-05,0,1
8664,38,4.125340883430894e-05,0,1
8723,38,4.125340883430894e-05,0,1
8729,38,4.125340883430894e-05,0,1
9597,38,4.125340883430894e-05,0,1
12123,38,4.125340883430894e-05,0,1
4861,38,4.125340883430894e-05,0,1
11113,38,4.125340883430894e-05,0,1
7872,38,4.125340883430894e-05,0,1
13936,38,4.125340883430894e-05,0,1
12193,38,4.125340883430894e-05,0,1
12817,38,4.125340883430894e-05,0,1
9763,38,4.125340883430894e-05,0,1
12241,38,4.125340883430894e-05,0,1
2069,38,4.125340883430894e-05,0,1
15384,38,4.125340883430894e-05,0,1
1699,38,4.125340883430894e-05,0,1
9761,38,4.125340883430894e-05,0,1
12828,38,4.125340883430894e-05,0,1
5805,38,4.125340883430894e-05,0,1
7194,38,4.125340883430894e-05,0,1
4806,38,4.125340883430894e-05,0,1
11153,38,4.125340883430894e-05,0,1
10263,38,4.125340883430894e-05,0,1
10248,38,4.125340883430894e-05,0,1
13134,38,4.125340883430894e-05,0,1
14008,38,4.125340883430894e-05,0,1
11339,38,4.125340883430894e-05,0,1
11340,38,4.125340883430894e-05,0,1
11344,38,4.125340883430894e-05,0,1
5958,38,4.125340883430894e-05,0,1
5904,38,4.125340883430894e-05,0,1
10701,38,4.125340883430894e-05,0,1
3863,38,4.125340883430894e-05,0,1
3886,38,4.125340883430894e-05,0,1
6338,38,4.125340883430894e-05,0,1
14782,38,4.125340883430894e-05,0,1
12351,38,4.125340883430894e-05,0,1
12343,38,4.125340883430894e-05,0,1
3897,38,4.125340883430894e-05,0,1
8340,38,4.125340883430894e-05,0,1
7610,38,4.125340883430894e-05,0,1
11512,38,4.125340883430894e-05,0,1
7342,38,4.125340883430894e-05,0,1
7345,38,4.125340883430894e-05,0,1
6536,38,4.125340883430894e-05,0,1
5469,38,4.125340883430894e-05,0,1
14000,38,4.125340883430894e-05,0,1
5144,38,4.125340883430894e-05,0,1
5102,38,4.125340883430894e-05,0,1
10721,38,4.125340883430894e-05,0,1
10079,38,4.125340883430894e-05,0,1
10101,38,4.125340883430894e-05,0,1
8302,38,4.125340883430894e-05,0,1
3902,38,4.125340883430894e-05,0,1
58,38,4.125340883430894e-05,0,1
852,38,4.125340883430894e-05,0,1
3874,38,4.125340883430894e-05,0,1
12321,38,4.125340883430894e-05,0,1
10691,38,4.125340883430894e-05,0,1
1352,38,4.125340883430894e-05,0,1
4609,38,4.125340883430894e-05,0,1
11337,38,4.125340883430894e-05,0,1
15587,38,4.125340883430894e-05,0,1
12255,38,4.125340883430894e-05,0,1
8136,38,4.125340883430894e-05,0,1
12708,38,4.125340883430894e-05,0,1
13533,38,4.125340883430894e-05,0,1
13831,38,4.125340883430894e-05,0,1
9594,38,4.125340883430894e-05,0,1
9626,38,4.125340883430894e-05,0,1
13161,38,4.125340883430894e-05,0,1
3722,38,4.125340883430894e-05,0,1
14887,38,4.125340883430894e-05,0,1
1534,38,4.125340883430894e-05,0,1
1535,38,4.125340883430894e-05,0,1
13180,38,4.125340883430894e-05,0,1
5902,38,4.125340883430894e-05,0,1
13166,38,4.125340883430894e-05,0,1
13304,38,4.125340883430894e-05,0,1
9830,38,4.125340883430894e-05,0,1
9789,38,4.125340883430894e-05,0,1
3400,38,4.125340883430894e-05,0,1
6644,38,4.125340883430894e-05,0,1
8970,38,4.125340883430894e-05,0,1
5243,38,4.125340883430894e-05,0,1
6922,38,4.125340883430894e-05,0,1
13732,38,4.125340883430894e-05,0,1
8249,38,4.125340883430894e-05,0,1
8520,38,4.125340883430894e-05,0,1
1777,38,4.125340883430894e-05,0,1
7784,38,4.125340883430894e-05,0,1
11271,38,4.125340883430894e-05,0,1
13744,38,4.125340883430894e-05,0,1
5286,38,4.125340883430894e-05,0,1
8792,38,4.125340883430894e-05,0,1
13410,38,4.125340883430894e-05,0,1
10009,38,4.125340883430894e-05,0,1
13391,38,4.125340883430894e-05,0,1
13307,38,4.125340883430894e-05,0,1
14333,38,4.125340883430894e-05,0,1
1234,38,4.125340883430894e-05,0,1
14309,38,4.125340883430894e-05,0,1
14310,38,4.125340883430894e-05,0,1
7257,38,4.125340883430894e-05,0,1
9004,38,4.125340883430894e-05,0,1
5776,38,4.125340883430894e-05,0,1
5033,38,4.125340883430894e-05,0,1
5014,38,4.125340883430894e-05,0,1
12975,38,4.125340883430894e-05,0,1
14709,38,4.125340883430894e-05,0,1
14677,38,4.125340883430894e-05,0,1
10088,38,4.125340883430894e-05,0,1
12691,38,4.125340883430894e-05,0,1
2576,38,4.125340883430894e-05,0,1
9531,38,4.125340883430894e-05,0,1
4322,38,4.125340883430894e-05,0,1
14130,38,4.125340883430894e-05,0,1
11829,38,4.125340883430894e-05,0,1
14953,38,4.125340883430894e-05,0,1
13074,38,4.125340883430894e-05,0,1
9360,38,4.125340883430894e-05,0,1
6075,38,4.125340883430894e-05,0,1
4878,38,4.125340883430894e-05,0,1
9321,38,4.125340883430894e-05,0,1
11821,38,4.125340883430894e-05,0,1
15095,38,4.125340883430894e-05,0,1
5839,38,4.125340883430894e-05,0,1
12907,38,4.125340883430894e-05,0,1
11034,38,4.125340883430894e-05,0,1
11050,38,4.125340883430894e-05,0,1
6720,38,4.125340883430894e-05,0,1
13347,38,4.125340883430894e-05,0,1
6708,38,4.125340883430894e-05,0,1
12448,38,4.125340883430894e-05,0,1
5248,38,4.125340883430894e-05,0,1
4543,38,4.125340883430894e-05,0,1
6397,38,4.125340883430894e-05,0,1
2969,38,4.125340883430894e-05,0,1
8464,38,4.125340883430894e-05,0,1
8452,38,4.125340883430894e-05,0,1
11591,38,4.125340883430894e-05,0,1
2305,38,4.125340883430894e-05,0,1
2244,38,4.125340883430894e-05,0,1
6725,38,4.125340883430894e-05,0,1
4485,38,4.125340883430894e-05,0,1
4490,38,4.125340883430894e-05,0,1
14115,37,4.016779281235344e-05,0,1
11877,37,4.016779281235344e-05,0,1
11544,37,4.016779281235344e-05,0,1
11651,37,4.016779281235344e-05,0,1
656,37,4.016779281235344e-05,0,1
7530,37,4.016779281235344e-05,0,1
11592,37,4.016779281235344e-05,0,1
7561,37,4.016779281235344e-05,0,1
3470,37,4.016779281235344e-05,0,1
8411,37,4.016779281235344e-05,0,1
1135,37,4.016779281235344e-05,0,1
6404,37,4.016779281235344e-05,0,1
8470,37,4.016779281235344e-05,0,1
6729,37,4.016779281235344e-05,0,1
6705,37,4.016779281235344e-05,0,1
5238,37,4.016779281235344e-05,0,1
4826,37,4.016779281235344e-05,0,1
4885,37,4.016779281235344e-05,0,1
14375,37,4.016779281235344e-05,0,1
13058,37,4.016779281235344e-05,0,1
264,37,4.016779281235344e-05,0,1
16088,37,4.016779281235344e-05,0,1
14184,37,4.016779281235344e-05,0,1
3189,37,4.016779281235344e-05,0,1
6087,37,4.016779281235344e-05,0,1
14188,37,4.016779281235344e-05,0,1
14173,37,4.016779281235344e-05,0,1
11741,37,4.016779281235344e-05,0,1
4341,37,4.016779281235344e-05,0,1
4328,37,4.016779281235344e-05,0,1
13441,37,4.016779281235344e-05,0,1
10067,37,4.016779281235344e-05,0,1
11644,37,4.016779281235344e-05,0,1
14470,37,4.016779281235344e-05,0,1
13749,37,4.016779281235344e-05,0,1
5918,37,4.016779281235344e-05,0,1
9530,37,4.016779281235344e-05,0,1
13965,37,4.016779281235344e-05,0,1
2150,37,4.016779281235344e-05,0,1
4751,37,4.016779281235344e-05,0,1
2793,37,4.016779281235344e-05,0,1
3636,37,4.016779281235344e-05,0,1
3910,37,4.016779281235344e-05,0,1
15654,37,4.016779281235344e-05,0,1
10785,37,4.016779281235344e-05,0,1
2554,37,4.016779281235344e-05,0,1
6890,37,4.016779281235344e-05,0,1
10802,37,4.016779281235344e-05,0,1
1940,37,4.016779281235344e-05,0,1
1577,37,4.016779281235344e-05,0,1
1943,37,4.016779281235344e-05,0,1
5789,37,4.016779281235344e-05,0,1
5764,37,4.016779281235344e-05,0,1
5773,37,4.016779281235344e-05,0,1
11277,37,4.016779281235344e-05,0,1
12029,37,4.016779281235344e-05,0,1
14317,37,4.016779281235344e-05,0,1
2403,37,4.016779281235344e-05,0,1
7842,37,4.016779281235344e-05,0,1
7255,37,4.016779281235344e-05,0,1
15759,37,4.016779281235344e-05,0,1
2117,37,4.016779281235344e-05,0,1
12049,37,4.016779281235344e-05,0,1
12015,37,4.016779281235344e-05,0,1
11231,37,4.016779281235344e-05,0,1
1244,37,4.016779281235344e-05,0,1
13792,37,4.016779281235344e-05,0,1
5808,37,4.016779281235344e-05,0,1
10016,37,4.016779281235344e-05,0,1
10001,37,4.016779281235344e-05,0,1
6960,37,4.016779281235344e-05,0,1
6969,37,4.016779281235344e-05,0,1
13411,37,4.016779281235344e-05,0,1
10035,37,4.016779281235344e-05,0,1
3700,37,4.016779281235344e-05,0,1
5403,37,4.016779281235344e-05,0,1
12009,37,4.016779281235344e-05,0,1
10744,37,4.016779281235344e-05,0,1
2561,37,4.016779281235344e-05,0,1
13730,37,4.016779281235344e-05,0,1
5296,37,4.016779281235344e-05,0,1
5281,37,4.016779281235344e-05,0,1
3750,37,4.016779281235344e-05,0,1
13569,37,4.016779281235344e-05,0,1
13557,37,4.016779281235344e-05,0,1
12536,37,4.016779281235344e-05,0,1
5329,37,4.016779281235344e-05,0,1
8960,37,4.016779281235344e-05,0,1
8981,37,4.016779281235344e-05,0,1
10717,37,4.016779281235344e-05,0,1
9788,37,4.016779281235344e-05,0,1
1188,37,4.016779281235344e-05,0,1
5406,37,4.016779281235344e-05,0,1
11141,37,4.016779281235344e-05,0,1
7876,37,4.016779281235344e-05,0,1
2086,37,4.016779281235344e-05,0,1
6200,37,4.016779281235344e-05,0,1
8148,37,4.016779281235344e-05,0,1
10053,37,4.016779281235344e-05,0,1
1114,37,4.016779281235344e-05,0,1
1115,37,4.016779281235344e-05,0,1
3981,37,4.016779281235344e-05,0,1
4003,37,4.016779281235344e-05,0,1
4940,37,4.016779281235344e-05,0,1
4942,37,4.016779281235344e-05,0,1
12216,37,4.016779281235344e-05,0,1
14445,37,4.016779281235344e-05,0,1
14431,37,4.016779281235344e-05,0,1
13921,37,4.016779281235344e-05,0,1
4624,37,4.016779281235344e-05,0,1
858,37,4.016779281235344e-05,0,1
9869,37,4.016779281235344e-05,0,1
12795,37,4.016779281235344e-05,0,1
5076,37,4.016779281235344e-05,0,1
10757,37,4.016779281235344e-05,0,1
5117,37,4.016779281235344e-05,0,1
1048,37,4.016779281235344e-05,0,1
7760,37,4.016779281235344e-05,0,1
4198,37,4.016779281235344e-05,0,1
7278,37,4.016779281235344e-05,0,1
11391,37,4.016779281235344e-05,0,1
4215,37,4.016779281235344e-05,0,1
7343,37,4.016779281235344e-05,0,1
4589,37,4.016779281235344e-05,0,1
6803,37,4.016779281235344e-05,0,1
6863,37,4.016779281235344e-05,0,1
40,37,4.016779281235344e-05,0,1
14514,37,4.016779281235344e-05,0,1
14499,37,4.016779281235344e-05,0,1
12384,37,4.016779281235344e-05,0,1
5162,37,4.016779281235344e-05,0,1
10666,37,4.016779281235344e-05,0,1
8889,37,4.016779281235344e-05,0,1
6144,37,4.016779281235344e-05,0,1
7115,37,4.016779281235344e-05,0,1
8636,37,4.016779281235344e-05,0,1
3650,37,4.016779281235344e-05,0,1
8606,37,4.016779281235344e-05,0,1
6287,37,4.016779281235344e-05,0,1
5811,37,4.016779281235344e-05,0,1
13852,37,4.016779281235344e-05,0,1
7967,37,4.016779281235344e-05,0,1
15081,37,4.016779281235344e-05,0,1
3066,37,4.016779281235344e-05,0,1
9633,37,4.016779281235344e-05,0,1
5525,37,4.016779281235344e-05,0,1
10217,37,4.016779281235344e-05,0,1
15317,37,4.016779281235344e-05,0,1
12647,37,4.016779281235344e-05,0,1
8914,37,4.016779281235344e-05,0,1
10408,37,4.016779281235344e-05,0,1
8910,37,4.016779281235344e-05,0,1
3870,37,4.016779281235344e-05,0,1
5659,37,4.016779281235344e-05,0,1
5693,37,4.016779281235344e-05,0,1
3854,37,4.016779281235344e-05,0,1
12751,37,4.016779281235344e-05,0,1
9214,37,4.016779281235344e-05,0,1
9179,37,4.016779281235344e-05,0,1
7645,37,4.016779281235344e-05,0,1
13943,37,4.016779281235344e-05,0,1
11007,37,4.016779281235344e-05,0,1
12188,37,4.016779281235344e-05,0,1
12191,37,4.016779281235344e-05,0,1
1550,37,4.016779281235344e-05,0,1
6266,37,4.016779281235344e-05,0,1
1275,37,4.016779281235344e-05,0,1
9704,37,4.016779281235344e-05,0,1
12863,37,4.016779281235344e-05,0,1
11107,37,4.016779281235344e-05,0,1
12127,37,4.016779281235344e-05,0,1
12130,37,4.016779281235344e-05,0,1
12095,37,4.016779281235344e-05,0,1
11162,37,4.016779281235344e-05,0,1
7135,37,4.016779281235344e-05,0,1
9676,37,4.016779281235344e-05,0,1
9266,37,4.016779281235344e-05,0,1
11520,37,4.016779281235344e-05,0,1
15011,37,4.016779281235344e-05,0,1
9496,37,4.016779281235344e-05,0,1
14128,37,4.016779281235344e-05,0,1
13661,37,4.016779281235344e-05,0,1
6782,37,4.016779281235344e-05,0,1
3508,37,4.016779281235344e-05,0,1
3521,37,4.016779281235344e-05,0,1
14045,37,4.016779281235344e-05,0,1
14052,37,4.016779281235344e-05,0,1
11484,37,4.016779281235344e-05,0,1
7336,37,4.016779281235344e-05,0,1
3619,37,4.016779281235344e-05,0,1
11534,37,4.016779281235344e-05,0,1
11611,37,4.016779281235344e-05,0,1
7368,37,4.016779281235344e-05,0,1
2398,37,4.016779281235344e-05,0,1
11816,37,4.016779281235344e-05,0,1
10630,37,4.016779281235344e-05,0,1
10612,37,4.016779281235344e-05,0,1
2671,37,4.016779281235344e-05,0,1
10574,37,4.016779281235344e-05,0,1
12436,37,4.016779281235344e-05,0,1
2837,37,4.016779281235344e-05,0,1
15028,37,4.016779281235344e-05,0,1
1301,37,4.016779281235344e-05,0,1
4071,37,4.016779281235344e-05,0,1
9130,37,4.016779281235344e-05,0,1
7102,37,4.016779281235344e-05,0,1
14394,37,4.016779281235344e-05,0,1
5374,37,4.016779281235344e-05,0,1
8009,37,4.016779281235344e-05,0,1
10339,37,4.016779281235344e-05,0,1
12555,37,4.016779281235344e-05,0,1
10325,37,4.016779281235344e-05,0,1
15415,37,4.016779281235344e-05,0,1
13511,37,4.016779281235344e-05,0,1
13519,37,4.016779281235344e-05,0,1
6595,37,4.016779281235344e-05,0,1
9412,37,4.016779281235344e-05,0,1
1395,37,4.016779281235344e-05,0,1
8734,37,4.016779281235344e-05,0,1
13446,37,4.016779281235344e-05,0,1
2266,37,4.016779281235344e-05,0,1
8738,37,4.016779281235344e-05,0,1
13439,37,4.016779281235344e-05,0,1
14570,37,4.016779281235344e-05,0,1
4403,37,4.016779281235344e-05,0,1
11760,37,4.016779281235344e-05,0,1
12458,37,4.016779281235344e-05,0,1
7473,37,4.016779281235344e-05,0,1
638,37,4.016779281235344e-05,0,1
13055,36,3.9082176790397944e-05,0,1
11762,36,3.9082176790397944e-05,0,1
12682,36,3.9082176790397944e-05,0,1
11706,36,3.9082176790397944e-05,0,1
14568,36,3.9082176790397944e-05,0,1
653,36,3.9082176790397944e-05,0,1
4484,36,3.9082176790397944e-05,0,1
5239,36,3.9082176790397944e-05,0,1
2943,36,3.9082176790397944e-05,0,1
9971,36,3.9082176790397944e-05,0,1
4579,36,3.9082176790397944e-05,0,1
4549,36,3.9082176790397944e-05,0,1
1831,36,3.9082176790397944e-05,0,1
4268,36,3.9082176790397944e-05,0,1
4277,36,3.9082176790397944e-05,0,1
4553,36,3.9082176790397944e-05,0,1
7629,36,3.9082176790397944e-05,0,1
2399,36,3.9082176790397944e-05,0,1
2375,36,3.9082176790397944e-05,0,1
12944,36,3.9082176790397944e-05,0,1
9098,36,3.9082176790397944e-05,0,1
7080,36,3.9082176790397944e-05,0,1
2507,36,3.9082176790397944e-05,0,1
13259,36,3.9082176790397944e-05,0,1
9742,36,3.9082176790397944e-05,0,1
9723,36,3.9082176790397944e-05,0,1
13525,36,3.9082176790397944e-05,0,1
10364,36,3.9082176790397944e-05,0,1
13541,36,3.9082176790397944e-05,0,1
14870,36,3.9082176790397944e-05,0,1
9113,36,3.9082176790397944e-05,0,1
12891,36,3.9082176790397944e-05,0,1
9105,36,3.9082176790397944e-05,0,1
10640,36,3.9082176790397944e-05,0,1
1446,36,3.9082176790397944e-05,0,1
9294,36,3.9082176790397944e-05,0,1
13698,36,3.9082176790397944e-05,0,1
10571,36,3.9082176790397944e-05,0,1
12733,36,3.9082176790397944e-05,0,1
3829,36,3.9082176790397944e-05,0,1
1832,36,3.9082176790397944e-05,0,1
6533,36,3.9082176790397944e-05,0,1
11465,36,3.9082176790397944e-05,0,1
12987,36,3.9082176790397944e-05,0,1
14905,36,3.9082176790397944e-05,0,1
3232,36,3.9082176790397944e-05,0,1
12056,36,3.9082176790397944e-05,0,1
11219,36,3.9082176790397944e-05,0,1
7147,36,3.9082176790397944e-05,0,1
1281,36,3.9082176790397944e-05,0,1
9681,36,3.9082176790397944e-05,0,1
12180,36,3.9082176790397944e-05,0,1
12166,36,3.9082176790397944e-05,0,1
12170,36,3.9082176790397944e-05,0,1
4770,36,3.9082176790397944e-05,0,1
15762,36,3.9082176790397944e-05,0,1
6237,36,3.9082176790397944e-05,0,1
13250,36,3.9082176790397944e-05,0,1
2535,36,3.9082176790397944e-05,0,1
15700,36,3.9082176790397944e-05,0,1
11038,36,3.9082176790397944e-05,0,1
12116,36,3.9082176790397944e-05,0,1
11149,36,3.9082176790397944e-05,0,1
460,36,3.9082176790397944e-05,0,1
9744,36,3.9082176790397944e-05,0,1
6858,36,3.9082176790397944e-05,0,1
7611,36,3.9082176790397944e-05,0,1
11416,36,3.9082176790397944e-05,0,1
11475,36,3.9082176790397944e-05,0,1
13386,36,3.9082176790397944e-05,0,1
10633,36,3.9082176790397944e-05,0,1
8398,36,3.9082176790397944e-05,0,1
8384,36,3.9082176790397944e-05,0,1
13669,36,3.9082176790397944e-05,0,1
3537,36,3.9082176790397944e-05,0,1
5619,36,3.9082176790397944e-05,0,1
13363,36,3.9082176790397944e-05,0,1
6572,36,3.9082176790397944e-05,0,1
14059,36,3.9082176790397944e-05,0,1
15900,36,3.9082176790397944e-05,0,1
3010,36,3.9082176790397944e-05,0,1
5001,36,3.9082176790397944e-05,0,1
1717,36,3.9082176790397944e-05,0,1
15403,36,3.9082176790397944e-05,0,1
10269,36,3.9082176790397944e-05,0,1
7002,36,3.9082176790397944e-05,0,1
12223,36,3.9082176790397944e-05,0,1
12830,36,3.9082176790397944e-05,0,1
12243,36,3.9082176790397944e-05,0,1
12228,36,3.9082176790397944e-05,0,1
4963,36,3.9082176790397944e-05,0,1
14847,36,3.9082176790397944e-05,0,1
8000,36,3.9082176790397944e-05,0,1
797,36,3.9082176790397944e-05,0,1
1299,36,3.9082176790397944e-05,0,1
3070,36,3.9082176790397944e-05,0,1
3323,36,3.9082176790397944e-05,0,1
5872,36,3.9082176790397944e-05,0,1
7067,36,3.9082176790397944e-05,0,1
8696,36,3.9082176790397944e-05,0,1
8700,36,3.9082176790397944e-05,0,1
12628,36,3.9082176790397944e-05,0,1
9879,36,3.9082176790397944e-05,0,1
12772,36,3.9082176790397944e-05,0,1
8879,36,3.9082176790397944e-05,0,1
6385,36,3.9082176790397944e-05,0,1
10452,36,3.9082176790397944e-05,0,1
5604,36,3.9082176790397944e-05,0,1
1876,36,3.9082176790397944e-05,0,1
6839,36,3.9082176790397944e-05,0,1
1175,36,3.9082176790397944e-05,0,1
15213,36,3.9082176790397944e-05,0,1
2240,36,3.9082176790397944e-05,0,1
11395,36,3.9082176790397944e-05,0,1
14265,36,3.9082176790397944e-05,0,1
4653,36,3.9082176790397944e-05,0,1
11427,36,3.9082176790397944e-05,0,1
11431,36,3.9082176790397944e-05,0,1
15638,36,3.9082176790397944e-05,0,1
7200,36,3.9082176790397944e-05,0,1
2107,36,3.9082176790397944e-05,0,1
15674,36,3.9082176790397944e-05,0,1
14809,36,3.9082176790397944e-05,0,1
14430,36,3.9082176790397944e-05,0,1
8115,36,3.9082176790397944e-05,0,1
12253,36,3.9082176790397944e-05,0,1
9151,36,3.9082176790397944e-05,0,1
7199,36,3.9082176790397944e-05,0,1
15744,36,3.9082176790397944e-05,0,1
13894,36,3.9082176790397944e-05,0,1
11206,36,3.9082176790397944e-05,0,1
8625,36,3.9082176790397944e-05,0,1
11144,36,3.9082176790397944e-05,0,1
9797,36,3.9082176790397944e-05,0,1
9006,36,3.9082176790397944e-05,0,1
11992,36,3.9082176790397944e-05,0,1
8818,36,3.9082176790397944e-05,0,1
8799,36,3.9082176790397944e-05,0,1
15495,36,3.9082176790397944e-05,0,1
15496,36,3.9082176790397944e-05,0,1
10014,36,3.9082176790397944e-05,0,1
6463,36,3.9082176790397944e-05,0,1
8590,36,3.9082176790397944e-05,0,1
12711,36,3.9082176790397944e-05,0,1
12698,36,3.9082176790397944e-05,0,1
6187,36,3.9082176790397944e-05,0,1
9590,36,3.9082176790397944e-05,0,1
13157,36,3.9082176790397944e-05,0,1
15061,36,3.9082176790397944e-05,0,1
15062,36,3.9082176790397944e-05,0,1
11393,36,3.9082176790397944e-05,0,1
11409,36,3.9082176790397944e-05,0,1
12403,36,3.9082176790397944e-05,0,1
12359,36,3.9082176790397944e-05,0,1
12340,36,3.9082176790397944e-05,0,1
7329,36,3.9082176790397944e-05,0,1
7350,36,3.9082176790397944e-05,0,1
5174,36,3.9082176790397944e-05,0,1
12398,36,3.9082176790397944e-05,0,1
3888,36,3.9082176790397944e-05,0,1
5914,36,3.9082176790397944e-05,0,1
9232,36,3.9082176790397944e-05,0,1
3129,36,3.9082176790397944e-05,0,1
9477,36,3.9082176790397944e-05,0,1
11303,36,3.9082176790397944e-05,0,1
11299,36,3.9082176790397944e-05,0,1
10825,36,3.9082176790397944e-05,0,1
10826,36,3.9082176790397944e-05,0,1
13763,36,3.9082176790397944e-05,0,1
15147,36,3.9082176790397944e-05,0,1
1579,36,3.9082176790397944e-05,0,1
9003,36,3.9082176790397944e-05,0,1
482,36,3.9082176790397944e-05,0,1
2435,36,3.9082176790397944e-05,0,1
14306,36,3.9082176790397944e-05,0,1
12042,36,3.9082176790397944e-05,0,1
15145,36,3.9082176790397944e-05,0,1
11993,36,3.9082176790397944e-05,0,1
9559,36,3.9082176790397944e-05,0,1
2123,36,3.9082176790397944e-05,0,1
2167,36,3.9082176790397944e-05,0,1
7741,36,3.9082176790397944e-05,0,1
7792,36,3.9082176790397944e-05,0,1
4682,36,3.9082176790397944e-05,0,1
3261,36,3.9082176790397944e-05,0,1
11432,36,3.9082176790397944e-05,0,1
15895,36,3.9082176790397944e-05,0,1
5108,36,3.9082176790397944e-05,0,1
8283,36,3.9082176790397944e-05,0,1
8292,36,3.9082176790397944e-05,0,1
9867,36,3.9082176790397944e-05,0,1
13470,36,3.9082176790397944e-05,0,1
13489,36,3.9082176790397944e-05,0,1
15830,36,3.9082176790397944e-05,0,1
7767,36,3.9082176790397944e-05,0,1
7777,36,3.9082176790397944e-05,0,1
2193,36,3.9082176790397944e-05,0,1
11958,36,3.9082176790397944e-05,0,1
13725,36,3.9082176790397944e-05,0,1
7263,36,3.9082176790397944e-05,0,1
15497,36,3.9082176790397944e-05,0,1
5299,36,3.9082176790397944e-05,0,1
8266,36,3.9082176790397944e-05,0,1
2756,36,3.9082176790397944e-05,0,1
1772,36,3.9082176790397944e-05,0,1
13563,36,3.9082176790397944e-05,0,1
13306,36,3.9082176790397944e-05,0,1
13568,36,3.9082176790397944e-05,0,1
6165,36,3.9082176790397944e-05,0,1
6173,36,3.9082176790397944e-05,0,1
5038,36,3.9082176790397944e-05,0,1
5023,36,3.9082176790397944e-05,0,1
6480,36,3.9082176790397944e-05,0,1
3271,36,3.9082176790397944e-05,0,1
6505,36,3.9082176790397944e-05,0,1
15271,36,3.9082176790397944e-05,0,1
10045,36,3.9082176790397944e-05,0,1
2890,36,3.9082176790397944e-05,0,1
4406,36,3.9082176790397944e-05,0,1
637,36,3.9082176790397944e-05,0,1
3803,36,3.9082176790397944e-05,0,1
13573,36,3.9082176790397944e-05,0,1
14524,36,3.9082176790397944e-05,0,1
9420,36,3.9082176790397944e-05,0,1
13018,36,3.9082176790397944e-05,0,1
5269,36,3.9082176790397944e-05,0,1
15546,36,3.9082176790397944e-05,0,1
12482,36,3.9082176790397944e-05,0,1
6758,36,3.9082176790397944e-05,0,1
4364,36,3.9082176790397944e-05,0,1
14198,36,3.9082176790397944e-05,0,1
7403,36,3.9082176790397944e-05,0,1
2246,36,3.9082176790397944e-05,0,1
13032,36,3.9082176790397944e-05,0,1
9319,36,3.9082176790397944e-05,0,1
9299,36,3.9082176790397944e-05,0,1
2279,36,3.9082176790397944e-05,0,1
11691,36,3.9082176790397944e-05,0,1
11675,36,3.9082176790397944e-05,0,1
11688,36,3.9082176790397944e-05,0,1
13050,36,3.9082176790397944e-05,0,1
14190,36,3.9082176790397944e-05,0,1
10072,36,3.9082176790397944e-05,0,1
4511,36,3.9082176790397944e-05,0,1
11832,36,3.9082176790397944e-05,0,1
10122,35,3.7996560768442444e-05,0,1
13445,35,3.7996560768442444e-05,0,1
2829,35,3.7996560768442444e-05,0,1
2874,35,3.7996560768442444e-05,0,1
7396,35,3.7996560768442444e-05,0,1
7487,35,3.7996560768442444e-05,0,1
14939,35,3.7996560768442444e-05,0,1
3200,35,3.7996560768442444e-05,0,1
14194,35,3.7996560768442444e-05,0,1
14959,35,3.7996560768442444e-05,0,1
14949,35,3.7996560768442444e-05,0,1
6034,35,3.7996560768442444e-05,0,1
9297,35,3.7996560768442444e-05,0,1
16103,35,3.7996560768442444e-05,0,1
11032,35,3.7996560768442444e-05,0,1
14362,35,3.7996560768442444e-05,0,1
7947,35,3.7996560768442444e-05,0,1
7955,35,3.7996560768442444e-05,0,1
13258,35,3.7996560768442444e-05,0,1
13089,35,3.7996560768442444e-05,0,1
9110,35,3.7996560768442444e-05,0,1
7089,35,3.7996560768442444e-05,0,1
12896,35,3.7996560768442444e-05,0,1
14871,35,3.7996560768442444e-05,0,1
14849,35,3.7996560768442444e-05,0,1
6599,35,3.7996560768442444e-05,0,1
10360,35,3.7996560768442444e-05,0,1
1887,35,3.7996560768442444e-05,0,1
13710,35,3.7996560768442444e-05,0,1
12755,35,3.7996560768442444e-05,0,1
15568,35,3.7996560768442444e-05,0,1
10627,35,3.7996560768442444e-05,0,1
10631,35,3.7996560768442444e-05,0,1
12430,35,3.7996560768442444e-05,0,1
1846,35,3.7996560768442444e-05,0,1
13114,35,3.7996560768442444e-05,0,1
9261,35,3.7996560768442444e-05,0,1
2833,35,3.7996560768442444e-05,0,1
10191,35,3.7996560768442444e-05,0,1
6776,35,3.7996560768442444e-05,0,1
10619,35,3.7996560768442444e-05,0,1
10621,35,3.7996560768442444e-05,0,1
10606,35,3.7996560768442444e-05,0,1
10994,35,3.7996560768442444e-05,0,1
15694,35,3.7996560768442444e-05,0,1
15750,35,3.7996560768442444e-05,0,1
14315,35,3.7996560768442444e-05,0,1
12062,35,3.7996560768442444e-05,0,1
9640,35,3.7996560768442444e-05,0,1
9246,35,3.7996560768442444e-05,0,1
11541,35,3.7996560768442444e-05,0,1
11962,35,3.7996560768442444e-05,0,1
8679,35,3.7996560768442444e-05,0,1
13490,35,3.7996560768442444e-05,0,1
421,35,3.7996560768442444e-05,0,1
5098,35,3.7996560768442444e-05,0,1
14474,35,3.7996560768442444e-05,0,1
10713,35,3.7996560768442444e-05,0,1
10776,35,3.7996560768442444e-05,0,1
12325,35,3.7996560768442444e-05,0,1
4189,35,3.7996560768442444e-05,0,1
11348,35,3.7996560768442444e-05,0,1
14291,35,3.7996560768442444e-05,0,1
15819,35,3.7996560768442444e-05,0,1
11259,35,3.7996560768442444e-05,0,1
14009,35,3.7996560768442444e-05,0,1
4193,35,3.7996560768442444e-05,0,1
6670,35,3.7996560768442444e-05,0,1
6665,35,3.7996560768442444e-05,0,1
10365,35,3.7996560768442444e-05,0,1
6634,35,3.7996560768442444e-05,0,1
10437,35,3.7996560768442444e-05,0,1
1914,35,3.7996560768442444e-05,0,1
14463,35,3.7996560768442444e-05,0,1
13723,35,3.7996560768442444e-05,0,1
8958,35,3.7996560768442444e-05,0,1
9829,35,3.7996560768442444e-05,0,1
10819,35,3.7996560768442444e-05,0,1
12297,35,3.7996560768442444e-05,0,1
13301,35,3.7996560768442444e-05,0,1
13555,35,3.7996560768442444e-05,0,1
13564,35,3.7996560768442444e-05,0,1
6646,35,3.7996560768442444e-05,0,1
6886,35,3.7996560768442444e-05,0,1
10849,35,3.7996560768442444e-05,0,1
1951,35,3.7996560768442444e-05,0,1
6951,35,3.7996560768442444e-05,0,1
6949,35,3.7996560768442444e-05,0,1
2806,35,3.7996560768442444e-05,0,1
13133,35,3.7996560768442444e-05,0,1
6933,35,3.7996560768442444e-05,0,1
7235,35,3.7996560768442444e-05,0,1
7858,35,3.7996560768442444e-05,0,1
11267,35,3.7996560768442444e-05,0,1
12031,35,3.7996560768442444e-05,0,1
6320,35,3.7996560768442444e-05,0,1
3365,35,3.7996560768442444e-05,0,1
5049,35,3.7996560768442444e-05,0,1
1946,35,3.7996560768442444e-05,0,1
11361,35,3.7996560768442444e-05,0,1
7749,35,3.7996560768442444e-05,0,1
14030,35,3.7996560768442444e-05,0,1
9467,35,3.7996560768442444e-05,0,1
14021,35,3.7996560768442444e-05,0,1
9503,35,3.7996560768442444e-05,0,1
9557,35,3.7996560768442444e-05,0,1
7816,35,3.7996560768442444e-05,0,1
10694,35,3.7996560768442444e-05,0,1
12783,35,3.7996560768442444e-05,0,1
10702,35,3.7996560768442444e-05,0,1
9862,35,3.7996560768442444e-05,0,1
2605,35,3.7996560768442444e-05,0,1
2607,35,3.7996560768442444e-05,0,1
531,35,3.7996560768442444e-05,0,1
11414,35,3.7996560768442444e-05,0,1
8166,35,3.7996560768442444e-05,0,1
8156,35,3.7996560768442444e-05,0,1
2558,35,3.7996560768442444e-05,0,1
2547,35,3.7996560768442444e-05,0,1
11353,35,3.7996560768442444e-05,0,1
10292,35,3.7996560768442444e-05,0,1
8597,35,3.7996560768442444e-05,0,1
8601,35,3.7996560768442444e-05,0,1
13158,35,3.7996560768442444e-05,0,1
13163,35,3.7996560768442444e-05,0,1
5415,35,3.7996560768442444e-05,0,1
10259,35,3.7996560768442444e-05,0,1
8642,35,3.7996560768442444e-05,0,1
14735,35,3.7996560768442444e-05,0,1
5310,35,3.7996560768442444e-05,0,1
4981,35,3.7996560768442444e-05,0,1
7344,35,3.7996560768442444e-05,0,1
11905,35,3.7996560768442444e-05,0,1
14069,35,3.7996560768442444e-05,0,1
4250,35,3.7996560768442444e-05,0,1
6152,35,3.7996560768442444e-05,0,1
13131,35,3.7996560768442444e-05,0,1
15088,35,3.7996560768442444e-05,0,1
9596,35,3.7996560768442444e-05,0,1
9819,35,3.7996560768442444e-05,0,1
5181,35,3.7996560768442444e-05,0,1
5166,35,3.7996560768442444e-05,0,1
5169,35,3.7996560768442444e-05,0,1
3862,35,3.7996560768442444e-05,0,1
13693,35,3.7996560768442444e-05,0,1
12386,35,3.7996560768442444e-05,0,1
11942,35,3.7996560768442444e-05,0,1
8672,35,3.7996560768442444e-05,0,1
5517,35,3.7996560768442444e-05,0,1
8658,35,3.7996560768442444e-05,0,1
6213,35,3.7996560768442444e-05,0,1
12195,35,3.7996560768442444e-05,0,1
12187,35,3.7996560768442444e-05,0,1
4897,35,3.7996560768442444e-05,0,1
4899,35,3.7996560768442444e-05,0,1
6828,35,3.7996560768442444e-05,0,1
1167,35,3.7996560768442444e-05,0,1
1176,35,3.7996560768442444e-05,0,1
10634,35,3.7996560768442444e-05,0,1
15216,35,3.7996560768442444e-05,0,1
12532,35,3.7996560768442444e-05,0,1
10193,35,3.7996560768442444e-05,0,1
5483,35,3.7996560768442444e-05,0,1
12237,35,3.7996560768442444e-05,0,1
8124,35,3.7996560768442444e-05,0,1
8130,35,3.7996560768442444e-05,0,1
10910,35,3.7996560768442444e-05,0,1
12203,35,3.7996560768442444e-05,0,1
13530,35,3.7996560768442444e-05,0,1
731,35,3.7996560768442444e-05,0,1
4601,35,3.7996560768442444e-05,0,1
1004,35,3.7996560768442444e-05,0,1
11194,35,3.7996560768442444e-05,0,1
4110,35,3.7996560768442444e-05,0,1
15734,35,3.7996560768442444e-05,0,1
15660,35,3.7996560768442444e-05,0,1
15673,35,3.7996560768442444e-05,0,1
10884,35,3.7996560768442444e-05,0,1
14808,35,3.7996560768442444e-05,0,1
11458,35,3.7996560768442444e-05,0,1
7973,35,3.7996560768442444e-05,0,1
11104,35,3.7996560768442444e-05,0,1
2511,35,3.7996560768442444e-05,0,1
6244,35,3.7996560768442444e-05,0,1
12871,35,3.7996560768442444e-05,0,1
1264,35,3.7996560768442444e-05,0,1
13242,35,3.7996560768442444e-05,0,1
1146,35,3.7996560768442444e-05,0,1
6417,35,3.7996560768442444e-05,0,1
12413,35,3.7996560768442444e-05,0,1
8370,35,3.7996560768442444e-05,0,1
13649,35,3.7996560768442444e-05,0,1
6795,35,3.7996560768442444e-05,0,1
11577,35,3.7996560768442444e-05,0,1
7613,35,3.7996560768442444e-05,0,1
3606,35,3.7996560768442444e-05,0,1
3627,35,3.7996560768442444e-05,0,1
14246,35,3.7996560768442444e-05,0,1
5610,35,3.7996560768442444e-05,0,1
3509,35,3.7996560768442444e-05,0,1
2702,35,3.7996560768442444e-05,0,1
2964,35,3.7996560768442444e-05,0,1
10040,35,3.7996560768442444e-05,0,1
2064,35,3.7996560768442444e-05,0,1
13866,35,3.7996560768442444e-05,0,1
1958,35,3.7996560768442444e-05,0,1
7013,35,3.7996560768442444e-05,0,1
1960,35,3.7996560768442444e-05,0,1
6550,35,3.7996560768442444e-05,0,1
6587,35,3.7996560768442444e-05,0,1
1017,35,3.7996560768442444e-05,0,1
14559,35,3.7996560768442444e-05,0,1
6723,35,3.7996560768442444e-05,0,1
4514,35,3.7996560768442444e-05,0,1
11659,35,3.7996560768442444e-05,0,1
3555,35,3.7996560768442444e-05,0,1
14683,35,3.7996560768442444e-05,0,1
11766,35,3.7996560768442444e-05,0,1
125,35,3.7996560768442444e-05,0,1
14105,35,3.7996560768442444e-05,0,1
5260,35,3.7996560768442444e-05,0,1
5650,35,3.7996560768442444e-05,0,1
8467,35,3.7996560768442444e-05,0,1
9944,35,3.7996560768442444e-05,0,1
2922,35,3.7996560768442444e-05,0,1
9974,35,3.7996560768442444e-05,0,1
9979,35,3.7996560768442444e-05,0,1
11080,35,3.7996560768442444e-05,0,1
11066,35,3.7996560768442444e-05,0,1
12140,35,3.7996560768442444e-05,0,1
13031,35,3.7996560768442444e-05,0,1
6106,35,3.7996560768442444e-05,0,1
4531,35,3.7996560768442444e-05,0,1
15928,35,3.7996560768442444e-05,0,1
11566,35,3.7996560768442444e-05,0,1
12551,35,3.7996560768442444e-05,0,1
12557,35,3.7996560768442444e-05,0,1
3720,35,3.7996560768442444e-05,0,1
5346,35,3.7996560768442444e-05,0,1
13247,35,3.7996560768442444e-05,0,1
7153,35,3.7996560768442444e-05,0,1
9672,35,3.7996560768442444e-05,0,1
11078,35,3.7996560768442444e-05,0,1
3278,35,3.7996560768442444e-05,0,1
9578,35,3.7996560768442444e-05,0,1
12958,35,3.7996560768442444e-05,0,1
5940,35,3.7996560768442444e-05,0,1
3962,35,3.7996560768442444e-05,0,1
2573,35,3.7996560768442444e-05,0,1
14475,35,3.7996560768442444e-05,0,1
3406,35,3.7996560768442444e-05,0,1
7468,35,3.7996560768442444e-05,0,1
2284,35,3.7996560768442444e-05,0,1
5573,35,3.7996560768442444e-05,0,1
10076,35,3.7996560768442444e-05,0,1
10046,35,3.7996560768442444e-05,0,1
14694,35,3.7996560768442444e-05,0,1
4761,35,3.7996560768442444e-05,0,1
9502,35,3.7996560768442444e-05,0,1
10468,35,3.7996560768442444e-05,0,1
1814,35,3.7996560768442444e-05,0,1
8494,35,3.7996560768442444e-05,0,1
10538,35,3.7996560768442444e-05,0,1
11701,35,3.7996560768442444e-05,0,1
11788,35,3.7996560768442444e-05,0,1
11795,35,3.7996560768442444e-05,0,1
11717,35,3.7996560768442444e-05,0,1
2079,35,3.7996560768442444e-05,0,1
12157,35,3.7996560768442444e-05,0,1
11653,35,3.7996560768442444e-05,0,1
7401,35,3.7996560768442444e-05,0,1
15008,35,3.7996560768442444e-05,0,1
6445,35,3.7996560768442444e-05,0,1
8433,35,3.7996560768442444e-05,0,1
10530,35,3.7996560768442444e-05,0,1
4459,34,3.6910944746486944e-05,0,1
1,34,3.6910944746486944e-05,0,1
16170,34,3.6910944746486944e-05,0,1
14979,34,3.6910944746486944e-05,0,1
3191,34,3.6910944746486944e-05,0,1
9344,34,3.6910944746486944e-05,0,1
9295,34,3.6910944746486944e-05,0,1
6041,34,3.6910944746486944e-05,0,1
14191,34,3.6910944746486944e-05,0,1
11692,34,3.6910944746486944e-05,0,1
16035,34,3.6910944746486944e-05,0,1
4444,34,3.6910944746486944e-05,0,1
9369,34,3.6910944746486944e-05,0,1
9351,34,3.6910944746486944e-05,0,1
7501,34,3.6910944746486944e-05,0,1
7462,34,3.6910944746486944e-05,0,1
11711,34,3.6910944746486944e-05,0,1
10537,34,3.6910944746486944e-05,0,1
12454,34,3.6910944746486944e-05,0,1
14538,34,3.6910944746486944e-05,0,1
13577,34,3.6910944746486944e-05,0,1
12475,34,3.6910944746486944e-05,0,1
14558,34,3.6910944746486944e-05,0,1
8410,34,3.6910944746486944e-05,0,1
6452,34,3.6910944746486944e-05,0,1
11953,34,3.6910944746486944e-05,0,1
15913,34,3.6910944746486944e-05,0,1
15362,34,3.6910944746486944e-05,0,1
10204,34,3.6910944746486944e-05,0,1
12660,34,3.6910944746486944e-05,0,1
8704,34,3.6910944746486944e-05,0,1
14686,34,3.6910944746486944e-05,0,1
11536,34,3.6910944746486944e-05,0,1
9203,34,3.6910944746486944e-05,0,1
7640,34,3.6910944746486944e-05,0,1
7667,34,3.6910944746486944e-05,0,1
7661,34,3.6910944746486944e-05,0,1
11923,34,3.6910944746486944e-05,0,1
4586,34,3.6910944746486944e-05,0,1
11482,34,3.6910944746486944e-05,0,1
14061,34,3.6910944746486944e-05,0,1
14043,34,3.6910944746486944e-05,0,1
4218,34,3.6910944746486944e-05,0,1
7721,34,3.6910944746486944e-05,0,1
4235,34,3.6910944746486944e-05,0,1
4243,34,3.6910944746486944e-05,0,1
4662,34,3.6910944746486944e-05,0,1
4665,34,3.6910944746486944e-05,0,1
11411,34,3.6910944746486944e-05,0,1
11312,34,3.6910944746486944e-05,0,1
5974,34,3.6910944746486944e-05,0,1
6148,34,3.6910944746486944e-05,0,1
5953,34,3.6910944746486944e-05,0,1
5954,34,3.6910944746486944e-05,0,1
9488,34,3.6910944746486944e-05,0,1
1354,34,3.6910944746486944e-05,0,1
1347,34,3.6910944746486944e-05,0,1
14599,34,3.6910944746486944e-05,0,1
15512,34,3.6910944746486944e-05,0,1
1773,34,3.6910944746486944e-05,0,1
13565,34,3.6910944746486944e-05,0,1
5339,34,3.6910944746486944e-05,0,1
10816,34,3.6910944746486944e-05,0,1
12304,34,3.6910944746486944e-05,0,1
13324,34,3.6910944746486944e-05,0,1
864,34,3.6910944746486944e-05,0,1
14469,34,3.6910944746486944e-05,0,1
14460,34,3.6910944746486944e-05,0,1
13743,34,3.6910944746486944e-05,0,1
2583,34,3.6910944746486944e-05,0,1
1928,34,3.6910944746486944e-05,0,1
2617,34,3.6910944746486944e-05,0,1
10426,34,3.6910944746486944e-05,0,1
12378,34,3.6910944746486944e-05,0,1
8947,34,3.6910944746486944e-05,0,1
8951,34,3.6910944746486944e-05,0,1
8928,34,3.6910944746486944e-05,0,1
6336,34,3.6910944746486944e-05,0,1
9873,34,3.6910944746486944e-05,0,1
9865,34,3.6910944746486944e-05,0,1
3448,34,3.6910944746486944e-05,0,1
5203,34,3.6910944746486944e-05,0,1
14506,34,3.6910944746486944e-05,0,1
14491,34,3.6910944746486944e-05,0,1
14496,34,3.6910944746486944e-05,0,1
6840,34,3.6910944746486944e-05,0,1
10670,34,3.6910944746486944e-05,0,1
3885,34,3.6910944746486944e-05,0,1
3887,34,3.6910944746486944e-05,0,1
15258,34,3.6910944746486944e-05,0,1
8803,34,3.6910944746486944e-05,0,1
8819,34,3.6910944746486944e-05,0,1
13393,34,3.6910944746486944e-05,0,1
14729,34,3.6910944746486944e-05,0,1
1109,34,3.6910944746486944e-05,0,1
14449,34,3.6910944746486944e-05,0,1
13837,34,3.6910944746486944e-05,0,1
6313,34,3.6910944746486944e-05,0,1
9806,34,3.6910944746486944e-05,0,1
5756,34,3.6910944746486944e-05,0,1
4984,34,3.6910944746486944e-05,0,1
6972,34,3.6910944746486944e-05,0,1
8167,34,3.6910944746486944e-05,0,1
12732,34,3.6910944746486944e-05,0,1
15255,34,3.6910944746486944e-05,0,1
5034,34,3.6910944746486944e-05,0,1
3937,34,3.6910944746486944e-05,0,1
3949,34,3.6910944746486944e-05,0,1
15666,34,3.6910944746486944e-05,0,1
15663,34,3.6910944746486944e-05,0,1
12315,34,3.6910944746486944e-05,0,1
12316,34,3.6910944746486944e-05,0,1
1948,34,3.6910944746486944e-05,0,1
13277,34,3.6910944746486944e-05,0,1
14814,34,3.6910944746486944e-05,0,1
12797,34,3.6910944746486944e-05,0,1
1191,34,3.6910944746486944e-05,0,1
5734,34,3.6910944746486944e-05,0,1
8241,34,3.6910944746486944e-05,0,1
10748,34,3.6910944746486944e-05,0,1
10750,34,3.6910944746486944e-05,0,1
4911,34,3.6910944746486944e-05,0,1
3719,34,3.6910944746486944e-05,0,1
10346,34,3.6910944746486944e-05,0,1
10388,34,3.6910944746486944e-05,0,1
409,34,3.6910944746486944e-05,0,1
8618,34,3.6910944746486944e-05,0,1
5825,34,3.6910944746486944e-05,0,1
3343,34,3.6910944746486944e-05,0,1
8052,34,3.6910944746486944e-05,0,1
14401,34,3.6910944746486944e-05,0,1
10944,34,3.6910944746486944e-05,0,1
8073,34,3.6910944746486944e-05,0,1
10987,34,3.6910944746486944e-05,0,1
9060,34,3.6910944746486944e-05,0,1
1557,34,3.6910944746486944e-05,0,1
8019,34,3.6910944746486944e-05,0,1
15128,34,3.6910944746486944e-05,0,1
9038,34,3.6910944746486944e-05,0,1
13265,34,3.6910944746486944e-05,0,1
12827,34,3.6910944746486944e-05,0,1
12844,34,3.6910944746486944e-05,0,1
13853,34,3.6910944746486944e-05,0,1
11015,34,3.6910944746486944e-05,0,1
11012,34,3.6910944746486944e-05,0,1
4993,34,3.6910944746486944e-05,0,1
12251,34,3.6910944746486944e-05,0,1
6322,34,3.6910944746486944e-05,0,1
3382,34,3.6910944746486944e-05,0,1
3378,34,3.6910944746486944e-05,0,1
13257,34,3.6910944746486944e-05,0,1
9029,34,3.6910944746486944e-05,0,1
6285,34,3.6910944746486944e-05,0,1
8641,34,3.6910944746486944e-05,0,1
5462,34,3.6910944746486944e-05,0,1
5434,34,3.6910944746486944e-05,0,1
10260,34,3.6910944746486944e-05,0,1
1532,34,3.6910944746486944e-05,0,1
213,34,3.6910944746486944e-05,0,1
6189,34,3.6910944746486944e-05,0,1
9627,34,3.6910944746486944e-05,0,1
7185,34,3.6910944746486944e-05,0,1
7908,34,3.6910944746486944e-05,0,1
14361,34,3.6910944746486944e-05,0,1
7890,34,3.6910944746486944e-05,0,1
7931,34,3.6910944746486944e-05,0,1
11142,34,3.6910944746486944e-05,0,1
1020,34,3.6910944746486944e-05,0,1
10309,34,3.6910944746486944e-05,0,1
9677,34,3.6910944746486944e-05,0,1
6221,34,3.6910944746486944e-05,0,1
5847,34,3.6910944746486944e-05,0,1
9125,34,3.6910944746486944e-05,0,1
204,34,3.6910944746486944e-05,0,1
12935,34,3.6910944746486944e-05,0,1
4851,34,3.6910944746486944e-05,0,1
4863,34,3.6910944746486944e-05,0,1
15105,34,3.6910944746486944e-05,0,1
13868,34,3.6910944746486944e-05,0,1
13857,34,3.6910944746486944e-05,0,1
11048,34,3.6910944746486944e-05,0,1
468,34,3.6910944746486944e-05,0,1
11099,34,3.6910944746486944e-05,0,1
4864,34,3.6910944746486944e-05,0,1
7989,34,3.6910944746486944e-05,0,1
10075,34,3.6910944746486944e-05,0,1
13488,34,3.6910944746486944e-05,0,1
13480,34,3.6910944746486944e-05,0,1
4209,34,3.6910944746486944e-05,0,1
2428,34,3.6910944746486944e-05,0,1
7772,34,3.6910944746486944e-05,0,1
11270,34,3.6910944746486944e-05,0,1
14004,34,3.6910944746486944e-05,0,1
14311,34,3.6910944746486944e-05,0,1
2148,34,3.6910944746486944e-05,0,1
7814,34,3.6910944746486944e-05,0,1
4721,34,3.6910944746486944e-05,0,1
8772,34,3.6910944746486944e-05,0,1
6460,34,3.6910944746486944e-05,0,1
3548,34,3.6910944746486944e-05,0,1
12696,34,3.6910944746486944e-05,0,1
11247,34,3.6910944746486944e-05,0,1
11224,34,3.6910944746486944e-05,0,1
13976,34,3.6910944746486944e-05,0,1
12016,34,3.6910944746486944e-05,0,1
6167,34,3.6910944746486944e-05,0,1
9528,34,3.6910944746486944e-05,0,1
3293,34,3.6910944746486944e-05,0,1
336,34,3.6910944746486944e-05,0,1
12946,34,3.6910944746486944e-05,0,1
11177,34,3.6910944746486944e-05,0,1
14313,34,3.6910944746486944e-05,0,1
7262,34,3.6910944746486944e-05,0,1
2452,34,3.6910944746486944e-05,0,1
7828,34,3.6910944746486944e-05,0,1
14336,34,3.6910944746486944e-05,0,1
13950,34,3.6910944746486944e-05,0,1
11641,34,3.6910944746486944e-05,0,1
11673,34,3.6910944746486944e-05,0,1
11645,34,3.6910944746486944e-05,0,1
4349,34,3.6910944746486944e-05,0,1
3577,34,3.6910944746486944e-05,0,1
3557,34,3.6910944746486944e-05,0,1
15291,34,3.6910944746486944e-05,0,1
3472,34,3.6910944746486944e-05,0,1
11624,34,3.6910944746486944e-05,0,1
11625,34,3.6910944746486944e-05,0,1
9248,34,3.6910944746486944e-05,0,1
13094,34,3.6910944746486944e-05,0,1
9399,34,3.6910944746486944e-05,0,1
9429,34,3.6910944746486944e-05,0,1
11547,34,3.6910944746486944e-05,0,1
11637,34,3.6910944746486944e-05,0,1
645,34,3.6910944746486944e-05,0,1
4290,34,3.6910944746486944e-05,0,1
4521,34,3.6910944746486944e-05,0,1
11844,34,3.6910944746486944e-05,0,1
555,34,3.6910944746486944e-05,0,1
14233,34,3.6910944746486944e-05,0,1
14094,34,3.6910944746486944e-05,0,1
7364,34,3.6910944746486944e-05,0,1
11555,34,3.6910944746486944e-05,0,1
247,34,3.6910944746486944e-05,0,1
15027,34,3.6910944746486944e-05,0,1
9251,34,3.6910944746486944e-05,0,1
3215,34,3.6910944746486944e-05,0,1
9489,34,3.6910944746486944e-05,0,1
9485,34,3.6910944746486944e-05,0,1
643,34,3.6910944746486944e-05,0,1
8835,34,3.6910944746486944e-05,0,1
2694,34,3.6910944746486944e-05,0,1
14581,34,3.6910944746486944e-05,0,1
1820,34,3.6910944746486944e-05,0,1
10418,34,3.6910944746486944e-05,0,1
10401,34,3.6910944746486944e-05,0,1
9910,34,3.6910944746486944e-05,0,1
12753,34,3.6910944746486944e-05,0,1
13690,34,3.6910944746486944e-05,0,1
10604,34,3.6910944746486944e-05,0,1
8381,34,3.6910944746486944e-05,0,1
14518,34,3.6910944746486944e-05,0,1
14511,34,3.6910944746486944e-05,0,1
10639,34,3.6910944746486944e-05,0,1
1656,34,3.6910944746486944e-05,0,1
8833,34,3.6910944746486944e-05,0,1
10519,34,3.6910944746486944e-05,0,1
5215,34,3.6910944746486944e-05,0,1
10555,34,3.6910944746486944e-05,0,1
10558,34,3.6910944746486944e-05,0,1
9968,34,3.6910944746486944e-05,0,-1
9969,34,3.6910944746486944e-05,0,-1
14483,34,3.6910944746486944e-05,0,-1
1883,34,3.6910944746486944e-05,0,-1
1630,34,3.6910944746486944e-05,0,-1
1601,34,3.6910944746486944e-05,0,-1
6399,34,3.6910944746486944e-05,0,-1
15231,34,3.6910944746486944e-05,0,-1
5250,34,3.6910944746486944e-05,0,-1
10626,34,3.6910944746486944e-05,0,-1
3810,34,3.6910944746486944e-05,0,-1
15554,34,3.6910944746486944e-05,0,-1
9334,33,3.5825328724531445e-05,0,-1
4410,33,3.5825328724531445e-05,0,-1
13025,33,3.5825328724531445e-05,0,-1
15003,33,3.5825328724531445e-05,0,-1
13100,33,3.5825328724531445e-05,0,-1
9284,33,3.5825328724531445e-05,0,-1
14104,33,3.5825328724531445e-05,0,-1
7404,33,3.5825328724531445e-05,0,-1
310,33,3.5825328724531445e-05,0,-1
7631,33,3.5825328724531445e-05,0,-1
14101,33,3.5825328724531445e-05,0,-1
7376,33,3.5825328724531445e-05,0,-1
11840,33,3.5825328724531445e-05,0,-1
11598,33,3.5825328724531445e-05,0,-1
9244,33,3.5825328724531445e-05,0,-1
15283,33,3.5825328724531445e-05,0,-1
15277,33,3.5825328724531445e-05,0,-1
12690,33,3.5825328724531445e-05,0,-1
8761,33,3.5825328724531445e-05,0,-1
8773,33,3.5825328724531445e-05,0,-1
10201,33,3.5825328724531445e-05,0,-1
13469,33,3.5825328724531445e-05,0,-1
2807,33,3.5825328724531445e-05,0,-1
14667,33,3.5825328724531445e-05,0,-1
12641,33,3.5825328724531445e-05,0,-1
5524,33,3.5825328724531445e-05,0,-1
14690,33,3.5825328724531445e-05,0,-1
8675,33,3.5825328724531445e-05,0,-1
8676,33,3.5825328724531445e-05,0,-1
12993,33,3.5825328724531445e-05,0,-1
12981,33,3.5825328724531445e-05,0,-1
12982,33,3.5825328724531445e-05,0,-1
3211,33,3.5825328724531445e-05,0,-1
11909,33,3.5825328724531445e-05,0,-1
7654,33,3.5825328724531445e-05,0,-1
685,33,3.5825328724531445e-05,0,-1
14249,33,3.5825328724531445e-05,0,-1
14064,33,3.5825328724531445e-05,0,-1
7334,33,3.5825328724531445e-05,0,-1
4643,33,3.5825328724531445e-05,0,-1
4645,33,3.5825328724531445e-05,0,-1
7680,33,3.5825328724531445e-05,0,-1
7724,33,3.5825328724531445e-05,0,-1
7320,33,3.5825328724531445e-05,0,-1
4625,33,3.5825328724531445e-05,0,-1
8574,33,3.5825328724531445e-05,0,-1
14618,33,3.5825328724531445e-05,0,-1
12704,33,3.5825328724531445e-05,0,-1
12719,33,3.5825328724531445e-05,0,-1
13417,33,3.5825328724531445e-05,0,-1
14622,33,3.5825328724531445e-05,0,-1
6609,33,3.5825328724531445e-05,0,-1
391,33,3.5825328724531445e-05,0,-1
5379,33,3.5825328724531445e-05,0,-1
8567,33,3.5825328724531445e-05,0,-1
15442,33,3.5825328724531445e-05,0,-1
1023,33,3.5825328724531445e-05,0,-1
10264,33,3.5825328724531445e-05,0,-1
8633,33,3.5825328724531445e-05,0,-1
13523,33,3.5825328724531445e-05,0,-1
3662,33,3.5825328724531445e-05,0,-1
15390,33,3.5825328724531445e-05,0,-1
12614,33,3.5825328724531445e-05,0,-1
3661,33,3.5825328724531445e-05,0,-1
8648,33,3.5825328724531445e-05,0,-1
6590,33,3.5825328724531445e-05,0,-1
9178,33,3.5825328724531445e-05,0,-1
15890,33,3.5825328724531445e-05,0,-1
4642,33,3.5825328724531445e-05,0,-1
4222,33,3.5825328724531445e-05,0,-1
9515,33,3.5825328724531445e-05,0,-1
3245,33,3.5825328724531445e-05,0,-1
5911,33,3.5825328724531445e-05,0,-1
13129,33,3.5825328724531445e-05,0,-1
15843,33,3.5825328724531445e-05,0,-1
4216,33,3.5825328724531445e-05,0,-1
2197,33,3.5825328724531445e-05,0,-1
7739,33,3.5825328724531445e-05,0,-1
7752,33,3.5825328724531445e-05,0,-1
15542,33,3.5825328724531445e-05,0,-1
6698,33,3.5825328724531445e-05,0,-1
10037,33,3.5825328724531445e-05,0,-1
1143,33,3.5825328724531445e-05,0,-1
13372,33,3.5825328724531445e-05,0,-1
6434,33,3.5825328724531445e-05,0,-1
8516,33,3.5825328724531445e-05,0,-1
1795,33,3.5825328724531445e-05,0,-1
12537,33,3.5825328724531445e-05,0,-1
15492,33,3.5825328724531445e-05,0,-1
5316,33,3.5825328724531445e-05,0,-1
6649,33,3.5825328724531445e-05,0,-1
10405,33,3.5825328724531445e-05,0,-1
12962,33,3.5825328724531445e-05,0,-1
1490,33,3.5825328724531445e-05,0,-1
485,33,3.5825328724531445e-05,0,-1
4759,33,3.5825328724531445e-05,0,-1
14302,33,3.5825328724531445e-05,0,-1
7242,33,3.5825328724531445e-05,0,-1
9563,33,3.5825328724531445e-05,0,-1
13956,33,3.5825328724531445e-05,0,-1
7270,33,3.5825328724531445e-05,0,-1
11285,33,3.5825328724531445e-05,0,-1
11288,33,3.5825328724531445e-05,0,-1
11281,33,3.5825328724531445e-05,0,-1
7822,33,3.5825328724531445e-05,0,-1
7809,33,3.5825328724531445e-05,0,-1
11233,33,3.5825328724531445e-05,0,-1
2129,33,3.5825328724531445e-05,0,-1
7852,33,3.5825328724531445e-05,0,-1
12745,33,3.5825328724531445e-05,0,-1
10572,33,3.5825328724531445e-05,0,-1
15556,33,3.5825328724531445e-05,0,-1
10522,33,3.5825328724531445e-05,0,-1
3840,33,3.5825328724531445e-05,0,-1
9961,33,3.5825328724531445e-05,0,-1
9964,33,3.5825328724531445e-05,0,-1
14545,33,3.5825328724531445e-05,0,-1
10527,33,3.5825328724531445e-05,0,-1
10543,33,3.5825328724531445e-05,0,-1
10548,33,3.5825328724531445e-05,0,-1
129,33,3.5825328724531445e-05,0,-1
12497,33,3.5825328724531445e-05,0,-1
12488,33,3.5825328724531445e-05,0,-1
10490,33,3.5825328724531445e-05,0,-1
6196,33,3.5825328724531445e-05,0,-1
9163,33,3.5825328724531445e-05,0,-1
7888,33,3.5825328724531445e-05,0,-1
14323,33,3.5825328724531445e-05,0,-1
9604,33,3.5825328724531445e-05,0,-1
11203,33,3.5825328724531445e-05,0,-1
4780,33,3.5825328724531445e-05,0,-1
13940,33,3.5825328724531445e-05,0,-1
13935,33,3.5825328724531445e-05,0,-1
7174,33,3.5825328724531445e-05,0,-1
14353,33,3.5825328724531445e-05,0,-1
15747,33,3.5825328724531445e-05,0,-1
11165,33,3.5825328724531445e-05,0,-1
14762,33,3.5825328724531445e-05,0,-1
12774,33,3.5825328724531445e-05,0,-1
12765,33,3.5825328724531445e-05,0,-1
12379,33,3.5825328724531445e-05,0,-1
866,33,3.5825328724531445e-05,0,-1
5148,33,3.5825328724531445e-05,0,-1
12738,33,3.5825328724531445e-05,0,-1
13700,33,3.5825328724531445e-05,0,-1
6850,33,3.5825328724531445e-05,0,-1
13683,33,3.5825328724531445e-05,0,-1
1882,33,3.5825328724531445e-05,0,-1
6833,33,3.5825328724531445e-05,0,-1
1854,33,3.5825328724531445e-05,0,-1
1852,33,3.5825328724531445e-05,0,-1
6210,33,3.5825328724531445e-05,0,-1
4814,33,3.5825328724531445e-05,0,-1
4849,33,3.5825328724531445e-05,0,-1
13876,33,3.5825328724531445e-05,0,-1
7145,33,3.5825328724531445e-05,0,-1
7104,33,3.5825328724531445e-05,0,-1
7107,33,3.5825328724531445e-05,0,-1
12110,33,3.5825328724531445e-05,0,-1
4820,33,3.5825328724531445e-05,0,-1
4103,33,3.5825328724531445e-05,0,-1
11092,33,3.5825328724531445e-05,0,-1
2070,33,3.5825328724531445e-05,0,-1
7125,33,3.5825328724531445e-05,0,-1
9864,33,3.5825328724531445e-05,0,-1
15161,33,3.5825328724531445e-05,0,-1
13337,33,3.5825328724531445e-05,0,-1
6357,33,3.5825328724531445e-05,0,-1
6358,33,3.5825328724531445e-05,0,-1
6343,33,3.5825328724531445e-05,0,-1
8271,33,3.5825328724531445e-05,0,-1
5719,33,3.5825328724531445e-05,0,-1
3445,33,3.5825328724531445e-05,0,-1
12791,33,3.5825328724531445e-05,0,-1
8285,33,3.5825328724531445e-05,0,-1
8343,33,3.5825328724531445e-05,0,-1
12362,33,3.5825328724531445e-05,0,-1
2492,33,3.5825328724531445e-05,0,-1
2468,33,3.5825328724531445e-05,0,-1
2469,33,3.5825328724531445e-05,0,-1
7138,33,3.5825328724531445e-05,0,-1
7140,33,3.5825328724531445e-05,0,-1
12135,33,3.5825328724531445e-05,0,-1
9081,33,3.5825328724531445e-05,0,-1
13220,33,3.5825328724531445e-05,0,-1
9654,33,3.5825328724531445e-05,0,-1
9685,33,3.5825328724531445e-05,0,-1
9630,33,3.5825328724531445e-05,0,-1
8029,33,3.5825328724531445e-05,0,-1
12903,33,3.5825328724531445e-05,0,-1
3337,33,3.5825328724531445e-05,0,-1
15100,33,3.5825328724531445e-05,0,-1
4875,33,3.5825328724531445e-05,0,-1
11051,33,3.5825328724531445e-05,0,-1
11052,33,3.5825328724531445e-05,0,-1
12806,33,3.5825328724531445e-05,0,-1
12808,33,3.5825328724531445e-05,0,-1
13297,33,3.5825328724531445e-05,0,-1
8972,33,3.5825328724531445e-05,0,-1
5120,33,3.5825328724531445e-05,0,-1
14480,33,3.5825328724531445e-05,0,-1
8235,33,3.5825328724531445e-05,0,-1
2578,33,3.5825328724531445e-05,0,-1
3418,33,3.5825328724531445e-05,0,-1
9827,33,3.5825328724531445e-05,0,-1
15597,33,3.5825328724531445e-05,0,-1
15598,33,3.5825328724531445e-05,0,-1
428,33,3.5825328724531445e-05,0,-1
5073,33,3.5825328724531445e-05,0,-1
8887,33,3.5825328724531445e-05,0,-1
8251,33,3.5825328724531445e-05,0,-1
6928,33,3.5825328724531445e-05,0,-1
1906,33,3.5825328724531445e-05,0,-1
13733,33,3.5825328724531445e-05,0,-1
13736,33,3.5825328724531445e-05,0,-1
9061,33,3.5825328724531445e-05,0,-1
6260,33,3.5825328724531445e-05,0,-1
6226,33,3.5825328724531445e-05,0,-1
6253,33,3.5825328724531445e-05,0,-1
14371,33,3.5825328724531445e-05,0,-1
14368,33,3.5825328724531445e-05,0,-1
4064,33,3.5825328724531445e-05,0,-1
7091,33,3.5825328724531445e-05,0,-1
12881,33,3.5825328724531445e-05,0,-1
14400,33,3.5825328724531445e-05,0,-1
11013,33,3.5825328724531445e-05,0,-1
785,33,3.5825328724531445e-05,0,-1
4044,33,3.5825328724531445e-05,0,-1
15706,33,3.5825328724531445e-05,0,-1
10998,33,3.5825328724531445e-05,0,-1
10984,33,3.5825328724531445e-05,0,-1
10967,33,3.5825328724531445e-05,0,-1
7035,33,3.5825328724531445e-05,0,-1
6317,33,3.5825328724531445e-05,0,-1
15688,33,3.5825328724531445e-05,0,-1
807,33,3.5825328724531445e-05,0,-1
12267,33,3.5825328724531445e-05,0,-1
9812,33,3.5825328724531445e-05,0,-1
5759,33,3.5825328724531445e-05,0,-1
13282,33,3.5825328724531445e-05,0,-1
10792,33,3.5825328724531445e-05,0,-1
12263,33,3.5825328724531445e-05,0,-1
10872,33,3.5825328724531445e-05,0,-1
10863,33,3.5825328724531445e-05,0,-1
13789,33,3.5825328724531445e-05,0,-1
8190,33,3.5825328724531445e-05,0,-1
15611,33,3.5825328724531445e-05,0,-1
8193,33,3.5825328724531445e-05,0,-1
6281,33,3.5825328724531445e-05,0,-1
3373,33,3.5825328724531445e-05,0,-1
9741,33,3.5825328724531445e-05,0,-1
10988,33,3.5825328724531445e-05,0,-1
15707,33,3.5825328724531445e-05,0,-1
12234,33,3.5825328724531445e-05,0,-1
4020,33,3.5825328724531445e-05,0,-1
9780,33,3.5825328724531445e-05,0,-1
15134,33,3.5825328724531445e-05,0,-1
9013,33,3.5825328724531445e-05,0,-1
8085,33,3.5825328724531445e-05,0,-1
8101,33,3.5825328724531445e-05,0,-1
7018,33,3.5825328724531445e-05,0,-1
12229,33,3.5825328724531445e-05,0,-1
12205,33,3.5825328724531445e-05,0,-1
4889,33,3.5825328724531445e-05,0,-1
13851,33,3.5825328724531445e-05,0,-1
5980,33,3.5825328724531445e-05,0,-1
9390,33,3.5825328724531445e-05,0,-1
9306,33,3.5825328724531445e-05,0,-1
11671,33,3.5825328724531445e-05,0,-1
14145,33,3.5825328724531445e-05,0,-1
14187,33,3.5825328724531445e-05,0,-1
11608,33,3.5825328724531445e-05,0,-1
7581,33,3.5825328724531445e-05,0,-1
7489,33,3.5825328724531445e-05,0,-1
11789,33,3.5825328724531445e-05,0,-1
11638,33,3.5825328724531445e-05,0,-1
4339,33,3.5825328724531445e-05,0,-1
14134,33,3.5825328724531445e-05,0,-1
7397,33,3.5825328724531445e-05,0,-1
5556,33,3.5825328724531445e-05,0,-1
2852,33,3.5825328724531445e-05,0,-1
14661,33,3.5825328724531445e-05,0,-1
16118,33,3.5825328724531445e-05,0,-1
16149,33,3.5825328724531445e-05,0,-1
10134,33,3.5825328724531445e-05,0,-1
2293,33,3.5825328724531445e-05,0,-1
14172,33,3.5825328724531445e-05,0,-1
7504,33,3.5825328724531445e-05,0,-1
13069,33,3.5825328724531445e-05,0,-1
9372,33,3.5825328724531445e-05,0,-1
6074,33,3.5825328724531445e-05,0,-1
16064,33,3.5825328724531445e-05,0,-1
15980,33,3.5825328724531445e-05,0,-1
11782,33,3.5825328724531445e-05,0,-1
4472,33,3.5825328724531445e-05,0,-1
2290,33,3.5825328724531445e-05,0,-1
13073,32,3.473971270257595e-05,0,-1
616,32,3.473971270257595e-05,0,-1
640,32,3.473971270257595e-05,0,-1
15966,32,3.473971270257595e-05,0,-1
4468,32,3.473971270257595e-05,0,-1
13076,32,3.473971270257595e-05,0,-1
4460,32,3.473971270257595e-05,0,-1
16237,32,3.473971270257595e-05,0,-1
11748,32,3.473971270257595e-05,0,-1
11735,32,3.473971270257595e-05,0,-1
15292,32,3.473971270257595e-05,0,-1
12679,32,3.473971270257595e-05,0,-1
3554,32,3.473971270257595e-05,0,-1
5548,32,3.473971270257595e-05,0,-1
1689,32,3.473971270257595e-05,0,-1
10185,32,3.473971270257595e-05,0,-1
9291,32,3.473971270257595e-05,0,-1
9292,32,3.473971270257595e-05,0,-1
15948,32,3.473971270257595e-05,0,-1
4492,32,3.473971270257595e-05,0,-1
7424,32,3.473971270257595e-05,0,-1
2241,32,3.473971270257595e-05,0,-1
2327,32,3.473971270257595e-05,0,-1
7420,32,3.473971270257595e-05,0,-1
669,32,3.473971270257595e-05,0,-1
7516,32,3.473971270257595e-05,0,-1
14208,32,3.473971270257595e-05,0,-1
14197,32,3.473971270257595e-05,0,-1
77,32,3.473971270257595e-05,0,-1
5481,32,3.473971270257595e-05,0,-1
8711,32,3.473971270257595e-05,0,-1
1071,32,3.473971270257595e-05,0,-1
1040,32,3.473971270257595e-05,0,-1
1043,32,3.473971270257595e-05,0,-1
15358,32,3.473971270257595e-05,0,-1
15340,32,3.473971270257595e-05,0,-1
12693,32,3.473971270257595e-05,0,-1
7659,32,3.473971270257595e-05,0,-1
7660,32,3.473971270257595e-05,0,-1
7604,32,3.473971270257595e-05,0,-1
9220,32,3.473971270257595e-05,0,-1
9221,32,3.473971270257595e-05,0,-1
3205,32,3.473971270257595e-05,0,-1
3206,32,3.473971270257595e-05,0,-1
15015,32,3.473971270257595e-05,0,-1
14276,32,3.473971270257595e-05,0,-1
14264,32,3.473971270257595e-05,0,-1
4593,32,3.473971270257595e-05,0,-1
11433,32,3.473971270257595e-05,0,-1
11434,32,3.473971270257595e-05,0,-1
7321,32,3.473971270257595e-05,0,-1
4585,32,3.473971270257595e-05,0,-1
11930,32,3.473971270257595e-05,0,-1
8617,32,3.473971270257595e-05,0,-1
6596,32,3.473971270257595e-05,0,-1
15426,32,3.473971270257595e-05,0,-1
10334,32,3.473971270257595e-05,0,-1
5394,32,3.473971270257595e-05,0,-1
8572,32,3.473971270257595e-05,0,-1
12718,32,3.473971270257595e-05,0,-1
8812,32,3.473971270257595e-05,0,-1
12337,32,3.473971270257595e-05,0,-1
14476,32,3.473971270257595e-05,0,-1
5739,32,3.473971270257595e-05,0,-1
359,32,3.473971270257595e-05,0,-1
12802,32,3.473971270257595e-05,0,-1
13298,32,3.473971270257595e-05,0,-1
4879,32,3.473971270257595e-05,0,-1
4887,32,3.473971270257595e-05,0,-1
1261,32,3.473971270257595e-05,0,-1
14367,32,3.473971270257595e-05,0,-1
1915,32,3.473971270257595e-05,0,-1
6908,32,3.473971270257595e-05,0,-1
14464,32,3.473971270257595e-05,0,-1
12345,32,3.473971270257595e-05,0,-1
10738,32,3.473971270257595e-05,0,-1
10727,32,3.473971270257595e-05,0,-1
7061,32,3.473971270257595e-05,0,-1
4920,32,3.473971270257595e-05,0,-1
11027,32,3.473971270257595e-05,0,-1
4907,32,3.473971270257595e-05,0,-1
2047,32,3.473971270257595e-05,0,-1
8045,32,3.473971270257595e-05,0,-1
9717,32,3.473971270257595e-05,0,-1
12853,32,3.473971270257595e-05,0,-1
6301,32,3.473971270257595e-05,0,-1
6330,32,3.473971270257595e-05,0,-1
15679,32,3.473971270257595e-05,0,-1
4969,32,3.473971270257595e-05,0,-1
10993,32,3.473971270257595e-05,0,-1
10997,32,3.473971270257595e-05,0,-1
8056,32,3.473971270257595e-05,0,-1
2018,32,3.473971270257595e-05,0,-1
8269,32,3.473971270257595e-05,0,-1
15190,32,3.473971270257595e-05,0,-1
5715,32,3.473971270257595e-05,0,-1
5709,32,3.473971270257595e-05,0,-1
9870,32,3.473971270257595e-05,0,-1
9817,32,3.473971270257595e-05,0,-1
8918,32,3.473971270257595e-05,0,-1
4117,32,3.473971270257595e-05,0,-1
12373,32,3.473971270257595e-05,0,-1
3901,32,3.473971270257595e-05,0,-1
60,32,3.473971270257595e-05,0,-1
46,32,3.473971270257595e-05,0,-1
2594,32,3.473971270257595e-05,0,-1
2596,32,3.473971270257595e-05,0,-1
6866,32,3.473971270257595e-05,0,-1
8278,32,3.473971270257595e-05,0,-1
9668,32,3.473971270257595e-05,0,-1
9629,32,3.473971270257595e-05,0,-1
7148,32,3.473971270257595e-05,0,-1
7158,32,3.473971270257595e-05,0,-1
5155,32,3.473971270257595e-05,0,-1
5179,32,3.473971270257595e-05,0,-1
12390,32,3.473971270257595e-05,0,-1
36,32,3.473971270257595e-05,0,-1
4870,32,3.473971270257595e-05,0,-1
4877,32,3.473971270257595e-05,0,-1
11040,32,3.473971270257595e-05,0,-1
11039,32,3.473971270257595e-05,0,-1
8017,32,3.473971270257595e-05,0,-1
13871,32,3.473971270257595e-05,0,-1
15101,32,3.473971270257595e-05,0,-1
15108,32,3.473971270257595e-05,0,-1
5204,32,3.473971270257595e-05,0,-1
3857,32,3.473971270257595e-05,0,-1
883,32,3.473971270257595e-05,0,-1
5191,32,3.473971270257595e-05,0,-1
12764,32,3.473971270257595e-05,0,-1
9928,32,3.473971270257595e-05,0,-1
5695,32,3.473971270257595e-05,0,-1
13351,32,3.473971270257595e-05,0,-1
4809,32,3.473971270257595e-05,0,-1
13918,32,3.473971270257595e-05,0,-1
5228,32,3.473971270257595e-05,0,-1
1843,32,3.473971270257595e-05,0,-1
10636,32,3.473971270257595e-05,0,-1
12417,32,3.473971270257595e-05,0,-1
12414,32,3.473971270257595e-05,0,-1
10603,32,3.473971270257595e-05,0,-1
9684,32,3.473971270257595e-05,0,-1
12934,32,3.473971270257595e-05,0,-1
12927,32,3.473971270257595e-05,0,-1
12947,32,3.473971270257595e-05,0,-1
9128,32,3.473971270257595e-05,0,-1
9131,32,3.473971270257595e-05,0,-1
3062,32,3.473971270257595e-05,0,-1
6218,32,3.473971270257595e-05,0,-1
7943,32,3.473971270257595e-05,0,-1
2080,32,3.473971270257595e-05,0,-1
7103,32,3.473971270257595e-05,0,-1
11146,32,3.473971270257595e-05,0,-1
11121,32,3.473971270257595e-05,0,-1
12125,32,3.473971270257595e-05,0,-1
4856,32,3.473971270257595e-05,0,-1
2051,32,3.473971270257595e-05,0,-1
13592,32,3.473971270257595e-05,0,-1
15509,32,3.473971270257595e-05,0,-1
5294,32,3.473971270257595e-05,0,-1
14531,32,3.473971270257595e-05,0,-1
10516,32,3.473971270257595e-05,0,-1
12447,32,3.473971270257595e-05,0,-1
140,32,3.473971270257595e-05,0,-1
1151,32,3.473971270257595e-05,0,-1
1321,32,3.473971270257595e-05,0,-1
13159,32,3.473971270257595e-05,0,-1
13162,32,3.473971270257595e-05,0,-1
13175,32,3.473971270257595e-05,0,-1
9159,32,3.473971270257595e-05,0,-1
13980,32,3.473971270257595e-05,0,-1
7818,32,3.473971270257595e-05,0,-1
13576,32,3.473971270257595e-05,0,-1
7239,32,3.473971270257595e-05,0,-1
4159,32,3.473971270257595e-05,0,-1
4141,32,3.473971270257595e-05,0,-1
12073,32,3.473971270257595e-05,0,-1
7860,32,3.473971270257595e-05,0,-1
7887,32,3.473971270257595e-05,0,-1
7226,32,3.473971270257595e-05,0,-1
2434,32,3.473971270257595e-05,0,-1
178,32,3.473971270257595e-05,0,-1
6369,32,3.473971270257595e-05,0,-1
12777,32,3.473971270257595e-05,0,-1
12375,32,3.473971270257595e-05,0,-1
7907,32,3.473971270257595e-05,0,-1
7189,32,3.473971270257595e-05,0,-1
15749,32,3.473971270257595e-05,0,-1
15741,32,3.473971270257595e-05,0,-1
15493,32,3.473971270257595e-05,0,-1
963,32,3.473971270257595e-05,0,-1
8524,32,3.473971270257595e-05,0,-1
14575,32,3.473971270257595e-05,0,-1
14578,32,3.473971270257595e-05,0,-1
14579,32,3.473971270257595e-05,0,-1
8476,32,3.473971270257595e-05,0,-1
14582,32,3.473971270257595e-05,0,-1
332,32,3.473971270257595e-05,0,-1
12963,32,3.473971270257595e-05,0,-1
1492,32,3.473971270257595e-05,0,-1
13141,32,3.473971270257595e-05,0,-1
13144,32,3.473971270257595e-05,0,-1
6176,32,3.473971270257595e-05,0,-1
6164,32,3.473971270257595e-05,0,-1
12715,32,3.473971270257595e-05,0,-1
15756,32,3.473971270257595e-05,0,-1
2142,32,3.473971270257595e-05,0,-1
2440,32,3.473971270257595e-05,0,-1
7233,32,3.473971270257595e-05,0,-1
14292,32,3.473971270257595e-05,0,-1
11290,32,3.473971270257595e-05,0,-1
14320,32,3.473971270257595e-05,0,-1
13953,32,3.473971270257595e-05,0,-1
9946,32,3.473971270257595e-05,0,-1
3467,32,3.473971270257595e-05,0,-1
3487,32,3.473971270257595e-05,0,-1
1626,32,3.473971270257595e-05,0,-1
9980,32,3.473971270257595e-05,0,-1
10615,32,3.473971270257595e-05,0,-1
10577,32,3.473971270257595e-05,0,-1
5226,32,3.473971270257595e-05,0,-1
4253,32,3.473971270257595e-05,0,-1
4256,32,3.473971270257595e-05,0,-1
4231,32,3.473971270257595e-05,0,-1
4232,32,3.473971270257595e-05,0,-1
15886,32,3.473971270257595e-05,0,-1
1698,32,3.473971270257595e-05,0,-1
15455,32,3.473971270257595e-05,0,-1
1011,32,3.473971270257595e-05,0,-1
12027,32,3.473971270257595e-05,0,-1
11265,32,3.473971270257595e-05,0,-1
11383,32,3.473971270257595e-05,0,-1
15856,32,3.473971270257595e-05,0,-1
7279,32,3.473971270257595e-05,0,-1
15057,32,3.473971270257595e-05,0,-1
6146,32,3.473971270257595e-05,0,-1
3135,32,3.473971270257595e-05,0,-1
13617,32,3.473971270257595e-05,0,-1
12495,32,3.473971270257595e-05,0,-1
9561,32,3.473971270257595e-05,0,-1
9546,32,3.473971270257595e-05,0,-1
5923,32,3.473971270257595e-05,0,-1
11350,32,3.473971270257595e-05,0,-1
12001,32,3.473971270257595e-05,0,-1
11995,32,3.473971270257595e-05,0,-1
12517,32,3.473971270257595e-05,0,-1
12547,32,3.473971270257595e-05,0,-1
5597,32,3.473971270257595e-05,0,-1
6436,32,3.473971270257595e-05,0,-1
6450,32,3.473971270257595e-05,0,-1
6451,32,3.473971270257595e-05,0,-1
6439,32,3.473971270257595e-05,0,-1
9996,32,3.473971270257595e-05,0,-1
9402,32,3.473971270257595e-05,0,-1
13038,32,3.473971270257595e-05,0,-1
6006,32,3.473971270257595e-05,0,-1
9279,32,3.473971270257595e-05,0,-1
1463,32,3.473971270257595e-05,0,-1
4413,32,3.473971270257595e-05,0,-1
6057,32,3.473971270257595e-05,0,-1
14977,32,3.473971270257595e-05,0,-1
14082,32,3.473971270257595e-05,0,-1
7621,32,3.473971270257595e-05,0,-1
14230,32,3.473971270257595e-05,0,-1
14236,32,3.473971270257595e-05,0,-1
11559,32,3.473971270257595e-05,0,-1
4319,32,3.473971270257595e-05,0,-1
14107,32,3.473971270257595e-05,0,-1
11870,32,3.473971270257595e-05,0,-1
12599,32,3.473971270257595e-05,0,-1
12604,32,3.473971270257595e-05,0,-1
14919,32,3.473971270257595e-05,0,-1
14903,32,3.473971270257595e-05,0,-1
11521,32,3.473971270257595e-05,0,-1
11903,32,3.473971270257595e-05,0,-1
4559,32,3.473971270257595e-05,0,-1
14091,32,3.473971270257595e-05,0,-1
3551,32,3.473971270257595e-05,0,-1
8766,32,3.473971270257595e-05,0,-1
8787,32,3.473971270257595e-05,0,-1
8789,32,3.473971270257595e-05,0,-1
2912,32,3.473971270257595e-05,0,-1
15284,32,3.473971270257595e-05,0,-1
1103,32,3.473971270257595e-05,0,-1
5407,32,3.473971270257595e-05,0,-1
10815,32,3.473971270257595e-05,0,-1
10795,32,3.473971270257595e-05,0,-1
12272,32,3.473971270257595e-05,0,-1
13800,32,3.473971270257595e-05,0,-1
8186,32,3.473971270257595e-05,0,-1
4980,32,3.473971270257595e-05,0,-1
9798,32,3.473971270257595e-05,0,-1
5768,32,3.473971270257595e-05,0,-1
9041,32,3.473971270257595e-05,0,-1
14845,32,3.473971270257595e-05,0,-1
3016,32,3.473971270257595e-05,0,-1
8963,32,3.473971270257595e-05,0,-1
13320,32,3.473971270257595e-05,0,-1
12287,32,3.473971270257595e-05,0,-1
3924,32,3.473971270257595e-05,0,-1
8197,32,3.473971270257595e-05,0,-1
4004,32,3.473971270257595e-05,0,-1
13842,32,3.473971270257595e-05,0,-1
7000,32,3.473971270257595e-05,0,-1
10906,32,3.473971270257595e-05,0,-1
10907,32,3.473971270257595e-05,0,-1
12852,32,3.473971270257595e-05,0,-1
15122,32,3.473971270257595e-05,0,-1
9781,32,3.473971270257595e-05,0,-1
3196,32,3.473971270257595e-05,0,-1
6085,32,3.473971270257595e-05,0,-1
3157,32,3.473971270257595e-05,0,-1
9330,32,3.473971270257595e-05,0,-1
12254,32,3.473971270257595e-05,0,-1
5002,32,3.473971270257595e-05,0,-1
15637,32,3.473971270257595e-05,0,-1
8106,32,3.473971270257595e-05,0,-1
6956,31,3.365409668062045e-05,0,-1
11654,31,3.365409668062045e-05,0,-1
7483,31,3.365409668062045e-05,0,-1
11663,31,3.365409668062045e-05,0,-1
578,31,3.365409668062045e-05,0,-1
6083,31,3.365409668062045e-05,0,-1
13757,31,3.365409668062045e-05,0,-1
1429,31,3.365409668062045e-05,0,-1
1433,31,3.365409668062045e-05,0,-1
14450,31,3.365409668062045e-05,0,-1
427,31,3.365409668062045e-05,0,-1
13812,31,3.365409668062045e-05,0,-1
6992,31,3.365409668062045e-05,0,-1
16148,31,3.365409668062045e-05,0,-1
11769,31,3.365409668062045e-05,0,-1
14994,31,3.365409668062045e-05,0,-1
74,31,3.365409668062045e-05,0,-1
13098,31,3.365409668062045e-05,0,-1
13087,31,3.365409668062045e-05,0,-1
14938,31,3.365409668062045e-05,0,-1
9308,31,3.365409668062045e-05,0,-1
9288,31,3.365409668062045e-05,0,-1
1461,31,3.365409668062045e-05,0,-1
6121,31,3.365409668062045e-05,0,-1
6108,31,3.365409668062045e-05,0,-1
11615,31,3.365409668062045e-05,0,-1
7524,31,3.365409668062045e-05,0,-1
13009,31,3.365409668062045e-05,0,-1
11252,31,3.365409668062045e-05,0,-1
13109,31,3.365409668062045e-05,0,-1
14943,31,3.365409668062045e-05,0,-1
11627,31,3.365409668062045e-05,0,-1
13048,31,3.365409668062045e-05,0,-1
14909,31,3.365409668062045e-05,0,-1
245,31,3.365409668062045e-05,0,-1
13007,31,3.365409668062045e-05,0,-1
14989,31,3.365409668062045e-05,0,-1
9494,31,3.365409668062045e-05,0,-1
15020,31,3.365409668062045e-05,0,-1
12540,31,3.365409668062045e-05,0,-1
2314,31,3.365409668062045e-05,0,-1
3223,31,3.365409668062045e-05,0,-1
11609,31,3.365409668062045e-05,0,-1
72,31,3.365409668062045e-05,0,-1
3198,31,3.365409668062045e-05,0,-1
10381,31,3.365409668062045e-05,0,-1
8801,31,3.365409668062045e-05,0,-1
8807,31,3.365409668062045e-05,0,-1
1623,31,3.365409668062045e-05,0,-1
13419,31,3.365409668062045e-05,0,-1
7267,31,3.365409668062045e-05,0,-1
7258,31,3.365409668062045e-05,0,-1
6455,31,3.365409668062045e-05,0,-1
13383,31,3.365409668062045e-05,0,-1
6469,31,3.365409668062045e-05,0,-1
10056,31,3.365409668062045e-05,0,-1
10032,31,3.365409668062045e-05,0,-1
15279,31,3.365409668062045e-05,0,-1
13989,31,3.365409668062045e-05,0,-1
2160,31,3.365409668062045e-05,0,-1
7802,31,3.365409668062045e-05,0,-1
15280,31,3.365409668062045e-05,0,-1
11250,31,3.365409668062045e-05,0,-1
12435,31,3.365409668062045e-05,0,-1
12438,31,3.365409668062045e-05,0,-1
12664,31,3.365409668062045e-05,0,-1
5577,31,3.365409668062045e-05,0,-1
2453,31,3.365409668062045e-05,0,-1
10123,31,3.365409668062045e-05,0,-1
10117,31,3.365409668062045e-05,0,-1
11236,31,3.365409668062045e-05,0,-1
8810,31,3.365409668062045e-05,0,-1
1687,31,3.365409668062045e-05,0,-1
15781,31,3.365409668062045e-05,0,-1
13388,31,3.365409668062045e-05,0,-1
14737,31,3.365409668062045e-05,0,-1
505,31,3.365409668062045e-05,0,-1
8856,31,3.365409668062045e-05,0,-1
2689,31,3.365409668062045e-05,0,-1
1802,31,3.365409668062045e-05,0,-1
12559,31,3.365409668062045e-05,0,-1
12563,31,3.365409668062045e-05,0,-1
12518,31,3.365409668062045e-05,0,-1
10412,31,3.365409668062045e-05,0,-1
5300,31,3.365409668062045e-05,0,-1
6153,31,3.365409668062045e-05,0,-1
4101,31,3.365409668062045e-05,0,-1
4852,31,3.365409668062045e-05,0,-1
7149,31,3.365409668062045e-05,0,-1
2486,31,3.365409668062045e-05,0,-1
13057,31,3.365409668062045e-05,0,-1
2333,31,3.365409668062045e-05,0,-1
5959,31,3.365409668062045e-05,0,-1
8719,31,3.365409668062045e-05,0,-1
750,31,3.365409668062045e-05,0,-1
2139,31,3.365409668062045e-05,0,-1
12079,31,3.365409668062045e-05,0,-1
8673,31,3.365409668062045e-05,0,-1
7240,31,3.365409668062045e-05,0,-1
5565,31,3.365409668062045e-05,0,-1
10094,31,3.365409668062045e-05,0,-1
10112,31,3.365409668062045e-05,0,-1
10600,31,3.365409668062045e-05,0,-1
15316,31,3.365409668062045e-05,0,-1
912,31,3.365409668062045e-05,0,-1
1834,31,3.365409668062045e-05,0,-1
3480,31,3.365409668062045e-05,0,-1
13662,31,3.365409668062045e-05,0,-1
12428,31,3.365409668062045e-05,0,-1
13629,31,3.365409668062045e-05,0,-1
2250,31,3.365409668062045e-05,0,-1
3130,31,3.365409668062045e-05,0,-1
13838,31,3.365409668062045e-05,0,-1
10853,31,3.365409668062045e-05,0,-1
8127,31,3.365409668062045e-05,0,-1
13820,31,3.365409668062045e-05,0,-1
15652,31,3.365409668062045e-05,0,-1
5037,31,3.365409668062045e-05,0,-1
15058,31,3.365409668062045e-05,0,-1
9487,31,3.365409668062045e-05,0,-1
15927,31,3.365409668062045e-05,0,-1
11861,31,3.365409668062045e-05,0,-1
9189,31,3.365409668062045e-05,0,-1
2255,31,3.365409668062045e-05,0,-1
6808,31,3.365409668062045e-05,0,-1
7063,31,3.365409668062045e-05,0,-1
11300,31,3.365409668062045e-05,0,-1
11999,31,3.365409668062045e-05,0,-1
11355,31,3.365409668062045e-05,0,-1
4705,31,3.365409668062045e-05,0,-1
747,31,3.365409668062045e-05,0,-1
11264,31,3.365409668062045e-05,0,-1
5645,31,3.365409668062045e-05,0,-1
14744,31,3.365409668062045e-05,0,-1
11983,31,3.365409668062045e-05,0,-1
5533,31,3.365409668062045e-05,0,-1
6742,31,3.365409668062045e-05,0,-1
6745,31,3.365409668062045e-05,0,-1
11222,31,3.365409668062045e-05,0,-1
11117,31,3.365409668062045e-05,0,-1
11076,31,3.365409668062045e-05,0,-1
11082,31,3.365409668062045e-05,0,-1
12968,31,3.365409668062045e-05,0,-1
4072,31,3.365409668062045e-05,0,-1
13875,31,3.365409668062045e-05,0,-1
6657,31,3.365409668062045e-05,0,-1
15468,31,3.365409668062045e-05,0,-1
2055,31,3.365409668062045e-05,0,-1
4848,31,3.365409668062045e-05,0,-1
349,31,3.365409668062045e-05,0,-1
9582,31,3.365409668062045e-05,0,-1
10749,31,3.365409668062045e-05,0,-1
9923,31,3.365409668062045e-05,0,-1
124,31,3.365409668062045e-05,0,-1
126,31,3.365409668062045e-05,0,-1
12171,31,3.365409668062045e-05,0,-1
14416,31,3.365409668062045e-05,0,-1
2067,31,3.365409668062045e-05,0,-1
9893,31,3.365409668062045e-05,0,-1
5662,31,3.365409668062045e-05,0,-1
5711,31,3.365409668062045e-05,0,-1
9886,31,3.365409668062045e-05,0,-1
13678,31,3.365409668062045e-05,0,-1
11338,31,3.365409668062045e-05,0,-1
5678,31,3.365409668062045e-05,0,-1
1871,31,3.365409668062045e-05,0,-1
4939,31,3.365409668062045e-05,0,-1
13686,31,3.365409668062045e-05,0,-1
10722,31,3.365409668062045e-05,0,-1
15609,31,3.365409668062045e-05,0,-1
560,31,3.365409668062045e-05,0,-1
15915,31,3.365409668062045e-05,0,-1
6217,31,3.365409668062045e-05,0,-1
6220,31,3.365409668062045e-05,0,-1
3736,31,3.365409668062045e-05,0,-1
9616,31,3.365409668062045e-05,0,-1
5879,31,3.365409668062045e-05,0,-1
210,31,3.365409668062045e-05,0,-1
4092,31,3.365409668062045e-05,0,-1
9522,31,3.365409668062045e-05,0,-1
9526,31,3.365409668062045e-05,0,-1
1341,31,3.365409668062045e-05,0,-1
3299,31,3.365409668062045e-05,0,-1
9914,31,3.365409668062045e-05,0,-1
3372,31,3.365409668062045e-05,0,-1
6335,31,3.365409668062045e-05,0,-1
1886,31,3.365409668062045e-05,0,-1
14772,31,3.365409668062045e-05,0,-1
15151,31,3.365409668062045e-05,0,-1
14777,31,3.365409668062045e-05,0,-1
7882,31,3.365409668062045e-05,0,-1
9889,31,3.365409668062045e-05,0,-1
7319,31,3.365409668062045e-05,0,-1
11385,31,3.365409668062045e-05,0,-1
14660,31,3.365409668062045e-05,0,-1
8671,31,3.365409668062045e-05,0,-1
5496,31,3.365409668062045e-05,0,-1
12638,31,3.365409668062045e-05,0,-1
9653,31,3.365409668062045e-05,0,-1
13887,31,3.365409668062045e-05,0,-1
15521,31,3.365409668062045e-05,0,-1
15525,31,3.365409668062045e-05,0,-1
10428,31,3.365409668062045e-05,0,-1
9650,31,3.365409668062045e-05,0,-1
975,31,3.365409668062045e-05,0,-1
13571,31,3.365409668062045e-05,0,-1
8493,31,3.365409668062045e-05,0,-1
9652,31,3.365409668062045e-05,0,-1
2353,31,3.365409668062045e-05,0,-1
9603,31,3.365409668062045e-05,0,-1
13187,31,3.365409668062045e-05,0,-1
15077,31,3.365409668062045e-05,0,-1
7597,31,3.365409668062045e-05,0,-1
14213,31,3.365409668062045e-05,0,-1
12405,31,3.365409668062045e-05,0,-1
5167,31,3.365409668062045e-05,0,-1
12812,31,3.365409668062045e-05,0,-1
11979,31,3.365409668062045e-05,0,-1
13697,31,3.365409668062045e-05,0,-1
8350,31,3.365409668062045e-05,0,-1
4002,31,3.365409668062045e-05,0,-1
1205,31,3.365409668062045e-05,0,-1
4599,31,3.365409668062045e-05,0,-1
14277,31,3.365409668062045e-05,0,-1
6702,31,3.365409668062045e-05,0,-1
12792,31,3.365409668062045e-05,0,-1
12782,31,3.365409668062045e-05,0,-1
3450,31,3.365409668062045e-05,0,-1
5755,31,3.365409668062045e-05,0,-1
12823,31,3.365409668062045e-05,0,-1
10272,31,3.365409668062045e-05,0,-1
14118,31,3.365409668062045e-05,0,-1
10304,31,3.365409668062045e-05,0,-1
2728,31,3.365409668062045e-05,0,-1
996,31,3.365409668062045e-05,0,-1
14616,31,3.365409668062045e-05,0,-1
11101,31,3.365409668062045e-05,0,-1
14864,31,3.365409668062045e-05,0,-1
13903,31,3.365409668062045e-05,0,-1
10274,31,3.365409668062045e-05,0,-1
11896,31,3.365409668062045e-05,0,-1
4581,31,3.365409668062045e-05,0,-1
11486,31,3.365409668062045e-05,0,-1
14862,31,3.365409668062045e-05,0,-1
7698,31,3.365409668062045e-05,0,-1
11949,31,3.365409668062045e-05,0,-1
12086,31,3.365409668062045e-05,0,-1
7211,31,3.365409668062045e-05,0,-1
6548,31,3.365409668062045e-05,0,-1
14328,31,3.365409668062045e-05,0,-1
11185,31,3.365409668062045e-05,0,-1
11180,31,3.365409668062045e-05,0,-1
379,31,3.365409668062045e-05,0,-1
12625,31,3.365409668062045e-05,0,-1
15738,31,3.365409668062045e-05,0,-1
1066,31,3.365409668062045e-05,0,-1
12650,31,3.365409668062045e-05,0,-1
14651,31,3.365409668062045e-05,0,-1
1053,31,3.365409668062045e-05,0,-1
14803,31,3.365409668062045e-05,0,-1
369,31,3.365409668062045e-05,0,-1
9096,31,3.365409668062045e-05,0,-1
14865,31,3.365409668062045e-05,0,-1
14867,31,3.365409668062045e-05,0,-1
14872,31,3.365409668062045e-05,0,-1
4973,31,3.365409668062045e-05,0,-1
13208,31,3.365409668062045e-05,0,-1
4614,31,3.365409668062045e-05,0,-1
12880,31,3.365409668062045e-05,0,-1
7663,31,3.365409668062045e-05,0,-1
7648,31,3.365409668062045e-05,0,-1
10899,31,3.365409668062045e-05,0,-1
808,31,3.365409668062045e-05,0,-1
15428,31,3.365409668062045e-05,0,-1
13742,31,3.365409668062045e-05,0,-1
3994,31,3.365409668062045e-05,0,-1
14436,31,3.365409668062045e-05,0,-1
8259,31,3.365409668062045e-05,0,-1
13600,31,3.365409668062045e-05,0,-1
10466,31,3.365409668062045e-05,0,-1
12504,31,3.365409668062045e-05,0,-1
12507,31,3.365409668062045e-05,0,-1
15404,31,3.365409668062045e-05,0,-1
6700,31,3.365409668062045e-05,0,-1
4650,31,3.365409668062045e-05,0,-1
6703,31,3.365409668062045e-05,0,-1
959,31,3.365409668062045e-05,0,-1
13859,31,3.365409668062045e-05,0,-1
7323,31,3.365409668062045e-05,0,-1
15139,31,3.365409668062045e-05,0,-1
15120,31,3.365409668062045e-05,0,-1
14055,31,3.365409668062045e-05,0,-1
11371,31,3.365409668062045e-05,0,-1
7723,31,3.365409668062045e-05,0,-1
2236,31,3.365409668062045e-05,0,-1
7626,31,3.365409668062045e-05,0,-1
15910,31,3.365409668062045e-05,0,-1
8964,31,3.365409668062045e-05,0,-1
9809,31,3.365409668062045e-05,0,-1
1226,31,3.365409668062045e-05,0,-1
11160,31,3.365409668062045e-05,0,-1
7892,31,3.365409668062045e-05,0,-1
13902,31,3.365409668062045e-05,0,-1
413,31,3.365409668062045e-05,0,-1
11163,31,3.365409668062045e-05,0,-1
6589,31,3.365409668062045e-05,0,-1
3622,31,3.365409668062045e-05,0,-1
15341,31,3.365409668062045e-05,0,-1
6606,31,3.365409668062045e-05,0,-1
6597,31,3.365409668062045e-05,0,-1
10216,31,3.365409668062045e-05,0,-1
15071,31,3.365409668062045e-05,0,-1
3355,31,3.365409668062045e-05,0,-1
15093,31,3.365409668062045e-05,0,-1
8311,31,3.365409668062045e-05,0,-1
12901,31,3.365409668062045e-05,0,-1
9767,31,3.365409668062045e-05,0,-1
7672,31,3.365409668062045e-05,0,-1
3033,31,3.365409668062045e-05,0,-1
7622,31,3.365409668062045e-05,0,-1
8270,31,3.365409668062045e-05,0,-1
9007,31,3.365409668062045e-05,0,-1
8996,31,3.365409668062045e-05,0,-1
12842,31,3.365409668062045e-05,0,-1
6310,31,3.365409668062045e-05,0,-1
13718,31,3.365409668062045e-05,0,-1
10921,31,3.365409668062045e-05,0,-1
10299,31,3.365409668062045e-05,0,-1
8635,31,3.365409668062045e-05,0,-1
12617,31,3.365409668062045e-05,0,-1
12163,31,3.365409668062045e-05,0,-1
16172,31,3.365409668062045e-05,0,-1
5,31,3.365409668062045e-05,0,-1
14157,31,3.365409668062045e-05,0,-1
4441,31,3.365409668062045e-05,0,-1
4442,31,3.365409668062045e-05,0,-1
4449,31,3.365409668062045e-05,0,-1
4422,31,3.365409668062045e-05,0,-1
12535,31,3.365409668062045e-05,0,-1
11057,31,3.365409668062045e-05,0,-1
7039,31,3.365409668062045e-05,0,-1
15520,31,3.365409668062045e-05,0,-1
12164,31,3.365409668062045e-05,0,-1
8022,31,3.365409668062045e-05,0,-1
1459,31,3.365409668062045e-05,0,-1
9414,31,3.365409668062045e-05,0,-1
14954,31,3.365409668062045e-05,0,-1
4720,31,3.365409668062045e-05,0,-1
500,31,3.365409668062045e-05,0,-1
12695,31,3.365409668062045e-05,0,-1
13444,31,3.365409668062045e-05,0,-1
13432,31,3.365409668062045e-05,0,-1
13436,31,3.365409668062045e-05,0,-1
7994,31,3.365409668062045e-05,0,-1
7995,31,3.365409668062045e-05,0,-1
8739,31,3.365409668062045e-05,0,-1
13456,31,3.365409668062045e-05,0,-1
10097,31,3.365409668062045e-05,0,-1
11761,31,3.365409668062045e-05,0,-1
15714,31,3.365409668062045e-05,0,-1
7084,31,3.365409668062045e-05,0,-1
14550,31,3.365409668062045e-05,0,-1
13620,31,3.365409668062045e-05,0,-1
10560,31,3.365409668062045e-05,0,-1
15622,31,3.365409668062045e-05,0,-1
10992,31,3.365409668062045e-05,0,-1
10968,31,3.365409668062045e-05,0,-1
11739,30,3.256848065866495e-05,0,-1
10520,30,3.256848065866495e-05,0,-1
10995,30,3.256848065866495e-05,0,-1
11813,30,3.256848065866495e-05,0,-1
11752,30,3.256848065866495e-05,0,-1
11756,30,3.256848065866495e-05,0,-1
7081,30,3.256848065866495e-05,0,-1
8021,30,3.256848065866495e-05,0,-1
15559,30,3.256848065866495e-05,0,-1
11255,30,3.256848065866495e-05,0,-1
8003,30,3.256848065866495e-05,0,-1
15712,30,3.256848065866495e-05,0,-1
8737,30,3.256848065866495e-05,0,-1
14206,30,3.256848065866495e-05,0,-1
6011,30,3.256848065866495e-05,0,-1
15004,30,3.256848065866495e-05,0,-1
14967,30,3.256848065866495e-05,0,-1
6023,30,3.256848065866495e-05,0,-1
13135,30,3.256848065866495e-05,0,-1
1952,30,3.256848065866495e-05,0,-1
1941,30,3.256848065866495e-05,0,-1
15021,30,3.256848065866495e-05,0,-1
9404,30,3.256848065866495e-05,0,-1
9397,30,3.256848065866495e-05,0,-1
13028,30,3.256848065866495e-05,0,-1
13023,30,3.256848065866495e-05,0,-1
14135,30,3.256848065866495e-05,0,-1
8503,30,3.256848065866495e-05,0,-1
10382,30,3.256848065866495e-05,0,-1
12991,30,3.256848065866495e-05,0,-1
15025,30,3.256848065866495e-05,0,-1
91,30,3.256848065866495e-05,0,-1
11622,30,3.256848065866495e-05,0,-1
9445,30,3.256848065866495e-05,0,-1
3531,30,3.256848065866495e-05,0,-1
9994,30,3.256848065866495e-05,0,-1
9953,30,3.256848065866495e-05,0,-1
15247,30,3.256848065866495e-05,0,-1
8836,30,3.256848065866495e-05,0,-1
7551,30,3.256848065866495e-05,0,-1
14141,30,3.256848065866495e-05,0,-1
14142,30,3.256848065866495e-05,0,-1
4135,30,3.256848065866495e-05,0,-1
15254,30,3.256848065866495e-05,0,-1
10940,30,3.256848065866495e-05,0,-1
10553,30,3.256848065866495e-05,0,-1
14703,30,3.256848065866495e-05,0,-1
6430,30,3.256848065866495e-05,0,-1
13404,30,3.256848065866495e-05,0,-1
13397,30,3.256848065866495e-05,0,-1
4990,30,3.256848065866495e-05,0,-1
6236,30,3.256848065866495e-05,0,-1
12893,30,3.256848065866495e-05,0,-1
9107,30,3.256848065866495e-05,0,-1
9087,30,3.256848065866495e-05,0,-1
4621,30,3.256848065866495e-05,0,-1
11466,30,3.256848065866495e-05,0,-1
11467,30,3.256848065866495e-05,0,-1
11369,30,3.256848065866495e-05,0,-1
2225,30,3.256848065866495e-05,0,-1
8436,30,3.256848065866495e-05,0,-1
14068,30,3.256848065866495e-05,0,-1
12616,30,3.256848065866495e-05,0,-1
4962,30,3.256848065866495e-05,0,-1
4018,30,3.256848065866495e-05,0,-1
13738,30,3.256848065866495e-05,0,-1
15739,30,3.256848065866495e-05,0,-1
7197,30,3.256848065866495e-05,0,-1
14676,30,3.256848065866495e-05,0,-1
11426,30,3.256848065866495e-05,0,-1
11944,30,3.256848065866495e-05,0,-1
13314,30,3.256848065866495e-05,0,-1
11931,30,3.256848065866495e-05,0,-1
11366,30,3.256848065866495e-05,0,-1
8686,30,3.256848065866495e-05,0,-1
8682,30,3.256848065866495e-05,0,-1
12585,30,3.256848065866495e-05,0,-1
5422,30,3.256848065866495e-05,0,-1
8615,30,3.256848065866495e-05,0,-1
6584,30,3.256848065866495e-05,0,-1
15334,30,3.256848065866495e-05,0,-1
14628,30,3.256848065866495e-05,0,-1
7099,30,3.256848065866495e-05,0,-1
15742,30,3.256848065866495e-05,0,-1
14343,30,3.256848065866495e-05,0,-1
10270,30,3.256848065866495e-05,0,-1
5826,30,3.256848065866495e-05,0,-1
10290,30,3.256848065866495e-05,0,-1
15438,30,3.256848065866495e-05,0,-1
11103,30,3.256848065866495e-05,0,-1
7693,30,3.256848065866495e-05,0,-1
13932,30,3.256848065866495e-05,0,-1
12081,30,3.256848065866495e-05,0,-1
5285,30,3.256848065866495e-05,0,-1
7373,30,3.256848065866495e-05,0,-1
13216,30,3.256848065866495e-05,0,-1
11488,30,3.256848065866495e-05,0,-1
1014,30,3.256848065866495e-05,0,-1
4818,30,3.256848065866495e-05,0,-1
11200,30,3.256848065866495e-05,0,-1
738,30,3.256848065866495e-05,0,-1
6560,30,3.256848065866495e-05,0,-1
6545,30,3.256848065866495e-05,0,-1
7881,30,3.256848065866495e-05,0,-1
11181,30,3.256848065866495e-05,0,-1
10200,30,3.256848065866495e-05,0,-1
13230,30,3.256848065866495e-05,0,-1
15112,30,3.256848065866495e-05,0,-1
14869,30,3.256848065866495e-05,0,-1
15087,30,3.256848065866495e-05,0,-1
14560,30,3.256848065866495e-05,0,-1
7726,30,3.256848065866495e-05,0,-1
3413,30,3.256848065866495e-05,0,-1
14799,30,3.256848065866495e-05,0,-1
12914,30,3.256848065866495e-05,0,-1
12916,30,3.256848065866495e-05,0,-1
9651,30,3.256848065866495e-05,0,-1
9628,30,3.256848065866495e-05,0,-1
7620,30,3.256848065866495e-05,0,-1
14241,30,3.256848065866495e-05,0,-1
14234,30,3.256848065866495e-05,0,-1
12493,30,3.256848065866495e-05,0,-1
14513,30,3.256848065866495e-05,0,-1
3868,30,3.256848065866495e-05,0,-1
3841,30,3.256848065866495e-05,0,-1
3414,30,3.256848065866495e-05,0,-1
7699,30,3.256848065866495e-05,0,-1
15078,30,3.256848065866495e-05,0,-1
7586,30,3.256848065866495e-05,0,-1
11886,30,3.256848065866495e-05,0,-1
11977,30,3.256848065866495e-05,0,-1
7729,30,3.256848065866495e-05,0,-1
9874,30,3.256848065866495e-05,0,-1
9839,30,3.256848065866495e-05,0,-1
8333,30,3.256848065866495e-05,0,-1
8314,30,3.256848065866495e-05,0,-1
1975,30,3.256848065866495e-05,0,-1
1959,30,3.256848065866495e-05,0,-1
4570,30,3.256848065866495e-05,0,-1
4573,30,3.256848065866495e-05,0,-1
7591,30,3.256848065866495e-05,0,-1
6626,30,3.256848065866495e-05,0,-1
10285,30,3.256848065866495e-05,0,-1
11966,30,3.256848065866495e-05,0,-1
5791,30,3.256848065866495e-05,0,-1
3432,30,3.256848065866495e-05,0,-1
13167,30,3.256848065866495e-05,0,-1
1505,30,3.256848065866495e-05,0,-1
9617,30,3.256848065866495e-05,0,-1
3290,30,3.256848065866495e-05,0,-1
14880,30,3.256848065866495e-05,0,-1
13152,30,3.256848065866495e-05,0,-1
11904,30,3.256848065866495e-05,0,-1
9134,30,3.256848065866495e-05,0,-1
14752,30,3.256848065866495e-05,0,-1
12771,30,3.256848065866495e-05,0,-1
9872,30,3.256848065866495e-05,0,-1
3003,30,3.256848065866495e-05,0,-1
3407,30,3.256848065866495e-05,0,-1
5777,30,3.256848065866495e-05,0,-1
6190,30,3.256848065866495e-05,0,-1
9587,30,3.256848065866495e-05,0,-1
12631,30,3.256848065866495e-05,0,-1
12768,30,3.256848065866495e-05,0,-1
8904,30,3.256848065866495e-05,0,-1
14263,30,3.256848065866495e-05,0,-1
7310,30,3.256848065866495e-05,0,-1
14027,30,3.256848065866495e-05,0,-1
3858,30,3.256848065866495e-05,0,-1
6834,30,3.256848065866495e-05,0,-1
8496,30,3.256848065866495e-05,0,-1
5862,30,3.256848065866495e-05,0,-1
10444,30,3.256848065866495e-05,0,-1
6699,30,3.256848065866495e-05,0,-1
10422,30,3.256848065866495e-05,0,-1
10671,30,3.256848065866495e-05,0,-1
2200,30,3.256848065866495e-05,0,-1
6519,30,3.256848065866495e-05,0,-1
339,30,3.256848065866495e-05,0,-1
346,30,3.256848065866495e-05,0,-1
45,30,3.256848065866495e-05,0,-1
47,30,3.256848065866495e-05,0,-1
15607,30,3.256848065866495e-05,0,-1
4843,30,3.256848065866495e-05,0,-1
12979,30,3.256848065866495e-05,0,-1
12964,30,3.256848065866495e-05,0,-1
3428,30,3.256848065866495e-05,0,-1
5669,30,3.256848065866495e-05,0,-1
11028,30,3.256848065866495e-05,0,-1
15370,30,3.256848065866495e-05,0,-1
14664,30,3.256848065866495e-05,0,-1
14666,30,3.256848065866495e-05,0,-1
11014,30,3.256848065866495e-05,0,-1
14453,30,3.256848065866495e-05,0,-1
15695,30,3.256848065866495e-05,0,-1
1880,30,3.256848065866495e-05,0,-1
2536,30,3.256848065866495e-05,0,-1
7032,30,3.256848065866495e-05,0,-1
9917,30,3.256848065866495e-05,0,-1
12190,30,3.256848065866495e-05,0,-1
10975,30,3.256848065866495e-05,0,-1
15220,30,3.256848065866495e-05,0,-1
9122,30,3.256848065866495e-05,0,-1
14856,30,3.256848065866495e-05,0,-1
6209,30,3.256848065866495e-05,0,-1
14468,30,3.256848065866495e-05,0,-1
5140,30,3.256848065866495e-05,0,-1
14488,30,3.256848065866495e-05,0,-1
14482,30,3.256848065866495e-05,0,-1
8898,30,3.256848065866495e-05,0,-1
8366,30,3.256848065866495e-05,0,-1
2501,30,3.256848065866495e-05,0,-1
11327,30,3.256848065866495e-05,0,-1
12552,30,3.256848065866495e-05,0,-1
14203,30,3.256848065866495e-05,0,-1
7435,30,3.256848065866495e-05,0,-1
13143,30,3.256848065866495e-05,0,-1
14875,30,3.256848065866495e-05,0,-1
12757,30,3.256848065866495e-05,0,-1
12756,30,3.256848065866495e-05,0,-1
15828,30,3.256848065866495e-05,0,-1
11319,30,3.256848065866495e-05,0,-1
4179,30,3.256848065866495e-05,0,-1
7800,30,3.256848065866495e-05,0,-1
6852,30,3.256848065866495e-05,0,-1
8359,30,3.256848065866495e-05,0,-1
8550,30,3.256848065866495e-05,0,-1
12134,30,3.256848065866495e-05,0,-1
2184,30,3.256848065866495e-05,0,-1
7253,30,3.256848065866495e-05,0,-1
10545,30,3.256848065866495e-05,0,-1
5251,30,3.256848065866495e-05,0,-1
4696,30,3.256848065866495e-05,0,-1
1157,30,3.256848065866495e-05,0,-1
12966,30,3.256848065866495e-05,0,-1
6667,30,3.256848065866495e-05,0,-1
14382,30,3.256848065866495e-05,0,-1
2472,30,3.256848065866495e-05,0,-1
12098,30,3.256848065866495e-05,0,-1
15048,30,3.256848065866495e-05,0,-1
7574,30,3.256848065866495e-05,0,-1
7986,30,3.256848065866495e-05,0,-1
8727,30,3.256848065866495e-05,0,-1
12075,30,3.256848065866495e-05,0,-1
13949,30,3.256848065866495e-05,0,-1
15307,30,3.256848065866495e-05,0,-1
5957,30,3.256848065866495e-05,0,-1
547,30,3.256848065866495e-05,0,-1
654,30,3.256848065866495e-05,0,-1
15960,30,3.256848065866495e-05,0,-1
12426,30,3.256848065866495e-05,0,-1
11360,30,3.256848065866495e-05,0,-1
8722,30,3.256848065866495e-05,0,-1
5219,30,3.256848065866495e-05,0,-1
13625,30,3.256848065866495e-05,0,-1
8417,30,3.256848065866495e-05,0,-1
11221,30,3.256848065866495e-05,0,-1
10096,30,3.256848065866495e-05,0,-1
4310,30,3.256848065866495e-05,0,-1
4539,30,3.256848065866495e-05,0,-1
4289,30,3.256848065866495e-05,0,-1
9466,30,3.256848065866495e-05,0,-1
8110,30,3.256848065866495e-05,0,-1
11328,30,3.256848065866495e-05,0,-1
8369,30,3.256848065866495e-05,0,-1
13656,30,3.256848065866495e-05,0,-1
3136,30,3.256848065866495e-05,0,-1
11568,30,3.256848065866495e-05,0,-1
9193,30,3.256848065866495e-05,0,-1
1501,30,3.256848065866495e-05,0,-1
1476,30,3.256848065866495e-05,0,-1
11859,30,3.256848065866495e-05,0,-1
15665,30,3.256848065866495e-05,0,-1
15644,30,3.256848065866495e-05,0,-1
15301,30,3.256848065866495e-05,0,-1
10588,30,3.256848065866495e-05,0,-1
12437,30,3.256848065866495e-05,0,-1
10154,30,3.256848065866495e-05,0,-1
10157,30,3.256848065866495e-05,0,-1
5591,30,3.256848065866495e-05,0,-1
1676,30,3.256848065866495e-05,0,-1
15278,30,3.256848065866495e-05,0,-1
11291,30,3.256848065866495e-05,0,-1
5552,30,3.256848065866495e-05,0,-1
15792,30,3.256848065866495e-05,0,-1
15782,30,3.256848065866495e-05,0,-1
7805,30,3.256848065866495e-05,0,-1
11246,30,3.256848065866495e-05,0,-1
12727,30,3.256848065866495e-05,0,-1
2441,30,3.256848065866495e-05,0,-1
5301,30,3.256848065866495e-05,0,-1
12531,30,3.256848065866495e-05,0,-1
5343,30,3.256848065866495e-05,0,-1
1799,30,3.256848065866495e-05,0,-1
12528,30,3.256848065866495e-05,0,-1
2462,30,3.256848065866495e-05,0,-1
7250,30,3.256848065866495e-05,0,-1
11289,30,3.256848065866495e-05,0,-1
9479,30,3.256848065866495e-05,0,-1
8504,30,3.256848065866495e-05,0,-1
2488,30,3.256848065866495e-05,0,-1
12530,30,3.256848065866495e-05,0,-1
1365,30,3.256848065866495e-05,0,-1
8521,30,3.256848065866495e-05,0,-1
10409,30,3.256848065866495e-05,0,-1
5315,30,3.256848065866495e-05,0,-1
16029,30,3.256848065866495e-05,0,-1
16025,30,3.256848065866495e-05,0,-1
16131,30,3.256848065866495e-05,0,-1
5012,30,3.256848065866495e-05,0,-1
11802,30,3.256848065866495e-05,0,-1
11668,30,3.256848065866495e-05,0,-1
599,30,3.256848065866495e-05,0,-1
6024,30,3.256848065866495e-05,0,-1
6984,30,3.256848065866495e-05,0,-1
13823,30,3.256848065866495e-05,0,-1
16080,30,3.256848065866495e-05,0,-1
14146,30,3.256848065866495e-05,0,-1
9387,30,3.256848065866495e-05,0,-1
1428,30,3.256848065866495e-05,0,-1
14452,30,3.256848065866495e-05,0,-1
3159,30,3.256848065866495e-05,0,-1
15033,30,3.256848065866495e-05,0,-1
1418,30,3.256848065866495e-05,0,-1
14975,30,3.256848065866495e-05,0,-1
9301,30,3.256848065866495e-05,0,-1
9357,30,3.256848065866495e-05,0,-1
6098,30,3.256848065866495e-05,0,-1
15235,30,3.256848065866495e-05,0,-1
11712,30,3.256848065866495e-05,0,-1
9241,30,3.256848065866495e-05,0,-1
1440,30,3.256848065866495e-05,0,-1
9410,30,3.256848065866495e-05,0,-1
3113,30,3.256848065866495e-05,0,-1
11618,30,3.256848065866495e-05,0,-1
11607,30,3.256848065866495e-05,0,-1
4337,30,3.256848065866495e-05,0,-1
4498,30,3.256848065866495e-05,0,-1
9739,30,3.256848065866495e-05,0,-1
3027,30,3.256848065866495e-05,0,-1
11514,30,3.256848065866495e-05,0,-1
15102,30,3.256848065866495e-05,0,-1
1898,30,3.256848065866495e-05,0,-1
9053,30,3.256848065866495e-05,0,-1
9037,30,3.256848065866495e-05,0,-1
10247,30,3.256848065866495e-05,0,-1
12374,30,3.256848065866495e-05,0,-1
10697,30,3.256848065866495e-05,0,-1
8286,30,3.256848065866495e-05,0,-1
8287,30,3.256848065866495e-05,0,-1
13270,30,3.256848065866495e-05,0,-1
1985,30,3.256848065866495e-05,0,-1
9777,30,3.256848065866495e-05,0,-1
3341,30,3.256848065866495e-05,0,-1
16123,30,3.256848065866495e-05,0,-1
15661,30,3.256848065866495e-05,0,-1
15397,30,3.256848065866495e-05,0,-1
8639,30,3.256848065866495e-05,0,-1
5431,30,3.256848065866495e-05,0,-1
10258,30,3.256848065866495e-05,0,-1
13599,30,3.256848065866495e-05,0,-1
6880,30,3.256848065866495e-05,0,-1
10472,30,3.256848065866495e-05,0,-1
3795,30,3.256848065866495e-05,0,-1
12150,30,3.256848065866495e-05,0,-1
78,30,3.256848065866495e-05,0,-1
9426,30,3.256848065866495e-05,0,-1
4828,30,3.256848065866495e-05,0,-1
14380,30,3.256848065866495e-05,0,-1
16059,30,3.256848065866495e-05,0,-1
19,29,3.1482864636709453e-05,0,-1
10829,29,3.1482864636709453e-05,0,-1
15620,29,3.1482864636709453e-05,0,-1
15615,29,3.1482864636709453e-05,0,-1
418,29,3.1482864636709453e-05,0,-1
12290,29,3.1482864636709453e-05,0,-1
8177,29,3.1482864636709453e-05,0,-1
8180,29,3.1482864636709453e-05,0,-1
6978,29,3.1482864636709453e-05,0,-1
9484,29,3.1482864636709453e-05,0,-1
9230,29,3.1482864636709453e-05,0,-1
9408,29,3.1482864636709453e-05,0,-1
10859,29,3.1482864636709453e-05,0,-1
10864,29,3.1482864636709453e-05,0,-1
1950,29,3.1482864636709453e-05,0,-1
6891,29,3.1482864636709453e-05,0,-1
9400,29,3.1482864636709453e-05,0,-1
6658,29,3.1482864636709453e-05,0,-1
10363,29,3.1482864636709453e-05,0,-1
15503,29,3.1482864636709453e-05,0,-1
12995,29,3.1482864636709453e-05,0,-1
14933,29,3.1482864636709453e-05,0,-1
14935,29,3.1482864636709453e-05,0,-1
6151,29,3.1482864636709453e-05,0,-1
12984,29,3.1482864636709453e-05,0,-1
15647,29,3.1482864636709453e-05,0,-1
3252,29,3.1482864636709453e-05,0,-1
3246,29,3.1482864636709453e-05,0,-1
15039,29,3.1482864636709453e-05,0,-1
1373,29,3.1482864636709453e-05,0,-1
661,29,3.1482864636709453e-05,0,-1
15725,29,3.1482864636709453e-05,0,-1
7142,29,3.1482864636709453e-05,0,-1
14240,29,3.1482864636709453e-05,0,-1
9185,29,3.1482864636709453e-05,0,-1
641,29,3.1482864636709453e-05,0,-1
12265,29,3.1482864636709453e-05,0,-1
6976,29,3.1482864636709453e-05,0,-1
15648,29,3.1482864636709453e-05,0,-1
13834,29,3.1482864636709453e-05,0,-1
13840,29,3.1482864636709453e-05,0,-1
15294,29,3.1482864636709453e-05,0,-1
10153,29,3.1482864636709453e-05,0,-1
12670,29,3.1482864636709453e-05,0,-1
2634,29,3.1482864636709453e-05,0,-1
2012,29,3.1482864636709453e-05,0,-1
13635,29,3.1482864636709453e-05,0,-1
13621,29,3.1482864636709453e-05,0,-1
13626,29,3.1482864636709453e-05,0,-1
11248,29,3.1482864636709453e-05,0,-1
12039,29,3.1482864636709453e-05,0,-1
11251,29,3.1482864636709453e-05,0,-1
12685,29,3.1482864636709453e-05,0,-1
6421,29,3.1482864636709453e-05,0,-1
10130,29,3.1482864636709453e-05,0,-1
10102,29,3.1482864636709453e-05,0,-1
3569,29,3.1482864636709453e-05,0,-1
8830,29,3.1482864636709453e-05,0,-1
8858,29,3.1482864636709453e-05,0,-1
14743,29,3.1482864636709453e-05,0,-1
9952,29,3.1482864636709453e-05,0,-1
8808,29,3.1482864636709453e-05,0,-1
13967,29,3.1482864636709453e-05,0,-1
11244,29,3.1482864636709453e-05,0,-1
15786,29,3.1482864636709453e-05,0,-1
5590,29,3.1482864636709453e-05,0,-1
14711,29,3.1482864636709453e-05,0,-1
5607,29,3.1482864636709453e-05,0,-1
775,29,3.1482864636709453e-05,0,-1
6446,29,3.1482864636709453e-05,0,-1
6419,29,3.1482864636709453e-05,0,-1
13367,29,3.1482864636709453e-05,0,-1
1654,29,3.1482864636709453e-05,0,-1
1634,29,3.1482864636709453e-05,0,-1
1637,29,3.1482864636709453e-05,0,-1
7791,29,3.1482864636709453e-05,0,-1
14005,29,3.1482864636709453e-05,0,-1
9883,29,3.1482864636709453e-05,0,-1
4938,29,3.1482864636709453e-05,0,-1
15697,29,3.1482864636709453e-05,0,-1
2004,29,3.1482864636709453e-05,0,-1
12740,29,3.1482864636709453e-05,0,-1
15870,29,3.1482864636709453e-05,0,-1
15874,29,3.1482864636709453e-05,0,-1
2227,29,3.1482864636709453e-05,0,-1
11347,29,3.1482864636709453e-05,0,-1
13997,29,3.1482864636709453e-05,0,-1
13358,29,3.1482864636709453e-05,0,-1
14779,29,3.1482864636709453e-05,0,-1
5631,29,3.1482864636709453e-05,0,-1
11212,29,3.1482864636709453e-05,0,-1
8703,29,3.1482864636709453e-05,0,-1
761,29,3.1482864636709453e-05,0,-1
7849,29,3.1482864636709453e-05,0,-1
15791,29,3.1482864636709453e-05,0,-1
10531,29,3.1482864636709453e-05,0,-1
15578,29,3.1482864636709453e-05,0,-1
1853,29,3.1482864636709453e-05,0,-1
8394,29,3.1482864636709453e-05,0,-1
10581,29,3.1482864636709453e-05,0,-1
10567,29,3.1482864636709453e-05,0,-1
906,29,3.1482864636709453e-05,0,-1
3822,29,3.1482864636709453e-05,0,-1
9995,29,3.1482864636709453e-05,0,-1
5649,29,3.1482864636709453e-05,0,-1
15150,29,3.1482864636709453e-05,0,-1
8924,29,3.1482864636709453e-05,0,-1
6824,29,3.1482864636709453e-05,0,-1
6807,29,3.1482864636709453e-05,0,-1
13681,29,3.1482864636709453e-05,0,-1
2994,29,3.1482864636709453e-05,0,-1
2977,29,3.1482864636709453e-05,0,-1
5782,29,3.1482864636709453e-05,0,-1
7304,29,3.1482864636709453e-05,0,-1
14020,29,3.1482864636709453e-05,0,-1
12787,29,3.1482864636709453e-05,0,-1
2446,29,3.1482864636709453e-05,0,-1
8917,29,3.1482864636709453e-05,0,-1
8891,29,3.1482864636709453e-05,0,-1
14763,29,3.1482864636709453e-05,0,-1
14765,29,3.1482864636709453e-05,0,-1
792,29,3.1482864636709453e-05,0,-1
5490,29,3.1482864636709453e-05,0,-1
14663,29,3.1482864636709453e-05,0,-1
12633,29,3.1482864636709453e-05,0,-1
12634,29,3.1482864636709453e-05,0,-1
6532,29,3.1482864636709453e-05,0,-1
10161,29,3.1482864636709453e-05,0,-1
15309,29,3.1482864636709453e-05,0,-1
8883,29,3.1482864636709453e-05,0,-1
11330,29,3.1482864636709453e-05,0,-1
14406,29,3.1482864636709453e-05,0,-1
2666,29,3.1482864636709453e-05,0,-1
2661,29,3.1482864636709453e-05,0,-1
4042,29,3.1482864636709453e-05,0,-1
11010,29,3.1482864636709453e-05,0,-1
127,29,3.1482864636709453e-05,0,-1
7878,29,3.1482864636709453e-05,0,-1
13933,29,3.1482864636709453e-05,0,-1
15141,29,3.1482864636709453e-05,0,-1
536,29,3.1482864636709453e-05,0,-1
14806,29,3.1482864636709453e-05,0,-1
15894,29,3.1482864636709453e-05,0,-1
11438,29,3.1482864636709453e-05,0,-1
728,29,3.1482864636709453e-05,0,-1
9831,29,3.1482864636709453e-05,0,-1
10149,29,3.1482864636709453e-05,0,-1
1077,29,3.1482864636709453e-05,0,-1
6546,29,3.1482864636709453e-05,0,-1
10205,29,3.1482864636709453e-05,0,-1
11151,29,3.1482864636709453e-05,0,-1
11174,29,3.1482864636709453e-05,0,-1
7875,29,3.1482864636709453e-05,0,-1
8093,29,3.1482864636709453e-05,0,-1
3866,29,3.1482864636709453e-05,0,-1
14485,29,3.1482864636709453e-05,0,-1
5159,29,3.1482864636709453e-05,0,-1
12422,29,3.1482864636709453e-05,0,-1
5206,29,3.1482864636709453e-05,0,-1
7285,29,3.1482864636709453e-05,0,-1
5723,29,3.1482864636709453e-05,0,-1
5765,29,3.1482864636709453e-05,0,-1
6276,29,3.1482864636709453e-05,0,-1
15156,29,3.1482864636709453e-05,0,-1
5698,29,3.1482864636709453e-05,0,-1
11389,29,3.1482864636709453e-05,0,-1
11978,29,3.1482864636709453e-05,0,-1
14275,29,3.1482864636709453e-05,0,-1
14049,29,3.1482864636709453e-05,0,-1
7004,29,3.1482864636709453e-05,0,-1
14410,29,3.1482864636709453e-05,0,-1
6323,29,3.1482864636709453e-05,0,-1
9757,29,3.1482864636709453e-05,0,-1
15133,29,3.1482864636709453e-05,0,-1
13281,29,3.1482864636709453e-05,0,-1
13274,29,3.1482864636709453e-05,0,-1
11456,29,3.1482864636709453e-05,0,-1
15588,29,3.1482864636709453e-05,0,-1
12239,29,3.1482864636709453e-05,0,-1
10913,29,3.1482864636709453e-05,0,-1
13721,29,3.1482864636709453e-05,0,-1
1961,29,3.1482864636709453e-05,0,-1
1962,29,3.1482864636709453e-05,0,-1
8090,29,3.1482864636709453e-05,0,-1
7017,29,3.1482864636709453e-05,0,-1
5274,29,3.1482864636709453e-05,0,-1
8414,29,3.1482864636709453e-05,0,-1
13615,29,3.1482864636709453e-05,0,-1
12463,29,3.1482864636709453e-05,0,-1
12464,29,3.1482864636709453e-05,0,-1
10467,29,3.1482864636709453e-05,0,-1
15380,29,3.1482864636709453e-05,0,-1
12597,29,3.1482864636709453e-05,0,-1
11378,29,3.1482864636709453e-05,0,-1
9770,29,3.1482864636709453e-05,0,-1
14054,29,3.1482864636709453e-05,0,-1
10498,29,3.1482864636709453e-05,0,-1
13872,29,3.1482864636709453e-05,0,-1
15560,29,3.1482864636709453e-05,0,-1
15535,29,3.1482864636709453e-05,0,-1
943,29,3.1482864636709453e-05,0,-1
6884,29,3.1482864636709453e-05,0,-1
4991,29,3.1482864636709453e-05,0,-1
15640,29,3.1482864636709453e-05,0,-1
15685,29,3.1482864636709453e-05,0,-1
4022,29,3.1482864636709453e-05,0,-1
6267,29,3.1482864636709453e-05,0,-1
6229,29,3.1482864636709453e-05,0,-1
6235,29,3.1482864636709453e-05,0,-1
3591,29,3.1482864636709453e-05,0,-1
11167,29,3.1482864636709453e-05,0,-1
13510,29,3.1482864636709453e-05,0,-1
8629,29,3.1482864636709453e-05,0,-1
7934,29,3.1482864636709453e-05,0,-1
15754,29,3.1482864636709453e-05,0,-1
12103,29,3.1482864636709453e-05,0,-1
14465,29,3.1482864636709453e-05,0,-1
9040,29,3.1482864636709453e-05,0,-1
9042,29,3.1482864636709453e-05,0,-1
13262,29,3.1482864636709453e-05,0,-1
13266,29,3.1482864636709453e-05,0,-1
3331,29,3.1482864636709453e-05,0,-1
1895,29,3.1482864636709453e-05,0,-1
8298,29,3.1482864636709453e-05,0,-1
10234,29,3.1482864636709453e-05,0,-1
4618,29,3.1482864636709453e-05,0,-1
7348,29,3.1482864636709453e-05,0,-1
11511,29,3.1482864636709453e-05,0,-1
7668,29,3.1482864636709453e-05,0,-1
7669,29,3.1482864636709453e-05,0,-1
6288,29,3.1482864636709453e-05,0,-1
3024,29,3.1482864636709453e-05,0,-1
3011,29,3.1482864636709453e-05,0,-1
3691,29,3.1482864636709453e-05,0,-1
15420,29,3.1482864636709453e-05,0,-1
6613,29,3.1482864636709453e-05,0,-1
11869,29,3.1482864636709453e-05,0,-1
15946,29,3.1482864636709453e-05,0,-1
2262,29,3.1482864636709453e-05,0,-1
2342,29,3.1482864636709453e-05,0,-1
5874,29,3.1482864636709453e-05,0,-1
11123,29,3.1482864636709453e-05,0,-1
12105,29,3.1482864636709453e-05,0,-1
10317,29,3.1482864636709453e-05,0,-1
1013,29,3.1482864636709453e-05,0,-1
998,29,3.1482864636709453e-05,0,-1
10288,29,3.1482864636709453e-05,0,-1
6621,29,3.1482864636709453e-05,0,-1
13549,29,3.1482864636709453e-05,0,-1
11496,29,3.1482864636709453e-05,0,-1
14859,29,3.1482864636709453e-05,0,-1
2380,29,3.1482864636709453e-05,0,-1
11929,29,3.1482864636709453e-05,0,-1
11503,29,3.1482864636709453e-05,0,-1
1933,29,3.1482864636709453e-05,0,-1
10265,29,3.1482864636709453e-05,0,-1
10268,29,3.1482864636709453e-05,0,-1
13252,29,3.1482864636709453e-05,0,-1
12895,29,3.1482864636709453e-05,0,-1
9683,29,3.1482864636709453e-05,0,-1
15052,29,3.1482864636709453e-05,0,-1
15109,29,3.1482864636709453e-05,0,-1
15114,29,3.1482864636709453e-05,0,-1
5829,29,3.1482864636709453e-05,0,-1
13214,29,3.1482864636709453e-05,0,-1
9158,29,3.1482864636709453e-05,0,-1
1333,29,3.1482864636709453e-05,0,-1
1524,29,3.1482864636709453e-05,0,-1
6223,29,3.1482864636709453e-05,0,-1
11524,29,3.1482864636709453e-05,0,-1
13200,29,3.1482864636709453e-05,0,-1
11571,29,3.1482864636709453e-05,0,-1
11873,29,3.1482864636709453e-05,0,-1
10321,29,3.1482864636709453e-05,0,-1
5395,29,3.1482864636709453e-05,0,-1
3743,29,3.1482864636709453e-05,0,-1
8603,29,3.1482864636709453e-05,0,-1
13529,29,3.1482864636709453e-05,0,-1
13886,29,3.1482864636709453e-05,0,-1
13174,29,3.1482864636709453e-05,0,-1
9170,29,3.1482864636709453e-05,0,-1
8485,29,3.1482864636709453e-05,0,-1
1810,29,3.1482864636709453e-05,0,-1
10415,29,3.1482864636709453e-05,0,-1
3780,29,3.1482864636709453e-05,0,-1
15526,29,3.1482864636709453e-05,0,-1
10451,29,3.1482864636709453e-05,0,-1
10443,29,3.1482864636709453e-05,0,-1
10330,29,3.1482864636709453e-05,0,-1
14109,29,3.1482864636709453e-05,0,-1
14087,29,3.1482864636709453e-05,0,-1
7377,29,3.1482864636709453e-05,0,-1
5865,29,3.1482864636709453e-05,0,-1
13590,29,3.1482864636709453e-05,0,-1
13579,29,3.1482864636709453e-05,0,-1
10458,29,3.1482864636709453e-05,0,-1
8489,29,3.1482864636709453e-05,0,-1
4088,29,3.1482864636709453e-05,0,-1
2311,29,3.1482864636709453e-05,0,-1
7570,29,3.1482864636709453e-05,0,-1
15962,29,3.1482864636709453e-05,0,-1
4348,29,3.1482864636709453e-05,0,-1
4334,29,3.1482864636709453e-05,0,-1
12970,29,3.1482864636709453e-05,0,-1
13137,29,3.1482864636709453e-05,0,-1
12109,29,3.1482864636709453e-05,0,-1
12111,29,3.1482864636709453e-05,0,-1
12097,29,3.1482864636709453e-05,0,-1
4819,29,3.1482864636709453e-05,0,-1
5333,29,3.1482864636709453e-05,0,-1
5335,29,3.1482864636709453e-05,0,-1
14598,29,3.1482864636709453e-05,0,-1
7105,29,3.1482864636709453e-05,0,-1
12338,29,3.1482864636709453e-05,0,-1
10741,29,3.1482864636709453e-05,0,-1
14471,29,3.1482864636709453e-05,0,-1
12572,29,3.1482864636709453e-05,0,-1
3758,29,3.1482864636709453e-05,0,-1
10350,29,3.1482864636709453e-05,0,-1
10358,29,3.1482864636709453e-05,0,-1
13884,29,3.1482864636709453e-05,0,-1
13755,29,3.1482864636709453e-05,0,-1
14481,29,3.1482864636709453e-05,0,-1
441,29,3.1482864636709453e-05,0,-1
15618,29,3.1482864636709453e-05,0,-1
15603,29,3.1482864636709453e-05,0,-1
5114,29,3.1482864636709453e-05,0,-1
12335,29,3.1482864636709453e-05,0,-1
12363,29,3.1482864636709453e-05,0,-1
4451,29,3.1482864636709453e-05,0,-1
4454,29,3.1482864636709453e-05,0,-1
6065,29,3.1482864636709453e-05,0,-1
16047,29,3.1482864636709453e-05,0,-1
2283,29,3.1482864636709453e-05,0,-1
16195,29,3.1482864636709453e-05,0,-1
14161,29,3.1482864636709453e-05,0,-1
12291,29,3.1482864636709453e-05,0,-1
8031,29,3.1482864636709453e-05,0,-1
11060,29,3.1482864636709453e-05,0,-1
11046,29,3.1482864636709453e-05,0,-1
7046,29,3.1482864636709453e-05,0,-1
7090,29,3.1482864636709453e-05,0,-1
11059,29,3.1482864636709453e-05,0,-1
16065,29,3.1482864636709453e-05,0,-1
16058,29,3.1482864636709453e-05,0,-1
14950,29,3.1482864636709453e-05,0,-1
1445,29,3.1482864636709453e-05,0,-1
13091,29,3.1482864636709453e-05,0,-1
6008,29,3.1482864636709453e-05,0,-1
14988,29,3.1482864636709453e-05,0,-1
10469,29,3.1482864636709453e-05,0,-1
8024,29,3.1482864636709453e-05,0,-1
8025,29,3.1482864636709453e-05,0,-1
14991,29,3.1482864636709453e-05,0,-1
13060,29,3.1482864636709453e-05,0,-1
9389,29,3.1482864636709453e-05,0,-1
4502,29,3.1482864636709453e-05,0,-1
13111,29,3.1482864636709453e-05,0,-1
7531,29,3.1482864636709453e-05,0,-1
7521,29,3.1482864636709453e-05,0,-1
13036,29,3.1482864636709453e-05,0,-1
15770,29,3.1482864636709453e-05,0,-1
14287,29,3.1482864636709453e-05,0,-1
14289,29,3.1482864636709453e-05,0,-1
4732,29,3.1482864636709453e-05,0,-1
493,29,3.1482864636709453e-05,0,-1
10043,29,3.1482864636709453e-05,0,-1
15809,29,3.1482864636709453e-05,0,-1
13424,29,3.1482864636709453e-05,0,-1
14164,29,3.1482864636709453e-05,0,-1
11798,29,3.1482864636709453e-05,0,-1
617,29,3.1482864636709453e-05,0,-1
10948,29,3.1482864636709453e-05,0,-1
8034,29,3.1482864636709453e-05,0,-1
6715,29,3.1482864636709453e-05,0,-1
8001,29,3.1482864636709453e-05,0,-1
10080,29,3.1482864636709453e-05,0,-1
4470,29,3.1482864636709453e-05,0,-1
3138,29,3.1482864636709453e-05,0,-1
11823,29,3.1482864636709453e-05,0,-1
11812,29,3.1482864636709453e-05,0,-1
6079,29,3.1482864636709453e-05,0,-1
11666,29,3.1482864636709453e-05,0,-1
7480,29,3.1482864636709453e-05,0,-1
14177,29,3.1482864636709453e-05,0,-1
10793,29,3.1482864636709453e-05,0,-1
8187,29,3.1482864636709453e-05,0,-1
13778,29,3.1482864636709453e-05,0,-1
6114,29,3.1482864636709453e-05,0,-1
16048,29,3.1482864636709453e-05,0,-1
7472,29,3.1482864636709453e-05,0,-1
7445,29,3.1482864636709453e-05,0,-1
4476,29,3.1482864636709453e-05,0,-1
15,28,3.0397248614753957e-05,0,-1
7491,28,3.0397248614753957e-05,0,-1
11667,28,3.0397248614753957e-05,0,-1
14923,28,3.0397248614753957e-05,0,-1
15023,28,3.0397248614753957e-05,0,-1
15018,28,3.0397248614753957e-05,0,-1
7556,28,3.0397248614753957e-05,0,-1
14131,28,3.0397248614753957e-05,0,-1
96,28,3.0397248614753957e-05,0,-1
11602,28,3.0397248614753957e-05,0,-1
11605,28,3.0397248614753957e-05,0,-1
10875,28,3.0397248614753957e-05,0,-1
10852,28,3.0397248614753957e-05,0,-1
1924,28,3.0397248614753957e-05,0,-1
9442,28,3.0397248614753957e-05,0,-1
9224,28,3.0397248614753957e-05,0,-1
9492,28,3.0397248614753957e-05,0,-1
9483,28,3.0397248614753957e-05,0,-1
3219,28,3.0397248614753957e-05,0,-1
3251,28,3.0397248614753957e-05,0,-1
13827,28,3.0397248614753957e-05,0,-1
8143,28,3.0397248614753957e-05,0,-1
8111,28,3.0397248614753957e-05,0,-1
15649,28,3.0397248614753957e-05,0,-1
13836,28,3.0397248614753957e-05,0,-1
10855,28,3.0397248614753957e-05,0,-1
5009,28,3.0397248614753957e-05,0,-1
9186,28,3.0397248614753957e-05,0,-1
9187,28,3.0397248614753957e-05,0,-1
6182,28,3.0397248614753957e-05,0,-1
15043,28,3.0397248614753957e-05,0,-1
5928,28,3.0397248614753957e-05,0,-1
5906,28,3.0397248614753957e-05,0,-1
9465,28,3.0397248614753957e-05,0,-1
15055,28,3.0397248614753957e-05,0,-1
12494,28,3.0397248614753957e-05,0,-1
15407,28,3.0397248614753957e-05,0,-1
15443,28,3.0397248614753957e-05,0,-1
15436,28,3.0397248614753957e-05,0,-1
6636,28,3.0397248614753957e-05,0,-1
13498,28,3.0397248614753957e-05,0,-1
13916,28,3.0397248614753957e-05,0,-1
7933,28,3.0397248614753957e-05,0,-1
3802,28,3.0397248614753957e-05,0,-1
10427,28,3.0397248614753957e-05,0,-1
989,28,3.0397248614753957e-05,0,-1
10397,28,3.0397248614753957e-05,0,-1
13575,28,3.0397248614753957e-05,0,-1
13594,28,3.0397248614753957e-05,0,-1
13580,28,3.0397248614753957e-05,0,-1
12492,28,3.0397248614753957e-05,0,-1
14591,28,3.0397248614753957e-05,0,-1
6666,28,3.0397248614753957e-05,0,-1
13881,28,3.0397248614753957e-05,0,-1
7960,28,3.0397248614753957e-05,0,-1
4839,28,3.0397248614753957e-05,0,-1
13885,28,3.0397248614753957e-05,0,-1
12556,28,3.0397248614753957e-05,0,-1
5382,28,3.0397248614753957e-05,0,-1
4119,28,3.0397248614753957e-05,0,-1
11090,28,3.0397248614753957e-05,0,-1
11074,28,3.0397248614753957e-05,0,-1
15730,28,3.0397248614753957e-05,0,-1
14381,28,3.0397248614753957e-05,0,-1
7129,28,3.0397248614753957e-05,0,-1
7127,28,3.0397248614753957e-05,0,-1
1786,28,3.0397248614753957e-05,0,-1
7204,28,3.0397248614753957e-05,0,-1
11196,28,3.0397248614753957e-05,0,-1
11171,28,3.0397248614753957e-05,0,-1
4801,28,3.0397248614753957e-05,0,-1
14648,28,3.0397248614753957e-05,0,-1
15310,28,3.0397248614753957e-05,0,-1
1078,28,3.0397248614753957e-05,0,-1
15320,28,3.0397248614753957e-05,0,-1
12503,28,3.0397248614753957e-05,0,-1
5278,28,3.0397248614753957e-05,0,-1
956,28,3.0397248614753957e-05,0,-1
10494,28,3.0397248614753957e-05,0,-1
12467,28,3.0397248614753957e-05,0,-1
12462,28,3.0397248614753957e-05,0,-1
10510,28,3.0397248614753957e-05,0,-1
13867,28,3.0397248614753957e-05,0,-1
15354,28,3.0397248614753957e-05,0,-1
8692,28,3.0397248614753957e-05,0,-1
8683,28,3.0397248614753957e-05,0,-1
12629,28,3.0397248614753957e-05,0,-1
15389,28,3.0397248614753957e-05,0,-1
8645,28,3.0397248614753957e-05,0,-1
1728,28,3.0397248614753957e-05,0,-1
12509,28,3.0397248614753957e-05,0,-1
11166,28,3.0397248614753957e-05,0,-1
11170,28,3.0397248614753957e-05,0,-1
8624,28,3.0397248614753957e-05,0,-1
6592,28,3.0397248614753957e-05,0,-1
2753,28,3.0397248614753957e-05,0,-1
10295,28,3.0397248614753957e-05,0,-1
6588,28,3.0397248614753957e-05,0,-1
6581,28,3.0397248614753957e-05,0,-1
5531,28,3.0397248614753957e-05,0,-1
8659,28,3.0397248614753957e-05,0,-1
8732,28,3.0397248614753957e-05,0,-1
8733,28,3.0397248614753957e-05,0,-1
15324,28,3.0397248614753957e-05,0,-1
3541,28,3.0397248614753957e-05,0,-1
5570,28,3.0397248614753957e-05,0,-1
10152,28,3.0397248614753957e-05,0,-1
6762,28,3.0397248614753957e-05,0,-1
10547,28,3.0397248614753957e-05,0,-1
5247,28,3.0397248614753957e-05,0,-1
4137,28,3.0397248614753957e-05,0,-1
4140,28,3.0397248614753957e-05,0,-1
15789,28,3.0397248614753957e-05,0,-1
13458,28,3.0397248614753957e-05,0,-1
14688,28,3.0397248614753957e-05,0,-1
2065,28,3.0397248614753957e-05,0,-1
15705,28,3.0397248614753957e-05,0,-1
4912,28,3.0397248614753957e-05,0,-1
4898,28,3.0397248614753957e-05,0,-1
4043,28,3.0397248614753957e-05,0,-1
2039,28,3.0397248614753957e-05,0,-1
14408,28,3.0397248614753957e-05,0,-1
15574,28,3.0397248614753957e-05,0,-1
2787,28,3.0397248614753957e-05,0,-1
13468,28,3.0397248614753957e-05,0,-1
10215,28,3.0397248614753957e-05,0,-1
10194,28,3.0397248614753957e-05,0,-1
10195,28,3.0397248614753957e-05,0,-1
10188,28,3.0397248614753957e-05,0,-1
10190,28,3.0397248614753957e-05,0,-1
12176,28,3.0397248614753957e-05,0,-1
8757,28,3.0397248614753957e-05,0,-1
14717,28,3.0397248614753957e-05,0,-1
14705,28,3.0397248614753957e-05,0,-1
8776,28,3.0397248614753957e-05,0,-1
1118,28,3.0397248614753957e-05,0,-1
1099,28,3.0397248614753957e-05,0,-1
10044,28,3.0397248614753957e-05,0,-1
15803,28,3.0397248614753957e-05,0,-1
11001,28,3.0397248614753957e-05,0,-1
11006,28,3.0397248614753957e-05,0,-1
10957,28,3.0397248614753957e-05,0,-1
10958,28,3.0397248614753957e-05,0,-1
10942,28,3.0397248614753957e-05,0,-1
10620,28,3.0397248614753957e-05,0,-1
8821,28,3.0397248614753957e-05,0,-1
3532,28,3.0397248614753957e-05,0,-1
15757,28,3.0397248614753957e-05,0,-1
13435,28,3.0397248614753957e-05,0,-1
8743,28,3.0397248614753957e-05,0,-1
10082,28,3.0397248614753957e-05,0,-1
10063,28,3.0397248614753957e-05,0,-1
2504,28,3.0397248614753957e-05,0,-1
776,28,3.0397248614753957e-05,0,-1
10999,28,3.0397248614753957e-05,0,-1
1088,28,3.0397248614753957e-05,0,-1
10147,28,3.0397248614753957e-05,0,-1
15302,28,3.0397248614753957e-05,0,-1
5542,28,3.0397248614753957e-05,0,-1
13946,28,3.0397248614753957e-05,0,-1
752,28,3.0397248614753957e-05,0,-1
11245,28,3.0397248614753957e-05,0,-1
15775,28,3.0397248614753957e-05,0,-1
14510,28,3.0397248614753957e-05,0,-1
12429,28,3.0397248614753957e-05,0,-1
15219,28,3.0397248614753957e-05,0,-1
12023,28,3.0397248614753957e-05,0,-1
11266,28,3.0397248614753957e-05,0,-1
11329,28,3.0397248614753957e-05,0,-1
11318,28,3.0397248614753957e-05,0,-1
15833,28,3.0397248614753957e-05,0,-1
9957,28,3.0397248614753957e-05,0,-1
8838,28,3.0397248614753957e-05,0,-1
2968,28,3.0397248614753957e-05,0,-1
13384,28,3.0397248614753957e-05,0,-1
15237,28,3.0397248614753957e-05,0,-1
5223,28,3.0397248614753957e-05,0,-1
8385,28,3.0397248614753957e-05,0,-1
14519,28,3.0397248614753957e-05,0,-1
12716,28,3.0397248614753957e-05,0,-1
12717,28,3.0397248614753957e-05,0,-1
8827,28,3.0397248614753957e-05,0,-1
8813,28,3.0397248614753957e-05,0,-1
8814,28,3.0397248614753957e-05,0,-1
6406,28,3.0397248614753957e-05,0,-1
2931,28,3.0397248614753957e-05,0,-1
14742,28,3.0397248614753957e-05,0,-1
14286,28,3.0397248614753957e-05,0,-1
7797,28,3.0397248614753957e-05,0,-1
4752,28,3.0397248614753957e-05,0,-1
4738,28,3.0397248614753957e-05,0,-1
4743,28,3.0397248614753957e-05,0,-1
7806,28,3.0397248614753957e-05,0,-1
13974,28,3.0397248614753957e-05,0,-1
13955,28,3.0397248614753957e-05,0,-1
12766,28,3.0397248614753957e-05,0,-1
7275,28,3.0397248614753957e-05,0,-1
7265,28,3.0397248614753957e-05,0,-1
4203,28,3.0397248614753957e-05,0,-1
7753,28,3.0397248614753957e-05,0,-1
7755,28,3.0397248614753957e-05,0,-1
11388,28,3.0397248614753957e-05,0,-1
4655,28,3.0397248614753957e-05,0,-1
6838,28,3.0397248614753957e-05,0,-1
6821,28,3.0397248614753957e-05,0,-1
14776,28,3.0397248614753957e-05,0,-1
15167,28,3.0397248614753957e-05,0,-1
2962,28,3.0397248614753957e-05,0,-1
169,28,3.0397248614753957e-05,0,-1
180,28,3.0397248614753957e-05,0,-1
6386,28,3.0397248614753957e-05,0,-1
1169,28,3.0397248614753957e-05,0,-1
9918,28,3.0397248614753957e-05,0,-1
9882,28,3.0397248614753957e-05,0,-1
2543,28,3.0397248614753957e-05,0,-1
2021,28,3.0397248614753957e-05,0,-1
10956,28,3.0397248614753957e-05,0,-1
4925,28,3.0397248614753957e-05,0,-1
8318,28,3.0397248614753957e-05,0,-1
4183,28,3.0397248614753957e-05,0,-1
4187,28,3.0397248614753957e-05,0,-1
8859,28,3.0397248614753957e-05,0,-1
7745,28,3.0397248614753957e-05,0,-1
15873,28,3.0397248614753957e-05,0,-1
15865,28,3.0397248614753957e-05,0,-1
9951,28,3.0397248614753957e-05,0,-1
9935,28,3.0397248614753957e-05,0,-1
12201,28,3.0397248614753957e-05,0,-1
1963,28,3.0397248614753957e-05,0,-1
15127,28,3.0397248614753957e-05,0,-1
2211,28,3.0397248614753957e-05,0,-1
7326,28,3.0397248614753957e-05,0,-1
7328,28,3.0397248614753957e-05,0,-1
14256,28,3.0397248614753957e-05,0,-1
14066,28,3.0397248614753957e-05,0,-1
10650,28,3.0397248614753957e-05,0,-1
8339,28,3.0397248614753957e-05,0,-1
8324,28,3.0397248614753957e-05,0,-1
3852,28,3.0397248614753957e-05,0,-1
13708,28,3.0397248614753957e-05,0,-1
13701,28,3.0397248614753957e-05,0,-1
13704,28,3.0397248614753957e-05,0,-1
13695,28,3.0397248614753957e-05,0,-1
2996,28,3.0397248614753957e-05,0,-1
14791,28,3.0397248614753957e-05,0,-1
9828,28,3.0397248614753957e-05,0,-1
9822,28,3.0397248614753957e-05,0,-1
14827,28,3.0397248614753957e-05,0,-1
12410,28,3.0397248614753957e-05,0,-1
5208,28,3.0397248614753957e-05,0,-1
5153,28,3.0397248614753957e-05,0,-1
11989,28,3.0397248614753957e-05,0,-1
11990,28,3.0397248614753957e-05,0,-1
3444,28,3.0397248614753957e-05,0,-1
15189,28,3.0397248614753957e-05,0,-1
9852,28,3.0397248614753957e-05,0,-1
15163,28,3.0397248614753957e-05,0,-1
9808,28,3.0397248614753957e-05,0,-1
6342,28,3.0397248614753957e-05,0,-1
1537,28,3.0397248614753957e-05,0,-1
9021,28,3.0397248614753957e-05,0,-1
14848,28,3.0397248614753957e-05,0,-1
9719,28,3.0397248614753957e-05,0,-1
3384,28,3.0397248614753957e-05,0,-1
3390,28,3.0397248614753957e-05,0,-1
3036,28,3.0397248614753957e-05,0,-1
12876,28,3.0397248614753957e-05,0,-1
8290,28,3.0397248614753957e-05,0,-1
13714,28,3.0397248614753957e-05,0,-1
13717,28,3.0397248614753957e-05,0,-1
5143,28,3.0397248614753957e-05,0,-1
10703,28,3.0397248614753957e-05,0,-1
9711,28,3.0397248614753957e-05,0,-1
6208,28,3.0397248614753957e-05,0,-1
3340,28,3.0397248614753957e-05,0,-1
14283,28,3.0397248614753957e-05,0,-1
6293,28,3.0397248614753957e-05,0,-1
12829,28,3.0397248614753957e-05,0,-1
9756,28,3.0397248614753957e-05,0,-1
12837,28,3.0397248614753957e-05,0,-1
10926,28,3.0397248614753957e-05,0,-1
13706,28,3.0397248614753957e-05,0,-1
63,28,3.0397248614753957e-05,0,-1
8984,28,3.0397248614753957e-05,0,-1
1574,28,3.0397248614753957e-05,0,-1
13305,28,3.0397248614753957e-05,0,-1
1237,28,3.0397248614753957e-05,0,-1
13313,28,3.0397248614753957e-05,0,-1
15892,28,3.0397248614753957e-05,0,-1
4634,28,3.0397248614753957e-05,0,-1
11939,28,3.0397248614753957e-05,0,-1
11927,28,3.0397248614753957e-05,0,-1
11928,28,3.0397248614753957e-05,0,-1
14855,28,3.0397248614753957e-05,0,-1
13206,28,3.0397248614753957e-05,0,-1
5838,28,3.0397248614753957e-05,0,-1
12952,28,3.0397248614753957e-05,0,-1
15068,28,3.0397248614753957e-05,0,-1
15066,28,3.0397248614753957e-05,0,-1
15642,28,3.0397248614753957e-05,0,-1
3995,28,3.0397248614753957e-05,0,-1
3977,28,3.0397248614753957e-05,0,-1
3982,28,3.0397248614753957e-05,0,-1
14429,28,3.0397248614753957e-05,0,-1
1892,28,3.0397248614753957e-05,0,-1
6935,28,3.0397248614753957e-05,0,-1
13731,28,3.0397248614753957e-05,0,-1
11419,28,3.0397248614753957e-05,0,-1
13245,28,3.0397248614753957e-05,0,-1
840,28,3.0397248614753957e-05,0,-1
12370,28,3.0397248614753957e-05,0,-1
4027,28,3.0397248614753957e-05,0,-1
4024,28,3.0397248614753957e-05,0,-1
12258,28,3.0397248614753957e-05,0,-1
12248,28,3.0397248614753957e-05,0,-1
9745,28,3.0397248614753957e-05,0,-1
9750,28,3.0397248614753957e-05,0,-1
9737,28,3.0397248614753957e-05,0,-1
14072,28,3.0397248614753957e-05,0,-1
7662,28,3.0397248614753957e-05,0,-1
11453,28,3.0397248614753957e-05,0,-1
11443,28,3.0397248614753957e-05,0,-1
11417,28,3.0397248614753957e-05,0,-1
8248,28,3.0397248614753957e-05,0,-1
8236,28,3.0397248614753957e-05,0,-1
14477,28,3.0397248614753957e-05,0,-1
14478,28,3.0397248614753957e-05,0,-1
5978,28,3.0397248614753957e-05,0,-1
11850,28,3.0397248614753957e-05,0,-1
11863,28,3.0397248614753957e-05,0,-1
1495,28,3.0397248614753957e-05,0,-1
9162,28,3.0397248614753957e-05,0,-1
10736,28,3.0397248614753957e-05,0,-1
5136,28,3.0397248614753957e-05,0,-1
5121,28,3.0397248614753957e-05,0,-1
3876,28,3.0397248614753957e-05,0,-1
3878,28,3.0397248614753957e-05,0,-1
10772,28,3.0397248614753957e-05,0,-1
10747,28,3.0397248614753957e-05,0,-1
14126,28,3.0397248614753957e-05,0,-1
9144,28,3.0397248614753957e-05,0,-1
9521,28,3.0397248614753957e-05,0,-1
9529,28,3.0397248614753957e-05,0,-1
14892,28,3.0397248614753957e-05,0,-1
6198,28,3.0397248614753957e-05,0,-1
5885,28,3.0397248614753957e-05,0,-1
3287,28,3.0397248614753957e-05,0,-1
9622,28,3.0397248614753957e-05,0,-1
9692,28,3.0397248614753957e-05,0,-1
9641,28,3.0397248614753957e-05,0,-1
9642,28,3.0397248614753957e-05,0,-1
15089,28,3.0397248614753957e-05,0,-1
14080,28,3.0397248614753957e-05,0,-1
7600,28,3.0397248614753957e-05,0,-1
14214,28,3.0397248614753957e-05,0,-1
10801,28,3.0397248614753957e-05,0,-1
10794,28,3.0397248614753957e-05,0,-1
6979,28,3.0397248614753957e-05,0,-1
11698,28,3.0397248614753957e-05,0,-1
16225,28,3.0397248614753957e-05,0,-1
16193,28,3.0397248614753957e-05,0,-1
4396,28,3.0397248614753957e-05,0,-1
7526,28,3.0397248614753957e-05,0,-1
13035,28,3.0397248614753957e-05,0,-1
3202,28,3.0397248614753957e-05,0,-1
6126,28,3.0397248614753957e-05,0,-1
1430,28,3.0397248614753957e-05,0,-1
13764,28,3.0397248614753957e-05,0,-1
8205,28,3.0397248614753957e-05,0,-1
5010,28,3.0397248614753957e-05,0,-1
6942,28,3.0397248614753957e-05,0,-1
5996,28,3.0397248614753957e-05,0,-1
14999,28,3.0397248614753957e-05,0,-1
6039,28,3.0397248614753957e-05,0,-1
7542,28,3.0397248614753957e-05,0,-1
13079,28,3.0397248614753957e-05,0,-1
14947,28,3.0397248614753957e-05,0,-1
14952,28,3.0397248614753957e-05,0,-1
6094,28,3.0397248614753957e-05,0,-1
4501,28,3.0397248614753957e-05,0,-1
9273,28,3.0397248614753957e-05,0,-1
9255,28,3.0397248614753957e-05,0,-1
14891,28,3.0397248614753957e-05,0,-1
15019,28,3.0397248614753957e-05,0,-1
13047,28,3.0397248614753957e-05,0,-1
9418,28,3.0397248614753957e-05,0,-1
13037,28,3.0397248614753957e-05,0,-1
10481,28,3.0397248614753957e-05,0,-1
6639,28,3.0397248614753957e-05,0,-1
15456,28,3.0397248614753957e-05,0,-1
15452,28,3.0397248614753957e-05,0,-1
12548,28,3.0397248614753957e-05,0,-1
14605,28,3.0397248614753957e-05,0,-1
2703,28,3.0397248614753957e-05,0,-1
12524,28,3.0397248614753957e-05,0,-1
14379,28,3.0397248614753957e-05,0,-1
11041,28,3.0397248614753957e-05,0,-1
11031,28,3.0397248614753957e-05,0,-1
8027,28,3.0397248614753957e-05,0,-1
8015,28,3.0397248614753957e-05,0,-1
15513,28,3.0397248614753957e-05,0,-1
15511,28,3.0397248614753957e-05,0,-1
10489,28,3.0397248614753957e-05,0,-1
16011,28,3.0397248614753957e-05,0,-1
15996,28,3.0397248614753957e-05,0,-1
11681,28,3.0397248614753957e-05,0,-1
11724,28,3.0397248614753957e-05,0,-1
6071,28,3.0397248614753957e-05,0,-1
4463,28,3.0397248614753957e-05,0,-1
4872,28,3.0397248614753957e-05,0,-1
7952,28,3.0397248614753957e-05,0,-1
7527,28,3.0397248614753957e-05,0,-1
7514,28,3.0397248614753957e-05,0,-1
11808,28,3.0397248614753957e-05,0,-1
3161,28,3.0397248614753957e-05,0,-1
11784,28,3.0397248614753957e-05,0,-1
11785,28,3.0397248614753957e-05,0,-1
584,28,3.0397248614753957e-05,0,-1
4474,28,3.0397248614753957e-05,0,-1
14493,27,2.9311632592798458e-05,0,-1
3176,27,2.9311632592798458e-05,0,-1
1457,27,2.9311632592798458e-05,0,-1
14971,27,2.9311632592798458e-05,0,-1
13072,27,2.9311632592798458e-05,0,-1
16180,27,2.9311632592798458e-05,0,-1
13418,27,2.9311632592798458e-05,0,-1
15286,27,2.9311632592798458e-05,0,-1
16055,27,2.9311632592798458e-05,0,-1
14981,27,2.9311632592798458e-05,0,-1
4983,27,2.9311632592798458e-05,0,-1
6467,27,2.9311632592798458e-05,0,-1
6464,27,2.9311632592798458e-05,0,-1
2545,27,2.9311632592798458e-05,0,-1
8765,27,2.9311632592798458e-05,0,-1
7811,27,2.9311632592798458e-05,0,-1
10051,27,2.9311632592798458e-05,0,-1
10055,27,2.9311632592798458e-05,0,-1
15614,27,2.9311632592798458e-05,0,-1
15281,27,2.9311632592798458e-05,0,-1
12299,27,2.9311632592798458e-05,0,-1
10832,27,2.9311632592798458e-05,0,-1
14678,27,2.9311632592798458e-05,0,-1
10876,27,2.9311632592798458e-05,0,-1
13434,27,2.9311632592798458e-05,0,-1
4982,27,2.9311632592798458e-05,0,-1
11232,27,2.9311632592798458e-05,0,-1
11707,27,2.9311632592798458e-05,0,-1
11708,27,2.9311632592798458e-05,0,-1
9981,27,2.9311632592798458e-05,0,-1
15260,27,2.9311632592798458e-05,0,-1
9943,27,2.9311632592798458e-05,0,-1
9993,27,2.9311632592798458e-05,0,-1
16211,27,2.9311632592798458e-05,0,-1
1148,27,2.9311632592798458e-05,0,-1
15799,27,2.9311632592798458e-05,0,-1
16007,27,2.9311632592798458e-05,0,-1
15801,27,2.9311632592798458e-05,0,-1
4735,27,2.9311632592798458e-05,0,-1
15970,27,2.9311632592798458e-05,0,-1
15957,27,2.9311632592798458e-05,0,-1
12041,27,2.9311632592798458e-05,0,-1
2418,27,2.9311632592798458e-05,0,-1
5081,27,2.9311632592798458e-05,0,-1
7261,27,2.9311632592798458e-05,0,-1
15586,27,2.9311632592798458e-05,0,-1
8796,27,2.9311632592798458e-05,0,-1
49,27,2.9311632592798458e-05,0,-1
12702,27,2.9311632592798458e-05,0,-1
13962,27,2.9311632592798458e-05,0,-1
13848,27,2.9311632592798458e-05,0,-1
13832,27,2.9311632592798458e-05,0,-1
14319,27,2.9311632592798458e-05,0,-1
5654,27,2.9311632592798458e-05,0,-1
5655,27,2.9311632592798458e-05,0,-1
10762,27,2.9311632592798458e-05,0,-1
12330,27,2.9311632592798458e-05,0,-1
12760,27,2.9311632592798458e-05,0,-1
12744,27,2.9311632592798458e-05,0,-1
11351,27,2.9311632592798458e-05,0,-1
11343,27,2.9311632592798458e-05,0,-1
15811,27,2.9311632592798458e-05,0,-1
8894,27,2.9311632592798458e-05,0,-1
10862,27,2.9311632592798458e-05,0,-1
12278,27,2.9311632592798458e-05,0,-1
15222,27,2.9311632592798458e-05,0,-1
431,27,2.9311632592798458e-05,0,-1
10808,27,2.9311632592798458e-05,0,-1
15221,27,2.9311632592798458e-05,0,-1
10797,27,2.9311632592798458e-05,0,-1
12319,27,2.9311632592798458e-05,0,-1
6953,27,2.9311632592798458e-05,0,-1
13353,27,2.9311632592798458e-05,0,-1
7779,27,2.9311632592798458e-05,0,-1
7766,27,2.9311632592798458e-05,0,-1
8282,27,2.9311632592798458e-05,0,-1
8281,27,2.9311632592798458e-05,0,-1
14003,27,2.9311632592798458e-05,0,-1
1627,27,2.9311632592798458e-05,0,-1
6872,27,2.9311632592798458e-05,0,-1
4007,27,2.9311632592798458e-05,0,-1
15662,27,2.9311632592798458e-05,0,-1
4999,27,2.9311632592798458e-05,0,-1
12252,27,2.9311632592798458e-05,0,-1
8929,27,2.9311632592798458e-05,0,-1
15680,27,2.9311632592798458e-05,0,-1
15160,27,2.9311632592798458e-05,0,-1
14768,27,2.9311632592798458e-05,0,-1
14769,27,2.9311632592798458e-05,0,-1
56,27,2.9311632592798458e-05,0,-1
2599,27,2.9311632592798458e-05,0,-1
6383,27,2.9311632592798458e-05,0,-1
166,27,2.9311632592798458e-05,0,-1
8901,27,2.9311632592798458e-05,0,-1
15185,27,2.9311632592798458e-05,0,-1
14428,27,2.9311632592798458e-05,0,-1
15177,27,2.9311632592798458e-05,0,-1
3998,27,2.9311632592798458e-05,0,-1
10742,27,2.9311632592798458e-05,0,-1
15180,27,2.9311632592798458e-05,0,-1
12776,27,2.9311632592798458e-05,0,-1
14462,27,2.9311632592798458e-05,0,-1
13745,27,2.9311632592798458e-05,0,-1
13722,27,2.9311632592798458e-05,0,-1
9903,27,2.9311632592798458e-05,0,-1
1911,27,2.9311632592798458e-05,0,-1
9905,27,2.9311632592798458e-05,0,-1
869,27,2.9311632592798458e-05,0,-1
5188,27,2.9311632592798458e-05,0,-1
14397,27,2.9311632592798458e-05,0,-1
14041,27,2.9311632592798458e-05,0,-1
14022,27,2.9311632592798458e-05,0,-1
1879,27,2.9311632592798458e-05,0,-1
7271,27,2.9311632592798458e-05,0,-1
10680,27,2.9311632592798458e-05,0,-1
14783,27,2.9311632592798458e-05,0,-1
10643,27,2.9311632592798458e-05,0,-1
8998,27,2.9311632592798458e-05,0,-1
1586,27,2.9311632592798458e-05,0,-1
6279,27,2.9311632592798458e-05,0,-1
5165,27,2.9311632592798458e-05,0,-1
3366,27,2.9311632592798458e-05,0,-1
8094,27,2.9311632592798458e-05,0,-1
5729,27,2.9311632592798458e-05,0,-1
13854,27,2.9311632592798458e-05,0,-1
14810,27,2.9311632592798458e-05,0,-1
6841,27,2.9311632592798458e-05,0,-1
8323,27,2.9311632592798458e-05,0,-1
3856,27,2.9311632592798458e-05,0,-1
7308,27,2.9311632592798458e-05,0,-1
7286,27,2.9311632592798458e-05,0,-1
7686,27,2.9311632592798458e-05,0,-1
7006,27,2.9311632592798458e-05,0,-1
15152,27,2.9311632592798458e-05,0,-1
9877,27,2.9311632592798458e-05,0,-1
15199,27,2.9311632592798458e-05,0,-1
4195,27,2.9311632592798458e-05,0,-1
8092,27,2.9311632592798458e-05,0,-1
15846,27,2.9311632592798458e-05,0,-1
13670,27,2.9311632592798458e-05,0,-1
707,27,2.9311632592798458e-05,0,-1
15130,27,2.9311632592798458e-05,0,-1
12847,27,2.9311632592798458e-05,0,-1
13647,27,2.9311632592798458e-05,0,-1
14821,27,2.9311632592798458e-05,0,-1
6316,27,2.9311632592798458e-05,0,-1
7028,27,2.9311632592798458e-05,0,-1
10598,27,2.9311632592798458e-05,0,-1
6321,27,2.9311632592798458e-05,0,-1
10592,27,2.9311632592798458e-05,0,-1
734,27,2.9311632592798458e-05,0,-1
14050,27,2.9311632592798458e-05,0,-1
6768,27,2.9311632592798458e-05,0,-1
2217,27,2.9311632592798458e-05,0,-1
13299,27,2.9311632592798458e-05,0,-1
7720,27,2.9311632592798458e-05,0,-1
2219,27,2.9311632592798458e-05,0,-1
8070,27,2.9311632592798458e-05,0,-1
2009,27,2.9311632592798458e-05,0,-1
2532,27,2.9311632592798458e-05,0,-1
4652,27,2.9311632592798458e-05,0,-1
2539,27,2.9311632592798458e-05,0,-1
13679,27,2.9311632592798458e-05,0,-1
4943,27,2.9311632592798458e-05,0,-1
4246,27,2.9311632592798458e-05,0,-1
4931,27,2.9311632592798458e-05,0,-1
12194,27,2.9311632592798458e-05,0,-1
11372,27,2.9311632592798458e-05,0,-1
7055,27,2.9311632592798458e-05,0,-1
7056,27,2.9311632592798458e-05,0,-1
8468,27,2.9311632592798458e-05,0,-1
11403,27,2.9311632592798458e-05,0,-1
5261,27,2.9311632592798458e-05,0,-1
5762,27,2.9311632592798458e-05,0,-1
5766,27,2.9311632592798458e-05,0,-1
12446,27,2.9311632592798458e-05,0,-1
12450,27,2.9311632592798458e-05,0,-1
10546,27,2.9311632592798458e-05,0,-1
15702,27,2.9311632592798458e-05,0,-1
2513,27,2.9311632592798458e-05,0,-1
13338,27,2.9311632592798458e-05,0,-1
8975,27,2.9311632592798458e-05,0,-1
2038,27,2.9311632592798458e-05,0,-1
8957,27,2.9311632592798458e-05,0,-1
14555,27,2.9311632592798458e-05,0,-1
156,27,2.9311632592798458e-05,0,-1
898,27,2.9311632592798458e-05,0,-1
10617,27,2.9311632592798458e-05,0,-1
10610,27,2.9311632592798458e-05,0,-1
14836,27,2.9311632592798458e-05,0,-1
14839,27,2.9311632592798458e-05,0,-1
13255,27,2.9311632592798458e-05,0,-1
11002,27,2.9311632592798458e-05,0,-1
9707,27,2.9311632592798458e-05,0,-1
9712,27,2.9311632592798458e-05,0,-1
15896,27,2.9311632592798458e-05,0,-1
15575,27,2.9311632592798458e-05,0,-1
15897,27,2.9311632592798458e-05,0,-1
12864,27,2.9311632592798458e-05,0,-1
5212,27,2.9311632592798458e-05,0,-1
3813,27,2.9311632592798458e-05,0,-1
14846,27,2.9311632592798458e-05,0,-1
5271,27,2.9311632592798458e-05,0,-1
516,27,2.9311632592798458e-05,0,-1
14569,27,2.9311632592798458e-05,0,-1
15908,27,2.9311632592798458e-05,0,-1
15899,27,2.9311632592798458e-05,0,-1
15901,27,2.9311632592798458e-05,0,-1
13595,27,2.9311632592798458e-05,0,-1
13591,27,2.9311632592798458e-05,0,-1
15902,27,2.9311632592798458e-05,0,-1
10503,27,2.9311632592798458e-05,0,-1
7695,27,2.9311632592798458e-05,0,-1
724,27,2.9311632592798458e-05,0,-1
11943,27,2.9311632592798458e-05,0,-1
11933,27,2.9311632592798458e-05,0,-1
15533,27,2.9311632592798458e-05,0,-1
5270,27,2.9311632592798458e-05,0,-1
11506,27,2.9311632592798458e-05,0,-1
15704,27,2.9311632592798458e-05,0,-1
4906,27,2.9311632592798458e-05,0,-1
794,27,2.9311632592798458e-05,0,-1
12179,27,2.9311632592798458e-05,0,-1
2068,27,2.9311632592798458e-05,0,-1
7331,27,2.9311632592798458e-05,0,-1
15111,27,2.9311632592798458e-05,0,-1
13219,27,2.9311632592798458e-05,0,-1
13224,27,2.9311632592798458e-05,0,-1
11469,27,2.9311632592798458e-05,0,-1
14528,27,2.9311632592798458e-05,0,-1
7623,27,2.9311632592798458e-05,0,-1
2672,27,2.9311632592798458e-05,0,-1
2045,27,2.9311632592798458e-05,0,-1
14403,27,2.9311632592798458e-05,0,-1
2716,27,2.9311632592798458e-05,0,-1
7624,27,2.9311632592798458e-05,0,-1
7288,27,2.9311632592798458e-05,0,-1
7351,27,2.9311632592798458e-05,0,-1
8511,27,2.9311632592798458e-05,0,-1
13237,27,2.9311632592798458e-05,0,-1
8502,27,2.9311632592798458e-05,0,-1
1541,27,2.9311632592798458e-05,0,-1
7940,27,2.9311632592798458e-05,0,-1
14388,27,2.9311632592798458e-05,0,-1
14391,27,2.9311632592798458e-05,0,-1
1543,27,2.9311632592798458e-05,0,-1
15123,27,2.9311632592798458e-05,0,-1
12543,27,2.9311632592798458e-05,0,-1
15051,27,2.9311632592798458e-05,0,-1
9593,27,2.9311632592798458e-05,0,-1
9639,27,2.9311632592798458e-05,0,-1
15528,27,2.9311632592798458e-05,0,-1
8030,27,2.9311632592798458e-05,0,-1
8014,27,2.9311632592798458e-05,0,-1
12153,27,2.9311632592798458e-05,0,-1
9678,27,2.9311632592798458e-05,0,-1
11061,27,2.9311632592798458e-05,0,-1
9659,27,2.9311632592798458e-05,0,-1
13586,27,2.9311632592798458e-05,0,-1
14108,27,2.9311632592798458e-05,0,-1
8491,27,2.9311632592798458e-05,0,-1
10417,27,2.9311632592798458e-05,0,-1
3320,27,2.9311632592798458e-05,0,-1
3309,27,2.9311632592798458e-05,0,-1
3313,27,2.9311632592798458e-05,0,-1
11497,27,2.9311632592798458e-05,0,-1
11919,27,2.9311632592798458e-05,0,-1
14640,27,2.9311632592798458e-05,0,-1
5396,27,2.9311632592798458e-05,0,-1
11910,27,2.9311632592798458e-05,0,-1
3713,27,2.9311632592798458e-05,0,-1
10351,27,2.9311632592798458e-05,0,-1
10323,27,2.9311632592798458e-05,0,-1
14243,27,2.9311632592798458e-05,0,-1
14231,27,2.9311632592798458e-05,0,-1
13169,27,2.9311632592798458e-05,0,-1
9536,27,2.9311632592798458e-05,0,-1
8570,27,2.9311632592798458e-05,0,-1
6192,27,2.9311632592798458e-05,0,-1
14874,27,2.9311632592798458e-05,0,-1
14878,27,2.9311632592798458e-05,0,-1
14879,27,2.9311632592798458e-05,0,-1
1323,27,2.9311632592798458e-05,0,-1
14374,27,2.9311632592798458e-05,0,-1
1314,27,2.9311632592798458e-05,0,-1
3300,27,2.9311632592798458e-05,0,-1
4083,27,2.9311632592798458e-05,0,-1
15720,27,2.9311632592798458e-05,0,-1
9161,27,2.9311632592798458e-05,0,-1
11893,27,2.9311632592798458e-05,0,-1
15461,27,2.9311632592798458e-05,0,-1
2358,27,2.9311632592798458e-05,0,-1
10361,27,2.9311632592798458e-05,0,-1
14220,27,2.9311632592798458e-05,0,-1
14600,27,2.9311632592798458e-05,0,-1
9083,27,2.9311632592798458e-05,0,-1
9135,27,2.9311632592798458e-05,0,-1
13567,27,2.9311632592798458e-05,0,-1
9117,27,2.9311632592798458e-05,0,-1
15423,27,2.9311632592798458e-05,0,-1
15425,27,2.9311632592798458e-05,0,-1
9124,27,2.9311632592798458e-05,0,-1
400,27,2.9311632592798458e-05,0,-1
14641,27,2.9311632592798458e-05,0,-1
4276,27,2.9311632592798458e-05,0,-1
14623,27,2.9311632592798458e-05,0,-1
10314,27,2.9311632592798458e-05,0,-1
10319,27,2.9311632592798458e-05,0,-1
15431,27,2.9311632592798458e-05,0,-1
15433,27,2.9311632592798458e-05,0,-1
2737,27,2.9311632592798458e-05,0,-1
14614,27,2.9311632592798458e-05,0,-1
15916,27,2.9311632592798458e-05,0,-1
13543,27,2.9311632592798458e-05,0,-1
12137,27,2.9311632592798458e-05,0,-1
12139,27,2.9311632592798458e-05,0,-1
12129,27,2.9311632592798458e-05,0,-1
12113,27,2.9311632592798458e-05,0,-1
11554,27,2.9311632592798458e-05,0,-1
1351,27,2.9311632592798458e-05,0,-1
5945,27,2.9311632592798458e-05,0,-1
10273,27,2.9311632592798458e-05,0,-1
388,27,2.9311632592798458e-05,0,-1
5931,27,2.9311632592798458e-05,0,-1
15488,27,2.9311632592798458e-05,0,-1
575,27,2.9311632592798458e-05,0,-1
2482,27,2.9311632592798458e-05,0,-1
13888,27,2.9311632592798458e-05,0,-1
11864,27,2.9311632592798458e-05,0,-1
648,27,2.9311632592798458e-05,0,-1
11558,27,2.9311632592798458e-05,0,-1
12608,27,2.9311632592798458e-05,0,-1
10228,27,2.9311632592798458e-05,0,-1
568,27,2.9311632592798458e-05,0,-1
9470,27,2.9311632592798458e-05,0,-1
5430,27,2.9311632592798458e-05,0,-1
4529,27,2.9311632592798458e-05,0,-1
3698,27,2.9311632592798458e-05,0,-1
9192,27,2.9311632592798458e-05,0,-1
12969,27,2.9311632592798458e-05,0,-1
2263,27,2.9311632592798458e-05,0,-1
15746,27,2.9311632592798458e-05,0,-1
1730,27,2.9311632592798458e-05,0,-1
9436,27,2.9311632592798458e-05,0,-1
5454,27,2.9311632592798458e-05,0,-1
15392,27,2.9311632592798458e-05,0,-1
15022,27,2.9311632592798458e-05,0,-1
11150,27,2.9311632592798458e-05,0,-1
14906,27,2.9311632592798458e-05,0,-1
12994,27,2.9311632592798458e-05,0,-1
7186,27,2.9311632592798458e-05,0,-1
7181,27,2.9311632592798458e-05,0,-1
9491,27,2.9311632592798458e-05,0,-1
7904,27,2.9311632592798458e-05,0,-1
9233,27,2.9311632592798458e-05,0,-1
9198,27,2.9311632592798458e-05,0,-1
13132,27,2.9311632592798458e-05,0,-1
13121,27,2.9311632592798458e-05,0,-1
1750,27,2.9311632592798458e-05,0,-1
1754,27,2.9311632592798458e-05,0,-1
456,27,2.9311632592798458e-05,0,-1
7576,27,2.9311632592798458e-05,0,-1
13485,27,2.9311632592798458e-05,0,-1
13483,27,2.9311632592798458e-05,0,-1
7562,27,2.9311632592798458e-05,0,-1
1059,27,2.9311632592798458e-05,0,-1
14132,27,2.9311632592798458e-05,0,-1
15311,27,2.9311632592798458e-05,0,-1
15312,27,2.9311632592798458e-05,0,-1
11836,27,2.9311632592798458e-05,0,-1
4345,27,2.9311632592798458e-05,0,-1
2336,27,2.9311632592798458e-05,0,-1
2306,27,2.9311632592798458e-05,0,-1
14974,27,2.9311632592798458e-05,0,-1
9377,27,2.9311632592798458e-05,0,-1
1434,27,2.9311632592798458e-05,0,-1
10166,27,2.9311632592798458e-05,0,-1
15382,27,2.9311632592798458e-05,0,-1
6117,27,2.9311632592798458e-05,0,-1
16033,27,2.9311632592798458e-05,0,-1
11195,27,2.9311632592798458e-05,0,-1
11182,27,2.9311632592798458e-05,0,-1
7215,27,2.9311632592798458e-05,0,-1
6029,27,2.9311632592798458e-05,0,-1
14316,27,2.9311632592798458e-05,0,-1
15010,27,2.9311632592798458e-05,0,-1
8669,27,2.9311632592798458e-05,0,-1
3647,27,2.9311632592798458e-05,0,-1
14998,27,2.9311632592798458e-05,0,-1
9419,27,2.9311632592798458e-05,0,-1
9401,27,2.9311632592798458e-05,0,-1
15327,27,2.9311632592798458e-05,0,-1
11830,27,2.9311632592798458e-05,0,-1
14647,27,2.9311632592798458e-05,0,-1
10159,27,2.9311632592798458e-05,0,-1
14183,27,2.9311632592798458e-05,0,-1
87,27,2.9311632592798458e-05,0,-1
10090,27,2.9311632592798458e-05,0,-1
13093,27,2.9311632592798458e-05,0,-1
9257,27,2.9311632592798458e-05,0,-1
2828,27,2.9311632592798458e-05,0,-1
2873,27,2.9311632592798458e-05,0,-1
15951,27,2.9311632592798458e-05,0,-1
7457,27,2.9311632592798458e-05,0,-1
11757,27,2.9311632592798458e-05,0,-1
3579,27,2.9311632592798458e-05,0,-1
12662,27,2.9311632592798458e-05,0,-1
16098,27,2.9311632592798458e-05,0,-1
16155,27,2.9311632592798458e-05,0,-1
10139,27,2.9311632592798458e-05,0,-1
12055,27,2.9311632592798458e-05,0,-1
11216,27,2.9311632592798458e-05,0,-1
2297,27,2.9311632592798458e-05,0,-1
4783,27,2.9311632592798458e-05,0,-1
4152,27,2.9311632592798458e-05,0,-1
13957,27,2.9311632592798458e-05,0,-1
14160,27,2.9311632592798458e-05,0,-1
1679,27,2.9311632592798458e-05,0,-1
14151,27,2.9311632592798458e-05,0,-1
8698,27,2.9311632592798458e-05,0,-1
16220,27,2.9311632592798458e-05,0,-1
14689,27,2.9311632592798458e-05,0,-1
11734,27,2.9311632592798458e-05,0,-1
12080,27,2.9311632592798458e-05,0,-1
12067,27,2.9311632592798458e-05,0,-1
12070,27,2.9311632592798458e-05,0,-1
14983,27,2.9311632592798458e-05,0,-1
261,27,2.9311632592798458e-05,0,-1
6081,27,2.9311632592798458e-05,0,-1
15265,27,2.9311632592798458e-05,0,-1
14982,26,2.8226016570842958e-05,0,-1
11787,26,2.8226016570842958e-05,0,-1
16133,26,2.8226016570842958e-05,0,-1
16199,26,2.8226016570842958e-05,0,-1
16206,26,2.8226016570842958e-05,0,-1
16041,26,2.8226016570842958e-05,0,-1
6986,26,2.8226016570842958e-05,0,-1
6993,26,2.8226016570842958e-05,0,-1
13814,26,2.8226016570842958e-05,0,-1
13783,26,2.8226016570842958e-05,0,-1
13787,26,2.8226016570842958e-05,0,-1
7448,26,2.8226016570842958e-05,0,-1
12307,26,2.8226016570842958e-05,0,-1
10820,26,2.8226016570842958e-05,0,-1
3974,26,2.8226016570842958e-05,0,-1
11776,26,2.8226016570842958e-05,0,-1
11703,26,2.8226016570842958e-05,0,-1
16142,26,2.8226016570842958e-05,0,-1
628,26,2.8226016570842958e-05,0,-1
16214,26,2.8226016570842958e-05,0,-1
7449,26,2.8226016570842958e-05,0,-1
7452,26,2.8226016570842958e-05,0,-1
15989,26,2.8226016570842958e-05,0,-1
15964,26,2.8226016570842958e-05,0,-1
11676,26,2.8226016570842958e-05,0,-1
5110,26,2.8226016570842958e-05,0,-1
15595,26,2.8226016570842958e-05,0,-1
15585,26,2.8226016570842958e-05,0,-1
5127,26,2.8226016570842958e-05,0,-1
3882,26,2.8226016570842958e-05,0,-1
10707,26,2.8226016570842958e-05,0,-1
10775,26,2.8226016570842958e-05,0,-1
10759,26,2.8226016570842958e-05,0,-1
15616,26,2.8226016570842958e-05,0,-1
8201,26,2.8226016570842958e-05,0,-1
1947,26,2.8226016570842958e-05,0,-1
8194,26,2.8226016570842958e-05,0,-1
8192,26,2.8226016570842958e-05,0,-1
3906,26,2.8226016570842958e-05,0,-1
12266,26,2.8226016570842958e-05,0,-1
10791,26,2.8226016570842958e-05,0,-1
6957,26,2.8226016570842958e-05,0,-1
13766,26,2.8226016570842958e-05,0,-1
8301,26,2.8226016570842958e-05,0,-1
13707,26,2.8226016570842958e-05,0,-1
2595,26,2.8226016570842958e-05,0,-1
816,26,2.8226016570842958e-05,0,-1
850,26,2.8226016570842958e-05,0,-1
10683,26,2.8226016570842958e-05,0,-1
15593,26,2.8226016570842958e-05,0,-1
14454,26,2.8226016570842958e-05,0,-1
14437,26,2.8226016570842958e-05,0,-1
14438,26,2.8226016570842958e-05,0,-1
14427,26,2.8226016570842958e-05,0,-1
15636,26,2.8226016570842958e-05,0,-1
10731,26,2.8226016570842958e-05,0,-1
14459,26,2.8226016570842958e-05,0,-1
1910,26,2.8226016570842958e-05,0,-1
10623,26,2.8226016570842958e-05,0,-1
6810,26,2.8226016570842958e-05,0,-1
6796,26,2.8226016570842958e-05,0,-1
1868,26,2.8226016570842958e-05,0,-1
10642,26,2.8226016570842958e-05,0,-1
12402,26,2.8226016570842958e-05,0,-1
12382,26,2.8226016570842958e-05,0,-1
3844,26,2.8226016570842958e-05,0,-1
885,26,2.8226016570842958e-05,0,-1
13849,26,2.8226016570842958e-05,0,-1
4892,26,2.8226016570842958e-05,0,-1
10676,26,2.8226016570842958e-05,0,-1
10931,26,2.8226016570842958e-05,0,-1
10922,26,2.8226016570842958e-05,0,-1
6997,26,2.8226016570842958e-05,0,-1
14420,26,2.8226016570842958e-05,0,-1
1967,26,2.8226016570842958e-05,0,-1
8089,26,2.8226016570842958e-05,0,-1
14507,26,2.8226016570842958e-05,0,-1
8403,26,2.8226016570842958e-05,0,-1
8408,26,2.8226016570842958e-05,0,-1
8383,26,2.8226016570842958e-05,0,-1
13650,26,2.8226016570842958e-05,0,-1
13638,26,2.8226016570842958e-05,0,-1
10602,26,2.8226016570842958e-05,0,-1
12442,26,2.8226016570842958e-05,0,-1
2629,26,2.8226016570842958e-05,0,-1
14517,26,2.8226016570842958e-05,0,-1
7057,26,2.8226016570842958e-05,0,-1
2032,26,2.8226016570842958e-05,0,-1
2016,26,2.8226016570842958e-05,0,-1
2537,26,2.8226016570842958e-05,0,-1
4948,26,2.8226016570842958e-05,0,-1
12192,26,2.8226016570842958e-05,0,-1
8450,26,2.8226016570842958e-05,0,-1
12452,26,2.8226016570842958e-05,0,-1
12445,26,2.8226016570842958e-05,0,-1
14386,26,2.8226016570842958e-05,0,-1
14387,26,2.8226016570842958e-05,0,-1
14563,26,2.8226016570842958e-05,0,-1
10594,26,2.8226016570842958e-05,0,-1
10597,26,2.8226016570842958e-05,0,-1
10939,26,2.8226016570842958e-05,0,-1
15711,26,2.8226016570842958e-05,0,-1
12421,26,2.8226016570842958e-05,0,-1
1851,26,2.8226016570842958e-05,0,-1
15566,26,2.8226016570842958e-05,0,-1
5218,26,2.8226016570842958e-05,0,-1
10518,26,2.8226016570842958e-05,0,-1
5280,26,2.8226016570842958e-05,0,-1
10463,26,2.8226016570842958e-05,0,-1
12505,26,2.8226016570842958e-05,0,-1
12490,26,2.8226016570842958e-05,0,-1
10514,26,2.8226016570842958e-05,0,-1
949,26,2.8226016570842958e-05,0,-1
929,26,2.8226016570842958e-05,0,-1
15539,26,2.8226016570842958e-05,0,-1
15532,26,2.8226016570842958e-05,0,-1
2572,26,2.8226016570842958e-05,0,-1
13861,26,2.8226016570842958e-05,0,-1
10512,26,2.8226016570842958e-05,0,-1
10524,26,2.8226016570842958e-05,0,-1
15584,26,2.8226016570842958e-05,0,-1
13646,26,2.8226016570842958e-05,0,-1
2678,26,2.8226016570842958e-05,0,-1
14585,26,2.8226016570842958e-05,0,-1
8530,26,2.8226016570842958e-05,0,-1
8531,26,2.8226016570842958e-05,0,-1
8498,26,2.8226016570842958e-05,0,-1
14619,26,2.8226016570842958e-05,0,-1
5336,26,2.8226016570842958e-05,0,-1
5314,26,2.8226016570842958e-05,0,-1
12527,26,2.8226016570842958e-05,0,-1
12516,26,2.8226016570842958e-05,0,-1
15527,26,2.8226016570842958e-05,0,-1
12156,26,2.8226016570842958e-05,0,-1
11049,26,2.8226016570842958e-05,0,-1
13572,26,2.8226016570842958e-05,0,-1
979,26,2.8226016570842958e-05,0,-1
985,26,2.8226016570842958e-05,0,-1
10448,26,2.8226016570842958e-05,0,-1
3782,26,2.8226016570842958e-05,0,-1
13520,26,2.8226016570842958e-05,0,-1
5383,26,2.8226016570842958e-05,0,-1
12575,26,2.8226016570842958e-05,0,-1
12132,26,2.8226016570842958e-05,0,-1
4108,26,2.8226016570842958e-05,0,-1
8593,26,2.8226016570842958e-05,0,-1
8577,26,2.8226016570842958e-05,0,-1
8579,26,2.8226016570842958e-05,0,-1
8560,26,2.8226016570842958e-05,0,-1
13535,26,2.8226016570842958e-05,0,-1
2757,26,2.8226016570842958e-05,0,-1
7976,26,2.8226016570842958e-05,0,-1
2073,26,2.8226016570842958e-05,0,-1
12145,26,2.8226016570842958e-05,0,-1
12147,26,2.8226016570842958e-05,0,-1
15462,26,2.8226016570842958e-05,0,-1
12541,26,2.8226016570842958e-05,0,-1
6642,26,2.8226016570842958e-05,0,-1
1769,26,2.8226016570842958e-05,0,-1
5402,26,2.8226016570842958e-05,0,-1
15412,26,2.8226016570842958e-05,0,-1
14642,26,2.8226016570842958e-05,0,-1
13540,26,2.8226016570842958e-05,0,-1
12118,26,2.8226016570842958e-05,0,-1
11134,26,2.8226016570842958e-05,0,-1
10287,26,2.8226016570842958e-05,0,-1
12570,26,2.8226016570842958e-05,0,-1
3759,26,2.8226016570842958e-05,0,-1
13873,26,2.8226016570842958e-05,0,-1
4859,26,2.8226016570842958e-05,0,-1
15375,26,2.8226016570842958e-05,0,-1
12588,26,2.8226016570842958e-05,0,-1
12578,26,2.8226016570842958e-05,0,-1
5410,26,2.8226016570842958e-05,0,-1
7911,26,2.8226016570842958e-05,0,-1
7101,26,2.8226016570842958e-05,0,-1
15745,26,2.8226016570842958e-05,0,-1
1724,26,2.8226016570842958e-05,0,-1
11164,26,2.8226016570842958e-05,0,-1
15748,26,2.8226016570842958e-05,0,-1
7196,26,2.8226016570842958e-05,0,-1
14330,26,2.8226016570842958e-05,0,-1
2754,26,2.8226016570842958e-05,0,-1
13526,26,2.8226016570842958e-05,0,-1
13503,26,2.8226016570842958e-05,0,-1
13505,26,2.8226016570842958e-05,0,-1
12094,26,2.8226016570842958e-05,0,-1
13474,26,2.8226016570842958e-05,0,-1
12658,26,2.8226016570842958e-05,0,-1
8721,26,2.8226016570842958e-05,0,-1
13920,26,2.8226016570842958e-05,0,-1
5511,26,2.8226016570842958e-05,0,-1
12640,26,2.8226016570842958e-05,0,-1
12644,26,2.8226016570842958e-05,0,-1
10183,26,2.8226016570842958e-05,0,-1
10174,26,2.8226016570842958e-05,0,-1
15732,26,2.8226016570842958e-05,0,-1
15733,26,2.8226016570842958e-05,0,-1
7206,26,2.8226016570842958e-05,0,-1
2082,26,2.8226016570842958e-05,0,-1
5466,26,2.8226016570842958e-05,0,-1
3617,26,2.8226016570842958e-05,0,-1
15365,26,2.8226016570842958e-05,0,-1
6570,26,2.8226016570842958e-05,0,-1
5595,26,2.8226016570842958e-05,0,-1
10084,26,2.8226016570842958e-05,0,-1
10065,26,2.8226016570842958e-05,0,-1
2842,26,2.8226016570842958e-05,0,-1
5538,26,2.8226016570842958e-05,0,-1
5540,26,2.8226016570842958e-05,0,-1
5545,26,2.8226016570842958e-05,0,-1
12663,26,2.8226016570842958e-05,0,-1
10138,26,2.8226016570842958e-05,0,-1
11218,26,2.8226016570842958e-05,0,-1
7829,26,2.8226016570842958e-05,0,-1
8706,26,2.8226016570842958e-05,0,-1
14687,26,2.8226016570842958e-05,0,-1
12078,26,2.8226016570842958e-05,0,-1
8752,26,2.8226016570842958e-05,0,-1
8754,26,2.8226016570842958e-05,0,-1
13425,26,2.8226016570842958e-05,0,-1
1124,26,2.8226016570842958e-05,0,-1
10020,26,2.8226016570842958e-05,0,-1
10003,26,2.8226016570842958e-05,0,-1
6466,26,2.8226016570842958e-05,0,-1
11504,26,2.8226016570842958e-05,0,-1
15878,26,2.8226016570842958e-05,0,-1
11491,26,2.8226016570842958e-05,0,-1
8847,26,2.8226016570842958e-05,0,-1
11513,26,2.8226016570842958e-05,0,-1
14029,26,2.8226016570842958e-05,0,-1
5834,26,2.8226016570842958e-05,0,-1
13231,26,2.8226016570842958e-05,0,-1
14699,26,2.8226016570842958e-05,0,-1
13222,26,2.8226016570842958e-05,0,-1
14017,26,2.8226016570842958e-05,0,-1
2188,26,2.8226016570842958e-05,0,-1
11457,26,2.8226016570842958e-05,0,-1
11446,26,2.8226016570842958e-05,0,-1
11510,26,2.8226016570842958e-05,0,-1
2444,26,2.8226016570842958e-05,0,-1
3522,26,2.8226016570842958e-05,0,-1
14813,26,2.8226016570842958e-05,0,-1
1165,26,2.8226016570842958e-05,0,-1
3044,26,2.8226016570842958e-05,0,-1
6262,26,2.8226016570842958e-05,0,-1
6337,26,2.8226016570842958e-05,0,-1
9955,26,2.8226016570842958e-05,0,-1
9000,26,2.8226016570842958e-05,0,-1
1548,26,2.8226016570842958e-05,0,-1
12872,26,2.8226016570842958e-05,0,-1
12875,26,2.8226016570842958e-05,0,-1
14716,26,2.8226016570842958e-05,0,-1
15072,26,2.8226016570842958e-05,0,-1
15073,26,2.8226016570842958e-05,0,-1
15250,26,2.8226016570842958e-05,0,-1
9605,26,2.8226016570842958e-05,0,-1
15233,26,2.8226016570842958e-05,0,-1
15099,26,2.8226016570842958e-05,0,-1
6216,26,2.8226016570842958e-05,0,-1
12922,26,2.8226016570842958e-05,0,-1
12925,26,2.8226016570842958e-05,0,-1
9636,26,2.8226016570842958e-05,0,-1
9638,26,2.8226016570842958e-05,0,-1
14816,26,2.8226016570842958e-05,0,-1
1292,26,2.8226016570842958e-05,0,-1
14817,26,2.8226016570842958e-05,0,-1
1219,26,2.8226016570842958e-05,0,-1
1224,26,2.8226016570842958e-05,0,-1
14095,26,2.8226016570842958e-05,0,-1
14098,26,2.8226016570842958e-05,0,-1
5871,26,2.8226016570842958e-05,0,-1
12813,26,2.8226016570842958e-05,0,-1
1214,26,2.8226016570842958e-05,0,-1
15875,26,2.8226016570842958e-05,0,-1
12933,26,2.8226016570842958e-05,0,-1
4688,26,2.8226016570842958e-05,0,-1
11373,26,2.8226016570842958e-05,0,-1
15236,26,2.8226016570842958e-05,0,-1
4288,26,2.8226016570842958e-05,0,-1
7296,26,2.8226016570842958e-05,0,-1
12026,26,2.8226016570842958e-05,0,-1
2369,26,2.8226016570842958e-05,0,-1
2387,26,2.8226016570842958e-05,0,-1
7701,26,2.8226016570842958e-05,0,-1
9499,26,2.8226016570842958e-05,0,-1
9550,26,2.8226016570842958e-05,0,-1
7682,26,2.8226016570842958e-05,0,-1
12007,26,2.8226016570842958e-05,0,-1
14828,26,2.8226016570842958e-05,0,-1
9940,26,2.8226016570842958e-05,0,-1
8770,26,2.8226016570842958e-05,0,-1
7595,26,2.8226016570842958e-05,0,-1
2258,26,2.8226016570842958e-05,0,-1
9589,26,2.8226016570842958e-05,0,-1
9857,26,2.8226016570842958e-05,0,-1
9991,26,2.8226016570842958e-05,0,-1
5690,26,2.8226016570842958e-05,0,-1
12037,26,2.8226016570842958e-05,0,-1
1526,26,2.8226016570842958e-05,0,-1
11892,26,2.8226016570842958e-05,0,-1
11960,26,2.8226016570842958e-05,0,-1
11883,26,2.8226016570842958e-05,0,-1
15953,26,2.8226016570842958e-05,0,-1
15252,26,2.8226016570842958e-05,0,-1
15239,26,2.8226016570842958e-05,0,-1
14113,26,2.8226016570842958e-05,0,-1
14117,26,2.8226016570842958e-05,0,-1
9776,26,2.8226016570842958e-05,0,-1
9759,26,2.8226016570842958e-05,0,-1
7798,26,2.8226016570842958e-05,0,-1
9121,26,2.8226016570842958e-05,0,-1
2855,26,2.8226016570842958e-05,0,-1
1150,26,2.8226016570842958e-05,0,-1
15797,26,2.8226016570842958e-05,0,-1
8997,26,2.8226016570842958e-05,0,-1
15036,26,2.8226016570842958e-05,0,-1
9512,26,2.8226016570842958e-05,0,-1
11397,26,2.8226016570842958e-05,0,-1
15053,26,2.8226016570842958e-05,0,-1
4171,26,2.8226016570842958e-05,0,-1
5952,26,2.8226016570842958e-05,0,-1
713,26,2.8226016570842958e-05,0,-1
14047,26,2.8226016570842958e-05,0,-1
2947,26,2.8226016570842958e-05,0,-1
6408,26,2.8226016570842958e-05,0,-1
15125,26,2.8226016570842958e-05,0,-1
11845,26,2.8226016570842958e-05,0,-1
15129,26,2.8226016570842958e-05,0,-1
6155,26,2.8226016570842958e-05,0,-1
9486,26,2.8226016570842958e-05,0,-1
2924,26,2.8226016570842958e-05,0,-1
15936,26,2.8226016570842958e-05,0,-1
4316,26,2.8226016570842958e-05,0,-1
4547,26,2.8226016570842958e-05,0,-1
4311,26,2.8226016570842958e-05,0,-1
4534,26,2.8226016570842958e-05,0,-1
4541,26,2.8226016570842958e-05,0,-1
7715,26,2.8226016570842958e-05,0,-1
11858,26,2.8226016570842958e-05,0,-1
13155,26,2.8226016570842958e-05,0,-1
13156,26,2.8226016570842958e-05,0,-1
6393,26,2.8226016570842958e-05,0,-1
1504,26,2.8226016570842958e-05,0,-1
6400,26,2.8226016570842958e-05,0,-1
8878,26,2.8226016570842958e-05,0,-1
15931,26,2.8226016570842958e-05,0,-1
15933,26,2.8226016570842958e-05,0,-1
9457,26,2.8226016570842958e-05,0,-1
1385,26,2.8226016570842958e-05,0,-1
15813,26,2.8226016570842958e-05,0,-1
9439,26,2.8226016570842958e-05,0,-1
15040,26,2.8226016570842958e-05,0,-1
8860,26,2.8226016570842958e-05,0,-1
8953,26,2.8226016570842958e-05,0,-1
14911,26,2.8226016570842958e-05,0,-1
8939,26,2.8226016570842958e-05,0,-1
13440,26,2.8226016570842958e-05,0,-1
1243,26,2.8226016570842958e-05,0,-1
9223,26,2.8226016570842958e-05,0,-1
3402,26,2.8226016570842958e-05,0,-1
9204,26,2.8226016570842958e-05,0,-1
13311,26,2.8226016570842958e-05,0,-1
15168,26,2.8226016570842958e-05,0,-1
8962,26,2.8226016570842958e-05,0,-1
15170,26,2.8226016570842958e-05,0,-1
13443,26,2.8226016570842958e-05,0,-1
14944,26,2.8226016570842958e-05,0,-1
14931,26,2.8226016570842958e-05,0,-1
5987,26,2.8226016570842958e-05,0,-1
13014,26,2.8226016570842958e-05,0,-1
13002,26,2.8226016570842958e-05,0,-1
15164,26,2.8226016570842958e-05,0,-1
11587,26,2.8226016570842958e-05,0,-1
667,26,2.8226016570842958e-05,0,-1
14766,26,2.8226016570842958e-05,0,-1
14199,26,2.8226016570842958e-05,0,-1
12890,26,2.8226016570842958e-05,0,-1
4742,26,2.8226016570842958e-05,0,-1
2242,26,2.8226016570842958e-05,0,-1
15815,26,2.8226016570842958e-05,0,-1
1265,26,2.8226016570842958e-05,0,-1
1268,26,2.8226016570842958e-05,0,-1
14758,26,2.8226016570842958e-05,0,-1
6100,26,2.8226016570842958e-05,0,-1
9283,26,2.8226016570842958e-05,0,-1
1449,26,2.8226016570842958e-05,0,-1
14334,26,2.8226016570842958e-05,0,-1
2971,26,2.8226016570842958e-05,0,-1
12866,26,2.8226016570842958e-05,0,-1
9727,26,2.8226016570842958e-05,0,-1
307,26,2.8226016570842958e-05,0,-1
13016,26,2.8226016570842958e-05,0,-1
9729,26,2.8226016570842958e-05,0,-1
9423,26,2.8226016570842958e-05,0,-1
5799,26,2.8226016570842958e-05,0,-1
11636,26,2.8226016570842958e-05,0,-1
11257,26,2.8226016570842958e-05,0,-1
14193,26,2.8226016570842958e-05,0,-1
13400,26,2.8226016570842958e-05,0,-1
519,26,2.8226016570842958e-05,0,-1
7541,26,2.8226016570842958e-05,0,-1
7546,26,2.8226016570842958e-05,0,-1
703,26,2.8226016570842958e-05,0,-1
14904,26,2.8226016570842958e-05,0,-1
252,26,2.8226016570842958e-05,0,-1
9252,26,2.8226016570842958e-05,0,-1
15907,26,2.8226016570842958e-05,0,-1
4494,26,2.8226016570842958e-05,0,-1
15947,26,2.8226016570842958e-05,0,-1
2426,26,2.8226016570842958e-05,0,-1
8823,26,2.8226016570842958e-05,0,-1
2173,26,2.8226016570842958e-05,0,-1
11772,26,2.8226016570842958e-05,0,-1
14738,26,2.8226016570842958e-05,0,-1
16113,26,2.8226016570842958e-05,0,-1
16158,26,2.8226016570842958e-05,0,-1
12788,26,2.8226016570842958e-05,0,-1
16134,26,2.8226016570842958e-05,0,-1
11723,26,2.8226016570842958e-05,0,-1
11647,26,2.8226016570842958e-05,0,-1
11791,26,2.8226016570842958e-05,0,-1
11794,26,2.8226016570842958e-05,0,-1
14274,26,2.8226016570842958e-05,0,-1
714,26,2.8226016570842958e-05,0,-1
14730,26,2.8226016570842958e-05,0,-1
11955,26,2.8226016570842958e-05,0,-1
1126,26,2.8226016570842958e-05,0,-1
13364,26,2.8226016570842958e-05,0,-1
11936,26,2.8226016570842958e-05,0,-1
14963,26,2.8226016570842958e-05,0,-1
9094,26,2.8226016570842958e-05,0,-1
9076,26,2.8226016570842958e-05,0,-1
14868,26,2.8226016570842958e-05,0,-1
11809,26,2.8226016570842958e-05,0,-1
11803,26,2.8226016570842958e-05,0,-1
6072,26,2.8226016570842958e-05,0,-1
9365,26,2.8226016570842958e-05,0,-1
9349,26,2.8226016570842958e-05,0,-1
14863,26,2.8226016570842958e-05,0,-1
13062,26,2.8226016570842958e-05,0,-1
13064,26,2.8226016570842958e-05,0,-1
5830,26,2.8226016570842958e-05,0,-1
11634,26,2.8226016570842958e-05,0,-1
16143,25,2.7140400548887462e-05,0,-1
16140,25,2.7140400548887462e-05,0,-1
16219,25,2.7140400548887462e-05,0,-1
1539,25,2.7140400548887462e-05,0,-1
16205,25,2.7140400548887462e-05,0,-1
13213,25,2.7140400548887462e-05,0,-1
16200,25,2.7140400548887462e-05,0,-1
16,25,2.7140400548887462e-05,0,-1
4405,25,2.7140400548887462e-05,0,-1
14346,25,2.7140400548887462e-05,0,-1
14288,25,2.7140400548887462e-05,0,-1
7212,25,2.7140400548887462e-05,0,-1
7213,25,2.7140400548887462e-05,0,-1
7220,25,2.7140400548887462e-05,0,-1
7223,25,2.7140400548887462e-05,0,-1
11817,25,2.7140400548887462e-05,0,-1
11820,25,2.7140400548887462e-05,0,-1
13330,25,2.7140400548887462e-05,0,-1
1575,25,2.7140400548887462e-05,0,-1
13308,25,2.7140400548887462e-05,0,-1
8934,25,2.7140400548887462e-05,0,-1
15952,25,2.7140400548887462e-05,0,-1
15939,25,2.7140400548887462e-05,0,-1
11635,25,2.7140400548887462e-05,0,-1
657,25,2.7140400548887462e-05,0,-1
671,25,2.7140400548887462e-05,0,-1
4569,25,2.7140400548887462e-05,0,-1
15919,25,2.7140400548887462e-05,0,-1
4568,25,2.7140400548887462e-05,0,-1
15891,25,2.7140400548887462e-05,0,-1
4336,25,2.7140400548887462e-05,0,-1
4613,25,2.7140400548887462e-05,0,-1
4641,25,2.7140400548887462e-05,0,-1
4602,25,2.7140400548887462e-05,0,-1
15887,25,2.7140400548887462e-05,0,-1
15869,25,2.7140400548887462e-05,0,-1
4545,25,2.7140400548887462e-05,0,-1
11856,25,2.7140400548887462e-05,0,-1
11837,25,2.7140400548887462e-05,0,-1
4169,25,2.7140400548887462e-05,0,-1
15826,25,2.7140400548887462e-05,0,-1
4167,25,2.7140400548887462e-05,0,-1
13136,25,2.7140400548887462e-05,0,-1
13139,25,2.7140400548887462e-05,0,-1
13145,25,2.7140400548887462e-05,0,-1
13342,25,2.7140400548887462e-05,0,-1
9164,25,2.7140400548887462e-05,0,-1
8946,25,2.7140400548887462e-05,0,-1
8925,25,2.7140400548887462e-05,0,-1
1502,25,2.7140400548887462e-05,0,-1
12606,25,2.7140400548887462e-05,0,-1
10210,25,2.7140400548887462e-05,0,-1
7266,25,2.7140400548887462e-05,0,-1
2522,25,2.7140400548887462e-05,0,-1
12619,25,2.7140400548887462e-05,0,-1
12598,25,2.7140400548887462e-05,0,-1
14365,25,2.7140400548887462e-05,0,-1
7094,25,2.7140400548887462e-05,0,-1
7133,25,2.7140400548887462e-05,0,-1
2479,25,2.7140400548887462e-05,0,-1
6867,25,2.7140400548887462e-05,0,-1
6820,25,2.7140400548887462e-05,0,-1
14486,25,2.7140400548887462e-05,0,-1
2597,25,2.7140400548887462e-05,0,-1
2602,25,2.7140400548887462e-05,0,-1
10296,25,2.7140400548887462e-05,0,-1
2622,25,2.7140400548887462e-05,0,-1
14458,25,2.7140400548887462e-05,0,-1
6929,25,2.7140400548887462e-05,0,-1
10240,25,2.7140400548887462e-05,0,-1
12583,25,2.7140400548887462e-05,0,-1
12689,25,2.7140400548887462e-05,0,-1
10083,25,2.7140400548887462e-05,0,-1
10087,25,2.7140400548887462e-05,0,-1
14284,25,2.7140400548887462e-05,0,-1
14262,25,2.7140400548887462e-05,0,-1
6944,25,2.7140400548887462e-05,0,-1
7417,25,2.7140400548887462e-05,0,-1
7346,25,2.7140400548887462e-05,0,-1
1091,25,2.7140400548887462e-05,0,-1
8906,25,2.7140400548887462e-05,0,-1
9263,25,2.7140400548887462e-05,0,-1
4785,25,2.7140400548887462e-05,0,-1
15804,25,2.7140400548887462e-05,0,-1
11540,25,2.7140400548887462e-05,0,-1
11884,25,2.7140400548887462e-05,0,-1
15765,25,2.7140400548887462e-05,0,-1
11876,25,2.7140400548887462e-05,0,-1
4745,25,2.7140400548887462e-05,0,-1
15879,25,2.7140400548887462e-05,0,-1
642,25,2.7140400548887462e-05,0,-1
11855,25,2.7140400548887462e-05,0,-1
14251,25,2.7140400548887462e-05,0,-1
14238,25,2.7140400548887462e-05,0,-1
14523,25,2.7140400548887462e-05,0,-1
14212,25,2.7140400548887462e-05,0,-1
14508,25,2.7140400548887462e-05,0,-1
6832,25,2.7140400548887462e-05,0,-1
14497,25,2.7140400548887462e-05,0,-1
2310,25,2.7140400548887462e-05,0,-1
7463,25,2.7140400548887462e-05,0,-1
10007,25,2.7140400548887462e-05,0,-1
10010,25,2.7140400548887462e-05,0,-1
10017,25,2.7140400548887462e-05,0,-1
10029,25,2.7140400548887462e-05,0,-1
7379,25,2.7140400548887462e-05,0,-1
15719,25,2.7140400548887462e-05,0,-1
4901,25,2.7140400548887462e-05,0,-1
4888,25,2.7140400548887462e-05,0,-1
11485,25,2.7140400548887462e-05,0,-1
11914,25,2.7140400548887462e-05,0,-1
4082,25,2.7140400548887462e-05,0,-1
4104,25,2.7140400548887462e-05,0,-1
4918,25,2.7140400548887462e-05,0,-1
15728,25,2.7140400548887462e-05,0,-1
1638,25,2.7140400548887462e-05,0,-1
8834,25,2.7140400548887462e-05,0,-1
13368,25,2.7140400548887462e-05,0,-1
9218,25,2.7140400548887462e-05,0,-1
15690,25,2.7140400548887462e-05,0,-1
8875,25,2.7140400548887462e-05,0,-1
8828,25,2.7140400548887462e-05,0,-1
9207,25,2.7140400548887462e-05,0,-1
9208,25,2.7140400548887462e-05,0,-1
13128,25,2.7140400548887462e-05,0,-1
7453,25,2.7140400548887462e-05,0,-1
14169,25,2.7140400548887462e-05,0,-1
1111,25,2.7140400548887462e-05,0,-1
14587,25,2.7140400548887462e-05,0,-1
14595,25,2.7140400548887462e-05,0,-1
10390,25,2.7140400548887462e-05,0,-1
7446,25,2.7140400548887462e-05,0,-1
2706,25,2.7140400548887462e-05,0,-1
14571,25,2.7140400548887462e-05,0,-1
9895,25,2.7140400548887462e-05,0,-1
14159,25,2.7140400548887462e-05,0,-1
2282,25,2.7140400548887462e-05,0,-1
14152,25,2.7140400548887462e-05,0,-1
13403,25,2.7140400548887462e-05,0,-1
13375,25,2.7140400548887462e-05,0,-1
8779,25,2.7140400548887462e-05,0,-1
8780,25,2.7140400548887462e-05,0,-1
4976,25,2.7140400548887462e-05,0,-1
15667,25,2.7140400548887462e-05,0,-1
11404,25,2.7140400548887462e-05,0,-1
11442,25,2.7140400548887462e-05,0,-1
3975,25,2.7140400548887462e-05,0,-1
5042,25,2.7140400548887462e-05,0,-1
15605,25,2.7140400548887462e-05,0,-1
15608,25,2.7140400548887462e-05,0,-1
1166,25,2.7140400548887462e-05,0,-1
7548,25,2.7140400548887462e-05,0,-1
2769,25,2.7140400548887462e-05,0,-1
2770,25,2.7140400548887462e-05,0,-1
7560,25,2.7140400548887462e-05,0,-1
12762,25,2.7140400548887462e-05,0,-1
12512,25,2.7140400548887462e-05,0,-1
10442,25,2.7140400548887462e-05,0,-1
10454,25,2.7140400548887462e-05,0,-1
14637,25,2.7140400548887462e-05,0,-1
9906,25,2.7140400548887462e-05,0,-1
9850,25,2.7140400548887462e-05,0,-1
2762,25,2.7140400548887462e-05,0,-1
6679,25,2.7140400548887462e-05,0,-1
7719,25,2.7140400548887462e-05,0,-1
2253,25,2.7140400548887462e-05,0,-1
12769,25,2.7140400548887462e-05,0,-1
14712,25,2.7140400548887462e-05,0,-1
14704,25,2.7140400548887462e-05,0,-1
10513,25,2.7140400548887462e-05,0,-1
6490,25,2.7140400548887462e-05,0,-1
2862,25,2.7140400548887462e-05,0,-1
12460,25,2.7140400548887462e-05,0,-1
6477,25,2.7140400548887462e-05,0,-1
2786,25,2.7140400548887462e-05,0,-1
14643,25,2.7140400548887462e-05,0,-1
14649,25,2.7140400548887462e-05,0,-1
10549,25,2.7140400548887462e-05,0,-1
12449,25,2.7140400548887462e-05,0,-1
5103,25,2.7140400548887462e-05,0,-1
15601,25,2.7140400548887462e-05,0,-1
3899,25,2.7140400548887462e-05,0,-1
3806,25,2.7140400548887462e-05,0,-1
15519,25,2.7140400548887462e-05,0,-1
5145,25,2.7140400548887462e-05,0,-1
5146,25,2.7140400548887462e-05,0,-1
11335,25,2.7140400548887462e-05,0,-1
11336,25,2.7140400548887462e-05,0,-1
3855,25,2.7140400548887462e-05,0,-1
5233,25,2.7140400548887462e-05,0,-1
3809,25,2.7140400548887462e-05,0,-1
708,25,2.7140400548887462e-05,0,-1
5185,25,2.7140400548887462e-05,0,-1
8714,25,2.7140400548887462e-05,0,-1
9254,25,2.7140400548887462e-05,0,-1
13103,25,2.7140400548887462e-05,0,-1
13096,25,2.7140400548887462e-05,0,-1
13502,25,2.7140400548887462e-05,0,-1
1715,25,2.7140400548887462e-05,0,-1
13071,25,2.7140400548887462e-05,0,-1
13061,25,2.7140400548887462e-05,0,-1
8598,25,2.7140400548887462e-05,0,-1
5211,25,2.7140400548887462e-05,0,-1
1723,25,2.7140400548887462e-05,0,-1
13471,25,2.7140400548887462e-05,0,-1
13472,25,2.7140400548887462e-05,0,-1
8620,25,2.7140400548887462e-05,0,-1
15531,25,2.7140400548887462e-05,0,-1
11305,25,2.7140400548887462e-05,0,-1
3832,25,2.7140400548887462e-05,0,-1
3836,25,2.7140400548887462e-05,0,-1
15551,25,2.7140400548887462e-05,0,-1
15499,25,2.7140400548887462e-05,0,-1
12014,25,2.7140400548887462e-05,0,-1
5235,25,2.7140400548887462e-05,0,-1
6402,25,2.7140400548887462e-05,0,-1
6391,25,2.7140400548887462e-05,0,-1
10515,25,2.7140400548887462e-05,0,-1
10586,25,2.7140400548887462e-05,0,-1
10605,25,2.7140400548887462e-05,0,-1
14739,25,2.7140400548887462e-05,0,-1
9835,25,2.7140400548887462e-05,0,-1
7737,25,2.7140400548887462e-05,0,-1
7738,25,2.7140400548887462e-05,0,-1
14034,25,2.7140400548887462e-05,0,-1
14723,25,2.7140400548887462e-05,0,-1
6485,25,2.7140400548887462e-05,0,-1
7796,25,2.7140400548887462e-05,0,-1
13992,25,2.7140400548887462e-05,0,-1
12799,25,2.7140400548887462e-05,0,-1
9834,25,2.7140400548887462e-05,0,-1
8447,25,2.7140400548887462e-05,0,-1
13589,25,2.7140400548887462e-05,0,-1
13040,25,2.7140400548887462e-05,0,-1
11226,25,2.7140400548887462e-05,0,-1
5331,25,2.7140400548887462e-05,0,-1
15478,25,2.7140400548887462e-05,0,-1
1819,25,2.7140400548887462e-05,0,-1
8483,25,2.7140400548887462e-05,0,-1
15440,25,2.7140400548887462e-05,0,-1
12043,25,2.7140400548887462e-05,0,-1
11292,25,2.7140400548887462e-05,0,-1
11254,25,2.7140400548887462e-05,0,-1
8553,25,2.7140400548887462e-05,0,-1
13562,25,2.7140400548887462e-05,0,-1
15434,25,2.7140400548887462e-05,0,-1
6297,25,2.7140400548887462e-05,0,-1
13966,25,2.7140400548887462e-05,0,-1
13970,25,2.7140400548887462e-05,0,-1
13972,25,2.7140400548887462e-05,0,-1
14800,25,2.7140400548887462e-05,0,-1
14789,25,2.7140400548887462e-05,0,-1
10681,25,2.7140400548887462e-05,0,-1
6325,25,2.7140400548887462e-05,0,-1
12395,25,2.7140400548887462e-05,0,-1
12385,25,2.7140400548887462e-05,0,-1
12392,25,2.7140400548887462e-05,0,-1
3048,25,2.7140400548887462e-05,0,-1
3050,25,2.7140400548887462e-05,0,-1
10686,25,2.7140400548887462e-05,0,-1
3005,25,2.7140400548887462e-05,0,-1
6346,25,2.7140400548887462e-05,0,-1
12059,25,2.7140400548887462e-05,0,-1
5416,25,2.7140400548887462e-05,0,-1
737,25,2.7140400548887462e-05,0,-1
743,25,2.7140400548887462e-05,0,-1
12068,25,2.7140400548887462e-05,0,-1
15411,25,2.7140400548887462e-05,0,-1
15414,25,2.7140400548887462e-05,0,-1
15401,25,2.7140400548887462e-05,0,-1
12069,25,2.7140400548887462e-05,0,-1
145,25,2.7140400548887462e-05,0,-1
1419,25,2.7140400548887462e-05,0,-1
9380,25,2.7140400548887462e-05,0,-1
15402,25,2.7140400548887462e-05,0,-1
3678,25,2.7140400548887462e-05,0,-1
9427,25,2.7140400548887462e-05,0,-1
13022,25,2.7140400548887462e-05,0,-1
9411,25,2.7140400548887462e-05,0,-1
8460,25,2.7140400548887462e-05,0,-1
10714,25,2.7140400548887462e-05,0,-1
3009,25,2.7140400548887462e-05,0,-1
10684,25,2.7140400548887462e-05,0,-1
9758,25,2.7140400548887462e-05,0,-1
6329,25,2.7140400548887462e-05,0,-1
6314,25,2.7140400548887462e-05,0,-1
7871,25,2.7140400548887462e-05,0,-1
9730,25,2.7140400548887462e-05,0,-1
9778,25,2.7140400548887462e-05,0,-1
7912,25,2.7140400548887462e-05,0,-1
13931,25,2.7140400548887462e-05,0,-1
12840,25,2.7140400548887462e-05,0,-1
12841,25,2.7140400548887462e-05,0,-1
7886,25,2.7140400548887462e-05,0,-1
12999,25,2.7140400548887462e-05,0,-1
9511,25,2.7140400548887462e-05,0,-1
9513,25,2.7140400548887462e-05,0,-1
9482,25,2.7140400548887462e-05,0,-1
1378,25,2.7140400548887462e-05,0,-1
11140,25,2.7140400548887462e-05,0,-1
9490,25,2.7140400548887462e-05,0,-1
1848,25,2.7140400548887462e-05,0,-1
13608,25,2.7140400548887462e-05,0,-1
12992,25,2.7140400548887462e-05,0,-1
15351,25,2.7140400548887462e-05,0,-1
15357,25,2.7140400548887462e-05,0,-1
15347,25,2.7140400548887462e-05,0,-1
3638,25,2.7140400548887462e-05,0,-1
3643,25,2.7140400548887462e-05,0,-1
11112,25,2.7140400548887462e-05,0,-1
15336,25,2.7140400548887462e-05,0,-1
5522,25,2.7140400548887462e-05,0,-1
5557,25,2.7140400548887462e-05,0,-1
15298,25,2.7140400548887462e-05,0,-1
10769,25,2.7140400548887462e-05,0,-1
13923,25,2.7140400548887462e-05,0,-1
13906,25,2.7140400548887462e-05,0,-1
6124,25,2.7140400548887462e-05,0,-1
10767,25,2.7140400548887462e-05,0,-1
12331,25,2.7140400548887462e-05,0,-1
436,25,2.7140400548887462e-05,0,-1
14884,25,2.7140400548887462e-05,0,-1
14890,25,2.7140400548887462e-05,0,-1
6193,25,2.7140400548887462e-05,0,-1
6197,25,2.7140400548887462e-05,0,-1
6109,25,2.7140400548887462e-05,0,-1
13870,25,2.7140400548887462e-05,0,-1
15285,25,2.7140400548887462e-05,0,-1
15289,25,2.7140400548887462e-05,0,-1
15272,25,2.7140400548887462e-05,0,-1
3474,25,2.7140400548887462e-05,0,-1
11135,25,2.7140400548887462e-05,0,-1
12115,25,2.7140400548887462e-05,0,-1
3519,25,2.7140400548887462e-05,0,-1
15264,25,2.7140400548887462e-05,0,-1
13008,25,2.7140400548887462e-05,0,-1
9438,25,2.7140400548887462e-05,0,-1
13654,25,2.7140400548887462e-05,0,-1
13653,25,2.7140400548887462e-05,0,-1
15266,25,2.7140400548887462e-05,0,-1
3501,25,2.7140400548887462e-05,0,-1
8069,25,2.7140400548887462e-05,0,-1
2025,25,2.7140400548887462e-05,0,-1
8051,25,2.7140400548887462e-05,0,-1
9740,25,2.7140400548887462e-05,0,-1
15006,25,2.7140400548887462e-05,0,-1
14986,25,2.7140400548887462e-05,0,-1
13845,25,2.7140400548887462e-05,0,-1
12288,25,2.7140400548887462e-05,0,-1
6062,25,2.7140400548887462e-05,0,-1
15005,25,2.7140400548887462e-05,0,-1
3142,25,2.7140400548887462e-05,0,-1
10858,25,2.7140400548887462e-05,0,-1
3243,25,2.7140400548887462e-05,0,-1
10869,25,2.7140400548887462e-05,0,-1
10870,25,2.7140400548887462e-05,0,-1
12281,25,2.7140400548887462e-05,0,-1
3225,25,2.7140400548887462e-05,0,-1
5985,25,2.7140400548887462e-05,0,-1
1298,25,2.7140400548887462e-05,0,-1
1311,25,2.7140400548887462e-05,0,-1
1312,25,2.7140400548887462e-05,0,-1
13794,25,2.7140400548887462e-05,0,-1
8161,25,2.7140400548887462e-05,0,-1
15209,25,2.7140400548887462e-05,0,-1
5671,25,2.7140400548887462e-05,0,-1
5691,25,2.7140400548887462e-05,0,-1
3455,25,2.7140400548887462e-05,0,-1
10991,25,2.7140400548887462e-05,0,-1
773,25,2.7140400548887462e-05,0,-1
10952,25,2.7140400548887462e-05,0,-1
8352,25,2.7140400548887462e-05,0,-1
9556,25,2.7140400548887462e-05,0,-1
12967,25,2.7140400548887462e-05,0,-1
9519,25,2.7140400548887462e-05,0,-1
12961,25,2.7140400548887462e-05,0,-1
9569,25,2.7140400548887462e-05,0,-1
9571,25,2.7140400548887462e-05,0,-1
8345,25,2.7140400548887462e-05,0,-1
13821,25,2.7140400548887462e-05,0,-1
8113,25,2.7140400548887462e-05,0,-1
8189,25,2.7140400548887462e-05,0,-1
5876,25,2.7140400548887462e-05,0,-1
10894,25,2.7140400548887462e-05,0,-1
12249,25,2.7140400548887462e-05,0,-1
824,25,2.7140400548887462e-05,0,-1
12246,25,2.7140400548887462e-05,0,-1
3277,25,2.7140400548887462e-05,0,-1
3288,25,2.7140400548887462e-05,0,-1
5890,25,2.7140400548887462e-05,0,-1
15175,25,2.7140400548887462e-05,0,-1
15176,25,2.7140400548887462e-05,0,-1
3415,25,2.7140400548887462e-05,0,-1
3417,25,2.7140400548887462e-05,0,-1
3266,25,2.7140400548887462e-05,0,-1
3270,25,2.7140400548887462e-05,0,-1
12189,25,2.7140400548887462e-05,0,-1
3380,25,2.7140400548887462e-05,0,-1
15162,25,2.7140400548887462e-05,0,-1
8209,25,2.7140400548887462e-05,0,-1
5814,25,2.7140400548887462e-05,0,-1
5819,25,2.7140400548887462e-05,0,-1
3377,25,2.7140400548887462e-05,0,-1
15117,25,2.7140400548887462e-05,0,-1
15126,25,2.7140400548887462e-05,0,-1
3358,25,2.7140400548887462e-05,0,-1
13712,25,2.7140400548887462e-05,0,-1
8237,25,2.7140400548887462e-05,0,-1
13729,25,2.7140400548887462e-05,0,-1
11718,25,2.7140400548887462e-05,0,-1
16132,25,2.7140400548887462e-05,0,-1
16150,25,2.7140400548887462e-05,0,-1
16062,25,2.7140400548887462e-05,0,-1
1558,25,2.7140400548887462e-05,0,-1
4458,25,2.7140400548887462e-05,0,-1
16050,25,2.7140400548887462e-05,0,-1
4425,25,2.7140400548887462e-05,0,-1
4443,25,2.7140400548887462e-05,0,-1
9106,25,2.7140400548887462e-05,0,-1
9114,25,2.7140400548887462e-05,0,-1
16245,25,2.7140400548887462e-05,0,-1
13263,25,2.7140400548887462e-05,0,-1
13246,25,2.7140400548887462e-05,0,-1
11780,25,2.7140400548887462e-05,0,-1
11689,25,2.7140400548887462e-05,0,-1
16020,25,2.7140400548887462e-05,0,-1
16036,25,2.7140400548887462e-05,0,-1
15965,25,2.7140400548887462e-05,0,-1
15971,25,2.7140400548887462e-05,0,-1
16021,25,2.7140400548887462e-05,0,-1
16002,25,2.7140400548887462e-05,0,-1
15986,25,2.7140400548887462e-05,0,-1
9118,25,2.7140400548887462e-05,0,-1
8980,25,2.7140400548887462e-05,0,-1
13295,25,2.7140400548887462e-05,0,-1
15990,25,2.7140400548887462e-05,0,-1
15975,25,2.7140400548887462e-05,0,-1
13190,25,2.7140400548887462e-05,0,-1
13192,25,2.7140400548887462e-05,0,-1
9149,25,2.7140400548887462e-05,0,-1
9080,25,2.7140400548887462e-05,0,-1
21,24,2.6054784526931962e-05,0,-1
13189,24,2.6054784526931962e-05,0,-1
13177,24,2.6054784526931962e-05,0,-1
9085,24,2.6054784526931962e-05,0,-1
9091,24,2.6054784526931962e-05,0,-1
9092,24,2.6054784526931962e-05,0,-1
13290,24,2.6054784526931962e-05,0,-1
15979,24,2.6054784526931962e-05,0,-1
15983,24,2.6054784526931962e-05,0,-1
4357,24,2.6054784526931962e-05,0,-1
15984,24,2.6054784526931962e-05,0,-1
11704,24,2.6054784526931962e-05,0,-1
11727,24,2.6054784526931962e-05,0,-1
16019,24,2.6054784526931962e-05,0,-1
4219,24,2.6054784526931962e-05,0,-1
15852,24,2.6054784526931962e-05,0,-1
15853,24,2.6054784526931962e-05,0,-1
11838,24,2.6054784526931962e-05,0,-1
11841,24,2.6054784526931962e-05,0,-1
11846,24,2.6054784526931962e-05,0,-1
4656,24,2.6054784526931962e-05,0,-1
4315,24,2.6054784526931962e-05,0,-1
13146,24,2.6054784526931962e-05,0,-1
8909,24,2.6054784526931962e-05,0,-1
9160,24,2.6054784526931962e-05,0,-1
1511,24,2.6054784526931962e-05,0,-1
15834,24,2.6054784526931962e-05,0,-1
15839,24,2.6054784526931962e-05,0,-1
11595,24,2.6054784526931962e-05,0,-1
11834,24,2.6054784526931962e-05,0,-1
10181,24,2.6054784526931962e-05,0,-1
12610,24,2.6054784526931962e-05,0,-1
2449,24,2.6054784526931962e-05,0,-1
8942,24,2.6054784526931962e-05,0,-1
8948,24,2.6054784526931962e-05,0,-1
13325,24,2.6054784526931962e-05,0,-1
1529,24,2.6054784526931962e-05,0,-1
13173,24,2.6054784526931962e-05,0,-1
14412,24,2.6054784526931962e-05,0,-1
14417,24,2.6054784526931962e-05,0,-1
7059,24,2.6054784526931962e-05,0,-1
7060,24,2.6054784526931962e-05,0,-1
12615,24,2.6054784526931962e-05,0,-1
12603,24,2.6054784526931962e-05,0,-1
12605,24,2.6054784526931962e-05,0,-1
10175,24,2.6054784526931962e-05,0,-1
15192,24,2.6054784526931962e-05,0,-1
15194,24,2.6054784526931962e-05,0,-1
15174,24,2.6054784526931962e-05,0,-1
5670,24,2.6054784526931962e-05,0,-1
5677,24,2.6054784526931962e-05,0,-1
11017,24,2.6054784526931962e-05,0,-1
12175,24,2.6054784526931962e-05,0,-1
5636,24,2.6054784526931962e-05,0,-1
3339,24,2.6054784526931962e-05,0,-1
3344,24,2.6054784526931962e-05,0,-1
13803,24,2.6054784526931962e-05,0,-1
8184,24,2.6054784526931962e-05,0,-1
9579,24,2.6054784526931962e-05,0,-1
1888,24,2.6054784526931962e-05,0,-1
9545,24,2.6054784526931962e-05,0,-1
15184,24,2.6054784526931962e-05,0,-1
3260,24,2.6054784526931962e-05,0,-1
3263,24,2.6054784526931962e-05,0,-1
12218,24,2.6054784526931962e-05,0,-1
12224,24,2.6054784526931962e-05,0,-1
3308,24,2.6054784526931962e-05,0,-1
5883,24,2.6054784526931962e-05,0,-1
15076,24,2.6054784526931962e-05,0,-1
5822,24,2.6054784526931962e-05,0,-1
10977,24,2.6054784526931962e-05,0,-1
5753,24,2.6054784526931962e-05,0,-1
5793,24,2.6054784526931962e-05,0,-1
10928,24,2.6054784526931962e-05,0,-1
10929,24,2.6054784526931962e-05,0,-1
12197,24,2.6054784526931962e-05,0,-1
15171,24,2.6054784526931962e-05,0,-1
15059,24,2.6054784526931962e-05,0,-1
15024,24,2.6054784526931962e-05,0,-1
14932,24,2.6054784526931962e-05,0,-1
14941,24,2.6054784526931962e-05,0,-1
6073,24,2.6054784526931962e-05,0,-1
14925,24,2.6054784526931962e-05,0,-1
14958,24,2.6054784526931962e-05,0,-1
3160,24,2.6054784526931962e-05,0,-1
14948,24,2.6054784526931962e-05,0,-1
10856,24,2.6054784526931962e-05,0,-1
10857,24,2.6054784526931962e-05,0,-1
3229,24,2.6054784526931962e-05,0,-1
10867,24,2.6054784526931962e-05,0,-1
5950,24,2.6054784526931962e-05,0,-1
15041,24,2.6054784526931962e-05,0,-1
5989,24,2.6054784526931962e-05,0,-1
15012,24,2.6054784526931962e-05,0,-1
9674,24,2.6054784526931962e-05,0,-1
9679,24,2.6054784526931962e-05,0,-1
12904,24,2.6054784526931962e-05,0,-1
12905,24,2.6054784526931962e-05,0,-1
12910,24,2.6054784526931962e-05,0,-1
12911,24,2.6054784526931962e-05,0,-1
13826,24,2.6054784526931962e-05,0,-1
1290,24,2.6054784526931962e-05,0,-1
15230,24,2.6054784526931962e-05,0,-1
15225,24,2.6054784526931962e-05,0,-1
1901,24,2.6054784526931962e-05,0,-1
1903,24,2.6054784526931962e-05,0,-1
8296,24,2.6054784526931962e-05,0,-1
9710,24,2.6054784526931962e-05,0,-1
8139,24,2.6054784526931962e-05,0,-1
13819,24,2.6054784526931962e-05,0,-1
15300,24,2.6054784526931962e-05,0,-1
3571,24,2.6054784526931962e-05,0,-1
3572,24,2.6054784526931962e-05,0,-1
5588,24,2.6054784526931962e-05,0,-1
13680,24,2.6054784526931962e-05,0,-1
13671,24,2.6054784526931962e-05,0,-1
8399,24,2.6054784526931962e-05,0,-1
13657,24,2.6054784526931962e-05,0,-1
3482,24,2.6054784526931962e-05,0,-1
3516,24,2.6054784526931962e-05,0,-1
5618,24,2.6054784526931962e-05,0,-1
15273,24,2.6054784526931962e-05,0,-1
11056,24,2.6054784526931962e-05,0,-1
11072,24,2.6054784526931962e-05,0,-1
11087,24,2.6054784526931962e-05,0,-1
12138,24,2.6054784526931962e-05,0,-1
1954,24,2.6054784526931962e-05,0,-1
1977,24,2.6054784526931962e-05,0,-1
7997,24,2.6054784526931962e-05,0,-1
8004,24,2.6054784526931962e-05,0,-1
8098,24,2.6054784526931962e-05,0,-1
9695,24,2.6054784526931962e-05,0,-1
8377,24,2.6054784526931962e-05,0,-1
8382,24,2.6054784526931962e-05,0,-1
6080,24,2.6054784526931962e-05,0,-1
10836,24,2.6054784526931962e-05,0,-1
6048,24,2.6054784526931962e-05,0,-1
6054,24,2.6054784526931962e-05,0,-1
6025,24,2.6054784526931962e-05,0,-1
14985,24,2.6054784526931962e-05,0,-1
10790,24,2.6054784526931962e-05,0,-1
8096,24,2.6054784526931962e-05,0,-1
3628,24,2.6054784526931962e-05,0,-1
11152,24,2.6054784526931962e-05,0,-1
13614,24,2.6054784526931962e-05,0,-1
9495,24,2.6054784526931962e-05,0,-1
1380,24,2.6054784526931962e-05,0,-1
1388,24,2.6054784526931962e-05,0,-1
1396,24,2.6054784526931962e-05,0,-1
2081,24,2.6054784526931962e-05,0,-1
10774,24,2.6054784526931962e-05,0,-1
13925,24,2.6054784526931962e-05,0,-1
7913,24,2.6054784526931962e-05,0,-1
15337,24,2.6054784526931962e-05,0,-1
15319,24,2.6054784526931962e-05,0,-1
15306,24,2.6054784526931962e-05,0,-1
5471,24,2.6054784526931962e-05,0,-1
15329,24,2.6054784526931962e-05,0,-1
12882,24,2.6054784526931962e-05,0,-1
6180,24,2.6054784526931962e-05,0,-1
3133,24,2.6054784526931962e-05,0,-1
14898,24,2.6054784526931962e-05,0,-1
12332,24,2.6054784526931962e-05,0,-1
424,24,2.6054784526931962e-05,0,-1
14913,24,2.6054784526931962e-05,0,-1
14918,24,2.6054784526931962e-05,0,-1
9748,24,2.6054784526931962e-05,0,-1
128,24,2.6054784526931962e-05,0,-1
13858,24,2.6054784526931962e-05,0,-1
2056,24,2.6054784526931962e-05,0,-1
9696,24,2.6054784526931962e-05,0,-1
1249,24,2.6054784526931962e-05,0,-1
1255,24,2.6054784526931962e-05,0,-1
1256,24,2.6054784526931962e-05,0,-1
15372,24,2.6054784526931962e-05,0,-1
15424,24,2.6054784526931962e-05,0,-1
15430,24,2.6054784526931962e-05,0,-1
5405,24,2.6054784526931962e-05,0,-1
11209,24,2.6054784526931962e-05,0,-1
3718,24,2.6054784526931962e-05,0,-1
3708,24,2.6054784526931962e-05,0,-1
14852,24,2.6054784526931962e-05,0,-1
12342,24,2.6054784526931962e-05,0,-1
1416,24,2.6054784526931962e-05,0,-1
9452,24,2.6054784526931962e-05,0,-1
8465,24,2.6054784526931962e-05,0,-1
144,24,2.6054784526931962e-05,0,-1
9383,24,2.6054784526931962e-05,0,-1
13039,24,2.6054784526931962e-05,0,-1
5437,24,2.6054784526931962e-05,0,-1
3030,24,2.6054784526931962e-05,0,-1
14841,24,2.6054784526931962e-05,0,-1
12350,24,2.6054784526931962e-05,0,-1
12352,24,2.6054784526931962e-05,0,-1
10734,24,2.6054784526931962e-05,0,-1
3035,24,2.6054784526931962e-05,0,-1
863,24,2.6054784526931962e-05,0,-1
12371,24,2.6054784526931962e-05,0,-1
13941,24,2.6054784526931962e-05,0,-1
7869,24,2.6054784526931962e-05,0,-1
7831,24,2.6054784526931962e-05,0,-1
7834,24,2.6054784526931962e-05,0,-1
13947,24,2.6054784526931962e-05,0,-1
13958,24,2.6054784526931962e-05,0,-1
9731,24,2.6054784526931962e-05,0,-1
3013,24,2.6054784526931962e-05,0,-1
11229,24,2.6054784526931962e-05,0,-1
15484,24,2.6054784526931962e-05,0,-1
15486,24,2.6054784526931962e-05,0,-1
1766,24,2.6054784526931962e-05,0,-1
1776,24,2.6054784526931962e-05,0,-1
13582,24,2.6054784526931962e-05,0,-1
8534,24,2.6054784526931962e-05,0,-1
1811,24,2.6054784526931962e-05,0,-1
13542,24,2.6054784526931962e-05,0,-1
9373,24,2.6054784526931962e-05,0,-1
3768,24,2.6054784526931962e-05,0,-1
15445,24,2.6054784526931962e-05,0,-1
11279,24,2.6054784526931962e-05,0,-1
15460,24,2.6054784526931962e-05,0,-1
754,24,2.6054784526931962e-05,0,-1
12050,24,2.6054784526931962e-05,0,-1
10682,24,2.6054784526931962e-05,0,-1
6326,24,2.6054784526931962e-05,0,-1
14807,24,2.6054784526931962e-05,0,-1
14797,24,2.6054784526931962e-05,0,-1
14007,24,2.6054784526931962e-05,0,-1
7803,24,2.6054784526931962e-05,0,-1
7810,24,2.6054784526931962e-05,0,-1
8551,24,2.6054784526931962e-05,0,-1
6214,24,2.6054784526931962e-05,0,-1
6219,24,2.6054784526931962e-05,0,-1
6360,24,2.6054784526931962e-05,0,-1
14764,24,2.6054784526931962e-05,0,-1
10657,24,2.6054784526931962e-05,0,-1
12406,24,2.6054784526931962e-05,0,-1
12394,24,2.6054784526931962e-05,0,-1
14786,24,2.6054784526931962e-05,0,-1
13501,24,2.6054784526931962e-05,0,-1
13521,24,2.6054784526931962e-05,0,-1
8628,24,2.6054784526931962e-05,0,-1
1708,24,2.6054784526931962e-05,0,-1
8585,24,2.6054784526931962e-05,0,-1
8565,24,2.6054784526931962e-05,0,-1
13467,24,2.6054784526931962e-05,0,-1
8746,24,2.6054784526931962e-05,0,-1
15502,24,2.6054784526931962e-05,0,-1
15504,24,2.6054784526931962e-05,0,-1
5340,24,2.6054784526931962e-05,0,-1
15494,24,2.6054784526931962e-05,0,-1
12020,24,2.6054784526931962e-05,0,-1
11323,24,2.6054784526931962e-05,0,-1
11298,24,2.6054784526931962e-05,0,-1
11313,24,2.6054784526931962e-05,0,-1
6472,24,2.6054784526931962e-05,0,-1
14727,24,2.6054784526931962e-05,0,-1
14731,24,2.6054784526931962e-05,0,-1
14736,24,2.6054784526931962e-05,0,-1
6457,24,2.6054784526931962e-05,0,-1
6459,24,2.6054784526931962e-05,0,-1
12416,24,2.6054784526931962e-05,0,-1
10637,24,2.6054784526931962e-05,0,-1
2191,24,2.6054784526931962e-05,0,-1
7770,24,2.6054784526931962e-05,0,-1
14011,24,2.6054784526931962e-05,0,-1
14012,24,2.6054784526931962e-05,0,-1
2221,24,2.6054784526931962e-05,0,-1
12822,24,2.6054784526931962e-05,0,-1
6418,24,2.6054784526931962e-05,0,-1
2908,24,2.6054784526931962e-05,0,-1
9912,24,2.6054784526931962e-05,0,-1
7587,24,2.6054784526931962e-05,0,-1
7588,24,2.6054784526931962e-05,0,-1
14100,24,2.6054784526931962e-05,0,-1
14111,24,2.6054784526931962e-05,0,-1
14124,24,2.6054784526931962e-05,0,-1
9860,24,2.6054784526931962e-05,0,-1
9815,24,2.6054784526931962e-05,0,-1
12471,24,2.6054784526931962e-05,0,-1
941,24,2.6054784526931962e-05,0,-1
10502,24,2.6054784526931962e-05,0,-1
14693,24,2.6054784526931962e-05,0,-1
14084,24,2.6054784526931962e-05,0,-1
7617,24,2.6054784526931962e-05,0,-1
14070,24,2.6054784526931962e-05,0,-1
14046,24,2.6054784526931962e-05,0,-1
11387,24,2.6054784526931962e-05,0,-1
52,24,2.6054784526931962e-05,0,-1
3896,24,2.6054784526931962e-05,0,-1
3903,24,2.6054784526931962e-05,0,-1
14668,24,2.6054784526931962e-05,0,-1
14673,24,2.6054784526931962e-05,0,-1
14655,24,2.6054784526931962e-05,0,-1
2875,24,2.6054784526931962e-05,0,-1
8691,24,2.6054784526931962e-05,0,-1
13102,24,2.6054784526931962e-05,0,-1
9315,24,2.6054784526931962e-05,0,-1
5150,24,2.6054784526931962e-05,0,-1
3871,24,2.6054784526931962e-05,0,-1
11334,24,2.6054784526931962e-05,0,-1
11976,24,2.6054784526931962e-05,0,-1
11984,24,2.6054784526931962e-05,0,-1
11420,24,2.6054784526931962e-05,0,-1
678,24,2.6054784526931962e-05,0,-1
702,24,2.6054784526931962e-05,0,-1
15655,24,2.6054784526931962e-05,0,-1
722,24,2.6054784526931962e-05,0,-1
11952,24,2.6054784526931962e-05,0,-1
718,24,2.6054784526931962e-05,0,-1
13413,24,2.6054784526931962e-05,0,-1
11920,24,2.6054784526931962e-05,0,-1
15633,24,2.6054784526931962e-05,0,-1
15624,24,2.6054784526931962e-05,0,-1
5091,24,2.6054784526931962e-05,0,-1
4012,24,2.6054784526931962e-05,0,-1
15639,24,2.6054784526931962e-05,0,-1
15646,24,2.6054784526931962e-05,0,-1
530,24,2.6054784526931962e-05,0,-1
14137,24,2.6054784526931962e-05,0,-1
9976,24,2.6054784526931962e-05,0,-1
12742,24,2.6054784526931962e-05,0,-1
9963,24,2.6054784526931962e-05,0,-1
9975,24,2.6054784526931962e-05,0,-1
7540,24,2.6054784526931962e-05,0,-1
1183,24,2.6054784526931962e-05,0,-1
11447,24,2.6054784526931962e-05,0,-1
14611,24,2.6054784526931962e-05,0,-1
10465,24,2.6054784526931962e-05,0,-1
10449,24,2.6054784526931962e-05,0,-1
14629,24,2.6054784526931962e-05,0,-1
14633,24,2.6054784526931962e-05,0,-1
6602,24,2.6054784526931962e-05,0,-1
7515,24,2.6054784526931962e-05,0,-1
7525,24,2.6054784526931962e-05,0,-1
13113,24,2.6054784526931962e-05,0,-1
13377,24,2.6054784526931962e-05,0,-1
9225,24,2.6054784526931962e-05,0,-1
15691,24,2.6054784526931962e-05,0,-1
15692,24,2.6054784526931962e-05,0,-1
15682,24,2.6054784526931962e-05,0,-1
15684,24,2.6054784526931962e-05,0,-1
15689,24,2.6054784526931962e-05,0,-1
14189,24,2.6054784526931962e-05,0,-1
14174,24,2.6054784526931962e-05,0,-1
12723,24,2.6054784526931962e-05,0,-1
12726,24,2.6054784526931962e-05,0,-1
9999,24,2.6054784526931962e-05,0,-1
12713,24,2.6054784526931962e-05,0,-1
8829,24,2.6054784526931962e-05,0,-1
9212,24,2.6054784526931962e-05,0,-1
14572,24,2.6054784526931962e-05,0,-1
12542,24,2.6054784526931962e-05,0,-1
12545,24,2.6054784526931962e-05,0,-1
10459,24,2.6054784526931962e-05,0,-1
6697,24,2.6054784526931962e-05,0,-1
6655,24,2.6054784526931962e-05,0,-1
12526,24,2.6054784526931962e-05,0,-1
7485,24,2.6054784526931962e-05,0,-1
8811,24,2.6054784526931962e-05,0,-1
13401,24,2.6054784526931962e-05,0,-1
13402,24,2.6054784526931962e-05,0,-1
14149,24,2.6054784526931962e-05,0,-1
14155,24,2.6054784526931962e-05,0,-1
6743,24,2.6054784526931962e-05,0,-1
6719,24,2.6054784526931962e-05,0,-1
2693,24,2.6054784526931962e-05,0,-1
15736,24,2.6054784526931962e-05,0,-1
4798,24,2.6054784526931962e-05,0,-1
4799,24,2.6054784526931962e-05,0,-1
15793,24,2.6054784526931962e-05,0,-1
4139,24,2.6054784526931962e-05,0,-1
15779,24,2.6054784526931962e-05,0,-1
15783,24,2.6054784526931962e-05,0,-1
4747,24,2.6054784526931962e-05,0,-1
14551,24,2.6054784526931962e-05,0,-1
14540,24,2.6054784526931962e-05,0,-1
6754,24,2.6054784526931962e-05,0,-1
6763,24,2.6054784526931962e-05,0,-1
14232,24,2.6054784526931962e-05,0,-1
15862,24,2.6054784526931962e-05,0,-1
15755,24,2.6054784526931962e-05,0,-1
15758,24,2.6054784526931962e-05,0,-1
6849,24,2.6054784526931962e-05,0,-1
2677,24,2.6054784526931962e-05,0,-1
6767,24,2.6054784526931962e-05,0,-1
2642,24,2.6054784526931962e-05,0,-1
1001,24,2.6054784526931962e-05,0,-1
10331,24,2.6054784526931962e-05,0,-1
10338,24,2.6054784526931962e-05,0,-1
6726,24,2.6054784526931962e-05,0,-1
4067,24,2.6054784526931962e-05,0,-1
15715,24,2.6054784526931962e-05,0,-1
4949,24,2.6054784526931962e-05,0,-1
9986,24,2.6054784526931962e-05,0,-1
7393,24,2.6054784526931962e-05,0,-1
14216,24,2.6054784526931962e-05,0,-1
14219,24,2.6054784526931962e-05,0,-1
14520,24,2.6054784526931962e-05,0,-1
2571,24,2.6054784526931962e-05,0,-1
2577,24,2.6054784526931962e-05,0,-1
10252,24,2.6054784526931962e-05,0,-1
10253,24,2.6054784526931962e-05,0,-1
2598,24,2.6054784526931962e-05,0,-1
7137,24,2.6054784526931962e-05,0,-1
7016,24,2.6054784526931962e-05,0,-1
6996,24,2.6054784526931962e-05,0,-1
14456,24,2.6054784526931962e-05,0,-1
14457,24,2.6054784526931962e-05,0,-1
14439,24,2.6054784526931962e-05,0,-1
2549,24,2.6054784526931962e-05,0,-1
10238,24,2.6054784526931962e-05,0,-1
12577,24,2.6054784526931962e-05,0,-1
12586,24,2.6054784526931962e-05,0,-1
12591,24,2.6054784526931962e-05,0,-1
13130,24,2.6054784526931962e-05,0,-1
2400,24,2.6054784526931962e-05,0,-1
7356,24,2.6054784526931962e-05,0,-1
7282,24,2.6054784526931962e-05,0,-1
14257,24,2.6054784526931962e-05,0,-1
14247,24,2.6054784526931962e-05,0,-1
7306,24,2.6054784526931962e-05,0,-1
7309,24,2.6054784526931962e-05,0,-1
4749,24,2.6054784526931962e-05,0,-1
15807,24,2.6054784526931962e-05,0,-1
11550,24,2.6054784526931962e-05,0,-1
11868,24,2.6054784526931962e-05,0,-1
8857,24,2.6054784526931962e-05,0,-1
168,24,2.6054784526931962e-05,0,-1
13345,24,2.6054784526931962e-05,0,-1
13349,24,2.6054784526931962e-05,0,-1
16184,24,2.6054784526931962e-05,0,-1
24,24,2.6054784526931962e-05,0,-1
9062,24,2.6054784526931962e-05,0,-1
13234,24,2.6054784526931962e-05,0,-1
1555,24,2.6054784526931962e-05,0,-1
221,24,2.6054784526931962e-05,0,-1
16141,24,2.6054784526931962e-05,0,-1
596,24,2.6054784526931962e-05,0,-1
7154,24,2.6054784526931962e-05,0,-1
14356,24,2.6054784526931962e-05,0,-1
7159,24,2.6054784526931962e-05,0,-1
7162,24,2.6054784526931962e-05,0,-1
14340,24,2.6054784526931962e-05,0,-1
32,24,2.6054784526931962e-05,0,-1
16171,24,2.6054784526931962e-05,0,-1
16178,24,2.6054784526931962e-05,0,-1
14294,24,2.6054784526931962e-05,0,-1
7259,24,2.6054784526931962e-05,0,-1
14305,24,2.6054784526931962e-05,0,-1
14350,24,2.6054784526931962e-05,0,-1
10128,24,2.6054784526931962e-05,0,-1
1076,24,2.6054784526931962e-05,0,-1
12648,24,2.6054784526931962e-05,0,-1
7144,24,2.6054784526931962e-05,0,-1
4300,24,2.6054784526931962e-05,0,-1
11833,24,2.6054784526931962e-05,0,-1
11806,24,2.6054784526931962e-05,0,-1
4500,24,2.6054784526931962e-05,0,-1
11604,24,2.6054784526931962e-05,0,-1
11614,24,2.6054784526931962e-05,0,-1
13309,24,2.6054784526931962e-05,0,-1
13312,24,2.6054784526931962e-05,0,-1
9619,24,2.6054784526931962e-05,0,-1
9599,24,2.6054784526931962e-05,0,-1
8242,24,2.6054784526931962e-05,0,-1
1949,24,2.6054784526931962e-05,0,-1
8164,24,2.6054784526931962e-05,0,-1
8183,24,2.6054784526931962e-05,0,-1
8200,24,2.6054784526931962e-05,0,-1
10955,24,2.6054784526931962e-05,0,-1
16093,24,2.6054784526931962e-05,0,-1
9139,24,2.6054784526931962e-05,0,-1
13691,24,2.6054784526931962e-05,0,-1
13705,24,2.6054784526931962e-05,0,-1
13728,24,2.6054784526931962e-05,0,-1
13734,24,2.6054784526931962e-05,0,-1
8264,24,2.6054784526931962e-05,0,-1
13765,24,2.6054784526931962e-05,0,-1
16078,24,2.6054784526931962e-05,0,-1
16066,24,2.6054784526931962e-05,0,-1
16069,24,2.6054784526931962e-05,0,-1
16073,24,2.6054784526931962e-05,0,-1
4455,24,2.6054784526931962e-05,0,-1
16120,24,2.6054784526931962e-05,0,-1
16100,24,2.6054784526931962e-05,0,-1
16090,24,2.6054784526931962e-05,0,-1
13256,24,2.6054784526931962e-05,0,-1
13264,24,2.6054784526931962e-05,0,-1
13236,24,2.6054784526931962e-05,0,-1
1559,24,2.6054784526931962e-05,0,-1
4461,24,2.6054784526931962e-05,0,-1
4415,24,2.6054784526931962e-05,0,-1
4450,24,2.6054784526931962e-05,0,-1
16075,24,2.6054784526931962e-05,0,-1
9047,23,2.4969168504976463e-05,0,-1
16147,23,2.4969168504976463e-05,0,-1
16215,23,2.4969168504976463e-05,0,-1
11713,23,2.4969168504976463e-05,0,-1
16126,23,2.4969168504976463e-05,0,-1
16097,23,2.4969168504976463e-05,0,-1
16076,23,2.4969168504976463e-05,0,-1
16040,23,2.4969168504976463e-05,0,-1
13267,23,2.4969168504976463e-05,0,-1
13207,23,2.4969168504976463e-05,0,-1
16176,23,2.4969168504976463e-05,0,-1
16185,23,2.4969168504976463e-05,0,-1
16179,23,2.4969168504976463e-05,0,-1
16196,23,2.4969168504976463e-05,0,-1
16198,23,2.4969168504976463e-05,0,-1
4,23,2.4969168504976463e-05,0,-1
14,23,2.4969168504976463e-05,0,-1
14351,23,2.4969168504976463e-05,0,-1
14345,23,2.4969168504976463e-05,0,-1
12649,23,2.4969168504976463e-05,0,-1
12652,23,2.4969168504976463e-05,0,-1
7228,23,2.4969168504976463e-05,0,-1
14337,23,2.4969168504976463e-05,0,-1
7237,23,2.4969168504976463e-05,0,-1
14300,23,2.4969168504976463e-05,0,-1
7272,23,2.4969168504976463e-05,0,-1
8944,23,2.4969168504976463e-05,0,-1
8926,23,2.4969168504976463e-05,0,-1
13326,23,2.4969168504976463e-05,0,-1
13331,23,2.4969168504976463e-05,0,-1
13310,23,2.4969168504976463e-05,0,-1
11610,23,2.4969168504976463e-05,0,-1
15943,23,2.4969168504976463e-05,0,-1
15950,23,2.4969168504976463e-05,0,-1
15849,23,2.4969168504976463e-05,0,-1
4178,23,2.4969168504976463e-05,0,-1
4706,23,2.4969168504976463e-05,0,-1
15832,23,2.4969168504976463e-05,0,-1
165,23,2.4969168504976463e-05,0,-1
9165,23,2.4969168504976463e-05,0,-1
9169,23,2.4969168504976463e-05,0,-1
9190,23,2.4969168504976463e-05,0,-1
11576,23,2.4969168504976463e-05,0,-1
11584,23,2.4969168504976463e-05,0,-1
647,23,2.4969168504976463e-05,0,-1
11563,23,2.4969168504976463e-05,0,-1
11588,23,2.4969168504976463e-05,0,-1
11594,23,2.4969168504976463e-05,0,-1
4205,23,2.4969168504976463e-05,0,-1
4197,23,2.4969168504976463e-05,0,-1
4775,23,2.4969168504976463e-05,0,-1
4148,23,2.4969168504976463e-05,0,-1
15778,23,2.4969168504976463e-05,0,-1
15766,23,2.4969168504976463e-05,0,-1
15763,23,2.4969168504976463e-05,0,-1
4816,23,2.4969168504976463e-05,0,-1
4846,23,2.4969168504976463e-05,0,-1
15872,23,2.4969168504976463e-05,0,-1
14601,23,2.4969168504976463e-05,0,-1
10374,23,2.4969168504976463e-05,0,-1
10387,23,2.4969168504976463e-05,0,-1
12534,23,2.4969168504976463e-05,0,-1
12539,23,2.4969168504976463e-05,0,-1
10399,23,2.4969168504976463e-05,0,-1
6640,23,2.4969168504976463e-05,0,-1
14588,23,2.4969168504976463e-05,0,-1
7431,23,2.4969168504976463e-05,0,-1
7432,23,2.4969168504976463e-05,0,-1
14204,23,2.4969168504976463e-05,0,-1
10031,23,2.4969168504976463e-05,0,-1
12714,23,2.4969168504976463e-05,0,-1
2317,23,2.4969168504976463e-05,0,-1
14181,23,2.4969168504976463e-05,0,-1
7490,23,2.4969168504976463e-05,0,-1
12561,23,2.4969168504976463e-05,0,-1
6790,23,2.4969168504976463e-05,0,-1
14501,23,2.4969168504976463e-05,0,-1
14503,23,2.4969168504976463e-05,0,-1
14504,23,2.4969168504976463e-05,0,-1
6836,23,2.4969168504976463e-05,0,-1
6848,23,2.4969168504976463e-05,0,-1
14221,23,2.4969168504976463e-05,0,-1
6728,23,2.4969168504976463e-05,0,-1
6707,23,2.4969168504976463e-05,0,-1
14544,23,2.4969168504976463e-05,0,-1
14533,23,2.4969168504976463e-05,0,-1
10305,23,2.4969168504976463e-05,0,-1
10329,23,2.4969168504976463e-05,0,-1
12569,23,2.4969168504976463e-05,0,-1
12553,23,2.4969168504976463e-05,0,-1
6608,23,2.4969168504976463e-05,0,-1
10420,23,2.4969168504976463e-05,0,-1
10424,23,2.4969168504976463e-05,0,-1
10445,23,2.4969168504976463e-05,0,-1
10479,23,2.4969168504976463e-05,0,-1
10483,23,2.4969168504976463e-05,0,-1
12496,23,2.4969168504976463e-05,0,-1
12500,23,2.4969168504976463e-05,0,-1
12741,23,2.4969168504976463e-05,0,-1
9973,23,2.4969168504976463e-05,0,-1
7517,23,2.4969168504976463e-05,0,-1
7522,23,2.4969168504976463e-05,0,-1
7523,23,2.4969168504976463e-05,0,-1
14140,23,2.4969168504976463e-05,0,-1
6544,23,2.4969168504976463e-05,0,-1
6571,23,2.4969168504976463e-05,0,-1
6721,23,2.4969168504976463e-05,0,-1
7512,23,2.4969168504976463e-05,0,-1
7488,23,2.4969168504976463e-05,0,-1
14153,23,2.4969168504976463e-05,0,-1
7545,23,2.4969168504976463e-05,0,-1
12749,23,2.4969168504976463e-05,0,-1
12752,23,2.4969168504976463e-05,0,-1
12761,23,2.4969168504976463e-05,0,-1
6693,23,2.4969168504976463e-05,0,-1
14573,23,2.4969168504976463e-05,0,-1
14574,23,2.4969168504976463e-05,0,-1
14577,23,2.4969168504976463e-05,0,-1
6735,23,2.4969168504976463e-05,0,-1
14564,23,2.4969168504976463e-05,0,-1
6713,23,2.4969168504976463e-05,0,-1
6718,23,2.4969168504976463e-05,0,-1
14701,23,2.4969168504976463e-05,0,-1
10508,23,2.4969168504976463e-05,0,-1
10495,23,2.4969168504976463e-05,0,-1
10506,23,2.4969168504976463e-05,0,-1
12468,23,2.4969168504976463e-05,0,-1
12469,23,2.4969168504976463e-05,0,-1
10541,23,2.4969168504976463e-05,0,-1
14674,23,2.4969168504976463e-05,0,-1
9897,23,2.4969168504976463e-05,0,-1
9911,23,2.4969168504976463e-05,0,-1
7589,23,2.4969168504976463e-05,0,-1
2252,23,2.4969168504976463e-05,0,-1
2259,23,2.4969168504976463e-05,0,-1
7607,23,2.4969168504976463e-05,0,-1
14060,23,2.4969168504976463e-05,0,-1
14714,23,2.4969168504976463e-05,0,-1
14114,23,2.4969168504976463e-05,0,-1
9853,23,2.4969168504976463e-05,0,-1
9854,23,2.4969168504976463e-05,0,-1
9845,23,2.4969168504976463e-05,0,-1
9851,23,2.4969168504976463e-05,0,-1
12773,23,2.4969168504976463e-05,0,-1
12779,23,2.4969168504976463e-05,0,-1
12796,23,2.4969168504976463e-05,0,-1
12502,23,2.4969168504976463e-05,0,-1
12506,23,2.4969168504976463e-05,0,-1
2750,23,2.4969168504976463e-05,0,-1
2761,23,2.4969168504976463e-05,0,-1
14620,23,2.4969168504976463e-05,0,-1
6617,23,2.4969168504976463e-05,0,-1
2727,23,2.4969168504976463e-05,0,-1
14603,23,2.4969168504976463e-05,0,-1
2189,23,2.4969168504976463e-05,0,-1
7762,23,2.4969168504976463e-05,0,-1
13990,23,2.4969168504976463e-05,0,-1
7827,23,2.4969168504976463e-05,0,-1
13982,23,2.4969168504976463e-05,0,-1
14804,23,2.4969168504976463e-05,0,-1
14805,23,2.4969168504976463e-05,0,-1
14793,23,2.4969168504976463e-05,0,-1
6486,23,2.4969168504976463e-05,0,-1
14040,23,2.4969168504976463e-05,0,-1
14033,23,2.4969168504976463e-05,0,-1
14018,23,2.4969168504976463e-05,0,-1
9795,23,2.4969168504976463e-05,0,-1
12816,23,2.4969168504976463e-05,0,-1
9790,23,2.4969168504976463e-05,0,-1
2181,23,2.4969168504976463e-05,0,-1
2937,23,2.4969168504976463e-05,0,-1
6401,23,2.4969168504976463e-05,0,-1
14746,23,2.4969168504976463e-05,0,-1
14748,23,2.4969168504976463e-05,0,-1
14733,23,2.4969168504976463e-05,0,-1
14721,23,2.4969168504976463e-05,0,-1
14725,23,2.4969168504976463e-05,0,-1
6484,23,2.4969168504976463e-05,0,-1
14681,23,2.4969168504976463e-05,0,-1
14659,23,2.4969168504976463e-05,0,-1
14646,23,2.4969168504976463e-05,0,-1
2953,23,2.4969168504976463e-05,0,-1
6378,23,2.4969168504976463e-05,0,-1
924,23,2.4969168504976463e-05,0,-1
10585,23,2.4969168504976463e-05,0,-1
10609,23,2.4969168504976463e-05,0,-1
7883,23,2.4969168504976463e-05,0,-1
13938,23,2.4969168504976463e-05,0,-1
13939,23,2.4969168504976463e-05,0,-1
7864,23,2.4969168504976463e-05,0,-1
7921,23,2.4969168504976463e-05,0,-1
13905,23,2.4969168504976463e-05,0,-1
13908,23,2.4969168504976463e-05,0,-1
6140,23,2.4969168504976463e-05,0,-1
6268,23,2.4969168504976463e-05,0,-1
14833,23,2.4969168504976463e-05,0,-1
14829,23,2.4969168504976463e-05,0,-1
6315,23,2.4969168504976463e-05,0,-1
9775,23,2.4969168504976463e-05,0,-1
12835,23,2.4969168504976463e-05,0,-1
7835,23,2.4969168504976463e-05,0,-1
7846,23,2.4969168504976463e-05,0,-1
2951,23,2.4969168504976463e-05,0,-1
836,23,2.4969168504976463e-05,0,-1
859,23,2.4969168504976463e-05,0,-1
10700,23,2.4969168504976463e-05,0,-1
12356,23,2.4969168504976463e-05,0,-1
12346,23,2.4969168504976463e-05,0,-1
12348,23,2.4969168504976463e-05,0,-1
10732,23,2.4969168504976463e-05,0,-1
14792,23,2.4969168504976463e-05,0,-1
10679,23,2.4969168504976463e-05,0,-1
878,23,2.4969168504976463e-05,0,-1
12400,23,2.4969168504976463e-05,0,-1
10647,23,2.4969168504976463e-05,0,-1
2981,23,2.4969168504976463e-05,0,-1
2999,23,2.4969168504976463e-05,0,-1
14775,23,2.4969168504976463e-05,0,-1
10796,23,2.4969168504976463e-05,0,-1
12292,23,2.4969168504976463e-05,0,-1
14970,23,2.4969168504976463e-05,0,-1
14972,23,2.4969168504976463e-05,0,-1
6044,23,2.4969168504976463e-05,0,-1
14962,23,2.4969168504976463e-05,0,-1
6089,23,2.4969168504976463e-05,0,-1
14955,23,2.4969168504976463e-05,0,-1
12855,23,2.4969168504976463e-05,0,-1
8050,23,2.4969168504976463e-05,0,-1
8064,23,2.4969168504976463e-05,0,-1
1998,23,2.4969168504976463e-05,0,-1
2015,23,2.4969168504976463e-05,0,-1
1974,23,2.4969168504976463e-05,0,-1
13825,23,2.4969168504976463e-05,0,-1
14996,23,2.4969168504976463e-05,0,-1
14902,23,2.4969168504976463e-05,0,-1
14910,23,2.4969168504976463e-05,0,-1
14894,23,2.4969168504976463e-05,0,-1
6194,23,2.4969168504976463e-05,0,-1
6172,23,2.4969168504976463e-05,0,-1
2053,23,2.4969168504976463e-05,0,-1
12883,23,2.4969168504976463e-05,0,-1
12868,23,2.4969168504976463e-05,0,-1
14916,23,2.4969168504976463e-05,0,-1
10779,23,2.4969168504976463e-05,0,-1
10711,23,2.4969168504976463e-05,0,-1
12334,23,2.4969168504976463e-05,0,-1
432,23,2.4969168504976463e-05,0,-1
6093,23,2.4969168504976463e-05,0,-1
6119,23,2.4969168504976463e-05,0,-1
3106,23,2.4969168504976463e-05,0,-1
8116,23,2.4969168504976463e-05,0,-1
8131,23,2.4969168504976463e-05,0,-1
8134,23,2.4969168504976463e-05,0,-1
8144,23,2.4969168504976463e-05,0,-1
13816,23,2.4969168504976463e-05,0,-1
13807,23,2.4969168504976463e-05,0,-1
15107,23,2.4969168504976463e-05,0,-1
15094,23,2.4969168504976463e-05,0,-1
5981,23,2.4969168504976463e-05,0,-1
3201,23,2.4969168504976463e-05,0,-1
6002,23,2.4969168504976463e-05,0,-1
13828,23,2.4969168504976463e-05,0,-1
13833,23,2.4969168504976463e-05,0,-1
9662,23,2.4969168504976463e-05,0,-1
9691,23,2.4969168504976463e-05,0,-1
12906,23,2.4969168504976463e-05,0,-1
801,23,2.4969168504976463e-05,0,-1
803,23,2.4969168504976463e-05,0,-1
12276,23,2.4969168504976463e-05,0,-1
12280,23,2.4969168504976463e-05,0,-1
12285,23,2.4969168504976463e-05,0,-1
12256,23,2.4969168504976463e-05,0,-1
12264,23,2.4969168504976463e-05,0,-1
6031,23,2.4969168504976463e-05,0,-1
3144,23,2.4969168504976463e-05,0,-1
14942,23,2.4969168504976463e-05,0,-1
14922,23,2.4969168504976463e-05,0,-1
15034,23,2.4969168504976463e-05,0,-1
15037,23,2.4969168504976463e-05,0,-1
3203,23,2.4969168504976463e-05,0,-1
10828,23,2.4969168504976463e-05,0,-1
10830,23,2.4969168504976463e-05,0,-1
13761,23,2.4969168504976463e-05,0,-1
12940,23,2.4969168504976463e-05,0,-1
1932,23,2.4969168504976463e-05,0,-1
13724,23,2.4969168504976463e-05,0,-1
13726,23,2.4969168504976463e-05,0,-1
1920,23,2.4969168504976463e-05,0,-1
8255,23,2.4969168504976463e-05,0,-1
8295,23,2.4969168504976463e-05,0,-1
12204,23,2.4969168504976463e-05,0,-1
5786,23,2.4969168504976463e-05,0,-1
15138,23,2.4969168504976463e-05,0,-1
5835,23,2.4969168504976463e-05,0,-1
8169,23,2.4969168504976463e-05,0,-1
13786,23,2.4969168504976463e-05,0,-1
13781,23,2.4969168504976463e-05,0,-1
13759,23,2.4969168504976463e-05,0,-1
5969,23,2.4969168504976463e-05,0,-1
3411,23,2.4969168504976463e-05,0,-1
3412,23,2.4969168504976463e-05,0,-1
15157,23,2.4969168504976463e-05,0,-1
10925,23,2.4969168504976463e-05,0,-1
10932,23,2.4969168504976463e-05,0,-1
10911,23,2.4969168504976463e-05,0,-1
12196,23,2.4969168504976463e-05,0,-1
15098,23,2.4969168504976463e-05,0,-1
5859,23,2.4969168504976463e-05,0,-1
5863,23,2.4969168504976463e-05,0,-1
10891,23,2.4969168504976463e-05,0,-1
10897,23,2.4969168504976463e-05,0,-1
10898,23,2.4969168504976463e-05,0,-1
5878,23,2.4969168504976463e-05,0,-1
15050,23,2.4969168504976463e-05,0,-1
8321,23,2.4969168504976463e-05,0,-1
13672,23,2.4969168504976463e-05,0,-1
13673,23,2.4969168504976463e-05,0,-1
13684,23,2.4969168504976463e-05,0,-1
13660,23,2.4969168504976463e-05,0,-1
8391,23,2.4969168504976463e-05,0,-1
8401,23,2.4969168504976463e-05,0,-1
15295,23,2.4969168504976463e-05,0,-1
8349,23,2.4969168504976463e-05,0,-1
9552,23,2.4969168504976463e-05,0,-1
9532,23,2.4969168504976463e-05,0,-1
9585,23,2.4969168504976463e-05,0,-1
12956,23,2.4969168504976463e-05,0,-1
9584,23,2.4969168504976463e-05,0,-1
8360,23,2.4969168504976463e-05,0,-1
8317,23,2.4969168504976463e-05,0,-1
12158,23,2.4969168504976463e-05,0,-1
3439,23,2.4969168504976463e-05,0,-1
5710,23,2.4969168504976463e-05,0,-1
5717,23,2.4969168504976463e-05,0,-1
15198,23,2.4969168504976463e-05,0,-1
15187,23,2.4969168504976463e-05,0,-1
13716,23,2.4969168504976463e-05,0,-1
8327,23,2.4969168504976463e-05,0,-1
15229,23,2.4969168504976463e-05,0,-1
15218,23,2.4969168504976463e-05,0,-1
15226,23,2.4969168504976463e-05,0,-1
10986,23,2.4969168504976463e-05,0,-1
772,23,2.4969168504976463e-05,0,-1
788,23,2.4969168504976463e-05,0,-1
12149,23,2.4969168504976463e-05,0,-1
12151,23,2.4969168504976463e-05,0,-1
11106,23,2.4969168504976463e-05,0,-1
3587,23,2.4969168504976463e-05,0,-1
3596,23,2.4969168504976463e-05,0,-1
3642,23,2.4969168504976463e-05,0,-1
15360,23,2.4969168504976463e-05,0,-1
15364,23,2.4969168504976463e-05,0,-1
5470,23,2.4969168504976463e-05,0,-1
15352,23,2.4969168504976463e-05,0,-1
9476,23,2.4969168504976463e-05,0,-1
8415,23,2.4969168504976463e-05,0,-1
1838,23,2.4969168504976463e-05,0,-1
13618,23,2.4969168504976463e-05,0,-1
13603,23,2.4969168504976463e-05,0,-1
15379,23,2.4969168504976463e-05,0,-1
11109,23,2.4969168504976463e-05,0,-1
11110,23,2.4969168504976463e-05,0,-1
3484,23,2.4969168504976463e-05,0,-1
13636,23,2.4969168504976463e-05,0,-1
13637,23,2.4969168504976463e-05,0,-1
13639,23,2.4969168504976463e-05,0,-1
9440,23,2.4969168504976463e-05,0,-1
1399,23,2.4969168504976463e-05,0,-1
9435,23,2.4969168504976463e-05,0,-1
12986,23,2.4969168504976463e-05,0,-1
11045,23,2.4969168504976463e-05,0,-1
11085,23,2.4969168504976463e-05,0,-1
11130,23,2.4969168504976463e-05,0,-1
5606,23,2.4969168504976463e-05,0,-1
5624,23,2.4969168504976463e-05,0,-1
15238,23,2.4969168504976463e-05,0,-1
15242,23,2.4969168504976463e-05,0,-1
3473,23,2.4969168504976463e-05,0,-1
1781,23,2.4969168504976463e-05,0,-1
5308,23,2.4969168504976463e-05,0,-1
15485,23,2.4969168504976463e-05,0,-1
15469,23,2.4969168504976463e-05,0,-1
15475,23,2.4969168504976463e-05,0,-1
11253,23,2.4969168504976463e-05,0,-1
11228,23,2.4969168504976463e-05,0,-1
12034,23,2.4969168504976463e-05,0,-1
151,23,2.4969168504976463e-05,0,-1
318,23,2.4969168504976463e-05,0,-1
13574,23,2.4969168504976463e-05,0,-1
13581,23,2.4969168504976463e-05,0,-1
1807,23,2.4969168504976463e-05,0,-1
8481,23,2.4969168504976463e-05,0,-1
8497,23,2.4969168504976463e-05,0,-1
8506,23,2.4969168504976463e-05,0,-1
3716,23,2.4969168504976463e-05,0,-1
3738,23,2.4969168504976463e-05,0,-1
15421,23,2.4969168504976463e-05,0,-1
15406,23,2.4969168504976463e-05,0,-1
3670,23,2.4969168504976463e-05,0,-1
15395,23,2.4969168504976463e-05,0,-1
15376,23,2.4969168504976463e-05,0,-1
15378,23,2.4969168504976463e-05,0,-1
15343,23,2.4969168504976463e-05,0,-1
15326,23,2.4969168504976463e-05,0,-1
5529,23,2.4969168504976463e-05,0,-1
11190,23,2.4969168504976463e-05,0,-1
11137,23,2.4969168504976463e-05,0,-1
12087,23,2.4969168504976463e-05,0,-1
11173,23,2.4969168504976463e-05,0,-1
11188,23,2.4969168504976463e-05,0,-1
11261,23,2.4969168504976463e-05,0,-1
11302,23,2.4969168504976463e-05,0,-1
11314,23,2.4969168504976463e-05,0,-1
11315,23,2.4969168504976463e-05,0,-1
12013,23,2.4969168504976463e-05,0,-1
11996,23,2.4969168504976463e-05,0,-1
12006,23,2.4969168504976463e-05,0,-1
12010,23,2.4969168504976463e-05,0,-1
13487,23,2.4969168504976463e-05,0,-1
13497,23,2.4969168504976463e-05,0,-1
13479,23,2.4969168504976463e-05,0,-1
8677,23,2.4969168504976463e-05,0,-1
3814,23,2.4969168504976463e-05,0,-1
15540,23,2.4969168504976463e-05,0,-1
15549,23,2.4969168504976463e-05,0,-1
5257,23,2.4969168504976463e-05,0,-1
13561,23,2.4969168504976463e-05,0,-1
13546,23,2.4969168504976463e-05,0,-1
9345,23,2.4969168504976463e-05,0,-1
13075,23,2.4969168504976463e-05,0,-1
8592,23,2.4969168504976463e-05,0,-1
13537,23,2.4969168504976463e-05,0,-1
8568,23,2.4969168504976463e-05,0,-1
13513,23,2.4969168504976463e-05,0,-1
11284,23,2.4969168504976463e-05,0,-1
3771,23,2.4969168504976463e-05,0,-1
15464,23,2.4969168504976463e-05,0,-1
15463,23,2.4969168504976463e-05,0,-1
3767,23,2.4969168504976463e-05,0,-1
15450,23,2.4969168504976463e-05,0,-1
15454,23,2.4969168504976463e-05,0,-1
5392,23,2.4969168504976463e-05,0,-1
13389,23,2.4969168504976463e-05,0,-1
8794,23,2.4969168504976463e-05,0,-1
13373,23,2.4969168504976463e-05,0,-1
534,23,2.4969168504976463e-05,0,-1
544,23,2.4969168504976463e-05,0,-1
533,23,2.4969168504976463e-05,0,-1
11428,23,2.4969168504976463e-05,0,-1
15641,23,2.4969168504976463e-05,0,-1
13448,23,2.4969168504976463e-05,0,-1
13455,23,2.4969168504976463e-05,0,-1
8748,23,2.4969168504976463e-05,0,-1
8735,23,2.4969168504976463e-05,0,-1
1685,23,2.4969168504976463e-05,0,-1
8764,23,2.4969168504976463e-05,0,-1
13416,23,2.4969168504976463e-05,0,-1
13412,23,2.4969168504976463e-05,0,-1
5176,23,2.4969168504976463e-05,0,-1
15581,23,2.4969168504976463e-05,0,-1
35,23,2.4969168504976463e-05,0,-1
3865,23,2.4969168504976463e-05,0,-1
9285,23,2.4969168504976463e-05,0,-1
9289,23,2.4969168504976463e-05,0,-1
13080,23,2.4969168504976463e-05,0,-1
8720,23,2.4969168504976463e-05,0,-1
3787,23,2.4969168504976463e-05,0,-1
5095,23,2.4969168504976463e-05,0,-1
3880,23,2.4969168504976463e-05,0,-1
5126,23,2.4969168504976463e-05,0,-1
11981,23,2.4969168504976463e-05,0,-1
11965,23,2.4969168504976463e-05,0,-1
11368,23,2.4969168504976463e-05,0,-1
11380,23,2.4969168504976463e-05,0,-1
8876,23,2.4969168504976463e-05,0,-1
13360,23,2.4969168504976463e-05,0,-1
1612,23,2.4969168504976463e-05,0,-1
13352,23,2.4969168504976463e-05,0,-1
4767,23,2.4969168504976463e-05,0,-1
15800,23,2.4969168504976463e-05,0,-1
11874,23,2.4969168504976463e-05,0,-1
11880,23,2.4969168504976463e-05,0,-1
4917,23,2.4969168504976463e-05,0,-1
13381,23,2.4969168504976463e-05,0,-1
8844,23,2.4969168504976463e-05,0,-1
9175,23,2.4969168504976463e-05,0,-1
9210,23,2.4969168504976463e-05,0,-1
13108,23,2.4969168504976463e-05,0,-1
9267,23,2.4969168504976463e-05,0,-1
9269,23,2.4969168504976463e-05,0,-1
11507,23,2.4969168504976463e-05,0,-1
11480,23,2.4969168504976463e-05,0,-1
11481,23,2.4969168504976463e-05,0,-1
11917,23,2.4969168504976463e-05,0,-1
4884,23,2.4969168504976463e-05,0,-1
4824,23,2.4969168504976463e-05,0,-1
4837,23,2.4969168504976463e-05,0,-1
4896,23,2.4969168504976463e-05,0,-1
15650,23,2.4969168504976463e-05,0,-1
5030,23,2.4969168504976463e-05,0,-1
5065,23,2.4969168504976463e-05,0,-1
5013,23,2.4969168504976463e-05,0,-1
15617,23,2.4969168504976463e-05,0,-1
11515,23,2.4969168504976463e-05,0,-1
11444,23,2.4969168504976463e-05,0,-1
11454,23,2.4969168504976463e-05,0,-1
9148,23,2.4969168504976463e-05,0,-1
13195,23,2.4969168504976463e-05,0,-1
13181,23,2.4969168504976463e-05,0,-1
1576,23,2.4969168504976463e-05,0,-1
1594,23,2.4969168504976463e-05,0,-1
13268,23,2.4969168504976463e-05,0,-1
9036,23,2.4969168504976463e-05,0,-1
7274,23,2.4969168504976463e-05,0,-1
8965,23,2.4969168504976463e-05,0,-1
8968,23,2.4969168504976463e-05,0,-1
13296,23,2.4969168504976463e-05,0,-1
8954,23,2.4969168504976463e-05,0,-1
8956,23,2.4969168504976463e-05,0,-1
13284,23,2.4969168504976463e-05,0,-1
1508,23,2.4969168504976463e-05,0,-1
9126,23,2.4969168504976463e-05,0,-1
11665,23,2.4969168504976463e-05,0,-1
11797,23,2.4969168504976463e-05,0,-1
11642,23,2.4969168504976463e-05,0,-1
16022,23,2.4969168504976463e-05,0,-1
15994,23,2.4969168504976463e-05,0,-1
15995,23,2.4969168504976463e-05,0,-1
15977,23,2.4969168504976463e-05,0,-1
15982,23,2.4969168504976463e-05,0,-1
15909,23,2.4969168504976463e-05,0,-1
4608,23,2.4969168504976463e-05,0,-1
15884,23,2.4969168504976463e-05,0,-1
16042,23,2.4969168504976463e-05,0,-1
16046,23,2.4969168504976463e-05,0,-1
16032,23,2.4969168504976463e-05,0,-1
11658,23,2.4969168504976463e-05,0,-1
11661,23,2.4969168504976463e-05,0,-1
12677,23,2.4969168504976463e-05,0,-1
10132,23,2.4969168504976463e-05,0,-1
7360,23,2.4969168504976463e-05,0,-1
7292,23,2.4969168504976463e-05,0,-1
14260,23,2.4969168504976463e-05,0,-1
14248,23,2.4969168504976463e-05,0,-1
14254,23,2.4969168504976463e-05,0,-1
14237,23,2.4969168504976463e-05,0,-1
14446,23,2.4969168504976463e-05,0,-1
6940,23,2.4969168504976463e-05,0,-1
7301,23,2.4969168504976463e-05,0,-1
10098,23,2.4969168504976463e-05,0,-1
10041,23,2.4969168504976463e-05,0,-1
10048,23,2.4969168504976463e-05,0,-1
12669,23,2.4969168504976463e-05,0,-1
12671,23,2.4969168504976463e-05,0,-1
7093,23,2.4969168504976463e-05,0,-1
7036,23,2.4969168504976463e-05,0,-1
14385,23,2.4969168504976463e-05,0,-1
14489,23,2.4969168504976463e-05,0,-1
2603,23,2.4969168504976463e-05,0,-1
2564,23,2.4969168504976463e-05,0,-1
10293,23,2.4969168504976463e-05,0,-1
6967,23,2.4969168504976463e-05,0,-1
2460,23,2.4969168504976463e-05,0,-1
6988,23,2.4969168504976463e-05,0,-1
14426,23,2.4969168504976463e-05,0,-1
10173,23,2.4969168504976463e-05,0,-1
12623,23,2.4969168504976463e-05,0,-1
12596,23,2.4969168504976463e-05,0,-1
12600,23,2.4969168504976463e-05,0,-1
14425,23,2.4969168504976463e-05,0,-1
16229,22,2.3883552483020967e-05,0,-1
16127,22,2.3883552483020967e-05,0,-1
16128,22,2.3883552483020967e-05,0,-1
13221,22,2.3883552483020967e-05,0,-1
13229,22,2.3883552483020967e-05,0,-1
9093,22,2.3883552483020967e-05,0,-1
16108,22,2.3883552483020967e-05,0,-1
16111,22,2.3883552483020967e-05,0,-1
16102,22,2.3883552483020967e-05,0,-1
16091,22,2.3883552483020967e-05,0,-1
16070,22,2.3883552483020967e-05,0,-1
16083,22,2.3883552483020967e-05,0,-1
4434,22,2.3883552483020967e-05,0,-1
4453,22,2.3883552483020967e-05,0,-1
16052,22,2.3883552483020967e-05,0,-1
16053,22,2.3883552483020967e-05,0,-1
16045,22,2.3883552483020967e-05,0,-1
11670,22,2.3883552483020967e-05,0,-1
11683,22,2.3883552483020967e-05,0,-1
11684,22,2.3883552483020967e-05,0,-1
16023,22,2.3883552483020967e-05,0,-1
16024,22,2.3883552483020967e-05,0,-1
16014,22,2.3883552483020967e-05,0,-1
16001,22,2.3883552483020967e-05,0,-1
15991,22,2.3883552483020967e-05,0,-1
15968,22,2.3883552483020967e-05,0,-1
15972,22,2.3883552483020967e-05,0,-1
15974,22,2.3883552483020967e-05,0,-1
15976,22,2.3883552483020967e-05,0,-1
655,22,2.3883552483020967e-05,0,-1
11827,22,2.3883552483020967e-05,0,-1
15963,22,2.3883552483020967e-05,0,-1
15949,22,2.3883552483020967e-05,0,-1
15958,22,2.3883552483020967e-05,0,-1
15959,22,2.3883552483020967e-05,0,-1
13239,22,2.3883552483020967e-05,0,-1
13260,22,2.3883552483020967e-05,0,-1
15934,22,2.3883552483020967e-05,0,-1
15938,22,2.3883552483020967e-05,0,-1
15924,22,2.3883552483020967e-05,0,-1
15918,22,2.3883552483020967e-05,0,-1
4254,22,2.3883552483020967e-05,0,-1
4604,22,2.3883552483020967e-05,0,-1
4633,22,2.3883552483020967e-05,0,-1
4225,22,2.3883552483020967e-05,0,-1
15864,22,2.3883552483020967e-05,0,-1
11589,22,2.3883552483020967e-05,0,-1
15854,22,2.3883552483020967e-05,0,-1
15829,22,2.3883552483020967e-05,0,-1
4698,22,2.3883552483020967e-05,0,-1
15827,22,2.3883552483020967e-05,0,-1
15806,22,2.3883552483020967e-05,0,-1
11900,22,2.3883552483020967e-05,0,-1
4130,22,2.3883552483020967e-05,0,-1
11549,22,2.3883552483020967e-05,0,-1
11866,22,2.3883552483020967e-05,0,-1
4786,22,2.3883552483020967e-05,0,-1
4792,22,2.3883552483020967e-05,0,-1
4795,22,2.3883552483020967e-05,0,-1
15776,22,2.3883552483020967e-05,0,-1
15743,22,2.3883552483020967e-05,0,-1
15761,22,2.3883552483020967e-05,0,-1
15731,22,2.3883552483020967e-05,0,-1
15735,22,2.3883552483020967e-05,0,-1
11921,22,2.3883552483020967e-05,0,-1
11926,22,2.3883552483020967e-05,0,-1
11483,22,2.3883552483020967e-05,0,-1
11499,22,2.3883552483020967e-05,0,-1
11907,22,2.3883552483020967e-05,0,-1
11911,22,2.3883552483020967e-05,0,-1
11912,22,2.3883552483020967e-05,0,-1
15729,22,2.3883552483020967e-05,0,-1
13317,22,2.3883552483020967e-05,0,-1
13321,22,2.3883552483020967e-05,0,-1
15708,22,2.3883552483020967e-05,0,-1
4956,22,2.3883552483020967e-05,0,-1
15686,22,2.3883552483020967e-05,0,-1
4923,22,2.3883552483020967e-05,0,-1
15675,22,2.3883552483020967e-05,0,-1
11934,22,2.3883552483020967e-05,0,-1
4031,22,2.3883552483020967e-05,0,-1
4965,22,2.3883552483020967e-05,0,-1
4971,22,2.3883552483020967e-05,0,-1
5027,22,2.3883552483020967e-05,0,-1
4987,22,2.3883552483020967e-05,0,-1
4989,22,2.3883552483020967e-05,0,-1
5020,22,2.3883552483020967e-05,0,-1
3945,22,2.3883552483020967e-05,0,-1
15630,22,2.3883552483020967e-05,0,-1
15632,22,2.3883552483020967e-05,0,-1
5047,22,2.3883552483020967e-05,0,-1
15613,22,2.3883552483020967e-05,0,-1
5083,22,2.3883552483020967e-05,0,-1
15604,22,2.3883552483020967e-05,0,-1
15606,22,2.3883552483020967e-05,0,-1
15592,22,2.3883552483020967e-05,0,-1
3895,22,2.3883552483020967e-05,0,-1
48,22,2.3883552483020967e-05,0,-1
11333,22,2.3883552483020967e-05,0,-1
1519,22,2.3883552483020967e-05,0,-1
1523,22,2.3883552483020967e-05,0,-1
8893,22,2.3883552483020967e-05,0,-1
13336,22,2.3883552483020967e-05,0,-1
706,22,2.3883552483020967e-05,0,-1
11964,22,2.3883552483020967e-05,0,-1
3889,22,2.3883552483020967e-05,0,-1
11376,22,2.3883552483020967e-05,0,-1
15572,22,2.3883552483020967e-05,0,-1
15562,22,2.3883552483020967e-05,0,-1
15565,22,2.3883552483020967e-05,0,-1
15567,22,2.3883552483020967e-05,0,-1
3825,22,2.3883552483020967e-05,0,-1
15552,22,2.3883552483020967e-05,0,-1
15553,22,2.3883552483020967e-05,0,-1
11269,22,2.3883552483020967e-05,0,-1
15529,22,2.3883552483020967e-05,0,-1
11310,22,2.3883552483020967e-05,0,-1
11293,22,2.3883552483020967e-05,0,-1
5245,22,2.3883552483020967e-05,0,-1
5254,22,2.3883552483020967e-05,0,-1
15523,22,2.3883552483020967e-05,0,-1
15524,22,2.3883552483020967e-05,0,-1
15518,22,2.3883552483020967e-05,0,-1
15500,22,2.3883552483020967e-05,0,-1
15481,22,2.3883552483020967e-05,0,-1
15483,22,2.3883552483020967e-05,0,-1
5320,22,2.3883552483020967e-05,0,-1
15471,22,2.3883552483020967e-05,0,-1
15473,22,2.3883552483020967e-05,0,-1
15477,22,2.3883552483020967e-05,0,-1
12048,22,2.3883552483020967e-05,0,-1
11237,22,2.3883552483020967e-05,0,-1
13357,22,2.3883552483020967e-05,0,-1
13361,22,2.3883552483020967e-05,0,-1
8902,22,2.3883552483020967e-05,0,-1
8912,22,2.3883552483020967e-05,0,-1
496,22,2.3883552483020967e-05,0,-1
5359,22,2.3883552483020967e-05,0,-1
5365,22,2.3883552483020967e-05,0,-1
15466,22,2.3883552483020967e-05,0,-1
11282,22,2.3883552483020967e-05,0,-1
15432,22,2.3883552483020967e-05,0,-1
15435,22,2.3883552483020967e-05,0,-1
15446,22,2.3883552483020967e-05,0,-1
15447,22,2.3883552483020967e-05,0,-1
11186,22,2.3883552483020967e-05,0,-1
11187,22,2.3883552483020967e-05,0,-1
12061,22,2.3883552483020967e-05,0,-1
12085,22,2.3883552483020967e-05,0,-1
3737,22,2.3883552483020967e-05,0,-1
5421,22,2.3883552483020967e-05,0,-1
15410,22,2.3883552483020967e-05,0,-1
15413,22,2.3883552483020967e-05,0,-1
15385,22,2.3883552483020967e-05,0,-1
15386,22,2.3883552483020967e-05,0,-1
11100,22,2.3883552483020967e-05,0,-1
11111,22,2.3883552483020967e-05,0,-1
12100,22,2.3883552483020967e-05,0,-1
12104,22,2.3883552483020967e-05,0,-1
11145,22,2.3883552483020967e-05,0,-1
11139,22,2.3883552483020967e-05,0,-1
8795,22,2.3883552483020967e-05,0,-1
8797,22,2.3883552483020967e-05,0,-1
8805,22,2.3883552483020967e-05,0,-1
9226,22,2.3883552483020967e-05,0,-1
15325,22,2.3883552483020967e-05,0,-1
15338,22,2.3883552483020967e-05,0,-1
15308,22,2.3883552483020967e-05,0,-1
15321,22,2.3883552483020967e-05,0,-1
15293,22,2.3883552483020967e-05,0,-1
15296,22,2.3883552483020967e-05,0,-1
5539,22,2.3883552483020967e-05,0,-1
5586,22,2.3883552483020967e-05,0,-1
15282,22,2.3883552483020967e-05,0,-1
11086,22,2.3883552483020967e-05,0,-1
5579,22,2.3883552483020967e-05,0,-1
11124,22,2.3883552483020967e-05,0,-1
11126,22,2.3883552483020967e-05,0,-1
12119,22,2.3883552483020967e-05,0,-1
5612,22,2.3883552483020967e-05,0,-1
3471,22,2.3883552483020967e-05,0,-1
15241,22,2.3883552483020967e-05,0,-1
15246,22,2.3883552483020967e-05,0,-1
15234,22,2.3883552483020967e-05,0,-1
3468,22,2.3883552483020967e-05,0,-1
15214,22,2.3883552483020967e-05,0,-1
11030,22,2.3883552483020967e-05,0,-1
770,22,2.3883552483020967e-05,0,-1
12174,22,2.3883552483020967e-05,0,-1
5668,22,2.3883552483020967e-05,0,-1
12169,22,2.3883552483020967e-05,0,-1
15204,22,2.3883552483020967e-05,0,-1
3452,22,2.3883552483020967e-05,0,-1
15196,22,2.3883552483020967e-05,0,-1
13454,22,2.3883552483020967e-05,0,-1
8742,22,2.3883552483020967e-05,0,-1
13447,22,2.3883552483020967e-05,0,-1
8771,22,2.3883552483020967e-05,0,-1
8774,22,2.3883552483020967e-05,0,-1
8756,22,2.3883552483020967e-05,0,-1
8759,22,2.3883552483020967e-05,0,-1
8763,22,2.3883552483020967e-05,0,-1
8767,22,2.3883552483020967e-05,0,-1
15166,22,2.3883552483020967e-05,0,-1
15153,22,2.3883552483020967e-05,0,-1
10919,22,2.3883552483020967e-05,0,-1
10920,22,2.3883552483020967e-05,0,-1
3364,22,2.3883552483020967e-05,0,-1
15142,22,2.3883552483020967e-05,0,-1
5746,22,2.3883552483020967e-05,0,-1
15119,22,2.3883552483020967e-05,0,-1
15121,22,2.3883552483020967e-05,0,-1
3360,22,2.3883552483020967e-05,0,-1
15096,22,2.3883552483020967e-05,0,-1
3347,22,2.3883552483020967e-05,0,-1
814,22,2.3883552483020967e-05,0,-1
10882,22,2.3883552483020967e-05,0,-1
12238,22,2.3883552483020967e-05,0,-1
12247,22,2.3883552483020967e-05,0,-1
3324,22,2.3883552483020967e-05,0,-1
10935,22,2.3883552483020967e-05,0,-1
12221,22,2.3883552483020967e-05,0,-1
15070,22,2.3883552483020967e-05,0,-1
3272,22,2.3883552483020967e-05,0,-1
15060,22,2.3883552483020967e-05,0,-1
1469,22,2.3883552483020967e-05,0,-1
1471,22,2.3883552483020967e-05,0,-1
13085,22,2.3883552483020967e-05,0,-1
13099,22,2.3883552483020967e-05,0,-1
9320,22,2.3883552483020967e-05,0,-1
15042,22,2.3883552483020967e-05,0,-1
5948,22,2.3883552483020967e-05,0,-1
15029,22,2.3883552483020967e-05,0,-1
12271,22,2.3883552483020967e-05,0,-1
10861,22,2.3883552483020967e-05,0,-1
10877,22,2.3883552483020967e-05,0,-1
6038,22,2.3883552483020967e-05,0,-1
12259,22,2.3883552483020967e-05,0,-1
6009,22,2.3883552483020967e-05,0,-1
14997,22,2.3883552483020967e-05,0,-1
15002,22,2.3883552483020967e-05,0,-1
5993,22,2.3883552483020967e-05,0,-1
12314,22,2.3883552483020967e-05,0,-1
10844,22,2.3883552483020967e-05,0,-1
12295,22,2.3883552483020967e-05,0,-1
12305,22,2.3883552483020967e-05,0,-1
6064,22,2.3883552483020967e-05,0,-1
10839,22,2.3883552483020967e-05,0,-1
10843,22,2.3883552483020967e-05,0,-1
14969,22,2.3883552483020967e-05,0,-1
14973,22,2.3883552483020967e-05,0,-1
3178,22,2.3883552483020967e-05,0,-1
6091,22,2.3883552483020967e-05,0,-1
14960,22,2.3883552483020967e-05,0,-1
14961,22,2.3883552483020967e-05,0,-1
14940,22,2.3883552483020967e-05,0,-1
3141,22,2.3883552483020967e-05,0,-1
3145,22,2.3883552483020967e-05,0,-1
3148,22,2.3883552483020967e-05,0,-1
14936,22,2.3883552483020967e-05,0,-1
6136,22,2.3883552483020967e-05,0,-1
14914,22,2.3883552483020967e-05,0,-1
13522,22,2.3883552483020967e-05,0,-1
1709,22,2.3883552483020967e-05,0,-1
1710,22,2.3883552483020967e-05,0,-1
1729,22,2.3883552483020967e-05,0,-1
13478,22,2.3883552483020967e-05,0,-1
13482,22,2.3883552483020967e-05,0,-1
8687,22,2.3883552483020967e-05,0,-1
8693,22,2.3883552483020967e-05,0,-1
6130,22,2.3883552483020967e-05,0,-1
10812,22,2.3883552483020967e-05,0,-1
3083,22,2.3883552483020967e-05,0,-1
6203,22,2.3883552483020967e-05,0,-1
14889,22,2.3883552483020967e-05,0,-1
14893,22,2.3883552483020967e-05,0,-1
6202,22,2.3883552483020967e-05,0,-1
12372,22,2.3883552483020967e-05,0,-1
10746,22,2.3883552483020967e-05,0,-1
12366,22,2.3883552483020967e-05,0,-1
3028,22,2.3883552483020967e-05,0,-1
14832,22,2.3883552483020967e-05,0,-1
6304,22,2.3883552483020967e-05,0,-1
6328,22,2.3883552483020967e-05,0,-1
14790,22,2.3883552483020967e-05,0,-1
14795,22,2.3883552483020967e-05,0,-1
14798,22,2.3883552483020967e-05,0,-1
14784,22,2.3883552483020967e-05,0,-1
14785,22,2.3883552483020967e-05,0,-1
14788,22,2.3883552483020967e-05,0,-1
10653,22,2.3883552483020967e-05,0,-1
10663,22,2.3883552483020967e-05,0,-1
10674,22,2.3883552483020967e-05,0,-1
9353,22,2.3883552483020967e-05,0,-1
9361,22,2.3883552483020967e-05,0,-1
9370,22,2.3883552483020967e-05,0,-1
14770,22,2.3883552483020967e-05,0,-1
14754,22,2.3883552483020967e-05,0,-1
2954,22,2.3883552483020967e-05,0,-1
10616,22,2.3883552483020967e-05,0,-1
12419,22,2.3883552483020967e-05,0,-1
12434,22,2.3883552483020967e-05,0,-1
10641,22,2.3883552483020967e-05,0,-1
12408,22,2.3883552483020967e-05,0,-1
12412,22,2.3883552483020967e-05,0,-1
14741,22,2.3883552483020967e-05,0,-1
6392,22,2.3883552483020967e-05,0,-1
6394,22,2.3883552483020967e-05,0,-1
2923,22,2.3883552483020967e-05,0,-1
14718,22,2.3883552483020967e-05,0,-1
14734,22,2.3883552483020967e-05,0,-1
6473,22,2.3883552483020967e-05,0,-1
6478,22,2.3883552483020967e-05,0,-1
14707,22,2.3883552483020967e-05,0,-1
14715,22,2.3883552483020967e-05,0,-1
10511,22,2.3883552483020967e-05,0,-1
12484,22,2.3883552483020967e-05,0,-1
12456,22,2.3883552483020967e-05,0,-1
12473,22,2.3883552483020967e-05,0,-1
930,22,2.3883552483020967e-05,0,-1
10540,22,2.3883552483020967e-05,0,-1
12451,22,2.3883552483020967e-05,0,-1
2858,22,2.3883552483020967e-05,0,-1
2878,22,2.3883552483020967e-05,0,-1
8514,22,2.3883552483020967e-05,0,-1
8523,22,2.3883552483020967e-05,0,-1
13587,22,2.3883552483020967e-05,0,-1
8542,22,2.3883552483020967e-05,0,-1
1765,22,2.3883552483020967e-05,0,-1
8557,22,2.3883552483020967e-05,0,-1
8499,22,2.3883552483020967e-05,0,-1
8509,22,2.3883552483020967e-05,0,-1
13560,22,2.3883552483020967e-05,0,-1
6511,22,2.3883552483020967e-05,0,-1
2814,22,2.3883552483020967e-05,0,-1
14634,22,2.3883552483020967e-05,0,-1
14625,22,2.3883552483020967e-05,0,-1
14627,22,2.3883552483020967e-05,0,-1
14632,22,2.3883552483020967e-05,0,-1
10488,22,2.3883552483020967e-05,0,-1
12508,22,2.3883552483020967e-05,0,-1
14615,22,2.3883552483020967e-05,0,-1
2764,22,2.3883552483020967e-05,0,-1
14608,22,2.3883552483020967e-05,0,-1
6677,22,2.3883552483020967e-05,0,-1
12544,22,2.3883552483020967e-05,0,-1
10359,22,2.3883552483020967e-05,0,-1
10366,22,2.3883552483020967e-05,0,-1
10370,22,2.3883552483020967e-05,0,-1
10402,22,2.3883552483020967e-05,0,-1
10406,22,2.3883552483020967e-05,0,-1
10460,22,2.3883552483020967e-05,0,-1
10398,22,2.3883552483020967e-05,0,-1
14567,22,2.3883552483020967e-05,0,-1
6647,22,2.3883552483020967e-05,0,-1
301,22,2.3883552483020967e-05,0,-1
13026,22,2.3883552483020967e-05,0,-1
13029,22,2.3883552483020967e-05,0,-1
8449,22,2.3883552483020967e-05,0,-1
6722,22,2.3883552483020967e-05,0,-1
6730,22,2.3883552483020967e-05,0,-1
6731,22,2.3883552483020967e-05,0,-1
6757,22,2.3883552483020967e-05,0,-1
14526,22,2.3883552483020967e-05,0,-1
12571,22,2.3883552483020967e-05,0,-1
10343,22,2.3883552483020967e-05,0,-1
12554,22,2.3883552483020967e-05,0,-1
14495,22,2.3883552483020967e-05,0,-1
2580,22,2.3883552483020967e-05,0,-1
10225,22,2.3883552483020967e-05,0,-1
390,22,2.3883552483020967e-05,0,-1
14455,22,2.3883552483020967e-05,0,-1
6974,22,2.3883552483020967e-05,0,-1
12611,22,2.3883552483020967e-05,0,-1
12612,22,2.3883552483020967e-05,0,-1
6998,22,2.3883552483020967e-05,0,-1
7009,22,2.3883552483020967e-05,0,-1
7011,22,2.3883552483020967e-05,0,-1
14415,22,2.3883552483020967e-05,0,-1
14419,22,2.3883552483020967e-05,0,-1
14395,22,2.3883552483020967e-05,0,-1
14396,22,2.3883552483020967e-05,0,-1
2516,22,2.3883552483020967e-05,0,-1
2518,22,2.3883552483020967e-05,0,-1
7048,22,2.3883552483020967e-05,0,-1
14384,22,2.3883552483020967e-05,0,-1
7112,22,2.3883552483020967e-05,0,-1
1374,22,2.3883552483020967e-05,0,-1
9475,22,2.3883552483020967e-05,0,-1
12997,22,2.3883552483020967e-05,0,-1
13613,22,2.3883552483020967e-05,0,-1
8409,22,2.3883552483020967e-05,0,-1
138,22,2.3883552483020967e-05,0,-1
143,22,2.3883552483020967e-05,0,-1
7188,22,2.3883552483020967e-05,0,-1
7155,22,2.3883552483020967e-05,0,-1
7097,22,2.3883552483020967e-05,0,-1
7187,22,2.3883552483020967e-05,0,-1
10146,22,2.3883552483020967e-05,0,-1
10109,22,2.3883552483020967e-05,0,-1
7232,22,2.3883552483020967e-05,0,-1
14321,22,2.3883552483020967e-05,0,-1
14324,22,2.3883552483020967e-05,0,-1
7244,22,2.3883552483020967e-05,0,-1
14295,22,2.3883552483020967e-05,0,-1
14301,22,2.3883552483020967e-05,0,-1
7264,22,2.3883552483020967e-05,0,-1
14272,22,2.3883552483020967e-05,0,-1
14280,22,2.3883552483020967e-05,0,-1
14281,22,2.3883552483020967e-05,0,-1
10100,22,2.3883552483020967e-05,0,-1
12678,22,2.3883552483020967e-05,0,-1
12680,22,2.3883552483020967e-05,0,-1
12684,22,2.3883552483020967e-05,0,-1
10068,22,2.3883552483020967e-05,0,-1
10073,22,2.3883552483020967e-05,0,-1
10133,22,2.3883552483020967e-05,0,-1
7325,22,2.3883552483020967e-05,0,-1
8389,22,2.3883552483020967e-05,0,-1
13666,22,2.3883552483020967e-05,0,-1
13652,22,2.3883552483020967e-05,0,-1
8368,22,2.3883552483020967e-05,0,-1
13624,22,2.3883552483020967e-05,0,-1
1384,22,2.3883552483020967e-05,0,-1
7378,22,2.3883552483020967e-05,0,-1
7386,22,2.3883552483020967e-05,0,-1
2367,22,2.3883552483020967e-05,0,-1
7395,22,2.3883552483020967e-05,0,-1
10033,22,2.3883552483020967e-05,0,-1
12710,22,2.3883552483020967e-05,0,-1
12731,22,2.3883552483020967e-05,0,-1
10000,22,2.3883552483020967e-05,0,-1
14182,22,2.3883552483020967e-05,0,-1
7474,22,2.3883552483020967e-05,0,-1
7478,22,2.3883552483020967e-05,0,-1
7421,22,2.3883552483020967e-05,0,-1
14178,22,2.3883552483020967e-05,0,-1
2303,22,2.3883552483020967e-05,0,-1
14156,22,2.3883552483020967e-05,0,-1
2291,22,2.3883552483020967e-05,0,-1
2301,22,2.3883552483020967e-05,0,-1
12747,22,2.3883552483020967e-05,0,-1
12739,22,2.3883552483020967e-05,0,-1
7532,22,2.3883552483020967e-05,0,-1
14136,22,2.3883552483020967e-05,0,-1
9813,22,2.3883552483020967e-05,0,-1
7593,22,2.3883552483020967e-05,0,-1
14127,22,2.3883552483020967e-05,0,-1
9849,22,2.3883552483020967e-05,0,-1
2260,22,2.3883552483020967e-05,0,-1
2261,22,2.3883552483020967e-05,0,-1
2271,22,2.3883552483020967e-05,0,-1
14081,22,2.3883552483020967e-05,0,-1
12965,22,2.3883552483020967e-05,0,-1
12974,22,2.3883552483020967e-05,0,-1
12957,22,2.3883552483020967e-05,0,-1
8313,22,2.3883552483020967e-05,0,-1
1857,22,2.3883552483020967e-05,0,-1
7619,22,2.3883552483020967e-05,0,-1
7625,22,2.3883552483020967e-05,0,-1
7655,22,2.3883552483020967e-05,0,-1
14073,22,2.3883552483020967e-05,0,-1
7687,22,2.3883552483020967e-05,0,-1
2234,22,2.3883552483020967e-05,0,-1
14044,22,2.3883552483020967e-05,0,-1
2220,22,2.3883552483020967e-05,0,-1
2223,22,2.3883552483020967e-05,0,-1
14023,22,2.3883552483020967e-05,0,-1
14035,22,2.3883552483020967e-05,0,-1
12824,22,2.3883552483020967e-05,0,-1
12810,22,2.3883552483020967e-05,0,-1
9792,22,2.3883552483020967e-05,0,-1
365,22,2.3883552483020967e-05,0,-1
7799,22,2.3883552483020967e-05,0,-1
7773,22,2.3883552483020967e-05,0,-1
13983,22,2.3883552483020967e-05,0,-1
13979,22,2.3883552483020967e-05,0,-1
13968,22,2.3883552483020967e-05,0,-1
13948,22,2.3883552483020967e-05,0,-1
13959,22,2.3883552483020967e-05,0,-1
13963,22,2.3883552483020967e-05,0,-1
8260,22,2.3883552483020967e-05,0,-1
8268,22,2.3883552483020967e-05,0,-1
13727,22,2.3883552483020967e-05,0,-1
1916,22,2.3883552483020967e-05,0,-1
13702,22,2.3883552483020967e-05,0,-1
8273,22,2.3883552483020967e-05,0,-1
9772,22,2.3883552483020967e-05,0,-1
9724,22,2.3883552483020967e-05,0,-1
9766,22,2.3883552483020967e-05,0,-1
2085,22,2.3883552483020967e-05,0,-1
13912,22,2.3883552483020967e-05,0,-1
13919,22,2.3883552483020967e-05,0,-1
13929,22,2.3883552483020967e-05,0,-1
13930,22,2.3883552483020967e-05,0,-1
7900,22,2.3883552483020967e-05,0,-1
7914,22,2.3883552483020967e-05,0,-1
13909,22,2.3883552483020967e-05,0,-1
2049,22,2.3883552483020967e-05,0,-1
13880,22,2.3883552483020967e-05,0,-1
12874,22,2.3883552483020967e-05,0,-1
12878,22,2.3883552483020967e-05,0,-1
9749,22,2.3883552483020967e-05,0,-1
12856,22,2.3883552483020967e-05,0,-1
7959,22,2.3883552483020967e-05,0,-1
2071,22,2.3883552483020967e-05,0,-1
2076,22,2.3883552483020967e-05,0,-1
7975,22,2.3883552483020967e-05,0,-1
8036,22,2.3883552483020967e-05,0,-1
8041,22,2.3883552483020967e-05,0,-1
7999,22,2.3883552483020967e-05,0,-1
1965,22,2.3883552483020967e-05,0,-1
13847,22,2.3883552483020967e-05,0,-1
12942,22,2.3883552483020967e-05,0,-1
12951,22,2.3883552483020967e-05,0,-1
8239,22,2.3883552483020967e-05,0,-1
8199,22,2.3883552483020967e-05,0,-1
9647,22,2.3883552483020967e-05,0,-1
9648,22,2.3883552483020967e-05,0,-1
13746,22,2.3883552483020967e-05,0,-1
12912,22,2.3883552483020967e-05,0,-1
12897,22,2.3883552483020967e-05,0,-1
12902,22,2.3883552483020967e-05,0,-1
13797,22,2.3883552483020967e-05,0,-1
13806,22,2.3883552483020967e-05,0,-1
13785,22,2.3883552483020967e-05,0,-1
13788,22,2.3883552483020967e-05,0,-1
9615,22,2.3883552483020967e-05,0,-1
1313,22,2.3883552483020967e-05,0,-1
4402,22,2.3883552483020967e-05,0,-1
4414,22,2.3883552483020967e-05,0,-1
16136,22,2.3883552483020967e-05,0,-1
626,22,2.3883552483020967e-05,0,-1
16162,22,2.3883552483020967e-05,0,-1
16163,22,2.3883552483020967e-05,0,-1
16204,22,2.3883552483020967e-05,0,-1
16183,22,2.3883552483020967e-05,0,-1
7,22,2.3883552483020967e-05,0,-1
16202,22,2.3883552483020967e-05,0,-1
16188,21,2.2797936461065467e-05,0,-1
16203,21,2.2797936461065467e-05,0,-1
16156,21,2.2797936461065467e-05,0,-1
16152,21,2.2797936461065467e-05,0,-1
22,21,2.2797936461065467e-05,0,-1
16166,21,2.2797936461065467e-05,0,-1
11956,21,2.2797936461065467e-05,0,-1
16242,21,2.2797936461065467e-05,0,-1
11732,21,2.2797936461065467e-05,0,-1
8932,21,2.2797936461065467e-05,0,-1
8943,21,2.2797936461065467e-05,0,-1
8888,21,2.2797936461065467e-05,0,-1
8890,21,2.2797936461065467e-05,0,-1
13153,21,2.2797936461065467e-05,0,-1
13171,21,2.2797936461065467e-05,0,-1
13172,21,2.2797936461065467e-05,0,-1
1528,21,2.2797936461065467e-05,0,-1
8170,21,2.2797936461065467e-05,0,-1
8178,21,2.2797936461065467e-05,0,-1
12899,21,2.2797936461065467e-05,0,-1
13802,21,2.2797936461065467e-05,0,-1
16218,21,2.2797936461065467e-05,0,-1
16221,21,2.2797936461065467e-05,0,-1
16151,21,2.2797936461065467e-05,0,-1
16145,21,2.2797936461065467e-05,0,-1
3833,21,2.2797936461065467e-05,0,-1
5220,21,2.2797936461065467e-05,0,-1
15538,21,2.2797936461065467e-05,0,-1
15564,21,2.2797936461065467e-05,0,-1
15570,21,2.2797936461065467e-05,0,-1
15576,21,2.2797936461065467e-05,0,-1
15558,21,2.2797936461065467e-05,0,-1
15583,21,2.2797936461065467e-05,0,-1
11370,21,2.2797936461065467e-05,0,-1
12002,21,2.2797936461065467e-05,0,-1
15522,21,2.2797936461065467e-05,0,-1
3786,21,2.2797936461065467e-05,0,-1
3788,21,2.2797936461065467e-05,0,-1
5295,21,2.2797936461065467e-05,0,-1
5234,21,2.2797936461065467e-05,0,-1
5244,21,2.2797936461065467e-05,0,-1
11359,21,2.2797936461065467e-05,0,-1
11362,21,2.2797936461065467e-05,0,-1
11326,21,2.2797936461065467e-05,0,-1
15530,21,2.2797936461065467e-05,0,-1
11309,21,2.2797936461065467e-05,0,-1
9202,21,2.2797936461065467e-05,0,-1
15501,21,2.2797936461065467e-05,0,-1
765,21,2.2797936461065467e-05,0,-1
12915,21,2.2797936461065467e-05,0,-1
9667,21,2.2797936461065467e-05,0,-1
1304,21,2.2797936461065467e-05,0,-1
12921,21,2.2797936461065467e-05,0,-1
13754,21,2.2797936461065467e-05,0,-1
12936,21,2.2797936461065467e-05,0,-1
12943,21,2.2797936461065467e-05,0,-1
13784,21,2.2797936461065467e-05,0,-1
8153,21,2.2797936461065467e-05,0,-1
15505,21,2.2797936461065467e-05,0,-1
15508,21,2.2797936461065467e-05,0,-1
15510,21,2.2797936461065467e-05,0,-1
15514,21,2.2797936461065467e-05,0,-1
15515,21,2.2797936461065467e-05,0,-1
15489,21,2.2797936461065467e-05,0,-1
9167,21,2.2797936461065467e-05,0,-1
11342,21,2.2797936461065467e-05,0,-1
5072,21,2.2797936461065467e-05,0,-1
5105,21,2.2797936461065467e-05,0,-1
13350,21,2.2797936461065467e-05,0,-1
494,21,2.2797936461065467e-05,0,-1
12035,21,2.2797936461065467e-05,0,-1
8873,21,2.2797936461065467e-05,0,-1
8874,21,2.2797936461065467e-05,0,-1
9168,21,2.2797936461065467e-05,0,-1
176,21,2.2797936461065467e-05,0,-1
9271,21,2.2797936461065467e-05,0,-1
13356,21,2.2797936461065467e-05,0,-1
1614,21,2.2797936461065467e-05,0,-1
11198,21,2.2797936461065467e-05,0,-1
12074,21,2.2797936461065467e-05,0,-1
16060,21,2.2797936461065467e-05,0,-1
116,21,2.2797936461065467e-05,0,-1
16074,21,2.2797936461065467e-05,0,-1
16077,21,2.2797936461065467e-05,0,-1
4447,21,2.2797936461065467e-05,0,-1
16054,21,2.2797936461065467e-05,0,-1
16086,21,2.2797936461065467e-05,0,-1
16092,21,2.2797936461065467e-05,0,-1
16094,21,2.2797936461065467e-05,0,-1
16061,21,2.2797936461065467e-05,0,-1
16063,21,2.2797936461065467e-05,0,-1
16067,21,2.2797936461065467e-05,0,-1
16105,21,2.2797936461065467e-05,0,-1
16106,21,2.2797936461065467e-05,0,-1
16107,21,2.2797936461065467e-05,0,-1
15457,21,2.2797936461065467e-05,0,-1
15458,21,2.2797936461065467e-05,0,-1
12089,21,2.2797936461065467e-05,0,-1
11189,21,2.2797936461065467e-05,0,-1
744,21,2.2797936461065467e-05,0,-1
15444,21,2.2797936461065467e-05,0,-1
15453,21,2.2797936461065467e-05,0,-1
15634,21,2.2797936461065467e-05,0,-1
5052,21,2.2797936461065467e-05,0,-1
5055,21,2.2797936461065467e-05,0,-1
3914,21,2.2797936461065467e-05,0,-1
3923,21,2.2797936461065467e-05,0,-1
3989,21,2.2797936461065467e-05,0,-1
1269,21,2.2797936461065467e-05,0,-1
9698,21,2.2797936461065467e-05,0,-1
9702,21,2.2797936461065467e-05,0,-1
2058,21,2.2797936461065467e-05,0,-1
12857,21,2.2797936461065467e-05,0,-1
13879,21,2.2797936461065467e-05,0,-1
13891,21,2.2797936461065467e-05,0,-1
13896,21,2.2797936461065467e-05,0,-1
13855,21,2.2797936461065467e-05,0,-1
9591,21,2.2797936461065467e-05,0,-1
8150,21,2.2797936461065467e-05,0,-1
8097,21,2.2797936461065467e-05,0,-1
8054,21,2.2797936461065467e-05,0,-1
4032,21,2.2797936461065467e-05,0,-1
11478,21,2.2797936461065467e-05,0,-1
15657,21,2.2797936461065467e-05,0,-1
15427,21,2.2797936461065467e-05,0,-1
15429,21,2.2797936461065467e-05,0,-1
3660,21,2.2797936461065467e-05,0,-1
5444,21,2.2797936461065467e-05,0,-1
3733,21,2.2797936461065467e-05,0,-1
15409,21,2.2797936461065467e-05,0,-1
15416,21,2.2797936461065467e-05,0,-1
13420,21,2.2797936461065467e-05,0,-1
12108,21,2.2797936461065467e-05,0,-1
12112,21,2.2797936461065467e-05,0,-1
11156,21,2.2797936461065467e-05,0,-1
11159,21,2.2797936461065467e-05,0,-1
11168,21,2.2797936461065467e-05,0,-1
15383,21,2.2797936461065467e-05,0,-1
12099,21,2.2797936461065467e-05,0,-1
12106,21,2.2797936461065467e-05,0,-1
9222,21,2.2797936461065467e-05,0,-1
11108,21,2.2797936461065467e-05,0,-1
11114,21,2.2797936461065467e-05,0,-1
11119,21,2.2797936461065467e-05,0,-1
12839,21,2.2797936461065467e-05,0,-1
2084,21,2.2797936461065467e-05,0,-1
12851,21,2.2797936461065467e-05,0,-1
9769,21,2.2797936461065467e-05,0,-1
7830,21,2.2797936461065467e-05,0,-1
7948,21,2.2797936461065467e-05,0,-1
9743,21,2.2797936461065467e-05,0,-1
9746,21,2.2797936461065467e-05,0,-1
12867,21,2.2797936461065467e-05,0,-1
12886,21,2.2797936461065467e-05,0,-1
7979,21,2.2797936461065467e-05,0,-1
13370,21,2.2797936461065467e-05,0,-1
13378,21,2.2797936461065467e-05,0,-1
15363,21,2.2797936461065467e-05,0,-1
8793,21,2.2797936461065467e-05,0,-1
1499,21,2.2797936461065467e-05,0,-1
8824,21,2.2797936461065467e-05,0,-1
13399,21,2.2797936461065467e-05,0,-1
13415,21,2.2797936461065467e-05,0,-1
13387,21,2.2797936461065467e-05,0,-1
13390,21,2.2797936461065467e-05,0,-1
5475,21,2.2797936461065467e-05,0,-1
5504,21,2.2797936461065467e-05,0,-1
5513,21,2.2797936461065467e-05,0,-1
5530,21,2.2797936461065467e-05,0,-1
8822,21,2.2797936461065467e-05,0,-1
8331,21,2.2797936461065467e-05,0,-1
9771,21,2.2797936461065467e-05,0,-1
9779,21,2.2797936461065467e-05,0,-1
13709,21,2.2797936461065467e-05,0,-1
9562,21,2.2797936461065467e-05,0,-1
8257,21,2.2797936461065467e-05,0,-1
2088,21,2.2797936461065467e-05,0,-1
13899,21,2.2797936461065467e-05,0,-1
13900,21,2.2797936461065467e-05,0,-1
7893,21,2.2797936461065467e-05,0,-1
15339,21,2.2797936461065467e-05,0,-1
15342,21,2.2797936461065467e-05,0,-1
15303,21,2.2797936461065467e-05,0,-1
15318,21,2.2797936461065467e-05,0,-1
15322,21,2.2797936461065467e-05,0,-1
15349,21,2.2797936461065467e-05,0,-1
15359,21,2.2797936461065467e-05,0,-1
3499,21,2.2797936461065467e-05,0,-1
12114,21,2.2797936461065467e-05,0,-1
12124,21,2.2797936461065467e-05,0,-1
15346,21,2.2797936461065467e-05,0,-1
12126,21,2.2797936461065467e-05,0,-1
12143,21,2.2797936461065467e-05,0,-1
11067,21,2.2797936461065467e-05,0,-1
11069,21,2.2797936461065467e-05,0,-1
11081,21,2.2797936461065467e-05,0,-1
11044,21,2.2797936461065467e-05,0,-1
11053,21,2.2797936461065467e-05,0,-1
11440,21,2.2797936461065467e-05,0,-1
11945,21,2.2797936461065467e-05,0,-1
11946,21,2.2797936461065467e-05,0,-1
15275,21,2.2797936461065467e-05,0,-1
11398,21,2.2797936461065467e-05,0,-1
11437,21,2.2797936461065467e-05,0,-1
15677,21,2.2797936461065467e-05,0,-1
11394,21,2.2797936461065467e-05,0,-1
16039,21,2.2797936461065467e-05,0,-1
16049,21,2.2797936461065467e-05,0,-1
4418,21,2.2797936461065467e-05,0,-1
13952,21,2.2797936461065467e-05,0,-1
7815,21,2.2797936461065467e-05,0,-1
13981,21,2.2797936461065467e-05,0,-1
13988,21,2.2797936461065467e-05,0,-1
13998,21,2.2797936461065467e-05,0,-1
13971,21,2.2797936461065467e-05,0,-1
9786,21,2.2797936461065467e-05,0,-1
7768,21,2.2797936461065467e-05,0,-1
15207,21,2.2797936461065467e-05,0,-1
15687,21,2.2797936461065467e-05,0,-1
15253,21,2.2797936461065467e-05,0,-1
15217,21,2.2797936461065467e-05,0,-1
15224,21,2.2797936461065467e-05,0,-1
10946,21,2.2797936461065467e-05,0,-1
15267,21,2.2797936461065467e-05,0,-1
15244,21,2.2797936461065467e-05,0,-1
15195,21,2.2797936461065467e-05,0,-1
15197,21,2.2797936461065467e-05,0,-1
15202,21,2.2797936461065467e-05,0,-1
15256,21,2.2797936461065467e-05,0,-1
782,21,2.2797936461065467e-05,0,-1
3442,21,2.2797936461065467e-05,0,-1
5716,21,2.2797936461065467e-05,0,-1
5661,21,2.2797936461065467e-05,0,-1
5681,21,2.2797936461065467e-05,0,-1
8695,21,2.2797936461065467e-05,0,-1
11024,21,2.2797936461065467e-05,0,-1
12154,21,2.2797936461065467e-05,0,-1
12155,21,2.2797936461065467e-05,0,-1
5733,21,2.2797936461065467e-05,0,-1
795,21,2.2797936461065467e-05,0,-1
13427,21,2.2797936461065467e-05,0,-1
5731,21,2.2797936461065467e-05,0,-1
12803,21,2.2797936461065467e-05,0,-1
12809,21,2.2797936461065467e-05,0,-1
11702,21,2.2797936461065467e-05,0,-1
12825,21,2.2797936461065467e-05,0,-1
14015,21,2.2797936461065467e-05,0,-1
14016,21,2.2797936461065467e-05,0,-1
14025,21,2.2797936461065467e-05,0,-1
11777,21,2.2797936461065467e-05,0,-1
11792,21,2.2797936461065467e-05,0,-1
11725,21,2.2797936461065467e-05,0,-1
11646,21,2.2797936461065467e-05,0,-1
16027,21,2.2797936461065467e-05,0,-1
16030,21,2.2797936461065467e-05,0,-1
11710,21,2.2797936461065467e-05,0,-1
1684,21,2.2797936461065467e-05,0,-1
1688,21,2.2797936461065467e-05,0,-1
15182,21,2.2797936461065467e-05,0,-1
15710,21,2.2797936461065467e-05,0,-1
15713,21,2.2797936461065467e-05,0,-1
13451,21,2.2797936461065467e-05,0,-1
8694,21,2.2797936461065467e-05,0,-1
9127,21,2.2797936461065467e-05,0,-1
15699,21,2.2797936461065467e-05,0,-1
15701,21,2.2797936461065467e-05,0,-1
9086,21,2.2797936461065467e-05,0,-1
7722,21,2.2797936461065467e-05,0,-1
7735,21,2.2797936461065467e-05,0,-1
7691,21,2.2797936461065467e-05,0,-1
2218,21,2.2797936461065467e-05,0,-1
2230,21,2.2797936461065467e-05,0,-1
1195,21,2.2797936461065467e-05,0,-1
7641,21,2.2797936461065467e-05,0,-1
358,21,2.2797936461065467e-05,0,-1
7750,21,2.2797936461065467e-05,0,-1
12185,21,2.2797936461065467e-05,0,-1
8966,21,2.2797936461065467e-05,0,-1
12202,21,2.2797936461065467e-05,0,-1
12210,21,2.2797936461065467e-05,0,-1
12211,21,2.2797936461065467e-05,0,-1
12214,21,2.2797936461065467e-05,0,-1
5758,21,2.2797936461065467e-05,0,-1
10909,21,2.2797936461065467e-05,0,-1
10930,21,2.2797936461065467e-05,0,-1
15149,21,2.2797936461065467e-05,0,-1
15154,21,2.2797936461065467e-05,0,-1
15169,21,2.2797936461065467e-05,0,-1
5728,21,2.2797936461065467e-05,0,-1
3349,21,2.2797936461065467e-05,0,-1
5837,21,2.2797936461065467e-05,0,-1
5870,21,2.2797936461065467e-05,0,-1
15080,21,2.2797936461065467e-05,0,-1
15083,21,2.2797936461065467e-05,0,-1
15086,21,2.2797936461065467e-05,0,-1
15091,21,2.2797936461065467e-05,0,-1
3335,21,2.2797936461065467e-05,0,-1
15137,21,2.2797936461065467e-05,0,-1
5802,21,2.2797936461065467e-05,0,-1
15110,21,2.2797936461065467e-05,0,-1
10936,21,2.2797936461065467e-05,0,-1
15065,21,2.2797936461065467e-05,0,-1
15067,21,2.2797936461065467e-05,0,-1
7609,21,2.2797936461065467e-05,0,-1
4359,21,2.2797936461065467e-05,0,-1
13668,21,2.2797936461065467e-05,0,-1
7658,21,2.2797936461065467e-05,0,-1
9581,21,2.2797936461065467e-05,0,-1
1885,21,2.2797936461065467e-05,0,-1
8361,21,2.2797936461065467e-05,0,-1
8363,21,2.2797936461065467e-05,0,-1
14038,21,2.2797936461065467e-05,0,-1
1344,21,2.2797936461065467e-05,0,-1
9573,21,2.2797936461065467e-05,0,-1
12232,21,2.2797936461065467e-05,0,-1
15074,21,2.2797936461065467e-05,0,-1
3273,21,2.2797936461065467e-05,0,-1
3289,21,2.2797936461065467e-05,0,-1
812,21,2.2797936461065467e-05,0,-1
10896,21,2.2797936461065467e-05,0,-1
9322,21,2.2797936461065467e-05,0,-1
5951,21,2.2797936461065467e-05,0,-1
8705,21,2.2797936461065467e-05,0,-1
8712,21,2.2797936461065467e-05,0,-1
8674,21,2.2797936461065467e-05,0,-1
13101,21,2.2797936461065467e-05,0,-1
9243,21,2.2797936461065467e-05,0,-1
9245,21,2.2797936461065467e-05,0,-1
8979,21,2.2797936461065467e-05,0,-1
8987,21,2.2797936461065467e-05,0,-1
13329,21,2.2797936461065467e-05,0,-1
13335,21,2.2797936461065467e-05,0,-1
11918,21,2.2797936461065467e-05,0,-1
15721,21,2.2797936461065467e-05,0,-1
15723,21,2.2797936461065467e-05,0,-1
4070,21,2.2797936461065467e-05,0,-1
4073,21,2.2797936461065467e-05,0,-1
11501,21,2.2797936461065467e-05,0,-1
11505,21,2.2797936461065467e-05,0,-1
11449,21,2.2797936461065467e-05,0,-1
11463,21,2.2797936461065467e-05,0,-1
9899,21,2.2797936461065467e-05,0,-1
12784,21,2.2797936461065467e-05,0,-1
15992,21,2.2797936461065467e-05,0,-1
12789,21,2.2797936461065467e-05,0,-1
12793,21,2.2797936461065467e-05,0,-1
9843,21,2.2797936461065467e-05,0,-1
16008,21,2.2797936461065467e-05,0,-1
15985,21,2.2797936461065467e-05,0,-1
16009,21,2.2797936461065467e-05,0,-1
16010,21,2.2797936461065467e-05,0,-1
16015,21,2.2797936461065467e-05,0,-1
10817,21,2.2797936461065467e-05,0,-1
6020,21,2.2797936461065467e-05,0,-1
6032,21,2.2797936461065467e-05,0,-1
3204,21,2.2797936461065467e-05,0,-1
5979,21,2.2797936461065467e-05,0,-1
10850,21,2.2797936461065467e-05,0,-1
15032,21,2.2797936461065467e-05,0,-1
10831,21,2.2797936461065467e-05,0,-1
10840,21,2.2797936461065467e-05,0,-1
10841,21,2.2797936461065467e-05,0,-1
15031,21,2.2797936461065467e-05,0,-1
7557,21,2.2797936461065467e-05,0,-1
7577,21,2.2797936461065467e-05,0,-1
7594,21,2.2797936461065467e-05,0,-1
12758,21,2.2797936461065467e-05,0,-1
1154,21,2.2797936461065467e-05,0,-1
9933,21,2.2797936461065467e-05,0,-1
9959,21,2.2797936461065467e-05,0,-1
9962,21,2.2797936461065467e-05,0,-1
12735,21,2.2797936461065467e-05,0,-1
14088,21,2.2797936461065467e-05,0,-1
14092,21,2.2797936461065467e-05,0,-1
12317,21,2.2797936461065467e-05,0,-1
6058,21,2.2797936461065467e-05,0,-1
6063,21,2.2797936461065467e-05,0,-1
15000,21,2.2797936461065467e-05,0,-1
15007,21,2.2797936461065467e-05,0,-1
5994,21,2.2797936461065467e-05,0,-1
13507,21,2.2797936461065467e-05,0,-1
13524,21,2.2797936461065467e-05,0,-1
3152,21,2.2797936461065467e-05,0,-1
6142,21,2.2797936461065467e-05,0,-1
14915,21,2.2797936461065467e-05,0,-1
14937,21,2.2797936461065467e-05,0,-1
14945,21,2.2797936461065467e-05,0,-1
12328,21,2.2797936461065467e-05,0,-1
10752,21,2.2797936461065467e-05,0,-1
14957,21,2.2797936461065467e-05,0,-1
14964,21,2.2797936461065467e-05,0,-1
10763,21,2.2797936461065467e-05,0,-1
8680,21,2.2797936461065467e-05,0,-1
9937,21,2.2797936461065467e-05,0,-1
14167,21,2.2797936461065467e-05,0,-1
14171,21,2.2797936461065467e-05,0,-1
81,21,2.2797936461065467e-05,0,-1
14148,21,2.2797936461065467e-05,0,-1
7466,21,2.2797936461065467e-05,0,-1
7511,21,2.2797936461065467e-05,0,-1
14163,21,2.2797936461065467e-05,0,-1
14165,21,2.2797936461065467e-05,0,-1
14116,21,2.2797936461065467e-05,0,-1
13477,21,2.2797936461065467e-05,0,-1
13493,21,2.2797936461065467e-05,0,-1
10756,21,2.2797936461065467e-05,0,-1
10761,21,2.2797936461065467e-05,0,-1
13494,21,2.2797936461065467e-05,0,-1
8644,21,2.2797936461065467e-05,0,-1
8650,21,2.2797936461065467e-05,0,-1
15767,21,2.2797936461065467e-05,0,-1
4808,21,2.2797936461065467e-05,0,-1
4810,21,2.2797936461065467e-05,0,-1
15777,21,2.2797936461065467e-05,0,-1
15787,21,2.2797936461065467e-05,0,-1
15753,21,2.2797936461065467e-05,0,-1
15760,21,2.2797936461065467e-05,0,-1
15790,21,2.2797936461065467e-05,0,-1
15794,21,2.2797936461065467e-05,0,-1
4788,21,2.2797936461065467e-05,0,-1
4727,21,2.2797936461065467e-05,0,-1
14895,21,2.2797936461065467e-05,0,-1
14897,21,2.2797936461065467e-05,0,-1
14899,21,2.2797936461065467e-05,0,-1
14900,21,2.2797936461065467e-05,0,-1
438,21,2.2797936461065467e-05,0,-1
2343,21,2.2797936461065467e-05,0,-1
1125,21,2.2797936461065467e-05,0,-1
4351,21,2.2797936461065467e-05,0,-1
14223,21,2.2797936461065467e-05,0,-1
14227,21,2.2797936461065467e-05,0,-1
11672,21,2.2797936461065467e-05,0,-1
11801,21,2.2797936461065467e-05,0,-1
11807,21,2.2797936461065467e-05,0,-1
218,21,2.2797936461065467e-05,0,-1
15967,21,2.2797936461065467e-05,0,-1
11811,21,2.2797936461065467e-05,0,-1
11818,21,2.2797936461065467e-05,0,-1
11822,21,2.2797936461065467e-05,0,-1
11626,21,2.2797936461065467e-05,0,-1
6242,21,2.2797936461065467e-05,0,-1
6247,21,2.2797936461065467e-05,0,-1
6249,21,2.2797936461065467e-05,0,-1
12347,21,2.2797936461065467e-05,0,-1
12349,21,2.2797936461065467e-05,0,-1
10685,21,2.2797936461065467e-05,0,-1
10665,21,2.2797936461065467e-05,0,-1
6204,21,2.2797936461065467e-05,0,-1
6211,21,2.2797936461065467e-05,0,-1
6299,21,2.2797936461065467e-05,0,-1
6300,21,2.2797936461065467e-05,0,-1
6305,21,2.2797936461065467e-05,0,-1
10675,21,2.2797936461065467e-05,0,-1
14825,21,2.2797936461065467e-05,0,-1
14826,21,2.2797936461065467e-05,0,-1
11887,21,2.2797936461065467e-05,0,-1
11523,21,2.2797936461065467e-05,0,-1
4748,21,2.2797936461065467e-05,0,-1
15812,21,2.2797936461065467e-05,0,-1
11528,21,2.2797936461065467e-05,0,-1
11552,21,2.2797936461065467e-05,0,-1
13006,21,2.2797936461065467e-05,0,-1
13011,21,2.2797936461065467e-05,0,-1
13012,21,2.2797936461065467e-05,0,-1
13634,21,2.2797936461065467e-05,0,-1
13640,21,2.2797936461065467e-05,0,-1
12705,21,2.2797936461065467e-05,0,-1
12721,21,2.2797936461065467e-05,0,-1
2308,21,2.2797936461065467e-05,0,-1
10049,21,2.2797936461065467e-05,0,-1
15798,21,2.2797936461065467e-05,0,-1
8562,21,2.2797936461065467e-05,0,-1
8566,21,2.2797936461065467e-05,0,-1
8569,21,2.2797936461065467e-05,0,-1
10706,21,2.2797936461065467e-05,0,-1
12376,21,2.2797936461065467e-05,0,-1
8587,21,2.2797936461065467e-05,0,-1
9396,21,2.2797936461065467e-05,0,-1
10601,21,2.2797936461065467e-05,0,-1
13051,21,2.2797936461065467e-05,0,-1
2957,21,2.2797936461065467e-05,0,-1
2974,21,2.2797936461065467e-05,0,-1
12423,21,2.2797936461065467e-05,0,-1
12431,21,2.2797936461065467e-05,0,-1
10587,21,2.2797936461065467e-05,0,-1
10590,21,2.2797936461065467e-05,0,-1
14757,21,2.2797936461065467e-05,0,-1
14759,21,2.2797936461065467e-05,0,-1
904,21,2.2797936461065467e-05,0,-1
926,21,2.2797936461065467e-05,0,-1
6332,21,2.2797936461065467e-05,0,-1
14696,21,2.2797936461065467e-05,0,-1
14697,21,2.2797936461065467e-05,0,-1
14698,21,2.2797936461065467e-05,0,-1
13665,21,2.2797936461065467e-05,0,-1
14229,21,2.2797936461065467e-05,0,-1
14244,21,2.2797936461065467e-05,0,-1
14250,21,2.2797936461065467e-05,0,-1
1592,21,2.2797936461065467e-05,0,-1
7340,21,2.2797936461065467e-05,0,-1
7287,21,2.2797936461065467e-05,0,-1
1098,21,2.2797936461065467e-05,0,-1
7293,21,2.2797936461065467e-05,0,-1
7291,21,2.2797936461065467e-05,0,-1
10137,21,2.2797936461065467e-05,0,-1
12666,21,2.2797936461065467e-05,0,-1
7405,21,2.2797936461065467e-05,0,-1
12694,21,2.2797936461065467e-05,0,-1
10042,21,2.2797936461065467e-05,0,-1
1089,21,2.2797936461065467e-05,0,-1
2895,21,2.2797936461065467e-05,0,-1
6481,21,2.2797936461065467e-05,0,-1
12411,21,2.2797936461065467e-05,0,-1
12415,21,2.2797936461065467e-05,0,-1
15817,21,2.2797936461065467e-05,0,-1
15821,21,2.2797936461065467e-05,0,-1
2925,21,2.2797936461065467e-05,0,-1
4190,21,2.2797936461065467e-05,0,-1
15831,21,2.2797936461065467e-05,0,-1
15835,21,2.2797936461065467e-05,0,-1
15840,21,2.2797936461065467e-05,0,-1
7227,21,2.2797936461065467e-05,0,-1
14335,21,2.2797936461065467e-05,0,-1
9059,21,2.2797936461065467e-05,0,-1
9071,21,2.2797936461065467e-05,0,-1
15937,21,2.2797936461065467e-05,0,-1
9001,21,2.2797936461065467e-05,0,-1
13261,21,2.2797936461065467e-05,0,-1
9032,21,2.2797936461065467e-05,0,-1
9039,21,2.2797936461065467e-05,0,-1
14656,21,2.2797936461065467e-05,0,-1
4666,21,2.2797936461065467e-05,0,-1
4196,21,2.2797936461065467e-05,0,-1
14654,21,2.2797936461065467e-05,0,-1
6500,21,2.2797936461065467e-05,0,-1
14691,21,2.2797936461065467e-05,0,-1
10535,21,2.2797936461065467e-05,0,-1
12472,21,2.2797936461065467e-05,0,-1
12479,21,2.2797936461065467e-05,0,-1
9304,21,2.2797936461065467e-05,0,-1
6580,21,2.2797936461065467e-05,0,-1
9314,21,2.2797936461065467e-05,0,-1
13539,21,2.2797936461065467e-05,0,-1
2811,21,2.2797936461065467e-05,0,-1
13556,21,2.2797936461065467e-05,0,-1
8538,21,2.2797936461065467e-05,0,-1
10461,21,2.2797936461065467e-05,0,-1
14604,21,2.2797936461065467e-05,0,-1
14607,21,2.2797936461065467e-05,0,-1
12513,21,2.2797936461065467e-05,0,-1
10471,21,2.2797936461065467e-05,0,-1
10475,21,2.2797936461065467e-05,0,-1
14583,21,2.2797936461065467e-05,0,-1
14586,21,2.2797936461065467e-05,0,-1
10487,21,2.2797936461065467e-05,0,-1
10447,21,2.2797936461065467e-05,0,-1
6662,21,2.2797936461065467e-05,0,-1
6664,21,2.2797936461065467e-05,0,-1
1421,21,2.2797936461065467e-05,0,-1
10127,21,2.2797936461065467e-05,0,-1
12653,21,2.2797936461065467e-05,0,-1
12654,21,2.2797936461065467e-05,0,-1
14282,21,2.2797936461065467e-05,0,-1
14342,21,2.2797936461065467e-05,0,-1
14347,21,2.2797936461065467e-05,0,-1
14348,21,2.2797936461065467e-05,0,-1
14354,21,2.2797936461065467e-05,0,-1
14360,21,2.2797936461065467e-05,0,-1
7298,21,2.2797936461065467e-05,0,-1
7303,21,2.2797936461065467e-05,0,-1
7305,21,2.2797936461065467e-05,0,-1
14271,21,2.2797936461065467e-05,0,-1
7201,21,2.2797936461065467e-05,0,-1
7210,21,2.2797936461065467e-05,0,-1
2413,21,2.2797936461065467e-05,0,-1
551,21,2.2797936461065467e-05,0,-1
11852,21,2.2797936461065467e-05,0,-1
11562,21,2.2797936461065467e-05,0,-1
11569,21,2.2797936461065467e-05,0,-1
4673,21,2.2797936461065467e-05,0,-1
11596,21,2.2797936461065467e-05,0,-1
15868,21,2.2797936461065467e-05,0,-1
15885,21,2.2797936461065467e-05,0,-1
15859,21,2.2797936461065467e-05,0,-1
14554,21,2.2797936461065467e-05,0,-1
14556,21,2.2797936461065467e-05,0,-1
9458,21,2.2797936461065467e-05,0,-1
13596,21,2.2797936461065467e-05,0,-1
8429,21,2.2797936461065467e-05,0,-1
8432,21,2.2797936461065467e-05,0,-1
9430,21,2.2797936461065467e-05,0,-1
13020,21,2.2797936461065467e-05,0,-1
13027,21,2.2797936461065467e-05,0,-1
8458,21,2.2797936461065467e-05,0,-1
8474,21,2.2797936461065467e-05,0,-1
7098,21,2.2797936461065467e-05,0,-1
135,21,2.2797936461065467e-05,0,-1
7164,21,2.2797936461065467e-05,0,-1
7167,21,2.2797936461065467e-05,0,-1
160,21,2.2797936461065467e-05,0,-1
13604,21,2.2797936461065467e-05,0,-1
13607,21,2.2797936461065467e-05,0,-1
13609,21,2.2797936461065467e-05,0,-1
13616,21,2.2797936461065467e-05,0,-1
8416,21,2.2797936461065467e-05,0,-1
1063,21,2.2797936461065467e-05,0,-1
10357,21,2.2797936461065467e-05,0,-1
12562,21,2.2797936461065467e-05,0,-1
12564,21,2.2797936461065467e-05,0,-1
12566,21,2.2797936461065467e-05,0,-1
12567,21,2.2797936461065467e-05,0,-1
14525,21,2.2797936461065467e-05,0,-1
12574,21,2.2797936461065467e-05,0,-1
10337,21,2.2797936461065467e-05,0,-1
10308,21,2.2797936461065467e-05,0,-1
10312,21,2.2797936461065467e-05,0,-1
6926,21,2.2797936461065467e-05,0,-1
4314,21,2.2797936461065467e-05,0,-1
14376,21,2.2797936461065467e-05,0,-1
14390,21,2.2797936461065467e-05,0,-1
12989,21,2.2797936461065467e-05,0,-1
12998,21,2.2797936461065467e-05,0,-1
14418,21,2.2797936461065467e-05,0,-1
14393,21,2.2797936461065467e-05,0,-1
14364,21,2.2797936461065467e-05,0,-1
14413,21,2.2797936461065467e-05,0,-1
14490,21,2.2797936461065467e-05,0,-1
14492,21,2.2797936461065467e-05,0,-1
14494,21,2.2797936461065467e-05,0,-1
14516,21,2.2797936461065467e-05,0,-1
6769,21,2.2797936461065467e-05,0,-1
6959,21,2.2797936461065467e-05,0,-1
6784,21,2.2797936461065467e-05,0,-1
6791,21,2.2797936461065467e-05,0,-1
414,21,2.2797936461065467e-05,0,-1
14442,21,2.2797936461065467e-05,0,-1
14451,21,2.2797936461065467e-05,0,-1
10224,21,2.2797936461065467e-05,0,-1
10294,21,2.2797936461065467e-05,0,-1
10303,21,2.2797936461065467e-05,0,-1
10255,21,2.2797936461065467e-05,0,-1
12580,21,2.2797936461065467e-05,0,-1
12584,21,2.2797936461065467e-05,0,-1
14424,21,2.2797936461065467e-05,0,-1
10164,21,2.2797936461065467e-05,0,-1
4536,21,2.2797936461065467e-05,0,-1
15893,21,2.2797936461065467e-05,0,-1
15925,21,2.2797936461065467e-05,0,-1
15932,21,2.2797936461065467e-05,0,-1
4572,21,2.2797936461065467e-05,0,-1
16137,21,2.2797936461065467e-05,0,-1
16144,21,2.2797936461065467e-05,0,-1
9115,21,2.2797936461065467e-05,0,-1
16117,21,2.2797936461065467e-05,0,-1
16119,21,2.2797936461065467e-05,0,-1
16122,21,2.2797936461065467e-05,0,-1
16130,21,2.2797936461065467e-05,0,-1
16227,21,2.2797936461065467e-05,0,-1
16228,21,2.2797936461065467e-05,0,-1
13228,21,2.2797936461065467e-05,0,-1
11746,21,2.2797936461065467e-05,0,-1
16238,21,2.2797936461065467e-05,0,-1
13773,21,2.2797936461065467e-05,0,-1
16112,21,2.2797936461065467e-05,0,-1
16168,21,2.2797936461065467e-05,0,-1
1337,21,2.2797936461065467e-05,0,-1
9102,21,2.2797936461065467e-05,0,-1
16177,21,2.2797936461065467e-05,0,-1
16243,21,2.2797936461065467e-05,0,-1
16251,21,2.2797936461065467e-05,0,-1
16226,20,2.1712320439109968e-05,-1,-1
16233,20,2.1712320439109968e-05,0,-1
11751,20,2.1712320439109968e-05,0,-1
11744,20,2.1712320439109968e-05,0,-1
639,20,2.1712320439109968e-05,-1,-1
16124,20,2.1712320439109968e-05,0,-1
16121,20,2.1712320439109968e-05,0,-1
1547,20,2.1712320439109968e-05,-1,-1
16231,20,2.1712320439109968e-05,-1,-1
16169,20,2.1712320439109968e-05,0,-1
16191,20,2.1712320439109968e-05,-1,-1
26,20,2.1712320439109968e-05,0,-1
16157,20,2.1712320439109968e-05,-1,-1
8952,20,2.1712320439109968e-05,-1,-1
11771,20,2.1712320439109968e-05,0,-1
16189,20,2.1712320439109968e-05,-1,-1
620,20,2.1712320439109968e-05,-1,-1
630,20,2.1712320439109968e-05,-1,-1
15487,20,2.1712320439109968e-05,-1,-1
748,20,2.1712320439109968e-05,-1,-1
16201,20,2.1712320439109968e-05,-1,-1
2,20,2.1712320439109968e-05,0,-1
12017,20,2.1712320439109968e-05,0,-1
5297,20,2.1712320439109968e-05,0,-1
12613,20,2.1712320439109968e-05,-1,-1
12622,20,2.1712320439109968e-05,-1,-1
1029,20,2.1712320439109968e-05,-1,-1
1035,20,2.1712320439109968e-05,-1,-1
1036,20,2.1712320439109968e-05,-1,-1
6987,20,2.1712320439109968e-05,-1,-1
10256,20,2.1712320439109968e-05,-1,-1
10236,20,2.1712320439109968e-05,-1,-1
10241,20,2.1712320439109968e-05,-1,-1
10243,20,2.1712320439109968e-05,-1,-1
10245,20,2.1712320439109968e-05,-1,-1
10180,20,2.1712320439109968e-05,-1,-1
2555,20,2.1712320439109968e-05,-1,-1
15547,20,2.1712320439109968e-05,-1,-1
1327,20,2.1712320439109968e-05,-1,-1
16216,20,2.1712320439109968e-05,-1,-1
16222,20,2.1712320439109968e-05,-1,-1
7030,20,2.1712320439109968e-05,-1,-1
16209,20,2.1712320439109968e-05,-1,-1
16212,20,2.1712320439109968e-05,-1,-1
8109,20,2.1712320439109968e-05,-1,-1
8140,20,2.1712320439109968e-05,-1,-1
15537,20,2.1712320439109968e-05,-1,-1
15543,20,2.1712320439109968e-05,-1,-1
14509,20,2.1712320439109968e-05,-1,-1
14522,20,2.1712320439109968e-05,-1,-1
14441,20,2.1712320439109968e-05,-1,-1
6835,20,2.1712320439109968e-05,-1,-1
2588,20,2.1712320439109968e-05,-1,-1
7173,20,2.1712320439109968e-05,-1,-1
14500,20,2.1712320439109968e-05,-1,-1
4237,20,2.1712320439109968e-05,-1,-1
4598,20,2.1712320439109968e-05,-1,-1
4612,20,2.1712320439109968e-05,-1,-1
6805,20,2.1712320439109968e-05,-1,-1
6817,20,2.1712320439109968e-05,-1,-1
10213,20,2.1712320439109968e-05,-1,-1
10219,20,2.1712320439109968e-05,-1,-1
10162,20,2.1712320439109968e-05,-1,-1
15912,20,2.1712320439109968e-05,-1,-1
3800,20,2.1712320439109968e-05,-1,-1
5282,20,2.1712320439109968e-05,0,-1
3848,20,2.1712320439109968e-05,-1,-1
3850,20,2.1712320439109968e-05,-1,-1
11324,20,2.1712320439109968e-05,-1,-1
5265,20,2.1712320439109968e-05,0,-1
15573,20,2.1712320439109968e-05,-1,-1
15579,20,2.1712320439109968e-05,-1,-1
15557,20,2.1712320439109968e-05,-1,-1
15561,20,2.1712320439109968e-05,-1,-1
15536,20,2.1712320439109968e-05,-1,-1
3789,20,2.1712320439109968e-05,-1,-1
13775,20,2.1712320439109968e-05,-1,-1
13782,20,2.1712320439109968e-05,-1,-1
13790,20,2.1712320439109968e-05,-1,-1
8157,20,2.1712320439109968e-05,-1,-1
5198,20,2.1712320439109968e-05,0,-1
12950,20,2.1712320439109968e-05,-1,-1
12953,20,2.1712320439109968e-05,-1,-1
8243,20,2.1712320439109968e-05,-1,-1
11332,20,2.1712320439109968e-05,-1,-1
11341,20,2.1712320439109968e-05,-1,-1
15923,20,2.1712320439109968e-05,-1,-1
14487,20,2.1712320439109968e-05,-1,-1
14536,20,2.1712320439109968e-05,-1,-1
14543,20,2.1712320439109968e-05,-1,-1
14547,20,2.1712320439109968e-05,-1,-1
10311,20,2.1712320439109968e-05,-1,-1
10267,20,2.1712320439109968e-05,-1,-1
14363,20,2.1712320439109968e-05,-1,-1
10226,20,2.1712320439109968e-05,-1,-1
6963,20,2.1712320439109968e-05,-1,-1
6971,20,2.1712320439109968e-05,-1,-1
10279,20,2.1712320439109968e-05,-1,-1
14537,20,2.1712320439109968e-05,-1,-1
14541,20,2.1712320439109968e-05,-1,-1
6948,20,2.1712320439109968e-05,-1,-1
6789,20,2.1712320439109968e-05,-1,-1
2658,20,2.1712320439109968e-05,-1,-1
2662,20,2.1712320439109968e-05,-1,-1
12589,20,2.1712320439109968e-05,-1,-1
13753,20,2.1712320439109968e-05,-1,-1
12900,20,2.1712320439109968e-05,-1,-1
12928,20,2.1712320439109968e-05,-1,-1
12931,20,2.1712320439109968e-05,-1,-1
16095,20,2.1712320439109968e-05,0,-1
15498,20,2.1712320439109968e-05,-1,-1
15467,20,2.1712320439109968e-05,-1,-1
12923,20,2.1712320439109968e-05,-1,-1
256,20,2.1712320439109968e-05,0,-1
1620,20,2.1712320439109968e-05,-1,-1
8905,20,2.1712320439109968e-05,-1,-1
9680,20,2.1712320439109968e-05,0,-1
12036,20,2.1712320439109968e-05,0,-1
5080,20,2.1712320439109968e-05,0,-1
15619,20,2.1712320439109968e-05,-1,-1
9272,20,2.1712320439109968e-05,-1,-1
13107,20,2.1712320439109968e-05,-1,-1
13619,20,2.1712320439109968e-05,-1,-1
1833,20,2.1712320439109968e-05,0,-1
1839,20,2.1712320439109968e-05,0,-1
1841,20,2.1712320439109968e-05,0,-1
9509,20,2.1712320439109968e-05,0,-1
13601,20,2.1712320439109968e-05,-1,-1
1068,20,2.1712320439109968e-05,-1,-1
1437,20,2.1712320439109968e-05,-1,-1
150,20,2.1712320439109968e-05,0,-1
9421,20,2.1712320439109968e-05,-1,-1
13021,20,2.1712320439109968e-05,-1,-1
12630,20,2.1712320439109968e-05,-1,-1
12639,20,2.1712320439109968e-05,-1,-1
14405,20,2.1712320439109968e-05,-1,-1
2505,20,2.1712320439109968e-05,-1,-1
2515,20,2.1712320439109968e-05,-1,-1
2526,20,2.1712320439109968e-05,-1,-1
7066,20,2.1712320439109968e-05,-1,-1
14389,20,2.1712320439109968e-05,-1,-1
7113,20,2.1712320439109968e-05,-1,-1
7128,20,2.1712320439109968e-05,-1,-1
7130,20,2.1712320439109968e-05,-1,-1
2466,20,2.1712320439109968e-05,-1,-1
2500,20,2.1712320439109968e-05,-1,-1
15867,20,2.1712320439109968e-05,-1,-1
11857,20,2.1712320439109968e-05,-1,-1
6712,20,2.1712320439109968e-05,-1,-1
14557,20,2.1712320439109968e-05,-1,-1
11599,20,2.1712320439109968e-05,0,-1
11835,20,2.1712320439109968e-05,-1,-1
10380,20,2.1712320439109968e-05,-1,-1
14590,20,2.1712320439109968e-05,0,-1
15861,20,2.1712320439109968e-05,-1,-1
12576,20,2.1712320439109968e-05,-1,-1
10327,20,2.1712320439109968e-05,-1,-1
1012,20,2.1712320439109968e-05,-1,-1
12549,20,2.1712320439109968e-05,-1,-1
11572,20,2.1712320439109968e-05,0,-1
11586,20,2.1712320439109968e-05,0,-1
10189,20,2.1712320439109968e-05,-1,-1
10198,20,2.1712320439109968e-05,-1,-1
10199,20,2.1712320439109968e-05,-1,-1
14532,20,2.1712320439109968e-05,-1,-1
55,20,2.1712320439109968e-05,-1,-1
15589,20,2.1712320439109968e-05,-1,-1
15591,20,2.1712320439109968e-05,-1,-1
15599,20,2.1712320439109968e-05,-1,-1
15602,20,2.1712320439109968e-05,-1,-1
12032,20,2.1712320439109968e-05,0,-1
11357,20,2.1712320439109968e-05,-1,-1
5132,20,2.1712320439109968e-05,0,-1
11985,20,2.1712320439109968e-05,0,-1
15623,20,2.1712320439109968e-05,-1,-1
15625,20,2.1712320439109968e-05,-1,-1
11278,20,2.1712320439109968e-05,-1,-1
12076,20,2.1712320439109968e-05,0,-1
12083,20,2.1712320439109968e-05,0,-1
11176,20,2.1712320439109968e-05,-1,-1
11346,20,2.1712320439109968e-05,-1,-1
16101,20,2.1712320439109968e-05,0,-1
16104,20,2.1712320439109968e-05,0,-1
16082,20,2.1712320439109968e-05,0,-1
16084,20,2.1712320439109968e-05,0,-1
16085,20,2.1712320439109968e-05,0,-1
15465,20,2.1712320439109968e-05,-1,-1
14341,20,2.1712320439109968e-05,-1,-1
10148,20,2.1712320439109968e-05,-1,-1
10125,20,2.1712320439109968e-05,-1,-1
7203,20,2.1712320439109968e-05,-1,-1
6648,20,2.1712320439109968e-05,-1,-1
6672,20,2.1712320439109968e-05,-1,-1
14584,20,2.1712320439109968e-05,-1,-1
10492,20,2.1712320439109968e-05,-1,-1
14269,20,2.1712320439109968e-05,-1,-1
13598,20,2.1712320439109968e-05,-1,-1
8431,20,2.1712320439109968e-05,-1,-1
8437,20,2.1712320439109968e-05,-1,-1
8446,20,2.1712320439109968e-05,-1,-1
14553,20,2.1712320439109968e-05,-1,-1
13588,20,2.1712320439109968e-05,-1,-1
15877,20,2.1712320439109968e-05,-1,-1
9449,20,2.1712320439109968e-05,0,-1
9455,20,2.1712320439109968e-05,0,-1
13554,20,2.1712320439109968e-05,-1,-1
13566,20,2.1712320439109968e-05,-1,-1
1779,20,2.1712320439109968e-05,0,-1
8518,20,2.1712320439109968e-05,-1,-1
10477,20,2.1712320439109968e-05,-1,-1
10484,20,2.1712320439109968e-05,-1,-1
13545,20,2.1712320439109968e-05,-1,-1
13550,20,2.1712320439109968e-05,-1,-1
6535,20,2.1712320439109968e-05,-1,-1
14612,20,2.1712320439109968e-05,-1,-1
981,20,2.1712320439109968e-05,-1,-1
990,20,2.1712320439109968e-05,-1,-1
10410,20,2.1712320439109968e-05,-1,-1
10411,20,2.1712320439109968e-05,-1,-1
12515,20,2.1712320439109968e-05,-1,-1
12519,20,2.1712320439109968e-05,-1,-1
9311,20,2.1712320439109968e-05,-1,-1
9313,20,2.1712320439109968e-05,-1,-1
7209,20,2.1712320439109968e-05,-1,-1
14290,20,2.1712320439109968e-05,-1,-1
7277,20,2.1712320439109968e-05,-1,-1
2463,20,2.1712320439109968e-05,-1,-1
7241,20,2.1712320439109968e-05,-1,-1
14593,20,2.1712320439109968e-05,-1,-1
14602,20,2.1712320439109968e-05,-1,-1
16051,20,2.1712320439109968e-05,0,-1
16056,20,2.1712320439109968e-05,0,-1
8005,20,2.1712320439109968e-05,0,-1
122,20,2.1712320439109968e-05,0,-1
11191,20,2.1712320439109968e-05,-1,-1
16099,20,2.1712320439109968e-05,0,-1
11215,20,2.1712320439109968e-05,-1,-1
12063,20,2.1712320439109968e-05,0,-1
12072,20,2.1712320439109968e-05,0,-1
15656,20,2.1712320439109968e-05,-1,-1
2046,20,2.1712320439109968e-05,0,-1
13835,20,2.1712320439109968e-05,-1,-1
123,20,2.1712320439109968e-05,0,-1
13860,20,2.1712320439109968e-05,-1,-1
13850,20,2.1712320439109968e-05,-1,-1
8095,20,2.1712320439109968e-05,-1,-1
13883,20,2.1712320439109968e-05,-1,-1
15651,20,2.1712320439109968e-05,-1,-1
8535,20,2.1712320439109968e-05,-1,-1
12486,20,2.1712320439109968e-05,-1,-1
13178,20,2.1712320439109968e-05,-1,-1
13184,20,2.1712320439109968e-05,-1,-1
14626,20,2.1712320439109968e-05,-1,-1
14630,20,2.1712320439109968e-05,-1,-1
14631,20,2.1712320439109968e-05,-1,-1
10474,20,2.1712320439109968e-05,-1,-1
4194,20,2.1712320439109968e-05,-1,-1
2740,20,2.1712320439109968e-05,-1,-1
2758,20,2.1712320439109968e-05,-1,-1
12499,20,2.1712320439109968e-05,-1,-1
14606,20,2.1712320439109968e-05,-1,-1
10429,20,2.1712320439109968e-05,-1,-1
6603,20,2.1712320439109968e-05,-1,-1
9694,20,2.1712320439109968e-05,0,-1
12858,20,2.1712320439109968e-05,-1,-1
13843,20,2.1712320439109968e-05,-1,-1
15626,20,2.1712320439109968e-05,-1,-1
15459,20,2.1712320439109968e-05,-1,-1
3769,20,2.1712320439109968e-05,-1,-1
452,20,2.1712320439109968e-05,-1,-1
11154,20,2.1712320439109968e-05,-1,-1
11161,20,2.1712320439109968e-05,-1,-1
12090,20,2.1712320439109968e-05,0,-1
3987,20,2.1712320439109968e-05,-1,-1
15369,20,2.1712320439109968e-05,-1,-1
3701,20,2.1712320439109968e-05,-1,-1
5412,20,2.1712320439109968e-05,0,-1
5414,20,2.1712320439109968e-05,0,-1
12092,20,2.1712320439109968e-05,0,-1
12093,20,2.1712320439109968e-05,0,-1
15851,20,2.1712320439109968e-05,-1,-1
15855,20,2.1712320439109968e-05,-1,-1
15837,20,2.1712320439109968e-05,-1,-1
1556,20,2.1712320439109968e-05,-1,-1
15823,20,2.1712320439109968e-05,-1,-1
4687,20,2.1712320439109968e-05,-1,-1
2945,20,2.1712320439109968e-05,-1,-1
10638,20,2.1712320439109968e-05,-1,-1
6444,20,2.1712320439109968e-05,-1,-1
14308,20,2.1712320439109968e-05,-1,-1
6561,20,2.1712320439109968e-05,-1,-1
6582,20,2.1712320439109968e-05,-1,-1
12461,20,2.1712320439109968e-05,-1,-1
12466,20,2.1712320439109968e-05,-1,-1
10507,20,2.1712320439109968e-05,-1,-1
10534,20,2.1712320439109968e-05,-1,-1
10542,20,2.1712320439109968e-05,-1,-1
14669,20,2.1712320439109968e-05,0,-1
14644,20,2.1712320439109968e-05,0,-1
7338,20,2.1712320439109968e-05,-1,-1
7283,20,2.1712320439109968e-05,-1,-1
14252,20,2.1712320439109968e-05,-1,-1
14253,20,2.1712320439109968e-05,-1,-1
8999,20,2.1712320439109968e-05,-1,-1
2374,20,2.1712320439109968e-05,-1,-1
14695,20,2.1712320439109968e-05,0,-1
14773,20,2.1712320439109968e-05,0,-1
14774,20,2.1712320439109968e-05,0,-1
14255,20,2.1712320439109968e-05,-1,-1
14258,20,2.1712320439109968e-05,-1,-1
13240,20,2.1712320439109968e-05,-1,-1
15935,20,2.1712320439109968e-05,-1,-1
15940,20,2.1712320439109968e-05,-1,-1
6423,20,2.1712320439109968e-05,-1,-1
7214,20,2.1712320439109968e-05,-1,-1
7222,20,2.1712320439109968e-05,-1,-1
7224,20,2.1712320439109968e-05,-1,-1
7231,20,2.1712320439109968e-05,-1,-1
10184,20,2.1712320439109968e-05,-1,-1
14307,20,2.1712320439109968e-05,-1,-1
9064,20,2.1712320439109968e-05,-1,-1
15422,20,2.1712320439109968e-05,-1,-1
15388,20,2.1712320439109968e-05,-1,-1
3601,20,2.1712320439109968e-05,-1,-1
3603,20,2.1712320439109968e-05,-1,-1
5436,20,2.1712320439109968e-05,0,-1
15659,20,2.1712320439109968e-05,-1,-1
4017,20,2.1712320439109968e-05,-1,-1
4026,20,2.1712320439109968e-05,-1,-1
4978,20,2.1712320439109968e-05,0,-1
15408,20,2.1712320439109968e-05,-1,-1
15418,20,2.1712320439109968e-05,-1,-1
5472,20,2.1712320439109968e-05,0,-1
15396,20,2.1712320439109968e-05,-1,-1
15398,20,2.1712320439109968e-05,-1,-1
12845,20,2.1712320439109968e-05,-1,-1
13369,20,2.1712320439109968e-05,-1,-1
9395,20,2.1712320439109968e-05,-1,-1
13534,20,2.1712320439109968e-05,-1,-1
12432,20,2.1712320439109968e-05,-1,-1
12397,20,2.1712320439109968e-05,-1,-1
10644,20,2.1712320439109968e-05,-1,-1
15802,20,2.1712320439109968e-05,-1,-1
8599,20,2.1712320439109968e-05,-1,-1
14745,20,2.1712320439109968e-05,0,-1
14713,20,2.1712320439109968e-05,0,-1
6461,20,2.1712320439109968e-05,-1,-1
6422,20,2.1712320439109968e-05,-1,-1
12391,20,2.1712320439109968e-05,-1,-1
7383,20,2.1712320439109968e-05,-1,-1
10081,20,2.1712320439109968e-05,-1,-1
1058,20,2.1712320439109968e-05,-1,-1
12667,20,2.1712320439109968e-05,-1,-1
12668,20,2.1712320439109968e-05,-1,-1
12672,20,2.1712320439109968e-05,-1,-1
7880,20,2.1712320439109968e-05,0,-1
12832,20,2.1712320439109968e-05,-1,-1
12838,20,2.1712320439109968e-05,-1,-1
12887,20,2.1712320439109968e-05,-1,-1
3626,20,2.1712320439109968e-05,-1,-1
9217,20,2.1712320439109968e-05,-1,-1
9238,20,2.1712320439109968e-05,-1,-1
11116,20,2.1712320439109968e-05,-1,-1
15377,20,2.1712320439109968e-05,-1,-1
9755,20,2.1712320439109968e-05,-1,-1
8261,20,2.1712320439109968e-05,-1,-1
13934,20,2.1712320439109968e-05,-1,-1
8293,20,2.1712320439109968e-05,-1,-1
9560,20,2.1712320439109968e-05,0,-1
7930,20,2.1712320439109968e-05,0,-1
13910,20,2.1712320439109968e-05,-1,-1
13005,20,2.1712320439109968e-05,-1,-1
9441,20,2.1712320439109968e-05,0,-1
8421,20,2.1712320439109968e-05,-1,-1
13622,20,2.1712320439109968e-05,-1,-1
2356,20,2.1712320439109968e-05,-1,-1
15810,20,2.1712320439109968e-05,-1,-1
11538,20,2.1712320439109968e-05,0,-1
11888,20,2.1712320439109968e-05,-1,-1
11889,20,2.1712320439109968e-05,-1,-1
11519,20,2.1712320439109968e-05,0,-1
13641,20,2.1712320439109968e-05,-1,-1
13648,20,2.1712320439109968e-05,-1,-1
14750,20,2.1712320439109968e-05,0,-1
14753,20,2.1712320439109968e-05,0,-1
14761,20,2.1712320439109968e-05,0,-1
10613,20,2.1712320439109968e-05,-1,-1
10551,20,2.1712320439109968e-05,-1,-1
15814,20,2.1712320439109968e-05,-1,-1
9341,20,2.1712320439109968e-05,-1,-1
5507,20,2.1712320439109968e-05,0,-1
13694,20,2.1712320439109968e-05,-1,-1
8802,20,2.1712320439109968e-05,0,-1
9181,20,2.1712320439109968e-05,-1,-1
8332,20,2.1712320439109968e-05,-1,-1
8346,20,2.1712320439109968e-05,-1,-1
11436,20,2.1712320439109968e-05,-1,-1
15276,20,2.1712320439109968e-05,-1,-1
15287,20,2.1712320439109968e-05,-1,-1
15288,20,2.1712320439109968e-05,-1,-1
13408,20,2.1712320439109968e-05,-1,-1
11089,20,2.1712320439109968e-05,-1,-1
11094,20,2.1712320439109968e-05,-1,-1
12141,20,2.1712320439109968e-05,0,-1
11424,20,2.1712320439109968e-05,0,-1
10652,20,2.1712320439109968e-05,-1,-1
3041,20,2.1712320439109968e-05,-1,-1
14801,20,2.1712320439109968e-05,0,-1
14802,20,2.1712320439109968e-05,0,-1
12358,20,2.1712320439109968e-05,-1,-1
12369,20,2.1712320439109968e-05,-1,-1
14838,20,2.1712320439109968e-05,0,-1
9356,20,2.1712320439109968e-05,-1,-1
2324,20,2.1712320439109968e-05,-1,-1
7425,20,2.1712320439109968e-05,-1,-1
7426,20,2.1712320439109968e-05,-1,-1
8372,20,2.1712320439109968e-05,-1,-1
8386,20,2.1712320439109968e-05,-1,-1
10745,20,2.1712320439109968e-05,-1,-1
13623,20,2.1712320439109968e-05,-1,-1
13631,20,2.1712320439109968e-05,-1,-1
12707,20,2.1712320439109968e-05,-1,-1
12709,20,2.1712320439109968e-05,-1,-1
11127,20,2.1712320439109968e-05,-1,-1
12117,20,2.1712320439109968e-05,0,-1
15348,20,2.1712320439109968e-05,-1,-1
15353,20,2.1712320439109968e-05,-1,-1
15355,20,2.1712320439109968e-05,-1,-1
15356,20,2.1712320439109968e-05,-1,-1
3581,20,2.1712320439109968e-05,-1,-1
15335,20,2.1712320439109968e-05,-1,-1
15323,20,2.1712320439109968e-05,-1,-1
13901,20,2.1712320439109968e-05,-1,-1
13907,20,2.1712320439109968e-05,-1,-1
11064,20,2.1712320439109968e-05,-1,-1
3514,20,2.1712320439109968e-05,-1,-1
9715,20,2.1712320439109968e-05,0,-1
9722,20,2.1712320439109968e-05,-1,-1
7776,20,2.1712320439109968e-05,0,-1
15330,20,2.1712320439109968e-05,-1,-1
13975,20,2.1712320439109968e-05,-1,-1
2161,20,2.1712320439109968e-05,-1,-1
4926,20,2.1712320439109968e-05,0,-1
14202,20,2.1712320439109968e-05,-1,-1
14209,20,2.1712320439109968e-05,-1,-1
3022,20,2.1712320439109968e-05,-1,-1
15954,20,2.1712320439109968e-05,-1,-1
4324,20,2.1712320439109968e-05,-1,-1
426,20,2.1712320439109968e-05,-1,-1
14907,20,2.1712320439109968e-05,0,-1
3117,20,2.1712320439109968e-05,-1,-1
3121,20,2.1712320439109968e-05,-1,-1
14877,20,2.1712320439109968e-05,0,-1
6162,20,2.1712320439109968e-05,-1,-1
9988,20,2.1712320439109968e-05,-1,-1
14201,20,2.1712320439109968e-05,-1,-1
6331,20,2.1712320439109968e-05,-1,-1
14835,20,2.1712320439109968e-05,0,-1
6123,20,2.1712320439109968e-05,-1,-1
10667,20,2.1712320439109968e-05,-1,-1
10628,20,2.1712320439109968e-05,-1,-1
9352,20,2.1712320439109968e-05,-1,-1
4766,20,2.1712320439109968e-05,-1,-1
15737,20,2.1712320439109968e-05,-1,-1
15740,20,2.1712320439109968e-05,-1,-1
8634,20,2.1712320439109968e-05,-1,-1
8612,20,2.1712320439109968e-05,-1,-1
4776,20,2.1712320439109968e-05,-1,-1
13481,20,2.1712320439109968e-05,-1,-1
13491,20,2.1712320439109968e-05,-1,-1
14133,20,2.1712320439109968e-05,-1,-1
4855,20,2.1712320439109968e-05,0,-1
11629,20,2.1712320439109968e-05,0,-1
11800,20,2.1712320439109968e-05,0,-1
8681,20,2.1712320439109968e-05,-1,-1
4340,20,2.1712320439109968e-05,-1,-1
14210,20,2.1712320439109968e-05,-1,-1
14215,20,2.1712320439109968e-05,-1,-1
9726,20,2.1712320439109968e-05,-1,-1
13964,20,2.1712320439109968e-05,-1,-1
16038,20,2.1712320439109968e-05,0,-1
7812,20,2.1712320439109968e-05,0,-1
13995,20,2.1712320439109968e-05,-1,-1
11950,20,2.1712320439109968e-05,0,-1
729,20,2.1712320439109968e-05,-1,-1
11401,20,2.1712320439109968e-05,-1,-1
11408,20,2.1712320439109968e-05,-1,-1
2171,20,2.1712320439109968e-05,-1,-1
15173,20,2.1712320439109968e-05,-1,-1
799,20,2.1712320439109968e-05,-1,-1
800,20,2.1712320439109968e-05,-1,-1
11018,20,2.1712320439109968e-05,-1,-1
12159,20,2.1712320439109968e-05,0,-1
12168,20,2.1712320439109968e-05,0,-1
3438,20,2.1712320439109968e-05,-1,-1
15191,20,2.1712320439109968e-05,-1,-1
3423,20,2.1712320439109968e-05,-1,-1
662,20,2.1712320439109968e-05,-1,-1
10765,20,2.1712320439109968e-05,-1,-1
12324,20,2.1712320439109968e-05,0,-1
14166,20,2.1712320439109968e-05,-1,-1
14170,20,2.1712320439109968e-05,-1,-1
14956,20,2.1712320439109968e-05,0,-1
14965,20,2.1712320439109968e-05,-1,-1
6042,20,2.1712320439109968e-05,-1,-1
11632,20,2.1712320439109968e-05,0,-1
14854,20,2.1712320439109968e-05,0,-1
15788,20,2.1712320439109968e-05,-1,-1
4151,20,2.1712320439109968e-05,-1,-1
12327,20,2.1712320439109968e-05,0,-1
12333,20,2.1712320439109968e-05,0,-1
15774,20,2.1712320439109968e-05,-1,-1
15257,20,2.1712320439109968e-05,-1,-1
15259,20,2.1712320439109968e-05,-1,-1
5635,20,2.1712320439109968e-05,0,-1
11000,20,2.1712320439109968e-05,-1,-1
5627,20,2.1712320439109968e-05,0,-1
15210,20,2.1712320439109968e-05,-1,-1
15211,20,2.1712320439109968e-05,-1,-1
15696,20,2.1712320439109968e-05,-1,-1
13438,20,2.1712320439109968e-05,-1,-1
13461,20,2.1712320439109968e-05,-1,-1
8784,20,2.1712320439109968e-05,-1,-1
8788,20,2.1712320439109968e-05,0,-1
1696,20,2.1712320439109968e-05,0,-1
15223,20,2.1712320439109968e-05,-1,-1
11649,20,2.1712320439109968e-05,0,-1
16028,20,2.1712320439109968e-05,0,-1
588,20,2.1712320439109968e-05,-1,-1
4487,20,2.1712320439109968e-05,-1,-1
15709,20,2.1712320439109968e-05,-1,-1
10782,20,2.1712320439109968e-05,-1,-1
10787,20,2.1712320439109968e-05,-1,-1
10789,20,2.1712320439109968e-05,-1,-1
10811,20,2.1712320439109968e-05,-1,-1
12303,20,2.1712320439109968e-05,0,-1
12309,20,2.1712320439109968e-05,-1,-1
12313,20,2.1712320439109968e-05,-1,-1
12318,20,2.1712320439109968e-05,0,-1
6047,20,2.1712320439109968e-05,-1,-1
10835,20,2.1712320439109968e-05,-1,-1
15001,20,2.1712320439109968e-05,-1,-1
14176,20,2.1712320439109968e-05,-1,-1
14179,20,2.1712320439109968e-05,-1,-1
14180,20,2.1712320439109968e-05,-1,-1
7454,20,2.1712320439109968e-05,-1,-1
7484,20,2.1712320439109968e-05,-1,-1
12293,20,2.1712320439109968e-05,0,-1
88,20,2.1712320439109968e-05,-1,-1
9890,20,2.1712320439109968e-05,-1,-1
7533,20,2.1712320439109968e-05,-1,-1
14175,20,2.1712320439109968e-05,-1,-1
11697,20,2.1712320439109968e-05,0,-1
12805,20,2.1712320439109968e-05,-1,-1
8740,20,2.1712320439109968e-05,0,-1
15183,20,2.1712320439109968e-05,-1,-1
12798,20,2.1712320439109968e-05,-1,-1
13429,20,2.1712320439109968e-05,-1,-1
8760,20,2.1712320439109968e-05,-1,-1
8783,20,2.1712320439109968e-05,-1,-1
11728,20,2.1712320439109968e-05,0,-1
7748,20,2.1712320439109968e-05,0,-1
7758,20,2.1712320439109968e-05,0,-1
9818,20,2.1712320439109968e-05,-1,-1
14053,20,2.1712320439109968e-05,-1,-1
14058,20,2.1712320439109968e-05,-1,-1
9803,20,2.1712320439109968e-05,-1,-1
7647,20,2.1712320439109968e-05,-1,-1
7705,20,2.1712320439109968e-05,-1,-1
7706,20,2.1712320439109968e-05,0,-1
2209,20,2.1712320439109968e-05,-1,-1
2235,20,2.1712320439109968e-05,-1,-1
7573,20,2.1712320439109968e-05,-1,-1
7575,20,2.1712320439109968e-05,-1,-1
9814,20,2.1712320439109968e-05,-1,-1
10846,20,2.1712320439109968e-05,-1,-1
10848,20,2.1712320439109968e-05,-1,-1
9542,20,2.1712320439109968e-05,0,-1
15035,20,2.1712320439109968e-05,-1,-1
10818,20,2.1712320439109968e-05,-1,-1
10821,20,2.1712320439109968e-05,-1,-1
10824,20,2.1712320439109968e-05,-1,-1
10827,20,2.1712320439109968e-05,-1,-1
14143,20,2.1712320439109968e-05,-1,-1
7559,20,2.1712320439109968e-05,-1,-1
3139,20,2.1712320439109968e-05,-1,-1
3151,20,2.1712320439109968e-05,-1,-1
14951,20,2.1712320439109968e-05,0,-1
10709,20,2.1712320439109968e-05,-1,-1
10712,20,2.1712320439109968e-05,-1,-1
14920,20,2.1712320439109968e-05,0,-1
15013,20,2.1712320439109968e-05,-1,-1
15017,20,2.1712320439109968e-05,-1,-1
13509,20,2.1712320439109968e-05,-1,-1
14980,20,2.1712320439109968e-05,0,-1
15978,20,2.1712320439109968e-05,0,-1
15987,20,2.1712320439109968e-05,0,-1
15988,20,2.1712320439109968e-05,0,-1
9848,20,2.1712320439109968e-05,-1,-1
12767,20,2.1712320439109968e-05,-1,-1
12780,20,2.1712320439109968e-05,-1,-1
15999,20,2.1712320439109968e-05,0,-1
14093,20,2.1712320439109968e-05,-1,-1
14102,20,2.1712320439109968e-05,-1,-1
9858,20,2.1712320439109968e-05,-1,-1
14085,20,2.1712320439109968e-05,-1,-1
12743,20,2.1712320439109968e-05,-1,-1
12746,20,2.1712320439109968e-05,-1,-1
9929,20,2.1712320439109968e-05,-1,-1
7578,20,2.1712320439109968e-05,-1,-1
9950,20,2.1712320439109968e-05,-1,-1
14089,20,2.1712320439109968e-05,-1,-1
14031,20,2.1712320439109968e-05,-1,-1
14032,20,2.1712320439109968e-05,-1,-1
13273,20,2.1712320439109968e-05,-1,-1
14063,20,2.1712320439109968e-05,-1,-1
13198,20,2.1712320439109968e-05,-1,-1
15703,20,2.1712320439109968e-05,-1,-1
2239,20,2.1712320439109968e-05,-1,-1
15116,20,2.1712320439109968e-05,-1,-1
15124,20,2.1712320439109968e-05,-1,-1
15131,20,2.1712320439109968e-05,-1,-1
15097,20,2.1712320439109968e-05,-1,-1
13276,20,2.1712320439109968e-05,-1,-1
15085,20,2.1712320439109968e-05,-1,-1
15155,20,2.1712320439109968e-05,-1,-1
15159,20,2.1712320439109968e-05,-1,-1
15165,20,2.1712320439109968e-05,-1,-1
5727,20,2.1712320439109968e-05,0,-1
3385,20,2.1712320439109968e-05,-1,-1
13082,20,2.1712320439109968e-05,-1,-1
13088,20,2.1712320439109968e-05,-1,-1
5971,20,2.1712320439109968e-05,-1,-1
5936,20,2.1712320439109968e-05,-1,-1
13327,20,2.1712320439109968e-05,-1,-1
806,20,2.1712320439109968e-05,-1,-1
817,20,2.1712320439109968e-05,-1,-1
12219,20,2.1712320439109968e-05,0,-1
12270,20,2.1712320439109968e-05,0,-1
6013,20,2.1712320439109968e-05,-1,-1
6026,20,2.1712320439109968e-05,-1,-1
4481,20,2.1712320439109968e-05,-1,-1
4486,20,2.1712320439109968e-05,-1,-1
3207,20,2.1712320439109968e-05,-1,-1
3209,20,2.1712320439109968e-05,-1,-1
10924,20,2.1712320439109968e-05,-1,-1
12200,20,2.1712320439109968e-05,0,-1
3332,20,2.1712320439109968e-05,-1,-1
13303,20,2.1712320439109968e-05,-1,-1
8959,20,2.1712320439109968e-05,-1,-1
8974,20,2.1712320439109968e-05,-1,-1
10905,20,2.1712320439109968e-05,-1,-1
5897,20,2.1712320439109968e-05,-1,-1
3306,20,2.1712320439109968e-05,-1,-1
2224,20,2.1712320439109968e-05,-1,-1
8322,20,2.1712320439109968e-05,-1,-1
13285,20,2.1712320439109968e-05,-1,-1
13294,20,2.1712320439109968e-05,-1,-1
1869,20,2.1712320439109968e-05,0,-1
8357,20,2.1712320439109968e-05,-1,-1
7618,20,2.1712320439109968e-05,-1,-1
13667,20,2.1712320439109968e-05,-1,-1
13674,20,2.1712320439109968e-05,-1,-1
4471,20,2.1712320439109968e-05,-1,-1
1866,20,2.1712320439109968e-05,0,-1
15054,20,2.1712320439109968e-05,-1,-1
15064,20,2.1712320439109968e-05,-1,-1
15136,20,2.1712320439109968e-05,-1,-1
15140,20,2.1712320439109968e-05,-1,-1
13676,20,2.1712320439109968e-05,-1,-1
11906,20,2.1712320439109968e-05,0,-1
8978,20,2.1712320439109968e-05,-1,-1
8982,20,2.1712320439109968e-05,-1,-1
9323,20,2.1712320439109968e-05,-1,-1
11508,20,2.1712320439109968e-05,0,-1
4842,20,2.1712320439109968e-05,0,-1
15930,20,2.1712320439109968e-05,0,-1
15914,20,2.1712320439109968e-05,-1,-1
15921,20,2.1712320439109968e-05,-1,-1
16173,20,2.1712320439109968e-05,0,-1
4533,20,2.1712320439109968e-05,-1,-1
4636,20,2.1712320439109968e-05,-1,-1
15903,20,2.1712320439109968e-05,-1,-1
15904,20,2.1712320439109968e-05,-1,-1
15905,20,2.1712320439109968e-05,-1,-1
16160,20,2.1712320439109968e-05,-1,-1
8921,20,2.1712320439109968e-05,-1,-1
15922,20,2.1712320439109968e-05,-1,-1
4532,20,2.1712320439109968e-05,-1,-1
11382,20,2.1712320439109968e-05,-1,-1
709,20,2.1712320439109968e-05,-1,-1
711,20,2.1712320439109968e-05,-1,-1
8896,20,2.1712320439109968e-05,-1,-1
9188,20,2.1712320439109968e-05,-1,-1
13804,20,2.1712320439109968e-05,-1,-1
13815,20,2.1712320439109968e-05,-1,-1
13818,20,2.1712320439109968e-05,-1,-1
16207,20,2.1712320439109968e-05,-1,-1
13170,20,2.1712320439109968e-05,-1,-1
8880,20,2.1712320439109968e-05,-1,-1
8884,20,2.1712320439109968e-05,-1,-1
9708,20,2.1712320439109968e-05,0,-1
13758,20,2.1712320439109968e-05,-1,-1
9610,20,2.1712320439109968e-05,0,-1
9612,20,2.1712320439109968e-05,0,-1
8159,20,2.1712320439109968e-05,-1,-1
16115,20,2.1712320439109968e-05,0,-1
16167,20,2.1712320439109968e-05,0,-1
8208,20,2.1712320439109968e-05,-1,-1
16190,19,2.062670441715447e-05,-1,-1
16244,19,2.062670441715447e-05,-1,-1
16246,19,2.062670441715447e-05,-1,-1
16109,19,2.062670441715447e-05,-1,-1
16110,19,2.062670441715447e-05,-1,-1
16114,19,2.062670441715447e-05,-1,-1
13756,19,2.062670441715447e-05,-1,-1
13767,19,2.062670441715447e-05,-1,-1
16252,19,2.062670441715447e-05,-1,-1
8188,19,2.062670441715447e-05,-1,-1
8191,19,2.062670441715447e-05,-1,-1
15550,19,2.062670441715447e-05,-1,-1
1509,19,2.062670441715447e-05,-1,-1
12898,19,2.062670441715447e-05,-1,-1
13799,19,2.062670441715447e-05,-1,-1
13808,19,2.062670441715447e-05,-1,-1
13809,19,2.062670441715447e-05,-1,-1
16208,19,2.062670441715447e-05,-1,-1
11379,19,2.062670441715447e-05,-1,-1
16213,19,2.062670441715447e-05,-1,-1
8145,19,2.062670441715447e-05,-1,-1
1317,19,2.062670441715447e-05,-1,-1
16146,19,2.062670441715447e-05,-1,-1
7031,19,2.062670441715447e-05,-1,-1
10246,19,2.062670441715447e-05,-1,-1
7008,19,2.062670441715447e-05,-1,-1
14432,19,2.062670441715447e-05,-1,-1
7198,19,2.062670441715447e-05,-1,-1
7070,19,2.062670441715447e-05,-1,-1
2688,19,2.062670441715447e-05,-1,-1
14505,19,2.062670441715447e-05,-1,-1
6771,19,2.062670441715447e-05,-1,-1
6846,19,2.062670441715447e-05,-1,-1
6797,19,2.062670441715447e-05,-1,-1
14443,19,2.062670441715447e-05,-1,-1
14434,19,2.062670441715447e-05,-1,-1
14435,19,2.062670441715447e-05,-1,-1
14440,19,2.062670441715447e-05,-1,-1
15906,19,2.062670441715447e-05,-1,-1
15889,19,2.062670441715447e-05,-1,-1
4241,19,2.062670441715447e-05,-1,-1
4616,19,2.062670441715447e-05,-1,-1
7180,19,2.062670441715447e-05,-1,-1
8198,19,2.062670441715447e-05,-1,-1
15506,19,2.062670441715447e-05,-1,-1
15490,19,2.062670441715447e-05,-1,-1
11367,19,2.062670441715447e-05,-1,-1
15577,19,2.062670441715447e-05,-1,-1
3778,19,2.062670441715447e-05,-1,-1
15580,19,2.062670441715447e-05,-1,-1
41,19,2.062670441715447e-05,-1,-1
10892,19,2.062670441715447e-05,-1,-1
9336,19,2.062670441715447e-05,-1,-1
13081,19,2.062670441715447e-05,-1,-1
8657,19,2.062670441715447e-05,-1,-1
3248,19,2.062670441715447e-05,-1,-1
8992,19,2.062670441715447e-05,-1,-1
15092,19,2.062670441715447e-05,-1,-1
5797,19,2.062670441715447e-05,-1,-1
16018,19,2.062670441715447e-05,-1,-1
12261,19,2.062670441715447e-05,-1,-1
12274,19,2.062670441715447e-05,-1,-1
5995,19,2.062670441715447e-05,-1,-1
3239,19,2.062670441715447e-05,-1,-1
8708,19,2.062670441715447e-05,-1,-1
12242,19,2.062670441715447e-05,-1,-1
10881,19,2.062670441715447e-05,-1,-1
10916,19,2.062670441715447e-05,-1,-1
10903,19,2.062670441715447e-05,-1,-1
5781,19,2.062670441715447e-05,-1,-1
10964,19,2.062670441715447e-05,-1,-1
15104,19,2.062670441715447e-05,-1,-1
4483,19,2.062670441715447e-05,-1,-1
16012,19,2.062670441715447e-05,-1,-1
16013,19,2.062670441715447e-05,-1,-1
12225,19,2.062670441715447e-05,-1,-1
12226,19,2.062670441715447e-05,-1,-1
14039,19,2.062670441715447e-05,-1,-1
8326,19,2.062670441715447e-05,-1,-1
8961,19,2.062670441715447e-05,-1,-1
367,19,2.062670441715447e-05,-1,-1
12801,19,2.062670441715447e-05,-1,-1
10914,19,2.062670441715447e-05,-1,-1
15981,19,2.062670441715447e-05,-1,-1
6027,19,2.062670441715447e-05,-1,-1
11500,19,2.062670441715447e-05,-1,-1
13506,19,2.062670441715447e-05,-1,-1
10771,19,2.062670441715447e-05,-1,-1
14984,19,2.062670441715447e-05,-1,-1
14995,19,2.062670441715447e-05,-1,-1
6046,19,2.062670441715447e-05,-1,-1
12976,19,2.062670441715447e-05,-1,-1
2267,19,2.062670441715447e-05,-1,-1
7590,19,2.062670441715447e-05,-1,-1
9900,19,2.062670441715447e-05,-1,-1
9901,19,2.062670441715447e-05,-1,-1
11502,19,2.062670441715447e-05,-1,-1
16005,19,2.062670441715447e-05,-1,-1
16006,19,2.062670441715447e-05,-1,-1
14036,19,2.062670441715447e-05,-1,-1
9078,19,2.062670441715447e-05,-1,-1
13269,19,2.062670441715447e-05,-1,-1
14076,19,2.062670441715447e-05,-1,-1
14086,19,2.062670441715447e-05,-1,-1
14097,19,2.062670441715447e-05,-1,-1
14099,19,2.062670441715447e-05,-1,-1
344,19,2.062670441715447e-05,-1,-1
5840,19,2.062670441715447e-05,-1,-1
15103,19,2.062670441715447e-05,-1,-1
13280,19,2.062670441715447e-05,-1,-1
15716,19,2.062670441715447e-05,-1,-1
13196,19,2.062670441715447e-05,-1,-1
13197,19,2.062670441715447e-05,-1,-1
9123,19,2.062670441715447e-05,-1,-1
7727,19,2.062670441715447e-05,-1,-1
10810,19,2.062670441715447e-05,-1,-1
14926,19,2.062670441715447e-05,-1,-1
14927,19,2.062670441715447e-05,-1,-1
11657,19,2.062670441715447e-05,-1,-1
11774,19,2.062670441715447e-05,-1,-1
8751,19,2.062670441715447e-05,-1,-1
13433,19,2.062670441715447e-05,-1,-1
15249,19,2.062670441715447e-05,-1,-1
7499,19,2.062670441715447e-05,-1,-1
9885,19,2.062670441715447e-05,-1,-1
7534,19,2.062670441715447e-05,-1,-1
14139,19,2.062670441715447e-05,-1,-1
7470,19,2.062670441715447e-05,-1,-1
12294,19,2.062670441715447e-05,-1,-1
10781,19,2.062670441715447e-05,-1,-1
10798,19,2.062670441715447e-05,-1,-1
1206,19,2.062670441715447e-05,-1,-1
9833,19,2.062670441715447e-05,-1,-1
15188,19,2.062670441715447e-05,-1,-1
16026,19,2.062670441715447e-05,-1,-1
11693,19,2.062670441715447e-05,-1,-1
14014,19,2.062670441715447e-05,-1,-1
14028,19,2.062670441715447e-05,-1,-1
1227,19,2.062670441715447e-05,-1,-1
14929,19,2.062670441715447e-05,-1,-1
15038,19,2.062670441715447e-05,-1,-1
3213,19,2.062670441715447e-05,-1,-1
9540,19,2.062670441715447e-05,-1,-1
2231,19,2.062670441715447e-05,-1,-1
7790,19,2.062670441715447e-05,-1,-1
7795,19,2.062670441715447e-05,-1,-1
14056,19,2.062670441715447e-05,-1,-1
12326,19,2.062670441715447e-05,-1,-1
12178,19,2.062670441715447e-05,-1,-1
8701,19,2.062670441715447e-05,-1,-1
3401,19,2.062670441715447e-05,-1,-1
15181,19,2.062670441715447e-05,-1,-1
11011,19,2.062670441715447e-05,-1,-1
15671,19,2.062670441715447e-05,-1,-1
15672,19,2.062670441715447e-05,-1,-1
14883,19,2.062670441715447e-05,-1,-1
14857,19,2.062670441715447e-05,-1,-1
10755,19,2.062670441715447e-05,-1,-1
14968,19,2.062670441715447e-05,-1,-1
14976,19,2.062670441715447e-05,-1,-1
11630,19,2.062670441715447e-05,-1,-1
10768,19,2.062670441715447e-05,-1,-1
9259,19,2.062670441715447e-05,-1,-1
15773,19,2.062670441715447e-05,-1,-1
15780,19,2.062670441715447e-05,-1,-1
15785,19,2.062670441715447e-05,-1,-1
15764,19,2.062670441715447e-05,-1,-1
15768,19,2.062670441715447e-05,-1,-1
6188,19,2.062670441715447e-05,-1,-1
6201,19,2.062670441715447e-05,-1,-1
14881,19,2.062670441715447e-05,-1,-1
3458,19,2.062670441715447e-05,-1,-1
15206,19,2.062670441715447e-05,-1,-1
15193,19,2.062670441715447e-05,-1,-1
15200,19,2.062670441715447e-05,-1,-1
15268,19,2.062670441715447e-05,-1,-1
15243,19,2.062670441715447e-05,-1,-1
15248,19,2.062670441715447e-05,-1,-1
11026,19,2.062670441715447e-05,-1,-1
14787,19,2.062670441715447e-05,-1,-1
14794,19,2.062670441715447e-05,-1,-1
11867,19,2.062670441715447e-05,-1,-1
11882,19,2.062670441715447e-05,-1,-1
14822,19,2.062670441715447e-05,-1,-1
14837,19,2.062670441715447e-05,-1,-1
14796,19,2.062670441715447e-05,-1,-1
6158,19,2.062670441715447e-05,-1,-1
8688,19,2.062670441715447e-05,-1,-1
14120,19,2.062670441715447e-05,-1,-1
14129,19,2.062670441715447e-05,-1,-1
4850,19,2.062670441715447e-05,-1,-1
4862,19,2.062670441715447e-05,-1,-1
13495,19,2.062670441715447e-05,-1,-1
4796,19,2.062670441715447e-05,-1,-1
876,19,2.062670441715447e-05,-1,-1
1138,19,2.062670441715447e-05,-1,-1
14840,19,2.062670441715447e-05,-1,-1
14842,19,2.062670441715447e-05,-1,-1
11824,19,2.062670441715447e-05,-1,-1
11623,19,2.062670441715447e-05,-1,-1
15961,19,2.062670441715447e-05,-1,-1
11805,19,2.062670441715447e-05,-1,-1
8684,19,2.062670441715447e-05,-1,-1
15676,19,2.062670441715447e-05,-1,-1
720,19,2.062670441715447e-05,-1,-1
13741,19,2.062670441715447e-05,-1,-1
13969,19,2.062670441715447e-05,-1,-1
16034,19,2.062670441715447e-05,-1,-1
16043,19,2.062670441715447e-05,-1,-1
14217,19,2.062670441715447e-05,-1,-1
9983,19,2.062670441715447e-05,-1,-1
9367,19,2.062670441715447e-05,-1,-1
10656,19,2.062670441715447e-05,-1,-1
839,19,2.062670441715447e-05,-1,-1
10705,19,2.062670441715447e-05,-1,-1
14851,19,2.062670441715447e-05,-1,-1
11047,19,2.062670441715447e-05,-1,-1
5589,19,2.062670441715447e-05,-1,-1
12142,19,2.062670441715447e-05,-1,-1
13658,19,2.062670441715447e-05,-1,-1
13628,19,2.062670441715447e-05,-1,-1
13632,19,2.062670441715447e-05,-1,-1
8378,19,2.062670441715447e-05,-1,-1
14853,19,2.062670441715447e-05,-1,-1
10688,19,2.062670441715447e-05,-1,-1
6257,19,2.062670441715447e-05,-1,-1
10715,19,2.062670441715447e-05,-1,-1
15670,19,2.062670441715447e-05,-1,-1
9543,19,2.062670441715447e-05,-1,-1
13999,19,2.062670441715447e-05,-1,-1
15332,19,2.062670441715447e-05,-1,-1
15333,19,2.062670441715447e-05,-1,-1
15304,19,2.062670441715447e-05,-1,-1
11083,19,2.062670441715447e-05,-1,-1
8404,19,2.062670441715447e-05,-1,-1
14843,19,2.062670441715447e-05,-1,-1
3014,19,2.062670441715447e-05,-1,-1
3099,19,2.062670441715447e-05,-1,-1
7801,19,2.062670441715447e-05,-1,-1
7804,19,2.062670441715447e-05,-1,-1
2146,19,2.062670441715447e-05,-1,-1
2162,19,2.062670441715447e-05,-1,-1
15668,19,2.062670441715447e-05,-1,-1
11891,19,2.062670441715447e-05,-1,-1
8387,19,2.062670441715447e-05,-1,-1
8392,19,2.062670441715447e-05,-1,-1
13719,19,2.062670441715447e-05,-1,-1
13720,19,2.062670441715447e-05,-1,-1
8284,19,2.062670441715447e-05,-1,-1
1353,19,2.062670441715447e-05,-1,-1
8299,19,2.062670441715447e-05,-1,-1
13067,19,2.062670441715447e-05,-1,-1
13078,19,2.062670441715447e-05,-1,-1
9339,19,2.062670441715447e-05,-1,-1
6333,19,2.062670441715447e-05,-1,-1
3004,19,2.062670441715447e-05,-1,-1
6349,19,2.062670441715447e-05,-1,-1
11535,19,2.062670441715447e-05,-1,-1
11894,19,2.062670441715447e-05,-1,-1
9782,19,2.062670441715447e-05,-1,-1
9784,19,2.062670441715447e-05,-1,-1
3607,19,2.062670441715447e-05,-1,-1
3615,19,2.062670441715447e-05,-1,-1
13405,19,2.062670441715447e-05,-1,-1
13689,19,2.062670441715447e-05,-1,-1
13053,19,2.062670441715447e-05,-1,-1
13063,19,2.062670441715447e-05,-1,-1
11425,19,2.062670441715447e-05,-1,-1
11429,19,2.062670441715447e-05,-1,-1
3565,19,2.062670441715447e-05,-1,-1
13414,19,2.062670441715447e-05,-1,-1
8790,19,2.062670441715447e-05,-1,-1
8820,19,2.062670441715447e-05,-1,-1
1646,19,2.062670441715447e-05,-1,-1
8849,19,2.062670441715447e-05,-1,-1
10578,19,2.062670441715447e-05,-1,-1
7938,19,2.062670441715447e-05,-1,-1
7945,19,2.062670441715447e-05,-1,-1
9747,19,2.062670441715447e-05,-1,-1
12849,19,2.062670441715447e-05,-1,-1
9753,19,2.062670441715447e-05,-1,-1
13374,19,2.062670441715447e-05,-1,-1
15366,19,2.062670441715447e-05,-1,-1
10651,19,2.062670441715447e-05,-1,-1
11898,19,2.062670441715447e-05,-1,-1
15805,19,2.062670441715447e-05,-1,-1
8583,19,2.062670441715447e-05,-1,-1
9388,19,2.062670441715447e-05,-1,-1
9393,19,2.062670441715447e-05,-1,-1
13527,19,2.062670441715447e-05,-1,-1
8575,19,2.062670441715447e-05,-1,-1
7847,19,2.062670441715447e-05,-1,-1
13924,19,2.062670441715447e-05,-1,-1
7993,19,2.062670441715447e-05,-1,-1
14724,19,2.062670441715447e-05,-1,-1
14732,19,2.062670441715447e-05,-1,-1
14740,19,2.062670441715447e-05,-1,-1
14749,19,2.062670441715447e-05,-1,-1
12380,19,2.062670441715447e-05,-1,-1
8306,19,2.062670441715447e-05,-1,-1
1894,19,2.062670441715447e-05,-1,-1
1918,19,2.062670441715447e-05,-1,-1
8263,19,2.062670441715447e-05,-1,-1
13942,19,2.062670441715447e-05,-1,-1
15371,19,2.062670441715447e-05,-1,-1
9754,19,2.062670441715447e-05,-1,-1
2127,19,2.062670441715447e-05,-1,-1
15818,19,2.062670441715447e-05,-1,-1
15820,19,2.062670441715447e-05,-1,-1
12418,19,2.062670441715447e-05,-1,-1
14312,19,2.062670441715447e-05,-1,-1
14322,19,2.062670441715447e-05,-1,-1
15838,19,2.062670441715447e-05,-1,-1
15816,19,2.062670441715447e-05,-1,-1
9057,19,2.062670441715447e-05,-1,-1
14767,19,2.062670441715447e-05,-1,-1
7322,19,2.062670441715447e-05,-1,-1
2394,19,2.062670441715447e-05,-1,-1
6498,19,2.062670441715447e-05,-1,-1
14670,19,2.062670441715447e-05,-1,-1
14675,19,2.062670441715447e-05,-1,-1
14639,19,2.062670441715447e-05,-1,-1
6507,19,2.062670441715447e-05,-1,-1
15393,19,2.062670441715447e-05,-1,-1
9052,19,2.062670441715447e-05,-1,-1
9066,19,2.062670441715447e-05,-1,-1
9068,19,2.062670441715447e-05,-1,-1
15944,19,2.062670441715447e-05,-1,-1
6440,19,2.062670441715447e-05,-1,-1
14692,19,2.062670441715447e-05,-1,-1
14710,19,2.062670441715447e-05,-1,-1
3623,19,2.062670441715447e-05,-1,-1
12861,19,2.062670441715447e-05,-1,-1
12869,19,2.062670441715447e-05,-1,-1
12873,19,2.062670441715447e-05,-1,-1
5435,19,2.062670441715447e-05,-1,-1
3679,19,2.062670441715447e-05,-1,-1
15399,19,2.062670441715447e-05,-1,-1
15391,19,2.062670441715447e-05,-1,-1
14682,19,2.062670441715447e-05,-1,-1
14684,19,2.062670441715447e-05,-1,-1
2869,19,2.062670441715447e-05,-1,-1
8480,19,2.062670441715447e-05,-1,-1
13583,19,2.062670441715447e-05,-1,-1
13584,19,2.062670441715447e-05,-1,-1
14657,19,2.062670441715447e-05,-1,-1
2871,19,2.062670441715447e-05,-1,-1
12498,19,2.062670441715447e-05,-1,-1
10473,19,2.062670441715447e-05,-1,-1
10476,19,2.062670441715447e-05,-1,-1
4202,19,2.062670441715447e-05,-1,-1
4213,19,2.062670441715447e-05,-1,-1
4217,19,2.062670441715447e-05,-1,-1
13248,19,2.062670441715447e-05,-1,-1
9014,19,2.062670441715447e-05,-1,-1
13893,19,2.062670441715447e-05,-1,-1
13898,19,2.062670441715447e-05,-1,-1
9693,19,2.062670441715447e-05,-1,-1
7961,19,2.062670441715447e-05,-1,-1
5067,19,2.062670441715447e-05,-1,-1
5069,19,2.062670441715447e-05,-1,-1
13841,19,2.062670441715447e-05,-1,-1
2744,19,2.062670441715447e-05,-1,-1
15367,19,2.062670441715447e-05,-1,-1
15368,19,2.062670441715447e-05,-1,-1
11155,19,2.062670441715447e-05,-1,-1
3594,19,2.062670441715447e-05,-1,-1
5015,19,2.062670441715447e-05,-1,-1
15627,19,2.062670441715447e-05,-1,-1
15631,19,2.062670441715447e-05,-1,-1
3773,19,2.062670441715447e-05,-1,-1
15883,19,2.062670441715447e-05,-1,-1
8456,19,2.062670441715447e-05,-1,-1
12657,19,2.062670441715447e-05,-1,-1
6689,19,2.062670441715447e-05,-1,-1
10456,19,2.062670441715447e-05,-1,-1
1425,19,2.062670441715447e-05,-1,-1
14299,19,2.062670441715447e-05,-1,-1
14285,19,2.062670441715447e-05,-1,-1
6538,19,2.062670441715447e-05,-1,-1
9375,19,2.062670441715447e-05,-1,-1
14609,19,2.062670441715447e-05,-1,-1
14613,19,2.062670441715447e-05,-1,-1
8541,19,2.062670441715447e-05,-1,-1
15876,19,2.062670441715447e-05,-1,-1
15881,19,2.062670441715447e-05,-1,-1
15882,19,2.062670441715447e-05,-1,-1
12058,19,2.062670441715447e-05,-1,-1
12060,19,2.062670441715447e-05,-1,-1
4456,19,2.062670441715447e-05,-1,-1
4465,19,2.062670441715447e-05,-1,-1
16057,19,2.062670441715447e-05,-1,-1
105,19,2.062670441715447e-05,-1,-1
2459,19,2.062670441715447e-05,-1,-1
13552,19,2.062670441715447e-05,-1,-1
13844,19,2.062670441715447e-05,-1,-1
9646,19,2.062670441715447e-05,-1,-1
2060,19,2.062670441715447e-05,-1,-1
15635,19,2.062670441715447e-05,-1,-1
13862,19,2.062670441715447e-05,-1,-1
2034,19,2.062670441715447e-05,-1,-1
8037,19,2.062670441715447e-05,-1,-1
11210,19,2.062670441715447e-05,-1,-1
11561,19,2.062670441715447e-05,-1,-1
11567,19,2.062670441715447e-05,-1,-1
12996,19,2.062670441715447e-05,-1,-1
14404,19,2.062670441715447e-05,-1,-1
14421,19,2.062670441715447e-05,-1,-1
13606,19,2.062670441715447e-05,-1,-1
7156,19,2.062670441715447e-05,-1,-1
1438,19,2.062670441715447e-05,-1,-1
14530,19,2.062670441715447e-05,-1,-1
10348,19,2.062670441715447e-05,-1,-1
10354,19,2.062670441715447e-05,-1,-1
11854,19,2.062670441715447e-05,-1,-1
14589,19,2.062670441715447e-05,-1,-1
15860,19,2.062670441715447e-05,-1,-1
15863,19,2.062670441715447e-05,-1,-1
15871,19,2.062670441715447e-05,-1,-1
5134,19,2.062670441715447e-05,-1,-1
54,19,2.062670441715447e-05,-1,-1
11972,19,2.062670441715447e-05,-1,-1
15600,19,2.062670441715447e-05,-1,-1
13348,19,2.062670441715447e-05,-1,-1
1079,19,2.062670441715447e-05,-1,-1
10192,19,2.062670441715447e-05,-1,-1
10196,19,2.062670441715447e-05,-1,-1
10107,19,2.062670441715447e-05,-1,-1
10115,19,2.062670441715447e-05,-1,-1
12522,19,2.062670441715447e-05,-1,-1
16068,19,2.062670441715447e-05,-1,-1
5355,19,2.062670441715447e-05,-1,-1
15441,19,2.062670441715447e-05,-1,-1
15451,19,2.062670441715447e-05,-1,-1
11354,19,2.062670441715447e-05,-1,-1
4303,19,2.062670441715447e-05,-1,-1
2609,19,2.062670441715447e-05,-1,-1
14472,19,2.062670441715447e-05,-1,-1
14484,19,2.062670441715447e-05,-1,-1
14372,19,2.062670441715447e-05,-1,-1
14378,19,2.062670441715447e-05,-1,-1
12945,19,2.062670441715447e-05,-1,-1
12948,19,2.062670441715447e-05,-1,-1
12919,19,2.062670441715447e-05,-1,-1
14444,19,2.062670441715447e-05,-1,-1
2627,19,2.062670441715447e-05,-1,-1
12593,19,2.062670441715447e-05,-1,-1
10232,19,2.062670441715447e-05,-1,-1
416,19,2.062670441715447e-05,-1,-1
14548,19,2.062670441715447e-05,-1,-1
10313,19,2.062670441715447e-05,-1,-1
9661,19,2.062670441715447e-05,-1,-1
15491,19,2.062670441715447e-05,-1,-1
5338,19,2.062670441715447e-05,-1,-1
15472,19,2.062670441715447e-05,-1,-1
12920,19,2.062670441715447e-05,-1,-1
12926,19,2.062670441715447e-05,-1,-1
8213,19,2.062670441715447e-05,-1,-1
8217,19,2.062670441715447e-05,-1,-1
13024,19,2.062670441715447e-05,-1,-1
1067,19,2.062670441715447e-05,-1,-1
12033,19,2.062670441715447e-05,-1,-1
12046,19,2.062670441715447e-05,-1,-1
5115,19,2.062670441715447e-05,-1,-1
8872,19,2.062670441715447e-05,-1,-1
13176,19,2.062670441715447e-05,-1,-1
8913,19,2.062670441715447e-05,-1,-1
13212,19,2.062670441715447e-05,-1,-1
13211,19,2.062670441715447e-05,-1,-1
16194,19,2.062670441715447e-05,-1,-1
13210,19,2.062670441715447e-05,-1,-1
16236,19,2.062670441715447e-05,-1,-1
16239,19,2.062670441715447e-05,-1,-1
16240,19,2.062670441715447e-05,-1,-1
11967,19,2.062670441715447e-05,-1,-1
16159,19,2.062670441715447e-05,-1,-1
11374,19,2.062670441715447e-05,-1,-1
13233,19,2.062670441715447e-05,-1,-1
9100,19,2.062670441715447e-05,-1,-1
16250,19,2.062670441715447e-05,-1,-1
13226,19,2.062670441715447e-05,-1,-1
13218,19,2.062670441715447e-05,-1,-1
16135,19,2.062670441715447e-05,-1,-1
11235,19,2.062670441715447e-05,-1,-1
745,19,2.062670441715447e-05,-1,-1
16181,19,2.062670441715447e-05,-1,-1
16186,19,2.062670441715447e-05,-1,-1
16187,19,2.062670441715447e-05,-1,-1
9623,19,2.062670441715447e-05,-1,-1
16153,19,2.062670441715447e-05,-1,-1
9,19,2.062670441715447e-05,-1,-1
12005,19,2.062670441715447e-05,-1,-1
11297,19,2.062670441715447e-05,-1,-1
11316,19,2.062670441715447e-05,-1,-1
5252,19,2.062670441715447e-05,-1,-1
15476,19,2.062670441715447e-05,-1,-1
15479,19,2.062670441715447e-05,-1,-1
15480,19,2.062670441715447e-05,-1,-1
9215,19,2.062670441715447e-05,-1,-1
13675,19,2.062670441715447e-05,-1,-1
7664,19,2.062670441715447e-05,-1,-1
7666,19,2.062670441715447e-05,-1,-1
7602,19,2.062670441715447e-05,-1,-1
7603,19,2.062670441715447e-05,-1,-1
4467,19,2.062670441715447e-05,-1,-1
9577,19,2.062670441715447e-05,-1,-1
14078,19,2.062670441715447e-05,-1,-1
9281,19,2.062670441715447e-05,-1,-1
15718,19,2.062670441715447e-05,-1,-1
15724,19,2.062670441715447e-05,-1,-1
15727,19,2.062670441715447e-05,-1,-1
4372,19,2.062670441715447e-05,-1,-1
15049,19,2.062670441715447e-05,-1,-1
15063,19,2.062670441715447e-05,-1,-1
15135,19,2.062670441715447e-05,-1,-1
16161,19,2.062670441715447e-05,-1,-1
16165,19,2.062670441715447e-05,-1,-1
15929,19,2.062670441715447e-05,-1,-1
16230,19,2.062670441715447e-05,-1,-1
13095,19,2.062670441715447e-05,-1,-1
13104,19,2.062670441715447e-05,-1,-1
13106,19,2.062670441715447e-05,-1,-1
1448,19,2.062670441715447e-05,-1,-1
11742,19,2.062670441715447e-05,-1,-1
13142,19,2.062670441715447e-05,-1,-1
13149,19,2.062670441715447e-05,-1,-1
8930,19,2.062670441715447e-05,-1,-1
8945,19,2.062670441715447e-05,-1,-1
8949,19,2.062670441715447e-05,-1,-1
15898,19,2.062670441715447e-05,-1,-1
16139,19,2.062670441715447e-05,-1,-1
13209,18,1.9541088395198972e-05,-1,-1
16247,18,1.9541088395198972e-05,-1,-1
16154,18,1.9541088395198972e-05,-1,-1
16175,18,1.9541088395198972e-05,-1,-1
625,18,1.9541088395198972e-05,-1,-1
16174,18,1.9541088395198972e-05,-1,-1
16116,18,1.9541088395198972e-05,-1,-1
13890,18,1.9541088395198972e-05,-1,-1
9634,18,1.9541088395198972e-05,-1,-1
9644,18,1.9541088395198972e-05,-1,-1
13830,18,1.9541088395198972e-05,-1,-1
7922,18,1.9541088395198972e-05,-1,-1
12831,18,1.9541088395198972e-05,-1,-1
14010,18,1.9541088395198972e-05,-1,-1
7763,18,1.9541088395198972e-05,-1,-1
7769,18,1.9541088395198972e-05,-1,-1
7788,18,1.9541088395198972e-05,-1,-1
9549,18,1.9541088395198972e-05,-1,-1
8336,18,1.9541088395198972e-05,-1,-1
11669,18,1.9541088395198972e-05,-1,-1
16044,18,1.9541088395198972e-05,-1,-1
9736,18,1.9541088395198972e-05,-1,-1
7826,18,1.9541088395198972e-05,-1,-1
5063,18,1.9541088395198972e-05,-1,-1
15643,18,1.9541088395198972e-05,-1,-1
15653,18,1.9541088395198972e-05,-1,-1
15658,18,1.9541088395198972e-05,-1,-1
11413,18,1.9541088395198972e-05,-1,-1
15394,18,1.9541088395198972e-05,-1,-1
12057,18,1.9541088395198972e-05,-1,-1
15437,18,1.9541088395198972e-05,-1,-1
3766,18,1.9541088395198972e-05,-1,-1
11275,18,1.9541088395198972e-05,-1,-1
5054,18,1.9541088395198972e-05,-1,-1
12040,18,1.9541088395198972e-05,-1,-1
1613,18,1.9541088395198972e-05,-1,-1
8871,18,1.9541088395198972e-05,-1,-1
9262,18,1.9541088395198972e-05,-1,-1
13110,18,1.9541088395198972e-05,-1,-1
9155,18,1.9541088395198972e-05,-1,-1
5141,18,1.9541088395198972e-05,-1,-1
5078,18,1.9541088395198972e-05,-1,-1
3881,18,1.9541088395198972e-05,-1,-1
3543,18,1.9541088395198972e-05,-1,-1
11054,18,1.9541088395198972e-05,-1,-1
15297,18,1.9541088395198972e-05,-1,-1
15669,18,1.9541088395198972e-05,-1,-1
15681,18,1.9541088395198972e-05,-1,-1
3612,18,1.9541088395198972e-05,-1,-1
15269,18,1.9541088395198972e-05,-1,-1
3637,18,1.9541088395198972e-05,-1,-1
11157,18,1.9541088395198972e-05,-1,-1
12096,18,1.9541088395198972e-05,-1,-1
13385,18,1.9541088395198972e-05,-1,-1
5447,18,1.9541088395198972e-05,-1,-1
5453,18,1.9541088395198972e-05,-1,-1
15400,18,1.9541088395198972e-05,-1,-1
9794,18,1.9541088395198972e-05,-1,-1
14019,18,1.9541088395198972e-05,-1,-1
11793,18,1.9541088395198972e-05,-1,-1
7707,18,1.9541088395198972e-05,-1,-1
9837,18,1.9541088395198972e-05,-1,-1
378,18,1.9541088395198972e-05,-1,-1
1877,18,1.9541088395198972e-05,-1,-1
9586,18,1.9541088395198972e-05,-1,-1
12959,18,1.9541088395198972e-05,-1,-1
14042,18,1.9541088395198972e-05,-1,-1
16003,18,1.9541088395198972e-05,-1,-1
16016,18,1.9541088395198972e-05,-1,-1
16017,18,1.9541088395198972e-05,-1,-1
9841,18,1.9541088395198972e-05,-1,-1
9847,18,1.9541088395198972e-05,-1,-1
9875,18,1.9541088395198972e-05,-1,-1
15997,18,1.9541088395198972e-05,-1,-1
15998,18,1.9541088395198972e-05,-1,-1
16000,18,1.9541088395198972e-05,-1,-1
9989,18,1.9541088395198972e-05,-1,-1
9965,18,1.9541088395198972e-05,-1,-1
14079,18,1.9541088395198972e-05,-1,-1
7547,18,1.9541088395198972e-05,-1,-1
14147,18,1.9541088395198972e-05,-1,-1
11810,18,1.9541088395198972e-05,-1,-1
650,18,1.9541088395198972e-05,-1,-1
651,18,1.9541088395198972e-05,-1,-1
15969,18,1.9541088395198972e-05,-1,-1
13460,18,1.9541088395198972e-05,-1,-1
5666,18,1.9541088395198972e-05,-1,-1
8736,18,1.9541088395198972e-05,-1,-1
15232,18,1.9541088395198972e-05,-1,-1
5634,18,1.9541088395198972e-05,-1,-1
15251,18,1.9541088395198972e-05,-1,-1
15698,18,1.9541088395198972e-05,-1,-1
4933,18,1.9541088395198972e-05,-1,-1
4934,18,1.9541088395198972e-05,-1,-1
4944,18,1.9541088395198972e-05,-1,-1
3427,18,1.9541088395198972e-05,-1,-1
15212,18,1.9541088395198972e-05,-1,-1
10036,18,1.9541088395198972e-05,-1,-1
1144,18,1.9541088395198972e-05,-1,-1
14211,18,1.9541088395198972e-05,-1,-1
2351,18,1.9541088395198972e-05,-1,-1
13193,18,1.9541088395198972e-05,-1,-1
15956,18,1.9541088395198972e-05,-1,-1
11804,18,1.9541088395198972e-05,-1,-1
2332,18,1.9541088395198972e-05,-1,-1
10060,18,1.9541088395198972e-05,-1,-1
12724,18,1.9541088395198972e-05,-1,-1
12728,18,1.9541088395198972e-05,-1,-1
14245,18,1.9541088395198972e-05,-1,-1
7280,18,1.9541088395198972e-05,-1,-1
12686,18,1.9541088395198972e-05,-1,-1
12697,18,1.9541088395198972e-05,-1,-1
9072,18,1.9541088395198972e-05,-1,-1
13243,18,1.9541088395198972e-05,-1,-1
13249,18,1.9541088395198972e-05,-1,-1
9056,18,1.9541088395198972e-05,-1,-1
9002,18,1.9541088395198972e-05,-1,-1
13664,18,1.9541088395198972e-05,-1,-1
10886,18,1.9541088395198972e-05,-1,-1
15045,18,1.9541088395198972e-05,-1,-1
8717,18,1.9541088395198972e-05,-1,-1
8726,18,1.9541088395198972e-05,-1,-1
9337,18,1.9541088395198972e-05,-1,-1
10938,18,1.9541088395198972e-05,-1,-1
12227,18,1.9541088395198972e-05,-1,-1
12236,18,1.9541088395198972e-05,-1,-1
15148,18,1.9541088395198972e-05,-1,-1
15172,18,1.9541088395198972e-05,-1,-1
15075,18,1.9541088395198972e-05,-1,-1
15132,18,1.9541088395198972e-05,-1,-1
9005,18,1.9541088395198972e-05,-1,-1
13288,18,1.9541088395198972e-05,-1,-1
10973,18,1.9541088395198972e-05,-1,-1
10980,18,1.9541088395198972e-05,-1,-1
12198,18,1.9541088395198972e-05,-1,-1
10114,18,1.9541088395198972e-05,-1,-1
14359,18,1.9541088395198972e-05,-1,-1
14338,18,1.9541088395198972e-05,-1,-1
15941,18,1.9541088395198972e-05,-1,-1
149,18,1.9541088395198972e-05,-1,-1
152,18,1.9541088395198972e-05,-1,-1
1844,18,1.9541088395198972e-05,-1,-1
12635,18,1.9541088395198972e-05,-1,-1
10145,18,1.9541088395198972e-05,-1,-1
14392,18,1.9541088395198972e-05,-1,-1
14414,18,1.9541088395198972e-05,-1,-1
7175,18,1.9541088395198972e-05,-1,-1
7193,18,1.9541088395198972e-05,-1,-1
7150,18,1.9541088395198972e-05,-1,-1
6994,18,1.9541088395198972e-05,-1,-1
4236,18,1.9541088395198972e-05,-1,-1
15917,18,1.9541088395198972e-05,-1,-1
15926,18,1.9541088395198972e-05,-1,-1
14383,18,1.9541088395198972e-05,-1,-1
15769,18,1.9541088395198972e-05,-1,-1
15771,18,1.9541088395198972e-05,-1,-1
15772,18,1.9541088395198972e-05,-1,-1
15784,18,1.9541088395198972e-05,-1,-1
13508,18,1.9541088395198972e-05,-1,-1
13518,18,1.9541088395198972e-05,-1,-1
14928,18,1.9541088395198972e-05,-1,-1
14930,18,1.9541088395198972e-05,-1,-1
12336,18,1.9541088395198972e-05,-1,-1
10760,18,1.9541088395198972e-05,-1,-1
13475,18,1.9541088395198972e-05,-1,-1
6036,18,1.9541088395198972e-05,-1,-1
15014,18,1.9541088395198972e-05,-1,-1
10799,18,1.9541088395198972e-05,-1,-1
13086,18,1.9541088395198972e-05,-1,-1
15726,18,1.9541088395198972e-05,-1,-1
4873,18,1.9541088395198972e-05,-1,-1
4838,18,1.9541088395198972e-05,-1,-1
11915,18,1.9541088395198972e-05,-1,-1
11492,18,1.9541088395198972e-05,-1,-1
11493,18,1.9541088395198972e-05,-1,-1
14812,18,1.9541088395198972e-05,-1,-1
6311,18,1.9541088395198972e-05,-1,-1
14818,18,1.9541088395198972e-05,-1,-1
11885,18,1.9541088395198972e-05,-1,-1
11516,18,1.9541088395198972e-05,-1,-1
10728,18,1.9541088395198972e-05,-1,-1
12344,18,1.9541088395198972e-05,-1,-1
9366,18,1.9541088395198972e-05,-1,-1
889,18,1.9541088395198972e-05,-1,-1
6161,18,1.9541088395198972e-05,-1,-1
6248,18,1.9541088395198972e-05,-1,-1
10718,18,1.9541088395198972e-05,-1,-1
14858,18,1.9541088395198972e-05,-1,-1
14860,18,1.9541088395198972e-05,-1,-1
14861,18,1.9541088395198972e-05,-1,-1
14866,18,1.9541088395198972e-05,-1,-1
12607,18,1.9541088395198972e-05,-1,-1
6990,18,1.9541088395198972e-05,-1,-1
6819,18,1.9541088395198972e-05,-1,-1
14447,18,1.9541088395198972e-05,-1,-1
6975,18,1.9541088395198972e-05,-1,-1
12590,18,1.9541088395198972e-05,-1,-1
10250,18,1.9541088395198972e-05,-1,-1
2579,18,1.9541088395198972e-05,-1,-1
303,18,1.9541088395198972e-05,-1,-1
12573,18,1.9541088395198972e-05,-1,-1
14546,18,1.9541088395198972e-05,-1,-1
14549,18,1.9541088395198972e-05,-1,-1
6911,18,1.9541088395198972e-05,-1,-1
14461,18,1.9541088395198972e-05,-1,-1
15880,18,1.9541088395198972e-05,-1,-1
15888,18,1.9541088395198972e-05,-1,-1
14552,18,1.9541088395198972e-05,-1,-1
9413,18,1.9541088395198972e-05,-1,-1
15842,18,1.9541088395198972e-05,-1,-1
15844,18,1.9541088395198972e-05,-1,-1
15857,18,1.9541088395198972e-05,-1,-1
12487,18,1.9541088395198972e-05,-1,-1
6470,18,1.9541088395198972e-05,-1,-1
14719,18,1.9541088395198972e-05,-1,-1
14728,18,1.9541088395198972e-05,-1,-1
6366,18,1.9541088395198972e-05,-1,-1
12440,18,1.9541088395198972e-05,-1,-1
2946,18,1.9541088395198972e-05,-1,-1
14751,18,1.9541088395198972e-05,-1,-1
14760,18,1.9541088395198972e-05,-1,-1
11543,18,1.9541088395198972e-05,-1,-1
11897,18,1.9541088395198972e-05,-1,-1
15796,18,1.9541088395198972e-05,-1,-1
13531,18,1.9541088395198972e-05,-1,-1
10404,18,1.9541088395198972e-05,-1,-1
10377,18,1.9541088395198972e-05,-1,-1
10383,18,1.9541088395198972e-05,-1,-1
11573,18,1.9541088395198972e-05,-1,-1
11575,18,1.9541088395198972e-05,-1,-1
14610,18,1.9541088395198972e-05,-1,-1
6684,18,1.9541088395198972e-05,-1,-1
2690,18,1.9541088395198972e-05,-1,-1
12459,18,1.9541088395198972e-05,-1,-1
6523,18,1.9541088395198972e-05,-1,-1
6524,18,1.9541088395198972e-05,-1,-1
9371,18,1.9541088395198972e-05,-1,-1
4204,18,1.9541088395198972e-05,-1,-1
14662,18,1.9541088395198972e-05,-1,-1
14665,18,1.9541088395198972e-05,-1,-1
2877,18,1.9541088395198972e-05,-1,-1
12457,18,1.9541088395198972e-05,-1,-1
16217,18,1.9541088395198972e-05,-1,-1
16224,18,1.9541088395198972e-05,-1,-1
9592,18,1.9541088395198972e-05,-1,-1
1331,18,1.9541088395198972e-05,-1,-1
13770,18,1.9541088395198972e-05,-1,-1
16138,18,1.9541088395198972e-05,-1,-1
13813,18,1.9541088395198972e-05,-1,-1
12888,18,1.9541088395198972e-05,-1,-1
16210,18,1.9541088395198972e-05,-1,-1
13750,18,1.9541088395198972e-05,-1,-1
8227,18,1.9541088395198972e-05,-1,-1
8240,18,1.9541088395198972e-05,-1,-1
9649,18,1.9541088395198972e-05,-1,-1
12924,18,1.9541088395198972e-05,-1,-1
8080,18,1.9541088395198972e-05,-1,-1
100,18,1.9541088395198972e-05,-1,-1
16079,18,1.9541088395198972e-05,-1,-1
16087,18,1.9541088395198972e-05,-1,-1
16096,18,1.9541088395198972e-05,-1,-1
15534,18,1.9541088395198972e-05,-1,-1
13127,18,1.9541088395198972e-05,-1,-1
9209,18,1.9541088395198972e-05,-1,-1
746,18,1.9541088395198972e-05,-1,-1
11208,18,1.9541088395198972e-05,-1,-1
5342,18,1.9541088395198972e-05,-1,-1
15571,18,1.9541088395198972e-05,-1,-1
15517,18,1.9541088395198972e-05,-1,-1
11322,18,1.9541088395198972e-05,-1,-1
11260,18,1.9541088395198972e-05,-1,-1
13165,18,1.9541088395198972e-05,-1,-1
1513,18,1.9541088395198972e-05,-1,-1
5213,18,1.9541088395198972e-05,-1,-1
3817,18,1.9541088395198972e-05,-1,-1
15563,18,1.9541088395198972e-05,-1,-1
16125,18,1.9541088395198972e-05,-1,-1
16235,18,1.9541088395198972e-05,-1,-1
16241,18,1.9541088395198972e-05,-1,-1
8920,18,1.9541088395198972e-05,-1,-1
8931,18,1.9541088395198972e-05,-1,-1
16234,17,1.8455472373243472e-05,-1,-1
11737,17,1.8455472373243472e-05,-1,-1
15569,17,1.8455472373243472e-05,-1,-1
15555,17,1.8455472373243472e-05,-1,-1
16071,17,1.8455472373243472e-05,-1,-1
5255,17,1.8455472373243472e-05,-1,-1
13795,17,1.8455472373243472e-05,-1,-1
8172,17,1.8455472373243472e-05,-1,-1
8083,17,1.8455472373243472e-05,-1,-1
15507,17,1.8455472373243472e-05,-1,-1
13776,17,1.8455472373243472e-05,-1,-1
16081,17,1.8455472373243472e-05,-1,-1
13793,17,1.8455472373243472e-05,-1,-1
14706,17,1.8455472373243472e-05,-1,-1
13042,17,1.8455472373243472e-05,-1,-1
13558,17,1.8455472373243472e-05,-1,-1
10485,17,1.8455472373243472e-05,-1,-1
6619,17,1.8455472373243472e-05,-1,-1
14658,17,1.8455472373243472e-05,-1,-1
15858,17,1.8455472373243472e-05,-1,-1
16223,17,1.8455472373243472e-05,-1,-1
8123,17,1.8455472373243472e-05,-1,-1
15845,17,1.8455472373243472e-05,-1,-1
12407,17,1.8455472373243472e-05,-1,-1
12268,17,1.8455472373243472e-05,-1,-1
12310,17,1.8455472373243472e-05,-1,-1
8640,17,1.8455472373243472e-05,-1,-1
14433,17,1.8455472373243472e-05,-1,-1
11474,17,1.8455472373243472e-05,-1,-1
13504,17,1.8455472373243472e-05,-1,-1
14366,17,1.8455472373243472e-05,-1,-1
4228,17,1.8455472373243472e-05,-1,-1
9065,17,1.8455472373243472e-05,-1,-1
2407,17,1.8455472373243472e-05,-1,-1
14357,17,1.8455472373243472e-05,-1,-1
14268,17,1.8455472373243472e-05,-1,-1
12661,17,1.8455472373243472e-05,-1,-1
10155,17,1.8455472373243472e-05,-1,-1
15118,17,1.8455472373243472e-05,-1,-1
15144,17,1.8455472373243472e-05,-1,-1
14896,17,1.8455472373243472e-05,-1,-1
11881,17,1.8455472373243472e-05,-1,-1
14811,17,1.8455472373243472e-05,-1,-1
11860,17,1.8455472373243472e-05,-1,-1
10678,17,1.8455472373243472e-05,-1,-1
14850,17,1.8455472373243472e-05,-1,-1
14876,17,1.8455472373243472e-05,-1,-1
14886,17,1.8455472373243472e-05,-1,-1
7020,17,1.8455472373243472e-05,-1,-1
12568,17,1.8455472373243472e-05,-1,-1
8471,17,1.8455472373243472e-05,-1,-1
8469,17,1.8455472373243472e-05,-1,-1
15848,17,1.8455472373243472e-05,-1,-1
15847,17,1.8455472373243472e-05,-1,-1
3354,17,1.8455472373243472e-05,-1,-1
11451,17,1.8455472373243472e-05,-1,-1
12260,17,1.8455472373243472e-05,-1,-1
9791,17,1.8455472373243472e-05,-1,-1
2214,17,1.8455472373243472e-05,-1,-1
3699,17,1.8455472373243472e-05,-1,-1
11639,17,1.8455472373243472e-05,-1,-1
15621,17,1.8455472373243472e-05,-1,-1
15678,17,1.8455472373243472e-05,-1,-1
11400,17,1.8455472373243472e-05,-1,-1
5133,17,1.8455472373243472e-05,-1,-1
15315,17,1.8455472373243472e-05,-1,-1
15314,17,1.8455472373243472e-05,-1,-1
15305,17,1.8455472373243472e-05,-1,-1
13396,17,1.8455472373243472e-05,-1,-1
13395,17,1.8455472373243472e-05,-1,-1
13922,17,1.8455472373243472e-05,-1,-1
9764,17,1.8455472373243472e-05,-1,-1
13846,17,1.8455472373243472e-05,-1,-1
13829,17,1.8455472373243472e-05,-1,-1
1955,17,1.8455472373243472e-05,-1,-1
9101,17,1.8455472373243472e-05,-1,-1
16164,17,1.8455472373243472e-05,-1,-1
16248,17,1.8455472373243472e-05,-1,-1
13202,17,1.8455472373243472e-05,-1,-1
16192,17,1.8455472373243472e-05,-1,-1
1896,17,1.8455472373243472e-05,-1,-1
15645,17,1.8455472373243472e-05,-1,-1
739,17,1.8455472373243472e-05,-1,-1
13118,17,1.8455472373243472e-05,-1,-1
9172,17,1.8455472373243472e-05,-1,-1
11287,17,1.8455472373243472e-05,-1,-1
16249,17,1.8455472373243472e-05,-1,-1
14048,17,1.8455472373243472e-05,-1,-1
11674,17,1.8455472373243472e-05,-1,-1
5696,17,1.8455472373243472e-05,-1,-1
15405,17,1.8455472373243472e-05,-1,-1
14119,17,1.8455472373243472e-05,-1,-1
11613,17,1.8455472373243472e-05,-1,-1
15973,17,1.8455472373243472e-05,-1,-1
7692,17,1.8455472373243472e-05,-1,-1
7608,17,1.8455472373243472e-05,-1,-1
4482,17,1.8455472373243472e-05,-1,-1
14037,17,1.8455472373243472e-05,-1,-1
7733,17,1.8455472373243472e-05,-1,-1
2273,17,1.8455472373243472e-05,-1,-1
13685,17,1.8455472373243472e-05,-1,-1
16004,17,1.8455472373243472e-05,-1,-1
13463,17,1.8455472373243472e-05,-1,-1
4904,17,1.8455472373243472e-05,-1,-1
15262,17,1.8455472373243472e-05,-1,-1
7375,17,1.8455472373243472e-05,-1,-1
15263,17,1.8455472373243472e-05,-1,-1
15203,17,1.8455472373243472e-05,-1,-1
13422,17,1.8455472373243472e-05,-1,-1
5637,17,1.8455472373243472e-05,-1,-1
10034,17,1.8455472373243472e-05,-1,-1
10143,17,1.8455472373243472e-05,-1,-1
13000,17,1.8455472373243472e-05,-1,-1
15046,17,1.8455472373243472e-05,-1,-1
1578,17,1.8455472373243472e-05,-1,-1
5849,17,1.8455472373243472e-05,-1,-1
15069,17,1.8455472373243472e-05,-1,-1
10392,16,1.7369856351287976e-05,-1,-1
8728,16,1.7369856351287976e-05,-1,-1
13914,16,1.7369856351287976e-05,-1,-1
15629,16,1.7369856351287976e-05,-1,-1
7879,16,1.7369856351287976e-05,-1,-1
11719,16,1.7369856351287976e-05,-1,-1
9703,16,1.7369856351287976e-05,-1,-1
633,16,1.7369856351287976e-05,-1,-1
11705,16,1.7369856351287976e-05,-1,-1
15344,16,1.7369856351287976e-05,-1,-1
15374,16,1.7369856351287976e-05,-1,-1
12811,16,1.7369856351287976e-05,-1,-1
11709,16,1.7369856351287976e-05,-1,-1
15516,16,1.7369856351287976e-05,-1,-1
7670,16,1.7369856351287976e-05,-1,-1
7549,16,1.7369856351287976e-05,-1,-1
1875,16,1.7369856351287976e-05,-1,-1
4952,16,1.7369856351287976e-05,-1,-1
15717,16,1.7369856351287976e-05,-1,-1
9129,16,1.7369856351287976e-05,-1,-1
3440,16,1.7369856351287976e-05,-1,-1
1672,16,1.7369856351287976e-05,-1,-1
8716,16,1.7369856351287976e-05,-1,-1
13182,16,1.7369856351287976e-05,-1,-1
13186,16,1.7369856351287976e-05,-1,-1
5742,16,1.7369856351287976e-05,-1,-1
9142,16,1.7369856351287976e-05,-1,-1
7509,16,1.7369856351287976e-05,-1,-1
7536,16,1.7369856351287976e-05,-1,-1
7510,16,1.7369856351287976e-05,-1,-1
7513,16,1.7369856351287976e-05,-1,-1
10773,16,1.7369856351287976e-05,-1,-1
13605,16,1.7369856351287976e-05,-1,-1
14873,16,1.7369856351287976e-05,-1,-1
6233,16,1.7369856351287976e-05,-1,-1
13066,16,1.7369856351287976e-05,-1,-1
10589,16,1.7369856351287976e-05,-1,-1
6515,16,1.7369856351287976e-05,-1,-1
14638,16,1.7369856351287976e-05,-1,-1
4200,16,1.7369856351287976e-05,-1,-1
13774,16,1.7369856351287976e-05,-1,-1
9660,16,1.7369856351287976e-05,-1,-1
649,16,1.7369856351287976e-05,-1,-1
6341,16,1.7369856351287976e-05,-1,-1
13769,16,1.7369856351287976e-05,-1,-1
7054,16,1.7369856351287976e-05,-1,-1
12209,16,1.7369856351287976e-05,-1,-1
15115,16,1.7369856351287976e-05,-1,-1
9247,16,1.7369856351287976e-05,-1,-1
9342,16,1.7369856351287976e-05,-1,-1
4757,16,1.7369856351287976e-05,-1,-1
6105,16,1.7369856351287976e-05,-1,-1
10177,16,1.7369856351287976e-05,-1,-1
12620,16,1.7369856351287976e-05,-1,-1
10212,16,1.7369856351287976e-05,-1,-1
2675,16,1.7369856351287976e-05,-1,-1
10167,16,1.7369856351287976e-05,-1,-1
1426,16,1.7369856351287976e-05,-1,-1
9454,16,1.7369856351287976e-05,-1,-1
6149,16,1.7369856351287976e-05,-1,-1
15751,16,1.7369856351287976e-05,-1,-1
15179,16,1.7369856351287976e-05,-1,-1
15261,16,1.7369856351287976e-05,-1,-1
13659,16,1.7369856351287976e-05,-1,-1
786,16,1.7369856351287976e-05,-1,-1
15993,16,1.7369856351287976e-05,-1,-1
8279,15,1.6284240329332476e-05,-1,-1
4972,15,1.6284240329332476e-05,-1,-1
16031,15,1.6284240329332476e-05,-1,-1
7583,15,1.6284240329332476e-05,-1,-1
9821,15,1.6284240329332476e-05,-1,-1
5433,15,1.6284240329332476e-05,-1,-1
9978,15,1.6284240329332476e-05,-1,-1
14144,15,1.6284240329332476e-05,-1,-1
12231,15,1.6284240329332476e-05,-1,-1
7382,15,1.6284240329332476e-05,-1,-1
9327,15,1.6284240329332476e-05,-1,-1
15345,15,1.6284240329332476e-05,-1,-1
15544,15,1.6284240329332476e-05,-1,-1
5432,15,1.6284240329332476e-05,-1,-1
14154,15,1.6284240329332476e-05,-1,-1
14987,15,1.6284240329332476e-05,-1,-1
7044,15,1.6284240329332476e-05,-1,-1
16232,15,1.6284240329332476e-05,-1,-1
11522,15,1.6284240329332476e-05,-1,-1
1414,15,1.6284240329332476e-05,-1,-1
10400,15,1.6284240329332476e-05,-1,-1
14562,14,1.5198624307376979e-05,-1,-1
13532,14,1.5198624307376979e-05,-1,-1
12003,14,1.5198624307376979e-05,-1,-1
15836,14,1.5198624307376979e-05,-1,-1
14592,14,1.5198624307376979e-05,-1,-1
15822,14,1.5198624307376979e-05,-1,-1
13548,14,1.5198624307376979e-05,-1,-1
15228,14,1.5198624307376979e-05,-1,-1
3379,14,1.5198624307376979e-05,-1,-1
7010,14,1.5198624307376979e-05,-1,-1
13977,14,1.5198624307376979e-05,-1,-1
13954,14,1.5198624307376979e-05,-1,-1
9274,14,1.5198624307376979e-05,-1,-1
9527,14,1.5198624307376979e-05,-1,-1
3560,14,1.5198624307376979e-05,-1,-1
12818,14,1.5198624307376979e-05,-1,-1
9157,14,1.5198624307376979e-05,-1,-1
12172,14,1.5198624307376979e-05,-1,-1
9892,14,1.5198624307376979e-05,-1,-1
10457,13,1.4113008285421479e-05,-1,-1
8147,13,1.4113008285421479e-05,-1,-1
12383,13,1.4113008285421479e-05,-1,-1
6021,13,1.4113008285421479e-05,-1,-1
8230,13,1.4113008285421479e-05,-1,-1
2747,13,1.4113008285421479e-05,-1,-1
7412,13,1.4113008285421479e-05,-1,-1
7764,13,1.4113008285421479e-05,-1,-1
14908,12,1.3027392263465981e-05,-1,-1
15361,12,1.3027392263465981e-05,-1,-1
13944,12,1.3027392263465981e-05,-1,-1
10974,12,1.3027392263465981e-05,-1,-1
3706,11,1.1941776241510483e-05,-1,-1
12022,11,1.1941776241510483e-05,-1,-1
3748,11,1.1941776241510483e-05,-1,-1
14083,11,1.1941776241510483e-05,-1,-1
14844,10,1.0856160219554984e-05,-1,-1
5388,10,1.0856160219554984e-05,-1,-1
12028,9,9.770544197599486e-06,-1,-1
11548,9,9.770544197599486e-06,-1,-1
14422,9,9.770544197599486e-06,-1,-1
10030,6,6.513696131732991e-06,-1,-1
14756,4,4.342464087821994e-06,-1,-1
