item_id,paired_id
0,0
1,8446
2,2
3,8577
4,4
5,5
6,11433
7,7
8,3377
9,9
10,11629
11,13736
12,14425
13,11474
14,14
15,15
16,16
17,651
18,9864
19,19
20,11499
21,21
22,22
23,3487
24,24
25,12333
26,26
27,14462
28,10656
29,11630
30,14840
31,13440
32,32
33,10198
34,9999
35,35
36,36
37,16094
38,8446
39,14453
40,8446
41,41
42,12719
43,3139
44,2588
45,45
46,46
47,47
48,48
49,49
50,12347
51,15116
52,52
53,9465
54,54
55,55
56,56
57,2737
58,13959
59,11210
60,60
61,15543
62,15279
63,63
64,12205
65,8802
66,13440
67,12589
68,15135
69,3178
70,9037
71,2754
72,72
73,16146
74,74
75,14825
76,9311
77,77
78,78
79,11833
80,6391
81,81
82,706
83,14269
84,7304
85,8456
86,14272
87,87
88,88
89,14821
90,15831
91,91
92,176
93,13901
94,15526
95,7699
96,96
97,16230
98,8064
99,14177
100,100
101,9937
102,5421
103,3786
104,12151
105,105
106,10958
107,15879
108,256
109,4749
110,2862
111,13606
112,16189
113,176
114,14154
115,152
116,116
117,14154
118,116
119,12845
120,12259
121,11841
122,122
123,123
124,124
125,256
126,126
127,127
128,128
129,129
130,9134
131,6369
132,12383
133,15187
134,9223
135,135
136,12151
137,13493
138,138
139,6288
140,140
141,662
142,12383
143,143
144,144
145,145
146,15279
147,12261
148,3914
149,149
150,150
151,151
152,152
153,13701
154,12999
155,15771
156,156
157,12383
158,16078
159,13601
160,160
161,13491
162,14504
163,1688
164,116
165,165
166,166
167,8720
168,168
169,169
170,12149
171,6784
172,3987
173,3691
174,11949
175,15879
176,176
177,12383
178,178
179,16078
180,180
181,176
182,13035
183,169
184,15000
185,424
186,1688
187,3782
188,15927
189,15727
190,15747
191,3914
192,13830
193,12999
194,6784
195,15309
196,9083
197,662
198,11857
199,11719
200,7227
201,4643
202,15349
203,14159
204,1612
205,15916
206,12502
207,12502
208,1728
209,12883
210,210
211,11752
212,14087
213,14174
214,11521
215,13210
216,16162
217,13879
218,218
219,8101
220,12151
221,221
222,13678
223,6693
224,15136
225,9336
226,12137
227,10956
228,13873
229,11900
230,16206
231,1311
232,14490
233,5552
234,11710
235,16206
236,5083
237,15279
238,11710
239,6784
240,8948
241,116
242,10956
243,15934
244,15934
245,245
246,11904
247,8064
248,11931
249,8064
250,9157
251,6544
252,252
253,11109
254,15771
255,15451
256,256
257,7237
258,15778
259,9634
260,16068
261,261
262,16084
263,4532
264,14175
265,9937
266,9159
267,7031
268,10955
269,12502
270,662
271,4044
272,13099
273,15501
274,10956
275,15279
276,14016
277,6693
278,12997
279,14087
280,16069
281,5588
282,10017
283,15865
284,11290
285,12200
286,12902
287,14159
288,10767
289,1710
290,11245
291,8101
292,15279
293,11810
294,15279
295,5552
296,13159
297,8093
298,11290
299,1311
300,8101
301,301
302,15279
303,303
304,15649
305,11290
306,12200
307,307
308,2873
309,7831
310,310
311,3099
312,11343
313,6126
314,15852
315,11351
316,11351
317,866
318,318
319,4532
320,13891
321,3016
322,4926
323,12200
324,11336
325,9170
326,7393
327,5430
328,11290
329,11782
330,9929
331,3117
332,332
333,11949
334,11944
335,15934
336,8264
337,11351
338,11949
339,339
340,14058
341,5472
342,9917
343,6606
344,344
345,575
346,346
347,15809
348,15809
349,349
350,11130
351,15537
352,1166
353,4222
354,551
355,13405
356,15069
357,13230
358,358
359,359
360,11668
361,367
362,1166
363,1166
364,15885
365,365
366,8110
367,367
368,1166
369,369
370,4585
371,1166
372,10458
373,1154
374,390
375,15885
376,12780
377,10234
378,378
379,379
380,367
381,3050
382,367
383,14014
384,7142
385,390
386,367
387,1166
388,388
389,5245
390,390
391,391
392,5588
393,12992
394,4798
395,12108
396,13173
397,5234
398,6613
399,12662
400,400
401,6619
402,1166
403,11751
404,358
405,12780
406,390
407,4792
408,9634
409,12623
410,7426
411,2787
412,662
413,413
414,414
415,14351
416,416
417,12623
418,418
419,9634
420,416
421,9634
422,12623
423,15633
424,424
425,11649
426,426
427,427
428,428
429,2858
430,12623
431,431
432,432
433,12887
434,12623
435,8034
436,436
437,4621
438,438
439,5295
440,14578
441,441
442,14156
443,8968
444,14896
445,5579
446,1166
447,14896
448,8476
449,8858
450,16069
451,6926
452,452
453,2460
454,8898
455,13221
456,456
457,3300
458,10107
459,7445
460,15924
461,14520
462,10458
463,15739
464,5308
465,13673
466,2181
467,10762
468,10234
469,6928
470,10984
471,11246
472,14896
473,9410
474,14156
475,5542
476,14551
477,11226
478,16069
479,12849
480,13207
481,13349
482,10234
483,13373
484,13170
485,485
486,8968
487,11960
488,15279
489,15675
490,6190
491,8694
492,15058
493,493
494,494
495,13758
496,496
497,3300
498,15885
499,14541
500,500
501,2418
502,5579
503,9192
504,14893
505,505
506,16069
507,14301
508,13349
509,16009
510,14896
511,14551
512,14578
513,16069
514,5271
515,15670
516,516
517,14541
518,10234
519,519
520,9410
521,11275
522,10125
523,15347
524,5542
525,15071
526,15885
527,15675
528,11302
529,8027
530,530
531,2428
532,13311
533,533
534,534
535,1166
536,536
537,14893
538,14156
539,15071
540,560
541,14896
542,8694
543,5542
544,544
545,390
546,15675
547,547
548,6926
549,13485
550,14850
551,551
552,13485
553,10234
554,1166
555,5245
556,7287
557,14551
558,13207
559,7900
560,560
561,7668
562,13226
563,14896
564,13373
565,11289
566,11226
567,13979
568,568
569,14520
570,7445
571,5115
572,15071
573,13220
574,14280
575,575
576,16144
577,12629
578,578
579,575
580,15159
581,15483
582,13172
583,12784
584,584
585,5579
586,13255
587,13656
588,588
589,1166
590,7900
591,14915
592,5542
593,4581
594,13189
595,13349
596,596
597,10765
598,13311
599,599
600,2200
601,15924
602,5127
603,8511
604,8217
605,13220
606,5295
607,6606
608,7658
609,496
610,12179
611,4222
612,7654
613,13485
614,13335
615,13295
616,616
617,617
618,15256
619,8823
620,620
621,651
622,14840
623,15586
624,12542
625,625
626,626
627,12589
628,628
629,5012
630,630
631,625
632,10534
633,633
634,5013
635,8802
636,10705
637,654
638,9465
639,639
640,640
641,641
642,642
643,5624
644,8566
645,651
646,2754
647,647
648,648
649,649
650,650
651,651
652,15832
653,15822
654,654
655,655
656,7293
657,657
658,5618
659,10628
660,11474
661,661
662,662
663,6544
664,3914
665,13186
666,6596
667,667
668,13549
669,669
670,14087
671,671
672,3024
673,8720
674,8089
675,12502
676,8468
677,8776
678,678
679,8064
680,10460
681,4705
682,11931
683,14154
684,10836
685,685
686,9336
687,15772
688,12502
689,10952
690,8776
691,11915
692,15680
693,6784
694,8064
695,13678
696,11929
697,11841
698,12036
699,6731
700,14666
701,5223
702,702
703,703
704,8751
705,651
706,706
707,707
708,708
709,709
710,8496
711,711
712,4952
713,713
714,714
715,14299
716,12589
717,14724
718,718
719,10534
720,720
721,10534
722,722
723,15459
724,724
725,13029
726,8802
727,15459
728,728
729,729
730,1924
731,1924
732,3560
733,15006
734,734
735,6473
736,15858
737,737
738,738
739,739
740,14042
741,8577
742,15746
743,743
744,744
745,745
746,746
747,747
748,748
749,15480
750,750
751,748
752,752
753,7292
754,754
755,10665
756,14010
757,15728
758,9465
759,9996
760,5529
761,761
762,3554
763,14730
764,8391
765,765
766,6473
767,14889
768,3487
769,9779
770,770
771,9066
772,772
773,773
774,15566
775,775
776,776
777,15518
778,4
779,3145
780,13957
781,7517
782,782
783,4183
784,801
785,785
786,786
787,8912
788,788
789,806
790,14444
791,2224
792,792
793,14446
794,794
795,795
796,15319
797,806
798,6602
799,799
800,800
801,801
802,806
803,803
804,2230
805,806
806,806
807,807
808,808
809,11173
810,7237
811,6048
812,812
813,859
814,814
815,3532
816,816
817,817
818,7237
819,5552
820,3914
821,12383
822,176
823,12845
824,824
825,6768
826,176
827,11173
828,866
829,12383
830,8089
831,15279
832,14707
833,859
834,13659
835,10968
836,836
837,7046
838,11010
839,839
840,840
841,1256
842,5793
843,8295
844,13606
845,12013
846,9162
847,11074
848,7417
849,11810
850,850
851,13841
852,176
853,256
854,9336
855,12383
856,898
857,11069
858,1684
859,859
860,1219
861,12139
862,5223
863,863
864,6784
865,12383
866,866
867,12752
868,7237
869,869
870,16186
871,13082
872,11904
873,4742
874,9937
875,11343
876,876
877,13035
878,878
879,1237
880,13830
881,11173
882,8201
883,883
884,11074
885,885
886,160
887,15792
888,10843
889,889
890,12502
891,1414
892,9599
893,8064
894,10956
895,13830
896,14016
897,15427
898,898
899,11810
900,11929
901,7701
902,859
903,105
904,904
905,14963
906,906
907,14818
908,6699
909,9634
910,15885
911,12784
912,912
913,16250
914,8694
915,13221
916,14211
917,8021
918,13922
919,4949
920,9410
921,1509
922,9192
923,5233
924,924
925,14254
926,926
927,14220
928,10123
929,929
930,930
931,13946
932,2197
933,6942
934,14212
935,15159
936,10765
937,519
938,14734
939,10734
940,12920
941,941
942,1157
943,943
944,6928
945,8998
946,13903
947,13011
948,2428
949,949
950,8694
951,3027
952,6606
953,15049
954,8857
955,14180
956,956
957,924
958,14505
959,959
960,4581
961,14551
962,8888
963,963
964,956
965,4253
966,4819
967,10366
968,12784
969,4949
970,9685
971,15321
972,10361
973,15420
974,15157
975,975
976,4310
977,9410
978,1869
979,979
980,7658
981,981
982,16203
983,10447
984,981
985,985
986,1807
987,9703
988,13233
989,989
990,990
991,14897
992,14165
993,2662
994,6712
995,16054
996,996
997,10180
998,998
999,10155
1000,10609
1001,1001
1002,1144
1003,12032
1004,12562
1005,1143
1006,10180
1007,1023
1008,996
1009,10180
1010,15091
1011,1011
1012,1012
1013,1013
1014,1014
1015,1053
1016,15914
1017,1077
1018,14500
1019,1098
1020,13972
1021,10684
1022,9769
1023,1023
1024,10686
1025,10166
1026,7201
1027,15760
1028,9711
1029,1029
1030,1076
1031,13815
1032,10180
1033,1963
1034,1076
1035,1035
1036,1036
1037,9772
1038,1053
1039,1143
1040,1040
1041,15091
1042,15091
1043,1043
1044,5753
1045,1076
1046,1053
1047,9798
1048,9764
1049,15736
1050,1077
1051,10472
1052,6712
1053,1053
1054,10180
1055,13506
1056,7800
1057,13972
1058,1058
1059,1059
1060,1053
1061,15219
1062,10166
1063,1063
1064,1011
1065,2038
1066,1066
1067,1067
1068,1068
1069,10180
1070,9769
1071,1071
1072,1949
1073,9767
1074,1548
1075,15091
1076,1076
1077,1077
1078,1078
1079,1079
1080,12196
1081,10180
1082,10256
1083,1077
1084,9769
1085,1076
1086,10180
1087,1838
1088,1088
1089,1089
1090,1079
1091,1091
1092,9772
1093,14082
1094,9798
1095,1076
1096,10167
1097,1833
1098,1098
1099,1099
1100,15703
1101,6712
1102,5762
1103,1103
1104,9791
1105,10684
1106,9439
1107,12678
1108,1023
1109,16152
1110,1543
1111,1111
1112,1099
1113,15760
1114,12564
1115,14148
1116,12805
1117,12566
1118,1118
1119,16045
1120,1023
1121,6712
1122,2068
1123,12564
1124,1124
1125,1125
1126,1126
1127,13972
1128,3203
1129,5762
1130,5762
1131,8535
1132,1077
1133,15914
1134,1558
1135,1077
1136,10180
1137,10240
1138,1138
1139,15914
1140,1053
1141,10180
1142,1067
1143,1143
1144,1144
1145,390
1146,15153
1147,13221
1148,1148
1149,1166
1150,1150
1151,1151
1152,14180
1153,16069
1154,1154
1155,4775
1156,14850
1157,1157
1158,12035
1159,1166
1160,15207
1161,7664
1162,14156
1163,10765
1164,16069
1165,1165
1166,1166
1167,1154
1168,7658
1169,1169
1170,9584
1171,1166
1172,15071
1173,15211
1174,1166
1175,12035
1176,8147
1177,15341
1178,1684
1179,15876
1180,15029
1181,14608
1182,1226
1183,1183
1184,14793
1185,12383
1186,14972
1187,15442
1188,1237
1189,1237
1190,1237
1191,11027
1192,15029
1193,6596
1194,1219
1195,1195
1196,3773
1197,9036
1198,15451
1199,11918
1200,7046
1201,1226
1202,176
1203,13282
1204,6596
1205,1205
1206,1206
1207,4634
1208,8776
1209,8093
1210,12502
1211,1237
1212,16236
1213,13550
1214,1214
1215,11742
1216,15959
1217,9937
1218,16206
1219,1219
1220,10894
1221,1237
1222,7081
1223,7624
1224,1224
1225,14016
1226,1226
1227,1227
1228,9131
1229,15029
1230,16206
1231,14972
1232,4288
1233,13841
1234,6349
1235,6596
1236,15576
1237,1237
1238,11894
1239,8776
1240,14818
1241,3372
1242,3914
1243,1243
1244,6596
1245,1206
1246,12502
1247,1243
1248,11216
1249,1249
1250,15268
1251,6596
1252,16068
1253,15268
1254,12473
1255,1255
1256,1256
1257,15029
1258,12139
1259,1684
1260,12013
1261,1261
1262,15341
1263,15341
1264,2015
1265,1265
1266,1314
1267,1290
1268,1268
1269,1269
1270,9937
1271,13658
1272,10017
1273,9937
1274,12383
1275,5206
1276,15001
1277,7933
1278,15680
1279,9223
1280,15784
1281,176
1282,5069
1283,10956
1284,12752
1285,1219
1286,12151
1287,4742
1288,11649
1289,662
1290,1290
1291,15279
1292,1292
1293,5206
1294,2951
1295,16206
1296,12752
1297,5206
1298,1298
1299,11918
1300,1304
1301,5206
1302,5083
1303,14851
1304,1304
1305,15015
1306,889
1307,8776
1308,16206
1309,1313
1310,6596
1311,1311
1312,1312
1313,1313
1314,1314
1315,8720
1316,5223
1317,1317
1318,12139
1319,5206
1320,9223
1321,1321
1322,5069
1323,1323
1324,9937
1325,9745
1326,6636
1327,1327
1328,15784
1329,11710
1330,5862
1331,1331
1332,12261
1333,1333
1334,9634
1335,6158
1336,2015
1337,1337
1338,16206
1339,9726
1340,15341
1341,1341
1342,11918
1343,11649
1344,1344
1345,9221
1346,9937
1347,1290
1348,3914
1349,13830
1350,6597
1351,1351
1352,1313
1353,1353
1354,14201
1355,859
1356,3099
1357,5213
1358,6074
1359,5069
1360,7094
1361,14972
1362,9937
1363,13891
1364,12383
1365,1365
1366,5069
1367,12383
1368,15190
1369,14016
1370,5069
1371,6754
1372,14817
1373,1373
1374,1374
1375,13830
1376,9978
1377,8720
1378,1378
1379,2015
1380,1380
1381,15223
1382,15190
1383,9036
1384,1384
1385,1385
1386,11710
1387,13601
1388,1388
1389,14654
1390,16206
1391,116
1392,14972
1393,15029
1394,9726
1395,12383
1396,1396
1397,9724
1398,866
1399,1399
1400,4532
1401,7237
1402,14972
1403,14972
1404,1226
1405,14818
1406,5083
1407,2787
1408,14927
1409,10956
1410,859
1411,9978
1412,7426
1413,116
1414,1414
1415,1237
1416,1416
1417,15609
1418,1418
1419,1419
1420,12020
1421,1421
1422,8920
1423,10581
1424,11446
1425,1425
1426,1426
1427,2460
1428,1428
1429,1429
1430,1430
1431,9953
1432,11310
1433,1433
1434,1434
1435,15111
1436,12291
1437,1437
1438,1438
1439,15430
1440,1440
1441,15188
1442,14750
1443,9953
1444,15289
1445,1445
1446,12432
1447,15609
1448,1448
1449,1449
1450,12996
1451,12432
1452,3418
1453,12997
1454,7738
1455,14684
1456,14014
1457,1457
1458,11639
1459,1459
1460,14181
1461,1461
1462,14684
1463,1463
1464,15885
1465,3825
1466,9929
1467,14940
1468,14684
1469,1469
1470,12252
1471,1471
1472,9929
1473,15970
1474,13756
1475,12252
1476,1476
1477,15601
1478,10522
1479,12132
1480,2200
1481,7655
1482,12126
1483,11245
1484,4581
1485,11639
1486,6202
1487,11639
1488,15601
1489,1476
1490,1490
1491,1490
1492,1492
1493,12132
1494,5285
1495,1495
1496,15569
1497,2282
1498,13666
1499,1499
1500,10774
1501,1501
1502,1502
1503,15677
1504,1504
1505,1505
1506,14612
1507,14494
1508,1508
1509,1509
1510,14505
1511,1511
1512,5890
1513,1513
1514,1524
1515,15185
1516,13520
1517,9327
1518,15823
1519,1519
1520,1509
1521,10774
1522,14505
1523,1523
1524,1524
1525,1509
1526,1526
1527,11222
1528,1528
1529,1529
1530,14227
1531,14305
1532,12417
1533,14494
1534,7595
1535,5388
1536,13231
1537,1537
1538,10243
1539,1539
1540,1954
1541,1541
1542,3203
1543,1543
1544,9813
1545,10180
1546,13906
1547,1547
1548,1548
1549,14500
1550,12801
1551,1547
1552,13501
1553,1947
1554,15847
1555,1555
1556,1556
1557,6908
1558,1558
1559,1559
1560,15847
1561,11046
1562,14500
1563,9207
1564,10159
1565,3203
1566,12562
1567,1556
1568,1077
1569,10180
1570,3203
1571,12196
1572,10167
1573,10180
1574,1574
1575,1575
1576,1576
1577,6146
1578,1578
1579,13006
1580,13190
1581,12940
1582,12931
1583,15156
1584,14254
1585,8998
1586,1586
1587,13206
1588,10984
1589,8021
1590,9758
1591,390
1592,1592
1593,16136
1594,1594
1595,10613
1596,13377
1597,11061
1598,11031
1599,11056
1600,2787
1601,7031
1602,7237
1603,15342
1604,5766
1605,4732
1606,9157
1607,9157
1608,1626
1609,13678
1610,7031
1611,16122
1612,1612
1613,1613
1614,1614
1615,15771
1616,9978
1617,15001
1618,11918
1619,14154
1620,1620
1621,4532
1622,4316
1623,1623
1624,15916
1625,13841
1626,1626
1627,1627
1628,5969
1629,15176
1630,11357
1631,15536
1632,9659
1633,9659
1634,1634
1635,9755
1636,14541
1637,1637
1638,1638
1639,1638
1640,1166
1641,6220
1642,1166
1643,15881
1644,1166
1645,4920
1646,1646
1647,6220
1648,7445
1649,6257
1650,14434
1651,14986
1652,9659
1653,6619
1654,1654
1655,8106
1656,15833
1657,14181
1658,14141
1659,7900
1660,12961
1661,7900
1662,7647
1663,15717
1664,3977
1665,7900
1666,7900
1667,4372
1668,11347
1669,1679
1670,12961
1671,11639
1672,1672
1673,5134
1674,8147
1675,2428
1676,1676
1677,2951
1678,10034
1679,1679
1680,12961
1681,4372
1682,4818
1683,6083
1684,1684
1685,1685
1686,149
1687,1687
1688,1688
1689,1689
1690,13377
1691,7232
1692,12036
1693,12147
1694,10894
1695,15934
1696,1696
1697,13840
1698,1698
1699,12145
1700,12261
1701,4311
1702,1688
1703,16189
1704,13795
1705,6083
1706,1688
1707,2282
1708,1708
1709,1709
1710,1710
1711,12036
1712,8542
1713,10180
1714,12678
1715,1715
1716,9813
1717,15228
1718,6990
1719,8542
1720,1848
1721,9798
1722,15760
1723,1723
1724,1724
1725,8123
1726,6619
1727,2924
1728,1728
1729,1729
1730,1730
1731,15601
1732,8123
1733,8161
1734,8172
1735,15159
1736,11787
1737,5552
1738,8101
1739,13758
1740,12780
1741,4991
1742,13390
1743,15173
1744,15939
1745,7258
1746,14253
1747,11669
1748,13311
1749,8123
1750,1750
1751,14875
1752,1786
1753,11960
1754,1754
1755,12780
1756,15949
1757,5472
1758,15159
1759,11657
1760,12961
1761,13197
1762,14623
1763,12961
1764,9170
1765,1765
1766,1766
1767,14254
1768,9193
1769,1769
1770,15670
1771,8123
1772,7287
1773,11657
1774,15070
1775,5472
1776,1776
1777,560
1778,1779
1779,1779
1780,13433
1781,1781
1782,14875
1783,15321
1784,12419
1785,2342
1786,1786
1787,6146
1788,14220
1789,11669
1790,14014
1791,13550
1792,10728
1793,12740
1794,13461
1795,1795
1796,10728
1797,15876
1798,6009
1799,1799
1800,15670
1801,15207
1802,1802
1803,4976
1804,15670
1805,14897
1806,15217
1807,1807
1808,13172
1809,13374
1810,1810
1811,1811
1812,16074
1813,15423
1814,15601
1815,7287
1816,4372
1817,13758
1818,13390
1819,1819
1820,8123
1821,13221
1822,14494
1823,15649
1824,15070
1825,11852
1826,16203
1827,5533
1828,15670
1829,11852
1830,9193
1831,13361
1832,11728
1833,1833
1834,1834
1835,7802
1836,11561
1837,6988
1838,1838
1839,1839
1840,10180
1841,1841
1842,10180
1843,1843
1844,1844
1845,7198
1846,8978
1847,1144
1848,1848
1849,6721
1850,10678
1851,1851
1852,1852
1853,1853
1854,1854
1855,7589
1856,7287
1857,1857
1858,14495
1859,13848
1860,6728
1861,14254
1862,15156
1863,519
1864,2675
1865,5793
1866,1866
1867,5447
1868,1868
1869,1869
1870,8024
1871,1871
1872,8027
1873,1509
1874,14505
1875,1875
1876,2181
1877,1877
1878,16009
1879,1879
1880,1880
1881,720
1882,1882
1883,8502
1884,13580
1885,1885
1886,1886
1887,11629
1888,1888
1889,11436
1890,14763
1891,14721
1892,1892
1893,14010
1894,1894
1895,1895
1896,1896
1897,8577
1898,1898
1899,12540
1900,5719
1901,1901
1902,12613
1903,1903
1904,13861
1905,15131
1906,1906
1907,13766
1908,10534
1909,8807
1910,1910
1911,1911
1912,10534
1913,9357
1914,9511
1915,1915
1916,1916
1917,15135
1918,1918
1919,3135
1920,1920
1921,15288
1922,14010
1923,15353
1924,1924
1925,14010
1926,9357
1927,9465
1928,15487
1929,15533
1930,1076
1931,11046
1932,1932
1933,1933
1934,10609
1935,7795
1936,11561
1937,11046
1938,8975
1939,6712
1940,2662
1941,1941
1942,13506
1943,12562
1944,3203
1945,12801
1946,10997
1947,1947
1948,10164
1949,1949
1950,1950
1951,15703
1952,1952
1953,8542
1954,1954
1955,1955
1956,2047
1957,1559
1958,5758
1959,1959
1960,15703
1961,1961
1962,1962
1963,1963
1964,9719
1965,1965
1966,1965
1967,1967
1968,11251
1969,13971
1970,6791
1971,15279
1972,15279
1973,6768
1974,1974
1975,1975
1976,7081
1977,1977
1978,256
1979,4044
1980,1985
1981,6693
1982,14159
1983,14365
1984,10029
1985,1985
1986,3030
1987,15501
1988,10956
1989,16200
1990,7922
1991,16060
1992,5285
1993,16200
1994,8101
1995,15724
1996,1269
1997,11173
1998,1998
1999,15926
2000,2015
2001,8720
2002,12383
2003,7701
2004,2004
2005,5083
2006,14952
2007,9978
2008,9726
2009,2009
2010,12261
2011,8720
2012,2012
2013,6369
2014,9634
2015,2015
2016,2016
2017,116
2018,2018
2019,7933
2020,8720
2021,2021
2022,10609
2023,12562
2024,12032
2025,2025
2026,15703
2027,12801
2028,15410
2029,9777
2030,1011
2031,13506
2032,2032
2033,14058
2034,2034
2035,2038
2036,9813
2037,14058
2038,2038
2039,2039
2040,1965
2041,12028
2042,10180
2043,7904
2044,1125
2045,2045
2046,2046
2047,2047
2048,10609
2049,2049
2050,9439
2051,2051
2052,11559
2053,2053
2054,10974
2055,2055
2056,2056
2057,15767
2058,2058
2059,6908
2060,2060
2061,1053
2062,15760
2063,1076
2064,7913
2065,2065
2066,6192
2067,2067
2068,2068
2069,9769
2070,2070
2071,2071
2072,16086
2073,2073
2074,9207
2075,14603
2076,2076
2077,1063
2078,10688
2079,10603
2080,2080
2081,2081
2082,2082
2083,10180
2084,2084
2085,2085
2086,1963
2087,13016
2088,2088
2089,7620
2090,2947
2091,10513
2092,3914
2093,15029
2094,12845
2095,10894
2096,1237
2097,15633
2098,4687
2099,9937
2100,15029
2101,14732
2102,12151
2103,1237
2104,1237
2105,15680
2106,7699
2107,3914
2108,13053
2109,15029
2110,3914
2111,12259
2112,9937
2113,15029
2114,3914
2115,7031
2116,7976
2117,11387
2118,9833
2119,8891
2120,11787
2121,15885
2122,12784
2123,14957
2124,14181
2125,10759
2126,7900
2127,2127
2128,15173
2129,2129
2130,9571
2131,7144
2132,11728
2133,1985
2134,15374
2135,8518
2136,12849
2137,1985
2138,11728
2139,2139
2140,6693
2141,6606
2142,2142
2143,15279
2144,9584
2145,5285
2146,2146
2147,16011
2148,14494
2149,390
2150,5885
2151,14505
2152,13326
2153,14471
2154,3300
2155,11751
2156,14931
2157,127
2158,11669
2159,11467
2160,2160
2161,2161
2162,2162
2163,8180
2164,9623
2165,7658
2166,16181
2167,11728
2168,7445
2169,14505
2170,5444
2171,2171
2172,7214
2173,2173
2174,5245
2175,10507
2176,9128
2177,7952
2178,15949
2179,15865
2180,8859
2181,2181
2182,14436
2183,11388
2184,2184
2185,367
2186,8894
2187,7658
2188,2188
2189,2189
2190,9410
2191,2191
2192,5308
2193,6942
2194,4581
2195,6108
2196,16203
2197,2197
2198,13218
2199,13405
2200,2200
2201,4621
2202,13390
2203,1166
2204,8476
2205,1166
2206,1524
2207,8123
2208,11852
2209,2209
2210,15925
2211,2211
2212,15180
2213,14997
2214,2214
2215,8913
2216,806
2217,2217
2218,2218
2219,2219
2220,2220
2221,2221
2222,15180
2223,2223
2224,2224
2225,2225
2226,9124
2227,2227
2228,4178
2229,7320
2230,2230
2231,2231
2232,806
2233,12041
2234,2234
2235,2235
2236,2236
2237,14444
2238,16116
2239,2239
2240,806
2241,2241
2242,2242
2243,3133
2244,7055
2245,7581
2246,7534
2247,9730
2248,13261
2249,7534
2250,2250
2251,12374
2252,2252
2253,2253
2254,7534
2255,2255
2256,2259
2257,9262
2258,2258
2259,2259
2260,2260
2261,2261
2262,2262
2263,2263
2264,12392
2265,14446
2266,2267
2267,2267
2268,15970
2269,14972
2270,10956
2271,2271
2272,16069
2273,2273
2274,15279
2275,13383
2276,8909
2277,8064
2278,5552
2279,10398
2280,1154
2281,8856
2282,2282
2283,2283
2284,15576
2285,96
2286,11362
2287,6731
2288,5588
2289,15279
2290,2290
2291,2291
2292,4934
2293,2293
2294,11362
2295,14972
2296,7705
2297,2297
2298,15175
2299,11335
2300,14972
2301,2301
2302,6046
2303,2303
2304,6606
2305,16009
2306,2306
2307,14478
2308,2308
2309,14505
2310,2310
2311,2311
2312,2342
2313,15173
2314,2314
2315,14007
2316,6036
2317,2317
2318,1524
2319,16009
2320,12493
2321,12503
2322,9584
2323,7976
2324,2324
2325,6036
2326,14737
2327,2327
2328,16009
2329,14902
2330,4949
2331,15537
2332,2332
2333,2333
2334,16009
2335,14505
2336,2336
2337,5245
2338,7930
2339,15804
2340,15990
2341,14495
2342,2342
2343,2343
2344,10774
2345,16009
2346,6608
2347,7595
2348,16009
2349,13728
2350,11190
2351,2351
2352,9581
2353,2353
2354,1511
2355,9047
2356,2356
2357,367
2358,2358
2359,10507
2360,14541
2361,4785
2362,4949
2363,12153
2364,9659
2365,15217
2366,13218
2367,2367
2368,9569
2369,2369
2370,8193
2371,11130
2372,16203
2373,11333
2374,2374
2375,1166
2376,12824
2377,10479
2378,2428
2379,7279
2380,2380
2381,11190
2382,14541
2383,6619
2384,15882
2385,15917
2386,10731
2387,2387
2388,14541
2389,15138
2390,13171
2391,14212
2392,5095
2393,575
2394,2394
2395,11190
2396,12780
2397,1166
2398,12035
2399,6619
2400,2400
2401,8153
2402,10732
2403,10109
2404,4976
2405,4819
2406,9901
2407,2407
2408,15834
2409,1509
2410,15071
2411,2428
2412,6619
2413,2413
2414,14212
2415,10030
2416,13546
2417,10125
2418,2418
2419,12513
2420,15739
2421,13221
2422,10030
2423,15917
2424,12961
2425,15071
2426,2426
2427,4614
2428,2428
2429,14793
2430,13230
2431,14181
2432,2428
2433,981
2434,2434
2435,15347
2436,10226
2437,2428
2438,10334
2439,10030
2440,2440
2441,2441
2442,12435
2443,2479
2444,2444
2445,14368
2446,2446
2447,2479
2448,9953
2449,2449
2450,12407
2451,16169
2452,2452
2453,2453
2454,15609
2455,11310
2456,2444
2457,15505
2458,6963
2459,2459
2460,2460
2461,12407
2462,2462
2463,2463
2464,7187
2465,16169
2466,2466
2467,14660
2468,2468
2469,2469
2470,7187
2471,16169
2472,2472
2473,6963
2474,11567
2475,14756
2476,9955
2477,2518
2478,2460
2479,2479
2480,11309
2481,13136
2482,2482
2483,10581
2484,14756
2485,11443
2486,2486
2487,6963
2488,2488
2489,11151
2490,14756
2491,2479
2492,2492
2493,11661
2494,16169
2495,2479
2496,6963
2497,2479
2498,16169
2499,2479
2500,2500
2501,2501
2502,12374
2503,7186
2504,2504
2505,2505
2506,8956
2507,15620
2508,15609
2509,12635
2510,2479
2511,12292
2512,14988
2513,2513
2514,6400
2515,2515
2516,2516
2517,14744
2518,2518
2519,14181
2520,3159
2521,15221
2522,2522
2523,3003
2524,15601
2525,14957
2526,2526
2527,7070
2528,11751
2529,9749
2530,3003
2531,5308
2532,2532
2533,11979
2534,10984
2535,8518
2536,2536
2537,2537
2538,9759
2539,2539
2540,7240
2541,13443
2542,13313
2543,2543
2544,15601
2545,2545
2546,14957
2547,10107
2548,4842
2549,2549
2550,11751
2551,13809
2552,3825
2553,6220
2554,12132
2555,2555
2556,15069
2557,15126
2558,15176
2559,8147
2560,15601
2561,10130
2562,12108
2563,2931
2564,2564
2565,14957
2566,9929
2567,6198
2568,13485
2569,14957
2570,13809
2571,2571
2572,2572
2573,2579
2574,2609
2575,2579
2576,2579
2577,2577
2578,2578
2579,2579
2580,2580
2581,14290
2582,14269
2583,2579
2584,2579
2585,15296
2586,8644
2587,15393
2588,2588
2589,9313
2590,15858
2591,7723
2592,10665
2593,2602
2594,2594
2595,2595
2596,2596
2597,2597
2598,2598
2599,2599
2600,6316
2601,3560
2602,2602
2603,2603
2604,6596
2605,9513
2606,7488
2607,8583
2608,6984
2609,2609
2610,4
2611,9494
2612,8592
2613,3569
2614,2744
2615,2609
2616,10201
2617,2579
2618,11609
2619,5359
2620,11661
2621,2479
2622,2622
2623,12291
2624,13636
2625,13656
2626,12457
2627,2627
2628,15515
2629,2629
2630,3445
2631,15519
2632,16169
2633,11976
2634,2634
2635,13636
2636,11661
2637,2460
2638,2479
2639,14660
2640,2479
2641,15494
2642,2642
2643,11187
2644,11661
2645,14368
2646,4696
2647,4044
2648,5552
2649,1476
2650,5552
2651,10017
2652,15792
2653,16200
2654,10029
2655,11335
2656,16200
2657,4044
2658,2658
2659,9803
2660,15779
2661,2661
2662,2662
2663,1509
2664,4776
2665,14494
2666,2666
2667,10329
2668,11222
2669,8217
2670,15184
2671,10479
2672,2672
2673,9562
2674,15144
2675,2675
2676,7445
2677,2677
2678,2678
2679,8836
2680,5388
2681,1524
2682,4581
2683,1519
2684,1524
2685,6036
2686,15185
2687,15153
2688,2688
2689,2689
2690,2690
2691,1509
2692,14513
2693,2693
2694,2209
2695,6172
2696,13295
2697,12314
2698,13477
2699,13385
2700,13477
2701,9087
2702,8349
2703,2703
2704,12067
2705,15715
2706,2706
2707,9313
2708,9288
2709,14696
2710,12717
2711,14889
2712,3572
2713,13477
2714,8456
2715,8583
2716,2716
2717,10534
2718,12723
2719,10905
2720,14651
2721,14651
2722,12067
2723,11548
2724,2602
2725,11519
2726,720
2727,2727
2728,2728
2729,3560
2730,2737
2731,6024
2732,720
2733,15748
2734,10547
2735,10534
2736,9291
2737,2737
2738,14104
2739,14765
2740,2740
2741,10534
2742,720
2743,16094
2744,2744
2745,15868
2746,13029
2747,2747
2748,3178
2749,15467
2750,2750
2751,10909
2752,14042
2753,2753
2754,2754
2755,15127
2756,14525
2757,2757
2758,2758
2759,15207
2760,11751
2761,2761
2762,2762
2763,7900
2764,2764
2765,12108
2766,9929
2767,12108
2768,2757
2769,2769
2770,2770
2771,10130
2772,15207
2773,12179
2774,3825
2775,1226
2776,12231
2777,1053
2778,1373
2779,10017
2780,9727
2781,8093
2782,1838
2783,11154
2784,13550
2785,14351
2786,2786
2787,2787
2788,15576
2789,1219
2790,11904
2791,11649
2792,13712
2793,1333
2794,4167
2795,5472
2796,15253
2797,16078
2798,16206
2799,5213
2800,4434
2801,5885
2802,1269
2803,12623
2804,16136
2805,14927
2806,11710
2807,2807
2808,13601
2809,16206
2810,5552
2811,2811
2812,15926
2813,6158
2814,2814
2815,13000
2816,10968
2817,15451
2818,16206
2819,7310
2820,16078
2821,116
2822,15611
2823,8720
2824,7417
2825,14608
2826,16124
2827,12036
2828,2828
2829,16206
2830,15799
2831,13841
2832,4324
2833,4434
2834,6636
2835,5083
2836,4415
2837,14036
2838,16012
2839,15451
2840,10234
2841,4742
2842,2842
2843,10098
2844,7227
2845,9336
2846,15237
2847,14950
2848,13840
2849,15341
2850,9917
2851,10956
2852,2852
2853,662
2854,11946
2855,2855
2856,6639
2857,11756
2858,2858
2859,15001
2860,9634
2861,15001
2862,2862
2863,7623
2864,11216
2865,11710
2866,9978
2867,14851
2868,9634
2869,2869
2870,14148
2871,2871
2872,6712
2873,2873
2874,2873
2875,2875
2876,1053
2877,2877
2878,2878
2879,9808
2880,14254
2881,13526
2882,12155
2883,15537
2884,13758
2885,14220
2886,10650
2887,5271
2888,12940
2889,14897
2890,14301
2891,15917
2892,6728
2893,13207
2894,10107
2895,2895
2896,11751
2897,16044
2898,1154
2899,3004
2900,15787
2901,8123
2902,9653
2903,15336
2904,1781
2905,12961
2906,4572
2907,4569
2908,2908
2909,15721
2910,9569
2911,9041
2912,2912
2913,3263
2914,13665
2915,4614
2916,13433
2917,14914
2918,16203
2919,13809
2920,9569
2921,14254
2922,15885
2923,2923
2924,2924
2925,2925
2926,12961
2927,12132
2928,15569
2929,16069
2930,15787
2931,2931
2932,11960
2933,12961
2934,13311
2935,15029
2936,14654
2937,2937
2938,11774
2939,13841
2940,14177
2941,6693
2942,14177
2943,8054
2944,3914
2945,2945
2946,2946
2947,2947
2948,8720
2949,14963
2950,9083
2951,2951
2952,15680
2953,2953
2954,2954
2955,12502
2956,12731
2957,2957
2958,12502
2959,14212
2960,13361
2961,13485
2962,2962
2963,11669
2964,12419
2965,15917
2966,14300
2967,12961
2968,2968
2969,441
2970,5542
2971,2971
2972,7028
2973,9963
2974,2974
2975,14014
2976,15917
2977,2977
2978,12125
2979,15483
2980,10722
2981,2981
2982,9569
2983,15601
2984,13485
2985,7070
2986,5588
2987,10030
2988,16203
2989,10507
2990,12961
2991,15159
2992,10224
2993,14111
2994,2994
2995,12961
2996,2996
2997,14007
2998,14220
2999,2999
3000,9653
3001,4875
3002,12125
3003,3003
3004,3004
3005,3005
3006,6942
3007,11960
3008,14578
3009,3009
3010,8876
3011,3011
3012,5234
3013,3013
3014,3014
3015,5388
3016,3016
3017,3011
3018,13405
3019,16250
3020,9193
3021,15501
3022,3022
3023,1511
3024,3024
3025,11246
3026,12895
3027,3027
3028,3028
3029,14156
3030,3030
3031,12974
3032,6257
3033,3033
3034,3027
3035,3035
3036,3036
3037,8872
3038,7452
3039,6797
3040,9047
3041,3041
3042,7658
3043,5245
3044,3044
3045,1154
3046,15071
3047,10481
3048,3048
3049,3708
3050,3050
3051,16250
3052,14180
3053,1524
3054,4222
3055,8694
3056,14525
3057,15184
3058,11351
3059,5591
3060,15174
3061,15246
3062,3062
3063,5533
3064,8147
3065,3027
3066,14593
3067,6027
3068,15809
3069,16009
3070,12179
3071,14972
3072,11117
3073,13377
3074,12502
3075,10613
3076,3531
3077,9935
3078,5876
3079,9159
3080,12764
3081,1237
3082,15876
3083,3083
3084,16189
3085,6083
3086,14365
3087,2858
3088,12741
3089,3099
3090,307
3091,14016
3092,3516
3093,14551
3094,307
3095,9654
3096,13932
3097,12292
3098,4315
3099,3099
3100,13873
3101,3117
3102,5430
3103,15447
3104,12697
3105,4064
3106,3106
3107,15778
3108,8481
3109,14619
3110,16068
3111,1243
3112,10956
3113,3113
3114,8064
3115,3099
3116,7046
3117,3117
3118,14038
3119,3514
3120,9784
3121,3121
3122,9421
3123,13736
3124,10781
3125,15382
3126,12607
3127,16227
3128,12612
3129,2579
3130,3130
3131,22
3132,11630
3133,3133
3134,14821
3135,3135
3136,3136
3137,9005
3138,3138
3139,3139
3140,3145
3141,3141
3142,3142
3143,13296
3144,3144
3145,3145
3146,13556
3147,6330
3148,3148
3149,3133
3150,11437
3151,3151
3152,3152
3153,12771
3154,4952
3155,11605
3156,8502
3157,3157
3158,12432
3159,3159
3160,3160
3161,3161
3162,15442
3163,8776
3164,7834
3165,14016
3166,13454
3167,8776
3168,9036
3169,5335
3170,12974
3171,14485
3172,7680
3173,8496
3174,13861
3175,11437
3176,3176
3177,7016
3178,3178
3179,720
3180,720
3181,15858
3182,3178
3183,720
3184,15229
3185,14481
3186,16073
3187,10551
3188,15491
3189,15356
3190,5985
3191,8807
3192,7723
3193,15978
3194,10905
3195,10534
3196,3196
3197,11632
3198,3198
3199,16146
3200,10164
3201,3201
3202,3202
3203,3203
3204,3204
3205,3205
3206,3206
3207,3207
3208,10155
3209,3209
3210,10164
3211,3211
3212,14500
3213,3213
3214,11190
3215,12961
3216,6210
3217,8123
3218,15739
3219,3219
3220,13173
3221,13255
3222,6190
3223,3223
3224,1672
3225,3225
3226,949
3227,13256
3228,14897
3229,3229
3230,9323
3231,14111
3232,5278
3233,8172
3234,1169
3235,14254
3236,14525
3237,15739
3238,11281
3239,3239
3240,14181
3241,15738
3242,9569
3243,3243
3244,4213
3245,3245
3246,3246
3247,12106
3248,3248
3249,15882
3250,8383
3251,3251
3252,3252
3253,14111
3254,7705
3255,2342
3256,7900
3257,13255
3258,14156
3259,8172
3260,3260
3261,10732
3262,15157
3263,3263
3264,8188
3265,5447
3266,3266
3267,12961
3268,11313
3269,8997
3270,3270
3271,7900
3272,3272
3273,3273
3274,14254
3275,16069
3276,2931
3277,3277
3278,8888
3279,15601
3280,8172
3281,15833
3282,9569
3283,14156
3284,13197
3285,6926
3286,14897
3287,3287
3288,3288
3289,3289
3290,3290
3291,14525
3292,16250
3293,3977
3294,5245
3295,8150
3296,14523
3297,14156
3298,15207
3299,3299
3300,3300
3301,560
3302,12961
3303,8691
3304,13231
3305,9569
3306,3306
3307,8093
3308,3308
3309,3309
3310,12502
3311,11782
3312,14485
3313,3313
3314,15309
3315,15617
3316,13656
3317,7739
3318,12997
3319,12432
3320,3320
3321,16173
3322,16173
3323,11572
3324,3324
3325,13136
3326,11572
3327,8920
3328,12995
3329,7173
3330,15221
3331,3331
3332,3332
3333,15609
3334,15609
3335,3335
3336,14972
3337,3337
3338,15279
3339,3339
3340,3340
3341,3341
3342,13606
3343,13901
3344,3344
3345,15970
3346,11931
3347,3347
3348,15279
3349,3349
3350,14935
3351,13979
3352,10029
3353,14972
3354,3354
3355,3355
3356,14866
3357,6636
3358,3358
3359,9746
3360,3360
3361,16236
3362,6636
3363,15451
3364,3364
3365,11710
3366,3366
3367,14972
3368,4167
3369,15154
3370,11917
3371,5206
3372,3372
3373,3373
3374,2579
3375,13566
3376,8644
3377,3377
3378,2579
3379,3379
3380,3380
3381,2579
3382,2579
3383,10380
3384,3384
3385,3385
3386,15393
3387,16224
3388,4705
3389,2579
3390,3390
3391,3554
3392,2602
3393,10029
3394,13830
3395,15707
3396,13830
3397,5396
3398,13830
3399,8098
3400,12502
3401,3401
3402,3402
3403,13830
3404,6545
3405,12502
3406,7719
3407,3407
3408,2015
3409,15136
3410,9157
3411,3411
3412,3412
3413,3413
3414,3414
3415,3415
3416,11769
3417,3417
3418,3418
3419,3415
3420,15323
3421,2479
3422,12292
3423,3423
3424,3445
3425,9349
3426,2479
3427,3427
3428,3428
3429,15519
3430,12997
3431,3445
3432,3432
3433,12280
3434,3423
3435,3445
3436,15323
3437,6963
3438,3438
3439,3439
3440,3440
3441,11661
3442,3442
3443,15516
3444,3444
3445,3445
3446,13872
3447,14042
3448,11543
3449,5047
3450,3450
3451,9483
3452,3452
3453,13861
3454,11548
3455,3455
3456,10905
3457,14462
3458,3458
3459,3458
3460,14104
3461,8807
3462,10381
3463,8349
3464,14269
3465,9357
3466,12210
3467,3467
3468,3468
3469,11548
3470,15848
3471,3471
3472,3472
3473,3473
3474,3474
3475,11437
3476,15391
3477,15832
3478,16205
3479,15855
3480,3480
3481,16223
3482,3482
3483,15715
3484,3484
3485,13566
3486,35
3487,3487
3488,8807
3489,10201
3490,8349
3491,3178
3492,7849
3493,11548
3494,4044
3495,4687
3496,9036
3497,6693
3498,10029
3499,3499
3500,8776
3501,3501
3502,4315
3503,11351
3504,116
3505,10017
3506,10017
3507,14058
3508,4687
3509,13078
3510,8776
3511,10956
3512,1963
3513,8064
3514,3514
3515,14131
3516,3516
3517,14159
3518,10609
3519,3519
3520,14178
3521,16200
3522,3522
3523,15462
3524,11351
3525,1963
3526,10029
3527,4315
3528,15778
3529,13383
3530,7831
3531,3531
3532,3532
3533,7831
3534,15501
3535,12623
3536,12252
3537,12239
3538,10507
3539,3977
3540,3977
3541,3541
3542,16091
3543,3543
3544,388
3545,7546
3546,11374
3547,4237
3548,15739
3549,14280
3550,4253
3551,3551
3552,11374
3553,3543
3554,3554
3555,15858
3556,2579
3557,11671
3558,8456
3559,9272
3560,3560
3561,2602
3562,9269
3563,14462
3564,3581
3565,3565
3566,2579
3567,8583
3568,12415
3569,3569
3570,2602
3571,3571
3572,3572
3573,15296
3574,2602
3575,15378
3576,8644
3577,2579
3578,11609
3579,3579
3580,14889
3581,3581
3582,2579
3583,2602
3584,16120
3585,15451
3586,9937
3587,3587
3588,10968
3589,14066
3590,10956
3591,3591
3592,10956
3593,16068
3594,3594
3595,15447
3596,3596
3597,12999
3598,10956
3599,14948
3600,11918
3601,3601
3602,14537
3603,3603
3604,11094
3605,9223
3606,5211
3607,3607
3608,6677
3609,15927
3610,11379
3611,13601
3612,3612
3613,6349
3614,15442
3615,3615
3616,15680
3617,3617
3618,14504
3619,6596
3620,15348
3621,13659
3622,3622
3623,3623
3624,13601
3625,6767
3626,3626
3627,13601
3628,3628
3629,5472
3630,14972
3631,7081
3632,424
3633,7227
3634,14732
3635,1237
3636,13659
3637,3637
3638,3638
3639,7081
3640,15680
3641,15348
3642,3642
3643,3643
3644,15154
3645,15724
3646,10824
3647,3647
3648,15348
3649,6639
3650,6639
3651,15342
3652,11400
3653,15799
3654,14972
3655,13162
3656,14703
3657,13162
3658,8064
3659,2858
3660,3660
3661,3661
3662,3662
3663,14952
3664,6636
3665,4405
3666,14038
3667,16012
3668,11379
3669,14360
3670,3670
3671,12956
3672,15279
3673,16206
3674,15279
3675,15279
3676,15279
3677,4405
3678,3678
3679,3679
3680,116
3681,15279
3682,261
3683,15279
3684,13891
3685,15916
3686,3099
3687,15991
3688,14143
3689,8064
3690,16206
3691,3691
3692,13550
3693,4434
3694,16206
3695,5529
3696,11336
3697,8789
3698,3698
3699,3699
3700,10043
3701,3701
3702,806
3703,800
3704,7322
3705,2231
3706,3706
3707,7334
3708,3708
3709,13963
3710,806
3711,806
3712,14444
3713,3713
3714,7322
3715,8789
3716,3716
3717,9142
3718,3718
3719,8912
3720,7322
3721,14443
3722,13349
3723,15049
3724,13349
3725,14212
3726,390
3727,12035
3728,10361
3729,9937
3730,10980
3731,8021
3732,12780
3733,3733
3734,10774
3735,15609
3736,3736
3737,3737
3738,3738
3739,12457
3740,1445
3741,11661
3742,15944
3743,3743
3744,15515
3745,6963
3746,15944
3747,12519
3748,3748
3749,12432
3750,15609
3751,14551
3752,15423
3753,15738
3754,15048
3755,560
3756,14180
3757,4314
3758,3758
3759,3759
3760,4818
3761,9536
3762,11290
3763,390
3764,15066
3765,2858
3766,3766
3767,3767
3768,3768
3769,3769
3770,15576
3771,3771
3772,13099
3773,3773
3774,15464
3775,3782
3776,12149
3777,14703
3778,3778
3779,6784
3780,3780
3781,3782
3782,3782
3783,12147
3784,11114
3785,12749
3786,3786
3787,3787
3788,3788
3789,3789
3790,14177
3791,15015
3792,13210
3793,4634
3794,14951
3795,3795
3796,7834
3797,14967
3798,10177
3799,8789
3800,3800
3801,14844
3802,3802
3803,14842
3804,8789
3805,794
3806,3806
3807,14788
3808,8789
3809,3809
3810,14791
3811,8383
3812,13756
3813,3813
3814,3814
3815,15949
3816,14578
3817,3817
3818,15949
3819,13527
3820,7272
3821,6619
3822,3822
3823,10030
3824,13349
3825,3825
3826,14476
3827,3300
3828,15601
3829,1492
3830,15126
3831,11665
3832,3832
3833,3833
3834,13193
3835,12132
3836,3836
3837,8188
3838,7445
3839,3977
3840,3840
3841,3841
3842,1519
3843,16009
3844,3844
3845,10225
3846,14434
3847,6619
3848,3848
3849,13758
3850,3850
3851,12419
3852,3852
3853,16009
3854,6728
3855,3855
3856,3856
3857,3857
3858,3858
3859,12915
3860,9263
3861,4468
3862,12685
3863,12874
3864,7534
3865,3865
3866,3866
3867,7536
3868,3868
3869,12810
3870,4470
3871,3871
3872,4498
3873,10886
3874,2479
3875,14713
3876,3876
3877,4483
3878,3878
3879,12002
3880,3880
3881,3881
3882,3882
3883,7517
3884,10886
3885,12374
3886,14968
3887,10897
3888,7536
3889,3889
3890,6249
3891,12375
3892,12689
3893,13797
3894,15340
3895,3895
3896,3896
3897,4311
3898,13377
3899,3899
3900,13932
3901,3901
3902,15633
3903,3903
3904,6767
3905,11237
3906,3906
3907,11774
3908,9036
3909,12749
3910,3914
3911,3364
3912,12502
3913,12731
3914,3914
3915,16236
3916,14262
3917,7031
3918,5746
3919,12313
3920,15600
3921,13080
3922,9937
3923,3923
3924,3924
3925,12023
3926,4104
3927,15265
3928,7237
3929,13081
3930,11918
3931,13841
3932,4532
3933,7081
3934,4276
3935,11237
3936,662
3937,6639
3938,6699
3939,16136
3940,4405
3941,11160
3942,11237
3943,9937
3944,1237
3945,3945
3946,12200
3947,6639
3948,9953
3949,11918
3950,6085
3951,5223
3952,7631
3953,6596
3954,11918
3955,13701
3956,4532
3957,15680
3958,11918
3959,6699
3960,16122
3961,15447
3962,6784
3963,8776
3964,13795
3965,15447
3966,3914
3967,6731
3968,13601
3969,3914
3970,9937
3971,15348
3972,13107
3973,8273
3974,3974
3975,3975
3976,10030
3977,3977
3978,15127
3979,8191
3980,15442
3981,11469
3982,3982
3983,8776
3984,13701
3985,6745
3986,1237
3987,3987
3988,5472
3989,3989
3990,6636
3991,4002
3992,2828
3993,5103
3994,3994
3995,3995
3996,14654
3997,11915
3998,3998
3999,15576
4000,11918
4001,13601
4002,4002
4003,11900
4004,4004
4005,2579
4006,3139
4007,4007
4008,2737
4009,11543
4010,10597
4011,2579
4012,4012
4013,8644
4014,2596
4015,8795
4016,8583
4017,4017
4018,4018
4019,12499
4020,4020
4021,2609
4022,4022
4023,8583
4024,4024
4025,15748
4026,4026
4027,4027
4028,2579
4029,11607
4030,13073
4031,4031
4032,4032
4033,2602
4034,6984
4035,6316
4036,14651
4037,11548
4038,8795
4039,3554
4040,4067
4041,15279
4042,4042
4043,4043
4044,4044
4045,16069
4046,14159
4047,13405
4048,14159
4049,15501
4050,588
4051,15834
4052,9036
4053,8064
4054,13383
4055,15782
4056,6784
4057,5819
4058,16069
4059,15800
4060,6784
4061,10029
4062,6784
4063,4044
4064,4064
4065,7445
4066,5444
4067,4067
4068,15301
4069,15832
4070,4070
4071,2571
4072,4072
4073,4073
4074,13385
4075,13385
4076,16223
4077,9007
4078,2602
4079,14765
4080,3560
4081,12314
4082,4082
4083,4083
4084,6984
4085,11548
4086,14651
4087,9005
4088,4088
4089,5185
4090,10534
4091,8583
4092,4092
4093,9494
4094,15832
4095,16235
4096,9005
4097,8802
4098,10534
4099,3487
4100,2609
4101,4101
4102,26
4103,4103
4104,4104
4105,12741
4106,12145
4107,11064
4108,4108
4109,11946
4110,12036
4111,6085
4112,1684
4113,16068
4114,10956
4115,7240
4116,13783
4117,4117
4118,11031
4119,4119
4120,6074
4121,15501
4122,16025
4123,15279
4124,13377
4125,15279
4126,6545
4127,14177
4128,12524
4129,6848
4130,4130
4131,13132
4132,6639
4133,15360
4134,16136
4135,4135
4136,5388
4137,4137
4138,16250
4139,4139
4140,4140
4141,4141
4142,15336
4143,8029
4144,15144
4145,14773
4146,1524
4147,7790
4148,4148
4149,9323
4150,9323
4151,4151
4152,4152
4153,10457
4154,9134
4155,6677
4156,7032
4157,13550
4158,10964
4159,4159
4160,15771
4161,10613
4162,4276
4163,13841
4164,13841
4165,12502
4166,3914
4167,4167
4168,4276
4169,4169
4170,12749
4171,4171
4172,6768
4173,3786
4174,2015
4175,11918
4176,9562
4177,11787
4178,4178
4179,4179
4180,1166
4181,806
4182,9562
4183,4183
4184,13405
4185,13390
4186,8789
4187,4187
4188,806
4189,13009
4190,4190
4191,8789
4192,14731
4193,806
4194,4194
4195,4195
4196,4196
4197,4197
4198,4178
4199,1166
4200,4200
4201,390
4202,4202
4203,4203
4204,4204
4205,4205
4206,7900
4207,14684
4208,15997
4209,15483
4210,5435
4211,10507
4212,10034
4213,4213
4214,11374
4215,10980
4216,4216
4217,4217
4218,15885
4219,4219
4220,391
4221,8693
4222,4222
4223,13408
4224,7145
4225,4225
4226,8172
4227,12961
4228,4228
4229,5252
4230,8172
4231,4231
4232,4232
4233,13460
4234,15833
4235,3003
4236,4236
4237,4237
4238,14141
4239,14181
4240,13172
4241,4241
4242,1165
4243,14220
4244,7900
4245,7900
4246,4246
4247,13081
4248,14552
4249,11281
4250,1154
4251,15717
4252,2160
4253,4253
4254,4254
4255,14551
4256,4256
4257,12780
4258,11960
4259,15071
4260,8383
4261,5234
4262,4862
4263,7379
4264,14156
4265,13797
4266,116
4267,13840
4268,14154
4269,7237
4270,5542
4271,9336
4272,6349
4273,16206
4274,4372
4275,13995
4276,4276
4277,11728
4278,14154
4279,16122
4280,6768
4281,13840
4282,15513
4283,14154
4284,13841
4285,6636
4286,11398
4287,11379
4288,4288
4289,4289
4290,3771
4291,13659
4292,15816
4293,14254
4294,13932
4295,12502
4296,11056
4297,9157
4298,14522
4299,5472
4300,4300
4301,4410
4302,15451
4303,4303
4304,15233
4305,12313
4306,13210
4307,4410
4308,116
4309,13377
4310,4310
4311,4311
4312,8776
4313,16206
4314,4314
4315,4315
4316,4316
4317,15513
4318,8273
4319,4319
4320,15782
4321,128
4322,149
4323,16189
4324,4324
4325,12239
4326,13377
4327,14254
4328,6085
4329,7240
4330,14154
4331,15223
4332,5878
4333,3083
4334,4334
4335,16206
4336,4336
4337,4337
4338,13377
4339,4339
4340,4340
4341,10514
4342,15650
4343,6767
4344,14177
4345,4345
4346,14254
4347,12857
4348,4348
4349,4532
4350,14522
4351,4351
4352,7031
4353,16206
4354,15927
4355,11728
4356,13230
4357,4357
4358,14014
4359,4359
4360,8123
4361,10507
4362,11190
4363,7900
4364,13929
4365,15157
4366,9410
4367,3272
4368,4972
4369,3003
4370,8187
4371,8123
4372,4372
4373,10030
4374,14212
4375,14007
4376,14957
4377,15917
4378,8150
4379,7900
4380,14687
4381,15601
4382,12824
4383,4217
4384,5271
4385,12961
4386,4314
4387,2479
4388,13458
4389,4991
4390,8172
4391,9569
4392,13460
4393,13601
4394,12740
4395,13377
4396,4396
4397,11010
4398,6083
4399,4316
4400,12961
4401,11719
4402,4402
4403,9336
4404,10457
4405,4405
4406,14857
4407,13793
4408,13830
4409,1688
4410,4410
4411,11928
4412,7699
4413,4413
4414,4414
4415,4415
4416,4316
4417,15601
4418,4418
4419,9746
4420,4314
4421,4104
4422,4422
4423,10968
4424,15029
4425,4425
4426,7879
4427,16200
4428,1237
4429,12742
4430,13840
4431,15451
4432,11813
4433,10613
4434,4434
4435,9336
4436,6588
4437,16091
4438,12685
4439,7512
4440,14337
4441,4441
4442,4442
4443,4443
4444,8263
4445,10294
4446,7557
4447,4447
4448,10886
4449,4449
4450,4450
4451,4451
4452,7512
4453,4453
4454,4454
4455,4455
4456,4456
4457,4498
4458,4458
4459,7575
4460,4460
4461,4461
4462,9241
4463,4463
4464,2258
4465,4465
4466,6360
4467,4467
4468,4468
4469,12685
4470,4470
4471,4471
4472,4472
4473,12685
4474,4474
4475,12374
4476,4476
4477,15462
4478,10185
4479,7534
4480,7512
4481,4481
4482,4482
4483,4483
4484,10886
4485,2259
4486,4486
4487,4487
4488,12070
4489,2259
4490,12002
4491,10083
4492,4492
4493,12003
4494,4494
4495,2259
4496,16091
4497,4468
4498,4498
4499,4467
4500,4500
4501,4501
4502,4502
4503,7557
4504,8096
4505,176
4506,13681
4507,5396
4508,14667
4509,13080
4510,12313
4511,6349
4512,15265
4513,11904
4514,10613
4515,13377
4516,10956
4517,4532
4518,3106
4519,10956
4520,6731
4521,4532
4522,12147
4523,7081
4524,1612
4525,1237
4526,6639
4527,4532
4528,15451
4529,4529
4530,11114
4531,8273
4532,4532
4533,4533
4534,4534
4535,13374
4536,4536
4537,7031
4538,9336
4539,4539
4540,8779
4541,4541
4542,15268
4543,3661
4544,5819
4545,4545
4546,11774
4547,4547
4548,1313
4549,11076
4550,6767
4551,7032
4552,14522
4553,9157
4554,11027
4555,15680
4556,13793
4557,15564
4558,13797
4559,4559
4560,12149
4561,15771
4562,15239
4563,13793
4564,11379
4565,7081
4566,10613
4567,13523
4568,4568
4569,4569
4570,4570
4571,14471
4572,4572
4573,4573
4574,5126
4575,15990
4576,4203
4577,15833
4578,15937
4579,15823
4580,11787
4581,4581
4582,11011
4583,5552
4584,4569
4585,4585
4586,15987
4587,4569
4588,5890
4589,15531
4590,7148
4591,14737
4592,8694
4593,4593
4594,9569
4595,5928
4596,15833
4597,8860
4598,4598
4599,4599
4600,8147
4601,10030
4602,4602
4603,14525
4604,4604
4605,8172
4606,14280
4607,14111
4608,4608
4609,15810
4610,3272
4611,14410
4612,4612
4613,4613
4614,4614
4615,15833
4616,4616
4617,14505
4618,4618
4619,4569
4620,15064
4621,4621
4622,4569
4623,14505
4624,6268
4625,4625
4626,6048
4627,8273
4628,13082
4629,12749
4630,16078
4631,7240
4632,13840
4633,4633
4634,4634
4635,14193
4636,4636
4637,3914
4638,12583
4639,14851
4640,14522
4641,4641
4642,4642
4643,4643
4644,6699
4645,4645
4646,15427
4647,11904
4648,11915
4649,12151
4650,4650
4651,15916
4652,4652
4653,14244
4654,6731
4655,4655
4656,4656
4657,14177
4658,14649
4659,12145
4660,10513
4661,5103
4662,13925
4663,8691
4664,6693
4665,8952
4666,4666
4667,5552
4668,8051
4669,4043
4670,5746
4671,4687
4672,15501
4673,4673
4674,4696
4675,11290
4676,6693
4677,11290
4678,13454
4679,12502
4680,13841
4681,1688
4682,15941
4683,7240
4684,9157
4685,12036
4686,13078
4687,4687
4688,4688
4689,13891
4690,9746
4691,15451
4692,4405
4693,7240
4694,1688
4695,11886
4696,4696
4697,15501
4698,4698
4699,14154
4700,14732
4701,7031
4702,12200
4703,9036
4704,12036
4705,4705
4706,4706
4707,3516
4708,14812
4709,11114
4710,15934
4711,7393
4712,9937
4713,10894
4714,14154
4715,10457
4716,8779
4717,15501
4718,1688
4719,16068
4720,4720
4721,4311
4722,12313
4723,11886
4724,10975
4725,1688
4726,12741
4727,4727
4728,8230
4729,13741
4730,1684
4731,13377
4732,4732
4733,11156
4734,4316
4735,4735
4736,16078
4737,4104
4738,4738
4739,10894
4740,5472
4741,6349
4742,4742
4743,4743
4744,9978
4745,4745
4746,6158
4747,4747
4748,4748
4749,4749
4750,9634
4751,116
4752,4752
4753,14178
4754,4752
4755,7426
4756,6158
4757,4757
4758,11928
4759,4759
4760,5213
4761,7426
4762,7417
4763,859
4764,8037
4765,176
4766,4766
4767,4767
4768,8429
4769,519
4770,4569
4771,13197
4772,8429
4773,14471
4774,14573
4775,4775
4776,4776
4777,10774
4778,3113
4779,8064
4780,4780
4781,11599
4782,13923
4783,4783
4784,2181
4785,4785
4786,4786
4787,519
4788,4788
4789,11990
4790,7976
4791,13846
4792,4792
4793,15336
4794,390
4795,4795
4796,4796
4797,11190
4798,4798
4799,4799
4800,15184
4801,4801
4802,16140
4803,4219
4804,4799
4805,2688
4806,9649
4807,6619
4808,4808
4809,4809
4810,4810
4811,15837
4812,13196
4813,15601
4814,4814
4815,12942
4816,4816
4817,9755
4818,4818
4819,4819
4820,4820
4821,15997
4822,9755
4823,11751
4824,4824
4825,12780
4826,6808
4827,5435
4828,4828
4829,5435
4830,11362
4831,15176
4832,11751
4833,8514
4834,10998
4835,4934
4836,15176
4837,4837
4838,4838
4839,4839
4840,14957
4841,6220
4842,4842
4843,4843
4844,9821
4845,4912
4846,4846
4847,4873
4848,4848
4849,4849
4850,4850
4851,1166
4852,4852
4853,14412
4854,15049
4855,4855
4856,4856
4857,10398
4858,14958
4859,4859
4860,8123
4861,12108
4862,4862
4863,11357
4864,15176
4865,2924
4866,15149
4867,10034
4868,13356
4869,15337
4870,4870
4871,12940
4872,4872
4873,4873
4874,9755
4875,4875
4876,14211
4877,4877
4878,15458
4879,4879
4880,5245
4881,14385
4882,4873
4883,12108
4884,4884
4885,14220
4886,11190
4887,4887
4888,4888
4889,4889
4890,7900
4891,3825
4892,4892
4893,5435
4894,15176
4895,11751
4896,4896
4897,2181
4898,4898
4899,15100
4900,7705
4901,4901
4902,15337
4903,7705
4904,4904
4905,4873
4906,4906
4907,4907
4908,9755
4909,4859
4910,15997
4911,14958
4912,4912
4913,14564
4914,9410
4915,10123
4916,3825
4917,4917
4918,4918
4919,5597
4920,4920
4921,14915
4922,14593
4923,4923
4924,13626
4925,4925
4926,4926
4927,9746
4928,4896
4929,7900
4930,11751
4931,4931
4932,13190
4933,4933
4934,4934
4935,11751
4936,13686
4937,15071
4938,4938
4939,4939
4940,15176
4941,1157
4942,4912
4943,4943
4944,4944
4945,10774
4946,6535
4947,7449
4948,4948
4949,4949
4950,3300
4951,15832
4952,4952
4953,4952
4954,15576
4955,5433
4956,4956
4957,15823
4958,9929
4959,13212
4960,13891
4961,14014
4962,4962
4963,15601
4964,15337
4965,4965
4966,14280
4967,15601
4968,7755
4969,4969
4970,2231
4971,4971
4972,4972
4973,4973
4974,11174
4975,12629
4976,4976
4977,14628
4978,4978
4979,6619
4980,4980
4981,5388
4982,4982
4983,4983
4984,14494
4985,9193
4986,10811
4987,4987
4988,14169
4989,4989
4990,4990
4991,4991
4992,14494
4993,9323
4994,5472
4995,5432
4996,15064
4997,15336
4998,859
4999,4999
5000,15346
5001,15064
5002,5002
5003,11347
5004,14875
5005,1511
5006,15064
5007,3372
5008,5245
5009,5009
5010,5010
5011,9007
5012,5012
5013,5013
5014,14042
5015,5015
5016,12540
5017,10909
5018,11543
5019,8394
5020,5020
5021,10656
5022,15715
5023,10534
5024,14651
5025,16073
5026,13295
5027,5027
5028,5606
5029,8802
5030,5030
5031,10905
5032,3380
5033,13861
5034,16
5035,12540
5036,12717
5037,5037
5038,14010
5039,41
5040,16094
5041,14010
5042,5042
5043,2602
5044,9513
5045,14840
5046,2577
5047,5047
5048,16005
5049,14889
5050,8349
5051,14245
5052,5052
5053,16080
5054,5054
5055,5055
5056,7488
5057,12495
5058,10909
5059,13471
5060,9978
5061,9937
5062,9937
5063,5063
5064,15653
5065,5065
5066,4002
5067,5067
5068,5083
5069,5069
5070,11710
5071,11649
5072,5072
5073,5073
5074,9937
5075,9726
5076,13471
5077,16206
5078,5078
5079,5069
5080,5080
5081,5081
5082,11649
5083,5083
5084,14351
5085,7094
5086,15451
5087,9937
5088,16206
5089,6636
5090,1206
5091,5091
5092,13369
5093,14957
5094,2688
5095,5095
5096,6172
5097,7060
5098,12961
5099,12108
5100,11237
5101,9634
5102,14154
5103,5103
5104,4642
5105,5105
5106,12735
5107,1226
5108,16012
5109,14972
5110,5110
5111,8876
5112,11960
5113,12961
5114,5114
5115,5115
5116,12920
5117,6039
5118,12179
5119,8123
5120,5120
5121,5121
5122,15670
5123,9569
5124,8172
5125,7066
5126,5126
5127,5127
5128,5890
5129,7145
5130,14432
5131,12132
5132,5132
5133,5133
5134,5134
5135,15929
5136,5136
5137,10030
5138,10030
5139,15101
5140,5140
5141,5141
5142,16009
5143,5143
5144,15181
5145,5145
5146,5146
5147,12961
5148,5148
5149,8147
5150,5150
5151,15833
5152,5136
5153,5153
5154,16009
5155,5155
5156,14434
5157,4213
5158,7900
5159,5159
5160,6223
5161,2160
5162,13988
5163,6619
5164,14437
5165,5165
5166,4569
5167,5167
5168,10030
5169,15537
5170,14156
5171,15840
5172,5666
5173,15645
5174,16223
5175,3560
5176,5176
5177,12050
5178,8583
5179,5179
5180,14651
5181,13385
5182,8644
5183,7304
5184,10198
5185,5185
5186,12744
5187,14651
5188,5188
5189,11212
5190,10293
5191,5191
5192,630
5193,10909
5194,10909
5195,13954
5196,2858
5197,750
5198,5198
5199,651
5200,1237
5201,3786
5202,8089
5203,8716
5204,5204
5205,5069
5206,5206
5207,9223
5208,5208
5209,11031
5210,8064
5211,5211
5212,5212
5213,5213
5214,14654
5215,16027
5216,5213
5217,10790
5218,5218
5219,5219
5220,5220
5221,13830
5222,15223
5223,5223
5224,12735
5225,9839
5226,5226
5227,2428
5228,5228
5229,4217
5230,13461
5231,5245
5232,14525
5233,5233
5234,5234
5235,5235
5236,13903
5237,6009
5238,1166
5239,10180
5240,1166
5241,1166
5242,5297
5243,9653
5244,5244
5245,5245
5246,4178
5247,5247
5248,4202
5249,13369
5250,4183
5251,5251
5252,5252
5253,13390
5254,5254
5255,5255
5256,8789
5257,5257
5258,11166
5259,4818
5260,8378
5261,5261
5262,14254
5263,15833
5264,7705
5265,5265
5266,1509
5267,2374
5268,14254
5269,14434
5270,5270
5271,5271
5272,7445
5273,1509
5274,5274
5275,11333
5276,4798
5277,1166
5278,5278
5279,11313
5280,5280
5281,12035
5282,5282
5283,14252
5284,14573
5285,5285
5286,1154
5287,13221
5288,1166
5289,15809
5290,15809
5291,15885
5292,14386
5293,390
5294,5294
5295,5295
5296,1166
5297,5297
5298,14541
5299,15336
5300,5300
5301,5301
5302,12035
5303,6926
5304,10811
5305,9653
5306,15737
5307,6208
5308,5308
5309,8147
5310,15949
5311,5252
5312,10507
5313,7900
5314,5314
5315,5315
5316,5316
5317,12109
5318,9223
5319,9726
5320,5320
5321,14732
5322,4532
5323,9917
5324,11076
5325,16136
5326,4311
5327,5870
5328,14163
5329,6767
5330,15397
5331,5331
5332,8776
5333,5333
5334,9036
5335,5335
5336,5336
5337,8096
5338,5338
5339,10940
5340,5340
5341,15487
5342,5342
5343,5343
5344,5359
5345,14760
5346,3178
5347,10905
5348,16094
5349,10665
5350,6400
5351,13440
5352,41
5353,15487
5354,8014
5355,5355
5356,15353
5357,14721
5358,12705
5359,5359
5360,7011
5361,9380
5362,15297
5363,9746
5364,13491
5365,5365
5366,15727
5367,12886
5368,12886
5369,2291
5370,13383
5371,7031
5372,9336
5373,6693
5374,1612
5375,10613
5376,3083
5377,4316
5378,9649
5379,5379
5380,1166
5381,14505
5382,5382
5383,5383
5384,14494
5385,8694
5386,7595
5387,9193
5388,5388
5389,14434
5390,9193
5391,5396
5392,5392
5393,15990
5394,5394
5395,5395
5396,5396
5397,16250
5398,14494
5399,2677
5400,15374
5401,7452
5402,5402
5403,13390
5404,14254
5405,5405
5406,9834
5407,5407
5408,7133
5409,6172
5410,5410
5411,7445
5412,5412
5413,14589
5414,5414
5415,15853
5416,5416
5417,678
5418,866
5419,11351
5420,2282
5421,5421
5422,5422
5423,13550
5424,14163
5425,8064
5426,15576
5427,14784
5428,8064
5429,11011
5430,5430
5431,5431
5432,5432
5433,5433
5434,15185
5435,5435
5436,5436
5437,5437
5438,11990
5439,8172
5440,16009
5441,5331
5442,8150
5443,11669
5444,5444
5445,10759
5446,14908
5447,5447
5448,15071
5449,15207
5450,5542
5451,12035
5452,13280
5453,5453
5454,5454
5455,14851
5456,1237
5457,15029
5458,9937
5459,12947
5460,11669
5461,4316
5462,11710
5463,14793
5464,1237
5465,7701
5466,5466
5467,9937
5468,13377
5469,16206
5470,5470
5471,5471
5472,5472
5473,13934
5474,13934
5475,5475
5476,13377
5477,15941
5478,15633
5479,6083
5480,16206
5481,5481
5482,15778
5483,11810
5484,15555
5485,6349
5486,13830
5487,7701
5488,11719
5489,15879
5490,5490
5491,13850
5492,9036
5493,14732
5494,6768
5495,16206
5496,5496
5497,2858
5498,15778
5499,13606
5500,15778
5501,7031
5502,9917
5503,16136
5504,5504
5505,15778
5506,6784
5507,5507
5508,4410
5509,14036
5510,11782
5511,5511
5512,8776
5513,5513
5514,4616
5515,14454
5516,8093
5517,8565
5518,11629
5519,3560
5520,8349
5521,12695
5522,5522
5523,14957
5524,5524
5525,11782
5526,15483
5527,15601
5528,12961
5529,5529
5530,5530
5531,5531
5532,15949
5533,5533
5534,13255
5535,12780
5536,12780
5537,16069
5538,5538
5539,5539
5540,5540
5541,5542
5542,5542
5543,15071
5544,5542
5545,5545
5546,5588
5547,15279
5548,5548
5549,11728
5550,7283
5551,3825
5552,5552
5553,16181
5554,12813
5555,14141
5556,5556
5557,5557
5558,12108
5559,11357
5560,6226
5561,9746
5562,6805
5563,11751
5564,13809
5565,5565
5566,5433
5567,10017
5568,3691
5569,9929
5570,5570
5571,13550
5572,1492
5573,8518
5574,13550
5575,12108
5576,5591
5577,5577
5578,551
5579,5579
5580,14551
5581,1165
5582,14254
5583,13128
5584,15885
5585,10980
5586,5586
5587,5542
5588,5588
5589,5589
5590,5590
5591,5591
5592,5136
5593,14541
5594,12419
5595,5595
5596,14141
5597,5597
5598,4949
5599,5533
5600,10130
5601,15420
5602,12640
5603,15547
5604,15393
5605,11508
5606,5606
5607,5607
5608,11584
5609,4952
5610,8496
5611,8496
5612,5612
5613,15288
5614,13021
5615,9911
5616,16005
5617,10909
5618,5618
5619,13478
5620,3178
5621,13029
5622,9483
5623,14461
5624,5624
5625,746
5626,11497
5627,5627
5628,11436
5629,6383
5630,651
5631,5631
5632,14730
5633,12589
5634,5634
5635,5635
5636,5636
5637,5637
5638,13660
5639,12589
5640,16208
5641,14033
5642,651
5643,14454
5644,16094
5645,5645
5646,9389
5647,14033
5648,3178
5649,5649
5650,14176
5651,4547
5652,13830
5653,11064
5654,5654
5655,5655
5656,12502
5657,9634
5658,16017
5659,14651
5660,15135
5661,5661
5662,5662
5663,13024
5664,14721
5665,10534
5666,5666
5667,1911
5668,5668
5669,5669
5670,5670
5671,5671
5672,3560
5673,15129
5674,8557
5675,10534
5676,720
5677,5677
5678,5678
5679,14913
5680,5678
5681,5681
5682,5678
5683,15858
5684,2602
5685,13556
5686,15471
5687,9380
5688,15232
5689,14010
5690,5690
5691,5691
5692,9313
5693,5513
5694,10534
5695,5695
5696,5696
5697,7488
5698,5698
5699,14800
5700,13766
5701,9522
5702,8503
5703,14033
5704,9002
5705,13295
5706,6400
5707,10534
5708,15868
5709,5709
5710,5710
5711,5711
5712,15748
5713,15131
5714,15459
5715,5715
5716,5716
5717,5717
5718,9513
5719,5719
5720,11830
5721,12705
5722,2602
5723,5723
5724,8802
5725,737
5726,10781
5727,5727
5728,5728
5729,5729
5730,3560
5731,5731
5732,5691
5733,5733
5734,7488
5735,6867
5736,14044
5737,8583
5738,14825
5739,5739
5740,5678
5741,10939
5742,5742
5743,14038
5744,15501
5745,8064
5746,5746
5747,15649
5748,13550
5749,8691
5750,15309
5751,12063
5752,9798
5753,5753
5754,12562
5755,5755
5756,13364
5757,1076
5758,5758
5759,5759
5760,14058
5761,12562
5762,5762
5763,13016
5764,13377
5765,5765
5766,5766
5767,6693
5768,5768
5769,11782
5770,11254
5771,15771
5772,8469
5773,16069
5774,11160
5775,16205
5776,12210
5777,5777
5778,12589
5779,8504
5780,3139
5781,5781
5782,5782
5783,11499
5784,12210
5785,11290
5786,5786
5787,8720
5788,11173
5789,5791
5790,16007
5791,5791
5792,866
5793,5793
5794,8036
5795,14654
5796,9634
5797,5797
5798,11400
5799,5799
5800,6126
5801,15575
5802,5802
5803,1290
5804,14485
5805,14066
5806,16209
5807,13216
5808,9746
5809,13603
5810,15957
5811,7031
5812,6074
5813,6639
5814,5814
5815,4044
5816,5396
5817,11237
5818,2291
5819,5819
5820,11160
5821,11302
5822,5822
5823,12875
5824,15462
5825,13806
5826,5826
5827,14744
5828,16130
5829,5829
5830,5830
5831,13218
5832,14111
5833,13221
5834,5834
5835,5835
5836,13373
5837,5837
5838,5838
5839,15483
5840,5840
5841,2977
5842,10765
5843,13009
5844,12423
5845,13255
5846,12780
5847,15717
5848,15569
5849,5849
5850,12426
5851,5862
5852,13601
5853,11170
5854,13361
5855,11154
5856,5862
5857,14812
5858,14154
5859,5859
5860,14522
5861,7240
5862,5862
5863,5863
5864,16206
5865,5865
5866,11379
5867,4410
5868,11056
5869,15861
5870,5870
5871,5871
5872,14177
5873,12936
5874,5874
5875,176
5876,5876
5877,10742
5878,5878
5879,5879
5880,12956
5881,16122
5882,4569
5883,5883
5884,1524
5885,5885
5886,15814
5887,15721
5888,13520
5889,14505
5890,5890
5891,14230
5892,1509
5893,14432
5894,8836
5895,9582
5896,15677
5897,5897
5898,15823
5899,6728
5900,14434
5901,6619
5902,11751
5903,16009
5904,14494
5905,7595
5906,5906
5907,14494
5908,14505
5909,1524
5910,1053
5911,5911
5912,12562
5913,9770
5914,10686
5915,12567
5916,12678
5917,6908
5918,10180
5919,10609
5920,13016
5921,14111
5922,15833
5923,5923
5924,11374
5925,15917
5926,15865
5927,5928
5928,5928
5929,15882
5930,8150
5931,5931
5932,10703
5933,13080
5934,9726
5935,13091
5936,5936
5937,11064
5938,14851
5939,116
5940,13795
5941,431
5942,12036
5943,3914
5944,4547
5945,5945
5946,16236
5947,3678
5948,5948
5949,12749
5950,5950
5951,5951
5952,5952
5953,15974
5954,7240
5955,12126
5956,7031
5957,5957
5958,9634
5959,5959
5960,4732
5961,3083
5962,7227
5963,7223
5964,7720
5965,12036
5966,15797
5967,9937
5968,127
5969,5969
5970,4532
5971,5971
5972,11379
5973,8779
5974,13606
5975,15772
5976,4316
5977,6083
5978,5978
5979,5979
5980,5980
5981,5981
5982,11629
5983,15354
5984,15775
5985,5985
5986,5606
5987,5987
5988,15135
5989,5989
5990,13540
5991,15017
5992,11555
5993,5993
5994,5994
5995,5995
5996,5996
5997,11429
5998,8802
5999,12841
6000,3198
6001,6457
6002,6002
6003,16214
6004,11499
6005,10905
6006,6006
6007,12780
6008,6008
6009,6009
6010,6009
6011,6011
6012,12780
6013,6013
6014,1529
6015,5444
6016,15649
6017,5588
6018,6619
6019,7214
6020,6020
6021,6021
6022,8446
6023,6023
6024,6024
6025,6025
6026,6026
6027,6027
6028,9918
6029,6029
6030,7976
6031,6031
6032,6032
6033,12219
6034,13714
6035,14471
6036,6036
6037,15069
6038,6038
6039,6039
6040,15152
6041,6619
6042,6042
6043,10774
6044,6044
6045,10034
6046,6046
6047,6047
6048,6048
6049,11918
6050,13724
6051,5396
6052,6768
6053,12231
6054,6054
6055,9937
6056,678
6057,6057
6058,6058
6059,1237
6060,11483
6061,15916
6062,6062
6063,6063
6064,6064
6065,6065
6066,4532
6067,11822
6068,116
6069,11237
6070,11887
6071,6071
6072,6072
6073,6073
6074,6074
6075,1688
6076,10824
6077,11235
6078,12845
6079,6079
6080,6080
6081,6081
6082,10843
6083,6083
6084,15451
6085,6085
6086,9634
6087,6768
6088,13841
6089,6089
6090,15969
6091,6091
6092,6570
6093,6093
6094,6094
6095,256
6096,15279
6097,9341
6098,6098
6099,13550
6100,6100
6101,11614
6102,11351
6103,13550
6104,15279
6105,6105
6106,11237
6107,15126
6108,6108
6109,6109
6110,12126
6111,9579
6112,15815
6113,15173
6114,6114
6115,11302
6116,9193
6117,6117
6118,15786
6119,6119
6120,1519
6121,6121
6122,7426
6123,6123
6124,6124
6125,15029
6126,6126
6127,6369
6128,3691
6129,1384
6130,6130
6131,128
6132,15015
6133,11928
6134,15861
6135,15015
6136,6136
6137,9736
6138,11160
6139,10354
6140,6140
6141,12629
6142,6142
6143,13422
6144,8518
6145,11269
6146,6146
6147,2924
6148,12108
6149,6149
6150,14850
6151,6151
6152,11728
6153,6153
6154,7214
6155,6155
6156,12419
6157,5472
6158,6158
6159,9634
6160,13471
6161,6161
6162,6162
6163,6369
6164,6164
6165,8997
6166,6257
6167,15537
6168,7452
6169,1166
6170,9644
6171,7452
6172,6172
6173,8997
6174,15184
6175,5234
6176,6176
6177,11134
6178,10312
6179,7445
6180,6180
6181,14740
6182,6182
6183,15174
6184,13444
6185,10123
6186,10123
6187,9584
6188,6188
6189,2181
6190,6190
6191,9667
6192,6192
6193,6193
6194,6194
6195,10676
6196,6196
6197,6197
6198,6198
6199,15176
6200,1975
6201,6201
6202,6202
6203,6203
6204,6204
6205,3355
6206,13471
6207,12132
6208,6208
6209,6209
6210,6210
6211,6211
6212,10243
6213,6570
6214,6214
6215,4067
6216,6216
6217,6217
6218,6218
6219,6219
6220,6220
6221,12664
6222,14525
6223,6223
6224,13390
6225,4912
6226,6226
6227,6619
6228,12374
6229,6229
6230,3856
6231,16091
6232,10897
6233,6233
6234,3878
6235,6235
6236,6236
6237,2262
6238,9167
6239,13261
6240,7536
6241,16091
6242,6242
6243,12072
6244,14337
6245,16153
6246,2253
6247,6247
6248,6248
6249,6249
6250,10083
6251,4476
6252,2261
6253,6253
6254,10030
6255,11990
6256,15181
6257,6257
6258,15537
6259,15529
6260,6260
6261,14505
6262,6262
6263,11990
6264,9649
6265,5308
6266,8887
6267,6267
6268,6268
6269,16097
6270,1219
6271,11237
6272,5396
6273,1237
6274,13681
6275,7081
6276,6276
6277,11614
6278,11379
6279,6279
6280,12383
6281,6281
6282,1206
6283,15633
6284,15451
6285,12749
6286,6544
6287,10843
6288,6288
6289,12383
6290,12744
6291,9005
6292,7770
6293,6293
6294,9784
6295,9311
6296,2579
6297,6297
6298,12347
6299,6299
6300,6300
6301,6301
6302,2602
6303,9007
6304,6304
6305,6305
6306,16224
6307,8583
6308,4
6309,15831
6310,6310
6311,6311
6312,15378
6313,5179
6314,6314
6315,6315
6316,6316
6317,6317
6318,9786
6319,12654
6320,15851
6321,6321
6322,6316
6323,6323
6324,15676
6325,6325
6326,6326
6327,14651
6328,6328
6329,6329
6330,6330
6331,6331
6332,6332
6333,6333
6334,801
6335,6335
6336,8787
6337,6337
6338,8789
6339,794
6340,806
6341,6341
6342,6342
6343,6343
6344,7322
6345,8789
6346,6346
6347,15876
6348,15680
6349,6349
6350,12502
6351,12900
6352,10109
6353,8192
6354,14915
6355,10234
6356,14982
6357,6357
6358,6358
6359,12374
6360,6360
6361,9244
6362,1688
6363,2858
6364,10839
6365,15015
6366,6366
6367,13594
6368,3643
6369,6369
6370,15029
6371,14405
6372,11629
6373,15533
6374,14032
6375,15840
6376,3458
6377,5719
6378,6378
6379,12067
6380,4952
6381,8446
6382,3560
6383,6383
6384,14041
6385,10534
6386,6386
6387,16073
6388,10534
6389,11089
6390,14760
6391,6391
6392,6392
6393,6393
6394,6394
6395,6400
6396,12067
6397,11629
6398,6472
6399,16188
6400,6400
6401,6401
6402,6402
6403,11543
6404,9005
6405,12605
6406,6406
6407,8644
6408,6408
6409,15487
6410,15518
6411,3487
6412,6316
6413,14586
6414,11629
6415,14767
6416,15851
6417,2580
6418,6418
6419,6419
6420,10199
6421,6421
6422,6422
6423,6423
6424,11436
6425,9121
6426,5989
6427,12612
6428,2579
6429,15354
6430,6430
6431,9357
6432,15093
6433,6464
6434,6434
6435,12499
6436,6436
6437,5552
6438,15279
6439,6439
6440,6440
6441,8101
6442,14972
6443,14972
6444,6444
6445,5359
6446,6446
6447,14840
6448,5668
6449,12613
6450,6450
6451,6451
6452,8446
6453,16119
6454,9121
6455,6455
6456,16073
6457,6457
6458,15135
6459,6459
6460,6461
6461,6461
6462,11836
6463,9465
6464,6464
6465,8496
6466,6466
6467,6467
6468,11554
6469,6469
6470,6470
6471,12589
6472,6472
6473,6473
6474,13746
6475,1924
6476,6436
6477,6477
6478,6478
6479,8902
6480,2283
6481,6481
6482,1688
6483,6791
6484,6484
6485,6485
6486,6486
6487,8807
6488,14299
6489,16080
6490,6490
6491,12589
6492,13566
6493,12548
6494,13660
6495,6998
6496,4952
6497,12548
6498,6498
6499,15131
6500,6500
6501,7626
6502,15927
6503,116
6504,6105
6505,13830
6506,176
6507,6507
6508,13210
6509,15451
6510,12383
6511,6511
6512,14972
6513,10337
6514,15127
6515,6515
6516,15388
6517,1304
6518,10572
6519,6519
6520,14154
6521,14038
6522,4315
6523,6523
6524,6524
6525,15451
6526,8998
6527,14609
6528,13349
6529,7900
6530,13224
6531,15987
6532,6532
6533,3349
6534,12961
6535,6535
6536,7900
6537,5591
6538,6538
6539,11774
6540,11010
6541,9937
6542,6677
6543,15029
6544,6544
6545,6545
6546,6546
6547,7031
6548,6548
6549,9978
6550,11379
6551,11237
6552,11774
6553,898
6554,1219
6555,11351
6556,12997
6557,8720
6558,7031
6559,12752
6560,6560
6561,6561
6562,10836
6563,152
6564,13879
6565,1237
6566,9937
6567,9157
6568,13830
6569,15957
6570,6570
6571,6571
6572,807
6573,15501
6574,7081
6575,15177
6576,11174
6577,6048
6578,15601
6579,14684
6580,6580
6581,6581
6582,6582
6583,390
6584,6584
6585,15737
6586,6606
6587,390
6588,6588
6589,6589
6590,6590
6591,14531
6592,6592
6593,1219
6594,3914
6595,8716
6596,6596
6597,6597
6598,10956
6599,806
6600,10175
6601,8912
6602,6602
6603,6603
6604,12513
6605,575
6606,6606
6607,4785
6608,6608
6609,6609
6610,1166
6611,1166
6612,2191
6613,6613
6614,8997
6615,5542
6616,8694
6617,6617
6618,6619
6619,6619
6620,6606
6621,6621
6622,7664
6623,3223
6624,10759
6625,12741
6626,6626
6627,13724
6628,2858
6629,9634
6630,7879
6631,11934
6632,11237
6633,10956
6634,12749
6635,11237
6636,6636
6637,2858
6638,9746
6639,6639
6640,6640
6641,1237
6642,6642
6643,10956
6644,15576
6645,13681
6646,9634
6647,6647
6648,6648
6649,6649
6650,3782
6651,4752
6652,6743
6653,7031
6654,13080
6655,6655
6656,11237
6657,6657
6658,6658
6659,11173
6660,10956
6661,7308
6662,6662
6663,13550
6664,6664
6665,12502
6666,6666
6667,6667
6668,13601
6669,9736
6670,116
6671,11074
6672,6672
6673,8720
6674,9188
6675,15279
6676,8273
6677,6677
6678,6677
6679,6679
6680,13039
6681,12749
6682,6731
6683,15279
6684,6684
6685,4532
6686,7237
6687,13594
6688,6596
6689,6689
6690,15279
6691,15576
6692,14972
6693,6693
6694,13035
6695,13816
6696,15876
6697,6697
6698,6698
6699,6699
6700,6700
6701,8064
6702,6702
6703,6703
6704,15537
6705,12961
6706,15152
6707,6707
6708,15601
6709,1166
6710,10722
6711,6712
6712,6712
6713,6713
6714,15410
6715,6715
6716,1574
6717,9764
6718,6718
6719,6719
6720,10256
6721,6721
6722,6722
6723,1143
6724,1068
6725,12028
6726,6726
6727,14254
6728,6728
6729,12749
6730,6730
6731,6731
6732,13681
6733,15001
6734,9599
6735,6735
6736,7237
6737,9634
6738,7081
6739,12145
6740,15576
6741,10952
6742,6742
6743,6743
6744,12749
6745,6745
6746,1313
6747,7623
6748,12731
6749,6192
6750,8776
6751,15451
6752,15451
6753,3691
6754,6754
6755,2015
6756,16068
6757,6757
6758,14654
6759,8054
6760,12383
6761,2015
6762,6762
6763,6763
6764,9745
6765,12383
6766,9726
6767,6767
6768,6768
6769,6769
6770,8776
6771,6771
6772,11160
6773,1688
6774,12741
6775,14626
6776,6767
6777,3782
6778,6639
6779,1237
6780,3782
6781,10956
6782,9155
6783,8064
6784,6784
6785,3914
6786,11886
6787,4532
6788,15348
6789,6789
6790,6790
6791,6791
6792,4434
6793,176
6794,13377
6795,6636
6796,6796
6797,6797
6798,13377
6799,3914
6800,9736
6801,16206
6802,14893
6803,11657
6804,13929
6805,6805
6806,13190
6807,6807
6808,6808
6809,15865
6810,6810
6811,8123
6812,12178
6813,14180
6814,1166
6815,12936
6816,14254
6817,6817
6818,6619
6819,6819
6820,6820
6821,6821
6822,8064
6823,15876
6824,6824
6825,9937
6826,9083
6827,11719
6828,6048
6829,15916
6830,11756
6831,10017
6832,6832
6833,6833
6834,6834
6835,6835
6836,6836
6837,11774
6838,6838
6839,3914
6840,12615
6841,6841
6842,12741
6843,12502
6844,12749
6845,3914
6846,6846
6847,889
6848,6848
6849,6849
6850,6850
6851,11548
6852,6852
6853,2579
6854,10201
6855,2579
6856,9007
6857,2579
6858,2747
6859,5047
6860,15037
6861,9274
6862,8770
6863,15296
6864,2579
6865,14462
6866,6866
6867,6867
6868,8583
6869,14462
6870,2579
6871,13066
6872,6872
6873,5588
6874,14386
6875,11190
6876,4219
6877,13734
6878,6619
6879,15071
6880,6880
6881,8997
6882,13390
6883,4931
6884,6884
6885,11774
6886,15633
6887,3914
6888,807
6889,3914
6890,12383
6891,6891
6892,9634
6893,1710
6894,15677
6895,12392
6896,15680
6897,8687
6898,9821
6899,4896
6900,13972
6901,9719
6902,12562
6903,7795
6904,13972
6905,15091
6906,12799
6907,15561
6908,6908
6909,1965
6910,15968
6911,6911
6912,1962
6913,15697
6914,318
6915,5793
6916,11379
6917,6768
6918,7031
6919,12824
6920,13830
6921,7871
6922,8446
6923,390
6924,9569
6925,14525
6926,6926
6927,13172
6928,6928
6929,6929
6930,13731
6931,5533
6932,12780
6933,12179
6934,15127
6935,6935
6936,12780
6937,5121
6938,13172
6939,5928
6940,6940
6941,390
6942,6942
6943,13207
6944,6944
6945,15529
6946,2342
6947,1795
6948,6948
6949,14731
6950,7790
6951,13922
6952,8968
6953,6953
6954,4581
6955,15144
6956,6956
6957,6957
6958,10581
6959,6959
6960,2460
6961,2479
6962,9953
6963,6963
6964,12395
6965,2479
6966,7240
6967,6967
6968,11010
6969,12075
6970,5396
6971,6971
6972,3914
6973,176
6974,6974
6975,6975
6976,6976
6977,12383
6978,6978
6979,6979
6980,14462
6981,8499
6982,13029
6983,13660
6984,6984
6985,8644
6986,6986
6987,6987
6988,6988
6989,15914
6990,6990
6991,1963
6992,6992
6993,6993
6994,6994
6995,14060
6996,6996
6997,6997
6998,6998
6999,10905
7000,7000
7001,12589
7002,15715
7003,10293
7004,7004
7005,11543
7006,7006
7007,26
7008,7008
7009,7009
7010,7010
7011,7011
7012,15715
7013,13029
7014,10534
7015,11548
7016,7016
7017,7017
7018,7018
7019,12961
7020,7020
7021,8150
7022,11639
7023,12961
7024,10034
7025,10034
7026,15573
7027,5252
7028,7028
7029,16206
7030,7030
7031,7031
7032,7032
7033,7031
7034,11064
7035,7035
7036,7036
7037,13932
7038,116
7039,7039
7040,4434
7041,8098
7042,6767
7043,12502
7044,7044
7045,3099
7046,7046
7047,11114
7048,7048
7049,2444
7050,7187
7051,9953
7052,13261
7053,7512
7054,7054
7055,7055
7056,7056
7057,7057
7058,11657
7059,7059
7060,7060
7061,7061
7062,10642
7063,7063
7064,15833
7065,7900
7066,7066
7067,7283
7068,12132
7069,4314
7070,7070
7071,13474
7072,7070
7073,7066
7074,12961
7075,14744
7076,9410
7077,13550
7078,12405
7079,7237
7080,4532
7081,7081
7082,15184
7083,15110
7084,7084
7085,11114
7086,11929
7087,431
7088,16056
7089,11400
7090,7090
7091,7091
7092,9978
7093,7093
7094,7094
7095,7426
7096,14952
7097,7097
7098,7098
7099,7099
7100,10354
7101,7101
7102,12998
7103,7103
7104,7104
7105,7105
7106,11310
7107,7107
7108,16169
7109,3445
7110,14659
7111,7113
7112,7112
7113,7113
7114,15609
7115,11769
7116,9207
7117,12519
7118,9238
7119,7445
7120,7287
7121,9036
7122,2282
7123,6473
7124,5103
7125,7125
7126,15833
7127,7127
7128,7128
7129,7129
7130,7130
7131,4585
7132,13885
7133,7133
7134,7805
7135,5095
7136,13390
7137,7137
7138,7138
7139,14495
7140,7140
7141,14494
7142,7142
7143,5410
7144,7144
7145,7145
7146,7900
7147,12961
7148,7148
7149,7149
7150,7150
7151,14111
7152,7641
7153,9685
7154,7154
7155,7155
7156,7156
7157,8161
7158,7158
7159,7159
7160,15127
7161,949
7162,7162
7163,9963
7164,7164
7165,14111
7166,7706
7167,7167
7168,10030
7169,10507
7170,13666
7171,13460
7172,3027
7173,7173
7174,7174
7175,7175
7176,14756
7177,16173
7178,6963
7179,8920
7180,7180
7181,7181
7182,13872
7183,11449
7184,2444
7185,8920
7186,7186
7187,7187
7188,7188
7189,7189
7190,13872
7191,13584
7192,12857
7193,7193
7194,5588
7195,3003
7196,7196
7197,7197
7198,7198
7199,10682
7200,10684
7201,7201
7202,1103
7203,7203
7204,7204
7205,12554
7206,7206
7207,10246
7208,10164
7209,7209
7210,7210
7211,7211
7212,7212
7213,7213
7214,7214
7215,7215
7216,3027
7217,6257
7218,5308
7219,3027
7220,7220
7221,15347
7222,7222
7223,7223
7224,7224
7225,15916
7226,7226
7227,7227
7228,7228
7229,1688
7230,5928
7231,7231
7232,7232
7233,7233
7234,7240
7235,9336
7236,1684
7237,7237
7238,256
7239,7239
7240,7240
7241,7241
7242,7242
7243,11552
7244,7244
7245,8802
7246,9457
7247,8496
7248,15980
7249,10055
7250,7250
7251,13957
7252,9323
7253,7253
7254,11190
7255,13461
7256,8577
7257,6619
7258,7258
7259,7259
7260,6805
7261,7261
7262,16009
7263,9978
7264,7264
7265,7265
7266,7266
7267,7267
7268,15539
7269,14896
7270,7270
7271,7271
7272,7272
7273,14957
7274,7274
7275,7275
7276,3825
7277,7277
7278,15601
7279,7279
7280,7280
7281,7272
7282,7282
7283,7283
7284,4862
7285,7285
7286,7286
7287,7287
7288,7288
7289,2977
7290,12369
7291,7291
7292,7292
7293,7293
7294,7304
7295,12415
7296,7296
7297,2579
7298,7298
7299,14269
7300,8644
7301,7301
7302,6326
7303,7303
7304,7304
7305,7305
7306,7306
7307,8754
7308,7308
7309,7309
7310,7310
7311,7617
7312,1688
7313,9937
7314,6596
7315,16162
7316,5308
7317,11668
7318,8789
7319,7319
7320,7320
7321,7321
7322,7322
7323,7323
7324,8789
7325,7325
7326,7326
7327,7322
7328,7328
7329,806
7330,2224
7331,7331
7332,13963
7333,8789
7334,7334
7335,10175
7336,794
7337,3718
7338,7338
7339,8789
7340,7340
7341,7320
7342,10043
7343,10380
7344,10212
7345,3139
7346,7346
7347,3572
7348,7348
7349,12612
7350,10601
7351,7351
7352,15371
7353,10905
7354,15543
7355,15702
7356,7356
7357,12606
7358,10212
7359,6326
7360,7360
7361,8716
7362,15268
7363,9336
7364,14193
7365,10956
7366,8720
7367,8779
7368,11379
7369,5083
7370,11398
7371,2015
7372,12428
7373,7373
7374,15268
7375,7375
7376,7376
7377,7377
7378,7378
7379,7379
7380,7900
7381,15336
7382,7382
7383,7383
7384,16073
7385,2303
7386,7386
7387,14513
7388,15739
7389,3691
7390,7237
7391,8720
7392,6693
7393,7393
7394,9341
7395,7395
7396,176
7397,7397
7398,14159
7399,4044
7400,15433
7401,9758
7402,3030
7403,4912
7404,7404
7405,7405
7406,7445
7407,15787
7408,15211
7409,9562
7410,11567
7411,16173
7412,7412
7413,807
7414,7426
7415,10968
7416,859
7417,7417
7418,7426
7419,176
7420,7420
7421,7421
7422,13830
7423,807
7424,7424
7425,7425
7426,7426
7427,5083
7428,7412
7429,7426
7430,15268
7431,7431
7432,7432
7433,7417
7434,9634
7435,7435
7436,12989
7437,10610
7438,13972
7439,12570
7440,3203
7441,7913
7442,4316
7443,8776
7444,15184
7445,7445
7446,7446
7447,13369
7448,7448
7449,7449
7450,15529
7451,8378
7452,7452
7453,7453
7454,7454
7455,9401
7456,15529
7457,7457
7458,15740
7459,15529
7460,176
7461,12383
7462,7462
7463,7463
7464,12947
7465,6754
7466,7466
7467,12997
7468,7701
7469,160
7470,7470
7471,2015
7472,7472
7473,8064
7474,7474
7475,13440
7476,6473
7477,13746
7478,7478
7479,11674
7480,7480
7481,8822
7482,15858
7483,7483
7484,7484
7485,7485
7486,14840
7487,12707
7488,7488
7489,7489
7490,7490
7491,7491
7492,6457
7493,11428
7494,12964
7495,7198
7496,15279
7497,8776
7498,6172
7499,7499
7500,10534
7501,13566
7502,11474
7503,10909
7504,7504
7505,7573
7506,13006
7507,7525
7508,7517
7509,7509
7510,7510
7511,7511
7512,7512
7513,7513
7514,7514
7515,7515
7516,7516
7517,7517
7518,7512
7519,7517
7520,9262
7521,7521
7522,7522
7523,7523
7524,7524
7525,7525
7526,7526
7527,7527
7528,9244
7529,9262
7530,13249
7531,7531
7532,7532
7533,7533
7534,7534
7535,15732
7536,7536
7537,16091
7538,16091
7539,12069
7540,7540
7541,7541
7542,7542
7543,16110
7544,7517
7545,7545
7546,7546
7547,7547
7548,7548
7549,7549
7550,7512
7551,7551
7552,12374
7553,12374
7554,13006
7555,15732
7556,7556
7557,7557
7558,2259
7559,7559
7560,7560
7561,10877
7562,7562
7563,9730
7564,7587
7565,2259
7566,14337
7567,2259
7568,2259
7569,10183
7570,7570
7571,9263
7572,13249
7573,7573
7574,7574
7575,7575
7576,7576
7577,7577
7578,7578
7579,10896
7580,14337
7581,7581
7582,16091
7583,7583
7584,7586
7585,2259
7586,7586
7587,7587
7588,7588
7589,7589
7590,7590
7591,7591
7592,15917
7593,7593
7594,7594
7595,7595
7596,6268
7597,7597
7598,6619
7599,12873
7600,7600
7601,2262
7602,7602
7603,7603
7604,7604
7605,7512
7606,7576
7607,7607
7608,7608
7609,7609
7610,7534
7611,12380
7612,10083
7613,15560
7614,7512
7615,12697
7616,15957
7617,7617
7618,7618
7619,7619
7620,7620
7621,7621
7622,7622
7623,7623
7624,7624
7625,7625
7626,7626
7627,116
7628,7623
7629,2858
7630,8098
7631,7631
7632,1684
7633,16122
7634,12887
7635,4532
7636,3767
7637,9634
7638,15861
7639,7900
7640,12961
7641,7641
7642,9903
7643,12035
7644,10507
7645,14111
7646,7900
7647,7647
7648,7648
7649,15717
7650,8172
7651,5121
7652,7641
7653,7658
7654,7654
7655,7655
7656,15833
7657,6606
7658,7658
7659,7659
7660,7660
7661,2181
7662,7662
7663,7663
7664,7664
7665,13256
7666,7666
7667,4798
7668,7668
7669,7669
7670,7670
7671,8064
7672,7672
7673,11491
7674,8093
7675,7879
7676,6693
7677,10017
7678,14159
7679,14159
7680,7680
7681,11400
7682,7682
7683,13162
7684,7426
7685,6369
7686,7686
7687,7687
7688,12780
7689,14777
7690,8172
7691,7691
7692,7692
7693,7693
7694,15243
7695,7695
7696,1492
7697,13848
7698,7698
7699,7699
7700,15576
7701,7701
7702,10956
7703,176
7704,15680
7705,7705
7706,7706
7707,7707
7708,5533
7709,14684
7710,12780
7711,14893
7712,7706
7713,9634
7714,11928
7715,7715
7716,8230
7717,11061
7718,10964
7719,7719
7720,7720
7721,13440
7722,7722
7723,7723
7724,7724
7725,9361
7726,7726
7727,7727
7728,8349
7729,7729
7730,6636
7731,15784
7732,14732
7733,7733
7734,14818
7735,7735
7736,12457
7737,7737
7738,7738
7739,7739
7740,11302
7741,16123
7742,11310
7743,13872
7744,16155
7745,7745
7746,11310
7747,8920
7748,7748
7749,2453
7750,7750
7751,12432
7752,7752
7753,7753
7754,11190
7755,7755
7756,8694
7757,15601
7758,7758
7759,10522
7760,15212
7761,11657
7762,7762
7763,7763
7764,7764
7765,14825
7766,7766
7767,12922
7768,7768
7769,7769
7770,7770
7771,720
7772,3560
7773,7773
7774,12502
7775,11841
7776,7776
7777,7445
7778,4222
7779,7779
7780,8858
7781,3030
7782,1509
7783,14551
7784,7976
7785,12108
7786,9562
7787,15175
7788,7788
7789,14587
7790,7790
7791,7791
7792,9157
7793,13377
7794,12143
7795,7795
7796,7796
7797,7797
7798,7798
7799,7799
7800,7800
7801,7801
7802,7802
7803,7803
7804,7804
7805,7805
7806,7806
7807,14365
7808,14154
7809,7809
7810,7810
7811,7811
7812,7812
7813,8807
7814,13448
7815,7815
7816,14269
7817,12415
7818,7818
7819,8502
7820,9786
7821,15055
7822,7822
7823,11054
7824,11054
7825,9388
7826,7826
7827,7827
7828,13859
7829,7829
7830,7830
7831,7831
7832,1833
7833,1237
7834,7834
7835,7835
7836,15927
7837,13080
7838,15934
7839,9935
7840,9336
7841,6767
7842,8230
7843,15513
7844,10560
7845,116
7846,7846
7847,7847
7848,9905
7849,7849
7850,8583
7851,5624
7852,7852
7853,15832
7854,16223
7855,15280
7856,9494
7857,7849
7858,14825
7859,15378
7860,7860
7861,13566
7862,13859
7863,9007
7864,7864
7865,16247
7866,15029
7867,11173
7868,12151
7869,7869
7870,5069
7871,7871
7872,11370
7873,11400
7874,9978
7875,7875
7876,9593
7877,15029
7878,7878
7879,7879
7880,7880
7881,7881
7882,7882
7883,7883
7884,6940
7885,7900
7886,7886
7887,7887
7888,7888
7889,13377
7890,6731
7891,13356
7892,7892
7893,7893
7894,16069
7895,7623
7896,13606
7897,15717
7898,11130
7899,8147
7900,7900
7901,15738
7902,12562
7903,12562
7904,7904
7905,3203
7906,9813
7907,7907
7908,1963
7909,10167
7910,15703
7911,7911
7912,7912
7913,7913
7914,7914
7915,12033
7916,13972
7917,1954
7918,14058
7919,10610
7920,10180
7921,7921
7922,7922
7923,3203
7924,1429
7925,13887
7926,13221
7927,13348
7928,2449
7929,11333
7930,7930
7931,116
7932,15677
7933,7933
7934,7934
7935,9953
7936,11710
7937,7948
7938,7938
7939,7831
7940,7940
7941,13673
7942,16001
7943,7943
7944,12291
7945,7945
7946,11302
7947,3423
7948,7948
7949,16173
7950,8476
7951,11222
7952,7952
7953,4372
7954,8123
7955,8387
7956,12857
7957,7287
7958,10685
7959,7959
7960,7960
7961,7961
7962,14017
7963,981
7964,11823
7965,3027
7966,10759
7967,11728
7968,14301
7969,14301
7970,9696
7971,13620
7972,15173
7973,15207
7974,15191
7975,7975
7976,7976
7977,9746
7978,15064
7979,7979
7980,10361
7981,9189
7982,12629
7983,11130
7984,15100
7985,15528
7986,7986
7987,2336
7988,15451
7989,10381
7990,16073
7991,14041
7992,11837
7993,7993
7994,7994
7995,7995
7996,16094
7997,7997
7998,14041
7999,7999
8000,16145
8001,8001
8002,12347
8003,8003
8004,8004
8005,8005
8006,14721
8007,8349
8008,15487
8009,15475
8010,15039
8011,8551
8012,8369
8013,10494
8014,8014
8015,8015
8016,13766
8017,8017
8018,14434
8019,2342
8020,13946
8021,8021
8022,8022
8023,15987
8024,8024
8025,8025
8026,4776
8027,8027
8028,10732
8029,8029
8030,8030
8031,8031
8032,15211
8033,12623
8034,8034
8035,9746
8036,8036
8037,8037
8038,12697
8039,8720
8040,14154
8041,8041
8042,14154
8043,9726
8044,16209
8045,8045
8046,11031
8047,12036
8048,7240
8049,14154
8050,8050
8051,8051
8052,4316
8053,14927
8054,8054
8055,9937
8056,8056
8057,14223
8058,7240
8059,11710
8060,11550
8061,10293
8062,8064
8063,8064
8064,8064
8065,8794
8066,6024
8067,15144
8068,15493
8069,8069
8070,8070
8071,10534
8072,15832
8073,9850
8074,14724
8075,720
8076,3139
8077,720
8078,8671
8079,10656
8080,8080
8081,116
8082,15885
8083,8083
8084,889
8085,8085
8086,16206
8087,13493
8088,5874
8089,8089
8090,8090
8091,11614
8092,8092
8093,8093
8094,8094
8095,8095
8096,8096
8097,8097
8098,8098
8099,116
8100,14471
8101,8101
8102,11330
8103,15721
8104,9584
8105,14687
8106,8106
8107,9323
8108,11388
8109,8109
8110,8110
8111,8111
8112,2160
8113,8113
8114,10956
8115,12902
8116,8116
8117,14505
8118,14972
8119,11852
8120,10225
8121,14777
8122,6726
8123,8123
8124,6223
8125,3551
8126,10232
8127,8127
8128,15833
8129,13066
8130,9157
8131,8131
8132,13758
8133,5586
8134,8134
8135,14551
8136,9703
8137,14551
8138,9059
8139,8139
8140,8140
8141,8150
8142,16187
8143,8143
8144,8144
8145,8145
8146,12125
8147,8147
8148,8383
8149,14111
8150,8150
8151,12961
8152,14434
8153,8153
8154,8123
8155,13066
8156,8172
8157,8157
8158,12961
8159,8159
8160,8188
8161,8161
8162,8172
8163,10030
8164,8164
8165,8188
8166,13221
8167,4372
8168,13606
8169,8169
8170,8170
8171,7287
8172,8172
8173,15601
8174,10980
8175,4213
8176,11669
8177,8177
8178,8178
8179,15833
8180,8180
8181,14111
8182,10734
8183,8183
8184,8184
8185,8172
8186,8186
8187,8187
8188,8188
8189,8189
8190,8190
8191,8191
8192,8192
8193,8193
8194,8194
8195,15833
8196,8027
8197,8197
8198,8198
8199,8199
8200,8200
8201,8201
8202,12419
8203,4315
8204,16078
8205,8205
8206,12149
8207,11857
8208,8208
8209,8209
8210,12761
8211,9599
8212,16122
8213,8213
8214,7286
8215,11710
8216,11313
8217,8217
8218,6349
8219,9157
8220,4316
8221,1696
8222,11076
8223,1237
8224,13879
8225,8054
8226,15916
8227,8227
8228,1237
8229,6349
8230,8230
8231,12147
8232,6009
8233,1313
8234,5870
8235,8235
8236,8236
8237,8237
8238,9937
8239,8239
8240,8240
8241,9667
8242,8242
8243,8243
8244,11134
8245,14176
8246,6672
8247,11216
8248,8248
8249,6731
8250,9978
8251,8251
8252,4752
8253,10534
8254,6596
8255,8255
8256,3786
8257,8257
8258,4532
8259,8259
8260,8260
8261,8261
8262,14951
8263,8263
8264,8264
8265,2262
8266,14713
8267,11874
8268,8268
8269,8269
8270,8270
8271,8271
8272,10956
8273,8273
8274,7240
8275,7237
8276,15451
8277,13523
8278,8278
8279,8279
8280,14494
8281,8281
8282,8282
8283,4976
8284,8284
8285,8285
8286,8286
8287,8287
8288,5435
8289,12961
8290,8290
8291,116
8292,116
8293,8293
8294,9981
8295,8295
8296,8296
8297,11030
8298,8298
8299,8299
8300,14160
8301,8301
8302,14176
8303,6085
8304,176
8305,12947
8306,8306
8307,14160
8308,52
8309,15055
8310,15832
8311,8311
8312,6762
8313,8313
8314,8314
8315,1304
8316,5862
8317,8317
8318,8318
8319,3914
8320,3364
8321,8321
8322,8322
8323,8323
8324,8324
8325,13335
8326,8326
8327,8327
8328,9281
8329,8802
8330,15378
8331,8331
8332,8332
8333,8333
8334,8349
8335,10905
8336,8336
8337,5719
8338,15606
8339,8339
8340,14952
8341,651
8342,10909
8343,8343
8344,15301
8345,8345
8346,8346
8347,14042
8348,3178
8349,8349
8350,8350
8351,15645
8352,8352
8353,12540
8354,651
8355,9357
8356,5678
8357,8357
8358,15301
8359,8359
8360,8360
8361,8361
8362,15848
8363,8363
8364,11436
8365,8671
8366,8366
8367,15343
8368,8368
8369,8369
8370,14825
8371,10546
8372,8372
8373,15003
8374,2977
8375,6613
8376,7449
8377,8377
8378,8378
8379,3848
8380,7066
8381,14495
8382,8382
8383,8383
8384,13415
8385,8385
8386,8386
8387,8387
8388,14968
8389,8389
8390,8436
8391,8391
8392,8392
8393,2
8394,8394
8395,6406
8396,8392
8397,8436
8398,16116
8399,8399
8400,806
8401,8401
8402,799
8403,8403
8404,8404
8405,14342
8406,8401
8407,14351
8408,8408
8409,8409
8410,16208
8411,9511
8412,16188
8413,5047
8414,8414
8415,8415
8416,8416
8417,8417
8418,10180
8419,9764
8420,10681
8421,8421
8422,10180
8423,13377
8424,10767
8425,15927
8426,7081
8427,12684
8428,12374
8429,8429
8430,2181
8431,8431
8432,8432
8433,14
8434,11508
8435,2754
8436,8436
8437,8437
8438,10905
8439,4952
8440,8446
8441,743
8442,8368
8443,14010
8444,15135
8445,9371
8446,8446
8447,8447
8448,8446
8449,8449
8450,8450
8451,15135
8452,15300
8453,16080
8454,15354
8455,14
8456,8456
8457,9281
8458,8458
8459,6768
8460,8460
8461,11081
8462,11886
8463,11173
8464,10894
8465,8465
8466,14972
8467,15001
8468,8468
8469,8469
8470,9784
8471,8471
8472,12210
8473,8369
8474,8474
8475,14896
8476,8476
8477,8906
8478,15949
8479,9978
8480,8480
8481,8481
8482,11237
8483,8483
8484,11400
8485,8485
8486,11216
8487,7227
8488,8888
8489,8489
8490,13929
8491,8491
8492,9755
8493,8493
8494,6146
8495,13298
8496,8496
8497,8497
8498,8498
8499,8499
8500,11830
8501,15354
8502,8502
8503,8503
8504,8504
8505,16224
8506,8506
8507,5430
8508,3117
8509,8509
8510,5247
8511,8511
8512,5314
8513,14684
8514,8514
8515,4934
8516,8516
8517,15134
8518,8518
8519,15029
8520,11483
8521,8521
8522,7979
8523,8523
8524,8524
8525,6721
8526,15914
8527,10180
8528,13972
8529,9769
8530,8530
8531,8531
8532,15914
8533,9769
8534,8534
8535,8535
8536,1143
8537,10180
8538,8538
8539,13972
8540,9770
8541,8541
8542,8542
8543,7795
8544,3203
8545,10180
8546,10684
8547,15914
8548,1013
8549,10684
8550,8550
8551,8551
8552,5607
8553,8553
8554,10736
8555,4952
8556,8496
8557,8557
8558,15444
8559,14041
8560,8560
8561,8496
8562,8562
8563,15301
8564,11436
8565,8565
8566,8566
8567,8567
8568,8568
8569,8569
8570,8570
8571,13295
8572,8572
8573,8496
8574,8574
8575,8575
8576,8551
8577,8577
8578,14717
8579,8579
8580,3139
8581,15035
8582,6316
8583,8583
8584,13956
8585,8585
8586,14651
8587,8587
8588,10798
8589,12332
8590,10201
8591,15412
8592,8592
8593,8593
8594,9005
8595,14290
8596,2579
8597,15912
8598,8598
8599,8599
8600,14462
8601,11885
8602,9311
8603,8603
8604,12744
8605,8794
8606,15296
8607,662
8608,6784
8609,15156
8610,15451
8611,11649
8612,8612
8613,13879
8614,15015
8615,8615
8616,15451
8617,8617
8618,3423
8619,7048
8620,8620
8621,2444
8622,6963
8623,12432
8624,8624
8625,1416
8626,2479
8627,3213
8628,8628
8629,8629
8630,14032
8631,15256
8632,13335
8633,8633
8634,8634
8635,8635
8636,2754
8637,3560
8638,9779
8639,8639
8640,8640
8641,2754
8642,3379
8643,15393
8644,8644
8645,8645
8646,15640
8647,15005
8648,8648
8649,15840
8650,8650
8651,6316
8652,2602
8653,10410
8654,1880
8655,9291
8656,8583
8657,8657
8658,2579
8659,8659
8660,9784
8661,46
8662,11674
8663,13554
8664,15378
8665,10932
8666,5781
8667,14767
8668,9311
8669,8669
8670,2609
8671,8671
8672,6400
8673,8673
8674,8674
8675,8675
8676,8676
8677,8677
8678,9005
8679,1920
8680,8680
8681,8681
8682,8682
8683,8683
8684,8684
8685,15601
8686,8686
8687,8687
8688,8688
8689,13474
8690,9724
8691,8691
8692,8692
8693,8693
8694,8694
8695,8695
8696,4219
8697,10732
8698,8698
8699,8514
8700,15176
8701,8701
8702,11134
8703,8703
8704,8720
8705,8705
8706,8706
8707,14569
8708,8708
8709,9736
8710,786
8711,8711
8712,8712
8713,13701
8714,8714
8715,9978
8716,8716
8717,8717
8718,14177
8719,8719
8720,8720
8721,8721
8722,8722
8723,12383
8724,14793
8725,15451
8726,8726
8727,8727
8728,8728
8729,8716
8730,9978
8731,11379
8732,8732
8733,8733
8734,8644
8735,8735
8736,8736
8737,8737
8738,11433
8739,8739
8740,8740
8741,15031
8742,8742
8743,8743
8744,649
8745,15332
8746,8746
8747,706
8748,8748
8749,10705
8750,13239
8751,8751
8752,8752
8753,8754
8754,8754
8755,15696
8756,8756
8757,8757
8758,12333
8759,8759
8760,8760
8761,8761
8762,6984
8763,8763
8764,8764
8765,8765
8766,8766
8767,8767
8768,752
8769,9288
8770,8770
8771,8771
8772,2579
8773,8773
8774,8774
8775,9746
8776,8776
8777,8776
8778,11918
8779,8779
8780,8780
8781,7326
8782,8789
8783,8783
8784,8784
8785,7334
8786,13463
8787,8787
8788,8788
8789,8789
8790,8790
8791,2602
8792,9288
8793,8793
8794,8794
8795,8795
8796,8796
8797,8797
8798,10534
8799,2579
8800,2579
8801,8801
8802,8802
8803,8644
8804,7304
8805,8805
8806,10905
8807,8807
8808,8808
8809,10905
8810,8810
8811,8811
8812,8812
8813,8813
8814,8814
8815,2579
8816,15858
8817,9311
8818,14269
8819,15858
8820,8820
8821,8821
8822,8822
8823,8823
8824,8824
8825,8446
8826,13385
8827,8827
8828,8828
8829,8829
8830,8830
8831,11805
8832,15273
8833,10534
8834,8834
8835,7976
8836,8836
8837,14654
8838,8838
8839,12383
8840,11400
8841,12845
8842,15575
8843,4991
8844,8844
8845,15865
8846,3272
8847,8847
8848,12967
8849,8849
8850,12125
8851,5890
8852,14007
8853,8857
8854,11190
8855,14156
8856,8856
8857,8857
8858,8858
8859,8859
8860,8860
8861,14220
8862,15771
8863,10017
8864,15927
8865,4650
8866,9746
8867,6136
8868,16206
8869,14489
8870,16122
8871,8871
8872,8872
8873,8873
8874,8874
8875,8875
8876,8876
8877,6619
8878,8878
8879,8172
8880,8880
8881,10030
8882,7900
8883,8883
8884,8884
8885,14254
8886,13734
8887,8887
8888,8888
8889,8888
8890,8890
8891,8891
8892,9562
8893,8893
8894,8894
8895,5245
8896,8896
8897,9323
8898,8898
8899,8888
8900,14684
8901,8901
8902,8902
8903,15601
8904,8904
8905,8905
8906,8906
8907,11639
8908,15949
8909,8909
8910,13198
8911,13532
8912,8912
8913,8913
8914,16169
8915,11443
8916,10581
8917,8917
8918,8918
8919,8920
8920,8920
8921,8921
8922,13135
8923,13509
8924,8924
8925,8925
8926,8926
8927,8918
8928,13460
8929,8929
8930,8930
8931,8931
8932,8932
8933,13562
8934,8934
8935,15909
8936,15064
8937,1511
8938,6036
8939,8939
8940,13946
8941,15069
8942,8942
8943,8943
8944,8944
8945,8945
8946,8946
8947,2858
8948,8948
8949,8949
8950,15934
8951,8064
8952,8952
8953,8953
8954,8954
8955,11572
8956,8956
8957,8957
8958,15519
8959,8959
8960,2488
8961,8961
8962,8962
8963,8963
8964,8964
8965,8965
8966,8966
8967,8858
8968,8968
8969,1157
8970,9401
8971,14141
8972,8972
8973,14864
8974,8974
8975,8975
8976,1851
8977,10609
8978,8978
8979,8979
8980,8980
8981,1963
8982,8982
8983,13081
8984,8984
8985,8051
8986,12731
8987,8987
8988,10613
8989,15680
8990,15029
8991,16069
8992,8992
8993,1166
8994,14986
8995,13390
8996,8996
8997,8997
8998,8998
8999,8999
9000,9000
9001,9001
9002,9002
9003,16005
9004,7488
9005,9005
9006,10905
9007,9007
9008,15702
9009,10198
9010,10534
9011,16208
9012,15487
9013,9013
9014,9014
9015,15702
9016,10417
9017,15702
9018,13861
9019,14042
9020,7031
9021,9021
9022,9917
9023,8952
9024,12506
9025,13599
9026,15941
9027,11904
9028,116
9029,13591
9030,13186
9031,11928
9032,9032
9033,14176
9034,14471
9035,15601
9036,9036
9037,9037
9038,859
9039,9039
9040,9040
9041,9041
9042,9042
9043,15207
9044,14156
9045,14896
9046,13128
9047,9047
9048,14156
9049,14525
9050,116
9051,2015
9052,9052
9053,9053
9054,11918
9055,12780
9056,9056
9057,9057
9058,5211
9059,9059
9060,8096
9061,9061
9062,9062
9063,11928
9064,9064
9065,9065
9066,9066
9067,8754
9068,9068
9069,9274
9070,11548
9071,9071
9072,9072
9073,7292
9074,8765
9075,10909
9076,9076
9077,9483
9078,9078
9079,15261
9080,9080
9081,9081
9082,176
9083,9083
9084,16162
9085,9085
9086,9086
9087,9087
9088,8503
9089,9357
9090,13295
9091,9091
9092,9092
9093,9093
9094,9094
9095,15353
9096,9096
9097,8944
9098,14703
9099,14972
9100,9100
9101,9101
9102,9102
9103,4456
9104,7517
9105,12003
9106,9106
9107,9107
9108,12374
9109,7512
9110,16110
9111,12589
9112,10534
9113,15848
9114,9114
9115,9115
9116,14692
9117,9117
9118,9118
9119,13296
9120,8446
9121,9121
9122,9122
9123,9123
9124,9124
9125,4949
9126,9126
9127,9127
9128,9128
9129,9129
9130,176
9131,9131
9132,1684
9133,12503
9134,9134
9135,9135
9136,12502
9137,14175
9138,9937
9139,9139
9140,9634
9141,14584
9142,9142
9143,14842
9144,9144
9145,8787
9146,15318
9147,806
9148,9148
9149,9149
9150,15727
9151,7031
9152,3117
9153,15279
9154,11064
9155,9155
9156,14154
9157,9157
9158,9158
9159,9159
9160,9160
9161,9161
9162,9162
9163,9163
9164,9164
9165,9165
9166,13249
9167,9167
9168,9168
9169,9169
9170,9170
9171,12395
9172,9172
9173,10358
9174,15717
9175,9175
9176,10980
9177,10243
9178,9178
9179,7070
9180,14220
9181,9181
9182,794
9183,15318
9184,9181
9185,9185
9186,9186
9187,9187
9188,9188
9189,9189
9190,9190
9191,10361
9192,9192
9193,9193
9194,15153
9195,6257
9196,9746
9197,5531
9198,9198
9199,9198
9200,9777
9201,10471
9202,9202
9203,1949
9204,9204
9205,9207
9206,15914
9207,9207
9208,9208
9209,9209
9210,9210
9211,13460
9212,9212
9213,2283
9214,13460
9215,9215
9216,12824
9217,9217
9218,9218
9219,15717
9220,9220
9221,9221
9222,9222
9223,9223
9224,9224
9225,9225
9226,9226
9227,3099
9228,11710
9229,9634
9230,9230
9231,869
9232,14810
9233,9233
9234,7417
9235,9255
9236,12793
9237,13006
9238,9238
9239,16091
9240,16091
9241,9241
9242,16091
9243,9243
9244,9244
9245,9245
9246,12374
9247,9247
9248,12668
9249,12374
9250,16091
9251,12374
9252,9252
9253,15864
9254,9254
9255,9255
9256,2255
9257,9257
9258,12070
9259,9259
9260,13261
9261,7512
9262,9262
9263,9263
9264,16091
9265,9238
9266,15547
9267,9267
9268,15840
9269,9269
9270,14290
9271,9271
9272,9272
9273,9273
9274,9274
9275,2579
9276,10939
9277,10939
9278,9281
9279,9279
9280,9779
9281,9281
9282,14272
9283,9283
9284,9284
9285,9285
9286,13029
9287,8999
9288,9288
9289,9289
9290,14825
9291,9291
9292,9292
9293,15676
9294,2754
9295,15676
9296,16224
9297,15989
9298,15006
9299,9281
9300,12589
9301,9301
9302,10003
9303,16208
9304,9304
9305,15075
9306,9306
9307,10212
9308,9308
9309,7351
9310,9860
9311,9311
9312,8446
9313,9313
9314,9314
9315,9315
9316,6316
9317,6316
9318,15378
9319,3139
9320,9320
9321,5388
9322,9322
9323,9323
9324,8997
9325,15794
9326,10848
9327,9327
9328,15064
9329,14494
9330,9330
9331,2690
9332,1509
9333,10479
9334,9334
9335,7240
9336,9336
9337,9337
9338,7240
9339,9339
9340,9336
9341,9341
9342,9342
9343,2479
9344,12635
9345,9345
9346,2479
9347,1012
9348,9349
9349,9349
9350,2479
9351,8617
9352,9352
9353,9353
9354,12575
9355,6963
9356,9356
9357,9357
9358,9586
9359,11632
9360,6400
9361,9361
9362,16094
9363,9356
9364,176
9365,9365
9366,9366
9367,9367
9368,8446
9369,11438
9370,9370
9371,9371
9372,9372
9373,9373
9374,14032
9375,9375
9376,12502
9377,9377
9378,14154
9379,6369
9380,9380
9381,16094
9382,11629
9383,9383
9384,8446
9385,5359
9386,5055
9387,9387
9388,9388
9389,9389
9390,9390
9391,7488
9392,15533
9393,9393
9394,8446
9395,9395
9396,9396
9397,9397
9398,3030
9399,15739
9400,9400
9401,9401
9402,9402
9403,7686
9404,9404
9405,11030
9406,13678
9407,13841
9408,9408
9409,13069
9410,9410
9411,9411
9412,15917
9413,9413
9414,9414
9415,9288
9416,9779
9417,15989
9418,9418
9419,9419
9420,11429
9421,9421
9422,13335
9423,9423
9424,2754
9425,8575
9426,9426
9427,9427
9428,9291
9429,12303
9430,9430
9431,15135
9432,14159
9433,1099
9434,9746
9435,9435
9436,9436
9437,6214
9438,9438
9439,9439
9440,9440
9441,9441
9442,9442
9443,4004
9444,13554
9445,9445
9446,15232
9447,15645
9448,13295
9449,9449
9450,16081
9451,9357
9452,9452
9453,10905
9454,9454
9455,9455
9456,15356
9457,9457
9458,9458
9459,11436
9460,9357
9461,11629
9462,15039
9463,14821
9464,14405
9465,9465
9466,9466
9467,14462
9468,15116
9469,8502
9470,9470
9471,12605
9472,9719
9473,12678
9474,14382
9475,9475
9476,9476
9477,15378
9478,8349
9479,9479
9480,6329
9481,2602
9482,9482
9483,9483
9484,9484
9485,10736
9486,9486
9487,9487
9488,16208
9489,9492
9490,9490
9491,9491
9492,9492
9493,7304
9494,9494
9495,9495
9496,9905
9497,7849
9498,15832
9499,9499
9500,8014
9501,16028
9502,13566
9503,6021
9504,748
9505,14762
9506,8570
9507,13556
9508,13859
9509,9509
9510,16223
9511,9511
9512,9512
9513,9513
9514,8644
9515,9515
9516,12940
9517,6942
9518,14254
9519,9519
9520,4952
9521,9521
9522,9522
9523,10909
9524,8456
9525,10656
9526,9526
9527,9527
9528,8123
9529,9529
9530,13373
9531,5271
9532,9532
9533,2428
9534,9410
9535,9573
9536,9536
9537,15738
9538,13280
9539,5234
9540,9540
9541,4991
9542,9542
9543,9543
9544,8378
9545,9545
9546,9546
9547,10017
9548,11649
9549,9549
9550,9550
9551,14485
9552,9552
9553,14684
9554,12499
9555,10585
9556,9556
9557,8363
9558,9784
9559,9479
9560,9560
9561,9561
9562,9562
9563,9563
9564,15184
9565,10366
9566,14212
9567,13946
9568,15071
9569,9569
9570,10507
9571,9571
9572,14111
9573,9573
9574,15833
9575,15066
9576,7900
9577,9577
9578,7930
9579,9579
9580,13348
9581,9581
9582,9582
9583,11333
9584,9584
9585,9585
9586,9586
9587,9587
9588,10909
9589,9589
9590,15232
9591,9591
9592,9592
9593,9593
9594,14154
9595,11173
9596,14154
9597,13550
9598,9157
9599,9599
9600,9593
9601,116
9602,7031
9603,9603
9604,9604
9605,9605
9606,9157
9607,7031
9608,6093
9609,11433
9610,9610
9611,16208
9612,9612
9613,15013
9614,10030
9615,9615
9616,9616
9617,9617
9618,6928
9619,9619
9620,5234
9621,7900
9622,9622
9623,9623
9624,1154
9625,5271
9626,3213
9627,16106
9628,9628
9629,9629
9630,9630
9631,9036
9632,10975
9633,8036
9634,9634
9635,10824
9636,9636
9637,12623
9638,9638
9639,9639
9640,13846
9641,9641
9642,9642
9643,6009
9644,9644
9645,11852
9646,9646
9647,9647
9648,9648
9649,9649
9650,9650
9651,9651
9652,9652
9653,9653
9654,9654
9655,9562
9656,6619
9657,13006
9658,13361
9659,9659
9660,9660
9661,9661
9662,9662
9663,1524
9664,1524
9665,11751
9666,8378
9667,9667
9668,9668
9669,5533
9670,15917
9671,14875
9672,7658
9673,7664
9674,9674
9675,13128
9676,7930
9677,7588
9678,9678
9679,9679
9680,9680
9681,16009
9682,15990
9683,9683
9684,9684
9685,9685
9686,13759
9687,15990
9688,7588
9689,15619
9690,10017
9691,9691
9692,9692
9693,9693
9694,9694
9695,9695
9696,9696
9697,10712
9698,9698
9699,14202
9700,6808
9701,14896
9702,9702
9703,9703
9704,15100
9705,10246
9706,15092
9707,9707
9708,9708
9709,10155
9710,9710
9711,9711
9712,9712
9713,10610
9714,1947
9715,9715
9716,15914
9717,9717
9718,9803
9719,9719
9720,15737
9721,1154
9722,9722
9723,176
9724,9724
9725,5063
9726,9726
9727,9727
9728,3914
9729,9729
9730,9730
9731,9731
9732,7516
9733,6693
9734,9852
9735,5430
9736,9736
9737,9737
9738,14666
9739,9739
9740,9740
9741,9741
9742,6731
9743,9743
9744,11710
9745,9745
9746,9746
9747,9747
9748,9748
9749,9749
9750,9750
9751,10507
9752,14494
9753,9753
9754,9754
9755,9755
9756,9756
9757,9757
9758,9758
9759,9759
9760,9755
9761,5753
9762,12801
9763,16086
9764,9764
9765,15760
9766,9766
9767,9767
9768,12196
9769,9769
9770,9770
9771,9771
9772,9772
9773,1077
9774,8523
9775,9775
9776,9776
9777,9777
9778,9778
9779,9779
9780,9780
9781,9781
9782,9782
9783,3554
9784,9784
9785,16214
9786,9786
9787,2754
9788,14825
9789,2579
9790,9790
9791,9791
9792,9792
9793,5753
9794,9794
9795,9795
9796,6908
9797,12032
9798,9798
9799,1012
9800,10246
9801,9209
9802,1833
9803,9803
9804,9207
9805,9770
9806,3445
9807,1012
9808,9808
9809,9809
9810,12562
9811,14080
9812,9812
9813,9813
9814,9814
9815,9815
9816,12554
9817,9817
9818,9818
9819,11751
9820,8147
9821,9821
9822,9822
9823,16009
9824,15376
9825,14505
9826,2209
9827,9827
9828,9828
9829,4314
9830,5388
9831,9831
9832,9897
9833,9833
9834,9834
9835,9835
9836,8349
9837,9837
9838,11436
9839,9839
9840,12090
9841,9841
9842,11920
9843,9843
9844,13606
9845,9845
9846,8436
9847,9847
9848,9848
9849,9849
9850,9850
9851,9851
9852,9852
9853,9853
9854,9854
9855,15462
9856,15073
9857,9857
9858,9858
9859,16
9860,9860
9861,2579
9862,9274
9863,7763
9864,9864
9865,10219
9866,8583
9867,6712
9868,10180
9869,15410
9870,9870
9871,15219
9872,9872
9873,16208
9874,9874
9875,9875
9876,16208
9877,9877
9878,3458
9879,9465
9880,12309
9881,16016
9882,9882
9883,9883
9884,12605
9885,9885
9886,9886
9887,14730
9888,16130
9889,9889
9890,9890
9891,11497
9892,9892
9893,9893
9894,743
9895,9895
9896,12035
9897,9897
9898,11990
9899,9899
9900,9900
9901,9901
9902,9901
9903,9903
9904,15547
9905,9905
9906,9906
9907,14269
9908,10905
9909,15547
9910,10857
9911,9911
9912,9912
9913,12309
9914,9914
9915,14840
9916,6984
9917,9917
9918,9918
9919,14159
9920,14972
9921,4117
9922,16169
9923,9923
9924,16169
9925,15609
9926,12292
9927,11972
9928,9928
9929,9929
9930,15601
9931,15337
9932,15601
9933,9933
9934,12108
9935,9935
9936,13934
9937,9937
9938,15451
9939,7237
9940,9940
9941,9746
9942,10030
9943,9943
9944,8172
9945,15997
9946,9946
9947,13189
9948,15601
9949,3028
9950,9950
9951,9951
9952,9952
9953,9953
9954,11972
9955,9955
9956,11310
9957,9957
9958,14254
9959,9959
9960,7886
9961,9961
9962,9962
9963,9963
9964,9964
9965,9965
9966,12695
9967,3272
9968,8720
9969,9223
9970,16236
9971,16189
9972,12036
9973,9973
9974,256
9975,9975
9976,9976
9977,9976
9978,9978
9979,1688
9980,9980
9981,9981
9982,8230
9983,9983
9984,15336
9985,9755
9986,9986
9987,4976
9988,9988
9989,9989
9990,14859
9991,9991
9992,10905
9993,9993
9994,9994
9995,9995
9996,9996
9997,16240
9998,16252
9999,9999
10000,10000
10001,16081
10002,15459
10003,10003
10004,12589
10005,11436
10006,12210
10007,10007
10008,14462
10009,7849
10010,10010
10011,6757
10012,10968
10013,6693
10014,9746
10015,10017
10016,11351
10017,10017
10018,10029
10019,5335
10020,10020
10021,7706
10022,13189
10023,16009
10024,4402
10025,15367
10026,14563
10027,10030
10028,3024
10029,10029
10030,10030
10031,10031
10032,10032
10033,10033
10034,10034
10035,15447
10036,10036
10037,10037
10038,4213
10039,7445
10040,8789
10041,10041
10042,10042
10043,10043
10044,10044
10045,11543
10046,12210
10047,15840
10048,10048
10049,10049
10050,13554
10051,10051
10052,14249
10053,14376
10054,7488
10055,10055
10056,10056
10057,1166
10058,15184
10059,2342
10060,10060
10061,14436
10062,6619
10063,10063
10064,13830
10065,10065
10066,9937
10067,8946
10068,10068
10069,12623
10070,15451
10071,14154
10072,16189
10073,10073
10074,14154
10075,7237
10076,4340
10077,1688
10078,15537
10079,6619
10080,10080
10081,10081
10082,10082
10083,10083
10084,10084
10085,14337
10086,12419
10087,10087
10088,14254
10089,1154
10090,10090
10091,15949
10092,13372
10093,6027
10094,10094
10095,13946
10096,10096
10097,10097
10098,10098
10099,4842
10100,10100
10101,3825
10102,10102
10103,12419
10104,4372
10105,15100
10106,11728
10107,10107
10108,11990
10109,10109
10110,11669
10111,15518
10112,10112
10113,729
10114,10114
10115,10115
10116,12613
10117,10117
10118,6182
10119,15184
10120,1166
10121,7900
10122,8997
10123,10123
10124,11751
10125,10125
10126,16069
10127,10127
10128,10128
10129,14684
10130,10130
10131,3825
10132,10132
10133,10133
10134,10134
10135,7900
10136,15159
10137,10137
10138,10138
10139,10139
10140,3203
10141,6992
10142,1853
10143,10143
10144,1547
10145,10145
10146,10146
10147,10147
10148,10148
10149,10149
10150,9767
10151,15091
10152,10152
10153,10153
10154,10154
10155,10155
10156,2081
10157,10157
10158,10167
10159,10159
10160,12678
10161,10161
10162,10162
10163,9808
10164,10164
10165,3203
10166,10166
10167,10167
10168,6908
10169,6784
10170,5335
10171,15501
10172,5529
10173,10173
10174,10174
10175,10175
10176,15180
10177,10177
10178,7320
10179,13648
10180,10180
10181,10181
10182,12562
10183,10183
10184,10184
10185,10185
10186,9730
10187,9262
10188,10188
10189,10189
10190,10190
10191,6357
10192,10192
10193,7517
10194,10194
10195,10195
10196,10196
10197,16223
10198,10198
10199,10199
10200,10200
10201,10201
10202,14462
10203,11629
10204,10905
10205,10205
10206,15748
10207,8349
10208,15135
10209,15354
10210,10210
10211,15378
10212,10212
10213,10213
10214,2747
10215,10215
10216,10216
10217,14033
10218,14454
10219,10219
10220,15217
10221,15070
10222,14551
10223,8172
10224,10224
10225,10225
10226,10226
10227,15156
10228,10228
10229,4314
10230,4254
10231,13224
10232,10232
10233,14684
10234,10234
10235,10366
10236,10236
10237,12780
10238,10238
10239,10180
10240,10240
10241,10241
10242,15091
10243,10243
10244,3203
10245,10245
10246,10246
10247,10247
10248,14058
10249,16086
10250,10250
10251,13939
10252,10252
10253,10253
10254,1963
10255,10255
10256,10256
10257,1959
10258,10258
10259,10180
10260,10180
10261,8542
10262,5753
10263,3139
10264,10264
10265,10265
10266,8583
10267,10267
10268,10268
10269,9996
10270,10270
10271,15378
10272,10272
10273,10273
10274,10274
10275,3554
10276,16223
10277,15487
10278,9996
10279,10279
10280,13859
10281,6024
10282,8802
10283,15378
10284,6329
10285,10285
10286,8566
10287,10287
10288,10288
10289,9634
10290,10290
10291,14453
10292,13296
10293,10293
10294,10294
10295,10295
10296,10296
10297,11499
10298,5340
10299,10299
10300,10909
10301,11451
10302,15547
10303,10303
10304,10304
10305,10305
10306,8496
10307,16094
10308,10308
10309,14721
10310,8014
10311,10311
10312,10312
10313,10313
10314,10314
10315,14444
10316,806
10317,10317
10318,8644
10319,10319
10320,10270
10321,10321
10322,11290
10323,10323
10324,14159
10325,14485
10326,8109
10327,10327
10328,15780
10329,10329
10330,10330
10331,10331
10332,519
10333,13311
10334,10334
10335,10361
10336,8123
10337,10337
10338,10338
10339,8064
10340,11310
10341,14647
10342,10980
10343,10343
10344,10980
10345,8172
10346,8476
10347,9668
10348,10348
10349,8054
10350,10350
10351,10351
10352,6369
10353,13606
10354,10354
10355,15029
10356,16009
10357,10357
10358,10358
10359,10359
10360,12849
10361,10361
10362,12079
10363,10363
10364,6619
10365,8021
10366,10366
10367,5133
10368,9833
10369,6267
10370,10370
10371,13668
10372,15941
10373,10956
10374,10374
10375,5985
10376,14462
10377,10377
10378,6330
10379,11548
10380,10380
10381,10381
10382,10382
10383,10383
10384,13401
10385,12415
10386,9586
10387,10387
10388,9755
10389,1684
10390,10390
10391,15949
10392,10392
10393,5906
10394,7900
10395,6220
10396,12108
10397,10397
10398,10398
10399,10399
10400,10400
10401,15176
10402,10402
10403,720
10404,10404
10405,10405
10406,10406
10407,8496
10408,8802
10409,10409
10410,10410
10411,10411
10412,10412
10413,8446
10414,10938
10415,10415
10416,14716
10417,10417
10418,15728
10419,3782
10420,10420
10421,13841
10422,10422
10423,8720
10424,10424
10425,16206
10426,15771
10427,10427
10428,10428
10429,10429
10430,11657
10431,15929
10432,15833
10433,12179
10434,1154
10435,7900
10436,14014
10437,14124
10438,11990
10439,8150
10440,5228
10441,9703
10442,10442
10443,10443
10444,10444
10445,10445
10446,7588
10447,10447
10448,10448
10449,10449
10450,7588
10451,10451
10452,13196
10453,7588
10454,10454
10455,16009
10456,10456
10457,10457
10458,10458
10459,10459
10460,10460
10461,10461
10462,12568
10463,10463
10464,1098
10465,10465
10466,10466
10467,10467
10468,13939
10469,10469
10470,7904
10471,10471
10472,10472
10473,10473
10474,10474
10475,10475
10476,10476
10477,10477
10478,3027
10479,10479
10480,6608
10481,10481
10482,15957
10483,10483
10484,10484
10485,10485
10486,11710
10487,10487
10488,10488
10489,10489
10490,10490
10491,4952
10492,10492
10493,14696
10494,10494
10495,10495
10496,14010
10497,14461
10498,10498
10499,13295
10500,15073
10501,15833
10502,10502
10503,10503
10504,15865
10505,10030
10506,10506
10507,10507
10508,10508
10509,11373
10510,10510
10511,10511
10512,10512
10513,10513
10514,10514
10515,10515
10516,10516
10517,7272
10518,10518
10519,8518
10520,10520
10521,12132
10522,10522
10523,15157
10524,10524
10525,7930
10526,6693
10527,10527
10528,14434
10529,9584
10530,1509
10531,10531
10532,6984
10533,16205
10534,10534
10535,10535
10536,15710
10537,13861
10538,765
10539,11429
10540,10540
10541,10541
10542,10542
10543,10543
10544,5314
10545,10545
10546,10546
10547,10547
10548,10548
10549,10549
10550,16188
10551,10551
10552,8502
10553,10553
10554,15624
10555,4952
10556,9746
10557,7240
10558,13606
10559,13840
10560,10560
10561,15927
10562,12887
10563,1445
10564,6963
10565,16169
10566,2479
10567,10567
10568,7187
10569,16001
10570,11976
10571,11918
10572,10572
10573,14154
10574,11111
10575,15015
10576,424
10577,10577
10578,10578
10579,11310
10580,13274
10581,10581
10582,8926
10583,11027
10584,12502
10585,10585
10586,10586
10587,10587
10588,10588
10589,10589
10590,10590
10591,9189
10592,10592
10593,16250
10594,10594
10595,2579
10596,12744
10597,10597
10598,10598
10599,3560
10600,10600
10601,10601
10602,10602
10603,10603
10604,14500
10605,10605
10606,14419
10607,8980
10608,15736
10609,10609
10610,10610
10611,3974
10612,10956
10613,10613
10614,16078
10615,10615
10616,10616
10617,10617
10618,806
10619,14446
10620,10620
10621,806
10622,4952
10623,10623
10624,14717
10625,14840
10626,15775
10627,13023
10628,10628
10629,4991
10630,11751
10631,7287
10632,15601
10633,5410
10634,10063
10635,13471
10636,10636
10637,10637
10638,10638
10639,10642
10640,13606
10641,10641
10642,10642
10643,10643
10644,10644
10645,15039
10646,11629
10647,10647
10648,10294
10649,11728
10650,10650
10651,10651
10652,10652
10653,10653
10654,12623
10655,13440
10656,10656
10657,10657
10658,12415
10659,9284
10660,10939
10661,12383
10662,2015
10663,10663
10664,46
10665,10665
10666,15459
10667,10667
10668,15934
10669,15006
10670,15695
10671,10671
10672,14957
10673,11751
10674,10674
10675,10675
10676,10676
10677,12108
10678,10678
10679,10679
10680,10680
10681,10681
10682,10682
10683,10683
10684,10684
10685,10685
10686,10686
10687,1077
10688,10688
10689,13348
10690,14212
10691,15721
10692,6619
10693,10017
10694,13270
10695,1076
10696,9766
10697,10697
10698,15646
10699,4991
10700,10700
10701,9584
10702,3030
10703,10703
10704,10909
10705,10705
10706,10706
10707,10707
10708,1920
10709,10709
10710,14563
10711,10711
10712,10712
10713,14434
10714,10714
10715,10715
10716,6606
10717,14525
10718,10718
10719,14254
10720,3117
10721,16206
10722,10722
10723,7900
10724,15513
10725,14167
10726,15223
10727,10727
10728,10728
10729,14591
10730,8172
10731,10731
10732,10732
10733,13433
10734,10734
10735,15885
10736,10736
10737,8570
10738,10738
10739,8499
10740,11629
10741,10741
10742,10742
10743,10841
10744,14154
10745,10745
10746,10746
10747,10747
10748,15232
10749,10749
10750,10750
10751,11474
10752,10752
10753,654
10754,4532
10755,10755
10756,10756
10757,10731
10758,15184
10759,10759
10760,10760
10761,10761
10762,10762
10763,10763
10764,13460
10765,10765
10766,6672
10767,10767
10768,10768
10769,10769
10770,14434
10771,10771
10772,10772
10773,10773
10774,10774
10775,10775
10776,13373
10777,10774
10778,11554
10779,10779
10780,15624
10781,10781
10782,10782
10783,15740
10784,7445
10785,7452
10786,13712
10787,10787
10788,7237
10789,10789
10790,10790
10791,10791
10792,10792
10793,10793
10794,10794
10795,10795
10796,10796
10797,10797
10798,10798
10799,10799
10800,5618
10801,10801
10802,9288
10803,2754
10804,15868
10805,13758
10806,15159
10807,14156
10808,10808
10809,15207
10810,10810
10811,10811
10812,10812
10813,6619
10814,7705
10815,10815
10816,13758
10817,10817
10818,10818
10819,11751
10820,10820
10821,10821
10822,11483
10823,9323
10824,10824
10825,748
10826,9274
10827,10827
10828,10828
10829,10829
10830,10830
10831,10831
10832,10832
10833,9005
10834,720
10835,10835
10836,10836
10837,14733
10838,9748
10839,10839
10840,10840
10841,10841
10842,7699
10843,10843
10844,10844
10845,7686
10846,10846
10847,1728
10848,10848
10849,11630
10850,10850
10851,12268
10852,10852
10853,10853
10854,13296
10855,10855
10856,10856
10857,10857
10858,10858
10859,10859
10860,3560
10861,10861
10862,10862
10863,10863
10864,10864
10865,15506
10866,2579
10867,10867
10868,720
10869,10869
10870,10870
10871,15680
10872,10872
10873,6784
10874,12623
10875,10875
10876,10876
10877,10877
10878,10886
10879,10896
10880,13239
10881,10881
10882,10882
10883,15998
10884,10886
10885,15989
10886,10886
10887,13261
10888,16110
10889,9238
10890,9263
10891,10891
10892,10892
10893,11436
10894,10894
10895,12685
10896,10896
10897,10897
10898,10898
10899,10899
10900,6357
10901,7292
10902,15978
10903,10903
10904,11474
10905,10905
10906,10906
10907,10907
10908,16137
10909,10909
10910,13766
10911,10911
10912,2747
10913,10913
10914,10914
10915,14010
10916,10916
10917,15802
10918,15006
10919,10919
10920,10920
10921,10921
10922,10922
10923,9279
10924,10924
10925,10925
10926,10926
10927,10781
10928,10928
10929,10929
10930,10930
10931,10931
10932,10932
10933,10939
10934,8640
10935,10935
10936,10936
10937,10939
10938,10938
10939,10939
10940,10940
10941,16017
10942,10942
10943,16244
10944,14097
10945,12654
10946,10946
10947,6369
10948,10948
10949,13841
10950,9083
10951,8273
10952,10952
10953,6349
10954,14732
10955,10955
10956,10956
10957,10957
10958,10958
10959,9937
10960,13681
10961,12036
10962,10956
10963,15778
10964,10964
10965,12147
10966,8153
10967,10967
10968,10968
10969,1710
10970,12502
10971,11156
10972,6619
10973,10973
10974,10974
10975,10975
10976,11064
10977,10977
10978,14434
10979,5136
10980,10980
10981,14124
10982,8191
10983,11374
10984,10984
10985,4906
10986,10986
10987,15589
10988,10988
10989,12036
10990,8230
10991,10991
10992,10992
10993,10993
10994,12562
10995,10995
10996,14500
10997,10997
10998,10998
10999,10999
11000,11000
11001,11001
11002,11002
11003,7031
11004,15451
11005,7237
11006,11006
11007,11928
11008,6784
11009,12234
11010,11010
11011,11011
11012,13454
11013,11013
11014,11014
11015,11030
11016,15279
11017,11017
11018,11018
11019,14495
11020,14169
11021,11370
11022,15064
11023,10034
11024,11024
11025,9323
11026,11026
11027,11027
11028,11028
11029,7031
11030,11030
11031,11031
11032,7031
11033,12502
11034,12502
11035,416
11036,14258
11037,8502
11038,3458
11039,11039
11040,11040
11041,11041
11042,8446
11043,14693
11044,11044
11045,11045
11046,11046
11047,11047
11048,12562
11049,11049
11050,12562
11051,11051
11052,11052
11053,11053
11054,11054
11055,12562
11056,11056
11057,11057
11058,11858
11059,11059
11060,11060
11061,11061
11062,5211
11063,9086
11064,11064
11065,9157
11066,14154
11067,11067
11068,10992
11069,11069
11070,7031
11071,6767
11072,11072
11073,9336
11074,11074
11075,14214
11076,11076
11077,13377
11078,13841
11079,3099
11080,14851
11081,11081
11082,11082
11083,11083
11084,6316
11085,11085
11086,11086
11087,11087
11088,12606
11089,11089
11090,11090
11091,13377
11092,11092
11093,6080
11094,11094
11095,1623
11096,12502
11097,1612
11098,11103
11099,14415
11100,11100
11101,11101
11102,12887
11103,11103
11104,7031
11105,3594
11106,11106
11107,14176
11108,11108
11109,11109
11110,11110
11111,11111
11112,11112
11113,3660
11114,11114
11115,12036
11116,11116
11117,11117
11118,6848
11119,11119
11120,9380
11121,11121
11122,14840
11123,11123
11124,11124
11125,8446
11126,11126
11127,11127
11128,11990
11129,13009
11130,11130
11131,8378
11132,5295
11133,5529
11134,11134
11135,11135
11136,7066
11137,11137
11138,4314
11139,11139
11140,11140
11141,16179
11142,15232
11143,2747
11144,11497
11145,11145
11146,11146
11147,13550
11148,10494
11149,3099
11150,11150
11151,11151
11152,11152
11153,14660
11154,11154
11155,11155
11156,11156
11157,11157
11158,8716
11159,11159
11160,11160
11161,11161
11162,10042
11163,11163
11164,11164
11165,11165
11166,11166
11167,11167
11168,11168
11169,9157
11170,11170
11171,11171
11172,6768
11173,11173
11174,11174
11175,15029
11176,11176
11177,11177
11178,14177
11179,9157
11180,11180
11181,11181
11182,11182
11183,9978
11184,11235
11185,11185
11186,11186
11187,11187
11188,11188
11189,11189
11190,11190
11191,11191
11192,15157
11193,5234
11194,16091
11195,11195
11196,11196
11197,9730
11198,11198
11199,4904
11200,11200
11201,5295
11202,15997
11203,11203
11204,14471
11205,15064
11206,625
11207,10196
11208,11208
11209,11209
11210,11210
11211,2609
11212,11212
11213,9465
11214,11085
11215,11215
11216,11216
11217,11918
11218,11218
11219,2428
11220,15917
11221,11221
11222,11222
11223,12347
11224,11548
11225,10226
11226,11226
11227,13433
11228,11228
11229,11229
11230,4532
11231,13290
11232,11232
11233,11233
11234,15358
11235,11235
11236,11236
11237,11237
11238,13080
11239,14654
11240,1688
11241,15771
11242,14972
11243,8779
11244,11244
11245,11245
11246,11246
11247,7445
11248,11248
11249,10180
11250,11250
11251,11251
11252,11252
11253,11253
11254,11254
11255,11255
11256,1166
11257,11257
11258,14254
11259,13665
11260,11260
11261,11261
11262,7066
11263,15211
11264,11264
11265,11265
11266,11266
11267,7593
11268,8836
11269,11269
11270,11599
11271,116
11272,10225
11273,15878
11274,15858
11275,11275
11276,15336
11277,6619
11278,11278
11279,11279
11280,12993
11281,11281
11282,11282
11283,14731
11284,11284
11285,11285
11286,9193
11287,11287
11288,11288
11289,11289
11290,11290
11291,11291
11292,11292
11293,11293
11294,9937
11295,866
11296,5083
11297,11297
11298,11298
11299,9349
11300,11300
11301,9349
11302,11302
11303,14657
11304,16169
11305,11305
11306,2479
11307,16169
11308,2479
11309,11309
11310,11310
11311,560
11312,6606
11313,11313
11314,11314
11315,11315
11316,11316
11317,7900
11318,11318
11319,11319
11320,5545
11321,11134
11322,11322
11323,11323
11324,11324
11325,1154
11326,11326
11327,11327
11328,11328
11329,11329
11330,11330
11331,13946
11332,11332
11333,11333
11334,11334
11335,11335
11336,11336
11337,16024
11338,11338
11339,10898
11340,9395
11341,11341
11342,11342
11343,11343
11344,8946
11345,5396
11346,11346
11347,11347
11348,15336
11349,6257
11350,11350
11351,11351
11352,11886
11353,12200
11354,11354
11355,11355
11356,14684
11357,11357
11358,13809
11359,11359
11360,11360
11361,2428
11362,11362
11363,13707
11364,14386
11365,4850
11366,11366
11367,11367
11368,11368
11369,11369
11370,11370
11371,11371
11372,11372
11373,11373
11374,11374
11375,15388
11376,11376
11377,14111
11378,11378
11379,11379
11380,11380
11381,9726
11382,11382
11383,11383
11384,14698
11385,11385
11386,10479
11387,11387
11388,11388
11389,11389
11390,10534
11391,11548
11392,10114
11393,13402
11394,11394
11395,15625
11396,14212
11397,11397
11398,11398
11399,16236
11400,11400
11401,11401
11402,13841
11403,11403
11404,11404
11405,14050
11406,15279
11407,11636
11408,11408
11409,11010
11410,14940
11411,662
11412,1380
11413,11413
11414,13606
11415,11904
11416,9746
11417,11417
11418,14269
11419,11419
11420,11420
11421,14825
11422,9511
11423,10665
11424,11424
11425,11425
11426,11426
11427,11426
11428,11428
11429,11429
11430,11885
11431,12059
11432,14730
11433,11433
11434,11434
11435,14299
11436,11436
11437,11437
11438,11438
11439,11040
11440,11440
11441,12292
11442,11442
11443,11443
11444,11444
11445,3415
11446,11446
11447,11447
11448,7187
11449,11449
11450,8583
11451,11451
11452,14724
11453,11453
11454,11454
11455,4952
11456,11456
11457,11457
11458,13448
11459,14825
11460,16240
11461,15543
11462,1166
11463,11463
11464,9323
11465,2479
11466,11466
11467,11467
11468,6805
11469,11469
11470,7081
11471,13929
11472,5746
11473,651
11474,11474
11475,651
11476,630
11477,12309
11478,11478
11479,13218
11480,11480
11481,11481
11482,15159
11483,11483
11484,1013
11485,11485
11486,11486
11487,1144
11488,11488
11489,10534
11490,14033
11491,11491
11492,11492
11493,11493
11494,9157
11495,14522
11496,11496
11497,11497
11498,3178
11499,11499
11500,11500
11501,11501
11502,11502
11503,11503
11504,11504
11505,11505
11506,11506
11507,11507
11508,11508
11509,5649
11510,11510
11511,11511
11512,10765
11513,11513
11514,11514
11515,11515
11516,11516
11517,13390
11518,16009
11519,11519
11520,10030
11521,11521
11522,11522
11523,11523
11524,11524
11525,6619
11526,6158
11527,869
11528,11528
11529,4316
11530,10956
11531,15119
11532,12749
11533,6477
11534,14485
11535,11535
11536,11756
11537,14634
11538,11538
11539,11251
11540,11540
11541,15144
11542,12419
11543,11543
11544,8802
11545,14718
11546,5668
11547,5731
11548,11548
11549,11549
11550,11550
11551,16224
11552,11552
11553,10546
11554,11554
11555,11555
11556,14405
11557,12309
11558,11558
11559,11559
11560,10164
11561,11561
11562,11562
11563,11563
11564,3203
11565,15727
11566,13377
11567,11567
11568,11568
11569,11569
11570,16001
11571,11571
11572,11572
11573,11573
11574,15197
11575,11575
11576,11576
11577,16173
11578,16173
11579,16173
11580,15609
11581,14857
11582,9937
11583,2015
11584,11584
11585,15006
11586,11586
11587,11587
11588,11588
11589,11589
11590,14972
11591,13546
11592,15184
11593,15064
11594,11594
11595,11595
11596,11596
11597,13922
11598,11598
11599,11599
11600,15336
11601,7976
11602,11602
11603,15064
11604,11604
11605,11605
11606,16059
11607,11607
11608,11608
11609,11609
11610,11610
11611,16208
11612,6383
11613,11613
11614,11614
11615,11615
11616,11180
11617,7031
11618,11618
11619,11109
11620,15601
11621,12035
11622,11622
11623,11623
11624,13995
11625,7658
11626,11626
11627,11627
11628,16094
11629,11629
11630,11630
11631,5624
11632,11632
11633,8436
11634,11634
11635,11635
11636,11636
11637,12784
11638,11638
11639,11639
11640,6201
11641,16078
11642,11642
11643,9223
11644,6158
11645,12151
11646,11646
11647,11647
11648,2787
11649,11649
11650,9634
11651,16009
11652,10731
11653,15337
11654,11654
11655,15601
11656,10712
11657,11657
11658,11658
11659,6693
11660,7031
11661,11661
11662,11661
11663,11663
11664,8496
11665,11665
11666,11666
11667,11667
11668,11668
11669,11669
11670,11670
11671,11671
11672,11672
11673,4200
11674,11674
11675,11437
11676,11676
11677,16005
11678,15279
11679,14972
11680,4372
11681,11681
11682,13390
11683,11683
11684,11684
11685,15156
11686,2209
11687,8514
11688,14254
11689,11689
11690,14684
11691,12961
11692,7620
11693,11693
11694,12200
11695,3554
11696,9784
11697,11697
11698,11698
11699,13024
11700,2259
11701,9241
11702,11702
11703,11703
11704,11704
11705,11705
11706,9719
11707,11707
11708,11708
11709,11709
11710,11710
11711,7031
11712,11712
11713,11713
11714,11160
11715,11064
11716,7031
11717,7081
11718,11718
11719,11719
11720,16206
11721,14154
11722,15463
11723,11723
11724,11724
11725,11725
11726,15707
11727,11727
11728,11728
11729,4372
11730,1786
11731,7279
11732,11732
11733,11657
11734,11734
11735,11735
11736,10458
11737,11737
11738,9212
11739,11739
11740,12780
11741,14220
11742,11742
11743,13681
11744,11744
11745,7900
11746,11746
11747,15929
11748,11748
11749,6928
11750,10123
11751,11751
11752,11752
11753,10956
11754,424
11755,14972
11756,11756
11757,11757
11758,15576
11759,5103
11760,7395
11761,11761
11762,13601
11763,11160
11764,14972
11765,4002
11766,12151
11767,8920
11768,11151
11769,11769
11770,12457
11771,11771
11772,11772
11773,12998
11774,11774
11775,7237
11776,11776
11777,11777
11778,12502
11779,14666
11780,11780
11781,15941
11782,11782
11783,15176
11784,11784
11785,11785
11786,9755
11787,11787
11788,2303
11789,11789
11790,14654
11791,11791
11792,11792
11793,11793
11794,11794
11795,10964
11796,6975
11797,11797
11798,11798
11799,9599
11800,11800
11801,11801
11802,11802
11803,11803
11804,11804
11805,11805
11806,11806
11807,11807
11808,11808
11809,11809
11810,11810
11811,11811
11812,11812
11813,11813
11814,9746
11815,12147
11816,15342
11817,11817
11818,11818
11819,16189
11820,11820
11821,12502
11822,11822
11823,11823
11824,11824
11825,15555
11826,13029
11827,11827
11828,11126
11829,6457
11830,11830
11831,11554
11832,14718
11833,11833
11834,11834
11835,11835
11836,11836
11837,11837
11838,11838
11839,12548
11840,11840
11841,11841
11842,3099
11843,15914
11844,14963
11845,11845
11846,11846
11847,16206
11848,12974
11849,14154
11850,11850
11851,1612
11852,11852
11853,9193
11854,11854
11855,11855
11856,11856
11857,11857
11858,11858
11859,11859
11860,11860
11861,11861
11862,4742
11863,11863
11864,11864
11865,9395
11866,11866
11867,11867
11868,11868
11869,11869
11870,11870
11871,3560
11872,13567
11873,11873
11874,11874
11875,12950
11876,11876
11877,16153
11878,15380
11879,14730
11880,11880
11881,11881
11882,11882
11883,11883
11884,11884
11885,11885
11886,11886
11887,11887
11888,11888
11889,11889
11890,14972
11891,11891
11892,11892
11893,11893
11894,11894
11895,12997
11896,11896
11897,11897
11898,11898
11899,15782
11900,11900
11901,5862
11902,116
11903,11903
11904,11904
11905,14178
11906,11906
11907,11907
11908,9821
11909,11909
11910,11910
11911,11911
11912,11912
11913,15961
11914,11914
11915,11915
11916,15279
11917,11917
11918,11918
11919,11919
11920,11920
11921,11921
11922,15360
11923,12200
11924,14550
11925,15861
11926,11926
11927,11927
11928,11928
11929,11929
11930,11930
11931,11931
11932,15207
11933,11933
11934,11934
11935,12731
11936,11936
11937,14175
11938,12741
11939,11939
11940,13939
11941,5335
11942,6636
11943,11943
11944,11944
11945,11945
11946,11946
11947,13825
11948,12147
11949,11949
11950,11950
11951,11719
11952,11952
11953,2231
11954,4608
11955,11955
11956,11956
11957,4316
11958,7031
11959,15601
11960,11960
11961,13758
11962,8905
11963,12961
11964,11964
11965,11965
11966,11966
11967,11967
11968,11972
11969,16169
11970,2482
11971,11309
11972,11972
11973,13872
11974,8920
11975,2460
11976,11976
11977,11977
11978,11978
11979,11979
11980,3024
11981,11981
11982,11751
11983,11983
11984,11984
11985,11985
11986,11990
11987,7655
11988,8188
11989,11989
11990,11990
11991,7283
11992,7900
11993,8891
11994,15157
11995,11995
11996,11996
11997,2181
11998,1166
11999,11999
12000,1166
12001,12001
12002,12002
12003,12003
12004,11426
12005,12005
12006,12006
12007,12007
12008,176
12009,11237
12010,12010
12011,3786
12012,7081
12013,12013
12014,12014
12015,14972
12016,9937
12017,12017
12018,2479
12019,13509
12020,12020
12021,6963
12022,12022
12023,12023
12024,5890
12025,11355
12026,12026
12027,12027
12028,12028
12029,16200
12030,15501
12031,1684
12032,12032
12033,12033
12034,12034
12035,12035
12036,12036
12037,12037
12038,7240
12039,12039
12040,12040
12041,12041
12042,14850
12043,12043
12044,4949
12045,7900
12046,12046
12047,1524
12048,12048
12049,8446
12050,12050
12051,2597
12052,2747
12053,15728
12054,8456
12055,12055
12056,13296
12057,12057
12058,12058
12059,12059
12060,12060
12061,12061
12062,12741
12063,12063
12064,7081
12065,12075
12066,12261
12067,12067
12068,12068
12069,12069
12070,12070
12071,5542
12072,12072
12073,12073
12074,12074
12075,12075
12076,12076
12077,13372
12078,12078
12079,12079
12080,12080
12081,12081
12082,8496
12083,12083
12084,11040
12085,12085
12086,12086
12087,12087
12088,7031
12089,12089
12090,12090
12091,15268
12092,12092
12093,12093
12094,12094
12095,11838
12096,12096
12097,12097
12098,12098
12099,12099
12100,12100
12101,12589
12102,9455
12103,12103
12104,12104
12105,12105
12106,12106
12107,11751
12108,12108
12109,12109
12110,12110
12111,12111
12112,12112
12113,12113
12114,12114
12115,12115
12116,11751
12117,12117
12118,12118
12119,12119
12120,14684
12121,14684
12122,4969
12123,7272
12124,12124
12125,12125
12126,12126
12127,14563
12128,12105
12129,12129
12130,10774
12131,2536
12132,12132
12133,15211
12134,12134
12135,12135
12136,12132
12137,12137
12138,12138
12139,12139
12140,9157
12141,12141
12142,12142
12143,12143
12144,11114
12145,12145
12146,7240
12147,12147
12148,12149
12149,12149
12150,12150
12151,12151
12152,4896
12153,12153
12154,12154
12155,12155
12156,12156
12157,7948
12158,12158
12159,12159
12160,3445
12161,14744
12162,16001
12163,12163
12164,12164
12165,15180
12166,14998
12167,7320
12168,12168
12169,12169
12170,15885
12171,12171
12172,12172
12173,9653
12174,12174
12175,12175
12176,12176
12177,15833
12178,12178
12179,12179
12180,15157
12181,9569
12182,9569
12183,12629
12184,12784
12185,12185
12186,5542
12187,6820
12188,12940
12189,12189
12190,12190
12191,12562
12192,12192
12193,8268
12194,12194
12195,4468
12196,12196
12197,12197
12198,12198
12199,706
12200,12200
12201,12201
12202,12202
12203,7488
12204,12204
12205,12205
12206,12608
12207,7723
12208,11836
12209,12209
12210,12210
12211,12211
12212,15529
12213,2428
12214,12214
12215,10774
12216,4569
12217,3427
12218,12218
12219,12219
12220,12966
12221,12221
12222,13922
12223,1838
12224,12224
12225,12225
12226,12226
12227,12227
12228,14684
12229,12229
12230,11933
12231,12231
12232,12232
12233,8230
12234,12234
12235,14177
12236,12236
12237,11918
12238,12238
12239,12239
12240,13210
12241,9634
12242,12242
12243,7237
12244,7237
12245,15447
12246,12246
12247,12247
12248,12248
12249,12249
12250,15268
12251,3767
12252,12252
12253,3203
12254,12254
12255,13606
12256,12256
12257,9937
12258,12258
12259,12259
12260,12260
12261,12261
12262,12383
12263,12263
12264,12264
12265,12265
12266,12266
12267,12267
12268,12268
12269,9779
12270,12270
12271,12271
12272,12272
12273,5746
12274,12274
12275,8502
12276,12276
12277,3560
12278,12278
12279,10644
12280,12280
12281,12281
12282,16169
12283,8920
12284,9955
12285,12285
12286,13871
12287,12287
12288,12288
12289,15505
12290,12290
12291,12291
12292,12292
12293,12293
12294,12294
12295,12295
12296,15505
12297,14444
12298,1688
12299,12299
12300,12864
12301,11605
12302,14825
12303,12303
12304,773
12305,12305
12306,15466
12307,12307
12308,11436
12309,12309
12310,12310
12311,4952
12312,1623
12313,12313
12314,12314
12315,15715
12316,15858
12317,12317
12318,12318
12319,12319
12320,13438
12321,11126
12322,14274
12323,662
12324,12324
12325,13681
12326,12326
12327,12327
12328,12328
12329,14927
12330,12330
12331,12331
12332,12332
12333,12333
12334,12334
12335,12335
12336,12336
12337,12337
12338,12338
12339,14269
12340,3572
12341,7849
12342,12342
12343,6867
12344,12344
12345,12345
12346,12346
12347,12347
12348,12348
12349,12349
12350,12350
12351,13440
12352,12352
12353,13295
12354,8456
12355,4952
12356,12356
12357,15569
12358,12358
12359,6369
12360,2858
12361,7831
12362,12362
12363,12363
12364,5430
12365,14254
12366,12366
12367,8349
12368,15616
12369,12369
12370,12370
12371,12371
12372,12372
12373,12373
12374,12374
12375,12375
12376,12376
12377,14713
12378,12374
12379,12379
12380,12380
12381,16091
12382,12382
12383,12383
12384,1323
12385,12385
12386,5206
12387,12495
12388,10380
12389,15149
12390,12390
12391,12391
12392,12392
12393,11572
12394,12394
12395,12395
12396,14756
12397,12397
12398,7738
12399,14756
12400,12400
12401,12447
12402,12402
12403,12530
12404,10841
12405,12405
12406,12406
12407,12407
12408,12408
12409,13872
12410,12410
12411,12411
12412,12412
12413,15380
12414,12414
12415,12415
12416,12416
12417,12417
12418,12418
12419,12419
12420,13405
12421,12421
12422,12422
12423,12423
12424,8997
12425,11669
12426,12426
12427,10507
12428,12428
12429,12429
12430,13660
12431,12431
12432,12432
12433,11151
12434,12434
12435,12435
12436,2259
12437,12437
12438,12438
12439,8920
12440,12440
12441,2453
12442,12442
12443,15323
12444,12163
12445,12445
12446,12446
12447,12447
12448,12457
12449,12449
12450,12450
12451,12451
12452,12452
12453,7186
12454,8926
12455,11972
12456,12456
12457,12457
12458,10581
12459,12459
12460,12460
12461,12461
12462,12462
12463,12463
12464,12464
12465,11976
12466,12466
12467,12467
12468,12468
12469,12469
12470,14756
12471,12471
12472,12472
12473,12473
12474,7237
12475,12383
12476,14522
12477,16144
12478,13255
12479,12479
12480,14177
12481,5746
12482,13377
12483,12502
12484,12484
12485,12196
12486,12486
12487,12487
12488,12488
12489,12824
12490,12490
12491,13922
12492,12492
12493,12493
12494,12494
12495,12495
12496,12496
12497,12497
12498,12498
12499,12499
12500,12500
12501,16012
12502,12502
12503,12503
12504,12504
12505,12505
12506,12506
12507,12507
12508,12508
12509,12509
12510,8295
12511,15501
12512,12512
12513,12513
12514,15126
12515,12515
12516,12516
12517,12517
12518,12518
12519,12519
12520,14657
12521,12469
12522,12522
12523,15516
12524,12524
12525,15972
12526,12526
12527,12527
12528,12528
12529,12469
12530,12530
12531,12531
12532,11443
12533,16078
12534,12534
12535,12535
12536,11774
12537,12537
12538,6457
12539,12539
12540,12540
12541,12541
12542,12542
12543,12543
12544,12544
12545,12545
12546,10909
12547,12547
12548,12548
12549,12549
12550,11031
12551,15633
12552,12552
12553,12553
12554,12554
12555,15914
12556,12556
12557,9438
12558,7797
12559,12559
12560,15342
12561,12561
12562,12562
12563,12563
12564,12564
12565,10180
12566,12566
12567,12567
12568,12568
12569,12569
12570,12570
12571,12571
12572,12572
12573,12573
12574,12574
12575,12575
12576,12576
12577,12577
12578,12578
12579,14159
12580,12580
12581,1963
12582,14422
12583,12583
12584,12584
12585,12585
12586,12586
12587,15487
12588,12588
12589,12589
12590,12590
12591,12591
12592,13783
12593,12593
12594,4952
12595,6446
12596,12596
12597,12597
12598,12598
12599,12599
12600,12600
12601,12548
12602,10198
12603,12603
12604,12604
12605,12605
12606,12606
12607,12607
12608,12608
12609,12548
12610,12610
12611,12611
12612,12612
12613,12613
12614,12614
12615,12615
12616,12616
12617,12617
12618,12383
12619,12619
12620,12620
12621,5890
12622,12622
12623,12623
12624,14478
12625,12625
12626,6619
12627,14254
12628,13311
12629,12629
12630,12630
12631,12631
12632,13903
12633,12633
12634,12634
12635,12635
12636,11769
12637,9929
12638,12638
12639,12639
12640,12640
12641,12641
12642,4976
12643,5245
12644,12644
12645,15184
12646,1524
12647,1511
12648,12648
12649,12649
12650,12650
12651,16096
12652,12652
12653,12653
12654,12654
12655,11429
12656,12904
12657,12657
12658,12658
12659,12576
12660,12528
12661,12661
12662,12662
12663,12663
12664,12664
12665,14756
12666,12666
12667,12667
12668,12668
12669,12669
12670,12670
12671,12671
12672,12672
12673,12793
12674,12940
12675,7287
12676,5542
12677,12677
12678,12678
12679,12679
12680,12680
12681,16091
12682,12796
12683,16091
12684,12684
12685,12685
12686,12686
12687,14660
12688,10886
12689,12689
12690,12690
12691,6357
12692,7517
12693,12693
12694,12694
12695,12695
12696,11069
12697,12697
12698,9634
12699,8720
12700,15154
12701,14730
12702,12702
12703,15989
12704,12704
12705,12705
12706,8802
12707,12707
12708,5359
12709,12709
12710,12710
12711,11649
12712,14154
12713,12713
12714,12714
12715,12715
12716,12716
12717,12717
12718,12718
12719,12719
12720,14718
12721,12721
12722,15354
12723,12723
12724,12724
12725,14825
12726,12726
12727,12727
12728,12728
12729,15680
12730,16162
12731,12731
12732,12502
12733,416
12734,2015
12735,12735
12736,8469
12737,10017
12738,12738
12739,12739
12740,12740
12741,12741
12742,12742
12743,12743
12744,12744
12745,12745
12746,12746
12747,12747
12748,9746
12749,12749
12750,11237
12751,14490
12752,12752
12753,15680
12754,16078
12755,14550
12756,12756
12757,12757
12758,12758
12759,8098
12760,12760
12761,12761
12762,12762
12763,14066
12764,12764
12765,12765
12766,12766
12767,12767
12768,12768
12769,12769
12770,12347
12771,12771
12772,14295
12773,12773
12774,12774
12775,2291
12776,12776
12777,12777
12778,16236
12779,12779
12780,12780
12781,15451
12782,12782
12783,12784
12784,12784
12785,14541
12786,8857
12787,12787
12788,12788
12789,12789
12790,4952
12791,12791
12792,12792
12793,12793
12794,16091
12795,16091
12796,12796
12797,13383
12798,12798
12799,12799
12800,10243
12801,12801
12802,12802
12803,12803
12804,1013
12805,12805
12806,12806
12807,16110
12808,12808
12809,12809
12810,12810
12811,12811
12812,12812
12813,12813
12814,14525
12815,14156
12816,12816
12817,14654
12818,12818
12819,13944
12820,15680
12821,3117
12822,12822
12823,12823
12824,12824
12825,12825
12826,12457
12827,2466
12828,14756
12829,12829
12830,13758
12831,12831
12832,12832
12833,9569
12834,13758
12835,12835
12836,9414
12837,12837
12838,12838
12839,12839
12840,12840
12841,12841
12842,12842
12843,14262
12844,12999
12845,12845
12846,15001
12847,12847
12848,13405
12849,12849
12850,13712
12851,12851
12852,12852
12853,12853
12854,4486
12855,12855
12856,12856
12857,12857
12858,12858
12859,14425
12860,12864
12861,12861
12862,16226
12863,14718
12864,12864
12865,6908
12866,12866
12867,12867
12868,12868
12869,12869
12870,15075
12871,9779
12872,12872
12873,12873
12874,12874
12875,12875
12876,12876
12877,7573
12878,12878
12879,12654
12880,12880
12881,12881
12882,12882
12883,12883
12884,12138
12885,14490
12886,12886
12887,12887
12888,12888
12889,15925
12890,12890
12891,15159
12892,12562
12893,12893
12894,2081
12895,12895
12896,7900
12897,12897
12898,12898
12899,12899
12900,12900
12901,12901
12902,12902
12903,12903
12904,12904
12905,12905
12906,12906
12907,11027
12908,7445
12909,15110
12910,12910
12911,12911
12912,12912
12913,10317
12914,12914
12915,12915
12916,12916
12917,11837
12918,7054
12919,12919
12920,12920
12921,12921
12922,12922
12923,12923
12924,12924
12925,12925
12926,12926
12927,12927
12928,12928
12929,13556
12930,7930
12931,12931
12932,7641
12933,12933
12934,12934
12935,15207
12936,12936
12937,5542
12938,390
12939,12419
12940,12940
12941,5121
12942,12942
12943,12943
12944,11044
12945,12945
12946,4337
12947,12947
12948,12948
12949,8264
12950,12950
12951,12951
12952,12952
12953,12953
12954,5308
12955,7417
12956,12956
12957,12957
12958,14177
12959,12959
12960,14957
12961,12961
12962,12962
12963,12963
12964,12964
12965,12965
12966,12966
12967,12967
12968,12968
12969,12969
12970,12970
12971,13383
12972,140
12973,14972
12974,12974
12975,140
12976,12976
12977,10609
12978,15917
12979,12979
12980,15997
12981,12981
12982,12982
12983,14284
12984,12984
12985,8446
12986,12986
12987,2787
12988,12887
12989,12989
12990,1963
12991,12991
12992,12992
12993,12993
12994,12994
12995,12995
12996,12996
12997,12997
12998,12998
12999,12999
13000,13000
13001,15927
13002,13002
13003,15997
13004,11357
13005,13005
13006,13006
13007,13007
13008,13008
13009,13009
13010,14930
13011,13011
13012,13012
13013,7641
13014,13014
13015,3030
13016,13016
13017,10180
13018,15703
13019,12562
13020,13020
13021,13021
13022,13022
13023,13023
13024,13024
13025,13025
13026,13026
13027,13027
13028,13028
13029,13029
13030,12986
13031,799
13032,15451
13033,7879
13034,6767
13035,13035
13036,13036
13037,13037
13038,13038
13039,13039
13040,13040
13041,16116
13042,13042
13043,13724
13044,15418
13045,5206
13046,11173
13047,13047
13048,13048
13049,10656
13050,14957
13051,13051
13052,14212
13053,13053
13054,4044
13055,12882
13056,8446
13057,13057
13058,2873
13059,13972
13060,13060
13061,13061
13062,13062
13063,13063
13064,13064
13065,14111
13066,13066
13067,13067
13068,15388
13069,13069
13070,15816
13071,13071
13072,13072
13073,13073
13074,14262
13075,13075
13076,13076
13077,9937
13078,13078
13079,13079
13080,13080
13081,13081
13082,13082
13083,176
13084,6712
13085,13085
13086,13086
13087,13087
13088,13088
13089,8720
13090,9937
13091,13091
13092,12502
13093,13093
13094,15228
13095,13095
13096,13096
13097,12432
13098,13098
13099,13099
13100,13100
13101,13101
13102,13102
13103,13103
13104,13104
13105,15861
13106,13106
13107,13107
13108,13108
13109,13109
13110,13110
13111,13111
13112,6357
13113,13113
13114,10256
13115,12678
13116,15914
13117,15064
13118,13118
13119,7900
13120,8953
13121,13121
13122,7900
13123,2446
13124,14977
13125,8628
13126,9336
13127,13127
13128,13128
13129,13129
13130,13130
13131,7272
13132,13132
13133,3445
13134,9349
13135,13135
13136,13136
13137,13137
13138,2479
13139,13139
13140,7536
13141,13141
13142,13142
13143,13143
13144,13144
13145,13145
13146,13146
13147,15197
13148,12469
13149,13149
13150,2479
13151,12197
13152,13152
13153,13153
13154,7113
13155,13155
13156,13156
13157,15127
13158,8446
13159,13159
13160,14654
13161,11400
13162,13162
13163,14154
13164,11710
13165,13165
13166,13162
13167,13167
13168,10034
13169,13169
13170,13170
13171,13171
13172,13172
13173,13173
13174,13174
13175,13175
13176,13176
13177,13177
13178,13178
13179,737
13180,729
13181,13181
13182,13182
13183,4920
13184,13184
13185,9937
13186,13186
13187,13187
13188,4372
13189,13189
13190,13190
13191,7900
13192,13192
13193,13193
13194,8172
13195,13195
13196,13196
13197,13197
13198,13198
13199,13218
13200,13200
13201,15925
13202,13202
13203,7900
13204,12824
13205,13224
13206,13206
13207,13207
13208,13208
13209,13209
13210,13210
13211,13211
13212,13212
13213,13213
13214,13214
13215,15680
13216,13216
13217,116
13218,13218
13219,13219
13220,13220
13221,13221
13222,13222
13223,12419
13224,13224
13225,15156
13226,13226
13227,7404
13228,13228
13229,13229
13230,13230
13231,13231
13232,14525
13233,13233
13234,13234
13235,15929
13236,13236
13237,13237
13238,708
13239,13239
13240,13240
13241,15601
13242,13210
13243,13243
13244,9288
13245,13245
13246,13246
13247,4203
13248,13248
13249,13249
13250,7512
13251,7701
13252,13252
13253,9978
13254,15501
13255,13255
13256,13256
13257,5542
13258,10030
13259,14301
13260,13260
13261,13261
13262,13262
13263,13263
13264,13264
13265,8369
13266,13266
13267,13267
13268,13268
13269,13269
13270,13270
13271,12437
13272,9730
13273,13273
13274,13274
13275,13755
13276,13276
13277,9755
13278,9634
13279,4314
13280,13280
13281,13281
13282,13282
13283,14154
13284,13284
13285,13285
13286,14593
13287,8017
13288,13288
13289,14143
13290,13290
13291,14553
13292,11669
13293,1765
13294,13294
13295,13295
13296,13296
13297,13297
13298,13298
13299,13299
13300,6693
13301,16189
13302,10956
13303,13303
13304,15232
13305,13305
13306,746
13307,12623
13308,13308
13309,13309
13310,13310
13311,13311
13312,13312
13313,13313
13314,13314
13315,9193
13316,13786
13317,13317
13318,10030
13319,5928
13320,13320
13321,13321
13322,15894
13323,15917
13324,10123
13325,13325
13326,13326
13327,13327
13328,10312
13329,13329
13330,13330
13331,13331
13332,9193
13333,7900
13334,11886
13335,13335
13336,13336
13337,13337
13338,13338
13339,15738
13340,367
13341,13256
13342,13342
13343,12857
13344,12179
13345,13345
13346,13491
13347,13035
13348,13348
13349,13349
13350,13350
13351,13351
13352,13352
13353,13353
13354,10107
13355,15949
13356,13356
13357,13357
13358,13358
13359,11657
13360,13360
13361,13361
13362,15092
13363,1063
13364,13364
13365,10603
13366,16017
13367,13367
13368,13368
13369,13369
13370,13370
13371,6619
13372,13372
13373,13373
13374,13374
13375,13375
13376,9755
13377,13377
13378,13378
13379,14522
13380,1612
13381,13381
13382,7588
13383,13383
13384,13384
13385,13385
13386,10246
13387,13387
13388,13388
13389,13389
13390,13390
13391,2260
13392,4976
13393,15527
13394,5472
13395,13395
13396,13396
13397,13397
13398,15680
13399,13399
13400,13400
13401,13401
13402,13402
13403,13403
13404,13404
13405,13405
13406,13535
13407,9562
13408,13408
13409,7138
13410,11333
13411,13390
13412,13412
13413,13413
13414,13414
13415,13415
13416,13416
13417,13417
13418,13418
13419,13419
13420,13420
13421,7214
13422,13422
13423,13048
13424,13424
13425,13425
13426,9653
13427,13427
13428,10534
13429,13429
13430,2460
13431,15516
13432,13432
13433,13433
13434,13434
13435,13435
13436,13436
13437,12292
13438,13438
13439,12205
13440,13440
13441,8569
13442,14716
13443,13443
13444,13444
13445,11327
13446,16136
13447,13447
13448,13448
13449,8583
13450,7822
13451,13451
13452,7770
13453,15882
13454,13454
13455,13455
13456,13456
13457,7900
13458,13458
13459,6619
13460,13460
13461,13461
13462,13460
13463,13463
13464,8912
13465,806
13466,806
13467,13467
13468,13468
13469,13469
13470,5579
13471,13471
13472,13472
13473,9755
13474,13474
13475,13475
13476,4405
13477,13477
13478,13478
13479,13479
13480,15823
13481,13481
13482,13482
13483,13483
13484,13485
13485,13485
13486,11605
13487,13487
13488,7900
13489,979
13490,8192
13491,13491
13492,14197
13493,13493
13494,13494
13495,13495
13496,5055
13497,13497
13498,13498
13499,1524
13500,13918
13501,13501
13502,13502
13503,13503
13504,13504
13505,13505
13506,13506
13507,13507
13508,13508
13509,13509
13510,13510
13511,12151
13512,1304
13513,13513
13514,3439
13515,11769
13516,15035
13517,15333
13518,13518
13519,8680
13520,13520
13521,13521
13522,13522
13523,13523
13524,13524
13525,11728
13526,13526
13527,13527
13528,15634
13529,13529
13530,13211
13531,13531
13532,13532
13533,4372
13534,13534
13535,13535
13536,2977
13537,13537
13538,5727
13539,13539
13540,13540
13541,12607
13542,13542
13543,13543
13544,6619
13545,13545
13546,13546
13547,12749
13548,13548
13549,13549
13550,13550
13551,15451
13552,13552
13553,13448
13554,13554
13555,12309
13556,13556
13557,15833
13558,13558
13559,2181
13560,13560
13561,13561
13562,13562
13563,12502
13564,15616
13565,13565
13566,13566
13567,13567
13568,11064
13569,13377
13570,7031
13571,13571
13572,13572
13573,4483
13574,13574
13575,13575
13576,13576
13577,13577
13578,11632
13579,13579
13580,13580
13581,13581
13582,13582
13583,13583
13584,13584
13585,10984
13586,13586
13587,13587
13588,13588
13589,13589
13590,13590
13591,13591
13592,13592
13593,15861
13594,13594
13595,13595
13596,13596
13597,14177
13598,13598
13599,13599
13600,13600
13601,13601
13602,15451
13603,13603
13604,13604
13605,13605
13606,13606
13607,13607
13608,13608
13609,13609
13610,13372
13611,13385
13612,14825
13613,13613
13614,13614
13615,13615
13616,13616
13617,13617
13618,13618
13619,13619
13620,13620
13621,13621
13622,13622
13623,13623
13624,13624
13625,13625
13626,13626
13627,14684
13628,13628
13629,13629
13630,2453
13631,13631
13632,13632
13633,9157
13634,13634
13635,13635
13636,13636
13637,13637
13638,13638
13639,13639
13640,13640
13641,13641
13642,13728
13643,15717
13644,15823
13645,4104
13646,13646
13647,13647
13648,13648
13649,2747
13650,13650
13651,4798
13652,13652
13653,13653
13654,13654
13655,16146
13656,13656
13657,13657
13658,13658
13659,13659
13660,13660
13661,14840
13662,13662
13663,14288
13664,13664
13665,13665
13666,13666
13667,13667
13668,13668
13669,1012
13670,13670
13671,13671
13672,13672
13673,13673
13674,13674
13675,13675
13676,13676
13677,14756
13678,13678
13679,13679
13680,13680
13681,13681
13682,14177
13683,13683
13684,13684
13685,13685
13686,13686
13687,10180
13688,2291
13689,13689
13690,16206
13691,13691
13692,14673
13693,8446
13694,13694
13695,13695
13696,11543
13697,13697
13698,13862
13699,8948
13700,13700
13701,13701
13702,13702
13703,14525
13704,13704
13705,13705
13706,13706
13707,13707
13708,13708
13709,13709
13710,5878
13711,9157
13712,13712
13713,15211
13714,13714
13715,13731
13716,13716
13717,13717
13718,13718
13719,13719
13720,13720
13721,13721
13722,13722
13723,12151
13724,13724
13725,13786
13726,13726
13727,13727
13728,13728
13729,13729
13730,15997
13731,13731
13732,13422
13733,13733
13734,13734
13735,9323
13736,13736
13737,3914
13738,13738
13739,8109
13740,5396
13741,13741
13742,13742
13743,15953
13744,16073
13745,13745
13746,13746
13747,13021
13748,10930
13749,12589
13750,13750
13751,4952
13752,11837
13753,13753
13754,13754
13755,13755
13756,13756
13757,13757
13758,13758
13759,13759
13760,15181
13761,13761
13762,13221
13763,14589
13764,13764
13765,13765
13766,13766
13767,13767
13768,14779
13769,13769
13770,13770
13771,14036
13772,8720
13773,13773
13774,13774
13775,13775
13776,13776
13777,12900
13778,13778
13779,11103
13780,13377
13781,13781
13782,13782
13783,13783
13784,13784
13785,13785
13786,13786
13787,13787
13788,13788
13789,13789
13790,13790
13791,14649
13792,14036
13793,13793
13794,13794
13795,13795
13796,1684
13797,13797
13798,6636
13799,13799
13800,13800
13801,390
13802,13802
13803,13803
13804,13804
13805,11059
13806,13806
13807,13807
13808,13808
13809,13809
13810,12108
13811,13814
13812,13812
13813,13813
13814,13814
13815,13815
13816,13816
13817,12568
13818,13818
13819,13819
13820,13820
13821,13821
13822,15377
13823,13823
13824,5388
13825,13825
13826,13826
13827,13827
13828,13828
13829,13829
13830,13830
13831,13707
13832,13832
13833,13833
13834,13834
13835,13835
13836,13836
13837,16187
13838,13838
13839,13626
13840,13840
13841,13841
13842,13842
13843,13843
13844,13844
13845,13845
13846,13846
13847,13847
13848,13848
13849,13849
13850,13850
13851,13851
13852,6636
13853,116
13854,13854
13855,13855
13856,16110
13857,10896
13858,13858
13859,13859
13860,13860
13861,13861
13862,13862
13863,1910
13864,15035
13865,14840
13866,5020
13867,13867
13868,8671
13869,15858
13870,13870
13871,13871
13872,13872
13873,13873
13874,15447
13875,13875
13876,13876
13877,16206
13878,2015
13879,13879
13880,13880
13881,13881
13882,5245
13883,13883
13884,13884
13885,13885
13886,13886
13887,13887
13888,13888
13889,14295
13890,13890
13891,13891
13892,990
13893,13893
13894,8802
13895,15351
13896,13896
13897,7031
13898,13898
13899,13899
13900,13900
13901,13901
13902,13902
13903,13903
13904,14111
13905,13905
13906,13906
13907,13907
13908,13908
13909,13909
13910,13910
13911,12028
13912,13912
13913,6767
13914,13914
13915,10234
13916,13916
13917,4217
13918,13918
13919,13919
13920,13920
13921,14495
13922,13922
13923,13923
13924,13924
13925,13925
13926,4217
13927,14177
13928,15576
13929,13929
13930,13930
13931,13931
13932,13932
13933,13933
13934,13934
13935,13935
13936,12280
13937,9978
13938,13938
13939,13939
13940,13940
13941,13941
13942,13942
13943,6677
13944,13944
13945,15321
13946,13946
13947,13947
13948,13948
13949,13949
13950,14756
13951,11649
13952,13952
13953,13953
13954,13954
13955,13955
13956,13956
13957,13957
13958,13958
13959,13959
13960,13566
13961,3809
13962,13962
13963,13963
13964,13964
13965,13963
13966,13966
13967,13967
13968,13968
13969,13969
13970,13970
13971,13971
13972,13972
13973,3203
13974,13974
13975,13975
13976,8153
13977,13977
13978,12502
13979,13979
13980,13980
13981,13981
13982,13982
13983,13983
13984,14087
13985,7081
13986,9193
13987,14737
13988,13988
13989,13989
13990,13990
13991,3272
13992,13992
13993,8518
13994,8378
13995,13995
13996,15925
13997,13997
13998,13998
13999,13999
14000,7664
14001,15680
14002,9322
14003,14003
14004,10107
14005,14005
14006,14541
14007,14007
14008,12383
14009,6461
14010,14010
14011,14011
14012,14012
14013,12824
14014,14014
14015,14015
14016,14016
14017,14017
14018,14018
14019,14019
14020,14020
14021,15703
14022,14022
14023,14023
14024,13620
14025,14025
14026,6036
14027,14027
14028,14028
14029,14029
14030,14840
14031,14031
14032,14032
14033,14033
14034,14034
14035,14035
14036,14036
14037,14037
14038,14038
14039,14039
14040,14040
14041,14041
14042,14042
14043,11554
14044,14044
14045,8807
14046,14046
14047,14047
14048,14048
14049,14049
14050,14050
14051,8779
14052,1067
14053,14053
14054,14054
14055,14055
14056,14056
14057,12802
14058,14058
14059,1851
14060,14060
14061,390
14062,9193
14063,14063
14064,14064
14065,3771
14066,14066
14067,12147
14068,14068
14069,2579
14070,14070
14071,14269
14072,14072
14073,14073
14074,8123
14075,11400
14076,14076
14077,15135
14078,14078
14079,14079
14080,14080
14081,14081
14082,14082
14083,14083
14084,14084
14085,14085
14086,14086
14087,14087
14088,14088
14089,14089
14090,14036
14091,14091
14092,14092
14093,14093
14094,14047
14095,14095
14096,15217
14097,14097
14098,14098
14099,14099
14100,14100
14101,14101
14102,14102
14103,10657
14104,14104
14105,8153
14106,10030
14107,14107
14108,14108
14109,14109
14110,16187
14111,14111
14112,7831
14113,14113
14114,14114
14115,4314
14116,14116
14117,14117
14118,14118
14119,14119
14120,14120
14121,11698
14122,15157
14123,4372
14124,14124
14125,14793
14126,14126
14127,14127
14128,12864
14129,14129
14130,15288
14131,14131
14132,14132
14133,14133
14134,14134
14135,14135
14136,14136
14137,14137
14138,14254
14139,14139
14140,14140
14141,14141
14142,14142
14143,14143
14144,14144
14145,14145
14146,14146
14147,14147
14148,14148
14149,14149
14150,11559
14151,14151
14152,14152
14153,14153
14154,14154
14155,14155
14156,14156
14157,14157
14158,7187
14159,14159
14160,14160
14161,14161
14162,12139
14163,14163
14164,14164
14165,14165
14166,14166
14167,14167
14168,176
14169,14169
14170,14170
14171,14171
14172,14172
14173,15137
14174,14174
14175,14175
14176,14176
14177,14177
14178,14178
14179,14179
14180,14180
14181,14181
14182,14182
14183,14183
14184,11246
14185,1237
14186,8720
14187,14187
14188,14154
14189,14189
14190,16206
14191,14175
14192,6699
14193,14193
14194,4752
14195,7686
14196,15797
14197,14197
14198,4316
14199,14199
14200,14951
14201,14201
14202,14202
14203,14203
14204,14204
14205,5359
14206,14206
14207,9224
14208,14208
14209,14209
14210,14210
14211,14211
14212,14212
14213,14213
14214,14214
14215,14215
14216,14216
14217,14217
14218,13190
14219,14219
14220,14220
14221,14221
14222,13830
14223,14223
14224,116
14225,11810
14226,12231
14227,14227
14228,16069
14229,14229
14230,14230
14231,14231
14232,14232
14233,14654
14234,14234
14235,11751
14236,14236
14237,14237
14238,14238
14239,6473
14240,14240
14241,14241
14242,15949
14243,14243
14244,14244
14245,14245
14246,11830
14247,14247
14248,14248
14249,14249
14250,14250
14251,14251
14252,14252
14253,14253
14254,14254
14255,14255
14256,14256
14257,14257
14258,14258
14259,15232
14260,14260
14261,11710
14262,14262
14263,14263
14264,14264
14265,16081
14266,7849
14267,8577
14268,14268
14269,14269
14270,11629
14271,14271
14272,14272
14273,12589
14274,14274
14275,14275
14276,14276
14277,14277
14278,7240
14279,3914
14280,14280
14281,14281
14282,14282
14283,14283
14284,14284
14285,14285
14286,14286
14287,14287
14288,14288
14289,14289
14290,14290
14291,12499
14292,14292
14293,16080
14294,14294
14295,14295
14296,52
14297,3554
14298,14104
14299,14299
14300,14300
14301,14301
14302,14302
14303,15833
14304,11855
14305,14305
14306,3272
14307,14307
14308,14308
14309,9764
14310,12554
14311,8909
14312,14312
14313,12542
14314,14937
14315,15882
14316,14316
14317,11373
14318,16069
14319,14319
14320,14320
14321,14321
14322,14322
14323,14323
14324,14324
14325,7913
14326,9703
14327,6105
14328,14328
14329,11237
14330,14330
14331,12961
14332,10034
14333,13361
14334,14334
14335,14335
14336,14336
14337,14337
14338,14338
14339,5472
14340,14340
14341,14341
14342,14342
14343,14343
14344,12036
14345,14345
14346,14346
14347,14347
14348,14348
14349,12697
14350,14350
14351,14351
14352,14703
14353,14353
14354,14354
14355,15149
14356,14356
14357,14357
14358,10312
14359,14359
14360,14360
14361,14361
14362,15703
14363,14363
14364,14364
14365,14365
14366,14366
14367,14367
14368,14368
14369,8921
14370,7173
14371,14371
14372,14372
14373,15885
14374,14374
14375,9599
14376,14376
14377,13566
14378,14378
14379,14379
14380,14380
14381,14381
14382,14382
14383,14383
14384,14384
14385,14385
14386,14386
14387,14387
14388,14388
14389,14389
14390,14390
14391,14391
14392,14392
14393,14393
14394,2609
14395,14395
14396,14396
14397,14397
14398,10905
14399,10319
14400,14400
14401,14401
14402,7452
14403,14403
14404,14404
14405,14405
14406,14406
14407,1684
14408,14408
14409,16122
14410,14410
14411,4581
14412,14412
14413,14413
14414,14414
14415,14415
14416,14416
14417,14417
14418,14418
14419,14419
14420,14420
14421,14421
14422,14422
14423,15288
14424,14424
14425,14425
14426,14426
14427,14427
14428,14428
14429,14429
14430,2479
14431,14750
14432,14432
14433,14433
14434,14434
14435,14435
14436,14436
14437,14437
14438,14438
14439,14439
14440,14440
14441,14441
14442,14442
14443,14443
14444,14444
14445,11166
14446,14446
14447,14447
14448,15823
14449,14177
14450,14450
14451,14451
14452,14452
14453,14453
14454,14454
14455,14455
14456,14456
14457,14457
14458,14458
14459,14459
14460,15833
14461,14461
14462,14462
14463,9494
14464,14464
14465,14465
14466,9007
14467,6466
14468,14468
14469,8530
14470,7930
14471,14471
14472,14472
14473,4581
14474,14525
14475,15787
14476,14476
14477,14477
14478,14478
14479,9659
14480,14480
14481,14481
14482,14482
14483,11774
14484,14484
14485,14485
14486,14486
14487,14487
14488,14488
14489,14489
14490,14490
14491,14657
14492,14492
14493,14493
14494,14494
14495,14495
14496,6957
14497,14497
14498,14494
14499,6249
14500,14500
14501,14501
14502,8021
14503,14503
14504,14504
14505,14505
14506,6036
14507,14507
14508,14508
14509,14509
14510,14510
14511,116
14512,10968
14513,14513
14514,15809
14515,14404
14516,14516
14517,14517
14518,10279
14519,14519
14520,14520
14521,6192
14522,14522
14523,14523
14524,5410
14525,14525
14526,14526
14527,7706
14528,14528
14529,11841
14530,14530
14531,14531
14532,14532
14533,14533
14534,2858
14535,9634
14536,14536
14537,14537
14538,9937
14539,7573
14540,14540
14541,14541
14542,16122
14543,14543
14544,14544
14545,14545
14546,14546
14547,14547
14548,14548
14549,14549
14550,14550
14551,14551
14552,14552
14553,14553
14554,14554
14555,14555
14556,14556
14557,14557
14558,15990
14559,11751
14560,14560
14561,1206
14562,14562
14563,14563
14564,14564
14565,14434
14566,9746
14567,14567
14568,8542
14569,14569
14570,12108
14571,14571
14572,14572
14573,14573
14574,14574
14575,14575
14576,11852
14577,14577
14578,14578
14579,14579
14580,12780
14581,6473
14582,14582
14583,14583
14584,14584
14585,14585
14586,14586
14587,14587
14588,14588
14589,14589
14590,14590
14591,14591
14592,14592
14593,14593
14594,13718
14595,14595
14596,13390
14597,2479
14598,14598
14599,6636
14600,14600
14601,14601
14602,14602
14603,14603
14604,14604
14605,14605
14606,14606
14607,14607
14608,14608
14609,14609
14610,14610
14611,14611
14612,14612
14613,14613
14614,14614
14615,14615
14616,14616
14617,14525
14618,14618
14619,14619
14620,14620
14621,3825
14622,14622
14623,14623
14624,15261
14625,14625
14626,14626
14627,14627
14628,14628
14629,14629
14630,14630
14631,14631
14632,14632
14633,14633
14634,14634
14635,10763
14636,12780
14637,14637
14638,14638
14639,14639
14640,14640
14641,14641
14642,14642
14643,14643
14644,14644
14645,5928
14646,14646
14647,14647
14648,14648
14649,14649
14650,13451
14651,14651
14652,15761
14653,9918
14654,14654
14655,14655
14656,14656
14657,14657
14658,14658
14659,14659
14660,14660
14661,14661
14662,14662
14663,14663
14664,14664
14665,14665
14666,14666
14667,14667
14668,14668
14669,14669
14670,14670
14671,4952
14672,14033
14673,14673
14674,14674
14675,14675
14676,14676
14677,4952
14678,14678
14679,6330
14680,2602
14681,14681
14682,14682
14683,15601
14684,14684
14685,15949
14686,10107
14687,14687
14688,14688
14689,14689
14690,14690
14691,14691
14692,14692
14693,14693
14694,15487
14695,14695
14696,14696
14697,14697
14698,14698
14699,14699
14700,13648
14701,14701
14702,12611
14703,14703
14704,14704
14705,14705
14706,14706
14707,14707
14708,2571
14709,6984
14710,14710
14711,14711
14712,14712
14713,14713
14714,14714
14715,14715
14716,14716
14717,14717
14718,14718
14719,14719
14720,8349
14721,14721
14722,11210
14723,14723
14724,14724
14725,14725
14726,729
14727,14727
14728,14728
14729,9005
14730,14730
14731,14731
14732,14732
14733,14733
14734,14734
14735,3418
14736,14736
14737,14737
14738,14738
14739,14739
14740,14740
14741,14741
14742,14742
14743,14743
14744,14744
14745,14745
14746,14746
14747,14659
14748,14748
14749,14749
14750,14750
14751,14751
14752,14752
14753,14753
14754,14754
14755,5634
14756,14756
14757,14757
14758,14758
14759,14759
14760,14760
14761,14761
14762,14762
14763,14763
14764,14764
14765,14765
14766,14766
14767,14767
14768,14768
14769,14769
14770,14770
14771,5245
14772,14772
14773,14773
14774,14774
14775,14775
14776,14776
14777,14777
14778,10195
14779,14779
14780,14840
14781,15707
14782,8720
14783,14783
14784,14784
14785,14785
14786,14786
14787,14787
14788,14788
14789,14789
14790,14790
14791,14791
14792,14792
14793,14793
14794,14794
14795,14795
14796,14796
14797,14797
14798,14798
14799,14799
14800,14800
14801,14801
14802,14802
14803,14803
14804,14804
14805,14805
14806,14806
14807,14807
14808,3782
14809,16122
14810,14810
14811,14811
14812,14812
14813,14813
14814,2579
14815,2931
14816,14816
14817,14817
14818,14818
14819,7292
14820,10798
14821,14821
14822,14822
14823,866
14824,11543
14825,14825
14826,14826
14827,14827
14828,14828
14829,14829
14830,16208
14831,15094
14832,14832
14833,14833
14834,7237
14835,14835
14836,14836
14837,14837
14838,14838
14839,14839
14840,14840
14841,14841
14842,14842
14843,14843
14844,14844
14845,14845
14846,14846
14847,12780
14848,14848
14849,11657
14850,14850
14851,14851
14852,14852
14853,14853
14854,14854
14855,14855
14856,14856
14857,14857
14858,14858
14859,14859
14860,14860
14861,14861
14862,14862
14863,14863
14864,14864
14865,14865
14866,14866
14867,14867
14868,14868
14869,14869
14870,7930
14871,14433
14872,14872
14873,14873
14874,14874
14875,14875
14876,14876
14877,14877
14878,14878
14879,14879
14880,14880
14881,14881
14882,10774
14883,14883
14884,14884
14885,2488
14886,14886
14887,9342
14888,2747
14889,14889
14890,14890
14891,14891
14892,14892
14893,14893
14894,14894
14895,14895
14896,14896
14897,14897
14898,14898
14899,14899
14900,14900
14901,15064
14902,14902
14903,14903
14904,14904
14905,14177
14906,14906
14907,14907
14908,14908
14909,14909
14910,14910
14911,14911
14912,6358
14913,14913
14914,14914
14915,14915
14916,14916
14917,6024
14918,14918
14919,14919
14920,14920
14921,15601
14922,14922
14923,14923
14924,3178
14925,14925
14926,14926
14927,14927
14928,14928
14929,14929
14930,14930
14931,14931
14932,14932
14933,14933
14934,14930
14935,14935
14936,14936
14937,14937
14938,14938
14939,15342
14940,14940
14941,14941
14942,14942
14943,14943
14944,14944
14945,14945
14946,6636
14947,14947
14948,14948
14949,15341
14950,14950
14951,14951
14952,14952
14953,16136
14954,14954
14955,14955
14956,14956
14957,14957
14958,14958
14959,8691
14960,14960
14961,14961
14962,14962
14963,14963
14964,14964
14965,14965
14966,9263
14967,14967
14968,14968
14969,14969
14970,14970
14971,14971
14972,14972
14973,14973
14974,14974
14975,14975
14976,14976
14977,14977
14978,15493
14979,11436
14980,14980
14981,14981
14982,14982
14983,14983
14984,14984
14985,14985
14986,14986
14987,14987
14988,14988
14989,14989
14990,11771
14991,14991
14992,11946
14993,16078
14994,14994
14995,14995
14996,14996
14997,14997
14998,14998
14999,14999
15000,15000
15001,15001
15002,15002
15003,15003
15004,15004
15005,15005
15006,15006
15007,15007
15008,8446
15009,6464
15010,15010
15011,5607
15012,15012
15013,15013
15014,15014
15015,15015
15016,12697
15017,15017
15018,15018
15019,15019
15020,15020
15021,15021
15022,15022
15023,15023
15024,15024
15025,15025
15026,15676
15027,4643
15028,3786
15029,15029
15030,7426
15031,15031
15032,15032
15033,15033
15034,15034
15035,15035
15036,15036
15037,15037
15038,15038
15039,15039
15040,15040
15041,15041
15042,15042
15043,15043
15044,10703
15045,15045
15046,15046
15047,13783
15048,15048
15049,15049
15050,15050
15051,15051
15052,15052
15053,15053
15054,15054
15055,15055
15056,5890
15057,15057
15058,15058
15059,15059
15060,15060
15061,4569
15062,12749
15063,15063
15064,15064
15065,15065
15066,15066
15067,15067
15068,15068
15069,15069
15070,15070
15071,15071
15072,15072
15073,15073
15074,15074
15075,15075
15076,15076
15077,15077
15078,15078
15079,12059
15080,15080
15081,15013
15082,14750
15083,15083
15084,850
15085,15085
15086,15086
15087,15087
15088,13405
15089,15089
15090,10167
15091,15091
15092,15092
15093,15093
15094,15094
15095,12869
15096,15096
15097,15097
15098,15098
15099,15099
15100,15100
15101,15101
15102,15102
15103,15103
15104,15104
15105,15858
15106,3977
15107,15107
15108,15108
15109,15109
15110,15110
15111,15111
15112,15112
15113,5447
15114,15114
15115,15115
15116,15116
15117,15117
15118,15118
15119,15119
15120,15120
15121,15121
15122,15122
15123,15123
15124,15124
15125,15125
15126,15126
15127,15127
15128,16080
15129,15129
15130,15130
15131,15131
15132,15132
15133,15133
15134,15134
15135,15135
15136,15136
15137,15137
15138,15138
15139,15139
15140,15140
15141,15141
15142,15142
15143,5928
15144,15144
15145,11639
15146,14957
15147,3003
15148,15148
15149,15149
15150,15150
15151,15151
15152,15152
15153,15153
15154,15154
15155,15155
15156,15156
15157,15157
15158,10678
15159,15159
15160,15160
15161,15161
15162,15162
15163,15163
15164,15164
15165,15165
15166,15166
15167,15167
15168,15168
15169,15169
15170,15170
15171,15171
15172,15172
15173,15173
15174,15174
15175,15175
15176,15176
15177,15177
15178,7320
15179,15179
15180,15180
15181,15181
15182,15182
15183,15183
15184,15184
15185,15185
15186,4798
15187,15187
15188,15188
15189,15189
15190,15190
15191,15191
15192,15192
15193,15193
15194,15194
15195,15195
15196,15196
15197,15197
15198,15198
15199,15199
15200,15200
15201,15001
15202,15202
15203,15203
15204,15204
15205,11710
15206,15206
15207,15207
15208,15601
15209,15209
15210,15210
15211,15211
15212,15212
15213,5223
15214,15214
15215,15211
15216,10956
15217,15217
15218,15218
15219,15219
15220,15220
15221,15221
15222,15222
15223,15223
15224,15224
15225,15225
15226,15226
15227,11310
15228,15228
15229,15229
15230,15230
15231,6021
15232,15232
15233,15233
15234,15234
15235,15235
15236,15236
15237,15237
15238,15238
15239,15239
15240,13681
15241,15241
15242,15242
15243,15243
15244,15244
15245,11313
15246,15246
15247,15247
15248,15248
15249,15249
15250,15250
15251,15251
15252,15252
15253,15253
15254,15254
15255,13021
15256,15256
15257,15257
15258,12179
15259,15259
15260,15260
15261,15261
15262,15262
15263,15263
15264,15264
15265,15265
15266,15266
15267,15267
15268,15268
15269,15269
15270,15268
15271,6693
15272,15272
15273,15273
15274,765
15275,15275
15276,15276
15277,15277
15278,15278
15279,15279
15280,15280
15281,15281
15282,15282
15283,15283
15284,15284
15285,15285
15286,15286
15287,15287
15288,15288
15289,15289
15290,1154
15291,13478
15292,15292
15293,15293
15294,15294
15295,15295
15296,15296
15297,15297
15298,15298
15299,8776
15300,15300
15301,15301
15302,15302
15303,15303
15304,15304
15305,15305
15306,15306
15307,15307
15308,15308
15309,15309
15310,15310
15311,15311
15312,15312
15313,2479
15314,15314
15315,15315
15316,15316
15317,14420
15318,15318
15319,15319
15320,15320
15321,15321
15322,15322
15323,15323
15324,15324
15325,15325
15326,15326
15327,15327
15328,8201
15329,15329
15330,15330
15331,11335
15332,15332
15333,15333
15334,15334
15335,15335
15336,15336
15337,15337
15338,15338
15339,15339
15340,15340
15341,15341
15342,15342
15343,15343
15344,15344
15345,15345
15346,15346
15347,15347
15348,15348
15349,15349
15350,10742
15351,15351
15352,15352
15353,15353
15354,15354
15355,15355
15356,15356
15357,15357
15358,15358
15359,15359
15360,15360
15361,15361
15362,13471
15363,15363
15364,15364
15365,15365
15366,15366
15367,15367
15368,15368
15369,15369
15370,15370
15371,15371
15372,15372
15373,14756
15374,15374
15375,15375
15376,15376
15377,15377
15378,15378
15379,15379
15380,15380
15381,14840
15382,15382
15383,15383
15384,10877
15385,15385
15386,15386
15387,10714
15388,15388
15389,15389
15390,15390
15391,15391
15392,15392
15393,15393
15394,15394
15395,15395
15396,15396
15397,15397
15398,15398
15399,15399
15400,15400
15401,15401
15402,15402
15403,3099
15404,15404
15405,15405
15406,15406
15407,15407
15408,15408
15409,15409
15410,15410
15411,15411
15412,15412
15413,15413
15414,15414
15415,6036
15416,15416
15417,12784
15418,15418
15419,12961
15420,15420
15421,15421
15422,15422
15423,15423
15424,15424
15425,15425
15426,15426
15427,15427
15428,15428
15429,15429
15430,15430
15431,15431
15432,15432
15433,15433
15434,15434
15435,15435
15436,15436
15437,15437
15438,15438
15439,15279
15440,15440
15441,15441
15442,15442
15443,15443
15444,15444
15445,15445
15446,15446
15447,15447
15448,898
15449,15809
15450,15450
15451,15451
15452,15452
15453,15453
15454,15454
15455,15455
15456,15456
15457,15457
15458,15458
15459,15459
15460,15460
15461,15461
15462,15462
15463,15463
15464,15464
15465,15465
15466,15466
15467,15467
15468,15468
15469,15469
15470,11548
15471,15471
15472,15472
15473,15473
15474,14016
15475,15475
15476,15476
15477,15477
15478,15478
15479,15479
15480,15480
15481,15481
15482,14693
15483,15483
15484,15484
15485,15485
15486,15486
15487,15487
15488,15488
15489,15489
15490,15490
15491,15491
15492,15492
15493,15493
15494,15494
15495,16173
15496,10549
15497,15845
15498,15498
15499,15499
15500,15500
15501,15501
15502,15502
15503,15503
15504,15504
15505,15505
15506,15506
15507,15507
15508,15508
15509,15509
15510,15510
15511,15511
15512,1459
15513,15513
15514,15514
15515,15515
15516,15516
15517,15517
15518,15518
15519,15519
15520,15520
15521,15521
15522,15522
15523,15523
15524,15524
15525,15525
15526,15526
15527,15527
15528,15528
15529,15529
15530,15530
15531,15531
15532,15532
15533,15533
15534,15534
15535,15535
15536,15536
15537,15537
15538,15538
15539,15539
15540,15540
15541,7790
15542,15542
15543,15543
15544,15544
15545,8644
15546,6328
15547,15547
15548,14651
15549,15549
15550,15550
15551,15551
15552,15552
15553,15553
15554,7264
15555,15555
15556,15556
15557,15557
15558,15558
15559,15559
15560,15560
15561,15561
15562,15562
15563,15563
15564,15564
15565,15565
15566,15566
15567,15567
15568,7149
15569,15569
15570,15570
15571,15571
15572,15572
15573,15573
15574,15574
15575,15575
15576,15576
15577,15577
15578,15578
15579,15579
15580,15580
15581,15581
15582,7900
15583,15583
15584,15584
15585,15585
15586,15586
15587,10656
15588,15588
15589,15589
15590,16224
15591,15591
15592,15592
15593,15593
15594,15601
15595,15595
15596,15833
15597,15597
15598,15598
15599,15599
15600,15600
15601,15601
15602,15602
15603,15603
15604,15604
15605,15605
15606,15606
15607,15607
15608,15608
15609,15609
15610,13656
15611,15611
15612,14930
15613,15613
15614,15614
15615,15615
15616,15616
15617,15617
15618,15618
15619,15619
15620,15620
15621,15621
15622,15622
15623,15623
15624,15624
15625,15625
15626,15626
15627,15627
15628,8123
15629,15629
15630,15630
15631,15631
15632,15632
15633,15633
15634,15634
15635,15635
15636,15636
15637,15637
15638,16069
15639,15639
15640,15640
15641,15641
15642,15642
15643,15643
15644,15644
15645,15645
15646,15646
15647,15647
15648,15648
15649,15649
15650,15650
15651,15651
15652,15652
15653,15653
15654,11657
15655,15655
15656,15656
15657,15657
15658,15658
15659,15659
15660,13375
15661,15661
15662,15662
15663,8378
15664,14156
15665,15665
15666,14471
15667,15667
15668,15668
15669,15669
15670,15670
15671,15671
15672,15672
15673,14897
15674,16065
15675,15675
15676,15676
15677,15677
15678,15678
15679,15679
15680,15680
15681,15681
15682,15682
15683,16010
15684,15684
15685,15685
15686,15686
15687,15687
15688,15688
15689,15689
15690,15690
15691,15691
15692,15692
15693,8054
15694,1529
15695,15695
15696,15696
15697,15697
15698,15698
15699,15699
15700,14058
15701,15701
15702,15702
15703,15703
15704,15704
15705,15705
15706,15706
15707,15707
15708,15708
15709,15709
15710,15710
15711,15711
15712,15712
15713,15713
15714,15714
15715,15715
15716,15716
15717,15717
15718,15718
15719,15719
15720,15720
15721,15721
15722,9978
15723,15723
15724,15724
15725,15725
15726,15726
15727,15727
15728,15728
15729,15729
15730,15730
15731,15731
15732,15732
15733,15733
15734,14494
15735,15735
15736,15736
15737,15737
15738,15738
15739,15739
15740,15740
15741,15741
15742,15742
15743,15743
15744,14220
15745,15745
15746,15746
15747,15747
15748,15748
15749,15749
15750,10731
15751,15751
15752,15354
15753,15753
15754,15754
15755,15755
15756,15756
15757,15757
15758,15758
15759,15736
15760,15760
15761,15761
15762,7886
15763,15763
15764,15764
15765,15765
15766,15766
15767,15767
15768,15768
15769,15769
15770,15770
15771,15771
15772,15772
15773,15773
15774,15774
15775,15775
15776,15776
15777,15777
15778,15778
15779,15779
15780,15780
15781,15781
15782,15782
15783,15783
15784,15784
15785,15785
15786,15786
15787,15787
15788,15788
15789,15789
15790,15790
15791,15791
15792,15792
15793,15793
15794,15794
15795,2579
15796,15796
15797,15797
15798,15798
15799,15799
15800,15800
15801,15801
15802,15802
15803,15803
15804,15804
15805,15805
15806,15806
15807,15807
15808,5308
15809,15809
15810,15810
15811,15811
15812,15812
15813,15813
15814,15814
15815,15815
15816,15816
15817,15817
15818,15818
15819,5133
15820,15820
15821,15821
15822,15822
15823,15823
15824,10361
15825,1688
15826,15826
15827,15827
15828,15828
15829,15829
15830,11499
15831,15831
15832,15832
15833,15833
15834,15834
15835,15835
15836,15836
15837,15837
15838,15838
15839,15839
15840,15840
15841,15576
15842,15842
15843,15843
15844,15844
15845,15845
15846,15846
15847,15847
15848,15848
15849,15849
15850,13638
15851,15851
15852,15852
15853,15853
15854,15854
15855,15855
15856,15856
15857,15857
15858,15858
15859,15859
15860,15860
15861,15861
15862,15862
15863,15863
15864,15864
15865,15865
15866,11400
15867,15867
15868,15868
15869,15869
15870,15870
15871,15871
15872,15872
15873,15873
15874,15874
15875,15875
15876,15876
15877,15877
15878,15878
15879,15879
15880,15880
15881,15881
15882,15882
15883,15883
15884,15884
15885,15885
15886,15886
15887,15887
15888,15888
15889,15889
15890,15890
15891,15891
15892,15892
15893,15893
15894,15894
15895,11310
15896,15896
15897,15897
15898,15898
15899,15899
15900,15601
15901,15901
15902,15902
15903,15903
15904,15904
15905,15905
15906,15906
15907,15907
15908,15908
15909,15909
15910,15910
15911,11629
15912,15912
15913,9291
15914,15914
15915,15915
15916,15916
15917,15917
15918,15918
15919,15919
15920,7031
15921,15921
15922,15922
15923,15923
15924,15924
15925,15925
15926,15926
15927,15927
15928,12035
15929,15929
15930,15930
15931,15931
15932,15932
15933,15933
15934,15934
15935,15935
15936,15936
15937,15937
15938,15938
15939,15939
15940,15940
15941,15941
15942,519
15943,15943
15944,15944
15945,1575
15946,15946
15947,15947
15948,15948
15949,15949
15950,15950
15951,15951
15952,15952
15953,15953
15954,15954
15955,15990
15956,15956
15957,15957
15958,15958
15959,15959
15960,15960
15961,15961
15962,15962
15963,15963
15964,15964
15965,15965
15966,15966
15967,15967
15968,15968
15969,15969
15970,15970
15971,15971
15972,15972
15973,15973
15974,15974
15975,15975
15976,15976
15977,15977
15978,15978
15979,15979
15980,15980
15981,15981
15982,15982
15983,15983
15984,15984
15985,15985
15986,15986
15987,15987
15988,15988
15989,15989
15990,15990
15991,15991
15992,15992
15993,15993
15994,15994
15995,15995
15996,15996
15997,15997
15998,15998
15999,15999
16000,16000
16001,16001
16002,16002
16003,16003
16004,16004
16005,16005
16006,16006
16007,16007
16008,16008
16009,16009
16010,16010
16011,16011
16012,16012
16013,16013
16014,16014
16015,16015
16016,16016
16017,16017
16018,16018
16019,16019
16020,16020
16021,16021
16022,16022
16023,16023
16024,16024
16025,16025
16026,16026
16027,16027
16028,16028
16029,16029
16030,16030
16031,16031
16032,16032
16033,16033
16034,16034
16035,720
16036,16036
16037,5245
16038,16038
16039,16039
16040,16040
16041,16041
16042,16042
16043,16043
16044,16044
16045,16045
16046,16046
16047,16047
16048,16048
16049,16049
16050,16050
16051,16051
16052,16052
16053,16053
16054,16054
16055,16055
16056,16056
16057,16057
16058,16058
16059,16059
16060,16060
16061,16061
16062,16062
16063,16063
16064,16064
16065,16065
16066,16066
16067,16067
16068,16068
16069,16069
16070,16070
16071,16071
16072,12332
16073,16073
16074,16074
16075,16075
16076,16076
16077,16077
16078,16078
16079,16079
16080,16080
16081,16081
16082,16082
16083,16083
16084,16084
16085,16085
16086,16086
16087,16087
16088,13504
16089,12493
16090,16090
16091,16091
16092,16092
16093,16093
16094,16094
16095,16095
16096,16096
16097,16097
16098,16098
16099,16099
16100,16100
16101,16101
16102,16102
16103,16094
16104,16104
16105,16105
16106,16106
16107,16107
16108,16108
16109,16109
16110,16110
16111,16111
16112,16112
16113,16113
16114,16114
16115,16115
16116,16116
16117,16117
16118,16118
16119,16119
16120,16120
16121,16121
16122,16122
16123,16123
16124,16124
16125,16125
16126,16126
16127,16127
16128,16128
16129,4569
16130,16130
16131,16131
16132,16132
16133,16133
16134,16134
16135,16135
16136,16136
16137,16137
16138,16138
16139,16139
16140,16140
16141,16141
16142,16142
16143,16143
16144,16144
16145,16145
16146,16146
16147,16147
16148,16148
16149,16149
16150,16150
16151,16151
16152,16152
16153,16153
16154,16154
16155,16155
16156,16156
16157,16157
16158,16158
16159,16159
16160,16160
16161,16161
16162,16162
16163,16163
16164,16164
16165,16165
16166,16166
16167,16167
16168,16168
16169,16169
16170,14485
16171,16171
16172,16172
16173,16173
16174,16174
16175,16175
16176,16176
16177,16177
16178,16178
16179,16179
16180,16180
16181,16181
16182,14840
16183,16183
16184,16184
16185,16185
16186,16186
16187,16187
16188,16188
16189,16189
16190,16190
16191,16191
16192,16192
16193,16193
16194,16194
16195,16195
16196,16196
16197,14718
16198,16198
16199,16199
16200,16200
16201,16201
16202,16202
16203,16203
16204,16204
16205,16205
16206,16206
16207,16207
16208,16208
16209,16209
16210,16210
16211,16211
16212,16212
16213,16213
16214,16214
16215,16215
16216,16216
16217,16217
16218,16218
16219,16219
16220,16220
16221,16221
16222,16222
16223,16223
16224,16224
16225,16225
16226,16226
16227,16227
16228,16228
16229,16229
16230,16230
16231,16231
16232,16232
16233,16233
16234,16234
16235,16235
16236,16236
16237,16237
16238,16238
16239,16239
16240,16240
16241,16241
16242,16242
16243,16243
16244,16244
16245,16245
16246,16246
16247,16247
16248,16248
16249,16249
16250,16250
16251,16251
16252,16252
