neuron,mean,sd
0,-0.8922744,0.39524713
1,-0.3659442,0.10229721
2,-0.5672741,0.22332488
3,-0.7923672,0.39716795
4,-0.31190386,0.10732318
5,-0.8249079,0.34794742
6,-0.50632775,0.2732749
7,-0.5571905,0.13250601
8,-0.7625242,0.35190955
9,-0.72888196,0.17287739
10,-1.0485247,0.42167258
11,-0.6454068,0.13470432
12,-0.72361326,0.30008236
13,-0.5447876,0.19119799
14,-0.5504267,0.12560092
15,-0.72946477,0.171787
16,-0.7690705,0.31218144
17,-0.636748,0.14900981
18,-0.68111897,0.15367852
19,-0.4737918,0.17656723
20,-0.70978117,0.33691072
21,-0.67880946,0.16754942
22,-0.4671718,0.30332705
23,-1.0500194,0.41413745
24,-0.4822243,0.27224624
25,-0.723959,0.3461311
26,-0.91864765,0.39543077
27,-0.46273366,0.28432822
28,-0.55164754,0.12882459
29,-0.63815117,0.1587211
30,-0.5241661,0.13581617
31,-0.7363249,0.17530064
32,-0.5897362,0.199499
33,-0.64869606,0.14999819
34,-0.5835319,0.14914191
35,-0.6877863,0.26875427
36,-0.81082433,0.3705855
37,-0.6073697,0.16678384
38,-0.66847813,0.1550265
39,-0.46447593,0.27155766
40,-0.6271804,0.136698
41,-0.45714477,0.12412879
42,-0.5138962,0.29756966
43,-0.66844153,0.14385068
44,-0.56034034,0.14651863
45,-0.9638881,0.42325056
46,-0.66423887,0.14891839
47,-0.6148567,0.15509248
48,-0.53433764,0.13671212
49,-0.36377728,0.12041862
50,-0.37227532,0.24759193
51,-0.54856795,0.36068285
52,-0.7915064,0.33244988
53,-0.61348605,0.1371362
54,-0.64523023,0.3312992
55,-0.7082561,0.1840911
56,-0.7973372,0.33272222
57,-0.65539324,0.15103534
58,-0.9398935,0.432375
59,-0.6311874,0.14886346
60,-0.45914474,0.24762592
61,-0.6851739,0.14974771
62,-0.62872684,0.15626757
63,-0.58375424,0.30338562
64,-0.58909583,0.161965
65,-0.4979616,0.12185256
66,-0.46794298,0.27401397
67,-0.5922189,0.13473044
68,-0.8667111,0.3709974
69,-0.45523417,0.24919443
70,-0.6293518,0.15965477
71,-0.7051696,0.15002711
72,-0.66800344,0.16827631
73,-0.66945225,0.16232254
74,-0.5615098,0.13649768
75,-1.0239334,0.45313752
76,-0.75967103,0.28563794
77,-0.6087321,0.14512528
78,-0.63861823,0.16465284
79,-0.5943717,0.13853651
80,-0.53128105,0.12033605
81,-0.517997,0.13743268
82,-0.4771451,0.28385916
83,-0.6741889,0.16352524
84,-0.81427646,0.3386834
85,-0.6490288,0.14478967
86,-0.6535416,0.16875507
87,-0.7107445,0.15111981
88,-0.62023795,0.14830416
89,-0.545385,0.13288552
90,-0.6722466,0.1538093
91,-0.502057,0.19336478
92,-0.92469305,0.37742037
93,-1.0351604,0.43401408
94,-1.010721,0.44039983
95,-0.7826667,0.35711658
96,-0.7047144,0.16871451
97,-0.6590123,0.14685552
98,-0.64372975,0.14892432
99,-0.76778054,0.20114478
100,-0.48824787,0.123337016
101,-0.6240815,0.14498526
102,-0.6417884,0.16664645
103,-0.61500776,0.13464469
104,-0.6159712,0.13238743
105,-0.8342023,0.34804636
106,-0.63256896,0.15378392
107,-0.64956045,0.15925825
108,-0.46163714,0.121229604
109,-0.63684493,0.15171982
110,-0.6485145,0.14274615
111,-0.65194786,0.34083447
112,-0.6302852,0.16252798
113,-0.6699966,0.3436995
114,-0.95703626,0.39872766
115,-0.65921843,0.14698334
116,-0.6571314,0.17198989
117,-0.6791405,0.27986833
118,-0.65938723,0.14372107
119,-0.7756485,0.32365373
120,-0.6399825,0.32695577
121,-0.64338464,0.15602177
122,-0.58496195,0.31899714
123,-0.64721334,0.14425859
124,-0.7411606,0.35923195
125,-0.6559385,0.1478394
126,-0.62461585,0.1813617
127,-0.60489404,0.15044592
128,-0.6370731,0.15256149
129,-0.5736585,0.15087977
130,-0.6558468,0.15894067
131,-0.75480634,0.34518218
132,-0.60688573,0.15172076
133,-0.5312204,0.14599043
134,-0.6048791,0.14171512
135,-0.6721266,0.15364785
136,-0.48796424,0.15925248
137,-0.5890706,0.3392159
138,-0.66794944,0.33418542
139,-0.65624857,0.179254
140,-0.58290493,0.29657677
141,-0.66543806,0.14468896
142,-0.77601236,0.17195244
143,-0.921339,0.4460798
144,-0.48756143,0.12117513
145,-0.9889304,0.39402273
146,-0.6850231,0.15023741
147,-0.63936114,0.16521661
148,-0.71061826,0.25967628
149,-0.6360056,0.23150109
150,-0.61747867,0.14528419
151,-0.36567774,0.12530716
152,-0.8217834,0.37946892
153,-0.4653622,0.26118872
154,-0.7523969,0.19120017
155,-0.54770267,0.16457127
156,-0.7772502,0.33418128
157,-0.6495143,0.14436686
158,-0.6027845,0.1603558
159,-0.55708086,0.13942368
160,-0.61173534,0.1364694
161,-0.5542923,0.14317694
162,-0.59100175,0.17616084
163,-0.78388417,0.3263368
164,-0.73796976,0.18095775
165,-0.76081705,0.33007324
166,-0.6957957,0.15771474
167,-0.94134957,0.41577408
168,-0.6330705,0.14126593
169,-0.59404284,0.14328274
170,-0.66489756,0.16491084
171,-0.47639778,0.24868402
172,-0.6666591,0.18164477
173,-0.61829543,0.15771268
174,-0.73913205,0.29235566
175,-0.50092995,0.113332614
176,-0.44007543,0.26210105
177,-0.58996797,0.14970514
178,-0.6889083,0.17602582
179,-0.60760194,0.14935094
180,-0.7219296,0.26993933
181,-0.6847415,0.15886731
182,-0.6559697,0.15886723
183,-0.56346005,0.1312098
184,-0.6456896,0.1471849
185,-0.49738005,0.26478013
186,-0.60102177,0.17899777
187,-0.71349204,0.1743218
188,-0.4471208,0.14628217
189,-1.210848,0.49750468
190,-0.5946012,0.14831038
191,-0.73908484,0.32070222
192,-0.58487535,0.14365195
193,-0.59427774,0.14560471
194,-0.8958633,0.36003968
195,-0.68591255,0.1609587
196,-1.1118203,0.444963
197,-0.6282663,0.15019162
198,-0.69117653,0.2941447
199,-1.004917,0.4360576
200,-0.6070236,0.14803031
201,-0.46727,0.11589528
202,-0.706215,0.17162265
203,-0.6058412,0.14270201
204,-0.5907711,0.15572366
205,-0.59708655,0.14500889
206,-0.77706766,0.3876698
207,-0.6125887,0.14998491
208,-0.7013771,0.3468646
209,-0.6281864,0.1504748
210,-0.5260069,0.2965085
211,-0.6509408,0.15662201
212,-0.7506837,0.31542048
213,-0.63713515,0.16020346
214,-0.5130853,0.12914027
215,-0.52078754,0.121476956
216,-0.67873096,0.1434592
217,-0.6137595,0.14232944
218,-0.5675997,0.13760604
219,-0.44935712,0.12538527
220,-0.64439094,0.16555266
221,-0.6648084,0.29315168
222,-0.5801864,0.15783028
223,-0.6498964,0.1457524
224,-0.7113848,0.15309696
225,-0.7821029,0.33863094
226,-0.6295933,0.15136303
227,-0.6171778,0.2130012
228,-0.55618125,0.14305596
229,-0.67827123,0.38516647
230,-0.8515864,0.4542211
231,-1.0113374,0.43677276
232,-0.6120889,0.14644466
233,-0.91123587,0.38927403
234,-0.64049625,0.15565068
235,-0.45724052,0.12029341
236,-0.5119283,0.11746484
237,-0.67027,0.41030622
238,-0.6338964,0.15175271
239,-0.7648649,0.36636177
240,-0.5876873,0.15758376
241,-0.8634948,0.38584608
242,-0.70097667,0.26239634
243,-0.5003628,0.19274595
244,-0.5911928,0.21235266
245,-0.61179817,0.15426949
246,-0.86255544,0.37318298
247,-0.59526634,0.15231705
248,-0.5917031,0.3337477
249,-0.6546989,0.15931629
250,-0.59452504,0.14069605
251,-1.1016715,0.4287788
252,-0.84112453,0.3530418
253,-0.5846912,0.15475522
254,-0.5443419,0.2798487
255,-0.655051,0.3714783
256,-0.33595762,0.11425153
257,-0.6149052,0.14423558
258,-0.8066457,0.339223
259,-1.0073357,0.39553398
260,-0.40277293,0.23989071
261,-0.63673,0.15194567
262,-0.58878785,0.16267695
263,-0.65494835,0.15805912
264,-0.67993474,0.18763115
265,-0.9629964,0.4217311
266,-0.54016566,0.32276112
267,-1.1001573,0.42683008
268,-1.1026597,0.47285816
269,-0.4295993,0.23434426
270,-0.61063534,0.13208643
271,-0.6673097,0.14509983
272,-0.8210196,0.34169438
273,-1.0908573,0.447474
274,-0.8188098,0.3524708
275,-0.574629,0.15227424
276,-0.5908456,0.15927872
277,-0.58839774,0.14433597
278,-0.693791,0.16194509
279,-1.0646511,0.40980875
280,-0.45796275,0.17564066
281,-0.76990306,0.3563781
282,-0.9154513,0.39488506
283,-0.61084574,0.33693048
284,-0.6336049,0.1438051
285,-0.5240903,0.13912591
286,-0.30675215,0.21003576
287,-1.044013,0.38577822
288,-0.64643055,0.1633549
289,-0.73800254,0.37107024
290,-0.5550429,0.26770416
291,-0.5611083,0.13374308
292,-0.6109703,0.15556118
293,-1.1110957,0.45962402
294,-0.5049806,0.12949106
295,-0.5765751,0.301208
296,-0.95769185,0.45590165
297,-0.63169974,0.16472441
298,-0.63906974,0.1508758
299,-0.6802656,0.15119134
300,-0.78338134,0.31362137
301,-0.5704855,0.12919742
302,-0.57087755,0.16046596
303,-0.66715515,0.1468202
304,-0.72110724,0.1753866
305,-0.8063044,0.3290897
306,-0.52035195,0.120500885
307,-0.70591164,0.17310177
308,-0.70840806,0.15782295
309,-0.53556716,0.14660366
310,-0.6110516,0.15015256
311,-0.72715086,0.3380237
312,-0.45423105,0.23963375
313,-0.59360856,0.13891383
314,-0.68407583,0.17441896
315,-0.63111854,0.15840414
316,-0.63246953,0.31330466
317,-0.99085075,0.38260248
318,-0.70423394,0.17964803
319,-0.59424734,0.15837102
320,-0.69878215,0.35603657
321,-0.618614,0.14919989
322,-0.54125774,0.29486218
323,-0.6655442,0.15027139
324,-0.57622606,0.30834204
325,-0.6823468,0.1729901
326,-0.6731458,0.16456006
327,-0.7630275,0.41736314
328,-0.5853323,0.2504383
329,-0.6934887,0.28431952
330,-0.6617291,0.16478415
331,-0.6470776,0.16602789
332,-0.5066045,0.11667656
333,-0.6805648,0.17273001
334,-0.441409,0.2768269
335,-0.67838544,0.17848337
336,-0.519396,0.12083757
337,-0.6179977,0.14791134
338,-0.6680778,0.16194259
339,-0.834259,0.3629337
340,-0.911823,0.3637601
341,-0.47184813,0.33941922
342,-0.90393394,0.34864
343,-0.65134174,0.27474394
344,-0.6507463,0.14687344
345,-0.92836636,0.3719096
346,-0.84808505,0.3097156
347,-0.5641222,0.1396352
348,-0.59264636,0.14783514
349,-0.99540055,0.40419084
350,-0.6179991,0.16882053
351,-0.7418987,0.34428808
352,-0.6631207,0.16405064
353,-0.99782604,0.44992232
354,-0.8299254,0.37012845
355,-0.6582583,0.16106962
356,-0.46633005,0.14746457
357,-0.8942282,0.4262216
358,-0.6362395,0.15288505
359,-0.6329354,0.15122913
360,-0.66023,0.16474186
361,-0.7071163,0.35307533
362,-0.55418855,0.14651248
363,-0.45070696,0.12884983
364,-1.0077504,0.41128537
365,-0.6425836,0.13512446
366,-1.0394034,0.49834046
367,-0.7413826,0.16714627
368,-0.64311475,0.15059124
369,-0.72187173,0.3314388
370,-0.4813612,0.12307714
371,-0.6303125,0.14218333
372,-0.9705601,0.4176
373,-0.61352295,0.16218315
374,-0.8710822,0.4244539
375,-1.0099244,0.43959314
376,-0.7618113,0.35350865
377,-0.38144547,0.26496282
378,-0.60375315,0.14494945
379,-0.6339508,0.14548159
380,-0.5669496,0.15150549
381,-0.47393858,0.12182282
382,-0.7996946,0.36799136
383,-0.62203807,0.14708522
384,-0.9397058,0.34162825
385,-0.71006894,0.3526976
386,-0.5693075,0.13868871
387,-0.980701,0.41694602
388,-0.58544856,0.1529355
389,-0.5809778,0.12993748
390,-0.6372678,0.15675655
391,-0.49324837,0.130708
392,-0.67235756,0.35573965
393,-0.5777378,0.14963453
394,-0.5252347,0.1387314
395,-1.0989579,0.43776348
396,-0.6484661,0.15475647
397,-0.6550791,0.30787426
398,-0.5392137,0.27072546
399,-0.6547423,0.15310368
400,-0.8273618,0.3593173
401,-0.90586656,0.40764073
402,-0.649632,0.15521632
403,-0.4963432,0.34972963
404,-0.8001871,0.3649038
405,-0.5654964,0.15079656
406,-0.74597436,0.16080923
407,-0.678175,0.32950586
408,-1.1094848,0.45815024
409,-0.738265,0.34513044
410,-0.60248595,0.15321822
411,-1.0005689,0.4459134
412,-0.62593585,0.13311012
413,-0.5531521,0.13475905
414,-0.9979267,0.42928967
415,-0.5951513,0.15070908
416,-0.6639864,0.14672449
417,-1.1623397,0.5000804
418,-0.7310536,0.16510876
419,-0.675895,0.15963393
420,-0.72824234,0.16060446
421,-0.7009281,0.1685766
422,-0.6442504,0.14823979
423,-0.717348,0.25430036
424,-0.6537399,0.15641202
425,-0.6038665,0.14922987
426,-0.69374347,0.14220163
427,-0.6310333,0.34266508
428,-0.6828165,0.31260008
429,-0.64768666,0.1433894
430,-0.6288945,0.15656121
431,-0.69342655,0.33071947
432,-0.55696476,0.13875921
433,-0.85484153,0.35493723
434,-0.9733453,0.39526772
435,-0.64860004,0.14076896
436,-0.6388531,0.14919965
437,-0.45980218,0.25213093
438,-0.7049959,0.31884658
439,-0.6564412,0.14291523
440,-0.63696176,0.15032788
441,-0.5273217,0.31020895
442,-0.4538464,0.12790458
443,-0.49111605,0.127873
444,-0.5795656,0.15277764
445,-0.5312568,0.122181535
446,-0.32554764,0.23179789
447,-0.64607036,0.15335907
448,-0.9981146,0.42348984
449,-0.57800454,0.15489984
450,-0.586844,0.14097582
451,-0.65043837,0.34324563
452,-0.64609605,0.15899938
453,-0.6638899,0.16238868
454,-0.71296895,0.34679174
455,-0.7700983,0.3648997
456,-0.6607873,0.20688066
457,-0.68942505,0.36169946
458,-0.6798126,0.15433182
459,-0.53566754,0.12751621
460,-0.5820421,0.15678355
461,-0.5609367,0.15121467
462,-0.5801464,0.15138118
463,-0.63167876,0.15376401
464,-0.4317609,0.111800954
465,-0.65605474,0.1461146
466,-0.6862599,0.15561514
467,-0.6848468,0.37243152
468,-0.99939746,0.44530982
469,-0.8165407,0.3449442
470,-0.76331323,0.40027183
471,-0.6260204,0.14940532
472,-0.6595013,0.1882013
473,-1.0513334,0.4348403
474,-0.79434025,0.36253706
475,-0.64858896,0.15544394
476,-0.6352279,0.15658703
477,-0.6005539,0.14425252
478,-1.0424258,0.42230538
479,-0.6937611,0.1658726
480,-0.52113086,0.13493145
481,-0.6170104,0.1498116
482,-0.7990365,0.3817351
483,-0.58609164,0.14236504
484,-0.5171861,0.13880204
485,-0.6020964,0.17062242
486,-0.77411175,0.39737475
487,-0.6165764,0.15441021
488,-0.47156334,0.12598993
489,-0.8775789,0.38949403
490,-0.745602,0.34667107
491,-0.6203371,0.14235035
492,-0.6812507,0.15653178
493,-0.67299277,0.17304361
494,-0.6864959,0.26119882
495,-0.8421814,0.30005988
496,-0.51274276,0.13660221
497,-0.710789,0.32163006
498,-0.78359354,0.30533344
499,-0.6348183,0.16334692
500,-0.22974059,0.11456369
501,-0.5886481,0.14634703
502,-0.93258494,0.3722403
503,-0.6611941,0.15165463
504,-0.6414731,0.16966423
505,-0.62617904,0.14699
506,-0.5985264,0.1371682
507,-0.49529088,0.16784808
508,-0.58523536,0.15573335
509,-0.66160035,0.31720608
510,-0.57341605,0.13677776
511,-0.63464683,0.1520744
512,-0.5215088,0.13136715
513,-0.67388844,0.16564281
514,-0.500018,0.13153435
515,-0.38902274,0.258792
516,-0.69318783,0.15711327
517,-0.58612394,0.23645282
518,-0.5610338,0.29526374
519,-0.9599516,0.4310225
520,-0.5905215,0.14173147
521,-0.7231716,0.33107793
522,-0.90119284,0.4105835
523,-0.54302233,0.28902894
524,-0.45898816,0.24062262
525,-0.56523496,0.17094946
526,-0.65729517,0.14072825
527,-0.629871,0.14729144
528,-0.62092626,0.15469776
529,-0.61838454,0.3183943
530,-0.6340473,0.15771891
531,-0.9129204,0.38454285
532,-0.5237543,0.30097592
533,-0.5740423,0.18214509
534,-0.5341276,0.30718717
535,-0.9271138,0.42479613
536,-0.6994583,0.32240665
537,-0.61078167,0.14419001
538,-1.0795573,0.49699295
539,-0.7860254,0.32976437
540,-0.6088274,0.16205715
541,-0.6528985,0.1551661
542,-0.6839827,0.16470088
543,-0.39832288,0.25061557
544,-0.52599144,0.28033015
545,-0.6973439,0.1631688
546,-1.1248957,0.45420328
547,-0.69179344,0.16250315
548,-0.49277234,0.12211059
549,-1.1860902,0.5245616
550,-0.71516806,0.30788726
551,-0.70330596,0.16746135
552,-0.6377997,0.15945677
553,-0.57624674,0.15316632
554,-0.5562356,0.16062969
555,-0.4040474,0.16824669
556,-0.4280174,0.24502516
557,-0.64035916,0.14915167
558,-0.8369969,0.37249318
559,-0.69087523,0.16911104
560,-0.69067097,0.32604727
561,-1.0230892,0.443339
562,-0.5766044,0.14021619
563,-0.5694545,0.15830933
564,-0.6330927,0.14612249
565,-0.6041535,0.14817332
566,-0.5448107,0.16171466
567,-0.5631974,0.14276049
568,-0.6111626,0.15373774
569,-0.4155252,0.22141922
570,-0.44772318,0.13816242
571,-0.6637104,0.16056816
572,-0.6672463,0.30859447
573,-0.48185486,0.29248908
574,-0.5240755,0.14834955
575,-0.56989443,0.1489748
576,-0.87220806,0.34489277
577,-0.59917486,0.30575886
578,-0.6449681,0.16032372
579,-0.57046396,0.16211137
580,-0.6294367,0.34662926
581,-0.41771045,0.14510834
582,-0.55241346,0.14703716
583,-0.4968989,0.12935466
584,-1.1985583,0.43901494
585,-0.6414517,0.15355296
586,-0.69233763,0.38734388
587,-1.0678324,0.38680106
588,-0.5291949,0.14403348
589,-0.6945405,0.16924387
590,-0.5695793,0.185163
591,-0.93382204,0.44514978
592,-0.6396844,0.16042568
593,-0.6061234,0.1649578
594,-0.63650405,0.14949699
595,-0.4104676,0.32292828
596,-0.65924907,0.1532199
597,-0.6044474,0.14885187
598,-0.6221787,0.15195857
599,-0.6532474,0.14811711
600,-0.655241,0.34974423
601,-0.6318915,0.17709029
602,-0.6639374,0.1598831
603,-0.46102184,0.12792519
604,-0.7305174,0.16493466
605,-0.6764135,0.1547394
606,-0.6511093,0.176559
607,-0.50660366,0.13547869
608,-0.6354217,0.14331819
609,-0.61014175,0.14295428
610,-0.6539361,0.16678143
611,-0.6610945,0.15350512
612,-0.6262007,0.14756864
613,-0.54966736,0.14097933
614,-0.6481038,0.13679478
615,-0.69571084,0.16826434
616,-0.6208956,0.14153449
617,-0.67358345,0.15757024
618,-0.8978992,0.40100124
619,-0.5944171,0.16298003
620,-0.48590875,0.1427915
621,-0.72895014,0.16602756
622,-0.8134126,0.33078763
623,-0.43726894,0.29002523
624,-0.6484156,0.14886545
625,-0.48319176,0.13517494
626,-0.73186904,0.31780463
627,-0.62695944,0.16117299
628,-0.8226996,0.3535649
629,-0.87021565,0.3638312
630,-0.64174926,0.14325918
631,-0.9003958,0.42815697
632,-0.48128518,0.121761054
633,-0.9496595,0.356635
634,-0.66985834,0.15866448
635,-0.65766263,0.17074789
636,-0.8912579,0.35246474
637,-0.31778187,0.24921684
638,-0.4576468,0.36757365
639,-0.6939952,0.15847926
640,-1.0294294,0.47355095
641,-0.70526993,0.18013181
642,-0.62228346,0.35865486
643,-0.47245175,0.12265993
644,-0.64758253,0.16909425
645,-0.60654676,0.13979822
646,-0.6549476,0.14680931
647,-0.71933234,0.16752405
648,-0.6333333,0.3528763
649,-0.53441364,0.13705999
650,-0.28827715,0.11619895
651,-0.659212,0.16018459
652,-0.6600766,0.15545328
653,-0.5998564,0.14093818
654,-0.48489246,0.1366058
655,-0.67616236,0.17397687
656,-0.642942,0.14807831
657,-0.9281494,0.4076694
658,-0.8102669,0.37943104
659,-0.84359354,0.35397285
660,-0.63845426,0.15465696
661,-0.39057803,0.24022068
662,-0.6705602,0.15296844
663,-0.7954687,0.37097004
664,-0.6718635,0.24344161
665,-0.9197505,0.3511118
666,-0.6523118,0.16961327
667,-0.60364753,0.17751686
668,-0.83125484,0.38303006
669,-0.6833581,0.1573299
670,-0.66845125,0.150202
671,-0.58974314,0.148949
672,-0.6299827,0.14843729
673,-0.61549467,0.16749936
674,-0.9274341,0.42365292
675,-0.63572216,0.16526699
676,-0.6695145,0.14892724
677,-0.6000176,0.14494744
678,-0.5270338,0.27312353
679,-0.6313264,0.16818169
680,-0.62065303,0.12601218
681,-0.512389,0.27635443
682,-0.53400326,0.15110905
683,-0.38516343,0.25215346
684,-0.6698393,0.14786226
685,-0.9857631,0.37468126
686,-0.69082284,0.34751117
687,-0.63174564,0.13896379
688,-0.4798193,0.107855015
689,-0.62743264,0.31814235
690,-0.67393875,0.17498124
691,-0.5797899,0.13998386
692,-0.5957545,0.15520257
693,-0.57811505,0.13922717
694,-0.8610528,0.31996152
695,-0.58464044,0.14741425
696,-0.7840868,0.16930749
697,-0.57883275,0.14343679
698,-0.68621176,0.17016193
699,-0.8906248,0.42402503
700,-0.577327,0.15140256
701,-0.6041634,0.15045922
702,-0.97898036,0.4101308
703,-0.66294754,0.16204406
704,-0.8858875,0.36648494
705,-0.6498361,0.16611436
706,-0.5834879,0.1481204
707,-0.63282883,0.30130994
708,-0.85871756,0.3641641
709,-0.68217564,0.16777545
710,-1.1144167,0.4973851
711,-0.53773934,0.13002935
712,-0.6715373,0.15331836
713,-0.6985165,0.15933153
714,-0.63406605,0.33946216
715,-0.58068997,0.13869978
716,-0.7921667,0.20879845
717,-0.5383922,0.1269883
718,-0.7766296,0.40261778
719,-0.97874373,0.3872672
720,-0.56693774,0.13443884
721,-0.875488,0.41420516
722,-0.55064416,0.30182588
723,-0.5454257,0.12994643
724,-0.79795545,0.45444608
725,-0.64614064,0.15589412
726,-0.8533388,0.40920553
727,-0.6108341,0.16764472
728,-0.6934282,0.17183834
729,-0.61013114,0.14769602
730,-0.64623827,0.14573891
731,-0.6214852,0.14455883
732,-0.7154181,0.2722659
733,-0.67568064,0.17416702
734,-0.6374971,0.14796302
735,-0.64482707,0.15962663
736,-0.6401339,0.14552979
737,-1.0165637,0.37604377
738,-0.49170908,0.14152531
739,-0.53032845,0.14094934
740,-0.7002957,0.16183077
741,-0.62725157,0.14488451
742,-0.5776988,0.19543584
743,-1.1466309,0.47782528
744,-0.77654904,0.35859057
745,-0.6300532,0.14582953
746,-0.54666394,0.15139623
747,-0.59479874,0.2912619
748,-0.6058249,0.15807393
749,-0.5981913,0.15344828
750,-0.5590267,0.14879607
751,-0.73752016,0.35709295
752,-0.5108044,0.12590435
753,-0.6737271,0.15946089
754,-0.6977468,0.33491278
755,-0.71702665,0.32939523
756,-0.60068995,0.15451325
757,-0.4955131,0.16216359
758,-0.65641916,0.15776104
759,-0.5675461,0.13279127
760,-0.6881626,0.35975137
761,-0.6254082,0.14478253
762,-0.6452857,0.1723098
763,-0.6984882,0.15890954
764,-1.0214435,0.4167138
765,-0.63725203,0.14822945
766,-0.6405782,0.1592605
767,-1.032655,0.45456347
768,-0.60642266,0.15259947
769,-0.44688582,0.13482364
770,-0.62478775,0.15976529
771,-0.55599666,0.14733908
772,-0.5529135,0.12654878
773,-0.6509112,0.15390766
774,-0.8217774,0.43129015
775,-0.6152518,0.12589234
776,-0.7294175,0.17757508
777,-0.59150636,0.14013582
778,-0.66985184,0.1499931
779,-0.68118006,0.16652068
780,-0.70387495,0.29883584
781,-0.561265,0.14692321
782,-0.6642099,0.16361986
783,-0.6412263,0.16047022
784,-0.5338435,0.12959915
785,-0.739133,0.32888022
786,-0.6882504,0.17959715
787,-0.63779444,0.15289733
788,-0.68621993,0.15651546
789,-0.3572656,0.12248572
790,-0.6482965,0.16258453
791,-0.7903128,0.342992
792,-0.5691942,0.14343211
793,-0.26288712,0.19903217
794,-0.8402952,0.3799057
795,-0.5206527,0.13100669
796,-0.48696393,0.13372843
797,-0.6660226,0.15227483
798,-0.71468645,0.16146114
799,-0.9653253,0.41962096
800,-0.5975864,0.31003976
801,-1.2047193,0.46577445
802,-0.6890312,0.14806424
803,-0.7698014,0.32182407
804,-0.7523571,0.3428228
805,-0.58542,0.1793561
806,-0.7184343,0.30543265
807,-0.6144931,0.1501305
808,-0.47562534,0.123082526
809,-0.6039293,0.14792818
810,-0.5962609,0.2988626
811,-0.6198488,0.1420013
812,-0.66134113,0.16852668
813,-0.74214256,0.29961872
814,-0.23194359,0.18926312
815,-0.6603136,0.13511454
816,-0.6469818,0.15650414
817,-0.9249466,0.39320785
818,-0.6293597,0.1644762
819,-0.58406067,0.14941849
820,-0.5952404,0.15030043
821,-0.64048105,0.22297476
822,-0.5996821,0.14689659
823,-0.6588145,0.14190571
824,-0.7938792,0.33057803
825,-0.9432915,0.40099722
826,-0.5836849,0.15019563
827,-0.6144289,0.14366996
828,-0.6784471,0.14097184
829,-0.63809216,0.14491004
830,-0.68844426,0.16357714
831,-0.9373159,0.46532393
832,-0.62068623,0.14465551
833,-1.0234152,0.43062133
834,-0.5885009,0.16809477
835,-0.58153963,0.16301973
836,-0.6704551,0.14539208
837,-0.6541497,0.1532398
838,-0.65513533,0.15567549
839,-0.60787904,0.30135462
840,-0.61848456,0.31691366
841,-0.6619439,0.15951857
842,-0.6577108,0.17283185
843,-0.708647,0.17197508
844,-0.36772254,0.21525276
845,-0.6231154,0.14548188
846,-0.66878027,0.15245667
847,-0.6416912,0.2444923
848,-0.56659704,0.14862321
849,-1.0950849,0.47751698
850,-0.671095,0.15401158
851,-0.49902186,0.118533485
852,-0.6186867,0.15170082
853,-0.6049467,0.1488204
854,-0.6193409,0.15423998
855,-0.3248689,0.24346931
856,-0.6178378,0.1403386
857,-0.709223,0.38322112
858,-0.52826566,0.12213898
859,-0.6313309,0.13633956
860,-0.6349193,0.1599044
861,-0.67379385,0.3397217
862,-0.654794,0.16488124
863,-0.6488868,0.14524598
864,-1.2405903,0.48338526
865,-0.9685911,0.37220934
866,-0.762635,0.36137402
867,-0.48992455,0.28979158
868,-0.6845946,0.1622365
869,-0.833877,0.31595248
870,-0.6033118,0.18213657
871,-0.48299107,0.29576203
872,-0.58722013,0.15853113
873,-0.65275306,0.30775875
874,-0.7383144,0.38223994
875,-0.9162025,0.4345282
876,-0.7130334,0.2570095
877,-0.75309473,0.3669354
878,-0.7006957,0.29330003
879,-0.65773314,0.3162125
880,-0.6434032,0.14085959
881,-1.209714,0.47401953
882,-0.64539635,0.16309887
883,-0.5997865,0.15236723
884,-0.78691024,0.3400945
885,-0.63897496,0.14070843
886,-0.5846379,0.13140084
887,-0.3385431,0.22769885
888,-0.6097404,0.15017025
889,-0.66061705,0.31291777
890,-0.5664315,0.15552837
891,-0.60860986,0.1493682
892,-0.63817835,0.15981717
893,-0.43158957,0.26867312
894,-0.680344,0.15456328
895,-0.611827,0.14663167
896,-0.72488946,0.27220917
897,-0.57601935,0.14286062
898,-0.5676083,0.13671288
899,-0.7471182,0.34172887
900,-0.77917653,0.35844618
901,-0.6856193,0.31859183
902,-0.62568647,0.27573243
903,-0.6535799,0.17367235
904,-0.61099154,0.13066548
905,-0.6234092,0.17384586
906,-0.68532896,0.18019047
907,-0.5883304,0.1478362
908,-0.6164379,0.27830994
909,-0.6783454,0.35350987
910,-0.6207749,0.16481775
911,-0.7881535,0.370093
912,-0.65532345,0.3784942
913,-0.46462026,0.14033683
914,-0.5602407,0.13089345
915,-0.69221807,0.17910327
916,-0.5664866,0.17108178
917,-0.7176527,0.2949957
918,-0.5561217,0.13616231
919,-1.0762975,0.43746966
920,-0.742896,0.35203573
921,-0.57553256,0.14452697
922,-0.66104466,0.154106
923,-0.5460961,0.15117519
924,-0.72989494,0.3649499
925,-0.6820823,0.14379421
926,-0.6371616,0.14480591
927,-0.52591336,0.13489084
928,-0.64071846,0.16405842
929,-0.4730022,0.122172534
930,-0.6796305,0.15836231
931,-0.6364361,0.15234278
932,-0.97743154,0.42303172
933,-0.45539126,0.15687561
934,-0.5005028,0.11889581
935,-0.5853289,0.1417746
936,-0.60355663,0.14394124
937,-0.55548674,0.14197616
938,-0.65838003,0.1462803
939,-0.6416426,0.14273943
940,-0.42563188,0.23775098
941,-0.5403996,0.15312906
942,-0.6367019,0.3127438
943,-0.59577554,0.16022259
944,-0.69639266,0.1867789
945,-0.4674728,0.114118166
946,-0.61003304,0.14257064
947,-0.5752797,0.14878348
948,-0.5543037,0.15594766
949,-0.6577536,0.16112861
950,-0.61220133,0.14658116
951,-0.58193415,0.13883816
952,-0.672158,0.14974044
953,-1.0095091,0.4184116
954,-1.0323163,0.40633366
955,-0.657613,0.32417107
956,-0.73119855,0.16671671
957,-0.9328777,0.3716364
958,-0.61307776,0.15021312
959,-0.6180215,0.14335503
960,-0.49530023,0.11916374
961,-0.6325838,0.16256398
962,-0.8172606,0.342468
963,-0.9075223,0.37514657
964,-0.6151159,0.32329014
965,-0.7346095,0.17262386
966,-0.5678098,0.24517417
967,-0.69929135,0.17327683
968,-0.63067013,0.14184298
969,-0.52271014,0.30749628
970,-0.50906086,0.11698849
971,-0.5701407,0.3423024
972,-0.5498152,0.14618374
973,-0.8134436,0.36745894
974,-0.4773311,0.13504347
975,-0.6143522,0.14492576
976,-0.5252855,0.13513295
977,-0.62609434,0.13676338
978,-0.6161272,0.16122241
979,-0.70541906,0.16934127
980,-0.64261913,0.15393412
981,-0.43939203,0.11082799
982,-0.7520884,0.35033226
983,-0.5714874,0.15339588
984,-0.5537684,0.1491829
985,-0.61380625,0.15289332
986,-0.6199413,0.17159005
987,-0.51149166,0.14161131
988,-0.737697,0.33447453
989,-0.49374214,0.17308307
990,0.17563567,0.19726822
991,-0.6093217,0.17687169
992,-0.5967913,0.1609792
993,-0.57209855,0.15302853
994,-0.64874834,0.18143861
995,-0.5151423,0.28744453
996,-0.6052051,0.15250081
997,-0.6588821,0.14770752
998,-0.7339158,0.3419075
999,-0.5786143,0.15603541
1000,-0.90354997,0.39963976
1001,-0.6428056,0.16335653
1002,-0.6736288,0.35142735
1003,-0.5284301,0.2695525
1004,-0.6488477,0.13492769
1005,-0.5853693,0.15424632
1006,-0.5321713,0.29718837
1007,-0.5555482,0.1831496
1008,-0.63770574,0.1456891
1009,-0.5747114,0.16782764
1010,-0.622117,0.14231429
1011,-1.034506,0.45171353
1012,-0.6304319,0.16412145
1013,-0.6627382,0.3133899
1014,-0.5920672,0.31604108
1015,-0.5612004,0.20708306
1016,-0.71457726,0.30418783
1017,-0.55643165,0.15384713
1018,-0.6013654,0.14324166
1019,-0.6126187,0.14132862
1020,-0.6536921,0.16234949
1021,-0.6566497,0.15613885
1022,-0.6030032,0.13826223
1023,-0.63693446,0.16884838
1024,-0.7374127,0.33817294
1025,-0.6317524,0.3311673
1026,-0.8328748,0.3598213
1027,-0.8857447,0.4639834
1028,-0.8267954,0.41976506
1029,-0.589349,0.15252084
1030,-0.48634592,0.1101508
1031,-0.7900197,0.2874863
1032,-0.5391504,0.13343923
1033,-0.6942218,0.15953304
1034,-0.6378779,0.16072649
1035,-0.7049081,0.2782328
1036,-0.88062173,0.35051012
1037,-0.5869818,0.13063061
1038,-0.47429064,0.11586303
1039,-1.1268291,0.466108
1040,-0.7700127,0.34310463
1041,-0.41313443,0.31173542
1042,-0.58424526,0.1438983
1043,-0.5558547,0.13417
1044,-0.5759721,0.13879119
1045,-0.2656887,0.2002978
1046,-0.5462961,0.24697064
1047,-0.81712115,0.39365244
1048,-0.8445718,0.32551786
1049,-0.5466031,0.29169747
1050,-0.46740392,0.107555866
1051,-0.5950619,0.2929739
1052,-0.7533426,0.36893603
1053,-0.5824391,0.1547384
1054,-0.6436857,0.16983022
1055,-0.58156174,0.14320886
1056,-1.0100545,0.38024852
1057,-0.6590893,0.15315469
1058,-0.6595114,0.17144996
1059,-0.79887754,0.35781804
1060,-0.6231075,0.15277
1061,-0.7821444,0.3656768
1062,-0.60878164,0.14454526
1063,-0.5958461,0.14605395
1064,-0.59610397,0.31797907
1065,-0.7085057,0.17056209
1066,-0.6330947,0.15342472
1067,-0.34931338,0.12235324
1068,-0.86908823,0.34148696
1069,-0.5057454,0.15455286
1070,-0.6200001,0.21512978
1071,-0.67152494,0.17010562
1072,-0.60058296,0.14540298
1073,-0.64767337,0.32459444
1074,-0.468524,0.1362583
1075,-0.46526757,0.1597616
1076,-0.6981627,0.16677593
1077,-0.77992094,0.386123
1078,-0.864488,0.3753358
1079,-0.5619376,0.12663625
1080,-0.7146981,0.19079857
1081,-0.9057733,0.4009542
1082,-0.73601854,0.39624044
1083,-0.56950116,0.14821422
1084,-0.5896201,0.13003674
1085,-0.61808616,0.1371325
1086,-0.68759996,0.31456146
1087,-0.60482043,0.15113887
1088,-0.54244864,0.14086501
1089,-0.5439742,0.13750276
1090,-0.8938714,0.44260868
1091,-0.59532887,0.11646648
1092,-0.75446016,0.3222647
1093,-0.639441,0.15993692
1094,-0.5068261,0.14175576
1095,-0.677888,0.14269799
1096,-0.65575975,0.14451458
1097,-0.5768049,0.17177945
1098,-0.6396666,0.1665834
1099,-0.6159792,0.14383982
1100,-0.64910424,0.15326625
1101,-1.009018,0.4265081
1102,-0.61086214,0.14771406
1103,-0.75293034,0.1983793
1104,-0.59722364,0.145029
1105,-0.518141,0.35622886
1106,-0.58550566,0.16457573
1107,-0.69387215,0.16169615
1108,-0.7723839,0.33836684
1109,-1.3791988,0.58481616
1110,-0.79457676,0.33050337
1111,-0.49658638,0.1314775
1112,-0.60673976,0.14223573
1113,-0.614555,0.15555853
1114,-0.674903,0.14804879
1115,-0.90174216,0.35482138
1116,-0.8880731,0.34467533
1117,-0.6383159,0.15663843
1118,-0.56051093,0.1350975
1119,-0.660811,0.1416652
1120,-0.6267664,0.16391172
1121,-0.5287511,0.13270283
1122,-0.66987324,0.18006743
1123,-0.9716155,0.39522588
1124,-0.47347674,0.28174278
1125,-0.36619425,0.22342293
1126,-0.6845013,0.15966253
1127,-0.6415721,0.14817017
1128,-0.72726107,0.18643484
1129,-0.61782396,0.15427125
1130,-0.91033924,0.3739623
1131,-0.69696915,0.14941765
1132,-0.58532,0.14363898
1133,-0.5233197,0.24754988
1134,-0.6120589,0.13993812
1135,-0.54648954,0.15407571
1136,-0.5678914,0.14186287
1137,-0.96723455,0.40227273
1138,-0.56217384,0.14716387
1139,-0.5061735,0.14152142
1140,-0.8830031,0.37601125
1141,-1.1564801,0.49665695
1142,-0.6703515,0.16442676
1143,-0.62925625,0.14499116
1144,-0.7740417,0.30261287
1145,-0.6227656,0.15195079
1146,-0.5785963,0.16659388
1147,-0.40332893,0.24263744
1148,-0.69549346,0.17162852
1149,-0.6883313,0.15998554
1150,-0.72162974,0.15602392
1151,-0.65108097,0.1551275
1152,-0.70497113,0.1593932
1153,-0.7003839,0.34281588
1154,-0.6727478,0.14902215
1155,-0.63213724,0.1422031
1156,-0.62264633,0.33942804
1157,-0.5894086,0.3166541
1158,-0.65564114,0.1447718
1159,-0.6633642,0.36699256
1160,-0.5794488,0.1495412
1161,-0.94271743,0.46905276
1162,-1.1946476,0.4836548
1163,-0.6413283,0.15347281
1164,-0.99232876,0.44530395
1165,-0.6717191,0.17157899
1166,-0.5235383,0.28419113
1167,-0.45239154,0.10131853
1168,-0.67582625,0.162948
1169,-0.6025128,0.15367736
1170,-0.53995216,0.124942645
1171,-0.8217821,0.31003958
1172,-0.7689615,0.37696195
1173,-0.32935372,0.2124452
1174,-0.591894,0.13660458
1175,-0.60867274,0.14645721
1176,-0.5941767,0.2595364
1177,-0.6622647,0.15690385
1178,-0.829835,0.40964928
1179,-0.7704268,0.29888064
1180,-0.63057536,0.14793412
1181,-0.7257333,0.29978165
1182,-1.01172,0.409587
1183,-0.89286876,0.36023036
1184,-0.61805755,0.14791092
1185,-0.6986324,0.15525304
1186,-0.65576833,0.15825626
1187,-0.27895367,0.21637897
1188,-0.58630824,0.14413308
1189,-0.55948114,0.2715722
1190,-0.6368787,0.15180379
1191,-0.5998493,0.16071871
1192,-0.62607616,0.3414918
1193,-0.70935136,0.16719171
1194,-0.61546236,0.31393328
1195,-0.75554836,0.30961695
1196,-1.0528843,0.4219917
1197,-0.45798662,0.1255718
1198,-0.5048617,0.12859486
1199,-0.63167757,0.14266229
1200,-0.5788826,0.15125453
1201,-0.4686817,0.29272366
1202,-0.5736311,0.1672733
1203,-0.5287494,0.3120543
1204,-0.6107945,0.3267036
1205,-0.5984188,0.29785126
1206,-0.89137524,0.36838612
1207,-0.6382896,0.15777612
1208,-0.60135865,0.14684406
1209,-0.50320685,0.13113031
1210,-0.5977455,0.1480632
1211,-0.8693924,0.31848317
1212,-0.5821293,0.14739946
1213,-0.575048,0.32519737
1214,-0.5975553,0.1533764
1215,-1.1261573,0.46922472
1216,-0.6368962,0.16669598
1217,-1.1137942,0.41719237
1218,-0.8482315,0.2968851
1219,-1.0853561,0.39243323
1220,-0.97687757,0.41413406
1221,-0.4654915,0.27771166
1222,-0.4475901,0.12651569
1223,-0.6835218,0.15427376
1224,-0.6027021,0.16310441
1225,-0.65083456,0.16383411
1226,-0.83378506,0.3698303
1227,-0.30058396,0.20884867
1228,-0.724772,0.3177828
1229,-0.54812217,0.14141892
1230,-0.6445419,0.14513402
1231,-0.6261622,0.13920371
1232,-0.70196414,0.15671134
1233,-0.45923382,0.14028098
1234,-0.38539886,0.17516091
1235,-0.6757622,0.17325877
1236,-0.8550487,0.39684862
1237,-0.71467465,0.29856122
1238,-0.6740081,0.16187133
1239,-0.27336326,0.2206766
1240,-0.6294447,0.15214315
1241,-0.85989374,0.35393304
1242,-0.75264955,0.3745756
1243,-0.71986705,0.30277678
1244,-0.52929485,0.1384362
1245,-0.9791826,0.41125602
1246,-0.5793041,0.16116089
1247,-0.59551895,0.14325835
1248,-0.62934804,0.15830502
1249,-0.5943124,0.13964507
1250,-0.6264566,0.14822665
1251,-0.56818557,0.13695045
1252,-0.6608909,0.16056028
1253,-0.543052,0.13428152
1254,-0.6332944,0.1447993
1255,-0.8363815,0.33692622
1256,-0.55252886,0.12929705
1257,-0.5630178,0.14717163
1258,-1.1666639,0.51038295
1259,-0.63888997,0.27195185
1260,-0.7130734,0.35115632
1261,-0.8912232,0.37461576
1262,-0.6911436,0.15679635
1263,-0.6552281,0.15379348
1264,-0.47810784,0.15672258
1265,-0.68617165,0.15369517
1266,-0.8074074,0.30399525
1267,-0.71065557,0.32778156
1268,-0.68356764,0.16158354
1269,-0.6923679,0.27767763
1270,-0.6303225,0.15786594
1271,-0.6387463,0.22922713
1272,-0.6480266,0.14367522
1273,-0.8285615,0.35787037
1274,-0.6640407,0.14166431
1275,-0.38412696,0.14580205
1276,-0.57204866,0.14921786
1277,-0.79094625,0.350096
1278,-0.6750835,0.17767768
1279,-0.5354754,0.14144632
1280,-1.0590382,0.44867685
1281,-0.8573284,0.38626495
1282,-0.59900683,0.14519352
1283,-0.53141755,0.14867742
1284,-0.5405441,0.12739097
1285,-1.0795819,0.43589404
1286,-0.5621579,0.14481089
1287,-0.5616208,0.14090952
1288,-0.60188866,0.31847557
1289,-0.5755856,0.13083676
1290,-0.7024278,0.28084064
1291,-0.6899119,0.16166754
1292,-0.6928225,0.16843651
1293,-0.6793429,0.15323475
1294,-0.20242453,0.094480254
1295,-0.7658307,0.32358727
1296,-0.6392821,0.15107639
1297,-0.8760635,0.38185862
1298,-0.56154495,0.15272522
1299,-0.6661292,0.28908896
1300,-0.63489014,0.30067822
1301,-0.960874,0.3584327
1302,-0.5326466,0.13715462
1303,-0.546964,0.32171214
1304,-0.5914351,0.16690062
1305,-0.8607436,0.3196105
1306,-0.68902767,0.17557217
1307,-0.400092,0.13375413
1308,-0.6498228,0.16811593
1309,-0.6346566,0.15526865
1310,-0.7335394,0.32531014
1311,-0.6307569,0.14942493
1312,-0.5905113,0.17060788
1313,-0.6402249,0.14786232
1314,-0.5478343,0.1978357
1315,-0.6341409,0.16780333
1316,-0.7016499,0.17086758
1317,-0.63304865,0.1501116
1318,-0.591465,0.16257001
1319,-0.6384474,0.14154086
1320,-0.58271176,0.13938501
1321,-0.67714673,0.14845599
1322,-0.5328666,0.14129363
1323,-0.46282953,0.16769555
1324,-0.6405458,0.15188877
1325,-0.5682734,0.13959874
1326,-0.69376624,0.159906
1327,-0.41103438,0.3178879
1328,-0.7015659,0.33070758
1329,-0.6181891,0.13792098
1330,-0.5826262,0.14456111
1331,-0.6501924,0.14543685
1332,-0.63598233,0.29425225
1333,-0.6540638,0.15056007
1334,-0.6975117,0.15558746
1335,-0.60853803,0.14013886
1336,-0.87270176,0.36703616
1337,-0.8397545,0.35023814
1338,-0.6386616,0.159263
1339,-0.59028935,0.13028489
1340,-0.64112324,0.15748328
1341,-0.58572686,0.14621225
1342,-0.52510285,0.25781828
1343,-0.5289564,0.13139074
1344,-0.52704,0.13258085
1345,-0.6203221,0.16434957
1346,-0.7337531,0.18337853
1347,-0.5454312,0.13986452
1348,-0.7080821,0.3203582
1349,-0.685224,0.15622436
1350,-0.48140618,0.12073447
1351,-0.67515355,0.15445125
1352,-0.85369796,0.34753403
1353,-0.4868836,0.19525659
1354,-0.653679,0.16727546
1355,-0.6094353,0.29285258
1356,-0.6471793,0.15557563
1357,-0.9869116,0.4056661
1358,-1.2148477,0.5096844
1359,-0.6010143,0.17574471
1360,-0.5972182,0.16382366
1361,-0.67430526,0.15531495
1362,-0.80781627,0.3671764
1363,-0.45035332,0.29177085
1364,-0.5260482,0.13750869
1365,-0.5822434,0.13704534
1366,-0.6907112,0.31290197
1367,-0.6581223,0.3439912
1368,-0.6423764,0.16266023
1369,-0.64557207,0.15998508
1370,-0.5741272,0.121314734
1371,-0.6476144,0.14556323
1372,-0.5725269,0.18338168
1373,-0.7489974,0.4101506
1374,-0.5273605,0.15020368
1375,-0.6204148,0.14973563
1376,-0.57683474,0.21224485
1377,-1.2104386,0.43715656
1378,-0.44497472,0.2879651
1379,-0.5314516,0.13976105
1380,-0.5745627,0.20449112
1381,-0.6084279,0.15366095
1382,-0.71296173,0.17138557
1383,-0.5968247,0.32020095
1384,-0.44075638,0.3393175
1385,-0.5526856,0.12952575
1386,-0.64985305,0.15575296
1387,-0.91833293,0.41150188
1388,-0.6421724,0.14640649
1389,-0.902273,0.38035473
1390,-0.6054192,0.17678963
1391,-0.6603084,0.18466575
1392,-0.7427019,0.37366
1393,-0.6753983,0.15660612
1394,-0.6308771,0.1551384
1395,-0.61746174,0.17781878
1396,-0.64066344,0.15942948
1397,-0.76037747,0.31230736
1398,-0.8523695,0.34981158
1399,-0.57073134,0.14522688
1400,-0.48494205,0.13503899
1401,-0.6135223,0.16481976
1402,-0.5639959,0.1474886
1403,-0.3767992,0.16094685
1404,-0.62647593,0.16657896
1405,-0.59218967,0.25520453
1406,-0.59261435,0.14201741
1407,-0.48615935,0.25107622
1408,-0.80624765,0.37350598
1409,-0.7896001,0.34084246
1410,-0.6351786,0.28915977
1411,-0.6447187,0.3478478
1412,-0.6262844,0.14659622
1413,-0.61042106,0.15580718
1414,-0.6466106,0.14023665
1415,-0.5437475,0.32892814
1416,-0.63076323,0.16439986
1417,-0.8917923,0.38783824
1418,-0.5992309,0.31661296
1419,-0.65525776,0.15986523
1420,-0.867451,0.33564013
1421,-0.54138047,0.27240404
1422,-0.6051296,0.1556589
1423,-0.9869521,0.42774594
1424,-0.6170356,0.15653431
1425,-0.33896497,0.12732902
1426,-1.0267186,0.40352815
1427,-0.693892,0.15844448
1428,-0.9543401,0.4075333
1429,-0.587435,0.19959372
1430,-0.6773809,0.18878017
1431,-0.6210596,0.15266865
1432,-1.0398325,0.44520286
1433,-0.8496186,0.31207684
1434,-0.5966445,0.14713663
1435,-0.59544283,0.29600337
1436,-0.83620554,0.34432313
1437,-0.64271235,0.16419509
1438,-0.6104507,0.13704473
1439,-0.6279032,0.14077063
1440,-0.6175818,0.16317701
1441,-1.1508203,0.44622982
1442,-0.6806227,0.15335661
1443,-0.8524913,0.34981167
1444,-0.59287786,0.2861064
1445,-1.0873271,0.4353819
1446,-0.6698214,0.15458386
1447,-0.65142363,0.14997125
1448,-0.65870005,0.3045488
1449,-0.6745605,0.16849165
1450,-0.5919271,0.15487123
1451,-0.6113943,0.15707032
1452,-0.57640415,0.3233292
1453,-0.72709125,0.36516201
1454,-0.71642554,0.17375182
1455,-0.84001315,0.40241382
1456,-0.6426035,0.17156407
1457,-0.6422689,0.22988251
1458,-0.956379,0.339694
1459,-0.7947158,0.36683288
1460,-1.0207919,0.40629464
1461,-0.70747167,0.16863167
1462,-0.5704634,0.14806195
1463,-0.793412,0.32816228
1464,-0.78397876,0.36529756
1465,-0.71683073,0.30937928
1466,-0.6564008,0.15784588
1467,-1.0227246,0.45140988
1468,-0.68072903,0.15149543
1469,-0.47226942,0.17929286
1470,-0.8150783,0.34027642
1471,-0.7998649,0.3806254
1472,-0.50463724,0.13177337
1473,-0.54933214,0.13260974
1474,-1.1455288,0.45623827
1475,-0.49223503,0.25531748
1476,-0.6453677,0.16456628
1477,-0.55353683,0.30255195
1478,-0.8515071,0.33273733
1479,-0.6244769,0.171483
1480,-0.9583431,0.3713821
1481,-0.57294273,0.12777188
1482,-0.70853496,0.3393633
1483,-0.5295944,0.14078835
1484,-0.8694358,0.34306204
1485,-0.83857685,0.3482327
1486,-0.5095927,0.25338247
1487,-0.45939934,0.107186034
1488,-0.60806185,0.15411589
1489,-0.64274585,0.15872262
1490,-0.6244505,0.34090123
1491,-0.98092204,0.45864844
1492,-0.59888285,0.32105964
1493,-0.65114826,0.13772906
1494,-1.1345687,0.4609622
1495,-0.4940317,0.13417138
1496,-0.5874498,0.30662772
1497,-0.42740536,0.12921192
1498,-0.59852797,0.13728017
1499,-0.5881104,0.14073393
1500,-0.5570709,0.1409986
1501,-0.60416925,0.14476785
1502,-0.61027557,0.1377838
1503,-0.9466443,0.38221514
1504,-0.57073873,0.14720912
1505,-0.6258547,0.15455277
1506,-0.91393334,0.3610844
1507,-0.690215,0.15911786
1508,-0.59411985,0.14886883
1509,-0.69932544,0.3274119
1510,-0.50324184,0.19011045
1511,-0.58504146,0.14205194
1512,-0.60895985,0.12826064
1513,-0.5541246,0.15191573
1514,-0.566297,0.12758593
1515,-0.6166403,0.16071711
1516,-0.7268437,0.34512046
1517,-0.6493903,0.14645317
1518,-0.55025923,0.3039811
1519,-0.9131878,0.4037739
1520,-0.31935906,0.11595069
1521,-0.42489254,0.23517033
1522,-0.70961684,0.17163824
1523,-0.7037587,0.30913
1524,-0.49499902,0.1224797
1525,-0.79820067,0.3039249
1526,-0.58045495,0.1639453
1527,-0.5908002,0.1464963
1528,-0.5865429,0.14556473
1529,-0.6626748,0.16563398
1530,-0.54007727,0.13893832
1531,-0.6442266,0.15044208
1532,-1.0037155,0.35999432
1533,-0.44321996,0.11733787
1534,-0.79955786,0.31615728
1535,-0.7244892,0.16187711
1536,-0.7537115,0.3875318
1537,-0.6326472,0.14010589
1538,-0.69612366,0.15737796
1539,-0.6378812,0.1610485
1540,-0.5608159,0.13962275
1541,-0.61246896,0.13486944
1542,-0.45390558,0.292725
1543,-0.7068773,0.15125947
1544,-0.59869677,0.15541288
1545,-0.55268604,0.15205052
1546,-0.5770075,0.15149294
1547,-0.63392085,0.14440802
1548,-1.0218849,0.3311018
1549,-0.7067943,0.267954
1550,-0.6237993,0.15174593
1551,-0.5134274,0.28454238
1552,-0.58955723,0.2857846
1553,-0.5210345,0.13141738
1554,-0.66054094,0.17092516
1555,-0.6533044,0.15360159
1556,-0.6245136,0.14807166
1557,-0.34772938,0.26650742
1558,-0.9991667,0.3977426
1559,-0.6114252,0.1454674
1560,-0.74971807,0.3493313
1561,-0.6541496,0.16760479
1562,-0.645928,0.1583139
1563,-0.68687534,0.19211954
1564,-0.622676,0.15116085
1565,-0.6642811,0.15839717
1566,-0.6530967,0.15635525
1567,-0.99894124,0.34636995
1568,-0.68244755,0.15012096
1569,-1.0092567,0.43026292
1570,-0.6970504,0.17633456
1571,-0.73928756,0.34368148
1572,-0.826855,0.37676367
1573,-0.5512056,0.1466069
1574,-0.87276137,0.3622188
1575,-0.92663383,0.41961613
1576,-0.6616578,0.1589734
1577,-0.568148,0.14050895
1578,-0.6140145,0.13471708
1579,-0.87697214,0.3753231
1580,-0.79929936,0.35714245
1581,-0.5054903,0.12812065
1582,-0.42235872,0.27918407
1583,-0.6042819,0.13141689
1584,-1.1101371,0.5001107
1585,-0.49590796,0.12329692
1586,-0.55488485,0.15325494
1587,-0.721234,0.36321306
1588,-0.65526533,0.15965822
1589,-0.6453599,0.24893726
1590,-0.43495274,0.28932682
1591,-0.6252168,0.14383161
1592,-0.5546792,0.28807956
1593,-0.6584004,0.16276564
1594,-0.60295045,0.13931037
1595,-0.6602993,0.1541138
1596,-0.60056597,0.16768874
1597,-0.63776743,0.15369819
1598,-0.87845004,0.41768816
1599,-0.6592276,0.16096485
1600,-0.73611474,0.27520913
1601,-0.651788,0.1599912
1602,-0.67929274,0.15332308
1603,-0.970324,0.3801216
1604,-0.7144202,0.17821966
1605,-0.6685235,0.2844362
1606,-0.61599445,0.13442184
1607,-0.9541728,0.4008104
1608,-0.6480329,0.329502
1609,-0.647092,0.14532408
1610,-0.53051513,0.14702165
1611,-1.1074317,0.44614166
1612,-0.6833706,0.16680609
1613,-0.6417359,0.30989814
1614,-0.725411,0.29021785
1615,-0.63835627,0.14829947
1616,-0.61985457,0.3182272
1617,-0.5609147,0.33023772
1618,-0.64503,0.14873725
1619,-0.69757956,0.37809533
1620,-0.93883723,0.4303854
1621,-0.6585338,0.15393901
1622,-0.78146946,0.42658132
1623,-0.6046635,0.27524576
1624,-0.8222534,0.33913937
1625,-0.8122829,0.36124435
1626,-0.59693795,0.14879742
1627,-0.5366818,0.21567975
1628,-0.6291955,0.15048374
1629,-0.807863,0.3647004
1630,-0.961663,0.40221134
1631,-0.8624043,0.42468017
1632,-0.595633,0.30553082
1633,-0.6488166,0.1584558
1634,-0.64588666,0.15989184
1635,-0.49747267,0.30614087
1636,-0.64446115,0.31915128
1637,-0.8034472,0.4274402
1638,-0.90730107,0.3624448
1639,-0.5035783,0.1296341
1640,-0.6651718,0.3401882
1641,-0.6719506,0.23823713
1642,-0.65383714,0.16253571
1643,-0.5132841,0.14666447
1644,-1.0126369,0.40237126
1645,-0.70633745,0.15019158
1646,-0.69010603,0.3323715
1647,-0.7504497,0.37047604
1648,-0.43455246,0.27413556
1649,-0.7510713,0.34356913
1650,-0.9876239,0.38278544
1651,-1.1570922,0.3657164
1652,-0.53500956,0.15200336
1653,-0.4702431,0.11582611
1654,-0.8059075,0.33600134
1655,-0.6348979,0.14372237
1656,-0.87706566,0.34451252
1657,-0.95927566,0.4671536
1658,-0.6863395,0.3577533
1659,-0.6510213,0.16491489
1660,-0.5472574,0.1326208
1661,-0.65244085,0.17178391
1662,-0.5937552,0.13529094
1663,-0.68790334,0.14535788
1664,-0.70123017,0.14821412
1665,-0.6349431,0.17337734
1666,-0.47431868,0.1192902
1667,-0.7274124,0.32315087
1668,-1.0517193,0.41849715
1669,-0.4852958,0.14993943
1670,-0.56518185,0.33052948
1671,-0.9184511,0.4473375
1672,-0.6223764,0.17800227
1673,-0.6354284,0.15261972
1674,-0.9281951,0.3975941
1675,-0.8474964,0.32356602
1676,-0.4802028,0.120313205
1677,-0.5692672,0.15421793
1678,-0.7576843,0.3337437
1679,-0.7527951,0.33406878
1680,-0.91139084,0.39158997
1681,-0.9051284,0.36171234
1682,-0.35370508,0.20637189
1683,-0.6620084,0.16696145
1684,-0.6161293,0.13939929
1685,-0.68107086,0.1644905
1686,-0.5518838,0.12284671
1687,0.008575376,0.10299463
1688,-0.7488668,0.2910044
1689,-0.7265395,0.32501894
1690,-0.73809665,0.39947537
1691,-0.7982642,0.2961927
1692,-0.64593905,0.14103287
1693,-0.52089983,0.12251537
1694,-0.68536013,0.15188889
1695,-0.8598628,0.30758223
1696,-0.6879075,0.16795129
1697,-0.4870173,0.11246902
1698,-0.9150248,0.3570231
1699,-0.54058415,0.13674729
1700,-0.67452383,0.15146019
1701,-0.6031062,0.1554675
1702,-0.8638018,0.38647532
1703,-0.6390607,0.16586189
1704,-0.546162,0.121974975
1705,-1.3449035,0.5488638
1706,-0.6226324,0.17369321
1707,-0.49445692,0.30869117
1708,-0.5188785,0.1267704
1709,-0.6166976,0.15403669
1710,-0.5537182,0.15557398
1711,-0.63714284,0.17610551
1712,-1.0357032,0.40389588
1713,-0.5241546,0.18447475
1714,-0.6220812,0.16071855
1715,-0.87988424,0.38273934
1716,-0.59977025,0.14412367
1717,-0.62279063,0.15567207
1718,-0.61219025,0.16243814
1719,-0.89395124,0.41966298
1720,-0.58148015,0.15495974
1721,-0.62522227,0.16022287
1722,-0.70994484,0.16276571
1723,-0.6460656,0.15409137
1724,-0.87984884,0.38715452
1725,-0.7137357,0.1574977
1726,-0.54604596,0.13211912
1727,-0.8688017,0.38640678
1728,-0.78543496,0.36683938
1729,-0.5709159,0.15443559
1730,-0.6923274,0.3675412
1731,-0.9974987,0.41817382
1732,-0.7400083,0.31334475
1733,-0.49099573,0.13208355
1734,-0.68710995,0.15623863
1735,-0.6576897,0.33330226
1736,-0.4912172,0.121083125
1737,-0.6463159,0.13949014
1738,-0.51357913,0.13613908
1739,-0.38317204,0.100995116
1740,-0.6420301,0.1573694
1741,-1.0513568,0.44211388
1742,-0.64105415,0.34896687
1743,-0.6644373,0.25314984
1744,-0.653082,0.16061626
1745,-0.6418401,0.2690178
1746,-0.80661285,0.30004948
1747,-0.66048795,0.15813218
1748,-0.56920093,0.13880749
1749,-0.6367836,0.1410441
1750,-0.50639355,0.1500504
1751,-0.91189873,0.37621847
1752,-0.6711339,0.16363956
1753,-0.8117548,0.34667712
1754,-0.61050844,0.14611329
1755,-0.7875141,0.40020627
1756,-0.68990195,0.16466081
1757,-0.6479116,0.15817802
1758,-0.7861499,0.1879223
1759,-0.58417296,0.14626545
1760,-0.6929324,0.1626923
1761,-0.40269834,0.4618761
1762,-0.63131744,0.1556171
1763,-0.6060659,0.15317035
1764,-0.93958,0.39707243
1765,-0.56364095,0.12813775
1766,-0.6813684,0.15326864
1767,-0.6377935,0.1466393
1768,-1.0351439,0.41326392
1769,-0.49230444,0.12487163
1770,-0.5160314,0.1294528
1771,-0.4549831,0.25219908
1772,-0.65252775,0.15993142
1773,-0.62598366,0.14335836
1774,-0.76982725,0.29584768
1775,-0.78844625,0.3263746
1776,-0.6291416,0.15651451
1777,-0.6239624,0.14983708
1778,-0.591078,0.1358558
1779,-0.6733084,0.14512525
1780,-0.7835701,0.33802003
1781,-0.63129836,0.33246115
1782,-0.6397924,0.14490591
1783,-0.9396662,0.40144786
1784,-0.94525117,0.3882935
1785,-0.55617774,0.11799102
1786,-0.612899,0.17212573
1787,-0.6339108,0.14649516
1788,-0.48928675,0.11975839
1789,-0.72741663,0.32947734
1790,-0.60489625,0.15561165
1791,-0.8249291,0.34584466
1792,-0.6307502,0.14322333
1793,-0.5713608,0.2788685
1794,-0.90832734,0.36496812
1795,-0.98582304,0.36240697
1796,-0.6613888,0.31877694
1797,-0.82628995,0.29793683
1798,-0.51334,0.14790303
1799,-1.0912694,0.44885358
1800,-0.40274075,0.24278627
1801,-0.535331,0.29586294
1802,-0.8544874,0.37316066
1803,-0.7060652,0.3705865
1804,-0.7712379,0.3482159
1805,-0.6612558,0.16339579
1806,-0.8450945,0.40858102
1807,-0.87212735,0.37437826
1808,-0.68615,0.15961795
1809,-0.6336366,0.14497054
1810,-0.6681511,0.16918986
1811,-0.34728423,0.23534663
1812,-0.6759421,0.16282934
1813,-0.7070771,0.18254356
1814,-0.58158314,0.1603666
1815,-0.689447,0.3165364
1816,-0.6653637,0.15437245
1817,-0.6464678,0.15016444
1818,-0.5629581,0.13447548
1819,-0.6041056,0.15015855
1820,-0.5467442,0.16538097
1821,-0.6191225,0.15111488
1822,-0.63385767,0.15399192
1823,-0.8822518,0.37679267
1824,-0.70956165,0.18061903
1825,-0.50735694,0.28872234
1826,-0.6239251,0.15605931
1827,-0.8993835,0.38109174
1828,-0.61671674,0.13940385
1829,-0.86572963,0.34757105
1830,-0.96871644,0.3214766
1831,-0.2497696,0.09497002
1832,-0.635406,0.17196158
1833,-0.64681756,0.1549857
1834,-0.2606548,0.25314406
1835,-0.7404594,0.41260782
1836,-0.91586995,0.37769747
1837,-0.5531785,0.1465648
1838,-0.9185048,0.39057207
1839,-1.1824265,0.4790393
1840,-0.6737953,0.17318723
1841,-1.0468783,0.4605534
1842,-0.920527,0.402453
1843,-0.51375043,0.14033224
1844,-0.52178735,0.15221894
1845,-0.6582288,0.14927112
1846,-0.3380772,0.23337305
1847,-0.67481965,0.17069176
1848,-0.59853673,0.17405781
1849,-0.64772034,0.1375332
1850,-1.1913295,0.51556516
1851,-0.39783162,0.14660376
1852,-0.4896224,0.12713487
1853,-0.6634875,0.13603775
1854,-0.8260472,0.4013158
1855,-0.65099686,0.3376458
1856,-0.7141512,0.15791897
1857,-0.6885243,0.16024156
1858,-0.64170706,0.17408057
1859,-0.62925,0.1777951
1860,-0.6240229,0.14801674
1861,-0.6389191,0.14900756
1862,-1.181991,0.49744275
1863,-0.6233992,0.1559949
1864,-0.81236565,0.31629845
1865,-0.66861093,0.33627185
1866,-0.42357004,0.11504678
1867,-1.0017625,0.4586815
1868,-0.7321822,0.3367997
1869,-0.55919915,0.14021625
1870,-0.6219151,0.14976506
1871,-0.6234346,0.15433598
1872,-0.7623151,0.38230938
1873,-0.8991557,0.41085467
1874,-0.34264222,0.21980149
1875,-0.8163665,0.34981042
1876,-0.5719539,0.16825
1877,-0.6859804,0.17987244
1878,-0.52203447,0.30888882
1879,-0.6313241,0.15178119
1880,-0.48773962,0.29367954
1881,-0.65233743,0.15543091
1882,-0.6301893,0.15000017
1883,-0.59988916,0.13716651
1884,-1.0008512,0.44198596
1885,-0.6729823,0.16344233
1886,-0.63106894,0.15539964
1887,-0.57819873,0.1459224
1888,-0.67561084,0.15074009
1889,-0.64647925,0.1531703
1890,-0.5481879,0.15233201
1891,-0.64900726,0.14748724
1892,-0.643946,0.28645808
1893,-0.9513976,0.37562785
1894,-0.6560922,0.17124729
1895,-0.81281096,0.2964126
1896,-0.584494,0.1559672
1897,-0.69134545,0.16166274
1898,-0.6306535,0.14741066
1899,-0.63102394,0.15243538
1900,-0.8144523,0.36822364
1901,-0.6506483,0.15861847
1902,-0.9184073,0.49298975
1903,-0.8875545,0.36538008
1904,-0.6658484,0.1738775
1905,-0.67973214,0.16342764
1906,-0.33300057,0.2440877
1907,-0.6800959,0.15300225
1908,-0.68047255,0.1542949
1909,-0.6870265,0.1797281
1910,-0.7923913,0.35613847
1911,-0.555361,0.14248078
1912,-0.5988719,0.14034672
1913,-0.6043799,0.15168284
1914,-0.8071775,0.39002004
1915,-0.96502507,0.35563478
1916,-0.62198716,0.3345557
1917,-0.6203923,0.14668809
1918,-0.6309526,0.13197781
1919,-0.56851745,0.13392952
1920,-0.59091294,0.14871748
1921,-0.61945,0.18309557
1922,-0.63182384,0.16155276
1923,-0.64611727,0.15668574
1924,-0.6715389,0.15077512
1925,-0.55475473,0.14440534
1926,-0.5815382,0.13890558
1927,-0.82121944,0.3623714
1928,-0.8894231,0.41055524
1929,-0.5810493,0.14294079
1930,-0.47103867,0.12040034
1931,-0.40686452,0.26045313
1932,-0.55325055,0.119981654
1933,-0.62691355,0.1639055
1934,-0.7182185,0.15037593
1935,-0.58514863,0.30395308
1936,-0.6167183,0.15999341
1937,-0.5564046,0.26999786
1938,-0.7540587,0.34885895
1939,-0.5589186,0.2825753
1940,-0.7302778,0.1654496
1941,-0.70293593,0.16009876
1942,-0.7360773,0.3780436
1943,-0.5715891,0.20179302
1944,-1.0383786,0.39967874
1945,-0.6352309,0.14712016
1946,-0.6632196,0.15120189
1947,-0.6115494,0.14414653
1948,-0.61405957,0.13428359
1949,-0.61528826,0.24439299
1950,-0.60108656,0.17219816
1951,-0.7797167,0.36516786
1952,-0.5950223,0.13904677
1953,-0.60828716,0.13663155
1954,-0.6688687,0.15745525
1955,-1.0888729,0.49773693
1956,-0.8745044,0.32095513
1957,-0.5752392,0.13482636
1958,-0.58782756,0.14324847
1959,-0.7289944,0.31638288
1960,-0.60966504,0.15569764
1961,-0.36144665,0.15316464
1962,-0.6345518,0.14905666
1963,-0.6543023,0.1521483
1964,-0.97231895,0.4130354
1965,-0.4421163,0.10880892
1966,-0.60445535,0.15007186
1967,-0.6455689,0.164005
1968,-0.5170175,0.12582524
1969,-0.61029047,0.12856865
1970,-0.62962157,0.14818294
1971,-0.596896,0.14709501
1972,-0.5036491,0.1343007
1973,-1.0069093,0.4346479
1974,-1.0313874,0.35201553
1975,-0.514798,0.1480003
1976,-1.0779109,0.42497036
1977,-0.53125745,0.2923253
1978,-0.9779241,0.44829178
1979,-0.513272,0.14318956
1980,-0.5005713,0.13307072
1981,-0.85314953,0.37072816
1982,-0.72301555,0.16916995
1983,-0.6149917,0.34222764
1984,-0.59143865,0.17670439
1985,-0.8279018,0.35124665
1986,-0.55933565,0.32014105
1987,-0.64301866,0.13952519
1988,-0.7608221,0.28216797
1989,-0.63873094,0.15678474
1990,-0.67687446,0.16662683
1991,-0.89392674,0.38519955
1992,-1.0199622,0.4262316
1993,-0.64132375,0.13944045
1994,-0.6085339,0.1468187
1995,-0.2724523,0.10760066
1996,-0.62519497,0.15981965
1997,-0.9160659,0.36860797
1998,-0.4382979,0.19297524
1999,-0.6353558,0.15158659
2000,-0.5034174,0.15210594
2001,-0.94082963,0.3772391
2002,-0.61392874,0.1537973
2003,-0.62109005,0.13816518
2004,-0.45267007,0.30510125
2005,-0.8350715,0.41361544
2006,-0.78278816,0.29007447
2007,-0.68815017,0.16595685
2008,-0.82573783,0.33249003
2009,-0.63292944,0.14817894
2010,-0.6095273,0.14644349
2011,-0.71833545,0.17309044
2012,-0.44456023,0.17440356
2013,-0.6682093,0.1584117
2014,-0.5793824,0.14945757
2015,-0.85446,0.29931435
2016,-0.6458975,0.15535702
2017,-0.58633316,0.13657147
2018,-0.5885745,0.14030993
2019,-0.9350079,0.44274196
2020,-0.6986142,0.3179087
2021,-0.46486592,0.30861282
2022,-0.6407752,0.14800484
2023,-0.6660052,0.17327051
2024,-0.68200105,0.16184013
2025,-0.6968942,0.17512198
2026,-0.5906292,0.15317276
2027,-0.6481865,0.3061085
2028,-0.65474105,0.14247152
2029,-0.542918,0.26960516
2030,-0.70800894,0.15714103
2031,-0.6117229,0.14511393
2032,-0.6551123,0.33603716
2033,-0.70106435,0.17584105
2034,-0.532716,0.2701662
2035,-0.668769,0.14834197
2036,-0.5450399,0.14777455
2037,-0.82540303,0.3631326
2038,-0.9124993,0.39286345
2039,-0.657436,0.16190119
2040,-0.6423825,0.13925861
2041,-0.57947135,0.30980572
2042,-0.5567972,0.2853312
2043,-0.6505815,0.1636444
2044,-0.65817064,0.15189362
2045,-0.4751576,0.1115659
2046,-0.8259826,0.34728307
2047,-0.842266,0.4062613
2048,-0.75878006,0.37577492
2049,-0.21541035,0.08942306
2050,-0.69858843,0.15249582
2051,-0.62387854,0.15654774
2052,-0.8563589,0.3557963
2053,-0.98139113,0.42140207
2054,-0.7719357,0.28882822
2055,-0.67339826,0.1536678
2056,-0.6299419,0.2887897
2057,-0.68224716,0.16112705
2058,-0.6103437,0.136871
2059,-0.9423805,0.35003015
2060,-1.0732439,0.46148804
2061,-0.5655464,0.14802739
2062,-0.5915268,0.13916221
2063,-0.44370547,0.114062846
2064,-0.6569483,0.15751922
2065,-0.7880247,0.39789137
2066,-0.51755774,0.30527
2067,-0.6482977,0.32051247
2068,-0.49972695,0.38633206
2069,-0.68677384,0.14924799
2070,-0.61859655,0.14441237
2071,-0.631118,0.1495633
2072,-0.8993417,0.39456138
2073,-0.501046,0.11899307
2074,-0.6909287,0.16901001
2075,-0.64426655,0.16838211
2076,-0.609226,0.23654555
2077,-0.3851327,0.2929436
2078,-0.8212813,0.3496142
2079,-0.560882,0.12891434
2080,-0.61090857,0.15058257
2081,-0.78341246,0.38420236
2082,-0.68638706,0.15475413
2083,-0.9216353,0.45000014
2084,-0.64802706,0.16002627
2085,-1.1538873,0.45146927
2086,-0.5480972,0.14195283
2087,-0.6151248,0.15455684
2088,-0.66331655,0.14578006
2089,-0.9067699,0.4080802
2090,-0.6097234,0.21530966
2091,-0.6676489,0.1463171
2092,-0.7123519,0.15213874
2093,-0.9026526,0.32014322
2094,-0.6549378,0.14841545
2095,-0.6183332,0.17608745
2096,-0.5049447,0.13933398
2097,-0.6150993,0.14795189
2098,-0.6549543,0.36540976
2099,-0.60689104,0.27866122
2100,-0.58789444,0.2830254
2101,-0.6249828,0.15069841
2102,-0.66983604,0.18294856
2103,-1.1855992,0.45515358
2104,-0.62207955,0.14577353
2105,-0.6447201,0.14861573
2106,-0.5797452,0.14878038
2107,-0.66669023,0.16684245
2108,-0.72089523,0.16755983
2109,-0.5325768,0.18837616
2110,-0.6766767,0.16548541
2111,-0.6046391,0.14565186
2112,-0.70741165,0.15732579
2113,-0.5647378,0.1407814
2114,-0.5484946,0.2959542
2115,-0.8485511,0.3971931
2116,-0.600536,0.14807864
2117,-0.7254411,0.15280017
2118,-0.64465606,0.1499765
2119,-0.64034337,0.15894006
2120,-0.6529703,0.15477616
2121,-0.61878127,0.14547913
2122,-0.75591433,0.31779647
2123,-0.71655786,0.35670325
2124,-0.61976916,0.16366637
2125,-0.54305553,0.1331485
2126,-0.93605125,0.4486081
2127,-0.6309936,0.1536159
2128,-0.3858194,0.22801983
2129,-0.67646945,0.35293877
2130,-0.6296646,0.13922475
2131,-0.8963107,0.35947675
2132,-0.64256537,0.15761942
2133,-0.40023094,0.2499411
2134,-0.7379416,0.285644
2135,-0.5001282,0.1225992
2136,-0.5784653,0.14360115
2137,-0.82738656,0.33564344
2138,-0.3961338,0.11853654
2139,-0.86117214,0.36832294
2140,-0.6368644,0.15920252
2141,-0.57007307,0.12420093
2142,-0.68678856,0.30022186
2143,-0.6572442,0.32454506
2144,-0.47461438,0.2635408
2145,-0.647555,0.14948165
2146,-0.698409,0.3240664
2147,-0.7454971,0.27829665
2148,-0.4256575,0.16708699
2149,-0.72433925,0.30043632
2150,-0.59635717,0.16983977
2151,-0.80040425,0.3269933
2152,-0.76783985,0.29504386
2153,-0.6413922,0.1459381
2154,-0.65768856,0.14805779
2155,-0.47623554,0.27822685
2156,-0.7555007,0.32959524
2157,-0.555147,0.15549564
2158,-0.73940927,0.18617892
2159,-0.601787,0.14172465
2160,-0.83891773,0.3210205
2161,-0.4521549,0.2510088
2162,-0.81171006,0.33091125
2163,-0.50385165,0.13007456
2164,-0.5103689,0.123735145
2165,-1.208558,0.50782603
2166,-0.54373944,0.15012537
2167,-0.5737589,0.14298306
2168,-0.69169265,0.30285877
2169,-0.61411077,0.14402434
2170,-0.59187746,0.15525201
2171,-0.63524914,0.14381704
2172,-0.6763914,0.16006391
2173,-0.7200098,0.31831488
2174,-0.75627434,0.35399804
2175,-0.57728577,0.14185096
2176,-0.7359057,0.17372231
2177,-0.6380094,0.15699466
2178,-0.66372645,0.32528818
2179,-0.5332425,0.123187065
2180,-0.5837252,0.19261432
2181,-0.65007615,0.24170591
2182,-0.68323714,0.14776611
2183,-0.63304675,0.15998791
2184,-0.49883538,0.119766444
2185,-0.74357486,0.1825244
2186,-0.69535196,0.16120215
2187,-0.6433653,0.15542035
2188,-0.6831002,0.17488515
2189,-0.47216308,0.12203804
2190,-0.6201682,0.17427018
2191,-0.6803385,0.28248143
2192,-0.5658509,0.1390167
2193,-0.972922,0.3930725
2194,-0.54787076,0.29608056
2195,-0.6384935,0.15000676
2196,-0.5377629,0.12847792
2197,-0.57862157,0.1507293
2198,-0.66168994,0.13999908
2199,-0.65468776,0.31938738
2200,-0.5837875,0.16175579
2201,-0.7153958,0.16696468
2202,-0.6365304,0.1505187
2203,-0.61983,0.15752004
2204,-0.63743067,0.15809561
2205,-0.6274869,0.14699177
2206,-0.85710436,0.32100183
2207,-0.69857013,0.1678075
2208,-0.9424596,0.36578295
2209,-0.26033074,0.09519296
2210,-0.6392376,0.1411782
2211,-0.5714938,0.15035114
2212,-0.6200568,0.15522036
2213,-0.48497176,0.12318702
2214,-0.6577578,0.15517329
2215,-0.5434756,0.14808162
2216,-0.68941635,0.33257923
2217,-0.53195965,0.15278387
2218,-0.55554944,0.14391387
2219,-0.47697526,0.11685698
2220,-0.67262596,0.16704215
2221,-0.48780218,0.26075232
2222,-0.6420309,0.16361018
2223,-0.6612583,0.16453071
2224,-0.659946,0.3260859
2225,-0.88777566,0.3718403
2226,-0.62265444,0.16645867
2227,-1.0620139,0.4666807
2228,-0.5590748,0.1556215
2229,-0.5947792,0.14390007
2230,-0.8012761,0.31972116
2231,-0.5462674,0.15181424
2232,-0.35184228,0.23410486
2233,-0.46416664,0.124019265
2234,-0.71708965,0.32591248
2235,-0.3805249,0.23111194
2236,-0.7220772,0.17796157
2237,-0.85797435,0.381328
2238,-0.83778644,0.37570298
2239,-0.64153045,0.22542906
2240,-0.5571693,0.130522
2241,-0.6387398,0.15117092
2242,-0.78277797,0.32168674
2243,-0.6518282,0.14864075
2244,-0.45275998,0.16139092
2245,-0.82630926,0.37269324
2246,-0.5489901,0.1413699
2247,-0.6745388,0.2640669
2248,-0.63159823,0.1529081
2249,-0.552053,0.14026995
2250,-1.0257058,0.42846903
2251,-0.6449069,0.15307224
2252,-1.0301855,0.37915027
2253,-0.61120707,0.14879125
2254,-0.625581,0.14348808
2255,-0.76255643,0.17942576
2256,-0.66772205,0.13917321
2257,-0.99970657,0.39822823
2258,-0.6212374,0.14760162
2259,-0.7358135,0.17761318
2260,-0.6429641,0.14650093
2261,-0.6390155,0.16104974
2262,-0.61751217,0.14079924
2263,-0.6568457,0.18087143
2264,-1.2251232,0.50593007
2265,-0.69694597,0.15347575
2266,-0.46340516,0.13205175
2267,-0.7029602,0.16844992
2268,-0.46331537,0.13445564
2269,-0.6794269,0.15435044
2270,-0.9060843,0.39018646
2271,-0.5936483,0.15877716
2272,-0.5988744,0.15351175
2273,-0.610442,0.14106143
2274,-0.58607537,0.14611498
2275,-0.5890923,0.17839982
2276,-0.60937303,0.15571341
2277,-0.62101775,0.2902305
2278,-0.6123492,0.18211663
2279,-0.6353081,0.15103868
2280,-0.5181695,0.31815317
2281,-0.55266815,0.13342726
2282,-0.5814991,0.14513628
2283,-0.74149334,0.31081584
2284,-0.58469516,0.13373786
2285,-0.60843515,0.1629706
2286,-0.44317582,0.12622231
2287,-0.6516763,0.14629656
2288,-0.6083639,0.14845477
2289,-0.60513645,0.15494959
2290,-0.64149195,0.30419993
2291,-0.66648334,0.15901677
2292,-0.946829,0.43557698
2293,-0.8087945,0.36205435
2294,-0.6469284,0.1500498
2295,-0.60245866,0.15666346
2296,-0.66565883,0.17642054
2297,-0.5215649,0.13537632
2298,-0.94230866,0.37730408
2299,-0.3771591,0.1874704
2300,-0.39048973,0.105231896
2301,-0.83454984,0.3790633
2302,-0.8729481,0.3795441
2303,-0.67517614,0.34897637
2304,-0.60107046,0.15455902
2305,-0.5896353,0.14517196
2306,-0.4113062,0.253542
2307,-0.61559683,0.14122972
2308,-0.41283643,0.26703903
2309,-0.5018448,0.1377961
2310,-0.6315528,0.16626337
2311,-0.6589611,0.31805548
2312,-0.5313445,0.1376917
2313,-0.64254797,0.15575074
2314,-0.6671829,0.260242
2315,-0.5407072,0.14341658
2316,-0.7321031,0.33944392
2317,-0.6282329,0.14813969
2318,-0.78911906,0.3932603
2319,-0.6547464,0.15164314
2320,-0.5641986,0.13640295
2321,-0.6338985,0.16063058
2322,-0.64704597,0.15971315
2323,-0.99372584,0.38659307
2324,-0.2492938,0.13025817
2325,-0.5420067,0.29072106
2326,-0.6286051,0.25185925
2327,-0.6434664,0.14427392
2328,-0.62793964,0.15048212
2329,-0.84109706,0.38743597
2330,-0.751932,0.319675
2331,-0.50429416,0.26530594
2332,-0.65219456,0.15053967
2333,-0.6782195,0.14701593
2334,-0.61258817,0.32393727
2335,-0.5223789,0.26956543
2336,-0.6478179,0.15259857
2337,-0.5965106,0.17396213
2338,-0.6936853,0.17129008
2339,-0.65421623,0.15182762
2340,-0.677589,0.16101794
2341,-0.7001385,0.3058515
2342,-0.6399127,0.28444654
2343,-0.6218347,0.17707156
2344,-0.7201721,0.2872209
2345,-0.8389163,0.43037963
2346,-0.9024582,0.37194183
2347,-0.6451225,0.16123456
2348,-0.59478974,0.2298999
2349,-0.63108146,0.15018302
2350,-0.8496271,0.31946602
2351,-0.6565997,0.15741007
2352,-0.6040182,0.14172187
2353,-0.7637338,0.39807558
2354,-0.7536835,0.38620684
2355,-0.67966974,0.22852099
2356,-0.5926742,0.14871043
2357,-1.1955843,0.4534997
2358,-0.56178874,0.15014279
2359,-0.6447355,0.34213182
2360,-0.7136046,0.3370271
2361,-0.535814,0.3081992
2362,-0.56958574,0.13906556
2363,-0.49048942,0.2749595
2364,-0.5059556,0.112751015
2365,-0.9071174,0.38223922
2366,-0.54884666,0.13186535
2367,-0.6479808,0.15289614
2368,-0.76515603,0.18339999
2369,-0.6261591,0.14915136
2370,-0.86439764,0.4324197
2371,-0.5002929,0.14777134
2372,-0.6806705,0.16076456
2373,-0.61535746,0.14398727
2374,-0.64008534,0.1707552
2375,-0.52365285,0.12989806
2376,-0.66047186,0.32723743
2377,-0.5533,0.1462403
2378,-0.5377244,0.3062908
2379,-0.76047766,0.3789333
2380,-1.0388947,0.5002211
2381,-0.6249746,0.15145922
2382,-0.5159262,0.31317478
2383,-0.8062419,0.36135456
2384,-0.6646874,0.26142967
2385,-1.1370425,0.44298628
2386,-1.0208782,0.42169926
2387,-0.86925715,0.34649462
2388,-0.96247756,0.39480487
2389,-0.61660117,0.15454444
2390,-0.59291834,0.17323081
2391,-0.8677083,0.32769322
2392,-0.77392733,0.28328195
2393,-0.6318541,0.15513809
2394,-0.7403383,0.31128484
2395,-0.6976292,0.15576763
2396,-0.5135818,0.1393304
2397,-0.83460855,0.38923898
2398,-0.59614754,0.14715903
2399,-0.6905377,0.15638128
2400,-0.61904305,0.1585331
2401,-0.51863045,0.30011037
2402,-1.0904576,0.444514
2403,-0.9241873,0.38097656
2404,-0.6489645,0.15893152
2405,-0.6665211,0.16960111
2406,-0.64303267,0.15644811
2407,-0.5608404,0.12448203
2408,-0.8543469,0.41984576
2409,-0.5794639,0.14450797
2410,-0.47455883,0.12913078
2411,-0.6199881,0.14956897
2412,-0.94949365,0.392953
2413,-0.62305135,0.15585259
2414,-0.95308816,0.3962614
2415,-1.0950313,0.46711442
2416,-0.2586861,0.2269556
2417,-0.52375233,0.13203493
2418,-0.6597431,0.1764189
2419,-0.9266647,0.44059947
2420,-0.6126896,0.15625542
2421,-0.69804966,0.1712096
2422,-0.60379875,0.14668016
2423,-0.31277776,0.21840172
2424,-0.61114,0.19298333
2425,-0.4480026,0.19331121
2426,-0.83028364,0.33746457
2427,-0.5876893,0.28042397
2428,-0.8171059,0.38387537
2429,-0.43311083,0.13487948
2430,-0.7320868,0.36537552
2431,-0.7107799,0.39068946
2432,-0.9148845,0.43515113
2433,-0.60898364,0.13713571
2434,-0.6974901,0.17792913
2435,-0.5735839,0.14845276
2436,-0.95803964,0.379682
2437,-1.0962168,0.47484672
2438,-0.63089883,0.15766479
2439,-0.69127464,0.15555695
2440,-0.5772341,0.28286928
2441,-0.6102752,0.15068187
2442,-0.5100326,0.13488376
2443,-0.52452785,0.15329623
2444,-0.5880684,0.14347236
2445,-0.63572335,0.18236834
2446,-0.59103936,0.15580922
2447,-0.6155206,0.15275103
2448,-0.52010506,0.13053443
2449,-0.69020516,0.16705145
2450,-0.6985917,0.1480807
2451,-0.892335,0.39566344
2452,-0.6796459,0.31873116
2453,-0.7713877,0.16707192
2454,-0.62171805,0.1419629
2455,-0.7028783,0.16494867
2456,-0.9195593,0.3930128
2457,-0.696748,0.29048207
2458,-0.649612,0.13921499
2459,-0.49556804,0.13485162
2460,-0.68437266,0.36844724
2461,-0.33903453,0.13545331
2462,-0.5753033,0.13763328
2463,-1.1707114,0.5034476
2464,-0.6710734,0.15962173
2465,-0.705897,0.16563308
2466,-0.5911477,0.13482267
2467,-0.6581819,0.16084088
2468,-0.80197036,0.28299376
2469,-0.60827905,0.15228815
2470,-0.6673693,0.14382109
2471,-0.55705106,0.15132412
2472,-0.74314135,0.3132564
2473,-0.6954383,0.1674878
2474,-0.7678789,0.35589507
2475,-0.56307834,0.13709572
2476,-0.70484793,0.32669887
2477,-0.8145653,0.35068876
2478,-0.46348754,0.27445933
2479,-0.76710784,0.33582306
2480,-0.9948364,0.45312074
2481,-0.5699909,0.17067187
2482,-0.70588946,0.15409057
2483,-0.69100493,0.31723487
2484,-0.9490991,0.37139252
2485,-0.93155444,0.3356889
2486,-0.77828693,0.16736898
2487,-0.6606584,0.15728872
2488,-0.5862614,0.12391545
2489,-0.55607146,0.15057515
2490,-1.049353,0.44985864
2491,-0.5185802,0.1331637
2492,-0.67665577,0.16911644
2493,-0.8529306,0.37754574
2494,-0.6954321,0.1626847
2495,-0.97734165,0.38702795
2496,-0.67077154,0.1704003
2497,-0.9007621,0.38143885
2498,-0.67787254,0.15361458
2499,-0.5278565,0.15051337
2500,-0.38416836,0.28819317
2501,-0.68406713,0.15297164
2502,-0.47042042,0.12402413
2503,-0.41820812,0.12022803
2504,-0.6034753,0.20595883
2505,-0.6302231,0.14678381
2506,-0.66299397,0.3769944
2507,-0.653876,0.14714976
2508,-0.58203167,0.14348456
2509,-0.44225863,0.26068324
2510,-0.5160995,0.12944219
2511,-0.6511586,0.15935192
2512,-1.3250761,0.5409529
2513,-0.62140673,0.24939567
2514,-0.5668418,0.3258462
2515,-0.46983698,0.14510493
2516,-1.1149299,0.47321272
2517,-0.71497035,0.16135931
2518,-0.91889405,0.36385465
2519,-0.83472556,0.2960498
2520,-0.57865274,0.14164852
2521,-0.74441046,0.36285272
2522,-0.6923816,0.23363978
2523,-0.6156071,0.14391463
2524,-0.63889277,0.13157624
2525,-0.45325965,0.12138951
2526,-0.36692542,0.124032415
2527,-0.6586646,0.16236906
2528,-0.6053528,0.14000683
2529,-0.52328056,0.1292878
2530,-0.61610126,0.1429027
2531,-0.6852309,0.1686433
2532,-0.7135391,0.17751077
2533,-0.948387,0.37505275
2534,-0.6649121,0.14768887
2535,-0.5523932,0.13297544
2536,-0.5642102,0.13865305
2537,-0.6325108,0.15932839
2538,-0.62141216,0.14285995
2539,-0.7389807,0.37064412
2540,-0.568939,0.16250622
2541,-0.6122122,0.15566927
2542,-0.654537,0.1554572
2543,-0.74207646,0.33928818
2544,-0.48796377,0.17627673
2545,-0.6217715,0.1574261
2546,-0.52748126,0.14049025
2547,-1.0680002,0.49305508
2548,-0.9391961,0.3678513
2549,-0.90735435,0.42039883
2550,-1.0062894,0.43137172
2551,-0.61460507,0.14173459
2552,-0.6707759,0.15973741
2553,-0.9187033,0.39019772
2554,-0.596085,0.13117115
2555,-0.6868099,0.16247684
2556,-0.6025372,0.13566996
2557,-0.69115126,0.15933676
2558,-0.7023329,0.15492849
2559,-0.4401694,0.112460166
2560,-0.6567854,0.16155162
2561,-0.2810526,0.16781698
2562,-0.69642866,0.16340601
2563,-0.60835034,0.3479296
2564,-0.48642927,0.2525781
2565,-1.0666275,0.432094
2566,-0.6508363,0.14992929
2567,-0.6559094,0.33517638
2568,-0.8477901,0.31960207
2569,-0.5553814,0.14646664
2570,-0.701961,0.16642861
2571,-0.692374,0.15554686
2572,-0.53187114,0.15716332
2573,-0.6277487,0.13837497
2574,-0.58355415,0.14812332
2575,-0.9838436,0.4225456
2576,-0.71215326,0.15984808
2577,-0.67929566,0.16836594
2578,-0.53872854,0.13888149
2579,-0.6472652,0.16290672
2580,-0.6866936,0.16678597
2581,-0.66049474,0.17049873
2582,-0.6518097,0.23837084
2583,-0.940245,0.40873143
2584,-0.52014965,0.14613526
2585,-0.6212163,0.16710016
2586,-0.6687753,0.14025895
2587,-0.45693612,0.11281398
2588,-0.5989208,0.15170906
2589,-0.59321296,0.13790658
2590,-0.53044504,0.14129512
2591,-1.0410693,0.37871826
2592,-0.6603614,0.15720232
2593,-0.7079351,0.2397166
2594,-0.59641,0.14636536
2595,-0.82533604,0.38029575
2596,-0.36081374,0.13586661
2597,-0.34685138,0.2236623
2598,-0.63324785,0.14028667
2599,-0.65091085,0.152871
2600,-0.5972111,0.14250456
2601,-0.75072074,0.3147232
2602,-0.5720161,0.15719935
2603,-0.81793785,0.35215884
2604,-0.78006864,0.33424857
2605,-0.8285256,0.3658624
2606,-0.8397497,0.36817768
2607,-0.5730319,0.18141422
2608,-0.62991774,0.15174706
2609,-0.76149046,0.2746567
2610,-0.6890259,0.16991937
2611,-0.80201983,0.31557608
2612,-0.4715564,0.31214797
2613,-0.8368147,0.36985376
2614,-0.6408253,0.16064808
2615,-0.45886475,0.124160744
2616,-0.63575566,0.14645062
2617,-0.567141,0.13747783
2618,-0.57207483,0.15148896
2619,-0.61740226,0.1447453
2620,-0.7444543,0.3793518
2621,-0.32840407,0.28330448
2622,-0.7310426,0.16758385
2623,-0.5102906,0.12551035
2624,-0.49520913,0.12352843
2625,-0.8766459,0.3253413
2626,-0.47107783,0.11554863
2627,-0.6122092,0.15669449
2628,-0.7026984,0.16580594
2629,-0.5874719,0.14333878
2630,-0.6595179,0.14761347
2631,-0.44601515,0.13013744
2632,-0.64074296,0.1497326
2633,-0.6566289,0.15950318
2634,-0.31520715,0.11253896
2635,-0.7250853,0.35856047
2636,-0.3312699,0.12758313
2637,-0.6486942,0.1645593
2638,-0.6625331,0.15064214
2639,-0.6277393,0.14920376
2640,-0.32711515,0.13558936
2641,-0.7795706,0.33488682
2642,-0.7328053,0.17353562
2643,-0.50197655,0.13477622
2644,-0.7639112,0.3471755
2645,-1.067875,0.4067951
2646,-0.56790155,0.13308093
2647,-0.79444295,0.36442247
2648,-0.6480634,0.15566127
2649,-1.1657155,0.46573877
2650,-1.0919154,0.42543972
2651,-0.6901796,0.26472822
2652,-0.56193405,0.15426235
2653,-0.6607755,0.26192668
2654,-0.5969778,0.14323442
2655,-0.6663861,0.2554397
2656,-0.65538836,0.16069219
2657,-0.6140079,0.13840054
2658,-0.5857986,0.13920909
2659,-0.5808546,0.1310144
2660,-0.5761385,0.14217003
2661,-0.6873695,0.27433386
2662,-0.47295895,0.10887685
2663,-0.6062892,0.13701963
2664,-0.6261574,0.33757818
2665,-0.82058924,0.286824
2666,-0.63524956,0.15210809
2667,-0.58913636,0.15740007
2668,-1.0215966,0.47732952
2669,-0.6052628,0.16096015
2670,-0.70020014,0.16367902
2671,-0.6221954,0.15215954
2672,-0.61531794,0.13681985
2673,-0.6549096,0.14503093
2674,-0.93958837,0.3735416
2675,-0.6763449,0.20449315
2676,-0.65687746,0.15352143
2677,-0.4738318,0.119866505
2678,-0.6321714,0.14557606
2679,-0.5994287,0.13474455
2680,-0.64339894,0.33486083
2681,-0.62368685,0.15241238
2682,-0.62725747,0.16051553
2683,-0.574937,0.29347157
2684,-0.64034694,0.15586554
2685,-0.71400005,0.17163119
2686,-1.0166961,0.39317414
2687,-0.9760492,0.39092922
2688,-0.60045433,0.14682654
2689,-0.9592861,0.41448054
2690,-0.6498636,0.16126576
2691,-1.1230117,0.45864484
2692,-0.64107555,0.18343002
2693,-0.63648385,0.15435764
2694,-0.84190464,0.39268613
2695,-0.5195765,0.124288015
2696,-0.68568355,0.16180994
2697,-0.6218404,0.15542772
2698,-0.75722325,0.30751452
2699,-0.62308043,0.14939696
2700,-1.0222266,0.42396057
2701,-0.90243226,0.41508952
2702,-0.693988,0.31179675
2703,-0.5307166,0.14158304
2704,-0.6810341,0.30626497
2705,-0.55382925,0.12186209
2706,-0.6895174,0.16851498
2707,-0.37424627,0.25856078
2708,-0.7832959,0.34831688
2709,-0.81719303,0.33598384
2710,-0.8021739,0.29815784
2711,-0.6515326,0.15585567
2712,-0.7848055,0.380014
2713,-0.5192633,0.13450521
2714,-0.6739887,0.15178348
2715,-0.6065512,0.14250916
2716,-0.6033484,0.14067641
2717,-0.73507047,0.3625905
2718,-0.55954766,0.17140998
2719,-0.5928095,0.13955489
2720,-0.62011,0.13646697
2721,-0.62012744,0.16789567
2722,-0.7289909,0.34239787
2723,-0.5577099,0.12891866
2724,-0.6803238,0.14685681
2725,-0.55036855,0.13982551
2726,-0.3995851,0.26591885
2727,-0.6881631,0.1644822
2728,-0.6684359,0.15708826
2729,-0.66940135,0.17511213
2730,-0.658125,0.15885581
2731,-0.6862284,0.32849807
2732,-0.68634516,0.15245675
2733,-0.8125346,0.35730332
2734,-0.5876849,0.1479873
2735,-0.8972843,0.3261184
2736,-0.6167936,0.13727996
2737,-0.807025,0.36442035
2738,-0.84565884,0.3933608
2739,-0.80870956,0.28551555
2740,-0.9323563,0.39623287
2741,-0.6588719,0.15406343
2742,-0.6575203,0.25845245
2743,-0.6212502,0.25070152
2744,-0.86593485,0.44624585
2745,-0.54401594,0.15048775
2746,-0.5495582,0.14300638
2747,-0.6058512,0.14115418
2748,-0.34889227,0.233922
2749,-0.6971076,0.15810113
2750,-0.7454898,0.17204462
2751,-0.6677072,0.16033123
2752,-0.92169154,0.3777413
2753,-0.99350476,0.41357666
2754,-0.68357426,0.17449737
2755,-0.8788645,0.38171118
2756,-0.6210587,0.14647685
2757,-0.9456628,0.41116577
2758,-0.5535589,0.31659156
2759,-0.6356297,0.16007143
2760,-0.4746556,0.13529365
2761,-1.0280473,0.36789364
2762,-0.8194353,0.375499
2763,-0.1986598,0.11367308
2764,-0.7043208,0.15736742
2765,-0.72287625,0.3611899
2766,-0.60934913,0.1607457
2767,-0.5013616,0.30084214
2768,-0.60310787,0.16833813
2769,-0.6940574,0.16578653
2770,-0.74386686,0.32045758
2771,-0.6233072,0.14232607
2772,-0.57208943,0.1609749
2773,-0.59978485,0.15340018
2774,-0.62943137,0.13632593
2775,-0.66461504,0.16320966
2776,-0.73010623,0.33198497
2777,-0.63758504,0.14510357
2778,-0.88970697,0.4164727
2779,-0.5885076,0.14467157
2780,-0.4759238,0.25209352
2781,-0.5812714,0.17020735
2782,-0.6508874,0.1518559
2783,-1.1033971,0.4463782
2784,-0.7720891,0.44975194
2785,-0.50545067,0.29010212
2786,-0.6660422,0.31041527
2787,-0.66891384,0.3410017
2788,-0.6242947,0.28426033
2789,-0.6347573,0.15082549
2790,-0.4795075,0.13443881
2791,-0.5396416,0.13069843
2792,-0.60638577,0.14049588
2793,-0.9037765,0.3613915
2794,-0.44718072,0.11022513
2795,-0.6634406,0.15588191
2796,-0.47563717,0.26383936
2797,-0.58061105,0.15003029
2798,-0.60074127,0.2920961
2799,-0.6156495,0.14559533
2800,-0.5883757,0.13978265
2801,-0.5059332,0.31510457
2802,-0.48430133,0.13024276
2803,-0.6556306,0.16034006
2804,-0.49064305,0.12480896
2805,-0.6665026,0.15778288
2806,-0.6303335,0.15103099
2807,-0.48604617,0.12153335
2808,-0.57472813,0.18919696
2809,-0.6553249,0.14944264
2810,-0.62450033,0.17024328
2811,-0.6023806,0.16555601
2812,-0.6347401,0.16455232
2813,-0.68585354,0.30343884
2814,-0.5923876,0.16196454
2815,-0.42657256,0.11631441
2816,-0.5852322,0.14211528
2817,-1.006925,0.3856912
2818,-0.73896605,0.2910208
2819,-0.9334738,0.3953657
2820,-0.9158186,0.43733492
2821,-0.66571146,0.15924923
2822,-0.7923425,0.39775777
2823,-0.66512173,0.16051112
2824,-0.6300866,0.34961846
2825,-0.52789986,0.14447628
2826,-0.47970533,0.13488963
2827,-1.0559903,0.46895674
2828,-0.50176513,0.259508
2829,-0.6510872,0.15244406
2830,-0.52701026,0.13147157
2831,-0.645572,0.15721445
2832,-0.6045349,0.24293151
2833,-0.564308,0.30721554
2834,-0.9365682,0.42024505
2835,-0.7441969,0.3571763
2836,-0.85674065,0.3926478
2837,-0.68821096,0.1607202
2838,-0.61052483,0.13125198
2839,-0.96651614,0.39283672
2840,-0.5673934,0.13733783
2841,-0.5848922,0.13673049
2842,-0.5964575,0.1406622
2843,-0.64463955,0.16742307
2844,-0.46230897,0.2618971
2845,-0.4238296,0.2504923
2846,-0.67932457,0.16443366
2847,-0.5771303,0.1667805
2848,-0.5616731,0.1486242
2849,-0.68912125,0.16888197
2850,-0.65541285,0.15690824
2851,-0.42052943,0.18911877
2852,-0.6121614,0.16064826
2853,-0.52815884,0.1607343
2854,-0.6963176,0.27742735
2855,-0.6131478,0.17753814
2856,-0.62325263,0.14443192
2857,-0.64788413,0.15466361
2858,-0.7024086,0.14342213
2859,-0.6601671,0.15858828
2860,-0.46798372,0.3400382
2861,-0.5810962,0.26700512
2862,-0.6420294,0.15211244
2863,-0.9218231,0.47522777
2864,-0.6164496,0.13789482
2865,-0.55328554,0.1410543
2866,-0.7093944,0.17104445
2867,-0.87855625,0.41718408
2868,-0.72348297,0.3094851
2869,-0.58653253,0.16339931
2870,-0.6544242,0.15643716
2871,-0.8668466,0.360873
2872,-0.6444687,0.18985106
2873,-0.6070217,0.14902692
2874,-0.43230447,0.124809965
2875,-0.45662823,0.26321873
2876,-0.7053506,0.26911867
2877,-0.62683266,0.14506465
2878,-0.6881113,0.35230407
2879,-0.85695374,0.35438663
2880,-0.71090156,0.17514034
2881,-0.47177732,0.13449545
2882,-0.9036992,0.3903986
2883,-0.66782486,0.1619601
2884,-1.0389053,0.4076259
2885,-0.7066204,0.17434362
2886,-0.6524244,0.13778175
2887,-0.6366691,0.14499967
2888,-0.6790053,0.14911865
2889,-1.1827463,0.46939385
2890,-0.56005037,0.13916077
2891,-1.0082792,0.4421245
2892,-0.766474,0.34455535
2893,-0.42230564,0.26613083
2894,-0.7111237,0.32218027
2895,-0.6613492,0.2752818
2896,-0.51224035,0.12583724
2897,-0.88468623,0.36958528
2898,-0.6377603,0.1521792
2899,-0.39992756,0.2619292
2900,-0.7881097,0.31509694
2901,-1.0765485,0.47555616
2902,-0.44122803,0.151177
2903,-0.6520582,0.15235198
2904,-0.63161093,0.3445502
2905,-0.8742135,0.35786566
2906,-1.0612537,0.44458
2907,-0.60200375,0.13111487
2908,-0.8927797,0.3425803
2909,-0.94001037,0.39706057
2910,-0.6060876,0.13795114
2911,-0.974558,0.40437642
2912,-0.6844965,0.15842342
2913,-0.637873,0.22369479
2914,-0.8605508,0.33204654
2915,-0.6296081,0.14856285
2916,-0.5472871,0.15113302
2917,-0.61577994,0.15501852
2918,-0.57695895,0.13456479
2919,-0.776391,0.40037346
2920,-1.2148595,0.4968241
2921,-0.5464832,0.13892557
2922,-0.8414055,0.37257022
2923,-0.581899,0.21279147
2924,-0.9638048,0.37045443
2925,-0.5582217,0.13868724
2926,-0.5031268,0.15952218
2927,-0.794666,0.3561094
2928,-0.3314345,0.11236454
2929,-0.5001625,0.12969482
2930,-0.6395381,0.15585643
2931,-0.638409,0.13693956
2932,-0.6884151,0.16501378
2933,-0.86707485,0.41647205
2934,-0.7309024,0.34901312
2935,-0.8022011,0.4011823
2936,-0.7185584,0.15115535
2937,-0.5974337,0.1462772
2938,-0.8158641,0.35592616
2939,-0.64728844,0.32252157
2940,-0.6589459,0.32306957
2941,-0.53985846,0.14028053
2942,-0.63941336,0.14010496
2943,-0.6133576,0.1437757
2944,-0.63361645,0.15526049
2945,-1.0047798,0.42243463
2946,-0.68594277,0.16428822
2947,-0.37160078,0.24747297
2948,-0.56299883,0.1335373
2949,-0.6096079,0.32208535
2950,-0.6040311,0.14175777
2951,-0.72848266,0.17796534
2952,-0.6989693,0.32112372
2953,-0.47843263,0.12255571
2954,-0.57805806,0.12765196
2955,-0.6954166,0.2670353
2956,-0.8675275,0.34765762
2957,-0.5949686,0.14232905
2958,-0.5716882,0.16147159
2959,-0.83617026,0.37911096
2960,-0.6349265,0.16478553
2961,-0.72462,0.25770462
2962,-0.8765906,0.38980532
2963,-0.49701053,0.120281756
2964,-0.7265942,0.17063734
2965,-0.6460317,0.15779307
2966,-1.0572814,0.4311356
2967,-0.6803261,0.1729812
2968,-0.6541607,0.17500389
2969,-1.0304505,0.43337494
2970,-0.7232657,0.31802487
2971,-0.4293156,0.114748195
2972,-0.6315064,0.14181666
2973,-0.6619499,0.15549482
2974,-0.54825133,0.1329847
2975,-0.5708877,0.16794416
2976,-0.7314606,0.28590357
2977,-0.9745599,0.38666975
2978,-0.5634736,0.1336296
2979,-0.8416526,0.39941877
2980,-0.83294314,0.44706535
2981,-0.630516,0.1620053
2982,-0.5980781,0.14915706
2983,-0.63778913,0.15905285
2984,-0.6654683,0.16890764
2985,-0.6364823,0.15055345
2986,-0.6272942,0.148052
2987,-0.5308916,0.31916094
2988,-0.89557225,0.38097662
2989,-0.6561101,0.14946115
2990,-0.61506164,0.14401422
2991,-0.59350306,0.12772484
2992,-0.660954,0.15749578
2993,-0.62209207,0.20879655
2994,-0.6443936,0.1667716
2995,-0.7421308,0.3633325
2996,-0.61715984,0.15826935
2997,-0.5020323,0.12982379
2998,-0.67388535,0.36756164
2999,-0.75553393,0.30885547
3000,-0.6217342,0.14686707
3001,-0.64552444,0.15077977
3002,-0.72298557,0.24419898
3003,-0.62448263,0.33430544
3004,-0.9650669,0.44154033
3005,-0.4567161,0.27881512
3006,-0.9466048,0.33315247
3007,-0.59046173,0.15120214
3008,-0.82776743,0.33726683
3009,-0.49442995,0.14252341
3010,-0.5842073,0.16781019
3011,-0.5985456,0.1403104
3012,-0.5477415,0.1407125
3013,-0.6524957,0.14558116
3014,-0.69838846,0.15669258
3015,-0.5497419,0.13276142
3016,-0.59239554,0.14972374
3017,-0.60370857,0.14975992
3018,-0.7047247,0.16298915
3019,-0.5696031,0.13043754
3020,-0.99322474,0.38569844
3021,-0.5948712,0.32901195
3022,-0.6535407,0.18751031
3023,-0.7687781,0.3833532
3024,-0.99652374,0.39587498
3025,-0.6228599,0.15403284
3026,-0.5745277,0.31380767
3027,-0.5833172,0.1570751
3028,-0.7829053,0.1875299
3029,-0.70150656,0.162928
3030,-0.6369607,0.14279108
3031,-0.6741393,0.15918793
3032,-0.66247284,0.15163247
3033,-0.63671833,0.15282796
3034,-0.47299293,0.25903353
3035,-0.3467094,0.14050645
3036,-0.22854081,0.19357148
3037,-0.5516983,0.15246049
3038,-0.6074783,0.16581292
3039,-0.59565854,0.13891892
3040,-0.5854966,0.13599962
3041,-0.27173388,0.1913918
3042,-0.88596755,0.36976835
3043,-0.63858074,0.1651407
3044,-0.8086159,0.33810583
3045,-0.6488597,0.14815676
3046,-0.7423428,0.3279859
3047,-0.8589331,0.36751777
3048,-0.70730585,0.16621366
3049,-0.45929876,0.22192489
3050,-0.70745707,0.17523608
3051,-0.5647277,0.16167606
3052,-0.71421057,0.34072798
3053,-0.80316186,0.33033055
3054,-0.65708494,0.14962412
3055,-0.5183417,0.12005979
3056,-0.55969584,0.16218387
3057,-0.6349152,0.14409682
3058,-0.7062792,0.16175714
3059,-0.40122044,0.2429411
3060,-1.2284034,0.4701788
3061,-0.5134609,0.13232867
3062,-0.6456964,0.15832607
3063,-0.6558318,0.15719251
3064,-0.6409457,0.15083694
3065,-1.1165051,0.44120052
3066,-0.7352975,0.3758573
3067,-0.6956167,0.1651497
3068,-0.64458776,0.14958167
3069,-0.55403143,0.15097226
3070,-0.58413994,0.13335675
3071,-1.0458732,0.40993798
3072,-0.6807726,0.23727368
3073,-0.62012285,0.1472517
3074,-0.6951607,0.20775025
3075,-0.5868854,0.164492
3076,-0.53873354,0.14385039
3077,-0.7248745,0.16661584
3078,-0.601728,0.14023195
3079,-0.66530424,0.16690238
3080,-0.6409405,0.15225078
3081,-0.6280721,0.31449515
3082,-0.62846273,0.16221556
3083,-0.6787832,0.1627248
3084,-0.65691984,0.15619761
3085,-0.94279134,0.41043317
3086,-0.6640552,0.16852507
3087,-0.75083363,0.3068275
3088,-0.59151477,0.12025721
3089,-0.56970876,0.1470796
3090,-0.4933133,0.13796154
3091,-0.6589045,0.16182348
3092,-0.32986608,0.12728749
3093,-0.7698566,0.3223362
3094,-0.6925959,0.1551561
3095,-0.6718605,0.16821809
3096,-0.6780302,0.15821296
3097,-0.38238153,0.14223368
3098,-0.5990094,0.1483897
3099,-0.83838594,0.3675127
3100,-0.7428612,0.15982875
3101,-0.6469432,0.14535749
3102,-0.74239105,0.16372536
3103,-0.6862317,0.15492456
3104,-0.8396522,0.39291644
3105,-0.9695398,0.4072109
3106,-0.5995118,0.15704858
3107,-0.6158693,0.13813536
3108,-0.6796872,0.15461369
3109,-0.6904388,0.16325207
3110,-0.49399328,0.12322719
3111,-0.62800694,0.32472372
3112,-0.690849,0.15860328
3113,-0.60254705,0.15534543
3114,-0.6709427,0.16283147
3115,-0.57925296,0.31669354
3116,-0.61299604,0.3454528
3117,-0.73833966,0.3460873
3118,-0.65679866,0.1538415
3119,-0.6677068,0.18243252
3120,-0.64810365,0.15361083
3121,-0.6365187,0.15540451
3122,-0.71093863,0.33350015
3123,-0.34172654,0.08774849
3124,-0.6201067,0.14719665
3125,-0.533599,0.12707962
3126,-0.64585763,0.1609129
3127,-0.72411066,0.36856154
3128,-0.70252395,0.15510039
3129,-0.6635708,0.16532081
3130,-1.3393006,0.55094653
3131,-0.5700353,0.14111674
3132,-0.6150987,0.1490487
3133,-0.62633544,0.15064943
3134,-0.87425995,0.37049946
3135,-0.8727216,0.438398
3136,-0.5885621,0.14035895
3137,-0.6379547,0.14508888
3138,-0.67079353,0.16590251
3139,-0.5362184,0.14762092
3140,-0.5809786,0.13024804
3141,-0.45321533,0.26907295
3142,-0.6734304,0.15517145
3143,-0.6164294,0.30272648
3144,-0.62232786,0.14883909
3145,-0.6162212,0.15755232
3146,-0.63144004,0.1489393
3147,-0.83205485,0.38988113
3148,-0.6900905,0.38675812
3149,-0.5943126,0.28734934
3150,-0.92627174,0.40408957
3151,-0.6840576,0.15526599
3152,-0.9951565,0.4377084
3153,-0.5011507,0.27276212
3154,-0.9641762,0.44159454
3155,-0.7054766,0.16358998
3156,-0.48866493,0.142044
3157,-0.66229135,0.14458083
3158,-0.75512713,0.33638263
3159,-0.59884423,0.13607639
3160,-0.6182171,0.14165518
3161,-0.66337484,0.1513889
3162,-0.68923086,0.17198162
3163,-0.47469938,0.12903555
3164,-0.6731474,0.31967428
3165,-0.508868,0.1333251
3166,-0.5747468,0.28419334
3167,-0.6609197,0.15684621
3168,-0.6717733,0.16631475
3169,-0.5542668,0.31558937
3170,-0.6051573,0.15198289
3171,-0.655463,0.16399178
3172,-0.61348504,0.13847221
3173,-0.62863,0.2591235
3174,-0.38197535,0.24615414
3175,-0.53254193,0.26380283
3176,-0.69723886,0.18272594
3177,-0.5717303,0.15246165
3178,-0.61064476,0.1379961
3179,-0.975531,0.41064635
3180,-0.6474027,0.14979842
3181,-0.84280676,0.35929942
3182,-0.62839067,0.16291554
3183,-0.44341695,0.29515308
3184,-0.64833397,0.16114356
3185,-0.5553235,0.13698708
3186,-0.6149567,0.14966643
3187,-0.6566709,0.15683353
3188,-0.71817493,0.37459704
3189,-0.8491981,0.34517494
3190,-0.66258603,0.1621916
3191,-1.1598481,0.46053708
3192,-0.6032078,0.17008813
3193,-1.0349882,0.41770032
3194,-0.7242183,0.16803142
3195,-0.5930982,0.15267247
3196,-0.77908576,0.18665302
3197,-0.61929053,0.13422056
3198,-0.5930953,0.1575853
3199,-0.74542755,0.30131587
3200,-0.5611906,0.18069746
3201,-0.90715945,0.4292981
3202,-0.68691325,0.16822228
3203,-0.67670405,0.1521785
3204,-0.68493503,0.15324649
3205,-0.51266927,0.14483872
3206,-0.5711651,0.14390598
3207,-0.4765439,0.11959642
3208,-0.65019965,0.14431158
3209,-0.5574714,0.3141933
3210,-0.6570425,0.16967705
3211,-0.6805733,0.16622338
3212,-0.58296824,0.1676424
3213,-0.59873545,0.14320949
3214,-0.98336434,0.40715325
3215,-0.6029984,0.27504653
3216,-0.62927604,0.14835022
3217,-0.49292076,0.12946495
3218,-0.6764678,0.16378391
3219,-0.6681681,0.17328165
3220,-0.6063855,0.3101238
3221,-0.5875835,0.3150988
3222,-0.62039953,0.15337156
3223,-0.913581,0.39265078
3224,-0.64917755,0.16351432
3225,-0.61036193,0.16162707
3226,-0.6451627,0.14255616
3227,-0.42627633,0.2787324
3228,-0.6130348,0.2867924
3229,-0.32493082,0.10531589
3230,-0.643899,0.15840346
3231,-0.90407073,0.37135822
3232,-0.6051516,0.14777221
3233,-0.63680357,0.16797487
3234,-0.6443084,0.150899
3235,-0.38213444,0.13262428
3236,-0.6166433,0.1375052
3237,-0.7279138,0.15935144
3238,-0.63535374,0.154784
3239,-1.2506809,0.5464567
3240,-0.6127782,0.13874799
3241,-1.0085251,0.43000084
3242,-0.9945716,0.39489532
3243,-0.40685976,0.23738794
3244,-0.6454289,0.15035701
3245,-0.5956419,0.1504642
3246,-0.94669837,0.3929125
3247,-0.6628057,0.15717156
3248,-0.54407066,0.12256934
3249,-0.6231059,0.14657988
3250,-0.65691125,0.15696561
3251,-0.6503447,0.15916647
3252,-0.71652603,0.27159527
3253,-0.61678,0.14884797
3254,-0.5511431,0.13536493
3255,-0.6428271,0.15315199
3256,-0.660293,0.16089675
3257,-0.5244822,0.28711307
3258,-0.5884406,0.13917494
3259,-0.62176955,0.13869376
3260,-0.9441063,0.42915407
3261,-0.95182556,0.3997684
3262,-0.6184498,0.14542274
3263,-0.55607885,0.18002981
3264,-0.6404084,0.1665324
3265,-0.5169602,0.13374326
3266,-0.6990472,0.32209474
3267,-0.5935849,0.15235606
3268,-0.63419145,0.15728602
3269,-0.49390605,0.15106161
3270,-0.664554,0.15547656
3271,-0.4278278,0.1802779
3272,-0.65047544,0.16130202
3273,-0.7592201,0.34934285
3274,-0.542438,0.31220296
3275,-0.6111598,0.15296395
3276,-0.5370626,0.14192955
3277,-0.51978064,0.13243231
3278,-0.77569824,0.38369584
3279,-0.73107016,0.19020203
3280,-0.56701636,0.14212885
3281,-0.594587,0.19899626
3282,-0.5491578,0.33755463
3283,-0.5441344,0.13183086
3284,-0.74420154,0.16815972
3285,-0.66231793,0.15993921
3286,-0.83640283,0.36524004
3287,-0.8679573,0.40084973
3288,-0.65705425,0.15013021
3289,-0.6286888,0.16006245
3290,-0.5327409,0.26584435
3291,-0.63992786,0.17053452
3292,-0.55663306,0.13580094
3293,-0.60291517,0.14709876
3294,-0.59448874,0.153774
3295,-0.87465453,0.35471252
3296,-0.44109392,0.3422175
3297,-1.0353377,0.40451208
3298,-0.7180703,0.16561852
3299,-0.50583,0.1353362
3300,-0.49141157,0.2890883
3301,-0.5239421,0.13772579
3302,-0.5282068,0.14217767
3303,-0.9176519,0.39684403
3304,-0.5817461,0.15029061
3305,-0.5203984,0.14480089
3306,-0.46968028,0.28456542
3307,-0.5816597,0.15734549
3308,-0.62239176,0.14932525
3309,-0.6423219,0.14664577
3310,-0.6331949,0.14919378
3311,-0.6462668,0.16153282
3312,-0.7016245,0.154722
3313,-0.8007672,0.35891375
3314,-0.6795935,0.16933362
3315,-0.6617979,0.30009502
3316,-0.5994597,0.16628788
3317,-0.6442321,0.15262774
3318,-0.7641006,0.4142988
3319,-0.422953,0.1071811
3320,-0.87420297,0.36517522
3321,-0.43824336,0.11543072
3322,-0.61086035,0.14832267
3323,-0.6053088,0.1469299
3324,-0.68533546,0.3710283
3325,-1.1800892,0.4630167
3326,-0.66776335,0.15180963
3327,-0.6620781,0.32951874
3328,-0.46362373,0.22336863
3329,-0.5725544,0.26958832
3330,-0.71042216,0.16838795
3331,-0.96980757,0.38799086
3332,-0.5182241,0.15502355
3333,-0.49338803,0.28795186
3334,-1.0749993,0.43370387
3335,-0.57611036,0.136582
3336,-0.74840647,0.16217293
3337,-0.8429436,0.3847725
3338,-0.67129767,0.15242846
3339,-0.6015595,0.16315585
3340,-0.98797095,0.40575573
3341,-0.64254016,0.29745424
3342,-0.6720578,0.16682276
3343,-0.46903604,0.12309176
3344,-0.6859116,0.38177806
3345,-1.0398434,0.44990298
3346,-0.65453553,0.1502742
3347,-0.6203362,0.14244127
3348,-0.5777089,0.15168452
3349,-0.77746546,0.3216366
3350,-0.61960864,0.14007443
3351,-0.889073,0.37167382
3352,-0.68040186,0.1704045
3353,-0.550476,0.39883417
3354,-0.40459967,0.11615085
3355,-0.6650934,0.14976527
3356,-0.5898471,0.14640346
3357,-0.52642274,0.29356384
3358,-0.500278,0.2835729
3359,-0.7080595,0.16287518
3360,-0.65955263,0.19277723
3361,-0.67294914,0.1834582
3362,-0.50713134,0.121589646
3363,-0.61694276,0.13971312
3364,-0.63127476,0.27853137
3365,-0.83335763,0.37238306
3366,-0.94644797,0.4106416
3367,-0.7729233,0.3308556
3368,-0.6245331,0.14183943
3369,-0.66402113,0.1456474
3370,-0.69517565,0.17444569
3371,-0.7008627,0.28407377
3372,-0.67166317,0.1557315
3373,-0.7279652,0.16001765
3374,-0.86131716,0.361214
3375,-0.513036,0.28958508
3376,-1.0555724,0.43393826
3377,-0.63129175,0.14852236
3378,-1.1422617,0.46195647
3379,-0.56163335,0.14339672
3380,-0.58246523,0.15886445
3381,-0.6879052,0.15915218
3382,-0.71588045,0.3092499
3383,-0.6414214,0.15469338
3384,-0.63175184,0.14978644
3385,-0.65969276,0.1594304
3386,-0.44022134,0.12961754
3387,-0.9442896,0.4081897
3388,-0.77846134,0.32893437
3389,-0.6414627,0.14511934
3390,-0.6568059,0.29120183
3391,-0.59838235,0.1528671
3392,-0.68372685,0.15776128
3393,-0.63989633,0.17997058
3394,-0.63391703,0.30107918
3395,-0.6322003,0.17531362
3396,-0.57409006,0.1442044
3397,-0.5925741,0.14579482
3398,-0.5587262,0.15958421
3399,-0.61452407,0.15556797
3400,-0.6422909,0.1579099
3401,-0.6164969,0.1615198
3402,-0.47097054,0.12556866
3403,-0.6188836,0.14174247
3404,-0.9470749,0.4401448
3405,-0.59159005,0.14403746
3406,-0.61256206,0.14377432
3407,-0.6109368,0.1810137
3408,-0.48405868,0.12660214
3409,-0.63684046,0.14414313
3410,-0.65618014,0.15257537
3411,-0.49581498,0.15023082
3412,-0.57830566,0.14768459
3413,-0.704042,0.1638395
3414,-0.6064612,0.2712998
3415,-0.55702555,0.293316
3416,-0.48766547,0.24569634
3417,-0.6461186,0.14708908
3418,-0.61441314,0.31150472
3419,-0.5995867,0.14612566
3420,-0.65364087,0.14413048
3421,-0.83206195,0.37944865
3422,-0.5670558,0.16351916
3423,-0.49565503,0.1184918
3424,-0.5933503,0.15448062
3425,-0.87920254,0.33016154
3426,-0.72447425,0.30674374
3427,-0.6990807,0.35670254
3428,-0.5924962,0.13681358
3429,-0.5527739,0.1296261
3430,-0.46668613,0.118210554
3431,-0.57553285,0.14972053
3432,-0.60912853,0.14008242
3433,-0.65514463,0.16225584
3434,-0.6457254,0.16506508
3435,-0.61989385,0.1462257
3436,-0.73556334,0.1707226
3437,-0.61350536,0.32979146
3438,-0.8716867,0.4157933
3439,-0.64860153,0.361011
3440,-0.62502605,0.14127731
3441,-0.7172248,0.23784485
3442,-0.64412886,0.3246435
3443,-0.641953,0.15156311
3444,-1.0538158,0.36865228
3445,-0.60094094,0.26613748
3446,-0.7999747,0.28677836
3447,-0.9124076,0.40227276
3448,-0.7387936,0.17211118
3449,-0.64649755,0.14241356
3450,-0.71892595,0.32877037
3451,-0.47062775,0.1561222
3452,-0.8497714,0.35048455
3453,-0.55721235,0.14857689
3454,-0.5846099,0.29606718
3455,-0.53349507,0.14287338
3456,-0.70827574,0.16266777
3457,-0.9496617,0.42093527
3458,-0.85222673,0.38472843
3459,-0.63882136,0.1479568
3460,-0.7294431,0.34989074
3461,-0.6253411,0.14611845
3462,-0.6302519,0.1583536
3463,-0.6453718,0.1622282
3464,-0.70580107,0.2548953
3465,-0.8894779,0.32312953
3466,-0.9732282,0.4110032
3467,-0.57182676,0.14163212
3468,-0.29957688,0.08901279
3469,-0.8007266,0.3478489
3470,-0.3591672,0.10596724
3471,-0.38722625,0.2624317
3472,-0.6697098,0.15167765
3473,-0.7581616,0.28689042
3474,-0.665451,0.15400197
3475,-0.62179947,0.15232556
3476,-0.5900262,0.13939716
3477,-0.64351517,0.17004807
3478,-0.8179712,0.39790487
3479,-0.7031475,0.1723308
3480,-0.6093773,0.14600348
3481,-0.88590443,0.33814588
3482,-0.49958175,0.20395118
3483,-0.68179196,0.16981801
3484,-0.5783915,0.14174098
3485,-0.6094588,0.35883856
3486,-0.9690356,0.34507492
3487,-0.66198796,0.3437018
3488,-0.6493002,0.15222466
3489,-0.609902,0.14388269
3490,-0.47811538,0.30567098
3491,-0.6299057,0.15108049
3492,-1.1089182,0.45954138
3493,-0.9734642,0.42113847
3494,-0.7410697,0.17239043
3495,-0.60205764,0.13807335
3496,-0.77594626,0.1913585
3497,-0.6746588,0.16869377
3498,-0.63778174,0.1458716
3499,-0.65016526,0.15683179
3500,-0.6384701,0.1476996
3501,-0.73802,0.18783197
3502,-0.68903947,0.35346133
3503,-0.6011825,0.14090799
3504,-0.8103113,0.34977683
3505,-0.9361169,0.38294235
3506,-0.5911508,0.14504166
3507,-0.44453207,0.122463316
3508,-1.1804657,0.46467412
3509,-0.69635123,0.1675509
3510,-0.5361389,0.13085589
3511,-0.50315064,0.116894156
3512,-0.52194744,0.12696573
3513,-0.6896384,0.17497623
3514,-0.58979034,0.14102593
3515,-0.63640666,0.13796383
3516,-0.6906518,0.33188024
3517,-0.6022691,0.15022825
3518,-0.7100107,0.18065692
3519,-0.9791859,0.40844688
3520,-0.62453014,0.14700733
3521,-0.9498001,0.40211418
3522,-0.61931366,0.14439103
3523,-0.514943,0.14858401
3524,-0.6403814,0.16249026
3525,-0.49318644,0.12303189
3526,-0.6381141,0.14630675
3527,-0.9873645,0.4373459
3528,-0.6361392,0.15159564
3529,-0.58363754,0.14041762
3530,-0.8297128,0.38424757
3531,-0.5878892,0.1367881
3532,-0.6721771,0.15592897
3533,-0.72918534,0.33333966
3534,-0.67693216,0.16176759
3535,-0.5332752,0.2998292
3536,-0.79244757,0.37021264
3537,-0.8177032,0.36215326
3538,-0.631712,0.1418464
3539,-0.63253087,0.15303421
3540,-0.5713452,0.1439276
3541,-0.6087703,0.13695285
3542,-0.5160152,0.13348252
3543,-0.68409014,0.16246788
3544,-0.71032774,0.17811058
3545,-0.66155183,0.16074634
3546,-0.64620125,0.16470619
3547,-0.58218336,0.1829482
3548,-0.5015154,0.23637517
3549,-0.6403744,0.16543384
3550,-0.62989146,0.13896494
3551,-0.5978466,0.15056528
3552,-0.79038435,0.3055585
3553,-0.507507,0.12985745
3554,-0.48507836,0.12504704
3555,-0.65709794,0.14878568
3556,-0.88093925,0.4092503
3557,-0.5167963,0.13484813
3558,-0.6503389,0.14713962
3559,-0.6228111,0.15802316
3560,-0.64560807,0.15234402
3561,-0.6530899,0.15388776
3562,-0.9304203,0.40052074
3563,-0.6758746,0.15982385
3564,-0.65226066,0.15128368
3565,-0.4567501,0.2877068
3566,-0.6097428,0.14068119
3567,-0.66161096,0.16696946
3568,-0.6744347,0.1772446
3569,-0.46874118,0.28896907
3570,-0.88407534,0.3871665
3571,-0.62018543,0.16428006
3572,-0.8407225,0.29325676
3573,-0.6672419,0.1560856
3574,-0.90298826,0.4188159
3575,-0.7623537,0.37561277
3576,-0.67061335,0.16873507
3577,-0.54205364,0.15285394
3578,-0.6018814,0.15505542
3579,-0.5212931,0.1514538
3580,-0.7191886,0.17810427
3581,-0.5611309,0.32465994
3582,-0.7559248,0.35824978
3583,-0.50532633,0.12731569
3584,-0.45703775,0.27465808
3585,-0.53505427,0.28466752
3586,-0.6099089,0.1361133
3587,-0.62563944,0.150266
3588,-0.6122588,0.14657195
3589,-0.55556047,0.12750967
3590,-0.78504276,0.3397424
3591,-0.64409393,0.14488882
3592,-0.61192715,0.24197222
3593,-0.68977237,0.18294759
3594,-0.72988164,0.32210916
3595,-0.7197329,0.35894132
3596,-0.5618268,0.13571472
3597,-0.6955781,0.14921217
3598,-0.6168267,0.13953197
3599,-0.62782645,0.14452773
3600,-0.5890699,0.13216795
3601,-0.6015952,0.32932892
3602,-0.4396873,0.21766366
3603,-0.8964002,0.41190848
3604,-0.6092627,0.15388642
3605,-0.6644389,0.1466717
3606,-0.90360886,0.38315353
3607,-0.35853228,0.1376735
3608,-0.65039897,0.15294816
3609,-0.6488606,0.15578346
3610,-0.7406385,0.1657632
3611,-0.6437503,0.1394462
3612,-0.79251164,0.4076384
3613,-0.6013816,0.20629306
3614,-0.735454,0.348965
3615,-0.4773614,0.13355775
3616,-0.66803455,0.14620051
3617,-0.4639544,0.14310232
3618,-0.09842636,0.16896749
3619,-0.6745965,0.15565021
3620,-0.77406377,0.4364138
3621,-0.96762085,0.4284624
3622,-0.63120675,0.16273768
3623,-0.64815223,0.14237045
3624,-0.7418385,0.16782218
3625,-0.80900425,0.3374765
3626,-1.0002527,0.46723545
3627,-0.6441168,0.14327925
3628,-0.3079761,0.1890699
3629,-0.60748863,0.1623297
3630,-0.84141093,0.3240857
3631,-0.4401987,0.26648808
3632,-0.6316933,0.35689592
3633,-0.5568215,0.13321725
3634,-0.79185253,0.28443426
3635,-0.5484889,0.13268779
3636,-0.7146497,0.17732449
3637,-0.5595788,0.14735852
3638,-0.53996617,0.1575016
3639,-0.62974304,0.2224918
3640,-0.62664944,0.15492514
3641,-0.68707395,0.14739464
3642,-0.54976934,0.32471782
3643,-0.59578466,0.15011586
3644,-1.0549115,0.4412072
3645,-0.7594272,0.17406224
3646,-0.5090492,0.12861067
3647,-0.5897561,0.1456205
3648,-0.9987157,0.39270055
3649,-0.6297618,0.1579733
3650,-0.5967973,0.14781319
3651,-0.6602944,0.154634
3652,-0.66461474,0.15486686
3653,-0.5001287,0.13605417
3654,-0.8652333,0.449293
3655,-0.53813916,0.13008624
3656,-0.61033654,0.17536658
3657,-0.3591855,0.23375402
3658,-0.2844448,0.08235449
3659,-0.4899228,0.12991132
3660,-0.607185,0.15077421
3661,-0.842909,0.35280296
3662,-0.9405236,0.40250626
3663,-0.88511753,0.36841944
3664,-0.8755953,0.36538297
3665,-1.0560647,0.43499544
3666,-0.5079668,0.17639206
3667,-0.6158504,0.15365669
3668,-0.640296,0.14736722
3669,-0.82733595,0.3872799
3670,-0.6245768,0.14349413
3671,-0.5705661,0.1389348
3672,-0.5773537,0.1374132
3673,-0.5810239,0.14842121
3674,-0.66597944,0.17052053
3675,-0.54763323,0.20580609
3676,-0.65833837,0.14360309
3677,-0.5670365,0.14050539
3678,-0.59089404,0.13876364
3679,-0.4529087,0.11022206
3680,-0.796616,0.3145122
3681,-0.56026316,0.14232141
3682,-0.5979824,0.15703072
3683,-0.6656645,0.15234375
3684,-0.92457706,0.36215958
3685,-0.8196081,0.40339583
3686,-0.69015795,0.14932841
3687,-0.52698386,0.16255668
3688,-0.40346298,0.26983657
3689,-0.589526,0.14883198
3690,-0.6258365,0.16113633
3691,-0.679823,0.15817764
3692,-0.3865132,0.2732759
3693,-0.7195588,0.17465933
3694,-0.9234393,0.3352393
3695,-0.48254642,0.28021953
3696,-0.67136055,0.16703717
3697,-0.4821079,0.11883863
3698,-0.6254399,0.14084291
3699,-0.9612383,0.40691477
3700,-0.6362531,0.16829494
3701,-0.68093467,0.15939759
3702,-0.5963169,0.18370125
3703,-0.9907934,0.37835166
3704,-0.638903,0.15734223
3705,-0.5817636,0.14996813
3706,-0.4435193,0.26605564
3707,-0.66907126,0.14848804
3708,-0.9204547,0.37911046
3709,-0.5131365,0.118101686
3710,-0.6819403,0.15316086
3711,-0.63330215,0.3266355
3712,-0.5198826,0.16256477
3713,-0.6979387,0.3968706
3714,-0.59481573,0.1552444
3715,-0.5742055,0.14586098
3716,-0.57193995,0.14860035
3717,-0.6055062,0.30965576
3718,-0.6888888,0.15516172
3719,-0.6747354,0.15928128
3720,-0.77092797,0.3593848
3721,-0.93131196,0.43989545
3722,-0.7861905,0.3548212
3723,-0.7178073,0.1582719
3724,-0.6287991,0.17556043
3725,-0.6551309,0.14932522
3726,-0.65306497,0.16631624
3727,-0.5933055,0.14602636
3728,-0.53044784,0.13209777
3729,-0.72949374,0.2597589
3730,-0.5649489,0.1435019
3731,-0.65716654,0.16148698
3732,-0.6496787,0.17947116
3733,-0.70024544,0.16266535
3734,-0.56005174,0.28226164
3735,-0.5053568,0.16054076
3736,-0.6659965,0.1423212
3737,-0.5247457,0.1332762
3738,-0.6943625,0.30164918
3739,-0.44430766,0.110653065
3740,-0.44768816,0.17172195
3741,-0.41342872,0.1627507
3742,-1.0095912,0.4347772
3743,-0.5793767,0.14541803
3744,-0.6575541,0.17202452
3745,-0.6776267,0.14955719
3746,-0.6228141,0.2650933
3747,-0.6057466,0.15188375
3748,-0.5232783,0.14382577
3749,-0.5299755,0.14217246
3750,-0.66446644,0.26165566
3751,-0.6231131,0.15330514
3752,-0.6050366,0.27356538
3753,-0.73053724,0.30558386
3754,-0.7698915,0.3441869
3755,-0.65637946,0.15574631
3756,-0.52099407,0.25978222
3757,-0.7042332,0.1699151
3758,-0.6599578,0.15200338
3759,-0.6391735,0.15451379
3760,-0.68073124,0.15649502
3761,-0.4431013,0.1049252
3762,-0.5972167,0.13934626
3763,-0.7259385,0.34876066
3764,-0.6587355,0.15220404
3765,-0.4850584,0.12771127
3766,-0.471152,0.2667527
3767,-0.6691827,0.2696048
3768,-0.49242723,0.1252191
3769,-0.6428561,0.14729676
3770,-0.6955356,0.37906122
3771,-0.5313286,0.29406765
3772,-1.0717223,0.4615481
3773,-0.65164375,0.15745209
3774,-0.6627515,0.19021347
3775,-0.6153203,0.15168042
3776,-0.59439653,0.15304962
3777,-0.670087,0.1565353
3778,-0.5772236,0.14208576
3779,-0.7959374,0.34522876
3780,-0.59760976,0.14107779
3781,-0.55435514,0.14215612
3782,-0.6551708,0.15127508
3783,-0.7255306,0.16640161
3784,-0.6609658,0.16389392
3785,-0.6059823,0.33564326
3786,-0.61936384,0.15899877
3787,-0.8607861,0.42846203
3788,-0.5763378,0.14685877
3789,-0.69334537,0.15572363
3790,-0.6444667,0.1640334
3791,-0.9705562,0.34410203
3792,-0.5681346,0.15689692
3793,-0.58426815,0.18215828
3794,-0.6225652,0.28738838
3795,-1.0553478,0.41632482
3796,-0.66412556,0.15918964
3797,-0.625346,0.30382034
3798,-0.76440674,0.19158031
3799,-0.5170774,0.26816973
3800,-0.8809438,0.36770037
3801,-0.65259546,0.16254187
3802,-0.5062349,0.29913116
3803,-0.6039396,0.18200432
3804,-0.67642903,0.35900274
3805,-0.571983,0.14542475
3806,-0.5928711,0.14749525
3807,-0.7831632,0.32876518
3808,-0.471313,0.11560823
3809,-0.61520845,0.15185568
3810,-0.6310526,0.14552194
3811,-0.6720248,0.16995598
3812,-0.6490535,0.14963521
3813,-0.62190735,0.14923868
3814,-0.67738813,0.16785821
3815,-0.61947334,0.1562786
3816,-0.5460028,0.125187
3817,-0.4759992,0.27740777
3818,-0.8094284,0.30030504
3819,-0.55752,0.15046787
3820,-0.6871059,0.16621424
3821,-0.52408016,0.12545906
3822,-0.9715559,0.42751056
3823,-0.5597431,0.14968409
3824,-0.73155296,0.33503166
3825,-0.72001755,0.14840183
3826,-0.6644197,0.16222896
3827,-0.59226453,0.13732912
3828,-0.8649806,0.32528895
3829,-0.8416251,0.29321203
3830,-0.6031165,0.26508304
3831,-0.72767454,0.17244866
3832,-0.7345308,0.16217695
3833,-0.65689266,0.14291313
3834,-0.64904976,0.15219226
3835,-0.997677,0.4055349
3836,-0.5971767,0.15604223
3837,-0.5400571,0.13568355
3838,-0.6733134,0.14799137
3839,-0.61534035,0.14765407
3840,-0.6784067,0.16039282
3841,-0.68843687,0.16362801
3842,-0.62292707,0.3154263
3843,-0.74220663,0.35836992
3844,-0.6194818,0.15703396
3845,-0.5899854,0.14033028
3846,-1.0646458,0.4491669
3847,-0.69867545,0.15702865
3848,-0.5901357,0.14820471
3849,-0.39242917,0.14756098
3850,-0.6692622,0.15879712
3851,-0.6719102,0.16255581
3852,-1.0012903,0.41998884
3853,-0.5749055,0.15630838
3854,-0.906995,0.39190271
3855,-0.7486695,0.34102052
3856,-0.40242264,0.25273475
3857,-0.63847256,0.34855416
3858,-0.6024441,0.20594718
3859,-0.4065341,0.2690625
3860,-0.85690355,0.3863509
3861,-0.30310142,0.11371091
3862,-0.8049921,0.34615403
3863,-0.9520757,0.386592
3864,-0.6559647,0.1578682
3865,-0.6771562,0.16593015
3866,-0.6174057,0.15283486
3867,-0.5890583,0.14993998
3868,-0.3901334,0.2582157
3869,-0.63125485,0.31372133
3870,-0.57442856,0.13789664
3871,-0.68730134,0.16526572
3872,-0.6282341,0.14384441
3873,-0.7386222,0.39310127
3874,-0.69013137,0.17742579
3875,-0.6504128,0.14660293
3876,-0.7439932,0.1669191
3877,-0.6264463,0.14322248
3878,-0.7456064,0.2909507
3879,-0.77871025,0.28221288
3880,-0.7101174,0.18554944
3881,-0.61829907,0.14181028
3882,-0.6425011,0.16298991
3883,-0.6869677,0.17541057
3884,-0.43513757,0.26203018
3885,-0.6493475,0.13814935
3886,-0.899435,0.33806178
3887,-0.539705,0.13556549
3888,-0.5386817,0.2920221
3889,-0.21277614,0.1399986
3890,-0.6896173,0.15047912
3891,-0.5921331,0.16372305
3892,-0.60139096,0.142001
3893,-0.63308513,0.15312909
3894,-0.56597877,0.16576579
3895,-0.6599808,0.27520216
3896,-0.9616971,0.411426
3897,-0.6356385,0.16281146
3898,-0.74704826,0.2885925
3899,-0.6586232,0.15107827
3900,-0.53200954,0.15766361
3901,-0.5885838,0.15446928
3902,-0.5367199,0.25976112
3903,-0.5925979,0.13381423
3904,-0.64484143,0.1461408
3905,-0.49306354,0.12936608
3906,-0.5875898,0.16890723
3907,-0.80314136,0.40362436
3908,-0.6630339,0.31857303
3909,-0.6518435,0.14084862
3910,-0.53692466,0.314917
3911,-0.62532955,0.15999223
3912,-0.65325946,0.15277767
3913,-1.0350847,0.39427182
3914,-0.55196464,0.18619178
3915,-0.59980226,0.13237244
3916,-0.5837696,0.13890378
3917,-0.9174786,0.34346172
3918,-0.5802236,0.1414927
3919,-0.6276452,0.14959687
3920,-0.5104841,0.1679448
3921,-0.6353526,0.2918568
3922,-0.5076741,0.13549623
3923,-0.68318087,0.1547791
3924,-0.6836148,0.1554205
3925,-0.44677454,0.18801354
3926,-0.6513626,0.15893051
3927,-0.5671338,0.14540623
3928,-0.71400607,0.28834915
3929,-0.6093862,0.13995492
3930,-0.7264188,0.34694487
3931,-0.5547661,0.13074784
3932,-0.68258625,0.15026899
3933,-0.5247754,0.14239112
3934,-0.5549016,0.22823034
3935,-0.5730882,0.13998272
3936,-0.7571066,0.30741146
3937,-0.602363,0.14835863
3938,-0.4459718,0.2892245
3939,-0.70982814,0.17177409
3940,-0.6142348,0.1548439
3941,-0.6952921,0.16848898
3942,-0.6462572,0.14877945
3943,-0.9980076,0.42978296
3944,-0.61124045,0.16392423
3945,-0.7033284,0.30615756
3946,-0.66894484,0.16383101
3947,-0.876804,0.35641772
3948,-0.5585997,0.13253883
3949,-1.0709541,0.43532693
3950,-0.5648896,0.13992566
3951,-0.5735012,0.3338514
3952,-0.33643577,0.12904765
3953,-0.58587533,0.15710074
3954,-0.8239916,0.29551154
3955,-0.84870166,0.3459104
3956,-0.42129943,0.23919827
3957,-0.5274308,0.14673017
3958,-0.7845195,0.36608195
3959,-0.49709836,0.116109826
3960,-0.9608615,0.39798763
3961,-1.0331223,0.3717863
3962,-0.58482695,0.16320895
3963,-0.65598226,0.3388497
3964,-0.73120195,0.38886452
3965,-0.806385,0.35572806
3966,-0.92727035,0.39419523
3967,-0.5820051,0.14663611
3968,-0.83292925,0.3288177
3969,-0.77109355,0.33879268
3970,-0.578708,0.14569376
3971,-0.6292571,0.16016823
3972,-0.7034855,0.15207115
3973,-0.6392825,0.15562803
3974,-0.64810646,0.15024456
3975,-0.7450088,0.27120358
3976,-0.635103,0.15931511
3977,-0.5063696,0.2801604
3978,-0.5245853,0.14895509
3979,-0.626651,0.15070991
3980,-1.2019646,0.5003743
3981,-0.67884207,0.14685726
3982,-0.5106642,0.25647086
3983,-0.605595,0.1696053
3984,-1.1124206,0.43957022
3985,-0.68189585,0.16289973
3986,-0.6550909,0.15355305
3987,-0.6024328,0.18817045
3988,-0.76733387,0.35186845
3989,-0.70583403,0.14885728
3990,-0.674965,0.15991814
3991,-0.9200515,0.34383196
3992,-0.6629724,0.15435909
3993,-0.48434398,0.14282715
3994,-0.9516481,0.35297346
3995,-0.6612733,0.16006272
3996,-0.6674162,0.14262085
3997,-0.56577957,0.16076216
3998,-0.99681926,0.44919878
3999,-0.43501878,0.27701268
4000,-0.6390563,0.15943646
4001,-0.43089223,0.10694753
4002,-0.76094306,0.16906907
4003,-0.76270396,0.32323158
4004,-0.606735,0.1533211
4005,-0.40978518,0.13271414
4006,-0.58650273,0.13026084
4007,-0.6458395,0.150534
4008,-0.6213042,0.22990768
4009,-0.4544859,0.12783173
4010,-0.59725714,0.14750017
4011,-1.3239259,0.5210003
4012,-0.62482977,0.14382121
4013,-1.0879384,0.46598667
4014,-0.67886287,0.26061273
4015,-0.6974559,0.1606755
4016,-0.6206927,0.16132802
4017,-0.70678216,0.15077695
4018,-0.6012266,0.14612885
4019,-0.4876606,0.12596281
4020,-0.6536429,0.24777311
4021,-0.55563974,0.3317407
4022,-0.64720714,0.14609997
4023,-0.56290185,0.14143129
4024,-0.6580742,0.15280022
4025,-0.917132,0.35172266
4026,-0.7170844,0.37183392
4027,-0.44370094,0.3405213
4028,-0.7351954,0.16412146
4029,-0.3618783,0.1325142
4030,-0.70226645,0.18602405
4031,-0.69766176,0.15943943
4032,-0.79225624,0.36632797
4033,-0.7111697,0.16417551
4034,-0.8068267,0.34631065
4035,-0.58977175,0.29739976
4036,-0.61518544,0.1375803
4037,-0.41651446,0.25386086
4038,-0.9212037,0.36520085
4039,-0.64871126,0.14800765
4040,-0.6130323,0.15006678
4041,-0.66545284,0.15565735
4042,-0.6379591,0.16529366
4043,-0.68192273,0.15202126
4044,-0.69105095,0.15213324
4045,-0.63975084,0.16379096
4046,-0.72707283,0.16112214
4047,-0.34072444,0.12425142
4048,-0.5605251,0.15998277
4049,-0.65453595,0.3248233
4050,-0.9610138,0.40276843
4051,-0.8919779,0.36733556
4052,-0.5869512,0.1435068
4053,-0.9755118,0.37021676
4054,-0.61063606,0.15261799
4055,-0.571765,0.14679456
4056,-0.62011856,0.14755556
4057,-0.6748424,0.15621467
4058,-0.65382963,0.15808839
4059,-0.6226272,0.14664134
4060,-0.66201025,0.15974134
4061,-0.527923,0.14433885
4062,-0.653045,0.33245078
4063,-0.6120346,0.14081666
4064,-0.6565923,0.1518388
4065,-0.9446276,0.38077378
4066,-0.6988447,0.1641192
4067,-0.54734427,0.13261901
4068,-0.5142521,0.110706344
4069,-0.613032,0.32413238
4070,-0.7034827,0.16769983
4071,-0.7410454,0.36014074
4072,-0.5572634,0.13294996
4073,-0.7923438,0.41785392
4074,-0.6940689,0.16232206
4075,-0.7257872,0.36616448
4076,-0.6242773,0.1332678
4077,-0.49947146,0.29412213
4078,-0.49392065,0.1706295
4079,-0.54695404,0.16322426
4080,-0.6104636,0.15223812
4081,-0.5222863,0.14879982
4082,-0.7389211,0.30924535
4083,-1.0921395,0.46533796
4084,-1.140733,0.53051627
4085,0.024538489,0.09288435
4086,-0.3688055,0.2226646
4087,-0.6481987,0.1488502
4088,-0.7064744,0.16911688
4089,-0.71591073,0.1746744
4090,-0.65771174,0.2684255
4091,-0.64051396,0.38583314
4092,-0.63853866,0.15033622
4093,-0.91060454,0.4352542
4094,-0.7095476,0.16037887
4095,-0.9305805,0.39611667
4096,-0.6370969,0.16836084
4097,-0.7601797,0.3688813
4098,-0.52356476,0.11932791
4099,-0.6469289,0.17004973
4100,-0.7681938,0.37825376
4101,-0.6828275,0.36430407
4102,-0.9589732,0.4571544
4103,-0.6138444,0.2997478
4104,-0.4865449,0.11748144
4105,-0.5981717,0.15615788
4106,-0.5883918,0.12228813
4107,-0.62045676,0.13740626
4108,-1.1470438,0.4659673
4109,-0.563148,0.3400326
4110,-0.7651042,0.1796509
4111,-0.6776999,0.1685464
4112,-0.6903094,0.3792269
4113,-0.61823416,0.14678599
4114,-0.5951004,0.15591207
4115,-0.6623784,0.29164293
4116,-0.657816,0.14828993
4117,-0.7499515,0.1592783
4118,-0.6462928,0.14995593
4119,-0.719762,0.3609359
4120,-0.6305974,0.1418241
4121,-0.6558156,0.30456638
4122,-0.73243046,0.29113907
4123,-0.79659337,0.31214297
4124,-0.6771096,0.16688511
4125,-0.4419996,0.27322647
4126,-1.0390483,0.41542777
4127,-1.0773163,0.49767044
4128,-0.66597503,0.154926
4129,-0.7598923,0.17365372
4130,-0.30278677,0.25083187
4131,-0.73468274,0.16798957
4132,-0.40468433,0.11696618
4133,-0.961428,0.34490505
4134,-0.6618712,0.3149439
4135,-0.5980162,0.14200023
4136,-0.64326185,0.14279379
4137,-0.960051,0.4107249
4138,-0.6223681,0.15346973
4139,-0.6507203,0.1722164
4140,-0.5520979,0.13706173
4141,-0.5598404,0.28931397
4142,-0.63038516,0.15723756
4143,-0.4992196,0.2778699
4144,-0.5121885,0.12894994
4145,-0.7727651,0.3501235
4146,-0.32694876,0.2494154
4147,-0.652228,0.24297027
4148,-0.84835637,0.40774122
4149,-0.6258759,0.14809063
4150,-0.691984,0.14444718
4151,-0.65495074,0.16752532
4152,-1.0168898,0.44912246
4153,-0.6730936,0.32504067
4154,-0.67068183,0.15193987
4155,-0.57262933,0.14490546
4156,-0.9236138,0.43723226
4157,-0.6451726,0.14336787
4158,-0.9143438,0.40046707
4159,-0.88603276,0.36705858
4160,-0.6290474,0.159587
4161,-0.6306777,0.15075654
4162,-0.69223064,0.16373529
4163,-1.0247078,0.4236074
4164,-0.8670283,0.3367718
4165,-0.59192336,0.13462259
4166,-0.7947936,0.30665243
4167,-0.7375491,0.16994964
4168,-0.6126261,0.1902008
4169,-0.691645,0.17113346
4170,-0.63537866,0.31188264
4171,-0.6096413,0.13470833
4172,-0.52385354,0.13632587
4173,-0.5950132,0.14204998
4174,-0.6365727,0.14385383
4175,-0.6754699,0.15889828
4176,-0.61134535,0.14966403
4177,-0.5760944,0.17057888
4178,-0.96893233,0.4129555
4179,-0.6475846,0.15689905
4180,-0.5598703,0.31897128
4181,-0.65726906,0.15154998
4182,-0.94432753,0.44056833
4183,-0.9964629,0.38634178
4184,-0.62199694,0.14589049
4185,-0.5843245,0.14322454
4186,-0.45134175,0.2686005
4187,-0.68972355,0.31788167
4188,-0.74766773,0.35244763
4189,-0.5299343,0.124957375
4190,-0.62232,0.15584671
4191,-0.869478,0.38070136
4192,-0.66358244,0.32133037
4193,-0.63489246,0.16943896
4194,-0.6502301,0.14778715
4195,-0.6093862,0.18055463
4196,-0.91742206,0.38611305
4197,-0.72687197,0.15912378
4198,-0.3125675,0.10595808
4199,-0.6394517,0.13774788
4200,-0.54952246,0.14419341
4201,-0.54373085,0.2902092
4202,-0.42199704,0.09952157
4203,-0.5436226,0.14138845
4204,-0.62995803,0.1490542
4205,-0.69831103,0.18956868
4206,-0.68874645,0.15615433
4207,-0.6114135,0.32576022
4208,-0.6410917,0.14882067
4209,-0.67366713,0.16325109
4210,-0.570734,0.1352638
4211,-0.76815987,0.19045818
4212,-0.62880516,0.18422444
4213,-0.5839306,0.14761072
4214,-0.6027546,0.1578426
4215,-0.5881265,0.34715194
4216,-0.9458517,0.4166079
4217,-0.88686603,0.3876044
4218,-0.6733943,0.15944898
4219,-0.64783454,0.16929802
4220,-0.9372208,0.3818984
4221,-0.5439476,0.13831389
4222,-0.67035735,0.14847295
4223,-0.64410377,0.16255893
4224,-0.6790419,0.14927006
4225,-0.6465717,0.16645677
4226,-0.46880868,0.1232198
4227,-0.6861694,0.33260193
4228,-0.88207084,0.33753
4229,-0.6788383,0.36398816
4230,-0.38781586,0.26750332
4231,-0.68630534,0.30995417
4232,-0.55445474,0.32844263
4233,-0.7880458,0.35180607
4234,-0.6263171,0.15848613
4235,-0.6605063,0.15693326
4236,-0.6478136,0.16765071
4237,-0.4847246,0.30142143
4238,-0.6179092,0.15748449
4239,-0.6760891,0.17075568
4240,-0.92599106,0.38335136
4241,-1.0114256,0.4232616
4242,-0.64298785,0.14575005
4243,-0.6553659,0.15664004
4244,-0.37038687,0.12866157
4245,-0.6305096,0.16432275
4246,-0.8666463,0.36569408
4247,-0.62354124,0.16992818
4248,-0.68077236,0.15701938
4249,-0.5924035,0.1576983
4250,-0.5894459,0.13943742
4251,-0.3962473,0.15959585
4252,-0.6256237,0.16914143
4253,-1.0205395,0.4262356
4254,-0.60642767,0.15209818
4255,-0.6396348,0.15163447
4256,-0.7624334,0.27142528
4257,-0.59544826,0.15902093
4258,-0.64055777,0.1436595
4259,-0.60319346,0.15952264
4260,-0.7937575,0.34116897
4261,-0.60874104,0.15138678
4262,-0.29826343,0.09487408
4263,-0.81426287,0.33281618
4264,-0.5296135,0.14719145
4265,-0.73355377,0.1899345
4266,-0.6573818,0.15887289
4267,-0.4613358,0.15189163
4268,-0.5991912,0.13205722
4269,-0.65832216,0.15409389
4270,-0.6013461,0.1356014
4271,-0.6292578,0.14203748
4272,-0.79817665,0.32876265
4273,-0.5019673,0.2834951
4274,-0.6454671,0.15867
4275,-0.62989783,0.1549589
4276,-0.6346457,0.16947101
4277,-0.56998974,0.16653758
4278,-1.1108164,0.46282536
4279,-0.5060988,0.28121257
4280,-0.5164154,0.13899213
4281,-0.34043327,0.11511767
4282,-0.5422178,0.12826611
4283,-0.82152337,0.4076236
4284,-1.2086512,0.4485953
4285,-0.55405325,0.15115087
4286,-0.75790936,0.3692678
4287,-0.6611006,0.15813145
4288,-0.6392938,0.13981393
4289,-0.9204107,0.36105195
4290,-0.55698097,0.1277589
4291,-0.7602831,0.3436871
4292,-0.5510285,0.13342553
4293,-0.66260755,0.16778955
4294,-0.57023376,0.26170364
4295,-0.62609065,0.1473808
4296,-0.5560649,0.14758801
4297,-0.6046729,0.13323252
4298,-0.8914313,0.4173084
4299,-0.8444042,0.37952358
4300,-0.7895199,0.37701517
4301,-0.63660616,0.15501803
4302,-1.0308664,0.4374991
4303,-0.56614095,0.1455204
4304,-0.729703,0.16427854
4305,-0.63848025,0.24032171
4306,-0.4086434,0.25907078
4307,-0.6121463,0.15548213
4308,-0.8198335,0.3607216
4309,-0.6394643,0.14785637
4310,-0.30850524,0.25200146
4311,-0.6554056,0.17135529
4312,-0.70825255,0.16177967
4313,-0.4976804,0.13578707
4314,-0.57833165,0.13082959
4315,-0.6621687,0.16662236
4316,-0.6636468,0.14707506
4317,-0.51570815,0.13378084
4318,-0.7602508,0.29384962
4319,-0.57097995,0.13638973
4320,-0.69258696,0.29014048
4321,-0.61480486,0.28622228
4322,-0.6402598,0.14146076
4323,-0.7387041,0.34825
4324,-0.35444716,0.23860452
4325,-0.8566435,0.37499222
4326,-0.6106135,0.1420497
4327,-0.67661375,0.17461087
4328,-0.63884836,0.1568017
4329,-0.50090784,0.122752465
4330,-0.60204786,0.14076446
4331,-0.6217332,0.15084599
4332,-0.46655568,0.1953514
4333,-0.62414926,0.1502384
4334,-0.61280346,0.16829194
4335,-0.6602891,0.15599655
4336,-0.66642535,0.16514668
4337,-0.44801012,0.14537966
4338,-0.6354794,0.14658436
4339,-0.40534207,0.16908194
4340,-0.5802667,0.15018833
4341,-0.9781009,0.44387314
4342,-0.67241484,0.1531689
4343,-0.9862515,0.41059297
4344,-0.757549,0.33562616
4345,-0.681096,0.16826813
4346,-0.6650983,0.16148958
4347,-0.6139597,0.15529627
4348,-0.47058704,0.13047944
4349,-0.5591229,0.1452905
4350,-0.6835879,0.16413416
4351,-0.6218046,0.15911743
4352,-0.6214976,0.15368831
4353,-1.0093349,0.4329336
4354,-0.69591695,0.2807188
4355,-0.89128697,0.35471174
4356,-0.45451838,0.16002129
4357,-0.36119056,0.23074442
4358,-0.56439936,0.13473342
4359,-0.60588765,0.13553873
4360,-0.5479786,0.15583347
4361,-0.8002162,0.29811594
4362,-0.6879517,0.15556315
4363,-0.65407735,0.15480696
4364,-0.61760026,0.14046717
4365,-0.48479587,0.114307195
4366,-0.51509446,0.13635325
4367,-0.7548618,0.401021
4368,-1.0708293,0.47769868
4369,-0.57822144,0.13442175
4370,-0.6495478,0.26578143
4371,-1.0363126,0.39639044
4372,-0.60132146,0.14042017
4373,-0.5572561,0.13300307
4374,-0.6022744,0.3122064
4375,-0.6730531,0.15722336
4376,-0.6896688,0.26231292
4377,-0.87967163,0.4066729
4378,-0.67894685,0.15880245
4379,-0.68185127,0.16769859
4380,-0.6466548,0.17062978
4381,-0.63543797,0.17128149
4382,-0.6446472,0.15432067
4383,-0.7770809,0.29631934
4384,-0.8152201,0.39874077
4385,-0.77821445,0.37434688
4386,-0.8949882,0.43295705
4387,-0.59810776,0.15898632
4388,-0.6138613,0.14660397
4389,-1.0324825,0.48142326
4390,-0.65138173,0.15415545
4391,-0.6297344,0.17377473
4392,-0.44568834,0.14487693
4393,-0.7210656,0.2554534
4394,-0.7126344,0.36314914
4395,-0.64218104,0.15457492
4396,-0.55481005,0.13528469
4397,-0.37649596,0.12037032
4398,-0.67477036,0.16479738
4399,-0.67031825,0.1501926
4400,-0.65104276,0.34038568
4401,-0.6620157,0.16252714
4402,-0.36321852,0.22847643
4403,-0.9259889,0.3793656
4404,-0.5290234,0.13764599
4405,-0.65331715,0.16185671
4406,-0.49793985,0.12572499
4407,-0.37233073,0.25855145
4408,-0.7463914,0.15782455
4409,-0.29875234,0.09805196
4410,-1.0045172,0.38883173
4411,-0.681713,0.16980752
4412,-0.5796398,0.14754142
4413,-0.6776309,0.3032454
4414,-0.4917394,0.13353495
4415,-0.65061265,0.14671311
4416,-0.61506665,0.1457694
4417,-1.0557575,0.40922618
4418,-0.506157,0.12265049
4419,-0.87646604,0.33929572
4420,-0.6502176,0.17383473
4421,-0.95391035,0.4307824
4422,-0.6136369,0.38080913
4423,-0.62823254,0.14181387
4424,-0.4589015,0.117247954
4425,-0.63736653,0.14606759
4426,-0.77098995,0.38177454
4427,-0.9355062,0.39288634
4428,-0.33443767,0.3063754
4429,-0.73868686,0.17304152
4430,-1.19955,0.39224637
4431,-0.61418843,0.15452978
4432,-0.64824116,0.37644103
4433,-0.6208963,0.14992543
4434,-0.6957452,0.17477176
4435,-0.53646874,0.13284422
4436,-0.64255357,0.16474837
4437,-0.5207517,0.12685402
4438,-0.66111875,0.14870077
4439,-0.6047899,0.34992647
4440,-0.6126124,0.13362493
4441,-0.7986726,0.35399815
4442,-0.65060383,0.17784828
4443,-0.6733321,0.14352643
4444,-0.49748763,0.1188091
4445,-0.68271726,0.38107848
4446,-0.9232985,0.3928319
4447,-0.6640213,0.15182593
4448,-0.30936322,0.28082
4449,-1.0806383,0.4734218
4450,-0.8043658,0.30506733
4451,-0.64088947,0.15384594
4452,-0.6317324,0.1499223
4453,-0.63146615,0.15196872
4454,-0.7067076,0.17470478
4455,-0.58452797,0.15428594
4456,-0.5897244,0.13520424
4457,-0.64261055,0.33643496
4458,-0.50925803,0.1936016
4459,-0.6280841,0.15352893
4460,-0.7366355,0.31862885
4461,-0.7459146,0.2970122
4462,-0.83283144,0.32590225
4463,-0.6281676,0.17210302
4464,-0.65526175,0.29214942
4465,-0.6105387,0.1523862
4466,-0.776369,0.31933573
4467,-0.5076767,0.120115176
4468,-0.6617669,0.16406494
4469,-0.44665524,0.32442063
4470,-0.878982,0.3608073
4471,-0.63691604,0.1608282
4472,-0.64400226,0.14576882
4473,-0.7006429,0.28180933
4474,-0.6959628,0.31112114
4475,-0.5409778,0.12523742
4476,-0.5893216,0.15972865
4477,-0.9404882,0.412878
4478,-0.6378841,0.15402131
4479,-0.69927204,0.14968304
4480,-0.7528039,0.18703161
4481,-0.6382224,0.15824696
4482,-0.56102693,0.28468946
4483,-0.6961329,0.37751085
4484,-0.86413175,0.36880237
4485,-0.6978668,0.16602294
4486,-0.977937,0.420028
4487,-0.50136334,0.11817116
4488,-0.532097,0.13039312
4489,-0.61177665,0.30164295
4490,-0.530105,0.12784477
4491,-0.69520694,0.39661485
4492,-1.163689,0.44632626
4493,-0.4235655,0.12319418
4494,-0.6179091,0.18235075
4495,-0.6570245,0.23922476
4496,-0.702336,0.16028439
4497,-0.98526126,0.40912795
4498,-0.6396765,0.1430199
4499,-0.5556568,0.15083303
4500,-0.4791536,0.11802474
4501,-0.67511857,0.14807919
4502,-0.6636655,0.16516285
4503,-0.60326225,0.14091559
4504,-0.96818835,0.44522187
4505,-0.67193294,0.16359672
4506,-0.6967492,0.17345554
4507,-0.7057142,0.18495308
4508,-0.6221973,0.15541053
4509,-0.67143446,0.32418746
4510,-0.7594018,0.41590995
4511,-0.50186217,0.17610878
4512,-0.5353688,0.13528612
4513,-0.6382061,0.16076998
4514,-0.64189523,0.1468814
4515,-0.7323396,0.16885161
4516,-0.7020133,0.27572212
4517,-0.80052817,0.3709684
4518,-1.2264236,0.4457331
4519,-0.6202703,0.14126676
4520,-0.51213646,0.13623309
4521,-0.48370332,0.13272811
4522,-0.7958703,0.35122517
4523,-0.6125308,0.14304812
4524,-0.82008255,0.32161245
4525,-0.57921535,0.15845452
4526,-0.5905664,0.13065845
4527,-0.612812,0.14971074
4528,-0.62686056,0.16744667
4529,-0.6643687,0.1571085
4530,-0.6745001,0.16139737
4531,-0.66974074,0.1499979
4532,-0.68747723,0.3179795
4533,-0.5708095,0.12617362
4534,-0.5893945,0.2899147
4535,-0.5345778,0.14101443
4536,-0.8960247,0.4205372
4537,-0.6309138,0.13811153
4538,-0.5961667,0.1265415
4539,-0.7359256,0.15927157
4540,-0.5919024,0.13812454
4541,-0.61557764,0.16022694
4542,-0.62321866,0.15083185
4543,-0.6631346,0.15457834
4544,-0.6352011,0.1575284
4545,-0.66679585,0.16097422
4546,-0.7119803,0.29878217
4547,-0.8603287,0.39291096
4548,-0.5823617,0.14501825
4549,-0.6138666,0.13978665
4550,-0.64157856,0.33186877
4551,-0.86939144,0.38385472
4552,-0.57651925,0.13179377
4553,-0.8358726,0.3437918
4554,-0.9219581,0.42292327
4555,-0.34783554,0.18206804
4556,-0.8004969,0.37154776
4557,-0.57036906,0.1586339
4558,-0.58268267,0.24140692
4559,-0.91466105,0.33163756
4560,-0.5900607,0.14868887
4561,-0.6463799,0.15068004
4562,-0.73480976,0.41586962
4563,-0.4895149,0.117867984
4564,-0.7248811,0.16797926
4565,-0.64093316,0.1736939
4566,-0.5237007,0.15328018
4567,-0.6418444,0.16501746
4568,-0.65451056,0.17827785
4569,-0.51854384,0.14014485
4570,-0.49904355,0.15766104
4571,-0.91222155,0.4028313
4572,-0.94045085,0.41108993
4573,-0.45261523,0.17064242
4574,-0.5952134,0.1640018
4575,0.1319239,0.23146152
4576,-0.68520635,0.15711685
4577,-0.8658668,0.32125065
4578,-0.68471396,0.1530466
4579,-0.6337754,0.14895326
4580,-0.9944894,0.41376087
4581,-0.69153774,0.16147463
4582,-0.9742679,0.42481646
4583,-0.66839737,0.17513224
4584,-0.70892876,0.1673945
4585,-0.59160846,0.3613833
4586,-1.1489145,0.44571316
4587,-0.9098582,0.38819423
4588,-0.6532025,0.16456814
4589,-0.67030156,0.16260603
4590,-0.6727317,0.16103424
4591,-0.48713386,0.12105854
4592,-0.9408481,0.43710166
4593,-0.5817739,0.17613915
4594,-0.4747332,0.20089005
4595,-0.939802,0.374679
4596,-0.70724624,0.15455027
4597,-0.6956413,0.15920572
4598,-0.91307706,0.39769194
4599,-0.64963657,0.15763603
4600,-0.6328421,0.14624183
4601,-0.631621,0.140882
4602,-1.0496316,0.39391935
4603,-0.673225,0.16918026
4604,-0.6076214,0.16153157
4605,-0.59877247,0.14862101
4606,-0.7548998,0.3554378
4607,-0.98701054,0.46116126
4608,-0.62649,0.16636057
4609,-0.6829878,0.34799948
4610,-0.92676705,0.3592734
4611,-0.5711092,0.13154678
4612,-1.0429875,0.4143526
4613,-0.9599551,0.3897151
4614,-0.87392825,0.31828505
4615,-0.8338557,0.32970047
4616,-0.68023,0.16208762
4617,-0.6252773,0.1478345
4618,-0.6777065,0.15509397
4619,-0.83599424,0.43059635
4620,-0.5797701,0.15364087
4621,-0.6503705,0.15232705
4622,-0.8657748,0.32830077
4623,-0.72520393,0.16170701
4624,-0.5922456,0.16279498
4625,-0.64783007,0.1688222
4626,-1.008625,0.37134865
4627,-0.5283691,0.13215125
4628,-0.8298889,0.400548
4629,-0.9505622,0.42362842
4630,-0.62962097,0.16036786
4631,-0.66113764,0.15371376
4632,-0.6028966,0.1685537
4633,-0.5927864,0.1446013
4634,-0.95295346,0.36209416
4635,-1.013685,0.41006622
4636,-0.51451844,0.12782872
4637,-0.65615124,0.1458742
4638,-0.61538607,0.15146986
4639,-0.7038531,0.18637198
4640,-0.5126438,0.12992328
4641,-0.45129833,0.12300948
4642,-0.44754505,0.12447547
4643,-0.3765123,0.23833558
4644,-0.87553185,0.42429098
4645,-0.64406914,0.15182997
4646,-0.6539173,0.14849387
4647,-0.61143863,0.15311089
4648,-0.576534,0.13738759
4649,-0.6534746,0.15143335
4650,-1.0308871,0.4194516
4651,-0.60868627,0.13680997
4652,-0.6876346,0.34214666
4653,-0.85501087,0.40745533
4654,-0.57453877,0.16196607
4655,-0.74645555,0.33803636
4656,-0.6828762,0.16589765
4657,-0.75974005,0.3449766
4658,-0.5844252,0.15626961
4659,-0.5314529,0.16145511
4660,-0.6495153,0.15106203
4661,-1.1476022,0.4766303
4662,-0.45594004,0.17671007
4663,-0.9930958,0.44488737
4664,-0.91419613,0.3624037
4665,-0.6707559,0.2546097
4666,-0.5111671,0.2863046
4667,-0.689541,0.16111061
4668,-0.51388735,0.25983262
4669,-0.86586004,0.35622555
4670,-0.6440964,0.15358698
4671,-0.63526344,0.142711
4672,-0.6851448,0.16824654
4673,-0.6449867,0.222646
4674,-0.4534515,0.12375384
4675,-0.6455466,0.16161995
4676,-0.4575152,0.116960526
4677,-0.6779559,0.16854127
4678,-0.70853543,0.28316164
4679,-0.46755937,0.11053533
4680,-0.5875453,0.13039398
4681,-0.59451014,0.33814004
4682,-0.72370774,0.15629077
4683,-0.8228611,0.35268673
4684,-0.83747476,0.31463984
4685,-0.49483624,0.14846745
4686,-0.6790224,0.16449775
4687,-0.6222969,0.14316809
4688,-0.65055937,0.14773166
4689,-1.034273,0.44709954
4690,-0.5386377,0.12557428
4691,-0.6254979,0.14825343
4692,-0.50825465,0.118515134
4693,-0.4946686,0.13216615
4694,-0.63357735,0.15106352
4695,-0.9188417,0.36611274
4696,-0.5852773,0.14292626
4697,-0.5253764,0.14554954
4698,-0.5795254,0.1374769
4699,-0.5662269,0.14349492
4700,-0.56758916,0.3122604
4701,-0.63600194,0.1760931
4702,-0.50701445,0.14255907
4703,-0.65722317,0.17245334
4704,-0.6973396,0.38612568
4705,-0.59338033,0.31242502
4706,-0.76934445,0.30467075
4707,-0.8047541,0.37503016
4708,-0.6427199,0.15958522
4709,-0.649557,0.26266056
4710,-0.49411964,0.15245049
4711,-0.6188616,0.13227162
4712,-0.70795447,0.15601204
4713,-1.1217014,0.40520114
4714,-0.71004057,0.17428236
4715,-0.8502448,0.4014827
4716,-0.71895885,0.16448501
4717,-0.6403809,0.1468683
4718,-0.5824211,0.15797716
4719,-0.59322906,0.1417507
4720,-0.61435,0.1460537
4721,-0.6606972,0.1629827
4722,-0.97102296,0.41717595
4723,-0.8520664,0.3646505
4724,-0.6949414,0.15089199
4725,-0.9725156,0.3916204
4726,-0.6087307,0.14023702
4727,-0.5829792,0.13821311
4728,-0.44383007,0.10293784
4729,-0.5651371,0.17916769
4730,-0.72148633,0.16463724
4731,-0.59302104,0.3294961
4732,-0.6713824,0.29869518
4733,-0.6192409,0.14667597
4734,-0.9442708,0.4549502
4735,-0.51195884,0.14629342
4736,-0.6665031,0.3422628
4737,-0.71076924,0.1690979
4738,-0.61422414,0.14597641
4739,-0.53561264,0.12151274
4740,-0.8185371,0.34381798
4741,-0.6165072,0.14168106
4742,-0.540809,0.13404961
4743,-0.66173387,0.17210144
4744,-1.012757,0.4093142
4745,-0.6332831,0.16101515
4746,-0.9419326,0.39693546
4747,-0.5948716,0.14500141
4748,-0.58184564,0.14538339
4749,-0.7365411,0.3450831
4750,-0.6365463,0.15718095
4751,-0.6444559,0.15325536
4752,-0.8606301,0.38183033
4753,-0.51580715,0.3028297
4754,-0.6578075,0.14629403
4755,-0.3685924,0.26385346
4756,-0.95132124,0.40518704
4757,-0.5772717,0.14316437
4758,-0.53562856,0.14734043
4759,-0.41967443,0.24641542
4760,-0.69916195,0.16373898
4761,-0.51351994,0.12835799
4762,-0.56209886,0.18567377
4763,-0.5161467,0.12448542
4764,-0.6315497,0.15985356
4765,-0.6868623,0.16206488
4766,-0.58530456,0.1437917
4767,-0.6074768,0.15653606
4768,-0.7999566,0.33192
4769,-0.52279323,0.14478001
4770,-0.7143485,0.3328603
4771,-0.6515513,0.16924019
4772,-0.6659542,0.14091575
4773,-0.63712317,0.16015513
4774,-0.5864224,0.1457937
4775,-0.6584901,0.16387117
4776,-0.6396469,0.1472972
4777,-0.78171396,0.36719167
4778,-0.5941879,0.12087335
4779,-0.59031534,0.1386707
4780,-0.63488346,0.14652766
4781,-0.70609236,0.17039387
4782,-0.95972914,0.41190934
4783,-0.7976726,0.31403852
4784,-0.7100071,0.16776477
4785,-0.56705123,0.15214911
4786,-0.65802634,0.15131977
4787,-0.5124922,0.13232793
4788,-0.6336091,0.12873977
4789,-0.64928156,0.17849183
4790,-0.6404309,0.14228705
4791,-0.64598256,0.1780496
4792,-0.70192647,0.3109813
4793,-0.7542796,0.20496385
4794,-0.48613515,0.1215417
4795,-0.686587,0.16768649
4796,-0.6560377,0.15727194
4797,-1.0351586,0.43446907
4798,-0.6860151,0.17485528
4799,-0.93727237,0.38709882
4800,-0.8181458,0.39021784
4801,-0.7823305,0.37198398
4802,-0.64009935,0.1561694
4803,-0.7807656,0.35169318
4804,-0.63935924,0.16886051
4805,-0.34828866,0.15982983
4806,-1.0896789,0.45666122
4807,-0.63574374,0.1521871
4808,-0.60973006,0.14708824
4809,-0.6193911,0.14031136
4810,-0.7135935,0.36083314
4811,-0.8148284,0.3529664
4812,-0.79958194,0.36079752
4813,-0.6523516,0.16858673
4814,-0.6642629,0.28240275
4815,-0.63109857,0.3082711
4816,-0.6396496,0.26590067
4817,-0.58479047,0.15189172
4818,-0.6128249,0.15455993
4819,-1.0519584,0.43235135
4820,-0.87633324,0.35284722
4821,-0.6313082,0.15757315
4822,-0.8425676,0.35738605
4823,-0.69437164,0.1664463
4824,-0.6661459,0.14909507
4825,-0.5769092,0.15555374
4826,-0.64981526,0.15676577
4827,-0.4993664,0.12008672
4828,-0.70885426,0.32049635
4829,-0.72970825,0.3251876
4830,-0.3863248,0.24649806
4831,-0.6184497,0.1482408
4832,-0.9097038,0.40262374
4833,-0.69105446,0.33717865
4834,-0.6487263,0.33885655
4835,-0.63272375,0.1473331
4836,-0.48274648,0.10825984
4837,-0.6311188,0.1865118
4838,-0.67534447,0.1816157
4839,-0.59924954,0.164926
4840,-0.68046844,0.13846084
4841,-0.6495836,0.32435045
4842,-0.5120426,0.119065695
4843,-0.6798402,0.14950284
4844,-0.6581359,0.15401684
4845,-0.6150159,0.33324382
4846,-0.9451591,0.40079227
4847,-0.4497788,0.10889944
4848,-0.59351134,0.13657643
4849,-0.6985607,0.168737
4850,-0.48778722,0.13492922
4851,-0.63339776,0.16083886
4852,-0.6013132,0.15640374
4853,-0.6475586,0.14021844
4854,-0.42310145,0.11022929
4855,-0.58397704,0.1501892
4856,-0.5817482,0.25384197
4857,-0.8921707,0.33148205
4858,-0.6354963,0.14423883
4859,-0.8272688,0.29973784
4860,-1.1216246,0.46944723
4861,-0.6048998,0.3034703
4862,-0.68463093,0.15569194
4863,-0.66673607,0.33894596
4864,-0.6476832,0.15498377
4865,-0.58378166,0.14513052
4866,-0.78715914,0.33988848
4867,-0.58759576,0.15166627
4868,-0.35615048,0.25926974
4869,-0.6944369,0.15256172
4870,-0.29548404,0.11997921
4871,-0.69107616,0.15237693
4872,-0.79767245,0.34049326
4873,-0.5429922,0.14687343
4874,-0.38155127,0.121903464
4875,-0.7197541,0.16460483
4876,-0.651874,0.15621604
4877,-0.6188853,0.1464279
4878,-0.63651097,0.15722442
4879,-0.6040872,0.15306272
4880,-0.62378323,0.14508767
4881,-0.6116123,0.13936017
4882,-0.6280077,0.15160918
4883,-0.87402385,0.40617165
4884,-0.66578174,0.14501485
4885,-0.8218874,0.32707128
4886,-0.59823525,0.2671077
4887,-0.6387683,0.15405771
4888,-0.7236857,0.1533083
4889,-0.64577997,0.1509789
4890,-0.38198632,0.2875392
4891,-0.61463535,0.15857849
4892,-0.49176326,0.17347856
4893,-1.1822098,0.47791123
4894,-0.6446118,0.14378148
4895,-0.71166736,0.16771053
4896,-0.6299427,0.15619785
4897,-0.69331217,0.16672811
4898,-0.8080661,0.38771105
4899,-0.43932986,0.15647753
4900,-0.41766468,0.16513415
4901,-0.6130741,0.1608311
4902,-0.58803785,0.14493856
4903,-0.49553066,0.17698902
4904,-0.6498826,0.14176117
4905,-0.5731251,0.14876637
4906,-0.8551374,0.38478535
4907,-0.59534603,0.14189701
4908,-0.59083486,0.14105996
4909,-0.5561398,0.14489932
4910,-0.66119605,0.15599267
4911,-0.6435101,0.14828867
4912,-0.50475574,0.14442973
4913,-0.94074315,0.46126303
4914,-0.5119331,0.13208334
4915,-0.669242,0.35938442
4916,-0.84792316,0.40088925
4917,-0.61885655,0.158015
4918,-0.6223265,0.16380224
4919,-0.68142515,0.17436285
4920,-0.5387435,0.12781648
4921,-0.579954,0.14748822
4922,-0.7432622,0.17237945
4923,-0.6158648,0.15442297
4924,-0.6704481,0.16521284
4925,-0.6300487,0.17323723
4926,-0.63124824,0.1543671
4927,-0.88083845,0.3817284
4928,-0.7180633,0.16615206
4929,-0.6323844,0.14176036
4930,-0.63304657,0.1481198
4931,-0.5613709,0.13771297
4932,-0.6695623,0.15667242
4933,-0.5169775,0.113860145
4934,-0.90904343,0.3771667
4935,-0.47940946,0.2832087
4936,-0.58687997,0.14829801
4937,-0.55204207,0.12525581
4938,-0.66995627,0.15711513
4939,-0.6665303,0.14903185
4940,-0.65451854,0.14608411
4941,-0.6519984,0.14705926
4942,-0.6578674,0.18642808
4943,-0.93316174,0.42936248
4944,-0.6750346,0.32420057
4945,-0.6217319,0.1585473
4946,-0.6799686,0.1452128
4947,-0.5819546,0.14204039
4948,-0.5870211,0.21764243
4949,-0.6592097,0.15961505
4950,-0.5610328,0.15982768
4951,-0.6274705,0.14268711
4952,-0.66018665,0.15831447
4953,-0.5360402,0.14558502
4954,-0.5656724,0.13874905
4955,-0.5683144,0.14089857
4956,-0.50644803,0.1199317
4957,-0.6720438,0.1512828
4958,-0.92945874,0.3802976
4959,-0.64482653,0.29165262
4960,-0.96712905,0.40138808
4961,-0.64859575,0.14421305
4962,-0.62221754,0.15138781
4963,-0.6338132,0.16630313
4964,-0.69480723,0.17647518
4965,-0.64579856,0.18257746
4966,-0.8163888,0.3865749
4967,-0.6914483,0.35367265
4968,-0.695781,0.1568553
4969,-0.5654176,0.29311624
4970,-0.5110675,0.13765015
4971,-0.6813525,0.15653077
4972,-0.73076457,0.15654585
4973,-0.5989965,0.29086262
4974,-0.5454805,0.13208467
4975,-0.8305033,0.37046018
4976,-0.8338729,0.3355397
4977,-1.0672581,0.41795373
4978,-0.66826016,0.16416182
4979,-0.7866666,0.16748247
4980,-0.6206538,0.16088152
4981,-0.5911149,0.14483742
4982,-0.9965275,0.3938306
4983,-0.6123808,0.32307756
4984,-0.70118433,0.17264426
4985,-0.90068597,0.37877965
4986,-0.30863643,0.25051317
4987,-1.0442605,0.4128169
4988,-0.9761359,0.42276582
4989,-0.58712953,0.14555354
4990,-0.70830476,0.31603628
4991,-0.38738889,0.24652137
4992,-0.6197141,0.19513838
4993,-1.0865539,0.57003355
4994,-0.65247583,0.18917245
4995,-0.66963226,0.15391861
4996,-0.6479223,0.16479237
4997,-0.47853738,0.13423884
4998,-0.5942112,0.19226539
4999,-0.5680076,0.12792234
5000,-0.5490861,0.14073184
5001,-0.58263254,0.1411098
5002,-0.593522,0.14365058
5003,-0.6734018,0.15822719
5004,-0.6414255,0.15504722
5005,-0.738666,0.32358742
5006,-0.6362459,0.14533193
5007,-0.6405912,0.1330939
5008,-0.34887603,0.30841148
5009,-0.62119085,0.14608678
5010,-0.7985762,0.3537181
5011,-0.6673586,0.14592448
5012,-0.5654601,0.16365129
5013,-0.647229,0.15728949
5014,-0.65824187,0.1490379
5015,-0.55537224,0.32199544
5016,-0.67253053,0.15967229
5017,-0.6431665,0.15021916
5018,-0.595715,0.16140875
5019,-0.5056469,0.14041233
5020,-0.67657846,0.16424097
5021,-0.6349404,0.16476771
5022,-0.5998478,0.14558436
5023,-0.5628438,0.13400921
5024,-0.636511,0.14369807
5025,-0.509907,0.2589972
5026,-0.7207284,0.32365978
5027,-0.62863255,0.1499834
5028,-0.2657334,0.13540363
5029,-0.5775757,0.17535202
5030,-0.6792945,0.35355455
5031,-0.54644614,0.16135435
5032,-0.5892003,0.14921886
5033,-0.69054204,0.15670516
5034,-1.1416739,0.46341288
5035,-0.937621,0.36486605
5036,-0.78581804,0.35709015
5037,-0.55840176,0.13088566
5038,-0.6687508,0.15368286
5039,-0.6509026,0.15728833
5040,-0.59585136,0.15295637
5041,-0.67395735,0.15181853
5042,-0.649534,0.15231365
5043,-0.6032478,0.13636221
5044,-0.74853724,0.3454316
5045,-0.50016505,0.1239196
5046,-0.9252531,0.3876732
5047,-0.8765051,0.3404809
5048,-0.66875523,0.14683704
5049,-0.91895705,0.38179553
5050,-1.2047524,0.47606686
5051,-0.47126213,0.13164882
5052,-0.6830671,0.16101678
5053,-0.64864206,0.14496292
5054,-0.61117774,0.14474592
5055,-0.60085577,0.17915598
5056,-0.77408284,0.36244115
5057,-0.80628306,0.2985596
5058,-0.48151082,0.1553484
5059,-0.71576375,0.28754258
5060,-0.44198087,0.279299
5061,-0.5897697,0.17537458
5062,-0.8540186,0.36650303
5063,-0.5721147,0.14249437
5064,-0.643816,0.14980479
5065,-0.6675727,0.1562312
5066,-0.42342564,0.2765143
5067,-0.90749913,0.3450901
5068,-0.57323575,0.15300043
5069,-0.7631271,0.33430222
5070,-0.5649087,0.13732022
5071,-0.61076236,0.13995385
5072,-0.62965626,0.15199448
5073,-1.2946328,0.51485336
5074,-0.70724547,0.27359957
5075,-0.50382715,0.13995124
5076,-1.0189527,0.3798509
5077,-1.0351129,0.42148715
5078,-0.6632012,0.1533377
5079,0.01997398,0.10493701
5080,-0.83008826,0.31923738
5081,-0.61035997,0.1512915
5082,-0.97347873,0.44557297
5083,-0.7113381,0.30780774
5084,-0.40589827,0.118395835
5085,-0.9093942,0.37263462
5086,-0.40820393,0.2565184
5087,-0.6954863,0.16284658
5088,-0.65672445,0.14035858
5089,-0.56623936,0.14313273
5090,-0.69437003,0.16096526
5091,-0.62513256,0.14085867
5092,-0.665278,0.15405422
5093,-1.0581585,0.45103717
5094,-0.78927135,0.29551098
5095,-0.5813108,0.14850305
5096,-0.51097846,0.2697607
5097,-1.0303044,0.36332947
5098,-1.0903696,0.3681277
5099,-0.6761917,0.15161939
5100,-0.6319394,0.16104388
5101,-0.519286,0.12454338
5102,-0.65181607,0.15008436
5103,-0.6466515,0.14703622
5104,-0.70154005,0.16538784
5105,-0.9391696,0.41134298
5106,-0.60763043,0.15386319
5107,-0.65912926,0.14914913
5108,-0.609745,0.2832387
5109,-0.7947357,0.24258001
5110,-0.85790205,0.37598428
5111,-0.6172911,0.14465906
5112,-0.66647214,0.16357827
5113,-0.5983576,0.1439578
5114,-0.6041784,0.17346527
5115,-0.36083698,0.18091212
5116,-0.6666418,0.1730902
5117,-0.6413142,0.15256205
5118,-0.5744329,0.13061324
5119,-0.46065646,0.13637543
5120,-0.5489734,0.123648286
5121,-0.5682263,0.12928669
5122,-0.6230521,0.3203419
5123,-0.84464604,0.30804893
5124,-0.4512941,0.13742517
5125,-0.7058995,0.27718052
5126,-0.6547134,0.16704607
5127,-0.6544685,0.15552506
5128,-0.6322049,0.16342263
5129,-0.84534645,0.38823965
5130,-0.7261391,0.16044995
5131,-0.3762134,0.1340187
5132,-0.5957864,0.13734627
5133,-0.68272454,0.1530067
5134,-0.38609645,0.2596719
5135,-0.8588443,0.38567534
5136,-0.6337565,0.14242761
5137,-0.5571197,0.1420953
5138,-0.5575206,0.14404519
5139,-0.5956193,0.30042556
5140,-0.67522264,0.2638523
5141,-0.90224093,0.40818238
5142,-0.6944536,0.17056617
5143,-0.6978865,0.34410605
5144,-0.6326863,0.1598056
5145,-0.6673043,0.16132481
5146,-0.71202666,0.16125017
5147,-0.75089353,0.26670614
5148,-0.66780216,0.15461907
5149,-0.45304564,0.14293721
5150,-1.0530003,0.43997145
5151,-0.65825737,0.16353424
5152,-0.52137333,0.15303692
5153,-0.48439693,0.19710882
5154,-0.54060656,0.14387134
5155,-0.5341856,0.13365218
5156,-0.59927213,0.13292079
5157,-0.76423603,0.36193696
5158,-0.5935672,0.13316397
5159,-1.2778083,0.57821256
5160,-0.33793497,0.26859593
5161,-0.6444393,0.14432408
5162,-0.4679806,0.1267412
5163,-0.715268,0.18478087
5164,-0.77338207,0.38564578
5165,-0.43316618,0.115522325
5166,-0.6829274,0.15859406
5167,-0.75522673,0.36211005
5168,-0.588218,0.13981248
5169,-0.6107874,0.14420234
5170,-0.82204676,0.35368243
5171,-0.66479325,0.16803487
5172,-0.42985755,0.17998637
5173,-0.6488372,0.15715574
5174,-0.65377676,0.15011607
5175,-0.59223604,0.2884633
5176,-0.6066983,0.14185588
5177,-0.7442442,0.31503952
5178,-0.62450725,0.15593477
5179,-0.61481977,0.17875595
5180,-0.98919713,0.43713173
5181,-0.3108479,0.10078613
5182,-0.5484138,0.12435377
5183,-1.0499969,0.42113867
5184,-0.55386865,0.18654613
5185,-1.0181656,0.44234893
5186,-0.49230784,0.14667623
5187,-0.5546564,0.13834317
5188,-0.6153711,0.16188653
5189,-1.0613364,0.43975165
5190,-0.8446614,0.3754338
5191,-0.6155762,0.147544
5192,-0.65880126,0.16039312
5193,-0.6212787,0.15882614
5194,-0.99441886,0.4101938
5195,-0.67724043,0.16030692
5196,-0.97030413,0.3878421
5197,-0.8226088,0.36186138
5198,-0.6773005,0.15100074
5199,-0.67634475,0.15010712
5200,-1.0885843,0.42819586
5201,-0.631718,0.1488357
5202,-0.6132018,0.14652482
5203,-0.5494436,0.14381222
5204,-0.7133727,0.34573382
5205,-0.54677445,0.15537383
5206,-0.5550178,0.19417985
5207,-0.65973663,0.16803294
5208,-0.6385525,0.15766108
5209,-0.5886878,0.17350325
5210,-0.8980266,0.41699332
5211,-0.76501215,0.30158138
5212,-0.6479234,0.14410684
5213,-0.97204405,0.41711065
5214,-0.6174677,0.15913066
5215,-0.6836517,0.1727798
5216,-0.68605626,0.15833028
5217,-0.5682071,0.27194506
5218,-0.72886914,0.3539044
5219,-0.6231172,0.1406025
5220,-0.65586066,0.15191755
5221,-0.65807396,0.1564886
5222,-0.6157331,0.33872285
5223,-0.6845296,0.16212393
5224,-0.64312637,0.13836662
5225,-0.9090092,0.35167742
5226,-0.9974303,0.45495299
5227,-0.6009358,0.14516419
5228,-0.666184,0.15495154
5229,-0.566053,0.15618522
5230,-0.8300883,0.3570741
5231,-0.5846211,0.1363547
5232,-0.55462366,0.13358796
5233,-0.6881906,0.3611575
5234,-0.881334,0.4020226
5235,-0.86921096,0.34094766
5236,-0.6150102,0.14834765
5237,-0.539475,0.13834116
5238,-0.7770089,0.3327049
5239,-0.8067082,0.2928166
5240,-0.5928098,0.2816364
5241,-1.0394735,0.4382467
5242,-0.71593827,0.18644196
5243,-1.1595932,0.46582845
5244,-0.514176,0.12664923
5245,-0.6113293,0.3144967
5246,-0.51794887,0.12871675
5247,-0.60392135,0.15415922
5248,-0.67370766,0.17857054
5249,-0.6541497,0.1552434
5250,-0.5344744,0.14834368
5251,-0.5880253,0.1972727
5252,-0.5095883,0.12498081
5253,-0.48323032,0.16292147
5254,-0.64640474,0.14913577
5255,-0.79116637,0.38265342
5256,-0.5971614,0.1458603
5257,-0.64814234,0.17334472
5258,-0.7017266,0.32729286
5259,-0.97838897,0.35699743
5260,-0.49658048,0.1489765
5261,-1.1715852,0.46485436
5262,-0.45198715,0.10792101
5263,-0.6751641,0.3411283
5264,-0.67239237,0.16089007
5265,-0.63511187,0.14512494
5266,-0.55063885,0.31559068
5267,-0.6864528,0.17446467
5268,-0.6728326,0.1618653
5269,-0.53047925,0.12647569
5270,-0.57000875,0.13031024
5271,-0.65175796,0.16370308
5272,-1.0162362,0.47181794
5273,-0.64704484,0.16766162
5274,-0.9019302,0.29782704
5275,-0.64694536,0.15499496
5276,-0.5899177,0.14893952
5277,-0.473604,0.12871628
5278,-0.46407863,0.28283343
5279,-0.93099505,0.3893923
5280,-0.5524585,0.13196136
5281,-0.98599017,0.3875552
5282,-0.84779465,0.36037353
5283,-0.58819056,0.14886354
5284,-0.55602324,0.12594436
5285,-0.70644945,0.36293355
5286,-0.65283257,0.14809768
5287,-0.89380366,0.38592222
5288,-0.6079662,0.30735505
5289,-1.000447,0.48051775
5290,-0.6837869,0.14840798
5291,-0.55855,0.13439235
5292,-0.5655118,0.14642291
5293,-0.52426994,0.13414067
5294,-0.6444132,0.15572888
5295,-0.66750675,0.15888728
5296,-0.6582867,0.29886726
5297,-0.7110692,0.17074794
5298,-0.62340474,0.15387985
5299,-0.5867011,0.15185757
5300,-0.6551744,0.17105308
5301,-0.69251317,0.16956443
5302,-0.57059836,0.1383965
5303,-0.88032347,0.4048825
5304,-0.782116,0.3868018
5305,-0.68143874,0.16334546
5306,-0.64736086,0.335846
5307,-0.5404861,0.28753573
5308,-0.6438224,0.15419711
5309,-0.61052954,0.13180417
5310,-0.6308625,0.15625
5311,-0.5619121,0.20738874
5312,-0.65923727,0.1517749
5313,-0.8150762,0.3480122
5314,-0.61990255,0.1523361
5315,-0.4091369,0.12794587
5316,-0.6621884,0.3270401
5317,-0.6168207,0.15412793
5318,-0.6352219,0.15721714
5319,-0.6640171,0.14679267
5320,-0.5955513,0.1417346
5321,-0.74704397,0.3210828
5322,-0.4799196,0.13541095
5323,-0.62115186,0.1610938
5324,-0.6945548,0.30303392
5325,-0.38208237,0.22350596
5326,-0.5309906,0.13075444
5327,-0.6562879,0.16123849
5328,-0.8569894,0.3389869
5329,-0.50814265,0.13023227
5330,-0.5506069,0.13867268
5331,-0.6269315,0.3629517
5332,-0.40390363,0.24137513
5333,-0.4607918,0.11874294
5334,-0.60016096,0.16386938
5335,-0.6802077,0.15316057
5336,-0.6462655,0.15768306
5337,-0.61615485,0.16142106
5338,-0.6757655,0.15953718
5339,-0.70662034,0.15737447
5340,-0.96403474,0.3853848
5341,-0.68973184,0.16421318
5342,-0.6665203,0.16002263
5343,-0.44282743,0.11637584
5344,-0.5881533,0.2922056
5345,-0.65120435,0.14022799
5346,-0.71327114,0.15993273
5347,-0.65579176,0.15753269
5348,-0.67732716,0.1615266
5349,-0.60681546,0.13651438
5350,-0.4715326,0.29016933
5351,-0.39884052,0.25533363
5352,-0.5425792,0.26910073
5353,-0.8149768,0.31346208
5354,-0.6886201,0.39272013
5355,-1.0848687,0.43614787
5356,-0.6223263,0.15233372
5357,-0.70390904,0.15423216
5358,-0.646327,0.14313978
5359,-0.42136326,0.12406433
5360,-0.669187,0.168347
5361,-0.5715399,0.14098015
5362,-0.502511,0.12645078
5363,-0.6542655,0.1637746
5364,-0.6027647,0.3051773
5365,-0.59393597,0.1581507
5366,-0.6100887,0.14301442
5367,-0.57674354,0.21302773
5368,-0.6653559,0.1609791
5369,-0.6177407,0.14305349
5370,-0.56735176,0.13869096
5371,-0.4494657,0.2984903
5372,-0.639937,0.14190258
5373,-0.6760288,0.14685513
5374,-1.121241,0.5118636
5375,-0.59907293,0.15574387
5376,-0.67078,0.15465732
5377,-0.5905943,0.17304243
5378,-0.37654194,0.25130498
5379,-0.7101101,0.28006902
5380,-0.462866,0.13471249
5381,-0.94389945,0.43051407
5382,-0.52225894,0.29671916
5383,-0.6471783,0.14503609
5384,-1.0531183,0.47039458
5385,-0.66524863,0.21591458
5386,-0.60129493,0.13669537
5387,-0.6687459,0.15974542
5388,-0.43455094,0.14750107
5389,-0.93729186,0.40254787
5390,-0.6189086,0.15098923
5391,-0.62550616,0.16303498
5392,-0.6426132,0.15558936
5393,-0.6324141,0.15285267
5394,-0.50435215,0.26059425
5395,-0.5894873,0.15157789
5396,-0.63829815,0.13419655
5397,-0.55927277,0.14413843
5398,-0.64032143,0.14529626
5399,-0.68150645,0.16662759
5400,-0.70100427,0.37411502
5401,-0.6757791,0.15480289
5402,-1.0009861,0.4015613
5403,-0.7101157,0.17140514
5404,-0.95001525,0.4250429
5405,-0.6127972,0.14459702
5406,-0.62579036,0.14399832
5407,-0.57748765,0.1369001
5408,-0.8700475,0.40404707
5409,-0.6486403,0.16577427
5410,-0.7369319,0.3035418
5411,-0.6395304,0.14583841
5412,-0.6458394,0.16361536
5413,-0.48703283,0.17711192
5414,-0.8994579,0.31181026
5415,-0.67654437,0.14989327
5416,-0.4373766,0.26639482
5417,-0.58940965,0.1451782
5418,-0.62015253,0.1448336
5419,-0.8121649,0.3552513
5420,-0.9297586,0.43385258
5421,-0.59967226,0.13843341
5422,-1.095351,0.4747057
5423,-0.5262745,0.18784821
5424,-0.6549569,0.16334581
5425,-0.625135,0.15160792
5426,-0.6562387,0.16781491
5427,-0.26758927,0.09456199
5428,-0.6735611,0.15682149
5429,-0.6472907,0.16151878
5430,-0.7279173,0.36214724
5431,-0.9309162,0.36261103
5432,-0.62908196,0.18254381
5433,-0.52850014,0.29295257
5434,-0.694178,0.14529572
5435,-0.7162003,0.3267106
5436,-0.6089935,0.1392611
5437,-0.62873983,0.1516521
5438,-0.70124435,0.16949023
5439,-0.6761359,0.14491527
5440,-1.0051941,0.37158263
5441,-0.61735684,0.16608214
5442,-0.83411336,0.37757316
5443,-0.8940307,0.38685873
5444,-1.0321137,0.43850064
5445,-0.60563815,0.14581253
5446,-0.6500739,0.15659076
5447,-0.43046653,0.12354533
5448,-0.57201743,0.16426252
5449,-1.1730415,0.46196866
5450,-0.579112,0.15624346
5451,-0.64078873,0.16049556
5452,-0.67423654,0.1692655
5453,-0.50573266,0.13444301
5454,-0.57484615,0.15381974
5455,-0.5818153,0.13878505
5456,-0.37667337,0.15063359
5457,-0.7391143,0.3456222
5458,-0.79445386,0.40378284
5459,-0.46321067,0.13632357
5460,-0.6180533,0.15255444
5461,-0.89712095,0.41701266
5462,-1.2759762,0.5670776
5463,-0.4225154,0.25230318
5464,-0.9701903,0.4135554
5465,-0.51307696,0.15031546
5466,-0.5356093,0.13160388
5467,-0.5620584,0.14892371
5468,-0.83845335,0.3067038
5469,-0.2781274,0.11503406
5470,-0.6006519,0.13948072
5471,-0.95760936,0.37784106
5472,-0.6231145,0.15669937
5473,-0.62864625,0.17272651
5474,-0.8291029,0.3647546
5475,-0.6069333,0.27057058
5476,-0.6261051,0.14740278
5477,-0.5588821,0.28475204
5478,-0.58174497,0.14232671
5479,-0.62945,0.15911518
5480,-0.8063133,0.33993754
5481,-0.6209435,0.13616754
5482,-0.6457821,0.16179317
5483,-0.5939196,0.14773847
5484,-0.5894907,0.31836846
5485,-1.1322199,0.44958892
5486,-0.40836155,0.12546065
5487,-0.64571077,0.16233744
5488,-0.6116223,0.16489917
5489,-0.65387243,0.1733015
5490,-0.51045257,0.12663577
5491,-0.99512243,0.3793635
5492,-1.0487825,0.44518733
5493,-0.51818293,0.27838153
5494,-0.5686624,0.13704072
5495,-0.38603786,0.09236731
5496,-0.6997064,0.1888648
5497,-0.550971,0.14983983
5498,-0.43335468,0.1346948
5499,-0.64517057,0.14937843
5500,-0.68701565,0.1709907
5501,-0.51217055,0.12854758
5502,-0.6687859,0.14689383
5503,-0.821578,0.35911068
5504,-0.83861476,0.37168804
5505,-1.0743109,0.4496254
5506,-0.6006189,0.14656635
5507,-0.62943333,0.15697111
5508,-0.6642526,0.15343535
5509,-0.9252666,0.39795667
5510,-0.4544205,0.12491284
5511,-0.67776245,0.14166838
5512,-0.37152824,0.15272225
5513,-0.6826461,0.18908487
5514,-0.69319767,0.19678971
5515,-0.72726196,0.17447984
5516,-0.5508698,0.15229267
5517,-0.7361168,0.37952837
5518,-0.63692003,0.16321602
5519,-1.135025,0.43752646
5520,-0.43581936,0.27297243
5521,-1.2110782,0.5229283
5522,-0.5734392,0.1468754
5523,-0.69986767,0.16121629
5524,-0.7909578,0.33981937
5525,-0.55258244,0.27330688
5526,-0.7059745,0.2736258
5527,-0.56990725,0.13330032
5528,-0.6537748,0.16210268
5529,-0.6622322,0.15616187
5530,-0.65538657,0.1657768
5531,-0.48587015,0.13057996
5532,-0.5611755,0.14796087
5533,-0.7004945,0.3148412
5534,-0.5667067,0.30786294
5535,-0.6040244,0.14020069
5536,-0.676155,0.14521508
5537,-0.81615907,0.33622804
5538,-0.72527975,0.34994575
5539,-0.6721648,0.34644714
5540,-0.75361365,0.3819706
5541,-0.7144837,0.16311608
5542,-0.69672656,0.17231268
5543,-1.0902047,0.43399477
5544,-0.594107,0.16128263
5545,-1.096729,0.44743398
5546,-0.61287326,0.14843567
5547,-0.88440466,0.3771374
5548,-0.6643456,0.15358548
5549,-0.6808414,0.16070579
5550,-0.50105935,0.14164504
5551,-1.05022,0.49778754
5552,-0.78104186,0.35009757
5553,-1.1025571,0.4231023
5554,-1.0303265,0.45160604
5555,-0.7249719,0.29438913
5556,-0.5574248,0.2848989
5557,-0.48711288,0.30216846
5558,-0.6254571,0.15383741
5559,-0.9385987,0.4010467
5560,-0.622414,0.14874382
5561,-0.55040324,0.15532549
5562,-0.6366789,0.15643378
5563,-0.64603424,0.14726481
5564,-0.6925136,0.16545409
5565,-0.51130646,0.31629875
5566,-0.563182,0.16202281
5567,-0.6067769,0.16530553
5568,-0.6276062,0.15194553
5569,-0.5743187,0.15733191
5570,-0.7111715,0.1488431
5571,-0.2746168,0.1889972
5572,-0.77057266,0.33887336
5573,-0.6364271,0.14733347
5574,-0.8705472,0.37978852
5575,-0.47159603,0.21929404
5576,-0.75993115,0.36217976
5577,-0.48929596,0.18518461
5578,-0.49894422,0.29026657
5579,-0.8033881,0.3533163
5580,-0.6004591,0.13545008
5581,-0.5931376,0.32660455
5582,-0.5344359,0.20090897
5583,-0.9181436,0.393541
5584,-0.36141962,0.22922042
5585,-0.6047095,0.14329496
5586,-0.7003844,0.24275322
5587,-0.7948755,0.35997865
5588,-1.0048423,0.3646335
5589,-0.6675902,0.16731924
5590,-0.6419602,0.13727091
5591,-0.5666485,0.14733662
5592,-0.5332174,0.14706148
5593,-0.579488,0.13732561
5594,-0.44436672,0.29619935
5595,-0.5644857,0.1441904
5596,-0.39351466,0.14088899
5597,-0.8265982,0.38004506
5598,-0.60783887,0.14626808
5599,-0.63405764,0.15898833
5600,-0.74048287,0.1634285
5601,-0.59896433,0.23958622
5602,-0.64755696,0.15723512
5603,-0.64867765,0.16823292
5604,-0.6767743,0.14788508
5605,-0.60850435,0.15019257
5606,-0.6359485,0.34285316
5607,-0.57241243,0.1442719
5608,-0.53975916,0.14928153
5609,-0.5060763,0.12193525
5610,-0.67946714,0.16519564
5611,-0.7669255,0.33065894
5612,-0.6150081,0.3199122
5613,-0.61867034,0.14857903
5614,-0.6169651,0.14713334
5615,-0.63738775,0.15248854
5616,-0.3664847,0.13025412
5617,-0.5441528,0.25967634
5618,-0.39220768,0.1321552
5619,-0.6077174,0.13073839
5620,-0.56377494,0.1791731
5621,-0.5579889,0.1600995
5622,-0.5206378,0.1468638
5623,-0.6765859,0.15121393
5624,-0.61197436,0.1547298
5625,-0.8331314,0.36841872
5626,-0.5567405,0.15827237
5627,-0.636302,0.15171507
5628,-0.81298774,0.3715317
5629,-0.5408289,0.16165523
5630,-0.6257475,0.14794435
5631,-0.7566882,0.3578346
5632,-0.70280087,0.31151414
5633,-0.5854316,0.15064436
5634,-0.61329514,0.17583728
5635,-1.0383805,0.40573055
5636,-0.5719278,0.16875826
5637,-0.93378395,0.36033058
5638,-0.61327046,0.15129456
5639,-0.5623819,0.14834164
5640,-0.63992745,0.14334863
5641,-1.0034347,0.44531608
5642,-0.58536917,0.14394516
5643,-0.49566838,0.27632436
5644,-0.6746469,0.16158561
5645,-0.6760103,0.15431893
5646,-0.917902,0.35167283
5647,-0.90880126,0.43546322
5648,-0.7229971,0.16875957
5649,-0.61493725,0.16297884
5650,-0.52191985,0.12624143
5651,-0.6343195,0.18020152
5652,-0.59157485,0.14777048
5653,-0.5996885,0.1488137
5654,-0.6049137,0.15238674
5655,-0.5618506,0.18198787
5656,-0.5131519,0.26687923
5657,-1.0667834,0.42864332
5658,-0.5957152,0.14701
5659,-0.535191,0.13727339
5660,-0.7517934,0.3362136
5661,-0.53237617,0.13997687
5662,-0.5853253,0.1356117
5663,-0.6240655,0.14869961
5664,-0.6407127,0.32071292
5665,-0.680032,0.169357
5666,-0.5858717,0.14016892
5667,-0.84281653,0.34070316
5668,-0.5748092,0.16134802
5669,-0.6281429,0.16242813
5670,-0.5769884,0.12589452
5671,-0.70323944,0.33121935
5672,-0.69763815,0.16655128
5673,-0.6121048,0.13624933
5674,-0.6356752,0.15463129
5675,-0.56050974,0.15807502
5676,-0.8085297,0.35556197
5677,-0.5998169,0.15742001
5678,-0.5186291,0.13609807
5679,-0.6920825,0.25686586
5680,-0.6723856,0.15773553
5681,-0.817766,0.31156304
5682,-1.0390142,0.4890525
5683,-0.88531774,0.44446895
5684,-0.66236675,0.1446058
5685,-0.48464233,0.19528645
5686,-0.6578132,0.16947575
5687,-0.6443128,0.15057449
5688,-0.7429732,0.19354035
5689,-0.76641333,0.34936836
5690,-0.43978298,0.25021422
5691,-0.61762965,0.1553698
5692,-0.7143908,0.35469782
5693,-0.6353923,0.15857683
5694,-0.547644,0.13582301
5695,-0.6111543,0.14337403
5696,-0.46997324,0.13255997
5697,-0.6041862,0.14040159
5698,-0.48059118,0.113925196
5699,-0.68748885,0.18385607
5700,-0.7784974,0.18766849
5701,-0.65430146,0.14631417
5702,-0.51025003,0.33422062
5703,-0.42990476,0.2941693
5704,-0.60375917,0.14253664
5705,-0.6506853,0.1540282
5706,-0.647831,0.1467247
5707,-0.53422076,0.15745129
5708,-0.9166771,0.40242735
5709,-0.65828454,0.33788374
5710,-0.5530966,0.13502626
5711,-0.70569587,0.3214519
5712,-0.5403086,0.13760127
5713,-0.59983325,0.1485757
5714,-0.55079615,0.30281374
5715,-0.51907575,0.14492963
5716,-0.617868,0.1406336
5717,-0.50009245,0.13389818
5718,-0.58719426,0.14318752
5719,-0.97771335,0.40723184
5720,-0.94286865,0.39408496
5721,-0.6909674,0.36051187
5722,-0.9439487,0.44562507
5723,-0.7040399,0.17710264
5724,-0.5574448,0.14009069
5725,-0.54075044,0.27742794
5726,-0.44146517,0.11668774
5727,-0.5981037,0.27891982
5728,-0.672769,0.16218297
5729,-0.6349767,0.15362051
5730,-0.821372,0.3552472
5731,-0.5147847,0.14372548
5732,-0.6407866,0.14734432
5733,-0.64371616,0.1625228
5734,-0.61122775,0.14606245
5735,-0.39090034,0.33131126
5736,-0.5561289,0.16775925
5737,-0.5243767,0.3119795
5738,-0.6893827,0.30424517
5739,-0.5621711,0.1303397
5740,-0.69976985,0.28134283
5741,-0.6700668,0.17730913
5742,-0.6131198,0.3380972
5743,-0.2577157,0.23342489
5744,-0.4826507,0.18639098
5745,-0.5919154,0.16512166
5746,-0.5305218,0.31128356
5747,-0.8355954,0.37263647
5748,-0.68245435,0.15929532
5749,-0.9706943,0.39388657
5750,-0.64166075,0.17032859
5751,-0.6213935,0.14722058
5752,-0.64263254,0.14645645
5753,-0.42468473,0.2861069
5754,-0.6036153,0.16038327
5755,-0.6115002,0.15506041
5756,-0.61779875,0.15850434
5757,-0.56887466,0.13533294
5758,-0.83253866,0.3624983
5759,-0.61077124,0.14213648
5760,-1.0954823,0.35542488
5761,-0.6537091,0.32837537
5762,-0.5942917,0.1576471
5763,-0.43520203,0.15575594
5764,-0.48863643,0.13082051
5765,-0.63724065,0.15330602
5766,-0.53788877,0.13318835
5767,-0.8473538,0.39666775
5768,-0.6602916,0.1460523
5769,-0.39732224,0.2360691
5770,-0.65665686,0.15834312
5771,-0.57949,0.15671767
5772,-0.68005884,0.3448591
5773,-0.5092172,0.33679667
5774,-0.69679385,0.16516428
5775,-0.6803867,0.15957421
5776,-0.3517366,0.10241909
5777,-0.76278794,0.3343526
5778,-0.64780265,0.14505918
5779,-1.039739,0.5025783
5780,-0.7571389,0.33000177
5781,-0.64353627,0.14994092
5782,-0.62751466,0.15176587
5783,-0.81330115,0.3502883
5784,-0.62681305,0.2727605
5785,-0.7396752,0.36880925
5786,-0.86446977,0.37315005
5787,-0.5767023,0.14859012
5788,-0.6749615,0.16177385
5789,-0.4794933,0.12100327
5790,-0.9297701,0.39358017
5791,-0.6168833,0.15082514
5792,-0.7771433,0.34983313
5793,-0.44761205,0.16875497
5794,-0.6948149,0.16800267
5795,-0.81953585,0.364258
5796,-0.90930754,0.39571184
5797,-0.59377843,0.33424336
5798,-0.63129634,0.15216917
5799,-0.55792606,0.16809945
5800,-0.6010863,0.14124171
5801,-0.8842084,0.32983577
5802,-0.5580681,0.14009175
5803,-0.47751498,0.118090704
5804,-0.6202039,0.14351651
5805,-0.56572795,0.20945998
5806,-0.9052878,0.38368404
5807,-0.7105167,0.16605586
5808,-0.61350435,0.15443748
5809,-0.57746303,0.1381128
5810,-0.585819,0.15050702
5811,-0.32225868,0.09632282
5812,-0.6653587,0.1352435
5813,-0.61440104,0.13975255
5814,-0.33366433,0.24056327
5815,-0.6261522,0.15379713
5816,-1.0171851,0.5000701
5817,-0.7307038,0.19664416
5818,-0.85009545,0.35387048
5819,-0.58223236,0.14063445
5820,-0.3816592,0.26087996
5821,-0.597029,0.12018924
5822,-0.58640236,0.1476329
5823,-0.5947482,0.14452426
5824,-0.61854357,0.34028336
5825,-0.66897,0.16218503
5826,-0.6868803,0.15678234
5827,-0.6728875,0.15387377
5828,-0.69148475,0.16070597
5829,-0.6276732,0.1548382
5830,-0.60704225,0.15441991
5831,-0.49224663,0.2713575
5832,-0.8696589,0.35447899
5833,-1.010161,0.42381626
5834,-0.69160736,0.16157256
5835,-0.6323124,0.29878533
5836,-0.6900236,0.18391332
5837,-0.7821826,0.31252012
5838,-0.6898133,0.16011599
5839,-0.6475354,0.15420999
5840,-0.72416395,0.3452657
5841,-0.49948642,0.12882468
5842,-0.6780756,0.16856547
5843,-0.64654106,0.14906968
5844,-0.6310772,0.1516666
5845,-0.61322284,0.14554027
5846,-0.5318289,0.1274246
5847,-0.5345998,0.12078977
5848,-0.5979872,0.15256348
5849,-0.637644,0.15596364
5850,-0.4897697,0.12003919
5851,-1.0114453,0.37936512
5852,-0.60828865,0.16259733
5853,-0.60173136,0.13682525
5854,-0.9390391,0.37706134
5855,-0.6801542,0.14611934
5856,-0.8958806,0.31896332
5857,-0.61664593,0.16890763
5858,-0.5677487,0.30789414
5859,-0.6750308,0.16570377
5860,-0.67468125,0.16756047
5861,-0.6496908,0.134714
5862,-0.67008555,0.15789169
5863,-0.675079,0.15677914
5864,-0.4989163,0.1273972
5865,-0.59237117,0.31979793
5866,-0.34536147,0.29876134
5867,-0.53036135,0.32909364
5868,-0.6137562,0.1429382
5869,-0.72252876,0.1694692
5870,-0.5584632,0.17995065
5871,-0.52891594,0.32504788
5872,-0.6606702,0.15648092
5873,-0.6371785,0.15338738
5874,-0.713899,0.15729512
5875,-0.4219128,0.12185189
5876,-0.5116283,0.12839206
5877,-0.35865352,0.28345096
5878,-0.5507396,0.26877943
5879,-0.7047301,0.17460576
5880,-0.65713036,0.15481828
5881,-0.69779766,0.15027279
5882,-0.6016685,0.12827428
5883,-0.87592906,0.38632774
5884,-0.7476578,0.2867439
5885,-0.44070944,0.1249432
5886,-1.0026599,0.4062699
5887,-0.29691187,0.09827028
5888,-0.66290826,0.14815232
5889,-0.6779787,0.3760164
5890,-0.60539854,0.14280777
5891,-0.6697138,0.16057956
5892,-0.5152481,0.12812503
5893,-0.7732752,0.34654316
5894,-0.60799634,0.14314602
5895,-0.6376727,0.156869
5896,-0.6714828,0.15898755
5897,-0.60786515,0.16461626
5898,-0.82675886,0.34053063
5899,-0.6384145,0.16196404
5900,-0.6375736,0.15619722
5901,-0.54807633,0.14503877
5902,-1.1625968,0.43959206
5903,-0.6322455,0.14763397
5904,-0.501261,0.1205794
5905,-0.5565507,0.15557359
5906,-0.6142887,0.16139738
5907,-1.067989,0.49695864
5908,-1.0009809,0.4523231
5909,-0.596253,0.18372065
5910,-0.504538,0.29171538
5911,-0.6222278,0.14764065
5912,-0.8684299,0.42721173
5913,-0.85469604,0.3974981
5914,-0.5829647,0.13885993
5915,-0.630495,0.17371073
5916,-0.686753,0.15413757
5917,-0.6649944,0.13806552
5918,-0.58426696,0.1515463
5919,-0.6158992,0.16577856
5920,-0.59529436,0.15153685
5921,-0.844481,0.3679318
5922,-0.46170408,0.13578953
5923,-0.6918743,0.34415305
5924,-0.8084447,0.34669903
5925,-0.63773984,0.15100017
5926,-0.92974377,0.39829955
5927,-0.6751377,0.16419485
5928,-0.50079507,0.12613235
5929,-0.4960091,0.15057838
5930,-0.7288511,0.17401554
5931,-0.6001873,0.14582594
5932,-0.5945475,0.13549711
5933,-0.63261026,0.15082876
5934,-0.7076868,0.31936607
5935,-0.7560618,0.29578915
5936,-0.66735226,0.31274667
5937,-0.5461071,0.14399828
5938,-1.0111347,0.38038057
5939,-0.52581424,0.2710753
5940,-0.5628589,0.14652362
5941,-0.637778,0.19035159
5942,-0.618377,0.28927755
5943,-0.609057,0.15182
5944,-0.51918,0.25178525
5945,-0.61136657,0.17009825
5946,-0.68686557,0.16533339
5947,-0.6682044,0.16231832
5948,-0.66762626,0.15198125
5949,-0.7486128,0.3461189
5950,-0.37706923,0.10449973
5951,-0.65637344,0.1485072
5952,-0.6653072,0.15837778
5953,-0.6958566,0.15306842
5954,-0.9001101,0.4215221
5955,-0.67576134,0.2656503
5956,-0.59774464,0.15415181
5957,-0.67094725,0.35144532
5958,-0.8560072,0.3654413
5959,-0.64163876,0.1763343
5960,-0.70529246,0.17282188
5961,-0.51840216,0.28586113
5962,-0.3823356,0.24919665
5963,-0.6120877,0.16150852
5964,-0.59941095,0.15331297
5965,-0.5839489,0.14818613
5966,-0.787072,0.38065082
5967,-0.8695433,0.41050547
5968,-0.572671,0.15791021
5969,-0.631514,0.15131919
5970,-0.7107085,0.31387487
5971,-0.9175704,0.3694474
5972,-0.9327478,0.37726128
5973,-0.5130674,0.29582587
5974,-0.6420653,0.16253304
5975,-0.50168043,0.13355234
5976,-0.46218127,0.1653059
5977,-0.7811484,0.32456073
5978,-0.45725095,0.12684889
5979,-0.81296575,0.30839494
5980,-0.80766004,0.29396096
5981,-0.4677958,0.116246454
5982,-1.1149324,0.49292693
5983,-0.6301632,0.15748781
5984,-0.6365195,0.3105643
5985,-0.61467266,0.16589125
5986,-0.35207352,0.12080858
5987,-0.49219093,0.122487076
5988,-0.73119104,0.17759773
5989,-0.81608343,0.36089137
5990,-0.7378965,0.38709417
5991,-0.4497993,0.11528167
5992,-0.6949811,0.16218261
5993,-0.59873325,0.14180338
5994,-0.65116227,0.35736823
5995,-0.91874593,0.3832106
5996,-0.7254291,0.1592817
5997,-0.62745076,0.1354728
5998,-0.6654981,0.17255008
5999,-0.62287796,0.1506886
6000,-0.8465276,0.37810117
6001,-0.65662867,0.1591464
6002,-0.7545251,0.18653479
6003,-1.069426,0.43065858
6004,-0.67600447,0.15652521
6005,-0.83719534,0.30077872
6006,-0.7121116,0.15776803
6007,-0.67644984,0.16019335
6008,-0.5789693,0.14587846
6009,-0.8840697,0.3639704
6010,-0.72172683,0.15878968
6011,-0.63313186,0.15879041
6012,-0.68255454,0.15526
6013,-0.7515683,0.36452708
6014,-0.7638229,0.28545335
6015,-0.62176996,0.13504916
6016,-0.6586092,0.14428315
6017,-0.69017744,0.2724255
6018,-0.89336395,0.359656
6019,-0.68157476,0.16191597
6020,-0.5915975,0.315283
6021,-0.57995766,0.15842676
6022,-0.6705665,0.14661813
6023,-0.63964283,0.15015292
6024,-0.4543194,0.1255933
6025,-1.0682218,0.41267127
6026,-0.57243043,0.3299611
6027,-0.653863,0.16847669
6028,-0.6794769,0.15713884
6029,-0.6733317,0.14956999
6030,-0.63805926,0.15394002
6031,-0.6099074,0.31274402
6032,-0.6155756,0.29561484
6033,-0.8300791,0.32961774
6034,-0.645928,0.315336
6035,-0.5888647,0.13831493
6036,-0.55424964,0.13456601
6037,-0.6288567,0.14831214
6038,0.013373865,0.10268177
6039,-0.59409285,0.15201987
6040,-0.4939184,0.12766875
6041,-0.68554443,0.31580102
6042,-0.6377521,0.1606472
6043,-0.9860954,0.41198257
6044,-0.6861442,0.2580653
6045,-0.59192085,0.14717695
6046,-0.7217891,0.1740946
6047,-0.5409951,0.1323359
6048,-0.6934331,0.15844254
6049,-0.5067525,0.12937693
6050,-0.98813593,0.4190489
6051,-0.66799355,0.14744766
6052,-0.58780193,0.13325016
6053,-1.0993577,0.4344858
6054,-0.5020781,0.12192811
6055,-0.8690586,0.3496799
6056,-0.6481188,0.14909619
6057,-0.7484528,0.37466726
6058,-0.81022173,0.30805972
6059,-0.61163116,0.15671323
6060,-0.6204706,0.15964204
6061,-0.5165789,0.16815072
6062,-0.53079075,0.14364588
6063,-0.7464005,0.38673976
6064,-0.7792023,0.34842113
6065,-0.6726188,0.36046156
6066,-0.6458601,0.14120306
6067,-0.59550387,0.15300632
6068,-0.4935319,0.28666523
6069,-0.28579262,0.23339672
6070,-0.82090086,0.34865263
6071,-0.5926309,0.15848829
6072,-0.6371349,0.14969204
6073,-0.46748653,0.10887598
6074,-0.79721576,0.35880178
6075,-0.72113144,0.24877565
6076,-0.5966497,0.14416674
6077,-0.91744953,0.38941646
6078,-0.5852437,0.29738355
6079,-0.6859543,0.17613155
6080,-0.7116846,0.32904908
6081,-0.65235585,0.18992151
6082,-0.6529046,0.14883249
6083,-0.6833105,0.1654887
6084,-0.6553059,0.15858887
6085,-0.57963574,0.13596393
6086,-0.570302,0.15729688
6087,-0.67941624,0.17530064
6088,-0.5829637,0.27183607
6089,-0.8336652,0.43784162
6090,-0.43077236,0.23103482
6091,-0.6516805,0.182571
6092,-0.6653518,0.15860079
6093,-0.65695983,0.17985258
6094,-0.714338,0.18400367
6095,-0.44107345,0.2390578
6096,-0.7328898,0.30289233
6097,-0.48455685,0.12551849
6098,-0.49392852,0.1213199
6099,-0.61641324,0.16710101
6100,-0.6876044,0.32807848
6101,-0.6839026,0.24419326
6102,-0.38737106,0.23371051
6103,-0.61073744,0.25602567
6104,-0.50799584,0.13083833
6105,-0.6658905,0.15586326
6106,-0.914853,0.34645927
6107,-0.6364133,0.1565031
6108,-0.64253324,0.16190206
6109,-0.62162745,0.15952493
6110,-0.84447056,0.37236497
6111,-1.0272034,0.42391673
6112,-0.5300628,0.15944718
6113,-0.6521731,0.16271468
6114,-0.9995274,0.51625043
6115,-0.71844846,0.35718286
6116,-0.5716519,0.13846973
6117,-0.66983014,0.15312828
6118,-0.95946443,0.41039062
6119,-0.6680922,0.18092369
6120,-0.6447792,0.15043545
6121,-0.54791856,0.13575964
6122,-0.579502,0.14381006
6123,-0.64415514,0.14318721
6124,-0.83233094,0.34033832
6125,-0.49555665,0.29247475
6126,-0.47255078,0.32189822
6127,-0.69562924,0.26891103
6128,-0.62915987,0.14560491
6129,-1.1190284,0.4230816
6130,-0.5704379,0.14786409
6131,-0.6522015,0.14201759
6132,-0.7915915,0.32691598
6133,-0.45460188,0.115692206
6134,-0.60707957,0.35923406
6135,-0.8097563,0.30363807
6136,-0.6298918,0.33024728
6137,-0.43974173,0.12179444
6138,-0.84551495,0.3995112
6139,-1.0232124,0.40598956
6140,-0.71526885,0.18484901
6141,-0.705298,0.16189694
6142,-0.53775173,0.13116112
6143,-0.43193877,0.24866067
6144,-0.564501,0.14835633
6145,-0.6128598,0.15061814
6146,-0.72440696,0.32836384
6147,-0.68741804,0.15939675
6148,-0.5327607,0.13827789
6149,-0.5342044,0.29397285
6150,-0.7952247,0.3330818
6151,-1.007059,0.31622952
6152,-0.650664,0.15301333
6153,-0.4896857,0.13234694
6154,-0.5885625,0.16126521
6155,-0.59327704,0.1432743
6156,-0.663219,0.14164558
6157,-0.61792564,0.1753398
6158,-0.92423743,0.45306656
6159,-0.6127195,0.17542793
6160,-0.85210663,0.35128954
6161,-0.66161513,0.16398346
6162,-0.46076047,0.1178823
6163,-1.0815005,0.39816743
6164,-0.5989695,0.14188561
6165,-0.608272,0.13424687
6166,-0.9421307,0.437886
6167,-0.4028285,0.15327969
6168,-0.6413891,0.15084691
6169,-0.6472543,0.15539472
6170,-0.5799131,0.14450598
6171,-0.6794683,0.16047369
6172,-0.5280484,0.12993878
6173,-0.9608517,0.36860842
6174,-0.45789984,0.11495819
6175,-0.66992915,0.34183988
6176,-0.6002854,0.15243334
6177,-0.6653579,0.15237576
6178,-0.8758201,0.3680527
6179,-0.6347535,0.1624329
6180,-0.5187239,0.28283188
6181,-0.5703408,0.30343038
6182,-0.6261591,0.14786044
6183,-0.64467204,0.16244505
6184,-0.6310548,0.13928698
6185,-0.6648451,0.1582873
6186,-0.6867148,0.15792702
6187,-0.78414834,0.31882605
6188,-0.61046845,0.14762785
6189,-0.5587837,0.14195496
6190,-0.7439763,0.29891083
6191,-0.616996,0.13687533
6192,-0.64159244,0.15697394
6193,-0.5649993,0.14602254
6194,-0.8599703,0.33011407
6195,-0.49033868,0.10994731
6196,-0.61777174,0.1451422
6197,-0.744912,0.32963678
6198,-0.44817984,0.18774268
6199,-0.50917596,0.12465474
6200,-0.9683544,0.42440626
6201,-0.6496,0.15562552
6202,-0.87924135,0.34307832
6203,-0.25505906,0.20585236
6204,-0.6556429,0.14960282
6205,-0.30559048,0.21835548
6206,-0.72710997,0.3385761
6207,-0.68715066,0.1536504
6208,-0.6142787,0.15018183
6209,-0.62599087,0.18204738
6210,-0.9655666,0.37237152
6211,-0.83853436,0.3072348
6212,-0.69431233,0.29323873
6213,-0.6051716,0.14940947
6214,-0.63431615,0.16162722
6215,-1.0511132,0.4829357
6216,-1.0772862,0.41829154
6217,-0.60760355,0.15612002
6218,-0.9401968,0.45855677
6219,-0.5545704,0.13759492
6220,-0.7643102,0.3597895
6221,-0.9475943,0.38205367
6222,-0.5817233,0.14174752
6223,-0.6562237,0.16666932
6224,-0.65596986,0.15699239
6225,-0.61954325,0.15736404
6226,-0.6472356,0.15506649
6227,-0.66166514,0.14450838
6228,-0.6062188,0.16934171
6229,-0.58055204,0.1442355
6230,-0.6578184,0.17427106
6231,-0.63538855,0.15257603
6232,-0.6816467,0.15110257
6233,-0.67903244,0.16301301
6234,-0.57868713,0.13383062
6235,-0.46949854,0.26587722
6236,-0.5181908,0.18978071
6237,-0.6115544,0.11711481
6238,-0.92591476,0.44231695
6239,-0.73155844,0.15995693
6240,-0.5357498,0.13616234
6241,-0.6139915,0.1634498
6242,-0.4862557,0.30678496
6243,-0.73071754,0.16987288
6244,-0.67969817,0.17321679
6245,-0.5148062,0.116338216
6246,-0.5924434,0.1481686
6247,-0.871837,0.37469864
6248,-0.6345134,0.14168787
6249,-0.58390653,0.17101093
6250,-0.46135086,0.114009075
6251,-0.6430085,0.15552482
6252,-0.52964664,0.12606657
6253,-0.6298368,0.14783815
6254,-0.5935515,0.3069655
6255,-0.71072894,0.31299236
6256,-0.44484726,0.12641174
6257,-0.6653314,0.3803037
6258,-0.6935984,0.16244899
6259,-0.5599914,0.14821579
6260,-0.6235468,0.13475877
6261,-0.69508505,0.32424784
6262,-0.61941105,0.17220716
6263,-0.5738337,0.31192926
6264,-0.5985536,0.16022047
6265,-0.55478096,0.13582264
6266,-0.7291022,0.17027067
6267,-0.93702036,0.35975227
6268,-0.6597304,0.164899
6269,-0.6492922,0.14826764
6270,-0.59135216,0.14450099
6271,-0.85071236,0.32818505
6272,-0.36382106,0.14291357
6273,-0.6615172,0.15511562
6274,-0.6503224,0.15038154
6275,-0.88180083,0.39249
6276,-0.63024163,0.16334036
6277,-0.85002816,0.34145552
6278,-0.7066716,0.16174468
6279,-0.59945744,0.13647924
6280,-0.81911486,0.37562603
6281,-0.50845885,0.13990128
6282,-0.86203337,0.36924973
6283,-0.51705027,0.24086459
6284,-0.60606354,0.146222
6285,-0.5245114,0.33333775
6286,-0.72254246,0.38860485
6287,-0.64568627,0.14617051
6288,-0.61740386,0.14444992
6289,-0.6106541,0.34251544
6290,-0.6541964,0.15131143
6291,-0.97911876,0.4149104
6292,-0.6862008,0.16545732
6293,-0.611169,0.14602694
6294,-0.64008,0.34129897
6295,-0.668111,0.15421176
6296,-0.9385313,0.41991407
6297,-0.54626817,0.14778216
6298,-0.7302125,0.29455203
6299,-0.617011,0.14595279
6300,-0.5473143,0.13872093
6301,-0.65633506,0.15456326
6302,-0.57669365,0.14163992
6303,-1.0073979,0.488066
6304,-0.48192108,0.120005764
6305,-0.58074373,0.1377579
6306,-1.114639,0.4732094
6307,-0.66503733,0.15942708
6308,-0.7733594,0.4021913
6309,-0.94586545,0.36018583
6310,-0.63716096,0.16389854
6311,-0.70100373,0.33285004
6312,-0.6714998,0.31407925
6313,-0.68874824,0.16667633
6314,-0.60570854,0.15888232
6315,-0.54330736,0.13910227
6316,-0.6708817,0.1767416
6317,-0.54697824,0.14885494
6318,-0.6473293,0.15026034
6319,-0.59873724,0.3756258
6320,-0.30016458,0.22382808
6321,-0.9338668,0.38079253
6322,-0.65317476,0.14953622
6323,-0.30077726,0.23060232
6324,-0.062627606,0.14204057
6325,-0.5565581,0.27577108
6326,-0.5913798,0.14801353
6327,-0.33529085,0.23569678
6328,-1.121176,0.47070745
6329,-0.8902659,0.41534495
6330,-0.65779287,0.15864098
6331,-0.50529397,0.12002615
6332,-0.5544827,0.14855562
6333,-0.8925171,0.3795501
6334,-0.61931574,0.15468362
6335,-0.7583378,0.37359673
6336,-0.73515016,0.4186922
6337,-0.5385508,0.13127954
6338,-0.61225927,0.16182937
6339,-0.74097943,0.3553649
6340,-0.75674635,0.37185994
6341,-1.1451484,0.42857918
6342,-0.7498728,0.17568545
6343,-0.50195205,0.15517871
6344,-0.81807387,0.31621262
6345,-0.6801612,0.18664253
6346,-0.5915707,0.33803603
6347,-0.8666723,0.35883346
6348,-0.6518332,0.15648688
6349,-0.4364869,0.105343916
6350,-0.5171675,0.20481603
6351,-0.8177345,0.36849335
6352,-0.43820834,0.2650033
6353,-0.79313916,0.356102
6354,-0.60180944,0.16247682
6355,-0.25861672,0.09303385
6356,-0.65327406,0.14686719
6357,-1.0101012,0.42072213
6358,-0.5044147,0.13517866
6359,-0.6442706,0.1579337
6360,-0.7137094,0.1639303
6361,-0.71656156,0.16206619
6362,-0.6179599,0.14643833
6363,-0.37970862,0.2670275
6364,-0.55533785,0.15479386
6365,-0.6535413,0.15545395
6366,-0.6174822,0.14563715
6367,-0.5720954,0.1708312
6368,-0.5446282,0.14352201
6369,-0.5560972,0.12972142
6370,-0.67761356,0.1466906
6371,-0.55392766,0.32982045
6372,-0.97079384,0.40548122
6373,-0.65588707,0.15517493
6374,-0.6510685,0.14876269
6375,-0.6375846,0.29000285
6376,-0.42511785,0.264815
6377,-0.8400601,0.3800958
6378,-0.61195785,0.15585074
6379,-0.43045864,0.28472483
6380,-0.99295765,0.440024
6381,-0.6400086,0.1393272
6382,-0.52854484,0.14921719
6383,-0.6033309,0.32853693
6384,-0.6568294,0.22146943
6385,-0.6383042,0.1453475
6386,-0.79322773,0.32102484
6387,-0.6575521,0.16974959
6388,-0.35466173,0.13239215
6389,-1.0606663,0.48089305
6390,-0.69940656,0.34415078
6391,-0.48932198,0.13214022
6392,-0.5188121,0.30641153
6393,-0.66845924,0.31802678
6394,-0.7445558,0.17195311
6395,-0.81754285,0.355448
6396,-0.67671317,0.17359434
6397,-0.45975742,0.12970433
6398,-0.60879797,0.13964541
6399,-0.971218,0.3964204
6400,-0.8205913,0.3316011
6401,-0.61248296,0.15226437
6402,-0.5748313,0.14391495
6403,-0.80489117,0.34510332
6404,-0.6406342,0.14820857
6405,-0.5862945,0.13988553
6406,-0.65925807,0.15181673
6407,-0.7178181,0.27955633
6408,-0.5523823,0.144622
6409,-0.6021918,0.14644895
6410,-0.95917803,0.36789453
6411,-0.64819026,0.16293405
6412,-0.61818534,0.16053867
6413,-0.66893595,0.32850406
6414,-0.69320667,0.1595895
6415,-0.5351567,0.2768269
6416,-0.573127,0.130495
6417,-0.82848597,0.38366646
6418,-0.512232,0.14910497
6419,-1.0606782,0.48720923
6420,-0.64869714,0.15667202
6421,-0.6313618,0.14413734
6422,-0.7423226,0.16411538
6423,-0.6804845,0.17089526
6424,-0.600845,0.14607772
6425,-0.9129459,0.42483357
6426,-0.5916728,0.14820738
6427,-0.60274714,0.1361244
6428,-0.46653765,0.11579422
6429,-0.53253704,0.127782
6430,-0.59569657,0.15686901
6431,-0.7047876,0.16688831
6432,-0.8880841,0.36320692
6433,-0.6371418,0.15184177
6434,-0.98564947,0.36587003
6435,-0.52856463,0.14576182
6436,-0.62328345,0.15256277
6437,-1.029008,0.4319757
6438,-0.8288309,0.37312204
6439,-0.48801404,0.13065608
6440,-0.66402185,0.14729497
6441,-0.6600936,0.1568863
6442,-0.6430678,0.14346206
6443,-0.67742425,0.16660208
6444,-0.62517256,0.14708725
6445,-0.9482144,0.40831912
6446,-0.41121915,0.28894347
6447,-0.5445635,0.13935885
6448,-0.61856127,0.14423153
6449,-0.8942568,0.46053752
6450,-0.7888562,0.34546795
6451,-1.0178694,0.4614256
6452,-0.64830166,0.16361363
6453,-0.8636862,0.37679276
6454,-0.6605933,0.15696262
6455,-0.60190165,0.14147195
6456,-0.6274003,0.14848702
6457,-0.39617693,0.25485444
6458,-0.5802547,0.33360416
6459,-0.63477045,0.15293275
6460,-0.7607115,0.3529214
6461,-0.8452867,0.36721227
6462,-0.6951028,0.15272738
6463,-0.68380105,0.16518779
6464,-0.6920393,0.31880397
6465,-0.9023806,0.36330324
6466,-0.6168024,0.15002728
6467,-0.5758992,0.12987727
6468,-0.61497736,0.13886419
6469,-0.62304455,0.1442665
6470,-0.44779962,0.27371287
6471,-0.45328104,0.29315475
6472,-0.801611,0.28730488
6473,-0.6671593,0.3369008
6474,-0.5773813,0.14662445
6475,-0.64063007,0.14399825
6476,-0.70614624,0.34685934
6477,-0.6419085,0.15343332
6478,-0.6850182,0.15681124
6479,-0.6803308,0.2695933
6480,-0.9356937,0.39836633
6481,-0.67561305,0.15381691
6482,-0.6733836,0.1555916
6483,-1.1169362,0.5060359
6484,-0.78600436,0.37301895
6485,-0.8675067,0.37455913
6486,-0.4581767,0.12851524
6487,-0.62368274,0.14074562
6488,-0.66004926,0.1600267
6489,-0.7313231,0.17733715
6490,-0.62629056,0.17568105
6491,-0.47492227,0.29312527
6492,-0.67135626,0.15035324
6493,-0.64605856,0.15778089
6494,-0.6054324,0.1506847
6495,-0.9285586,0.47156706
6496,-0.62153596,0.16269828
6497,-0.62715316,0.19680901
6498,-0.6476487,0.19271342
6499,-0.6463791,0.15417337
6500,-1.340977,0.51969683
6501,-0.9427217,0.4077569
6502,-0.5625661,0.28246233
6503,-0.64949954,0.16076516
6504,-0.63841003,0.16574408
6505,-0.64093244,0.16206239
6506,-0.7246927,0.15671231
6507,-0.73876345,0.31831026
6508,-1.1277909,0.48628116
6509,-0.6515615,0.34476978
6510,-0.58173394,0.12591238
6511,-0.47880995,0.12129004
6512,-0.70101994,0.32145056
6513,-0.5999535,0.15944272
6514,-0.7770998,0.37329286
6515,-0.5748163,0.29360938
6516,-0.6455789,0.14284405
6517,-0.9752121,0.41495776
6518,-0.54770577,0.14118958
6519,-0.7599415,0.33925068
6520,-0.5492649,0.33908576
6521,-0.6938949,0.15172619
6522,-0.86681974,0.3852029
6523,-0.8235904,0.33991468
6524,-0.66225064,0.15317018
6525,-0.61020136,0.1381971
6526,-0.76794285,0.3674125
6527,-0.56016797,0.14595145
6528,-0.46376038,0.118018426
6529,-0.543425,0.14473413
6530,-0.6280366,0.3061355
6531,-1.0305281,0.47905686
6532,-0.4559582,0.11811338
6533,-0.5996913,0.1495453
6534,-0.64324987,0.160613
6535,-0.6152034,0.14875011
6536,-0.59924096,0.15484816
6537,-0.6633908,0.1582445
6538,-0.6997795,0.3926573
6539,-0.6939745,0.32287118
6540,-0.511891,0.1680341
6541,-0.626511,0.16198768
6542,-0.75641865,0.3272376
6543,-1.1795728,0.48386437
6544,-0.59953064,0.15795606
6545,-0.8992349,0.42066646
6546,-0.5540719,0.25584912
6547,-0.6040633,0.148177
6548,-0.68434834,0.2909703
6549,-0.77331847,0.34238547
6550,-0.6309995,0.15273634
6551,-0.6570843,0.14930704
6552,-0.61364955,0.24601981
6553,-0.42017257,0.16236453
6554,-0.5977508,0.14717565
6555,-0.7380075,0.36238346
6556,-0.46991965,0.117122024
6557,-0.8573107,0.37725493
6558,-0.62817436,0.14764841
6559,-0.6181737,0.28610897
6560,-0.6780747,0.16041426
6561,-0.50523716,0.14079405
6562,-0.7859349,0.39126435
6563,-1.3444327,0.5132391
6564,-0.6907868,0.25666434
6565,-0.9175438,0.39922142
6566,-0.64951015,0.15815832
6567,-0.6184219,0.13946888
6568,-0.55792767,0.15128656
6569,-0.5342997,0.13728724
6570,-0.55817044,0.13521013
6571,-0.7222896,0.36858076
6572,-0.7481177,0.31320328
6573,-0.58948696,0.13867222
6574,-1.0041386,0.4066749
6575,-0.58233297,0.30155146
6576,-0.8874481,0.39385307
6577,-0.58417684,0.1479621
6578,-0.5609527,0.13346885
6579,-0.8642216,0.41351372
6580,-0.5175621,0.1209911
6581,-0.5162543,0.29412732
6582,-0.7407552,0.18383177
6583,-1.0620157,0.41607514
6584,-0.9003736,0.40428668
6585,-0.63441247,0.14873527
6586,-0.8773206,0.33496442
6587,-0.6984474,0.14852203
6588,-0.55502623,0.14524354
6589,-0.6422156,0.15501185
6590,-0.64463526,0.1587979
6591,-0.69127554,0.15526181
6592,-0.82853293,0.35904762
6593,-0.43370986,0.25831115
6594,-0.6116423,0.14293702
6595,-0.64546466,0.16495493
6596,-0.8832595,0.3488175
6597,-0.8409182,0.35693762
6598,-0.5367745,0.13426486
6599,-0.5035085,0.13378549
6600,-0.7641009,0.33046544
6601,-0.604348,0.15336472
6602,-0.39770523,0.25097343
6603,-0.56595725,0.34932742
6604,-0.7070088,0.16861218
6605,-0.63593054,0.15683211
6606,-0.76006573,0.19734289
6607,-0.61678505,0.15600267
6608,-0.9430765,0.42182854
6609,-0.6226065,0.30181867
6610,-0.92204523,0.46104103
6611,-0.6138299,0.1540104
6612,-0.64408845,0.16641486
6613,-0.78377426,0.29130298
6614,-0.6397149,0.16070323
6615,-0.6093141,0.13292876
6616,-0.8010623,0.3465069
6617,-0.6978812,0.16585039
6618,-0.5955747,0.14505136
6619,-0.5441323,0.13003695
6620,-0.5809931,0.1404106
6621,-0.4865544,0.12961926
6622,-0.5639852,0.1497574
6623,-0.5258222,0.13142948
6624,-0.63811463,0.15701535
6625,-0.60360456,0.18505998
6626,-0.47806722,0.11955853
6627,-0.902594,0.36104122
6628,-0.99533814,0.38952148
6629,-0.67675865,0.16677624
6630,-0.44083342,0.33264187
6631,-0.79499,0.35498384
6632,-0.6752204,0.16327643
6633,-0.6956964,0.1660436
6634,-0.7079904,0.36478618
6635,-1.0340928,0.37999767
6636,-0.8258859,0.32874703
6637,-0.67596245,0.14666615
6638,-0.57824516,0.14587812
6639,-0.66083956,0.16624478
6640,-0.54015607,0.113329366
6641,-1.0406556,0.4428619
6642,-0.64403015,0.14869915
6643,-0.46574667,0.25638202
6644,-0.555607,0.17079486
6645,-0.6287263,0.15117556
6646,-0.7204535,0.33773106
6647,-0.6090738,0.18180025
6648,-0.6272683,0.31552273
6649,-0.65485275,0.15268813
6650,-0.474686,0.123194
6651,-0.576344,0.13156237
6652,-0.8280837,0.42710355
6653,-0.5630972,0.14351323
6654,-0.66149586,0.1578003
6655,-1.0256604,0.39014596
6656,-0.6218716,0.13904351
6657,-0.52556556,0.15744795
6658,-0.4105268,0.111724116
6659,-1.1325979,0.42747894
6660,-0.52695876,0.16443278
6661,-0.4155347,0.26849842
6662,-0.8027339,0.3481395
6663,-0.62898993,0.15374337
6664,-0.67799836,0.15953451
6665,-0.7069355,0.17802766
6666,-0.567414,0.28601643
6667,-0.6898813,0.1674073
6668,-0.59212375,0.132443
6669,-0.5385014,0.12873936
6670,-0.51494473,0.13907425
6671,-0.47026214,0.12158107
6672,-0.82571703,0.3045265
6673,-0.52163756,0.1911904
6674,-0.5659156,0.13044938
6675,-0.46513534,0.28333876
6676,-0.7709411,0.1714346
6677,-0.6844566,0.15148382
6678,-0.6996067,0.14958733
6679,-0.56404084,0.14908606
6680,-0.6518864,0.15460588
6681,-0.56695276,0.27277425
6682,-0.57959604,0.15568185
6683,-0.68756646,0.17263451
6684,-0.452071,0.26504
6685,-0.57462937,0.14928587
6686,-0.69554716,0.16625649
6687,-0.67150295,0.3183582
6688,-0.5367524,0.14748764
6689,-0.9174459,0.41985032
6690,-0.67117494,0.15580948
6691,-0.87068045,0.36198947
6692,-0.65919244,0.15695727
6693,-0.3696897,0.26586002
6694,-0.5223795,0.14603534
6695,-0.5437372,0.13860409
6696,-0.65166587,0.14428756
6697,-0.51564276,0.13252784
6698,-0.487347,0.2603865
6699,-0.7053272,0.365179
6700,-0.55852854,0.1948452
6701,-0.6830273,0.3400937
6702,-0.5872789,0.1737005
6703,-0.5510239,0.13337709
6704,-0.9358215,0.42622784
6705,-0.8655155,0.38408768
6706,-0.637207,0.33387277
6707,-0.66457444,0.1496478
6708,-0.8177181,0.40666884
6709,-0.9151607,0.3876019
6710,-0.51280767,0.19987673
6711,-0.55174404,0.14384805
6712,-0.7246834,0.26826626
6713,-0.85915047,0.3951943
6714,-0.6258669,0.30905187
6715,-0.6256833,0.15643698
6716,-0.61172634,0.13246924
6717,-0.8376212,0.33323774
6718,-0.7036592,0.150425
6719,-0.6027307,0.15551911
6720,-0.49420917,0.12784973
6721,-0.41617304,0.16942441
6722,-0.66495115,0.15640953
6723,-0.68305504,0.15486927
6724,-0.5712983,0.23547813
6725,-0.64315987,0.16172524
6726,-0.6202704,0.14031059
6727,-0.5917574,0.1512456
6728,-0.669896,0.16018818
6729,-0.66644347,0.15233423
6730,-0.60030043,0.14412965
6731,-0.2931815,0.20813632
6732,-0.49665922,0.13172187
6733,-1.0165815,0.41364506
6734,-0.6548621,0.15908805
6735,-0.6390918,0.16377765
6736,-1.0230892,0.43493053
6737,-0.6852608,0.33752012
6738,-0.64838684,0.15978056
6739,-0.5216069,0.1430511
6740,-0.6141012,0.15408166
6741,-0.5846166,0.13791901
6742,-0.6292674,0.15487996
6743,-0.8155316,0.3628792
6744,-1.0498105,0.4063532
6745,-0.6705875,0.14806284
6746,-0.83760625,0.32639775
6747,-0.6470664,0.14824015
6748,-0.68497896,0.16161758
6749,-0.8699924,0.34234047
6750,-0.60346746,0.15627046
6751,-0.6568413,0.15055285
6752,-0.5297137,0.3043046
6753,-0.6005768,0.14672162
6754,-0.573241,0.16266789
6755,-0.6055907,0.13083316
6756,-0.8149648,0.355734
6757,-0.58792543,0.23554446
6758,-0.604452,0.17523555
6759,-0.63156694,0.1574705
6760,-0.66121846,0.15071382
6761,-0.5987071,0.14491329
6762,-0.50792915,0.12756361
6763,-0.5030743,0.26981473
6764,-0.6588304,0.15457506
6765,-1.0198686,0.4321593
6766,-0.8573454,0.417344
6767,-0.9424764,0.3957288
6768,-0.997672,0.47879323
6769,-0.71940243,0.17434327
6770,-0.6914422,0.30927604
6771,-0.66465026,0.15275213
6772,-0.6277558,0.13737579
6773,-0.5387461,0.135099
6774,-0.62334704,0.14978552
6775,-0.85191643,0.33088395
6776,-0.63641554,0.15814398
6777,-1.0423924,0.4090273
6778,-0.8752108,0.350526
6779,-0.59582746,0.15833837
6780,-0.5338235,0.19029886
6781,-0.47036615,0.13275747
6782,-0.43995312,0.13916878
6783,-0.60412735,0.13549803
6784,-0.6770555,0.1635241
6785,-0.42656153,0.13731363
6786,-0.49766585,0.13049349
6787,-0.5930762,0.33452356
6788,-0.64764184,0.13449973
6789,-0.8017408,0.3461746
6790,-0.6471334,0.14739211
6791,-0.70030385,0.17362042
6792,-0.6479522,0.21549098
6793,-0.7142004,0.36819717
6794,-0.7037533,0.31066906
6795,-0.564228,0.15835963
6796,-0.62832,0.14152968
6797,-0.7959465,0.3206175
6798,-0.80431134,0.3495468
6799,-0.5494071,0.14020263
6800,-0.54676986,0.14140043
6801,-0.61941546,0.30401322
6802,-0.7619978,0.43339133
6803,-0.6212559,0.15574579
6804,-0.63869953,0.18278341
6805,-0.9471571,0.37806922
6806,-0.68415177,0.25322163
6807,-0.63563025,0.16166815
6808,-0.63798773,0.16190453
6809,-0.6676258,0.2918321
6810,-0.6919222,0.30193394
6811,-1.027664,0.3704603
6812,-0.7736125,0.31744626
6813,-0.76486677,0.3634358
6814,-0.49073738,0.26215443
6815,-0.5450835,0.12679988
6816,-0.7681853,0.28337124
6817,-0.6119394,0.27141258
6818,-0.5603283,0.14571895
6819,-0.6146238,0.12578252
6820,-0.9992641,0.39696538
6821,-1.0119315,0.409648
6822,-0.6084516,0.14678468
6823,-0.61977845,0.15214652
6824,-0.60377896,0.14498305
6825,-0.68095624,0.17121328
6826,-0.67444676,0.16123448
6827,-0.8515001,0.3527844
6828,-0.6601519,0.15556076
6829,-0.48647904,0.14861478
6830,-0.5971424,0.1457075
6831,-0.47856885,0.12832028
6832,-0.6474353,0.1525463
6833,-0.6033407,0.14840621
6834,-0.48239085,0.12482513
6835,-0.7639417,0.31263024
6836,-0.7281093,0.15640265
6837,-0.6374247,0.15629719
6838,-1.1692514,0.49585164
6839,-0.77882105,0.38711745
6840,-0.3932966,0.26592997
6841,-0.6443044,0.15266919
6842,-0.6293155,0.15554468
6843,-0.7413447,0.1597952
6844,-0.51785153,0.12695487
6845,-0.46935606,0.13105254
6846,-0.65690047,0.16094722
6847,-0.6084998,0.35163572
6848,-0.6238201,0.16642652
6849,-0.6455948,0.16071405
6850,-0.5652857,0.15211263
6851,-0.9354853,0.43786284
6852,-0.87558925,0.37450024
6853,-0.6883621,0.30039936
6854,-0.6220117,0.14893314
6855,-0.98609096,0.37456834
6856,-0.5787302,0.14701262
6857,-0.65813696,0.15043537
6858,-0.74822116,0.16331574
6859,-0.5474158,0.30251047
6860,-0.69507164,0.3226536
6861,-0.7209347,0.1720072
6862,-0.74870867,0.3180505
6863,-0.61856866,0.14747997
6864,-0.67327183,0.2610505
6865,-0.63781464,0.1437864
6866,-0.57280564,0.24640138
6867,-0.6391273,0.14675488
6868,-0.62457955,0.14791743
6869,-0.5780838,0.20402882
6870,-0.67684585,0.15477532
6871,-0.53687626,0.14715634
6872,-0.35341242,0.24801679
6873,-0.6262195,0.2176412
6874,-0.7058917,0.16177434
6875,-0.61310357,0.16119574
6876,-0.66765976,0.29737273
6877,-0.6481553,0.15719213
6878,-0.5561008,0.28291067
6879,-0.59005916,0.29246965
6880,-0.59525055,0.14298528
6881,-0.6149848,0.15404905
6882,-0.8432555,0.30973876
6883,-0.59833384,0.1450161
6884,-0.70980996,0.16208881
6885,-0.67981374,0.16509041
6886,-0.53254783,0.31679648
6887,-0.58520275,0.16414255
6888,-0.33843336,0.23278871
6889,-0.7188542,0.18075588
6890,-0.8917062,0.35812578
6891,-0.6260296,0.16984059
6892,-0.5810306,0.1365735
6893,-0.5463509,0.24783151
6894,-0.5923295,0.16118582
6895,-0.66843075,0.32876956
6896,-0.66415334,0.35775733
6897,-0.6150607,0.14870562
6898,-0.6302188,0.14266974
6899,-0.9612592,0.4138889
6900,-0.9184591,0.37100413
6901,-0.5831602,0.14580297
6902,-0.68043,0.16182882
6903,-0.89702535,0.41366717
6904,-0.49553078,0.14829925
6905,-0.49740154,0.12789391
6906,-0.6551511,0.16031894
6907,-0.6377294,0.14451532
6908,-0.6932629,0.17166717
6909,-0.921334,0.42696267
6910,-0.644549,0.3118699
6911,-0.90878475,0.34599456
6912,-0.83291686,0.38603407
6913,-0.6712152,0.19116455
6914,-0.28715926,0.10409975
6915,-0.6231492,0.13923232
6916,-0.5336605,0.1601934
6917,-0.8186009,0.2794287
6918,-0.56654155,0.1589407
6919,-0.64421034,0.16152863
6920,-0.62822634,0.1496495
6921,-1.0427635,0.43431577
6922,-0.63780934,0.15232731
6923,-0.5207921,0.31065232
6924,-0.75210184,0.34016272
6925,-0.88533026,0.42784107
6926,-0.91716194,0.3579371
6927,-0.5521632,0.13471545
6928,-0.5865862,0.28984365
6929,-0.85993516,0.3580906
6930,-0.6219329,0.15531382
6931,-0.5839158,0.16438401
6932,-0.63885987,0.15258773
6933,-0.60409373,0.14695998
6934,-0.53062886,0.13401693
6935,-0.8048323,0.35283756
6936,-0.46651065,0.12508415
6937,-0.4987955,0.24332666
6938,-1.035604,0.42452547
6939,-0.6738274,0.15391944
6940,-0.54972315,0.14713977
6941,-0.6251448,0.14824809
6942,-0.70452607,0.38468805
6943,-0.54603684,0.29376855
6944,-0.67970705,0.17419416
6945,-0.53402406,0.13179258
6946,-0.74366665,0.37425056
6947,-0.52694565,0.13471714
6948,-0.5804393,0.15727948
6949,-0.42454702,0.25948462
6950,-0.80618715,0.29652753
6951,-0.34414428,0.22906989
6952,-0.69951355,0.18527305
6953,-0.80147684,0.3306096
6954,-0.596137,0.124865636
6955,-1.0302832,0.40272427
6956,-0.6022925,0.15052715
6957,-0.6697354,0.3610248
6958,-0.61836344,0.1512238
6959,-0.5928296,0.14799692
6960,-1.3435136,0.48830023
6961,-0.4285559,0.24562791
6962,-0.6743044,0.1763326
6963,-0.45612586,0.12740009
6964,-0.3653635,0.27411795
6965,-0.63829726,0.15500724
6966,-0.75798595,0.28494686
6967,-0.5623468,0.30621243
6968,-0.6251493,0.1466025
6969,-0.88655627,0.36634144
6970,-0.5622837,0.12767619
6971,-0.33398062,0.14684471
6972,-0.7094743,0.30199537
6973,-0.7202686,0.27157882
6974,-0.8604187,0.35476813
6975,-0.62453645,0.37731114
6976,-0.57791775,0.15718414
6977,-0.6860888,0.16422625
6978,-0.27551436,0.16208759
6979,-0.5350918,0.12649252
6980,-1.038869,0.4795006
6981,-0.6396583,0.23903929
6982,-0.63752115,0.36007598
6983,-0.49501303,0.13026527
6984,-0.6386024,0.14620687
6985,-0.655026,0.31757623
6986,-0.6705285,0.16586314
6987,-0.65423095,0.16322148
6988,-0.6562854,0.13789506
6989,-0.45896935,0.19070402
6990,-0.912635,0.39351282
6991,-0.6200236,0.13868453
6992,-0.7269071,0.27322507
6993,-0.5017734,0.119172335
6994,-0.36843678,0.10183999
6995,-0.5939388,0.13945669
6996,-0.84119856,0.41376308
6997,-0.93495375,0.35180992
6998,-0.5254102,0.13067374
6999,-0.6176935,0.14762999
7000,-0.62884754,0.14950192
7001,-0.6900983,0.15257455
7002,-0.78173834,0.34028816
7003,-0.505806,0.14499688
7004,-0.61844456,0.14898297
7005,-0.80651647,0.33201057
7006,-0.53833807,0.124700546
7007,-0.6596227,0.16419162
7008,-0.8112161,0.31578913
7009,-0.4660824,0.1384127
7010,-1.1204401,0.44139355
7011,-0.6561424,0.14748052
7012,-0.87320435,0.37738204
7013,-0.44144326,0.12760879
7014,-0.7833051,0.1780821
7015,-0.66591257,0.14793465
7016,-0.6067174,0.18331961
7017,-0.6298122,0.13792916
7018,-0.7970763,0.33314785
7019,-0.67899317,0.15464824
7020,-0.65308815,0.1425823
7021,-0.67055744,0.35933146
7022,-0.5153746,0.1349219
7023,-0.5978582,0.14647323
7024,-0.6616291,0.14297977
7025,-0.629232,0.1506998
7026,-0.91788954,0.44750267
7027,-0.80551046,0.35527343
7028,-0.51538366,0.137193
7029,-0.7939155,0.36396754
7030,-0.67374754,0.1600337
7031,-0.89372087,0.38396636
7032,-0.6937834,0.25135168
7033,-0.6211508,0.14597948
7034,-0.9078013,0.3970285
7035,-0.56211835,0.14192176
7036,-0.620295,0.14956607
7037,-0.5640846,0.13224536
7038,-0.7182437,0.17019054
7039,-0.6711648,0.15029705
7040,-0.5996688,0.14078948
7041,-0.6435514,0.15427826
7042,-0.56857944,0.30415314
7043,-0.76115483,0.27683696
7044,-0.6325447,0.15491979
7045,-0.54318213,0.1400012
7046,-0.682417,0.24990596
7047,-0.60994387,0.18069017
7048,-0.5966895,0.30104113
7049,-0.6216329,0.15824582
7050,-0.58639574,0.1476695
7051,-0.55504966,0.30667624
7052,-0.5372932,0.16098501
7053,-0.591222,0.14955063
7054,-0.6988953,0.16443028
7055,-0.6524872,0.14920674
7056,-0.70501393,0.18164043
7057,-0.5264768,0.14378206
7058,-0.64393294,0.16204822
7059,-0.7060374,0.34323078
7060,-0.60768396,0.17602485
7061,-0.9824216,0.41515562
7062,-0.597613,0.14934808
7063,-0.5432861,0.13882649
7064,-0.823869,0.34296495
7065,-0.55734366,0.15352501
7066,-0.57819057,0.13837527
7067,-0.6555232,0.15480801
7068,-0.67514867,0.16125783
7069,-0.75623095,0.37660557
7070,-0.6774486,0.3322041
7071,-0.48529106,0.3056541
7072,-0.4856251,0.32473978
7073,-0.6252904,0.14852536
7074,-0.64917564,0.1459826
7075,-0.651723,0.15852128
7076,-0.52879715,0.17342766
7077,-0.5769813,0.15485996
7078,-0.47600567,0.11745479
7079,-0.48405108,0.121139005
7080,-0.77039415,0.3307581
7081,-0.5906101,0.16444679
7082,-0.51633316,0.12451452
7083,-0.96799254,0.39091474
7084,-0.70112354,0.16392978
7085,-0.8951633,0.3833477
7086,-0.5634882,0.15977429
7087,-0.5970287,0.14022726
7088,-0.662178,0.14938839
7089,-0.9690809,0.38631228
7090,-0.65499175,0.15296102
7091,-0.89812315,0.33287704
7092,-0.7051096,0.37915203
7093,-0.66724735,0.17453586
7094,-1.001635,0.369829
7095,-0.87441087,0.34081423
7096,-1.024356,0.42549595
7097,-0.63261354,0.16327353
7098,-0.64261484,0.14239047
7099,-0.59402025,0.13912681
7100,-0.6805871,0.14976282
7101,-0.67843944,0.15282474
7102,-0.5883262,0.14695354
7103,-0.44985625,0.27699053
7104,-0.58177423,0.32763922
7105,-1.0638063,0.45624477
7106,-0.7135163,0.17048912
7107,-0.62662995,0.14148152
7108,-0.6126857,0.15745619
7109,-0.7188255,0.17688662
7110,-0.51290065,0.27765325
7111,-0.66552603,0.16999109
7112,-0.6041394,0.1752795
7113,-0.75820476,0.17340153
7114,-0.64177394,0.14725552
7115,-0.65394145,0.15071385
7116,-1.0176021,0.37834466
7117,-0.7076293,0.1794434
7118,-0.75060254,0.3892142
7119,-0.46311095,0.12689458
7120,-0.6539674,0.15118589
7121,-0.658379,0.19171295
7122,-0.9037971,0.3779256
7123,-0.6656345,0.16714013
7124,-0.20644127,0.09998155
7125,-0.60829896,0.31192073
7126,-0.6982384,0.1652764
7127,-0.47853285,0.30636185
7128,-0.529661,0.13197158
7129,-0.68898505,0.17225817
7130,-0.6580939,0.16548622
7131,-0.61298305,0.1627097
7132,-0.65879273,0.14680584
7133,-0.5709152,0.1432836
7134,-0.99219203,0.43250564
7135,-0.54331815,0.27340308
7136,-0.6331924,0.16215737
7137,-0.5370047,0.16160022
7138,-0.6760273,0.1509913
7139,-0.60387546,0.15005709
7140,-0.40818143,0.24070106
7141,-0.58689374,0.14965235
7142,-0.66785955,0.17166194
7143,-0.72465426,0.37223414
7144,-0.6051202,0.14416645
7145,-0.6113418,0.13457082
7146,-0.626009,0.14970575
7147,-0.8995117,0.38963166
7148,-0.649915,0.16453382
7149,-0.9756379,0.4880586
7150,-0.22902219,0.26335016
7151,-0.4906922,0.12381407
7152,-0.94943005,0.36209613
7153,-0.67154866,0.16169219
7154,-0.5049242,0.13775644
7155,-0.6124012,0.31453577
7156,-0.25911188,0.19686577
7157,-0.60646534,0.14264259
7158,-0.6008462,0.3475648
7159,-0.65114033,0.14898743
7160,-0.9151087,0.33672887
7161,-0.69500405,0.37196767
7162,-0.45136735,0.16114251
7163,-0.6019592,0.32709485
7164,-0.49937123,0.11608747
7165,-0.52956384,0.118655935
7166,-0.4039935,0.25504598
7167,-0.8912199,0.4146802
7168,-0.5635405,0.23062173
7169,-0.61391896,0.1363405
7170,-0.7206373,0.1642541
7171,-0.61977446,0.1388407
7172,-0.8454312,0.32040307
7173,-0.62016624,0.15712488
7174,-0.482313,0.12810387
7175,-0.60433984,0.31121603
7176,-0.73438483,0.2848857
7177,-0.63669926,0.14480087
7178,-0.5663231,0.16753142
7179,-0.5192878,0.2979579
7180,-0.71060646,0.30328026
7181,-0.6512911,0.1493145
7182,-0.6066515,0.14447105
7183,-0.4563767,0.24945231
7184,-0.766967,0.19943519
7185,-0.6935628,0.16810615
7186,-0.63935834,0.287555
7187,-0.8459907,0.3356884
7188,-0.6282429,0.14151141
7189,-0.6507386,0.1448257
7190,-1.062441,0.36864054
7191,-0.57339454,0.1438702
7192,-0.59153646,0.13711803
7193,-0.80925053,0.39884976
7194,-0.6804405,0.16273987
7195,-0.9817893,0.46586505
7196,-0.9700355,0.4095173
7197,-0.8732712,0.4483756
7198,-0.68080586,0.1711048
7199,-0.7457675,0.15662712
7200,-0.49446192,0.2741259
7201,-0.62158114,0.14667003
7202,-0.6882326,0.15414988
7203,-0.47615325,0.12632823
7204,-0.6225442,0.26220298
7205,-0.9424176,0.36993733
7206,-0.4808349,0.13145296
7207,-0.6568187,0.16725868
7208,-0.68368894,0.16404983
7209,-0.88253117,0.33860555
7210,-0.656529,0.15809575
7211,-0.6681128,0.15659255
7212,-0.58441275,0.1641038
7213,-0.87645584,0.38758504
7214,-0.6207455,0.32534683
7215,-0.91770136,0.34957898
7216,-0.97823435,0.45377615
7217,-0.6467641,0.18073452
7218,-0.52464,0.25055882
7219,-0.55980223,0.17090109
7220,-0.61639434,0.14241736
7221,-0.3672887,0.13225915
7222,-0.49741796,0.12509085
7223,-0.8750539,0.3847472
7224,-0.88947767,0.41739714
7225,-0.674533,0.14678429
7226,-0.85625577,0.32328802
7227,-0.54395115,0.33125567
7228,-0.50367177,0.1673349
7229,-0.50382495,0.19635227
7230,-0.591763,0.1482005
7231,-0.57908463,0.16662408
7232,-0.6554123,0.14674854
7233,-0.3646415,0.24583794
7234,-0.5876884,0.12384484
7235,-0.4589332,0.13069682
7236,-0.7492758,0.36375207
7237,-0.5832205,0.12110796
7238,-0.6334797,0.13432051
7239,-0.90175354,0.38194168
7240,-0.63485503,0.14417203
7241,-0.6160704,0.15162767
7242,-0.65706927,0.14807107
7243,-0.8129061,0.39721793
7244,-0.9042525,0.38977095
7245,-0.6703091,0.17194007
7246,-0.7039437,0.17928268
7247,-0.6179973,0.16288258
7248,-0.5740344,0.22362204
7249,-1.000162,0.43304417
7250,-0.48092514,0.116441794
7251,-0.6603076,0.15554073
7252,-0.5419634,0.1314888
7253,-0.6111449,0.15644914
7254,-0.62502027,0.13289377
7255,-0.59482366,0.35552663
7256,-0.9701233,0.4357385
7257,-0.6555096,0.15209787
7258,-0.6098264,0.15316167
7259,-1.0888636,0.3940974
7260,-0.6150428,0.1415778
7261,-0.51917326,0.12786211
7262,-0.99281585,0.35771254
7263,-0.69729966,0.3595174
7264,-0.62638694,0.13925014
7265,-0.55854964,0.26376542
7266,-0.43167526,0.29770008
7267,-0.63903946,0.17054535
7268,-0.49037138,0.12799622
7269,-0.47807294,0.26861253
7270,-0.6778833,0.26653862
7271,-0.48969117,0.11827425
7272,-0.5062346,0.31793875
7273,-1.0843856,0.49665594
7274,-0.6722398,0.30459395
7275,-0.37481117,0.13492092
7276,-0.43083486,0.1126645
7277,-0.47684765,0.10606001
7278,-0.69424677,0.16907288
7279,-0.61870897,0.26845416
7280,-0.56435555,0.1479748
7281,-0.6034175,0.14888212
7282,-0.54033434,0.14680208
7283,-0.6066249,0.1505277
7284,-0.5785048,0.17567924
7285,-0.72115624,0.18648125
7286,-0.624697,0.15263316
7287,-0.74577576,0.34815213
7288,-0.69712675,0.15645176
7289,-0.54654396,0.2947079
7290,-0.6613348,0.16268085
7291,-0.51768607,0.1320089
7292,-0.3675899,0.2338172
7293,-0.5633943,0.15550555
7294,-0.5319099,0.12132084
7295,-0.5053684,0.12014831
7296,-0.8316769,0.3381671
7297,-0.97972035,0.39663732
7298,-0.5173473,0.13170725
7299,-0.54335755,0.12793666
7300,-0.6403485,0.1495348
7301,-0.9879319,0.36061618
7302,-0.633968,0.14481267
7303,-0.67905074,0.16159923
7304,-0.64281005,0.15909405
7305,-0.66690487,0.15257773
7306,-0.63985306,0.14969726
7307,-0.44476926,0.12967287
7308,-0.63600457,0.1645832
7309,-0.8546445,0.4009119
7310,-0.78515786,0.33973426
7311,-0.7043838,0.16541135
7312,-0.6399075,0.15578713
7313,-0.64617753,0.15076713
7314,-0.5937434,0.15625988
7315,-0.6366425,0.1554211
7316,-0.5789279,0.17181768
7317,-0.9724592,0.43699124
7318,-0.6273337,0.15603149
7319,-0.9351115,0.4354377
7320,-0.841391,0.3608756
7321,-0.6951409,0.33710334
7322,-0.76561964,0.37246305
7323,-0.66804063,0.14373931
7324,-0.70918596,0.34581718
7325,-0.59640133,0.1477012
7326,-0.777391,0.374961
7327,-0.5293185,0.13852325
7328,-0.6159067,0.15537427
7329,-0.567622,0.13752195
7330,-0.6384079,0.17383032
7331,-0.55012184,0.13335055
7332,-0.6350626,0.16363248
7333,-0.6045941,0.3164271
7334,-0.61984676,0.14676464
7335,-0.645847,0.33676183
7336,-0.6174843,0.18375973
7337,-1.1777694,0.45393258
7338,-0.66401476,0.15490028
7339,-0.9310465,0.36427248
7340,-0.35265416,0.12471697
7341,-0.654418,0.16502929
7342,-0.64245343,0.1517413
7343,-0.661155,0.30404705
7344,-0.43939415,0.30984673
7345,-0.73338157,0.18162395
7346,-0.8935983,0.4148957
7347,-0.49874806,0.2858818
7348,-0.71053886,0.38326788
7349,-0.6551511,0.14375442
7350,-1.0675422,0.39792973
7351,-0.9657032,0.33785376
7352,-0.44651425,0.12478864
7353,-0.6830721,0.16421929
7354,-0.80394083,0.3301295
7355,-0.54187286,0.32078293
7356,-0.62233937,0.16409872
7357,-0.588387,0.1734695
7358,-0.59698325,0.13345727
7359,-0.7637928,0.40436348
7360,-0.6036499,0.14499371
7361,-0.28452033,0.104245596
7362,-0.4873477,0.26508626
7363,-0.6664394,0.15750599
7364,-0.9744653,0.46035925
7365,-0.6927329,0.16876747
7366,-0.69593424,0.15692382
7367,-0.6273866,0.15446888
7368,-0.5273625,0.1462036
7369,-0.7041291,0.16444153
7370,-0.8929145,0.40530038
7371,-0.64797974,0.173131
7372,-1.0071361,0.38711035
7373,-0.6758573,0.1606406
7374,-0.8656148,0.37270132
7375,-0.6147872,0.14326864
7376,-0.9877764,0.412354
7377,-0.60120517,0.15468028
7378,-1.0914909,0.4157178
7379,-0.6634839,0.14389157
7380,-0.6867614,0.15380754
7381,-0.49587527,0.2652597
7382,-0.6325147,0.14236827
7383,-0.61381084,0.15365718
7384,-0.89180285,0.361117
7385,-0.7060031,0.17145474
7386,-0.62639326,0.1454426
7387,-0.54477656,0.13349602
7388,-0.65963244,0.15811367
7389,-0.52124166,0.22502257
7390,-0.9592352,0.38836542
7391,-0.67156154,0.18246618
7392,-0.6185437,0.16907968
7393,-0.6765517,0.15769014
7394,-0.6982522,0.38105106
7395,-0.6458739,0.15692657
7396,-0.8417937,0.3405106
7397,-0.6517521,0.14800937
7398,-0.63975984,0.16061905
7399,-0.671862,0.16630298
7400,-0.5837656,0.15825872
7401,-0.7448889,0.31594622
7402,-0.6284975,0.1447711
7403,-0.5986331,0.15472485
7404,-0.6719822,0.17587203
7405,-0.5462449,0.13363329
7406,-0.66137415,0.15840116
7407,-0.6141807,0.13868979
7408,-0.591662,0.1566705
7409,-0.55129224,0.31358925
7410,-0.63371,0.15042625
7411,-0.6285615,0.15655574
7412,-0.66629606,0.14942738
7413,-0.6176056,0.15983775
7414,-0.62835705,0.15129311
7415,-0.7299542,0.27443293
7416,-0.6529073,0.15729119
7417,-0.5380796,0.13860573
7418,-0.5075196,0.28201142
7419,-0.7234461,0.2829183
7420,-0.6181904,0.16587241
7421,-0.5473154,0.15188414
7422,-0.9094902,0.35011742
7423,-0.60065705,0.15032826
7424,-0.6327336,0.15005551
7425,-0.61108804,0.15259396
7426,-0.58284205,0.13456821
7427,-0.6703771,0.14915772
7428,-0.8029906,0.28215846
7429,-0.721917,0.16956848
7430,-0.5395883,0.12636515
7431,-0.37288183,0.13836318
7432,-0.545586,0.2445889
7433,-0.5850577,0.13649607
7434,-0.29401344,0.09635165
7435,-0.6175848,0.14786303
7436,-0.5835,0.16347106
7437,-0.70581967,0.15653166
7438,-0.41331375,0.23312972
7439,-0.63173383,0.16516769
7440,-0.5162701,0.13584006
7441,-0.5003648,0.119181804
7442,-0.5851403,0.13674314
7443,-0.6560411,0.15190752
7444,-0.7640917,0.37645367
7445,-0.68117166,0.27559635
7446,-0.86661696,0.37189114
7447,-0.43655807,0.25421193
7448,-0.57965624,0.18402119
7449,-0.5762053,0.19383095
7450,-0.42616025,0.11255539
7451,-0.6349152,0.15683085
7452,-0.6671455,0.15271892
7453,-0.5621815,0.31671792
7454,-1.050636,0.5195049
7455,-0.5112328,0.123102404
7456,-0.6102909,0.15104471
7457,-0.56090957,0.13851026
7458,-0.6046713,0.14263958
7459,-0.6856358,0.17197247
7460,-0.6669624,0.15386458
7461,-0.41902044,0.24998201
7462,-0.7834092,0.35699767
7463,-0.54868406,0.15272948
7464,-0.65376747,0.16041735
7465,-0.5443139,0.12605864
7466,-1.0184566,0.4356964
7467,-0.6937559,0.15453677
7468,-0.90096885,0.3815409
7469,-0.8247851,0.32169974
7470,-0.57570213,0.35042638
7471,-0.5606266,0.12947391
7472,-0.62179273,0.14465858
7473,-0.36188272,0.11442423
7474,-0.5894685,0.15277301
7475,-0.6307332,0.15826136
7476,-0.5031268,0.14464892
7477,-0.5950634,0.19841506
7478,-0.65832317,0.16478966
7479,-0.38326812,0.26998937
7480,-0.57028025,0.14272298
7481,-0.50398594,0.28673622
7482,-0.6138335,0.17462207
7483,-0.2978794,0.21864437
7484,-0.63319606,0.15620048
7485,-0.558063,0.2778908
7486,-0.6322231,0.14729409
7487,-0.5955882,0.14811513
7488,-0.4275554,0.2509017
7489,-0.5681711,0.14068551
7490,-0.50643253,0.12302929
7491,-0.5728732,0.359447
7492,-0.5180615,0.12719229
7493,-0.6376538,0.14497603
7494,-1.0312798,0.42508546
7495,-0.6908496,0.15464321
7496,-0.5725653,0.1667356
7497,-0.5906963,0.15482731
7498,-0.59122956,0.15318568
7499,-0.659705,0.26753443
7500,-0.86287,0.36002606
7501,-0.9663083,0.38852897
7502,-0.6877502,0.37287557
7503,-0.77418053,0.344486
7504,-0.667218,0.29185992
7505,-1.3614671,0.5769794
7506,-0.5463962,0.31752077
7507,-0.5961944,0.14413701
7508,-0.45898777,0.27592337
7509,-0.73849267,0.3613033
7510,-0.56831676,0.14456701
7511,-0.8717253,0.3322227
7512,-0.37628555,0.1245661
7513,-0.66553557,0.14606266
7514,-0.62939084,0.15538223
7515,-0.9036652,0.40434894
7516,-0.5581818,0.13916661
7517,-0.5439799,0.13500506
7518,-0.55828166,0.15528846
7519,-0.6275273,0.22308749
7520,-0.6827682,0.16314684
7521,-0.4248748,0.16436103
7522,-0.6105449,0.14976743
7523,-0.6014402,0.13813959
7524,-0.86423326,0.39009407
7525,-0.7724708,0.3509177
7526,-0.71858543,0.15527014
7527,-0.7161015,0.18408124
7528,-0.6336974,0.36355686
7529,-1.1958243,0.47718874
7530,-0.58419234,0.13798049
7531,-0.5980328,0.31890863
7532,-0.5071705,0.1598157
7533,-0.63877386,0.1380934
7534,-0.68633413,0.16951784
7535,-0.61967,0.15177172
7536,-0.9425299,0.40496516
7537,-0.8258432,0.34804544
7538,-0.6442058,0.14335968
7539,-0.60411257,0.141482
7540,-1.1136755,0.45039535
7541,-0.6374394,0.35270187
7542,-0.61004233,0.15210833
7543,-0.4970598,0.29207063
7544,-0.7503119,0.34320626
7545,-0.6249402,0.14631225
7546,-0.70872813,0.31410256
7547,-0.86097586,0.3813683
7548,-0.6662843,0.1607443
7549,-0.48302582,0.118519135
7550,-0.6308907,0.15521306
7551,-0.644643,0.14352965
7552,-0.73595244,0.36318633
7553,-0.6935015,0.2514342
7554,-0.370262,0.2602795
7555,-0.57158285,0.13153508
7556,-0.6342156,0.15167636
7557,-0.66096824,0.14838508
7558,-0.53416693,0.13776354
7559,-0.5067038,0.13754192
7560,-0.59437126,0.17168206
7561,-0.6995105,0.16865778
7562,-0.8218103,0.359765
7563,-0.83757687,0.34682927
7564,-0.67191094,0.15100423
7565,-0.6757812,0.16865277
7566,-0.3734797,0.117244825
7567,-0.6325044,0.15857707
7568,-0.8580157,0.33227828
7569,-0.5269331,0.20142214
7570,-0.4902845,0.18981303
7571,-0.4602236,0.25639063
7572,-0.66861415,0.17700577
7573,-0.6715751,0.34010747
7574,-0.6148068,0.15314892
7575,-0.7085657,0.36803076
7576,-0.64053017,0.14633712
7577,-1.1263118,0.45790103
7578,-0.51125044,0.12791261
7579,-0.44932917,0.24056248
7580,-0.6074557,0.14838323
7581,-0.97066313,0.45050433
7582,-0.88297796,0.3884367
7583,-0.6433473,0.16859603
7584,-0.5472743,0.15440704
7585,-0.65417427,0.14663026
7586,-0.60497785,0.14248185
7587,-0.6377616,0.14607096
7588,-0.3300175,0.26434422
7589,-0.67008626,0.30634108
7590,-0.9629396,0.3792962
7591,-0.666087,0.28521538
7592,-0.6369859,0.14488631
7593,-0.5446815,0.3380899
7594,-0.5911025,0.15605745
7595,-0.46176276,0.13361783
7596,-1.0448976,0.39878646
7597,-0.6507277,0.1552595
7598,-0.63027334,0.14682762
7599,-0.6695944,0.15471457
7600,-0.7242457,0.17990665
7601,-0.65860283,0.14790154
7602,-0.8261342,0.43455407
7603,-0.8034937,0.37136564
7604,-0.80441767,0.31928912
7605,-0.73708016,0.30258396
7606,-1.0793816,0.44743425
7607,-0.85057837,0.3514135
7608,-0.6870991,0.16905706
7609,-0.6286345,0.30025166
7610,-0.6170672,0.14179586
7611,-0.67003125,0.16359404
7612,-0.9286091,0.38912347
7613,-0.5527683,0.13473327
7614,-0.4457708,0.28565687
7615,-0.88605636,0.36885375
7616,-0.604121,0.14770818
7617,-0.51117307,0.119722255
7618,-0.43707332,0.2556685
7619,-0.6432716,0.14800906
7620,-0.37800515,0.14020884
7621,-0.89021486,0.37156105
7622,-0.7311966,0.28810078
7623,-0.4985606,0.11957346
7624,-0.6068712,0.15154308
7625,-0.59334314,0.1487615
7626,-0.9631706,0.41403204
7627,-0.6020233,0.31573987
7628,-1.0239906,0.43691275
7629,-0.6273945,0.14488183
7630,-0.6681909,0.303573
7631,-0.6192527,0.20366882
7632,-0.6320633,0.17933069
7633,-0.9376199,0.33165544
7634,-1.0076742,0.37926403
7635,-0.6443029,0.1611053
7636,-0.63147,0.16711478
7637,-0.59459287,0.15803595
7638,-0.6464523,0.15408391
7639,-0.69359607,0.15395306
7640,-0.51339173,0.13410099
7641,-0.5631512,0.32251418
7642,-0.8579185,0.3749012
7643,-0.9229178,0.3655701
7644,-0.5284494,0.29582173
7645,-0.6251911,0.16445318
7646,-0.887469,0.4134622
7647,-1.164991,0.47107965
7648,-0.93022865,0.33540255
7649,-0.6451959,0.14785267
7650,-0.6833177,0.33748803
7651,-0.8317818,0.3201568
7652,-0.52395934,0.14920728
7653,-0.7371848,0.33425856
7654,-0.5699861,0.21364175
7655,-0.82274985,0.36066523
7656,-0.9388503,0.41019142
7657,-0.5410991,0.13129598
7658,-0.959415,0.41405672
7659,-0.68363523,0.31255725
7660,-0.6073165,0.14111273
7661,-0.5534449,0.11550988
7662,-0.82214755,0.38145718
7663,-0.30294836,0.25214773
7664,-0.69956887,0.16146491
7665,-0.47358754,0.27722427
7666,-0.79147804,0.33166507
7667,-0.6346405,0.15989725
7668,-0.620507,0.15413028
7669,-0.7263137,0.27505136
7670,-0.66448486,0.16083242
7671,-0.32409194,0.12034769
7672,-0.48074782,0.111986704
7673,-0.73610836,0.17533213
7674,-0.59266365,0.15028033
7675,-1.1699708,0.4616672
7676,-0.68150437,0.1714987
7677,-0.65852165,0.15865615
7678,-0.77740526,0.34830523
7679,-0.68386686,0.340104
7680,-0.55771726,0.14743361
7681,-0.8241009,0.38662514
7682,-0.67703813,0.15009585
7683,-0.5529396,0.12658703
7684,-0.7083686,0.37578893
7685,-0.70737904,0.37174457
7686,-0.6152915,0.1440151
7687,-0.75286955,0.33852124
7688,-0.61888623,0.15106112
7689,-0.7900413,0.33159873
7690,-0.6312469,0.14234845
7691,-0.6868702,0.17131598
7692,-0.76225024,0.18043186
7693,-0.6944059,0.34160194
7694,-0.6477824,0.17677185
7695,-0.62646115,0.1797126
7696,-0.75148505,0.39730856
7697,-0.37320036,0.23798962
7698,-0.526514,0.26628014
7699,-0.5991637,0.13558458
7700,-0.68818766,0.14723894
7701,-0.46013084,0.17638797
7702,-0.7578329,0.2909401
7703,-0.6563471,0.1536826
7704,-0.48896587,0.2806128
7705,-0.5863293,0.14526327
7706,-0.5786771,0.13768928
7707,-0.72967565,0.3531492
7708,-0.56718355,0.18113644
7709,-0.9711488,0.39943892
7710,-0.4022693,0.25181317
7711,-0.61046106,0.15386182
7712,-0.4845497,0.12788919
7713,-0.47063255,0.17181534
7714,-0.8245615,0.29419342
7715,-0.72547567,0.18107131
7716,-0.7110648,0.35487485
7717,-0.6195907,0.14092381
7718,-0.48353812,0.3096353
7719,-0.64183754,0.1587314
7720,-0.6616109,0.14386916
7721,-0.66154885,0.15044296
7722,-0.6419184,0.17715964
7723,-0.66511685,0.1616407
7724,-0.5738299,0.14720173
7725,-0.53536433,0.29886085
7726,-0.62972075,0.1562027
7727,-0.70656955,0.35048765
7728,-0.6195065,0.14515959
7729,-0.57400626,0.15949388
7730,-0.5171572,0.33432052
7731,-0.6577307,0.30403376
7732,-0.97497684,0.3804467
7733,-0.58968526,0.14980817
7734,-0.64907223,0.1626421
7735,-0.61602265,0.14206174
7736,-0.6848027,0.1554122
7737,-0.63865983,0.15284094
7738,-0.6443527,0.16234584
7739,-0.906689,0.3956125
7740,-0.71480083,0.33048612
7741,-1.2384151,0.4324793
7742,-0.59301996,0.1482547
7743,-0.64337736,0.1580412
7744,-0.6533353,0.3087516
7745,-0.7041417,0.15258124
7746,-0.99952894,0.38978383
7747,-0.6994407,0.17878969
7748,-0.6263205,0.14669159
7749,-0.960839,0.41134307
7750,-0.580875,0.14855653
7751,-0.67604655,0.15546584
7752,-0.6488677,0.15302928
7753,-0.98000723,0.3837161
7754,-0.5215303,0.13936347
7755,-0.24678805,0.20600377
7756,-0.6243226,0.15778057
7757,-0.8371196,0.35139194
7758,-0.62935364,0.14469743
7759,-0.58520216,0.18765573
7760,-0.42321172,0.116651095
7761,-0.6181988,0.14469428
7762,-0.9141994,0.4148154
7763,-0.4986273,0.29743695
7764,-0.67406255,0.15264736
7765,-0.63011444,0.14144245
7766,-0.5074443,0.14871821
7767,-0.64837,0.16810195
7768,-0.660524,0.27519366
7769,-0.6321316,0.3676211
7770,-0.97798836,0.43621075
7771,-0.59795594,0.31330246
7772,-0.74059147,0.36872846
7773,-0.8644878,0.34859788
7774,-0.52836996,0.27582
7775,-0.64210105,0.15291557
7776,-0.6438164,0.14112392
7777,-0.5934814,0.16984834
7778,-0.7947506,0.34168836
7779,-0.5062236,0.12801543
7780,-0.42915362,0.27660665
7781,-0.9333347,0.37020984
7782,-0.65455526,0.15493366
7783,-0.49808377,0.12354526
7784,-0.5259013,0.14745964
7785,-0.67957634,0.29174694
7786,-0.6304097,0.1502231
7787,-0.6995942,0.1479925
7788,-0.61668247,0.14303176
7789,-0.69100195,0.3455115
7790,-0.38357487,0.13949752
7791,-0.65921396,0.15807384
7792,-1.2041246,0.5166403
7793,-0.568005,0.13813484
7794,-0.6127197,0.13364077
7795,-0.3031356,0.25224614
7796,-0.60644865,0.23738664
7797,-0.95516205,0.401331
7798,-0.6271598,0.15515721
7799,-0.84794813,0.38725048
7800,-0.5913254,0.14139822
7801,-0.9193853,0.44075426
7802,-0.6220894,0.1490612
7803,-1.1253192,0.4433549
7804,-0.54188937,0.16377574
7805,-0.9446115,0.3527344
7806,-0.6436249,0.14685823
7807,-0.9615082,0.36568537
7808,-0.59493196,0.15731876
7809,-0.59762067,0.30993995
7810,-0.6738798,0.40636405
7811,-0.47206187,0.11047609
7812,-0.43999842,0.29220158
7813,-0.61541045,0.15278399
7814,-0.5166846,0.1249648
7815,-0.66520905,0.15228029
7816,-0.6464016,0.14948693
7817,-0.86682975,0.4018433
7818,-0.6495357,0.1731966
7819,-0.5944323,0.14585844
7820,-0.8235748,0.33985677
7821,-0.49638757,0.28315568
7822,-0.59755284,0.1626109
7823,-0.61996007,0.124932855
7824,-0.9922853,0.41470745
7825,-1.1092337,0.49082616
7826,-0.48847386,0.12987846
7827,-0.55253977,0.14763105
7828,-0.41499197,0.25229052
7829,-0.77616805,0.35570794
7830,-0.58655626,0.28176957
7831,-0.63269156,0.14000331
7832,-0.5083126,0.12670027
7833,-0.80459166,0.31861553
7834,-0.78542244,0.35856077
7835,-0.57950747,0.31919754
7836,-0.561989,0.33645347
7837,-0.67259514,0.16645971
7838,-0.3931868,0.22832006
7839,-0.64363474,0.23443517
7840,-0.4673698,0.14742242
7841,-0.7168958,0.18045108
7842,-0.5623078,0.13020588
7843,-0.5973042,0.16723356
7844,-0.48562744,0.14175342
7845,-0.59601516,0.15373388
7846,-0.6419924,0.14015557
7847,-0.4416928,0.15441105
7848,-0.5255228,0.15052396
7849,-0.98719996,0.44663388
7850,-0.65761745,0.17629236
7851,-0.61830926,0.14692871
7852,-0.6660462,0.14967555
7853,-0.48017845,0.12704109
7854,-0.73768646,0.165233
7855,-0.65253836,0.15761891
7856,-0.6130736,0.16387336
7857,-0.64356506,0.16845006
7858,-0.62526816,0.1349718
7859,-0.36306515,0.1288221
7860,-0.97487277,0.4338684
7861,-0.6505447,0.15964709
7862,-0.65612304,0.16231184
7863,-0.7136175,0.29692712
7864,-0.5839853,0.32326663
7865,-0.55146676,0.14230686
7866,-0.54158336,0.1467117
7867,-0.6569239,0.23279327
7868,-0.518493,0.1430284
7869,-0.555059,0.13737749
7870,-0.65621066,0.16364653
7871,-0.83544445,0.371209
7872,-0.7957919,0.269644
7873,-0.6781264,0.17439723
7874,-0.4107802,0.25256515
7875,-0.6874499,0.15658833
7876,-1.1307809,0.45563725
7877,-0.7526164,0.34680822
7878,-0.6080108,0.14310376
7879,-0.3699046,0.17194471
7880,-1.0355791,0.45499545
7881,-0.5751047,0.21656598
7882,-0.6155983,0.15503816
7883,-0.6185876,0.14413333
7884,-0.8187265,0.30278572
7885,-0.5006699,0.13185062
7886,-0.5933567,0.23870231
7887,-0.45894796,0.123502135
7888,-0.55121285,0.13082685
7889,-0.6806792,0.16391698
7890,-0.64606607,0.14416014
7891,-0.6711222,0.3377162
7892,-0.63125694,0.14292583
7893,-0.63206476,0.13405575
7894,-0.71560466,0.16351834
7895,-0.6749688,0.1636448
7896,-0.54234535,0.20721179
7897,-0.65787935,0.14727947
7898,-0.5522242,0.1367758
7899,-1.0115571,0.42188212
7900,-0.61555314,0.151166
7901,-0.65322244,0.16330564
7902,-0.67973584,0.14974491
7903,-0.74613625,0.1715015
7904,-0.5293782,0.31421962
7905,-1.0747001,0.46405545
7906,-0.6186748,0.15665226
7907,-0.26938567,0.16753858
7908,-0.5930065,0.16340879
7909,-0.5839431,0.13304187
7910,-0.5034136,0.19738448
7911,-0.6164701,0.14138746
7912,-0.7865149,0.33754563
7913,-0.6002717,0.15048455
7914,-0.6977365,0.35594437
7915,-0.8135765,0.4367267
7916,-0.6450913,0.15354787
7917,-0.6692311,0.16639581
7918,-0.55332863,0.14784586
7919,-0.656649,0.15516797
7920,-0.5903777,0.12534231
7921,-0.5700214,0.14710507
7922,-0.6556805,0.1536549
7923,-0.58660185,0.13298537
7924,-0.6387053,0.15039901
7925,-1.0302976,0.34806028
7926,-0.7849393,0.35253087
7927,-0.6218402,0.24836092
7928,-0.59501696,0.14469203
7929,-0.6798162,0.16018905
7930,-0.616155,0.32338163
7931,-0.6702732,0.15338944
7932,-1.0450418,0.4719991
7933,-0.47924906,0.121908545
7934,-0.6711236,0.16818485
7935,-0.6435335,0.33435246
7936,-0.63154066,0.16670823
7937,-0.6873729,0.15496735
7938,-0.39154878,0.2505414
7939,-0.66017234,0.15849338
7940,-0.5774129,0.1664669
7941,-0.5591406,0.13805251
7942,-0.6591357,0.14168699
7943,-0.8109386,0.36666077
7944,-0.9227903,0.3600943
7945,-0.8296509,0.36716345
7946,-0.98394954,0.4621037
7947,-0.64284366,0.13918239
7948,-0.56290615,0.17553191
7949,-0.67743385,0.31941658
7950,-0.6824887,0.17295516
7951,-0.62573075,0.14094976
7952,-0.75532275,0.31188485
7953,-0.6102508,0.14825496
7954,-0.59571147,0.34349993
7955,-0.5864421,0.14823696
7956,-0.63600266,0.14951722
7957,-0.65851694,0.14632982
7958,-0.6671504,0.147715
7959,-0.99865294,0.49091768
7960,-0.6057591,0.2959791
7961,-0.6836573,0.16005391
7962,-0.95143944,0.44196305
7963,-0.43969408,0.2582519
7964,-0.71558815,0.16604613
7965,-0.45813876,0.11933099
7966,-0.6057089,0.14998867
7967,-0.59262407,0.15081497
7968,-0.7412567,0.28024924
7969,-1.0581642,0.4583341
7970,-0.6868608,0.15414013
7971,-0.653122,0.14977247
7972,-0.6334738,0.15886463
7973,-1.1262088,0.44618303
7974,-0.6121541,0.13181949
7975,-0.68784726,0.329867
7976,-0.64271265,0.24861118
7977,-0.60543746,0.16279571
7978,-0.56477064,0.13164765
7979,-0.67168254,0.15056679
7980,-0.45215937,0.33605158
7981,-0.7458715,0.17850435
7982,-0.51320815,0.13537186
7983,-1.1815014,0.4974159
7984,-0.61064255,0.1544832
7985,-0.6186676,0.14123964
7986,-0.5044204,0.28158897
7987,-0.64612246,0.15219961
7988,-0.59442663,0.18315427
7989,-1.0718408,0.42466018
7990,-0.81896836,0.40623394
7991,-0.63995796,0.19072068
7992,-0.9739531,0.3393184
7993,-0.51817304,0.13475822
7994,-0.67628247,0.15769671
7995,-0.6022931,0.17445712
7996,-0.64523613,0.15153429
7997,-0.5743535,0.13411734
7998,-0.6627698,0.16074535
7999,-0.4800122,0.11844458
8000,-0.6683425,0.31594068
8001,-0.6676975,0.16018336
8002,-0.6080156,0.15361895
8003,-0.69497806,0.34293613
8004,-0.73421997,0.3726078
8005,-0.6162084,0.14595015
8006,-0.48239726,0.11478916
8007,-0.5251856,0.1329443
8008,-1.0067564,0.42377236
8009,-0.5723532,0.13714051
8010,-0.87837327,0.39124274
8011,-0.7758701,0.30619177
8012,-0.6102659,0.14732233
8013,-0.7091094,0.35865876
8014,-0.6951659,0.1579599
8015,-0.58506244,0.14852567
8016,-0.75193864,0.26127458
8017,-0.59605324,0.14250182
8018,-0.6524209,0.17083657
8019,-0.7155325,0.1733493
8020,-0.5889205,0.2894103
8021,-0.47335112,0.12906681
8022,-0.572199,0.13696316
8023,-0.62727976,0.14544103
8024,-0.6496649,0.14867869
8025,-0.6122982,0.18437207
8026,-0.75992334,0.33809286
8027,-0.47919038,0.1278884
8028,-0.46207958,0.114286974
8029,-0.7202665,0.15378763
8030,-0.57841086,0.2731115
8031,-0.65910685,0.17761628
8032,-0.8350783,0.3488117
8033,-0.8473954,0.34989583
8034,-0.7242898,0.18378755
8035,-0.58314866,0.15304251
8036,-0.51953346,0.13567886
8037,-0.62038195,0.15028037
8038,-0.72050864,0.16194372
8039,-0.666298,0.15365034
8040,-0.53987813,0.14620765
8041,-0.64631474,0.1617016
8042,-0.4182219,0.16069293
8043,-1.0284629,0.3736738
8044,-0.50943345,0.2639446
8045,-0.52136105,0.16020085
8046,-0.50826687,0.1187713
8047,-1.0147955,0.3957447
8048,-0.5903502,0.14405538
8049,-0.67114353,0.14835045
8050,-0.6421435,0.15837723
8051,-0.6026718,0.14558575
8052,-0.67277056,0.16352928
8053,-0.62932825,0.15698458
8054,-0.56883335,0.21857415
8055,-0.907573,0.41082245
8056,-0.7224698,0.16553779
8057,-1.0017494,0.41193852
8058,-0.6016072,0.14124386
8059,-1.2266136,0.49464184
8060,-0.530211,0.13245511
8061,-0.77437884,0.37320873
8062,-0.66434497,0.1572779
8063,-0.8283818,0.31987643
8064,-0.7695814,0.361687
8065,-0.65083766,0.15381901
8066,-0.64062935,0.17129047
8067,-0.65581095,0.15526767
8068,-0.6308853,0.16775276
8069,-0.6009361,0.1285489
8070,-0.59001243,0.1400969
8071,-0.66694236,0.32484236
8072,-0.64020807,0.14854787
8073,-0.85155183,0.34684485
8074,-0.7382565,0.3212295
8075,-0.987064,0.41727635
8076,-0.87903816,0.4100398
8077,-0.6795182,0.16997582
8078,-0.59569013,0.14969204
8079,-0.59692246,0.14153205
8080,-0.6115713,0.14497708
8081,-0.6170576,0.13910851
8082,-0.5945892,0.16950233
8083,-0.81511074,0.3440555
8084,-0.6953903,0.15426883
8085,-0.63086545,0.14813381
8086,-0.61374086,0.1544595
8087,-0.97576296,0.43004677
8088,-0.4506535,0.13578561
8089,-0.87481326,0.38826156
8090,-0.8756002,0.40886658
8091,-0.60881865,0.14622597
8092,-0.5196462,0.3065917
8093,-0.734383,0.17607361
8094,-0.602607,0.1514785
8095,-0.5784767,0.14484343
8096,-0.6151681,0.36072648
8097,-0.573274,0.33429983
8098,-0.62757665,0.15340713
8099,-0.523782,0.11168996
8100,-0.6439187,0.14769942
8101,-1.0263661,0.44574222
8102,-0.67315024,0.15483321
8103,-1.1043419,0.44278747
8104,-0.75682276,0.16554277
8105,-0.633437,0.1651794
8106,-0.47806332,0.11617204
8107,-0.5966908,0.14503072
8108,-0.69281137,0.30548263
8109,-0.6384775,0.14983732
8110,-0.6921349,0.17286423
8111,-0.59387374,0.13595705
8112,-0.8441758,0.3997801
8113,-0.64198595,0.160642
8114,-0.57186204,0.29116884
8115,-0.56195426,0.26260695
8116,-0.7008607,0.17386363
8117,-0.99422055,0.3934424
8118,-0.6365866,0.14534238
8119,-0.64878887,0.16706778
8120,-0.60511357,0.14717686
8121,-0.70601934,0.14865814
8122,-0.51193774,0.12898475
8123,-0.61379886,0.16247614
8124,-0.87356925,0.35142878
8125,-0.6202615,0.14485687
8126,-0.55971384,0.16299093
8127,-0.4544611,0.12457516
8128,-0.5064047,0.16856231
8129,-0.66708964,0.15750772
8130,-0.6470386,0.16592336
8131,-0.5559945,0.30558214
8132,-0.6776131,0.14929068
8133,-0.67636764,0.15906951
8134,-0.61199796,0.2478253
8135,-0.632072,0.29913154
8136,-0.73344386,0.41107005
8137,-0.63693744,0.17661251
8138,-0.99099785,0.3923284
8139,-0.6734787,0.15414202
8140,-0.58558923,0.1364728
8141,-0.7728762,0.3946682
8142,-0.5975907,0.23411871
8143,-0.64711,0.14923844
8144,-0.6014161,0.13911048
8145,-0.53926045,0.14100218
8146,-0.74905515,0.3936813
8147,-0.6179707,0.16594508
8148,-1.058451,0.44688973
8149,-0.5099114,0.13720597
8150,-0.63071156,0.13983977
8151,-0.6301872,0.14273977
8152,-1.0365646,0.388291
8153,-0.69176215,0.16304445
8154,-0.6718211,0.16534466
8155,-0.6135634,0.14006387
8156,-0.5701247,0.14444402
8157,-0.6466516,0.16554178
8158,-0.53933567,0.33811957
8159,-0.65225196,0.1508848
8160,-0.6784565,0.15254642
8161,-0.93786526,0.40951633
8162,-0.85399956,0.33964837
8163,-0.6104104,0.33869383
8164,-0.8486784,0.3620937
8165,-0.6078394,0.14233164
8166,-0.6676588,0.17516677
8167,-0.7014753,0.24968936
8168,-0.820925,0.32055068
8169,-0.46858403,0.11451444
8170,-0.61830795,0.14264533
8171,-0.70015424,0.17182657
8172,-0.8891456,0.3299463
8173,-0.6292976,0.15794893
8174,-0.6169285,0.14566526
8175,-0.63243735,0.14797138
8176,-0.64046013,0.14538968
8177,-0.60220057,0.33617884
8178,-0.6257601,0.14650837
8179,-0.7080355,0.15905254
8180,-0.66062546,0.16077223
8181,-0.60437924,0.14768219
8182,-0.5321488,0.29294777
8183,-0.6262892,0.14975792
8184,-0.6110902,0.15306447
8185,-0.59621406,0.13931464
8186,-0.683762,0.15337043
8187,-0.515998,0.12559828
8188,-0.45417634,0.26317683
8189,-0.7997305,0.37245822
8190,-0.57648873,0.1270437
8191,-0.48459613,0.12583958
