,cohens_d
0,0.45587974408725274
1,-0.2754038990675837
2,0.6570310825101755
3,0.1368502370756406
4,-0.3364657846391181
5,0.30773723446222323
6,-0.5683304185508392
7,0.16111044158400675
8,-0.27103843584285975
9,0.20473881133424007
10,0.42310752605211027
11,0.5984251479807976
12,-0.04472033337192342
13,0.1719689059081846
14,0.42049675057827623
15,-0.4688304036252846
16,-0.0828773601616784
17,-0.12506443035733103
18,-0.3085190985695567
19,-0.4844543460117314
20,0.09309078974558686
21,-0.3113138441758516
22,-0.4024591505558927
23,0.37455030495616476
24,0.17683197802839035
25,0.4635341368219069
26,-0.11002407109289922
27,0.15049331690970452
28,0.22814315960733117
29,-0.06151789162073235
30,-0.10558742415411944
31,-0.3479657066332855
32,-0.22828209818453044
33,-0.46333019949538645
34,-0.3412354107598534
35,0.15022486334079138
36,0.6600972193996675
37,0.3074081908423144
38,0.15276846146791812
39,0.16574581007073907
40,0.36951051173356875
41,-0.6869721821319261
42,0.4769461495258796
43,-0.5626871426428885
44,0.32132353468587915
45,0.028970706948387322
46,0.24734546711948796
47,-0.5235042835503567
48,0.14078596060993823
49,0.8342875514644803
50,-0.5456939611851197
51,0.2834908945288103
52,0.21618605705121957
53,-0.3699552452794075
54,0.2649657848688832
55,-0.3684826813911412
56,-0.42868622992916666
57,-0.18539898989589862
58,-0.37039085972896757
59,-0.19417116342513724
60,-0.5564084351258387
61,0.22989011643578683
62,0.6202203964130123
63,-0.3084855226250225
64,-0.07455990678639184
65,-0.5371032564515316
66,0.012308024469454277
67,0.22737755732600792
68,0.31943404244396995
69,-0.5423990282123292
70,0.04896974075650302
71,0.5507452009136167
72,-0.30592543241776543
73,0.023200193780765946
74,-0.13042666117446536
75,0.239098042601877
76,-0.2496934628699557
77,0.05089036496912139
78,0.5665951381905914
79,0.3970883146894612
80,0.1249585695684251
81,0.722210903985897
82,-0.45705268455196585
83,-0.016806819532425122
84,0.06318463026323101
85,-0.14185837100178061
86,-0.22751396888016656
87,0.8585165213654116
88,-0.1385588325630422
89,-0.15837350858068885
90,0.7499623255605975
91,-0.31652065911862054
92,0.08700842074343995
93,-0.2842751706775185
94,-0.24224478318515433
95,0.28266695643568157
96,0.6000696708305631
97,-0.0011658975805337519
98,0.11411022974981291
99,0.14146478512716165
100,-0.7409266441956998
101,0.6057511392981442
102,0.08331056159154464
103,-0.05844652092376297
104,0.058839452248093296
105,-0.06385597771980535
106,-0.054377153115249786
107,0.003256252243266031
108,-0.19625997967988915
109,0.024837782054098107
110,0.28331619620469223
111,0.08661386077878247
112,0.7095144956055132
113,-0.18349691861482445
114,0.042915749715513395
115,0.18484394358907588
116,-0.6470142452683321
117,0.5400729596332839
118,-0.39382759260898137
119,0.20542120549850879
120,0.2229614030670164
121,0.5685175948293172
122,-0.8355124411228423
123,0.25037670529184686
124,0.0678565731339385
125,-0.3620251382842607
126,0.5051058539284582
127,-0.06877992081005398
128,-0.7485419560196576
129,0.7591072214029234
130,0.117182258133211
131,0.30613789173637584
132,-0.031447038570133465
133,0.43971167803814926
134,-0.5258072204977541
135,0.06169946119654418
136,0.26015545465846224
137,-0.39969621195304633
138,-0.42984444490319723
139,-0.2062746378620301
140,0.36768522269007503
141,0.3119199015787459
142,0.44487766797699796
143,-0.2750581190873036
144,-0.6645430501365849
145,0.9623471101272156
146,-0.22555367269460447
147,0.614646514870629
148,-0.5097435151807829
149,-0.189202471921834
150,-0.24666873900106356
151,-0.3602882977844265
152,0.1273948262116469
153,-0.6743397098211775
154,-0.17513343901769735
155,-0.2869239898549853
156,0.157314071472963
157,-0.3338061182561772
158,-0.04843958011545263
159,0.11654052978160079
160,-0.2808604444699077
161,0.09292024987307737
162,-0.06264686034949879
163,0.2525456268013855
164,-0.38154728193921683
165,0.49246882078551074
166,-0.26832370200646066
167,-0.2286402468620463
168,0.4408845401706742
169,0.21772749614226325
170,-0.23900039963767133
171,0.5447977357118834
172,-0.3198249773525986
173,-0.2794253785963233
174,0.4103670881135607
175,0.1702750794759997
176,0.35478576082507896
177,0.5592704128928297
178,-0.05217415515169158
179,-0.3191156482015264
180,-1.936681598108019
181,0.24797262297676906
182,0.2693665648773209
183,-0.32330948440001817
184,0.09603934893970446
185,-0.37826774406401614
186,-0.41097971126637256
187,-0.9978848838454175
188,0.5082987468571113
189,-0.4135152306004689
190,0.558195852438521
191,0.347955058919892
192,-0.4802659652686184
193,0.3969498283212829
194,0.24704456041013315
195,-0.13439935468807124
196,-0.42264282059744573
197,0.33286541494650507
198,0.44138168386909826
199,-0.3085797226685523
200,-0.05627800373004699
201,-0.36416744641720644
202,-0.08219460837159873
203,0.6976323732350344
204,0.785976367061034
205,-0.04274797330022656
206,-1.1042822751112311
207,-0.10287094704342577
208,0.34261254382384093
209,0.14474768797196894
210,-0.8778498657549088
211,0.8751040053279218
212,0.31544392359971474
213,0.25709054988023833
214,0.6373593923074516
215,-0.5184657435086671
216,0.1955989842738178
217,-0.2679511499432786
218,0.421908470838316
219,-0.09482891967672272
220,-0.630256261689579
221,0.030030482178320227
222,-0.17921859377886
223,0.5207177920830068
224,0.5751796918038975
225,-0.455347897998026
226,-0.47207169525331544
227,0.5241384778056892
228,-0.12935729668774426
229,0.4038013306350843
230,-0.21423506478954907
231,-0.07350851199531018
232,-0.31042982855166307
233,0.1439030374569862
234,0.2667314910863851
235,-0.35303757189110563
236,0.3040064647181672
237,0.5781148823952071
238,0.4198263559763515
239,-0.6644555731159595
240,-0.1368047569754485
241,0.5075672745036479
242,0.9033159325037361
243,0.6593619214845068
244,-0.3527524350339185
245,-0.667005046943921
246,0.9259599787549416
247,0.2975063905860828
248,-0.15174220117000983
249,0.031422791124929454
250,0.33526492378230843
251,0.08278686523687868
252,-0.1282065801019767
253,-0.30508433255372785
254,0.04019789345284188
255,-0.5899698219076525
256,-0.44625166602036254
257,-0.015841863234491153
258,0.20638067794674556
259,0.2215992969304435
260,-0.7180663887065295
261,1.0027621595549794
262,0.8710058879202213
263,-0.17229295125902847
264,-0.9706583187222497
265,-0.5285078149758605
266,-0.2921945468613732
267,-0.8233818446207212
268,-0.17526366251070466
269,0.007023022842811022
270,-0.11672751170599165
271,0.1504311731044298
272,-0.28296163635768623
273,-0.3883772904915915
274,0.25217867619583945
275,-0.2560852240633016
276,0.2066793468112213
277,-0.04793109029200051
278,-0.9549860186930541
279,0.2194226690213402
280,-0.02196994444668091
281,-0.355759650628587
282,0.4511864353956607
283,-0.40476627860825615
284,-0.22978297309326903
285,0.05527887754290672
286,0.5067261580365373
287,0.46674332263373147
288,0.14293750276429903
289,-0.5899297294308428
290,-0.21821623452082578
291,-0.0747018308136607
292,-0.5446230881249297
293,0.5549114011179994
294,0.17115307025829027
295,0.5138131477998252
296,0.38036073258512043
297,0.14928428563933685
298,0.0447776173058876
299,-0.34459521548289357
300,-0.4196900669195729
301,-0.060875787388833286
302,0.7250101459442777
303,0.17848450835904842
304,0.6186201278584362
305,-0.14149353545494872
306,0.14565470344267634
307,-0.17292822553635087
308,0.4226462122032191
309,0.1643192821462305
310,0.28533695696879735
311,0.05831519524486821
312,-0.24749905735545494
313,0.03375877443703022
314,0.7372441992589553
315,0.08263004296554628
316,0.8470983178376283
317,0.3346817297585199
318,-0.016590564817327676
319,1.1613091355795921
320,-0.14365725590627387
321,-0.5343195370477477
322,0.07523464317067573
323,-0.16353353222120767
324,0.5106531662173791
325,0.05907347552722719
326,-0.3860620616883998
327,0.3772107128807858
328,-0.15571695571932198
329,0.3856140091078258
330,0.16521790327635766
331,-0.28329936291618557
332,0.29733105305430124
333,0.6850591777468072
334,0.3670361390448898
335,0.091264884689157
336,-0.129762019599604
337,-0.1406075381029775
338,0.12373385739865762
339,-0.03720672234394707
340,0.2532456406305261
341,-0.17639377960056765
342,-0.1158373011473489
343,0.7595170583709345
344,0.5004738834122083
345,0.18430426310807707
346,-0.4595529939047954
347,-0.7486325300910774
348,-0.056872881299991226
349,-0.2430950161713804
350,0.8751538764420121
351,-0.1231439266828179
352,-0.27830624367224926
353,-0.30993412086340094
354,0.1990364655939571
355,-0.04187836703430248
356,0.1565367420504085
357,-0.9976695843522371
358,-0.017494030083384706
359,-0.0928592671182574
360,-0.0013743930141735458
361,0.560522535557013
362,-0.013492493279891275
363,0.09007999170069111
364,-0.20919827133086877
365,-0.09464126267497833
366,0.4901122519774967
367,-0.10629620248639358
368,0.20189951865944483
369,-0.20066672385049739
370,0.266059449000559
371,-1.1616111830507077
372,0.18081331021600747
373,0.5448772499703128
374,0.22995052306812216
375,0.019582910828383225
376,-0.14249158752655353
377,-0.42005884651406866
378,0.02796371833610233
379,-0.014967050847731356
380,-0.3061893629323533
381,-0.07176546734640799
382,-0.22123385397775647
383,-0.11357746922686487
384,-0.1367099736444364
385,0.027153203935193205
386,0.26521493288509596
387,0.5088562054695868
388,1.047268077902101
389,0.21858704458597014
390,-0.35122437622276864
391,-0.30494289665857494
392,0.44240858388036897
393,-0.8530765998930816
394,0.04368468920855229
395,0.05250081957089151
396,-0.1311352704664703
397,-0.2270370021984327
398,0.49382160389885693
399,0.23775413593024658
400,0.48394521659831774
401,0.32970113207364343
402,0.4215184700989503
403,-0.23170726316640733
404,-0.5162157839757487
405,-0.11836300219934544
406,-0.4223842733231694
407,0.08930865008887863
408,-0.47299389665072594
409,0.5686305787231652
410,-0.35297556679831393
411,0.0036195884103312997
412,0.4985460152643265
413,0.1343015580883197
414,0.16214059885663862
415,1.0450211718110176
416,-0.7207086960603954
417,-0.5509614279950747
418,0.9185985865531533
419,-0.04083047607160535
420,0.12078900611545977
421,0.2314179907945715
422,-0.2000297736522451
423,0.3774872474794853
424,0.6327677119369112
425,0.6687233253428264
426,0.25737017535625756
427,-0.13251630034751616
428,0.5408149313369442
429,-0.2049956672594976
430,0.6107271239297979
431,0.16580935111178538
432,0.8827185594523013
433,0.38563188417451205
434,-0.5573200559125218
435,0.5157254907701881
436,-0.3206011381843884
437,0.10167992461831009
438,0.3284424016890313
439,-0.32136297533900365
440,0.16994391503459155
441,-0.41499653469100417
442,-0.2768653460285307
443,1.1250728878928165
444,-0.31917197964077665
445,-0.41265984872005956
446,0.3913773721004772
447,0.03634451796318615
448,0.08667856554033791
449,-0.2733741361012529
450,0.6190789938694317
451,0.3572140341293953
452,-0.5949036935420462
453,-0.3981520103713
454,-0.033845611592770594
455,0.6148682521871268
456,0.44046469290620494
457,-0.29464343577383884
458,0.12559130780578245
459,-0.20253596532727328
460,-0.1652210267470223
461,0.010999204772654538
462,-0.2609404335539108
463,-0.23390506447715573
464,-0.48045011068668375
465,0.6286757721165035
466,-0.2227433818284738
467,0.054683336866950434
468,0.013964016812077082
469,0.331696611459335
470,0.05799266030658134
471,-0.2696606327820183
472,0.2873413836487404
473,0.16609565109752814
474,0.31258937923578084
475,-0.2535168385701606
476,-0.09884341002255803
477,-0.3552012504928229
478,-0.19289478626350437
479,0.37800428247917783
480,-0.35283878302099614
481,-0.2947529523838663
482,-0.641356871653473
483,0.11815934998768206
484,0.9147867598717165
485,-0.7783097468430681
486,0.23549668322905584
487,-0.23797693514466953
488,-0.35441850660043017
489,0.3191518580105143
490,-0.11112177957760098
491,0.68794444135004
492,-0.3654344429848299
493,0.35017058887428065
494,-0.2530693069961872
495,0.11956891336633582
496,-0.19024694694627625
497,-0.24453111809751668
498,-0.24311289931526267
499,-0.1938418702690778
500,-0.0119508505696156
501,0.27902252742645806
502,-0.18035460263710112
503,-0.2803599719217606
504,0.9143531978776529
505,0.2765797125978414
506,0.25456669259056286
507,0.3288350914876215
508,0.3176297852549354
509,0.18567376088672913
510,-0.10423755136216817
511,-0.291413453253172
512,-0.29501014160958433
513,0.6976205817925735
514,-0.27955997224802787
515,-0.1996641738741558
516,0.6020144093222202
517,0.19561945894049898
518,0.32524381980999295
519,0.20630499809669897
520,-0.2409989623773515
521,-0.2916599073449878
522,0.25828119253500975
523,-0.7782769826641839
524,0.27448992714860554
525,-0.07346608920084122
526,-0.44119804326970435
527,-0.03193682877942336
528,-0.7576591776327594
529,0.4293479739112491
530,0.11209186001385406
531,0.5651799837950551
532,0.4659053311440878
533,0.33646477334328173
534,-0.4081054156529481
535,0.9568567424503609
536,-0.30946877287182895
537,-0.2040715565370774
538,0.3138828255517186
539,0.2672810930857498
540,-0.061553769690545
541,0.023225384971320654
542,-0.21811460905563246
543,-0.08711520730578719
544,-0.8441394110239716
545,-0.4217550296940044
546,-0.5827772272249778
547,0.8664308706184451
548,0.1229725651919686
549,0.3286340021608861
550,0.07820248702538952
551,0.010192276333570529
552,-0.2178828560043804
553,-0.10604214621630806
554,-0.2251907244527912
555,0.18649519347814372
556,-0.07884033654780469
557,-0.22255379305989195
558,0.35614181193485156
559,0.04317641874383256
560,0.32087656156889444
561,-0.7984297461203059
562,0.30975978321245445
563,0.2719558412227956
564,0.013900415140776709
565,0.9019902937417784
566,0.5305497990452953
567,-0.01437057850964356
568,-0.42712887972271624
569,0.14080488238765357
570,0.34375805565045037
571,-0.9090687429147419
572,-0.7585691690619771
573,-0.8037846278954701
574,-0.022317376950935847
575,-0.4039060659727761
576,-0.5041568560355486
577,0.31828246816776146
578,-0.2030149490869807
579,0.15465261933224833
580,-0.7804126667605193
581,-0.19917142051368436
582,0.2265390915483443
583,-0.2368681356968308
584,0.14115446783890243
585,0.18093046514259342
586,0.35667445473121195
587,-0.5112776621096623
588,-0.1664385103311291
589,-0.19868496501940922
590,0.43524956854919267
591,0.5180662856881265
592,-0.04307319206853428
593,0.16856365792253578
594,-0.005132688541396378
595,-0.5411449536672024
596,0.49746993995347205
597,0.10560295897001745
598,-0.563777755165581
599,0.012419231273531573
600,0.7693919162439172
601,0.029157527077556252
602,0.12482264202813005
603,0.11606283498522368
604,0.229377914535949
605,0.09948540091916429
606,-0.10016446584206257
607,0.3798563125607382
608,0.09961135734626682
609,0.17013825349096434
610,-0.08453113283986909
611,0.15172963395048508
612,-0.28734518566825346
613,-0.32757868499753817
614,0.05110458085570552
615,0.25423750409027096
616,-0.24041782088699534
617,-0.0234878742971064
618,-0.0032051222045379668
619,0.8431788453284854
620,-0.13515670014723039
621,0.5692636337880049
622,-0.14131930665958112
623,-0.05637994837625398
624,-0.40385871124149697
625,-0.6333036954296245
626,0.634036465847482
627,0.12684423615123847
628,-0.033270510798531064
629,-0.6090801701767525
630,0.33889034647223104
631,-0.43345015640004375
632,0.022509206472673113
633,0.06500538588381516
634,-0.3485305078275592
635,0.1396550535296546
636,0.6538594410445873
637,-0.0625058522908222
638,0.22078971732545244
639,-0.40713496603197136
640,0.03536143597499707
641,-0.21785334837804937
642,0.15040850622092994
643,-0.03497748158343968
644,-0.9336364858237614
645,0.32123180995714445
646,-0.37354899063535335
647,-0.32600865074930585
648,-0.38128219610552316
649,0.4032213751190555
650,-0.3295032789170826
651,0.26812489734709466
652,-0.25847297196141106
653,0.2523204275537199
654,0.31087295951017646
655,0.5480654823210708
656,0.15496831660197988
657,-0.5372966198520951
658,-0.6194365944549102
659,-0.9134558612129628
660,-0.43134917145125345
661,0.40325776280248754
662,-0.586186015252166
663,0.2736022062383397
664,-0.40625271264427293
665,-0.5629660219207094
666,-0.302307073018434
667,0.03723682951926906
668,-0.11901085073343397
669,-0.12412698609257189
670,-0.7019101586458988
671,-0.29190943347316456
672,0.22564550911467424
673,-0.15832571090982
674,0.4884317211175375
675,0.40987580320253064
676,0.786876784403532
677,-0.26307104331128056
678,0.2705357945025005
679,0.41593871232787216
680,0.1465470244090412
681,-0.11502182664578901
682,0.3267553411536419
683,0.5826260017459622
684,-0.15156880670695091
685,0.5450666898527361
686,0.08357923936594638
687,0.01233433938428365
688,-0.42526201212191456
689,-0.02969268836957202
690,-0.49128473626346386
691,0.7998168619570244
692,0.48897433951503744
693,-0.11505627610763876
694,-0.26933833910033095
695,-0.12108447295204393
696,-0.6030775425551468
697,-0.20649307575624215
698,-0.5234306357897401
699,0.3246820120068683
700,-0.0625309491814099
701,0.04159729406793687
702,0.12155803713804618
703,-0.31167346443265626
704,0.0749981256170202
705,0.5264337772004265
706,-0.44596251722804475
707,-0.27545353604902884
708,-0.010133186842058217
709,-0.5551774181161243
710,-0.45027335506421207
711,0.1736222027008226
712,-0.37292090218517476
713,0.1576566348530713
714,0.3666350128807961
715,-0.3898457778804551
716,0.5729756240811138
717,0.10301855619805667
718,0.522423218500775
719,0.09941256128203801
720,-0.05418565504270913
721,-0.5650763437548191
722,-0.03686463594253454
723,-0.0117267877948468
724,0.5353872819668039
725,0.18595111262757175
726,0.18046655686787566
727,-0.23702667096189484
728,0.3435254277655944
729,0.3835232960793231
730,-0.29428960188047076
731,-0.3424981538922709
732,0.42022426426141773
733,0.13346379113193274
734,-0.2342459366272585
735,-0.39978941834767273
736,-0.18182672919656004
737,0.5259709586340686
738,-0.8992441936048357
739,-0.9044390211897132
740,0.5899485837165175
741,0.5369746853344336
742,-0.2937925186416899
743,0.0258820307293585
744,-0.11605742994890964
745,0.05693214913477862
746,-0.4761964911137728
747,-0.4722355856955271
748,0.7046674821635813
749,-0.6827612545262233
750,-0.04483646896012424
751,0.12844101352339762
752,0.2990482566777657
753,-0.18393866056731747
754,0.951733126676933
755,0.6261145478827503
756,-0.5644400402576023
757,-0.8701477971601054
758,-0.2927369418106122
759,0.17077583609415495
760,0.06253888631832583
761,0.279975162005372
762,0.24020566680638716
763,1.0599880607323426
764,-0.02937975823713555
765,-0.3479213739465379
766,-0.2179345668945264
767,0.39507283489760003
768,0.12048022887527382
769,-0.21461399127927086
770,0.11245789221904791
771,-0.7245190088796576
772,-0.1849603702137117
773,-0.04147500211997676
774,0.3481339703499367
775,-0.6209050057858283
776,-0.049358473844913583
777,0.040265913853981
778,0.023789258908781225
779,-0.23941464051559694
780,0.3795183994791195
781,-0.3912546543633659
782,0.08509800315426605
783,-0.6598133710535504
784,-0.19852199753421235
785,-0.10893520952737001
786,-0.28852062794536326
787,0.1142896108670716
788,-1.0858126632118774
789,-0.633586675538364
790,-0.2624843198674409
791,0.006967900091505908
792,-0.7745076736438397
793,-0.7241010711636194
794,-0.12439553097404803
795,-0.17424387896550073
796,-0.22872505231993676
797,0.6627506344143338
798,0.13702435315070083
799,0.5232770273888029
800,0.40723137684978855
801,0.8327582174300775
802,-0.6584663938482057
803,0.5956389867406608
804,-0.9724751877469751
805,-0.4715841465497048
806,0.049497235501565186
807,0.028406061472802266
808,0.042223985531251736
809,-0.021393928595702466
810,0.232098732529657
811,0.26198741905497946
812,-0.6929591459647755
813,-0.231858259502647
814,0.043643497740832995
815,-0.3571940216093323
816,0.1547374620478895
817,0.7595431456984693
818,0.0034729674616791576
819,-0.23144109532638021
820,-0.19510709531544157
821,-0.33430166674168593
822,-0.4171890609618249
823,0.15168959315820138
824,0.46344545671348825
825,0.30176202471012037
826,0.5074001095120975
827,-0.25986770104276585
828,-0.044680103612969084
829,0.11276743241455646
830,-0.28778119326467433
831,-0.22878988358535637
832,-0.2730424952232273
833,-0.7013967717841767
834,0.40732906386937556
835,1.0108557677794618
836,-0.2786982018689023
837,-0.44968249008945144
838,-0.1176778230954949
839,0.2259474127523508
840,-0.79046828797642
841,-0.5328064315735443
842,0.5114488660635647
843,-0.17473616981147216
844,0.2827967276394496
845,0.13029789679654177
846,-0.09543947682340849
847,0.7268108766384002
848,-0.1822602933444476
849,1.3040125368926785
850,-0.7157161936900787
851,0.17908953062851307
852,-0.36037111382679665
853,-0.08193084164163819
854,0.02605421906538702
855,0.5900444526798675
856,0.47346643024702073
857,0.07765597684439399
858,-0.08811653112319935
859,-0.13404193577290432
860,-0.17703757630940878
861,0.4630755812147667
862,0.12259108711619744
863,0.047735717484160355
864,0.09393070591988709
865,-0.7862317400380362
866,-0.17437006779268358
867,0.9342281600743878
868,-0.30130819176572415
869,0.05001713478589736
870,0.35098758901795774
871,-0.21400284639536837
872,0.7575802813112339
873,-0.36200092883429974
874,0.3566379065157539
875,0.39442363360817395
876,0.43442141612226487
877,-0.25968030422694727
878,-0.14322185137564977
879,-0.23831171700483975
880,-0.2449639551965294
881,0.08335269733862291
882,-0.5338730782853572
883,0.8063960719587525
884,-0.08211748523344255
885,0.4415422651697044
886,0.25620438992763295
887,0.10593270713005346
888,0.06038832070238281
889,0.4195380946038873
890,-0.42021506771733586
891,0.5277234543971047
892,-0.38181392685811477
893,0.255975683189924
894,0.010051117757098525
895,-0.39665778411955604
896,-0.5283325701434074
897,0.5526595900668442
898,0.3139006398708113
899,0.22582481792859968
900,0.10086085448267657
901,-0.18816253226743251
902,-0.2697614543206524
903,0.37113166749961496
904,-0.07033282067406126
905,-0.44796834713854805
906,-0.4507426438089247
907,-0.3901253164171507
908,0.008066604491292415
909,-0.2273741817322911
910,0.03142876039884762
911,-0.0689783756822816
912,-0.3339193787311343
913,0.7348360515282333
914,-0.27619516526695154
915,0.3278927749877998
916,0.8349314717717753
917,-0.061364781251284695
918,0.26357791907130007
919,-0.16108094985060584
920,-0.12360671519440272
921,-0.16547282430552532
922,-0.1442156130244194
923,-0.18821474144372397
924,-0.030645895119746924
925,-0.36326795208521145
926,-0.43158010487200693
927,-0.2553243362149886
928,-0.09999073754486625
929,-0.4167642466735347
930,0.17761529484404523
931,-0.46395702303416425
932,-0.7926609788892812
933,0.5503292011850107
934,-0.49659068896433955
935,0.8195822691985454
936,-0.29468509054121256
937,0.0013200269869735456
938,-0.2763066072435604
939,-0.12009297583114054
940,0.08141073625140605
941,-0.3515823848612637
942,-0.3055906050169225
943,0.1220698450998714
944,-0.3969075188851185
945,-0.3260961265820963
946,0.02650780136356368
947,-0.6985193143563815
948,0.2719865349398023
949,-0.5692777099844181
950,-0.75919311620687
951,-0.30147563504289054
952,0.18610098901083055
953,1.0450384193445281
954,0.22717005787762473
955,-0.01765569323860013
956,0.4277509902989541
957,-0.31700089196584397
958,-0.36599596946200935
959,-1.848152552438178
960,-0.21497771499137933
961,0.13263310116694002
962,0.16133477367122726
963,-0.04797955030840345
964,0.09345629866280271
965,-0.16048706590770873
966,-0.3899911332631483
967,-0.2340928064858272
968,0.2144990937901969
969,-0.30418332460885084
970,-0.12077576887526367
971,-0.17234559569239194
972,0.37996573919105975
973,0.06132253360045239
974,0.2399639813357003
975,0.532080623171086
976,-0.12750187677700903
977,0.7713720116874395
978,0.39469235912759165
979,0.5416953538348858
980,0.09061140818221011
981,0.21780064710573424
982,0.22606520060400703
983,0.40809810546003467
984,0.38506000108913085
985,0.10346256552171759
986,0.14343727733126657
987,-0.5968122579355828
988,-0.05649246551691687
989,-0.6178189966951912
990,-0.5506678233255387
991,-0.4439570406501021
992,-0.31916857369203183
993,0.2232668967364733
994,-0.05649082707819851
995,0.42347470443849927
996,-0.30833885891052953
997,-0.39578636182620214
998,0.0692248777623116
999,-0.24311314584783808
1000,-1.188782217391549
1001,-0.12117405527385815
1002,0.74320700905842
1003,-0.6083375553659941
1004,0.40870676813270485
1005,0.004332730621323361
1006,0.2406226336920077
1007,-0.00015885459964677721
1008,-0.7149139249959808
1009,-0.5087900177768147
1010,0.30129047811973525
1011,-0.37262771051227855
1012,0.2980576476897884
1013,0.43792070194390825
1014,0.12945329438387784
1015,0.44253779137322297
1016,-0.0694891292438847
1017,0.4535629973108064
1018,0.01713064440452247
1019,-0.059849759241265926
1020,-0.26480222723028507
1021,0.5507704245410789
1022,-0.3074003000118425
1023,0.18085467194327612
1024,0.1281970954417281
1025,0.15894694310640753
1026,-0.8438181472554699
1027,0.14404022141711453
1028,-0.22329351373265263
1029,0.06922058548105522
1030,0.43218607015140137
1031,0.23866120260998203
1032,-0.025779082822411467
1033,-0.24004636422727418
1034,-0.3841749283017498
1035,0.7599524379328718
1036,0.14586344363728296
1037,0.23880632872030044
1038,-0.17943650590254914
1039,-0.21535725899268718
1040,0.21972372148052555
1041,0.07755538315500493
1042,-0.2531957864375596
1043,-0.25486573597094997
1044,-0.342882718500938
1045,0.34989982399709796
1046,-0.37868315337784414
1047,0.5643457599835554
1048,-0.2811007405047238
1049,-0.18647849123877439
1050,-0.10601434395958945
1051,-0.9912949860613922
1052,-0.640763242375336
1053,-0.6020145104547184
1054,0.2842084677506826
1055,-0.27473316614968607
1056,0.2531392411946399
1057,-0.3257643776021602
1058,0.8452508019621999
1059,-0.3734303845062401
1060,0.08476626125083538
1061,-0.1834045672649906
1062,0.392926041980278
1063,0.174228698467504
1064,-0.6595312568966356
1065,-0.53709930291534
1066,-0.4927724794798876
1067,-0.15430802254769557
1068,0.009202554769706675
1069,-0.8924663894623576
1070,-0.11423514629491797
1071,-0.15075315361254593
1072,-0.2416981333445158
1073,0.6114000943285869
1074,0.4388287411013969
1075,0.6898448949549212
1076,-0.5873645081938318
1077,-0.3134043493618842
1078,0.4250215037929746
1079,-0.14151395422518487
1080,-0.5035063031152438
1081,-0.022788299928842626
1082,-0.35723480474294017
1083,-0.15740451951776688
1084,0.5520067693868579
1085,-0.10801415054942137
1086,0.06643201214190535
1087,0.2455465782063548
1088,0.23638278144860575
1089,-0.4584382252869369
1090,0.7298074446898535
1091,0.11398740033358104
1092,-0.10619507030839806
1093,-0.17628882677378865
1094,-0.19100259654940394
1095,0.18546078599328727
1096,-0.29429292135776025
1097,0.1530210690002112
1098,0.4108841947297211
1099,0.06773568090525972
1100,0.5075511276513014
1101,-0.17773399314567612
1102,-0.1669808458332371
1103,0.08860020507841339
1104,-0.15148563308013338
1105,-0.23807491269567796
1106,-0.4030889582929342
1107,-0.8624036220309653
1108,0.05075965674920737
1109,-0.05707071551458753
1110,0.4911155334964658
1111,0.051814803134550697
1112,0.31945138735706796
1113,-0.5217698535603952
1114,0.08721972916059818
1115,-0.6316971643843762
1116,-0.5103008669469989
1117,0.04288370843314818
1118,0.2916724504932926
1119,-0.14027416406679866
1120,0.2928932636371404
1121,0.054930655369390305
1122,-0.5942749308387448
1123,0.4320843213763462
1124,-0.1355599809889626
1125,0.2850688927988621
1126,-0.8836859838019122
1127,-0.700104163734387
1128,0.4153260977771672
1129,-0.4676845787683439
1130,0.360161533440611
1131,0.20586921491206264
1132,-0.48206434152652006
1133,-0.5812134100520858
1134,0.5255655183158311
1135,-0.004292929821377572
1136,0.06495189339713839
1137,0.21231679169723455
1138,-0.5311635157662441
1139,-0.1685974788307478
1140,-0.4101594633731067
1141,0.3964511604000914
1142,0.7580637768470997
1143,-0.07428305851619671
1144,-0.48504401750348053
1145,-0.5405920451549348
1146,-0.95314685843378
1147,-0.4006907674627622
1148,-0.7108359053905617
1149,-0.13557633781636744
1150,-0.24316443577669858
1151,0.7501922188518717
1152,-0.3686631655660812
1153,0.41798191010992863
1154,-0.13513542948752788
1155,0.29801732078143744
1156,-0.30370959950260196
1157,-0.6629468696397008
1158,-0.05548511924958711
1159,0.07321961432147811
1160,-0.11985461511209378
1161,-0.12599477363855288
1162,-0.2426552633363109
1163,-0.6039939879502102
1164,-0.07679268301106017
1165,0.39448990555576197
1166,-0.8883042415035904
1167,0.20043372926180186
1168,-0.2559790555209854
1169,-0.22757314711973306
1170,0.14919948723839577
1171,-0.6334560356766737
1172,-0.4205659606209954
1173,0.44274679577103304
1174,0.23602179764767636
1175,-0.5058645750358153
1176,-0.04030332370487117
1177,0.23557323681764347
1178,-0.293461621653344
1179,0.09811131935877357
1180,0.474352543353513
1181,0.3084998872005996
1182,0.032910361445430844
1183,-0.39293557918495176
1184,0.2390439847437633
1185,0.5429169999823733
1186,-0.8397839298211427
1187,-0.8039653405571936
1188,-0.7772408675885111
1189,0.15887121379728594
1190,0.6990917446693814
1191,0.20534438402653285
1192,-0.9677503041772015
1193,0.5989725504857057
1194,0.014513601345063425
1195,-0.3228520034154487
1196,-0.23668672658711662
1197,0.08793001113367449
1198,-0.11134041538011391
1199,-1.032869131706501
1200,0.037586382674958736
1201,0.9309186971036253
1202,0.32727471651061313
1203,-0.2225581077196896
1204,0.08103192239988746
1205,0.03656367665251313
1206,-0.4383398925453267
1207,-0.35978011254521425
1208,-0.3498475599947759
1209,0.5178093545045385
1210,-1.1358283416755879
1211,-0.09033696615700056
1212,-0.4308491570501485
1213,0.29066415737221946
1214,0.7063097759068734
1215,0.21056375230024627
1216,0.0919992688707309
1217,-0.1676947445387794
1218,0.4643663279872831
1219,0.5992142368072111
1220,0.10275231098895889
1221,-0.48549604554125664
1222,1.044222174241897
1223,-0.20106967009555
1224,-0.21891573619354177
1225,0.28370069835912753
1226,-0.7565772075805415
1227,0.009344308915836926
1228,-0.18737554488605984
1229,-0.11102635563527713
1230,0.4746225308602313
1231,-0.6358733588154946
1232,0.21960242742177147
1233,0.16329850016364023
1234,-0.1625061352653686
1235,0.27610508489799274
1236,0.024113119282289836
1237,0.3159011697055879
1238,0.4737925945915598
1239,0.5327447719713708
1240,-0.3583764802203192
1241,-0.09808531248512292
1242,-0.2026339202602492
1243,-0.5094658955302748
1244,1.2360713545257076
1245,0.08633518894260137
1246,-0.1256369053133203
1247,0.3873974380758822
1248,-0.4514535642717421
1249,0.15815958065165134
1250,-0.4345911302190183
1251,0.07466399183383718
1252,0.28999052178766394
1253,-0.9458535962049006
1254,-0.13411404641210067
1255,-0.11470450298126915
1256,-0.11389864993947124
1257,-0.3667938642438904
1258,-0.3790348183757145
1259,-0.3182129899161795
1260,0.06484833213819367
1261,-0.07051272338779067
1262,0.31859352738790586
1263,0.538380691407345
1264,-0.06110101830670139
1265,0.5648061879881306
1266,-0.40992501796447917
1267,0.2351930064769855
1268,0.16360701942898154
1269,-0.272075099013385
1270,-0.20664637769358676
1271,0.06673306461181752
1272,-0.026704567533676237
1273,-0.17398823216913262
1274,0.49646524484219406
1275,0.9044709745125192
1276,-0.3365528567130495
1277,-0.406768663650563
1278,0.11880554440508163
1279,0.19674110841371356
1280,-0.09366464387133384
1281,0.02004474592622519
1282,-0.6747112026507259
1283,-0.3692198274619509
1284,0.0742024973650353
1285,-0.6200927769386361
1286,-0.4450810053458471
1287,-0.24329074338602102
1288,0.03994052769955488
1289,0.5181686681792067
1290,0.006646203602910899
1291,-0.016401928280731767
1292,-0.1871226187806965
1293,0.28187957622734894
1294,-0.1461867648932097
1295,-0.6591009063135387
1296,-0.45198415259281205
1297,0.3561900345843077
1298,0.500417133095888
1299,0.8880179072434689
1300,-0.017383919513667426
1301,-0.11020929834101859
1302,0.30864412250212553
1303,-0.5288745883284237
1304,-0.3937455866904517
1305,0.3546721077905617
1306,0.3956252530848013
1307,0.3258054020747939
1308,-0.1457894881755687
1309,-0.7409247944349585
1310,0.19116043041539577
1311,-0.20957333638358075
1312,0.3560933978029181
1313,0.19534307675797405
1314,-0.11432087170329683
1315,0.3109671505641133
1316,-0.7479389886567592
1317,0.10098771707762198
1318,-0.09988778070447453
1319,0.8033211949366041
1320,-0.17396119361406936
1321,-0.22474248857673634
1322,-0.316401884820932
1323,-0.24285707537331733
1324,-0.2799222094251831
1325,-0.3409843234481986
1326,-0.3863544638569791
1327,0.0678449039591855
1328,0.21761493285221653
1329,-0.1723238405644517
1330,0.07936643936491969
1331,0.19344657685008737
1332,-0.14880216643951946
1333,0.26938574623556594
1334,-0.053944736032815535
1335,-0.14044580720686745
1336,0.08392863206537268
1337,-0.18769681444424796
1338,0.29154299505871906
1339,0.2245123433100052
1340,0.12823593211653272
1341,0.4464246126923833
1342,0.06939941288337248
1343,0.5117388297022547
1344,0.5970293313536674
1345,-0.5450851425904991
1346,-0.028727789703777814
1347,-0.3228885708580824
1348,-0.010789901488040394
1349,-0.41907653518298654
1350,0.5902668612900847
1351,-0.04148250677265475
1352,-0.3207212874056434
1353,-0.22656976663453848
1354,0.8448324960643191
1355,0.23901893766165952
1356,-0.4363641388858765
1357,-0.43604181493316335
1358,0.18657828486362243
1359,-0.6133383045534226
1360,0.18874125471750774
1361,-0.6030138672720236
1362,-0.7716924927633246
1363,-0.37067595453692725
1364,-0.3049936958347141
1365,-0.4886815101807731
1366,0.6630998920753182
1367,-0.008349792059004085
1368,-0.010219774788488362
1369,-0.08948933330179842
1370,-0.6004560887773601
1371,0.7043280154242249
1372,0.19463846681805808
1373,-0.057954988219223354
1374,-0.18416600649815007
1375,-0.32137849301136795
1376,-0.36443490102416215
1377,0.056391429150574365
1378,0.3945663607478011
1379,-0.04137483811454294
1380,0.12972884482874122
1381,-0.11009890052411829
1382,0.610706258577312
1383,0.04975723578546078
1384,-0.054801827635464935
1385,-0.354100668464722
1386,0.2139729771232944
1387,-0.07946928011185253
1388,-0.6529193914948543
1389,-0.0032301779073791053
1390,-0.1540774576075911
1391,0.7834758582368411
1392,0.0730554906071357
1393,-0.23486322404852064
1394,0.5181158906529456
1395,-0.32351590195049773
1396,-0.025886497136373213
1397,-0.43517266060922344
1398,0.521906831949964
1399,0.7293665202919736
1400,0.3298800184514709
1401,-0.3256392856632701
1402,-0.21562162057686937
1403,-0.45401066555862996
1404,-0.007841722710726503
1405,0.4885584620198592
1406,-0.4554137353792639
1407,-0.26944435435543473
1408,-0.10390731890571277
1409,0.31340764725005815
1410,0.07633569451601663
1411,0.32332374433689776
1412,0.30066878493021254
1413,0.2230858747663012
1414,-0.2051419092938191
1415,0.3073704031684687
1416,-0.20831960929754548
1417,-0.30014756161803274
1418,-0.10300323596309845
1419,0.4003318065926546
1420,0.23120843635633057
1421,0.4359658398663121
1422,0.09309945587505546
1423,0.9334502985850209
1424,0.2070454841981
1425,0.5814354022882694
1426,-0.07730024198872418
1427,-0.2695028262530494
1428,-0.5210936726199029
1429,0.2624181898063021
1430,0.35137186347261234
1431,-0.3568378340955224
1432,-0.08997596154660585
1433,-0.28586184961782596
1434,-0.24280427612250455
1435,0.8968288902388485
1436,0.05280078102988653
1437,0.6260094074294865
1438,-0.005262373420040382
1439,0.33804147621889646
1440,-0.4631173201651515
1441,-0.05887403764422283
1442,-0.93863102065852
1443,-0.3503609434607125
1444,0.06887878190707078
1445,-0.021887300547215945
1446,0.07602180939281457
1447,-0.3714462911233922
1448,-0.023554802714379562
1449,-0.7940711808448322
1450,-0.2913399562920251
1451,0.0974147146593241
1452,-0.22316961698628457
1453,-0.14530817344460836
1454,0.1351125743590587
1455,0.06908382259320421
1456,-0.5567418801445694
1457,-0.3166980100862614
1458,-0.16740596074033123
1459,0.15351677351389237
1460,0.7628679992214188
1461,-0.0678336149833
1462,-0.09387462953409167
1463,0.03775804244000164
1464,-0.09204069703216435
1465,0.32640118892159775
1466,0.7275577127312373
1467,-0.5689946205319976
1468,0.4418119693299761
1469,0.513659567446029
1470,-0.16355895400505685
1471,-0.16170880753245304
1472,-0.31804431372473835
1473,-0.3346710795542564
1474,-0.32557579914419077
1475,-0.034884674501236806
1476,-0.30035297578320147
1477,-0.581094146056431
1478,0.137421728223196
1479,-0.5227314420421323
1480,0.7016581932775121
1481,0.039430978808976294
1482,-0.6636806103727602
1483,0.47787237759900314
1484,-0.023797617510750903
1485,-0.029773855150465503
1486,1.135975216384197
1487,-0.04578932138050537
1488,0.024228408760580557
1489,-0.2724801826174505
1490,0.014276129851168468
1491,0.3355308970413769
1492,0.694972398653888
1493,-1.1810584322194302
1494,0.20588030819839878
1495,-0.14886219435150053
1496,-0.413116521815886
1497,0.18212354514310766
1498,0.5724677191306596
1499,-0.7657453084052652
1500,-0.2147969791567834
1501,-0.29924083645687094
1502,0.357509893723304
1503,-0.2973854068507435
1504,-0.9423211786382801
1505,-0.4095890116887441
1506,-0.2852670076399669
1507,0.0670802742145574
1508,-0.0895502089003123
1509,-0.3320914655128964
1510,-0.6665838457374038
1511,-0.12052422193213308
1512,-0.5600055291938251
1513,-0.16400351452108092
1514,-0.20059631866890132
1515,0.1606141157795929
1516,0.42074516919910465
1517,0.7995463662212177
1518,0.3776454493420359
1519,0.30220146356108624
1520,-0.03644589961931096
1521,0.42593560054557
1522,1.2429653660884912
1523,-0.7369035604859645
1524,0.5535556349628132
1525,-0.011956648613010525
1526,0.044207183649938864
1527,0.19616426250676594
1528,0.45200750249855126
1529,0.27091949220294415
1530,-0.5926832676419429
1531,-0.09877469478033989
1532,-0.18273495889629293
1533,-0.13753674455948892
1534,0.7400208735804781
1535,-0.1359349148660181
1536,-0.4782445649476663
1537,-0.4862306006165707
1538,-0.6438904862830989
1539,0.3040722863302238
1540,-0.11167013345658539
1541,0.9154977214808753
1542,-0.41551417850969524
1543,0.6513932633239844
1544,-0.39615808392565605
1545,0.11510332213789008
1546,-0.31943323766489046
1547,-0.3891535424077341
1548,-0.16753155905789374
1549,-0.26580054292666594
1550,0.501954117910029
1551,0.08249743369695503
1552,-0.12816164468555744
1553,0.3620299386603473
1554,0.42436382466296413
1555,0.7198460552125687
1556,-0.6040098063837543
1557,0.6941299718320257
1558,-0.13848587415371555
1559,-0.9101780775687505
1560,-0.14948934344545067
1561,-0.20767339921023686
1562,-0.18563673204038145
1563,0.17804518153734822
1564,0.24802156720458354
1565,-0.005427775250472684
1566,0.3608954665766081
1567,-0.08759648231654761
1568,-0.3326789614926179
1569,0.38822483218601334
1570,0.9247227933366464
1571,0.3882435895778739
1572,0.2583224774569052
1573,-0.18345578763979384
1574,0.05139342565293175
1575,-0.5910760170425421
1576,0.22095300295404227
1577,0.1314401825833601
1578,0.5682344039300369
1579,0.19148631460971138
1580,0.1516516801734175
1581,0.03866027649913278
1582,-0.2968394505107436
1583,-0.01646983935144448
1584,-0.09352268219236452
1585,-0.18037896493639688
1586,0.008994237440500258
1587,0.45923272107753366
1588,-0.24517993520237125
1589,0.44641120145002394
1590,-0.27761940043749517
1591,-0.17704623921655768
1592,0.23752523702643577
1593,0.40738915025384975
1594,-0.18588617279460098
1595,0.4455775842511139
1596,-0.0622930280310487
1597,-0.21477616548232445
1598,-0.14713336563214333
1599,0.7253103167828884
1600,0.41906149353276845
1601,-0.21795544325537636
1602,-0.24288971511054291
1603,-0.0022684436032707218
1604,0.4192639031385915
1605,-0.2702176338668817
1606,0.20379827446978926
1607,0.3386524456425857
1608,0.5316406001766526
1609,0.6781730658776353
1610,-0.3283512149491966
1611,0.7621979194965796
1612,-0.059109326159246585
1613,0.1940896786766305
1614,0.33581479955901894
1615,0.2582675543737223
1616,-0.5946223722209719
1617,-0.19618088828821034
1618,0.44466890336214343
1619,0.3762623902301419
1620,0.18772352942684234
1621,-0.18734153799979664
1622,-0.33201507966332083
1623,0.15707575304846894
1624,-0.506900285987783
1625,-0.1608778338842877
1626,0.2091468340542333
1627,-0.3761014238801278
1628,0.3669116609751103
1629,-0.47273334826896596
1630,0.029512324358324925
1631,0.31530133219404677
1632,0.24710604855566734
1633,-0.17719726826379337
1634,0.35463723942735825
1635,-0.6213095278992804
1636,0.3196888077077726
1637,0.48920037612676476
1638,0.306856089074985
1639,0.0003400129808411149
1640,0.5649136822958791
1641,-0.2209257617856038
1642,0.11610813310404139
1643,-0.1288436948039004
1644,0.1682358805321269
1645,0.19204279121818552
1646,0.6608739994293977
1647,0.7352463253681625
1648,-0.018055589657706966
1649,-0.008028799906112697
1650,0.30561374001477254
1651,-0.3828885487942876
1652,0.06237495185674364
1653,-0.11547126683990556
1654,0.6673785339371998
1655,0.6136166596322039
1656,-0.2581689211563836
1657,0.2757507447764658
1658,0.4308260284485359
1659,0.8024567730402148
1660,0.3214967129801201
1661,0.8230791458377478
1662,-0.411756949405527
1663,-0.17898312834192223
1664,-0.11715257216832937
1665,-0.06986724785993471
1666,0.3580837258548484
1667,0.09559097029369135
1668,-0.4273927040758803
1669,-0.515792411588423
1670,-0.3424736721914138
1671,0.4153233047169937
1672,-0.49960070011097524
1673,-0.16764383380561312
1674,-0.13690543555022455
1675,0.2506974828637185
1676,-0.5152657350108331
1677,0.17506296190522846
1678,-0.004419552700855832
1679,-0.06790351538820685
1680,-0.3113290942796905
1681,0.22800550851587317
1682,-0.02192644174821664
1683,0.5226720538008381
1684,0.38410810022802866
1685,-0.13803885885926703
1686,0.3541387306080929
1687,0.21161992109752717
1688,-0.038320775581634645
1689,0.4833481317231765
1690,-0.3163763478728707
1691,-0.05808315585885955
1692,-0.14950533104508945
1693,-0.26035251257641895
1694,-0.8632843940209697
1695,-0.10161495066529092
1696,0.44215154648406935
1697,0.6976917989839254
1698,0.5878288851407644
1699,0.6201856460966001
1700,0.03420811487242182
1701,-0.17983519706275675
1702,-0.10066956160921438
1703,0.4461046209955139
1704,0.006280428129147367
1705,-1.0476838818701606
1706,0.5710715274189285
1707,-0.43365398658368676
1708,0.41536652479246394
1709,0.4347390967704344
1710,-0.002791299940938955
1711,0.11332214508934625
1712,-0.08073771650391623
1713,0.2603818720067692
1714,0.031032881512980986
1715,0.1303515790596065
1716,-0.6527058976103766
1717,0.11277027043538092
1718,-0.16669131067181156
1719,-0.110583390737299
1720,-0.0006154439965254995
1721,-0.20413633797451003
1722,-0.19435594862860803
1723,0.13455328511587605
1724,0.15248891251223445
1725,-0.34056476848984785
1726,-0.39737711593247615
1727,0.2408791896916656
1728,0.371146514606489
1729,0.2782942556820841
1730,0.32598172357562655
1731,-0.45846135351663553
1732,0.39355065238813275
1733,-0.10406718835030686
1734,0.13553384341873478
1735,0.4601132339914349
1736,0.1897330443272229
1737,-0.42064893168356354
1738,0.6226698940064317
1739,0.0329208646002709
1740,-0.15977071299461096
1741,-0.0547993711061995
1742,-1.0435126528025216
1743,0.8372655783820012
1744,0.4655949912490999
1745,0.10608739224077485
1746,0.7067473684499264
1747,0.2572728610297274
1748,0.1377814941664701
1749,0.695512897229472
1750,0.31943995103294665
1751,0.0712965562372307
1752,0.26335162163453346
1753,0.3981865400258823
1754,-0.2614505389791393
1755,0.15249454965114942
1756,-0.5729943531193554
1757,0.09427596585809359
1758,-0.01649736063215743
1759,-0.01628344147718557
1760,0.09554420805541625
1761,0.24028160366170687
1762,-0.7977618018272856
1763,-0.2106727772684999
1764,0.17927521077466063
1765,0.5721444682963951
1766,-0.09499973363747491
1767,-0.5175246378623004
1768,-0.6979284316495682
1769,-0.0800775107882146
1770,-0.4805004222671158
1771,0.03858973200563094
1772,0.10460690388248713
1773,-0.1586446362602537
1774,-0.2511102641561824
1775,-0.1274783254698059
1776,0.15172634334777757
1777,0.35573300471662006
1778,-0.6225670022673198
1779,-0.02636183733908378
1780,0.15412402612972137
1781,-0.3660869565464366
1782,0.24709008060241436
1783,-0.39786460803318535
1784,-0.2575539407318409
1785,-0.46553487160424833
1786,0.5576715028580432
1787,-0.05099938472142616
1788,-0.08313523747302266
1789,-0.19067034993603574
1790,-0.15539716559209685
1791,-0.13786252690632034
1792,-0.12169600951433719
1793,0.041555988132045765
1794,0.16724881695818458
1795,0.36091222563209274
1796,-0.2356767274706277
1797,-0.42184502005433044
1798,0.5614297531155605
1799,0.5120293190880705
1800,0.48071227685431295
1801,-0.3225129218078715
1802,-0.5138488324224386
1803,0.43522475988889386
1804,-0.25057196183993086
1805,0.8191193241009167
1806,-0.09556863189454716
1807,-0.35227132203010525
1808,0.5873780945316293
1809,-0.04862166813084458
1810,0.8123999668444193
1811,-0.4091727325999891
1812,-0.3669476547581719
1813,-0.03258922515072714
1814,-0.2614687669298748
1815,0.38811611549171837
1816,-0.20090578558929145
1817,-0.18916694499228143
1818,-0.33821513512836804
1819,-0.3894061549973004
1820,-0.08434665194369312
1821,-0.3738587897745394
1822,0.5547940681621543
1823,0.408732388578269
1824,-0.1293744318732726
1825,-0.15535992769614365
1826,0.167052137808112
1827,0.27987222802435285
1828,-0.15540861977953502
1829,-0.06431918755985029
1830,0.19220464536139695
1831,-0.3594992109805029
1832,-0.05052149599673687
1833,0.49684910091391804
1834,-0.19016274595090876
1835,-0.18897339939178204
1836,-0.14863869783356876
1837,-0.22126481468493908
1838,-0.23348801696358845
1839,0.35726584975436104
1840,-0.46908934375385997
1841,0.018784045993230348
1842,-0.464291911556454
1843,0.17286892927808417
1844,0.18753778737058055
1845,-0.06928984547825852
1846,0.2090174662336771
1847,0.8767149883956908
1848,0.01850097299371524
1849,-0.6784352116178463
1850,0.34014719239257535
1851,-0.12358631174065549
1852,-0.36871290553059777
1853,0.1794274541590419
1854,0.010724271088454066
1855,0.44569524022625906
1856,0.2574744024761315
1857,0.050163939499076916
1858,-0.3340815792655963
1859,-0.11028393144239866
1860,-0.027491468784791178
1861,-0.2584278739767164
1862,0.052831702767726724
1863,0.3446266601485976
1864,-0.17670326964210112
1865,0.4199424882301893
1866,0.46366054132990026
1867,0.16062441371200423
1868,-0.6561301240491322
1869,0.4094929276906986
1870,0.216112785045654
1871,-0.20775218653862734
1872,0.09070680985434305
1873,-0.34107760403858356
1874,-0.49721155573694426
1875,0.05124798340877883
1876,0.2134933592343813
1877,0.42775884531808456
1878,0.6148672498935219
1879,0.26632303919403455
1880,-0.4177539773120525
1881,-0.3427359586318163
1882,0.32273815826860214
1883,0.1853481630982406
1884,0.5190919592530303
1885,-0.22450886510370086
1886,0.17119157124172266
1887,0.31202637005394085
1888,-0.20610890298764895
1889,0.07897434549749116
1890,0.5111503993355216
1891,-0.06711520435069714
1892,-0.6955917680174587
1893,-0.24007843156770178
1894,1.2489933600914196
1895,-0.22989253664130493
1896,-0.19971476469745533
1897,0.13679651765460896
1898,-0.28574043777137614
1899,-0.5083567417424646
1900,-0.09999507250889546
1901,-0.29065751421522645
1902,-0.04822400380350544
1903,-0.43698067226280357
1904,0.6538949593935226
1905,-0.38181900268940205
1906,-0.37866812871573874
1907,-0.09985439880228504
1908,0.5910363075374068
1909,0.7932080482453707
1910,0.9067035817359227
1911,-0.08507195525902853
1912,0.03351948751961652
1913,0.14542039072616278
1914,0.2378889568975406
1915,-0.4135238263229531
1916,0.5935340569821175
1917,0.31693317207409977
1918,0.003935416070350728
1919,0.2672270975182714
1920,-0.6680510398861313
1921,0.30799111098740245
1922,0.11217385145043042
1923,0.7340444245891532
1924,-0.3706871004983135
1925,-0.12438964633672485
1926,0.38707566584149306
1927,-0.1303893140084028
1928,-0.10806700927610828
1929,-0.09269335499393887
1930,0.23368328813830064
1931,-0.37079096761805264
1932,-0.2761421342976347
1933,-0.03389633925492309
1934,0.27518055359431237
1935,-0.5324875212620859
1936,0.5526384693462952
1937,-0.12791967388122777
1938,-0.17784573379946456
1939,0.37316363244023276
1940,-0.15569772562061612
1941,-0.06229706941985391
1942,0.3610872465257659
1943,0.4378426629848784
1944,-0.2729554074324374
1945,0.523515487432138
1946,-0.758753651671589
1947,0.07322791342021827
1948,-0.5659605220358155
1949,0.17184196108260547
1950,0.05794294625563094
1951,-0.502545298419673
1952,0.02742113423753717
1953,-0.5064185625328845
1954,0.06136811421105022
1955,-0.067907403886983
1956,0.7205879723421492
1957,-0.038773885584367354
1958,0.05821101998757756
1959,-0.28242549693950686
1960,0.34329414572907024
1961,0.15492699362522908
1962,0.19849002924807851
1963,0.8996007202925441
1964,-0.019861553494629855
1965,0.585429270756746
1966,-0.05918480871471176
1967,0.47037790645834054
1968,0.29418798176227373
1969,-0.31671988569853177
1970,-0.08623963754823485
1971,-0.2899065625716233
1972,0.5469826259920955
1973,0.10187705940835308
1974,0.3385701002059827
1975,0.22584067431615273
1976,-0.19652724001568345
1977,0.15276180903153383
1978,-0.48340765706779515
1979,0.3543192074544664
1980,0.18909308900491986
1981,0.4806180955957889
1982,-0.5658476928047608
1983,-0.011809136281205102
1984,-0.49907012880679447
1985,-0.44777146008538027
1986,-0.542476614278628
1987,-0.7481398889873946
1988,-0.2437615903453798
1989,-0.18971404411467854
1990,0.27099404745214417
1991,-0.2509758804683321
1992,-0.04392746114468334
1993,0.06264789230251012
1994,-0.12235428667182105
1995,-0.20915781241647152
1996,0.026280453705151776
1997,-0.17672690347854675
1998,0.5694795547541884
1999,-0.08905401919592189
2000,-0.3589032976301599
2001,-0.9079792983187218
2002,-0.09968201566481173
2003,-0.5985283535058722
2004,-0.641391503842384
2005,-0.6989615013536709
2006,-0.3236675753618661
2007,-0.48960600563040474
2008,0.05813131676702133
2009,-0.4985218384870782
2010,0.08822348367678126
2011,-0.5139914652655145
2012,-0.2147996692052836
2013,0.10123692095111848
2014,0.1303625415265141
2015,-0.05812599874313168
2016,0.042153210999862904
2017,0.5619740444263119
2018,0.17122004716993133
2019,0.4873411102398181
2020,-0.003254650120121337
2021,-0.16288427579076226
2022,0.6074157562044563
2023,-0.5193767969694085
2024,-0.9239742209093544
2025,-0.06887538962246534
2026,-0.8061877931853983
2027,0.04156294936301038
2028,-0.849632901641843
2029,-0.5341593718997897
2030,0.44079673075751535
2031,0.3909317674455091
2032,0.07210900808872975
2033,-0.05053808126915569
2034,-0.057693799992084766
2035,-0.3323614329457609
2036,-0.5479583867620759
2037,0.4982062939995511
2038,0.03149615415167848
2039,0.04082714176695516
2040,0.19841415617162514
2041,-0.9341527643531244
2042,-0.7958152865916662
2043,0.05442442679294379
2044,0.576614389816781
2045,-0.1276860153900532
2046,-0.05208005286126817
2047,-0.5104236437791158
2048,-0.16578150393185778
2049,0.3489782624652206
2050,0.7115880626538493
2051,-0.19616386044281628
2052,-0.1251910336751083
2053,0.026661436456632784
2054,-0.456837508963565
2055,-0.13926077394726796
2056,0.9362831041858672
2057,-0.008374334050347005
2058,-0.09412453619629502
2059,-0.37658780926665164
2060,-0.3853818380007336
2061,0.03568246268083137
2062,0.2143497350936719
2063,-0.20991011777162402
2064,0.48482418502703145
2065,-0.20592375810599664
2066,0.10075123506376688
2067,0.3131939601090791
2068,-0.04250766444977148
2069,0.05794923478818099
2070,-0.4237414737498638
2071,0.6986400146285381
2072,0.13763680132740386
2073,-0.23692263773855307
2074,0.2858351868180732
2075,-0.4364045967107107
2076,0.16827354238464715
2077,-0.6776438059317352
2078,-0.2168593383763427
2079,-0.17997000597412335
2080,0.5058248629735672
2081,0.34026360290522195
2082,-0.7114364986008108
2083,-0.6285586749255547
2084,-0.2928009803568862
2085,1.1440180739875878
2086,-0.060567290025123136
2087,0.10137183756675817
2088,0.21204519450726886
2089,-0.07138643848237618
2090,-0.17858575843460886
2091,-0.0823644226420258
2092,-0.10903601070202236
2093,0.46034021042129636
2094,0.462589497349252
2095,-0.6164078737098003
2096,0.29951801468099043
2097,0.18369092414227622
2098,-0.509185166953349
2099,0.11735661202969838
2100,0.4648071241745976
2101,-0.09271998094324797
2102,0.13289164478664006
2103,0.08528811053966644
2104,0.06575704984166048
2105,-0.12387009401302967
2106,-0.042951608183533316
2107,0.527566219177348
2108,0.1974509201332973
2109,-0.5100234240130422
2110,-0.17905574274087124
2111,0.09751404759614707
2112,0.7839326015961092
2113,-1.0300508884656905
2114,0.06321388985357436
2115,-0.07102823835286359
2116,-0.511563032926114
2117,-0.036477832044014745
2118,0.7164069054487312
2119,-0.16830173606773166
2120,0.970432730304499
2121,-0.35256595783468025
2122,-0.053769701659726866
2123,-0.11073514966992573
2124,0.23027445724527898
2125,-0.3656412238048192
2126,0.12046712588003435
2127,-0.4508067741900975
2128,0.11673862387935054
2129,-0.22298038908209772
2130,1.1210826632526416
2131,-0.031761837161937444
2132,-0.3348112128069018
2133,0.058504583890376535
2134,0.36005308431291266
2135,0.08375605265601546
2136,-0.1418854809532669
2137,-0.1988112845179368
2138,0.4448897751127059
2139,-0.370498393261798
2140,0.019914928335409712
2141,-0.4613270212923184
2142,0.3883107887601747
2143,0.6096285187057238
2144,0.5223094237200474
2145,0.09851575915304288
2146,0.36327061330929605
2147,-0.6023858913178679
2148,0.055892507271542144
2149,-0.5645066463365895
2150,-0.2222017831455205
2151,0.11847696100298855
2152,0.29965851520049086
2153,0.3705289910534479
2154,0.049042019879289994
2155,-0.2870926386764978
2156,0.5256351938897447
2157,0.29184112053273226
2158,-0.12453905479681675
2159,-0.7667668436352927
2160,-0.3335211010555478
2161,-0.3306445634637879
2162,0.28690746938671385
2163,-0.20269671423023966
2164,-0.09090857251424495
2165,0.3192025332532901
2166,0.38159847951680087
2167,-0.4813597238298055
2168,-0.12559200800376144
2169,0.36761955824581494
2170,0.03810820030478886
2171,-0.5715543965933183
2172,-0.16366802580688217
2173,-0.46667373343679164
2174,0.3355830698517734
2175,-0.011887973306324177
2176,0.027096246036532535
2177,-0.6654514677329558
2178,-0.5339993076374507
2179,-0.03663910046984766
2180,-0.6240417301285727
2181,-0.6480689618439801
2182,0.6088480686845341
2183,0.10150634733828676
2184,-0.3580091228304446
2185,-0.7210649145835812
2186,-0.13236424005411937
2187,-0.601648495207166
2188,0.3029605488682504
2189,-0.008268690083071255
2190,-0.294133289267741
2191,0.29383932004502367
2192,0.3328905476881027
2193,0.058001512840740024
2194,-0.014113028807727827
2195,0.0421753357627564
2196,0.462376267451252
2197,-0.40447530873737036
2198,0.7670214517317401
2199,0.17233292429781574
2200,0.5976193030855501
2201,0.30511663109113724
2202,-0.2246391570922308
2203,0.30176585514059834
2204,0.41580383341569327
2205,0.36309082664029557
2206,0.37197110762214264
2207,0.3433416227010687
2208,0.3695445263958234
2209,0.07346792648784532
2210,0.031120378383334094
2211,0.528294786762084
2212,-0.5989488469644224
2213,0.16821079366389782
2214,0.0487679586734116
2215,0.5333510785666623
2216,-0.3251407463076404
2217,-1.2195073433814956
2218,-0.42952141960834744
2219,-0.7025630556250926
2220,-0.2953230223403427
2221,-0.3765391315505941
2222,-0.2626661403861815
2223,-0.05964623308348776
2224,-0.39606405490117963
2225,-0.20718913138070238
2226,0.48476280560629836
2227,-0.4796940314135944
2228,-0.7230970276768582
2229,-0.16378655914942808
2230,0.31321635218949523
2231,-0.9733004079252563
2232,0.026467226123529336
2233,-0.06526075936817718
2234,0.35785409635090104
2235,0.12533174833104094
2236,0.2963415731008517
2237,-0.19330781972453132
2238,0.2006262929576006
2239,-0.34214097479036276
2240,-0.001261650786715615
2241,0.027815696306831145
2242,-0.07619883362738891
2243,-0.055867794935482676
2244,0.0016006240429260689
2245,-0.14816922774324623
2246,0.32046641096851414
2247,0.5619158926450699
2248,0.364053594929474
2249,0.4171369495285538
2250,0.017140846296809956
2251,0.855138782005061
2252,0.1787945779212888
2253,0.3077894221270825
2254,-0.7840445144654498
2255,-0.03084005609037111
2256,0.355099105881235
2257,0.03726107849530749
2258,-0.35727873633893437
2259,-0.3280171498987917
2260,0.875873334783627
2261,0.22135835613549099
2262,-0.15175890743314333
2263,0.5767715073171452
2264,0.11386097063693341
2265,0.4173656744808108
2266,0.08392278492581462
2267,-0.1564007646484701
2268,-0.03546005827795594
2269,-0.035601694994473077
2270,0.9980236397057332
2271,0.33575666427379763
2272,0.24830668195952535
2273,0.3371411663575151
2274,0.5879595300897985
2275,0.43481742507849275
2276,0.5777719671664105
2277,-0.01160962924010568
2278,-0.24784947057851264
2279,-0.5701624137006227
2280,0.47950776337711465
2281,0.10239648820965781
2282,-0.009906566303278911
2283,-0.938940008267183
2284,0.2562162042457762
2285,0.1295438728894805
2286,-0.8043891227496647
2287,-0.10924094266192433
2288,-0.308650053266097
2289,1.2361737763824472
2290,-0.38679491856084525
2291,-0.3648716496835061
2292,0.285909380874446
2293,0.44569848841794485
2294,-0.1653965609029535
2295,-0.01347116388017104
2296,0.18649515738258282
2297,0.25885011020565474
2298,-0.43550397144262165
2299,0.2666383582162695
2300,0.31264835159886206
2301,0.34634828189793193
2302,-0.16920261884070778
2303,0.008554071891670534
2304,-0.19600182383062845
2305,0.9621517517094779
2306,-0.543758085845583
2307,-0.27807051386269693
2308,-0.27857428467141643
2309,-0.5592895319930531
2310,-0.25697472180015785
2311,0.430302119641786
2312,0.1911827477013524
2313,-0.403308021039758
2314,-0.45458704884187784
2315,0.6757055191985933
2316,0.2697851284686974
2317,0.07858000381480584
2318,-0.14312980087084745
2319,-0.48881319930530764
2320,0.12426526895292518
2321,-0.3524734467508126
2322,-0.3770905356511361
2323,0.001730274068937479
2324,-0.06263804954464318
2325,0.13728199428005508
2326,-0.1728530482680502
2327,-0.33724557392114923
2328,0.3090290530414413
2329,-0.5547480834940269
2330,0.3966727893890921
2331,0.3091726699422343
2332,0.30535809265179537
2333,-0.029401939074387047
2334,-0.22342684528601325
2335,0.2844707054120826
2336,-0.26754078901712836
2337,-0.11353244118573386
2338,-0.4663761007023704
2339,0.06792676027587072
2340,-0.34016578217685384
2341,-0.20331592812714688
2342,-0.653068859589035
2343,0.17168812736270445
2344,-0.5077212154657693
2345,0.020638156777883963
2346,-1.191142420315623
2347,-0.16341197914419414
2348,0.2837778440019861
2349,0.0688764383503334
2350,0.19186430192098977
2351,0.5655869852071189
2352,-0.5603998664493173
2353,-0.7002303816902483
2354,0.4303285619198335
2355,-0.05538454997734505
2356,-0.08890758807979458
2357,-0.25247651977599234
2358,0.08741991542697436
2359,0.38595913217785416
2360,0.7973095211927698
2361,0.8082852368101153
2362,-0.045884711800713386
2363,-0.207618914067542
2364,0.557823213247523
2365,0.4879522664433771
2366,0.05528571567763101
2367,0.12982178766201663
2368,0.5098073133117692
2369,0.7198489878400274
2370,-0.5291129667385727
2371,-0.12911751762026052
2372,0.6883883927837585
2373,0.02492534873653008
2374,0.6281895542794613
2375,0.8269685915592028
2376,0.6853066278589192
2377,0.19652447800787218
2378,0.7313995115071301
2379,0.2131949008108565
2380,-0.6668090712206497
2381,0.7282249951152004
2382,0.1245233318520619
2383,-0.5035744132480751
2384,-0.3619453540917442
2385,0.1482726296130362
2386,-0.7723078240129604
2387,0.2778219121389345
2388,0.325883398577536
2389,-0.026644149356673936
2390,0.0248942805557375
2391,-0.7856102029796234
2392,-0.02783672946425185
2393,-0.1269212224272017
2394,-0.10046983426078052
2395,-0.34695268455774764
2396,-0.009999666798266046
2397,-0.04734933060981938
2398,0.17432679747272842
2399,1.0302813099183559
2400,-0.14242871965177106
2401,0.2230518324321884
2402,-0.5153506725192596
2403,-0.21223606437243148
2404,-0.2369484364490651
2405,0.33213375534299694
2406,-0.5854119868986151
2407,0.322455667494951
2408,0.1547933801098913
2409,-0.2184131826161612
2410,0.010292099097400403
2411,-0.2041326660242008
2412,-0.05457953852586379
2413,0.14036667225451258
2414,0.057054517688995554
2415,0.34910224061565187
2416,-0.004768800941019794
2417,0.11096694082598482
2418,0.10751059013932797
2419,0.2906941691294313
2420,0.11395960958563642
2421,-0.196537907840344
2422,0.2110341254659996
2423,0.08985539854900901
2424,-0.18810913103092705
2425,0.508960417058656
2426,0.274633553093604
2427,-0.011475788942550314
2428,1.1754323832724902
2429,0.06809689079153385
2430,-0.28526233479853297
2431,0.19653618631321365
2432,-0.058460688517763794
2433,0.5824630197920762
2434,-0.9191317381229548
2435,0.25071289183213563
2436,-0.2973748566066309
2437,-0.7896134373364903
2438,-0.47211372346987607
2439,-0.03553232262675975
2440,0.3480442601090117
2441,0.01010960361603821
2442,-0.48794118982379187
2443,0.8294596047065689
2444,-0.22126569353235928
2445,1.0253462838457588
2446,-0.5774278871351091
2447,-0.23049644720006385
2448,-0.49904854679562244
2449,-0.5784719083129966
2450,-0.1895482595092339
2451,-0.15384410674567983
2452,0.14115563158236463
2453,0.025425515277181492
2454,-0.553798594765401
2455,0.3665626038088606
2456,-0.648821859364635
2457,-0.44309863586996356
2458,0.47893502989878667
2459,-0.6636989874924439
2460,-0.4156397970377049
2461,0.4672442426906717
2462,-0.6437613315341832
2463,-0.04972446137599359
2464,0.28029362463998575
2465,0.19784718815028862
2466,-0.027081886587464844
2467,0.109026666183496
2468,0.7329318410675099
2469,0.12937987787738692
2470,-0.038284529443852036
2471,-0.7010392753573305
2472,0.29062116388497466
2473,-0.477723877845875
2474,-0.5423254260098695
2475,0.16460059492740972
2476,-0.2976752634463404
2477,-0.010663346023277277
2478,-0.4298901378016467
2479,0.23167327519980602
2480,-0.2317514869394973
2481,-0.36251322357351284
2482,0.04270413340016593
2483,0.53075445099523
2484,0.3629127565497808
2485,-0.02278045151827536
2486,-0.5153312031408253
2487,0.6888527356942473
2488,-0.39076184903759664
2489,-0.13233794327155798
2490,0.09803614192022864
2491,0.523641223287393
2492,0.18059440305812946
2493,0.4761617479151883
2494,0.9662504863941442
2495,-0.08295110503849053
2496,-0.2778320107232163
2497,0.2579103276068803
2498,-0.4481667038673577
2499,0.1451531292648536
2500,-0.028900622803380294
2501,-0.5031583077353973
2502,-0.22504948504505892
2503,0.06171632745722177
2504,-0.39447107932135844
2505,0.14293378828236913
2506,0.19287491925286013
2507,0.3883269321032891
2508,0.006033446460444062
2509,-0.47293602306161125
2510,-0.09228854022447126
2511,0.7785264483090234
2512,0.43815034731286256
2513,0.20419848305610835
2514,-0.34469825080198135
2515,0.2983059760684134
2516,-0.5199602887926906
2517,0.8850861942109464
2518,-0.21864572226634796
2519,0.6113878965625245
2520,-0.2988932695510218
2521,-0.09668013701297995
2522,-0.14602068289741324
2523,-0.05151730522836901
2524,-0.07865024311154052
2525,-0.27307803664877284
2526,-0.2559890227954316
2527,-0.08204620396901267
2528,0.17283073476965852
2529,-0.4009459143817091
2530,0.1349763642481292
2531,-0.4436576628527623
2532,0.0006671550167743225
2533,0.09237897007629753
2534,-0.7419813059918726
2535,-0.0713845941368174
2536,0.477129661176416
2537,-0.08973530058931684
2538,-0.7978185543928474
2539,0.2996769340347819
2540,-0.12955525421825775
2541,0.048119152000636205
2542,-0.11879798925134714
2543,0.43635735229778144
2544,-0.12039159791894548
2545,0.5596461696634241
2546,0.3629276270141683
2547,0.00016802631788976344
2548,0.6592928463570109
2549,-0.5047986100068431
2550,0.3727843024934994
2551,0.6995240496120376
2552,-0.31180389526145313
2553,0.005188244634248257
2554,0.04591407249299183
2555,-0.6818924354299059
2556,0.2950419104615916
2557,-0.3622519902684736
2558,0.9250206037196472
2559,0.6957185227280926
2560,0.04161184780258648
2561,1.1760910434045204
2562,-0.030062827343282604
2563,-0.4040713776622059
2564,0.03982786527667756
2565,-0.04892236511967452
2566,0.28038000644960914
2567,0.26899340331116073
2568,0.30390464448551724
2569,-0.1575445622364598
2570,0.6660481357163107
2571,0.5176794130945384
2572,-0.6519886810633043
2573,-0.08241095641480504
2574,-0.15277101345914257
2575,0.027179269016347932
2576,0.48483911645003624
2577,-0.9046009058950057
2578,0.7808535826084148
2579,0.9778783202300099
2580,0.05802339652598466
2581,0.6613699792975117
2582,0.266077659721608
2583,0.06880563557163842
2584,-0.12475877342138414
2585,-0.0655103954587849
2586,-0.1510092605347906
2587,0.015092889094270237
2588,0.31295892540632875
2589,-0.11453563651792162
2590,0.14106852375472445
2591,0.24698888526898993
2592,0.39427951242004455
2593,0.6095360592510067
2594,0.4231192118616117
2595,-0.1620537926202066
2596,-0.2928091846249023
2597,0.22185385541476613
2598,0.20450130983370715
2599,0.1060264728035086
2600,0.14140631938080242
2601,0.08816525904475545
2602,-0.589277835871432
2603,0.41761727223917383
2604,0.8790865684055087
2605,0.45298840128341955
2606,0.20247915787531648
2607,0.09203803563928827
2608,0.14100012957709632
2609,-0.5239903004026558
2610,0.6064671910016016
2611,0.6817829995643938
2612,-0.6968829492351618
2613,-0.09127757245291218
2614,-0.18124240707519995
2615,-0.4837913276205996
2616,-0.6766521936327194
2617,0.19808357605072124
2618,0.003079585413657115
2619,-0.09550954417450658
2620,-0.060524779390089024
2621,-0.9320217430555412
2622,-0.733355167183491
2623,-0.09369140833195395
2624,0.2775361026153267
2625,-0.025114608628628673
2626,0.6265049365498452
2627,-0.24116124533322175
2628,0.4768624054492844
2629,-0.038855739878491
2630,-0.6890771292344423
2631,-0.2465759673879473
2632,-0.3968132908118477
2633,0.32956227032800206
2634,0.18171312909918372
2635,-0.08946075097370508
2636,0.3405974163751925
2637,-0.5043693656759175
2638,0.24044790063050617
2639,-0.1504684210427638
2640,-0.23119779758820938
2641,0.0454480685172231
2642,0.08024659149339453
2643,-0.7196535499200415
2644,0.17864871454952308
2645,-0.4604830536573468
2646,0.218439677253609
2647,0.2710544621284684
2648,-0.32932738939067896
2649,0.3552288974437539
2650,0.8623190595664272
2651,0.6216288222112893
2652,-0.07451901687949637
2653,-0.8415329740513721
2654,0.3690492475377186
2655,-0.29196370559146645
2656,-0.17172281595328873
2657,-0.44411793885617434
2658,0.22669012601975402
2659,-0.5085542431966762
2660,0.19018409893965485
2661,-0.18917544459163116
2662,0.49819421445553014
2663,-0.3017693376025206
2664,-0.27987173598718346
2665,0.392120065682147
2666,-0.2097276842051145
2667,0.20455128430022004
2668,0.1546420851787508
2669,0.2180991052279367
2670,-0.6393039050159668
2671,0.062073146849659526
2672,0.38923314849555835
2673,0.37247903807097493
2674,0.14415186057106932
2675,-0.39455372171967057
2676,-0.41482575344595163
2677,-0.22429137328918639
2678,-0.4293684963750591
2679,-0.36239382384878227
2680,-0.18913912609337988
2681,-0.3653499277429253
2682,0.7216105877804794
2683,-0.2822445047968047
2684,-0.4651133453338697
2685,0.01881348424413007
2686,0.4543950084537497
2687,0.5165729301266097
2688,-0.06473828955082184
2689,-0.4062996681087859
2690,-0.11448959485359818
2691,-0.2097500553369669
2692,0.41304580100103927
2693,0.38317203936978145
2694,0.46159100249824525
2695,0.19103849119023003
2696,-0.16278094779685048
2697,-0.13397670978872192
2698,0.29871233698101
2699,0.2880242079202259
2700,-0.1054214108460748
2701,0.16062403696721
2702,-0.4829689008252803
2703,-0.4651991404495197
2704,0.3511483740509552
2705,-0.44102343414547
2706,-0.1113265015317909
2707,0.08957963457170573
2708,0.26852779624962236
2709,-0.3052680551636843
2710,0.21373204431084705
2711,0.06706876046730177
2712,0.27229400584282676
2713,0.4534924804153832
2714,0.01054192999257762
2715,-0.1842658395877496
2716,0.011991749694712409
2717,0.25115002743073345
2718,-0.3801842796517049
2719,-0.33094595527061377
2720,0.013167822816053675
2721,-0.16933573407405572
2722,0.14061397253798696
2723,0.06276972367490379
2724,-0.04645485554555414
2725,0.9257090790897532
2726,0.347060204482484
2727,-0.5020058733383977
2728,0.13265620284182122
2729,-0.14394062377533587
2730,-0.02095947635989794
2731,0.23342565128211254
2732,1.0211976040363862
2733,0.2930136301610735
2734,0.16190382563443795
2735,0.002969546858148748
2736,0.32784597893990053
2737,-0.22871899700357948
2738,0.3816875557325053
2739,0.09413395927692671
2740,0.1848715431414126
2741,-0.29730410562839177
2742,0.2757127299335762
2743,0.7473272666268306
2744,-0.0461723769498142
2745,0.13547939201766662
2746,0.9228361564580897
2747,0.4190738086256116
2748,-0.3443195604903283
2749,0.44564347646963093
2750,-0.024916272997201498
2751,0.09545033435380684
2752,-0.43868146051791024
2753,0.6834127099656484
2754,0.28585515432315595
2755,0.09655226566312727
2756,-0.11944048702157019
2757,0.7050059073388264
2758,-0.15441514643860493
2759,-0.013861208272428654
2760,0.15347131564990543
2761,-0.21377530490779575
2762,0.8379867618837733
2763,0.6331492757860713
2764,-0.2726905088455886
2765,0.0008234457018908093
2766,-0.14510317191575106
2767,-0.24690802628834457
2768,-0.4297910888796498
2769,0.3060772451706301
2770,-0.009785124589091837
2771,0.11005450775610197
2772,0.24371734710892096
2773,-0.7744088650252478
2774,-0.3313929742866323
2775,-0.39769720733177566
2776,0.4198223612768509
2777,-0.35390695332174604
2778,0.05678092106973042
2779,-0.03528915925210369
2780,-0.1799276666340349
2781,-0.028685879215925483
2782,0.038294329468541485
2783,-0.18716079652946185
2784,-0.1660238920958917
2785,0.519175741193652
2786,0.7379695000515054
2787,-0.34814472674640295
2788,-0.008717118088942906
2789,0.27968112099886017
2790,-0.3117512889641011
2791,-0.01694392772168129
2792,0.2594997120416074
2793,-0.04325503013784173
2794,-0.3380742486432739
2795,-0.667925632990961
2796,0.8879005385085004
2797,0.6430437566699427
2798,0.6507769938141433
2799,-0.6547907897262776
2800,-0.030231020458212576
2801,0.8363037726323665
2802,-0.6403121940691102
2803,-0.6351308860470986
2804,0.45374033358388
2805,0.19902719258817958
2806,-0.44088800528445904
2807,0.0038890634544149535
2808,-0.31839698538799377
2809,0.4563521508815003
2810,0.7288258956373928
2811,0.16996047611886614
2812,-0.11194195787359727
2813,0.5282450071763294
2814,0.08903720453036273
2815,0.199872898388414
2816,0.48564352414895107
2817,0.43419777929009035
2818,0.37110292948853896
2819,-0.37149797339092283
2820,0.469034025959826
2821,-0.10603646659920891
2822,-0.0038110897440915277
2823,0.782725956091466
2824,-0.40320384524752156
2825,1.0883769987205199
2826,-0.15988730443249635
2827,-0.32231029583157306
2828,0.09206294603919497
2829,0.031024282278921917
2830,-0.005381048995640231
2831,0.18483080918624795
2832,-0.32576504434336145
2833,-0.07772982608260669
2834,0.1399402536243084
2835,0.1750601365223768
2836,-0.3939369425906576
2837,0.17492256441742782
2838,-0.40832313870088827
2839,-0.3286683793979301
2840,-0.029412218810133752
2841,-0.44125289806911067
2842,0.28143039992968844
2843,0.17642419911442442
2844,0.04288973007605812
2845,-0.4358185628362324
2846,0.6036517035796154
2847,0.4001494328398377
2848,-0.27467374784611087
2849,0.8567802358815254
2850,0.49504065363804745
2851,-0.12024818665170207
2852,-0.2203843687678202
2853,0.04876536485366462
2854,0.07991132868750792
2855,0.4842858212935769
2856,-0.21983762749827668
2857,-0.4795756641027248
2858,0.05725736812323043
2859,-0.45238923973746836
2860,0.8095122800461886
2861,-0.12393759824112639
2862,-0.1989782160016623
2863,0.33194433659512845
2864,-0.4784711363640915
2865,-0.1724524262746189
2866,-0.20434613191505172
2867,0.5240507872300639
2868,-0.027396182854756007
2869,0.5167949849640698
2870,0.7610890371958252
2871,0.6940790097037663
2872,-0.48226038796268084
2873,0.316899926321381
2874,0.3098214593449564
2875,-0.159332670500478
2876,-0.3521844503490194
2877,0.09753922972289217
2878,0.281055550948228
2879,-0.1177066078837729
2880,-0.8394693981162428
2881,0.3322253266632794
2882,-0.1881204443861603
2883,0.2892451029170261
2884,-0.3485249249782012
2885,0.4737123297486217
2886,0.15353853929397981
2887,0.6587423555468945
2888,-0.4444224856459571
2889,0.39389301275332006
2890,0.8157615294275474
2891,0.37087439142153283
2892,0.2719380127407289
2893,0.16645152939966776
2894,-0.32425313464847877
2895,-0.4612334707876031
2896,0.6992863734939813
2897,0.5063945903422411
2898,-0.2854525889160787
2899,-0.3126662525914695
2900,0.22799460865828822
2901,0.11636450980652976
2902,0.001513941007585309
2903,-0.16941703811192477
2904,-0.022876036114120087
2905,0.06948460578118888
2906,0.041222111164754424
2907,-0.30275617918293085
2908,-0.046011223424102105
2909,0.3315904970639526
2910,0.797560701060239
2911,-0.479370314643992
2912,0.7298177356415504
2913,-0.2887605197269992
2914,0.07773244767042913
2915,0.030792881972188966
2916,-0.5069233331466064
2917,0.2191575351938601
2918,0.6500176737684829
2919,0.47341195524235086
2920,-0.10595991732388109
2921,-0.5178405738228067
2922,-0.2541410215066196
2923,0.139350016293534
2924,0.11143710667416934
2925,-0.5861673926857167
2926,-0.12818575758786419
2927,0.09788571375476218
2928,-0.3113359160473441
2929,0.28514599343419633
2930,0.5910787962130757
2931,0.4042964196192603
2932,0.2043448998387626
2933,-0.1265499272262601
2934,0.044204804994697325
2935,0.12843524940255485
2936,0.029597136446722166
2937,0.01122958974810914
2938,0.06263914235714872
2939,0.2696474998889862
2940,0.4359038931588009
2941,-0.11446301831948896
2942,-0.1751895906842819
2943,0.007221655687200355
2944,-0.290684696201155
2945,-0.476714352761918
2946,-0.8425690174338721
2947,-0.17450572905021128
2948,-0.37214651420355244
2949,-0.6347640505836117
2950,0.6512196916009121
2951,-0.38891902680694035
2952,0.19368671180778982
2953,0.17513783510492645
2954,-0.5670165686326117
2955,-0.08819264640495693
2956,0.5582109237111271
2957,-0.6803197297828122
2958,-0.4273049350109857
2959,-0.7905308544874895
2960,-0.47609353135908106
2961,-0.4103732101186435
2962,0.20159873004874135
2963,0.2675703050444824
2964,-0.16775791477951627
2965,-0.7066399043242447
2966,-0.0027734423565023104
2967,1.0442383677703098
2968,1.010905674611003
2969,0.44966753906181045
2970,0.1959704530784229
2971,-0.1486014060263902
2972,-0.24495259414060597
2973,0.8075835941659351
2974,-0.10782226305124466
2975,0.4663448820540252
2976,-0.8504817859581546
2977,-0.3365424177169569
2978,-0.11043904106683317
2979,-0.20903150201143886
2980,-0.2641577902975998
2981,0.4594971406691095
2982,-0.09531233157983116
2983,0.14461897758670997
2984,0.3143800186707876
2985,-0.5540110585308401
2986,-0.2698846231076247
2987,-0.6839983660824139
2988,0.04351067406782033
2989,0.36082575274950984
2990,0.5331987443598718
2991,0.597795807490045
2992,-0.009049993336271541
2993,-0.4787960043329072
2994,0.210386695737495
2995,0.01465949169862527
2996,0.9558587909337193
2997,-0.9961897427522063
2998,-0.08390192918927326
2999,0.5771433078481149
3000,-0.7685760580435215
3001,0.08907443535781316
3002,-0.20227559819033006
3003,-0.15677295789777276
3004,0.6812583172165395
3005,0.030509789061115657
3006,0.07639018127934256
3007,0.5043203253158122
3008,0.7311188314877302
3009,0.21555296853102576
3010,0.08752156652772608
3011,-0.46622116874807024
3012,-0.16506743182898656
3013,0.5066130206720038
3014,0.18058388012829416
3015,-0.6128883607850331
3016,-0.7732910998323616
3017,-0.7188372906570454
3018,0.05092252791968331
3019,-0.9679783936640307
3020,0.5929967634568242
3021,0.03403770888256309
3022,-0.38804178833720054
3023,0.08956251895783353
3024,0.2895888669961982
3025,-0.3461723506467889
3026,0.598053452149533
3027,-0.36894207125112294
3028,-0.35093379487172827
3029,-0.07399784082005449
3030,0.45633967555985255
3031,0.49280318938666046
3032,-0.05056310149642767
3033,-0.5162298974273039
3034,0.2257736698411279
3035,-0.34436156791314726
3036,-0.1015324814600623
3037,0.6277394816662483
3038,0.18520127614871124
3039,-0.04719127270577721
3040,-0.8983597665908376
3041,0.004376582213891049
3042,0.15651571723765728
3043,-0.3819233194151474
3044,0.5097244438713707
3045,-0.08606517022945555
3046,0.0009320279944856212
3047,-0.08503401275641476
3048,-0.2854092091261497
3049,-0.14545294504861253
3050,0.09622594792906032
3051,-0.3286640171690083
3052,0.41332637455810567
3053,-0.5296547283267252
3054,0.8528622710967486
3055,-0.4655776034622196
3056,-0.10522350660808603
3057,0.16318988038106136
3058,-0.026095506577739926
3059,-0.6554289099125662
3060,-0.15508443792865167
3061,-0.37698203236350486
3062,0.12075152765018209
3063,-0.19224017045726302
3064,0.1130712419553366
3065,-0.3586632279836741
3066,-0.41947556773034134
3067,0.18684692441612574
3068,-0.18500374819561508
3069,0.2224573814842491
3070,0.4383937740223404
3071,-0.3401038989909096
3072,-0.5733339954490789
3073,-0.4286833192556288
3074,0.043854321801005215
3075,-0.19982245252727687
3076,0.6733460249379729
3077,-0.4920945407358728
3078,0.2694077149462541
3079,0.5622250882721418
3080,0.10575150794538088
3081,0.1720521876853398
3082,0.3978560066489545
3083,-0.5276740272844119
3084,0.7979725813180579
3085,-0.24475616413536563
3086,-0.1752135413015802
3087,-1.0374125855356053
3088,-0.07629677394952739
3089,0.25840646326295863
3090,-0.5361286224252362
3091,-0.06415561660821127
3092,1.341386444449795
3093,-0.2072255261480652
3094,0.3033866955395561
3095,-0.24503026645239623
3096,0.36709674366454575
3097,0.26884921179004984
3098,-0.4352156298894935
3099,0.39157184899260045
3100,-0.30211342197483837
3101,0.1909176455639803
3102,-0.5787568610456747
3103,-0.035764480520926054
3104,0.8783323455122691
3105,-0.4799180718003123
3106,0.5168896242180816
3107,0.28331485784736177
3108,-0.461090974888345
3109,0.5334295972627388
3110,0.3001798942742648
3111,-0.2015110474236975
3112,0.1496432679948882
3113,-0.2229952626898247
3114,-0.08927471183061494
3115,0.5400157523217932
3116,0.031850219419765555
3117,-0.5252634481343216
3118,0.22098065572179224
3119,-0.4917343646989162
3120,0.3499254251696727
3121,0.022177241959839784
3122,0.41546062140145934
3123,-0.059145490397480266
3124,-0.24430976985626507
3125,0.7137563974036212
3126,0.033347738096660764
3127,-0.4962500569377524
3128,-0.254495536303875
3129,0.1557855847143774
3130,0.8423471758953083
3131,-0.17382459173323775
3132,-0.06405617594917909
3133,0.07721774993877327
3134,-0.568774968686394
3135,-0.01647463810056524
3136,0.40765959855364203
3137,-0.3799762542899955
3138,0.010116695770555042
3139,-0.1620459616455711
3140,-0.6714601901499053
3141,0.11382401891079287
3142,0.23640641504233428
3143,0.11179101022817613
3144,0.29351118660644143
3145,-0.8219510170092609
3146,0.26829096399748387
3147,-0.4909906522841698
3148,-0.49246591156693614
3149,0.40120743538535764
3150,-0.07302528316995198
3151,0.5379160810101035
3152,0.359002925600747
3153,0.3373564531767035
3154,0.5685624723148943
3155,-0.4150184073300366
3156,0.6376210469168653
3157,0.46382246585116055
3158,-0.12718388911790823
3159,0.18494072312088697
3160,0.1734578711213567
3161,-0.23238920176447228
3162,0.02305365465318783
3163,0.3131072165117678
3164,0.21613337618019435
3165,0.06712773384211386
3166,-0.2833790806315529
3167,-0.45545420241317963
3168,-0.5804803921139958
3169,-0.4248664130840222
3170,0.34194866880935487
3171,-0.3160244692926166
3172,0.29849741185876366
3173,0.22543412450621492
3174,-0.21334687427842924
3175,-0.0710346202394238
3176,-0.2780829608205913
3177,-0.39974149528387065
3178,0.6638979001549674
3179,-0.09779780767207519
3180,0.08734111257483725
3181,-0.05281902506545835
3182,-0.33165584370243617
3183,0.07964555900581591
3184,1.182070399514897
3185,-0.8420255121626624
3186,0.07546009866496353
3187,0.1564037333529579
3188,0.22838920445781932
3189,0.07885572701742333
3190,-0.15849572026553965
3191,-0.7593608340472198
3192,-0.9505412377856884
3193,-0.36325193213673607
3194,-1.7719511802277974
3195,-0.5330645127641884
3196,0.013867393724806465
3197,0.1406080152676001
3198,0.21231183836261736
3199,-0.09754013902545042
3200,0.22224659388570303
3201,-0.16027385578040082
3202,0.37097630484466065
3203,-0.1917386978831445
3204,0.4688988587891005
3205,0.06111202300724293
3206,0.6491951669341814
3207,0.3464842870566291
3208,0.09707345285980706
3209,0.34671193761512464
3210,-0.7631528019932206
3211,0.07793574847643141
3212,0.848929473795682
3213,-0.38291967366749124
3214,0.02369331079045221
3215,0.45500401987429434
3216,-1.0080526569182606
3217,0.20129838643440828
3218,-0.023432852169036684
3219,-0.49283943912404493
3220,0.9725774960661818
3221,-0.29100666285643945
3222,-0.4344315927685794
3223,-0.17241635125771385
3224,0.9348094245043495
3225,0.4395702160703368
3226,-0.6554126891389913
3227,-0.2468133798935178
3228,0.7073971041961961
3229,0.3662916284530517
3230,-0.16484800812294712
3231,0.15466981754307157
3232,-0.09640538740378717
3233,0.23280707449758292
3234,0.27240239776583663
3235,-0.2668742338082865
3236,0.332956912725946
3237,-0.24222986488052353
3238,0.17207818280735843
3239,0.4034819911982953
3240,0.1412340212282377
3241,0.17882108347750908
3242,-0.259393078661481
3243,-0.510904847571107
3244,-0.12869414914002159
3245,-0.4101486146664418
3246,-0.4339771862531955
3247,-0.07529938523749792
3248,0.05826206290929865
3249,-0.40081286571479313
3250,-0.10102183225477468
3251,-0.1098877253045137
3252,0.6125673329735951
3253,-0.5504138398825702
3254,-0.43687732355332115
3255,0.40272438943110866
3256,-0.7145250729948556
3257,0.043977180151547966
3258,0.28654745688501904
3259,0.424947304115605
3260,0.287216333200501
3261,-0.12544849408372222
3262,0.026689956535064868
3263,-0.3807415025390262
3264,-0.4075578455661131
3265,0.7227642264581009
3266,0.2552924483955242
3267,-0.09434880831791836
3268,0.5321353981996452
3269,-0.18813517297766297
3270,-0.18973833164294593
3271,0.6126642432958607
3272,0.8865440791492643
3273,0.2892708584120031
3274,-0.3183758539117887
3275,0.023884014920385468
3276,0.2839642770201715
3277,0.15406286347958748
3278,-0.32606923811181704
3279,-0.11793996834731384
3280,0.5138197862906462
3281,0.31262931558056783
3282,0.4313072517334144
3283,0.7455684734966039
3284,-0.13718956365389393
3285,0.15480262696150826
3286,0.262020845490849
3287,0.585769384582354
3288,0.2013658907560854
3289,0.16835243751977924
3290,0.1098199174456515
3291,0.16169391009801318
3292,0.036727170493824776
3293,-0.2809656113984954
3294,-0.3323046583627656
3295,-0.2384054287042746
3296,0.7022549244558791
3297,-0.45336208610597656
3298,0.1526997961974985
3299,-0.025246274452935556
3300,0.3429661973039895
3301,-0.022712001551481252
3302,0.382969480921603
3303,-0.49587100670829326
3304,-0.32523881595558424
3305,-0.17521622951717533
3306,0.6081572583031579
3307,0.037987158715578874
3308,-0.4126737595491591
3309,-0.40967340888635245
3310,-0.28189357061435877
3311,0.1015324594571491
3312,-0.6458692801265562
3313,-0.14714610767846467
3314,-0.43272396001910696
3315,0.4137674223842374
3316,0.2278767501288833
3317,0.4787455971943942
3318,0.47310410787390555
3319,-0.054327096713958585
3320,0.7310034243177594
3321,-0.3729337663750107
3322,0.206197628202123
3323,-0.3826028235917158
3324,0.038006828684279605
3325,0.32861610854921763
3326,-0.8819791833910882
3327,0.34777432210623144
3328,0.2175700424559515
3329,0.3465406436844434
3330,-0.7280667682699477
3331,-0.4187616368816595
3332,0.595492536027279
3333,0.4031162901260623
3334,-0.30218211216951796
3335,0.02844712607915487
3336,0.2551862836034885
3337,-0.5743281876370042
3338,0.2170334928440971
3339,0.6226876428824434
3340,-0.08717664547989486
3341,0.3226616618276516
3342,0.7010166465666041
3343,0.2364712665579638
3344,-0.40810212002037205
3345,-0.006080736203372168
3346,0.25564215345098557
3347,-0.6292295165152527
3348,-0.12899021788621948
3349,0.3872046516773232
3350,-0.5488031872082987
3351,-0.28219801798390975
3352,0.0858710529343025
3353,0.14871776194881564
3354,-0.15200897370122374
3355,0.3068011374834513
3356,-0.1299353960039215
3357,-0.9211603302241915
3358,-0.33931601692184205
3359,0.1600520189277021
3360,-0.08336020989296991
3361,0.7079636988017682
3362,0.430349556559537
3363,0.4502163658470773
3364,0.26997418227374564
3365,0.37265700905712734
3366,0.33218988543847655
3367,-0.055586333413479204
3368,0.23617927371121988
3369,0.3241814667825264
3370,0.27246964383034666
3371,-0.10638597145073504
3372,-0.35377494545782745
3373,-0.6235730069146421
3374,0.03854367866619043
3375,0.07063672938347475
3376,-0.027288067744155972
3377,-0.25022181898153706
3378,0.12259909944356864
3379,0.929247538201744
3380,0.15239197047858422
3381,0.07789899589987893
3382,-0.4090609252843906
3383,-0.2830890068374965
3384,-0.0840580077124569
3385,-0.2229435062741017
3386,0.1523677168924492
3387,-0.07230784172300847
3388,-0.12228093067679525
3389,-0.19993298326575867
3390,0.15619262583300766
3391,-0.3489128409625881
3392,-0.5891361590859053
3393,0.12624849595963517
3394,0.179161997127239
3395,-0.6198600618984127
3396,-0.27504401596977074
3397,0.17059302847350452
3398,0.6950656656546638
3399,0.30180190280386177
3400,-0.20628388836220643
3401,-0.0873112180084858
3402,-0.5015899371036743
3403,0.37050185028525096
3404,-0.048418713464257135
3405,0.014200596186795467
3406,1.0825112513905122
3407,0.46403226597985664
3408,-0.7739095252620559
3409,0.4634561466979423
3410,-0.07291767273088345
3411,0.45575673611772716
3412,0.3837072792868149
3413,-0.32614639946119517
3414,0.7325842081216418
3415,-0.07084583622551617
3416,0.06894657867994766
3417,0.7921851160166817
3418,-0.31382478614230663
3419,0.40659124228480253
3420,0.4430223661439398
3421,-0.06394397554361755
3422,-0.10433368365578741
3423,0.5042436850725677
3424,0.007846657760387128
3425,0.4543175850052367
3426,0.10871890619427244
3427,-0.5284547485913156
3428,0.12370095986659253
3429,0.2610738566852543
3430,0.21355276402108975
3431,0.3183986156772321
3432,0.18705180010269729
3433,-0.6895885473292508
3434,-0.5836923282418177
3435,-0.33659788725648393
3436,0.1047184041922212
3437,0.7195919845243238
3438,-0.11554063966392465
3439,0.5254441256691066
3440,-0.04552645814798947
3441,-0.3005942050949409
3442,0.8458815404452763
3443,-0.7059603867176701
3444,-0.9030336490380492
3445,0.4945651439972406
3446,0.04063761516747043
3447,-0.37032104396556675
3448,0.6903802394550778
3449,0.2574812051912535
3450,-0.10698318072027918
3451,-0.39098341009342225
3452,-0.3800794137518002
3453,-0.33401432481407317
3454,-0.2400915448836718
3455,-0.4997676345571554
3456,-0.13127063214705523
3457,0.21685843263994498
3458,-0.06220965118120858
3459,-0.010543882246983877
3460,-0.6387838445939445
3461,0.11854166926887584
3462,-0.14552239420046362
3463,-0.49641391319257844
3464,0.42853963076378226
3465,0.07500759761894948
3466,-0.5518223904929646
3467,0.0213915677763372
3468,-0.27966766919812064
3469,-0.10563542621170695
3470,-0.2591907586702177
3471,0.011357563792671539
3472,0.25231106597578135
3473,0.524036365919252
3474,0.3772953151205814
3475,-0.8860198323538402
3476,0.4683786311126103
3477,-0.3262987240964715
3478,0.3761927909569423
3479,0.3311704476771255
3480,0.4916659572221857
3481,-0.20757924209793632
3482,-0.08895566662423604
3483,0.3191720691674653
3484,-0.8093719225516103
3485,0.4429495293160074
3486,0.0065087179496499115
3487,0.0515011143037795
3488,-0.0787818464121515
3489,0.27622252230295097
3490,0.2648417996740774
3491,0.24817444416714185
3492,-0.4995151169309178
3493,-0.13285671340771057
3494,-0.401236216043422
3495,0.39281515743131973
3496,-0.00305435095085623
3497,-0.4305080055295018
3498,0.319769875028124
3499,-0.17171922408382134
3500,0.6728686805841396
3501,0.006317351819093501
3502,0.17917264263157565
3503,0.25865756468329015
3504,-0.42866425604394676
3505,-0.7549437312837873
3506,0.0877035601226849
3507,0.012283407163877002
3508,0.6127890672902264
3509,0.8111064735646062
3510,0.36291787544358534
3511,-0.7776533147181407
3512,0.18989562264229606
3513,0.4197741970042263
3514,0.22421204956939858
3515,-0.4896659512415335
3516,-0.6495458734948466
3517,-0.13314467683253992
3518,-0.540225636169678
3519,-0.10812500331338766
3520,0.3766054916651634
3521,0.6406436541304009
3522,0.08064061741097285
3523,-0.2870055368769078
3524,-0.32938965551681487
3525,-0.08196748611057765
3526,0.42542576635589
3527,0.18997465715976822
3528,-0.21571366697437194
3529,0.33841493050529897
3530,0.11950985949943016
3531,-0.6838333941310638
3532,0.420820157480377
3533,-0.6975138619857366
3534,-0.1695244148045769
3535,0.008205126924939056
3536,0.46849227175594543
3537,0.36122339799031644
3538,0.22223503217833865
3539,-0.2631105764971238
3540,-0.7147302496513703
3541,0.4093598547153206
3542,0.5479099150157815
3543,-0.12282599305716525
3544,0.25418265891319336
3545,0.49111695622474644
3546,0.36629171019627543
3547,0.3010820826611215
3548,0.5197528843854997
3549,-0.12912611263265594
3550,-0.10995086915034719
3551,-0.12995412518739585
3552,-1.029662508007956
3553,-0.402210698035786
3554,0.019277781214527008
3555,-0.18910122481183406
3556,0.08573290293284931
3557,0.2482651510758537
3558,-0.08820134581327883
3559,-0.9027727034667482
3560,-0.17729289556865652
3561,0.1254059242049156
3562,0.1645050853482278
3563,-0.013047899002779372
3564,0.6665239637394614
3565,0.1208376509130558
3566,0.3516267858316225
3567,-0.10962330741501386
3568,0.21908686668231653
3569,0.00535381705844436
3570,-0.28105342073209705
3571,0.5063223633958234
3572,-0.25172400017015883
3573,0.18467995058101333
3574,-0.33448864544915047
3575,-0.2778997910336488
3576,-0.17850965081735956
3577,0.3453762882550644
3578,0.3226721137547526
3579,0.014171330143537962
3580,0.13479236476874948
3581,-0.5651940431059563
3582,-0.9328242003948614
3583,0.3875722539687867
3584,-0.05996107702107028
3585,-0.029623191046713366
3586,-0.4967990309029171
3587,0.6258895898230049
3588,-0.14539487392539924
3589,0.27285194525648676
3590,-0.17739996126276564
3591,0.11796356660864288
3592,0.8886832857337496
3593,0.5981667201528195
3594,0.512830014028254
3595,0.3504856418665019
3596,0.3756290163841613
3597,-0.3154535886704316
3598,0.3974531414234046
3599,0.2864857592666872
3600,0.07921493611247732
3601,0.15689596330703517
3602,0.08963648951786411
3603,0.17423226034766454
3604,-0.027969886762253558
3605,0.44351091067680737
3606,0.6147910485067059
3607,0.19986560083758637
3608,0.36646863402297536
3609,0.33557245475956105
3610,-0.6109495111118071
3611,-0.46630484409196793
3612,0.0634213809227446
3613,0.16886114946843
3614,-0.019175667298832834
3615,-0.8104010556659433
3616,-0.11088517547382384
3617,-0.3744055330291067
3618,-0.024836924210671147
3619,0.18627510756488153
3620,0.7202472581732192
3621,-0.1304054562868735
3622,0.13871550875900499
3623,0.6200188930156407
3624,-0.9376073731532518
3625,0.4760340584003956
3626,-0.34014343306084416
3627,-0.5172675271396685
3628,0.5173823128703987
3629,0.46604657362934493
3630,0.4827446400432526
3631,-0.020854529774243426
3632,-0.02606426297565252
3633,0.14876491640442444
3634,-0.1464071728507437
3635,0.36890210817369196
3636,-0.0032724509119261796
3637,0.47605098342445173
3638,0.2943868056021646
3639,0.33805004449455966
3640,0.35026317472225693
3641,0.4001357889389282
3642,-0.0667934790915607
3643,0.24400125682764215
3644,0.3047608169012354
3645,0.6368780870071736
3646,0.01854865452443435
3647,0.1473284781306621
3648,-0.01703688077529062
3649,0.020183117153072406
3650,0.6948292133749918
3651,-0.7907632214928088
3652,-0.12292754132345626
3653,0.466059668223471
3654,-0.2793052935110031
3655,0.28068204866509566
3656,0.20071631236302365
3657,0.487130556764866
3658,-0.0182079072143461
3659,0.11745494655439065
3660,0.461618898849806
3661,0.07907748335556612
3662,0.12324483572789499
3663,0.12924208184342983
3664,0.0013388750851695004
3665,-0.377317343442343
3666,0.5478291403171374
3667,-0.9776326060070303
3668,-0.6074985242676081
3669,-0.11355559753241452
3670,0.28874210970423797
3671,0.05287632359786163
3672,-0.6179265601392359
3673,0.29242652718888534
3674,0.1738598087786858
3675,0.3700291939157801
3676,0.426113099392108
3677,-0.18177000158401105
3678,0.007407651758842301
3679,0.09445215490758162
3680,0.6331629526990539
3681,-0.29130169502805114
3682,-0.2156526550464312
3683,0.370425229167744
3684,-0.33793504277246833
3685,-0.04928445940547814
3686,0.08790947702542705
3687,0.11266389271339008
3688,0.1481220917795993
3689,0.15004136807882987
3690,0.2717831602601881
3691,-0.5432726376489844
3692,0.9207451590925563
3693,0.15840547140734584
3694,-0.3271611899742181
3695,0.08515602552879635
3696,-0.06758057946571487
3697,0.4275853526960336
3698,-0.09798653217361918
3699,-0.10948941436067247
3700,0.39970480579141515
3701,-0.5263494641125095
3702,-0.5778599868094307
3703,0.09178946446728166
3704,0.09212677342552106
3705,0.7567561957347235
3706,0.4363428756257335
3707,0.4018948494832981
3708,-0.10083736459830239
3709,-0.3429678673089568
3710,0.5821509960336607
3711,0.5694730722401373
3712,0.016468123825773985
3713,-0.24688792491439615
3714,0.19132591324767506
3715,0.1826601606497197
3716,0.40343897940669615
3717,-0.31387565913292825
3718,-0.5592282463304037
3719,0.13288285430205451
3720,0.30712487809279265
3721,-0.07107721673049751
3722,0.09054680980589747
3723,0.359753850744035
3724,-0.6547559553964564
3725,0.5490961752891483
3726,-0.9266750251486686
3727,-0.6524665478945233
3728,0.22831476851497381
3729,-0.13692402879782703
3730,0.7983720747754999
3731,-0.34315799394014856
3732,0.16603556933877248
3733,0.8277174917542047
3734,-0.05844979698781299
3735,-0.09831859979453537
3736,0.1828397913177175
3737,-0.34856885199143767
3738,-0.0029902917064389485
3739,0.043253714797200374
3740,0.4925380151732392
3741,-0.3013185803943982
3742,-0.3620248858353441
3743,-0.05416648845876967
3744,-0.38527620425706904
3745,0.34882227909120295
3746,-0.12511317052841045
3747,0.3668002598362434
3748,-0.1367950446187152
3749,0.0525980765509592
3750,0.7502600551999706
3751,0.11759665052862159
3752,0.9293387898551506
3753,0.40381842157710024
3754,-0.6541714993530177
3755,0.7921952184912525
3756,0.03120714744529351
3757,-0.008884293444419617
3758,0.6380437566773994
3759,0.10739184825465113
3760,0.5293032334676028
3761,-0.2592517794518068
3762,-0.43779332083943356
3763,0.25381653109344027
3764,-0.05413633033259593
3765,0.8275774531309948
3766,0.02237949826695775
3767,0.8766053016254848
3768,0.19654946616350324
3769,-0.31280495762951854
3770,-0.3369196883025251
3771,0.49239151965717315
3772,-0.45034398318922925
3773,-0.40072840673483123
3774,-0.06112068660283666
3775,-1.4049092371540066
3776,0.43874111289826406
3777,-0.009483898903697049
3778,0.5496676732186974
3779,-0.3505993587203339
3780,0.5592200344985899
3781,0.0592584472272568
3782,0.17756894328136522
3783,-0.05606726614279706
3784,-0.22218051092130536
3785,-0.30765930611090153
3786,0.2190288850964848
3787,-0.0303123658867752
3788,0.04750772003283398
3789,-0.8427354512596243
3790,-0.5702010079844271
3791,-0.5417297050526338
3792,0.3885424087192845
3793,0.9285700992208175
3794,-0.7068769244556652
3795,0.14149225850158573
3796,0.29550846790634294
3797,-0.8008591707592997
3798,-0.20223220058028846
3799,0.2196432598379744
3800,-0.4876452870117512
3801,-0.28024920478941695
3802,0.0075391219202136026
3803,0.8207678204441184
3804,-0.6129471799766818
3805,0.03446787467122891
3806,0.26933718987792626
3807,0.3863100102809964
3808,0.4052373309723456
3809,-0.49639388479356866
3810,0.29385493351922837
3811,-0.0350589399142452
3812,-0.19778814095854252
3813,0.7139188121125761
3814,-0.023824354461758967
3815,0.27922235609994667
3816,-0.3879797434593242
3817,0.26390969721776963
3818,-0.7317534308820491
3819,-0.010672209197009454
3820,0.6454368787963014
3821,0.13158255854159828
3822,0.314545474909623
3823,-0.658089523773841
3824,-0.3306947602366317
3825,-0.1293656854677004
3826,0.6194068027059517
3827,0.7087818541145754
3828,-0.04554789735930271
3829,-0.12944550446713737
3830,0.09653197237051363
3831,-0.24019089478847072
3832,0.19569413968725802
3833,-0.4543424556485687
3834,-0.23334027173849625
3835,0.5995734149712543
3836,0.5950206553219947
3837,0.5725119835821213
3838,-0.7661290893588346
3839,-0.7612732709030395
3840,0.37341108873075807
3841,-0.5816820090480653
3842,-0.01600547427288824
3843,0.16340007028947826
3844,-0.02250308241818694
3845,-0.25436044123462204
3846,-0.04946458714218766
3847,0.31592729969612854
3848,-0.6594071332982864
3849,0.16450098393325904
3850,-0.13600718800612588
3851,0.7332550629076733
3852,0.02608479195189809
3853,0.04260930515345216
3854,-0.4994396005422549
3855,-0.4899580442480592
3856,-0.2500159480825782
3857,-0.45967206066597116
3858,-0.40444852230906164
3859,0.16921703934878876
3860,0.12163566626014441
3861,0.28024108469339803
3862,0.739803150307829
3863,-0.1691393161343227
3864,-0.7106667901623033
3865,0.8664661912861699
3866,0.2381670210190324
3867,0.6499097327078934
3868,-0.26913107442538176
3869,0.1874230922698393
3870,-0.6195539383144146
3871,0.711071895896457
3872,-0.1479855329105223
3873,0.2763695917548013
3874,-0.6646438983032112
3875,-0.025698363774429397
3876,-0.06416852275788432
3877,0.09358363597104402
3878,-0.03916574297375288
3879,0.6218732912784488
3880,-0.08535811516601184
3881,-0.7121985801444249
3882,0.01903808156225215
3883,0.15176574538690574
3884,-0.12741341594620226
3885,-0.5476726452595121
3886,-0.4350492355219988
3887,0.22293133518251976
3888,-0.6136321985980844
3889,0.2549340933044062
3890,0.2436861154787988
3891,0.36199736420684203
3892,0.30252951061956185
3893,0.44980502999147487
3894,0.47940898219251477
3895,-0.26761380136894986
3896,0.2250526886817732
3897,-0.16450377784356984
3898,0.890088861375809
3899,0.9120535471756314
3900,0.7221815341136584
3901,-0.11668691869561822
3902,0.8081747920043931
3903,-0.19715567929930616
3904,0.3251007947845882
3905,0.04715978240495861
3906,-0.04422815742917037
3907,0.6521524094341408
3908,0.2492070682129969
3909,-0.07730701047507671
3910,0.12850369707319673
3911,0.3240666979896084
3912,-0.33801153897019115
3913,-0.1789404784510148
3914,0.14493355615761852
3915,0.752108875839095
3916,0.13159718168225418
3917,-0.5990644254188442
3918,-0.5776999087183508
3919,0.22764156731899898
3920,-0.6058096394395867
3921,0.24533528941031804
3922,0.542766971819561
3923,0.1764977352451841
3924,-0.1204973349391119
3925,0.02715507124903702
3926,0.02765246651169836
3927,0.3733938305476303
3928,0.14542134132700862
3929,0.1972351707606194
3930,0.07766075875438631
3931,0.2867795799318004
3932,0.7011850740818797
3933,1.0032533829961459
3934,0.17779737630188722
3935,-0.02898213306414047
3936,-0.14595137839704292
3937,-0.2640179945803479
3938,0.16342819857754076
3939,-0.5320192672388451
3940,0.2940400361175575
3941,-0.1910524031120451
3942,-0.16183207891358797
3943,0.030173579223733347
3944,-0.38995915312225504
3945,0.3728612798592898
3946,0.09360552444607384
3947,0.3358321023386644
3948,-0.3506374617917465
3949,-0.375611085020381
3950,0.1111961463869166
3951,-0.32237196646451755
3952,0.3386609653296863
3953,0.5416575239752119
3954,0.2942146171719816
3955,-0.09987872297956815
3956,0.3785376839070824
3957,0.41666136132907095
3958,0.2914173665079973
3959,-0.11755348773072236
3960,-0.2183368282744334
3961,-0.44940626210438034
3962,0.2605149089775648
3963,0.40437618538411957
3964,-0.14740014351546799
3965,-0.2397980153868301
3966,0.16984010983463832
3967,-0.6025345666769496
3968,-0.09469395811504965
3969,0.0069581138376849224
3970,0.15346743915953492
3971,-0.02729686504070051
3972,0.3600991492325121
3973,-0.4349242437011285
3974,0.17446149427465088
3975,0.11494821578162413
3976,-0.5025016670793869
3977,0.10643977188021851
3978,0.031035553802837776
3979,-0.15522246036186846
3980,-0.047023416626201735
3981,0.2094778484317581
3982,0.24835482087655214
3983,0.7409020735436648
3984,0.10432990269623202
3985,0.4010547142075292
3986,0.05854540089780868
3987,-0.2710875165354542
3988,-0.07467584440587006
3989,0.4881958441788045
3990,-0.2346117169488522
3991,-0.7173176610554373
3992,0.7025645107740476
3993,0.25795748053680645
3994,0.4451235697710993
3995,1.072034843505495
3996,1.1833096889158783
3997,-0.13623006127344783
3998,-0.2682499576183727
3999,-0.36608296485527686
4000,0.30472034431593004
4001,0.3211086950209505
4002,0.35177146539140053
4003,0.6299655042743252
4004,0.40778165707917036
4005,0.688198116998333
4006,-0.09008451275727446
4007,0.16895467545273887
4008,-0.05638217624306696
4009,0.5274914298180358
4010,0.008762677485326654
4011,-0.002051847517411611
4012,0.03480892951611356
4013,0.39946835376657247
4014,0.6355220768757223
4015,-0.13962944726052592
4016,0.35500850288121355
4017,0.5742158419061022
4018,0.10032695283205015
4019,-0.08806755861513298
4020,0.6864381841080068
4021,-0.23633520743921296
4022,0.4255396310388569
4023,0.34859022469534157
4024,0.4313539044857728
4025,-0.024570947098456773
4026,-0.2451299802380672
4027,0.05910918248069948
4028,0.37373571574964404
4029,0.2106898720481337
4030,-0.08048599219846711
4031,-0.07948633908617121
4032,-0.23162954413669268
4033,-0.31817249610206483
4034,0.18747902431859714
4035,-0.05671798245052419
4036,0.9496544787603732
4037,0.40278564924365673
4038,0.12471117357166246
4039,-0.4158907660589447
4040,-0.021012733205022574
4041,0.3582208475003903
4042,0.18622230804824003
4043,-0.1305150561274
4044,0.3608663826984228
4045,0.4222287102466385
4046,0.555372584610409
4047,0.12600075606244457
4048,-0.006608661551127341
4049,-0.39948108933583043
4050,-0.19151814205079787
4051,-0.19952980313747137
4052,-0.24716620555661079
4053,-0.4083211450363812
4054,0.3011249089935825
4055,-0.8461268179386113
4056,-0.0373071910052864
4057,0.5760405884522272
4058,0.4304688585044157
4059,-0.2701207564655381
4060,0.3655969418444892
4061,-0.15279625244772949
4062,-0.3052336073995554
4063,0.658080905662218
4064,0.17530151697893032
4065,0.3344695237590832
4066,0.5705219412924066
4067,-0.4012255614191649
4068,0.30129829097895744
4069,-0.12471312663702967
4070,-0.6465526919727753
4071,-0.3944565612301818
4072,0.31577226799876945
4073,0.11333922375301018
4074,-0.09814924451871827
4075,0.23605604089927829
4076,0.1395263792246471
4077,-0.47123749472959525
4078,0.41931793017635577
4079,-0.14970764961996463
4080,0.4369931688131454
4081,-0.6506702876078704
4082,0.8202941139587627
4083,0.09394920396549519
4084,0.48820729624741116
4085,0.5036414002200993
4086,-0.176729591363086
4087,-0.16109421939838692
4088,0.12580528163741056
4089,0.05733055141561127
4090,-0.6427819938397034
4091,-0.13873532702358757
4092,0.2772652293359786
4093,-0.0029158123869582053
4094,-0.18154594520179038
4095,-0.26212291476992833
4096,0.24432114996679283
4097,-0.25325796474311607
4098,-0.41186325218423253
4099,-0.09030901941877428
4100,-0.05573968854746785
4101,-0.11829676924407101
4102,0.239562389547278
4103,-0.07697816785781295
4104,0.07996988298043975
4105,0.3238100971187232
4106,0.5489875537167449
4107,-0.3301270189329124
4108,-0.46913735215444236
4109,-0.3773888072976813
4110,0.024642042332770217
4111,0.6082693679726852
4112,-0.5753672795896644
4113,0.07010625337736402
4114,1.061466657492294
4115,0.4796385532048622
4116,0.6347472819519634
4117,-0.44735608955331146
4118,0.5205339874593433
4119,-0.36388898936436376
4120,0.38295079240793356
4121,0.03605989461881455
4122,-0.03570510038493709
4123,0.17610709867440863
4124,0.5919544996137337
4125,0.3194999810477107
4126,-0.27534789260228104
4127,-0.3222773225175545
4128,-0.2605618308764083
4129,-0.03799652863231698
4130,0.306104883692295
4131,0.4817366074862286
4132,-0.36344372947394576
4133,-0.5749500033020197
4134,0.21168614340016834
4135,0.44647202750107867
4136,0.5751077157215714
4137,0.1117139360719266
4138,-0.6285522454101408
4139,0.3036166261594144
4140,-0.061311093580136526
4141,0.22723494545515857
4142,0.04153507174857068
4143,-0.2791655552024335
4144,0.05080653077439739
4145,0.4834002662961217
4146,-0.42668555413562576
4147,0.3589909611761191
4148,-0.4928097725692438
4149,0.8114126013937709
4150,-0.19565269625743786
4151,0.24121998442075895
4152,-0.040545106705405676
4153,-0.07168540304510194
4154,0.12759189204906835
4155,-0.231539051608152
4156,-0.5083987321943013
4157,0.35527839529094524
4158,0.1583765937579894
4159,0.07758078029199064
4160,-0.5085841020839403
4161,0.5322247740976938
4162,-0.3425680737026372
4163,-0.7493985716303003
4164,0.5071599569921383
4165,0.01801852502372707
4166,-0.14578495515781004
4167,0.553906964050636
4168,0.046489526797393904
4169,0.02573476379423051
4170,-0.6193701452308567
4171,0.30479480019198674
4172,0.06606452255528703
4173,-0.22808227471789644
4174,-0.4006649062306796
4175,0.29193002596426193
4176,-0.4832218550492177
4177,-0.488687562383412
4178,0.1564073192065836
4179,-0.23808209319666213
4180,0.4002318250877969
4181,-0.05286964921860832
4182,-1.0255425491058903
4183,0.3245049682839248
4184,-0.34218657280486475
4185,0.4815717298864621
4186,-0.34302941258536246
4187,-0.8750445757771745
4188,-0.1311006390736386
4189,0.26256779989245393
4190,0.023733485964224584
4191,0.5155807535388238
4192,-0.16189637032152668
4193,-0.20429556602391238
4194,-0.15658362804494158
4195,0.5264372265504431
4196,0.40064273782752335
4197,0.7130282278805405
4198,0.5448261235791679
4199,-0.2356001781283622
4200,-0.1409127992002893
4201,-0.20779823184075716
4202,-0.30516198645087783
4203,0.16932442054286223
4204,0.07235958244553474
4205,-0.05512158803530642
4206,0.7735383982935442
4207,-0.3285748155090447
4208,0.8285386443949924
4209,-0.2794164418905186
4210,0.23824871093450445
4211,-0.042628105050558474
4212,0.3852172822581164
4213,0.03152250223981745
4214,0.32340020162320937
4215,-0.04529558297392985
4216,0.09199440959023761
4217,0.4930365444778352
4218,0.10985885023533351
4219,0.7010009157204266
4220,-0.25095098812111466
4221,0.2785691514875137
4222,0.4364196239744057
4223,1.204570084370584
4224,0.25703780474152005
4225,-0.4250637742080621
4226,0.01286368450034992
4227,0.04293661101341259
4228,-0.43421344561548947
4229,-0.22806300251736988
4230,0.43590651590543533
4231,0.029597198416736335
4232,0.48381044379188376
4233,-0.20154469391190008
4234,0.05159917313055687
4235,-0.19191163915325388
4236,0.166688627598224
4237,0.3936976123519654
4238,-0.16392673754865772
4239,0.20658374330865698
4240,0.5319293698848222
4241,-0.411515466454399
4242,-0.17913369376550684
4243,-0.02390939604259195
4244,-0.030849355488171356
4245,-0.23232869909188184
4246,-0.3541039543991615
4247,-0.2907056422901032
4248,-0.5518536408336756
4249,-0.39027601032078957
4250,0.031748483570173715
4251,0.45775003553357935
4252,-0.1495713374588703
4253,-0.19354504895179403
4254,0.12637705599384058
4255,-0.09503927549580479
4256,-0.06136929379156959
4257,-0.10517639867323493
4258,0.3524205078145813
4259,-0.892612850473307
4260,0.7392814573618022
4261,0.8867118834662856
4262,0.31350220414781976
4263,-0.762767155397497
4264,-0.1535795334297464
4265,-0.6597039182272174
4266,-0.09429816104101872
4267,-0.4576640912032936
4268,-0.3797117105903351
4269,0.7183166980221929
4270,-0.014420217009348913
4271,0.05425419546505804
4272,0.23992614995296385
4273,-0.02069794284221513
4274,0.10283721917143941
4275,-0.439491475864238
4276,0.11382368851829758
4277,0.21334036805463708
4278,-0.2260306931833559
4279,0.8045592660908241
4280,0.12713671193617448
4281,0.029480462303270647
4282,-0.44717809243393714
4283,-0.04160254178170151
4284,0.7870669463963369
4285,-0.2019949086254305
4286,-0.49130810467839414
4287,-0.22547788438554067
4288,0.6088246979250116
4289,0.29385588723993966
4290,-0.3725749695469125
4291,-0.6090476032682863
4292,-0.04931719613139148
4293,0.8326817538947789
4294,-0.373673005773458
4295,0.30620617629597885
4296,0.09214057350572373
4297,-0.028527315780197487
4298,-0.23423665029934396
4299,0.13018897138494942
4300,-0.014667726504137968
4301,0.3275771922651427
4302,-0.2720956169247956
4303,-0.3043631282703145
4304,0.030485878841226444
4305,-0.8186346483553681
4306,-0.1786061683840639
4307,0.26978997718399655
4308,-0.12234279844695847
4309,-0.02106380607711086
4310,0.011833429225827273
4311,0.12759492517129406
4312,-0.17921172357177031
4313,-0.67755624169118
4314,-0.23893745354956922
4315,0.06900154080120477
4316,0.503866908293616
4317,0.3181252760807163
4318,-0.374879619353016
4319,0.46093812563928
4320,-0.3142834549580903
4321,-0.20300700635261534
4322,-0.1504664873734405
4323,0.21256320158644498
4324,0.04032703346210101
4325,-0.2116504289224403
4326,-0.19921758689085195
4327,0.26514342081378933
4328,0.0010854095346025951
4329,-0.7016547939282083
4330,-0.015789587619081225
4331,0.512913599473681
4332,0.03760070475503178
4333,0.14422875344359676
4334,-0.5750898441485588
4335,0.5943061425594077
4336,-0.2044526713684938
4337,-0.4879165486173554
4338,0.05348507138388727
4339,-0.20857164385085594
4340,-0.2875429013495207
4341,0.29526732972999864
4342,0.3788222275193429
4343,-0.29579826143627025
4344,-1.1391030818337524
4345,-0.045048615151699535
4346,-0.07458106961846446
4347,-0.8990830577456649
4348,-0.7269568162654776
4349,0.020617165418136706
4350,-0.579318415661717
4351,-0.2761986126499828
4352,0.16486287231062424
4353,0.16546104906367737
4354,-0.026029436085150227
4355,0.07788044269555246
4356,0.3435427918497117
4357,0.3039172393220194
4358,-0.01001696382983939
4359,-0.27881173854632746
4360,-0.21367738719364873
4361,-0.6149533484290415
4362,-0.04121438734485092
4363,0.25950892623763405
4364,-0.3945354477626781
4365,-0.003228588919092808
4366,0.24544623632866333
4367,0.0493849338399499
4368,0.006150023069457354
4369,0.2514249739447399
4370,0.008857089055638666
4371,0.22648040410960738
4372,-0.9094308861443621
4373,0.45072603730195804
4374,-0.41761645489190463
4375,0.4239966883508368
4376,-0.3536723248317302
4377,0.05350194508430739
4378,-0.34079163230195153
4379,0.08438532565342255
4380,0.43252832393111834
4381,0.6780322300193486
4382,-0.385078332314567
4383,-0.46685389117824877
4384,-0.3486226748573925
4385,-0.11238216282333276
4386,-0.3386294268325908
4387,-0.6453240266724227
4388,0.450129518498406
4389,0.1176665114609976
4390,0.344449429375784
4391,0.27613062433093855
4392,-0.03171637359978371
4393,-0.12916035426263037
4394,1.2308790149035185
4395,0.004925316879251553
4396,-0.5443899505304516
4397,0.19672749316360386
4398,0.21237436005684499
4399,0.05688087340852408
4400,-0.128480764144025
4401,0.13716144523026635
4402,0.751368765538614
4403,-0.7390992325486162
4404,-0.33577173752256356
4405,0.07621521710209032
4406,0.04759657920030839
4407,-0.26923077796770356
4408,-0.6342659865054641
4409,-0.09779319171723963
4410,0.1695694557934045
4411,0.267565408347317
4412,0.3070352036130522
4413,0.5600482415157643
4414,-0.3750742629634369
4415,0.8148584682607259
4416,-0.09891318699359922
4417,0.32106383505904995
4418,0.23884422046981357
4419,0.23571872291389698
4420,-1.6166322903578427
4421,-0.17239179609867955
4422,-0.2031937710336621
4423,0.4180048232086018
4424,-0.5819420098290675
4425,-0.473484968000658
4426,0.13754982101904115
4427,-0.07100104690833155
4428,0.8747167753214876
4429,0.3474767074462979
4430,-0.1972493956274894
4431,0.06889671550745424
4432,0.5648559521703903
4433,0.8448875576222508
4434,-0.28661913293307284
4435,-0.6566655900439392
4436,-0.3838228936696081
4437,0.005563837245408639
4438,0.3095745487801304
4439,-0.18375853094360511
4440,-0.08369226352722897
4441,0.41926343427727814
4442,0.8567124490321585
4443,-0.33527369851105926
4444,-0.5968980564942954
4445,-0.5041126804272814
4446,-0.2178335022570381
4447,0.6802960036223311
4448,0.14321579359803133
4449,-0.4211410114504616
4450,-0.7247715658844133
4451,0.18111501437040053
4452,0.0660764639154553
4453,-0.5196308662596112
4454,0.3609022050484834
4455,0.17435492192723945
4456,-0.20637773264167242
4457,-0.37403405398143674
4458,-0.32116441140783764
4459,-0.48471882292883434
4460,-0.6882235621469898
4461,0.08136622069075172
4462,-0.3200474042117319
4463,0.3192487612518799
4464,0.23896735190494564
4465,-0.2147731902357145
4466,0.0818855125811567
4467,0.1916080948400045
4468,0.08493462222891825
4469,0.4162828292825125
4470,0.39666239316894036
4471,0.062874030129261
4472,0.5163298501880478
4473,0.3360377164183061
4474,0.4843270409728413
4475,-0.0511771911631941
4476,0.4366821019361763
4477,0.24092545644831095
4478,-0.1444080908965201
4479,0.3380185853201863
4480,-0.06094385497465035
4481,0.09898216363993141
4482,0.40705086449355893
4483,-0.03873503291646906
4484,0.20391174633548687
4485,0.17974445373948703
4486,-0.22632979943760043
4487,-0.6924662479890206
4488,0.23709452421958874
4489,0.07768042616285763
4490,-0.3189646608678819
4491,0.523812662887613
4492,-0.016352570890411516
4493,-0.46894920163566334
4494,0.30039839369903604
4495,-0.00611678972514476
4496,-0.22784674441694264
4497,-0.9035671650194126
4498,0.23261679512757982
4499,-0.2866449116417408
4500,0.5284875378437676
4501,0.26276706146933304
4502,-0.14521263042866814
4503,0.18268257131416465
4504,0.4017762775942272
4505,-0.3400451510192969
4506,-0.3708041884625653
4507,-0.7445887893315453
4508,-0.7042063735599527
4509,-0.6323342760008486
4510,-0.3177258342980381
4511,0.24288393412659548
4512,0.0889632222752664
4513,0.2651095065991114
4514,-0.39509389909482556
4515,-0.08031515703599018
4516,-0.1628181904350114
4517,0.009155779949420524
4518,-0.23302842432530096
4519,-0.7572539521606917
4520,-0.5024514362247762
4521,0.1187849194208646
4522,-0.1517449512631139
4523,0.47955486848271367
4524,0.1048936687851135
4525,0.2067477687670323
4526,0.02678006101817228
4527,0.37811737491134884
4528,0.3200886142766322
4529,0.30182814153057413
4530,0.6625962017045857
4531,0.37948609702076863
4532,0.5979684391612975
4533,-0.27417456607072416
4534,0.09456161052383164
4535,1.1924810117350269
4536,0.5287224611146952
4537,0.7611552954815675
4538,0.17020959025838842
4539,0.28400769352027866
4540,0.027296477813301807
4541,0.7674922733344299
4542,-0.16127040769066692
4543,-0.3567064490918426
4544,-0.8193716768663389
4545,0.15511281904241306
4546,-0.6653678865298374
4547,0.06976132727185339
4548,0.5886251449984734
4549,0.5191863089641089
4550,-0.3928591773230178
4551,-0.4525226581486472
4552,0.33004250372618976
4553,0.14828370275419636
4554,-0.05883245795415607
4555,-0.5588443070418936
4556,0.09208938982704933
4557,0.10048276377843626
4558,-0.19997883450911855
4559,-0.29099031045297746
4560,0.6288883618699961
4561,-0.29528249043709076
4562,0.49180481635984674
4563,-0.217728788821446
4564,-0.09943576864868657
4565,0.4765414580929351
4566,0.4828359996153327
4567,-0.5526771208380117
4568,-0.26748833448653025
4569,-0.0887281865225652
4570,0.4596617273660703
4571,0.8516641242437063
4572,0.04820463493547571
4573,0.1828452729722219
4574,-0.09364545069350828
4575,0.0390308580612274
4576,0.1782221710334371
4577,0.3444792543783481
4578,0.07561694219010923
4579,0.14048825918617402
4580,0.24612022070883496
4581,0.06977146335397401
4582,0.2442862631841898
4583,-0.3001525012244566
4584,0.37376079331326406
4585,-0.22796469459830856
4586,0.45833574762141194
4587,0.8494879433169639
4588,0.12850682543527317
4589,-0.2433633102915613
4590,0.5342164169836271
4591,0.5793081908739811
4592,-0.5667654608095519
4593,0.21449371147796253
4594,0.47281945543127746
4595,-0.29596640221970794
4596,0.5580001731179602
4597,-0.06880790915956023
4598,0.13712126295530142
4599,-0.2480310573470507
4600,0.5635660136637365
4601,0.02646713767623355
4602,0.2653328870114209
4603,-0.1936253912805187
4604,-0.09504998710915102
4605,-0.33402002516149587
4606,0.089939089017008
4607,0.4115505373133451
4608,-0.19373983020369762
4609,0.043576649129785386
4610,-0.41910608224618706
4611,-0.29815603673032093
4612,-0.5373105476288611
4613,0.36607786543922993
4614,-0.15530345225070522
4615,-0.08643990311546118
4616,0.2639086928942691
4617,-0.22001181461955974
4618,0.6603113249566531
4619,0.16094178843861778
4620,0.649687199075876
4621,-0.13778214534454053
4622,0.17570177507750467
4623,0.7211109157764231
4624,-0.27216485341507535
4625,-0.03865243389304148
4626,0.11628476866463933
4627,-0.20322426942873867
4628,0.031230221112247783
4629,0.6940047800693644
4630,0.7482140888377062
4631,-0.3975447212564456
4632,-0.23130459970234019
4633,0.1366834089717972
4634,0.16963575756272145
4635,-0.12348931442290903
4636,-0.17867887011372524
4637,0.6735763618818149
4638,0.07769596285105611
4639,0.4508991760997829
4640,0.5110623263806174
4641,0.01296788543089661
4642,-0.19547521927348502
4643,-0.4696661485717618
4644,0.1152949986478776
4645,-0.0070886928086382785
4646,-0.2112180609097372
4647,-0.551673587032953
4648,0.42519433493644765
4649,-0.22162806784687003
4650,-0.06882543321001128
4651,0.40166761874725015
4652,0.2802702115264722
4653,0.5229479387005918
4654,-0.2428395782914675
4655,0.13495586030966664
4656,0.06360011853192567
4657,0.152171826199882
4658,-0.16120859677840904
4659,-0.3661558326845315
4660,0.24877621305287487
4661,-0.24050506273398775
4662,0.48547874026092885
4663,-0.3640633624031855
4664,0.4992049656952877
4665,0.20749975274902177
4666,-0.8940846845965488
4667,-0.28868442855159426
4668,-0.26323380394401324
4669,-0.36796167167639204
4670,-0.766736648406749
4671,0.1428936964820679
4672,0.15336050523610717
4673,-0.8563781413089073
4674,0.008969482821541133
4675,0.22337813691113576
4676,0.09239556332671088
4677,-0.06343265546848789
4678,-0.6050493029879531
4679,-0.3151330148615856
4680,-0.22441818951160103
4681,-1.0299614868353584
4682,-0.0804453433646094
4683,0.503904835412749
4684,-0.20857445793658735
4685,0.14164711316237175
4686,0.608616136061802
4687,-0.7547849083001289
4688,-0.4281974892485126
4689,-0.04162651043483823
4690,0.6713465805440417
4691,0.19550705917115543
4692,-0.3148068498617755
4693,-0.2404605719065727
4694,-0.16403537263104545
4695,0.14342134119185387
4696,0.44504552119252516
4697,0.07302301748832053
4698,0.01200005962690132
4699,-0.2305378572753474
4700,0.37967948054230055
4701,-0.3055538419555859
4702,0.27805651228483175
4703,-0.3421427134599438
4704,-0.23794519018382143
4705,0.008730710413077035
4706,-0.05710551751637985
4707,-0.014456086374049293
4708,0.6590399659023487
4709,0.5388196024349164
4710,-0.20158981791846722
4711,0.37916102948995134
4712,-0.11885122169678504
4713,0.07770513156845592
4714,0.04656711046647363
4715,-0.45330114838547714
4716,-0.029450820892021824
4717,-0.12183529064915952
4718,-0.2188960130047072
4719,-0.4407477051444316
4720,-0.39644349073236224
4721,-0.20239755166238987
4722,-0.1676591819579542
4723,-0.3495247446706245
4724,-0.47857409057711187
4725,-0.11877267916814835
4726,0.29747992807954954
4727,-0.19786329443069817
4728,-0.40605587015127254
4729,-0.5110022211753241
4730,-0.6980110076690238
4731,-0.42373961821819967
4732,0.2897057995878176
4733,0.025108171950435285
4734,0.03138024599832666
4735,-0.06745584227984314
4736,-0.3952885712482271
4737,0.08630773941779277
4738,-0.5406571145811147
4739,0.005187028950048295
4740,-0.16551843005663083
4741,0.18082517988251087
4742,0.6657904506680011
4743,-0.050154121109395704
4744,0.2649609272126736
4745,0.22808705012650932
4746,-0.5120987301361644
4747,-0.3938668099885975
4748,0.014523360428719169
4749,0.665883474892178
4750,0.5432134554137079
4751,0.26453060131952477
4752,0.007385077311305566
4753,-0.09520783604021481
4754,0.41625131258396625
4755,0.4122523340827606
4756,0.3788213473033627
4757,0.022977263663042768
4758,-0.27384558339120224
4759,0.5251052152067099
4760,-0.4010794999934336
4761,-0.34036193418776145
4762,0.21043113113362114
4763,0.42097803284199137
4764,0.10180306451999603
4765,-0.23041476021644267
4766,0.18488166829886565
4767,0.16966903250225296
4768,-0.057632838535195276
4769,0.45107228112461983
4770,-0.6431473607351473
4771,0.03150836353007903
4772,0.8609385032719702
4773,0.7372789608043879
4774,-0.7142020990284705
4775,0.00990367543235782
4776,-0.15347599264268766
4777,-0.3099248962296064
4778,-0.005894907634832709
4779,0.5196001729265204
4780,-0.18382042982294847
4781,-0.010713849017603826
4782,0.4448166684056856
4783,-0.2024425759822543
4784,0.02326353474260216
4785,0.07119482438934151
4786,0.17819607619906472
4787,0.09446181000822494
4788,-0.09009320774690914
4789,-0.18521907425342934
4790,0.10454989787393305
4791,-0.20800234224553524
4792,0.3553949957148962
4793,0.4068700398092633
4794,0.5227352013549729
4795,-0.20350110807959224
4796,0.9044275161552735
4797,-0.4427215886533208
4798,0.5478385839855089
4799,-1.1787121965531977
4800,0.3237413115784601
4801,0.023951409713073805
4802,-0.41644880395499784
4803,-0.2391140781508413
4804,-0.0767684914601449
4805,0.6397589649709543
4806,0.4079976221329154
4807,0.6546659851078946
4808,-0.1369076280654975
4809,0.16233284802908302
4810,0.5522840762933547
4811,0.5858006900370781
4812,0.024385121517457763
4813,0.6088748614215147
4814,0.12413271254515575
4815,-0.41084539805038855
4816,0.7163335647637267
4817,-0.023619123991090812
4818,0.25847652162521767
4819,0.1168128116992334
4820,0.9018851212992206
4821,0.04784784365075594
4822,-0.6665007153874745
4823,0.1553853148464101
4824,0.5172651586538304
4825,0.8122799785890682
4826,0.8816581888673671
4827,0.06821623643643931
4828,0.3386975482493944
4829,-0.18333714936937653
4830,-0.6736484288666134
4831,-0.6003709095103709
4832,0.12061353751431422
4833,0.03252160786225327
4834,-0.6582128933484401
4835,1.3613787166499087
4836,0.0015986605513318354
4837,0.08467100862866786
4838,-0.05762391542480031
4839,-0.39950469611947614
4840,0.8616452593856713
4841,0.7419866505812086
4842,0.4386303641353661
4843,0.4570977387057241
4844,-0.7515334275003241
4845,-0.003669165017578194
4846,-0.39751411336003706
4847,0.6033852006847067
4848,-0.1620573341315824
4849,-0.4763837652184963
4850,-0.22841388635833
4851,0.7077103147931347
4852,0.17303665338180754
4853,-0.11085553567948377
4854,-0.2128464590082815
4855,-0.517933753765953
4856,0.31304000723718745
4857,0.21855620711322318
4858,0.7384937527656394
4859,0.2595791620138123
4860,0.4747310602558612
4861,-0.07407604082076812
4862,0.8653608758167043
4863,0.5430696005203525
4864,-0.0834797000423853
4865,0.34749419078013716
4866,0.6071675202899514
4867,0.5546426231535871
4868,-0.12509001327382102
4869,0.16392452708475524
4870,-0.5985304918621871
4871,-0.3573939955221108
4872,-0.5737388306884647
4873,-0.13729198879786156
4874,0.08961558371550785
4875,-0.253666005416032
4876,0.18889382611779618
4877,-0.16415609039263607
4878,-0.07742178226996103
4879,0.06957114095868934
4880,0.038294738804850695
4881,0.6997829595407015
4882,-0.6547439333617792
4883,-0.6888202368396915
4884,-0.5467530936576024
4885,-0.6993620901768923
4886,-0.08921024108875722
4887,-0.39744855811748797
4888,0.017160797787777397
4889,0.3899808288640289
4890,0.5954707180989878
4891,0.2512406572212229
4892,0.1824987534785927
4893,0.23078128658206754
4894,-0.10932335648738181
4895,-0.029150494045313075
4896,-0.08373779550218421
4897,-0.2711022496741737
4898,-0.34283348589445917
4899,-0.20931041313126492
4900,-0.11935710994042525
4901,0.3157754411132713
4902,0.032501152208751286
4903,0.12557506695148218
4904,0.0023996493583807233
4905,0.4229362896508918
4906,-0.38219312766536734
4907,0.44992786413346575
4908,-0.21113015642734473
4909,-0.26940865349166765
4910,0.03862234999003947
4911,-0.799215846718244
4912,0.5865013638183888
4913,0.07517305335536191
4914,0.5000497228657972
4915,0.45629087073276303
4916,-0.502747180999969
4917,-0.04713286246766305
4918,-0.40511097172517996
4919,-0.5238001826473987
4920,0.3811211477103887
4921,-0.2573540652609426
4922,0.21546349588684774
4923,-0.005634409909216219
4924,0.37230843454598184
4925,0.32459356242265086
4926,0.2879975311462633
4927,-0.5234433336541314
4928,0.9791875490723829
4929,-0.3296885553606226
4930,-0.06325273087175476
4931,-0.04228329716815607
4932,0.2426982539691886
4933,0.7274467475263996
4934,-0.32215663352342183
4935,-0.28061197156497314
4936,-0.39075128525060576
4937,0.29429822344111695
4938,-0.2709677414105095
4939,-0.2762139689994048
4940,0.026139681042918354
4941,0.42161685468584065
4942,-0.6095397446064027
4943,-0.3362780952310755
4944,0.5761444675483685
4945,-0.04745800147906569
4946,0.3498847799989497
4947,-0.1474995748946215
4948,0.8003258307437979
4949,-0.16923930119364033
4950,0.3295801006894533
4951,0.47642916380221595
4952,-0.36930932905386554
4953,0.020559883871357394
4954,0.5256544022339791
4955,0.13232684531093505
4956,-0.054794650261589084
4957,0.30395190787152254
4958,-0.1990375945544263
4959,0.08240671468455411
4960,0.4533737893544697
4961,-0.17573620462383685
4962,0.22706427803734475
4963,0.02798316219294082
4964,-0.3103597728182301
4965,-0.5527783896307792
4966,-0.15878126821102553
4967,0.11522761001802151
4968,0.4804893932241523
4969,0.8414300748845315
4970,0.11419027381006783
4971,0.006675332591933964
4972,0.18522156920243843
4973,0.5707056382001947
4974,0.4470700376780519
4975,-0.513822596482634
4976,-0.6045063379232548
4977,0.20882936112325626
4978,-0.6851062197711039
4979,0.19223827492206438
4980,-0.37772498141355815
4981,-0.16351931699920488
4982,0.9151435108852851
4983,0.6477689155879188
4984,-0.058836404165945544
4985,0.08099477984420973
4986,-0.6847709146990053
4987,-0.20084422355213188
4988,-0.08170642880897294
4989,0.2902971630457521
4990,-0.19799453025133687
4991,0.5137536741649892
4992,0.1397146060787266
4993,-0.23410766337011082
4994,-0.5622562521999215
4995,0.14178409590800775
4996,-0.3263739420485265
4997,0.06484559953966068
4998,-0.8064094578670499
4999,0.21379268837663817
5000,0.38081026319842914
5001,0.12434677906694776
5002,0.6380551298163906
5003,-0.32077308693432516
5004,-0.43776847226737337
5005,0.05880000601980412
5006,-0.523850578160123
5007,0.16130064696179064
5008,0.8570141445425954
5009,-0.10396265436583775
5010,-0.08492190448088152
5011,-0.2940747084886642
5012,-0.7078405203036592
5013,-0.43320718051287016
5014,0.6841187779914515
5015,0.6047068478735402
5016,-0.37782901134645824
5017,-0.5467074220565029
5018,-0.38129241905909605
5019,0.07817488485773123
5020,0.13250509344827952
5021,0.776239403474192
5022,-0.021376905548137745
5023,0.2172648913845873
5024,-1.0881489980836432
5025,-0.22084831619767814
5026,0.312828941703708
5027,0.4848639832440178
5028,0.6162568819196226
5029,0.5906490593105187
5030,-0.7018116494111576
5031,0.2816180141142961
5032,-0.531857683121509
5033,-0.035843252465454216
5034,0.21922944903790745
5035,0.09967470966646028
5036,0.1002710452333595
5037,-0.03821529058421776
5038,0.6926166580906216
5039,-0.1358802708829308
5040,0.5604540557375065
5041,-0.402695909301141
5042,0.14559243196395638
5043,-0.22288369524347298
5044,-0.03410508952079961
5045,-0.2635658487417655
5046,-0.9082557914392878
5047,0.09014385670983585
5048,0.4549547530774437
5049,0.8431742612590658
5050,0.03769248807097797
5051,0.4049878687770151
5052,-0.6251414825553641
5053,-0.6146819348136406
5054,0.005597151241626842
5055,-0.8120431835302102
5056,-0.017458473560056982
5057,0.9813371123302397
5058,0.043947383948557114
5059,-0.3356712316641956
5060,0.199890714857748
5061,0.09554121311066299
5062,0.229791765864073
5063,-0.3648225709802855
5064,-0.3801295214463659
5065,0.23740079043093348
5066,-0.665392008502352
5067,0.4752871889882596
5068,0.05717075177758505
5069,0.2592705692297431
5070,-0.09819608571212597
5071,0.05634595162595788
5072,-0.29062963649864587
5073,-0.2091134475431094
5074,-0.06337687551139398
5075,0.004213482245199636
5076,0.7672682841381941
5077,-0.20672984680960638
5078,0.1491383334362898
5079,0.2620215885583725
5080,0.20908380773051283
5081,-0.2680338018944808
5082,-0.4426955584750239
5083,-0.13316543437699138
5084,-0.24625252005052212
5085,-0.5818336188221618
5086,0.4391305632571464
5087,0.7942973155878512
5088,-0.34496133384440025
5089,-0.45570494179983345
5090,-0.6800559370177504
5091,0.3329691607863278
5092,0.5931571779639067
5093,-0.844926292847603
5094,-0.14182696927214455
5095,0.03578979301292701
5096,0.14606394810354864
5097,-0.05666017253002541
5098,-0.6065755715268177
5099,-0.5958456398156456
5100,0.1331169272075538
5101,-0.637698424561947
5102,0.3468146045303494
5103,0.3840920850889277
5104,-0.5922343062925605
5105,-0.3393767726914487
5106,0.05301391899492713
5107,0.13256874451484255
5108,-0.04411956344996593
5109,-0.21244193900932523
5110,-0.26913260353278895
5111,-0.08334808683159754
5112,-0.21663826581179688
5113,-0.46370912015787225
5114,0.8399287432044675
5115,-0.3802271229735871
5116,-0.8056059292815291
5117,-0.2833141357546981
5118,0.5485142755517867
5119,0.45509678234167866
5120,-0.5736900418297581
5121,-0.2703417730366798
5122,0.19993748829292785
5123,-0.5539099122029015
5124,0.23685242525047331
5125,0.7634557055426915
5126,-0.10799993198341096
5127,0.2399768323243182
5128,0.2535768201635118
5129,0.47434818378380006
5130,-0.4359916624971274
5131,0.09899139274806758
5132,0.07791773208996494
5133,-0.14444510386736695
5134,0.21727275485728498
5135,-0.599430082718541
5136,-0.25755550767926655
5137,0.09110568768753438
5138,0.04211065765824712
5139,0.0707554648703102
5140,-0.39513770897264433
5141,-0.08618182480356745
5142,0.08396925260071364
5143,0.5925656105059672
5144,-0.4791011470738818
5145,0.4417631370937366
5146,0.011486271760167569
5147,-0.04727973599377551
5148,-0.1711724903942748
5149,-0.1517752473362435
5150,-0.419441417327426
5151,0.1111870723110303
5152,0.14598524998403192
5153,0.20515027206529168
5154,-0.019198539933465132
5155,0.48438795722684763
5156,0.381347416001702
5157,0.32721925085276465
5158,-0.6130425273246118
5159,-0.5880780810331069
5160,0.16571071753776706
5161,-0.10827509477488823
5162,0.530267580509487
5163,-0.8781002417902282
5164,0.7372160966869525
5165,-0.6646997843838133
5166,0.16451365045319113
5167,-0.5521524621069009
5168,0.2696992032677195
5169,-0.48677581096292855
5170,1.3019548855231962
5171,-0.5075622989334214
5172,-0.14798099260638584
5173,0.17291137919513005
5174,1.0279284624246294
5175,-0.8833485452186424
5176,0.25272202404991584
5177,0.4298678890892759
5178,-0.28967022762440514
5179,-0.16313019545393007
5180,-0.5524593820605825
5181,0.279256917172359
5182,-0.27053674652461546
5183,0.31734855848844384
5184,1.17978695417795
5185,0.24964964394000325
5186,0.26918366104159697
5187,0.3674253711105846
5188,-0.009067310229754051
5189,-0.6964578245584082
5190,-0.029536237704001784
5191,-0.35238552808680745
5192,-0.34640246462055896
5193,-0.30410695369087526
5194,0.5221603507530291
5195,0.5235349447119888
5196,0.08233258814574478
5197,-0.7990625564281211
5198,-0.09132444790941573
5199,-0.5392221194598038
5200,0.28273506634668916
5201,0.044387922063687225
5202,0.13912369951675815
5203,0.5581903741889233
5204,-0.5839653021318754
5205,0.031224576629657923
5206,-0.042206637622158684
5207,0.1484907099680878
5208,0.6727377784964245
5209,-0.3404054043936429
5210,0.4971951571770725
5211,-0.657775412444128
5212,-0.4569879223104744
5213,-0.3591969051393106
5214,-0.3879870880477337
5215,-0.1302301058159982
5216,-0.2576638990740256
5217,0.05350755686294491
5218,0.04090569972206566
5219,0.10384081049638469
5220,0.007331429969504882
5221,-0.03209223521353045
5222,-0.05244416202491909
5223,-0.3976743830849456
5224,0.27205993088912644
5225,-0.29540910202315096
5226,-0.31387086801789266
5227,-0.12445509237730668
5228,0.28231363842107116
5229,0.009654551343300743
5230,-1.274390010433601
5231,-0.10069841599723077
5232,0.855681916643019
5233,0.19766978083246156
5234,0.18017156733558568
5235,-0.2632086739543509
5236,-0.2990146526841655
5237,-0.8662863421146814
5238,0.23519048365715964
5239,-0.013543473030233765
5240,-0.11533663048180394
5241,0.8283180127415475
5242,-0.029642631378499488
5243,-0.4849013535596762
5244,0.24964313061931637
5245,0.20131745924212446
5246,-0.15311327475595965
5247,0.8575335980749014
5248,0.4195067160894786
5249,-0.07755945252581642
5250,0.2689528214369594
5251,0.07013550606294623
5252,0.31406493043345446
5253,0.7932732757823955
5254,0.29681796264055427
5255,-0.8585363292948824
5256,-0.38891486868997904
5257,0.06558204919684954
5258,0.2923725039974691
5259,-0.3283969054934399
5260,-0.18756140013742012
5261,-0.017125440286736987
5262,-0.35404191833199755
5263,0.43539849013361076
5264,-0.8152206401897047
5265,-0.4238002826833086
5266,-0.2658010537157814
5267,0.008494390888241521
5268,-0.2128601279491196
5269,-0.2634319409483744
5270,0.7814976330016957
5271,0.9813099597849312
5272,-0.40185788240157383
5273,0.3649315194410264
5274,-0.25467108893353224
5275,-0.40134419194622983
5276,0.15032555220423657
5277,0.22610428250530507
5278,0.5239956314755517
5279,-0.4979849449637254
5280,0.7478340529629592
5281,0.24304387395178548
5282,0.20601972219243458
5283,-0.20160991770371364
5284,0.12785683087662
5285,-0.28107418404514994
5286,-0.039165462759450494
5287,0.5611405580536616
5288,0.7463289775974759
5289,-0.28646801396695687
5290,-0.40510862537819686
5291,0.10609893434442859
5292,0.34999582305244314
5293,-0.31028803951688366
5294,-0.1278732543447114
5295,0.33485091885261853
5296,-0.7345058900299953
5297,-0.07711917278954072
5298,0.27548488768138524
5299,0.719227239682792
5300,0.5184352701093555
5301,0.246967966600262
5302,-0.33542091865244145
5303,-0.10252859981833226
5304,0.580585643088551
5305,-0.17008278888242642
5306,0.4194777059716849
5307,0.44604992919301967
5308,0.5137393265713194
5309,0.3101010013071254
5310,-0.10277252372835315
5311,-0.0030751115883762936
5312,-0.12588936716434476
5313,-0.17081300296505772
5314,-0.19586249407495873
5315,-0.4790567345465722
5316,-0.4073162174944843
5317,-0.012621780370552293
5318,-0.3890125221448944
5319,-0.11473518518126294
5320,0.7278295956932219
5321,-0.1770745940270725
5322,0.6001232971882312
5323,-0.6820508304887829
5324,0.18160446487194454
5325,0.24447525425902594
5326,0.437136789721496
5327,-0.8309314039904968
5328,-0.38099708425313716
5329,-0.11234598299336707
5330,-0.8727163042385122
5331,-0.2947835831837901
5332,0.0594570995953751
5333,-0.09669680329791651
5334,0.4314837302006976
5335,0.14125470584002991
5336,-0.061441355841803456
5337,-0.32782488849703206
5338,0.01713172249246509
5339,0.6491952764325915
5340,0.2697361293533834
5341,-0.8208327315454872
5342,-0.07577930772104138
5343,0.14218424850348393
5344,0.28217584481606633
5345,-0.5641135572573585
5346,0.18851724375417744
5347,0.6763214488517337
5348,0.09089758515845045
5349,-0.029450450453117866
5350,0.4400529171134048
5351,0.40489557763806655
5352,0.026412107252421768
5353,0.11900751911441804
5354,-0.04081679895969628
5355,-0.08580524063466596
5356,0.5443530292196664
5357,0.03430205216801663
5358,0.19953639783624189
5359,-0.16147872041418468
5360,0.40534897254886737
5361,0.4422663505738411
5362,0.6361652587958753
5363,-0.06255524678713631
5364,-0.31552211745585274
5365,-0.13424135339873106
5366,0.31300843014530055
5367,-0.5163683036480805
5368,0.8359363028631503
5369,-0.8984606893616666
5370,0.7609546752510756
5371,-0.23019081259889754
5372,0.04931240480956907
5373,-0.2306627370912771
5374,-0.4462485161963231
5375,0.5647370015755789
5376,-0.3368693073294218
5377,-0.4833139612934816
5378,0.011447893325800483
5379,0.2191980049737191
5380,0.16943314763471956
5381,-0.018964599156150168
5382,-0.056612836371189655
5383,-0.26015302660413886
5384,-0.43490023908625286
5385,0.03810854819299487
5386,-0.40872370838732613
5387,0.05893578112589255
5388,1.0859306416043313
5389,0.2996130573418308
5390,0.12036452039830817
5391,0.3014270713641431
5392,0.7525377246265611
5393,-0.2733691403591265
5394,-0.2205737723066844
5395,0.1369763886461556
5396,-0.43445625419308065
5397,0.5611312765268297
5398,0.5746601749073155
5399,0.018344223502901033
5400,-0.6329159470205996
5401,-0.17481424898479656
5402,-0.03953372026344874
5403,0.41722557252111675
5404,0.6422870190234318
5405,0.22321813312068522
5406,0.04207187493310519
5407,0.24231736890565983
5408,0.22744539304011224
5409,0.14492333889776082
5410,-0.5445004879998044
5411,0.1676480634091337
5412,0.08597521366972287
5413,-0.6314951474987591
5414,0.0469271148232125
5415,0.13011966857976157
5416,0.9724884373882107
5417,-0.22353825491659837
5418,-0.09629581634831583
5419,0.4220618216715136
5420,-0.029914021482047155
5421,-0.1990845048642984
5422,0.45949001576199905
5423,0.1772852505146697
5424,0.20967957110831983
5425,-0.3176315470660642
5426,0.2185637594700527
5427,-0.15663892770041898
5428,-0.04022100050291323
5429,0.727511311470336
5430,-0.20072674402915258
5431,-0.0030596646924851006
5432,-0.3786893229727244
5433,0.9137642133195133
5434,0.3839084703433043
5435,-0.2974018252052277
5436,-0.0987865806756113
5437,-0.23975839250406003
5438,0.18048031557100933
5439,0.3193546340503056
5440,-0.9554636808611291
5441,0.40287596383604957
5442,0.8366804492767875
5443,0.06364510831345936
5444,-0.3536518208400996
5445,-0.050022626325640265
5446,0.3026691859939379
5447,-0.33828376705677526
5448,-0.217729072580794
5449,0.2669217251179184
5450,-0.7307281707304647
5451,0.3253847210511562
5452,0.10744965291594759
5453,0.40235219088896135
5454,0.12681311417382285
5455,0.019341141401242202
5456,-0.3007200486666885
5457,-0.41544465108379763
5458,-0.13746958744654042
5459,-0.19091259466812668
5460,0.2386959942998629
5461,0.0029084866254899234
5462,0.37215659270793616
5463,-0.14714257738537675
5464,0.4723790011297117
5465,-0.5272343345436232
5466,0.3683077440268301
5467,0.18630659075103476
5468,0.2166403019015908
5469,0.5923511156528379
5470,-0.11490822895352945
5471,-0.6153898497255913
5472,0.04675425627394216
5473,-0.15482416407708488
5474,-0.2425752740756021
5475,0.7189424988643202
5476,-0.34719446216947397
5477,0.7932904859145691
5478,0.6185417459361269
5479,-0.03912116929049842
5480,0.10848647612641306
5481,-0.7466592991639328
5482,0.19395392661576222
5483,-0.3708324051540759
5484,-0.08158115185230225
5485,0.5177619239840231
5486,0.5182651569251324
5487,-0.15455399939514153
5488,-0.22473118993185964
5489,0.10656153891688022
5490,-0.1535153623603011
5491,0.5877025984019267
5492,-0.28167263972985473
5493,-0.036739459420881596
5494,0.1444449294316894
5495,-0.11895841844489387
5496,0.6859173201723363
5497,-0.2519490292546049
5498,0.2528410252047836
5499,-0.5174817302840915
5500,-0.04396019395742039
5501,0.10863533022419833
5502,-0.14375899523204597
5503,-0.10958918640458204
5504,0.3158471663399482
5505,0.009671481222545061
5506,-0.36439835816264515
5507,-0.5780743303070927
5508,-0.9486646925207846
5509,0.03906156453759534
5510,-0.2717448056708523
5511,-0.7253266698013087
5512,-0.20081107333709536
5513,0.3468084099432456
5514,-0.08306430416542003
5515,-0.06838988411342767
5516,-0.5372531403461208
5517,0.6405851993841627
5518,0.5081747015945319
5519,-0.30317955878432273
5520,-0.3197280978554765
5521,-0.05394670949229045
5522,0.402518561246252
5523,-0.1473088593114422
5524,0.19387795707768413
5525,0.03018247350021372
5526,-0.31872653704372594
5527,-0.3920644314102256
5528,-0.3014932072252601
5529,0.5588774781668588
5530,0.07059391765212424
5531,-0.37171142394776563
5532,0.29890616244324253
5533,0.15967901785511093
5534,-0.020180838923887334
5535,0.44164451509796226
5536,0.24053968325969127
5537,-0.37293729896438316
5538,-0.48330874584243355
5539,-0.634008132770022
5540,0.0048363620653734
5541,0.042632432780764756
5542,-0.04336217640835046
5543,-0.19666108640923932
5544,-0.21519356359135267
5545,0.5928671196218903
5546,0.9860686186274945
5547,0.4215786831587107
5548,0.3770690511554638
5549,-0.037487425459102934
5550,-0.014024063386013249
5551,0.2588491713639208
5552,-0.17933505067897992
5553,0.2450123888653677
5554,-0.5996698211540102
5555,0.3759393657863585
5556,0.29879350447287756
5557,-0.3063485941217018
5558,0.8341045880021554
5559,0.3392635234143698
5560,0.49106127657137766
5561,-0.45867376466804716
5562,0.6289396061591866
5563,-0.35175799163606153
5564,0.4428517563637869
5565,0.3910276930376997
5566,0.36438194725616224
5567,-0.46267483209816246
5568,-0.3120979556105827
5569,-0.9809762598366341
5570,-0.5333221924582348
5571,0.9725113650247248
5572,0.15755839665305102
5573,0.626552300203869
5574,0.17631962220791136
5575,-0.3353170944976533
5576,0.3425762941772196
5577,0.193525478144414
5578,-0.001753585858415872
5579,-0.16837552472018916
5580,0.2333519345095622
5581,-0.6062296364174422
5582,0.5104000342545132
5583,0.8887393513142948
5584,0.3009785392509144
5585,-0.06573053611590865
5586,-0.07991525923360018
5587,0.7558745091142111
5588,1.0160088359326314
5589,0.42357086253749937
5590,-0.27674149037364865
5591,-0.3812451953474184
5592,0.32281830831790254
5593,-0.1819311440204344
5594,-0.26279377438696344
5595,0.8958706357470289
5596,-1.1494945133011298
5597,0.1851984968467142
5598,-0.6221119517167294
5599,-0.7125490701001196
5600,-0.5498242365878525
5601,-0.39015077821791705
5602,0.1703988993634989
5603,-0.11993222867126407
5604,0.600993008152156
5605,-0.44407349288891124
5606,0.11334442260231271
5607,0.5981941124114708
5608,-0.22184009305159125
5609,0.601584809615678
5610,0.23562404575138038
5611,-0.12503436577567545
5612,-0.17154259127715552
5613,-0.4903766263445278
5614,0.056963018369747334
5615,-0.22149709906887918
5616,1.101483357543824
5617,0.2801559440153679
5618,-0.09921867361471377
5619,-1.0691403071258856
5620,-0.17021562438433846
5621,0.25688278839994266
5622,0.34970775680305677
5623,0.30730822593017576
5624,-0.8410140470723276
5625,-0.3434330346807796
5626,-0.3140443525464735
5627,-0.13439972170953798
5628,0.25129530536837263
5629,-0.19061823970210273
5630,-0.1343399356798855
5631,0.3212367832574503
5632,-0.13235053357859614
5633,0.24147655886914748
5634,0.49892022104298533
5635,0.3074169799102748
5636,-0.598757189156292
5637,-0.03988772905683748
5638,0.1131971113742088
5639,-0.1576108240430922
5640,0.22166313005907812
5641,0.10403234915207037
5642,-0.018982743541748684
5643,0.39609113693920195
5644,-0.21519523446781594
5645,0.2680257742298309
5646,-0.2697239207263779
5647,0.09332903867348295
5648,0.17922833836244773
5649,-0.053440926716497764
5650,1.3657091627926263
5651,-0.8572133026974063
5652,-0.5666611361189161
5653,0.23950837692463295
5654,-0.12006010868869488
5655,0.4992674308583376
5656,-0.4469433414540778
5657,-0.5474368705907406
5658,0.2263307122712757
5659,0.14537120093581554
5660,-0.09185139821964022
5661,-0.2841385966227258
5662,-0.19000366537763655
5663,0.2566412893951322
5664,0.15491810347148308
5665,1.2869120342751268
5666,-0.4595438842905994
5667,0.2897974719362718
5668,0.1839432107893024
5669,-0.06838789024420044
5670,0.4605605735385582
5671,-0.04655798018810241
5672,-0.6692779256486938
5673,0.17271232960740626
5674,0.4731132690788488
5675,0.5343717948044876
5676,-0.18243217452053195
5677,-0.14663797759010824
5678,0.43154757578311964
5679,-0.09655078868454108
5680,0.7595016181667648
5681,-0.2421974509694346
5682,0.42377100765495196
5683,-0.3004113981306046
5684,-0.7727658362337204
5685,0.014317307726487174
5686,0.4465226011601212
5687,-0.3860752181263867
5688,1.118967561931322
5689,0.09861320414823727
5690,-0.25638858631935063
5691,0.18325452860130204
5692,0.3872448885647837
5693,-0.4346556739471586
5694,-0.6559789500406341
5695,-0.4092664965003794
5696,-0.09039436437945711
5697,-0.5322734269022997
5698,-0.38275106991626784
5699,0.22668240006090595
5700,0.36650119146424065
5701,-0.2518616807956094
5702,0.32262149522428124
5703,-0.19647523221920732
5704,0.1749429162785133
5705,0.21981552795493547
5706,0.1861717173201204
5707,-0.10126843017213946
5708,0.16023026907836857
5709,-0.24353320104312542
5710,-0.21291060245491275
5711,0.3288145014318066
5712,-0.20932793653057966
5713,-0.08709249721493796
5714,-0.20123574901345903
5715,0.47572225889644193
5716,-0.3500794181917571
5717,-0.25364972195980096
5718,0.4634728215056686
5719,0.25289678440297464
5720,-0.24583494543340237
5721,-0.3310427295119873
5722,-0.43096446626885393
5723,0.22686054687840945
5724,-0.18422173851792975
5725,-0.12264107904747523
5726,0.11383375789912985
5727,0.09587583290529372
5728,-0.3558989976548349
5729,0.23430213981141768
5730,0.5992529702853588
5731,-0.5836481624215761
5732,-0.06250952945433522
5733,-0.6481133908563464
5734,-0.4214926770861532
5735,-0.02510225700952965
5736,-0.4124076300689543
5737,0.05156449728698933
5738,-0.11540775439711003
5739,-0.5919553639683013
5740,0.7255547249621641
5741,0.3044176495175189
5742,-0.8610871083941128
5743,0.19182003662739963
5744,-0.3548106135091391
5745,-0.10216979866754514
5746,-0.390020325549392
5747,-0.12682370921893252
5748,0.004958650196314736
5749,0.6418344408711167
5750,-0.03726862971632549
5751,-0.3814742783024444
5752,0.4557002617859451
5753,0.10869714389572749
5754,-0.5594399013007365
5755,0.6953402178598971
5756,-0.39400494566969135
5757,-0.17422127412338898
5758,0.32569449636961956
5759,-0.6444948171172945
5760,-0.022337734137638187
5761,-0.21971893657521094
5762,-0.20492215644550615
5763,0.37286572731055867
5764,0.7741336712769276
5765,-0.3250519719757107
5766,-0.12635379667820987
5767,-0.6655786853573425
5768,-0.022377693850732946
5769,-0.2768734155911465
5770,0.4404971428600264
5771,-0.35367699176557954
5772,-0.24640220318511072
5773,0.5284409035833936
5774,-0.8203983793665873
5775,-0.16125751930212215
5776,-0.6837676966963162
5777,-0.16664693589913263
5778,-0.22672567024654638
5779,-0.07232143668995128
5780,-0.0325750829684536
5781,0.1316911698525412
5782,-0.06509289273631405
5783,0.6586347506186282
5784,-0.09755251623938559
5785,0.2753511639049525
5786,-0.8173771545367399
5787,-0.10269269512617354
5788,0.18289062303697698
5789,0.31489871146578235
5790,0.35088577216522265
5791,0.8478614728729259
5792,1.0243929318224942
5793,0.2035000585801608
5794,-0.3784189245946287
5795,-0.4942895423704164
5796,0.01201999590813479
5797,0.47975242211396224
5798,-0.49387964210344726
5799,-0.3711494053774433
5800,-0.0069283817636550515
5801,0.619886377381529
5802,-0.39800021200344216
5803,-0.2957517791494698
5804,0.3032206384791878
5805,-0.3165673494675554
5806,0.35516542502216597
5807,0.36910090623601505
5808,0.43192705515674484
5809,0.3960246318485133
5810,0.6351761207411977
5811,-0.0511714436386351
5812,-0.3748994119434094
5813,-0.014550779830529173
5814,0.13523845120398686
5815,-0.32240960896731025
5816,0.4827642314880952
5817,0.04443665345884831
5818,-0.6026575620576728
5819,0.4935305045971195
5820,-0.4141463711243342
5821,0.03973127305777473
5822,0.21098581981525646
5823,-0.004804800589414487
5824,-0.2605485133200799
5825,-0.1409686727160728
5826,-0.3633019802966867
5827,0.42111603598338926
5828,-0.16859378094751315
5829,0.5218490490352329
5830,-0.2271456100189828
5831,0.05650284557607943
5832,1.179211833554351
5833,-0.50596752520872
5834,0.6434808230806608
5835,-0.271245730278247
5836,0.01705127587152924
5837,0.5065875079987836
5838,0.43601378915042494
5839,0.09854266646046428
5840,0.3083036790435056
5841,-0.0556744534948895
5842,-0.021099409327305724
5843,0.34664036445440227
5844,0.021333612604915887
5845,-0.04889888111900444
5846,-0.8270374771587735
5847,-0.5949128210671127
5848,-0.4097654784316358
5849,0.43485851853566765
5850,-0.15066583568809144
5851,0.2789352802937662
5852,0.5932265929806861
5853,-0.03968048738662175
5854,-0.32240846137119183
5855,-0.13562251119635307
5856,-0.5168000915939526
5857,0.4255376593662825
5858,-0.3713996280786527
5859,0.03961112333614646
5860,-0.028531831438813018
5861,-0.784479562250201
5862,0.48481144133492166
5863,-0.8177182805519618
5864,0.13114309679491604
5865,0.42656245053320385
5866,-0.6212218530678427
5867,-0.0048471027287708465
5868,0.48053551371007763
5869,-0.46489339744686103
5870,-0.1279726703778036
5871,-0.14971329446285525
5872,-0.04363281364907619
5873,0.4727636528491915
5874,-0.3739306654353511
5875,0.08415058481720679
5876,-0.281370995185408
5877,-0.12591095178029899
5878,-0.1464420269688343
5879,-0.13095655806136772
5880,0.36608393045145915
5881,0.27221726617189557
5882,-0.2571150270950877
5883,0.32279034611853585
5884,-0.7582461178994723
5885,0.2657283323386065
5886,0.7964717945218185
5887,0.38793561624648615
5888,-0.5179293938383986
5889,0.8052585495761514
5890,0.2710716888481385
5891,0.09522175950815762
5892,0.11762825203994708
5893,-0.2254215157023421
5894,-0.2553851602386752
5895,-0.4395630460150645
5896,0.04584908665204186
5897,-0.06570033246943964
5898,0.6691189059115312
5899,0.13260810744907447
5900,0.2768851862415103
5901,0.1405355226406283
5902,0.13565055108042998
5903,-0.2497030104270108
5904,-1.9010896162416155
5905,-0.6867372105807893
5906,-0.2686250984322207
5907,0.6593326898150831
5908,-0.3662762914348222
5909,-0.09043558379949251
5910,0.18370272992162973
5911,-0.0034640818522509724
5912,0.03052668901944483
5913,-0.32703540833399464
5914,-0.14368324122797957
5915,0.21463129855767682
5916,-0.18540351052489945
5917,0.4940359594488274
5918,0.25797644941802017
5919,0.08852788012520178
5920,-0.8421150390343629
5921,0.4243151582994818
5922,-0.6666132227607728
5923,-0.4753693053358467
5924,0.15049214169768474
5925,-0.3654162246145523
5926,-0.2397382021698376
5927,-0.3341844831101736
5928,1.18046760984656
5929,0.6522926387158722
5930,0.044882195146732126
5931,0.7252037803495177
5932,0.09834616984686459
5933,-0.22668829689501288
5934,0.19741573445656638
5935,-0.024218820055492207
5936,-0.18128015522570645
5937,-0.0660047710514568
5938,0.7637188060288366
5939,-0.616937105533694
5940,0.011434974159559168
5941,0.5932647596825227
5942,-0.3379948827123689
5943,0.21170565349931644
5944,1.0511987817324426
5945,-0.3359981886496664
5946,-0.04958143817965419
5947,0.19963603659576631
5948,0.0019643974322909397
5949,-0.24576232333170617
5950,0.5039666617914254
5951,0.007093921888525435
5952,0.7806083216175774
5953,-0.4400256691846757
5954,-0.1815540200321718
5955,-0.024703560278010604
5956,0.6305727430622654
5957,0.02458793474411535
5958,-0.9572832658013005
5959,0.07950521752231375
5960,-0.15243135107434055
5961,-0.5147202153245932
5962,0.9084831743908507
5963,-0.05433507114221726
5964,0.02183034856539601
5965,0.09949117302470627
5966,-0.5873770511999392
5967,0.11643163254946869
5968,-0.1868921247232981
5969,-0.007265653055235323
5970,-0.13552656800116958
5971,0.3216088753054611
5972,0.03645753955732929
5973,0.0185106445534291
5974,0.06635540975456003
5975,-0.31730729785203116
5976,-0.5955996707228757
5977,0.46480564618394443
5978,-0.629260288039926
5979,0.08608652568425576
5980,-0.161964596795078
5981,0.4041894105415767
5982,0.008307477379113762
5983,0.38145910219291884
5984,0.025107945150551057
5985,-0.6928252091740544
5986,-0.46257082595025956
5987,-0.19239528734721156
5988,-0.29182817196470573
5989,-0.27630233852365266
5990,-0.13635641386095032
5991,0.4149743913469858
5992,0.040311332812243014
5993,-0.26265942413627036
5994,-0.2735001754798651
5995,-0.16875096240706383
5996,-0.42881465989757434
5997,-0.19829393099869666
5998,-0.522638582676462
5999,0.16561629078765916
6000,0.8698020130749347
6001,-0.5546295336232282
6002,-0.09795192564588776
6003,0.2974061386334939
6004,-0.6975829228302931
6005,0.44530692547374445
6006,0.010309246132143334
6007,0.558702922524931
6008,-0.5324893143448794
6009,0.1444492832340339
6010,-0.31752631600588826
6011,-0.6069381878240875
6012,-0.3834407798487446
6013,-0.07366829641060746
6014,0.27332200597529416
6015,-0.5067656948274774
6016,-0.5653394549948997
6017,0.5142871683432426
6018,-0.020602804267222233
6019,0.4641304999111108
6020,0.10462622590697138
6021,0.4642172210731418
6022,0.06884148923454933
6023,-0.14804093626190176
6024,-0.5547589770679557
6025,-0.34568690208775604
6026,0.5967312016821511
6027,-0.23691547215715153
6028,-0.5155775293522376
6029,-0.2328598967477825
6030,0.1797562683902725
6031,0.4875307616426822
6032,0.46331858051652774
6033,-0.18960804484479432
6034,-0.4770126673438637
6035,-0.05974959247319376
6036,-0.6218257612607587
6037,-0.0693554961990259
6038,-0.1165278776833422
6039,-0.24969650582745628
6040,-0.04232948544034703
6041,-0.2856650345959798
6042,-0.023759243294300583
6043,-0.03584678493291252
6044,-0.2798502807168384
6045,0.13108971243716022
6046,0.4630252989695304
6047,0.07435650558130595
6048,-0.3105513742463286
6049,0.34821231964694027
6050,0.08849942159570105
6051,-0.06932874245955364
6052,-0.25285479741322797
6053,0.01041786210807273
6054,-0.034483763616200536
6055,0.49943315352794226
6056,0.3221313183877678
6057,0.29193555347007494
6058,-0.5298605947166264
6059,-0.5924507900906933
6060,-0.5358301895549504
6061,-0.05476757354559484
6062,-0.34265332021868894
6063,-0.11745371303907386
6064,0.30239849752473635
6065,0.3755343179410265
6066,0.07201522786035743
6067,0.34643722910403735
6068,0.7396172450038265
6069,0.1943499559642122
6070,0.15945092101644667
6071,0.38046422373496236
6072,0.02920703484370494
6073,0.500777355164118
6074,0.7814276913023691
6075,-0.3005591374942474
6076,0.006162502951126052
6077,-0.20834915692665787
6078,0.6156096849022736
6079,-0.13086007804307312
6080,0.4094063800543017
6081,-0.3837677631653785
6082,0.500497362207063
6083,-0.0192138426752473
6084,1.1174823321520562
6085,0.045358861335143545
6086,0.1807995137574202
6087,0.28224412219566825
6088,0.49551547302911664
6089,0.23267221041795427
6090,-0.4519659688023953
6091,-0.5728534286221658
6092,-0.6278935472101143
6093,0.15201011385555205
6094,-0.38731897203450766
6095,-0.08082756641376337
6096,0.7966381358258583
6097,0.04697607568013226
6098,-0.14541939916046337
6099,-0.3226465669969384
6100,1.0074726540502563
6101,0.8678703000839091
6102,0.34754272321256624
6103,0.17240985678973528
6104,0.21763808713752275
6105,-0.0002371790118966555
6106,-0.6409453574611372
6107,0.41986067375078856
6108,-0.05387198877756444
6109,-0.12492074101647063
6110,0.19810857532603005
6111,-0.3147438741715524
6112,0.2537739101963104
6113,0.2523114050202838
6114,-0.01508909329885703
6115,-0.08232989451497111
6116,0.44003086473794956
6117,-0.3205889808436443
6118,0.1305438329761593
6119,-0.3396532279767468
6120,0.08430454438071106
6121,-0.45782771987256704
6122,-0.39646194464142753
6123,-0.31364460002638855
6124,-0.17736060149849356
6125,-0.6887296933066613
6126,-0.8086444078868155
6127,1.190933811852923
6128,0.35934630140677715
6129,0.2395968336389897
6130,0.331027299295499
6131,-0.12011304936714397
6132,-0.09167443319884372
6133,0.713785333161543
6134,1.1320850069885413
6135,-0.026552722437676705
6136,-0.12530965154037563
6137,-0.48801607780808154
6138,0.15446549497744005
6139,0.04537958235068547
6140,0.0751054271651162
6141,0.38130863200275456
6142,-0.5566905161988721
6143,0.21909677624537638
