,cohens_d
0,-2.295687490837381
1,-2.410262087772778
2,-1.865176531121596
3,-2.493809947959192
4,-2.621168207541888
5,-2.1304722875690127
6,-2.321534987524136
7,-2.3207772632674972
8,-2.755199347567977
9,-2.4634089198721085
10,-1.9486413387167232
11,-2.0607470743064478
12,-2.3655991415991653
13,-1.8505083205859096
14,-2.6053509574973246
15,-2.0953774325781622
16,-2.4066655386341305
17,-1.1715469743217641
18,-2.422015393220753
19,-1.906042827106518
20,-2.0247074106483804
21,-2.185741998909772
22,-2.6702744024108522
23,-2.2158398959121026
24,-1.7298097592418868
25,0.6557068858247308
26,-2.17785781074673
27,-2.15782286490377
28,-1.7339531799641719
29,-2.1868930077397164
30,-1.8764735018812544
31,-2.162113352086282
32,-1.407058394724787
33,-2.5928004542417513
34,-2.4758349359639102
35,-2.353124802580818
36,-2.793412959040553
37,-1.9295498618068088
38,-1.912117659364454
39,-2.186208872327143
40,-1.9513756835830327
41,-1.70145682813638
42,-2.3303974534150758
43,-1.3479184264953763
44,-2.207086375486071
45,-2.3009731580272486
46,-2.042539770597134
47,-2.4675442287307767
48,-2.0775874522790923
49,0.21249584682346156
50,-2.351015452959067
51,-2.5622130271930086
52,-2.7981249780668525
53,-2.3044969172064094
54,-2.450846076861335
55,-2.733386489822653
56,-2.7746490692417427
57,-1.8746455418877221
58,-2.2900512607861843
59,-2.0790442565884675
60,-1.7733492122634817
61,-1.7927585816415725
62,-2.4868350150996665
63,-2.683000724410558
64,-2.4682297858120488
65,-1.6649012344142624
66,-2.6680602498034665
67,-1.8806248863207182
68,-1.5687984107818758
69,-1.5224737761812184
70,-2.8271387078484906
71,-2.3845439730611933
72,-2.2542308633647825
73,-1.4059768246229398
74,-1.9058134088654843
75,-2.094713955368224
76,-2.0880995745998243
77,-1.9500611458224308
78,-2.4174246146816016
79,-2.8045994468303506
80,-2.454751030586163
81,-2.3804901006414574
82,-2.7395521255767594
83,-1.475858116957435
84,-1.8774086368356673
85,-2.431617040629282
86,-2.679799495678916
87,-2.300520859349928
88,-2.3271093478099254
89,-2.520866092760637
90,-2.3724366758734727
91,-1.9495125328356668
92,-1.8654131698968133
93,-1.8451044367130753
94,-3.078720168858877
95,-2.9158029455620955
96,-2.017444618906852
97,-2.6254265757463586
98,-2.5945455442662597
99,-2.7515238568769185
100,-2.208903977597209
101,-2.1713186576946395
102,-2.138343668861962
103,-1.9245073559097567
104,-1.9527504343279924
105,-2.809391798237747
106,-2.89716327549039
107,-2.4280774872004236
108,-1.6919346985992523
109,-1.7345113033125619
110,-1.7513718168697894
111,-1.858809696632441
112,-2.7125705790394457
113,-2.1110565671425836
114,-2.037607698114526
115,-1.6846433410214725
116,-2.781078220029419
117,-2.162868837020472
118,-2.442946310484651
119,-2.614033826416682
120,-3.0775920509468078
121,-2.0530039260368698
122,-2.55871375117335
123,-2.804672939072222
124,-2.5093631644602015
125,-1.9516129993012061
126,-1.5915036792570043
127,-2.3863507963177617
128,-2.116687234661626
129,-2.203795926177498
130,-0.9095872698656036
131,-2.3473985042783476
132,-2.546699485648357
133,-2.0817601450699046
134,-1.6813539320344104
135,-3.128980389064808
136,-2.0999016735723526
137,-2.1940553231343736
138,-2.5358390231139043
139,-2.588637411515285
140,-2.6904921804095254
141,-1.917777241302978
142,-2.6757567525487924
143,-2.6842322160231036
144,-2.1354539607479333
145,-2.260285619374348
146,-2.920329643009477
147,-1.9055362748070532
148,-2.0679876063150826
149,-2.650726131608979
150,-2.2092890893045194
151,-2.390601531818687
152,-2.0616312388567737
153,-2.742528490371106
154,-2.5489888582384532
155,-2.231820133035017
156,-1.968755563836758
157,-2.2058123500456723
158,-2.1390234838484954
159,-2.0225269194879885
160,-1.6556041378069593
161,-1.716892085170631
162,-2.391941534536468
163,-1.6877484005248378
164,-1.6067554556303605
165,-2.592302730988338
166,-1.9031697570319461
167,-1.5800778662206585
168,-2.665486795760669
169,-2.4484724057674128
170,-2.0711063959628397
171,-2.449587231287973
172,-2.194980789547447
173,-2.465410375159499
174,-2.309582157057569
175,-1.9281694638962905
176,-2.4511129035636943
177,-2.1719252590457985
178,-3.064674773410136
179,-2.8707819687492897
180,-2.239940813356139
181,-2.146178771709844
182,-2.259055775494433
183,-3.0642110405233405
184,-2.0016769049019407
185,-1.9705379444191216
186,0.38609572972651535
187,-2.380106084826268
188,-2.616067929429878
189,-2.19210839613571
190,-2.0498445705907185
191,-2.562339893734232
192,-2.094442261896766
193,-2.7286740385966124
194,-1.8963118577739093
195,-2.6172783686015504
196,-2.5599979999332403
197,-2.586728878075425
198,-2.7634622278773575
199,-2.045619471865907
200,-2.1634944145046586
201,-2.3149493281233284
202,-2.638807065727782
203,-2.3598302815112584
204,-2.753815744054712
205,0.6508909958717339
206,-2.8714817501133725
207,-2.4324662091957268
208,-1.5992223071927294
209,-2.723157955611905
210,-2.2758691180214643
211,-2.5869423140972754
212,-2.760500365250043
213,-1.6462834384979466
214,-1.4929508290132985
215,-1.9139551257120204
216,0.2644457178065097
217,-1.998218833554164
218,-2.0296262710762605
219,-2.131152329842824
220,-2.455308465289541
221,-1.870283374575546
222,-1.7734473387646421
223,-2.620988085465439
224,-2.295969113663709
225,-1.9622556126222115
226,-2.8746440124324733
227,-2.287345734660303
228,-1.6026362098345464
229,-2.0505206296117326
230,-2.274843682815193
231,-2.4745243897994142
232,-2.3099533528890785
233,-1.9550415563337868
234,-2.024398414467633
235,-2.736658453959736
236,-2.279615509915667
237,-2.069143492251938
238,-1.9205059074761432
239,-2.190109353244361
240,-2.4971409687063844
241,-2.316850671308667
242,-2.192965704617661
243,-1.9362317950564047
244,-2.244964016090018
245,-1.4115792737871335
246,-2.4537852421803894
247,-2.185213571593024
248,-2.579082629245839
249,-2.5082131656233733
250,-3.1530029517956666
251,-2.947780568811542
252,-2.31739620888804
253,-1.7153790144909011
254,-2.61365248495132
255,-2.493256236300763
256,-2.6774795338347595
257,-2.631002001619489
258,-2.4002439808083835
259,-2.9475493786202103
260,-2.595566760889949
261,-2.511003166856417
262,-1.8537942198243886
263,-3.063239321536765
264,-2.554580227999483
265,-1.5354431776544306
266,-1.8178147572292314
267,-2.655731638459938
268,-1.3755428372326313
269,-1.6975961175436836
270,0.48427181388911006
271,-2.3620652844325734
272,-1.8966954871196096
273,-2.465815988365393
274,-1.970512156971567
275,-2.094116565716695
276,-1.794579890584806
277,-2.8423376734394603
278,-0.36304032773020045
279,-2.5770474449691374
280,-1.7243550099234837
281,-1.4965335497522612
282,-2.266112948341575
283,-2.4605187732505773
284,-2.9693644891969906
285,-2.4323741390760554
286,-1.6740951615531943
287,-2.7993408549178813
288,-2.693792018397916
289,-2.5473549869336543
290,-2.064717637190572
291,-2.5377232134442633
292,-2.301706202621151
293,-2.224035578961044
294,-2.602139931606883
295,-1.971862161207316
296,-1.8843684920410129
297,-2.321644733792213
298,-2.5537982904970176
299,-1.399331009152402
300,-1.8846500906771122
301,-2.4675064563918268
302,-0.6823466749276988
303,-2.333608969907662
304,-1.9201682786447805
305,-1.8595201580371696
306,-2.618747491101639
307,-2.334307381336259
308,-2.7256201694045603
309,-1.8878849144600298
310,-2.82985517009189
311,0.9288987880923201
312,-1.789618372309417
313,-1.8840612259379015
314,-2.0722784612382346
315,-2.1688021705171363
316,-1.6549221100189835
317,-2.658546770713188
318,-2.497450716477423
319,-1.9745871906041061
320,-2.184470186416414
321,-2.322019310477013
322,-2.1025259804107077
323,-3.3462465773773515
324,-2.3591179736158607
325,-2.2526882108643913
326,-2.413977913226859
327,-2.5363665746935977
328,-1.7450637592579958
329,-1.8566457875312996
330,-2.383187700751436
331,-1.9166027562459964
332,-2.2546792832508085
333,-1.8228388940091917
334,-2.202331762274511
335,-1.8804813340386262
336,-2.4060551566523207
337,-2.517961447544202
338,-2.7209033129629865
339,-2.6811945852967787
340,-2.826202510647791
341,-2.4977419204448683
342,-2.094310636935007
343,-2.9397413510785175
344,-2.1134339314967825
345,-2.7119995643039507
346,-2.0199980811926044
347,-2.0039807106003233
348,-2.346893070959652
349,-1.8169406139525932
350,-2.5826461293900604
351,-2.631633057608157
352,-2.7378512673934896
353,-1.9768874523666666
354,-2.2374579988644294
355,-1.9338649861228903
356,-1.7495245947213736
357,-2.652028444656631
358,-2.3735073128389255
359,-2.3920839277128962
360,-2.6469343591761576
361,-2.3995590235815407
362,-1.8096220207849132
363,-2.6186016600306927
364,-1.635467341459047
365,-2.2587995530412233
366,-1.7493175576967326
367,-2.480290777931889
368,-2.5383338775630095
369,-2.424916228086499
370,-2.174495293302245
371,-2.4194066032827344
372,-2.5604169196327935
373,-2.3771564512209675
374,-2.845826951118441
375,-1.9424977308918336
376,-3.0040650803429543
377,-1.8076724664455046
378,-2.0186149603650505
379,-2.638540399888157
380,-2.424563691497055
381,-1.656218687257975
382,-1.7546996567570445
383,-2.139821047437839
384,-2.3373197781838346
385,-1.79625764172622
386,-2.360091485808663
387,-2.4089000679654244
388,-2.773194350473198
389,-1.9429522863878776
390,-1.9501566979235476
391,-2.038973763264858
392,-2.6412457267438216
393,-1.8200511821638776
394,-2.551997753243313
395,-2.1982099758251827
396,-2.6240485148573733
397,-1.7832351954383585
398,-2.2511282106008124
399,-2.060891226656294
400,-2.2200677533475264
401,-2.3412730208177917
402,-2.4614012764188735
403,-0.0566927165092366
404,-2.0340586380392547
405,-2.387221542287745
406,-2.5140698473754526
407,-1.2604115365884805
408,-2.422819737110912
409,-2.610387891722683
410,-1.6763334710130056
411,-2.77022344050443
412,-2.343086330545236
413,-1.8398713495913692
414,-2.460370895605664
415,-1.8335641273215937
416,-2.241945198437873
417,-1.3073725062007422
418,-2.0631975902149624
419,-2.7671301348127084
420,-1.6562496618780695
421,-1.8277623753439252
422,-2.77408417670677
423,-2.085736590126271
424,-1.2959532018691355
425,-2.415030424942926
426,-2.0972313396945386
427,-2.2002751720041287
428,-1.8089910616835885
429,-2.1775442531381977
430,-2.7773434901776737
431,-2.326305681502044
432,-2.2771712827210018
433,-2.347009718543189
434,-1.9300291488081747
435,-2.22062575143593
436,-2.2981598462243813
437,-2.1497045312672682
438,-2.2009164666071377
439,-2.8615651257309898
440,-2.6050371351808694
441,-2.238488474171331
442,-1.9193853535923473
443,-1.366694360570823
444,-2.5688191076090976
445,-1.8099456724763763
446,-2.445309460605176
447,-2.1706527912234392
448,-1.407242953966133
449,-2.332519847450139
450,-2.187277309424635
451,-1.9437414073799222
452,-2.3069175120554735
453,-2.677283113431832
454,-1.7380309388696813
455,-1.2374346161568608
456,-2.1538114449272476
457,-2.0360452432121243
458,-1.2483450437554298
459,-2.5702900078963156
460,-1.5658370897992073
461,-2.3578425553352425
462,-2.355735658375796
463,-1.8735354336352457
464,-1.9747129770007803
465,-2.0595355463290947
466,-2.721238040209269
467,-2.714398093508411
468,-2.6958224297205615
469,-2.346489849111106
470,-2.861602647430259
471,-2.386453671779333
472,-2.37877586491
473,-2.8854394966024697
474,-2.4329710256715216
475,-2.7048057299840895
476,-2.5883437199032073
477,-2.571450335008826
478,-1.9098734915422202
479,-2.7790655318717086
480,-2.421693243376279
481,-2.408975630232711
482,-1.7026459200078716
483,-1.6613158350968764
484,-2.9394381471389575
485,-2.971448855978774
486,-1.6712091640158961
487,-2.5784856945834367
488,-2.128716858916584
489,-1.8064033825784775
490,-1.601511159883132
491,-2.6493991366284595
492,-2.21500661314482
493,-2.0758599057813414
494,-1.353060201307758
495,-2.741442987386216
496,-1.7054842344325047
497,-1.6102096752439374
498,-1.8374031073489623
499,-2.238481506391823
500,-1.988359177989295
501,-3.080798838266184
502,-2.41387646083227
503,-1.6050760435708342
504,-2.0436480675100523
505,-2.134766039159675
506,-2.1391487786290844
507,-2.3119658704537107
508,-2.4099403716052588
509,-2.352112874345396
510,-2.5511346719908623
511,-2.4068365228770943
512,-1.573604077245903
513,-2.5348016347230597
514,-2.19168823375398
515,-2.1757746990596365
516,-2.7291293300892594
517,-2.5637768682794064
518,-1.853533198718936
519,-2.770741344580325
520,-2.6673283102303533
521,-1.7801132483969624
522,-1.7102169868783796
523,-1.933931496988024
524,-1.6772942761455365
525,-2.3606891595495365
526,-1.7022080736254752
527,-2.2105832945461015
528,-2.2277121680369736
529,-2.056835661153627
530,-2.588456118280251
531,-2.617891832240722
532,-2.2319521697176317
533,-2.4771013975493674
534,-2.1151835417970193
535,-2.456006961070587
536,-2.6479833830259714
537,-1.9913492112609663
538,-2.417632882715646
539,-2.4294805956050425
540,-2.17964869882743
541,-1.9978941612315164
542,-2.3243883164405728
543,-2.688211925829289
544,-1.9632255245119292
545,-1.468662734098738
546,-2.5092052243995457
547,-2.1226206755309964
548,-1.897676965098801
549,-2.1570459013722285
550,-2.0983397337417773
551,-2.1225286081828028
552,-1.6618324434488219
553,-2.7218867182498903
554,-2.4081194187896378
555,-2.2729094353687542
556,-2.366872785747771
557,-1.9809922247632712
558,-1.6863730850753655
559,-2.731371019040437
560,-2.1593034914959173
561,-2.55571128476688
562,-2.2817434000764196
563,-2.4079995969636427
564,-2.6363186490928534
565,-2.387150513514449
566,-2.2250442579795973
567,-2.4849139111129808
568,-2.198004188243009
569,-2.0647578930763593
570,-2.0782142813364115
571,-2.7900443674743602
572,-2.371187865341659
573,-2.505532803470835
574,-1.3389017811337356
575,-2.213775632686276
576,-2.796131868535419
577,-2.3309199813647745
578,-2.974718000726202
579,-2.6029974740142268
580,-2.211759178626055
581,-1.5208061071563113
582,-2.410135684045058
583,-2.3775540954912193
584,-2.5020777468181024
585,-1.7682898215968588
586,-2.6357756975362188
587,-1.4818766069376998
588,-2.2767172727067475
589,-2.367528232397276
590,-1.6924047745038802
591,-2.76922896116385
592,-2.7562456688565664
593,-2.19159364966684
594,-2.324047876017607
595,-2.281885411911576
596,-1.7629049472694285
597,-2.2586116015592372
598,-2.1671687017992878
599,-2.459009199359257
600,-1.5881744846117933
601,-2.3459365180219085
602,-1.8259861959338437
603,-2.43073167567993
604,-2.9488506824530902
605,-2.4545177938401666
606,-2.492847515346381
607,-2.582415025047572
608,-2.482848268408816
609,-1.7805802189544842
610,-2.8259219064008083
611,-1.7030298887327848
612,-2.4056948458204555
613,-1.9958374674492705
614,-2.3693620595874694
615,-2.1825576944613654
616,-2.322137590949961
617,-1.9825200057449095
618,-2.426216303570311
619,-1.844060791255285
620,-2.4947377081566513
621,-2.468090743653571
622,-2.318932293081803
623,-2.8268218110438106
624,-2.1677410424828927
625,-2.510455352190104
626,-2.0324230451124747
627,-2.5410297047355237
628,-1.7239341393751582
629,-1.949422332682959
630,-2.2969888760858588
631,-2.718236703293199
632,-2.307934883498102
633,-2.1384343939251282
634,-2.914050328070467
635,-1.8769595463639217
636,-2.4347702522510097
637,-2.464428679429666
638,-2.8279511779276216
639,-2.093205859044601
640,-2.650627737683999
641,-2.5377985595983334
642,-1.559143461513081
643,-2.2006384768388716
644,-3.080556183342742
645,-1.6315026307944007
646,-2.07521883591016
647,-2.089746137664108
648,-2.3771603797755327
649,-2.417463861759812
650,-1.744708846327447
651,-2.6129930317333514
652,-2.2821685809068173
653,-2.7813698889171983
654,-2.4705944809120437
655,-1.7558489839526519
656,-2.496051299400705
657,-2.4354459532274815
658,-2.0911241735460537
659,0.7987782583210166
660,-1.8111900078935377
661,-1.5573084579404668
662,-2.5624482055227844
663,-2.568280182357512
664,-1.3264419912065164
665,-2.402668449591146
666,-2.3567842953672264
667,-1.9499397221270975
668,-1.698526220450967
669,-1.7646411238431514
670,-2.188002561939128
671,-2.397243359962553
672,-1.8993989958814839
673,-2.718534186587332
674,-1.8743113333836505
675,-2.9411849424264465
676,-2.441752898152105
677,-2.3442493508120323
678,-2.0123279849891142
679,-2.6317477510809977
680,-2.2811591972149547
681,-2.9489208354932726
682,-1.9236996574169702
683,-2.209639501790465
684,-2.3917462731661607
685,-2.460139931520138
686,-1.9623349423380043
687,-2.1814428841647975
688,-2.8131999092250344
689,-2.453642011213742
690,-2.4789852231901452
691,-2.8467076133041718
692,-2.1060747703460425
693,-2.149624536199262
694,-2.2409057739748732
695,-1.6908527054866382
696,-2.79003149676109
697,-1.9971536339704585
698,-0.5407084684794868
699,-2.3934920456771396
700,-2.303650055045434
701,-2.3268688898308953
702,-2.496605103516491
703,-2.3953317159289638
704,-2.551163834338412
705,-2.5192112906454978
706,-2.3399592317733675
707,-1.6842720138745086
708,-2.5870996388416176
709,-2.313135926748475
710,-2.120069051932938
711,-1.8909291023611985
712,-2.3136811118952325
713,-2.699180386308758
714,-2.2202512099839895
715,-1.3883810316417824
716,-2.237550539722094
717,-2.4502194909375388
718,-2.693876435915517
719,-2.118072906053606
720,-2.041866482927752
721,-2.210521824869169
722,-2.4605523731495307
723,-2.756972643148366
724,-2.637097479244016
725,-1.9757478662714125
726,-2.092499539585386
727,-1.978033148907814
728,-1.6699221246627902
729,-1.9889746025203667
730,-2.508696867394572
731,-2.043205569512137
732,-2.2555051279961313
733,-2.998466442035559
734,-2.7715018764025707
735,-1.773962124799273
736,-2.2069219130342064
737,-1.997187024328866
738,-2.705612287771468
739,-1.6976103386793093
740,-1.6317660024715472
741,-2.773742861883441
742,-2.623555814833871
743,-2.4854506964069674
744,-2.6072024254754442
745,-2.9812324059593607
746,-1.677572275059748
747,-2.3909717824937538
748,-2.1717822030824743
749,-2.466976977599706
750,-1.8252888714257123
751,-1.9294078225512867
752,-2.204104700677626
753,-1.5488357679648794
754,-2.382714419634268
755,-1.3393159154042162
756,-2.000149643063465
757,-1.605648681769707
758,-2.2535941042963876
759,-2.826449023823314
760,-2.8051228769919923
761,0.1934894858480418
762,-1.7508214922266456
763,-2.2544784334807755
764,-2.2714554991466382
765,-2.741678344789461
766,-2.492803549473852
767,-2.7489776629315306
768,-2.19309295399725
769,-2.019914745816347
770,-2.275080849417996
771,-2.203422232925658
772,-1.964347882767887
773,-2.2744469826508085
774,-2.17915327218855
775,-1.941378572404097
776,-1.6913267441331283
777,-1.7488633805546558
778,-2.2020756464794604
779,-1.6488609393591305
780,-2.5882974059050547
781,-2.4767462955594697
782,-3.0349055348464233
783,-2.390606148980992
784,-2.665784896796444
785,-2.483679820571195
786,-1.4057463791305373
787,-2.4973197470949593
788,-0.1608850275016909
789,-2.3594670811468212
790,0.2008646980631
791,-2.4378102469508938
792,-2.408822474680872
793,-2.599481215057792
794,-2.8820660298411207
795,-2.180422325941574
796,-1.7080048623475799
797,-1.4389334035464916
798,-2.7525986465143504
799,-2.5741722461112246
800,-2.403674840883627
801,-2.5748690328249846
802,-2.2029930164390015
803,-2.6775712198955883
804,-2.78882319638455
805,-2.542019647617786
806,-1.8985260786830516
807,-1.9886639146278782
808,-2.1832093378543864
809,-1.8118759213789664
810,-2.1418712113846117
811,-2.920792407229679
812,-2.5325545216595424
813,-2.6457539141511517
814,-3.0246896440106084
815,-2.30161504054925
816,-1.6495296687053442
817,-2.7507917701668996
818,-2.567725159592865
819,-2.1950595540183464
820,-2.5080697476570237
821,-2.0461077111620023
822,-2.0314205033099353
823,-2.953185490358587
824,-2.7333486089882193
825,-2.6673163221993903
826,-2.3036431424452104
827,-2.2578391486338725
828,-2.1195597704251092
829,-2.7639185924471397
830,-1.9491559703053982
831,-2.6324541902743634
832,-1.9513362261651792
833,-2.1339009885693794
834,-2.4062817416229185
835,-2.1226232324941035
836,-2.318819307937633
837,-1.2603395925510092
838,-2.7151235591924445
839,-2.4724591258236566
840,-2.568622769623204
841,-2.245178675647695
842,-2.703142644729929
843,-1.9219681298315614
844,-2.35287783933622
845,-1.9362710073801706
846,-1.995278106370149
847,-2.262636591983903
848,-1.989237231311387
849,-1.9649696397352943
850,-1.2176585481029478
851,-2.5965733948530243
852,-2.5922817568396748
853,-2.385635577141974
854,-1.963078937573806
855,-1.7987968194941382
856,-2.7268515139073912
857,-2.3134361761645077
858,-1.7080301869108432
859,-3.1391596370178108
860,-3.008930515471801
861,-2.4185377115017372
862,-2.4118647063370657
863,-1.6281007477989424
864,-2.7690412831641185
865,-2.211579326666238
866,-1.796564636628303
867,-2.1348289214759464
868,-2.166192790750048
869,-1.9971369102532441
870,-2.468529425255726
871,-2.645239081528725
872,-2.375559633951518
873,0.25438024896483363
874,-2.1652056504100528
875,-2.8736328641965425
876,-2.5041919113772506
877,-2.4426447101901005
878,-1.531518672052506
879,-2.439132414814323
880,-2.3808852204269133
881,-2.4677936005629086
882,-2.3656712728723543
883,-2.08114893279141
884,-1.7851960714335773
885,-2.4365866117382633
886,-2.401653252601035
887,-2.580393136001513
888,-2.392262460865214
889,-2.002724713119705
890,-2.0849805074820944
891,-1.7095739475825595
892,-2.436985512165713
893,-2.3859652288770663
894,-2.6945891138862526
895,-2.755394604827044
896,-1.9204069795781438
897,-2.408524043359856
898,-2.329844156749229
899,-1.67983487664087
900,-2.9206341190698093
901,-2.361797360898578
902,-2.4988013759775987
903,-2.237239579829106
904,-1.8050997098338044
905,-1.9096309520728687
906,-2.152022414027394
907,-2.790437228981356
908,-1.7924667834402417
909,-2.0303346562011986
910,-1.9309883020747813
911,-2.049420732314165
912,-2.3906907110116093
913,-2.854911716589867
914,-1.8939922260642912
915,-2.4569499348441872
916,-3.0270740422873033
917,-2.5292411817450597
918,-2.3988669201044632
919,-2.611097138098588
920,-2.7606828025387378
921,-2.0220515370377323
922,-2.2595815912823016
923,-2.1531243768941075
924,-2.724337577011704
925,-1.3831293786304266
926,-2.5795265076256815
927,-2.568150273915924
928,-2.3661931912148564
929,-2.0457996878013223
930,-1.8813237430376826
931,-1.861379283234657
932,-2.3759562119860442
933,-2.229976532269236
934,-2.4733398568297127
935,-2.5003796508428153
936,-0.0911321828893979
937,-1.643015146191286
938,-2.2391452188429635
939,-2.5022264741118856
940,-1.8491394092939302
941,-2.4380775101714907
942,-1.960382295871649
943,-2.576256193662996
944,-1.92058509328137
945,-2.3485323254098405
946,-2.255229455342926
947,-2.761072357250352
948,-2.828148660586046
949,-1.5682934815124017
950,-2.409750980327677
951,-2.8603636343130354
952,-2.6783160654246365
953,-0.8791123538368023
954,-1.809285049623291
955,-2.6639586397296613
956,-2.4707771181733698
957,-1.8805576864349443
958,-1.7545262732057285
959,-2.5422816659369314
960,-1.956784289820523
961,-2.9043558284825486
962,-2.1773589324726577
963,-2.551831940355918
964,-1.782903889590854
965,-1.7451279836115177
966,-2.4159567953809753
967,-2.1828186223707444
968,-1.7813782214640337
969,-2.7187973032659496
970,-2.789928508360744
971,-2.0034074832044295
972,-2.8426795647562773
973,-2.654849309953301
974,-2.5425449667949214
975,-2.386638391516576
976,-2.401999738224351
977,-1.7197525241043559
978,-1.2807344979758277
979,-2.2207760113361807
980,-2.1042062162416837
981,-2.3926287118624288
982,-2.250771189126592
983,-1.9655350275954822
984,-1.9082351722931155
985,-2.339741292257422
986,-2.20936443794458
987,-1.5836487814943054
988,-1.4388735558325882
989,-1.5885419382928068
990,-2.2917443883930737
991,-2.319631862319848
992,-2.21823724359196
993,-2.6662165939205287
994,-2.3552322230421954
995,-2.035937960523894
996,-2.1381419894822824
997,-2.1519160204911287
998,-1.7086537384452756
999,-1.9187771214096938
1000,-2.0117766711280036
1001,-1.9639874735695761
1002,-2.3171994915956153
1003,-2.732211794316264
1004,-1.6921208305644317
1005,-1.8136134690525338
1006,-2.341816169616243
1007,-2.3468943745181368
1008,-2.1017886935708536
1009,-2.034848720868958
1010,-2.8440097347595232
1011,-2.7712798313442493
1012,-1.982343118907431
1013,-2.0953569760971216
1014,-2.6693295505661623
1015,-1.938309548172868
1016,-2.2401859005941955
1017,-2.1040231405038186
1018,-2.2076177197908553
1019,-0.22598042925561784
1020,-2.4014183500629067
1021,-2.507704530093207
1022,-2.2715961191579757
1023,-2.1422943577682636
1024,-2.02827601474131
1025,-2.353333557354657
1026,-2.2099821608156116
1027,-2.319175270702801
1028,-2.3174220380400388
1029,-2.6242624536630443
1030,-1.6387295420424233
1031,-1.5403761137756482
1032,-2.9215246612344874
1033,-2.277737151745366
1034,-2.4055555194005898
1035,-2.0653943704387463
1036,-2.1950508802379765
1037,-2.6566968065803866
1038,-2.8138172910000683
1039,-2.1453334538205606
1040,-2.4535160686932618
1041,-2.4075851630965457
1042,-2.1945082086244128
1043,-2.859691480919741
1044,-2.152065787294741
1045,-2.4558403847270522
1046,-2.3921369126748826
1047,-1.834798630951033
1048,-1.819487583743726
1049,-2.513345369170412
1050,-2.539272226962011
1051,-2.1240089727814473
1052,-1.7764223854654733
1053,-2.3833095928499963
1054,-2.6323300170026958
1055,-2.3666546382292655
1056,-0.4943793720681741
1057,-2.6317580488499384
1058,-2.42286860675651
1059,-2.5128875634436896
1060,-2.4231401263582586
1061,-2.448815655405351
1062,-2.915892705055272
1063,-2.035272098149383
1064,-2.2932807356190024
1065,-2.376485866830665
1066,-2.259515977900219
1067,-2.336983045203544
1068,-2.383129201341986
1069,-2.4509808897126817
1070,-1.5625245576736564
1071,-2.5904779356878604
1072,-2.8783895172756147
1073,-2.312912086518947
1074,-2.099931999297928
1075,-2.2728623150951277
1076,-1.640111526177822
1077,-2.7656807106788404
1078,-2.382132204956724
1079,-2.2460205769696215
1080,-1.760354707076374
1081,-1.8477710406242547
1082,-2.019770749493239
1083,-2.285541280499221
1084,-2.748904635100555
1085,-1.3699494621548935
1086,-1.5816478752348708
1087,-2.512449874827984
1088,-2.494586167866212
1089,-2.195334865906427
1090,-2.363014212167392
1091,-2.640995366307605
1092,-2.376244749899376
1093,-2.2779383508509716
1094,-2.99962940183135
1095,-2.510897631813409
1096,-2.2407724483898286
1097,-2.6627509414153314
1098,-2.4353425902352224
1099,-2.2596871805251397
1100,-2.5856281011098754
1101,-2.512736972039434
1102,-1.8360867010668223
1103,-2.102030884486312
1104,-2.7288849838790163
1105,-0.1805805090313958
1106,-2.612111751384972
1107,-2.552359154518577
1108,-2.6880344175174753
1109,-2.453303596086301
1110,-2.494875007007322
1111,-2.5214617428039956
1112,-2.7893959195567612
1113,-2.5339954962943345
1114,-3.0813269553116345
1115,-2.609059563697652
1116,-1.8828897579883
1117,-3.0662390551496483
1118,-2.3212712788201397
1119,-2.662906620798722
1120,-2.3124842478401177
1121,-1.5848712144681503
1122,-2.4529500251715968
1123,-2.5296702194423877
1124,-2.0243976174145404
1125,-2.0866267858694165
1126,-1.4680758615817626
1127,-2.370399615912744
1128,-2.9979974712739725
1129,-2.59188383231926
1130,-2.251971398907289
1131,-2.7061199030996677
1132,-2.8055195974547
1133,-1.6627498434127737
1134,-2.3840352540988583
1135,-2.4666353173443962
1136,-2.3476231592714227
1137,-1.8168753215182945
1138,-1.962163089318361
1139,-2.378080116329654
1140,-2.6805186212574963
1141,-2.8164541105674457
1142,-1.325541318728545
1143,-2.3832015602613987
1144,-2.133167933521294
1145,-1.864426164997041
1146,-2.2807572412129313
1147,-2.5657862708900985
1148,-3.032626340070444
1149,-2.495078111719755
1150,-2.608330230836284
1151,-2.3086798170203147
1152,-1.9740123844351738
1153,-2.539323965468848
1154,-1.839272127600468
1155,-2.350047909917983
1156,-2.016254307479538
1157,-2.7124472750866477
1158,-1.6102460347848682
1159,-1.8534550588468752
1160,-3.2807070482331224
1161,-2.0278363191041398
1162,-2.2427584354251384
1163,-2.4516145920100265
1164,-2.526256275496048
1165,-2.222926388493886
1166,-2.1937075391837046
1167,-2.385242058487169
1168,-1.8747699036729382
1169,-1.5498301509745307
1170,-1.8360023044134612
1171,-2.632673472974942
1172,-2.025814651491377
1173,-2.275932336117834
1174,-1.9137835747179823
1175,-1.6255979912867282
1176,-2.270693899117156
1177,-2.1776395249952523
1178,-2.4508247093560995
1179,-1.5905923371685
1180,-2.374748927389141
1181,-1.9639833993360363
1182,-2.4239862213671395
1183,-2.7347137005726783
1184,-2.394920849447483
1185,-2.6692243784617773
1186,-2.1105080870606843
1187,-2.334857646763039
1188,-2.0380261173999057
1189,-2.567345003218985
1190,-1.971819188583804
1191,-2.3611216051099886
1192,-2.2183920720810724
1193,-1.8375235711862175
1194,-2.2693003814990442
1195,-2.4511587565594497
1196,-2.617237951999097
1197,-2.1414305903976714
1198,-2.792566567090953
1199,-2.470217845856234
1200,-2.59409379299873
1201,-2.1394643253456875
1202,-2.2938920043656363
1203,-1.7138664367500822
1204,-2.4630744548173094
1205,-2.4337163416866647
1206,-1.845618249414418
1207,-0.8064992831997685
1208,-2.204075224370619
1209,-1.545037703252263
1210,-1.8473351497733461
1211,-1.907797754086393
1212,-2.5474903590033566
1213,-2.555488165490487
1214,-2.4805643383671145
1215,-2.5113795335242863
1216,-2.174595521820636
1217,-2.2228704323919968
1218,-1.8224158462810105
1219,-1.9190037633350019
1220,-2.006005638413815
1221,-2.635741022214332
1222,-1.6658871545992484
1223,-2.700189971003446
1224,-2.625766730441777
1225,-2.650881703184091
1226,-1.9252530217731534
1227,-1.7983123299996138
1228,-2.5023367941537016
1229,-2.498544858192716
1230,-2.544508412707025
1231,-1.999191821040197
1232,-2.661210097260797
1233,-1.7109903809337883
1234,-2.272886356570238
1235,-1.621435252659067
1236,-2.341757490476889
1237,-2.0384494140876277
1238,-2.2556687392380286
1239,-1.4555323132704217
1240,-2.111947379941664
1241,-2.215086290867899
1242,-2.6418070120723987
1243,-1.9595471611465851
1244,-2.5985678000330665
1245,-2.2809297857992594
1246,-1.3019831599103768
1247,-1.9141804365456296
1248,-2.6581415301749436
1249,-2.4190795896204906
1250,-2.8100555110324095
1251,-2.2667718807486428
1252,-1.7909115725777043
1253,-2.407193872687062
1254,-2.8391338664993095
1255,-2.279671146588769
1256,-2.227332854364357
1257,-2.5117378980691387
1258,-2.453204236985507
1259,-1.6913113027531983
1260,-2.2779619417982584
1261,-2.793310741866401
1262,-2.308715170171509
1263,-2.629031778521582
1264,-2.6575928366884636
1265,-2.5271926867411687
1266,-2.611663854170251
1267,-2.372294975571564
1268,-2.3769740448792294
1269,-2.35913146525856
1270,-1.8763649818994306
1271,-2.5374182004182946
1272,-1.699079805033331
1273,-1.4946080874652266
1274,-2.075585621435237
1275,-2.6899082942954924
1276,-2.479286931867535
1277,-1.9141159712833855
1278,-2.303288072729814
1279,-2.1348355194415998
1280,-2.673572411671352
1281,-2.138515389578656
1282,-2.6588579352866906
1283,-2.438673615275734
1284,-2.202219933159084
1285,-1.8230559712362238
1286,-2.3284368494464553
1287,-2.8293880291086575
1288,-1.5333043876269778
1289,-2.6144282345591874
1290,-2.6246329508972264
1291,-2.3583721239890365
1292,-2.885576680227526
1293,-2.7519039201492763
1294,-2.2365670345273108
1295,-2.5101084617314253
1296,-2.1721443822399573
1297,-2.4042398234286093
1298,-1.6800350117979097
1299,-1.9952225094699563
1300,-2.6873661479656654
1301,-2.4418658172503425
1302,-2.129446942025921
1303,-1.9641159617493495
1304,-2.5803277903362676
1305,-1.6849477453446275
1306,-2.9208935336357125
1307,-2.457360189547442
1308,-1.9480701603478172
1309,-2.609354735645399
1310,-2.1684948061211093
1311,-2.5556320007329103
1312,-2.160684443245129
1313,-2.3044980921065634
1314,-1.312692240814634
1315,-2.6200675240654863
1316,-2.272737034314925
1317,-2.1845587605998102
1318,-2.834340092532425
1319,-2.5301584924501332
1320,-2.6783187822869254
1321,-2.692102955114017
1322,-2.2713936329218596
1323,-1.7504397577447426
1324,-2.1364136818804242
1325,-1.2859392806714112
1326,-2.2043216000320958
1327,-1.8065515908588046
1328,-2.1700712139910396
1329,-2.725118525844099
1330,-1.6026051607048508
1331,-1.6954119175467424
1332,-1.6227633283064709
1333,-2.449379795141243
1334,-2.1230706373041746
1335,-2.093535052466896
1336,-2.5218584119148275
1337,-2.2144251758018916
1338,-2.6211439426214187
1339,0.0950910475619055
1340,-0.061089457965417295
1341,-2.057138849976254
1342,-1.846556081345072
1343,-2.269382236703804
1344,-2.432327950538315
1345,-1.9602535658705929
1346,-2.434841861612743
1347,-2.5030927521375843
1348,-2.6455904379089716
1349,-2.3410482448099916
1350,-2.787437676766915
1351,-2.434145368378116
1352,-2.0603181185035173
1353,-1.8756030284875789
1354,-2.284609253376332
1355,-3.133924455327584
1356,-2.0024401131484604
1357,-2.4725742015237997
1358,-2.001727069220482
1359,-2.4563198415657426
1360,-2.7364243335402803
1361,-3.2114833483350758
1362,-2.5927744574487295
1363,-1.983193096961481
1364,-2.603476414657312
1365,-2.293009697732956
1366,-2.257781001464037
1367,-2.675646775866936
1368,-2.6192740424789687
1369,-2.7707153598560073
1370,-2.5564227050351405
1371,-2.568626239813978
1372,-2.1140481967637506
1373,-2.1175467655767117
1374,-1.6301432881469788
1375,-1.9084420670790643
1376,-2.132084762776553
1377,-2.122393770756417
1378,-2.650063367560046
1379,-2.4752721831599023
1380,-2.102841638861079
1381,-2.3582623579675217
1382,-2.254152975909569
1383,-2.0601012959559895
1384,-2.5341539385973744
1385,-1.8264945498429712
1386,-2.167709357483387
1387,-2.254410398881511
1388,-2.2893594660060512
1389,-3.040132335093722
1390,-2.336670560945426
1391,-2.213321479356863
1392,-2.3282549085847846
1393,-2.1508576453248405
1394,-2.726400356329055
1395,-2.7519281913122486
1396,-2.749252867805493
1397,-1.8636897259074323
1398,-2.584207493379143
1399,-2.1958845534348983
1400,-2.6043405617852753
1401,-1.9025467180050497
1402,-2.3072543508955103
1403,-2.301667945134522
1404,-2.3703198945998576
1405,-2.184560241733014
1406,-1.3783467585903355
1407,-1.9700617969236822
1408,-2.296234885006327
1409,-2.2937945289883173
1410,-2.1980036292816845
1411,-1.5896137878025391
1412,-2.2244071138740185
1413,-2.6616379917784334
1414,-2.1913402260546144
1415,-2.23240117694459
1416,-2.3499650345597685
1417,-1.841045390139545
1418,-2.5497547357855144
1419,-1.8088370492987396
1420,-2.1551184708165363
1421,-2.828915557898601
1422,-2.989236924267196
1423,-2.628240735023624
1424,-2.201319695829275
1425,-2.760902627259245
1426,-1.8248451915149209
1427,-1.8851092706448807
1428,-2.5012817351447665
1429,-2.344639008119436
1430,-2.431462082264843
1431,-1.8607265289461212
1432,-1.8785712440482676
1433,-1.591770543157308
1434,-2.0070296666079
1435,-2.3008289427524176
1436,-1.6840332082994471
1437,-1.9762453089397427
1438,-1.6289747641230525
1439,-1.6915422191969007
1440,-2.703647835034246
1441,-2.6968178323092555
1442,-1.949869467490719
1443,-2.784243442894684
1444,-2.7942454550422573
1445,-2.479982220882548
1446,-2.6409781926386895
1447,-1.764604910695917
1448,-2.1899961201762457
1449,-1.5673832716577252
1450,-2.2580152648699725
1451,-2.511080027761615
1452,-2.093978974076576
1453,-2.756828945318522
1454,-2.7624654299526967
1455,-2.567500227159641
1456,-2.0963698078093267
1457,-1.850860228774477
1458,-2.1423726023106413
1459,-1.7613601613623384
1460,-1.8792107461566532
1461,-2.643242733998133
1462,-2.682356575917386
1463,-2.3287977224211027
1464,-2.1951444409611307
1465,-1.9094400419639306
1466,-2.6979967805054996
1467,-2.6193904547641527
1468,-2.2422949458335677
1469,-2.3846085617692916
1470,-2.659793534141973
1471,-1.8051357549289904
1472,0.04763528956218466
1473,-2.19336629880765
1474,-2.72883944309277
1475,-1.4968498009770859
1476,-0.4353892614868539
1477,-2.507557273987188
1478,-2.00436721290359
1479,-1.5757264817500403
1480,-2.612989826406608
1481,-2.289186241167394
1482,-1.3263546564086837
1483,-2.7394534209677452
1484,-2.11022909250623
1485,-2.394539093778032
1486,-1.671032500131896
1487,-2.674698852797836
1488,-2.1476083708938076
1489,-2.4043056993630296
1490,-2.4918093286834497
1491,-2.7250085921493166
1492,-2.6089607005774473
1493,-1.755060356013188
1494,0.13144558720717403
1495,-1.738554807423961
1496,-2.7228209205399265
1497,-2.5230346238527543
1498,-2.3512794722298493
1499,-2.0032640823074224
1500,-2.1305102080040843
1501,-1.6675838878444198
1502,-1.7395154411624847
1503,-2.5678763182512805
1504,-1.8632725638456844
1505,-2.3718768122972453
1506,-2.2715682387136282
1507,-2.3190522435083545
1508,0.15793221285085107
1509,-2.093955915958257
1510,-2.4106053024708927
1511,-2.629888370975792
1512,-2.9191535219677722
1513,-2.9838543989793207
1514,-2.515841568012472
1515,-1.7249768700790662
1516,-3.021171506264455
1517,-2.2062542391153617
1518,-1.8656504757815962
1519,-1.847862113548644
1520,-2.386207414631029
1521,-0.419261551201956
1522,-2.258363591568973
1523,-2.3878347993482043
1524,-2.3331259719175077
1525,-2.3437099528146206
1526,-2.332534971363811
1527,-1.8953342136821494
1528,-1.9515393899865814
1529,-2.2131735113338102
1530,-1.5894480180695714
1531,-2.0900759608848016
1532,-1.9592518702841133
1533,-1.7776568803384902
1534,-2.3863164207166565
1535,-1.371709805297225
1536,-2.0436238451324735
1537,-2.4636488567271875
1538,-2.3242901741318183
1539,-2.2792675908333884
1540,-2.172310774576669
1541,-2.584296758854423
1542,-2.8332725471619584
1543,-2.066877437400827
1544,-2.3543144459677703
1545,0.07182740972209568
1546,-2.6090375158280414
1547,-2.126453665921671
1548,-2.6055304072224383
1549,-2.547447847585453
1550,-2.3520031544465576
1551,-0.31572564046860396
1552,-1.6272289184468818
1553,-2.0806214659503923
1554,-1.890954637693831
1555,-2.1338978482051822
1556,-1.634192642273585
1557,-2.6876830483767935
1558,-1.7556247188698801
1559,-2.4260312746629875
1560,-3.1246824849219084
1561,-2.549344868522741
1562,-2.329535902374098
1563,-2.5263655753571204
1564,-1.7863837841360863
1565,-2.2215778371434376
1566,-2.322541870133837
1567,-1.5838927273306738
1568,-1.845416519472055
1569,-2.0115820402422355
1570,-2.5990148183175372
1571,-2.4992603855773217
1572,-2.046688212376715
1573,-1.6985233140840839
1574,-2.1177250223221944
1575,-1.791231363952019
1576,-1.9245856750200576
1577,-1.8752904090561624
1578,-2.0448313417942314
1579,-1.5456385786184517
1580,-2.7402800051110807
1581,-2.4677559512215117
1582,-2.266272477248773
1583,-2.0855464914996515
1584,-2.5220306766149103
1585,-2.2459277036950276
1586,-2.299362904103681
1587,-1.8623498882054792
1588,-2.050053832376202
1589,-2.3168225411819243
1590,-2.540357581904979
1591,-2.8831318698834014
1592,-2.0154504359059375
1593,-2.1468211804938013
1594,-1.8162164169288957
1595,-1.883070313145994
1596,-2.4190280951928465
1597,-2.1916769831825453
1598,-2.874540397163608
1599,-2.4448559045916642
1600,-2.1789090841515497
1601,-2.265905540153607
1602,-2.021630588252861
1603,-3.0284845335041495
1604,-1.976644927039508
1605,-2.439644514504756
1606,-2.1332765935457347
1607,-1.805144756037825
1608,-2.5046839430068437
1609,-2.196770516840144
1610,-2.351137363217277
1611,-2.4030898183524982
1612,-1.8703345437210763
1613,-2.2233611148124925
1614,-2.248499506631118
1615,-2.4955972525390533
1616,-1.7293846835205506
1617,-2.6378848988435206
1618,-2.4686735745657478
1619,-2.6126894859571044
1620,-2.607801875896731
1621,-2.661941603860624
1622,-2.3987031835450683
1623,-2.4032291834433392
1624,-2.6275266927069953
1625,-2.5538259637702385
1626,-2.0583904439289307
1627,-2.189255356880708
1628,-1.473377193308907
1629,-2.089772951275927
1630,-2.376340367946014
1631,-2.5817281974363158
1632,-2.2547541918780407
1633,-2.67138104447666
1634,-1.9177866344389773
1635,-2.856231554652231
1636,-1.428697537430546
1637,-2.4122061838868136
1638,-1.7434878988699327
1639,-1.7289933704925018
1640,-1.7614565451596782
1641,-1.8971446458919832
1642,-2.329072746602505
1643,-2.9489795787584554
1644,-2.5560316269810563
1645,-2.037313778533468
1646,-2.9960341970966957
1647,-2.0237105094676426
1648,-1.5025755708739599
1649,-2.1403854182855255
1650,-2.225904744347335
1651,-2.650570864313845
1652,-1.9499003891434383
1653,-1.9053688133982303
1654,0.3224018334071511
1655,-2.2000227394672316
1656,-2.1543328898396736
1657,-2.292672822459551
1658,-2.0669945860044
1659,-2.8737720191741656
1660,-2.3361609975695803
1661,-2.364369869737185
1662,-2.2046881203235635
1663,-2.173351131226765
1664,-2.2294175295113456
1665,-2.401274171218033
1666,-2.812218246272199
1667,-1.9613550725337807
1668,-2.3486801702326385
1669,-2.547020990082797
1670,-1.689284352987604
1671,-2.202358691337529
1672,-1.9125922998683589
1673,-2.1722056236567164
1674,-2.37606165651872
1675,-1.687626311729141
1676,-2.050802057103097
1677,-2.8904619416630744
1678,-1.8607292847184689
1679,-1.7156112276528708
1680,-1.8923141421895169
1681,-2.1642015526052854
1682,-2.6902767106999486
1683,-2.4745157367555284
1684,-1.8798856365857166
1685,-2.341455269499339
1686,-2.2629033576072666
1687,-1.7249148348073111
1688,-2.85095368234529
1689,-2.105585010591669
1690,0.8644379172071813
1691,-2.491559600531619
1692,-1.7856750556446839
1693,-2.0762356401574076
1694,-1.9573892214772701
1695,-2.687886720334809
1696,-1.827296694129812
1697,-2.4463232156061903
1698,-2.283594790026568
1699,-2.4064878814625845
1700,-2.157464593589864
1701,-2.219148098689944
1702,-2.238354060910089
1703,-2.6826609934668597
1704,-2.6668201595006504
1705,-1.7352402806189158
1706,-2.2078542028880923
1707,-3.115340892474223
1708,-1.7599740064828406
1709,-2.1122848506417564
1710,-2.5211872571194
1711,-2.7564768484816238
1712,-2.0196897995965992
1713,-1.7473063300637888
1714,-2.654143195519786
1715,-2.680082841533725
1716,-2.1422630418166797
1717,-1.8597326903662543
1718,-2.0179438210499727
1719,-2.53189153802259
1720,-1.9344280598337467
1721,-2.977783912753719
1722,-2.2084182443848075
1723,-2.3119834933974865
1724,-2.697694819793311
1725,-1.4448404498145084
1726,-2.402836631009533
1727,-2.287413904489248
1728,-2.359663920342909
1729,-2.137954071566074
1730,-2.0679949462479854
1731,-2.1143941049163266
1732,-2.31070757489213
1733,-3.1154083928107528
1734,-2.0972638391571685
1735,-2.848440917497393
1736,-2.35607910905028
1737,-3.0633457611317594
1738,-2.5601607946425773
1739,-1.8688251079931428
1740,-2.5364142159973353
1741,-2.273963617495237
1742,-2.3966614677589666
1743,-2.4443651643211104
1744,-1.8370116859367156
1745,-2.554328697893914
1746,-2.2610685473188292
1747,-0.252522066712563
1748,-2.6139757815473597
1749,-2.1658484989025935
1750,-2.1161571693682997
1751,-2.2666330148957012
1752,-1.9945397958505486
1753,-2.226258993725089
1754,-1.6019887559173016
1755,-1.8973370341024074
1756,-2.414026500287749
1757,-2.8746511607629706
1758,-2.3146777401540373
1759,-2.0574274349570785
1760,-2.501068693287643
1761,-2.745447087219881
1762,-2.4636356832413346
1763,-2.4128486053749985
1764,-2.623988171422833
1765,-2.8459227320669958
1766,-1.7835665276107284
1767,-2.0859369358384745
1768,-1.7910610890622731
1769,-2.0485548319905766
1770,-2.2766853046386286
1771,-1.522051323501973
1772,-1.5719998278647425
1773,-3.1410985682106625
1774,-2.19082170916734
1775,-2.1023995829690825
1776,-2.060166407850557
1777,-2.168920973151948
1778,-2.137579995530567
1779,-2.3350587913994056
1780,-1.92309928061316
1781,-1.5654441085221562
1782,-1.6814635105314475
1783,-2.3103492088273767
1784,-2.497863981700358
1785,-2.659327552335923
1786,-2.5613984083403456
1787,0.6341007704594379
1788,-1.72070147208761
1789,-2.688208395391876
1790,-2.060092240244113
1791,-1.930192531597829
1792,-2.663574178658583
1793,-2.4402809622411494
1794,-1.8800095120020424
1795,-2.24886907704017
1796,-2.6118600182185134
1797,-1.731380819135836
1798,-2.2870851342373055
1799,-2.413182293831325
1800,-2.3373556420508574
1801,-2.291697398381416
1802,-2.729879048689175
1803,-2.3308169082857515
1804,-2.522429792854511
1805,-2.295920445674887
1806,-2.4318357458489457
1807,-2.5641780164037047
1808,-2.777467928248058
1809,-2.842901597798562
1810,-1.5373483217242727
1811,-2.507705670922556
1812,-2.2700217358202015
1813,-2.5218596163399547
1814,-2.7215246231470056
1815,-2.1660644775664153
1816,-2.805709901996583
1817,-2.4976182384419996
1818,-1.9924539768053213
1819,-2.636651619624276
1820,-2.0370303090032906
1821,-2.585849204527542
1822,-2.309204934629552
1823,-2.5090986243627533
1824,-2.4835034251355923
1825,-2.3197561652997227
1826,-2.8379481216542586
1827,-2.232529135936936
1828,-1.7458026700709073
1829,-2.4867914683098107
1830,-2.0545516078646124
1831,-2.3081373927263846
1832,-1.5788976336263534
1833,-2.309469819578751
1834,-2.2920640329142734
1835,-2.577637013137105
1836,-2.062544391203374
1837,-2.3393709026103613
1838,-2.3028604894774727
1839,-2.1433757321518043
1840,-2.6719037174498266
1841,-1.8264763677079516
1842,-1.6921341246401789
1843,-1.741380761073823
1844,-2.8827504443899303
1845,-2.1092820709607185
1846,-2.62021299664408
1847,-1.8107734140295766
1848,-2.219041742419646
1849,-1.5437661134173197
1850,-2.129688145365048
1851,-2.2177690628973794
1852,-2.5159364030306444
1853,-1.9915254429721951
1854,-0.3100548135305563
1855,-2.664944540942119
1856,-2.303220592305916
1857,-2.803919442595607
1858,-2.6729907755957756
1859,-1.97753099655556
1860,-2.2338742867547814
1861,-2.7670789500187527
1862,-2.5892218483587683
1863,-2.0148201125690064
1864,-2.1540471156341674
1865,-1.7223532092975662
1866,-2.177214641799945
1867,-2.3070327165785005
1868,-3.1594094359460048
1869,-1.8584327256186093
1870,-2.1555741679620986
1871,-2.292818108612091
1872,-2.691247572336131
1873,-1.7192889643489164
1874,-2.0712489053490515
1875,-1.6514076388912218
1876,-1.7885894285007498
1877,-2.651376838630197
1878,-2.76494578012145
1879,-1.833967352897264
1880,-2.48491298926381
1881,-2.455761545713793
1882,-1.6879878371642631
1883,-1.8803802094075477
1884,-1.4915421479189501
1885,-2.034780992657691
1886,-2.1492089825149874
1887,-1.556293111572523
1888,-2.3249825666871873
1889,-2.399278314154947
1890,-2.0848164774868296
1891,-1.8726515973447944
1892,-2.8357840500558256
1893,-2.1762680156665786
1894,-2.07892863028208
1895,-2.479548399648407
1896,-1.7776322316990445
1897,-2.2552822359681244
1898,-2.202536173467321
1899,-2.0212826690854504
1900,-1.752877617823294
1901,-2.6678879706137004
1902,-2.206020770926106
1903,-2.2464750058108454
1904,-2.4362352987820737
1905,-2.4679016118980717
1906,-2.317986523888402
1907,-2.0950049031067217
1908,-2.8470171043319055
1909,-2.1189816589815447
1910,-2.024794655232998
1911,-2.6285849793281963
1912,-2.384788239451052
1913,-1.7651110654592692
1914,0.04894298002924871
1915,-1.8550737478607267
1916,-1.2858363815387535
1917,-2.667424463283465
1918,-2.681081724421455
1919,-2.145416902461006
1920,-1.6617160064520744
1921,-3.102164827332535
1922,-2.073296128116192
1923,-2.283611623746704
1924,-2.578732848469583
1925,-2.070752144068118
1926,-1.7238443673995991
1927,-1.9121141358045683
1928,-1.8553438483168314
1929,-2.657904618657254
1930,-2.120908434884142
1931,-2.640738287652611
1932,-1.872895050030395
1933,-2.3574315662084846
1934,-1.3354805545422408
1935,-2.3124426097905646
1936,-2.427416097976487
1937,-2.6662918547627763
1938,-2.5582851379964104
1939,-2.896774945235188
1940,-2.755814670377414
1941,-1.3942047962385982
1942,-1.8577893891616533
1943,-2.652422108570102
1944,-1.9607559670387769
1945,-1.8598023580326335
1946,-3.016277239192409
1947,-2.1140694424574167
1948,-2.2269959805032458
1949,-1.8285214763997302
1950,-1.8525818550317958
1951,-2.1108016465392403
1952,-2.4577472545285417
1953,-1.8797453020965968
1954,-2.087570154764138
1955,-1.9863061567032927
1956,-2.2942526137763815
1957,-2.4534244172629003
1958,-2.1660401767662667
1959,-2.674486902631812
1960,-2.8575817683793945
1961,-2.6525024349569155
1962,-2.471836412623843
1963,-2.2386309621551383
1964,-2.759806732717474
1965,-1.868216762708595
1966,-2.7069611176605664
1967,-2.341781553756434
1968,-2.6097048059908676
1969,-1.7462818160631377
1970,-3.055605881626472
1971,-2.6836127616843126
1972,-2.4966087806631165
1973,-2.391131755470586
1974,-3.0398825401647596
1975,-1.647445471198886
1976,-2.5530157446707498
1977,-1.554530944970755
1978,-1.847443521876768
1979,-1.840910859399311
1980,-2.319095513365465
1981,-1.9820545060284491
1982,-1.7703344947460096
1983,-2.513275045618029
1984,-2.2056644253627
1985,-2.14625114390046
1986,-2.2242031443486656
1987,-2.427777970299228
1988,-2.8205782952467855
1989,-2.402115639998067
1990,-2.3058596418400676
1991,-2.2031048538213476
1992,-1.4946077777745974
1993,-2.274040854313873
1994,-1.8079762780482982
1995,-2.2752362285321768
1996,-2.0249765976908343
1997,-2.0510603995194483
1998,-2.052971254887621
1999,-1.9262081094690693
2000,-2.580308009792017
2001,-2.7006122022798733
2002,-2.196185393292435
2003,-2.19962515470251
2004,-2.5903487692911376
2005,-2.6387864629682047
2006,-1.7723659669611485
2007,-2.323498845170823
2008,-2.811555233906458
2009,-2.498670006393532
2010,-2.1660361665587837
2011,-2.2043109680495427
2012,-2.4001260824396313
2013,-2.728287097182152
2014,-2.4373737930572994
2015,-2.037121627130021
2016,-2.589557609267973
2017,-2.878997051943745
2018,-2.9458531934488312
2019,-2.5226497909989782
2020,-2.137303644172601
2021,-2.6286142445776894
2022,-2.9298786255076346
2023,-2.7136510357000443
2024,-1.8703212581541337
2025,-2.6985265221647667
2026,-1.7704184419934144
2027,-1.6661667900677486
2028,-2.119088331763553
2029,-2.3946982644765833
2030,-1.9487843127614894
2031,-2.168454982386372
2032,-2.8446653989718578
2033,-1.7919414048346127
2034,-2.5088160944433286
2035,0.26593162124737335
2036,-2.556804153018025
2037,-2.1520674372582844
2038,-1.9330278960595237
2039,-2.5642508245291857
2040,-2.362913817029078
2041,-2.657372702807413
2042,-2.755424102445422
2043,-2.460967357482713
2044,-2.6235218519884898
2045,-1.9787134253436467
2046,-2.443200433477136
2047,-1.7500998701043333
2048,-1.8321739057122992
2049,-2.1219290779132036
2050,-1.630307955919035
2051,-2.7895588825377393
2052,-1.5829871864000105
2053,-1.6871349045064605
2054,-2.1460820230616973
2055,0.8683788724823842
2056,-2.6320764562068506
2057,-2.2303114387406135
2058,-2.2701866514062776
2059,-1.6920625734193377
2060,-2.8656940722457853
2061,-1.9667555801520076
2062,-2.948527180108033
2063,-2.239381338146094
2064,-2.6390153877537994
2065,-2.218619118701933
2066,-1.51268350428758
2067,-1.9540555506287305
2068,-1.710352429744658
2069,-1.8469739159876875
2070,-2.031016012089604
2071,-1.7154278003007442
2072,-1.6789469069998029
2073,-2.032474220108643
2074,-2.0137455136318745
2075,-1.7576153933820717
2076,-1.4333164606946187
2077,-1.8757612955484408
2078,-1.9010896489911575
2079,-2.151495605397095
2080,-2.4473796102418843
2081,-2.2120757259636696
2082,-2.1916187505756723
2083,-2.238112058398054
2084,-2.5344414178950023
2085,-1.4736672135839177
2086,-1.9217485012428093
2087,-1.8317419073792394
2088,-2.9394571144113404
2089,-1.5988121609864974
2090,-2.659868355926677
2091,-2.532536369009577
2092,-2.2783561063949054
2093,-2.691626299774895
2094,-2.872095754812448
2095,-1.6779717093167297
2096,-2.1089691497177934
2097,-2.274704803270638
2098,-2.44115914694329
2099,-2.612602812749336
2100,0.1700780445560247
2101,-1.9424065278264881
2102,-2.13166890726588
2103,-1.8451347363960047
2104,-1.6212672639422585
2105,-2.379750474853501
2106,-2.4597933038855366
2107,-2.0786089340254827
2108,-1.7347186072072158
2109,-1.630788725252517
2110,-2.2363638637508
2111,-1.648771417471814
2112,-1.6177279637576074
2113,-2.401718545467074
2114,-0.018413366849312725
2115,-1.7657341608888888
2116,-1.7534670214882702
2117,-2.841046197054574
2118,-2.317458046162836
2119,-1.1142785720596964
2120,-2.5730397241578737
2121,-1.6998102079560748
2122,-2.218846956286663
2123,-2.325348261967554
2124,-2.409759969181946
2125,-2.7320490633874503
2126,-2.139189283247766
2127,-2.720845865256398
2128,-1.896187083717679
2129,-2.0170410742925178
2130,-2.427893493950921
2131,-2.456612259553911
2132,-2.4407545257340146
2133,-2.150681228701719
2134,-2.464514265081077
2135,-2.802067151348516
2136,-2.404684986152443
2137,-1.7626877887013688
2138,-2.4648779379272105
2139,-2.5515745040724576
2140,-2.0746284895792817
2141,-2.0945893007323155
2142,-1.67443747513818
2143,-1.9558277448393626
2144,-1.6709691753253968
2145,-1.8001063835586115
2146,-2.7374275555509944
2147,-2.1234933919323242
2148,-2.9608791476207683
2149,-2.1584831551499817
2150,-2.2658213556684625
2151,-2.5254629987664594
2152,-2.3262843017384323
2153,-1.4450574175535287
2154,-1.8908233548780233
2155,-1.4360631500544025
2156,-2.7419956003525074
2157,-2.3418582760823665
2158,-0.24724570902420212
2159,-2.0995044908482505
2160,-2.1705223859777765
2161,-1.8756097735426869
2162,-2.453414042142897
2163,-2.1902985657013248
2164,-2.4633556084189627
2165,-2.560579404429058
2166,-2.242920850298817
2167,-2.3864178275533114
2168,-2.4040047588825235
2169,-1.6815758830226204
2170,-2.592510536013212
2171,-1.0105036890599606
2172,-2.282845669168313
2173,-2.722167614065001
2174,-1.993244981691437
2175,-1.4174379716976
2176,-2.1495017734971875
2177,-2.989405031320803
2178,-1.8287203978135367
2179,-2.586880135471032
2180,-1.740728745380516
2181,-2.275441079939151
2182,-2.5428545937546803
2183,-2.605754279617324
2184,-1.7949573609084792
2185,-2.003649479359764
2186,-2.2223593408498057
2187,-2.7093648965570254
2188,-2.7115134263682314
2189,-1.5362111207447466
2190,-2.6290465795588918
2191,-2.2414850065904792
2192,-2.0661074031886972
2193,-0.7316571649597553
2194,-2.1960642601677822
2195,-2.32294827656676
2196,-2.752648017570113
2197,-2.3611745465763323
2198,-2.1616413009105124
2199,-2.2540250522344483
2200,-2.7544836724081296
2201,-1.7753678234025498
2202,-2.6103963148107714
2203,-3.1163380077681344
2204,-2.309383743443295
2205,-2.331886950552614
2206,-2.7955247625194595
2207,-2.1169527150099836
2208,-1.9070685596993595
2209,-2.675046517501403
2210,-2.2216703760455156
2211,-2.2883752237937287
2212,-2.719554260036582
2213,-2.783967949092745
2214,-2.2369713489674585
2215,-1.6244219089349756
2216,-2.6735367497010603
2217,-2.9077089819902504
2218,-2.165773099978309
2219,-2.4894123968789015
2220,-2.45916836266782
2221,-2.045997441527996
2222,-1.6776468243335598
2223,-2.4135064490669222
2224,-2.447279809588393
2225,-2.1715310525122336
2226,-1.4908013914121776
2227,-2.3886290080193575
2228,-2.0295865115676475
2229,-2.350709384720361
2230,-2.438787154225682
2231,-2.462078204800238
2232,-2.1108533617832057
2233,-2.473012576078864
2234,-2.232553708305089
2235,-2.537989919176736
2236,-2.1800115547382553
2237,-2.117456539203101
2238,-1.9638125630614327
2239,-2.2575508619675997
2240,-2.505245361029578
2241,-2.595436534314617
2242,-1.7928141393947519
2243,-1.9414998004485315
2244,-2.311515222312435
2245,-3.0101770308677436
2246,-2.096606154649646
2247,-2.823874709592157
2248,0.6471368689027656
2249,-2.1935300575109693
2250,-2.567746142197212
2251,-1.8946822400237804
2252,-1.7806956926290198
2253,-2.1552249800644256
2254,-2.7279480247557295
2255,-1.1056863759278066
2256,-2.1867096135222037
2257,-2.0852412099004947
2258,-1.3225782437684708
2259,-2.415241119065954
2260,-1.976848917173864
2261,-2.37469247116833
2262,-1.7350151162125884
2263,-2.462964682370822
2264,-2.4222526047982984
2265,-1.6167877603789604
2266,-2.359875668875281
2267,-1.4294893460031786
2268,-2.837478725854955
2269,-2.334132368108096
2270,-2.5054653527660053
2271,-2.6322065642826735
2272,-2.861999872072234
2273,-2.292019159994029
2274,-2.1062613570809234
2275,-1.9837895792411937
2276,-1.9019681358864324
2277,-1.4755378770835417
2278,-1.8949038298530967
2279,-2.924200745054407
2280,-1.618244289794476
2281,-1.995214672392667
2282,-2.2577044219433406
2283,0.847698538380516
2284,-2.2893034233074774
2285,-2.0833751728800287
2286,-1.9831517486455696
2287,-2.4802208477789383
2288,-2.0989331601941066
2289,-1.838468662381547
2290,-2.2298841848319984
2291,-2.8497531583642988
2292,-2.3070618642098926
2293,-2.3943142033006555
2294,-2.3505130182873852
2295,-2.366809904515461
2296,-2.893085775267301
2297,-2.5592579391020895
2298,-2.545447930898263
2299,-1.3376411667891017
2300,-2.7161487754346134
2301,-1.6875373636276803
2302,-2.1077656196497134
2303,-2.491346020986602
2304,-2.6874512448174332
2305,-1.2852556781621693
2306,-1.939825600613345
2307,-2.6678836888720148
2308,-2.753851141984063
2309,-2.1745922141517418
2310,-2.156678988889044
2311,-2.9157480997711147
2312,-2.1757920902723007
2313,-2.8959132679048856
2314,-2.518194999048705
2315,-2.263412891491914
2316,-1.8283664650171167
2317,-2.7476477102764942
2318,-2.049582377919911
2319,-1.9322852947506854
2320,-1.8405857783777884
2321,-2.155275001759395
2322,-2.602547718756274
2323,-2.6971046617063434
2324,-2.0725669060157967
2325,-1.854607006283153
2326,-2.4732379899343897
2327,-2.2512157446449077
2328,-1.8070350946234888
2329,-1.8956092197685181
2330,-2.380831598657858
2331,-2.7536815147284015
2332,-2.8459846969046807
2333,-2.5317101581141643
2334,-1.9683468031260472
2335,-2.366318090523983
2336,-2.069368931749227
2337,-2.0670773842335
2338,-2.20421940573806
2339,-2.349624697840291
2340,-2.3826254520299193
2341,-1.8872476001275265
2342,-2.2327734048220225
2343,-1.6805110326589296
2344,-2.2727728668631753
2345,-2.9032300941214753
2346,-1.7036907893336752
2347,-2.6873546091054754
2348,-2.6033672237207797
2349,-3.1128403273044527
2350,-2.3619973004552675
2351,-1.414722927501434
2352,-2.3979571604954573
2353,-2.357171388476103
2354,-2.244157391674131
2355,-2.7265188143391184
2356,-1.7187776672810982
2357,-2.4952527955027386
2358,-2.3587344753689257
2359,-2.65749540971814
2360,-2.5328746870640364
2361,-2.7661515382489554
2362,-2.602247305962677
2363,-1.6669316779212164
2364,-2.3419646017489386
2365,-2.1203899475529173
2366,-2.2493411465555844
2367,-1.7789266146843632
2368,-2.35948274550121
2369,-1.8040979500265872
2370,-2.0737146952487966
2371,-1.8403909868137556
2372,-2.4981318888159287
2373,-2.4763354156889275
2374,-1.8008180632200608
2375,-2.2452084440761046
2376,-1.7514978787787852
2377,-1.9835042462689416
2378,-1.6678616369887105
2379,0.015321268904030518
2380,-2.102931186032584
2381,-2.8964496765369896
2382,-2.120968753720037
2383,-2.4036046939064346
2384,-2.771350527469433
2385,-1.7667688513950004
2386,-2.0914267594748344
2387,-1.9003138506730886
2388,-1.9753484371310193
2389,-2.633412991342698
2390,-2.556432116201666
2391,-1.9700301996587026
2392,-1.919548177411137
2393,-2.24371269977053
2394,-1.910465427227022
2395,-2.0708929458526195
2396,-2.6930480703188864
2397,-2.4147696490508483
2398,-1.496522476011456
2399,-2.048883778691108
2400,-2.850357251398717
2401,-1.7630268740683046
2402,-1.9744209485122404
2403,-1.9182575657136332
2404,-2.077415118272097
2405,-2.4411435616526074
2406,-1.775937083509292
2407,-2.141177238426009
2408,-1.4041162592165886
2409,-1.9490497614650633
2410,-2.2835666216401354
2411,-2.610207215274959
2412,-3.1788480704862345
2413,-1.8514670726801647
2414,-2.183353142675701
2415,-1.4371246311632468
2416,-1.5387824123997456
2417,-2.4841289989388637
2418,-2.3727644781249313
2419,-2.478298010139193
2420,-1.8321851264639477
2421,-3.047801221466623
2422,-1.8698303761604327
2423,-2.0062859879228
2424,-2.843599128261031
2425,-2.3869327224874746
2426,-2.4559852834054925
2427,-2.259310454475048
2428,-2.1323471785251673
2429,-1.9533193138886047
2430,-1.8695070508869416
2431,-2.065098363333239
2432,-2.4038639797882535
2433,-1.7943350715573971
2434,-2.316747123453827
2435,-2.0885231485950757
2436,-2.2398244922909534
2437,-2.1695479100702566
2438,-1.471807285282005
2439,-2.4715749012746264
2440,-2.4608793093878867
2441,-2.1120241935557025
2442,-2.077329918869445
2443,-2.595308484399444
2444,-2.5286004060600074
2445,-2.226389218681897
2446,-1.8159944180504064
2447,-1.9579026440238247
2448,-2.423167772734656
2449,-3.0592365540044395
2450,-2.42921954994308
2451,-2.1269177158340673
2452,-0.18343512513730487
2453,-2.041456770494861
2454,-2.4893567782714494
2455,-2.493375714806083
2456,-1.6646091661936402
2457,-1.6523996182574598
2458,-2.6310139657436227
2459,-2.540598034098543
2460,-2.4085299198055665
2461,-2.475890995890645
2462,-1.6963986626904697
2463,-2.61481266117343
2464,-1.7046048234741293
2465,-2.0582360560908506
2466,-2.064860512961165
2467,-1.8743367158386985
2468,-2.5961604567728727
2469,-0.2966086182256886
2470,-2.501106602828429
2471,-2.703019592226928
2472,-2.5324243976722633
2473,-1.0403818361572843
2474,-1.9647331394935292
2475,-3.0393760264922562
2476,-2.509206415965724
2477,-2.3394407499298424
2478,-2.4000000672558848
2479,-1.9828149802040038
2480,-2.254587062737272
2481,-2.46923432831316
2482,-1.7374898565288004
2483,-2.4344120408216265
2484,-2.307202229299107
2485,-2.045835027087895
2486,-2.08367850563871
2487,-1.9382247660777416
2488,-1.81738660000306
2489,-0.8946596477052333
2490,-1.7542548197230767
2491,-2.6071642062583322
2492,-2.9390250986403252
2493,-2.4531004663307936
2494,-2.464103949144373
2495,-1.4093303575359168
2496,-2.183390206850477
2497,-2.056952818554471
2498,-2.5167287100206455
2499,-2.6713649050683843
2500,-2.653924109884625
2501,-2.2945641209792056
2502,-2.579973781414034
2503,-2.389820192029601
2504,-2.22483813376671
2505,-2.8220068860658154
2506,-1.7458193836045368
2507,-2.6254341402128967
2508,-1.5849040230219777
2509,-2.1354421493144136
2510,-1.3551255990713547
2511,-1.6897816955745553
2512,-2.1363309060273274
2513,-1.8992607191380182
2514,0.4084822812016371
2515,-2.289135375173761
2516,-2.538867777798648
2517,-2.3503108652426743
2518,-2.6740584342563967
2519,-1.7592839903831645
2520,-1.8206337767647847
2521,-2.8053752299725367
2522,-1.9702174881229648
2523,-2.1010838773071403
2524,-2.355456039361866
2525,-1.595702116142483
2526,-2.60529543881066
2527,-2.5573026843099673
2528,-2.4475536632548613
2529,-2.3090635057819178
2530,-2.3816980361560187
2531,-2.0714136843521436
2532,-1.6335443660149211
2533,-0.024926482390967578
2534,-1.8456265523080713
2535,-2.6578589888434125
2536,-2.470767770850587
2537,-2.0134078140827056
2538,-3.0218565487975098
2539,-2.454151206069126
2540,-2.2035068008002416
2541,-1.9016478574311086
2542,-1.4988314065689592
2543,0.8190299822895324
2544,-1.8202641709578713
2545,-1.8431265072206457
2546,-2.7329428473780277
2547,-2.468783224430696
2548,-2.412044517541455
2549,-1.9975494093968356
2550,-1.9945294078198184
2551,-2.781859869687929
2552,-1.6974337446946426
2553,-2.7512303686874104
2554,-1.892326682950284
2555,-2.4259263127879107
2556,-2.2544791737974417
2557,-2.5209872898627435
2558,-1.9596144141991214
2559,-2.4731675698119573
2560,-2.7700763698221063
2561,-1.886654780933833
2562,-1.6682801600135622
2563,-2.8304783569453504
2564,-2.194492095175394
2565,-1.9624481329035908
2566,-2.8152620648933593
2567,-2.435690645572111
2568,-1.8817808486980545
2569,-2.644633977067371
2570,-2.3267602993626086
2571,-2.1688467950052592
2572,-1.5434983118419678
2573,-2.455855508277543
2574,-1.8767226276637992
2575,-2.690249903958957
2576,-2.365195558823367
2577,-1.8803882072637221
2578,-1.8042642332671517
2579,-2.3859689089245215
2580,-1.456441608622518
2581,0.12535569067939326
2582,-2.1982734204027223
2583,-2.3914767789239195
2584,-1.5416250666799605
2585,-2.4070845696855185
2586,-2.3969900982382453
2587,-2.765732440857495
2588,-1.8553509532592636
2589,-1.5163535861291402
2590,-1.6167934404986506
2591,-2.5036944589559216
2592,-2.6274582424642765
2593,-1.647212017778512
2594,-1.7445173216474308
2595,-2.246609038292902
2596,-2.5153937937799506
2597,-2.029553983697611
2598,-2.6259529602022247
2599,-2.823352521219917
2600,-2.557505284536114
2601,-2.426682180672
2602,-2.533423629911112
2603,-1.830355830731982
2604,-2.651460902718314
2605,-2.1286080836440253
2606,-2.3797794006226414
2607,-2.712460122441913
2608,-2.9021645855256253
2609,-1.5587989429392828
2610,-1.6146513164438585
2611,-2.0777371622260885
2612,-2.5547280246962716
2613,-2.071019759661061
2614,-2.1709413585590625
2615,0.492862298436492
2616,-2.054684708108235
2617,-2.531352982665382
2618,-2.6119485213785785
2619,-0.44356812965733955
2620,-1.994812381178703
2621,-2.3474622771893308
2622,-2.63564280643626
2623,-1.66830049877709
2624,-2.6763432902560713
2625,-2.841356632498791
2626,-2.4050751654914997
2627,-2.495659540576734
2628,-2.17632792059855
2629,-2.3745600743197723
2630,-2.3387958982373616
2631,0.07042300810371233
2632,-2.7054728204003866
2633,-2.3034214253186684
2634,-2.2333555386590627
2635,-2.157186400233532
2636,-2.140270285178841
2637,-2.685925162555569
2638,-2.433877310281504
2639,-2.445109542803599
2640,-2.4496235249741414
2641,-2.0320024668808987
2642,-2.348263889708331
2643,-2.7442421886748294
2644,-2.3044033962423573
2645,-2.435273774599404
2646,-2.256707239191523
2647,-1.439785928691772
2648,-2.0601830492906976
2649,-1.9142741765255105
2650,-1.9197271777954357
2651,-2.369475764463242
2652,-1.8567641445815608
2653,-2.7617664385266143
2654,-1.917087421742973
2655,-2.0330883917776377
2656,-1.7176188246249058
2657,-2.7160275469550994
2658,-2.2078034011246412
2659,-3.0486993991837172
2660,-2.4445316597622075
2661,-2.4267724052236535
2662,-2.757082986291646
2663,-2.4498211226340945
2664,-1.9222052560526581
2665,-2.4293249810668573
2666,-2.7944657345698487
2667,-2.6513658175142623
2668,-2.3538103877417926
2669,-2.7801929790570163
2670,-1.567037335982823
2671,-2.4031626811616267
2672,-2.4745678923719105
2673,-2.4645347470998935
2674,-2.0537764449589284
2675,-1.9481958116544582
2676,-2.2840280296502082
2677,-2.1835216424582446
2678,0.731192834557411
2679,-2.4872035354218185
2680,-2.3940196537638823
2681,-2.0819782505659723
2682,-2.00876773727179
2683,-2.5338802080603604
2684,-1.5119261998225801
2685,-2.2795059589926354
2686,-1.5082330971272173
2687,-2.2286811491494203
2688,-2.547967430557309
2689,-1.8512336036931414
2690,-2.5498300666275715
2691,-2.5115185441884944
2692,-1.657533454741079
2693,-2.2439314224182216
2694,-2.171922030843449
2695,-2.0768153140909136
2696,-1.9543627110766577
2697,-2.645573190497284
2698,-2.405189883292637
2699,-2.263860348224622
2700,-2.401143408217711
2701,-2.384071479780671
2702,-1.8252270979527403
2703,-2.46710550258532
2704,0.08020868795855451
2705,-2.4363624689704935
2706,-2.611077170405895
2707,-2.2483002932928926
2708,-2.474027152102507
2709,-1.8254496348524325
2710,-2.0502705517960247
2711,-2.774514778127106
2712,-2.3500061646241694
2713,-2.837319910973029
2714,-2.6039827737644954
2715,-2.359888773420489
2716,-1.9237306224301378
2717,-1.8565271876868943
2718,-2.006762788880465
2719,-1.8854845524876345
2720,-2.410984513815507
2721,-1.5594671466071066
2722,-2.6593743010175777
2723,-2.5645224347414137
2724,-2.7574468875311666
2725,-1.7519304908053293
2726,-1.7940122371020863
2727,-1.689103119543999
2728,-2.3782159588958938
2729,-1.948702069652977
2730,-2.540900833439127
2731,-2.947618333561682
2732,-1.8478286585290484
2733,-0.7905388279213481
2734,-3.2085920936225727
2735,-2.04070370189251
2736,-2.345891958320099
2737,-2.038351465050476
2738,-1.8157722738061
2739,-1.7305191484149587
2740,-1.2653290465727152
2741,-1.6454184473036153
2742,-1.1723913919662956
2743,-2.690130423348462
2744,-2.0097991984542896
2745,-2.165790777297988
2746,-2.599797883437852
2747,-2.6589381145732385
2748,-1.9294927685574776
2749,-2.269258795508698
2750,-2.57418688700545
2751,-1.481453879404039
2752,-2.5542764330374492
2753,-2.288905419871962
2754,-2.552553057201101
2755,-2.642635335515144
2756,-2.5384681902278112
2757,-2.969865277251861
2758,-2.4880418755461937
2759,-2.3657137030021165
2760,-2.374972915506766
2761,-2.0018559380179015
2762,-2.9562440341623537
2763,-2.30851082283532
2764,-2.378885633085127
2765,-1.8488402173374285
2766,-2.482524344103508
2767,-3.017428031741191
2768,-2.364591366789054
2769,-2.922497265065141
2770,-2.634294921246472
2771,-2.7458064682994268
2772,-1.717896535180721
2773,-2.1342900539264664
2774,-2.481298959699395
2775,-2.579224929317052
2776,-2.7478764999225036
2777,-2.1577386430246914
2778,-2.0972890648979257
2779,-2.6776469690754667
2780,-1.9771545541070312
2781,-2.743302487947029
2782,-2.9227644633213834
2783,-2.293987438495111
2784,-2.199288858684462
2785,-2.672225737836059
2786,-2.0404066957880875
2787,-2.1890357586510714
2788,-2.2704946755755446
2789,-2.147901373845036
2790,-1.9718924626335081
2791,-2.1100352960250617
2792,-1.9791530308630654
2793,-2.561224128715941
2794,-2.8898389292702524
2795,-2.9636059952727356
2796,-1.7207717298766396
2797,-2.167033378658693
2798,-2.9143812112809053
2799,-1.9927588602191417
2800,-2.111310613184009
2801,-2.1444065838720268
2802,-2.708732789026406
2803,-2.849002646867935
2804,-2.9031832736168357
2805,-2.5502190805155456
2806,-2.231024324939119
2807,-2.1849854915445563
2808,-1.9322693926918864
2809,-2.3838433953856555
2810,-2.4188330045434188
2811,-2.39976493628497
2812,-2.2051104566708033
2813,-2.275490118690102
2814,-2.308553529478928
2815,-1.55462009476958
2816,-2.6769308612388687
2817,-2.1824178328160473
2818,-2.0801676878394573
2819,-2.1407938756657106
2820,-2.2727143417895
2821,-1.9228122544209336
2822,-2.055364695804154
2823,-2.1628510230465423
2824,-2.363496196416419
2825,-2.693317991381469
2826,-2.4783741807576747
2827,-2.644216578559694
2828,-1.4349206530285632
2829,-1.885981567687314
2830,-1.9332837407178247
2831,-2.4366083460387467
2832,-3.000558179867656
2833,-2.7881435419997516
2834,-2.6598302902971707
2835,-2.1903983486072236
2836,-2.460756903101231
2837,-2.4770014938866844
2838,-2.0712973245723987
2839,-2.7702138490170305
2840,-2.758399822677079
2841,-1.6972073277015154
2842,-2.5162990775926217
2843,-1.6820244580179649
2844,-2.0091882495176487
2845,-2.2913103330730515
2846,-1.8154485519213923
2847,-2.032642320429953
2848,-2.7735168282612643
2849,-1.9521368857923775
2850,-2.5539710384429726
2851,-2.5321390749025374
2852,-2.4374077830404306
2853,-1.7155993970662975
2854,-2.577490611087694
2855,-1.7494765094179292
2856,-2.534044230663324
2857,-2.5820328761542495
2858,-2.762630446981679
2859,-2.621969141270742
2860,-2.5535184473613683
2861,-2.538310107750302
2862,-2.879086654302352
2863,-1.989099101280263
2864,-2.163062613655955
2865,-1.7691055180170066
2866,-1.8172405219119534
2867,0.25330572960582215
2868,-2.395057816844153
2869,-2.2103894599348957
2870,-2.1182960121497714
2871,-1.5647538837225419
2872,-2.561796811707226
2873,-2.826919967403422
2874,-2.189303101856829
2875,-2.4256829134473064
2876,-1.6660918904358835
2877,-2.1019814158335532
2878,-1.7537201813326355
2879,-1.7803129280940615
2880,-2.7088827673800253
2881,-2.7928394813194584
2882,-2.146235215880313
2883,-2.018306363574112
2884,-1.7626999843342759
2885,-2.256194012736367
2886,-2.086392112784804
2887,-2.506634440575759
2888,-2.1021543224747092
2889,-2.3767460284316133
2890,-2.6398352888366716
2891,-2.419726407968235
2892,-2.406104080025194
2893,-2.80522449732533
2894,-2.8272316055373268
2895,-2.3049718724218216
2896,-2.2831901985192067
2897,-0.963632163605639
2898,-2.215934982651727
2899,-2.512012952875337
2900,-1.5533315091641697
2901,-1.9530434006427024
2902,-2.260030981274756
2903,-2.159100466368511
2904,-2.7857452367977094
2905,-2.019779963397785
2906,-1.9369892700518023
2907,-2.497620778713748
2908,-2.558263396764063
2909,-1.8912169599379989
2910,-2.4995082422227424
2911,-2.6465557945687195
2912,0.27256025091751385
2913,-2.655778854582397
2914,-1.536827536253368
2915,-1.8276378565723175
2916,-2.5798387714844293
2917,-2.572120059050052
2918,-2.529042242499748
2919,-2.270327025386028
2920,-2.209237547353359
2921,-2.480448650305205
2922,-1.4771862341499953
2923,-2.4523320840263088
2924,-2.2801659777104217
2925,-2.066119755201224
2926,-2.4969432685761626
2927,-1.5154082532889441
2928,-2.1457848795609236
2929,-2.2691577432779417
2930,-2.6177749586740755
2931,-2.525853356359307
2932,-2.1772793148051437
2933,-2.6026577245567037
2934,-2.1593964588380636
2935,-3.0558167103411296
2936,-2.2507851151756477
2937,-2.4503788760165723
2938,-2.1944662469988034
2939,-2.4836249715288825
2940,-1.5512526505488455
2941,-2.8108611820831513
2942,-2.3013215907121856
2943,-2.357892222724782
2944,-2.041174636184712
2945,-2.6231674173021218
2946,-2.6009453870566106
2947,-2.834691127786149
2948,-2.094697810957645
2949,-2.2464280425854657
2950,-2.543503180258236
2951,-2.1720830027400777
2952,-2.2000913508531044
2953,-2.251433476257723
2954,-2.383024936574628
2955,-2.351192213608454
2956,-1.9053659629543473
2957,-2.3944001428386152
2958,-2.3359088353158994
2959,-1.7136780098938087
2960,-2.030639370538376
2961,-1.8086867920996552
2962,-2.200196579987072
2963,-2.827292035733598
2964,-2.4284049574267232
2965,-2.189533050520272
2966,-2.348640458066532
2967,-1.7716616159274508
2968,-2.620179178861107
2969,-1.9198138957750746
2970,-2.390583600661821
2971,-2.3345387094615484
2972,-3.0322826750135174
2973,-1.9987923206128713
2974,-1.7705683443822826
2975,-2.3101378273106428
2976,-1.8689091458772809
2977,-1.6006401181954675
2978,-1.865293408568541
2979,-1.9649000154624914
2980,-1.7200563727617963
2981,-2.1150162312595784
2982,-2.040290340757611
2983,-2.554001961263214
2984,-1.9350990620762547
2985,-2.5029566486176633
2986,-2.077939736204033
2987,-2.2507826408154434
2988,-2.43839008629452
2989,-2.8063078377025894
2990,-1.9716240601399357
2991,-2.466539967905371
2992,-2.1692099721615024
2993,-2.431410732291149
2994,-2.148648849498198
2995,-2.7256503171153112
2996,-2.0604476476495033
2997,-2.979745235557429
2998,-2.1605209833521553
2999,-2.1507392525669338
3000,-2.4787898192621207
3001,-2.7883152048269673
3002,-2.885607463064705
3003,-2.390221415420021
3004,-2.089543268495955
3005,-2.5166871982257804
3006,-2.21948150015543
3007,-2.093762708121124
3008,-2.703599941758587
3009,-1.9989427007586926
3010,-2.6355267571574466
3011,-1.7402244458245775
3012,-2.5571872310540353
3013,-1.917784098201052
3014,-2.3584945369258046
3015,-2.5318921073803473
3016,-1.7822661511857767
3017,-2.3954344517717066
3018,-2.3196006076906817
3019,-1.7786132281415108
3020,-3.0074623530192763
3021,-1.552209941386112
3022,-2.0460990333807105
3023,-2.3719275684273744
3024,-2.477648841517786
3025,-2.285226230779318
3026,-2.3736709391754487
3027,-1.6971681428153156
3028,-2.3018440172293904
3029,-0.14419952738813738
3030,-2.591461218705919
3031,-2.696140907401384
3032,-1.5953917067582046
3033,-1.5847066166346506
3034,-2.608651633429091
3035,-2.541151952973885
3036,-1.8805089434616131
3037,-1.611902986286158
3038,-2.8131282218923994
3039,-2.4240696116830542
3040,-1.9742665434219482
3041,-3.022134642722122
3042,-2.1882551321942905
3043,-2.414419925433915
3044,-1.867811259459897
3045,-2.9656907530466996
3046,-2.1470426238979843
3047,-2.3450107893071372
3048,-2.56336463036613
3049,-2.8232882478047814
3050,-2.1216472961197534
3051,-2.5075624191786883
3052,-1.6806831340735362
3053,-2.1643958550390576
3054,-2.5782045133002125
3055,-2.611254792074153
3056,-2.003615341001477
3057,-1.6622306266261677
3058,-2.610758154352405
3059,-2.5469069593639717
3060,-1.8150599506944076
3061,-2.67792885585941
3062,-2.2222301418222767
3063,-2.1786858300164877
3064,-2.578499954115237
3065,-2.625300667188815
3066,-2.199283310984275
3067,-2.4852209417794007
3068,-2.24147335299848
3069,-1.9330924210534928
3070,-1.5954901294571353
3071,-2.080651611257462
3072,-1.8197221685147964
3073,0.17490129681109493
3074,-0.02084229558720608
3075,-1.6372905990600548
3076,-2.0416900980514376
3077,-2.7335074777591273
3078,-2.113076787551584
3079,-2.038012665096052
3080,-2.0907818339180957
3081,-2.3419855975991126
3082,-2.084230148002622
3083,-2.2277838370300205
3084,-2.1315668009334963
3085,-1.7945755299869715
3086,-2.765932551687585
3087,-3.175436467260742
3088,-2.416308611471422
3089,-1.6170675985585705
3090,-1.8602687873783639
3091,-2.857657978170321
3092,-1.6916123739746547
3093,-2.271307130280593
3094,-2.0111338293031134
3095,-0.3390055422662688
3096,-1.9227360369382547
3097,-1.8691632853328692
3098,-2.4649107007576365
3099,-2.153490316336271
3100,-1.9842965027494424
3101,-1.8212734357582046
3102,-1.519141613139574
3103,-2.413209841463058
3104,-2.367528222035266
3105,-2.16863983444096
3106,-2.4460468195940366
3107,-2.65899229315034
3108,-2.5366893546691203
3109,-2.2096055980871365
3110,-1.8703966559485454
3111,-2.4304298624334653
3112,-2.188678235949284
3113,-2.2163479136194937
3114,-2.7996056218085883
3115,-2.6151835026816874
3116,-1.8515125796015868
3117,-2.3844945853148096
3118,-1.7823797060951132
3119,-2.5339793145115395
3120,-2.0073738379987
3121,-1.794293067179335
3122,-2.1502530621040603
3123,-2.70708542445598
3124,-2.330061759417887
3125,-2.369338160402181
3126,-2.056072451819228
3127,-2.4504352512318506
3128,-1.8871463260084191
3129,-2.37425967412288
3130,-2.082118075452864
3131,-2.7026692676868675
3132,-2.6141957749018956
3133,-2.7667109435773614
3134,-2.610254789455569
3135,-1.5336731883580483
3136,-1.5981784490803037
3137,-2.786783365126354
3138,-2.3445833289773925
3139,-2.320715074074307
3140,-2.1254955462234557
3141,-2.628487800025481
3142,-1.884329412207216
3143,-1.809866424030137
3144,-1.9785257158220584
3145,-2.9574213861971965
3146,-2.5042289013326497
3147,-2.465502768433704
3148,-2.673532100601084
3149,-1.1957875129127449
3150,-2.083582897071412
3151,-2.1224511006011184
3152,-2.3282403670759635
3153,-1.486174669814951
3154,-2.034574808241827
3155,-2.730485741399872
3156,-2.652605758415652
3157,-2.473833546861081
3158,-2.156890529040755
3159,-2.956897565148479
3160,-2.541585434435841
3161,-2.226268165705204
3162,-1.966873321890092
3163,-2.612411413456821
3164,-2.3786261838464386
3165,-0.3462579713480902
3166,-1.8802488131435047
3167,-2.5328334955915044
3168,-0.9101115309010518
3169,-2.5495311453745835
3170,-1.6203838163540054
3171,-2.3030603563285457
3172,-2.3600661534036425
3173,-1.625241350041804
3174,-2.578640195610066
3175,-2.2358726679617376
3176,-2.0205864440084405
3177,-1.7766036136170824
3178,-1.5767877391131158
3179,-1.984728471711259
3180,-2.310138078525776
3181,-1.890321081732045
3182,-1.62361331437407
3183,-2.382007518135218
3184,-1.9402348600876624
3185,-2.242563504428376
3186,-2.3808883122498377
3187,-2.5959342732343966
3188,-1.943425527385198
3189,-2.9221710114487953
3190,-2.6904851948630126
3191,-1.9084305218045121
3192,-2.3535998471763184
3193,-3.089648901848357
3194,-2.7012744059620997
3195,-2.4262777358827825
3196,-2.1909456329501458
3197,-1.947999978220206
3198,-1.9484048982998614
3199,-2.9559156875842567
3200,-2.8017675251219147
3201,-3.001905756843465
3202,-2.804474919885641
3203,-2.3600825578400904
3204,-2.043617703740667
3205,-2.085840098154791
3206,-2.7864992880083723
3207,-2.529504564659606
3208,-2.548030489858013
3209,-1.8807531278244305
3210,-2.084522971315203
3211,-2.165260474963001
3212,-2.2401093401104233
3213,-1.751406582484825
3214,-1.9183592334739992
3215,-2.2920344855396335
3216,-1.9817644104674368
3217,-1.8184276516782647
3218,-2.6074173560027023
3219,-1.91314679249721
3220,-2.8532010633857277
3221,-2.2523638070856657
3222,-2.0723502391674504
3223,-1.8418597067175222
3224,-2.1080916084507564
3225,-2.126143358646571
3226,-2.1978450942597676
3227,-2.071052532584765
3228,-1.929338932356562
3229,-2.284548401663701
3230,-2.1342642909941625
3231,-2.026072858340084
3232,-2.1047766934068393
3233,-1.5396460565510772
3234,-1.849481579502391
3235,-2.355032019065157
3236,-2.712239634854881
3237,-2.47644434825082
3238,-2.2935782218364134
3239,-1.83426880339279
3240,-2.0828244666411946
3241,-2.825162097629283
3242,-2.6799174154931302
3243,-2.638064736826127
3244,-1.8511295304706514
3245,-2.261533572716369
3246,-1.7773506590360022
3247,-2.043925745535431
3248,-2.4662635875758507
3249,-2.4713542910847663
3250,-2.3655401463660333
3251,-2.047740948628922
3252,-0.9692950382248726
3253,-2.36894136231468
3254,-2.678084769196991
3255,-2.127208756056992
3256,-2.3957011409547557
3257,-2.520097617047234
3258,-2.4529756689543523
3259,-2.5705697850893308
3260,-1.6006265187647652
3261,-1.8510625108430534
3262,-2.5188333360087354
3263,-2.3215029762304646
3264,-2.085837080063497
3265,-1.7770618988617293
3266,-2.039166899486149
3267,-2.535510020246044
3268,-2.3671301504903086
3269,-2.024238502209647
3270,-2.410253435783515
3271,-1.698369989983148
3272,-2.639752165742808
3273,-1.9044663206786685
3274,-2.2307830998991838
3275,-2.9270700687200604
3276,-1.6521568112042706
3277,-2.4065142909183996
3278,-1.7357610792439493
3279,-2.172353547665722
3280,-2.73490696931681
3281,-2.9026239343653777
3282,-2.547004396787384
3283,-1.780864762456581
3284,-1.861284642017753
3285,-2.2583143425322283
3286,-2.671538989842977
3287,-2.7977769462815916
3288,-1.7307955746926302
3289,-2.3336298182721276
3290,-2.4915521295473564
3291,-1.9594953784716016
3292,-2.3166920971740175
3293,-2.0068481725020315
3294,-2.2836695250810934
3295,-2.384563916619132
3296,-2.5334364165510936
3297,-1.8369278465450862
3298,-2.0644768057854948
3299,-2.6687486322634504
3300,-1.6806478194842294
3301,-2.7469096766860295
3302,-2.419606139965861
3303,-1.8194966831942243
3304,-2.667007574417239
3305,-2.528314313990983
3306,-2.090573411079012
3307,-1.815632614123287
3308,-2.612810419985153
3309,-2.0142187791259962
3310,-2.7873841032581494
3311,-1.921605348556829
3312,-2.138277919648613
3313,-1.97319693997943
3314,-1.9664477472297246
3315,-2.8180472149780402
3316,-2.4631120931090136
3317,-2.4264461349716884
3318,-1.9171917133831027
3319,-2.613971376577118
3320,-2.625646217852117
3321,-1.3236075421937412
3322,-1.3930550703199667
3323,-2.718975901767747
3324,-1.9543495270395892
3325,-1.7860914569047293
3326,-2.0675292229653754
3327,-2.572382592120334
3328,-2.131248723038567
3329,-2.5153394214694935
3330,-2.5754890346608645
3331,-1.6495439283343736
3332,-2.6270462804777783
3333,-2.573856411606866
3334,-2.431361154282271
3335,-2.307568816086063
3336,-2.2244006960758096
3337,-2.5187702710958626
3338,-2.3955097373958942
3339,-1.9828023807302255
3340,-1.6715682894930954
3341,-2.3112314813249313
3342,-2.3287684034088505
3343,-2.242675701588278
3344,-2.7025768442533002
3345,-2.7697837706735267
3346,-1.662741024509217
3347,-2.7108365085436406
3348,-2.418156900598218
3349,-2.3647183512788215
3350,-2.3776900280463495
3351,-1.9718368399594337
3352,-1.6800781918213337
3353,-2.766010380372985
3354,-2.659779326698758
3355,0.595615885243222
3356,-2.262444967247069
3357,-2.3199194386822466
3358,-1.886990546062613
3359,-2.9272770151722924
3360,-2.201044400973301
3361,-2.1589070826806354
3362,-2.3126367256664033
3363,-2.2149739709221095
3364,-2.639667436192969
3365,-2.089211250614958
3366,-2.387173064173689
3367,-2.8322640436411692
3368,-1.8959507302923666
3369,-2.2395868280423428
3370,-2.455996100418342
3371,-2.4738665653490983
3372,-2.52940044614532
3373,-1.6858588457631134
3374,-2.412207931523769
3375,-2.7738441016921556
3376,-2.618521506720064
3377,-2.484687106784086
3378,-2.4362625974499585
3379,-1.394528764398046
3380,-2.3681584418594905
3381,-2.3614566695010812
3382,-2.6778440480229677
3383,-2.0028151199064874
3384,-2.8616596910487733
3385,-1.6967475776392607
3386,-2.1374283410330768
3387,-3.058827887275946
3388,-2.09423738515342
3389,-2.4527902949184917
3390,-2.3174298499708113
3391,-2.890008749218465
3392,-2.1535182603710172
3393,-1.8980588505068992
3394,-2.046590061970387
3395,-1.5771808378959082
3396,-2.57892369183582
3397,-2.4402397183040487
3398,-2.810603643807277
3399,-2.42888568960416
3400,-1.8859398086245733
3401,-1.7703955871769863
3402,-2.650662115798734
3403,-2.938830078774927
3404,-1.455033402033134
3405,-2.0396039674872535
3406,-1.8419617882396373
3407,-2.206212042418785
3408,-1.86612429136098
3409,-1.857638588535381
3410,-2.846386127414472
3411,-2.127552529954035
3412,-1.903811286172415
3413,-1.6624703710921513
3414,-2.1655147717284926
3415,-1.885144429356782
3416,-1.8160188143250469
3417,-2.355030639962528
3418,-2.7099001967441514
3419,-2.7654349618080905
3420,-2.6103967800759085
3421,-2.0778773752905852
3422,-2.4065125593111394
3423,-2.8212820409721475
3424,-2.332777155633103
3425,-2.446865754014344
3426,-2.5132706926982262
3427,-2.796458193771349
3428,-2.5187828154588683
3429,-2.442084238223564
3430,-2.371639859886789
3431,-2.117798329861895
3432,-2.4559407893305325
3433,-2.606110905027432
3434,-2.47159295284655
3435,-1.7463908751652175
3436,-2.498654138642297
3437,-2.4378433980369842
3438,-2.0576630354796643
3439,-2.478759220246944
3440,-2.0022231235602677
3441,-2.6462157683961083
3442,-1.5744876441661777
3443,-1.9868159247551174
3444,-2.523192638970111
3445,-2.1590031796803166
3446,-2.478365677653865
3447,-2.513360363771211
3448,-2.1941621803707028
3449,-2.1956095715918345
3450,-2.422366184735721
3451,-2.4707131035808376
3452,-2.413348209300805
3453,-2.3514530950829458
3454,-1.955444394016479
3455,-2.058081328891234
3456,-3.11475165686535
3457,-2.6086693062775552
3458,-2.539863287891586
3459,-2.5436680334324557
3460,-2.460228870197079
3461,-2.317129609477997
3462,-1.6954496371953602
3463,-1.8225432538735407
3464,-2.616393669900471
3465,-2.6828800081606206
3466,-2.161018652532157
3467,-2.044268956508626
3468,-2.2447991459112
3469,-2.662198925083802
3470,-2.171754723981211
3471,0.2793536234109155
3472,-1.4804158482018903
3473,-2.0513088393138363
3474,-1.535759396943744
3475,-2.0959804794866486
3476,-2.541430428750989
3477,-2.2984416190036074
3478,-1.8032852354628017
3479,-2.556255839762101
3480,-2.7283516367040757
3481,-2.2821637772576624
3482,-1.8506328812141275
3483,-2.3588065335199553
3484,-0.5914991840229503
3485,-1.8437131648009382
3486,-2.6216332955810135
3487,-1.6629588825573516
3488,-1.7370792378629119
3489,-2.525441758462468
3490,-2.8102355601710682
3491,-2.4080673896776084
3492,-2.145688530652579
3493,-2.3141420259305643
3494,-2.703806098926385
3495,-2.1821459951448645
3496,-1.3652995945987734
3497,-1.850469918420185
3498,-1.7773198551387481
3499,-2.491178194747927
3500,-2.6888880782004665
3501,-2.690993204110179
3502,-1.4877275401544725
3503,-2.305430473463531
3504,-1.511713173294645
3505,-1.350332565179321
3506,-2.851238503028247
3507,-2.372612618801667
3508,-2.322900442981813
3509,-0.6447200217470518
3510,-2.4875797383431304
3511,-2.3907896714156114
3512,-2.7307557691342152
3513,-2.1724580178404853
3514,-2.4114575144910524
3515,-2.59195130592349
3516,-2.5524680562549937
3517,-1.923622819316245
3518,-1.367538852131295
3519,-2.14786423728374
3520,-2.722307905302851
3521,-2.7163814723597475
3522,-2.02878101489455
3523,-2.3720917138556175
3524,-1.9422010226995723
3525,-2.527867102569693
3526,-1.7848457491718994
3527,-2.189687130372407
3528,-1.953174972603652
3529,-1.8002510886358123
3530,-1.2727165768698891
3531,-2.3973096819553787
3532,-2.17591872526833
3533,-1.6499361810831255
3534,-2.721244917200174
3535,-2.460013613307603
3536,-1.9933132617554066
3537,-2.540613259216725
3538,-2.356804764184843
3539,-1.705111066282665
3540,-1.0429570802238481
3541,-2.8267631948623544
3542,-2.512052200778295
3543,-2.1309971315790355
3544,-2.2587207034921826
3545,-2.2705241594762384
3546,-2.717733245440793
3547,-1.9414629678362205
3548,-1.515854750214228
3549,-2.51951453287447
3550,-2.512170244560569
3551,-2.472861891334822
3552,-1.910642478335256
3553,-1.8792333579138214
3554,-2.4210936469357316
3555,-2.5446483726281284
3556,-2.4588260606209333
3557,-2.286331189931147
3558,-1.8604542854759927
3559,-2.318368620449538
3560,-2.589951476887125
3561,-2.1683686528076773
3562,-1.2339631774110436
3563,-1.641670775594134
3564,-1.7815963478233448
3565,-1.9556100220603112
3566,-2.4261352316862275
3567,-1.8896451239358532
3568,-2.507481281616384
3569,-2.7154130599649013
3570,-2.617116924694214
3571,-2.3200495775765875
3572,-2.534300384912534
3573,-1.6477219290554639
3574,-2.465285470337275
3575,-2.1433649425581227
3576,-2.7331766630269922
3577,-1.8581901172008481
3578,-2.5926332677596755
3579,-1.929227224856048
3580,-0.3710137222732597
3581,-2.6796865921868678
3582,-2.6334812999257675
3583,-2.1913048766869117
3584,-2.087392373419736
3585,-2.505739218571371
3586,-2.0258670839960233
3587,-2.636558442282399
3588,-2.1354353952752843
3589,-2.2178595050993444
3590,-2.278478115036243
3591,-2.540779376261268
3592,-1.7213079115432823
3593,-2.0378306100523
3594,-2.2293783842965413
3595,-2.244559616655446
3596,-2.502899957548628
3597,-2.833363989317571
3598,-2.1319504657091235
3599,-2.3170919132470873
3600,-3.238103067284221
3601,-1.6283376522657513
3602,-2.7286450213675035
3603,-2.0242953181184724
3604,-2.2016813308685936
3605,-2.3633867350843745
3606,-2.9813387636509563
3607,-1.787761268649752
3608,-1.999505987316544
3609,-1.8002134762036848
3610,-1.7958643895164543
3611,-2.675721828567134
3612,-2.569911396211885
3613,-2.4531021744749664
3614,-2.051515914890519
3615,-2.339007607680863
3616,-2.4471499396340195
3617,-2.6898321941817303
3618,-2.256162230244795
3619,-2.215051818832121
3620,-2.078263849968762
3621,-1.7935345219960794
3622,-2.3178225356894657
3623,-2.2382234372562766
3624,-2.47866920606692
3625,-1.8808249382229014
3626,-2.3751756490502522
3627,-2.2845649496731424
3628,-2.6844845862026725
3629,-2.0605904298336744
3630,-2.7441664036670232
3631,-2.5163955196839884
3632,0.756687459077818
3633,-2.03190516408143
3634,-2.5209170975812087
3635,-2.8105078709203815
3636,-2.3233386752325016
3637,-1.8345863387329664
3638,-2.2728083037925773
3639,-2.6754643164946645
3640,-3.151461888795979
3641,-1.7162813886314012
3642,-2.142917204598945
3643,-2.865437259022995
3644,-2.2635967163240927
3645,-2.573449974808633
3646,-2.3185472298569083
3647,-2.4152280511534707
3648,-2.0933216728967423
3649,-2.5953755660062106
3650,-2.3362961598550163
3651,-2.165468164846615
3652,-2.36954870425812
3653,-2.7685444752117756
3654,-2.5235089454938873
3655,-2.819351552958201
3656,-2.130794138651469
3657,-2.3852416945676547
3658,-1.9039736384471189
3659,-2.6167442273488106
3660,-3.0390252970889824
3661,-2.0864259492354056
3662,-2.1726206675548223
3663,-1.686014813544398
3664,-2.5726249561758436
3665,-2.0050269580353044
3666,-2.350645456416713
3667,-1.7450304210966054
3668,-1.8271732666690221
3669,-1.3881899232503012
3670,-2.286904026250436
3671,-1.9015468305268788
3672,-1.6210145222211922
3673,-2.9107690283398373
3674,-2.1618871123552115
3675,-0.00964720702527993
3676,-2.011622499468707
3677,-2.7930606531812825
3678,-2.1694065026813303
3679,-1.7028674911962949
3680,-1.7235882565316136
3681,-1.676882971249283
3682,-2.043722241887678
3683,-2.314507711920969
3684,-2.6647372231491353
3685,-2.2407846399668445
3686,-1.9569176432642936
3687,-2.8519641412976213
3688,-2.273876233919788
3689,-2.6383499730208886
3690,-2.4294137512065497
3691,-2.3238591463066713
3692,-1.8961845716671446
3693,-1.8629906640408465
3694,-1.9878040458717097
3695,-0.10561773105233085
3696,-2.3543841963964582
3697,-2.559358796031686
3698,-2.4866124868134993
3699,-1.9044687663658235
3700,-2.5500306808238697
3701,-1.083698368549039
3702,-1.818976399474873
3703,-2.5797340842253393
3704,-3.0509225358273606
3705,-1.7120296004394315
3706,-1.8912201665082091
3707,-2.6509595111287343
3708,-2.2314662466389756
3709,-2.2009593758883494
3710,-2.003838975871524
3711,-2.1240648569859117
3712,-2.2944695607668923
3713,-2.441161381342926
3714,-2.2695496909175965
3715,-3.26317515623779
3716,-1.9776114291505515
3717,-2.834500734801694
3718,-2.219717444416391
3719,-1.3841488346411466
3720,-1.8456119870252583
3721,-2.712260777672218
3722,-2.6152261211850045
3723,-2.087979562801597
3724,-2.817799135551406
3725,-1.6418069991465154
3726,-1.785453679509813
3727,-2.091558292290487
3728,-2.085062646297978
3729,-2.3706287489980578
3730,-2.8583214488478794
3731,-2.153719112408683
3732,-2.6900617653339913
3733,-1.1510098219575682
3734,-2.0708139999948165
3735,-2.0568753607643404
3736,-1.7834892657242059
3737,-2.697223171047033
3738,-2.3498734781492736
3739,-2.1661974046125168
3740,-2.567532848058173
3741,-1.3620052178729436
3742,-1.9661535426555856
3743,0.1908160479315029
3744,-1.6991919271849232
3745,-2.119338451682642
3746,-2.5972851922051663
3747,-2.2084809061661104
3748,-2.258918694695864
3749,-2.8018192910106676
3750,-2.645660353751697
3751,-2.6241986555832515
3752,-2.7583194418025077
3753,-2.8750362396097504
3754,-2.122953766330541
3755,-1.6442406420003974
3756,-1.780333428978389
3757,-1.8101189997532319
3758,-2.496176566309407
3759,-2.500356551323445
3760,-2.0199941498974203
3761,-2.677582116890089
3762,-2.5115750168123143
3763,-2.182476743584861
3764,-2.1254137917127442
3765,-2.6349073246724393
3766,-2.104108217665567
3767,-2.24228174809755
3768,-1.4882256043625788
3769,-2.3990475507021665
3770,-2.499719294359014
3771,-2.3766293831444294
3772,-1.643398131001756
3773,-2.3297486630459963
3774,-2.5394124650953906
3775,-2.3374199378957785
3776,-1.8789232483847318
3777,-2.375207043749357
3778,-2.8687187346969134
3779,-3.041860115147915
3780,-2.1895863006601677
3781,-2.712593430842698
3782,-2.035229549817941
3783,-2.305757617286452
3784,-1.4782323154596935
3785,-2.5875902155958093
3786,-2.3013412437642167
3787,-1.7685505549687577
3788,-2.3407934304237155
3789,-1.739467893151598
3790,-2.5328417444039273
3791,-1.704801750372948
3792,-2.0150814651939237
3793,-1.8805870211471967
3794,-1.6132531413191717
3795,-1.7416126872881517
3796,-2.065768776499595
3797,-1.9634895058900759
3798,-1.5728947549061667
3799,-1.7859621951597482
3800,-1.683526008041012
3801,-2.254587608380211
3802,-1.6224815612677925
3803,-2.259293653271197
3804,-2.3593557848222417
3805,-2.321232655551736
3806,-2.4945701474571287
3807,-2.1207026877588233
3808,-1.9197224242540263
3809,-2.6248660349755646
3810,-1.9855914435289568
3811,-2.7173403198877675
3812,-1.9166816973008323
3813,-1.5457493927358157
3814,-2.4483040737877833
3815,-2.1350308915402123
3816,-2.0279465015730733
3817,-2.4622682277650645
3818,-2.42517230926545
3819,-2.405624025753726
3820,-1.911461563817034
3821,-1.8517865185752918
3822,-1.6347890561940666
3823,-1.767124039302223
3824,-2.3212884270674907
3825,-2.874700352777566
3826,-2.3458191609441066
3827,-2.7255364320412436
3828,-1.6119614275822902
3829,-2.5175796350199335
3830,-1.8375037281778626
3831,-3.260453257659686
3832,-2.434182599163934
3833,-1.9163686615203164
3834,-2.5367568030843457
3835,-2.46897685978524
3836,-2.4009575662156863
3837,-2.246079326994556
3838,-2.7351017314134682
3839,-2.390613634096748
3840,-2.4654881638064743
3841,-2.7194020425256036
3842,-2.2601084374922857
3843,-1.8343960261705732
3844,-2.3005466040097216
3845,-2.406615535630238
3846,-2.004202712517358
3847,-1.9504421562271785
3848,-2.2190857938733064
3849,-1.9595720515452548
3850,-2.610666058078223
3851,-2.7224494168429887
3852,-2.105860756201455
3853,-2.083073123938322
3854,-2.0786972691066614
3855,-2.124983554256162
3856,-1.7948271743800022
3857,-2.7708412998010665
3858,-2.7168259790097826
3859,-2.7474697647022674
3860,-1.7252600396629991
3861,-1.7929730790023963
3862,-2.079325766498877
3863,0.7003644969647745
3864,-1.4657879953156143
3865,-2.0208747788117356
3866,-2.510598188456835
3867,-2.5003957698205412
3868,-1.4594118290210905
3869,-2.8734457228487895
3870,-1.5682127146218683
3871,-1.6468348173305485
3872,-1.6274695748483319
3873,-2.4118697172032184
3874,-2.9382656582148723
3875,-1.694341297100299
3876,-2.365368406906057
3877,-2.105210352953663
3878,-2.0917247692933487
3879,-2.429666463584868
3880,-2.0587903826964156
3881,-2.0708491828396
3882,-1.7183609949288996
3883,-1.9381682610944877
3884,-2.32192441972485
3885,-2.7651809566161885
3886,-2.399239287829398
3887,-1.8993903501370797
3888,-1.860677558215901
3889,-2.407145481948268
3890,-1.9427334109078724
3891,-2.3262610625744333
3892,-2.6769336207972443
3893,-1.4705937297401666
3894,-2.628190073557344
3895,-2.2596505298629004
3896,-2.6594653339919474
3897,0.09024402157658826
3898,-2.392859657814095
3899,-2.6338681961720734
3900,-2.1425954844552195
3901,-1.6092610249712156
3902,-2.291949579827476
3903,-2.3595516024788044
3904,-2.625686181592142
3905,-2.273933269672144
3906,-1.8433291263092393
3907,-2.3776630755618795
3908,-1.4674177240885544
3909,-2.1799632463811123
3910,-1.7246457507655197
3911,-2.19637551230958
3912,-2.811232901868851
3913,-2.6869083818367403
3914,-2.632704231034964
3915,-2.4966694324451013
3916,-2.548722454725407
3917,-1.8066180427691927
3918,-2.6525940454188004
3919,-2.014781148144589
3920,-1.8364410883933688
3921,-2.814582164991403
3922,-2.888489041314014
3923,-2.1347785732288083
3924,-2.184114421786155
3925,-2.638631412741522
3926,-2.3814354281922596
3927,-2.6865780480776964
3928,-1.6743587129612687
3929,-2.485661623147871
3930,-2.403931128394567
3931,-1.6923230636658857
3932,-2.032863426931222
3933,-2.206076618501961
3934,-2.5361516398002593
3935,-2.989395934719688
3936,-1.485038137252967
3937,-2.521257358395345
3938,-2.480802135657363
3939,-1.8379602330105895
3940,-2.4296681702955567
3941,-2.418190766537239
3942,-2.463112594714764
3943,-1.877346012247372
3944,-2.3047846570271306
3945,-2.136568211470267
3946,-2.3112879943932745
3947,-2.6211426820316226
3948,-1.7122721755871173
3949,-2.300206445348204
3950,-2.1414109125218626
3951,-2.1215582916057043
3952,-1.459696764684821
3953,-1.9842192085120884
3954,-2.147025350225257
3955,-2.3754126021996824
3956,-1.4503547137885602
3957,-2.549324222851868
3958,-2.645763519711425
3959,-2.469477360225866
3960,-2.1948750904219425
3961,-2.8761247993429566
3962,-2.7841867632197057
3963,-2.3144965493899967
3964,-2.207804110784093
3965,-2.3660233576402265
3966,-2.5950854745089487
3967,-2.198816540337088
3968,-2.2677130619265395
3969,-2.3713224792955203
3970,-2.0781943996517587
3971,-2.0524763555696923
3972,-2.1176787824419514
3973,-2.439426421304578
3974,-2.0762716852331073
3975,-2.657472823656983
3976,-2.429694748481991
3977,-2.478872869728163
3978,-2.9584719802759523
3979,-2.1680282650056597
3980,-2.247929384054122
3981,-2.7440038997291527
3982,-2.4722362542598426
3983,-1.8470812420548661
3984,-2.2706279104599925
3985,-2.871374899507934
3986,-1.9345283053022988
3987,-1.681583333994314
3988,-2.35026420529343
3989,-2.3337973390586453
3990,-2.3955762253649264
3991,-2.0427004527242376
3992,-2.4921714166009337
3993,-2.2598489224965217
3994,-1.5765353788208847
3995,-2.645525969067286
3996,-2.3533194460649947
3997,-1.89192862312019
3998,-1.898325395770916
3999,-2.3119760290094127
4000,-2.0046056566868797
4001,-2.382284517732626
4002,-2.4300655118959256
4003,-2.009858424772921
4004,-1.8175496693276965
4005,-1.8740999688308175
4006,-2.3339250045017335
4007,-2.4455596358734275
4008,-2.5094085329444056
4009,-1.6011573203542266
4010,-2.405875140437512
4011,-1.8678688357425626
4012,-2.7293629962632386
4013,-1.7445863966717092
4014,-1.8331141231002297
4015,-2.1152009880694993
4016,-2.383256207970195
4017,-2.5708035693837985
4018,-1.9135956737504285
4019,-2.15934492108458
4020,-2.2639666116240766
4021,-1.356109586904214
4022,-2.2899204550007
4023,-1.7038195420824742
4024,-1.9417857690004647
4025,-1.4649456314976805
4026,-2.3517883502768013
4027,-0.03470214983494528
4028,-2.6695755911583703
4029,-2.3639759592981338
4030,-2.883006523318251
4031,-1.9910413683816608
4032,-2.067899390951303
4033,-2.1330989891534013
4034,-2.313686747564341
4035,-2.6367131788435123
4036,-2.1299047074008226
4037,-2.164391225039459
4038,-1.8661101814205503
4039,-1.7744556331245076
4040,-2.357974998987896
4041,0.1424976264273611
4042,-2.386183924499951
4043,-2.4816610848320773
4044,-2.378777377188928
4045,-2.6649921328327397
4046,-2.8201358900352864
4047,-1.9229142439435845
4048,-2.25260290103498
4049,-1.8167612361350574
4050,-2.3439339199518296
4051,-2.6143347980622007
4052,-2.1039944827111747
4053,-2.2373433042813757
4054,-1.9327652648765954
4055,-2.5533415773820436
4056,-2.1424044361910286
4057,-2.7037687448432424
4058,-2.5192878957824636
4059,-2.660848840629938
4060,-1.4492947343222558
4061,-1.7325034802400041
4062,-2.4950779582485088
4063,-2.625420545065618
4064,-2.638849852635067
4065,-2.294433206209841
4066,-2.5919139191782756
4067,-2.700400066092535
4068,-2.397805177293075
4069,-2.513030686372564
4070,-2.622527535924507
4071,-2.8662606544648663
4072,-2.270499385331406
4073,-2.2146612282777935
4074,-2.0379764274347343
4075,-2.0751105608489513
4076,-2.40128171204694
4077,-2.9744345211000423
4078,-1.9952307978881125
4079,-2.351890342507978
4080,-1.6942674661996104
4081,-2.9522648306705546
4082,-1.9226518286355567
4083,-2.3439165879729473
4084,-2.7007997457529087
4085,-2.57510667799013
4086,-1.5798334860073104
4087,-2.5092625597247395
4088,-1.7852621341775639
4089,-2.1549592832132825
4090,-1.6872550628476513
4091,-1.2969915446443923
4092,-2.058001452155063
4093,-2.422667224367883
4094,-1.4100247181770087
4095,-1.7901378654665985
4096,-2.454294142388796
4097,-2.082123686130758
4098,-2.2125443987939826
4099,-2.5484070117552085
4100,-2.5764965410825056
4101,-2.125308158310928
4102,-2.3175293121953677
4103,-1.5584038121847448
4104,-2.4525153334671974
4105,-2.42412970685281
4106,-2.3805880597092965
4107,-2.2308681723239117
4108,-2.2401871756595724
4109,-1.8405618698349
4110,-1.6542393264184656
4111,-2.5310659184686775
4112,-2.184630875738964
4113,-2.071537564658925
4114,-1.727583196022522
4115,-2.4912088416699234
4116,-2.649909194479068
4117,-2.5351311154634764
4118,-2.7487067287783216
4119,-2.5623366866854864
4120,-2.33271604850936
4121,-2.453570479628717
4122,-2.177910394540503
4123,-1.82853975947284
4124,-2.1161565548132493
4125,-1.7645513350411737
4126,-2.474399269035119
4127,-2.356644604758078
4128,-2.3472905564674096
4129,-2.2546520446101876
4130,-2.4316267347592038
4131,-2.658352438472281
4132,-2.0194083108383256
4133,-2.198395366314413
4134,-2.6156494627561484
4135,-2.3742335939165
4136,-2.424724841844495
4137,-1.8270865196811517
4138,-2.7595518888182737
4139,-2.4522034142852633
4140,-2.580641377513853
4141,-1.984819968362677
4142,-2.212388568320121
4143,-2.5310956131018276
4144,-2.3421252670338943
4145,-2.398082058877528
4146,-2.5593333215369367
4147,-0.8700860927764059
4148,-2.8850185025448285
4149,-2.4892944934550654
4150,-2.170079915279462
4151,-2.625729187797206
4152,-2.0725780685184003
4153,-2.0324151395204715
4154,-2.568060194465359
4155,-2.8701006762870436
4156,-2.194149171515441
4157,-2.4192633832226322
4158,-1.9670554107706528
4159,-2.106808977986658
4160,-2.3799833614271457
4161,-1.736263861988109
4162,-2.731629818240605
4163,-2.866784115298446
4164,-1.9838512903911314
4165,-2.7657534644807535
4166,-1.8738756292927712
4167,-2.6727176523841427
4168,-2.6061073588952692
4169,-2.6086756915634552
4170,-2.7559186234520556
4171,-2.010632515741284
4172,-2.527069975597669
4173,-2.127777679187629
4174,-1.7465371229183344
4175,-1.4390483252750876
4176,-1.7765027333326235
4177,-2.7415238264793684
4178,-2.7070029570721195
4179,-2.6141871448905283
4180,-1.7783009606309788
4181,-2.68735753724969
4182,-2.3453632411352485
4183,-1.4289648461026152
4184,-2.073925208257326
4185,-1.9102203672379832
4186,-2.4410731549991422
4187,-2.5345214809179875
4188,-2.6405131629000445
4189,-2.148471627762519
4190,-1.8255756623005004
4191,-2.297064530432757
4192,-2.142487763499
4193,-2.048080893159172
4194,-2.3557858468040256
4195,-2.4763490453749615
4196,-2.6201128562218923
4197,-2.032744891067967
4198,-2.195103384752022
4199,-2.527366404693553
4200,-2.3384075597967824
4201,-1.947984854084798
4202,-2.135865482142561
4203,-2.839059742681805
4204,-2.1087743265427594
4205,-2.670778804493617
4206,-1.7598502011247605
4207,-1.9274836763579788
4208,-2.6222595393788977
4209,-1.4497145643186242
4210,-2.159900053148087
4211,-2.2626368306207083
4212,-2.394169406934845
4213,-1.3329601322229687
4214,-1.8800511454742042
4215,-1.855706954116678
4216,-2.437869326643721
4217,-2.1727576886028483
4218,-1.129071291778007
4219,-2.781331161470755
4220,-1.8726861366654024
4221,-2.152463301088718
4222,-2.544581906744398
4223,-1.843552318086526
4224,-2.538617014220218
4225,-2.1285154669542172
4226,-2.2155316589275764
4227,-2.3623897425411435
4228,-1.8513888545712922
4229,-2.685913893322858
4230,-2.271510143962621
4231,-2.24239310592422
4232,-2.343652809378206
4233,-2.511902040986514
4234,-2.649300030096279
4235,-1.963045855390037
4236,-2.268070698231751
4237,-1.813869033798566
4238,-2.0481012709889206
4239,-1.8922012479453258
4240,-2.337408077000886
4241,-2.4355845140433225
4242,-2.086629689683277
4243,-1.7406069733285965
4244,-2.2913782374381646
4245,-2.8428957767087386
4246,-1.8966529482151113
4247,-1.635177338286423
4248,-1.8836192218358203
4249,-2.5389299610154485
4250,-2.3555835898210007
4251,-2.427733071297418
4252,-1.6145187586185688
4253,-1.550640710932219
4254,-2.619574314210576
4255,-2.090636805815655
4256,-1.9567307763173902
4257,-2.5487062894579173
4258,-2.240539651696627
4259,-0.3278039939144451
4260,-2.5602390192913274
4261,-2.5041723065334787
4262,-1.8176640588695496
4263,-2.25237621317951
4264,-2.5399973773357836
4265,-2.5670113294300902
4266,-1.9918273350698472
4267,-1.5512411174345926
4268,-1.5519634713979116
4269,-1.829346732341826
4270,-2.1717293651486282
4271,-2.380529940694571
4272,-1.9916840902566655
4273,-1.9250102989266458
4274,-2.760294346049493
4275,-2.0759423767123377
4276,-1.6352975426417216
4277,-2.0193968253813783
4278,-1.6147603067774552
4279,-1.979780786118657
4280,-2.9259670718712596
4281,-2.265214015096942
4282,-2.4476398685980554
4283,-3.120987319670215
4284,-2.231195227897147
4285,-2.42636214909787
4286,-2.8809006443778715
4287,-2.351475825429394
4288,-2.0219877915287836
4289,-2.522418755320743
4290,-2.6827529535564336
4291,-2.612792903041728
4292,-2.1769260109815356
4293,-2.2292070400078323
4294,-1.8820490083510943
4295,-2.461932715540624
4296,-2.0651577416313076
4297,-1.7924307955600047
4298,-2.381822616041633
4299,-2.675096723975493
4300,-2.1486477097985714
4301,-2.1253877625159387
4302,-2.4004825989777627
4303,-2.9137544580598878
4304,-2.413890310500902
4305,-2.5258126773137586
4306,-2.161644620322014
4307,-2.977369874097157
4308,-2.6370672173913223
4309,-1.6047696023252498
4310,-2.544932583274672
4311,-2.5937823797839807
4312,-1.8377716953080978
4313,-1.9779388456190923
4314,-1.5031407917287412
4315,-1.65212269238816
4316,-2.3971412812911983
4317,-2.149046267778716
4318,-2.074833461325529
4319,-2.436437010102561
4320,-0.7986400448603889
4321,-2.3027170461968907
4322,-1.726885384029693
4323,-2.500601485033159
4324,-2.277633758694064
4325,-2.4163702735652115
4326,-2.377861395075705
4327,-2.7028462371806516
4328,-1.9135883004754537
4329,-2.6378436521136153
4330,-2.3736890535271296
4331,-2.0581163701194214
4332,-2.1018909319717443
4333,-2.9783109095417806
4334,-2.5885845160465237
4335,-1.913146466750155
4336,-2.046615005060411
4337,-1.947686678375564
4338,-2.6259764373941934
4339,-2.4598572713515465
4340,-2.3443526475294845
4341,-1.3260397740688266
4342,-2.1277635486395803
4343,-2.7507264533095337
4344,-2.3148945988822587
4345,-2.3769939051636655
4346,-2.3785782591735836
4347,-0.20791764531968096
4348,-2.6948344655927543
4349,-1.952440013924023
4350,-2.3462115397945458
4351,-2.0474581657665225
4352,-2.1371546809973445
4353,-2.184025623585215
4354,-2.0728559673402835
4355,-1.5589916300023143
4356,-2.24318909668074
4357,-1.743512178352814
4358,-2.5882428303922995
4359,-1.5585357605752788
4360,-2.338733299340203
4361,-1.614018905703168
4362,-2.3688384566437337
4363,-1.7372341286499073
4364,-1.8276908763088373
4365,-2.2431149843386446
4366,-1.890325689581523
4367,-2.297094442762606
4368,-2.119650818941419
4369,-2.0619727528509992
4370,-2.4304116213019284
4371,-2.907819248778081
4372,-2.608845650625928
4373,-2.4807403806865413
4374,-2.2176713809732607
4375,-1.9564651910023383
4376,-1.6296486332333469
4377,-2.5151480196619436
4378,-2.265848265157743
4379,-2.6945915471930677
4380,-2.396893116965269
4381,-2.058095177458905
4382,-2.4559745195496543
4383,-1.8791675141767312
4384,-1.3336539783365469
4385,-2.3056888355294465
4386,-1.920099971619181
4387,-2.5557745141411314
4388,-2.7854062570460005
4389,-1.8040815011092373
4390,-1.875064772944961
4391,-0.6197259907452782
4392,-2.351683181648865
4393,-1.8440909401561505
4394,-2.214171507678742
4395,-2.0053165626171117
4396,-2.178676650723706
4397,-1.5580645558770765
4398,-2.4288676796072037
4399,-2.150167608561364
4400,-2.72543564227029
4401,-2.5991703133100175
4402,-2.6252995430221007
4403,-2.9135780888193223
4404,-1.8609594671558387
4405,-1.836690963295272
4406,-2.5528780736350503
4407,-1.7957522797249523
4408,-2.5104765994564278
4409,-2.224587701812356
4410,-2.359792251401382
4411,-2.4798860631781565
4412,-2.7187389905596997
4413,-1.5509283435600367
4414,-2.3608011745149016
4415,-2.570669976731977
4416,-1.7735338422976914
4417,-1.5384638122329444
4418,-1.8369266483974156
4419,-2.3464744925670016
4420,-2.4062122237707895
4421,-0.8189622305403526
4422,-1.935896136883468
4423,-1.4753321320645068
4424,-1.6018224923892659
4425,-2.072631875931511
4426,-2.5853992017885776
4427,-1.6413497430382145
4428,-2.800963476549606
4429,-2.793529728402155
4430,-2.5210316742907426
4431,-2.1274142256930095
4432,-2.0322033429028123
4433,-2.5524529294484197
4434,-2.2978893714619533
4435,-2.7600920880225654
4436,-2.2957488340580743
4437,-2.3153094430270618
4438,-2.55049592374957
4439,-2.30679224835197
4440,-2.2316797084641253
4441,-2.8126536521832497
4442,-1.7307336585261222
4443,-1.5608795697677262
4444,-1.3423603068373857
4445,-1.7083101440838517
4446,-2.364346257565793
4447,-2.4438744455295613
4448,-2.4172699600581375
4449,-1.9043450791435645
4450,-2.5869393765580813
4451,-2.583790318361636
4452,-2.052628279656889
4453,-2.50363141183262
4454,-2.0247075738880933
4455,-2.0533290334751824
4456,-2.0273869550341312
4457,-2.6409597168864063
4458,-1.7894303855685152
4459,-2.8612421639477836
4460,-2.761710859220912
4461,-2.558187525109592
4462,-1.8136876121571965
4463,-2.1285659465626448
4464,-2.2322947579090804
4465,-2.4111268186151817
4466,-2.1977629611223604
4467,-2.122859723796382
4468,-2.44328477068513
4469,-2.1916278342430195
4470,-2.0822773742391054
4471,-2.527674094422967
4472,-2.7506353197996964
4473,-2.667253749970274
4474,-1.6059554408297803
4475,-2.356106340797578
4476,-2.0924237341075598
4477,-1.6890915403313542
4478,-2.213055357325848
4479,-2.4456498583481867
4480,-2.2067511185171087
4481,-1.740988938504416
4482,-2.5119478537961344
4483,-1.5717961256379689
4484,-1.526954762842634
4485,-2.6049924565640468
4486,-2.3169014820381943
4487,-2.378579855965704
4488,-2.5962626018088804
4489,-2.150095819442999
4490,-1.7719041631897485
4491,-2.787850516247626
4492,-2.41805254599238
4493,-1.750372104068661
4494,-2.530156882342102
4495,-2.369622187574009
4496,-2.275244379867259
4497,-2.2720842002742554
4498,-2.540455874772737
4499,-2.7203874942669315
4500,-2.6195338182259977
4501,-2.478070966500765
4502,-2.498590088812157
4503,-1.7097676602622767
4504,-2.30892255549009
4505,-1.8994066898557413
4506,-1.886410822475329
4507,-2.561623136328475
4508,-1.9986174592426629
4509,-2.55392266686596
4510,-2.3769881173462393
4511,-2.04086750963033
4512,-2.122496200701839
4513,-2.320472707995567
4514,-2.4317570525631025
4515,-2.028105459637006
4516,-2.3950228833579374
4517,-1.686026237043276
4518,-2.2030097996380515
4519,-2.2086475262231335
4520,-2.5330187764456684
4521,-2.2573538006723153
4522,-2.5808975978152686
4523,-1.9071330516661067
4524,-1.5323627637009072
4525,-2.1813396836904504
4526,-2.5062458832157732
4527,-2.7904824026427044
4528,-2.0038953241853488
4529,-1.8693398460879822
4530,-2.043796001303473
4531,-2.1995423951533843
4532,-2.6117051533983315
4533,-1.724121384437223
4534,-1.4745281126564096
4535,-2.3605191971892063
4536,-2.109054747507106
4537,-1.6138773803976263
4538,-0.8449028548846998
4539,-2.668122208506862
4540,-2.257180879794019
4541,-2.7998506643765637
4542,-2.6936258492645404
4543,-1.5541016427596206
4544,-2.4089024507433576
4545,-2.8362620430696657
4546,-2.3181479312226125
4547,-3.024340185672962
4548,-2.3991620234286986
4549,-2.573282255966495
4550,-1.7310227872897257
4551,-2.690088182766769
4552,-2.055564468780841
4553,-1.9898182448946793
4554,-2.527756173999495
4555,-2.316029786264084
4556,-2.7989765367198873
4557,-2.58060802500569
4558,-2.810909594940601
4559,-2.186156907462321
4560,-1.5898314523183792
4561,-1.6553527269978108
4562,-0.36410367668670984
4563,-1.9622933258750235
4564,-2.68870291130892
4565,-2.98173826438475
4566,-1.8502693218890554
4567,-2.15348811291244
4568,-2.7046526018161794
4569,-2.3433674798506527
4570,-1.7201795246948783
4571,-2.3165526746759233
4572,-2.7171031149099307
4573,-1.8613987598745128
4574,-2.1655380490822
4575,-2.072503511368983
4576,-2.902922197526589
4577,-3.193358159337288
4578,-1.5861722691096896
4579,-1.6502903024022768
4580,-2.32579138494465
4581,-2.3606052729049285
4582,-2.7916130957679957
4583,-1.628661352433439
4584,-2.323028293274235
4585,-2.6032943169444227
4586,-2.0372161056669826
4587,-2.1597321817827617
4588,-2.901484243541491
4589,-2.478170038016914
4590,-2.6505684183469937
4591,-2.0882270833515446
4592,-3.0593379314509392
4593,-2.222675778609548
4594,-2.129528765774393
4595,-1.9081979069146158
4596,-2.6604114498890983
4597,-2.61598075808413
4598,-2.6407865798069183
4599,-1.4292956062812592
4600,-1.964109341194122
4601,-2.9666250341078677
4602,-2.8823150152076282
4603,-2.921731235537649
4604,0.39403839284000103
4605,-2.0255266069017646
4606,-1.988687044228313
4607,-2.5223761937301123
4608,-2.437610848730968
4609,-2.074058843615242
4610,-1.8589845818287822
4611,-1.8347965207975787
4612,-2.203646346143512
4613,-2.201871640045
4614,-2.4308303313489548
4615,-1.6938766835714854
4616,-2.456720379746278
4617,-1.8882132178603614
4618,-2.4219507747088405
4619,-2.386164309524992
4620,-2.7002842064026122
4621,-2.5376472801016106
4622,-2.654021793806849
4623,-1.757531807838455
4624,-2.442482004115893
4625,-2.924880207510588
4626,-2.8050488737959487
4627,-2.2353240708917235
4628,-2.7509983036703924
4629,-2.20220208329406
4630,-2.1321238812136305
4631,-2.0668246196297817
4632,-1.873717427460217
4633,-2.626883469142168
4634,-2.2132308850077043
4635,-2.024202651713212
4636,-2.11683864795941
4637,-1.5991048700031525
4638,-1.909107189248408
4639,-2.65154463203326
4640,-2.4566956470996133
4641,-2.2824528743054415
4642,-2.0746756500359127
4643,-2.915782257552808
4644,-2.244878239398978
4645,-1.4864845434052547
4646,-2.9061925736395393
4647,-2.536715655589705
4648,-2.19247387864664
4649,-2.7451875649140325
4650,-2.9810534382544063
4651,-2.6385423376809847
4652,-2.0897904177993336
4653,-2.469971479633874
4654,-1.9333019477216342
4655,-1.6664938398135154
4656,-2.5122050523938366
4657,-2.2345534724829896
4658,-2.2111925285365346
4659,-1.5746265084765196
4660,-2.3653679989326704
4661,-1.891213129535873
4662,-2.1861063675994585
4663,-2.5127798106528916
4664,-2.3728861585002665
4665,-2.7505475871571514
4666,-2.205047433300019
4667,-2.2262000132991178
4668,-2.2723152448547155
4669,-2.054061813730405
4670,-2.334568636836619
4671,-2.858456614369309
4672,-1.5719822273124069
4673,-2.330157417310035
4674,-2.780926769131966
4675,-2.679403294959077
4676,-2.5007410710529125
4677,-2.046806777720556
4678,-1.8563782531981825
4679,-2.101200079438104
4680,-2.824049332054342
4681,-1.688994570362029
4682,-2.3673585471144616
4683,-2.1971992450354954
4684,-2.684650313613987
4685,-2.510382903052366
4686,-2.476407949315861
4687,-2.8246111476629006
4688,-2.120951773980468
4689,-2.2334524673421865
4690,-2.1992955190258408
4691,-2.66853301319373
4692,-2.7155506926649915
4693,-2.5066140227277414
4694,-2.478261768414976
4695,-2.5715567455654544
4696,-2.2647628695853474
4697,-1.8638841154598262
4698,-1.8636730312621945
4699,-2.187860190307791
4700,-2.1780630012602082
4701,-1.59755250928492
4702,-2.6767042914792145
4703,-2.3460381860102837
4704,-2.745585273232672
4705,-2.433989721886032
4706,-2.707793623865848
4707,-2.621494230492395
4708,-2.330476626727741
4709,-2.32517396002591
4710,-0.16212071945755138
4711,-2.4214570039104353
4712,-2.4203085692762407
4713,-2.8255520899102535
4714,-1.647933809826851
4715,0.20591039691799798
4716,-2.208671818581137
4717,-1.691849677832604
4718,-1.9614851583167887
4719,-1.8740993012605411
4720,-1.9256647891725924
4721,-2.3318168265330415
4722,-1.9320294411146228
4723,-2.31791541741035
4724,-2.392328014865871
4725,-2.226672549746292
4726,-1.988103798459198
4727,-2.671252120756982
4728,-2.118981395083958
4729,-1.42668044723797
4730,-2.076847219046641
4731,-2.7581155401293085
4732,-2.2819869996141984
4733,-2.5041700643963423
4734,-2.000496119386629
4735,-1.988973107437555
4736,-2.5106857712344643
4737,-1.939657538361899
4738,-2.097314167421532
4739,-1.5025822714647232
4740,-2.2966020643062115
4741,-1.9280069526902408
4742,-2.016573721766129
4743,-3.063109648003583
4744,-1.5799584926739547
4745,-2.255982479255694
4746,-2.131710174992043
4747,-2.1852779973925003
4748,-2.2962478890404436
4749,-2.444053026104091
4750,-2.308749737837034
4751,-1.7347095706364293
4752,-2.695517329438351
4753,-2.173287047992914
4754,-1.996210441666046
4755,-2.1872797290925656
4756,-2.840593711851938
4757,-2.3803537761674702
4758,-2.1714407652898675
4759,-2.697041025886519
4760,-2.6579713266161797
4761,-2.6033357952544844
4762,-2.306688778124891
4763,-2.7337122782768337
4764,-2.6805371989263125
4765,-1.9813807884209405
4766,-2.461014897776064
4767,-2.0964989791212796
4768,-1.4533143042768981
4769,-2.3758421788840067
4770,-2.415385399049751
4771,-1.9855283262880212
4772,-2.645129229633544
4773,-2.7848751207767757
4774,-2.9599840967221316
4775,-2.4965036181965865
4776,-1.9097743579242132
4777,-2.2038536776542395
4778,-2.3748592969552127
4779,-2.2915249654445553
4780,-2.0608859590852897
4781,-1.72513746208507
4782,-3.0078914079087737
4783,-1.812433218143874
4784,0.49080011645595617
4785,-2.667062693478755
4786,-2.8902038061682136
4787,-1.948479055155728
4788,-2.629294349305309
4789,-2.121572195590557
4790,-2.4799096678859107
4791,-2.6083443810623423
4792,-2.797328743370526
4793,-1.554042823921041
4794,-2.5211618224082746
4795,-2.585082055163235
4796,-1.382256488537923
4797,-2.25704958055668
4798,-2.856170902640706
4799,-2.542487692690881
4800,-2.68743864236409
4801,-2.5336541286458565
4802,-2.1766162595847565
4803,-1.7786726331506268
4804,-1.7778614412387423
4805,-1.878870130994914
4806,-2.0382068112804554
4807,-2.713386304869834
4808,-2.4517170512770514
4809,-2.0829182384966045
4810,-2.7401073828538802
4811,-2.608097045389783
4812,-2.6008877976197855
4813,-2.4984335409963725
4814,-2.081103279660956
4815,-1.6414768587279063
4816,-2.2774807689181356
4817,-2.1097830386761385
4818,-2.2290597578575584
4819,-1.7687055449697797
4820,-1.999902851069011
4821,-2.5120588035078053
4822,-2.7537140968880682
4823,-2.579678805412881
4824,-2.9997469668066192
4825,-2.15273272660216
4826,-2.2993549901472803
4827,-2.189659702689283
4828,-2.2466872038884502
4829,-2.984936388224218
4830,-2.2219504469073206
4831,-2.074606468728974
4832,-1.9645996091333522
4833,-2.653218840484703
4834,-1.6446196816215997
4835,-2.556216184833132
4836,-2.696238034711816
4837,-2.1292673456517326
4838,-2.265332738742919
4839,-2.257431556192265
4840,-1.8242017858495425
4841,-2.910684553784012
4842,-1.5788606475162668
4843,-2.541511636180533
4844,-2.341228586107152
4845,-2.36845734635332
4846,-2.4622564073549227
4847,-2.279540727437096
4848,-2.0686469280931052
4849,-2.1292873300196056
4850,-2.0504037415457614
4851,-2.289761215812049
4852,-2.2072896195957155
4853,-1.9415042587196114
4854,-2.377048842419993
4855,-2.407106752184682
4856,-2.8018023117949493
4857,-2.1897958192713487
4858,-2.0774931008013993
4859,-1.9893600460476857
4860,-2.2156094399975554
4861,-2.6858662242637097
4862,-2.0990404025774674
4863,-2.2183334008295557
4864,-2.6339747339534867
4865,-2.0168560195986456
4866,-2.0061313900736186
4867,-2.6084574603911572
4868,-1.884465022936624
4869,-2.899672845346425
4870,-2.219129786783533
4871,-2.0392845408384632
4872,-2.7590203141388208
4873,-2.58271061249305
4874,-1.8770213347144138
4875,-2.7136764268321096
4876,-2.613512190232595
4877,-2.7792395038044972
4878,-2.3355907140978327
4879,-2.2844152218719893
4880,-2.106440391682577
4881,-1.8384741065854204
4882,-2.364070544052666
4883,-2.217327420270486
4884,-1.954345648308585
4885,-1.9137540327249996
4886,-2.5128717325411163
4887,-1.9932876750117836
4888,-2.6604119577285053
4889,-2.388408012560955
4890,-2.674911288444719
4891,-2.117806141884932
4892,-2.7193585172025823
4893,-2.5403846593826307
4894,-2.2456355141426805
4895,-1.696032178919961
4896,-2.0745512416169873
4897,-2.2528062707892067
4898,-2.344789283866571
4899,-1.4252352531073356
4900,-2.2082424275794623
4901,-2.102612159595895
4902,-2.096511905003856
4903,-2.5556004291419043
4904,-2.713486517360691
4905,-2.5329909371694557
4906,-2.7619345849664896
4907,-2.440697040947827
4908,-3.093256425554798
4909,-2.668454482715843
4910,-2.3202804151387797
4911,-2.4138184736329635
4912,-2.3673993013635015
4913,-1.9914941380389608
4914,-1.9180424184000635
4915,-2.39827302735308
4916,-2.3408864101958833
4917,-2.742966488856467
4918,-2.077535390184983
4919,-2.2479444153449424
4920,-2.077576251458374
4921,-1.8316480230085335
4922,-2.306606636486963
4923,-2.436866359735185
4924,-1.8708066544608979
4925,-2.538366768650983
4926,-2.6652422485674223
4927,-1.3526521324380516
4928,-1.8426912914406495
4929,-2.2449751034306225
4930,-2.178062873044441
4931,-2.4417782486695527
4932,-2.475467199345525
4933,-1.9468084328543738
4934,-2.1886430831802137
4935,-2.2230694099231325
4936,-2.464744777236152
4937,-1.858894592081719
4938,-3.002833254554217
4939,-2.2700116218142514
4940,-1.6338880439845864
4941,-2.305516036021304
4942,-1.9924402123618132
4943,-2.6318811047034743
4944,-1.7623896610800103
4945,-2.604013884176981
4946,-2.19979503721324
4947,-1.0315398802995361
4948,-2.642277421362484
4949,-1.795363249169275
4950,-2.741985978415921
4951,-1.8538616478272274
4952,-1.8709937763887008
4953,-1.901777955710103
4954,-2.6362196365977306
4955,-1.8320022289714153
4956,-2.3842668209847955
4957,-2.5880414715278857
4958,-1.5332266536248331
4959,-2.5413036402749514
4960,-2.0287582836022877
4961,-3.2029129111145607
4962,-2.5097197596199328
4963,-1.7350994502453554
4964,-2.046975435103928
4965,-2.896306902946838
4966,-2.468120756461233
4967,-2.8188885372279073
4968,-2.9998393111318364
4969,-2.145969111116949
4970,-2.3174784134588404
4971,-1.6381762550564996
4972,-2.1228356894634506
4973,-2.8511848723987514
4974,-2.0857545155792927
4975,-2.098314278479786
4976,-2.7757298614593413
4977,-1.9527417767798128
4978,-1.7523679324358967
4979,-2.198147616380482
4980,-1.7030598161790593
4981,-2.715080988929448
4982,-2.629314424323749
4983,-1.9039066962566118
4984,-2.0396502331764066
4985,-1.9040834320745295
4986,-1.7414668874664716
4987,-1.927233789024997
4988,-1.9995903216618645
4989,-2.593120538219466
4990,-1.6899287643169307
4991,-2.445956144673666
4992,-1.9488181903642643
4993,-1.8380523711146246
4994,-1.9225447994548828
4995,-2.655929948588584
4996,-2.0180647860779612
4997,-2.3664341634817023
4998,-2.0769165163643626
4999,-2.204039981966839
5000,-1.887283232656597
5001,-1.4492430878203697
5002,-2.05727607175733
5003,-2.3684767753566343
5004,-2.4361195323545597
5005,-2.5074545863599287
5006,-2.242842377643212
5007,-2.7414478770488535
5008,-2.3103331819170103
5009,-2.496495402946022
5010,-2.100310844399179
5011,-2.2468031018056402
5012,-2.6178890348803847
5013,-1.8842582207133116
5014,-2.742829170927061
5015,-2.103016529884465
5016,-1.8440961360340968
5017,-2.095195915633264
5018,-0.8553805973335026
5019,-2.5230073176472767
5020,-1.9668066878467831
5021,-2.1612577897773244
5022,-1.9437733261463632
5023,-1.6882847390029723
5024,0.051341338808600444
5025,-2.234262219400223
5026,-2.735631809569916
5027,-2.306822490371844
5028,-2.1306769284047395
5029,-1.9398820288218754
5030,-2.354290845286017
5031,-2.846564908062857
5032,-1.877261561081419
5033,-2.442450881474736
5034,-1.9385149148452416
5035,-1.7847655768856283
5036,-2.41999415565225
5037,-1.6664062917163476
5038,-2.662381748917697
5039,-2.1660549250746595
5040,-2.1910116366867833
5041,-1.9575434115549353
5042,-2.1746808732920537
5043,-2.0985288591371725
5044,-2.33706491876647
5045,-2.7744532445996932
5046,-1.8283595809011408
5047,-2.5039597879349613
5048,-2.7034593108960703
5049,-2.5163925581661943
5050,-1.8946773372172372
5051,-2.041004180124083
5052,-2.460144261415341
5053,-2.1349429364992543
5054,-2.0041716251872854
5055,-2.247268527618733
5056,-2.751743906742979
5057,-2.2043080300277724
5058,-1.5197641423612733
5059,-0.316131172235841
5060,-2.7306505538087182
5061,-1.835467972610193
5062,-1.9697770619306034
5063,-2.236558915802534
5064,-1.6520183439200706
5065,-2.178215093418277
5066,-2.199355341875759
5067,-2.0568160666798216
5068,-1.9403084828874617
5069,-2.1441494966449155
5070,-2.525164959525712
5071,-2.5323371466624316
5072,-2.4773260195120606
5073,-2.127752517659068
5074,-1.9530449890365724
5075,-2.2427076902132073
5076,-2.4112224591851787
5077,-1.5904538581233463
5078,-2.7661763590434987
5079,-2.516460791874696
5080,-2.8039345502730626
5081,-2.3633668504257166
5082,-2.695729022511126
5083,-2.35935345515898
5084,-2.246848015288757
5085,-1.6064523178700618
5086,-2.5200774470114538
5087,-1.5180480885752985
5088,-2.578188972790308
5089,-2.396699844297014
5090,-1.9172762640441312
5091,-2.1648182947508916
5092,-1.8231470034289707
5093,-2.566202303861574
5094,-2.7924112652980004
5095,-1.8765240090838105
5096,-2.2894554099843125
5097,-2.563245885334436
5098,-2.8625786150981445
5099,-2.7446062110988168
5100,-2.15845681905297
5101,-2.4937176758515416
5102,-1.4700033700780821
5103,-2.098891859727108
5104,-2.208745177576827
5105,-1.6989166762554193
5106,-2.2558815130589283
5107,-2.0433626755483774
5108,-0.218919143658231
5109,-2.805143810135986
5110,-1.3376700023857584
5111,-2.5635769332592937
5112,-1.750120439966101
5113,-1.467617330026727
5114,-2.384141513404854
5115,-2.9425423738448733
5116,-2.74713455187685
5117,-2.3975091522476863
5118,-1.8547461684625224
5119,-2.0635790248155432
5120,-2.9823515232576416
5121,-2.0537161296754745
5122,-2.972890242648038
5123,-2.4549941537744995
5124,-2.419648479514869
5125,-2.164459520227873
5126,-1.9410773349095551
5127,-1.9717582194817334
5128,-2.3160881388584373
5129,-2.189987204792989
5130,-2.567705671855196
5131,-2.1192667135584706
5132,-1.9455515708857656
5133,-2.5556766221454192
5134,-2.2381777013072446
5135,-2.139428622128876
5136,-2.396019208904054
5137,-2.4144723596438804
5138,-1.7987919728506547
5139,-2.5098464115010204
5140,-2.4270630396520767
5141,-1.7699248765240694
5142,-2.8771680085042393
5143,-2.3678167659202205
5144,-1.5794550463400845
5145,-2.1691060095661476
5146,-2.104720418463766
5147,-2.4369537031805133
5148,-2.1371627432108817
5149,-1.8237012516897113
5150,-1.97045333611287
5151,-1.9573631813046182
5152,-2.4089282998468664
5153,-2.660822920338881
5154,0.027900028283971413
5155,-2.161209978905403
5156,-2.1665668010066943
5157,-2.672057644961043
5158,-2.466288011711209
5159,-2.446539805151108
5160,-2.2821558538498388
5161,-2.132507155382776
5162,-1.6626298686546894
5163,-2.204718897873315
5164,-1.9101170795781293
5165,-2.521732353594583
5166,-1.2646961689101626
5167,-1.7929660419444884
5168,-1.7313914596601896
5169,-2.3752284002750894
5170,-2.2642368489599995
5171,-1.9498239121126075
5172,-2.0721453020976544
5173,-2.4028303535022806
5174,-2.7782125194212126
5175,-2.229569717226713
5176,-1.7658270581768174
5177,-1.498292616869007
5178,-2.0895759995929
5179,-1.8151545677934176
5180,-2.0242896117419833
5181,-2.1126824547390033
5182,-1.8694781522465587
5183,-2.718730337149145
5184,-2.0528933426659757
5185,-2.1111309593359953
5186,-2.627695320924956
5187,-2.4070021315288552
5188,-2.67158862354889
5189,-2.417089989716735
5190,-2.657472657902255
5191,0.16217372572716704
5192,-1.7424951195971674
5193,-2.2274880788099134
5194,-2.1892761676250023
5195,-2.216533458390782
5196,-2.8687632914197327
5197,-1.5175453170194586
5198,-2.638551162922978
5199,-3.095291342641941
5200,-2.659862064624646
5201,-1.8286564730358128
5202,-1.7733079255912283
5203,-2.781458048240249
5204,-2.4210932793068354
5205,-2.3182362899214444
5206,-2.5365415240378035
5207,-2.138827837954909
5208,-2.4301276071306774
5209,-2.320114368244654
5210,-3.1943155931252276
5211,-2.59011401880485
5212,-2.2761948671663834
5213,-3.056479355090883
5214,-2.571264380539967
5215,-2.5111803888303994
5216,-1.8711906560940568
5217,-2.4354231861018163
5218,-2.7154172902716023
5219,-2.5935173483406806
5220,-2.458147616666964
5221,-2.43709100984354
5222,-1.7679360884833306
5223,-2.4095451795102205
5224,-2.68106026284854
5225,-1.9285626176646924
5226,-2.2416459761769842
5227,-2.4932085157101445
5228,-2.325516870828217
5229,-1.9737082467471552
5230,-2.2526862190038917
5231,-2.7341260612640896
5232,-1.6252136419458612
5233,-2.626762087413978
5234,-2.6325733565515663
5235,-2.571736249229229
5236,-2.0216630063561487
5237,-1.818759268015351
5238,-2.129523276033883
5239,-2.1843908693223746
5240,-2.476082694578428
5241,-2.3422225083664254
5242,-2.9589212052842764
5243,-1.7596144224261507
5244,-2.4644555175478806
5245,-2.1082645547850123
5246,-2.4099766450174833
5247,-2.6395106909797295
5248,-2.4423502978149556
5249,-2.7302881082732693
5250,-2.663536963967926
5251,-2.8425621167928097
5252,-1.5358647031843191
5253,-2.2134806069333024
5254,-2.260376331059607
5255,-2.0756461521761413
5256,-2.2637024564093693
5257,-1.2980955872869115
5258,-2.2578379811097786
5259,-2.466666677648078
5260,-2.1283237773642725
5261,-2.3922390953766026
5262,-2.5582619238106568
5263,-2.3888403870031496
5264,-1.9074331878293047
5265,-1.9627471044251368
5266,-2.1249975185045127
5267,-1.7243024933516309
5268,-1.7866040276077095
5269,-3.0178252721596763
5270,-2.342950057533005
5271,-1.9611742353222579
5272,-2.0018227260073855
5273,-0.8670524612622399
5274,-1.3497822870817309
5275,-2.409252652930364
5276,-2.0027600893801027
5277,-2.102470380147099
5278,-2.707335807500762
5279,-2.7643105191598245
5280,-2.512040096232444
5281,-2.696598023967005
5282,-2.7125028647558955
5283,-2.2697984215700773
5284,-2.511377961750317
5285,-1.6024335047642215
5286,-2.4565208741775875
5287,-2.4789000872049516
5288,-1.5012813723732314
5289,-2.5339004280671444
5290,-3.1349679477540158
5291,-1.7501331243121088
5292,-2.268041805622819
5293,-2.0194939346932546
5294,-2.389526453131753
5295,-2.346818888936333
5296,-2.216612054047801
5297,-2.6342726863570762
5298,-2.7197878691000525
5299,-2.0176760707146695
5300,-2.207296572988304
5301,-2.8116262668528065
5302,-2.2929175696793265
5303,-2.0757628360107776
5304,-2.321975897626985
5305,-2.387939072920611
5306,-2.335744543612691
5307,-2.148177550506611
5308,-2.5226420560857763
5309,-2.739713163536761
5310,-1.9910548883626145
5311,-2.725409818152896
5312,-2.37916602940684
5313,-2.6330188091710465
5314,-2.036373044481428
5315,-2.548890674906509
5316,-2.560246075638299
5317,-2.0970821761299843
5318,-2.5653222474213573
5319,-2.2158216654395027
5320,-2.5702847084189937
5321,-2.6455287176712314
5322,-2.89180440936039
5323,-1.8737886813053228
5324,-2.38761038183983
5325,-1.4988284808958285
5326,-1.8142022787114533
5327,-1.4565875325994635
5328,-2.5283661467429646
5329,-2.3345676568059424
5330,-1.8144085576156053
5331,-1.6494952273774224
5332,-1.9115155283942398
5333,-1.7967335511118494
5334,-2.2946822726629703
5335,-1.7025419709889635
5336,-2.1146137923651436
5337,-2.117169646532103
5338,-2.628788071315933
5339,-2.406590257784111
5340,-2.1390854443223315
5341,-2.363247092607476
5342,-2.121101869743999
5343,-2.4254415232765223
5344,-1.515110050453931
5345,0.8109378481485033
5346,-2.563949908185996
5347,-2.1590946532284376
5348,-2.3870580457119455
5349,-2.574953437289525
5350,-2.088246847940361
5351,-1.8793725039710059
5352,-2.1287688756484253
5353,-1.5016093880565882
5354,-1.803867872107829
5355,-2.920521957641669
5356,-1.9010935089032992
5357,-2.0412284789586073
5358,-0.1787672565394219
5359,-2.4615613249614503
5360,-2.0979341932691455
5361,-2.2671046154991688
5362,-2.8688097685083593
5363,-2.1754963371675937
5364,-2.5823338164263356
5365,-2.291512654536429
5366,-2.2988902547755563
5367,-2.212644783044556
5368,-1.7349184973026983
5369,-1.82281682605822
5370,-2.654207629830636
5371,-2.196867374759982
5372,-1.1464657850434283
5373,-2.241628332578046
5374,-2.0097755855378305
5375,-1.734704254660538
5376,-2.16168440475587
5377,-2.330452023639955
5378,-2.342814077085644
5379,-1.746316298222672
5380,-2.8615640113234453
5381,-2.4822049609244656
5382,-2.440267393740677
5383,-1.899994218833552
5384,-2.5553473536689824
5385,-2.055337229362422
5386,-2.1146645596579443
5387,-2.1152772936656628
5388,-2.779406022982272
5389,-2.8502777180110432
5390,-2.030018566501744
5391,-2.48196886519516
5392,-2.1652100436240485
5393,-2.082790982994653
5394,-2.401683297830717
5395,-2.47031353473171
5396,-2.91463755462427
5397,-2.623318362024275
5398,-2.664353322567334
5399,-2.310362839211828
5400,-2.5041346214968723
5401,-2.3836191561685327
5402,-1.1667548128712348
5403,-2.2077068963777
5404,-2.7487733626380524
5405,-2.5023223936077317
5406,-2.350858571715072
5407,-2.2402940884042324
5408,-2.0347810316620087
5409,-2.7356102328560543
5410,-2.6847331049537426
5411,-2.582937563291237
5412,-1.9805920356545408
5413,-1.9595150037259979
5414,-2.001254795278027
5415,-2.4113261889192645
5416,-2.6392525490933996
5417,-1.9937157478061136
5418,-2.8384686292359262
5419,-1.979195986545031
5420,-2.164365840278764
5421,-2.416005086523026
5422,-2.6846567307455023
5423,-2.3020736713925043
5424,-2.1907426764034383
5425,-2.21976971450503
5426,-1.991211328289921
5427,-2.9661277351548447
5428,-2.1789595284993384
5429,-2.623973383591992
5430,-1.9736459065089116
5431,-2.1195282412147347
5432,-1.7922091401809324
5433,-2.0424354876478326
5434,-1.9391967189365316
5435,-1.845162287669585
5436,-2.0520293850361373
5437,-2.2145835255770145
5438,-1.7761912157872348
5439,-1.9451118934066163
5440,-2.3145636995114396
5441,-2.8445398193590177
5442,-2.7532294041198258
5443,-2.700545965855616
5444,-2.7184162812298536
5445,-2.369688667040092
5446,-2.2527972532730822
5447,-1.9498972308188556
5448,-2.8656829829946413
5449,-1.6910789960626
5450,-2.052774776471128
5451,-1.8965822419256007
5452,-2.4108692506334983
5453,-2.4905908027032666
5454,-2.2906048038814886
5455,-2.7578841549000424
5456,-1.94369938303949
5457,-1.9739311908041592
5458,-1.872992560468619
5459,-1.9404987075044406
5460,-2.068896850316526
5461,-2.2540464916938374
5462,-1.7950486164615436
5463,-2.3308796566611876
5464,-2.0371289849077705
5465,-2.8084573873071412
5466,-1.999180034819355
5467,-2.8583308991009635
5468,-1.8441441255783444
5469,-2.2887997698762343
5470,-2.3127194953341936
5471,-2.4939807781130408
5472,-1.70530223593146
5473,-1.7756599989967234
5474,-2.0270786719175473
5475,-2.7423073223890126
5476,-2.4095222282350415
5477,-2.276351770207884
5478,-1.8934878343241268
5479,-2.5723480957479032
5480,-2.141293594818224
5481,-2.5586077449551663
5482,0.24762355354548382
5483,-2.097673609780933
5484,-1.9659038359910797
5485,-2.5657745745949905
5486,-2.1782188437801304
5487,-2.268918482266192
5488,-3.0747834220472856
5489,-2.0945018304175873
5490,-2.3781811369408024
5491,-2.0525251812999787
5492,-2.658191529373802
5493,-2.6823406922767687
5494,-2.701988533067742
5495,-2.3848320602144324
5496,-2.6035032356990904
5497,-2.8279323932143394
5498,-2.186198252552876
5499,-2.283821865213978
5500,-1.8301581729121321
5501,-2.4193734718654145
5502,-2.865689245323583
5503,-2.0569410553151743
5504,-2.237100248386565
5505,-2.3482130839997453
5506,-2.261299846297267
5507,-2.5062641755405073
5508,-2.5773948675914546
5509,-1.6088986632605258
5510,-1.9992489278671872
5511,-2.3783550380223195
5512,-1.9765583842818624
5513,-1.8793088505250568
5514,-1.6403786188165246
5515,-2.953012278603868
5516,-2.3463783852597517
5517,-2.190295432456895
5518,-2.7250763335996657
5519,-2.5095205615914287
5520,-1.899973713524854
5521,-1.6237990744347708
5522,-2.9884632982288815
5523,-1.96174661965397
5524,-2.1906999641147595
5525,-1.9584059801883194
5526,-1.9003321657905232
5527,-2.6012610059429555
5528,-2.1376977293483614
5529,-1.7207844646279356
5530,-1.7441463425617532
5531,-2.696913960958365
5532,-1.6532509661402561
5533,-2.2906956731183334
5534,-2.0908597264817192
5535,-2.4364818207396333
5536,-1.710884482130922
5537,-1.0665641415950278
5538,-2.422681399021122
5539,-2.3631216884195725
5540,-1.9926439881756857
5541,-2.309898409314872
5542,-1.7895290907154064
5543,-1.8471379543529336
5544,-1.8340350120814077
5545,-1.8681249232249408
5546,-1.7463557233700602
5547,-2.0917436160413256
5548,-2.4302414919434483
5549,-2.1879212882106156
5550,-2.6899474231458314
5551,-2.396648601839634
5552,-2.544450251052705
5553,-2.0220707981407786
5554,-2.767756894646112
5555,-2.3372194628297738
5556,-0.7525443530553596
5557,-2.0157041715428576
5558,-2.6415697842350663
5559,-2.843085304963124
5560,-2.524999029188517
5561,-2.096097981438384
5562,-1.8807170038534289
5563,-2.0943442353542836
5564,-2.263620526624195
5565,-2.461280442839755
5566,-2.0406018301503717
5567,-0.16740531529088012
5568,-2.260578356449582
5569,-2.647754219906076
5570,-2.2772588831310054
5571,-2.351460046223301
5572,-2.3976066817223085
5573,-1.5069076714628267
5574,-2.5199534855133505
5575,-1.6854187048951637
5576,-2.222093982911092
5577,-2.280312742943484
5578,-2.930034209784935
5579,1.2402439973028445
5580,-2.122343715997507
5581,-2.6516101222689827
5582,-1.6679357112082114
5583,-2.43354603153439
5584,-2.606563562952971
5585,-2.3558087510455454
5586,-2.296492567945234
5587,-2.6006373362598425
5588,-2.2343300378642144
5589,-2.8587630216915154
5590,-2.163845617125993
5591,-2.1673032551346787
5592,-2.813217291457159
5593,0.2657729633377709
5594,-2.20859883459733
5595,-2.728512670186525
5596,-2.44736885969738
5597,-2.7490156030284436
5598,-2.7795305336854415
5599,-2.0734917981958816
5600,-3.1724654287743363
5601,-2.543140975402952
5602,-0.1174538275381016
5603,-2.201695320764001
5604,-2.5323815377050245
5605,-2.5297726161627856
5606,-2.0733578775519512
5607,-2.7647214545277534
5608,-1.6285967840509643
5609,-2.3626004603992445
5610,-1.5197983116922658
5611,-2.8314096522269767
5612,-1.5181152784292693
5613,-2.19471804696525
5614,-2.782806850734637
5615,-1.8651991945526165
5616,-1.537035755370969
5617,-1.8112815670126587
5618,-2.6808349381249355
5619,-1.7776425475742899
5620,-2.5506935537179247
5621,-2.1534978549086716
5622,-2.719501985083555
5623,-2.3036955434564046
5624,-2.1650406360243086
5625,-3.0909042827768016
5626,-2.2396194530482463
5627,-2.802452244722091
5628,-2.0987477658954177
5629,-2.4992330522598962
5630,-2.7327557416077775
5631,-2.7474856698122965
5632,-2.3558793917847227
5633,-2.7040799839928553
5634,-1.7201943757372886
5635,-2.3399249250065752
5636,-2.492126460126622
5637,-2.6425573548243375
5638,-2.270026991423565
5639,-2.53402002510608
5640,-1.803384667941454
5641,-2.696352738696167
5642,-2.557403584121599
5643,-2.3906430763641593
5644,-2.24825326778261
5645,-2.394857403076435
5646,-2.6564100042733507
5647,-2.490734032463198
5648,-1.893475857588909
5649,-2.1903808989555995
5650,-1.9754559577457977
5651,-1.7040218244207646
5652,-1.976452600950372
5653,-1.7698954159476739
5654,-2.6590612535289573
5655,-1.7065247059520106
5656,-2.350611188949737
5657,0.2573699915584102
5658,-1.9331059053153337
5659,-2.487631774275981
5660,-2.2611810420249134
5661,-1.7450320292564936
5662,-2.164957635193205
5663,0.2325205030857675
5664,-2.0699093630314764
5665,-1.901275718678487
5666,-2.5469330857772006
5667,-2.1156842854119176
5668,-2.063547277681145
5669,-2.6258983061236396
5670,-1.970968607321133
5671,-2.7984379391409098
5672,-2.036846640337465
5673,-1.939014063649305
5674,-1.8191604190874096
5675,-1.6425733198942731
5676,-2.255755761466524
5677,-2.505535597713846
5678,-2.002059757629316
5679,-1.8157966561500358
5680,-2.6328538866266586
5681,-2.189682917046783
5682,-2.4122582425762813
5683,-1.9512934384767804
5684,-3.0793842468055717
5685,-2.077532521548293
5686,-2.631054506104114
5687,-1.5791762442998396
5688,-2.4074175981829575
5689,-2.3972965129215984
5690,-2.88277257130277
5691,-2.478216440558863
5692,-2.4370599914610427
5693,-1.5939198348646297
5694,-1.9070379913105633
5695,-1.1574594513510013
5696,-1.8553326425304988
5697,-2.5080510155641895
5698,-2.6187269312557935
5699,-2.0830403179997607
5700,-2.7239840605042906
5701,-2.1931497163736067
5702,-2.554207838636532
5703,-2.407093024653686
5704,-2.37465637649044
5705,-1.5424253472957823
5706,-2.5559216265244404
5707,-1.8450298252527026
5708,-2.3753648539331835
5709,-2.5111827311422283
5710,-2.075640924623223
5711,-2.84484456664887
5712,-2.3315309265122437
5713,-2.1155285113927196
5714,-2.383781041367798
5715,-2.24543517605612
5716,-1.890748950984204
5717,-2.511537722651481
5718,-2.7584826745354056
5719,-2.7994175985114422
5720,-1.4996342703486862
5721,-1.685801087705264
5722,-2.224715757721472
5723,-2.7526345960002265
5724,-1.8977872593385021
5725,-1.8834029196304054
5726,-2.3658747669814884
5727,-1.9781364160879447
5728,-2.4246752639713884
5729,-2.651581054136645
5730,-2.0089270916425694
5731,-2.0279918788406204
5732,-1.9057100999969485
5733,-1.769028086602433
5734,-2.362555333411819
5735,-2.069363890324358
5736,-2.9749887381822764
5737,-2.6392058876566646
5738,-2.2897473440532417
5739,-2.3248051434173465
5740,-2.4117295445779137
5741,-2.0071327164299104
5742,-2.4805782980704074
5743,-2.1917749372635584
5744,-2.2169412446436847
5745,-0.4184327622583133
5746,-2.23281618972682
5747,-2.185343078386942
5748,0.0402085564866506
5749,-1.933106324367467
5750,-1.7873985161259969
5751,0.12916858094851813
5752,-2.7307119387133194
5753,-2.593791529879854
5754,-1.8269682491068515
5755,-2.6543118892575106
5756,-2.2614208354863656
5757,-2.166838103105929
5758,-2.673665463094724
5759,-3.0433719779601294
5760,-1.7254928939233325
5761,-2.3949256719616603
5762,-2.3618996090884514
5763,-2.137230403702659
5764,-1.1708728578296945
5765,-2.2550475822243117
5766,-2.434131373181272
5767,-2.566661276238869
5768,-1.2468871241836752
5769,-2.64542731468477
5770,-3.0342910228783784
5771,-2.3912722958532893
5772,-2.064781892764528
5773,-2.275772668454246
5774,-2.3881669232732805
5775,-2.459852684232207
5776,-2.6468162340519963
5777,0.3359210615557945
5778,-2.8281843168507
5779,-1.585465589504917
5780,-2.505425509747757
5781,-1.9526725499800215
5782,-1.2250059953102355
5783,-1.8181905614774871
5784,-1.4782797282111417
5785,-1.7410031927537537
5786,-2.261784552704847
5787,-1.3273005467982084
5788,-2.4055315202208924
5789,-1.658293447788552
5790,-1.6357702019193288
5791,-2.554926096063012
5792,-2.537629290050285
5793,-2.3618245148345154
5794,-2.47762894422623
5795,-2.1814676744734665
5796,-2.3416325140952767
5797,-1.831948090167313
5798,-1.874202570484021
5799,-2.0744864998219974
5800,-2.2695835847007224
5801,-2.0588534908641294
5802,-1.8549058249015105
5803,-1.778456904238197
5804,-2.2637837241605214
5805,-1.9820765621429348
5806,-2.6650592355114777
5807,-2.4063710362338395
5808,-1.6836924277992489
5809,-2.2943604862319193
5810,-2.4663288274636996
5811,-2.5917944120378533
5812,-2.490958615154508
5813,-1.3825914472028913
5814,-1.9578042586458835
5815,-1.905130370330575
5816,-2.615777335483445
5817,-2.5283365059243548
5818,-2.685959578680182
5819,-1.9448179311079852
5820,-2.259825020774219
5821,-2.284973169372437
5822,-1.4768741316190461
5823,-2.4668342015112197
5824,-2.2717098965500053
5825,-2.378655001563594
5826,-2.0635388496764264
5827,-2.608109281052823
5828,-2.1968395741182305
5829,-2.7539738673811307
5830,-2.5050824472809192
5831,-2.6738259294664264
5832,-2.2712264647888603
5833,-2.386166467865264
5834,-2.3031472198708665
5835,-2.5931800386647876
5836,-1.8898174008804975
5837,0.8765029112734588
5838,-2.2552132611861007
5839,-2.128526126183562
5840,-1.8754234220910475
5841,-1.58102227308849
5842,-2.3222437148031783
5843,-2.04411499468942
5844,-2.041652420012279
5845,-1.9840828368776864
5846,-1.8019191499470673
5847,-2.186087718728369
5848,-2.1149925193829335
5849,-2.304433972534384
5850,-2.8002495485499326
5851,-1.9106632601918534
5852,-1.7579951037832833
5853,-1.4528451164227345
5854,-1.5865198821768836
5855,-2.6311529972905556
5856,0.28166445448743105
5857,-2.457854582027887
5858,-2.534762876106604
5859,-2.344837303896923
5860,-2.301563286190515
5861,-2.0634555053204546
5862,-1.779463706341737
5863,-1.8636746484897913
5864,-2.737597358204483
5865,-2.777820304446297
5866,-2.427661933249482
5867,-2.212072997755647
5868,-2.186022169449002
5869,-2.0038077222565294
5870,-2.718427236444354
5871,-2.714980503436031
5872,-2.644239135015384
5873,-0.18531453156843333
5874,-1.9157436225179982
5875,-2.1199825957212526
5876,-2.8119545535954797
5877,-2.670452384000339
5878,0.5481658940075664
5879,-1.4919060854640536
5880,-1.9688256910754085
5881,-2.7613998839361336
5882,-2.2417720333891027
5883,-2.020359948822145
5884,-2.116320187738639
5885,-2.5982172527970246
5886,-1.272033784668917
5887,-1.7178790431227513
5888,-2.518846126576612
5889,-2.0009178011766506
5890,-2.42129184025375
5891,-2.552268919608913
5892,-1.7035634974661835
5893,-2.5653198261028147
5894,-2.048426837680347
5895,-2.3525227106192084
5896,-2.752308428685104
5897,-2.2884141691134388
5898,-2.3279521668442094
5899,-1.8878292944754667
5900,-2.60981471205485
5901,-2.2581969656531045
5902,-1.8591164527877595
5903,-2.7796675802041033
5904,-2.5707472031424836
5905,-2.459912525073778
5906,-2.23167946404367
5907,-2.593333820742754
5908,-2.302526311925621
5909,-1.930218247862359
5910,-1.4636876823730154
5911,-2.111474524372552
5912,-1.7029733037265538
5913,-2.3746237552735336
5914,-2.9322835437804105
5915,-2.036169362194377
5916,-2.4987828021511636
5917,-2.60405606079547
5918,-2.8690629580872207
5919,-1.95173391521515
5920,-1.5414492317959154
5921,-3.052167111643852
5922,-2.181582296698554
5923,-2.4591965402173277
5924,-2.895463837190639
5925,-1.988319987340527
5926,-1.9356809954590368
5927,-2.0256950946337717
5928,-1.9384413037372896
5929,-2.4547623460735943
5930,-2.5208246474583635
5931,-3.056209602315788
5932,-2.1929959913695067
5933,-2.4179269355912223
5934,-2.6565524406972245
5935,-2.0446205214991666
5936,-2.749439694803741
5937,-2.212018239846213
5938,-2.1654838363759175
5939,-2.976389402688667
5940,-2.8282253086095244
5941,-2.262265289496604
5942,-2.4178563298141786
5943,-2.39679026432532
5944,-2.828224344291512
5945,-2.199135381059651
5946,-1.9811029083956064
5947,-1.6323238627410497
5948,-2.480472547132008
5949,-2.7298759453924744
5950,-2.508198024020291
5951,-2.11144043193732
5952,-2.411780703211871
5953,-2.2429901663757508
5954,-2.444363721713107
5955,-1.8484246004246325
5956,-2.528406984820074
5957,-1.8680285225413127
5958,-2.6314271271785463
5959,-1.5251652031225054
5960,-1.6288435335183256
5961,-2.4528972012217647
5962,-1.7060115131596845
5963,-2.347382244041117
5964,-2.9133517836522675
5965,-1.4356902884934393
5966,-1.3999407468224003
5967,-2.7998155694409776
5968,-2.3428972360166846
5969,-2.7918144236309703
5970,-2.221020719001934
5971,-2.6585763176184702
5972,-2.3523469521212057
5973,-1.8152727549410284
5974,-1.848554474627759
5975,-2.053414891766773
5976,-2.9286885594189482
5977,-2.7828659093679002
5978,-1.7835202335259974
5979,-2.1074404552921044
5980,0.2931421666832823
5981,-2.736528215419874
5982,-2.6723093967405354
5983,-2.524490092202774
5984,-2.4918898880232834
5985,-2.0963777110461947
5986,-2.4472470564684494
5987,-1.6997774878833787
5988,-2.9493444785268617
5989,-1.9807735423151334
5990,-2.2900942285163546
5991,-1.9495418312018713
5992,-2.063150292094967
5993,-2.6248940924661035
5994,-2.142646812720655
5995,-2.0962175966810546
5996,-2.079582826411912
5997,-2.1495715159752558
5998,-2.233592047077361
5999,-2.074781425499062
6000,-2.2660335787553225
6001,-1.4526276833132667
6002,-2.674869607432809
6003,-2.150201657486672
6004,-1.9545269907398157
6005,-2.083304634009711
6006,-2.519367771054513
6007,-2.2211127310030414
6008,-2.171014815213509
6009,-2.580596574196401
6010,-2.170386063662959
6011,-2.7696152097839812
6012,-2.286242400632216
6013,-2.0939178727096035
6014,-2.3079723967221484
6015,-2.588144997316099
6016,-2.4009664540603426
6017,-2.65420458851266
6018,-1.5952570300003353
6019,-1.7792020064418752
6020,-2.0604974217459175
6021,-2.540717654948488
6022,-2.2011165634286955
6023,-2.1399016220131566
6024,-2.43780537155126
6025,-2.341638663944583
6026,-2.4610805908098996
6027,-2.412731773269105
6028,-2.2367046392805685
6029,-2.445306825947638
6030,-1.7695937196540148
6031,-2.3313174932963956
6032,-1.9302136661898655
6033,-1.9990984127091473
6034,0.3698146074309101
6035,-2.6990548785434925
6036,-1.6880043499786095
6037,-1.9880528183762525
6038,-1.5808412622983739
6039,-2.150763022278696
6040,-2.6727699299032697
6041,-2.404250945422712
6042,-2.813954159892322
6043,-2.636781920493206
6044,-3.011485577722298
6045,-2.62638641413229
6046,-2.2449809703678847
6047,-2.3862610413675465
6048,-2.169143073702879
6049,-2.6055907973990546
6050,-2.8549850190863095
6051,-2.6103927050081133
6052,-2.900701172425897
6053,-3.069614081894884
6054,-1.7967338018164354
6055,-2.366012528468162
6056,-1.954075402227957
6057,-2.841848683407694
6058,-1.7845873949800113
6059,-2.322918839849365
6060,-2.1187798686225743
6061,-2.3958283804338256
6062,-2.2648353718297036
6063,-2.9743036691396716
6064,-2.6574538789697257
6065,-1.967687598860462
6066,-2.569732141970228
6067,-1.9875175639430727
6068,-1.6410223138625488
6069,-2.3753808917988297
6070,-2.445778912675839
6071,-2.6067974379457635
6072,-1.6767876590191224
6073,-2.732460619047375
6074,-2.6614316507781273
6075,-1.9518413533158054
6076,-1.4792172182848364
6077,-2.222089145534576
6078,-2.097994252297829
6079,-2.6838280807691346
6080,-2.6379366267575337
6081,-2.2230478181779456
6082,-2.0512128438253057
6083,-1.8287908538196287
6084,-2.631453230931204
6085,-1.6036542242101448
6086,-2.4886253694398093
6087,-2.627905428666861
6088,-2.7837191160154307
6089,0.11006520814478056
6090,-1.9618370757905508
6091,-2.785649105717593
6092,-1.897459113843277
6093,-2.0356573166129825
6094,-2.2114340279213986
6095,-1.4490399791918736
6096,-1.4181537317591884
6097,-1.9610509195460517
6098,-2.6548474160118554
6099,-2.6238411012854685
6100,-2.6313932837206813
6101,-2.1244814258280207
6102,-2.959636196145836
6103,-2.683414900935918
6104,-2.168516264470987
6105,-1.6543742690413332
6106,0.6950850124816477
6107,-2.177734190274545
6108,-2.5116274959607816
6109,-2.1437695754175006
6110,-2.402777214801271
6111,-2.4262933416887336
6112,-1.5241363405101185
6113,-2.835032752385556
6114,-1.8985108719314263
6115,-2.2903713111472865
6116,-2.0120697119699775
6117,-1.9800227437215645
6118,-2.120763850122514
6119,-2.516252621779726
6120,-1.7842232279318135
6121,-2.226427981250654
6122,-1.7231687227398667
6123,-2.8063094318787534
6124,-2.626752249033643
6125,-2.3375807324152116
6126,-1.6595026700217415
6127,-1.6863954052802812
6128,-2.701138492483419
6129,-2.117620867436213
6130,-2.547102708302971
6131,-2.819630487503541
6132,-1.847781261909093
6133,-1.9631119122721215
6134,-2.7943333270198445
6135,-2.3658345000732455
6136,-1.2875229853480872
6137,-2.168234906462815
6138,-2.166062699488507
6139,-2.335995451840714
6140,-2.6929528034628496
6141,-2.3349051707070263
6142,-1.8620838243559958
6143,-2.368501671093312
6144,-2.4997607713221894
6145,-2.2681000539835647
6146,-2.547109559744893
6147,-2.037559400573777
6148,-2.1616454525438
6149,-2.0820876286623733
6150,-2.4695761598776027
6151,-2.7747227059912083
6152,-2.812382118391965
6153,-2.417724180646224
6154,-2.272184829966152
6155,-1.5730910382546741
6156,-2.6859795680018803
6157,-1.92387082210725
6158,-2.2662205959700463
6159,-2.3887997939275896
6160,-2.301966321414332
6161,-2.0476092312993774
6162,-1.9546895669934852
6163,-1.7454669772106433
6164,-2.4552891465864546
6165,-2.1757790168418354
6166,-2.6133694864336654
6167,-2.4589046113215627
6168,-1.7156196454231112
6169,-1.6351047107293704
6170,-2.239536964884567
6171,-2.327420831407247
6172,-2.0497874374057603
6173,-2.1518794191359114
6174,-2.1846756257534916
6175,-2.361606532995639
6176,-2.8550572331774324
6177,-1.8647992606938308
6178,-2.0730774980574322
6179,-2.4230619560878757
6180,-2.108329365676777
6181,-2.0145677045407258
6182,-2.000234772800631
6183,-2.85980778378362
6184,-2.3937287411196118
6185,-2.5263864458294023
6186,-2.1612570154500843
6187,-0.8692791892793917
6188,-2.7101053002544733
6189,-2.7813683741514703
6190,-2.010409127621135
6191,-1.8343351329010449
6192,-2.404373447471911
6193,-2.679410151802464
6194,-2.870967428945667
6195,-2.1991493908674906
6196,-2.5559363977821543
6197,-2.1067820675174955
6198,-2.532487480230706
6199,-2.600032930354325
6200,-1.943749581682311
6201,-1.761138331241944
6202,-2.862181288492706
6203,-1.8328757823906336
6204,-2.1389131172298708
6205,-2.764527171311898
6206,-2.434550542842995
6207,-1.4005353696434204
6208,-2.2707682305191343
6209,-2.6802431483621523
6210,-2.3117344378421083
6211,-2.178810120621795
6212,-2.5836031150156398
6213,-2.6689545437633546
6214,-2.425213230593085
6215,-1.649623164519058
6216,-1.9523492257549617
6217,-2.5915908790861186
6218,-2.502489364512703
6219,-2.4622696638310044
6220,-2.023638232179173
6221,-2.337980197191271
6222,-2.0449089900270527
6223,-2.018032556633709
6224,-2.3883365036053674
6225,-2.5278195064782487
6226,-2.131083561143848
6227,-2.0348152904129657
6228,-2.1427115680488056
6229,-1.7494119242237116
6230,-2.5972634623982547
6231,-1.3842114947008988
6232,-1.8841011795141087
6233,-2.525636932093029
6234,-2.0021214347816074
6235,-2.627987763838812
6236,-2.6637701702525556
6237,-2.6460047894279977
6238,-2.88090024450203
6239,-2.3846786711481895
6240,-2.3686709060614266
6241,-2.552693251606152
6242,-2.7615005944589552
6243,-2.560481907519104
6244,-2.610148014771263
6245,-1.8576047077548745
6246,-2.125854201949408
6247,-3.217812611244492
6248,-2.475169785270777
6249,-2.1862608014957723
6250,-2.5204532538432045
6251,-2.336938889925671
6252,-2.038690078847051
6253,-2.710798354143805
6254,-2.261841574840199
6255,-2.207723977565119
6256,-1.731632778553749
6257,-1.9603599684835387
6258,-1.5209270467681497
6259,-2.3491285309772403
6260,-2.399880705225675
6261,-2.4867194323452613
6262,-1.3569963990268183
6263,-2.7916601034827355
6264,-2.2883881327630484
6265,-1.7753631120066997
6266,-1.9464978574110836
6267,-2.52961882812699
6268,-2.1814278454149445
6269,-2.676264978590277
6270,-2.0896818195366023
6271,-1.0348759088938726
6272,-1.8569481262097605
6273,-2.1133807311478643
6274,-2.4721454659249353
6275,-2.0724826206423654
6276,-2.7107337312010413
6277,-2.589203353439048
6278,-2.1413748301510234
6279,-2.325680845088559
6280,-2.74725408862804
6281,-2.224446633880191
6282,-2.113134376830883
6283,-2.0656552208842496
6284,-2.811621279143177
6285,-1.6195178868353708
6286,-1.6244367843114602
6287,-1.6021992005636205
6288,-2.563125235517327
6289,-2.393603459882395
6290,-1.528724517385011
6291,-2.640301866681018
6292,-1.787222457056398
6293,-2.757758519838588
6294,-1.9382401422740945
6295,-2.7575312704474144
6296,-2.3558162334989414
6297,-2.6802736352288665
6298,-2.808911538112317
6299,-2.2815236114990385
6300,-2.5530079345195023
6301,-1.4576099324439051
6302,-2.062524404568647
6303,-2.373123320621269
6304,-2.1124458336713117
6305,-2.410979397326057
6306,-2.710701885177841
6307,-2.6143018808264613
6308,-2.2521304674620697
6309,-2.196972351542116
6310,-2.5264792005307726
6311,-1.9834828308510482
6312,-2.194594649401515
6313,-2.5776919496468955
6314,-2.2148169088861276
6315,-2.330242981274151
6316,-2.6919752471383065
6317,-2.430582925186443
6318,-2.635510282344487
6319,-1.892547374503456
6320,-1.683666037855467
6321,-1.6924344469263848
6322,-1.7828810422490982
6323,-1.982102317643134
6324,-2.0598657478210294
6325,-2.3777313834070037
6326,-2.377243864129983
6327,-2.560794686299518
6328,-2.4177095981649024
6329,-2.271622394401233
6330,-1.6529569230269057
6331,-1.8055163096494196
6332,-2.822411765938291
6333,-2.123994362322788
6334,-2.559955625577595
6335,-1.9317753273836344
6336,-1.8002636527496485
6337,1.09756467579515
6338,-1.8638206029282394
6339,-2.278063278487829
6340,-2.578363761478786
6341,-2.5322648722093373
6342,-2.9366962947735353
6343,-2.1100292096768465
6344,-2.098170741183393
6345,-2.5088059859019975
6346,-2.203906967960708
6347,-2.2906999260037826
6348,-2.4696613359678556
6349,-2.507054260562854
6350,-2.4463511827539723
6351,-2.6513324339049285
6352,-1.7292905297592323
6353,-2.4275811953129716
6354,-2.5126710043391487
6355,-2.6498671041367623
6356,-2.1144592430394957
6357,-1.8991824932709986
6358,-2.619259765691979
6359,-2.0650203078814293
6360,-2.63856142182777
6361,-2.35151878443366
6362,-2.420727295266146
6363,-1.9728557413601775
6364,-2.4979830771556544
6365,-2.3120065439947672
6366,-1.560220743915146
6367,-2.744740248148424
6368,-2.0000037667344692
6369,-2.7180269933279675
6370,-2.4765859433093484
6371,-2.0562633593698094
6372,-2.208593705274638
6373,-2.2323328126421487
6374,-2.1780878699185044
6375,-2.8509913806684706
6376,-1.8402596511900384
6377,-1.7551889801509988
6378,-2.0761177422433352
6379,0.24815004504449167
6380,-2.2845279193647783
6381,-1.3243699671396332
6382,-2.8034004111739126
6383,-1.5076219397434827
6384,-2.7234595538901925
6385,-2.585848299537066
6386,-1.8655184645903664
6387,-2.1085592005541387
6388,-2.5282497784568085
6389,-1.902571588373123
6390,-1.3962396219682085
6391,-2.121738481134542
6392,-2.122812036303029
6393,-2.1941430937736626
6394,-3.037928069719142
6395,-2.255167208243455
6396,-2.6633823387134417
6397,-2.6186870710007355
6398,-2.4713355447831686
6399,-2.443079571542715
6400,-2.4718263598117884
6401,-2.3427201915660825
6402,-1.9619937939874474
6403,-2.4102083669455423
6404,-2.090485391900511
6405,-1.9684832347071741
6406,-2.741073491700455
6407,-2.477488426710674
6408,-1.5171859069121838
6409,-1.8302053115946295
6410,-2.408312707982867
6411,-1.575346798367387
6412,-2.1887392531784204
6413,-1.7368992130878118
6414,-2.190150552004589
6415,-2.555441049310435
6416,-2.0535820110484266
6417,-2.2668834385564045
6418,-2.811603786421913
6419,-2.0879905219092674
6420,-2.892485548642722
6421,-2.17992672445485
6422,-1.8832917200901922
6423,-2.5341498210836275
6424,-1.9872647779102701
6425,-2.4341235182372087
6426,-2.5231393889331706
6427,-2.591657847477278
6428,-1.8734177814272426
6429,-2.4807367921442953
6430,-2.8951312155446853
6431,-2.2829203083847442
6432,-2.347022407069411
6433,-1.98673470579669
6434,-2.1664361276517825
6435,-2.645637946192693
6436,-2.511332229656124
6437,-1.6019367159494295
6438,-2.3435159199568103
6439,-2.297027261345706
6440,-2.5183742927181374
6441,-2.7842413581123195
6442,-2.924747476869894
6443,-2.531932599399325
6444,-2.2949516343884575
6445,-2.6372383643151256
6446,-2.4416317891515678
6447,-1.7367580760572716
6448,-2.063921494735016
6449,-3.038124380411325
6450,-1.8579062013350776
6451,-1.7439058826665523
6452,-2.0314085983607004
6453,-2.3806956419585763
6454,-2.371821306467274
6455,-2.4440467354834605
6456,-2.068369000191063
6457,-2.4061463785757344
6458,-2.5479175786106403
6459,-2.4898113741452
6460,-2.5364064599876412
6461,-2.312245338262899
6462,-1.7061221534225115
6463,-1.762918071629083
6464,-2.8757251181069887
6465,-2.3693334105019535
6466,-1.888574179385361
6467,-2.210617204837834
6468,-0.14420855788594455
6469,-2.649379140128565
6470,-2.3759114447219667
6471,-1.7032916371522488
6472,-0.03987282797363661
6473,-2.786762813622443
6474,-2.107956415929493
6475,-2.2355641074216916
6476,-1.7961715918253904
6477,-2.1041181205236974
6478,-2.4242185288836957
6479,-1.9566108594360914
6480,-2.625135959790542
6481,-2.4560375944705557
6482,-3.0828976068359215
6483,-2.7046742170575344
6484,-1.9296631588466864
6485,-2.1389367154922594
6486,-2.081689654296764
6487,-2.597609295926605
6488,-1.9511382558197181
6489,-2.4693713247967812
6490,-2.230027961224591
6491,-1.9450450027644741
6492,-2.5856314309787654
6493,-2.5799188570169544
6494,-3.0412294142042304
6495,-2.4166994609987085
6496,-2.707785837428862
6497,-1.7941313672017214
6498,-1.9683716970918985
6499,-2.1674989863040546
6500,-1.7763171465797154
6501,-2.951536170197557
6502,-2.600429339276827
6503,-1.7357326361492091
6504,-2.586831764434285
6505,-1.6561650514959514
6506,-2.4503065434357736
6507,-1.9743315529022905
6508,-2.575615489334107
6509,-1.8882000413088198
6510,-2.309238365442142
6511,-2.517541060779515
6512,-2.26624362913656
6513,-2.0903319085135537
6514,-1.8393218338912614
6515,-2.025715719252931
6516,-1.8485074366112595
6517,-2.367392435586819
6518,-2.347029831653115
6519,-2.3040311671188616
6520,-2.356890145318433
6521,-2.342960452359154
6522,-2.512499351979051
6523,-2.6626771853646956
6524,-2.154516229619398
6525,-3.0443926965549344
6526,-1.872112532203729
6527,0.6401010287737753
6528,-1.6990873241066222
6529,-1.8861734403642678
6530,-2.6340189450150318
6531,-2.275712057063256
6532,0.4922625128214546
6533,-2.5691525822888526
6534,-2.1987205189086043
6535,-2.0466063138792965
6536,-2.206770232097051
6537,-1.400557192633122
6538,-2.4463062611811237
6539,-2.79638682285188
6540,-1.726259966015274
6541,-2.3999907235917886
6542,-1.7749198407839892
6543,-1.6264102112318326
6544,-2.561210773706205
6545,-1.9608870877633202
6546,-2.6932815530306824
6547,-2.071063988350752
6548,-2.3518931517495614
6549,-2.4890734692946888
6550,-1.7443138641697555
6551,-1.7142652583150544
6552,-2.521598826935782
6553,-1.847804533302676
6554,-2.5030299289692537
6555,-2.574412177694212
6556,-2.6789950924902253
6557,-2.2063524318843823
6558,0.344153889999341
6559,-2.7591696721033365
6560,-2.534039965786774
6561,-1.706238600720657
6562,-2.0925617755332437
6563,-2.273981722772679
6564,-2.729335951539969
6565,-2.4898049808853413
6566,-1.6427281887217975
6567,-2.0925262503446653
6568,-2.65555405198185
6569,-2.4614229171521993
6570,-2.562967651485277
6571,-2.6678419964851097
6572,-2.160103936365675
6573,-1.9943588743852017
6574,-2.152997702118886
6575,-2.4635628594346715
6576,-2.403298126463303
6577,-2.2885049842044483
6578,-1.645651184505229
6579,-2.5021455476190497
6580,-2.165735900654744
6581,-2.453313130422506
6582,-2.1151721406759347
6583,-2.8699749932240914
6584,-2.3616029310061966
6585,-2.47525055859632
6586,-2.350481091077094
6587,-2.1772986824259757
6588,-2.1035654140378153
6589,-2.0322253115861915
6590,-2.2042225633513515
6591,-2.198589282478435
6592,-2.055702092968397
6593,-2.4504831558059545
6594,-2.1562827603891894
6595,-2.599473597216325
6596,-2.6677998685243955
6597,-2.528399095089988
6598,-2.567748929024472
6599,-1.9299916008412692
6600,-2.974608767487662
6601,-1.6052694350448884
6602,-2.137554426473452
6603,-1.6644859287168479
6604,-2.821632170448683
6605,-2.2535183112411445
6606,-2.524137590359421
6607,-2.4297844775882815
6608,0.14402820094700394
6609,-1.9260660088406365
6610,-1.6513560560082199
6611,-2.507617116182875
6612,-2.6739551343874965
6613,-2.7220037845998144
6614,-1.4405604312097433
6615,-2.6048694355999547
6616,-2.59338113872435
6617,-2.015399368869642
6618,-2.530743488124876
6619,-2.293934609044098
6620,-2.2045441107900237
6621,-2.309736233763001
6622,-2.7405749973063442
6623,-1.961556347734284
6624,-0.8013037844411435
6625,-1.9774773955667055
6626,-1.961465149937339
6627,-2.6670425064577405
6628,-1.800951306124398
6629,-2.0078023807257255
6630,-2.3456502371683006
6631,-2.6181679163568905
6632,-2.930879085719387
6633,-1.9927810403922104
6634,-1.7711449460970798
6635,-2.293011517405814
6636,-2.26299347218175
6637,-2.717113591666034
6638,-2.8193828453654706
6639,-1.8472981688487204
6640,-1.945632074267938
6641,-1.934915935633429
6642,-2.7263735082190133
6643,-2.2195575727941828
6644,-1.8194510219178701
6645,-1.8289340225363724
6646,-1.802931082619099
6647,-2.9823329627877313
6648,-2.2460827439335267
6649,-2.62755696165378
6650,-2.3582346781022783
6651,-2.423318591426189
6652,-2.2968155401301296
6653,-2.6797145202262254
6654,-2.4235177512343937
6655,-2.8403277628819517
6656,-2.038177743209628
6657,-2.1701156370064774
6658,-2.720587506868611
6659,-0.0985616354560858
6660,-1.9300260285137794
6661,-1.7553237234472236
6662,-2.6392268529931346
6663,-2.5001817895690297
6664,-2.7772323887341646
6665,-1.9868020794706103
6666,-2.3341487921245188
6667,-2.243916031883184
6668,-1.8548455940786182
6669,-2.4675106838903638
6670,-2.2176335793131834
6671,-2.3250289458918525
6672,-2.592835862710193
6673,-2.0241575640226284
6674,-2.9131699447161004
6675,-2.259151338761839
6676,-2.3431681614259134
6677,-2.5185290367899476
6678,-2.524039275730044
6679,-1.484760630955601
6680,-2.326537276750404
6681,-1.8291036220716237
6682,-2.337477873139811
6683,-2.1959413485614045
6684,-2.607029493261015
6685,-2.695662804885993
6686,-2.3141544895283075
6687,-2.3844318984344426
6688,-2.070352826590744
6689,-2.2199629851043654
6690,-2.674026116168056
6691,-1.9967936215559419
6692,-1.4115710997342716
6693,-2.622534094517922
6694,-2.051512828899521
6695,-2.4526288758884855
6696,-2.500135437694875
6697,-2.318186965486156
6698,-2.7267649185318295
6699,-1.8066039134336025
6700,-2.5137262999301604
6701,0.20539734234801982
6702,-1.704517828130005
6703,-2.513719047636466
6704,-2.1570440918007887
6705,-2.1944482545672086
6706,-2.8007309989324543
6707,-3.16346443635595
6708,-2.1008151532803914
6709,-2.038474143431064
6710,-2.888021021789744
6711,-2.2902113896888907
6712,-1.631019589509134
6713,-2.4186612604805475
6714,-2.6014240759807357
6715,-1.5709076683486238
6716,-2.2463368891161477
6717,-1.7623406326532374
6718,-0.10584726979332751
6719,-0.12352777288657615
6720,-2.346539730854865
6721,-1.9280737984325116
6722,-2.4114300147884933
6723,-2.4066046036140487
6724,-2.1310115308680007
6725,-1.7831844864155508
6726,-2.4004807330644815
6727,-2.4941160152156523
6728,-2.359877022715727
6729,-2.046616268461141
6730,-2.209421141262706
6731,-2.527360880909379
6732,-1.9799256587749785
6733,-2.468015445691667
6734,-2.52686805988825
6735,-2.0417198273738504
6736,-2.6041412822670322
6737,-2.3272918622760317
6738,-2.169980582248728
6739,-2.1304656905240393
6740,-2.567796319869429
6741,-2.807407139368225
6742,-2.0759188796589734
6743,-1.6612742154702027
6744,-1.1413824414809384
6745,-2.1013583483724396
6746,-2.595206585247646
6747,-1.8273047939981262
6748,-2.4777525369880165
6749,-2.4243421658571185
6750,-2.532012511203444
6751,-2.7715335654975446
6752,-2.5552899559133126
6753,-0.5679965720833023
6754,-2.24818869106607
6755,-2.5959093693364585
6756,-2.699734524253222
6757,-2.1200815457173046
6758,-2.0591897830768526
6759,-2.011765345145025
6760,-1.9300162044886207
6761,-0.2743311445275868
6762,-1.5786394057972728
6763,-2.4656601521822736
6764,-2.208925139073803
6765,0.07305374768847141
6766,-2.5098235777368014
6767,-2.0474764637681444
6768,-2.152652434249789
6769,-1.7602107144642323
6770,-2.483354657375941
6771,-2.4563489175143554
6772,-1.912211402300746
6773,-1.8883727161253234
6774,-2.7006232763139444
6775,-2.479949325346776
6776,-2.5094116712641696
6777,-2.6640866122346876
6778,-2.439015306355739
6779,-2.0537087702179204
6780,-1.6399355265094462
6781,-2.4851921418253906
6782,-2.3454674857668176
6783,0.017523532302387717
6784,-2.21891330189876
6785,-2.008513384297671
6786,-2.6472579796682987
6787,-1.4678247185024729
6788,-2.805954893514853
6789,-2.2626796895207426
6790,-2.194713947769232
6791,-2.5383995716750247
6792,-1.7061464118750733
6793,-2.338784188176515
6794,-2.4929095481641506
6795,-2.703400207857277
6796,-2.8380297189878427
6797,-1.879462847898346
6798,-2.3601145651880375
6799,-2.349260674083843
6800,-2.0380886327441634
6801,-2.810531694873953
6802,-2.1591120028090653
6803,-1.6897459023972181
6804,-2.5948678698195162
6805,-2.3982368030340018
6806,-1.862334277725973
6807,-2.3315085674587244
6808,-2.1552468437569168
6809,-2.857351069528262
6810,-2.2050084565697334
6811,-2.2051874685436714
6812,-1.921484145473335
6813,-2.478507117898343
6814,-2.275880271490658
6815,-2.5934302848235795
6816,-1.7222112757967665
6817,-2.178427385704022
6818,-2.2381581355583986
6819,-2.44672741727393
6820,-2.151452442670991
6821,-2.071835254482155
6822,-1.972206711797995
6823,-2.0087737972580646
6824,-2.8176609999294713
6825,-1.8331329484008037
6826,-1.7621138667626466
6827,-1.8796186071802194
6828,0.37709549543013193
6829,-1.366152879764398
6830,-2.3105343819347794
6831,-2.395826449960064
6832,-2.865350538330334
6833,-2.316684992663698
6834,-2.498554709361697
6835,-2.2161833960682427
6836,-1.8277220391704405
6837,-2.4541373140068727
6838,-2.267930939845851
6839,-2.255231487734611
6840,-0.23788925015031026
6841,-2.7018675108598447
6842,-1.5732713731131813
6843,-2.267482315783622
6844,-1.7567820368925933
6845,-2.9267331693885907
6846,0.49887908402689735
6847,-2.8930214791334965
6848,-2.0237588270210694
6849,-1.8195043528427244
6850,-2.9655445521419295
6851,-2.1183026997799748
6852,-2.4063799528920433
6853,-2.0988781118431814
6854,-1.981974419261317
6855,-2.0919645755988836
6856,-2.3641948447634484
6857,-2.84345911804592
6858,-1.532136391611478
6859,-2.841224496236666
6860,-1.9492171117848676
6861,-2.2024648267982894
6862,-2.8710116179187963
6863,-2.6144248172485662
6864,-2.1054214660451187
6865,-2.232713749649606
6866,-3.0162209280926304
6867,-2.4775837500002544
6868,-1.6202420440191412
6869,-2.807485596679701
6870,-2.4768228644395673
6871,-2.362874401461419
6872,-2.0902652281091116
6873,-2.005627226299008
6874,-2.4485135612909663
6875,-2.453487762728927
6876,-2.4110417095253527
6877,-2.162982077111796
6878,-2.352393770685371
6879,-2.692026427973583
6880,-2.5725449584389444
6881,-2.6664683089640078
6882,-2.320546030849557
6883,-2.5649216425461434
6884,-1.9763321282230262
6885,-2.063710278174365
6886,-1.9602868989086346
6887,-2.3919094336801505
6888,0.438118177184621
6889,-1.7066142477991333
6890,0.5578020990644944
6891,-2.262298698124271
6892,-2.0271858972423424
6893,-2.372084841990831
6894,-2.4906066990850904
6895,-2.6751901317106173
6896,-2.6218763102619933
6897,-2.633618815776467
6898,-2.769380095147274
6899,-2.610972438049798
6900,-1.9618941687741192
6901,-1.7678153499093257
6902,-2.3050796450144873
6903,-2.22996763673897
6904,-2.175221079252161
6905,-2.157430461062174
6906,-2.1717652520905326
6907,-2.3163349781389564
6908,-2.046028879073274
6909,-2.3227315430339304
6910,-2.6226725508642357
6911,-2.7345504892478205
6912,-2.2586439938223113
6913,-2.613402417768716
6914,-2.3714544269195925
6915,-1.9569009534651542
6916,-2.1719703910544594
6917,-1.9967682984025574
6918,-2.1713666306501773
6919,-2.6632719558452194
6920,-2.2727634512603103
6921,-1.798376754382607
6922,-2.3905807538428103
6923,-2.1351005050225993
6924,-2.414567992313422
6925,-2.8953888154358136
6926,-2.5266754494270285
6927,-2.0013484494667044
6928,-1.939478657062187
6929,-1.7267660809919503
6930,-2.971719936708575
6931,-1.3902210935490464
6932,-1.9222532704784059
6933,-2.529020431587104
6934,-1.7480706805133304
6935,-2.756963467257782
6936,-2.53553763441395
6937,-1.9073447393798313
6938,-2.6444017166254428
6939,-1.7048689207851284
6940,-2.5398158433460947
6941,-2.407654873298086
6942,-1.9162225953001892
6943,-1.9183135190414053
6944,-2.0491315365704073
6945,-2.807129231368667
6946,-2.885764876697522
6947,-1.7373728315729062
6948,-1.999126562098284
6949,-2.748541866701375
6950,-2.3560281071079947
6951,-2.133994500147013
6952,-2.195235528324616
6953,-1.8009755996167374
6954,-2.620348069150999
6955,-2.1212502497704047
6956,-2.800668779696842
6957,-1.3844670012082245
6958,-2.6631612597764893
6959,-2.4752386918242664
6960,-2.2786806289161787
6961,-2.12285133635321
6962,-2.8739396207111167
6963,-2.609374764384554
6964,-1.5913614393773914
6965,-1.6962648371640578
6966,-1.7788956408605097
6967,-1.7464467609859302
6968,-2.616583929819795
6969,-2.164018439589858
6970,-1.7286462519471055
6971,-2.0129851328440846
6972,-1.7912021318491589
6973,-2.198302283828572
6974,-2.424640853526715
6975,-2.82470688760101
6976,-2.432164918080203
6977,-1.8499476342490766
6978,-1.7816878246272103
6979,-2.7750425040610254
6980,-2.6081847697631146
6981,-1.9131217988927889
6982,-2.1760897258430356
6983,-2.131080459517257
6984,-2.0331198883108934
6985,-1.7896552565993815
6986,-1.3572687483686792
6987,-2.376563111638123
6988,-2.3326131824973424
6989,-2.6471808929583163
6990,-1.5842916716080293
6991,-1.9722269548357736
6992,-2.7729218762095833
6993,-2.1702475360992826
6994,-2.5877479558840357
6995,-2.6623531747097604
6996,-1.7022488762631267
6997,-2.632348697422491
6998,-1.8174510160362216
6999,-2.703061839473774
7000,-2.61955872961219
7001,-2.0920335417951343
7002,-1.9153622509302213
7003,-2.10204641841922
7004,-2.1109401485694144
7005,-2.5177832326289136
7006,-1.712207109882982
7007,-2.584346521391297
7008,-2.387312127752397
7009,-2.4538113862842406
7010,-2.1785864206792382
7011,-2.257486529870791
7012,-1.9019475500519618
7013,-1.258348081039327
7014,-2.609567479597155
7015,-2.4783818939029416
7016,-2.63349690097464
7017,-2.430836091136904
7018,-2.1617025793166214
7019,-2.9914329782756597
7020,-2.37544830907146
7021,-2.508523539444243
7022,-2.230831826318671
7023,-1.2092728165925837
7024,-1.7228948956381334
7025,-2.0318689419745977
7026,-2.2176656842289164
7027,-1.9973581019170465
7028,-1.9229484083806065
7029,-2.7923063059968114
7030,-1.9438501439907567
7031,-1.9211230269505033
7032,-2.112798536581659
7033,-2.636111406605745
7034,-2.4178190165459497
7035,-2.5562334639488022
7036,-2.1882816544600576
7037,-2.51281084577191
7038,-2.271354482587375
7039,-2.506791810265522
7040,-1.8637888211768359
7041,-2.3640472900706837
7042,-2.6990014069514205
7043,-1.917049704745309
7044,-2.9598416793721514
7045,-1.8443859211405744
7046,-2.1213102543804245
7047,-2.7927866584193968
7048,-2.518164688844126
7049,-1.9919598434360644
7050,-2.5432296145253024
7051,-2.2727907071145337
7052,-2.757530620474557
7053,-2.870285775763794
7054,-1.9430390320585524
7055,-2.412162257439932
7056,-2.5612436251646216
7057,-1.7555399868492503
7058,-1.8331040536037284
7059,-1.7420774923742486
7060,-2.6448381309251863
7061,-2.0839164666759435
7062,-2.2277123476108596
7063,-2.437248411321067
7064,-2.236603558475768
7065,-2.065073803020155
7066,-2.2678855011190473
7067,-2.509845201242036
7068,-1.1860292201908338
7069,-1.868328044011192
7070,-2.634224847077803
7071,-1.6002956980363785
7072,-2.2287226808896032
7073,-2.1207465754498367
7074,-2.808047949573834
7075,-2.3671489653594957
7076,-2.4062007910733603
7077,-1.7957599078523516
7078,-2.876883512183116
7079,-2.147814312931369
7080,-1.7248563586332692
7081,-1.483666948282363
7082,0.11067246478086895
7083,-2.425853088518016
7084,-2.738126057428831
7085,-1.9950892933556563
7086,-1.8448780446982453
7087,-2.488915315610682
7088,-1.309847516426889
7089,-2.36104973728879
7090,-2.5460275592775776
7091,-2.591131868544137
7092,-2.6256423208272888
7093,-2.1439139822770126
7094,-0.15107934128673461
7095,-1.8584218387505846
7096,-1.720337867485329
7097,-2.2394430252637534
7098,-1.867849411265175
7099,-2.1647460020932834
7100,-2.1920578378427367
7101,-1.4235526181658882
7102,-2.1699622866919026
7103,-2.250503695724042
7104,-2.364385008938735
7105,-1.7319134597132104
7106,-2.147782648595037
7107,-1.6766491720430439
7108,-2.367293736251221
7109,-1.2876178503640336
7110,-2.0858690904196977
7111,-2.496792511597888
7112,-2.3487070150345373
7113,-1.881287118316542
7114,-2.418860411752189
7115,-2.5596983661048704
7116,-2.274027018281811
7117,-1.8229740469851905
7118,-2.717693501524477
7119,-2.271495797864085
7120,-2.817659112152725
7121,-1.9269938512007503
7122,-1.917410635693333
7123,-1.7671435488126928
7124,-2.570115803891715
7125,-2.022900422387361
7126,-1.9015539692071957
7127,-2.2208228814050983
7128,-1.8790178124236663
7129,-1.9238875597367295
7130,-2.0437301908815595
7131,-1.784136949042732
7132,-2.264042412996512
7133,-1.865033697279813
7134,-2.1165058121870786
7135,-1.5311437840610855
7136,-2.6095624201946026
7137,-1.6189257830504786
7138,-2.1507120540827387
7139,-1.5442347559589573
7140,-1.7951624517863511
7141,-2.50070241285896
7142,-1.5917947230017764
7143,-2.5979453625910724
7144,-2.2511269574853183
7145,-2.958757399468816
7146,-2.3756324277874037
7147,-2.8181208773478335
7148,-2.3202013702705666
7149,-2.1663431883443587
7150,-1.7107476242574688
7151,-1.6063433256160309
7152,-2.6828872798044485
7153,-3.0039793643358896
7154,-2.2434445433816244
7155,-2.3016125322220606
7156,-2.8102506351546666
7157,-2.3274296631507605
7158,-2.101397141593854
7159,-2.5453574992868053
7160,-2.166156216912212
7161,-1.8110271916385883
7162,-2.7006362778300224
7163,-2.7126668923611286
7164,-2.361961978995673
7165,-2.5919778992704043
7166,-2.3445331324950884
7167,-1.5564326075705222
7168,-1.6547286756504116
7169,-1.934807578314279
7170,-2.503606532751581
7171,-2.1970464255686184
7172,-2.1991411818656705
7173,-2.4651626754933718
7174,-2.613205949006476
7175,-2.3662606872440346
7176,-2.1482327607917693
7177,-1.9702737690944039
7178,-2.690788545622907
7179,-2.4183328417903196
7180,-2.139809149133926
7181,-2.545380441282207
7182,-2.2599174729293217
7183,-1.5873103880310715
7184,-1.900555747950061
7185,-1.2102081559201954
7186,-1.5015575237710077
7187,-1.8462587216573298
7188,-1.6714134146172397
7189,-2.3064636203397244
7190,-1.950038440013675
7191,-1.9894041275007643
7192,-1.769216725956333
7193,-1.5099175885844056
7194,-3.066543166268228
7195,-2.7152136195213084
7196,-2.333597050569018
7197,-2.2904593197015766
7198,-1.9427803694609371
7199,-2.579122662664052
7200,-2.5803233405376
7201,-2.492136550204612
7202,-2.1502551134137255
7203,-2.235309282854626
7204,-1.9263521128330834
7205,-2.068289176818653
7206,-2.204117380586112
7207,-2.268815743078419
7208,-1.55389278024927
7209,-2.0997115356175793
7210,-2.2511314686589032
7211,-2.5053995061114307
7212,-2.5885133417036337
7213,-1.5783587218725523
7214,-2.3568383212150485
7215,-2.5536104777976996
7216,-2.08652265119663
7217,-2.339183557604739
7218,-1.6446565910207604
7219,-1.9535128763224145
7220,-2.71260962870056
7221,-2.8892470788411893
7222,-2.4403098131262815
7223,-2.401666086071239
7224,-2.906453503888829
7225,-2.15420968226706
7226,-2.2966606112479764
7227,-1.5735193919878874
7228,-1.8651111150784734
7229,-2.2523991569796284
7230,-1.9447967954338385
7231,-2.80974620377118
7232,-1.8662212159864209
7233,-2.193201471674575
7234,-2.3357982630322742
7235,-2.301248399503405
7236,-2.691377548826358
7237,-1.954134444120665
7238,-2.047638877703643
7239,-3.243314277731879
7240,-2.2425064358299296
7241,-2.8367375915134394
7242,-2.522277348316054
7243,-2.831755822603576
7244,-2.64591788744339
7245,-2.2648407536754536
7246,0.9807823652970171
7247,-1.5844827563348742
7248,-2.2953914309511543
7249,-2.2805953214753694
7250,-2.1556006178936555
7251,-2.237429096182469
7252,-2.324587689196754
7253,-2.6882086045981546
7254,-1.5425315336067742
7255,-2.37555587218147
7256,-2.616647823792079
7257,-2.6036789925748622
7258,-1.977290620254248
7259,-2.4464717862214966
7260,-2.1193360988812184
7261,-1.7617960625345481
7262,-2.5078963473567994
7263,-1.7569172564462456
7264,-2.7023101880360407
7265,-2.303674418386218
7266,-1.5335850530499848
7267,-1.8559764250839572
7268,-1.842233761783459
7269,-2.395368330198614
7270,-1.7284652112424144
7271,-3.0230102144280826
7272,-2.733919297068489
7273,-2.329503580902566
7274,-2.7925722894645544
7275,-2.7658644658137113
7276,-1.50966675018515
7277,-2.3826790657363555
7278,-2.428168377740776
7279,-1.8140459123085735
7280,-2.545895472426609
7281,-2.0800866617531906
7282,-2.2272522872865848
7283,-2.6550766384882047
7284,-2.588732151563246
7285,-2.1707142146428375
7286,-2.617778131365371
7287,-2.566539335643446
7288,-1.7188407801777705
7289,-1.5927657266488755
7290,-2.473955872734614
7291,-2.17698323562668
7292,-1.716052057534191
7293,-1.498816530836274
7294,-2.4950219218095904
7295,-1.8722033371906739
7296,-1.7279743765452733
7297,-0.19706151238162742
7298,-2.262224528736162
7299,-2.4997641313693024
7300,-2.492650065977332
7301,-2.713383753289378
7302,-2.6776452138219464
7303,-2.2346679520623893
7304,-2.2794670614747785
7305,-2.2141429921059017
7306,-2.317302325706171
7307,-1.989491050393895
7308,0.029364824456831456
7309,-2.343823249598955
7310,-2.147995657433893
7311,-2.8267869896763007
7312,-1.9994990177739156
7313,-2.54346326369362
7314,0.4489713272900381
7315,-2.1494355961426406
7316,-2.4498898692135977
7317,-2.522679730056123
7318,-2.514455255856758
7319,-1.7039898862832115
7320,-2.5278748699766034
7321,-2.7328755118523955
7322,-2.0557635823533515
7323,-2.161085305592323
7324,-2.6320883067012506
7325,-2.696809438619872
7326,-1.9143586593590751
7327,-2.2913500489767453
7328,-2.078039715877057
7329,-1.6095643301367752
7330,-2.2078241527571607
7331,-2.12642462417446
7332,-1.726689208509528
7333,-2.39434071345241
7334,-2.386285019336545
7335,-1.6538341562702827
7336,-2.8283120232279306
7337,-2.66605505466437
7338,-2.5430118132380177
7339,-2.461065097817702
7340,-1.938582233630963
7341,-1.984906941964836
7342,-2.246137381387914
7343,-2.523685189727262
7344,-2.1055991967943704
7345,-2.718793026678885
7346,-2.650865887606134
7347,-2.3483262984347806
7348,-2.4985129124293004
7349,-1.7929142775852878
7350,-2.564361590833797
7351,-1.9969359252004297
7352,-1.786686702977652
7353,-2.0820655170867752
7354,-2.70925626190125
7355,-2.1652803807567134
7356,-2.2604977926004866
7357,-2.3565110793249726
7358,-2.7913888177951898
7359,-2.536525611875893
7360,-2.540422821300418
7361,-2.1302424710483474
7362,-2.5787333024403223
7363,-2.4966826625181002
7364,-2.1437464726883957
7365,-1.9493116483601858
7366,-2.162046025431369
7367,-2.285234779958467
7368,-2.629086785111522
7369,-2.6236506379409357
7370,-1.9239806079964794
7371,-2.7597996692146323
7372,-2.6607901053632443
7373,-1.7187873506795985
7374,-2.0070994952588785
7375,-2.0207518645044584
7376,-2.194449313335085
7377,-2.380829749358951
7378,-2.3354805466626645
7379,-2.5062692403106896
7380,-2.217364202574327
7381,-2.5406563613955906
7382,-2.0377481653894964
7383,-2.0741115563021824
7384,-2.018457414503454
7385,-1.7231410405507237
7386,-2.1442076626195035
7387,-2.060624432329828
7388,-2.5611437978766083
7389,-1.6252095425240956
7390,-2.2256208282164476
7391,-1.6152720655797468
7392,-2.2268193315507627
7393,-2.6437929138575855
7394,-1.656491146569299
7395,-2.3602684470810202
7396,-2.560508366117683
7397,-2.5379839784945775
7398,-2.1583252648566082
7399,-2.8197673346266208
7400,-2.196367399531359
7401,0.024928237046834324
7402,-2.281528163432215
7403,-2.0439905366400817
7404,-2.618111543403289
7405,-2.5522071628837315
7406,-1.6093773426932192
7407,-2.5456305545957263
7408,-2.0083276530299465
7409,-2.032094025809417
7410,-1.3515499673051723
7411,-2.274487413644631
7412,-2.360386413324649
7413,-2.09855653651799
7414,-2.6515641330198325
7415,-2.607169299904739
7416,-2.414346862942044
7417,-2.449078556460743
7418,-1.9622554277872968
7419,-1.7708030732772555
7420,-1.820176337451868
7421,-3.095018862436746
7422,-1.7287409399932645
7423,-2.0746620647635323
7424,-2.7685416096577256
7425,-2.8274546718494875
7426,-2.1763594902439087
7427,-2.1540073639305213
7428,-2.0581751692300148
7429,-2.2428894010718996
7430,-2.333296601052911
7431,-2.273582050491831
7432,-2.882734160716085
7433,-2.270499544463434
7434,-2.3978657153477214
7435,-2.786226140168933
7436,-2.642953239404486
7437,-1.7938588454272857
7438,-2.4205400685183696
7439,-2.9595297522310693
7440,-2.107557865271947
7441,-2.6208588329746965
7442,-2.470507821197988
7443,-2.952344589548816
7444,-1.5697845744488563
7445,-1.8289713096063085
7446,-1.8687574209758802
7447,-2.580230662569481
7448,-2.73902124105263
7449,-1.6260832349286698
7450,-2.939037047666621
7451,-2.6652561386479885
7452,-2.885317603225745
7453,-2.4730506349061505
7454,-2.6210500899045037
7455,-2.4067897650634644
7456,-2.261862855267372
7457,-1.9127752902941002
7458,-2.5693199287839446
7459,-1.8329266287185302
7460,-1.9960806495806553
7461,-1.4140007343999181
7462,-1.8973156268515095
7463,-2.146369655039964
7464,-2.5627700630777164
7465,-1.7238548402270037
7466,-2.1066817209563555
7467,-2.5174517983087017
7468,-1.8094636623866711
7469,-2.19917132903648
7470,-2.312734606106421
7471,-0.9968464848903007
7472,-2.1024659227533196
7473,-2.653346888965346
7474,-2.247399298016087
7475,-2.2134021134395097
7476,-2.408409758768484
7477,-2.285473035425184
7478,-0.1800110757036104
7479,-2.697851055731407
7480,-2.1388773755285664
7481,-1.5797942605890347
7482,-2.0370159690000915
7483,-1.9274064294921616
7484,-2.7399283636754475
7485,-2.136162678844399
7486,-2.6507574321672367
7487,-2.0687129926220704
7488,-1.8079772570035713
7489,-2.687304258489916
7490,-2.766872496470142
7491,-2.4572639379567125
7492,-2.405994010427578
7493,-2.5248288491869597
7494,-2.599713319989719
7495,-2.5940489027511746
7496,-2.4758935880807273
7497,-2.457401187095028
7498,-2.207557983697552
7499,-2.1899594719366218
7500,-2.6041325224355503
7501,-2.9051438025727037
7502,-1.7320738197170154
7503,-1.7348592591553493
7504,-2.503533137811914
7505,-1.776827053368658
7506,-2.2681477733803033
7507,-2.1059863649132176
7508,-2.4569562350453977
7509,-2.563397965631122
7510,-2.565219406244138
7511,-2.40905401257393
7512,-2.3081641865377787
7513,-1.7306375459719219
7514,-1.6842244456821223
7515,-2.332090548351964
7516,-2.052261437467091
7517,-2.4958229855907565
7518,-2.4141348145736803
7519,-3.0195510853089984
7520,-2.7930483224957725
7521,-2.226888974948899
7522,-1.8592017603982334
7523,-2.4357601293780853
7524,-1.5422100163255035
7525,-2.4380684379956623
7526,-1.9370063432938218
7527,-2.687491981140899
7528,-1.7905946483350246
7529,-1.7814459011302608
7530,-2.3392974868567546
7531,-2.9110412448818512
7532,-2.2190699469402997
7533,-2.0646037701421656
7534,-1.983701339117282
7535,-2.1677483627838576
7536,-1.8929550345098998
7537,-2.7728191739789723
7538,-1.8643318897500316
7539,-1.9128670455100376
7540,-2.9018229535792526
7541,-2.068183133805497
7542,-2.430619422662138
7543,-2.456811145270602
7544,-2.3899326833893944
7545,-2.0466782163484245
7546,-2.3616778689661615
7547,-1.6965544189222763
7548,-2.3085157247044106
7549,-2.2513570115001698
7550,-1.866705814993335
7551,-2.214562861666493
7552,-2.546155220614105
7553,-1.298786914801252
7554,-1.8752966001126103
7555,-2.3255288196831816
7556,-1.7681598056566015
7557,-2.072142102914965
7558,-2.4133518025816474
7559,-2.858622485479435
7560,-2.6174910394733866
7561,-1.8532149049906441
7562,-2.1983231390106535
7563,-2.389995664420865
7564,-2.471325463362373
7565,-2.8748659255646802
7566,-2.139153723925423
7567,-2.456087291587211
7568,-2.153465136397757
7569,-2.9882163303039606
7570,-3.089044212423667
7571,-2.3630629996564427
7572,-1.883268937805537
7573,-1.468060735689171
7574,-1.9049201436539913
7575,-2.3169851666734798
7576,-2.3101520112182827
7577,-2.199246421834871
7578,-1.8253331220855988
7579,-2.463759609817483
7580,-2.8177075419079864
7581,-1.9787447985131024
7582,-2.4745339589525823
7583,-2.7741895755196473
7584,-1.9525232050867694
7585,-3.0447924852905377
7586,-1.5982162815703196
7587,-1.9574532098786843
7588,-1.6989648347681399
7589,-2.805498310099015
7590,-2.9694447499909855
7591,-2.798273738648872
7592,-2.161766764718884
7593,-2.0379715258375795
7594,-2.126342976879058
7595,-1.981071048980153
7596,-2.8898778000050567
7597,-2.625911508849791
7598,-2.664953202735399
7599,-2.6122856864834216
7600,-1.4984556592765375
7601,-2.1812906213571415
7602,-1.9323806378770187
7603,-2.667411411067752
7604,-3.0031210087017004
7605,-1.9448494290985534
7606,-2.5592061739767704
7607,-2.453215818763058
7608,-2.443903981695359
7609,-2.906488360148179
7610,0.11314610308647814
7611,-1.6014116107633387
7612,-2.4170872925579654
7613,-2.3977440724156214
7614,-1.975852851131543
7615,-2.197388246193861
7616,-2.096244171076443
7617,-2.726840804074115
7618,-1.8247004789091006
7619,-0.7291788994135419
7620,-2.4937210119953312
7621,-2.64737451186401
7622,-3.0294342854462157
7623,-1.6401303533767204
7624,-2.219420624832173
7625,-2.6448670270792953
7626,-3.023671434253788
7627,-1.9872378707829987
7628,-2.621817811719441
7629,-2.1399433136879704
7630,-2.1391465436520662
7631,-2.681516339726683
7632,-2.913559118226711
7633,-2.3300781207705037
7634,-2.8398951634780065
7635,-2.7049686442433463
7636,-2.109544812405946
7637,-1.8818510808405886
7638,0.10007976397673563
7639,-2.535055664661862
7640,-2.1566023461581705
7641,-2.8885780418962184
7642,-2.5333799345050725
7643,-2.4796044069560375
7644,-2.4796808651838638
7645,-1.8913107604105572
7646,-2.6815348664959253
7647,-2.7461667708560973
7648,-2.4555190969098284
7649,-2.2425995939039867
7650,-2.4496017389559723
7651,-2.6276470617353507
7652,-1.9007896448231578
7653,-2.1913318133370914
7654,-2.0478137318522154
7655,-1.6925058362593002
7656,-1.6830438079020076
7657,-2.3861655783203566
7658,-2.518592101899847
7659,-2.6819160175728447
7660,-2.83361476523012
7661,-1.8965987741314037
7662,-2.0685189933933925
7663,-2.158931785977592
7664,-2.3163963145830455
7665,-2.6556706993308885
7666,-1.5856717045598478
7667,-2.571289954656288
7668,-2.6083090917918867
7669,-2.33319117171745
7670,-2.741564338419401
7671,-2.812596144196074
7672,-1.950820844301573
7673,-2.0008668271825094
7674,-2.87947764287012
7675,-2.2115248084336683
7676,-1.9622711767704135
7677,-2.519672220524111
7678,-2.424933007679241
7679,-2.8234400329346383
7680,-1.8905781800834922
7681,-1.6751641031999018
7682,-2.268110204406901
7683,-2.0244797364244516
7684,-2.443604862797257
7685,-2.712694522592677
7686,-3.1682110745731933
7687,-1.9254978694289593
7688,-2.7795318923252728
7689,-1.549830575338104
7690,-2.5436873332259387
7691,-2.508044985469384
7692,-2.4971245045538892
7693,-2.725856332176413
7694,-2.6982830292599544
7695,-2.2471572329311593
7696,-1.7786721217185961
7697,-2.6479320728096725
7698,-2.010366566655326
7699,-2.0074521686747127
7700,-1.8561627140155
7701,-2.473316453256867
7702,-1.9553438228727003
7703,-2.420501322954628
7704,-2.183340958675661
7705,-2.6704904181995652
7706,-2.541311713525719
7707,-2.3978056923401727
7708,-2.43846529542325
7709,-2.0880975579688177
7710,-2.1459146602735544
7711,-1.6692674852837603
7712,-2.460675442343907
7713,-2.4013993318875735
7714,-2.029700642995677
7715,-2.65497267268665
7716,-2.7567832969828174
7717,-1.5773579515876348
7718,-2.9689766087214324
7719,-2.9149320885821934
7720,-2.1234060393297667
7721,-2.2157593192559752
7722,-2.3843455297395333
7723,-1.5070903292935234
7724,-2.0807648908727683
7725,-2.3055005354204297
7726,-1.9300711641231383
7727,-1.5811834995649443
7728,0.5014029754862203
7729,-2.2245816692495763
7730,-1.7844318709760838
7731,-2.5292170940346788
7732,-2.7204162006994865
7733,-2.4564070037395727
7734,-3.213614720333388
7735,0.20680531689205547
7736,-2.2690311267189043
7737,-2.3874944923006804
7738,-1.4671087454671006
7739,-2.68834878102521
7740,-0.2264586421209767
7741,-2.918492234578527
7742,-2.0590178332121125
7743,-1.9946911734129726
7744,-2.5802205169676515
7745,-2.2065299974391293
7746,-1.9856454447557204
7747,-2.0046171860946824
7748,-2.506576962425134
7749,-3.0781201855235967
7750,-2.1978376062596126
7751,-2.4212261191785447
7752,-2.8778254231474167
7753,-2.363974572220653
7754,-2.5064921027935925
7755,-1.6845033810982102
7756,-2.5212385423959196
7757,-2.335760587015698
7758,-2.6716342895815273
7759,-2.406042458650744
7760,-2.801189639050679
7761,-2.667692026441427
7762,-2.384080698241757
7763,-2.2886133060002085
7764,-2.539516337480834
7765,-2.4539718714025147
7766,-1.5043369750270363
7767,-1.447616110339826
7768,-2.4912019864316597
7769,-1.809498848611231
7770,-3.0218729974715037
7771,-2.057771422056735
7772,-1.9221551896944626
7773,-2.356282053791409
7774,-2.410980133683946
7775,-0.08761017111339561
7776,-1.9253031962796532
7777,-1.4908075592321934
7778,-1.6804406758047263
7779,-2.4329563859213343
7780,-3.082266803523329
7781,-2.338514344616092
7782,-1.7817305695112386
7783,-2.528499481193363
7784,-2.108664879639476
7785,-1.895037107472987
7786,-2.570097641638238
7787,-1.8211857034147008
7788,-2.7828083383432944
7789,-2.467656920048855
7790,-2.1679504137773398
7791,-2.0887794358326293
7792,-1.5174774759867338
7793,-2.006231905011643
7794,-2.386153852799957
7795,-2.723090742356314
7796,-2.723249207646772
7797,-1.702761863796675
7798,-2.294349912972532
7799,-1.4337833328580472
7800,-2.343592934606974
7801,-1.8153777907928843
7802,-2.710856002906332
7803,-1.8211260138511742
7804,-2.016790396912216
7805,-2.2648613227688745
7806,-2.040284515035159
7807,-2.6510891095575593
7808,-1.6589552603239686
7809,-2.6833882033204577
7810,-1.7488179744187484
7811,-2.7766425401234547
7812,-1.7223678932163484
7813,-2.414033380896911
7814,-2.3704156801056016
7815,-2.173802284852211
7816,-2.639910968258978
7817,-2.351326641850098
7818,-2.526024108871344
7819,-2.3762414241429255
7820,-2.5211860177406074
7821,-1.9370410266809857
7822,-1.9768225659535243
7823,-2.458590263883636
7824,-2.5018542947633073
7825,-2.0220448120870684
7826,-2.59169835219865
7827,-1.5331923373377476
7828,-2.1087259894027954
7829,-2.492188522847311
7830,-1.7500527737825873
7831,-2.2471613034197997
7832,-2.385916451880994
7833,-2.6976612390258476
7834,-2.7838302904423116
7835,-2.0700839394791877
7836,-2.0532993557782397
7837,-1.7155574561212976
7838,-1.7450744949660437
7839,-2.3473160713861336
7840,-2.9486212221075982
7841,-1.7571375075253002
7842,-2.5857741655861184
7843,-2.5319708543702384
7844,-2.358954550517392
7845,-2.0610666750958204
7846,-2.161925370777966
7847,-2.331213074006274
7848,-1.8870047249403645
7849,-1.6039241058670224
7850,-2.668476737424771
7851,-1.7599381167107497
7852,-1.8622157732515128
7853,-2.681492400998542
7854,-2.3266798313159653
7855,-2.5510885454035686
7856,-2.5823034459342598
7857,-2.171533429130531
7858,-2.370281494299062
7859,-1.9558533365688182
7860,-2.257830399061358
7861,-2.6471120266293604
7862,-2.1989506653048196
7863,-2.9057955395101964
7864,-1.7636117161882148
7865,-2.150695173639857
7866,-2.6258583447512938
7867,-2.59477975624559
7868,-2.7774130676939244
7869,-2.5279811752168833
7870,-2.7732563482584514
7871,-2.8640709051892324
7872,-1.7944375402345252
7873,-2.539576664029988
7874,-2.6460313413728214
7875,-2.137401921592555
7876,-2.227539437954428
7877,-2.7797546519163476
7878,-2.2276898582927505
7879,-1.9844024081575573
7880,-1.6456302064982384
7881,-1.7402235139150108
7882,-1.875284278458291
7883,-2.2383330765512426
7884,-2.409297158676534
7885,-3.1682167220330313
7886,-1.8937747101906282
7887,-2.3875449776680204
7888,-2.871698914614161
7889,-2.0887655897952313
7890,-2.0017788072321614
7891,-2.0497152010069963
7892,-2.7539268409440543
7893,-2.531677159878988
7894,-1.50040218730833
7895,-2.11752121926601
7896,-2.3186909745109956
7897,-1.7666347549911032
7898,-1.5858272264872562
7899,-2.7193097116946494
7900,-1.4419561854835499
7901,-2.1484426455580703
7902,-2.597060232038606
7903,-2.5723554466174816
7904,-2.2048448867088064
7905,-1.9121451312777145
7906,0.9045697803292251
7907,-2.8137421458586522
7908,-2.6738446021222857
7909,-1.9345049890702897
7910,-1.9543948989907045
7911,-2.062821949922421
7912,-1.8260837681085038
7913,-2.2779729989579236
7914,-2.3524911931510286
7915,-1.9750620006059558
7916,-2.1299921804662127
7917,-2.49914343502876
7918,-2.0385901959165547
7919,-2.3262706995278193
7920,-2.795207992654445
7921,-2.0518940476991077
7922,-2.244263346214993
7923,-2.1216560375891667
7924,-1.4503001341718385
7925,-2.021308651140962
7926,-2.1903997176600623
7927,-1.9567442244401496
7928,-2.443673622245552
7929,-1.5132778840359358
7930,-2.3733494008579226
7931,-2.262691876027229
7932,-2.1227857153028036
7933,-2.2130970954172895
7934,-2.455880948683481
7935,-2.6627387466282797
7936,-2.6716536976419616
7937,-1.7553312347043526
7938,-1.9321474273047279
7939,-1.9921155440653335
7940,-1.6714611021557277
7941,-2.5423722895594247
7942,-2.174709026174947
7943,-1.9637293958265751
7944,-2.9683058711982304
7945,-2.231366875793806
7946,-2.1204155723050384
7947,-1.613561871769552
7948,-2.538615656528026
7949,-1.6158203006522236
7950,-2.42710838578139
7951,-2.610256643983626
7952,-2.4208034058015246
7953,-2.61999342282029
7954,-1.64522934060432
7955,-2.078326608323241
7956,-2.0602429938424116
7957,0.48273303019017166
7958,-2.8564218542358275
7959,-1.54258375999884
7960,-2.8538707300010273
7961,-2.1885661163991155
7962,-2.568095719785816
7963,-2.1277203970436807
7964,-2.599137426482484
7965,-2.34596158708311
7966,-2.5972508450653797
7967,-2.3735781767833317
7968,-2.2742546606062843
7969,-1.8460271634762717
7970,-2.50102834274135
7971,0.04697623578106998
7972,0.8360652703859461
7973,-1.676617745034169
7974,-2.4144627845354067
7975,-2.291147865234036
7976,-2.1813375256733707
7977,-2.2232070162338133
7978,-1.904166825312853
7979,1.2461509250891052
7980,-2.294744474847668
7981,-2.052803445814518
7982,-2.7241440570593536
7983,-1.3846623129412674
7984,-2.467324067815316
7985,-2.5353765106646162
7986,-1.6578139754790937
7987,-2.4487913386380984
7988,-2.4246860617993824
7989,1.1590192902744996
7990,-2.3146986464180626
7991,-2.543627117842407
7992,-2.5295578501472202
7993,-1.6006275928659777
7994,-2.4585464812768967
7995,-1.5571760362896307
7996,-2.5053970028055983
7997,-1.7240644242063563
7998,-2.244658823975665
7999,-2.433219258425919
8000,-1.9332457813484063
8001,0.22265744315535344
8002,-2.660781062475683
8003,-2.815693054706135
8004,-2.18771088053075
8005,-2.347963308923164
8006,-2.6261670194271525
8007,-2.551868861455208
8008,-2.483692538907171
8009,-1.9199874005753397
8010,-2.012785387335029
8011,-2.00265717619107
8012,-2.5923900008821814
8013,-2.141684552229498
8014,-2.3758445062090714
8015,-2.6409171191329355
8016,-1.198670172581209
8017,-1.9447675029992209
8018,-2.466351242673733
8019,-2.359782781587747
8020,-2.6949867977785242
8021,-2.5580529667586305
8022,0.5088441797764638
8023,-1.9769701690578037
8024,-1.8358468217047417
8025,-2.475052719635686
8026,-2.809410675534545
8027,-1.9318777835607823
8028,-2.293464118150288
8029,-2.095680957600943
8030,-2.347378800069461
8031,-2.4860887011956487
8032,-2.11200341355509
8033,-2.2234951879629685
8034,-2.038018608420378
8035,-1.6464038412379904
8036,-2.2411295124097785
8037,-2.533353925613521
8038,-1.515366141198353
8039,-2.3376546099676854
8040,-2.1926381006316102
8041,-2.3130398428946037
8042,-1.9730425410164896
8043,-1.2365030772623362
8044,-2.048580796901767
8045,-2.4836907143732527
8046,-2.1763891725551443
8047,-1.6575377959699744
8048,-2.771171221876648
8049,-2.060227938931068
8050,-2.1173742509035782
8051,-2.136698565717358
8052,-2.9543970288953787
8053,-1.695489603330956
8054,-2.5514227347279355
8055,-2.2986146176542475
8056,-2.7797115853389798
8057,-2.434708362201279
8058,-2.8406533361711728
8059,-2.2831040625157057
8060,-1.6757589795049885
8061,-0.45230859431465276
8062,-2.69721981045523
8063,-1.9763330383143969
8064,-2.2702399923361445
8065,-2.444466686952054
8066,-2.3282647664280653
8067,-2.7963694284837888
8068,-2.372288564429404
8069,-0.2711047617140098
8070,-2.342910636232155
8071,-2.079139375578133
8072,-2.5205608467039298
8073,-2.8174197808112047
8074,-1.7057156741145811
8075,-2.3434035512090814
8076,-1.9031992056456477
8077,-1.7911378513487168
8078,-2.2531351985414014
8079,0.6322269710153409
8080,-2.128045360728761
8081,-1.911457649648376
8082,-2.1909071048283817
8083,-1.4404550866979813
8084,-1.9769875294184673
8085,-2.1331814446123354
8086,-2.691983450518718
8087,-1.8484523327640627
8088,-2.2228818243667297
8089,-1.8174240538331246
8090,-1.842955061115626
8091,-1.9562276295178336
8092,-2.133938404877287
8093,-2.603091963020289
8094,-2.702596968358961
8095,-1.9964077885175193
8096,-1.9541588899243183
8097,-1.8003272692698402
8098,-0.6013026054629419
8099,0.45481670961642046
8100,-2.3654726808485216
8101,-2.7247790350035412
8102,-1.8325568523039473
8103,-2.6186708445861435
8104,-1.8462538689840349
8105,-2.805516594905895
8106,-1.9180664409157586
8107,-2.7551961932684033
8108,-2.409533632806303
8109,-1.6168782706200424
8110,-2.1731828291973683
8111,-2.192242920511866
8112,-2.696805723540865
8113,-1.9968036567276541
8114,-2.3885587735672207
8115,-1.8604075302505862
8116,-2.8942607235782365
8117,-2.1096474555233784
8118,-1.7562681168187448
8119,-2.7191899346616712
8120,-1.6662303381549086
8121,-2.665650555420272
8122,-2.6946415578538545
8123,-2.7970073113670484
8124,-2.113103802721036
8125,-2.799480940865678
8126,-2.1935248344954936
8127,-1.970825111996238
8128,-1.8971837422528912
8129,-2.5725865000682173
8130,-2.417275811065029
8131,-1.6426878916448742
8132,-2.0885119389126365
8133,-2.194576445362832
8134,-2.112481227213086
8135,-2.740222234010245
8136,-2.222162754279109
8137,-2.428389792553724
8138,-2.2612879200488902
8139,-2.027534775553874
8140,-2.171287405944677
8141,-2.3194229709644993
8142,-2.109446318508019
8143,-3.008772436387707
8144,-2.6277501392097284
8145,-2.5249268964948555
8146,-1.9641359644346021
8147,-0.4713591077758044
8148,-2.350407512717428
8149,-2.489918865980564
8150,-1.9483726638460606
8151,-2.0978136685435707
8152,-2.320969138750004
8153,-1.8878759572470583
8154,-1.9995203856293078
8155,-2.685262020855608
8156,-2.6553926519225124
8157,-2.373637697156694
8158,-2.511079822644687
8159,-2.5670291618928034
8160,-2.634563674184952
8161,-2.558611958963324
8162,-2.706655903011885
8163,-2.1571208640245065
8164,-1.92845288519486
8165,-0.19460104264209485
8166,-2.59382915473713
8167,-2.0056334328187577
8168,-1.9706877897071229
8169,-2.2085185572623565
8170,-1.792533120714925
8171,-2.1453046249642003
8172,-2.0283397879623237
8173,-2.49225473233746
8174,-1.9541042138202964
8175,-1.3401724056465998
8176,-2.8902910137150184
8177,-1.7011342843865227
8178,-1.8333988721677141
8179,-2.523703259702046
8180,-1.8927872579223475
8181,-2.3450520278561995
8182,-2.2874001488080955
8183,-1.7073445643593357
8184,-2.670858841671524
8185,-2.3004426772981876
8186,-2.1489230612531993
8187,-2.2037837222513397
8188,-2.731035493235414
8189,-2.80998809347243
8190,-2.333333236283065
8191,-2.260277613677337
8192,-2.560287762195265
8193,-2.175445409317845
8194,-3.1084423344987346
8195,-2.3461234205698234
8196,-2.7265743722723994
8197,-2.550768213943293
8198,-2.312200329266407
8199,-2.2038120773645016
8200,-2.5944610517220794
8201,-2.0342321418235056
8202,-2.3815786394911065
8203,-2.852988907684694
8204,-2.3841667253921126
8205,-1.9445333064384591
8206,-2.26816698377414
8207,-1.4843918908763976
8208,-2.426135606064769
8209,-2.3056174737874606
8210,-2.216448201733267
8211,-2.4884255146426013
8212,-2.076196358655452
8213,-2.1897208291079973
8214,-2.387373297347807
8215,-2.143052810572771
8216,-2.737460422339455
8217,-2.5082894680953154
8218,-2.164321145104293
8219,-1.345011183362093
8220,-0.10788749858506957
8221,-1.8827023506506957
8222,-2.7641572641069283
8223,-2.543157661000085
8224,-2.187411100709361
8225,-2.731369389341796
8226,-1.6387896655962018
8227,-2.429169960644588
8228,-2.112430752535884
8229,-2.3906167357775137
8230,-1.890444429307784
8231,-1.4977675349121897
8232,-1.914857998712842
8233,-2.284045543684085
8234,-1.769508419167376
8235,-1.971038807624367
8236,-2.286239925245188
8237,-2.970715137887746
8238,-1.5280004362628834
8239,-1.9925488407867025
8240,-2.0101266510861797
8241,-2.474065087460034
8242,-2.0735713640704603
8243,-1.8609296938031408
8244,-2.2532449842294886
8245,-1.576073523320576
8246,-1.8839601391826286
8247,-2.1227102852517006
8248,-2.524053005902834
8249,-1.0857639939786166
8250,-2.5228566314757037
8251,-2.553766666482364
8252,-1.5080110929821622
8253,-1.6705647232964043
8254,-2.7273206421144467
8255,-2.3766506488252856
8256,-1.7400573765765752
8257,-2.543165812144629
8258,-2.201051743000432
8259,-1.6680720637038882
8260,-1.8622450463373923
8261,-1.8171212036721185
8262,-2.348501433128003
8263,-2.2578728316267282
8264,-2.320351231825107
8265,-1.7913474162912602
8266,-2.518814936017394
8267,-2.3008049058674525
8268,-2.124354233374474
8269,0.3161105341475058
8270,-2.202960561904215
8271,-2.7441981786921668
8272,-2.0327713756510324
8273,-2.323940363248705
8274,-2.336042308100064
8275,-3.0814565431972354
8276,-1.8123859672252165
8277,-1.5253026745901535
8278,-2.608347113019121
8279,-2.0422274960591698
8280,-2.2619697570244535
8281,-2.6014791828465103
8282,-2.1558022225556206
8283,-1.7015608704798477
8284,-2.998340995534336
8285,-2.27025243276283
8286,-1.8842120709501613
8287,-2.2516398728904785
8288,-1.5112075744793378
8289,-2.9247204693059503
8290,-2.5434973623841186
8291,-2.488747400862778
8292,-2.7836208379882286
8293,-2.111942328286505
8294,-1.6703685233476195
8295,-2.0977150085385983
8296,-2.5322098981338805
8297,-2.412384720573847
8298,-2.658886261776114
8299,-2.632351118609391
8300,-1.8024674134689365
8301,-2.5090340928881534
8302,-2.0193325095707273
8303,-2.009114906998613
8304,-2.609535707949492
8305,-1.9122674089017517
8306,-2.087091083431473
8307,-2.3062063735510323
8308,-2.7881996759103904
8309,-2.122921347243325
8310,-2.7979624388460196
8311,-2.0891403409700673
8312,-2.4720057912332756
8313,-2.3907905077051623
8314,-2.700364477617356
8315,-1.994938899648857
8316,-2.441570202827356
8317,-1.7942847056108724
8318,-2.6315455600167827
8319,-1.811559954315513
8320,-2.052288472580009
8321,-1.4571103495627356
8322,-1.6037719230224015
8323,-1.8578625915723055
8324,-2.682927905494653
8325,-2.830027755541895
8326,-1.888568222052712
8327,-2.523522088231857
8328,-1.9598145170673629
8329,-1.7679856505012885
8330,-2.440837758595698
8331,-1.714687817376905
8332,-2.4571227237256705
8333,-1.3646573579910588
8334,-2.8898939627315365
8335,-1.5211797105274136
8336,-2.1893581765515004
8337,-2.6658976205283245
8338,-2.765641763378384
8339,-2.871895038033126
8340,-2.124862904157696
8341,-2.498373937594582
8342,-1.8547132609368289
8343,-2.8071982915294633
8344,-2.356081864010582
8345,-1.6946640372965878
8346,-2.4790040542592267
8347,-1.6598750147739516
8348,-2.429873873448191
8349,-1.7660942851722972
8350,-2.49308599333771
8351,-2.3353170830627414
8352,-2.2744278328437706
8353,-2.4389519029145963
8354,-2.206695336584439
8355,-2.465654303248049
8356,-1.8837556318050446
8357,-1.9030249079982717
8358,-1.7315349635106172
8359,-2.411783410928648
8360,-1.9401929248769694
8361,-2.18452370230714
8362,-1.7415763658596943
8363,-1.7228841478814214
8364,-2.519870746675258
8365,-1.2346888952253718
8366,-2.3566687521273226
8367,-2.872691991541081
8368,-2.507209257698785
8369,-1.7933531457828278
8370,-2.6159715395983083
8371,-2.05704845901842
8372,-2.417602341472955
8373,-1.8236402888950387
8374,-2.608646865094655
8375,-1.6853090602682814
8376,-2.1265616925691426
8377,-3.052097351418509
8378,-2.7253227790221466
8379,-2.499535488289984
8380,-2.7308687454873564
8381,-2.2348405948711987
8382,-2.3002448153647026
8383,-2.389167568120482
8384,-2.639060354457799
8385,-2.4263349804055836
8386,-2.2426348040928277
8387,-1.8945483637790095
8388,-2.3472662962204986
8389,-2.519784283225123
8390,-2.4105305632158753
8391,-2.7359691401261803
8392,-2.5859612091638593
8393,-2.5489578941712847
8394,-2.5522322538498066
8395,-2.0772677138993796
8396,-1.6461457469537426
8397,-1.8960780071632317
8398,-1.9283483681157156
8399,-2.481486140211703
8400,-2.621484121148188
8401,-1.9247345996825584
8402,-1.364804553244773
8403,-2.4725999750150143
8404,-0.45858734035959997
8405,-2.8128747007144432
8406,-2.670531504976724
8407,-1.8440318367647277
8408,-2.207533395421942
8409,-2.0221828688380614
8410,-2.3537105305207646
8411,-1.178632427794731
8412,-1.8404506459384329
8413,-2.1784856946373026
8414,-0.08801024717099329
8415,-1.5957121866679698
8416,-2.3672820095810105
8417,-2.1291215440115026
8418,-2.1767534665504034
8419,-2.593793380274615
8420,-2.0552053705499547
8421,-2.121982373535523
8422,-2.000707271523039
8423,-1.7493552248905697
8424,-2.68208121454623
8425,-2.286305671667598
8426,-2.2233402561089024
8427,-2.3410332573611634
8428,-2.1222272039306382
8429,-1.7383936380177045
8430,-2.197225418319936
8431,-1.784579842540127
8432,-2.2641519211997587
8433,-1.6733639216780394
8434,-2.4203401334457397
8435,-2.000433245997422
8436,-2.7357705675371378
8437,-2.5666584692177263
8438,-3.1547013584563346
8439,-1.9860508100780734
8440,-2.480610015136087
8441,-2.498598855189732
8442,-2.4383643885552777
8443,-2.750591761262195
8444,-3.0220360696777
8445,-2.6431666831000764
8446,-2.8708460248232783
8447,-1.6642401862386074
8448,-2.48366523700906
8449,-2.5246008183225888
8450,0.26050209655479445
8451,-2.420730373080719
8452,-2.100226240627815
8453,-2.7345167844341236
8454,-2.0537757981181914
8455,-2.625243341055094
8456,-1.7337255234315343
8457,-2.945549951155989
8458,-1.792372172193537
8459,-2.437773536404154
8460,-2.4715702832868853
8461,-2.2032176434653743
8462,-2.5682304596830763
8463,-2.1871831848219374
8464,-2.2931055340995656
8465,-2.1388777792231983
8466,-2.3727277849419157
8467,-1.6929200923181043
8468,-2.3920436396417584
8469,-2.322833618839133
8470,-2.5141989705305017
8471,-2.4128336514742768
8472,-1.653324514249597
8473,-1.6998116991772132
8474,-2.684730411915545
8475,-1.9258444128415604
8476,-2.3533493022754968
8477,-2.3202930698012665
8478,-1.6396643626481335
8479,-2.5767308197421417
8480,-2.8144829833192664
8481,-2.2100189810605104
8482,-2.2890108858299287
8483,-2.5792161064099757
8484,-2.06675478050019
8485,-2.491262144726083
8486,-2.599873583584464
8487,-2.3233836820387466
8488,-2.3593074009911863
8489,-2.7182835270786314
8490,-2.149699079333258
8491,-1.5785379544670277
8492,-2.1626953254427623
8493,-2.5806528287482506
8494,-2.1854411763190744
8495,-2.0482660892376767
8496,-2.067805079690268
8497,-1.5585030229042913
8498,-1.4083035511804898
8499,-1.483840695921199
8500,-2.7174570129319457
8501,-2.145881402091581
8502,-2.316670182861398
8503,-2.7579499040149167
8504,-1.402437997381078
8505,-1.940652792511622
8506,-2.087421047054311
8507,-1.7091627724909595
8508,-2.8680885270054333
8509,-1.9983483125338748
8510,-2.835231122997193
8511,-2.440425748393179
8512,-1.9082944926271908
8513,-1.7827645973516273
8514,-1.926857567042761
8515,-2.192855352212314
8516,-2.9998953044514316
8517,-3.0553180142706586
8518,-2.062267665911845
8519,-2.383966169459766
8520,-2.467141664533833
8521,-1.8102113284338177
8522,-1.9463105090594186
8523,-2.104842265059069
8524,-1.770863710233823
8525,-2.1058945518242127
8526,-2.137011445984002
8527,-0.28025193804060883
8528,-2.37625861331913
8529,-1.904301518182454
8530,-2.266854599360884
8531,-2.169634453318151
8532,-2.7938869311883994
8533,-2.220476535103412
8534,-2.3786804402476753
8535,-2.1410381538049412
8536,-2.4851092286188297
8537,-2.7636581600732586
8538,0.5444237536358101
8539,-2.3627693686933937
8540,-2.288699138200056
8541,-0.0916313526340035
8542,-2.593014071493941
8543,-2.297454078724056
8544,-1.777572732794583
8545,-2.6621469422519133
8546,-1.9465447443214858
8547,-2.5239741139012097
8548,-2.5238606682180427
8549,-2.1075700630034375
8550,-2.6982497473839206
8551,-2.0522415476538445
8552,-1.515558069273452
8553,-2.359356915883125
8554,-2.4751980587511566
8555,-2.801227662007863
8556,-2.5823238416205436
8557,-2.4439071241974575
8558,-2.1149861692844034
8559,-1.9086425812422494
8560,-1.876661227095885
8561,-1.7240058752556877
8562,-2.616721114234286
8563,-2.3493022225718696
8564,-2.557254215044661
8565,-2.6478607384917514
8566,-2.4264867414039206
8567,-2.606563148472709
8568,-2.439827925719625
8569,-2.2547347015510653
8570,-2.521899238171256
8571,-2.0274081598680294
8572,-2.150298954265562
8573,-2.4541501150691136
8574,-1.9967970757313256
8575,-2.2126666680937683
8576,-2.7832139995877747
8577,-2.5640905937077276
8578,0.08283713190980099
8579,-1.6595350449599926
8580,-2.6315308675108304
8581,-1.7947476828593252
8582,0.8688704145940492
8583,-2.3892558079168094
8584,-1.6350436688212007
8585,-1.70097397744355
8586,-2.9878834471663263
8587,-1.7710849984846255
8588,0.4700160246365285
8589,-2.8331942440928337
8590,-2.083608526409406
8591,-1.840361426356501
8592,-2.6042798180558857
8593,-2.050212972854411
8594,-2.3004851175971166
8595,-2.764078326309927
8596,-2.037436937131331
8597,-2.549778688788352
8598,-2.262532036499408
8599,-2.1411785922428614
8600,-1.788053183624895
8601,-1.9989806991457095
8602,-2.5189161101688513
8603,-2.284163352944068
8604,-2.274530353324869
8605,-2.232320832979571
8606,-2.1382404716310814
8607,-1.8954886801378215
8608,-2.092081216101991
8609,-2.106046771559808
8610,-2.4284943199827103
8611,-2.342701714034642
8612,-2.432395966562264
8613,-1.8904254190807699
8614,-2.6889559987661973
8615,-2.7070667235767334
8616,-2.694550833437281
8617,-2.5218763855115367
8618,-2.593903415628128
8619,-2.529412825895367
8620,-1.919270401895457
8621,-2.1849232324851
8622,-2.731522781532227
8623,-2.2913237764130208
8624,-1.9714512572491771
8625,-1.7726907392968714
8626,-2.335870852857268
8627,-2.0844442134856984
8628,-2.4748898129582244
8629,-2.7947119291585047
8630,-2.3107119969526617
8631,-2.468748051720794
8632,-2.1318140738167126
8633,-2.439853841744472
8634,-2.9204093749223636
8635,-2.6944319974783952
8636,-1.839258055775383
8637,-2.3383485797083154
8638,-2.46157952733236
8639,-1.9301012257967831
8640,-2.2770694401583587
8641,-2.346350532175258
8642,-2.6874218989018326
8643,-2.757088612152994
8644,-2.9293672361803087
8645,-1.786186727787141
8646,-2.160468179644818
8647,-2.3341248301250137
8648,-1.5628246009671993
8649,-2.061302237840537
8650,-1.8738400451067447
8651,-2.6608904993921185
8652,-1.668225079686981
8653,-2.1334453379396936
8654,-1.9881661289880708
8655,-2.3281532007715913
8656,-2.4162090984992495
8657,-2.113415512413591
8658,-2.8555323544362388
8659,-2.5749108611607467
8660,-2.1248487247464936
8661,-2.3271804194550576
8662,-2.6443816422188915
8663,-1.9072820991742159
8664,-1.8663684183629703
8665,-2.3174325054130542
8666,-2.312911405703254
8667,-2.073772511895821
8668,-1.5841726654282333
8669,-1.7765567087826708
8670,-2.793502575565852
8671,-1.8880385472247472
8672,-2.275247145090299
8673,-2.170518107257585
8674,-2.509631935954773
8675,-1.9449263054225872
8676,-2.3822881046309634
8677,-2.134191016982965
8678,-2.076843364577737
8679,-1.9983178113874498
8680,-2.118433928826248
8681,-2.7070706390669446
8682,-1.9204938221224896
8683,-2.618879565642006
8684,-2.221941286297144
8685,-2.6872754193549837
8686,-2.421027639357402
8687,-2.1649183146493836
8688,-2.0577501358770753
8689,-2.7076800321199253
8690,-2.5018671088462034
8691,-2.4648929085395537
8692,-1.9428319715409303
8693,-2.5108241370194495
8694,-2.485661868488464
8695,-2.8619672752419514
8696,-2.318475440587829
8697,-1.8341495989139542
8698,-2.448854175527441
8699,-2.10939309813438
8700,-3.0757269900046853
8701,-2.5096176090296054
8702,-2.042389578076348
8703,-2.4597066450641103
8704,-1.6019645010257428
8705,-2.379907941338722
8706,-2.7680713189132784
8707,-1.8566440732615257
8708,-1.7417984470077088
8709,-2.110192736087404
8710,-2.589162692444947
8711,-1.5119073078110112
8712,-2.7200166664532714
8713,-1.974066875425652
8714,-1.49402037290919
8715,-2.885237436525499
8716,-2.488642391435312
8717,-1.8863261771328113
8718,-2.3190355449796134
8719,-1.7676364601844183
8720,-2.397826940449975
8721,-2.5077384337482074
8722,-2.2245161701667118
8723,-2.8508652051323917
8724,-2.1130954034748233
8725,-2.4690931203315207
8726,-2.34110090777557
8727,-2.104063573638927
8728,-2.487664711045906
8729,0.30746128895145325
8730,-2.4686001463903993
8731,-2.116114868641046
8732,-0.06211218808563759
8733,-2.7130763010873986
8734,-2.778718989718008
8735,-2.3349459431146746
8736,-2.60934003183412
8737,-0.2282875732905735
8738,-2.627531967556384
8739,-2.9257731845647217
8740,-1.7364430404787101
8741,-2.439591346650511
8742,-2.571815514160462
8743,-2.2099010675826074
8744,-2.7595572472418586
8745,-2.4899370151183664
8746,-2.2856549225145857
8747,-2.3942730804504806
8748,-2.436946226933554
8749,-2.2456627355700114
8750,-1.923951360913581
8751,-1.6574962186616673
8752,-2.021436641411218
8753,-1.7430818201250196
8754,-3.01501287308369
8755,-2.6022729679195886
8756,-1.1569376618141152
8757,-2.2006341570052483
8758,-2.5026836778302917
8759,-2.332492255574832
8760,-2.1203098660190305
8761,-2.2162315070769747
8762,-1.8979992611461922
8763,-2.6275676233379515
8764,-2.2748010925498323
8765,-1.9991314059617293
8766,-2.2048153283646506
8767,-2.1207804274995996
8768,-2.516744966928046
8769,-2.4431081881024572
8770,-2.3347769261704925
8771,-2.4949712715476386
8772,-1.786673940804938
8773,-2.136669424895177
8774,-0.42115234924801714
8775,0.3844661676988106
8776,-2.241632820623657
8777,-2.0462433365488097
8778,-2.2172201833344976
8779,-2.2491736982792543
8780,-1.8527874422415962
8781,-1.3927133139267718
8782,-1.7162232618274957
8783,-2.3321872961886276
8784,-2.494492976658088
8785,-1.6859349164544748
8786,-2.8497718927392977
8787,-2.622866302416615
8788,-2.5904761513214734
8789,-2.511921160104057
8790,-2.5388454623764716
8791,-2.519992125914113
8792,-1.8056346842319229
8793,-1.5276156203123075
8794,-2.353466263621739
8795,-1.711687753602216
8796,-1.8417278394750844
8797,-2.066441839369218
8798,-2.182874281301144
8799,-2.5959900380049277
8800,-1.8045939461137006
8801,-2.7447270443645833
8802,-2.0462333639990753
8803,-2.997362962622063
8804,-1.7594729960364022
8805,-2.478880107511223
8806,-2.873110578215157
8807,-2.5828002547369575
8808,-2.0498944899406
8809,-2.2776380529097686
8810,-2.3474891711807206
8811,-1.6929300899748818
8812,-2.367890673858932
8813,-2.2428346894254587
8814,-2.008434950893265
8815,-2.4551572486194093
8816,-1.6726163170274144
8817,-1.687905646487095
8818,-2.141115631393811
8819,-2.3430227128277723
8820,-2.711551630136349
8821,-1.3850707456664098
8822,-2.5341183804043843
8823,-2.7295138546028577
8824,-2.405746555428313
8825,-1.97197542193068
8826,-2.4969991849766378
8827,-1.9404977469854923
8828,-1.395615081461564
8829,-2.1868837513208703
8830,-1.74610777503004
8831,-2.135602109327646
8832,0.051233444729031095
8833,-1.8404929669515155
8834,-2.12550916058948
8835,-2.8554454099396076
8836,-2.4184634098164794
8837,-2.405800310547209
8838,-1.8209868907765203
8839,-2.858011193419987
8840,-1.8844909512504737
8841,-1.9436060389738576
8842,-2.287448053838481
8843,-2.612502242477022
8844,0.08340965434244664
8845,-2.024078865087087
8846,-2.6025389709358544
8847,-1.7419512676927245
8848,-2.0994682872851964
8849,-2.061406207253653
8850,-1.9807348596814502
8851,-0.3841344587243839
8852,-2.1852228811115624
8853,0.17731011292086615
8854,-2.6219183612771495
8855,-2.983562571216709
8856,-2.2663324279675834
8857,-2.3600776256476523
8858,-2.465526944623043
8859,-2.133684985436872
8860,-2.17107935615701
8861,-2.2870220199541533
8862,-1.923266527425941
8863,-2.173868584132399
8864,-1.9059176029049816
8865,-1.8655097022077134
8866,-2.662660139230602
8867,-2.1621010204780897
8868,-2.3971454704812154
8869,-2.381510938036086
8870,-2.0354834200181586
8871,-2.0377023872383604
8872,-2.4308275963356127
8873,-2.475543555636235
8874,-2.152272890200473
8875,-2.465631270513289
8876,-2.6304955818720637
8877,-2.3737323923966662
8878,-2.1937552850709685
8879,-2.1866752811052286
8880,-1.655549889494013
8881,-2.4402838577505053
8882,-2.0217206365972182
8883,-2.106217950843856
8884,-1.9470275201556855
8885,-2.228739611673962
8886,-2.371375043488814
8887,-1.9128810897301773
8888,-2.8487943937026334
8889,-2.2153943221633416
8890,-1.9189732070413703
8891,-1.71102302309245
8892,-2.060362625905702
8893,-2.8202931380088234
8894,-2.4938117410639875
8895,-2.417932262656637
8896,-2.2400628230836905
8897,-2.434230098084901
8898,-2.423818891742352
8899,-1.7049578168744113
8900,-2.8282511854297
8901,-2.3534730102858115
8902,0.03153401652804053
8903,-2.9658001843267097
8904,-2.6120940261427097
8905,-2.9624139315238835
8906,-2.3194002802079225
8907,-3.0044994229966
8908,-2.235512077432503
8909,-2.663284219522495
8910,-2.7560729877532917
8911,-3.010343991907792
8912,-2.4857665115869794
8913,-2.099965619168004
8914,-2.1185719968270176
8915,-2.208226706973656
8916,-1.754757625304021
8917,-2.0532017719281246
8918,-2.3923443994113147
8919,-1.4047674822005574
8920,-2.6489380285088613
8921,-2.049722324419555
8922,-2.7662707923680685
8923,-1.709861383595246
8924,-1.9878165985589629
8925,-2.3421111478208108
8926,-1.2303716172241412
8927,-1.8343475945757566
8928,-3.1253222884769394
8929,0.09630328146139233
8930,-1.9648811413913638
8931,-2.2823584025051704
8932,-2.1054379503500606
8933,-2.069212828640614
8934,-2.117336255124309
8935,-1.9662287180907891
8936,-2.008923723101375
8937,-2.5736049464459074
8938,-2.93821670038589
8939,-2.400996548827687
8940,-2.647818713490805
8941,-1.9056898061597813
8942,-2.5109039543488305
8943,-2.529126201778958
8944,-2.4816784909216993
8945,-2.283399397904491
8946,-1.7427378643899016
8947,-1.8187101978090254
8948,-2.0620272392692067
8949,-2.0786892494036673
8950,-2.676146997119114
8951,-2.4198306292866096
8952,-1.9149648276254798
8953,-2.728828054386337
8954,-2.316993712211078
8955,-2.560457109070495
8956,-2.4927803863016185
8957,-2.271047745591108
8958,-2.9590539596865986
8959,-2.2814404373916797
8960,-2.418567396850129
8961,-2.7368400361932688
8962,-1.6736522305377413
8963,-1.7941929063626891
8964,-2.731411031531011
8965,-2.213133318287486
8966,-2.520439317701605
8967,-1.4810729702158487
8968,-1.7911604480362717
8969,-3.0010808861081077
8970,-2.573120553738952
8971,-2.650172898189128
8972,-2.495912139792237
8973,-2.308837718538271
8974,-1.585303681642662
8975,-2.87176661222194
8976,-1.6547254993959322
8977,-2.190289295869059
8978,-1.9464810664588685
8979,-2.3144104617359416
8980,-0.035788742502131966
8981,-2.5543290247995647
8982,-2.2804480576951836
8983,-2.2049501822251987
8984,-2.460598124667332
8985,-1.8657223353049996
8986,-2.0211220144005897
8987,-2.1671123171459024
8988,-2.3124423228283626
8989,-1.827427899100867
8990,-2.351290053059728
8991,-1.8723966980374194
8992,-2.7553584223209833
8993,-2.530807591537238
8994,-2.2100136472465044
8995,-2.485571614840728
8996,-2.574791891173956
8997,-1.9325203680523022
8998,-2.0661570974633343
8999,-2.2599119728946775
9000,-2.400832509026065
9001,-2.047814688036413
9002,-2.6507166267034563
9003,-2.755496252757098
9004,-2.6697595565881977
9005,-1.987285726048836
9006,-1.9758759656543787
9007,-1.7395896720594373
9008,-2.068177830943167
9009,-2.2996494417435547
9010,-2.7766319251290414
9011,-2.160545681103952
9012,-1.9391123370785608
9013,-2.088897727418125
9014,-2.047511300647669
9015,-2.5134842499196326
9016,-2.2843257232223584
9017,-2.4928860097991286
9018,-2.3618248883630844
9019,-1.9895106964589113
9020,-0.553560295347245
9021,-2.3131830685663375
9022,-2.821954648549818
9023,-2.4960032374314975
9024,-1.7829506673878213
9025,-2.6600663152122
9026,-2.244919482117227
9027,-2.787246477867733
9028,-1.721415331541657
9029,-2.124446325966285
9030,-2.8165496905765557
9031,-1.6427537132756396
9032,-2.5073984737982586
9033,-2.861188186273018
9034,-2.5395380024072503
9035,-2.4541006961736844
9036,-2.5075301353634383
9037,-2.2690924794816776
9038,-0.9630531050787339
9039,-1.886439849250306
9040,-1.7503632301934076
9041,-2.4170717421605445
9042,-2.369858345522308
9043,-2.0136820431065843
9044,-2.6706676628584476
9045,-2.1783418864044406
9046,-2.7415453231630345
9047,-2.3517523312993736
9048,-1.8866763121587466
9049,-2.7829815239949416
9050,-2.3417314578720685
9051,-2.096175350731048
9052,-2.356588673434211
9053,-2.0806352969708173
9054,-2.6133024347598828
9055,-2.1270760947772107
9056,-2.5344807485533916
9057,-1.866461020950961
9058,-2.3845054452331507
9059,-1.904788923136601
9060,-2.5262798915399918
9061,-1.29898262977479
9062,-2.136039701972323
9063,-2.4182458180141935
9064,-2.0048500409888357
9065,-2.1765230930673294
9066,-1.8559486193950039
9067,-1.9474919006015277
9068,-2.1810848284985584
9069,-2.607761837095917
9070,-1.9698138061119839
9071,-2.609977116752897
9072,-1.6015440733539101
9073,-2.697136975489132
9074,-2.4467496407760025
9075,-2.565385399295788
9076,-1.5890833941220133
9077,-2.55731813192061
9078,-2.1320230306212515
9079,-2.192561999079011
9080,-2.379746240843793
9081,-1.8984488305757583
9082,-1.7053609473185125
9083,-2.634908955420057
9084,-2.4780981935062205
9085,0.4895355302191964
9086,-2.3887078748395845
9087,-1.760342210394644
9088,-2.2405228484920627
9089,-2.20172740523477
9090,-2.074038590351531
9091,-2.723289231432603
9092,-0.2557151550711743
9093,-2.3191223903315574
9094,-2.1417451014060442
9095,-2.698737201796773
9096,-2.576287189983642
9097,-2.3937292065991573
9098,-2.973712478705319
9099,-1.6874875244410183
9100,-1.0542913779198577
9101,-1.9589580750763984
9102,-2.3797095464465863
9103,-2.796467524179168
9104,-2.294647881452867
9105,-2.04071691668235
9106,-2.393584266027323
9107,-2.2596520298392275
9108,-2.4102361563837014
9109,-1.9046343421158036
9110,-2.275252796769712
9111,-2.3715718159360546
9112,-1.3593046439132872
9113,-2.5562125023471
9114,-1.952429634185219
9115,-2.079012636980172
9116,-2.5396794475071025
9117,-1.5313002151020847
9118,-2.1815237413902104
9119,-2.061504304672541
9120,-2.501500825376412
9121,-2.4523278873689507
9122,-2.6940938424939738
9123,-2.2170795017995353
9124,-2.009614848507337
9125,-1.5211198345294854
9126,-1.8711215092528577
9127,-2.6394322009824864
9128,-2.164636024846175
9129,-2.399064469075528
9130,-2.5153572747896358
9131,-2.607360254718513
9132,-2.4682578802303494
9133,-2.1819302904780216
9134,-1.820685233616642
9135,-2.3432552016328048
9136,-2.438497434767868
9137,-1.9646550170812593
9138,-2.4840841361871555
9139,-1.8942286151245482
9140,-2.5252981696319696
9141,-2.2660456035363423
9142,-2.5679917601756284
9143,-2.1240838006505256
9144,-0.11306172946565375
9145,-2.7756119742824414
9146,-2.6042147798461563
9147,-2.6028428665442926
9148,-2.2269062867886085
9149,-2.689268771302968
9150,-2.010882493342457
9151,0.01921531495424712
9152,-2.352951259363566
9153,-1.736237820200117
9154,-1.8144300505236544
9155,-2.016682147450331
9156,-2.1782419298153832
9157,-2.20221779005814
9158,-2.205633429288405
9159,-2.0673074259687105
9160,-2.2961066216793626
9161,-2.485033577925872
9162,-2.4199987338206155
9163,-2.040758076377743
9164,-2.0216432938506252
9165,-2.6514513940689346
9166,-2.909989913580658
9167,-2.709276093107436
9168,0.8633106722325209
9169,-1.719493781921849
9170,-2.5409125402707264
9171,-2.698933696018824
9172,-2.2723961353236186
9173,-2.7740553364432428
9174,-1.8323146071576437
9175,-1.7328469883561033
9176,-2.402368023201775
9177,-1.7135455254245582
9178,-2.2166348876615856
9179,-2.172467391088429
9180,-2.696690899607824
9181,-2.5790448360366462
9182,-1.913935605105099
9183,-0.2689820200672578
9184,-2.2740425680880905
9185,-2.1340605887444406
9186,-2.294154160416739
9187,-2.562754142525985
9188,-2.083178607622403
9189,-2.2718594814828648
9190,-2.4013899068968905
9191,-2.52246043772056
9192,-1.9863054345924271
9193,-2.219226579953132
9194,-2.57905031299653
9195,-0.814137707134124
9196,-1.9306216687757551
9197,-2.086294508740558
9198,-2.422697314940717
9199,-1.9264158873228403
9200,-2.1175365290882175
9201,-2.40277914894508
9202,-1.8642367252301444
9203,-1.536050679499974
9204,-2.583885411562885
9205,-2.089431031043934
9206,-2.720865014123947
9207,-2.3599261563398133
9208,-1.901475666044175
9209,-1.8250259292484012
9210,-2.897521519453154
9211,-2.3481974778684105
9212,-2.6004227099775283
9213,-1.9500463798157734
9214,-2.47338193683126
9215,-2.2096057362628456
9216,-2.562073263689507
9217,-1.9497820654088107
9218,-2.711449211361021
9219,-1.63419862272038
9220,-2.8998320132229716
9221,-2.3668700543212244
9222,-1.4922852399594506
9223,0.9226908430890851
9224,-2.1793469279104047
9225,-2.4161093616009715
9226,-2.126193603481061
9227,-2.220074732995444
9228,-1.971039877061891
9229,-1.671863273747168
9230,-2.2885954148942766
9231,-2.500661596671831
9232,-2.596116850644225
9233,-2.184331544348224
9234,-2.475548217777593
9235,-2.3817153034020877
9236,-2.1041036523583174
9237,-2.062645236582089
9238,-2.5919890819194578
9239,-2.753477530979621
9240,-2.104140356721562
9241,-1.848770799982906
9242,-2.763094884714197
9243,-1.5690649873453923
9244,-2.4794674688399323
9245,-2.137245229060464
9246,-1.9980002414216835
9247,-2.513476807735094
9248,-1.573842336458607
9249,-2.623317550397981
9250,-1.5104410249880242
9251,-1.4835198300337948
9252,-2.3983157572468707
9253,-2.5534803809983466
9254,-1.9877449594563479
9255,-2.7227509487464543
9256,-2.1727452018984956
9257,-1.770113506987939
9258,-2.1615778856155408
9259,-2.3604410037047314
9260,-1.8728027392282687
9261,-1.8996717299108539
9262,-2.1686875541619854
9263,-2.478088543384361
9264,-2.454805512131547
9265,-2.228029105682939
9266,-2.1440472464578675
9267,-2.220453277449965
9268,-2.431971937550474
9269,-1.6528225723853525
9270,-2.291257828437522
9271,-1.8133933708851928
9272,-2.281870497407806
9273,-2.503080563576308
9274,-2.072160153194246
9275,-2.3114328038067478
9276,-1.6844820626606911
9277,-2.005380796012819
9278,-2.8189516054311197
9279,-1.5540891628209716
9280,-2.223024782014989
9281,-1.8855912563469863
9282,-1.9799477841491402
9283,-2.472150497175216
9284,-2.2869532480057746
9285,-2.591807040249589
9286,-2.494889217815306
9287,-2.3035684438004327
9288,-1.58633129312927
9289,-1.9045066382853246
9290,-0.14444517230758974
9291,-1.9414172343809333
9292,-1.8028007747908223
9293,-2.269031930729741
9294,-1.9703847566471409
9295,-1.9726292280631843
9296,-2.521221250369323
9297,-2.5269585704412365
9298,-2.2209007363652122
9299,-1.382046109432521
9300,-2.5418719601774393
9301,-1.736658716092884
9302,-0.21426919360762003
9303,-2.843006172546561
9304,-2.7040703770612478
9305,-2.3184806141372305
9306,-2.27032620457341
9307,-2.40301068455131
9308,-2.307316436710508
9309,-2.483237081423796
9310,-2.0197327661373827
9311,-2.4947919440565514
9312,-2.0851526566717227
9313,-2.483234035042036
9314,-2.807017733439076
9315,-2.3225121056264726
9316,-2.0860198335209925
9317,-2.565592648412966
9318,-1.9202472529748542
9319,-2.9327508719561273
9320,-2.241192034825635
9321,-1.8540322372512756
9322,-2.1744486394535825
9323,-2.4822658885953794
9324,-2.2880245826744368
9325,-1.5571196623971488
9326,-2.6122958895512673
9327,-2.5279863818614197
9328,-2.20508440415742
9329,-2.8678470591388265
9330,-2.009467640040025
9331,-2.2712117424860407
9332,-2.228487435479057
9333,-2.3031707565241355
9334,-2.319885376576907
9335,-1.7231207217119273
9336,-1.5873465203360753
9337,-1.751665759063706
9338,-1.7314581735229533
9339,-1.8940833323658741
9340,-2.046167113401101
9341,-2.3919452419761926
9342,-2.4828897144186013
9343,-2.622317054965879
9344,-1.7130356931046298
9345,-2.7408867374198844
9346,-0.3783588478671354
9347,-2.4310494564202854
9348,-2.326952463024117
9349,-2.530018273622924
9350,-1.2145359820843542
9351,-2.4085186097913227
9352,-2.3722143783508476
9353,-1.660758726396142
9354,-1.2265780283487713
9355,-1.7317522201873436
9356,-2.1438283391609323
9357,-2.6416737640178645
9358,-2.412894247688141
9359,-2.819389755758068
9360,-3.0356912075199185
9361,-1.7628033805747585
9362,-1.9467666928301137
9363,-2.12598918094038
9364,-1.5516109629627681
9365,-2.0873655492220533
9366,-2.3872015929026866
9367,-2.345899852503267
9368,-1.514898220355583
9369,-2.4192821037725842
9370,-2.799461498294079
9371,-1.3548987279995608
9372,-1.9162941417586445
9373,-2.2024936749543924
9374,-2.3208931906204717
9375,-2.572391423756845
9376,-2.18526539209829
9377,-1.95692821386824
9378,-2.002384022182902
9379,-1.7608948816751306
9380,-2.5714406163700585
9381,-2.5668520809697273
9382,-2.458120851854561
9383,-2.9230504626358376
9384,-2.081989422687156
9385,-2.256794602280122
9386,-2.483255182490951
9387,-2.006151203721446
9388,-1.9409643356437254
9389,-2.276585338281636
9390,-2.6626627044072073
9391,-2.098425520065024
9392,-2.2368124127269096
9393,-1.7911646100584266
9394,-2.5421795598449823
9395,-1.8578655353351554
9396,-2.5927852812228247
9397,-2.373434044548156
9398,-1.7060444613830674
9399,-2.0874803223549505
9400,-2.441075259623433
9401,-1.5342513752029439
9402,-2.8315695402988488
9403,-2.025972202338037
9404,-1.9697443180591194
9405,-1.3869506329672785
9406,-1.709104199159843
9407,-1.9761046637560011
9408,-1.8222894944046593
9409,-2.6387539000995694
9410,-2.3699364595293306
9411,-1.871088174082759
9412,-2.396269569122088
9413,-2.385398157514072
9414,-2.0553638837452244
9415,-2.534187397738141
9416,-2.0366916403727404
9417,-2.3986856247459807
9418,-1.4093353552789936
9419,-2.131055916991947
9420,-1.7902831489460267
9421,-2.5692554496153703
9422,-2.2860465419173073
9423,-1.7244563355876672
9424,-2.501512774134597
9425,-2.0219290751025287
9426,-2.9392804114558313
9427,-2.2275091881025517
9428,-2.361116035420654
9429,-2.370785820711365
9430,-2.4145161049103563
9431,-2.0510301913131466
9432,-2.2946590192642953
9433,-1.978728278378338
9434,-2.1014538150011575
9435,-1.3581222800756627
9436,-2.8519437012181834
9437,-2.114755381108599
9438,-1.6386400079363883
9439,-2.018223255264002
9440,-2.029861421694096
9441,-2.723731269533311
9442,-1.9733250840257825
9443,-2.0440071545102114
9444,-2.4626264401191285
9445,-2.554468818529464
9446,-2.4351785830204116
9447,-1.8513221997510763
9448,-2.5861948095757143
9449,-2.2598465710025493
9450,-2.219168117754214
9451,-2.8298553683098486
9452,-2.046158299010948
9453,-1.8570511666241458
9454,-1.9493154489445028
9455,-1.7593940450218368
9456,-2.559726150722958
9457,-2.5910961082802357
9458,-2.460134882867205
9459,-1.7616505220303347
9460,-2.245153656014265
9461,-2.4010572980188853
9462,-2.7335640959174494
9463,-1.7998421805269669
9464,-2.498047935986197
9465,-2.0216993524835107
9466,-0.04616169557789863
9467,-1.7092824409503262
9468,-0.8252143781892106
9469,-2.1356000803615274
9470,-2.274923477142589
9471,-2.6851989851689555
9472,-2.5566513137073663
9473,-2.508097710337167
9474,-1.7791726848907308
9475,-2.251129605955223
9476,-2.0125076357799005
9477,-2.434410040137591
9478,-2.580553034136386
9479,-1.707294190373624
9480,-1.9656323501031445
9481,-2.3232643007469673
9482,-2.157602799305093
9483,-2.7245011111908677
9484,-2.1371966622641994
9485,-2.34259686308696
9486,-2.484004910097845
9487,-2.585024377624047
9488,-2.528146990243313
9489,-2.263277482968875
9490,-1.7908014616074623
9491,-2.6503344652134517
9492,-2.0252250957800375
9493,-2.822723343341868
9494,-2.132968630854259
9495,-2.5290661060588295
9496,-1.6548557754756368
9497,-1.8852536519951701
9498,-2.844900992198469
9499,-2.9366819347752067
9500,-2.040831015090362
9501,-2.1264769268964288
9502,-2.1258958564839916
9503,-1.8294898435273068
9504,-2.2649901194425297
9505,-2.389474694776128
9506,-2.4790092767567153
9507,-2.2642914256443336
9508,-1.9170611913433733
9509,-2.1353049401493367
9510,-1.820112067980069
9511,-2.4484766061882564
9512,-2.4604728812885277
9513,-2.14292195714714
9514,-2.21556366711298
9515,-2.2009349370045306
9516,-1.7278624385901595
9517,-2.2024831008745145
9518,-2.3840907707880703
9519,-2.05166704758351
9520,-2.4738956784815
9521,-2.8076805518020014
9522,-2.135762269779883
9523,-2.8948488387960087
9524,-2.2862077072892633
9525,-1.8975464612194668
9526,-2.0281926449311523
9527,-2.434120284537219
9528,-1.6389328554036109
9529,-2.393395608218211
9530,-2.6436222294521836
9531,-2.3642217328397526
9532,-2.5991731785338685
9533,-2.3228746681936197
9534,-1.7550638908202725
9535,-2.751630812786943
9536,-1.9964958896420213
9537,-2.628735098879282
9538,-0.9968336722343962
9539,-1.754980237788821
9540,-2.3538200806019427
9541,-1.7485709744901947
9542,-2.3892117437227216
9543,-2.246143949059849
9544,-2.316895611314762
9545,-1.4228265522443937
9546,-2.159818138240439
9547,-0.6121700281949118
9548,-2.5937359376327636
9549,-2.122176538894302
9550,-2.5657084057434787
9551,-1.9708239334353663
9552,-2.9884459382853357
9553,-1.5957487376356265
9554,-2.634972522418672
9555,-1.7629847760749817
9556,-2.2403731295061418
9557,-1.857998920405214
9558,-1.280343415619989
9559,-2.746348702439798
9560,-2.1498942980687517
9561,-1.5371494221068234
9562,-2.1513931993448243
9563,-2.636931660392526
9564,-2.704110521531045
9565,-2.074052914891109
9566,-2.6246148684915283
9567,-2.107689720904984
9568,-1.9764794891019872
9569,-2.0084734041822783
9570,-2.2920860032316646
9571,-2.4123644411278753
9572,-2.3909756803124904
9573,-2.441414420047458
9574,-1.9776902158367007
9575,-2.562600509159714
9576,-2.693183111556993
9577,-1.7680309194724395
9578,-2.145283253655565
9579,-2.280033331982186
9580,-1.6688682588386952
9581,-1.8803660158667101
9582,-2.5596428522146737
9583,-1.7084328634459778
9584,-1.9823031712073043
9585,-1.6443019525045386
9586,-2.8095072409489976
9587,-2.249470125773426
9588,-2.795190092792567
9589,-1.379633151521443
9590,-2.6147275215008046
9591,-2.3942571184608084
9592,-1.5624027342208178
9593,-2.301253687401574
9594,-2.6087426966450216
9595,-2.0280764159276665
9596,-1.8521179114893227
9597,-2.530183859644502
9598,-2.569381854059267
9599,-2.5898833241181034
9600,-1.6521063537284533
9601,-2.2450420406430243
9602,-1.597952718480535
9603,-1.9655269851867179
9604,-2.138248392325449
9605,-2.009395952205056
9606,-2.0144386177894456
9607,-1.5161976931017431
9608,-2.19039515096534
9609,-2.629984643090606
9610,-2.358368913038042
9611,-2.6195493121061126
9612,-2.482610454958922
9613,-2.357974329836019
9614,-1.8529436264986814
9615,-1.6314619897971847
9616,-2.029235377417273
9617,-2.628439733589385
9618,-0.06651159907953925
9619,-1.8228704909261215
9620,-2.0499512276143013
9621,-2.5955191160304256
9622,-2.356782754092436
9623,-2.7347833295356923
9624,-2.0315926172103222
9625,-1.7419701377956809
9626,-2.4989722247570065
9627,-2.3639360657256314
9628,-1.9631599917708862
9629,-2.5514124980388417
9630,-2.54839248041205
9631,-1.790273789525441
9632,-2.156017567223876
9633,-1.8797450031529117
9634,-2.1985509707700954
9635,-1.7105508511487888
9636,-1.5760361150645
9637,0.0048523736674272394
9638,0.34499553323830967
9639,-1.6400312863656796
9640,-2.003770296853357
9641,-2.7875305713955663
9642,-2.5681472785456743
9643,-2.884801225308123
9644,-2.716739976340121
9645,-2.562040498330902
9646,-1.9727961493762707
9647,-1.4298931821001752
9648,-2.4252042550090156
9649,-2.9509198907502463
9650,-2.826959571114724
9651,-2.3567681921190395
9652,-2.7383813244731803
9653,-2.7780495320161154
9654,-2.1652879390167983
9655,-2.2257691948669236
9656,-2.228926222605765
9657,-2.5263908667428
9658,-2.5722463016217993
9659,-2.462293908884778
9660,-2.2873492022129365
9661,-2.809207130465522
9662,-2.5347489948396578
9663,-2.399682475578834
9664,-2.757628755169743
9665,-1.6099019593355477
9666,-2.543428732695314
9667,-2.818622002480215
9668,-2.5774262986730445
9669,-1.858255391625808
9670,-1.9282093754768022
9671,-2.1217678219177056
9672,-2.855808491862247
9673,-2.8111233774925517
9674,-1.6540839828757272
9675,-2.2862058932930696
9676,-2.2166211360121735
9677,-2.5499483579989874
9678,-1.7947110020337755
9679,-1.4256054442508679
9680,-2.5916362295766144
9681,-2.1087210568319237
9682,-2.140709420631495
9683,-1.6007692292504285
9684,-1.8613186348743636
9685,-2.461378660245991
9686,-2.4291197365776873
9687,-2.0527574591478257
9688,-2.510220521416395
9689,-2.6882155799058065
9690,-2.4583156146161387
9691,-2.707872127053501
9692,-1.3295332443814318
9693,-2.805003776747022
9694,-2.5512663229829635
9695,-2.0960727407653
9696,-2.511975974710353
9697,-1.8019932105853425
9698,-1.8033383903321107
9699,-2.6936812622501374
9700,-1.6493505870220622
9701,-1.7555422425775453
9702,-2.0801736000531386
9703,-2.6722717077807157
9704,-1.9546888828377245
9705,-1.7750621801359219
9706,-2.2042693762755063
9707,-2.3246559610545154
9708,-2.6616768651982676
9709,-2.012880047301429
9710,-2.1181568598483285
9711,-2.3717468487213473
9712,-2.520541707083288
9713,-2.8294935637587617
9714,-1.9188331267537386
9715,-1.8406796771614187
9716,-2.31427672516586
9717,-1.9028179535292074
9718,-1.783971812055935
9719,-1.806670656603855
9720,-1.985706866100483
9721,-2.2717081196724505
9722,0.2170076056467029
9723,-2.5352458555735558
9724,-2.272744975874638
9725,-2.5447832376697117
9726,-2.544318235273009
9727,-2.6699697986344506
9728,-2.1294249498434676
9729,-2.3874603228152123
9730,-2.1170158557684102
9731,-2.0560988892753604
9732,-1.6478140896737175
9733,-2.772691003915832
9734,-2.652999130457212
9735,-2.0930044412900206
9736,-1.865621505064846
9737,-2.2088661872763606
9738,-2.412571516399832
9739,-2.498235874071964
9740,-2.098356796729978
9741,-1.563846429086497
9742,-2.678722218295282
9743,-1.964316966612026
9744,-2.6061624927773086
9745,-2.955540377530546
9746,-2.456879731958057
9747,-1.7103347103357487
9748,-2.2608800769904756
9749,-2.5822147948738636
9750,-2.461753748708101
9751,-2.491801654791426
9752,-2.4169662575751323
9753,-2.361856950799961
9754,-1.9661142321564917
9755,-2.866410391850889
9756,-2.5639317983050094
9757,-2.270132292646149
9758,-1.890048917304843
9759,-1.987616421593568
9760,-2.8694432794834475
9761,-2.2979679478413804
9762,-2.0662164576005484
9763,-2.184925611724527
9764,-1.7724637406684136
9765,-2.6479800281834627
9766,-1.808769763867978
9767,-2.3159901162830305
9768,-2.330349713696944
9769,-2.3419432180507886
9770,-2.2435406457718154
9771,-1.9731593055109702
9772,-2.2526204216829435
9773,-2.945069625527365
9774,-2.333906411071456
9775,-2.512419719940832
9776,-2.1642380883389962
9777,-2.6723388535899293
9778,-2.630586542912209
9779,-1.2942119479260448
9780,-2.906255855537411
9781,-2.407883435427383
9782,-1.612752340375388
9783,-2.368790200223449
9784,-1.6714957518689444
9785,-2.5283718606613603
9786,-2.3566616677369523
9787,-2.3448088884375546
9788,-2.211593920542264
9789,-2.4244291441230525
9790,-2.2436368938340423
9791,-2.4107279970281073
9792,-2.571434306227181
9793,-2.840386607304751
9794,-2.429426129014063
9795,-2.2006389350053244
9796,-1.4918061757073713
9797,-3.04888129583299
9798,-2.844547060007419
9799,-1.9915461616216803
9800,-2.1706290405126007
9801,-2.2499692215490463
9802,-1.7342182303353924
9803,-1.6467805020231678
9804,-2.2668895218132428
9805,-2.106518546143936
9806,-0.20376236974390866
9807,-0.697424641243389
9808,-2.3437822827507144
9809,-2.0136326631123147
9810,-1.730028230821597
9811,-2.3251331588377804
9812,-2.047331622072262
9813,-1.9821625949328836
9814,-2.309674851020464
9815,-2.4066694731682396
9816,-2.363022810583238
9817,-2.144531460335443
9818,-1.4877289840990644
9819,-1.9961378640346652
9820,0.03635868270252804
9821,-2.520109342790003
9822,-2.3209789393940192
9823,-1.7191544907896217
9824,-2.2823208522496023
9825,-2.592955333464213
9826,-2.6446159733347807
9827,-1.885627128518068
9828,-2.495057655470052
9829,-2.585667031353595
9830,-1.8824616692006753
9831,-2.2893204264198537
9832,-2.7015574450602164
9833,-2.507562281568032
9834,-2.066647231498671
9835,-2.3524113940963716
9836,-2.3101629032824844
9837,-2.1235316294117736
9838,-2.30328351914095
9839,-2.566673873418743
9840,-2.8115812978010397
9841,-2.2495902047487997
9842,-2.077595091085196
9843,-2.457504572297364
9844,-2.0059478014874914
9845,-2.1230556407494365
9846,-2.893521414235431
9847,-2.229428485162391
9848,-2.7177022742674084
9849,-1.699533579107318
9850,-1.839468422939634
9851,-1.7232281200865471
9852,-2.2319151307610743
9853,-2.246338611286449
9854,-2.1500735364135766
9855,-1.7377924517831407
9856,-2.350164832358424
9857,-2.55534294762115
9858,-1.649291824556514
9859,-2.15259692675564
9860,-2.7681329991250276
9861,-2.026861634002013
9862,-2.483857542381807
9863,-1.9436962981636294
9864,-2.1287779034201386
9865,-2.750313419867992
9866,-2.8024201079502835
9867,-3.1033487730153757
9868,-1.2775240175603961
9869,-1.985361498269197
9870,-3.0823297411179573
9871,-3.0009362304818983
9872,-2.1014707533410513
9873,-2.1790437717711324
9874,-2.7083292502042013
9875,-2.893581351691954
9876,-1.649333069218444
9877,-1.9404625954995571
9878,-3.009660621348541
9879,-1.4276368130323975
9880,-2.276358553465378
9881,-2.779708735206591
9882,-2.466355105356497
9883,0.28124774482485193
9884,-2.3844579269557227
9885,-1.8638584257494084
9886,-2.023280357308025
9887,-1.7807894707137584
9888,-1.5230025395284343
9889,-2.606267136590515
9890,-1.593611329835142
9891,-2.21908752119917
9892,-2.11659041594939
9893,-2.707517849826232
9894,0.6188348316707862
9895,-1.9451965467129813
9896,-2.1038285119730444
9897,-3.1345658836800077
9898,-2.514865549281209
9899,-1.3305231768104404
9900,-1.9918083836694773
9901,-2.5980113665209434
9902,-1.8277775096789408
9903,-1.918977342956974
9904,-2.5461799702004244
9905,-2.6974144799976436
9906,-2.7338566676359757
9907,-1.8095308133073478
9908,-1.909648592644742
9909,-1.5622854221843308
9910,-2.937364479008897
9911,-2.463425382463682
9912,-2.1879388044101447
9913,-2.2639266245989043
9914,-2.0355137081475503
9915,-2.4097148200991
9916,-2.487573982413076
9917,-2.7989545370611877
9918,-2.2174228098323443
9919,-2.594087075492486
9920,-1.7231074789667158
9921,-2.2401850290453402
9922,-1.8858733820551816
9923,-2.3763790239557427
9924,-1.9017931689847485
9925,-1.9313318095119636
9926,-2.163939450445058
9927,-2.8871380931974624
9928,-1.38507892683351
9929,-2.490920543538294
9930,-2.2746190668338855
9931,-2.7426131473816255
9932,-2.4780505701971656
9933,-1.7377282843219224
9934,-2.7650933965117876
9935,-2.0402569572738805
9936,-1.6836053944794147
9937,-2.50346034810759
9938,-2.6944227281148936
9939,-1.928037930536969
9940,-1.7542939755196731
9941,-2.2388429494136033
9942,-2.3072325050720326
9943,-2.026409698176102
9944,-2.70871241232867
9945,-1.7920102120915302
9946,-2.4408667245541915
9947,-0.304809229884561
9948,-2.548270578907433
9949,-2.1333578434077456
9950,-1.6473575554670497
9951,0.1064745146668801
9952,-2.2628933924586443
9953,-2.0242232179555257
9954,-2.2652481974420997
9955,-1.7192233438183042
9956,-2.4347390129820345
9957,-1.832332472030749
9958,-2.5636818900130875
9959,-1.6909603470951247
9960,-3.0946090156610206
9961,-2.1905829386337894
9962,-2.3922190268982817
9963,-2.3847811492037567
9964,-0.8526397647249024
9965,-0.012385484709655569
9966,-2.6543159149224183
9967,-2.3400001020671906
9968,-1.6709858773207922
9969,-2.065248732048046
9970,-2.5241567324478797
9971,-2.487886817366009
9972,-2.2964049772888098
9973,-2.5984088386500748
9974,-2.878756870786911
9975,-2.2338274516981613
9976,-2.3972076728480856
9977,-1.7791036056045582
9978,-2.4888724576654413
9979,-3.181893911108333
9980,-2.154710479890866
9981,-2.6954412712229434
9982,-1.799638130428863
9983,-1.7945150925930442
9984,-2.6262427518042624
9985,-2.864050514219541
9986,-2.554621012056744
9987,-2.5810900177715252
9988,-1.8657659500548942
9989,-2.1942918907438034
9990,-2.2869738740518946
9991,-2.3762654096280795
9992,-2.444616162640187
9993,-2.4491290346511723
9994,-2.5654764761887456
9995,-1.9006286570360058
9996,-2.457112733673085
9997,-2.761385512801949
9998,-2.1863397938684743
9999,-2.2558811196705006
10000,-2.54774262668202
10001,-2.2734184672185096
10002,-2.368429319280373
10003,-1.991004328511745
10004,-1.950483429487305
10005,-2.386918234058501
10006,-1.9109922350127018
10007,-1.69888365365215
10008,-2.6246333077636312
10009,-2.7054067786851466
10010,-2.263390913941828
10011,-2.661903208506369
10012,-2.5831976888555737
10013,-2.257640966633153
10014,-3.049100705585613
10015,-2.546986940459193
10016,-2.500332927114905
10017,-2.2157078275013067
10018,-2.947861323685894
10019,-2.076331634550676
10020,-2.7295116046090104
10021,-2.404432354101392
10022,-2.3694199929193296
10023,-1.848546268919975
10024,-2.997841357366873
10025,-1.9571750870942477
10026,-2.1814157880681684
10027,-2.5336369926743196
10028,-2.4270000321506884
10029,-2.359887794485995
10030,-2.3271379510078907
10031,-1.9125791126315101
10032,-1.9005656256634669
10033,-2.3642185774525646
10034,-2.626242778121191
10035,-2.314190655669703
10036,-2.26695361991255
10037,-2.5342826219570154
10038,-2.4245518457089403
10039,-2.033861940359912
10040,-1.6753472099266034
10041,-2.6411736632881477
10042,-1.9345159959419895
10043,-1.9204985569444195
10044,-2.1474855010791383
10045,-2.7008410548637705
10046,-1.9495025908971557
10047,-2.5751029111343224
10048,-2.515921099595498
10049,-2.731151921475237
10050,-2.802247293327223
10051,-2.538168244312114
10052,-2.5996445758110593
10053,-2.584474300475749
10054,-2.4856633627720934
10055,-1.9370448579482855
10056,-1.8302926286651906
10057,-1.9261832207886893
10058,-2.3618465904365977
10059,-1.892653462390989
10060,-1.5328378190819616
10061,-2.0706938566806072
10062,-2.014265425508142
10063,-2.5493655307812593
10064,-2.3310004088838125
10065,-2.4938472243681957
10066,-2.294873336046247
10067,-2.3211831294470424
10068,-2.806129579026837
10069,-2.0886336992824517
10070,-2.2611067353537466
10071,-2.186227288933363
10072,-1.9130911760793659
10073,-2.5620423588878705
10074,-2.5854368513321946
10075,-1.6587151950911467
10076,-2.5847634540907083
10077,-2.9519417488767963
10078,-2.4950546221182233
10079,-1.5635836090071344
10080,-1.8783540912894292
10081,-2.3963926973020055
10082,-1.8597200990569247
10083,-1.77463885096902
10084,-2.1307797735826703
10085,-2.053477154444278
10086,-2.3513773616273195
10087,-2.0537081957075807
10088,-2.2261375531332077
10089,-2.5091014770847075
10090,-1.5258642148436887
10091,-2.744510510519894
10092,-2.1464101561196016
10093,-1.847500082940982
10094,-2.3423725081545075
10095,-2.448477389663872
10096,-2.09064472358923
10097,-2.359293686720744
10098,-2.152553679174249
10099,-2.241076114837538
10100,-2.2409681879777774
10101,-2.373553564051758
10102,-2.2183383846144293
10103,-0.06709810304335612
10104,-2.1138416721174758
10105,-2.617697824661105
10106,-2.538158398043403
10107,-1.8980426150802598
10108,-1.4683063781670656
10109,-2.357399562944408
10110,-2.9204501678557206
10111,-2.794841133448454
10112,-2.3704905077313803
10113,-1.917439537224261
10114,-2.841389843670298
10115,0.05243496811538536
10116,-2.2007082240719877
10117,-0.5181521096366364
10118,-0.9900517694803911
10119,-1.8439087288826503
10120,-2.112949117218454
10121,-2.0576988818277213
10122,-2.581425943947989
10123,-2.7157547219678775
10124,-2.318083743009093
10125,-2.1224400000349175
10126,-2.363412015261548
10127,-1.587133396412069
10128,-2.2450308207317504
10129,-2.5311497174425273
10130,-1.8261263492276942
10131,-2.1135423951969674
10132,-2.7214112822290697
10133,-2.6657501161558717
10134,-2.035786191686747
10135,-2.147479947741206
10136,-2.9365223191164995
10137,-2.492088598761064
10138,-1.5909096803695097
10139,-2.207478439160463
10140,-2.413598921183651
10141,-1.642779896208634
10142,-1.6075107613275381
10143,-2.3393915660848013
10144,-2.3546819833666968
10145,-2.9508167413587434
10146,-2.3857511392432453
10147,-2.4566071005034003
10148,-0.992439346138459
10149,-2.455285504532358
10150,-2.8077523320527944
10151,-2.8362421302582845
10152,-2.0277936600253867
10153,-2.5384924692416515
10154,-2.8554096739559425
10155,-2.821518071074949
10156,-1.7593767188735867
10157,-1.979643881752216
10158,-1.2758032104569272
10159,-2.4502066173532007
10160,-2.5469441210397132
10161,-2.123171631970672
10162,-1.8179064270456413
10163,-2.294737346004111
10164,-2.313350512137785
10165,-2.9251834281395803
10166,-1.6643054201886045
10167,-2.622166291320394
10168,-2.074119189168604
10169,-2.2869313762774435
10170,-2.189675259082721
10171,-2.6042917856841337
10172,-2.0815402980602844
10173,-1.7801153252452857
10174,-1.8317884204020205
10175,-1.967539632800953
10176,-2.848970606224983
10177,-2.210570784518927
10178,-1.875096966387877
10179,-2.738545827101377
10180,-2.2871690288567046
10181,-2.5683591284722476
10182,-2.7101953760631847
10183,-2.436469638393929
10184,-1.8828680030757625
10185,-2.3668189431502658
10186,-2.7900898232211193
10187,-2.418084051936887
10188,-2.48707266519121
10189,-3.0383797756503528
10190,-1.8096216889779904
10191,-2.4939329631561162
10192,-2.0235312748663334
10193,-2.1486368338056567
10194,-2.8726393115449675
10195,-1.9926767628724176
10196,-1.7397257038319554
10197,-2.146336907410739
10198,-2.930507618828363
10199,-2.1881563528880834
10200,-2.3429383510345554
10201,-2.537267712583256
10202,-2.6768430417942843
10203,-2.2597050465801316
10204,-2.690018653195508
10205,-2.6871635008697274
10206,-2.579928591809747
10207,-2.71022632854206
10208,-2.622505600240615
10209,-1.8969945898758604
10210,-1.8181094860158613
10211,-2.222512550367796
10212,-1.7311591437782041
10213,-1.8277459736131285
10214,-2.6769958667010156
10215,-2.9866996675387805
10216,-1.5974185639037788
10217,-1.9763361706277378
10218,-3.0506392420088657
10219,-2.8155523070579638
10220,-2.1027675481504557
10221,-2.283191603443939
10222,-2.8634862643345693
10223,-1.8328156234773534
10224,-1.9964278936561188
10225,0.48306161742511816
10226,-2.228184236575798
10227,-2.255405653059567
10228,-1.6741632316801234
10229,-2.0090196527590978
10230,-2.0497451125656916
10231,-2.254956019616539
10232,-2.3568889130339485
10233,-2.6562015087688913
10234,-2.192984978409635
10235,-1.7598512557303827
10236,-2.445320354753975
10237,-2.3069189442341576
10238,-2.6939310012465816
10239,-1.7902061368062288
10240,-2.2237158510886905
10241,-1.5477600250631969
10242,-1.9079286288575974
10243,-2.3507266748214874
10244,-2.6588696458844945
10245,-1.5376831286357633
10246,-1.8906840601868429
10247,0.3876593115837496
10248,-2.0021533368881284
10249,-1.9301720350652622
10250,-2.1591447815998763
10251,-2.0316495956643323
10252,-1.8603262844228323
10253,-2.5062313975168777
10254,-2.5328205157216392
10255,-2.458117973313307
10256,-2.277486114865766
10257,-2.2510496670876217
10258,-1.6511196033122923
10259,-2.476224506287308
10260,-2.341695153599336
10261,-2.1963581998266744
10262,-2.1930281552794035
10263,-3.0404584345101426
10264,-2.1031602092849506
10265,-2.6616167284707206
10266,-1.7787925532761044
10267,-2.266651430998589
10268,-1.9392400733445743
10269,-2.0934790102722145
10270,-2.289508624365713
10271,-2.7021523155390903
10272,-2.3849941271581145
10273,-2.3143495411870734
10274,-1.865179489142854
10275,-2.058043965290561
10276,-2.702508885089554
10277,-2.0356984615856626
10278,-2.9605933718447575
10279,-1.7908095312017676
10280,-2.5960903660374033
10281,-2.0245721658611786
10282,-2.665107286597938
10283,-1.6010320845013495
10284,-1.8401224732343158
10285,-2.126008730241716
10286,-2.8281703300817855
10287,-1.7353689947458217
10288,-2.691490593425479
10289,-2.4737879165841816
10290,-2.570934404314424
10291,-1.9215326915289608
10292,-1.970371601630745
10293,-1.4508828894084198
10294,-2.1634280138038826
10295,-2.288081858316972
10296,-1.3858200278800625
10297,-2.017647523590423
10298,-2.347088708218818
10299,-2.287477314272512
10300,-2.239199271922813
10301,-2.958956671847758
10302,-2.766335826710644
10303,-2.3079394726623153
10304,-2.4621381335358916
10305,-2.268457785396692
10306,-2.4021762207276223
10307,-2.418318469932311
10308,-2.701981721409224
10309,-2.156754122184383
10310,-2.4118019640794373
10311,-2.169301802604486
10312,-1.6645166300539438
10313,-1.6975714845361567
10314,-1.9747734117830524
10315,-2.064869834920967
10316,-2.1186658222346297
10317,-2.4399402582423275
10318,-2.849200032525178
10319,-1.4596175196726664
10320,-2.513833346438707
10321,-2.230712255043165
10322,-2.3183112734623554
10323,-1.605008475773222
10324,-0.6025164633361317
10325,-1.94018781144877
10326,-2.283564860727742
10327,-2.3015008590941592
10328,-2.1095088393891457
10329,-2.2400901057504217
10330,-2.3646688848998516
10331,-2.3242894113020425
10332,-2.5793087471065093
10333,-2.4477619670272848
10334,-2.035218801477565
10335,-2.667808570568027
10336,-2.3174508668863023
10337,-2.6316383343872647
10338,-2.256308076986358
10339,-2.3125778133877133
10340,-2.420609906456416
10341,-2.5685988278248457
10342,-2.707825889089784
10343,-2.3985725458244156
10344,-1.4336826782781795
10345,-2.7100465775221094
10346,-2.1408509040089547
10347,-2.2488485052312623
10348,-1.8304273842660026
10349,-1.234787303524771
10350,-2.63168669689058
10351,-1.66427286670771
10352,-1.8441209263315335
10353,-2.635832703929713
10354,-1.3371885254792493
10355,-2.2812816033287495
10356,-2.169883250362206
10357,-2.469060262370083
10358,-1.6615651153477728
10359,-1.75289335179872
10360,-2.6122550830169358
10361,-1.9171120714682481
10362,-2.451498874551868
10363,-2.9274580376468684
10364,-2.616578938968824
10365,-2.3302558108787386
10366,-3.0181012754670515
10367,-1.9207466962860205
10368,-2.6606112971817675
10369,-2.728360758687974
10370,-2.1008821588877358
10371,-2.0797188701449842
10372,-2.579841643275353
10373,-2.1695262058900515
10374,-2.7717727649266366
10375,-2.2659000951722104
10376,-2.2568595126108324
10377,-1.7400281094674976
10378,-2.263013805917071
10379,-2.058935321491631
10380,-1.784176953918807
10381,-2.329616895440772
10382,-1.835248144862655
10383,-2.1874426618860046
10384,-2.004403927593824
10385,-2.820826779226268
10386,-1.7238245482496704
10387,-1.8235376705641728
10388,-2.6261722934598954
10389,-2.405533139867715
10390,-1.7568033527265599
10391,-2.6423038484679378
10392,-2.3342833091856177
10393,-2.231664786967924
10394,-2.578897247279069
10395,-2.4213491019813804
10396,-0.41013844503793273
10397,-1.8007509470993837
10398,-1.4781018827990233
10399,-2.361134966217412
10400,-2.26059275128799
10401,-2.1095908453012173
10402,-2.7638240042520006
10403,-2.25781165474813
10404,-3.0124289594554456
10405,-2.054529893741178
10406,-1.608609995126514
10407,-2.1719879189122477
10408,-2.573571587192749
10409,-2.660398515865363
10410,-1.9136165700509193
10411,-2.1691353809910146
10412,-1.808628511766118
10413,-2.661835802658552
10414,-2.1426864022293652
10415,-2.4873897809902514
10416,-1.6980575282334476
10417,-1.936383826235764
10418,-1.9471404913102242
10419,-1.823928339787583
10420,-2.452261425233981
10421,-1.9173149687476072
10422,-2.26614929924759
10423,-1.905678919809949
10424,-1.5479771642480178
10425,-2.0974699086986797
10426,-1.9411450682776619
10427,-2.2647697463875116
10428,-1.8349846955666376
10429,-2.4829302036731495
10430,-1.478036930437476
10431,-2.1930401088586904
10432,-2.5622344970804023
10433,-1.8629601080172522
10434,-1.8359109056841323
10435,-2.2498393149456217
10436,-2.780629059636782
10437,-2.107883672031105
10438,-1.5037216880624005
10439,-2.518430538256016
10440,-2.510270422859248
10441,-2.3295071129038862
10442,-2.571443119854229
10443,-2.091898137335681
10444,-1.7730395058603068
10445,-2.97142215964975
10446,-1.9795188142120101
10447,-2.296660778436724
10448,-2.0629234732783885
10449,-2.313627148125278
10450,-2.2124001714988513
10451,-2.255092249682822
10452,-2.064802705664371
10453,-2.5587514369796573
10454,-2.6601170613004266
10455,-2.163813750185066
10456,-2.3875100070309516
10457,-2.219220617019544
10458,-2.751696301619513
10459,-2.359627289517719
10460,-2.390721955232899
10461,-2.2176114296612717
10462,-2.409241123645081
10463,-2.604741161195571
10464,-1.4079755013248794
10465,-2.440995727641417
10466,-2.1434922359142954
10467,-1.8863461250107774
10468,-2.3382736137329023
10469,-2.14591311285474
10470,-1.8358159981238216
10471,-1.679967742805112
10472,-2.6206497340481794
10473,-2.4893635141656327
10474,-2.3182100900916036
10475,-1.853989323719096
10476,-1.8206413694206465
10477,-1.6297396753936644
10478,-2.9716338372156055
10479,-2.685400717831282
10480,-2.6715380217474363
10481,-2.3656855850996235
10482,-1.415217638819547
10483,-2.8273863732350146
10484,-2.6217719176072354
10485,-2.6055035827655892
10486,-2.047818883809833
10487,-2.7288641926170873
10488,-2.608547599374592
10489,-2.5993517491957454
10490,-2.0689148952146112
10491,-1.5149776360807767
10492,-1.7241063123061313
10493,-2.266571780261131
10494,-2.847821443655276
10495,-1.77727800378825
10496,-2.6663111280775693
10497,-2.3661108810855285
10498,-2.265932422403733
10499,-2.9326317401714337
10500,-2.6021864622685835
10501,-0.6100534678482167
10502,-2.0277952788743043
10503,-2.362599253612345
10504,-2.4041944701098337
10505,-1.4953048914903768
10506,-2.364166360431083
10507,-1.633320717421159
10508,-2.710221041893726
10509,-2.2909431792261774
10510,-1.907321602047897
10511,-2.5925427155353953
10512,-1.3925120085563458
10513,-2.4770697614897195
10514,-2.600753024393042
10515,-2.5077773130862675
10516,-2.576302951191735
10517,-2.3557585717869816
10518,-2.229419182978727
10519,-2.2027565566275547
10520,-2.5304892694763765
10521,-2.625508773021426
10522,-3.2507440860766255
10523,-2.6465405203002716
10524,-1.809418924622532
10525,-1.784455159066846
10526,-2.472407267559341
10527,-1.894640303490335
10528,-2.439218065879303
10529,-1.9365162536953795
10530,-2.206948292222229
10531,-1.826532407865067
10532,-1.7380005652969963
10533,-2.450461090381096
10534,-2.1223010018921347
10535,-2.036014648968044
10536,-2.234659276583974
10537,-2.196406088174338
10538,-2.003678166691435
10539,-2.821864073244962
10540,-2.209586500858044
10541,-2.495642876710505
10542,-2.1461836897678452
10543,-2.367643552736623
10544,-1.5045865948620534
10545,-1.9317325925094666
10546,-2.4278434754030966
10547,-2.2860220832080067
10548,-1.5186455297028867
10549,-2.0426393684912663
10550,-2.5717741514773023
10551,-2.91054699563318
10552,-2.5393567458585773
10553,-2.066227547613211
10554,-1.669110588452289
10555,-2.127970077930713
10556,-2.4489168416895475
10557,-2.690875114559245
10558,-2.3453386314808893
10559,-2.108365623075738
10560,-2.392051355717163
10561,-1.666407593229132
10562,-1.8750621656899729
10563,-2.5711002343052756
10564,-2.0226880356514014
10565,-2.1659279283096295
10566,-2.614115133071421
10567,-1.8658057977773834
10568,-2.3348080870620582
10569,-2.1109947604629293
10570,-2.478275798681811
10571,-2.301893344586095
10572,-1.817911283559178
10573,-2.4043237843775978
10574,-1.834854419692786
10575,-2.9179088279012815
10576,-3.0036026381912633
10577,-2.1082937082122393
10578,-2.6920427193499656
10579,-2.087929326182011
10580,-2.019627102199116
10581,-2.1444475500165874
10582,-2.6623611331696804
10583,-2.575215501221507
10584,-2.450507057902854
10585,-2.130959774484763
10586,-2.3497416852709594
10587,-1.868461261777127
10588,-2.9477354872738477
10589,-2.899368102763681
10590,-2.7256341640121744
10591,-2.0894098997787176
10592,-2.489950636861963
10593,-2.8223800226821454
10594,-2.381514515052059
10595,-2.1736601877982484
10596,-2.5367667282617363
10597,-2.4098612727348008
10598,-2.002560356481766
10599,-2.1852977179434223
10600,-2.3443203838780176
10601,-3.0010640286431074
10602,-2.290602538457004
10603,-2.421534815121777
10604,-2.5774522939685034
10605,-2.1440875137110753
10606,-2.519372847673118
10607,-1.317361561005648
10608,-2.288237598063462
10609,0.22795434617522226
10610,-2.893517362272769
10611,-1.3613258477575458
10612,-2.7351137528311593
10613,-2.5527679715482354
10614,-0.08324193162646991
10615,-1.9879356323373374
10616,-2.5046668141653563
10617,-2.8142914147657
10618,-2.4368330643171507
10619,-2.351889584141653
10620,-1.8735993429534528
10621,-2.1920230763561483
10622,-2.8211721319368808
10623,-1.8337713214130136
10624,-1.7416291709904441
10625,-1.6136637005056467
10626,-2.61002789189277
10627,-2.2122907491836132
10628,-2.531632596361959
10629,-2.6283971642048223
10630,-2.224480574944892
10631,-2.2677791359158475
10632,-2.3146276786370503
10633,-2.6079649217049776
10634,-2.164618987850725
10635,-1.9342220182226566
10636,-2.6762655915693303
10637,-1.888254211964591
10638,-2.5634834505049473
10639,-2.618363230129135
10640,-2.6607799112233925
10641,-1.5394519032737666
10642,-2.0100215240166253
10643,-2.3557313795908894
10644,-2.6411527585353065
10645,-1.4828580950795762
10646,-1.4601254458058281
10647,-2.938013683953468
10648,-1.7229060136320848
10649,-2.687004688168855
10650,-2.5842114476954063
10651,-2.4086516891662337
10652,-2.594977844507307
10653,-2.5417627277405868
10654,-2.514002267842345
10655,-2.6532393606168427
10656,-2.280584947775497
10657,-2.5560562749421547
10658,-1.0742323872048956
10659,-1.779443766936841
10660,-2.5802996223859602
10661,-2.746500210252588
10662,-2.381617179508067
10663,-2.0347617829664726
10664,-1.8956198621254305
10665,-2.43602664331578
10666,-2.3172394870041946
10667,-1.771324140988641
10668,-2.790656328645507
10669,-1.4263078419750264
10670,-2.519112264147384
10671,-2.783543907968454
10672,-2.0933769024051743
10673,-2.661034153321842
10674,-1.5553570847202896
10675,-2.9227383776851346
10676,-2.8757042643497353
10677,-2.5227167551378167
10678,-1.4057284728922905
10679,-2.429743193544641
10680,-2.518532774597321
10681,-2.634145957414399
10682,-1.9148496042263778
10683,-1.818633248274957
10684,-2.5487006004132184
10685,-2.07374517157325
10686,-0.35896074332793
10687,-1.7122898706362302
10688,-1.9239343860278617
10689,-2.563487216737318
10690,-2.3338798975353265
10691,-2.610413685582302
10692,-1.7961234111591549
10693,-2.1082938543805616
10694,-2.310040194445091
10695,-2.6188055627194857
10696,-2.1534167802535125
10697,-2.2632629699471485
10698,-2.41382807280532
10699,-2.5442138068764772
10700,-2.2154408778400856
10701,-2.050381801884508
10702,-2.0246431112751675
10703,-1.8051102929935947
10704,-2.503335807911331
10705,-2.513121773670764
10706,-2.3502773770881573
10707,-2.8397826726092514
10708,-2.463687471960163
10709,-2.617874332097981
10710,-1.9124224935627883
10711,-1.2488447529575455
10712,-2.5928470908809924
10713,-1.7688074355692303
10714,-2.109509897218469
10715,-2.5623307861410933
10716,-2.370321514418165
10717,-2.7479028850224694
10718,-2.016588001059592
10719,-2.4862581784574544
10720,-2.5105334290538264
10721,-2.2415649574942513
10722,-2.1230805118664016
10723,-2.0197421899018058
10724,-2.3168135013568962
10725,-1.7267810384997027
10726,-2.0419837872660267
10727,-2.266692978340785
10728,-1.9071864344003067
10729,-1.606995868321213
10730,-1.278896183362864
10731,-2.462758729680729
10732,-2.461130657500508
10733,-2.4711276478828084
10734,-1.7167533343330905
10735,-2.0177426350898267
10736,-1.8423129887513903
10737,-2.0774208607626856
10738,-2.2788945907622917
10739,-2.3840213775126875
10740,-1.7651089172569963
10741,-1.5426946084754376
10742,-2.272634463869294
10743,-2.3742764933002927
10744,-2.2883050284537334
10745,-3.1034939196903673
10746,-1.7371498551400866
10747,-2.6273840854905637
10748,-2.1422106380468238
10749,-2.773689147883678
10750,-2.700196186369048
10751,-2.6895039899933835
10752,-1.926827305439054
10753,-2.7610340988873094
10754,-2.532447406422246
10755,-2.157826402928507
10756,-2.379667833565184
10757,-1.6317033783114891
10758,-2.4852611484117655
10759,-2.1063083037925154
10760,-2.4493839148383167
10761,1.0368364669113859
10762,-1.9089486906091706
10763,-2.339294849938248
10764,-1.710102175491344
10765,-1.9272839429562332
10766,-1.8655062434314158
10767,-2.344409064175493
10768,-2.5852210755260745
10769,-2.735362922400785
10770,-2.59323399749949
10771,-1.755786283881166
10772,-2.5977419230939054
10773,-1.6714613425698694
10774,-2.8633678166265644
10775,-1.865855483208635
10776,-2.0656961579058555
10777,-2.1643072120567655
10778,-2.8860805262690428
10779,-2.484541294749511
10780,-1.9759907465700302
10781,-2.524452372975336
10782,-1.9797392519862236
10783,-1.6894676288415602
10784,-1.8442744252335919
10785,-3.120562440302011
10786,-2.224987593018079
10787,-1.83823427932696
10788,-2.1973688407036325
10789,-2.6208907444690577
10790,-2.6355514422058572
10791,-2.266348803574482
10792,-2.2991593695043178
10793,-3.3988435300538473
10794,-1.880730468264677
10795,-1.8823835314152289
10796,-1.1667469881567678
10797,-2.176873202490862
10798,-2.8417101610500053
10799,-2.3534114908618387
10800,-2.062433088801106
10801,-2.6912967116725355
10802,-2.1822277536089514
10803,-2.7837158198973353
10804,-2.8087297155653506
10805,-1.3644088460119121
10806,-2.4406193907422624
10807,-2.377589870771288
10808,-2.641620791031479
10809,-2.2186619164901136
10810,-2.7801915135089392
10811,-2.005113534226451
10812,-2.0187316190841877
10813,-2.198411608681342
10814,-2.6417263534945667
10815,-2.7438420431095993
10816,-2.1484271283026968
10817,-2.0410980413253355
10818,-2.695559345408777
10819,-2.6287852139646652
10820,-2.8788703581614894
10821,-2.539371618148232
10822,-1.218434235115949
10823,-3.078454160202014
10824,-2.484028964618551
10825,-2.2621973169454552
10826,-2.0388998116809884
10827,-1.6496334780860882
10828,-2.360806852562852
10829,-2.799372072416723
10830,-2.237331930468635
10831,-1.9763624584498891
10832,-1.9810646112255819
10833,-2.140876845222053
10834,-1.607304888595633
10835,-1.9741111559506743
10836,-2.28441100730941
10837,-2.05501190094799
10838,-2.496608230036099
10839,-1.4829433779774124
10840,-2.7824778425167946
10841,-2.231450547645433
10842,-0.4515226175246466
10843,-2.49053099540226
10844,-2.96332737215044
10845,-1.85940490502231
10846,-2.15491858658958
10847,-2.154917032901055
10848,-2.068195403034395
10849,-1.991344807835229
10850,-2.754033963337169
10851,-2.795106852553554
10852,-2.1035597675854056
10853,-2.215927460830852
10854,-1.7969082058909442
10855,-1.2822251227971129
10856,-2.5987639283444928
10857,-2.695255251691083
10858,-1.7766165710960713
10859,-1.9931371233361475
10860,-2.6350880724533257
10861,-1.646067334356876
10862,-2.0041483631528494
10863,-2.4857650718509525
10864,-2.1280033615653284
10865,-2.1544328525848497
10866,-2.119552345910162
10867,-1.2130068224015278
10868,-2.6535198499284043
10869,-2.4167264732351956
10870,-2.328043394363642
10871,-2.2155971902258957
10872,-1.9921741191108502
10873,-1.8666312789394393
10874,-2.3958813038874096
10875,-2.646866711108573
10876,-2.44764443371993
10877,-1.9928461432459963
10878,-2.3060131679589464
10879,-2.0682689948833395
10880,-2.2445800511468406
10881,-2.893254454499737
10882,-2.702242134019922
10883,-2.55092795113957
10884,-2.700213961153555
10885,-2.535136542959705
10886,-2.557703696534149
10887,-2.3093290025381115
10888,-2.2495449020837555
10889,-2.0733126037404137
10890,-1.9388976660605937
10891,-1.9009726168399597
10892,-1.7861894364592728
10893,-1.6235968032416617
10894,-2.3891959630472517
10895,-2.0165261700652373
10896,-1.8179622166258986
10897,-3.0072403703742427
10898,-1.8120748502626256
10899,-1.9812683390295969
10900,-2.660741035670961
10901,-2.1483352651568066
10902,-2.61187621861672
10903,-2.852661403906603
10904,-2.044240087088782
10905,-1.7271767594903535
10906,-1.8726587928145555
10907,-1.7861240604070834
10908,-1.7920243164945693
10909,-2.649116817279671
10910,-2.589743723537646
10911,-1.9354309368723825
10912,-2.735285210074801
10913,-1.7412788927976248
10914,-2.506087209291241
10915,-2.1254898969001688
10916,-2.043530839770151
10917,-2.3100292874824766
10918,-2.623162840924826
10919,-1.9260116748868408
10920,-0.8652425690388365
10921,-2.4393371556487904
10922,-2.2112599762020655
10923,-2.8433464317143238
10924,-1.9502641699199932
10925,-2.2901294826542973
10926,-2.5553951589344637
10927,-2.6844800367457973
10928,-1.716301303128105
10929,-2.570763538637814
10930,-2.399627548187579
10931,-1.8797267025022155
10932,-1.940024895280341
10933,-2.136668273755994
10934,-2.0544424881933
10935,-2.071211183821219
10936,-1.6729702717007662
10937,-2.7326024036046817
10938,-2.057255726194882
10939,-2.1906494241638077
10940,-2.3693381415714905
10941,-2.199161643299681
10942,-2.3106708070684094
10943,-1.986821603586924
10944,-2.4175142531390765
10945,-2.15713224249751
10946,-1.3307391150648331
10947,-2.0948795216016927
10948,-2.2514949626245673
10949,-2.6916248997101695
10950,-1.7217298080043186
10951,-2.411245847592508
10952,-1.8404262310706212
10953,-2.7117006902488257
10954,-2.0198013512043187
10955,-2.4401182506281915
10956,-1.988578845098781
10957,-2.355968004193637
10958,-1.6322235147799005
10959,-1.9117124366782388
10960,-2.845658115488027
10961,-2.103385400263517
10962,-1.9658988926943886
10963,-2.5178285202270003
10964,-2.289350893744882
10965,-2.899704942601044
10966,-2.0486781498911504
10967,-1.255229980977676
10968,0.42029439355568865
10969,-2.300995483959075
10970,-2.195867433027266
10971,-1.973835897554192
10972,-2.6517469133329525
10973,-1.6989136053197316
10974,-2.255643958258095
10975,-1.59316822161815
10976,-2.2363778729021346
10977,-2.6424921317885595
10978,-2.1408594366693103
10979,-2.537325743922579
10980,-2.7613338880699003
10981,-2.3949133150016912
10982,-2.5388624643637683
10983,-1.8245589630913386
10984,-2.286094750512184
10985,-2.790922088023422
10986,1.3631698808973494
10987,-2.046501287733028
10988,-2.743402143668314
10989,-2.4222274419765855
10990,-2.731123774084989
10991,-1.6718841950319503
10992,-2.093293111999945
10993,-2.9898310740850724
10994,-1.6458426214823398
10995,-2.458966876784297
10996,-2.1139333536669436
10997,-2.549025929603041
10998,-1.9569894661526739
10999,-2.0748518432591943
11000,-1.1702460193350057
11001,-1.3518223735997328
11002,-2.1669524447953235
11003,-2.303953100651725
11004,-2.420078921228694
11005,-2.416607721843459
11006,-2.7596333041366536
11007,-2.4337977262950714
11008,-2.2878071466582903
11009,-2.0387655688116486
11010,-2.543381969705742
11011,-2.794524901384652
11012,-2.4834292935094853
11013,-2.6550668948504845
11014,-2.6986711264045202
11015,-2.5280862933196295
11016,-2.6343957488922842
11017,-2.428006494329051
11018,-2.113171824755217
11019,-1.584579708242935
11020,-2.5771594831183102
11021,-2.3117312282530458
11022,-2.1781808218155496
11023,-2.1180241426113944
11024,-2.0557728157870647
11025,-2.0088765545575344
11026,-1.9808031730678264
11027,-1.883599145731768
11028,-1.773751306230456
11029,-1.944354346611542
11030,-2.638596584217161
11031,-2.1130434968236345
11032,-2.110456253135198
11033,-2.6524380227463698
11034,-2.1529433653383014
11035,-2.151401250978982
11036,-2.5511113272410935
11037,-2.52551302589328
11038,-2.6797703980841923
11039,-2.3482282485334993
11040,-2.4245150634708135
11041,-2.018144886337636
11042,-2.5057845849520044
11043,-1.649975455588667
11044,-2.9362732545693278
11045,-2.2973567767077023
11046,-2.5739245440694996
11047,-2.398171560442047
11048,-2.3171812114897277
11049,-2.13963669578759
11050,-2.263854833156469
11051,-2.522363828487008
11052,-1.489183261583453
11053,-2.1143391537505
11054,-2.570707036014685
11055,-2.6725877134547136
11056,-1.9658594785575003
11057,-2.5229725163730468
11058,-1.9499609318451365
11059,-2.064606210488251
11060,-2.424043881444432
11061,-2.381441806160695
11062,-2.191205468965068
11063,-2.4312804965615733
11064,-2.2468478384048223
11065,-2.1739616590872215
11066,-1.6984403593604718
11067,-2.2348835612317384
11068,-2.846024475398089
11069,-2.6842973705478395
11070,-2.1550684849642843
11071,-2.4085108223057556
11072,-1.7961410979693258
11073,-2.117968175434249
11074,-2.27966664935047
11075,-2.244738432450535
11076,-1.3788008017055855
11077,-2.700543176601089
11078,-1.8767356298504017
11079,-1.7792445919577915
11080,-3.0611545416210384
11081,-2.4086043645093125
11082,-2.417829285276573
11083,-2.4002793593963996
11084,-2.8683362958985943
11085,-2.3926465333795273
11086,-2.238625389783215
11087,-1.5548402551077773
11088,-2.201343445567119
11089,-1.9135747893444062
11090,-2.3222205797747817
11091,-2.355944587694104
11092,-2.206077363020206
11093,-2.674505243044891
11094,-2.731681537819515
11095,-2.8778045928626836
11096,-2.1749726313524635
11097,-1.758504745286377
11098,-2.810219995437832
11099,-1.974288964609806
11100,-2.3928085150083778
11101,-2.200542520347266
11102,-2.1901718260902028
11103,-1.0582869642141497
11104,-2.432103784050711
11105,-1.4939912894596843
11106,-2.011199131310617
11107,-2.242263817660926
11108,-2.267137074778479
11109,-2.672059888993499
11110,-2.2166156440060862
11111,-2.225035325552889
11112,-2.2131966742209737
11113,-2.0350905136513258
11114,-2.043835237014226
11115,-2.2767895142480064
11116,-2.4148260776499035
11117,-2.1514077484097873
11118,-2.0418828426810296
11119,-2.34331742085006
11120,-2.61536625570008
11121,-2.1096675574403836
11122,-2.2833505294368304
11123,-2.833996687600441
11124,-2.4460946665638024
11125,-2.331323827911294
11126,-2.2386106592738346
11127,-1.9723694485670613
11128,-2.2204958735737286
11129,-2.562078479287502
11130,-2.241365515265049
11131,-1.3936745968821473
11132,-2.3140913951324382
11133,-3.0884194405108363
11134,-1.9341661534786088
11135,-2.785587214362176
11136,-1.8404831913733046
11137,-2.0878931948943036
11138,-1.825743552431161
11139,-1.7761296214745066
11140,-1.9192830084410306
11141,-2.385236984199145
11142,-1.0282960178751694
11143,-2.3227537516755272
11144,-2.074397679262744
11145,-2.480566576191723
11146,-2.298511342887658
11147,-1.5244690554217009
11148,-2.830130349585107
11149,-2.5653347319739717
11150,-2.7549144975630924
11151,-2.160787440858552
11152,-2.2880187556040497
11153,-2.2551598878474017
11154,-2.2562969559859596
11155,-2.1172394100289402
11156,-2.3016981796247316
11157,-1.7001282825078476
11158,-2.3713689804923272
11159,-2.2881337555115375
11160,-2.437370346384841
11161,-2.6978038200375987
11162,-1.5852895956540125
11163,-2.6991744112519385
11164,-2.2602026046452037
11165,-2.887916715922712
11166,-2.4444342891416135
11167,-1.9357787372653046
11168,-2.163367967021512
11169,-2.438994221763829
11170,-2.2763913660408592
11171,-2.076885720215439
11172,-2.397300316446207
11173,-1.267957700625461
11174,-2.542591015564475
11175,-2.5179329590822213
11176,-1.7906149104233056
11177,-2.2846697830482183
11178,-2.0074886164045034
11179,-1.9013330140235714
11180,-2.521901669903806
11181,-1.465065577918483
11182,-2.1739949870882747
11183,-2.5382123319951595
11184,-2.470201964784792
11185,-2.7132341335022896
11186,-2.710102973458304
11187,-2.3995010942294006
11188,-2.668399231483747
11189,-2.8282479990741574
11190,-2.6290065106939613
11191,-1.97360761819636
11192,-1.8126190960516961
11193,-2.224298914386231
11194,-1.9834324250570257
11195,-2.3242302872676834
11196,-1.2618070328396969
11197,-2.63176622905927
11198,-1.9341249155105593
11199,-1.6771239531155189
11200,-2.1067528022252624
11201,-0.746504179445333
11202,-2.7451372632905446
11203,-1.7341959435344856
11204,-1.8430675469198545
11205,-2.3681540970335364
11206,-2.6663831943720018
11207,-1.756729999088931
11208,-2.2441180295663536
11209,-2.1427252942964357
11210,-2.148125561098755
11211,-1.7043063815106851
11212,-2.257685847865598
11213,-2.4588897916348644
11214,-2.49599927283198
11215,-2.5543471947724203
11216,-2.010162337674673
11217,-2.2433283945905518
11218,-1.9132652817785487
11219,-2.8129125341463004
11220,-2.836431017212187
11221,-2.2132275800115475
11222,-2.0634767285094116
11223,-1.8551731580520554
11224,-2.617133354411172
11225,-1.466824348913395
11226,-2.386401885914486
11227,-2.6797848192120877
11228,-1.760085874146856
11229,-2.2730639656736535
11230,-2.152969955728684
11231,-2.305481792254153
11232,-1.4496838391643796
11233,-2.6210607482393087
11234,-1.6635728154091585
11235,-2.176017627958578
11236,-2.3110033819610036
11237,-2.1308251120609736
11238,-1.4804098504167569
11239,-2.439811959663544
11240,-1.9355453950729045
11241,-2.0137538004755
11242,-2.759088619617988
11243,-1.6977025440996067
11244,-2.101302921068671
11245,-2.741836377068723
11246,-2.292364847438577
11247,-1.9732841252477835
11248,-2.308032916184572
11249,-1.9957387996860192
11250,-2.145345148425465
11251,-2.732692016847897
11252,-2.1184144319270315
11253,-1.8754661691341628
11254,-2.494922989792372
11255,-2.482601757860567
11256,-2.097353682737829
11257,-1.8905863920641046
11258,-1.4388956185602972
11259,-2.2687274490621596
11260,-2.03315854504903
11261,-2.026058420176148
11262,-1.9028127411531508
11263,-2.639769132184146
11264,-3.135145586497201
11265,-2.785758310793466
11266,-2.716296719718948
11267,-2.196941417286946
11268,-2.321395746000738
11269,-2.1871144659115127
11270,-2.293312920964359
11271,-1.6752820702708429
11272,-1.6522786131824918
11273,-2.2713899412820857
11274,-2.2060525408549188
11275,-2.748186918647069
11276,-2.47185661250645
11277,-2.345113092774945
11278,-2.193159434660854
11279,-1.524984502726605
11280,-1.945990083931582
11281,-2.2883730892343555
11282,-2.2996893109274716
11283,-1.789977194905301
11284,-2.48606774824515
11285,-1.9643299534255008
11286,-2.4830461370552324
11287,-1.667283409504848
11288,-1.982033669854648
11289,-2.4587588105839937
11290,-2.494691451164873
11291,-2.120136485659882
11292,-2.3221578943493775
11293,-2.710602116963614
11294,-2.1560479181960384
11295,-2.0548913175411347
11296,-2.6207942461755156
11297,-2.8855681627057637
11298,-1.8026774641504013
11299,-2.5340653061781
11300,-2.223079855180572
11301,-2.5794099092115954
11302,-1.8089474256402291
11303,-1.6345884180845374
11304,-1.8018879831799037
11305,-2.4945625142662373
11306,-2.3032600242025825
11307,-3.2487416000381013
11308,-1.9706236913059096
11309,-2.410770887962905
11310,-2.3194632472671137
11311,-2.1081246158844307
11312,-2.6082715619644516
11313,-2.2764903079508
11314,-2.2427776409539457
11315,-2.7891760967681707
11316,0.1741398104976306
11317,-2.5953460155547874
11318,-2.757703681441051
11319,-2.8136760599437807
11320,-2.4669626729525977
11321,-2.591261160313334
11322,-2.035321291675721
11323,-2.097688315186475
11324,-2.1505003035247374
11325,-2.564207770980876
11326,-2.032293809783579
11327,-2.5236469612089345
11328,-2.1382128581944473
11329,-1.5780007790847033
11330,-2.2357242462238704
11331,-1.9935841092455626
11332,-1.8553757152919248
11333,-2.205827506893765
11334,-2.583776044152617
11335,-2.082824928254409
11336,-2.3881177670288065
11337,-2.760937839310852
11338,-2.1254611956935494
11339,-2.20405132129815
11340,-2.5548233149186186
11341,-2.498080818292213
11342,-2.6859706046918626
11343,-1.9708121605337185
11344,-2.7047496710209282
11345,-1.9336736231876468
11346,-2.414553840210644
11347,-2.49025926525467
11348,-2.7059523478334864
11349,-2.3306978833599774
11350,-2.308587968579061
11351,-2.158127100693342
11352,-1.9814457015408464
11353,-2.14277232989008
11354,-1.9253415424695435
11355,-2.502148741627778
11356,-2.2801220602397687
11357,-2.1322886556441896
11358,-2.4229047261446053
11359,-2.8128731480437583
11360,-1.8546699355557326
11361,-3.099251685056289
11362,-2.4184849434106503
11363,-2.36584306187563
11364,-2.4242354299417435
11365,-1.8668917332396153
11366,-2.0041233294449783
11367,-2.556148252378772
11368,-2.5013391334092394
11369,-1.9266611590736806
11370,-2.3258799666711925
11371,-1.6788508493927037
11372,-2.536375045286883
11373,-1.8465526887507033
11374,-2.738194622001168
11375,-2.335918233117043
11376,-2.373940685305886
11377,-1.9689529255294338
11378,-2.3888616185536415
11379,-1.8177270822302856
11380,-2.606436766439018
11381,-2.1992620227872397
11382,-1.0797873604153985
11383,-2.4400230951048174
11384,-2.181843834597109
11385,-2.235999132722503
11386,-2.6162738922575466
11387,-2.4630213225689794
11388,-2.1193726069847374
11389,-2.735523754350556
11390,0.36229399820276365
11391,-1.7369802831446575
11392,-2.463573927116636
11393,-2.469073450082029
11394,-2.6521683426175304
11395,-2.5449134336252834
11396,-1.8348140813372444
11397,-2.03314109376052
11398,-1.5614042110691393
11399,-2.4985620981111514
11400,-2.05319151489267
11401,-2.370846464023791
11402,-2.110170798896276
11403,-2.25970799922636
11404,-2.4371426445302378
11405,-2.137039419778456
11406,-2.740773822381112
11407,-1.7618881848441128
11408,-1.8627818995563112
11409,0.14943297007866715
11410,-2.1499877469636584
11411,-2.4010396365825137
11412,-2.1234202977541443
11413,-2.2323815107776612
11414,-2.3547934332324405
11415,-2.7041699091557776
11416,-2.2302143785773927
11417,-2.9735566239989577
11418,-2.273991289247959
11419,-2.9998099278589963
11420,-2.0522894116028954
11421,-2.612106924295525
11422,-2.422240654297228
11423,-2.380564983112427
11424,-2.498835470572356
11425,-2.4228362765063296
11426,-2.91296177771448
11427,-1.9292334275014433
11428,-1.6370509181948538
11429,-1.792812805914831
11430,-2.2349182044153344
11431,-2.2951923378661805
11432,-2.397448675059141
11433,-2.8210455503498966
11434,-2.6940532078104624
11435,-2.1563102034736654
11436,-1.9087156919491237
11437,-2.149900588592767
11438,-2.403843147581544
11439,-2.411339435415805
11440,-3.0555524529101876
11441,-2.609802919208309
11442,-2.105021681809928
11443,-2.764319237285398
11444,-2.6994934717586325
11445,-2.4059051561127736
11446,-2.382627217855305
11447,-1.7057101018515846
11448,-2.4078739421511153
11449,-2.6214176918764207
11450,-2.288476067110968
11451,-2.4529334251337596
11452,-3.073158004100089
11453,-2.2144118800241857
11454,-2.283908134066624
11455,-1.639617893864554
11456,-2.0180549132784074
11457,-2.6713760353247262
11458,-1.7087644072949841
11459,-2.5364439398524072
11460,-1.8097600965762677
11461,-1.9216027576845305
11462,-2.432887181725976
11463,-2.225812888807638
11464,-2.346949635310945
11465,-2.4983416011998965
11466,-1.5643469808206034
11467,-1.6312926330203945
11468,-2.1384973563311487
11469,-2.0110025906021556
11470,-2.535953682708799
11471,-2.483793393347952
11472,-2.3436349880817797
11473,-2.2780267292592735
11474,-1.9592237486819084
11475,-1.8704496521207543
11476,-1.879182968466284
11477,-1.68559898881675
11478,-2.7128583728612985
11479,-1.9807341409454222
11480,-2.143794196319194
11481,-2.5774896535611296
11482,-2.0946205579862283
11483,-2.367044501468609
11484,-2.6032594648009386
11485,-1.8263187964910752
11486,-1.811773547917805
11487,-2.1593054183331746
11488,-1.9719997149466653
11489,-2.405797675568687
11490,-1.3768148750440636
11491,-2.3601988132766336
11492,-2.062224645155635
11493,-2.4600361646238613
11494,-1.9345582697717898
11495,-2.2207946847745927
11496,-1.7861125567056877
11497,-1.6978300172476088
11498,-2.626826456361141
11499,-2.5907292014367314
11500,-1.7234800890653736
11501,-2.4714439911810104
11502,-1.8507715517039718
11503,-1.8113812619809082
11504,-2.7608769425821706
11505,-1.9209435443074259
11506,-1.7069576968331694
11507,-2.709774536766626
11508,-1.6555710084486392
11509,-2.9968003572949566
11510,-2.6910156020000047
11511,-2.0886341253850067
11512,-2.735675176264332
11513,-2.356399357927518
11514,-2.291419576213929
11515,-1.7709228611996923
11516,-2.307435513893084
11517,-2.822907188551061
11518,-2.19742776844653
11519,-2.851558950938539
11520,-1.5134672682077457
11521,-2.6575406704171307
11522,-2.3288010679971864
11523,-2.862185475191574
11524,-1.7307923484189118
11525,-1.9729506481886625
11526,-2.4986503664025688
11527,-2.3738458385183376
11528,-2.1283751909578186
11529,-2.3298451553063657
11530,-2.295300706723106
11531,-1.8648005213847874
11532,-2.8397299902419393
11533,-2.4296906854998435
11534,-2.651190685699214
11535,-2.519863913438345
11536,-2.454513199580947
11537,-2.212307360463371
11538,-2.6599083668377537
11539,-2.15974399387275
11540,-2.129011865667193
11541,-2.3467365362208135
11542,-2.1917227218648327
11543,-2.2566319708036833
11544,-1.8963663610050376
11545,-2.0604433855095796
11546,-1.9143659812487497
11547,-3.109088199646781
11548,-1.9977926430404134
11549,-1.4606384767778875
11550,-2.3018269904464064
11551,-2.2379025020056535
11552,-2.077017281404274
11553,-1.8109006922904445
11554,-2.4310466919203617
11555,-1.680994749621853
11556,-2.616168261248615
11557,-2.6121521419245473
11558,-2.2824089693364416
11559,-1.7182524722235184
11560,-2.7424373285000803
11561,-2.31066399392349
11562,-1.8065599898320603
11563,-2.9913078534202855
11564,-2.3378010718109454
11565,-1.8768936316070421
11566,-1.5278070049237389
11567,-2.352546889522562
11568,-2.5627320672801286
11569,-1.9497073413683954
11570,-1.9668298433615443
11571,-2.4586441614461916
11572,-1.8336250679852066
11573,-2.0212798254330684
11574,-2.002283654750942
11575,-2.655049448337715
11576,-2.6307892207483925
11577,-1.835375382680387
11578,-1.8914752791532616
11579,-2.4760213436035317
11580,-2.012381332443438
11581,-2.1547476970747343
11582,-2.4904739451839384
11583,-2.412497869120937
11584,-2.4679382272854777
11585,-2.2808619251979896
11586,-1.9888543834874963
11587,-2.2554222328312052
11588,-2.128177093076276
11589,-1.8270208517480127
11590,-1.805231936994875
11591,-2.015619167437545
11592,-1.830109647171942
11593,-2.2050042159825702
11594,-2.348949110794706
11595,-2.7908168935014923
11596,-1.9043315845966435
11597,-2.253055172377292
11598,-1.8066264767807436
11599,-2.282858189250686
11600,-2.419618908733614
11601,-1.9340244620867402
11602,-2.4781974853728133
11603,-2.5901271322227895
11604,-1.6773896645131259
11605,-1.5721140915403926
11606,-0.5113896013283064
11607,-2.6536356035504003
11608,-2.5452191932796646
11609,-2.651944851648239
11610,-2.6154990534181195
11611,-2.7412194801552423
11612,-1.8546269387958756
11613,-1.6327522979103453
11614,-1.63568267890003
11615,-2.201836681348202
11616,-2.1771903986281487
11617,-2.3326361507010387
11618,-2.8199867940779586
11619,-2.024473929573128
11620,-2.5976745829566905
11621,-1.9611894400495247
11622,-2.3056666000833443
11623,-2.171876953781017
11624,-2.070400377463828
11625,-1.305219755010051
11626,-2.5212565685788006
11627,-2.1452796515242123
11628,-2.4509989044892166
11629,-2.6817208797936085
11630,-1.7539620417805273
11631,-1.871792668680593
11632,-2.8768900030967055
11633,-2.7528877805198895
11634,-2.3965762194532947
11635,-1.930472179402352
11636,-2.1860616499441963
11637,-2.124842148833657
11638,-2.7035269269426068
11639,-2.308002562684396
11640,-1.7490937226012764
11641,-2.3684324946637076
11642,-2.568194452559692
11643,-2.8039130554356717
11644,-2.1932840239291744
11645,-2.2883615165376536
11646,-2.5212979494578716
11647,-2.2060429325173287
11648,-2.6374638675472557
11649,-2.720475402063809
11650,-2.2911494806283654
11651,-2.3793277982842223
11652,-2.5544890367998425
11653,-2.884256807773083
11654,-1.991286286079344
11655,-2.364713548585055
11656,-2.190402686991225
11657,-2.399154212854945
11658,-2.3691731103582727
11659,-1.9464490263688112
11660,-2.367460021180582
11661,-1.76419181429861
11662,-0.07216336175564668
11663,-2.03523371809138
11664,-2.7432530725848436
11665,-2.1346923112818947
11666,-2.4680490148293432
11667,-2.0563439231593525
11668,-2.356791363189093
11669,-2.322729458434422
11670,-2.8586455521665033
11671,-1.9713583736221738
11672,-2.3231350152756893
11673,-2.5880359146571696
11674,-2.007161085678622
11675,-2.521069586749535
11676,-2.162442435414259
11677,-2.122915782619234
11678,-2.38218258170191
11679,-2.1450310488221747
11680,-1.6755992129004598
11681,-2.643750827693327
11682,-2.044286644353808
11683,-2.8175642723562833
11684,-2.377788751890563
11685,-2.688843315539249
11686,-2.192193967734112
11687,-2.5435764055107906
11688,-2.6211330305596574
11689,-2.6630547593466587
11690,-2.3795429724183856
11691,-2.460007532851453
11692,-2.7714244415535876
11693,-1.463436534757144
11694,-2.6778510135308573
11695,-2.584465483188751
11696,-2.0144241029587904
11697,-2.4272783192859113
11698,-2.007085073369554
11699,-2.0682826386217137
11700,-2.4250346172351667
11701,-2.1252614203104723
11702,-2.216310998083114
11703,-2.2384758148564576
11704,-2.9826107894736813
11705,-2.3965833708878255
11706,-2.9860476733620236
11707,-1.8049023314837531
11708,-2.8420875792484663
11709,-2.459387921164501
11710,-2.1222101980657433
11711,-2.3513245010846386
11712,-2.335653874779059
11713,-2.0369103786126503
11714,-2.565111766010067
11715,-2.4082944768143633
11716,-2.534794412643316
11717,-1.9404574266899806
11718,-1.5677188196523792
11719,-2.165246199879398
11720,-1.6914838059577324
11721,-2.5150240155798174
11722,-2.2483984920578695
11723,-1.994918524136178
11724,-2.2727109043167664
11725,-2.2231263007292372
11726,-1.3746023694883946
11727,-1.9080091892916151
11728,-2.2901896650889144
11729,0.01494688158293306
11730,-2.203679498245461
11731,-2.941674870176038
11732,-2.3211518139957814
11733,-2.813252917889728
11734,-2.5311057458903665
11735,-2.56133712832605
11736,-2.6863148230057092
11737,-1.809773497894848
11738,-2.837519769196741
11739,-1.9829358221020426
11740,-2.1982658614711923
11741,-1.638738097136656
11742,-2.0059632179979134
11743,-1.9165673209772363
11744,-2.7739367983830125
11745,-2.258944082389592
11746,-2.2170305239833117
11747,-2.294734737858732
11748,-1.8279175419900249
11749,-2.393730320090371
11750,-2.818073694366493
11751,-2.5706396317434943
11752,-2.4219571696600886
11753,-1.5832145959210182
11754,-2.2244085845575743
11755,-2.6265902684294944
11756,-1.6074919492827802
11757,-1.9580574347125463
11758,-1.7429308682618205
11759,-2.44235425610957
11760,-2.6253018679282105
11761,-1.8054675856783884
11762,-1.8758102468280027
11763,-2.3961070014495105
11764,-1.9492893719034714
11765,-2.6091530593975376
11766,-2.8011023752675492
11767,-2.214365794556156
11768,-2.4058946084375505
11769,-1.942760308997019
11770,-2.3244016741238283
11771,-1.8594983085622347
11772,-1.909122238516685
11773,-2.8526351077518655
11774,-1.598622818360952
11775,-2.3293587576250756
11776,-1.753137136382533
11777,-2.5982181607873525
11778,-2.707204180193349
11779,-2.739652519401309
11780,-2.5047635460334208
11781,-2.180741115176978
11782,-2.3703178800923204
11783,-2.0421584034312734
11784,0.39927654627953313
11785,-2.1815029142679894
11786,-2.3335515899201247
11787,-2.1147514810171364
11788,-2.2068992813105655
11789,-1.532670534142512
11790,-2.545488019549904
11791,-1.987736536616375
11792,-1.3171113224230935
11793,-1.8191825191184263
11794,-2.57369067044042
11795,-1.668499151607786
11796,-2.3205810540291267
11797,-2.7220463983707113
11798,-2.568854134400452
11799,-1.8152356298994488
11800,-2.443857514714295
11801,-1.9991338469808873
11802,-2.580478337547737
11803,-2.3815166379813393
11804,-1.939973865705491
11805,-1.8109992187969481
11806,-2.2906445015842425
11807,-2.2383472005293035
11808,-2.6361688042304796
11809,-2.630790966368198
11810,-2.5098800317825307
11811,-2.493008159412077
11812,-2.1650996559485187
11813,-2.112562990536944
11814,-2.532716435710804
11815,-2.857394750596188
11816,-1.632886025190523
11817,-2.5091379083483356
11818,-2.5589858665052936
11819,-1.8414680046537901
11820,-1.650822553171397
11821,-2.5114459198424512
11822,-2.58708153052885
11823,-2.8289982565824254
11824,-2.538695018839969
11825,-1.8532041701951467
11826,-2.8857199484547196
11827,-2.524339259364674
11828,-2.612479758640774
11829,-2.477343606292115
11830,-2.7957514752899857
11831,-1.8930196055473802
11832,-2.3846665862190277
11833,-2.1301335101617247
11834,-2.7098890291071536
11835,-2.8771146651967547
11836,-1.6562905345678733
11837,-2.3971559673368774
11838,-2.606823023860435
11839,-1.8865722076336435
11840,-1.8515108240301141
11841,-2.1378284463421946
11842,-2.428377057891291
11843,-2.0468019416378525
11844,-2.4406995345109097
11845,-2.2098690432208317
11846,-2.5625192094238254
11847,-1.0650024867602195
11848,-2.4699487923690016
11849,-2.5425759866673823
11850,-2.866206667873068
11851,-0.47900928491026823
11852,-0.4571470273228221
11853,-2.326969759352582
11854,-2.047531859708724
11855,-2.750338258639937
11856,-1.8837539183107521
11857,-2.3113207579759196
11858,-3.0591182968885127
11859,-1.8197025764435493
11860,-2.7144658485335955
11861,-1.5386797866867585
11862,-2.6282842565621163
11863,-2.298125967666873
11864,-2.832684052707734
11865,-1.1590543760609062
11866,-2.562588319555848
11867,-2.6343939633839075
11868,-2.277347963656183
11869,-2.421812626689782
11870,-2.4753117467116974
11871,-3.0281646776199675
11872,-1.9253769475193883
11873,-1.4591071894231016
11874,-2.093324676594994
11875,-2.3541355892476794
11876,-1.9180416192564702
11877,-2.3910249824536005
11878,-1.707504524386997
11879,-2.478130432614726
11880,-3.0185869420764786
11881,-2.533451542449452
11882,-2.844828058679256
11883,-2.2230175112385306
11884,-2.3978562292784513
11885,-2.4335802457199045
11886,-1.9836212329235055
11887,-2.147884211866107
11888,-2.342140939253732
11889,-2.477048904478392
11890,-2.441464709477302
11891,-2.826021907062238
11892,-2.4551236949272255
11893,-2.4908697177244017
11894,-2.51358613804579
11895,-2.8484781462427273
11896,-1.954132357975002
11897,-2.096362075619026
11898,-2.502706294461593
11899,-2.0772808288878526
11900,-2.2420649378348423
11901,-2.555004949775437
11902,-2.464049174133279
11903,-2.3328454803903584
11904,-1.6469288423863213
11905,-2.607383214869388
11906,-2.26901479197383
11907,-2.379314800804012
11908,-2.6249426088126913
11909,-2.6818485619564982
11910,-2.4373817889102285
11911,-1.5943352499835406
11912,-2.5264894915379372
11913,-2.854079112216086
11914,-1.997174020415483
11915,-2.344991312095709
11916,-1.7380368484034228
11917,-2.5180040264368304
11918,-2.135036116268332
11919,-2.507860986604372
11920,-2.207388712138233
11921,-2.714148412619593
11922,-2.1364633031649567
11923,-2.224476846347516
11924,-1.8270548597716376
11925,-1.594430682626811
11926,-2.473376256971067
11927,-2.455649096034169
11928,-2.339784067631066
11929,-2.422792930272517
11930,-2.482403475819481
11931,-2.471529304616091
11932,-2.8550465961925493
11933,-1.350794059688318
11934,-2.151112894828261
11935,-2.713101937054952
11936,-2.3517649030871337
11937,-2.3384037431925915
11938,-2.4580503757184777
11939,-2.004835937514533
11940,-2.330119440309704
11941,-2.4308198401661594
11942,-2.814787622862428
11943,-2.5796342686314806
11944,-2.3852301100718316
11945,-2.2500675963980226
11946,-2.243203527524076
11947,-1.6691529787562491
11948,-0.42164980064932567
11949,-2.214888383020129
11950,-2.356565435157861
11951,-2.707355776634475
11952,-1.5925499724067687
11953,-2.134535989294152
11954,-2.5694234153302484
11955,-2.4699775273124223
11956,-2.1452623813739713
11957,-2.3705798575223542
11958,-2.652131766954238
11959,-1.7593215687318873
11960,-1.5693455270286953
11961,-2.7823062325144456
11962,-2.9384169643048255
11963,-2.520263174673241
11964,-2.2168140444041176
11965,-2.666841315052272
11966,-1.9475838705048745
11967,-1.8169682653837997
11968,-2.5187682005227425
11969,-2.137549248563993
11970,-1.9804821842100668
11971,-1.9620213081969629
11972,-2.1516340114711117
11973,-2.3804030295971668
11974,-1.7184546514243775
11975,-2.6452443157261714
11976,-2.4969847008460446
11977,-2.4556257042649117
11978,-2.3296169774957756
11979,-2.290643227593704
11980,-1.8600184433484463
11981,-2.3700597062586777
11982,-1.5112619549708588
11983,-1.7572895957915626
11984,-2.5783185754735554
11985,-1.8001079992844766
11986,-1.8673003957568277
11987,-2.193583161322416
11988,-2.876330502330726
11989,-1.735703042412352
11990,-2.88454325601265
11991,-1.8596113608906983
11992,-0.9250464080183265
11993,-1.4400853459423373
11994,-2.715720705006807
11995,-1.8629617761425876
11996,-2.1799632610321327
11997,-1.975762248896506
11998,-1.9070996339621984
11999,-2.654977613193373
12000,-2.23166523613189
12001,-2.7284275033288763
12002,-2.0830374980451514
12003,-2.0979299575920365
12004,-1.7905683834429396
12005,-2.458943401552366
12006,-1.9151202260593243
12007,-2.5633196880607336
12008,-1.7141228914015652
12009,-1.9804707014971479
12010,-2.6173609735003365
12011,-2.200229124473743
12012,-2.3567880056163633
12013,-2.1860548248906
12014,-2.5550610230458832
12015,-2.2978022790902393
12016,-2.202928855795098
12017,-1.760231477155918
12018,-2.487254075042866
12019,-2.0911117789251294
12020,-2.527330349945583
12021,-2.4017401406619423
12022,-1.6334116333778796
12023,-2.1528699919284002
12024,-1.5944475291651816
12025,-1.6932433835692202
12026,-2.0313399494032423
12027,-1.9123210117256273
12028,-2.5672623241644272
12029,-2.696584878041219
12030,-1.4604820727199992
12031,-2.3129704248652776
12032,-2.1151121088525335
12033,-1.8977697822995134
12034,-1.968291549651572
12035,-2.832097967269171
12036,-1.7199495563895082
12037,-2.3620136565311753
12038,-2.370824140745857
12039,-2.855814978348089
12040,-1.997488628892294
12041,-2.3528251444180377
12042,-2.453745032077568
12043,-2.464298504599244
12044,-2.7861022571909286
12045,-2.4862938335471267
12046,-2.989390599663423
12047,-2.1753192198108935
12048,-2.4703066770467985
12049,-2.7453514870684814
12050,-2.075341415024554
12051,-2.331536276897753
12052,-2.230135995213816
12053,-2.863181243367455
12054,-1.9062135998631327
12055,-1.402721338043596
12056,-1.8915913277695413
12057,-2.3237384023498002
12058,-2.429009898101766
12059,-2.468308379124608
12060,-2.6913730087402326
12061,-2.524508155966925
12062,-2.233072792829803
12063,-1.4970664833919243
12064,-2.4712964277298335
12065,-2.3033652993290583
12066,-1.793246699123916
12067,-2.32154407549835
12068,-0.014364273905421521
12069,-3.0788158937834944
12070,-2.3369294202681843
12071,-2.3103952535021026
12072,-2.3863933865273865
12073,-1.8816754636448811
12074,-2.600090494848967
12075,-1.8430604936316837
12076,-2.8962728575933787
12077,-1.398207792688483
12078,-2.1599436444399776
12079,-2.9514302737870772
12080,-2.6228841161875462
12081,-2.48952308738876
12082,-1.8474525765029015
12083,-2.2939045977875634
12084,-2.5913807158155495
12085,-2.373261324018264
12086,-2.5565441674226426
12087,-2.4813109164812848
12088,-2.2862651684556288
12089,-2.764866947218007
12090,-1.575019852949447
12091,-2.3016016454307913
12092,-2.377260193992964
12093,-1.8893457153348745
12094,-2.2023310409461216
12095,-2.9419800423065734
12096,-2.416963174169559
12097,-1.9217241773685134
12098,-2.259280414822197
12099,-2.033338226132161
12100,-2.222473163158638
12101,-2.8041703680327816
12102,-2.089724947100144
12103,-2.0061063074320713
12104,-2.7780236120615758
12105,-1.9473686065520197
12106,-2.5232553791090284
12107,-2.0911112029092602
12108,-2.067090706659097
12109,-2.1181216474534375
12110,-2.569646219497063
12111,-2.2436225391304934
12112,-2.434316544655582
12113,-1.7949635450130856
12114,-2.2204760756204376
12115,-2.8718239689343776
12116,-2.199033748032475
12117,-2.3413505915129655
12118,-2.394003528384835
12119,-1.793840171252276
12120,-1.99111041453705
12121,-2.559436217968448
12122,-1.9200848568999294
12123,-2.2904943668825912
12124,-2.6852357285804263
12125,-2.7702708737947965
12126,-2.2353375552819457
12127,-2.976004469509786
12128,-2.0568035566416283
12129,-2.109764746554785
12130,-2.171300718987784
12131,-2.6022213182942826
12132,-2.070336188066608
12133,-1.535596904114665
12134,-1.6324605908516228
12135,-1.9243896443799229
12136,-1.92514868763251
12137,-2.465217485455442
12138,-1.735508320587819
12139,-2.9130568534722534
12140,-2.2514086900370387
12141,-2.4288496721632495
12142,-2.0814912812517985
12143,-2.735116700681099
12144,-2.5381292521189818
12145,-2.506654963125958
12146,-2.4061725545890877
12147,-2.5664158865610696
12148,-2.382962253136439
12149,-1.6345091630903072
12150,-1.7807963389147718
12151,-2.2857705693039883
12152,-2.296846270745748
12153,-1.9223656347155944
12154,-1.9343112380902536
12155,-2.1323865233906805
12156,-1.7605471493410514
12157,-1.7603490387462994
12158,-1.8173739944204563
12159,-1.869257794336972
12160,-1.416616803874236
12161,-1.737584944443272
12162,-2.4520635768482553
12163,-2.6660262115887066
12164,-2.2435629129906904
12165,-2.7900596882740065
12166,-2.358725623114341
12167,-2.3016070341933714
12168,-1.9634844362833546
12169,-2.102198185492747
12170,-2.1574618641870917
12171,-1.652155284056898
12172,-2.4961723619151686
12173,-2.1955686272190804
12174,-1.7056984022382884
12175,-2.440518067517871
12176,-1.834521139144893
12177,-2.448451986791793
12178,-1.7933979160558076
12179,-2.1844408092344705
12180,-2.026392702922666
12181,-2.2262383485582236
12182,-1.4763503665558488
12183,-1.6692554058095543
12184,-1.686934272894956
12185,-2.342021487215652
12186,-2.728478375132759
12187,-2.699340611402295
12188,-2.637292738845434
12189,-0.13456360483595198
12190,-2.639502429584401
12191,-2.309128233933444
12192,-2.3304249880802317
12193,-2.5284302543122887
12194,-2.210440786916044
12195,-2.6354636354154817
12196,-2.421998189010286
12197,-1.4241866588139545
12198,-2.2413279700828057
12199,-2.2838284117276655
12200,-2.6779391212488313
12201,-2.602199689429139
12202,-1.8784407692184764
12203,-2.177235460817893
12204,-2.501140844291605
12205,-2.319322989802768
12206,-2.5279768711306896
12207,-2.1470185669929966
12208,-1.968920623573754
12209,-2.808672290991675
12210,-2.800258313127625
12211,-2.584309051651286
12212,-1.5219396760841004
12213,-1.986578488403014
12214,-2.461269266157892
12215,-1.9865764084130006
12216,-1.8782739263704373
12217,-2.084715588529126
12218,-2.481609523494057
12219,-2.3797328345724886
12220,-3.0129540371028467
12221,-2.303463897918654
12222,-2.8057168903435246
12223,-1.5856494679515516
12224,-2.5355088541522544
12225,-2.2968295162370866
12226,-2.1718815993042964
12227,-1.480139746764045
12228,-1.8888574078669333
12229,-2.0082480535704677
12230,-1.979386634480594
12231,-2.2284588392910574
12232,-2.6907661237540945
12233,-2.343997533643248
12234,-2.249275356209879
12235,-1.9345030211951846
12236,-1.9290309064911468
12237,-2.113153789238763
12238,-2.2772234821140036
12239,-1.8582563864671244
12240,-2.8984040615583346
12241,-2.2956986011326115
12242,-1.7688160466287257
12243,-2.4053451578927394
12244,-3.0330840235804057
12245,-2.155288598974108
12246,-2.551270424112751
12247,-2.4284855110110803
12248,-1.8255736311242872
12249,-2.249582094431589
12250,-2.6800932708252354
12251,-2.339438772272864
12252,-2.0787191257093007
12253,-2.225703811114872
12254,-2.112024819511568
12255,-2.732719145448911
12256,-2.061736687537322
12257,-2.1790803435963912
12258,-1.8974210419199415
12259,-2.31131044039205
12260,-2.4379836836549225
12261,-2.280603273839612
12262,-2.468760738060119
12263,-1.5417688950093353
12264,-2.206309042013062
12265,-2.227087812209364
12266,-2.1904153626482086
12267,-2.080606276678359
12268,-2.6894561717145837
12269,-2.2636310142916427
12270,-3.053987853918641
12271,-2.7911017315706745
12272,-2.4967445910343438
12273,-2.5398677702771595
12274,-1.8660109979275414
12275,-2.5901616755117733
12276,-2.6748986307840124
12277,-2.080900860230794
12278,-2.498130249467978
12279,-2.042793082816897
12280,-1.8454582491485443
12281,-1.9247016198673244
12282,-2.0340615869517946
12283,-2.183101215972795
12284,-2.441291950244963
12285,-2.5807975670364267
12286,-2.527415569838358
12287,-2.5340063695601382
