,mean,sd
0,-1.1808017,0.24045783
1,-1.0915937,0.5751529
2,-1.3807107,0.34465513
3,-0.99505115,0.64593714
4,-0.7766193,0.63668543
5,-1.4374025,0.3366674
6,-1.2887628,0.3658447
7,-1.3720882,0.3031207
8,-0.56683916,0.4956729
9,-0.9935727,0.5851045
10,-1.3564291,0.3617575
11,-0.7168884,0.47699657
12,-1.2185556,0.2544051
13,-1.2703857,0.2661345
14,-1.3696328,0.2979596
15,-1.3622746,0.3289791
16,-1.4874192,0.29454815
17,-1.3368067,0.3415749
18,-0.5883709,0.5349879
19,-1.3773355,0.33266076
20,-0.9320925,0.39914337
21,-0.7168947,0.56251043
22,-1.2888997,0.2962233
23,-0.4892614,0.42752555
24,-0.94237256,0.48394024
25,-1.6179404,0.37961072
26,-1.6221092,0.35078955
27,-1.4015872,0.7617017
28,-0.8346429,0.49224633
29,-1.2990726,0.27007964
30,-0.7718317,0.59082127
31,-0.68536043,0.4934324
32,-1.3471512,0.2988152
33,-1.3937019,0.30574203
34,-1.4641523,0.30114254
35,-1.4639667,0.3186392
36,-0.78951174,0.4948782
37,-1.2137955,0.26002234
38,-1.083742,0.45880955
39,-0.9936043,0.685054
40,-1.2715428,0.26681775
41,-1.501079,0.35311437
42,-1.4696717,0.35320267
43,-1.5226539,0.36753473
44,-1.2088711,0.22748996
45,-1.2061325,0.2631735
46,-0.7551188,0.59859467
47,-1.0288386,0.5254963
48,-1.4255257,0.34545323
49,-0.7897535,0.5003874
50,-1.5708706,0.48045036
51,-0.64622724,0.5332064
52,-1.5181398,0.38820827
53,-0.8244015,0.53962827
54,-1.6739914,0.42748767
55,-1.4696,0.31434658
56,-1.4564441,0.375033
57,-1.3856717,0.34931162
58,-0.82355446,0.58653176
59,-1.4645039,0.40001112
60,-0.7873012,0.40996924
61,-0.5384717,0.5074197
62,-1.6885678,0.46511593
63,-1.1809975,0.52854955
64,-1.4668025,0.35191578
65,-1.3045449,0.28868684
66,-1.3373313,0.3226535
67,-0.922799,0.6329932
68,-1.2935084,0.25417486
69,-0.8505312,0.6049366
70,-1.1746358,0.26834774
71,-1.0944813,0.22815247
72,-0.5923422,0.47080982
73,-0.71182907,0.50963056
74,-0.98259467,0.53429025
75,-1.2737433,0.39195937
76,-0.99201983,0.6274263
77,-1.2578626,0.2538887
78,-1.1528866,0.49106768
79,-1.3443058,0.3009923
80,-1.3554459,0.35041118
81,-0.88848615,0.5924656
82,-0.6673505,0.57083744
83,-0.6700666,0.5667558
84,-1.4397388,0.29594496
85,-1.4360623,0.30583403
86,-0.8408786,0.47907522
87,-0.6503168,0.47753212
88,-1.4912424,0.36074778
89,-1.0784754,0.70318747
90,-1.639996,0.32732067
91,-1.3117083,0.29393038
92,-1.8086437,0.39487654
93,-1.4015992,0.2870046
94,-1.4429681,0.32384002
95,-1.6591072,0.3477635
96,-1.4812369,0.4045613
97,-1.2277651,0.3105977
98,-0.8935879,0.85080624
99,-1.5578597,0.43538135
100,-1.3499621,0.29991162
101,-0.79803014,0.4842452
102,-1.6536226,0.42327046
103,-1.2832295,0.27850953
104,-1.1835548,0.23924826
105,-1.066872,0.27738282
106,-1.1256502,0.5699316
107,-0.8722999,0.50061095
108,-1.1430043,0.3250128
109,-0.72681075,0.59871405
110,-1.387141,0.309361
111,-1.3577274,0.30548227
112,-1.397353,0.33451277
113,-1.3344954,0.30872896
114,-0.8883023,0.5363725
115,-1.1679425,0.3178243
116,-0.9639076,0.5055229
117,-1.0394835,0.64354163
118,-0.7231119,0.8133251
119,-0.8468947,0.5480708
120,-1.6243204,0.4047931
121,-1.1908541,0.28759456
122,-1.8413048,0.43015978
123,-1.3601433,0.32031655
124,-1.2773108,0.30966684
125,-1.2644516,0.31224257
126,-0.98352516,0.5381587
127,-1.6583537,0.45836318
128,-0.9343666,0.5909604
129,-0.37971455,0.33995503
130,-1.2055962,0.27718
131,-1.0795641,0.5496674
132,-0.8460559,0.5792489
133,-1.4880611,0.3157286
134,-0.73271286,0.385822
135,-1.4595929,0.32339254
136,-0.48557785,0.4258786
137,-1.3008294,0.33652005
138,-1.5061772,0.43222016
139,-1.4216142,0.41346818
140,-1.5489002,0.3747462
141,-1.2350955,0.2779266
142,-0.6601614,0.5296385
143,-1.0305935,0.5513294
144,-1.0065565,0.49708802
145,-0.86048317,0.43507016
146,-1.3753853,0.31056583
147,-0.907799,0.5123247
148,-1.410036,0.37610522
149,-1.3692818,0.34218046
150,-1.3705757,0.2951597
151,-1.1198509,0.46822736
152,-1.5598315,0.34985197
153,-1.1990545,0.29687613
154,-1.2229381,0.29466808
155,-1.6920652,0.38358155
156,-1.0561221,0.57557976
157,-0.8532164,0.6612007
158,-0.96797675,0.20741011
159,-1.5327163,0.32845116
160,-0.9642659,0.47992507
161,-1.2779962,0.2796715
162,-1.2333066,0.28639948
163,-1.352898,0.3412989
164,-1.5591007,0.36148632
165,-1.2830353,0.37408113
166,-1.5231105,0.3627593
167,-0.9177461,0.5996176
168,-1.0796503,0.229151
169,-1.3460425,0.3556249
170,-1.434008,0.3478562
171,-1.4788872,0.33875445
172,-0.7647884,0.6275689
173,-0.76514053,0.5185391
174,-1.6134808,0.36451513
175,-1.4242756,0.3045257
176,-1.4148004,0.32280165
177,-0.6620317,0.4209084
178,-0.7617128,0.5752374
179,-0.7720234,0.45774433
180,-1.4987301,0.27798554
181,-0.9441404,0.5109702
182,-0.8591301,0.5210901
183,-1.2556856,0.32452768
184,-1.0555948,0.29559165
185,-0.63452166,0.65028596
186,-1.3404399,0.3451206
187,-1.395521,0.39000955
188,-1.2074391,0.29640833
189,-1.2432437,0.27491197
190,-1.271486,0.27477914
191,-0.578971,0.4816886
192,-1.5345497,0.3714495
193,-1.3550086,0.31437686
194,-1.4376084,0.35049194
195,-1.4119583,0.349748
196,-0.9362186,0.50365096
197,-0.7120343,0.70105535
198,-1.4540135,0.3108318
199,-1.3314918,0.31230283
200,-1.3590858,0.31050014
201,-1.4539719,0.3471471
202,-0.8548157,0.53510135
203,-1.1280237,0.62021995
204,-1.5429032,0.37328488
205,-0.92420954,0.49985775
206,-0.73913604,0.5119236
207,-1.3355085,0.3258325
208,-1.4655237,0.3218905
209,-1.149511,0.54134566
210,-1.3511324,0.2986363
211,-0.9095547,0.72080433
212,-0.7816028,0.57891077
213,-0.9830289,0.44812593
214,-1.4915192,0.29840812
215,-1.3960286,0.36131912
216,-1.4916035,0.2906035
217,-0.79328,0.63874847
218,-1.5944595,0.37793034
219,-1.3747994,0.33359182
220,-1.4903836,0.3444336
221,-0.88356453,0.5484137
222,-1.4277806,0.32247615
223,-1.1859717,0.27630824
224,-1.1482838,0.2669644
225,-0.804262,0.54490906
226,-1.312193,0.33806363
227,-1.4662986,0.34340197
228,-1.3529438,0.34208345
229,-1.2926327,0.31604612
230,-1.5829583,0.35384235
231,-1.4628859,0.34679005
232,-1.0345503,0.71097326
233,-0.78713584,0.71363693
234,-1.7038308,0.3990197
235,-1.0811661,0.5293307
236,-1.4407563,0.32864
237,-1.4177874,0.31064826
238,-1.7269452,0.3731893
239,-0.6905861,0.61709464
240,-0.58771604,0.51621884
241,-0.6917961,0.54119563
242,-0.5130395,0.45023987
243,-1.414105,0.45186612
244,-1.3042929,0.2798636
245,-1.528747,0.33441627
246,-1.3299496,0.31572136
247,-1.2811617,0.36114654
248,-1.0109159,0.48621687
249,-0.9486247,0.6619668
250,-1.5704416,0.3537234
251,-0.6056159,0.6161036
252,-1.4468179,0.30337796
253,-0.79121137,0.46153232
254,-1.2941724,0.28161436
255,-1.3345871,0.34731758
256,-1.279115,0.3439593
257,-1.6682723,0.39868087
258,-1.4121128,0.33406758
259,-0.9732959,0.6991678
260,-1.0289006,0.53332144
261,-1.2361882,0.27953961
262,-1.3505721,0.3301009
263,-0.8011104,0.42093143
264,-0.67853403,0.4674072
265,-0.9243248,0.4870579
266,-0.49529994,0.4515128
267,-1.3061454,0.27465972
268,-1.3114852,0.32593492
269,-1.3600938,0.33655745
270,-1.6443039,0.33042732
271,-0.8269305,0.6262317
272,-1.4331878,0.32765362
273,-1.2372403,0.31323904
274,-1.2777041,0.63908195
275,-0.8037292,0.6542008
276,-1.223498,0.30791652
277,-1.1847337,0.5324788
278,-1.3047138,0.27549994
279,-0.78550476,0.49299976
280,-1.1176176,0.7462812
281,-1.3336244,0.29336742
282,-1.3102413,0.28939915
283,-1.3289603,0.2833
284,-0.90322435,0.48447713
285,-1.7637824,0.35899696
286,-1.3550283,0.29665458
287,-1.2842907,0.2994252
288,-0.38030425,0.43569183
289,-1.4527,0.32838112
290,-1.5710537,0.36717087
291,-1.6010019,0.3371327
292,-1.3277802,0.35926202
293,-1.6059729,0.3853303
294,-0.79648805,0.60055476
295,-1.485879,0.42053816
296,-1.4912747,0.3245297
297,-1.4644158,0.32077134
298,-1.5931535,0.37999457
299,-0.96822023,0.532799
300,-0.85514176,0.51591194
301,-1.12908,0.61015064
302,-0.44120657,0.5702452
303,-1.4464722,0.35567516
304,-1.361042,0.34288275
305,-0.6643295,0.50089353
306,-0.93681335,0.62118
307,-1.2131578,0.5477187
308,-1.6806341,0.33899227
309,-1.33201,0.27563384
310,-0.90884954,0.6254599
311,-1.5304747,0.620772
312,-0.9229565,0.64593565
313,-1.0288292,0.5840385
314,-1.3309457,0.2667318
315,-0.77642435,0.5440858
316,-0.6390144,0.4671957
317,-1.189447,0.3409483
318,-0.6103757,0.48834682
319,-1.0272361,0.6435013
320,-1.4092425,0.41500598
321,-1.6750069,0.3795657
322,-1.2127867,0.56799614
323,-1.0066885,0.63050234
324,-1.5397662,0.3548864
325,-1.5113105,0.37540495
326,-1.283546,0.29447317
327,-0.76543456,0.5782537
328,-0.5369935,0.5348055
329,-1.399504,0.2651636
330,-1.1792568,0.29383275
331,-1.4482456,0.35993883
332,-1.3082794,0.32456264
333,-0.99890137,0.5544597
334,-0.9894362,0.59767425
335,-1.1671867,0.28045624
336,-0.69122076,0.40335286
337,-1.4048684,0.30949044
338,-0.8139262,0.4912787
339,-0.6588736,0.4687069
340,-1.4422985,0.33746013
341,-1.1626878,0.5669211
342,-1.5559062,0.38058102
343,-1.1653512,0.2754131
344,-1.4099079,0.3293505
345,-1.3740557,0.31696895
346,-1.2132984,0.25634184
347,-0.92650604,0.53353095
348,-1.0857774,0.20919928
349,-1.1502243,0.2872078
350,-1.2774532,0.27226073
351,-1.3233343,0.27435315
352,-1.0919625,0.21508758
353,-1.4480788,0.32817143
354,-1.115034,0.22129591
355,-1.5400826,0.332609
356,-1.3727903,0.29480147
357,-0.9111532,0.60044277
358,-1.0560516,0.54103774
359,-1.044971,0.58033884
360,-1.3413415,0.30906266
361,-1.3635521,0.34395579
362,-1.3806655,0.31162158
363,-1.4263111,0.28043634
364,-0.925136,0.51727927
365,-1.2376972,0.30745572
366,-0.80286455,0.63327
367,-1.2891834,0.27171564
368,-1.371719,0.36964574
369,-1.2739573,0.28684115
370,-1.1962773,0.2687044
371,-0.67830867,0.5119238
372,-1.4870383,0.3217523
373,-0.53859013,0.5306756
374,-1.2123753,0.35844877
375,-1.5381155,0.3156603
376,-1.2401546,0.27203932
377,-1.0611626,0.6131154
378,-1.3535198,0.3002187
379,-1.0080491,0.44596705
380,-1.4738296,0.3564916
381,-1.3228333,0.32668114
382,-1.3435997,0.29530334
383,-0.8211684,0.5691548
384,-1.2631623,0.23085122
385,-1.3461995,0.4964358
386,-1.32976,0.33797833
387,-1.3752846,0.38709322
388,-0.9412086,0.5050044
389,-1.058426,0.2725943
390,-1.2666147,0.279179
391,-1.6577866,0.3573015
392,-1.4871421,0.37472767
393,-1.5437937,0.33896422
394,-1.1456431,0.27547458
395,-1.2867196,0.2879774
396,-1.6114509,0.32557055
397,-0.5151218,0.38845447
398,-1.3507992,0.33656347
399,-1.1649886,0.30770475
400,-0.71837586,0.4342059
401,-1.2278807,0.27397594
402,-1.2948182,0.26636097
403,-1.3977803,0.658273
404,-1.3252902,0.33337098
405,-1.1269592,0.24042694
406,-0.91151947,0.43438077
407,-0.876463,0.43738657
408,-1.7073511,0.33032823
409,-1.1368178,0.5335354
410,-1.6065226,0.31668386
411,-1.1082482,0.6375691
412,-1.4041052,0.29587597
413,-1.4017826,0.36049858
414,-1.0262802,0.57494426
415,-1.2327563,0.31077594
416,-1.0819374,0.51851344
417,-1.1949205,0.51102626
418,-1.1442691,0.56869614
419,-1.3887924,0.27800244
420,-1.5950812,0.42529044
421,-1.150122,0.28985748
422,-1.4731487,0.33646843
423,-0.7236121,0.5098799
424,-0.56711864,0.5604382
425,-1.163268,0.3054196
426,-1.3705593,0.31458312
427,-1.6194385,0.3661095
428,-0.74801373,0.70331615
429,-1.173245,0.2556697
430,-0.9692882,0.6294717
431,-1.3185582,0.3662308
432,-1.0234575,0.5600054
433,-1.1862292,0.26906124
434,-1.1605997,0.3146895
435,-1.3629401,0.31669983
436,-1.0409801,0.28479677
437,-0.8467905,0.5717221
438,-1.4879459,0.30205232
439,-1.1994802,0.322867
440,-1.1087605,0.7143695
441,-1.0559607,0.5851835
442,-0.77705556,0.57253695
443,-1.0003543,0.55493414
444,-1.5632175,0.3225533
445,-1.30319,0.293279
446,-1.3877314,0.3100753
447,-1.2635052,0.30942366
448,-1.4678131,0.4071981
449,-0.99882036,0.54608536
450,-0.6385248,0.5035069
451,-0.72510964,0.5773115
452,-0.7378876,0.64206123
453,-1.1684178,0.26808846
454,-0.6593673,0.45068908
455,-0.9103724,0.5435125
456,-1.2751952,0.3173306
457,-1.4863971,0.3183231
458,-0.82402986,0.55759776
459,-1.6937683,0.39139304
460,-1.0125554,0.28199294
461,-0.83593106,0.42378306
462,-1.1967671,0.27448124
463,-1.1146508,0.5523413
464,-0.9684972,0.57563174
465,-1.3685521,0.28881738
466,-0.7684068,0.5499289
467,-1.1733032,0.2601012
468,-1.4172871,0.3617906
469,-1.6070414,0.37453246
470,-1.2617748,0.2911423
471,-1.0046307,0.52257407
472,-0.82552934,0.50353366
473,-1.0426245,0.7217671
474,-1.8554784,0.4680694
475,-1.306288,0.28654662
476,-1.3026944,0.3903362
477,-1.4353048,0.3040871
478,-0.6836489,0.43652397
479,-1.3425363,0.3286232
480,-1.3158919,0.26594436
481,-0.45469123,0.45679957
482,-0.76056254,0.5245539
483,-1.2993284,0.35267478
484,-0.743882,0.5366751
485,-1.1006548,0.6064358
486,-1.5467724,0.35687783
487,-1.1034176,0.2856331
488,-0.5484208,0.4579923
489,-1.5168041,0.310301
490,-1.4941794,0.3548962
491,-0.5916775,0.50878096
492,-0.7181894,0.6120983
493,-0.8354071,0.48957297
494,-1.3082896,0.28992507
495,-1.1421582,0.24222642
496,-1.0092783,0.5063721
497,-1.5265867,0.3725047
498,-0.7800272,0.47416756
499,-1.295195,0.28084886
500,-1.361659,0.31759378
501,-1.3607733,0.3186031
502,-1.3339603,0.38615522
503,-1.2548171,0.276543
504,-0.7998298,0.52932173
505,0.10980116,0.3754642
506,-1.6898967,0.44281653
507,-1.3900338,0.30562577
508,-1.3640094,0.32741776
509,-0.7565746,0.48141274
510,-1.4180002,0.34112138
511,-0.78347623,0.6969973
512,-1.0210825,0.47763586
513,-0.9399164,0.5983932
514,-1.2740382,0.35549843
515,-1.4537059,0.35025498
516,-1.3610985,0.3125291
517,-1.2391253,0.3281089
518,-0.91076136,0.50440633
519,-1.3927928,0.31531224
520,-1.2160039,0.30124903
521,-0.76256853,0.64283514
522,-1.1320474,0.25721458
523,-1.4727428,0.35724998
524,-1.5119864,0.36201343
525,-1.2596773,0.24718183
526,-1.0323558,0.61664116
527,-0.5006119,0.50859
528,-0.74202883,0.45453635
529,-1.4539219,0.29813248
530,-0.9992872,0.6016043
531,-0.86516863,0.4893297
532,-1.4106915,0.32178015
533,-1.5254201,0.3751396
534,-1.2684056,0.27103528
535,-1.4102943,0.35334432
536,-1.3827404,0.32926437
537,-0.9619168,0.50631326
538,-1.1928091,0.3113739
539,-0.7057438,0.5408624
540,-0.48429635,0.53307277
541,-0.8623905,0.46805063
542,-1.6580664,0.37033865
543,-1.4086233,0.3777765
544,-0.7067961,0.64816713
545,-1.3496714,0.3186597
546,-1.1977565,0.26239875
547,-1.2292386,0.54562694
548,-1.4844365,0.3322084
549,-0.69503474,0.64598024
550,-0.77767813,0.60306495
551,-0.40225706,0.44840324
552,-1.1872164,0.28353068
553,-0.89458406,0.5589613
554,-1.1817827,0.2541716
555,-1.3272774,0.67289287
556,-1.6602647,0.4057303
557,-1.6060226,0.35603213
558,-0.9483111,0.6134382
559,-1.0705681,0.55047584
560,-1.2762359,0.36553153
561,-0.8781688,0.6557249
562,-1.2964411,0.28475326
563,-1.5340741,0.33824006
564,-0.7234759,0.5241958
565,-0.9896188,0.604278
566,-0.8700083,0.46746796
567,-0.87538755,0.49094823
568,-1.3807813,0.35031354
569,-1.1473047,0.27793157
570,-1.5088037,0.35098767
571,-0.6650954,0.5310071
572,-1.2791027,0.3199505
573,-1.2374109,0.3181351
574,-1.0851676,0.6481473
575,-0.79811704,0.63287383
576,-0.7499235,0.4805816
577,-1.1552019,0.57432157
578,-0.95930564,0.48152766
579,-1.4677937,0.32560554
580,-1.4314072,0.29102206
581,-1.0646175,0.25604075
582,-0.606407,0.4408923
583,-1.3380611,0.31489426
584,-1.3046756,0.3193272
585,-1.390194,0.27168912
586,-1.6340252,0.35549837
587,-1.5893166,0.31381556
588,-0.9507969,0.22826944
589,-0.6378872,0.5703857
590,-0.9429534,0.64270157
591,-0.48317033,0.4497726
592,-1.3343115,0.34430355
593,-0.88214415,0.603269
594,-1.1212572,0.29870963
595,-1.1175475,0.2113554
596,-1.3616338,0.2673753
597,-1.3627096,0.28638536
598,-1.3918761,0.34372228
599,-1.6837802,0.38850763
600,-1.0729252,0.6164649
601,-1.3046259,0.3615603
602,-1.2567195,0.2925129
603,-0.49736965,0.50854224
604,-1.4690666,0.35597694
605,-1.0669167,0.5756281
606,-1.3439047,0.36777398
607,-1.4122866,0.34144294
608,-1.2652783,0.29767466
609,-1.8042746,0.34542832
610,-1.3921673,0.35348043
611,-1.5418509,0.3070085
612,-0.9929387,0.60818195
613,-1.28028,0.27955136
614,-0.6480026,0.5111975
615,-1.7326596,0.39271986
616,-0.7592694,0.7292069
617,-1.5209941,0.39788136
618,-1.1502298,0.26917037
619,-1.0839953,0.79743516
620,-1.213579,0.2588178
621,-0.6140826,0.54166067
622,-1.1091197,0.26800838
623,-1.4752012,0.3870666
624,-1.4575608,0.2791572
625,-0.8812902,0.49240923
626,-1.1491656,0.32920074
627,-1.3544452,0.2991293
628,-1.4757903,0.31894824
629,-0.8480368,0.5104866
630,-1.2888129,0.26922086
631,-1.428282,0.29925722
632,-1.765627,0.45590374
633,-1.0516348,0.26103926
634,-1.3350393,0.66432565
635,-0.7343938,0.5270046
636,-1.5824429,0.34282157
637,-1.5383035,0.349607
638,-1.1326923,0.33578655
639,-0.7071061,0.6396089
640,-0.99734443,0.62282217
641,-0.6861901,0.6472312
642,-1.5057883,0.38506395
643,-1.6810133,0.40803823
644,-1.1603494,0.5213959
645,-1.269753,0.30867657
646,-1.4565071,0.36432338
647,-0.9288549,0.55163217
648,-1.4416901,0.30378696
649,-0.9732695,0.4851446
650,-0.8816739,0.6413355
651,-1.455453,0.3744611
652,-1.6777691,0.40178567
653,-1.353289,0.28427178
654,-1.579491,0.29378322
655,-1.7803732,0.4095653
656,-1.2530507,0.2941266
657,-0.627549,0.5584772
658,-1.4278445,0.25454706
659,-1.4032484,0.32676408
660,-1.3862714,0.31780782
661,-1.3417144,0.29079336
662,-1.1949306,0.30084598
663,-1.114608,0.2537559
664,-1.2956674,0.30363965
665,-0.9338587,0.4988993
666,-1.1614766,0.29025707
667,-1.2061697,0.5566224
668,-1.0735058,0.7002337
669,-0.8817954,0.63071704
670,-1.5685054,0.34957758
671,-0.8947479,0.58465415
672,-1.6103504,0.34654456
673,-0.7370074,0.65408146
674,-1.3722452,0.28488618
675,-1.6922318,0.40422764
676,-1.4251349,0.28341505
677,-0.63725245,0.56183463
678,-1.3714538,0.2946438
679,-1.6224961,0.30635148
680,-1.4695133,0.33390802
681,-1.6215808,0.3993008
682,-0.6647977,0.6118479
683,-0.9741671,0.54449224
684,-0.9302114,0.82146746
685,-1.6421382,0.4117815
686,-1.0103955,0.6006449
687,-1.7650226,0.43445697
688,-0.9521307,0.7320775
689,-1.3899199,0.36241284
690,-0.8432461,0.5073391
691,-1.6000785,0.35763896
692,-1.3611107,0.35086957
693,-0.4753216,0.5797687
694,-1.004191,0.5639061
695,-1.4955004,0.33042526
696,-1.4323943,0.33781663
697,-1.001848,0.50103235
698,-1.4982074,0.36875236
699,-1.1446048,0.26344097
700,-1.1514798,0.5874437
701,-0.8289626,0.57458436
702,-0.74827605,0.4379904
703,-1.4862933,0.3824724
704,-0.9888478,0.43004832
705,-1.404818,0.35333058
706,-1.4322609,0.51199776
707,-0.5539276,0.53693104
708,-1.2674166,0.3153557
709,-0.7358436,0.5140993
710,-0.57437706,0.4738083
711,-1.5501481,0.39095977
712,-1.196584,0.25968426
713,-0.8267221,0.8127375
714,-1.0683904,0.5350059
715,-0.9338589,0.6883684
716,-0.79180795,0.47347236
717,-1.6673918,0.4075182
718,-1.2856946,0.30591875
719,-1.6339754,0.34339014
720,-1.3440068,0.36511466
721,-0.47767842,0.4299514
722,-1.3704761,0.32179713
723,-1.4481453,0.35238665
724,-0.60970056,0.4813646
725,-0.9225695,0.6224842
726,-1.743517,0.41152412
727,-0.8281192,0.4418837
728,-1.3731673,0.61313033
729,-1.0189431,0.47010142
730,-0.7694283,0.55225706
731,-0.8888316,0.58300996
732,-1.2954493,0.33953193
733,-0.6647507,0.54895633
734,-1.7378759,0.46715623
735,-1.7841649,0.4101313
736,-1.3599312,0.34287775
737,-1.5456218,0.35235152
738,-0.70972544,0.4847902
739,-0.79606277,0.5894842
740,-0.8584219,0.50191915
741,-1.4777011,0.38776597
742,-0.5409599,0.5815725
743,-1.0536288,0.52034366
744,-1.5478756,0.35890776
745,-0.8605218,0.5733448
746,-1.6910653,0.3745983
747,-0.69532067,0.6432671
748,-1.3683089,0.29360235
749,-0.6883246,0.5705338
750,-1.5338292,0.34111255
751,-1.2489169,0.27498055
752,-0.99023473,0.5584004
753,-1.2045467,0.7735406
754,-1.0611069,0.6600639
755,-1.1602904,0.23876697
756,-1.1528915,0.2979053
757,-1.7197545,0.4387628
758,-0.9430122,0.4654128
759,-1.1290598,0.55900645
760,-0.99184686,0.65943295
761,-1.3783276,0.27605948
762,-1.030517,0.65183437
763,-1.765716,0.40210527
764,-0.7734336,0.6063837
765,-1.4473038,0.29487738
766,-1.3022227,0.28846624
767,-0.99711937,0.637894
768,-1.5751289,0.35626364
769,-1.6109748,0.377863
770,-1.2327873,0.31372023
771,-0.6089507,0.5213239
772,-1.5296956,0.3528662
773,-1.4310919,0.30418685
774,-1.8265064,0.38582033
775,-1.0962031,0.7076637
776,-1.1869758,0.58544934
777,-1.4706799,0.32667825
778,-1.4581262,0.3275591
779,-1.4159606,0.3531911
780,-1.0134819,0.5811942
781,-0.93663293,0.6432672
782,-0.9717941,0.48559892
783,-1.4252952,0.29222748
784,-1.410151,0.29562166
785,-1.189482,0.31320298
786,-0.608379,0.43591395
787,-1.0063344,0.5535141
788,-1.4090903,0.30259314
789,-0.92454666,0.51942205
790,-1.393557,0.4247583
791,-0.87019885,0.5398377
792,-1.1423053,0.27509457
793,-0.6092015,0.5771284
794,-1.415498,0.36989567
795,-1.3865685,0.4165863
796,-1.3355385,0.3275509
797,-0.9190188,0.39014632
798,-1.2775017,0.32118976
799,-1.0594487,0.48477325
800,-0.8680309,0.5151949
801,-1.2936375,0.3126781
802,-1.1401547,0.2925144
803,-1.1070068,0.2648754
804,-0.5844703,0.41672525
805,-0.9555397,0.577978
806,-0.5048428,0.65164614
807,-1.6455516,0.37279123
808,-1.517688,0.37648195
809,-1.2256684,0.2590413
810,-1.6158595,0.33835745
811,-1.4637643,0.33930355
812,-1.2371384,0.27738824
813,-0.5216238,0.51047987
814,-1.4176548,0.40087423
815,-1.2990245,0.34369436
816,-1.4308465,0.33521387
817,-1.1094416,0.53409994
818,-1.5548604,0.34139457
819,-0.46251786,0.4575112
820,-0.89065963,0.57160485
821,-0.83556825,0.7211296
822,-1.3196579,0.34177312
823,-1.2592759,0.26952624
824,-1.0405761,0.60898167
825,-1.4207057,0.3428763
826,-0.94488585,0.58043736
827,-0.7223649,0.56722176
828,-1.6042699,0.3506897
829,-0.9790502,0.58892953
830,-1.4473387,0.2985737
831,-1.5225418,0.31915596
832,-1.3600669,0.2442198
833,-1.2206726,0.255307
834,-1.145324,0.24398306
835,-1.2297415,0.31693673
836,-1.0729415,0.6666264
837,-1.243423,0.44984725
838,-1.4414225,0.3382231
839,-1.4610906,0.3452101
840,-1.4963266,0.31037468
841,-1.1694924,0.50146705
842,-1.3633717,0.36436635
843,-1.3375794,0.27565113
844,-1.2387362,0.27544668
845,-0.60635436,0.55648047
846,-1.4313071,0.3348132
847,-0.6662628,0.59283626
848,-1.3135372,0.29890138
849,-1.3613931,0.5381912
850,-1.6916928,0.40083775
851,-1.6354,0.37697908
852,-1.4784104,0.39613596
853,-1.4178118,0.3250025
854,-0.7794435,0.42581406
855,-1.1169322,0.5726031
856,-1.1706891,0.2332334
857,-1.7634958,0.5066254
858,-1.5632782,0.37570038
859,-0.8739542,0.42442837
860,-1.6374054,0.36338016
861,-1.5047448,0.33426023
862,-0.83128285,0.5877086
863,-1.4955258,0.33959004
864,-0.71621805,0.64890236
865,-1.6032106,0.3736137
866,-1.380672,0.3524507
867,-1.2989459,0.32148963
868,-0.60068905,0.5736679
869,-1.3825216,0.37323114
870,-0.7799453,0.57612115
871,-1.2815804,0.3161325
872,-0.77635896,0.51169294
873,-1.401055,0.3537927
874,-0.97184354,0.53363436
875,-1.1132783,0.24870524
876,-1.3620443,0.29158282
877,-1.2609421,0.30010366
878,-1.5706279,0.4009447
879,-0.63833696,0.6472038
880,-0.6582401,0.6286742
881,-1.0039868,0.626164
882,-1.3228736,0.31011394
883,-0.63871235,0.649825
884,-1.5602211,0.37737352
885,-1.1927642,0.4792059
886,-1.0751429,0.61878616
887,-1.6773511,0.41514423
888,-1.3649174,0.35517532
889,-1.2555323,0.30233592
890,-1.1324468,0.76590836
891,-0.71084875,0.638676
892,-1.2323784,0.36939222
893,-0.81727296,0.42785627
894,-1.3130548,0.37208897
895,-1.4557245,0.32503563
896,-0.82467157,0.53453195
897,-1.0085071,0.47538117
898,-0.5091547,0.53217065
899,-1.5844831,0.3919934
900,-1.3538632,0.39112502
901,-1.2256577,0.26225373
902,-1.1318935,0.5410668
903,-1.2825999,0.27306682
904,-1.2305267,0.24040031
905,-0.84550875,0.59843904
906,-1.4632374,0.30626023
907,-0.976362,0.63227445
908,-1.5035869,0.3113118
909,-1.6310772,0.3660137
910,-1.5069488,0.38100225
911,-1.309602,0.3344219
912,-1.414721,0.3303933
913,-1.3795489,0.30929595
914,-1.8684331,0.4224259
915,-0.93387955,0.6733495
916,-0.77578574,0.576129
917,-1.4266931,0.35001874
918,-1.3070058,0.35272655
919,-1.1561713,0.26531446
920,-0.75339407,0.5704966
921,-1.4118503,0.32533848
922,-1.398437,0.3372106
923,-1.2860007,0.34324068
924,-1.3916647,0.78954315
925,-0.88285536,0.5071323
926,-0.8317988,0.6106863
927,-1.1665888,0.6640871
928,-1.5044839,0.36748484
929,-1.308743,0.33679765
930,-1.282712,0.3119791
931,-1.2620925,0.29864487
932,-1.3278968,0.52125293
933,-1.1262507,0.32843515
934,-1.1529722,0.2941518
935,-0.7904665,0.49556938
936,-0.95134413,0.6853168
937,-0.845754,0.60991555
938,-0.8876648,0.6186569
939,-1.5490756,0.373563
940,-0.80698806,0.6331799
941,-1.6192094,0.35590667
942,-1.3522514,0.3517919
943,-1.2433106,0.28008935
944,-0.8155668,0.7376618
945,-1.6628798,0.39926898
946,-1.4220973,0.27943558
947,-1.1798682,0.2633776
948,-1.4470645,0.33122388
949,-0.9579067,0.521454
950,-0.84398496,0.3829894
951,-1.3258911,0.2933151
952,-1.4047875,0.2906655
953,-0.9916269,0.55243015
954,-1.0424178,0.5538897
955,-1.5672733,0.39753872
956,-1.782365,0.39217332
957,-0.7530601,0.4613721
958,-1.3094391,0.2817253
959,-1.4582235,0.30430627
960,-1.3249283,0.30060083
961,-1.5101259,0.33964512
962,-0.9625171,0.45684484
963,-1.3463348,0.29055405
964,-0.6355036,0.49083716
965,-0.914917,0.55099404
966,-1.2075498,0.2994938
967,-0.8330257,0.4733863
968,-0.87160826,0.43166906
969,-1.3425112,0.303036
970,-0.736321,0.50431496
971,-0.9908668,0.6054618
972,-1.5599394,0.4076758
973,-1.383187,0.3594688
974,-1.4064199,0.3257423
975,-0.50888026,0.45768312
976,-0.7169748,0.56580865
977,-1.1395344,0.2776997
978,-1.436829,0.30048835
979,-0.9317745,0.5822526
980,-1.6428685,0.38533375
981,-1.0289148,0.5588394
982,-0.7092521,0.5696492
983,-0.6698447,0.46441653
984,-1.3236407,0.33959097
985,-0.9764848,0.4429008
986,-1.547821,0.39370582
987,-1.2978964,0.30272526
988,-1.3073967,0.31571177
989,-0.7515099,0.49749982
990,-1.142396,0.4507014
991,-0.901202,0.50956523
992,-0.82143104,0.69845515
993,-0.962922,0.63283825
994,-1.550281,0.34927
995,-0.915971,0.644647
996,-1.4752796,0.31071368
997,-1.3304477,0.3240644
998,-1.5757657,0.38504124
999,-0.93093294,0.42122796
1000,-0.81730974,0.80303985
1001,-1.1954153,0.27179906
1002,-1.3676941,0.30221307
1003,-1.3693366,0.6795088
1004,-0.96413726,0.3765036
1005,-1.102679,0.24089855
1006,-1.5415579,0.36026394
1007,-1.0011678,0.5300104
1008,-1.471364,0.5134479
1009,-1.4627985,0.2976293
1010,-1.1930172,0.2562124
1011,-0.72496635,0.4563798
1012,-1.5181383,0.326161
1013,-1.0154881,0.57554656
1014,-1.0205241,0.7123633
1015,-1.2278309,0.28256506
1016,-1.4002515,0.33312148
1017,-1.1436257,0.49785653
1018,-0.66193527,0.4129955
1019,-1.2469906,0.74076724
1020,-0.57478505,0.36950842
1021,-1.1785653,0.27974188
1022,-0.88461965,0.58805585
1023,-1.1000323,0.70262766
1024,-1.3476605,0.32456157
1025,-1.3174473,0.36506036
1026,-1.4131613,0.33387473
1027,-1.5093939,0.30912665
1028,-1.3814534,0.346135
1029,-0.76043165,0.80509764
1030,-1.6174904,0.34315798
1031,-1.406851,0.30943137
1032,-0.75533843,0.5172244
1033,-1.0314335,0.64416474
1034,-0.8757935,0.4830227
1035,-0.9369202,0.5509799
1036,-0.32366207,0.51994836
1037,-0.45759624,0.60147077
1038,-1.4999102,0.3055895
1039,-1.4530488,0.36786538
1040,-1.1810062,0.28205004
1041,-1.4011046,0.28290287
1042,-1.3958548,0.33000478
1043,-0.6274705,0.5476583
1044,-0.81397134,0.6156529
1045,-1.6567719,0.39864603
1046,-1.4933919,0.4258502
1047,-1.4347125,0.31796494
1048,-1.1125914,0.4948193
1049,-1.2375551,0.36119193
1050,-0.685588,0.4708906
1051,-0.6711094,0.5764021
1052,-0.7416347,0.46338153
1053,-1.3550518,0.33574495
1054,-1.5687382,0.3488349
1055,-0.7135383,0.6007141
1056,-1.4607223,0.29341388
1057,-0.952425,0.57061654
1058,-0.72767395,0.47629598
1059,-1.2704326,0.30729765
1060,-0.77132875,0.5722647
1061,-1.5308444,0.29129037
1062,-1.741092,0.4285489
1063,-1.3688883,0.32820666
1064,-0.8559064,0.4574089
1065,-1.515146,0.32299855
1066,-1.494704,0.36452454
1067,-1.4164578,0.3071366
1068,-0.8766676,0.556006
1069,-0.7410046,0.5999789
1070,-1.4592007,0.34547743
1071,-0.3673511,0.47803295
1072,-1.5215966,0.35109222
1073,-0.60957944,0.4718684
1074,-1.209163,0.25198522
1075,-1.47436,0.30448863
1076,-0.8577995,0.59840757
1077,-0.68331015,0.51046056
1078,-0.9565301,0.504755
1079,-1.341942,0.32744727
1080,-0.69098747,0.58338964
1081,-1.6780537,0.41830665
1082,-0.83449256,0.60545135
1083,-1.5821947,0.48873007
1084,-1.0511851,0.62335515
1085,-0.81277305,0.4052237
1086,-0.9578188,0.49929923
1087,-1.4933416,0.34315053
1088,-1.6031657,0.3075988
1089,-1.1862386,0.24637438
1090,-0.976038,0.7157911
1091,-0.77661246,0.52864647
1092,-0.45850047,0.7640769
1093,-0.79445213,0.5697165
1094,-1.3878406,0.34517047
1095,-1.365497,0.35086462
1096,-1.555852,0.42782295
1097,-0.84730893,0.52270555
1098,-1.1279293,0.5838026
1099,-0.854898,0.50691354
1100,-0.483486,0.57757163
1101,-1.0005034,0.5242188
1102,-1.1508422,0.25688693
1103,-1.4237591,0.36325386
1104,-0.6998904,0.5297498
1105,-1.2666295,0.28913882
1106,-1.2556777,0.2815595
1107,-1.1017835,0.4915392
1108,-0.65082365,0.6011967
1109,-1.4787421,0.42529967
1110,-1.768654,0.41526502
1111,-1.4119207,0.3414655
1112,-1.0850801,0.65347654
1113,-1.5003499,0.3574891
1114,-1.3721967,0.33953327
1115,-1.3013638,0.28464654
1116,-1.3185494,0.3245577
1117,-1.0069257,0.56351703
1118,-1.3178716,0.2665868
1119,-1.3276843,0.29503953
1120,-1.4160566,0.32370943
1121,-1.1461831,0.29003295
1122,-1.4510988,0.38519713
1123,-0.99798286,0.5399347
1124,-0.82258505,0.47896397
1125,-0.9036837,0.5305847
1126,-0.758071,0.4804961
1127,-1.2558644,0.30486473
1128,-1.2605829,0.313803
1129,-0.87208253,0.8277627
1130,-1.4057801,0.32171088
1131,-1.3222296,0.32139552
1132,-1.39537,0.36900833
1133,-1.4465212,0.34631476
1134,-1.435439,0.29879767
1135,-1.0344185,0.36204323
1136,-1.3690927,0.35168234
1137,-1.4014152,0.35755035
1138,-1.2562983,0.5536494
1139,-1.0000237,0.66202515
1140,-1.5522013,0.42222968
1141,-1.4021815,0.31156304
1142,-0.8654301,0.75749004
1143,-1.4519081,0.3199534
1144,-1.100813,0.45158574
1145,-1.3944106,0.30614597
1146,-1.3667476,0.32157388
1147,-1.6738408,0.42921403
1148,-1.347667,0.2596636
1149,-1.0092323,0.59085774
1150,-1.3370513,0.28657264
1151,-0.6403613,0.6150356
1152,-1.595339,0.3485322
1153,-1.0778959,0.5113095
1154,-0.8256748,0.7276634
1155,-1.6913795,0.39236993
1156,-1.59446,0.39097437
1157,-1.1551515,0.2997837
1158,-1.510486,0.3758291
1159,-0.76883817,0.5944404
1160,-1.3785385,0.35518607
1161,-1.7187954,0.3645413
1162,-0.94807124,0.6262229
1163,-1.0753471,0.7010678
1164,-1.4644568,0.3808734
1165,-0.76512164,0.7120288
1166,-0.50336653,0.44438183
1167,-0.7262066,0.66832376
1168,-1.4533107,0.5681148
1169,-1.9868436,0.4644422
1170,-1.3441663,0.30548957
1171,-1.0994073,0.5584241
1172,-1.0979327,0.23867872
1173,-1.3876964,0.32213348
1174,-0.6377847,0.5923178
1175,-1.3300978,0.29212952
1176,-0.6284997,0.53416324
1177,-1.1485791,0.27060932
1178,-1.5755764,0.39329368
1179,-1.4787556,0.577131
1180,-1.265192,0.3067488
1181,-0.51983434,0.53098434
1182,-1.1366239,0.24974172
1183,-1.2032436,0.24392618
1184,-0.8869534,0.5330248
1185,-1.6071684,0.36461952
1186,-0.66381764,0.5751775
1187,-0.8414456,0.45912364
1188,-1.2830929,0.65658456
1189,-1.3678807,0.33973554
1190,-1.2886599,0.32964978
1191,-1.3698382,0.33602273
1192,-0.74728906,0.72587734
1193,-1.0905826,0.4797761
1194,-0.97653764,0.5554297
1195,-1.3379179,0.3885737
1196,-0.5147127,0.6027881
1197,-1.3892654,0.35598773
1198,-1.5053086,0.52721125
1199,-1.4171948,0.47132856
1200,-1.2432507,0.33523378
1201,-0.80715424,0.5472984
1202,-1.3695908,0.3429906
1203,-1.4238032,0.3474289
1204,-1.3877324,0.30965513
1205,-1.633038,0.38058499
1206,-0.57053506,0.49761188
1207,-1.3486683,0.40533236
1208,-0.7666725,0.5126865
1209,-1.4016935,0.36805144
1210,0.010997001,0.41139507
1211,-1.5117645,0.3389468
1212,-0.72721094,0.5791132
1213,-1.4738826,0.28959778
1214,-1.4297612,0.33694836
1215,-1.2625734,0.2645517
1216,-1.5868955,0.3960408
1217,-1.3785585,0.29594752
1218,-1.136395,0.52075243
1219,-1.4769707,0.38597858
1220,-1.2487054,0.3409358
1221,-1.3208832,0.3114336
1222,-1.25148,0.23893446
1223,-1.0392616,0.52905285
1224,-1.5398439,0.33305925
1225,-1.283327,0.32418013
1226,-1.5591176,0.43090332
1227,-1.3220923,0.3146595
1228,-0.9717604,0.5527773
1229,-1.4134723,0.33321473
1230,-1.2420446,0.28050128
1231,-1.332966,0.29053515
1232,-0.7602572,0.52505726
1233,-0.48341265,0.68096495
1234,-1.359292,0.3175551
1235,-1.2393789,0.52641404
1236,-1.3225,0.32877845
1237,-1.1523408,0.23681864
1238,-0.991927,0.4330332
1239,-0.7731639,0.5876789
1240,-1.2824576,0.3085798
1241,-1.4156569,0.3693054
1242,-1.3060771,0.33345944
1243,-1.1217939,0.25282645
1244,-1.5026321,0.32915503
1245,-1.4054251,0.3459052
1246,-0.7824993,0.4793273
1247,-1.3021082,0.3604344
1248,-1.3683146,0.5689922
1249,-0.7867366,0.5592392
1250,-1.4101512,0.3260383
1251,-1.3135207,0.3033786
1252,-1.9185824,0.43717593
1253,-0.45245564,0.49631575
1254,-1.4267524,0.29315633
1255,-1.495877,0.3462047
1256,-1.6190326,0.37327197
1257,-0.89160204,0.61834526
1258,-1.4115014,0.33642513
1259,-0.9875636,0.5948348
1260,-1.0705804,0.2409243
1261,-1.3277159,0.34038094
1262,-1.6901011,0.37813094
1263,-0.66740155,0.47172427
1264,-1.1233239,0.6115419
1265,-1.191948,0.32897833
1266,-2.041192,0.44540933
1267,-1.2755951,0.29182947
1268,-0.83184326,0.53605974
1269,-0.9903606,0.22572792
1270,-1.3201859,0.3233826
1271,-1.6968529,0.41186038
1272,-1.4449835,0.34800354
1273,-1.4321362,0.44992304
1274,-1.432404,0.316196
1275,-1.2651589,0.30507615
1276,-0.7128038,0.4555103
1277,-0.65405786,0.5340168
1278,-0.7260366,0.5602887
1279,-0.85155886,0.91691345
1280,-1.0276855,0.45693648
1281,-0.8483751,0.5914796
1282,-0.6617088,0.64480656
1283,-1.2945217,0.3454602
1284,-1.6226878,0.3634325
1285,-0.61859465,0.46808717
1286,-1.8694267,0.4191483
1287,-0.9537567,0.65917563
1288,-0.7535812,0.6301519
1289,-0.5483839,0.56830156
1290,-0.8041628,0.6059055
1291,-0.9392261,0.67172176
1292,-1.4438558,0.34596893
1293,-1.3322132,0.31094512
1294,-1.3862348,0.297778
1295,-0.74806243,0.57379055
1296,-0.75275236,0.5952971
1297,-0.77057874,0.6585601
1298,-1.3307962,0.32839772
1299,-1.6953655,0.3590656
1300,-1.0783172,0.46716416
1301,-0.7040546,0.6896283
1302,-0.91824234,0.50351423
1303,-1.5433989,0.34810892
1304,-1.5071427,0.30970457
1305,-1.4759974,0.34928933
1306,-1.3551418,0.37177137
1307,-1.4070357,0.30266073
1308,-1.6532991,0.3287089
1309,-1.232667,0.5462324
1310,-1.0641048,0.49553987
1311,-1.5952951,0.43026164
1312,-1.3794837,0.30570894
1313,-1.5977451,0.3599824
1314,-1.5552882,0.40257487
1315,-1.4174193,0.34453067
1316,-0.90675676,0.6388145
1317,-1.2297186,0.27165866
1318,-0.541309,0.3987806
1319,-1.5662497,0.36163324
1320,-1.033112,0.6032191
1321,-1.0770676,0.6301024
1322,-1.6013707,0.35271814
1323,-0.8942364,0.55846745
1324,-0.7380346,0.48105288
1325,-0.9398664,0.5324209
1326,-1.3910066,0.48112425
1327,-1.7276633,0.41260275
1328,-0.90445656,0.53365993
1329,-1.4182038,0.32115307
1330,-0.8950282,0.66603696
1331,-0.87439585,0.5548872
1332,-1.2209445,0.2976078
1333,-1.3385594,0.31414893
1334,-1.5218576,0.39890498
1335,-0.8630414,0.48478118
1336,-1.1636976,0.2643948
1337,-1.472831,0.33807465
1338,-1.3848032,0.27825227
1339,-1.2909855,0.31071013
1340,-1.4834737,0.3168505
1341,-1.2960187,0.32951406
1342,-1.524187,0.40280452
1343,-1.3930714,0.31188634
1344,-1.3522578,0.27365273
1345,-0.8235511,0.5941478
1346,-0.71987516,0.50140977
1347,-1.477053,0.35116354
1348,-0.9760464,0.55000705
1349,-1.2229686,0.67099
1350,-0.5115678,0.53948474
1351,-1.389936,0.2833461
1352,-1.2762339,0.29062006
1353,-1.1955345,0.28580752
1354,-1.3062798,0.34600347
1355,-1.4980162,0.35412088
1356,-0.47701395,0.6040841
1357,-0.79787135,0.45579383
1358,-1.2485225,0.32164332
1359,-1.49632,0.34417418
1360,-1.2875293,0.33588675
1361,-1.636304,0.36194983
1362,-0.8450236,0.66054225
1363,-0.5435065,0.5328726
1364,-1.471251,0.44972607
1365,-0.55811554,0.45932487
1366,-1.2813648,0.2969728
1367,-1.3874619,0.29516685
1368,-1.1676487,0.27284136
1369,-0.6469802,0.5441912
1370,-1.3368491,0.38654903
1371,-0.95291215,0.5515093
1372,-1.2520359,0.24563801
1373,-1.2335882,0.2750402
1374,-1.5150894,0.385087
1375,-1.1710628,0.30821082
1376,-1.1310295,0.28243992
1377,-1.5307165,0.31924632
1378,-1.599865,0.38039616
1379,-1.5538969,0.35153767
1380,-1.5181471,0.33537024
1381,-0.7187528,0.6030556
1382,-1.7096564,0.35606515
1383,-1.3584752,0.28630838
1384,-1.3581423,0.31179792
1385,-0.8988287,0.5496382
1386,-1.5003192,0.37660596
1387,-1.3530346,0.38613957
1388,-0.8270546,0.5713502
1389,-1.666124,0.36183137
1390,-0.8450836,0.44763702
1391,-1.3192925,0.29431015
1392,-0.782726,0.46866062
1393,-0.9577283,0.57172763
1394,-0.6394827,0.5452299
1395,-1.2085685,0.2627022
1396,-0.7308601,0.403161
1397,-1.3015496,0.35626724
1398,-0.5861956,0.5384881
1399,-1.4780382,0.36805952
1400,-1.3966317,0.34659407
1401,-1.439431,0.36098883
1402,-1.0033337,0.59522057
1403,-0.85475576,0.64355206
1404,-1.4807576,0.63248825
1405,-1.2633405,0.3482833
1406,-1.4327682,0.37265846
1407,-1.5387111,0.36611813
1408,-1.0943851,0.6223102
1409,-1.2026418,0.2658563
1410,-1.4025528,0.32001078
1411,-1.7791177,0.34150296
1412,-1.5094775,0.3168516
1413,-0.48591453,0.48753276
1414,-1.3667314,0.2887295
1415,-1.3837091,0.32077888
1416,-1.357955,0.31316772
1417,-1.0597394,0.22220428
1418,-0.75922894,0.5032524
1419,-1.4002733,0.35210243
1420,-1.2818346,0.30506656
1421,-1.5070093,0.5325928
1422,-1.4191291,0.35751206
1423,-1.3508321,0.2945321
1424,-1.7219669,0.45323166
1425,-1.4205804,0.35377085
1426,-1.2130003,0.25127843
1427,-1.0500233,0.46878895
1428,-1.2138629,0.27541417
1429,-0.84037995,0.55115503
1430,-0.78707796,0.556525
1431,-0.94755673,0.57057613
1432,-1.6092327,0.38873202
1433,-1.0221926,0.52189976
1434,-0.67714363,0.72596025
1435,-0.80543816,0.51360595
1436,-1.5106856,0.4003816
1437,-1.5113845,0.34873575
1438,-1.4668308,0.39545408
1439,-0.94877917,0.6717667
1440,-1.4033592,0.40496144
1441,-1.3224064,0.28408697
1442,-1.7048635,0.5858804
1443,-1.4185752,0.26759684
1444,-1.6754619,0.31034398
1445,-0.89150476,0.48257205
1446,-1.1541666,0.2820527
1447,-0.76105165,0.5577634
1448,-1.2354093,0.33624
1449,-0.5830694,0.51543087
1450,-1.4682508,0.28638506
1451,-1.2831703,0.37934607
1452,-1.3228755,0.32406387
1453,-1.0338062,0.7295555
1454,-1.5118535,0.37386662
1455,-1.3978951,0.30153427
1456,-1.7198176,0.38415337
1457,-1.5096235,0.41874695
1458,-1.3813761,0.41066977
1459,-1.5321069,0.41593626
1460,-0.6442762,0.6356705
1461,-1.158693,0.6337958
1462,-1.3149341,0.27827924
1463,-1.4237903,0.30894455
1464,-1.2797117,0.33507374
1465,-0.9993861,0.4988668
1466,-1.5214957,0.3352282
1467,-1.0703943,0.55409
1468,-1.0851407,0.629768
1469,-1.3474513,0.30448297
1470,-0.972039,0.6978184
1471,-1.1786513,0.5733285
1472,-1.354892,0.3504033
1473,-0.7865325,0.6088183
1474,-1.4679589,0.33097133
1475,-1.253947,0.24350335
1476,-1.3489131,0.30853856
1477,-0.833892,0.56281793
1478,-1.2966437,0.38224548
1479,-0.51913154,0.46191975
1480,-1.6956999,0.33550256
1481,-1.8990288,0.429258
1482,-1.058742,0.5547014
1483,-1.4406363,0.4670288
1484,-1.2166557,0.30115342
1485,-0.60317117,0.57204854
1486,-0.8766521,0.5306039
1487,-0.6896324,0.46703956
1488,-1.8694062,0.47339255
1489,-0.7533465,0.57084054
1490,-0.5589398,0.65042853
1491,-0.6104023,0.5212384
1492,-1.5971627,0.3579847
1493,-1.317026,0.30565953
1494,-1.3564965,0.29103518
1495,-1.516263,0.3045957
1496,-0.75070274,0.5664902
1497,-1.1242999,0.6532115
1498,-1.3339357,0.33187857
1499,-0.7825893,0.5557388
1500,-1.5927315,0.3479084
1501,-1.0359262,0.2735387
1502,-1.456287,0.35912436
1503,-1.2938554,0.2998446
1504,-0.87586004,0.62306035
1505,-0.7388769,0.50183976
1506,-1.4432181,0.330024
1507,-1.6276299,0.41580203
1508,-1.2580578,0.2832638
1509,-1.0146582,0.64340204
1510,-1.4763455,0.33725297
1511,-1.3426757,0.34249103
1512,-1.1879566,0.31264096
1513,-1.4106772,0.29434577
1514,-0.7607368,0.648905
1515,-1.4836394,0.32645607
1516,-1.5259879,0.31619987
1517,-1.4931394,0.6530831
1518,-1.6379133,0.30583334
1519,-1.2896631,0.30462635
1520,-0.8070431,0.5239865
1521,-1.399134,0.32227677
1522,-0.5697368,0.44194075
1523,-1.2531384,0.28774416
1524,-1.1729457,0.6096284
1525,-1.2704036,0.31650254
1526,-0.9449086,0.57664746
1527,-1.634259,0.31569707
1528,-1.2136761,0.27431253
1529,-0.8527018,0.4658293
1530,-0.9942058,0.63898045
1531,-1.1558131,0.5672444
1532,-1.2870762,0.3193389
1533,-1.4495653,0.3410698
1534,-1.2806011,0.2717196
1535,-1.2809645,0.29463693
1536,-1.6912122,0.3464104
1537,-0.92922056,0.60804975
1538,-0.93318504,0.44808877
1539,-1.3914859,0.32761952
1540,-1.2888961,0.33507293
1541,-0.59073377,0.50786954
1542,-0.9726051,0.5850782
1543,-0.57707036,0.5053428
1544,-1.0036238,0.617032
1545,-1.3346936,0.35592842
1546,-1.4438548,0.3650855
1547,-1.6220717,0.36778885
1548,-1.3347591,0.33085063
1549,-1.3857876,0.34681216
1550,-1.3209746,0.2685679
1551,-0.8485181,0.7566625
1552,-0.94655645,0.5710019
1553,-1.4553521,0.36698538
1554,-1.1418586,0.428863
1555,-1.6766217,0.3946282
1556,-1.4777324,0.33876944
1557,-0.72047746,0.534201
1558,-1.0329498,0.59321237
1559,-1.164972,0.7121916
1560,-1.0708903,0.4818491
1561,-1.440664,0.39470094
1562,-1.2408242,0.23912357
1563,-1.0881649,0.23469639
1564,-1.5052772,0.37579003
1565,-1.4482388,0.2767033
1566,-1.2817577,0.29301137
1567,-0.7414353,0.52372146
1568,-0.4773951,0.47819835
1569,-1.1649655,0.30184197
1570,-1.5069052,0.3104837
1571,-1.0710993,0.6913893
1572,-1.3488972,0.31286964
1573,-1.3594757,0.33537593
1574,-1.0234314,0.5379982
1575,-1.8021004,0.3763132
1576,-0.96167845,0.6911951
1577,-1.5613778,0.32493594
1578,-0.7603389,0.41081017
1579,-1.3287042,0.24968588
1580,-1.0448529,0.23676546
1581,-1.3890337,0.35819408
1582,-0.79869217,0.43387678
1583,-0.83623576,0.5213487
1584,-1.2549518,0.2588059
1585,-1.0322757,0.48150942
1586,-0.87514204,0.5329531
1587,-0.9269878,0.62565655
1588,-1.2232933,0.26464304
1589,-1.4173726,0.30760086
1590,-0.9184687,0.849265
1591,-1.4788207,0.33156148
1592,-1.2872441,0.25903606
1593,-1.2133354,0.26188472
1594,-1.3498366,0.3414306
1595,-1.1531068,0.6566062
1596,-1.3356341,0.31496292
1597,-1.5425858,0.36891398
1598,-0.9684417,0.49664813
1599,-1.2758758,0.25838217
1600,-1.6263518,0.36315408
1601,-1.2076566,0.28275532
1602,-1.2871466,0.25626877
1603,-0.95241815,0.5146207
1604,-1.2417951,0.30976382
1605,-1.378711,0.28834945
1606,-1.3620318,0.3200031
1607,-0.69086856,0.518014
1608,-1.47001,0.3372008
1609,-1.411613,0.34643248
1610,-0.4756645,0.49908113
1611,-1.5305046,0.35656455
1612,-1.3032643,0.26035568
1613,-1.0231622,0.40785646
1614,-0.52694744,0.48399964
1615,-1.2271619,0.27945477
1616,-0.8493326,0.5505554
1617,-1.4928029,0.32280484
1618,-1.5615311,0.32868055
1619,-1.5737696,0.37755826
1620,-0.6301132,0.53308403
1621,-1.7415442,0.3772042
1622,-0.8964563,0.5055485
1623,-0.83443534,0.55763423
1624,-0.71635896,0.53051585
1625,-1.5102282,0.30064115
1626,-1.0566317,0.6153807
1627,-0.78768194,0.6175411
1628,-0.9009904,0.5939101
1629,-0.84793633,0.587087
1630,-0.66608673,0.4726376
1631,-1.5282431,0.7589149
1632,-0.71914315,0.4449289
1633,-1.0984932,0.2355025
1634,-1.4227841,0.30711466
1635,-0.9575451,0.53516436
1636,-1.0120378,0.5536667
1637,-1.3560002,0.28178376
1638,-1.5105656,0.35041377
1639,-1.4204974,0.35983557
1640,-0.35213977,0.5031928
1641,-0.84930557,0.7010937
1642,-1.2484738,0.32027543
1643,-1.3787291,0.3414436
1644,-0.80886376,0.53530145
1645,-1.0414591,0.53867644
1646,-1.2127379,0.5705397
1647,-1.4057665,0.32277185
1648,-0.891052,0.505973
1649,-1.1745079,0.26368862
1650,-0.39445245,0.48785177
1651,-0.979802,0.56550044
1652,-1.4491473,0.27838495
1653,-1.172929,0.28534514
1654,-1.3671203,0.3081646
1655,-1.3304292,0.31847924
1656,-1.5757385,0.3802074
1657,-1.4124551,0.28821993
1658,-1.6169642,0.35088918
1659,-0.8448984,0.5753964
1660,-1.6833278,0.39597234
1661,-1.2231116,0.26358336
1662,-1.5114284,0.3374798
1663,-1.286017,0.3128421
1664,-1.2812434,0.45635948
1665,-1.0370831,0.22036043
1666,-1.2218567,0.28750935
1667,-0.7704178,0.63031083
1668,-1.4182358,0.3289473
1669,-1.0625547,0.46212348
1670,-1.0496547,0.3008402
1671,-1.1824152,0.2669378
1672,-1.255972,0.27859294
1673,-1.1423788,0.25834435
1674,-1.4191041,0.47720802
1675,-0.5187992,0.5133072
1676,-0.78169894,0.54983866
1677,-1.4564443,0.2923099
1678,-1.4685079,0.3622191
1679,-0.6279889,0.4505509
1680,-1.3011302,0.32572487
1681,-0.80910736,0.52503955
1682,-1.4211322,0.32974178
1683,-1.5101573,0.3062313
1684,-1.6503234,0.40074635
1685,-1.1794724,0.29179
1686,-1.3858702,0.32280192
1687,-1.5222048,0.40942526
1688,-1.3506802,0.28991145
1689,-0.84008116,0.566249
1690,-1.1997194,0.3376577
1691,-1.5142868,0.32638276
1692,-1.2194802,0.25213158
1693,-1.3267889,0.26808035
1694,-1.5393376,0.49763083
1695,-0.62440103,0.59337837
1696,-1.098907,0.50056934
1697,-1.3919687,0.3112993
1698,-1.3291112,0.3532251
1699,-0.8854983,0.5252027
1700,-1.5487411,0.37975624
1701,-1.0660005,0.52410626
1702,-0.95247805,0.5876339
1703,-0.852399,0.56943166
1704,-0.8713676,0.5134022
1705,-1.4157661,0.34725252
1706,-0.7315116,0.5439993
1707,-0.81807554,0.6384571
1708,-0.3410639,0.47007284
1709,-1.3879455,0.26323438
1710,-1.3167739,0.82269216
1711,-1.2826676,0.29553232
1712,-1.736444,0.36648804
1713,-1.1266787,0.2623826
1714,-0.9421596,0.57299805
1715,-1.2904223,0.3081518
1716,-1.4390181,0.32259232
1717,-1.6502625,0.37158248
1718,-1.2736368,0.27410468
1719,-0.900434,0.7136064
1720,-1.3171265,0.28955382
1721,-1.1631937,0.71887004
1722,-1.5202506,0.42073777
1723,-1.3954679,0.28671584
1724,-1.0218217,0.595791
1725,-1.4139702,0.3774743
1726,-0.6814142,0.45084357
1727,-0.8814669,0.569059
1728,-0.7693375,0.45190576
1729,-0.6946682,0.6026418
1730,-1.481224,0.3805627
1731,-1.4612905,0.37098104
1732,-0.51761687,0.56923056
1733,-0.8461854,0.55405974
1734,-1.5580133,0.3527355
1735,-1.2476581,0.2806461
1736,-1.6427574,0.4919362
1737,-0.58840156,0.47001037
1738,-1.2613069,0.29794893
1739,-1.6122692,0.29765055
1740,-1.4620256,0.39061505
1741,-1.2866918,0.33961868
1742,-0.87163997,0.57338285
1743,-1.0379144,0.2062587
1744,-1.5018576,0.3422157
1745,-1.1941689,0.2691574
1746,-1.2701089,0.2786047
1747,-0.5685313,0.48913702
1748,-0.95827395,0.5608216
1749,-1.4468317,0.35079616
1750,-0.94421417,0.52483946
1751,-1.7263434,0.38071582
1752,-1.336474,0.33520082
1753,-1.199553,0.29059917
1754,-1.5218943,0.34992877
1755,-1.2680657,0.2684787
1756,-1.177033,0.32076868
1757,-1.2438128,0.27390277
1758,-0.6293471,0.43145534
1759,-1.6176271,0.40792567
1760,-1.5185709,0.33283985
1761,-0.71735644,0.55763465
1762,-1.5073404,0.35478258
1763,-1.6773065,0.4489254
1764,-0.5109416,0.48328534
1765,-1.3681449,0.35860565
1766,-1.1563163,0.3201551
1767,-1.5051866,0.32183442
1768,-0.88982004,0.49489328
1769,-1.5082477,0.31625256
1770,-1.5159888,0.57945365
1771,-0.84027183,0.579475
1772,-1.5633029,0.34799924
1773,-1.0566335,0.66899306
1774,-0.9912834,0.6119218
1775,-1.3731662,0.3475009
1776,-1.1399643,0.3092365
1777,-1.4411426,0.32263398
1778,-1.3452592,0.30283338
1779,-1.5807477,0.36326912
1780,-1.4921762,0.29600188
1781,-1.4580456,0.28602985
1782,-1.3170978,0.29915518
1783,-1.2532314,0.3184234
1784,-0.49949104,0.45145595
1785,-1.5943391,0.39397752
1786,-1.2825711,0.2800984
1787,-0.97167665,0.58393735
1788,-1.8151596,0.39395994
1789,-1.0669475,0.6634242
1790,-1.279314,0.30826366
1791,-1.3667026,0.275003
1792,-1.5889734,0.32540682
1793,-0.78568053,0.63486236
1794,-0.8252605,0.50607246
1795,-1.4915795,0.31498763
1796,-1.192074,0.24908285
1797,-0.61391383,0.61339164
1798,-1.3667685,0.30186954
1799,-1.4278166,0.3500352
1800,-1.5690068,0.38782856
1801,-1.3958936,0.27532542
1802,-1.2992845,0.34523118
1803,-1.0546933,0.5833733
1804,-0.7748029,0.6282249
1805,-1.1632117,0.6105101
1806,-1.3266497,0.24642704
1807,-1.1016552,0.29777947
1808,-1.4730392,0.29453215
1809,-0.608747,0.4897949
1810,-1.0513775,0.58960533
1811,-1.3933684,0.32212174
1812,-1.2913349,0.30677193
1813,-1.3963044,0.31297103
1814,-0.7896461,0.4824151
1815,-0.8601416,0.42055365
1816,-0.92773956,0.47484708
1817,-1.2634492,0.315295
1818,-1.3278992,0.28849187
1819,-1.5187591,0.37940028
1820,-0.83797354,0.48240027
1821,-1.3775154,0.3781605
1822,-1.3745793,0.2964443
1823,-1.5769154,0.38212544
1824,-1.5431191,0.3766976
1825,-0.7474727,0.61108655
1826,-1.3065029,0.25216505
1827,-1.3307053,0.33030763
1828,-1.0645998,0.55064446
1829,-1.1404576,0.29256043
1830,-1.198726,0.2926606
1831,-0.89141303,0.50515795
1832,-0.73879033,0.61403316
1833,-0.9471323,0.5847692
1834,-0.4620093,0.44013888
1835,-1.0546024,0.56284547
1836,-1.1682364,0.30837056
1837,-1.5466229,0.39415288
1838,-1.4360107,0.3436441
1839,-1.5198497,0.38341576
1840,-1.5250447,0.35340613
1841,-1.201549,0.25772431
1842,-1.450994,0.31215292
1843,-0.9840896,0.47916433
1844,-1.7148165,0.4060174
1845,-1.3818669,0.2879584
1846,-1.2306151,0.2516046
1847,-1.7114556,0.42152932
1848,-1.4315535,0.3575552
1849,-1.6282703,0.40311992
1850,-1.6943251,0.4064666
1851,-1.3814843,0.23813967
1852,-1.4071338,0.28320578
1853,-1.7195497,0.3821099
1854,-1.5339845,0.3419219
1855,-1.3313675,0.31211773
1856,-1.0308526,0.45479566
1857,-0.9290487,0.50578254
1858,-1.1900822,0.57816553
1859,-0.67227197,0.39871243
1860,-1.2530068,0.371926
1861,-0.6508017,0.44346613
1862,-1.2771065,0.57427734
1863,-0.82667327,0.5073269
1864,-1.1926675,0.46573517
1865,-0.9200867,0.55798423
1866,-1.2655721,0.68458897
1867,-1.3414214,0.29153252
1868,-1.4607915,0.303276
1869,-1.2759835,0.2985991
1870,-0.7319581,0.4862884
1871,-1.514845,0.45442468
1872,-0.6245056,0.4729818
1873,-1.2761353,0.32795444
1874,-1.4434384,0.4080555
1875,-0.62477064,0.56100017
1876,-1.2968277,0.2682907
1877,-1.3170427,0.36518046
1878,-0.84540915,0.55033374
1879,-0.65195966,0.5904632
1880,-1.2100948,0.31294134
1881,-1.2551107,0.2968218
1882,-1.8533962,0.4308615
1883,-1.4681141,0.31916764
1884,-0.6679722,0.532945
1885,-1.3942484,0.31366673
1886,-1.3907069,0.3092497
1887,-0.94145674,0.5791831
1888,-1.300362,0.30037495
1889,-0.6410138,0.5507197
1890,-1.4608829,0.32562792
1891,-1.2683681,0.24760218
1892,-1.5326927,0.34576407
1893,-0.5950468,0.5142848
1894,-0.5518696,0.63248146
1895,-1.3005568,0.2770155
1896,-1.3719003,0.3011618
1897,-1.2745659,0.5606866
1898,-1.39085,0.2799917
1899,-1.2756584,0.29656887
1900,-0.7527564,0.49953762
1901,-1.162176,0.27291504
1902,-0.79281676,0.5714813
1903,-1.259325,0.5999667
1904,-1.5672264,0.3064957
1905,-1.4073448,0.31644538
1906,-1.3455396,0.3794841
1907,-1.2997031,0.29591104
1908,-1.1451072,0.5863806
1909,-1.7120329,0.3793883
1910,-1.2619643,0.31618217
1911,-0.7316579,0.542754
1912,-0.6106892,0.46033722
1913,-1.8216878,0.43104014
1914,-1.4837321,0.34317225
1915,-1.3692147,0.33242184
1916,-1.4642463,0.31725472
1917,-1.4757904,0.3526363
1918,-1.3718764,0.25842908
1919,-1.0044237,0.44648185
1920,-1.1997856,0.342094
1921,-1.8139114,0.3746352
1922,-1.3958074,0.3559099
1923,-1.5203067,0.6004167
1924,-1.59617,0.3842742
1925,-1.5073634,0.35764915
1926,-1.3165326,0.3153563
1927,-1.0138432,0.5449441
1928,-1.2759124,0.30795497
1929,-1.2327054,0.27301717
1930,-0.8926248,0.5770725
1931,-0.71870774,0.5769758
1932,-0.40294826,0.4257478
1933,-1.6100005,0.45522735
1934,-0.41292626,0.42599916
1935,-1.6737354,0.47045416
1936,-1.5697904,0.3014085
1937,-1.3436878,0.34292448
1938,-1.525789,0.4314197
1939,-1.486725,0.3560231
1940,-1.3333315,0.28146353
1941,-1.65106,0.31637806
1942,-1.3030264,0.27503213
1943,-0.69785726,0.55306756
1944,-0.9144119,0.47128555
1945,-1.5186696,0.3500556
1946,-1.2200905,0.3465485
1947,-1.0344312,0.48614296
1948,-0.9332336,0.5584585
1949,-1.6666292,0.39722767
1950,-1.5807391,0.38776994
1951,-1.665455,0.37228182
1952,-1.4556662,0.31310523
1953,-0.95063853,0.57489467
1954,-0.5942733,0.4743747
1955,-1.4134362,0.3376625
1956,-0.6069977,0.53378683
1957,-0.7728289,0.6294913
1958,-1.0593807,0.241244
1959,-1.5126392,0.71625215
1960,-0.6468933,0.5684087
1961,-0.59389544,0.61439854
1962,-0.61512816,0.60060036
1963,-1.4734895,0.31121308
1964,-1.3452028,0.34093735
1965,-1.2403592,0.29065824
1966,-1.4895471,0.32365915
1967,-1.650228,0.32724366
1968,-1.2608584,0.2752033
1969,-0.46711782,0.46849728
1970,-0.7718757,0.5093006
1971,-1.4843587,0.33329335
1972,-1.5307175,0.33478498
1973,-0.95588005,0.4619238
1974,-1.4627179,0.47946256
1975,-1.2626387,0.31914708
1976,-1.2685559,0.28036067
1977,-1.4499359,0.34213525
1978,-1.2843481,0.5710078
1979,-1.2033573,0.30661774
1980,-1.4342422,0.3462339
1981,-1.1900587,0.25787348
1982,-1.3641312,0.32955396
1983,-1.3962393,0.3010275
1984,-0.88433486,0.484306
1985,-1.7094083,0.45067757
1986,-0.6833181,0.4562442
1987,-1.4197512,0.36208165
1988,-0.72719866,0.6601231
1989,-1.5468345,0.38699088
1990,-1.1593153,0.32202125
1991,-0.9735725,0.6627813
1992,-0.64939797,0.42130452
1993,-1.2968389,0.30070305
1994,-1.2301228,0.27752796
1995,-0.5498327,0.47839326
1996,-0.922997,0.46936157
1997,-1.8934846,0.4249735
1998,-1.5637568,0.43824062
1999,-1.6159514,0.36496592
2000,-0.7947881,0.61573243
2001,-1.3890702,0.31116578
2002,-0.6605348,0.565873
2003,-0.6535939,0.61254936
2004,-1.459291,0.3007733
2005,-0.81823176,0.57002777
2006,-1.0153229,0.22023188
2007,-1.6469164,0.40925908
2008,-1.2973675,0.5897213
2009,-0.7157426,0.6118984
2010,-0.9159108,0.5017817
2011,-1.3945479,0.31291577
2012,-1.0803963,0.27340543
2013,-1.022195,0.47281542
2014,-1.3268745,0.34921068
2015,-1.3771473,0.29174626
2016,-1.3678432,0.3619121
2017,-1.0969117,0.27550977
2018,-1.0734049,0.7468469
2019,-0.6844019,0.49080136
2020,-0.5788424,0.45359704
2021,-0.6630873,0.5839897
2022,-1.3238099,0.30780795
2023,-1.107143,0.26678088
2024,-1.4888391,0.31211966
2025,-0.92602867,0.50690347
2026,-1.2792791,0.29952544
2027,-1.4603326,0.34921327
2028,-1.2610584,0.58888596
2029,-1.4627023,0.34328365
2030,-1.3348246,0.34549645
2031,-1.4267882,0.287628
2032,-0.530077,0.50758374
2033,-1.5830412,0.26545015
2034,-1.1076741,0.5352257
2035,-1.4238238,0.30552197
2036,-0.50987554,0.45954576
2037,-0.4259026,0.59390885
2038,-0.90781754,0.5059479
2039,-1.3679008,0.30256814
2040,-0.79205954,0.60047704
2041,-1.2123926,0.2755801
2042,-1.334605,0.27671272
2043,-1.4042958,0.36531875
2044,-1.1520636,0.6718456
2045,-1.2277989,0.30795795
2046,-0.86254334,0.53477395
2047,-1.2497599,0.3080276
2048,-1.5371164,0.34232262
2049,-1.425686,0.32636914
2050,-1.354167,0.3232785
2051,-1.3844254,0.34771782
2052,-1.5861366,0.43481633
2053,-1.341757,0.28700057
2054,-1.3200209,0.3206967
2055,-1.271502,0.29255652
2056,-0.7229092,0.5208443
2057,-1.1440312,0.2695332
2058,-1.5749811,0.39371294
2059,-1.2020065,0.5557157
2060,-1.7556473,0.48649317
2061,-0.46794972,0.5563543
2062,-1.3067628,0.30384654
2063,-1.4422225,0.31100035
2064,-1.6217574,0.31918412
2065,-1.6067374,0.40388668
2066,-0.80635476,0.55874735
2067,-1.351918,0.76773673
2068,-0.85391074,0.61930686
2069,-0.822676,0.500815
2070,-1.0925423,0.25049025
2071,-1.4738746,0.39514655
2072,-0.8768556,0.69111174
2073,-1.5403007,0.44197732
2074,-1.4807522,0.30195552
2075,-1.2824798,0.2801738
2076,-1.6520609,0.39603004
2077,-0.76405436,0.5861669
2078,-1.3295949,0.29735023
2079,-0.83491766,0.43789673
2080,-1.3917698,0.3164553
2081,-1.48114,0.40219036
2082,-1.3376011,0.33214194
2083,-1.1727638,0.3140312
2084,-1.3820696,0.33269733
2085,-1.308386,0.2530785
2086,-0.987315,0.48773876
2087,-1.5357281,0.32498023
2088,-1.1925389,0.25183767
2089,-1.2792251,0.6182174
2090,-1.4417671,0.35775268
2091,-1.7159836,0.442174
2092,-1.0646015,0.65636146
2093,-1.7044966,0.4216984
2094,-1.2241799,0.28421858
2095,-1.1441944,0.26877308
2096,-1.7949893,0.50200355
2097,-1.0087148,0.48789942
2098,-0.9701961,0.65177
2099,-1.2960031,0.4920767
2100,-1.3919706,0.30114374
2101,-1.7565432,0.63746667
2102,-1.2359521,0.7227579
2103,-1.1703517,0.3048676
2104,-0.7056523,0.57340354
2105,-1.4350374,0.4031371
2106,-0.7010698,0.57162064
2107,-1.4071898,0.35044822
2108,-1.3670992,0.37557614
2109,-0.8128121,0.53487676
2110,-0.5658469,0.64735353
2111,-1.0175359,0.520118
2112,-0.89302427,0.536822
2113,-1.4708245,0.4084728
2114,-1.5864438,0.38428548
2115,-1.360067,0.29405594
2116,-1.3700465,0.37929937
2117,-1.489234,0.4034961
2118,-1.2243267,0.559092
2119,-1.332706,0.29470348
2120,-1.4991198,0.35248992
2121,-1.3543963,0.323622
2122,-1.2425305,0.27199334
2123,-1.5351567,0.40717775
2124,-1.2979153,0.32304808
2125,-0.88272375,0.7558513
2126,-1.4570123,0.41344944
2127,-0.4811419,0.50681645
2128,-1.655178,0.3875228
2129,-1.2501756,0.38121986
2130,-0.7730487,0.51493096
2131,-1.3761351,0.33816954
2132,-1.0546744,0.5351753
2133,-1.0478776,0.7280606
2134,-0.52763003,0.5199734
2135,-1.5603791,0.36641148
2136,-1.3204963,0.554434
2137,-1.4256773,0.35606188
2138,-1.6119877,0.361748
2139,-1.3633386,0.30802733
2140,-1.4015139,0.37838608
2141,-1.3802972,0.31185642
2142,-1.3327544,0.32635096
2143,-1.2612021,0.30133578
2144,-1.2723975,0.308363
2145,-1.1123062,0.26536366
2146,-1.4468936,0.36799255
2147,-0.94734085,0.63983923
2148,-1.1807785,0.27015415
2149,-1.7551141,0.39820278
2150,-0.4576074,0.50807947
2151,-1.31561,0.36319876
2152,-1.2371854,0.30974025
2153,-1.6611758,0.29879084
2154,-1.2432299,0.28915587
2155,-1.4379327,0.41293025
2156,-0.96556765,0.4682919
2157,-1.329603,0.30515814
2158,-1.496692,0.35264632
2159,-0.69235384,0.57884777
2160,-1.360785,0.32884037
2161,-1.6955513,0.3713561
2162,-1.0683157,0.4810929
2163,-1.0300444,0.7015967
2164,-1.3949027,0.3277394
2165,-1.449441,0.34552026
2166,-0.54750574,0.49730453
2167,-1.3459698,0.29998097
2168,-1.2293583,0.258585
2169,-1.3458592,0.31456214
2170,-1.0243202,0.43143237
2171,-1.9035804,0.4094039
2172,-0.7019062,0.5387938
2173,-0.6546271,0.44049618
2174,-1.1313778,0.7525076
2175,-1.3097103,0.2954973
2176,-0.9045975,0.5390229
2177,-0.66462153,0.5948047
2178,-1.3173786,0.32213807
2179,-1.4773353,0.41846886
2180,-1.0632685,0.67256224
2181,-1.4574285,0.32544416
2182,-1.328737,0.3317984
2183,-1.1340281,0.55132914
2184,-1.3358079,0.29834116
2185,-1.4543984,0.38413632
2186,-1.3319205,0.34908935
2187,-1.2171998,0.31138942
2188,-1.6292009,0.4140368
2189,-0.8514069,0.48217368
2190,-0.5459507,0.63259137
2191,-0.6801733,0.5739001
2192,-1.1369958,0.73959845
2193,-0.7937843,0.4788091
2194,-1.4281605,0.34677282
2195,-1.2761145,0.2965979
2196,-1.2030454,0.26756942
2197,-1.2391636,0.33330482
2198,-1.1935023,0.26289222
2199,-1.1137512,0.2703971
2200,-1.1532928,0.68354976
2201,-0.7746946,0.43848613
2202,-1.5623305,0.3555625
2203,-1.2137284,0.27444875
2204,-1.1201985,0.44513446
2205,-1.4815348,0.33051094
2206,-1.5083433,0.36395547
2207,-0.97634417,0.5118911
2208,-1.6628915,0.39483768
2209,-0.9888103,0.7636292
2210,-1.2632431,0.3504627
2211,-1.4031558,0.27735466
2212,-1.3339219,0.42926958
2213,-1.6201755,0.33968675
2214,-0.7589914,0.4802312
2215,-0.76778924,0.46762788
2216,-1.0085421,0.24273546
2217,-1.444209,0.38474685
2218,-1.392518,0.39789245
2219,-1.3800453,0.6810291
2220,-0.70163554,0.6528198
2221,-1.3880647,0.3411112
2222,-0.7955294,0.6237989
2223,-1.3371556,0.33863905
2224,-0.89256006,0.62513226
2225,-1.2173465,0.2941905
2226,-1.5347215,0.3558917
2227,-1.2800212,0.30954176
2228,-1.3458328,0.28444082
2229,-1.428087,0.33242416
2230,-1.2446089,0.3211486
2231,-0.70285034,0.49828738
2232,-1.5448397,0.36993974
2233,-0.41124874,0.5046506
2234,-0.7761328,0.47087207
2235,-1.3888663,0.33274156
2236,-0.53231657,0.5347653
2237,-1.3498187,0.370404
2238,-1.2236246,0.2930774
2239,-1.5321412,0.30557308
2240,-0.7945514,0.5573442
2241,-1.4046293,0.37406465
2242,-1.26335,0.26349872
2243,-0.4448479,0.5683125
2244,-0.6584398,0.5187408
2245,-1.5662304,0.37687302
2246,-0.9567399,0.56851786
2247,-1.3050957,0.3278087
2248,-1.608837,0.33796227
2249,-1.372056,0.3534579
2250,-1.2897228,0.2717327
2251,-1.3360944,0.35585907
2252,-1.812446,0.44767132
2253,-1.3112661,0.28921512
2254,-0.832161,0.5258821
2255,-0.5165782,0.4355277
2256,-1.1745214,0.4772442
2257,-0.7572131,0.48319864
2258,-1.3245773,0.28255862
2259,-1.5077837,0.3765763
2260,-1.417459,0.37478694
2261,-1.1279423,0.55343974
2262,-1.3948697,0.33511987
2263,-1.3224024,0.3312325
2264,-0.847381,0.552356
2265,-1.3204837,0.34006152
2266,-1.2999256,0.40720984
2267,-1.0831276,0.51199776
2268,-1.0603,0.5672082
2269,-1.1982516,0.28365558
2270,-1.4855765,0.34578916
2271,-1.0033176,0.5315168
2272,-1.4837532,0.4142854
2273,-1.4789978,0.37861133
2274,-1.2577072,0.26789123
2275,-1.0795703,0.52393824
2276,-1.1257074,0.2646584
2277,-1.4226111,0.26189467
2278,-1.5482854,0.32747737
2279,-1.2054559,0.34913757
2280,-0.8439309,0.5529748
2281,-1.3740697,0.29073495
2282,-1.2519317,0.31866094
2283,-0.88672847,0.5386252
2284,-1.6504653,0.28791583
2285,-1.4003754,0.35940063
2286,-1.7305892,0.49324775
2287,-1.429542,0.35279885
2288,-1.6158197,0.52620864
2289,-1.609014,0.38329923
2290,-1.3898556,0.3187915
2291,-0.91791326,0.5087698
2292,-1.1495248,0.5233702
2293,-1.0536002,0.27205613
2294,-1.0173078,0.66952074
2295,-1.5440716,0.39022526
2296,-0.8040796,0.6951245
2297,-1.4867887,0.30863652
2298,-1.502914,0.3308607
2299,-0.5979722,0.48659566
2300,-1.6752045,0.5260386
2301,-1.1328034,0.27027813
2302,-1.6315254,0.31112352
2303,-1.1724093,0.23958033
2304,-0.70302355,0.5642229
2305,-1.219667,0.64459604
2306,-1.4467483,0.30067825
2307,-1.6061381,0.41904154
2308,-1.4602611,0.32712737
2309,-0.7761957,0.48651192
2310,-1.4500549,0.325536
2311,-1.6674625,0.32497308
2312,-1.4157302,0.32849792
2313,-1.2744346,0.31284988
2314,-1.3755835,0.2940794
2315,-1.1649506,0.5618635
2316,-1.1836097,0.3015257
2317,-0.9986031,0.55104256
2318,-1.1027713,0.6058961
2319,-1.4579126,0.32387373
2320,-1.2547426,0.27761582
2321,-1.1126378,0.31044278
2322,-1.214721,0.28110084
2323,-1.7399577,0.43425438
2324,-1.2232094,0.24553071
2325,-0.9884775,0.65941054
2326,-1.4626019,0.32765666
2327,-0.956358,0.6622942
2328,-0.49255675,0.53180224
2329,-1.8599651,0.3951606
2330,-1.5495446,0.4119266
2331,-1.6523781,0.39512202
2332,-0.47478154,0.56731665
2333,-0.8233216,0.5654552
2334,-1.2271433,0.28848645
2335,-1.752371,0.39526832
2336,-0.7996885,0.4081683
2337,-1.5771184,0.33149135
2338,-1.5664833,0.37681842
2339,-1.3791342,0.31797403
2340,-0.8013496,0.5650146
2341,-1.4118899,0.31111702
2342,-0.78808856,0.54169106
2343,-0.8505432,0.41866145
2344,-1.2626303,0.286064
2345,-1.4131509,0.3182779
2346,-1.3737035,0.2514391
2347,-1.2613482,0.2659338
2348,-1.049823,0.5623546
2349,-1.1759276,0.66104645
2350,-0.96078146,0.5521169
2351,-1.5284723,0.3136188
2352,-0.9378562,0.5210324
2353,-0.9222644,0.50116414
2354,-1.2009809,0.28079078
2355,-1.1886181,0.30677772
2356,-1.4003723,0.34339002
2357,-1.0531329,0.5359761
2358,-1.0305821,0.5907983
2359,-1.6498686,0.45322603
2360,-0.6098645,0.73524207
2361,-1.3314788,0.38836718
2362,-1.4194478,0.34291053
2363,-1.1957451,0.2924322
2364,-1.4660715,0.3517822
2365,-0.7693675,0.5278424
2366,-0.6909124,0.5297342
2367,0.0058589485,0.3240428
2368,-0.68918204,0.5125239
2369,-1.39966,0.3251681
2370,-0.7954401,0.62575424
2371,-0.71508026,0.5583926
2372,-0.89242804,0.4460842
2373,-0.9735277,0.6540915
2374,-0.91244155,0.624693
2375,-1.3172846,0.3032968
2376,-1.2026037,0.30273303
2377,-1.5351207,0.34263682
2378,-1.1755925,0.27666885
2379,-0.96261233,0.48784193
2380,-1.474489,0.32585445
2381,-0.9885728,0.44333372
2382,-0.3996408,0.5170846
2383,-1.7926269,0.42106104
2384,-1.5583563,0.3378234
2385,-1.244878,0.6691043
2386,-1.1566379,0.57146204
2387,-1.0418954,0.2498164
2388,-1.5305821,0.33220255
2389,-0.7933999,0.3877688
2390,-1.3225397,0.28636795
2391,-1.3638512,0.30800155
2392,-1.3850766,0.29530224
2393,-1.4857672,0.36594465
2394,-1.2699728,0.31104374
2395,-1.5964351,0.39676815
2396,-1.6413586,0.40102497
2397,-1.4445066,0.3176241
2398,-1.2876664,0.2925963
2399,-1.386388,0.512182
2400,-1.3053814,0.2756216
2401,-1.3050127,0.34831095
2402,-1.1396483,0.51961756
2403,-1.2960645,0.30197322
2404,-1.3851976,0.34697512
2405,-0.99501586,0.5068439
2406,-1.2667723,0.31569418
2407,-1.5180404,0.36426035
2408,-1.4206554,0.29552746
2409,-1.6026857,0.41894105
2410,-0.9028633,0.5119584
2411,-1.3516397,0.31913626
2412,-1.295159,0.27427676
2413,-1.1191897,0.30555046
2414,-1.308283,0.29220915
2415,-1.2410748,0.306468
2416,-1.5667766,0.40786916
2417,-0.8621391,0.6841902
2418,-1.3941308,0.32743117
2419,-1.606707,0.35823083
2420,-0.8666913,0.52250993
2421,-1.3939928,0.34429216
2422,-0.641004,0.7032543
2423,-0.81641215,0.60112995
2424,-1.2093762,0.26591352
2425,-1.5111083,0.3765352
2426,-0.6655317,0.4568926
2427,-0.9179355,0.49794915
2428,-0.8423263,0.5369162
2429,-1.1683072,0.6446607
2430,-0.7947018,0.53600633
2431,-1.0439603,0.63853043
2432,-0.77285904,0.56173044
2433,-1.6804042,0.4790142
2434,-1.4628786,0.37210009
2435,-0.8951233,0.6125208
2436,-1.6008388,0.34348696
2437,-1.4169343,0.3251685
2438,-1.0653429,0.5790497
2439,-0.4260378,0.5100324
2440,-1.1217389,0.61435616
2441,-1.2873337,0.30577484
2442,-1.5721682,0.34091994
2443,-0.9548947,0.5002896
2444,-0.72075963,0.4201491
2445,-0.77463716,0.6365048
2446,-1.2551013,0.33691013
2447,-1.2474258,0.29009104
2448,-1.3545815,0.29965723
2449,-0.9297042,0.5330675
2450,-1.1874843,0.3391729
2451,-0.82234436,0.58182424
2452,-1.5184921,0.3762962
2453,-0.8647776,0.5542389
2454,-1.0878276,0.5668007
2455,-1.3793362,0.28684622
2456,-1.7330321,0.37721738
2457,-1.2201959,0.26440316
2458,-0.74190325,0.59703106
2459,-1.4213994,0.37066078
2460,-1.1037915,0.28592476
2461,-0.48348975,0.4216766
2462,-0.8878632,0.6234433
2463,-1.4818375,0.35992762
2464,-1.7109014,0.34189567
2465,-1.0922087,0.7062854
2466,-1.8580048,0.4170286
2467,-1.211546,0.31532177
2468,-0.99512297,0.20346166
2469,-1.18901,0.2898836
2470,-0.89423615,0.6314729
2471,-1.4562988,0.3166348
2472,-0.7835017,0.6055067
2473,-0.58569604,0.44089204
2474,-1.0162482,0.7116414
2475,-1.3288977,0.33047915
2476,-1.2460494,0.34604242
2477,-0.6132389,0.504533
2478,-0.73415846,0.5073685
2479,-1.530491,0.3408415
2480,-1.3658642,0.33908558
2481,-1.414081,0.5056937
2482,-1.0763243,0.27298078
2483,-1.2527817,0.24837902
2484,-1.2451186,0.29234186
2485,-0.7578489,0.40286827
2486,-0.67307824,0.4841263
2487,-0.9627639,0.57394826
2488,-1.8137796,0.4248925
2489,-1.5992463,0.3647163
2490,-1.2980686,0.31637785
2491,-1.4738569,0.3369715
2492,-1.0732576,0.492147
2493,-1.6154828,0.3675129
2494,-1.2863088,0.34799182
2495,-1.020047,0.20755635
2496,-1.2008492,0.3437358
2497,-0.87314284,0.5508524
2498,-1.258554,0.32442737
2499,-1.007676,0.54777896
2500,-1.4812747,0.35555533
2501,-1.3596245,0.32486328
2502,-1.3400668,0.34860528
2503,-0.92086756,0.6071114
2504,-0.76973265,0.38133726
2505,-1.7438754,0.43576258
2506,-1.3498996,0.3996362
2507,-1.2457069,0.33795583
2508,-0.87162036,0.7037291
2509,-1.5072473,0.37134343
2510,-0.75690705,0.5683045
2511,-0.607418,0.5011227
2512,-1.4412585,0.34962657
2513,-1.031609,0.6071381
2514,-1.4187511,0.32165384
2515,-1.379309,0.27467003
2516,-0.9352457,0.71351045
2517,-1.1930335,0.27107757
2518,-1.440602,0.36733234
2519,-1.2923574,0.30632728
2520,-1.573584,0.34857553
2521,-0.5967462,0.5048326
2522,-1.4738915,0.37066224
2523,-1.5563271,0.74603325
2524,-1.3726894,0.36351585
2525,-0.78423834,0.43144956
2526,-0.8259172,0.5269279
2527,-1.2625526,0.30553237
2528,-1.7220039,0.3587168
2529,-1.0724502,0.60589004
2530,-0.7131814,0.42315394
2531,-1.3876908,0.3385862
2532,-1.3607904,0.3245752
2533,-1.6682073,0.41724575
2534,-0.96008325,0.7671352
2535,-0.6061104,0.43093997
2536,-0.94049835,0.5384465
2537,-1.012928,0.4957885
2538,-1.3974447,0.33806422
2539,-0.93145204,0.5976427
2540,-1.6744009,0.4029395
2541,-1.2186981,0.3281375
2542,-1.4797539,0.35734808
2543,-1.5310861,0.3801138
2544,-1.4252402,0.29036286
2545,-1.4384385,0.30700898
2546,-1.2740492,0.362811
2547,-1.5673748,0.3767848
2548,-1.8261228,0.39207566
2549,-0.87116915,0.5350747
2550,-0.6658773,0.50723296
2551,-1.3221953,0.33753175
2552,-1.357654,0.31982625
2553,-1.6658118,0.39612636
2554,-1.3940883,0.3231117
2555,-1.419116,0.30593833
2556,-1.2427803,0.6544151
2557,-1.427752,0.3151242
2558,-1.4728109,0.30170768
2559,-1.4654154,0.48319378
2560,-0.80730647,0.62533414
2561,-1.4814057,0.35207656
2562,-1.3715465,0.32203335
2563,-1.4141742,0.3490992
2564,-0.8385108,0.6244284
2565,-0.6737279,1.2098413
2566,-0.9246508,0.6069154
2567,-1.1879394,0.2767873
2568,-1.228543,0.46479046
2569,-1.0080096,0.5694338
2570,-1.3297254,0.47954908
2571,-1.4477767,0.34798113
2572,-1.008615,0.4948833
2573,-0.98830813,0.67137057
2574,-1.4975225,0.36714545
2575,-1.4806424,0.3484481
2576,-1.4479228,0.32521054
2577,-1.3575042,0.35193244
2578,-1.4229972,0.40448916
2579,-1.0634787,0.34865788
2580,-1.2508222,0.25130466
2581,-0.7860281,0.54870397
2582,-0.8221488,0.6603123
2583,-1.7555696,0.40675196
2584,-0.7920857,0.5558308
2585,-1.6131288,0.34011763
2586,-1.4728982,0.31999043
2587,-1.3655083,0.2626536
2588,-1.5474957,0.36623123
2589,-1.297031,0.29176697
2590,-0.68510747,0.5452705
2591,-1.4060235,0.32905322
2592,-0.6276283,0.5420664
2593,-0.9306076,0.5180981
2594,-1.5193584,0.4102902
2595,-1.313171,0.29363298
2596,-1.2877887,0.27094936
2597,-1.6495574,0.34654364
2598,-1.0834166,0.78438973
2599,-1.6771137,0.34178782
2600,-0.71704,0.5883205
2601,-1.1109929,0.6653516
2602,-1.5478574,0.33741748
2603,-1.0183891,0.22805712
2604,-0.78647447,0.5028754
2605,-1.227902,0.2775912
2606,-0.9813859,0.5593901
2607,-1.5540541,0.33524507
2608,-1.4896927,0.40477562
2609,-0.71074706,0.60728097
2610,-1.4735291,0.27303421
2611,-0.8354509,0.62067235
2612,-0.6762678,0.60046256
2613,-1.3827449,0.3242863
2614,-0.6504282,0.4506825
2615,-1.2208518,0.29001758
2616,-1.4535496,0.38502172
2617,-1.51396,0.37036195
2618,-1.4055035,0.32342634
2619,-1.1207128,0.27057293
2620,-1.6598016,0.37502328
2621,-0.7453698,0.59472275
2622,-1.2598016,0.28121606
2623,-0.5841155,0.44169772
2624,-1.2721498,0.2665738
2625,-1.5201885,0.3146135
2626,-0.8980667,0.527739
2627,-1.3329457,0.2910982
2628,-1.3705232,0.31459472
2629,-1.207602,0.2539543
2630,-1.3422476,0.28969333
2631,-0.74829984,0.5318526
2632,-1.2268114,0.31391644
2633,-0.98073506,0.6272631
2634,-0.8409384,0.51526576
2635,-1.131011,0.25302187
2636,-0.84497154,0.49114877
2637,-1.2481132,0.32726008
2638,-1.6208758,0.3813681
2639,-0.59605473,0.5763173
2640,-0.765483,0.9302977
2641,-0.97035986,0.6045688
2642,-1.5283307,0.34977898
2643,-1.2784033,0.33436477
2644,-1.4835906,0.33240077
2645,-1.3379024,0.56823254
2646,-1.5464015,0.34818736
2647,-1.5624452,0.3995929
2648,-1.1755577,0.27303806
2649,-1.0544552,0.599985
2650,-1.2535439,0.27822357
2651,-1.1916213,0.26233247
2652,-1.3559706,0.29536065
2653,-1.6195279,0.38020757
2654,-1.3122418,0.33182094
2655,-1.1086117,0.24268135
2656,-1.036688,0.69235003
2657,-1.3217647,0.30496463
2658,-0.73643196,0.46937388
2659,-1.1353698,0.24686044
2660,-1.516217,0.40370017
2661,-0.97795904,0.60217065
2662,-0.60772896,0.61226565
2663,-0.9090879,0.5301735
2664,-1.2888585,0.2837117
2665,-1.0905924,0.49186435
2666,-1.1985023,0.26753074
2667,-1.1111106,0.226844
2668,-1.3554318,0.27931762
2669,-1.3751124,0.33006006
2670,-1.6589003,0.39750242
2671,-0.64101255,0.593276
2672,-1.3763026,0.34384054
2673,-1.2256193,0.30348164
2674,-1.4365779,0.3132796
2675,-1.1810664,0.7032668
2676,-1.4129642,0.32486382
2677,-1.3636185,0.33399683
2678,-1.5146933,0.36219233
2679,-1.4840407,0.34491572
2680,-0.8748476,0.48173577
2681,-1.4847474,0.35846224
2682,-1.3388232,0.3416632
2683,-1.7466081,0.38512194
2684,-0.5958851,0.5647037
2685,-0.82226855,0.5660014
2686,-0.96198934,0.59551203
2687,-1.3613408,0.29198107
2688,-1.1534476,0.5222381
2689,-1.6862094,0.4273352
2690,-1.1924525,0.6309239
2691,-1.2716752,0.34780994
2692,-1.4161425,0.3145812
2693,-1.4803756,0.3664421
2694,-0.8194457,0.52592236
2695,-0.9287644,0.5442127
2696,-1.3682061,0.31868854
2697,-1.6921071,0.32860944
2698,-0.8440567,0.5135047
2699,-1.1887479,0.24015579
2700,-1.5738417,0.35702032
2701,-1.4901294,0.36451006
2702,-1.1049408,0.2222137
2703,-1.1343257,0.32603785
2704,-1.3881001,0.3136624
2705,-0.91201067,0.4834443
2706,-1.3869014,0.32757762
2707,-1.1573305,0.26483923
2708,-0.8175024,0.5700927
2709,-1.256931,0.2957993
2710,-1.8886653,0.38621092
2711,-0.65621436,0.65344656
2712,-1.2984158,0.28160435
2713,-1.2170386,0.35010493
2714,-1.3955055,0.3967391
2715,-1.2605909,0.286048
2716,-1.4173969,0.37774324
2717,-1.3537123,0.2835513
2718,-0.80315286,0.4875811
2719,-1.4806418,0.32917786
2720,-1.2863747,0.26410383
2721,-1.3655773,0.3210523
2722,-0.6825001,0.5149968
2723,-0.6421206,0.46395364
2724,-0.5734087,0.62078214
2725,-1.4691232,0.38795248
2726,-0.45788476,0.5559277
2727,-1.4640186,0.30457374
2728,-0.8057568,0.840035
2729,-0.88080156,0.5611987
2730,-1.339982,0.38141212
2731,-1.335393,0.31066692
2732,-1.3595463,0.29873002
2733,-1.0055552,0.4942697
2734,-0.878279,0.49660638
2735,-1.3411621,0.30435666
2736,-1.3832475,0.31408158
2737,-1.4635059,0.4024026
2738,-1.8077583,0.42239937
2739,-1.5363077,0.4018599
2740,-1.0551591,0.24271378
2741,-0.8094224,0.47375023
2742,-1.7015413,0.3111738
2743,-1.4468315,0.3552297
2744,-1.0593579,0.5374237
2745,-1.15098,0.25288057
2746,-1.2797822,0.3145786
2747,-1.5891252,0.43023148
2748,-1.5795364,0.36708143
2749,-1.6235777,0.35544568
2750,-1.4502919,0.35411552
2751,-1.3184656,0.34040746
2752,-1.2618405,0.5207196
2753,-1.3399174,0.29005703
2754,-1.5676908,0.34752175
2755,-1.5145413,0.36842567
2756,-1.3744473,0.30567068
2757,-1.7448802,0.46158713
2758,-0.58934164,0.49944088
2759,-1.1069157,0.2739148
2760,-1.1390679,0.767323
2761,-1.65484,0.3532707
2762,-1.4418067,0.3326773
2763,-1.0156755,0.59886926
2764,-0.82725143,0.66631186
2765,-1.3467112,0.3872359
2766,-0.08151258,0.30425385
2767,-1.5192719,0.33970428
2768,-0.797676,0.44656226
2769,-1.3001158,0.30484784
2770,-0.8338822,0.67076623
2771,-1.3892821,0.2896846
2772,-1.5545291,0.42898035
2773,-1.1838408,0.6239733
2774,-0.87585413,0.44932923
2775,-1.6199203,0.41151428
2776,-1.2592044,0.2900669
2777,-1.064415,0.72176874
2778,-1.3382431,0.34754297
2779,-1.4547348,0.35849404
2780,0.12429397,0.5179239
2781,-1.1671011,0.3176093
2782,-0.80202913,0.63709617
2783,-1.0030074,0.50626755
2784,-1.2306699,0.30499563
2785,-0.9923486,0.6241662
2786,-1.3330107,0.28278193
2787,-1.4669294,0.369551
2788,-0.5405829,0.5487116
2789,-1.6569675,0.35680038
2790,-1.3912735,0.37856922
2791,-0.86430514,0.68236154
2792,-0.9985139,0.5653105
2793,-0.9486115,0.60469556
2794,-1.7967471,0.3695456
2795,-1.5955967,0.38640335
2796,-1.5081674,0.4124394
2797,-0.7496338,0.60508335
2798,-0.8010936,0.62306815
2799,-1.660135,0.35854453
2800,-1.2274728,0.2707973
2801,-0.64904153,0.5883366
2802,-1.4591795,0.3453316
2803,-1.6606255,0.39106262
2804,-1.3940659,0.33503628
2805,-1.0666871,0.50970095
2806,-1.2926353,0.26707527
2807,-1.3120475,0.27992976
2808,-1.7240472,0.40743718
2809,-0.47506887,0.4794902
2810,-1.3297199,0.3326606
2811,-1.5038018,0.33441597
2812,-0.8169236,0.6153751
2813,-1.37911,0.34592542
2814,-1.1192486,0.5320819
2815,-1.2976261,0.38316134
2816,-0.7338889,0.47208053
2817,-1.254291,0.25531518
2818,-1.3948262,0.289795
2819,-0.7034969,0.593152
2820,-0.64143074,0.3979242
2821,-1.2653356,0.31470188
2822,-1.1104702,0.5674498
2823,-1.002074,0.76286036
2824,-1.4238745,0.37491453
2825,-1.3463757,0.32528627
2826,-1.4144354,0.33569884
2827,-0.72048604,0.5258719
2828,-1.4235364,0.31764928
2829,-0.53486854,0.64167637
2830,-1.3467133,0.26573455
2831,-1.4566661,0.35610437
2832,-1.5791,0.38480264
2833,-1.3508354,0.34204304
2834,-0.8041134,0.59840083
2835,-1.3615084,0.2786104
2836,-1.7815205,0.45150527
2837,-1.4438368,0.3891641
2838,-1.5923651,0.435674
2839,-1.3312135,0.2689053
2840,-1.0086231,0.69669235
2841,-1.2161565,0.3094339
2842,-1.4316149,0.32353893
2843,-1.5671897,0.36231634
2844,-0.6395366,0.59376603
2845,-1.3613659,0.32987383
2846,-1.3726547,0.31643176
2847,-0.81151557,0.6304259
2848,-1.1822195,0.31365144
2849,-0.9988855,0.5282709
2850,-1.7303728,0.34645018
2851,-1.4426847,0.31267023
2852,-0.81479263,0.50930643
2853,-0.997654,0.6517313
2854,-1.2982378,0.2958281
2855,-1.613339,0.35329005
2856,-0.7365865,0.5680695
2857,-1.009971,0.861559
2858,-1.277439,0.30159625
2859,-0.8391724,0.52658
2860,-1.4962158,0.3446761
2861,-1.1936066,0.30702043
2862,-1.2240005,0.28288767
2863,-0.98214185,0.76855356
2864,-1.4351838,0.30569676
2865,-1.4386433,0.2931905
2866,-0.7524068,0.5380542
2867,-1.0191839,0.603877
2868,-1.7041053,0.36369723
2869,-0.90674126,0.6140021
2870,-0.67500556,0.5303609
2871,-1.4999352,0.35783646
2872,-1.627056,0.43548584
2873,-0.4874333,0.55417794
2874,-1.3442308,0.28110817
2875,-1.0789751,0.2523493
2876,-0.99319595,0.6107819
2877,-0.71936166,0.7204741
2878,-1.3336589,0.29999983
2879,-1.1146127,0.2242047
2880,-1.2963794,0.33062297
2881,-1.0927483,0.3685083
2882,-1.7484274,0.37181872
2883,-1.1576133,0.528434
2884,-1.3518863,0.2929024
2885,-0.8227718,0.49434683
2886,0.06945088,0.2999468
2887,-0.9865914,0.6276127
2888,-1.6177764,0.38977298
2889,-1.4242264,0.34425867
2890,-1.4160342,0.34565318
2891,-1.2223351,0.4326171
2892,-1.4457699,0.40933967
2893,-0.8447104,0.66040593
2894,-0.7952303,0.5022498
2895,-1.2249693,0.3457043
2896,-1.3683401,0.3178218
2897,-0.9654331,0.5077352
2898,-1.4644976,0.34645241
2899,-0.8030429,0.60978556
2900,-1.6678572,0.47145075
2901,-1.2531192,0.2566131
2902,-1.1512802,0.2750713
2903,-1.1961367,0.28410113
2904,-1.2287076,0.30687392
2905,-1.2473365,0.2612826
2906,-1.2260759,0.29365805
2907,-1.7434925,0.341272
2908,-1.609634,0.3272275
2909,-1.48178,0.3199733
2910,-1.6123084,0.3901664
2911,-0.7035947,0.48894784
2912,-0.8825449,0.46954906
2913,-0.7823706,0.5700762
2914,-1.2767051,0.30551085
2915,-1.0825481,0.5670065
2916,-0.48262173,0.45072323
2917,-0.8203441,0.6367993
2918,-1.23764,0.2746397
2919,-1.0464067,0.6666639
2920,-1.2436825,0.27149415
2921,-1.5414139,0.36441272
2922,-1.6391275,0.33520806
2923,-0.6800121,0.4567903
2924,-1.3070159,0.2824178
2925,-1.1654925,0.26261532
2926,-0.984433,0.5956392
2927,-1.3397728,0.3582467
2928,-1.2310863,0.27209747
2929,-1.5062208,0.37036818
2930,-1.5086098,0.3601349
2931,-1.6290371,0.40977043
2932,-1.1995625,0.27393433
2933,-1.131525,0.28270465
2934,-1.2403766,0.28205684
2935,-0.692485,0.5828251
2936,-0.78725314,0.5066413
2937,-0.7893568,0.47752112
2938,-1.3382939,0.313718
2939,-1.5866497,0.37239638
2940,-1.1687204,0.3452768
2941,-1.0238858,0.24455234
2942,-1.3407052,0.6130004
2943,-1.4219534,0.34332842
2944,-0.91694987,0.5927628
2945,-1.798828,0.44674307
2946,-1.4316238,0.31081855
2947,-0.67508453,0.5097175
2948,-1.7186257,0.37687442
2949,-1.5841461,0.3522271
2950,-1.3076662,0.36142686
2951,-1.5723941,0.35568506
2952,-1.7635238,0.42384666
2953,-1.3552452,0.29313585
2954,-1.3404504,0.27593526
2955,-1.1871939,0.3150675
2956,-0.62513494,0.41746283
2957,-1.3265594,0.29295167
2958,-0.7023624,0.4779391
2959,-0.7387003,0.57739985
2960,-1.027184,0.51074404
2961,-1.4356172,0.6695078
2962,-1.3875372,0.3858124
2963,-1.3744735,0.2986433
2964,-1.0491874,0.21743332
2965,-1.3560818,0.36837998
2966,-1.5520549,0.32310694
2967,-1.1821508,0.20688428
2968,-1.6899099,0.37368906
2969,-1.051343,0.5992353
2970,-1.2907424,0.30979684
2971,-1.3176302,0.27670434
2972,-0.7378649,0.5010788
2973,-0.90742666,0.5731232
2974,-1.424719,0.31264612
2975,-1.4203142,0.39823982
2976,-1.6013969,0.39806104
2977,-1.1534206,0.2432936
2978,-0.65365034,0.42733848
2979,-1.6359094,0.37266493
2980,-1.3382229,0.36368757
2981,-0.76548827,0.60615444
2982,-1.3015513,0.32533872
2983,-0.8059035,0.647193
2984,-1.3793745,0.32854876
2985,-0.79722345,0.5047422
2986,-1.2115933,0.5473751
2987,-1.9403995,0.47020018
2988,-1.3964944,0.33496612
2989,-1.3432459,0.294396
2990,-0.6109256,0.449314
2991,-1.2845207,0.29017466
2992,-1.2625995,0.26213402
2993,-1.3369765,0.33705166
2994,-1.0931852,0.5926671
2995,-0.8046688,0.35768715
2996,-1.478089,0.3054926
2997,-1.3590866,0.33637336
2998,-0.8617102,0.57749623
2999,-1.4055706,0.3079831
3000,-0.8635567,0.6537954
3001,-0.78826815,0.4926383
3002,-0.6208856,0.43421558
3003,-1.361334,0.30209136
3004,-1.3071448,0.30391163
3005,-1.3022379,0.2628604
3006,-1.3602873,0.4565807
3007,-1.3934517,0.27645656
3008,-1.1331208,0.22894609
3009,-1.4546627,0.6346586
3010,-0.61551297,0.44152907
3011,-1.3692759,0.30512902
3012,-1.3352667,0.32180783
3013,-1.281906,0.28024933
3014,-1.200559,0.31835955
3015,-1.5907462,0.33283302
3016,-0.546817,0.5032631
3017,-1.3470234,0.44832376
3018,-0.5727896,0.46258575
3019,-1.1522098,0.27091286
3020,-1.7915733,0.40615144
3021,-0.9091328,0.52846855
3022,-1.3087844,0.3264704
3023,-1.3531244,0.2984715
3024,-0.96369225,0.79220223
3025,-1.3881456,0.29872444
3026,-0.755746,0.60332584
3027,-1.5724454,0.38472855
3028,-1.0749236,0.57063407
3029,-0.524929,0.39568287
3030,-1.7157342,0.39870235
3031,-1.1496856,0.29433054
3032,-1.1455002,0.2799436
3033,-1.1316677,0.47800007
3034,-1.408027,0.2854307
3035,-1.4319321,0.35867292
3036,-0.6700271,0.5201893
3037,-1.019779,0.5850668
3038,-1.4550552,0.30793726
3039,-1.3588607,0.41118017
3040,-1.5931304,0.39431238
3041,-0.82365316,0.5798736
3042,-0.9144794,0.5213117
3043,-1.2893071,0.30472183
3044,-1.468673,0.35789973
3045,-1.4354862,0.30362293
3046,-1.3677493,0.35567483
3047,-1.5953856,0.33484966
3048,-1.5013552,0.38763213
3049,-1.4745313,0.3568806
3050,-1.398873,0.33286607
3051,-1.4322435,0.2765011
3052,-1.4333545,0.28403306
3053,-1.7114472,0.36439493
3054,-1.1808243,0.27505144
3055,-0.98499274,0.5194772
3056,-1.2167754,0.49412003
3057,-1.15939,0.4165645
3058,-1.052644,0.5329178
3059,-1.3645684,0.28858733
3060,-1.6585902,0.4184922
3061,-0.8772361,0.52650505
3062,-1.32864,0.32048383
3063,-1.5257972,0.38431787
3064,-1.3164886,0.3309397
3065,-1.1677078,0.24873054
3066,-0.8728662,0.47269878
3067,-1.4731833,0.35611117
3068,-1.1784269,0.6965376
3069,-0.63064444,0.50014454
3070,-1.5065482,0.36188546
3071,-0.99778014,0.44963723
3072,-0.81028306,0.50782526
3073,-1.1893715,0.2765686
3074,-1.1140671,0.20635498
3075,-0.63042736,0.56647956
3076,-1.7028782,0.39057404
3077,-1.0554124,0.5893941
3078,-1.317913,0.26520184
3079,-1.4645476,0.3415424
3080,-0.6294654,0.4238414
3081,-0.8871876,0.6037447
3082,-0.91028214,0.43736702
3083,-0.5459632,0.4561025
3084,-1.2044442,0.24168032
3085,-0.94146866,0.657517
3086,-1.4648191,0.35874715
3087,-0.79642206,0.58961564
3088,-1.3019942,0.2961529
3089,-0.76139265,0.54142064
3090,-1.6746225,0.39537317
3091,-1.5013704,0.383731
3092,-1.4876622,0.3669822
3093,-1.4982857,0.36383483
3094,-0.6483328,0.5211707
3095,-1.59341,0.33688775
3096,-1.1783146,0.24461234
3097,-1.2653047,0.27303237
3098,-1.3161124,0.2644688
3099,-1.6028962,0.4102185
3100,-1.1281996,0.5532733
3101,-0.8599537,0.7645732
3102,-1.0310336,0.27086642
3103,-1.1408066,0.26089194
3104,-1.3143862,0.33104986
3105,-0.7435204,0.56403
3106,-0.8194057,0.42061973
3107,-1.5617839,0.40040892
3108,-1.3928949,0.3267477
3109,-1.0648167,0.60226244
3110,-0.6937569,0.50089645
3111,-1.2706841,0.3417923
3112,-1.380943,0.26898596
3113,-0.37504542,0.5205439
3114,-1.4979885,0.35174698
3115,-0.8100607,0.6027906
3116,-1.374228,0.28885746
3117,-0.72705865,0.59198827
3118,-1.7339196,0.42311415
3119,-1.353489,0.29015183
3120,-1.62157,0.37193817
3121,-1.2493954,0.27020866
3122,-0.9950611,0.5949802
3123,-0.8380426,0.6598019
3124,-1.3471113,0.28077492
3125,-1.2557601,0.2919006
3126,-1.2056316,0.47519007
3127,-0.57262087,0.48120487
3128,-1.2510685,0.2539141
3129,-0.8859199,0.40314555
3130,-1.3531212,0.3188659
3131,-1.3103076,0.26111832
3132,-1.7897824,0.41722012
3133,-1.4995751,0.37485954
3134,-0.73955154,0.6907964
3135,-1.1455536,0.26913232
3136,-1.5271292,0.40495694
3137,-1.3680382,0.3274549
3138,-1.507741,0.33868042
3139,-1.6816696,0.38776657
3140,-1.4094076,0.30767813
3141,-1.4329792,0.34148088
3142,-1.213599,0.28777528
3143,-1.3846112,0.35149375
3144,-0.5860643,0.4573959
3145,-1.2253276,0.2597413
3146,-0.872397,0.4830538
3147,-1.5368065,0.3545129
3148,-1.457627,0.3541414
3149,-1.3802631,0.3718202
3150,-0.4700811,0.4686567
3151,-0.61685586,0.57793117
3152,-1.234291,0.31583938
3153,-1.3641641,0.32493114
3154,-1.0753826,0.5605468
3155,-1.5455923,0.30190426
3156,-0.62648237,0.7548769
3157,-1.316366,0.32150453
3158,-1.6252885,0.32969186
3159,-1.5990316,0.3909112
3160,-1.1223454,0.63061523
3161,-1.3640672,0.32409322
3162,-0.9015862,0.43178058
3163,-1.2530141,0.2901338
3164,-0.93488634,0.6085457
3165,-1.6601907,0.32788333
3166,-0.6286288,0.46602163
3167,-0.89870614,0.5126748
3168,-0.82117444,0.61436594
3169,-1.4567162,0.39465514
3170,-1.6157223,0.3362943
3171,-1.256502,0.30002818
3172,-1.3257647,0.30819026
3173,-0.54203194,0.48038885
3174,-1.313244,0.29870495
3175,-1.2752051,0.25672826
3176,-1.2357289,0.24736127
3177,-1.4102969,0.31874573
3178,-0.87282073,0.5576665
3179,-1.4315696,0.3400434
3180,-0.81412715,0.4791898
3181,-1.5442204,0.36505273
3182,-1.0947185,0.21749781
3183,-1.1113878,0.6374078
3184,-0.9979883,0.80354476
3185,-0.67230505,0.47268724
3186,-1.1674294,0.2810002
3187,-1.5086071,0.4075583
3188,-0.5643421,0.5662589
3189,-1.3762598,0.5507056
3190,-1.3329602,0.295343
3191,-1.4570676,0.36219794
3192,-1.393627,0.29213583
3193,-1.2001394,0.24498904
3194,-1.368938,0.34617174
3195,-0.7230416,0.4678322
3196,-1.0340716,0.26257092
3197,-0.64724874,0.50317127
3198,-1.4941179,0.34277278
3199,-0.912395,0.4900713
3200,-1.5329766,0.37961704
3201,-0.61705095,0.4568658
3202,-0.862276,0.72669554
3203,-1.3556098,0.30513832
3204,-0.92647696,0.48866683
3205,-1.5695659,0.38316244
3206,-1.68905,0.3993017
3207,-1.262182,0.24868357
3208,-1.3547015,0.3591516
3209,-1.1758094,0.28551695
3210,-0.8702605,0.51851267
3211,-0.7261334,0.57736516
3212,-0.6814151,0.55060244
3213,-1.5950624,0.36905086
3214,-1.1701486,0.2627934
3215,-1.5393807,0.3668893
3216,-1.3747165,0.40950927
3217,-1.200625,0.30758575
3218,-0.99123025,0.5342195
3219,-1.5953724,0.41159928
3220,-0.7820502,0.5472486
3221,-1.4679085,0.35658845
3222,-1.3946865,0.26307613
3223,-1.4461099,0.3495109
3224,-1.2268815,0.29671484
3225,-1.0876826,0.25513172
3226,-1.062646,0.58770716
3227,-1.2675301,0.30733624
3228,-1.2932702,0.33537546
3229,-1.3085284,0.2956783
3230,-1.1353097,0.26837486
3231,-1.4649509,0.28924775
3232,-1.1856866,0.27114955
3233,-1.4084793,0.27338234
3234,-1.5042096,0.30592412
3235,-1.6158007,0.3461388
3236,-1.3095245,0.32706544
3237,-0.8333835,0.5586846
3238,-1.5172615,0.3277311
3239,-1.0732033,0.27454203
3240,-1.2471093,0.6901416
3241,-1.5228932,0.5967062
3242,-0.92483956,0.5143534
3243,-1.06494,0.31330174
3244,-0.86652315,0.4966577
3245,-1.2760783,0.33157393
3246,-1.4062954,0.38025802
3247,-0.7528128,0.52084744
3248,-1.1805538,0.23259763
3249,-1.393704,0.34145164
3250,-1.4834982,0.31164032
3251,-1.2060189,0.3191021
3252,-1.4299347,0.33429512
3253,-1.5056576,0.31065765
3254,-1.1706897,0.7713392
3255,-1.4257202,0.33924755
3256,-0.96331626,0.5874716
3257,-0.6972344,0.4901972
3258,-1.259977,0.29126748
3259,-1.5862896,0.38512477
3260,-1.1713643,0.2739079
3261,-0.8012033,0.56368166
3262,-1.4898517,0.2977405
3263,-1.5309294,0.3735365
3264,-1.2432091,0.32976857
3265,-1.0600624,0.5364328
3266,-0.68787706,0.42695272
3267,-0.2689362,0.62250686
3268,-1.1135799,0.28227234
3269,-0.9726094,0.5539504
3270,-1.5359545,0.3422593
3271,-0.94843805,0.4911674
3272,-0.6445765,0.5062121
3273,-1.0241747,0.66453487
3274,-1.2170485,0.2967793
3275,-1.247541,0.30882594
3276,-1.2795291,0.26853865
3277,-1.4541909,0.3177197
3278,-0.6945522,0.5317095
3279,-1.3466569,0.34143725
3280,-0.9559193,0.56149733
3281,-1.1374483,0.49237445
3282,-1.580521,0.32820714
3283,-1.4420375,0.3178336
3284,-0.8399929,0.7593646
3285,-1.1901671,0.6789539
3286,-1.6751682,0.39047903
3287,-0.85424876,0.45269188
3288,-1.3910714,0.3281739
3289,-0.9039593,0.494207
3290,-1.3745581,0.32028475
3291,-1.554552,0.34461555
3292,-0.801515,0.4312942
3293,-1.6088519,0.41796404
3294,-1.3108075,0.33833528
3295,-1.2724215,0.3029621
3296,-1.2542154,0.27552634
3297,-1.3467722,0.2955521
3298,-0.8953445,0.6578936
3299,-1.1101457,0.24535964
3300,-1.084038,0.5191624
3301,-0.8399672,0.53456205
3302,-0.76931894,0.60875326
3303,-0.45466864,0.5054453
3304,-1.2054077,0.5672947
3305,-1.3435293,0.36679992
3306,-0.82998145,0.53781027
3307,-1.1801296,0.26394945
3308,-0.6099297,0.47478035
3309,-0.709623,0.6026904
3310,-0.87734336,0.51208156
3311,-1.2352514,0.28806666
3312,-1.2789977,0.3090282
3313,-1.4682072,0.31054842
3314,-0.92071784,0.60877085
3315,-1.0279824,0.51584363
3316,-1.3471113,0.34427744
3317,-0.8782689,0.48000634
3318,-0.8991134,0.5578701
3319,-0.9070372,0.7266588
3320,-1.4892197,0.32479498
3321,-1.2681212,0.295599
3322,-0.87468934,0.5290819
3323,-1.3416526,0.31333804
3324,-1.1507913,0.6355536
3325,-1.664546,0.381356
3326,-1.7014129,0.4187644
3327,-1.3530395,0.3217308
3328,-1.505146,0.33211553
3329,-1.2181083,0.54021984
3330,-1.34569,0.3367694
3331,-0.5816778,0.4843817
3332,-1.4698935,0.37387756
3333,-1.6779127,0.41397017
3334,-0.65916306,0.5041504
3335,-1.3161222,0.35261154
3336,-1.296881,0.3115121
3337,-0.8567194,0.50207907
3338,-1.4474382,0.32900816
3339,-0.8597706,0.47286835
3340,-0.9994733,0.1871279
3341,-0.9008701,0.43376687
3342,-1.2316623,0.3219451
3343,-0.78748536,0.47432587
3344,-1.1940118,0.3047997
3345,-1.5623633,0.407668
3346,-0.9966833,0.623898
3347,-0.70017874,0.49579716
3348,-1.3638266,0.29816106
3349,-0.43495727,0.4165784
3350,-1.2084697,0.2825893
3351,-1.3450223,0.35740933
3352,-0.8344876,0.7834074
3353,-1.1384189,0.24956232
3354,-0.7329162,0.5332727
3355,-1.2129273,0.2454064
3356,-1.4210367,0.32037833
3357,-1.3692213,0.29686913
3358,-1.0078293,0.64498997
3359,-1.3922048,0.3208615
3360,-1.3076735,0.30745623
3361,-1.3682939,0.29612997
3362,-0.8037276,0.48173556
3363,-1.4222918,0.34886852
3364,-1.2256002,0.27120268
3365,-1.4562465,0.3241802
3366,-0.964422,0.39244357
3367,-1.3456727,0.33620605
3368,-1.3083481,0.32486758
3369,-1.6171517,0.3896053
3370,-0.8646952,0.6065574
3371,-1.2543087,0.30857167
3372,-0.8007508,0.63725346
3373,-1.2823479,0.27108118
3374,-1.5682884,0.35502392
3375,-1.6111909,0.31765875
3376,-1.6121486,0.31527516
3377,-1.4787968,0.35942006
3378,-1.5531402,0.33879006
3379,-1.2600585,0.2792396
3380,-1.407813,0.27518052
3381,-0.96191895,0.5746212
3382,-1.0531908,0.4961383
3383,-0.72688913,0.52143013
3384,-1.4199128,0.34937134
3385,-1.2795168,0.30965388
3386,-1.078517,0.6828471
3387,-1.4750365,0.31422842
3388,-0.7931349,0.5547471
3389,-0.7807915,0.53454846
3390,-1.7968858,0.40644088
3391,-0.94022536,0.5353226
3392,-0.67313606,0.56775165
3393,-1.3207998,0.28817123
3394,-1.314737,0.34236935
3395,-0.7924819,0.46484068
3396,-1.5890006,0.31945196
3397,-1.7457557,0.34894654
3398,-0.82631844,0.56163055
3399,-0.80277884,0.56327456
3400,-1.4563217,0.34760535
3401,-1.6273712,0.3599357
3402,-0.8008049,0.6424417
3403,-0.8469913,0.5481592
3404,-1.2880301,0.2675083
3405,-1.0930715,0.24130523
3406,-1.1431767,0.30130005
3407,-1.5980927,0.34986088
3408,-0.88910383,0.7070952
3409,-1.0746398,0.53104335
3410,-0.80516756,0.7542333
3411,-1.4504061,0.33239666
3412,-1.5441008,0.33322293
3413,-1.6871907,0.29805773
3414,-0.895346,0.5093063
3415,-0.9517346,0.5182511
3416,-1.3299655,0.31959635
3417,-0.22217408,1.639683
3418,-1.2657504,0.31192467
3419,-1.5512323,0.3572586
3420,-1.4183348,0.37357938
3421,-0.44390777,0.44877034
3422,-1.4534771,0.33308095
3423,-1.3228191,0.31656158
3424,-0.770869,0.65570897
3425,-0.7285279,0.48075953
3426,-1.4899817,0.31799546
3427,-1.242724,0.53579843
3428,-1.5278735,0.35927665
3429,-1.4477897,0.33706596
3430,-1.5170223,0.34230804
3431,-1.565405,0.37011388
3432,-1.4758855,0.31112954
3433,-0.8526236,0.47824785
3434,-1.3131992,0.34786415
3435,-1.5762849,0.45745316
3436,-0.8727123,0.66786605
3437,-1.48678,0.32275712
3438,-1.1691133,0.7196881
3439,-1.7980505,0.361177
3440,-1.5402613,0.33529744
3441,-0.87719756,0.5114415
3442,-0.944527,0.51816404
3443,-1.1496841,0.46856958
3444,-0.8101252,0.45456403
3445,-1.3655666,0.28143734
3446,-1.4979484,0.3815963
3447,-1.6950432,0.38151833
3448,-1.2596229,0.3374674
3449,-1.2352502,0.3231883
3450,-0.72168887,0.60420334
3451,-1.0928657,0.49461895
3452,-1.1375467,0.23137212
3453,-1.3371253,0.28913087
3454,-0.8854618,0.39273328
3455,-1.1313674,0.5291096
3456,-0.8291533,0.5186946
3457,-1.2957665,0.31447545
3458,-1.7816473,0.4534286
3459,-1.7584369,0.48252264
3460,-1.4656091,0.3020907
3461,-1.3561876,0.34627685
3462,-1.6507381,0.32709503
3463,-1.3662323,0.30089077
3464,-0.95811325,0.5839782
3465,-1.3301805,0.29736373
3466,-0.69754523,0.54564714
3467,-1.5529928,0.39770263
3468,-1.2969266,0.2715557
3469,-0.82305145,0.6481708
3470,-1.7372049,0.40251645
3471,-1.4010673,0.30846375
3472,-1.0495744,0.7072653
3473,-1.3206444,0.36902022
3474,-1.8990607,0.46137458
3475,-1.3593565,0.33464998
3476,-1.4626777,0.3751809
3477,-1.4976897,0.26378268
3478,-0.5820953,0.51626545
3479,-1.3543983,0.32965708
3480,-1.4011734,0.33422425
3481,-0.97215897,0.64381516
3482,-1.2844763,0.62469125
3483,-1.0422782,0.5920079
3484,-1.3855509,0.3091177
3485,-1.6859219,0.40341023
3486,-1.159688,0.32924685
3487,-1.2560091,0.28884292
3488,-1.5766734,0.31070548
3489,-1.4757569,0.31380275
3490,-1.1543683,0.24887507
3491,-1.1953689,0.66311336
3492,-1.4158537,0.35118693
3493,-0.57597315,0.4767081
3494,-1.181387,0.31388345
3495,-1.3766065,0.31179047
3496,-1.485159,0.35836837
3497,-1.2666264,0.31923705
3498,-1.4622403,0.30882666
3499,-1.1746985,0.26788756
3500,-0.67764497,0.63748026
3501,-1.5354893,0.34395263
3502,-1.2752571,0.6550298
3503,-1.7583227,0.38608557
3504,-0.98316956,0.57814074
3505,-1.7490091,0.43618459
3506,-1.1970081,0.61706406
3507,-1.6890608,0.37194327
3508,-1.6208953,0.51070523
3509,-1.0427351,0.5515138
3510,-1.5564241,0.396871
3511,-1.6808047,0.40416226
3512,-1.1890482,0.24217974
3513,-1.5228584,0.32110587
3514,-1.1151683,0.49918142
3515,-1.5176761,0.38372046
3516,-1.0009257,0.67949796
3517,-0.86785644,0.53299314
3518,-0.79768944,0.6587914
3519,-1.4249169,0.35928205
3520,-1.7519859,0.39552745
3521,-0.93316686,0.566337
3522,-1.0969566,0.59457165
3523,-1.3662454,0.33330777
3524,-1.458119,0.333361
3525,-1.2910378,0.35154048
3526,-0.60675836,0.54751956
3527,-1.4860202,0.33945608
3528,-1.420364,0.36316532
3529,-1.550267,0.6929671
3530,-1.4166065,0.3488053
3531,-1.267506,0.5370054
3532,-0.7117264,0.90639085
3533,-0.94113946,0.574134
3534,-1.2802562,0.25049695
3535,-1.4498323,0.3301371
3536,-1.3855469,0.3071137
3537,-1.2249584,0.2615466
3538,-1.5995597,0.37240773
3539,-0.56298655,0.43480253
3540,-1.5900314,0.39122215
3541,-0.86754936,0.58285534
3542,-1.619447,0.34692168
3543,-0.40111116,0.4749575
3544,-1.4064963,0.33174083
3545,-0.5452278,0.63153183
3546,-1.2718613,0.2823247
3547,-1.3256034,0.31748104
3548,-1.4011959,0.32401034
3549,-0.9296137,0.5853069
3550,-1.3091615,0.3232304
3551,-1.2112559,0.28608334
3552,-1.0758102,0.5174123
3553,-1.5924569,0.37381104
3554,-1.2607086,0.27405918
3555,-1.3795377,0.32698298
3556,-0.6170286,0.47444952
3557,-1.415442,0.26856852
3558,-1.2650635,0.28249153
3559,-1.5601494,0.33686146
3560,-1.4051166,0.3382672
3561,-1.3020488,0.34241012
3562,-0.623874,0.67539597
3563,-1.325332,0.34815967
3564,-1.1992699,0.2533395
3565,-0.8646033,0.5517071
3566,-1.3929433,0.3192777
3567,-1.5978158,0.3896597
3568,-1.3978726,0.37552872
3569,-1.3964943,0.27554846
3570,-1.5110763,0.3313194
3571,-1.1993749,0.53140223
3572,-1.4359661,0.3523491
3573,-1.2760785,0.34855467
3574,-0.53817695,0.5919705
3575,-1.5210648,0.3451484
3576,-0.691287,0.6018321
3577,-1.6220077,0.3895842
3578,-0.8460252,0.4873647
3579,-1.5898972,0.41888165
3580,-1.5700634,0.28497174
3581,-1.3909996,0.38091126
3582,-0.7708641,0.5127456
3583,-1.3306013,0.2984988
3584,-0.61678606,0.45890388
3585,-1.4289304,0.3662338
3586,-1.520802,0.3231756
3587,-1.2676982,0.31343243
3588,-1.6391684,0.37061816
3589,-1.601382,0.32323173
3590,-1.095039,0.27382553
3591,-0.95115286,0.48143703
3592,-0.68006617,0.57828486
3593,-1.3955339,0.3387397
3594,-1.7056977,0.36758637
3595,-1.3774498,0.3349308
3596,-1.2469078,0.6495401
3597,-1.5595547,0.43490574
3598,-1.0368439,0.53561133
3599,-1.5157349,0.37026682
3600,-1.5345254,0.3724518
3601,-1.4653713,0.35358495
3602,-1.8282627,0.44126052
3603,-0.67672694,0.41141972
3604,-1.7295512,0.36579666
3605,-1.2180711,0.321478
3606,-1.3753935,0.33553866
3607,-0.6836045,0.5688877
3608,-1.239484,0.34384277
3609,-1.5668576,0.3339367
3610,-1.4532692,0.38007694
3611,-1.3441371,0.30278385
3612,-1.1188582,0.52521515
3613,-1.2183715,0.6230661
3614,-1.1557726,0.26676568
3615,-1.5379258,0.28560987
3616,-1.233444,0.27456328
3617,-0.78143275,0.54397106
3618,-0.99681395,0.49914557
3619,-1.0033767,0.63048685
3620,-1.4533303,0.3456688
3621,-1.1517382,0.36666536
3622,-1.1809821,0.2500619
3623,-1.3441066,0.3059404
3624,-0.8506308,0.5766618
3625,-1.3818047,0.3416179
3626,-1.0862964,0.22094844
3627,-1.0420201,0.78864473
3628,-1.818211,0.4085525
3629,-1.1522515,0.30056518
3630,-1.5045263,0.34182516
3631,-1.4477792,0.38388947
3632,-1.0652441,0.66867304
3633,-1.4009874,0.30416396
3634,-0.7514862,0.35005116
3635,-1.4698259,0.38264272
3636,-1.341037,0.33097738
3637,-1.3379791,0.3583377
3638,-0.73671126,0.38191172
3639,-0.7461902,0.52833617
3640,-1.574335,0.329791
3641,-1.4112664,0.32282162
3642,-0.75850046,0.45883718
3643,-0.8107865,0.48402843
3644,-0.86612326,0.5442694
3645,-0.7121489,0.47100145
3646,-1.0484468,0.58793205
3647,-1.5170758,0.33095255
3648,-1.4714284,0.3929309
3649,-0.5051548,0.5846449
3650,-1.8350377,0.3979148
3651,-1.3544362,0.29558188
3652,-1.2499985,0.31339982
3653,-0.94703543,0.54563326
3654,-1.5406193,0.38874215
3655,-1.3496907,0.33217698
3656,-1.5394632,0.35267738
3657,-1.7811193,0.409255
3658,-1.5356919,0.3569654
3659,-1.2602448,0.29004335
3660,-1.0833343,0.5122612
3661,-0.77852595,0.5313765
3662,-1.6870222,0.38873953
3663,-0.7632588,0.4989415
3664,-1.8602139,0.39506096
3665,-1.4783926,0.29439113
3666,-1.3843971,0.32904097
3667,-0.5282397,0.52492017
3668,-1.4687177,0.36723474
3669,-0.87533754,0.51430166
3670,-0.9715116,0.5709683
3671,-1.5724595,0.34444168
3672,-1.2813491,0.37786382
3673,-0.79392594,0.48454508
3674,-1.4628407,0.30228993
3675,-1.1024476,0.7349643
3676,-1.6705321,0.3244614
3677,-1.445372,0.37833235
3678,-1.7683694,0.38401043
3679,-1.4605947,0.33776754
3680,-1.2196671,0.47945404
3681,-0.7499196,0.45743617
3682,-0.9034587,0.40701702
3683,-1.260571,0.3478637
3684,-1.5048872,0.33348614
3685,-1.0192162,0.52158594
3686,-1.3682199,0.3254006
3687,-0.77979296,0.5076856
3688,-0.9511394,0.71500164
3689,-1.6028355,0.3466592
3690,-0.65545493,0.62404907
3691,-0.7830091,0.53654045
3692,-1.6674615,0.41696596
3693,-0.8208951,0.5058069
3694,-0.7841988,0.5320241
3695,-1.6320724,0.3386263
3696,-1.5519964,0.38907793
3697,-1.2036475,0.2740201
3698,-1.185426,0.5106776
3699,-1.0732388,0.61509275
3700,-0.8615896,0.48647487
3701,-1.7109771,0.41831613
3702,-1.3320471,0.32347146
3703,-0.93084383,0.56010693
3704,-0.9429209,0.6270237
3705,-1.1892685,0.48513207
3706,-1.4258229,0.3664511
3707,-0.97941804,0.60542655
3708,-1.1249155,0.2684284
3709,-1.3522264,0.35457534
3710,-1.6017147,0.32408726
3711,-0.9541335,0.5142155
3712,-1.1560049,0.2596461
3713,-0.48767948,0.5101316
3714,-1.2953484,0.26537645
3715,-1.2018741,0.3057983
3716,-0.70644075,0.4865731
3717,-1.5223205,0.3661117
3718,-0.55663896,0.4854574
3719,-1.6626747,0.44255003
3720,-1.2782121,0.25484848
3721,-0.58943665,0.4022732
3722,-0.71889234,0.5692438
3723,-1.392091,0.33853182
3724,-1.2604848,0.30448505
3725,-0.71053576,0.7663797
3726,-0.7712094,0.6061246
3727,-0.6661207,0.38071123
3728,-1.1851658,0.5682606
3729,-0.9791369,0.46508753
3730,-1.4089365,0.29263812
3731,-0.92766136,0.616657
3732,-1.6840079,0.37693408
3733,-1.5454239,0.3395871
3734,-0.82616925,0.530199
3735,-0.9687037,0.57274485
3736,-1.0593083,0.46990654
3737,-1.4885272,0.32809582
3738,-1.3510077,0.2943414
3739,-0.7889388,0.5938733
3740,-1.597489,0.39638862
3741,-1.3367418,0.34952617
3742,-1.6324817,0.37249988
3743,-1.4020735,0.29563567
3744,-1.318438,0.31967822
3745,-1.3473184,0.30974844
3746,-1.2225379,0.271746
3747,-1.4081699,0.40746504
3748,-1.1928473,0.25287202
3749,-0.65927124,0.5210976
3750,-1.256105,0.29953566
3751,-0.6662646,0.5583538
3752,-0.60137725,0.61527526
3753,-1.2893082,0.31182325
3754,-1.3740536,0.31426796
3755,-1.5979749,0.36719638
3756,-1.1657463,0.6538491
3757,-1.7396747,0.38960195
3758,-0.34110978,0.42918706
3759,-1.3437543,0.32594168
3760,-1.2474846,0.29879975
3761,-1.3205545,0.30707672
3762,-0.5690107,0.4449966
3763,-0.7869762,0.64915687
3764,-1.5171912,0.32750404
3765,-1.144309,0.28454375
3766,-1.62225,0.3728509
3767,-0.8006605,0.51859933
3768,-1.3379695,0.29986596
3769,-1.1243848,0.2378127
3770,-1.3064046,0.32723618
3771,-1.0110458,0.5290717
3772,-1.0936632,0.57504696
3773,-0.9598506,0.7671707
3774,-0.82453674,0.484768
3775,-0.8003064,0.46744636
3776,-0.634566,0.4759121
3777,-0.70004827,0.5696432
3778,-1.0975617,0.25126323
3779,-1.2333885,0.30897093
3780,-1.0858015,0.26362836
3781,-1.5129019,0.4027443
3782,-1.4234216,0.3308589
3783,-1.4713022,0.38051578
3784,-1.3568025,0.2928193
3785,-1.163875,0.29696947
3786,-0.69583833,0.46319205
3787,-1.1000018,0.82098424
3788,-1.3361529,0.67452335
3789,-1.0806783,0.55379635
3790,-1.4303447,0.27786952
3791,-1.2934613,0.3235969
3792,-1.4332417,0.33195725
3793,-0.65329844,0.60691875
3794,-1.9268743,0.5028607
3795,-1.3885351,0.34143332
3796,-0.72337335,0.47023222
3797,-1.4517419,0.31722876
3798,-1.1172901,0.2866971
3799,-1.176165,0.2881796
3800,-0.7161768,0.4631423
3801,-1.4566064,0.33255586
3802,-1.5538081,0.41356653
3803,-0.9666054,0.5157921
3804,-1.3715563,0.37171793
3805,-0.8240015,0.51544404
3806,-1.1375933,0.35022345
3807,-1.6261587,0.38246793
3808,-0.883995,0.5241982
3809,-1.6597208,0.39969936
3810,-1.505364,0.3627227
3811,-1.1065677,0.42938364
3812,-0.65206057,0.50879943
3813,-1.4487894,0.3776384
3814,-0.6048327,0.4045928
3815,-1.2324843,0.72084224
3816,-0.9170229,0.7769078
3817,-1.3611879,0.357883
3818,-0.89205515,0.63675857
3819,-1.3470379,0.38183996
3820,-1.1243755,0.63161427
3821,-0.7719444,0.4598326
3822,-1.5776743,0.64825314
3823,-0.8282697,0.610405
3824,-1.5147069,0.34279186
3825,-1.5417672,0.36088464
3826,-1.4170762,0.34597117
3827,-1.297973,0.30988184
3828,-0.95761985,0.62280405
3829,-1.5986645,0.34190893
3830,-1.0555503,0.619531
3831,-1.3355118,0.31734106
3832,-1.298396,0.28127155
3833,-1.4416159,0.31300572
3834,-1.4126207,0.3037058
3835,-0.76263475,0.5097565
3836,-1.5697082,0.36073077
3837,-1.2922691,0.30061197
3838,-1.3238258,0.33003917
3839,-1.3996596,0.37390688
3840,-1.2793629,0.39814058
3841,-1.5859642,0.43170384
3842,-1.4203856,0.3010833
3843,-1.7064999,0.4286738
3844,-1.337021,0.28354242
3845,-1.0469757,0.5890272
3846,-1.133305,0.47699568
3847,-1.442884,0.3059482
3848,-0.6215235,0.61780393
3849,-0.72231597,0.4866088
3850,-0.70116556,0.5491273
3851,-1.3507073,0.25060642
3852,-1.1336219,0.31340432
3853,-1.359902,0.30933252
3854,-0.6200595,0.39992118
3855,-1.2410362,0.29744595
3856,-1.186753,0.26682702
3857,-0.92845374,0.6587355
3858,-0.7761673,0.4672082
3859,-1.174166,0.6870861
3860,-0.768247,0.487046
3861,-1.5650357,0.34489143
3862,-1.6278116,0.3723391
3863,-1.5329512,0.37088805
3864,-1.4038675,0.31146312
3865,-1.3243675,0.3192595
3866,-1.4877363,0.37075043
3867,-1.3689792,0.5625788
3868,-1.2475332,0.3279342
3869,-1.3235933,0.26809388
3870,-0.44633186,0.4623167
3871,-0.6807524,0.50921154
3872,-1.4919181,0.3602446
3873,-1.9346538,0.42350656
3874,-1.5667399,0.34377694
3875,-0.9123067,0.6332737
3876,-1.2643566,0.497002
3877,-1.0614263,0.52218586
3878,-1.2880844,0.33284876
3879,-1.3892082,0.320308
3880,-1.5962822,0.33086437
3881,-1.2969077,0.31058243
3882,-1.3821641,0.57948506
3883,-1.4030875,0.29053208
3884,-1.3234204,0.328469
3885,-1.3629097,0.2783491
3886,-1.1320033,0.63698435
3887,-1.2471817,0.3080414
3888,-0.82153976,0.47473425
3889,-0.9395126,0.848118
3890,-1.4612985,0.30301443
3891,-0.8826265,0.718265
3892,-1.0768192,0.4084269
3893,-1.5762666,0.39108735
3894,-0.8638094,0.55381274
3895,-1.3989791,0.2892747
3896,-1.0327992,0.7640489
3897,-0.9614427,0.5413294
3898,-1.3854555,0.33600304
3899,-1.2725961,0.41471756
3900,-0.90279937,0.48122117
3901,-1.7343069,0.39835453
3902,-1.0207167,0.5085465
3903,-1.3260459,0.32909384
3904,-1.2361937,0.34092787
3905,-0.74415976,0.60821366
3906,-1.4242047,0.3649394
3907,-0.86073625,0.63977975
3908,-1.4589709,0.37540618
3909,-1.9372756,0.5739038
3910,-1.6060784,0.345039
3911,-0.85518384,0.48998705
3912,-0.7725918,0.5404331
3913,-1.7048988,0.4036222
3914,-1.0488217,0.2405327
3915,-1.6541759,0.3929147
3916,-1.37662,0.34272438
3917,-0.7083709,0.4773094
3918,-1.4476423,0.25839907
3919,-1.3663931,0.29819214
3920,-0.621116,0.53481656
3921,-1.2820761,0.34276646
3922,-1.115662,0.6197773
3923,-0.7155855,0.35640547
3924,-1.5212687,0.36139533
3925,-1.3346363,0.3400286
3926,-1.4801906,0.32765165
3927,-1.5645554,0.36321878
3928,-0.9349183,0.56835806
3929,-1.3317488,0.29573053
3930,-1.1634651,0.27450365
3931,-1.6220213,0.3850413
3932,-1.6542784,0.35682112
3933,-1.4532204,0.3130127
3934,-0.7434148,0.5256002
3935,-0.4245838,0.50767136
3936,-0.9746707,0.527873
3937,-0.88157684,0.4776414
3938,-0.90376556,0.61402303
3939,-1.2685883,0.29654017
3940,-0.7168742,0.5538998
3941,-1.6488712,0.40361425
3942,-1.6629711,0.3862515
3943,-1.2285253,0.31337342
3944,-1.1833155,0.27346104
3945,-0.625966,0.49587005
3946,-0.33214647,0.4608365
3947,-0.84535295,0.65569645
3948,-0.9158012,0.5882463
3949,-1.1531525,0.6088186
3950,-0.87959504,0.44962692
3951,-1.726683,0.42962557
3952,-1.4053051,0.29750532
3953,-0.88216645,0.46116155
3954,-2.0242167,0.44101998
3955,-0.86745024,0.49888647
3956,-1.4799356,0.33200005
3957,-0.94553125,0.48903498
3958,-1.4881123,0.27922216
3959,-1.1704164,0.29030308
3960,-0.71669745,0.8102067
3961,-1.288844,0.29979536
3962,-1.4932164,0.36541492
3963,-1.6883773,0.38589695
3964,-1.103218,0.26851162
3965,-1.4210597,0.31744686
3966,-1.4058867,0.36756355
3967,-0.88103974,0.3839031
3968,-1.517912,0.33504602
3969,-1.235188,0.3351984
3970,-0.95982367,0.71231836
3971,-1.5804236,0.3572865
3972,-1.457935,0.47463742
3973,-0.7253461,0.55714256
3974,-1.5127529,0.34230384
3975,-0.97782165,0.610611
3976,-0.9231732,0.5050312
3977,-1.1222599,0.52061176
3978,-1.4210719,0.39370665
3979,-1.178881,0.5441562
3980,-1.3281659,0.3487547
3981,-0.7218634,0.5522382
3982,-1.5369501,0.35721022
3983,-1.0824527,0.44779107
3984,-1.295742,0.33018237
3985,-1.5742482,0.34381542
3986,-1.536452,0.37730205
3987,-1.7555889,0.37753758
3988,-1.4326433,0.3665161
3989,-1.4930762,0.3045403
3990,-1.3735586,0.3101554
3991,-0.50881577,0.39306262
3992,-1.2882103,0.27430877
3993,-1.5759317,0.31660023
3994,-1.3721515,0.321643
3995,-1.2400196,0.30430493
3996,-1.6015354,0.35494256
3997,-0.88949376,0.69662154
3998,-0.7824795,0.8108259
3999,-0.6306712,0.5719182
4000,-1.2919482,0.2881678
4001,-1.6660548,0.34467897
4002,-1.2263108,0.2813145
4003,-1.0761526,0.6828632
4004,-1.9506677,0.4702434
4005,-0.88810974,0.50747824
4006,-1.306106,0.32453358
4007,-1.3729258,0.30293116
4008,-0.8020916,0.5068452
4009,-1.7032307,0.44110802
4010,-1.2227924,0.27045953
4011,-1.3971599,0.3577497
4012,-0.7804319,0.5773482
4013,-1.5320883,0.30245823
4014,-1.293097,0.27967334
4015,-1.4221234,0.34519333
4016,-1.47393,0.27178434
4017,-1.0420896,0.6020413
4018,-1.4910192,0.32734776
4019,-1.0432345,0.63033
4020,-0.78197676,0.5724563
4021,-1.370723,0.30687428
4022,-0.97770905,0.5534085
4023,-1.3080162,0.33863583
4024,-1.3646675,0.28423095
4025,-1.4640076,0.3543589
4026,-0.7146225,0.6183742
4027,-1.7751405,0.43299824
4028,-0.957862,0.62965673
4029,-0.49377364,0.678103
4030,-1.365109,0.24124436
4031,-1.4021106,0.29832998
4032,-0.8170212,0.6211641
4033,-1.4148654,0.28841165
4034,-1.5975424,0.44046372
4035,-1.5833182,0.37537643
4036,-1.1302725,0.54904085
4037,-1.3074749,0.33838207
4038,-0.49650303,0.53632855
4039,-0.79334414,0.68539774
4040,-1.4751992,0.3451833
4041,-0.7154122,0.54662716
4042,-1.6162432,0.38303846
4043,-1.6896826,0.3978216
4044,-1.3219894,0.3083284
4045,-1.1934544,0.255924
4046,-0.9233892,0.512345
4047,-1.417852,0.39931458
4048,-1.2510217,0.32216957
4049,-0.55053914,0.6389685
4050,-1.2507743,0.2595635
4051,-1.1165879,0.26793557
4052,-1.1818981,0.30861473
4053,-0.7740629,0.63716936
4054,-0.49642962,0.55131674
4055,-0.8467825,0.5122357
4056,-1.3265592,0.30727157
4057,-1.4539737,0.34280586
4058,-1.3438165,0.32011306
4059,-1.2967675,0.2495499
4060,-1.4702897,0.33590648
4061,-1.6256753,0.37161735
4062,-0.9993087,0.68054456
4063,-1.3601764,0.29916286
4064,-0.3657835,0.4503987
4065,-0.8420404,0.64854014
4066,-0.58496207,0.46066746
4067,-1.3807341,0.33360708
4068,-1.4647609,0.33201826
4069,-1.2735205,0.3153147
4070,-1.4173613,0.3113303
4071,-1.3096832,0.33552316
4072,-1.2506366,0.2999081
4073,-0.74022776,0.6310845
4074,-1.9318227,0.43102503
4075,-0.9962055,0.4710138
4076,-1.2683494,0.31894168
4077,-1.1768029,0.3095062
4078,-1.047305,0.76781845
4079,-1.4528912,0.33522207
4080,-1.6300386,0.3449302
4081,-1.459018,0.33264366
4082,-1.2877228,0.28174785
4083,-1.6218171,0.38068593
4084,-1.4189607,0.35969037
4085,-1.3455725,0.27553123
4086,-0.6255627,0.5286992
4087,-0.79501534,0.62254846
4088,-1.3017932,0.34396043
4089,-1.375637,0.30707416
4090,-1.4293625,0.30425355
4091,-0.86487025,0.58205026
4092,-1.566784,0.38036016
4093,-0.7757223,0.4890171
4094,-1.1013283,0.21999924
4095,-1.0855422,0.22377719
4096,-1.2592726,0.496724
4097,-0.659542,0.42592892
4098,-1.4330716,0.37153757
4099,-0.9602609,0.49177602
4100,-1.2468556,0.28463578
4101,-1.2261748,0.19861683
4102,-1.4496819,0.31663558
4103,-1.6738076,0.35563177
4104,-1.3031247,0.2884783
4105,-1.7468271,0.38477924
4106,-1.5941957,0.32566154
4107,-1.1414175,0.48885673
4108,-1.4350265,0.3102061
4109,-1.740459,0.3915004
4110,-1.2374157,0.34442803
4111,-1.6539106,0.3465086
4112,-1.3973178,0.29622132
4113,-1.6658261,0.31927994
4114,-1.5629361,0.38912565
4115,-1.4032245,0.3234554
4116,-1.0132655,0.43820286
4117,-1.2493165,0.31312868
4118,-1.4522563,0.31703708
4119,-1.4158322,0.3105788
4120,-0.889643,0.5546221
4121,-1.4197128,0.3713037
4122,-0.7774138,0.5975643
4123,-1.1739154,0.5116988
4124,-1.2630464,0.33378312
4125,-1.6035628,0.34280545
4126,-0.58629763,0.4178067
4127,-1.3012855,0.30038375
4128,-0.96182203,0.7042654
4129,-0.63519645,0.5639816
4130,-1.064887,0.21684709
4131,-1.2037461,0.46301863
4132,-1.5976506,0.378692
4133,-1.2725039,0.922227
4134,-0.5914213,0.42351854
4135,-0.7443081,0.5250778
4136,-1.2186918,0.24629763
4137,-0.7503453,0.47616193
4138,-1.4343747,0.296366
4139,-1.5274259,0.41024834
4140,-1.4978418,0.42338908
4141,-1.277607,0.28946048
4142,-1.4905275,0.2945027
4143,-1.2390918,0.3126452
4144,-0.91539556,0.6259331
4145,-1.1420654,0.22617081
4146,-1.2033219,0.279642
4147,-0.89030385,0.59173304
4148,-0.75165534,0.72212857
4149,-1.0765142,0.5089113
4150,-1.3783844,0.33335644
4151,-1.1370145,0.55100346
4152,-1.4290956,0.32029
4153,-1.5381547,0.41181853
4154,-0.93204534,0.48998642
4155,-1.4397751,0.36814573
4156,-0.4804611,0.4559816
4157,-1.0558859,0.7155143
4158,-0.9072988,0.55693394
4159,-0.9913677,0.6194932
4160,-1.5707394,0.34715086
4161,-1.3165473,0.32394257
4162,-1.5669684,0.32257196
4163,-0.95582587,0.51529485
4164,-1.80851,0.4851874
4165,-1.7187576,0.42793503
4166,-1.06833,0.5943674
4167,-1.4258214,0.3657342
4168,-1.2487198,0.34661618
4169,-0.46492812,0.5426624
4170,-1.5616957,0.39107186
4171,-1.5625291,0.36128932
4172,-1.3532006,0.40205652
4173,-1.1721773,0.33160287
4174,-1.5000815,0.42320794
4175,-1.2534295,0.27639937
4176,-0.9761647,0.62034476
4177,-0.92901117,0.65562063
4178,-0.8499836,0.4818156
4179,-1.2768689,0.33242443
4180,-0.80759215,0.5473638
4181,-1.1458544,0.28970477
4182,-1.5782682,0.40609613
4183,-1.4317333,0.36453795
4184,-0.60422444,0.49324512
4185,-1.0375941,0.25834876
4186,-1.3748562,0.33180317
4187,-1.4549025,0.54228216
4188,-0.7591192,0.77054024
4189,-1.654933,0.31492746
4190,-1.2588964,0.25982425
4191,-1.5053906,0.3492333
4192,-1.4035912,0.34830633
4193,-1.3994911,0.32956886
4194,-0.8463544,0.5570789
4195,-0.67134535,0.6947533
4196,-1.1679977,0.49322855
4197,-1.663414,0.37556162
4198,-1.069385,0.20708835
4199,-1.6459862,0.42606685
4200,-1.7655509,0.37567407
4201,-0.7401406,0.5569559
4202,-1.1083242,0.5361062
4203,-1.3797647,0.33640712
4204,-0.56076473,0.8886898
4205,-1.4867778,0.3503846
4206,-1.0127401,0.60006875
4207,-0.6419958,0.5570124
4208,-1.6228906,0.4045698
4209,-0.9986811,0.24056819
4210,-1.007972,0.4480503
4211,-0.8276062,0.48261657
4212,-0.85339254,0.55757886
4213,-1.480009,0.32747188
4214,-1.0123942,0.5235596
4215,-1.4547954,0.32085606
4216,-1.2236956,0.31629074
4217,-1.0992713,0.50987893
4218,-0.9325193,0.54171264
4219,-0.8756472,0.5730681
4220,-1.4366912,0.32581758
4221,-0.91106766,0.49037778
4222,-1.23847,0.59228754
4223,-1.231451,0.30189148
4224,-1.0881612,0.5634282
4225,-1.4759033,0.35961613
4226,-0.9353852,0.65078145
4227,-1.6981512,0.4249764
4228,-1.2558299,0.318457
4229,-1.394875,0.34669083
4230,-1.2346482,0.29865694
4231,-0.94801164,0.52044505
4232,-1.5898967,0.3173884
4233,-1.4745574,0.32969022
4234,-1.949761,0.44615975
4235,-0.6365889,0.779424
4236,-1.3066378,0.3065234
4237,-0.9066356,0.57557553
4238,-1.4627185,0.32830697
4239,-1.390977,0.33263782
4240,-1.2270327,0.29564297
4241,-1.1676712,0.288406
4242,-1.4723816,0.34406644
4243,-1.3554155,0.35673985
4244,-1.2727876,0.3646049
4245,-1.5462223,0.28053117
4246,-1.573114,0.43247557
4247,-0.950955,0.54682714
4248,-0.64747286,0.5137094
4249,-0.87543404,0.61864495
4250,-1.0163982,0.47123814
4251,-1.3450732,0.36998644
4252,-0.41435757,0.47534466
4253,-1.0559859,0.6124649
4254,-1.5446678,0.3391362
4255,-1.2299128,0.36459056
4256,-0.7553818,0.4582443
4257,-1.4024539,0.33429965
4258,-1.3366389,0.2889945
4259,-1.2602051,0.2504132
4260,-0.92627335,0.69598055
4261,-1.1425915,0.7295821
4262,-0.66532636,0.50367075
4263,-1.7308792,0.37071902
4264,-1.2043154,0.24954122
4265,-1.3193735,0.33174717
4266,-0.6985273,0.5311756
4267,-1.2553153,0.28325948
4268,-0.6261641,0.5013161
4269,-1.4448755,0.34696448
4270,-0.79643416,0.44835743
4271,-1.2507348,0.59119004
4272,-0.95832574,0.47767228
4273,-1.3451946,0.35538107
4274,-1.5664089,0.40554196
4275,-0.7917112,0.5171421
4276,-0.6943313,0.58451813
4277,-1.6135172,0.3653074
4278,-1.2743161,0.5782668
4279,-1.2594497,0.526027
4280,-1.3786201,0.34253502
4281,-1.1449382,0.2839971
4282,-1.2832962,0.6407521
4283,-1.353161,0.40495044
4284,-1.7559842,0.4120531
4285,-0.60033625,0.4436733
4286,-0.529705,0.59291434
4287,-0.9734092,0.60830903
4288,-1.4333785,0.32021913
4289,-1.2901324,0.2822914
4290,-1.4862697,0.3169251
4291,-1.4601823,0.32139617
4292,-1.5250512,0.33492205
4293,-1.4107273,0.32624143
4294,-0.7030052,0.4718537
4295,-1.7644025,0.38031167
4296,-1.3597782,0.29466474
4297,-0.8693986,0.53574395
4298,-1.4500679,0.41208833
4299,-1.0607548,0.70553476
4300,-0.92999655,0.6739868
4301,-1.2581769,0.3163257
4302,-0.8259601,0.49805713
4303,-0.5515474,0.5076549
4304,-1.287499,0.31747445
4305,-1.0989487,0.25561786
4306,-1.2012804,0.25869173
4307,-1.4811304,0.34548375
4308,-1.2487828,0.2637644
4309,-1.2142327,0.28802827
4310,-1.1444999,0.57342446
4311,-1.4682487,0.3493667
4312,-1.3618354,0.352287
4313,-0.8974436,0.47703224
4314,-1.1573182,0.32470044
4315,-1.325644,0.3381163
4316,-0.9219693,0.5311045
4317,-0.77430564,0.46198058
4318,-1.6159271,0.3589385
4319,-1.2338026,0.24879166
4320,-1.3747718,0.38426572
4321,-1.2797073,0.2933825
4322,-1.1220038,0.24692623
4323,-1.5210071,0.3894411
4324,-1.5636574,0.3932248
4325,-1.4454514,0.2798504
4326,-0.8712826,0.48049143
4327,-0.89947134,0.49489418
4328,-1.8035718,0.3790941
4329,-1.4096047,0.30975088
4330,-1.5319475,0.30263615
4331,-1.212832,0.7421477
4332,-0.6163117,0.45179692
4333,-1.3947088,0.33686346
4334,-0.67784643,0.6780535
4335,-1.4317589,0.3734057
4336,-1.1098917,0.5886724
4337,-0.6272718,0.49708337
4338,-1.6320481,0.36074406
4339,-0.72895,0.55921835
4340,-1.4356699,0.33013362
4341,-0.93304235,0.46709692
4342,-0.5061487,0.4881416
4343,-1.4415574,0.3130089
4344,-1.1574799,0.25882456
4345,-0.7435488,0.52134615
4346,-1.3197494,0.29646978
4347,-1.2519802,0.30018002
4348,-0.69812536,0.40176415
4349,-0.4333507,0.5883831
4350,-1.4511817,0.4309347
4351,-0.53210974,0.37909627
4352,-1.5441936,0.36240703
4353,-0.24577568,0.47491908
4354,-0.9427111,0.5461589
4355,-0.9369239,0.50381756
4356,-0.7032448,0.5482484
4357,-0.80544287,0.531073
4358,-1.38105,0.31768373
4359,-1.1646196,0.5900479
4360,-1.4550538,0.3284901
4361,-1.5015619,0.37174037
4362,-1.3135347,0.32619882
4363,-1.4912075,0.36574954
4364,-1.2432035,0.29221416
4365,-1.3240149,0.29221204
4366,-1.517102,0.34777844
4367,-1.1904342,0.29868618
4368,-0.9898911,0.4855873
4369,-1.451569,0.32733175
4370,-0.86673146,0.5935708
4371,-1.314131,0.33087403
4372,-1.1813601,0.27589718
4373,-1.3836312,0.33382875
4374,-1.1821948,0.28870142
4375,-0.77926904,0.54419196
4376,-1.2902478,0.2868079
4377,-0.896653,0.38994566
4378,-1.2707033,0.315874
4379,-0.70461655,0.6383705
4380,-0.76381373,0.48463845
4381,-0.7348407,0.60618
4382,-1.2284272,0.28092706
4383,-1.0894272,0.3096384
4384,-1.6042784,0.36655706
4385,-1.3941745,0.304278
4386,-1.322317,0.3034745
4387,-1.4773891,0.3466923
4388,-0.58860075,1.2649735
4389,-1.2952027,0.30056047
4390,-1.3443336,0.31732932
4391,-1.3963238,0.3404752
4392,-1.2621995,0.299122
4393,-1.322035,0.33784088
4394,-1.2605357,0.29388264
4395,-0.63426375,0.51432014
4396,-1.5021094,0.37671253
4397,-0.9170573,0.5006354
4398,-0.8943923,0.5972058
4399,-1.1078681,0.26948026
4400,-1.4181713,0.27342463
4401,-0.77663213,0.5779274
4402,-0.71042204,0.48112914
4403,-0.70865226,0.50065005
4404,-0.903407,0.6069708
4405,-1.3480504,0.2571077
4406,-1.396965,0.32033232
4407,-1.3588672,0.30445752
4408,-1.4728689,0.35195908
4409,-1.2036003,0.2621879
4410,-1.4670744,0.37860522
4411,-0.6986785,0.5526621
4412,-1.2153567,0.254717
4413,-0.73453003,0.44340807
4414,-1.214555,0.28018364
4415,-1.235621,0.44487104
4416,-0.7320584,0.5431455
4417,-0.86560994,0.8072967
4418,-1.5025761,0.35153046
4419,-0.9757191,0.74749714
4420,-1.5720973,0.45159376
4421,-0.75051695,0.56373733
4422,-1.535381,0.33113086
4423,-0.64883506,0.58333147
4424,-0.5273137,0.55988276
4425,-0.559563,0.44831207
4426,-1.129141,0.31684485
4427,-1.031027,0.51204604
4428,-1.4381359,0.38403824
4429,-0.779695,0.65673745
4430,-0.8154999,0.66506314
4431,-1.5307524,0.3104612
4432,-1.0887736,0.48740545
4433,-0.8547226,0.58122325
4434,-1.7015903,0.36266857
4435,-1.0915202,0.27556434
4436,-1.6325281,0.3803096
4437,-1.0329016,0.54742044
4438,-0.8675615,0.5687956
4439,-0.93881136,0.5929707
4440,-0.6198906,0.4431274
4441,-1.5021164,0.3467728
4442,-0.90471673,0.48731503
4443,-0.773175,0.51701474
4444,-1.2654256,0.30276185
4445,-0.5804474,0.52588403
4446,-1.1792665,0.32818586
4447,-0.91829437,0.57219887
4448,-1.3584476,0.33062595
4449,-1.3154439,0.36482388
4450,-1.1514624,0.26430777
4451,-1.1245507,0.23088166
4452,-1.6944199,0.4194894
4453,-1.234403,0.23864153
4454,-0.8288389,0.5069021
4455,-1.5601404,0.34590203
4456,-1.4733139,0.3996808
4457,-1.3777483,0.33128485
4458,-0.66034776,0.5697116
4459,-1.419195,0.32808536
4460,-1.3046895,0.3876616
4461,-0.6302391,0.53990084
4462,-1.6487163,0.40452787
4463,-1.7275003,0.4231502
4464,-1.4030521,0.3582077
4465,-0.785808,0.5572296
4466,-1.5349277,0.36540258
4467,-1.3344092,0.23695214
4468,-1.3220611,0.3254609
4469,-1.6112463,0.41265938
4470,-1.0996957,0.23084486
4471,-0.90818423,0.5926509
4472,-0.92874825,0.5440162
4473,-1.6288643,0.42942482
4474,-1.5716884,0.335967
4475,-0.57326716,0.42573258
4476,-1.4232042,0.31205776
4477,-1.3379468,0.28245583
4478,-0.8945192,0.47192672
4479,-1.5346385,0.36856866
4480,-0.91228724,0.56105804
4481,-0.85142154,0.5249521
4482,-1.4149989,0.28003383
4483,-1.3548334,0.2931715
4484,-0.9392635,0.5808715
4485,-1.2072812,0.3043983
4486,-1.36986,0.32760668
4487,-0.7666162,0.52035785
4488,-1.2785906,0.29758593
4489,-0.9880723,0.57598644
4490,-0.85633963,0.5448079
4491,-1.3416966,0.28660312
4492,-1.2185763,0.6006104
4493,-1.2927148,0.32469386
4494,-1.4504883,0.34490904
4495,-0.66580504,0.552347
4496,-1.5511446,0.35820588
4497,-1.6334276,0.40006536
4498,-1.5150162,0.40415254
4499,-1.3780284,0.29485697
4500,-1.3893552,0.31544566
4501,-1.1065248,0.67525387
4502,-0.5863377,0.59782356
4503,-1.60767,0.3783358
4504,-1.064223,0.23921299
4505,-1.6201361,0.3844306
4506,-1.3356189,0.32827738
4507,-1.0570127,0.6149993
4508,-0.5559684,0.5690524
4509,-0.6705549,0.573327
4510,-1.1059275,0.29891098
4511,-1.1259099,0.26160342
4512,-1.4862416,0.34174016
4513,-1.5078436,0.3115971
4514,-1.4515865,0.30788717
4515,-0.8170521,0.6934837
4516,-1.4207422,0.37569067
4517,-0.88885444,0.6621055
4518,-1.3108728,0.28668782
4519,-1.4463034,0.40304416
4520,-1.1885604,0.25882182
4521,-1.2322013,0.27795655
4522,-0.75256044,0.48714322
4523,-0.97739893,1.0407189
4524,-1.0108612,0.6578181
4525,-1.5371333,0.33479413
4526,-1.3058748,0.30159548
4527,-0.2917999,0.39152452
4528,-1.3483729,0.3172007
4529,-0.34885928,0.46529648
4530,-1.7563139,0.39999586
4531,-1.5888782,0.394631
4532,-1.5362359,0.35167408
4533,-1.780219,0.4069861
4534,-0.7251745,0.42313692
4535,-0.95222664,0.62416375
4536,-1.2779899,0.26642153
4537,-0.6942872,0.44472542
4538,-1.5525415,0.36978418
4539,-1.2283539,0.26595578
4540,-1.3611586,0.3239329
4541,-1.5792612,0.36638024
4542,-0.9268006,0.56927705
4543,-0.8976601,0.49973673
4544,-0.90960574,0.53984696
4545,-0.59536827,0.54656464
4546,-0.7000708,0.61477244
4547,-1.0096805,0.60820717
4548,-0.55140305,0.54699326
4549,-1.20665,0.30231437
4550,-1.1574883,0.46765292
4551,-1.4888338,0.31153047
4552,-1.649585,0.37136102
4553,-1.4070075,0.2830818
4554,-1.402851,0.29238415
4555,-0.8129947,0.47842535
4556,-1.3762622,0.3486911
4557,-1.1829634,0.26864862
4558,-1.0753862,0.56879634
4559,-1.1958984,0.22842644
4560,-1.2737025,0.27363965
4561,-1.3618214,0.36489177
4562,-1.446526,0.34179753
4563,-1.3303046,0.2959843
4564,-1.4277288,0.3219204
4565,-0.6423566,0.48923513
4566,-0.50538486,0.58290595
4567,-1.4252656,0.31593183
4568,-1.2261201,0.6076362
4569,-1.3481222,0.37185282
4570,-1.1733396,0.6964426
4571,-1.551597,0.37292975
4572,-1.4368466,0.2947664
4573,-1.3494353,0.31397855
4574,-1.6843256,0.40327758
4575,-1.2123036,0.2844565
4576,-1.5971161,0.3586618
4577,-1.6673187,0.34892896
4578,-0.8278171,0.5471959
4579,-0.52667737,0.4001966
4580,-1.3883951,0.3189848
4581,-1.2616395,0.2598795
4582,-0.6913122,0.4813475
4583,-1.1314245,0.21022739
4584,-1.5973501,0.34418726
4585,-1.1708366,0.2596029
4586,-0.99536765,0.24699989
4587,-1.4594916,0.33750582
4588,-1.199282,0.24524595
4589,-1.4174346,0.30489233
4590,-0.98128843,0.62110525
4591,-1.3487035,0.7855213
4592,-0.6554115,0.5675758
4593,-1.0767387,0.49704504
4594,-0.5810954,0.46422946
4595,-1.4598649,0.38144398
4596,-1.5540326,0.3533103
4597,-1.498286,0.33909687
4598,-1.1798033,0.28932807
4599,-1.3121573,0.34416893
4600,-1.1525825,0.30041432
4601,-0.5850613,0.4687258
4602,-1.064857,0.5556528
4603,-1.1982503,0.53910816
4604,-1.4111487,0.3708693
4605,-0.9839821,0.49652347
4606,-1.425796,0.27560207
4607,-1.5329928,0.28921786
4608,-1.4551189,0.30189842
4609,-1.3356563,0.37509385
4610,-0.51504236,0.42620483
4611,-1.4381442,0.30135566
4612,-1.7863858,0.33447757
4613,-1.5802246,0.38469058
4614,-0.97201484,0.56162953
4615,-1.6711406,0.42691198
4616,-1.1021723,0.81683296
4617,-0.5462128,0.49444616
4618,-1.6161683,0.35773584
4619,-1.3206118,0.7331992
4620,-1.5773491,0.31573722
4621,-1.2927531,0.30172578
4622,-1.3980799,0.29733616
4623,-0.86125594,0.47519863
4624,-1.2292281,0.28982487
4625,-1.8802685,0.36084643
4626,-0.87823415,0.47136214
4627,-1.1572766,0.27581954
4628,-1.2946073,0.36522606
4629,-0.56532735,0.51300156
4630,-1.3839746,0.29300627
4631,-1.0673937,0.60570645
4632,-0.43654022,0.36385027
4633,-0.84728223,0.69184184
4634,-1.5138985,0.33701125
4635,-1.1998445,0.30173042
4636,-1.4954638,0.32402483
4637,-0.80846274,0.4895978
4638,-1.5045182,0.41218
4639,-1.1840985,0.58938384
4640,-1.4471244,0.37952888
4641,-1.5394931,0.4545982
4642,-0.8958738,0.6011581
4643,-0.8399819,0.4286485
4644,-1.5443546,0.3117502
4645,-1.3546964,0.2878656
4646,-1.420946,0.37802485
4647,-1.1388736,0.27663562
4648,-1.3438808,0.3067786
4649,-1.5193458,0.32101616
4650,-1.246194,0.25915596
4651,-1.240574,0.27723992
4652,-1.2551489,0.28418055
4653,-0.9165499,0.45129204
4654,-0.49781892,0.38786063
4655,-1.2153581,0.23880602
4656,-0.94377637,0.4736295
4657,-1.6282507,0.38576278
4658,-1.34594,0.3223807
4659,-1.6307214,0.376783
4660,-0.57497597,0.43602794
4661,-1.357338,0.30984977
4662,-0.95505935,0.66540176
4663,-1.5038462,0.32187533
4664,-1.3908374,0.34556895
4665,-1.3400369,0.32742262
4666,-1.5822699,0.41996008
4667,-1.1817694,0.7665754
4668,-1.4757206,0.28637233
4669,-1.1153297,0.25915647
4670,-0.75032204,0.6252699
4671,-1.6091226,0.43084037
4672,-1.0715965,0.63166785
4673,-0.76173884,0.4808736
4674,-1.4805194,0.32870156
4675,-0.71070254,0.6743838
4676,-1.4770365,0.33616644
4677,-1.363988,0.394381
4678,-1.3301615,0.30059248
4679,-1.4250884,0.29421788
4680,-1.0864521,0.4400508
4681,-0.9546518,0.5951493
4682,-0.8679666,0.6100608
4683,-0.8353083,0.5457153
4684,-1.6506243,0.32951412
4685,-1.6423587,0.41526902
4686,-0.94397795,0.50156355
4687,-1.8483722,0.72408366
4688,-1.192092,0.533833
4689,-1.4732156,0.35771835
4690,-0.6880823,0.42303604
4691,-1.615964,0.3442968
4692,-1.0077811,0.5433577
4693,-0.7089264,0.5533811
4694,-1.7720267,0.36589393
4695,-1.7034657,0.36512184
4696,-0.6789008,0.62167597
4697,-0.87923723,0.4836054
4698,-1.5320355,0.3191504
4699,-0.85191864,0.5485854
4700,-1.3762556,0.26956785
4701,-1.2419854,0.28783798
4702,-1.0725083,0.51560134
4703,-1.3390101,0.32879508
4704,-0.6514119,0.5557314
4705,-0.98233706,0.53571343
4706,-1.2851253,0.26505047
4707,-1.5232615,0.5841216
4708,-1.5916687,0.38745537
4709,-1.4203343,0.28696018
4710,-0.82869697,0.3659066
4711,-1.558969,0.32458463
4712,-1.4955821,0.32947317
4713,-1.338429,0.35702515
4714,-1.3993104,0.40536588
4715,-1.0298338,0.45963013
4716,-1.6783905,0.37561724
4717,-1.4698337,0.30024838
4718,-1.0740196,0.51552594
4719,-1.4294673,0.3624678
4720,-1.2936828,0.2970732
4721,-1.0229436,0.65314037
4722,-1.2398713,0.30476463
4723,-1.3998576,0.32831255
4724,-1.5930208,0.3743114
4725,-1.7778553,0.36454454
4726,-1.4072714,0.38453808
4727,-0.97797704,0.6069697
4728,-1.5483795,0.36896694
4729,-1.6454753,0.4180577
4730,-1.5288838,0.47175303
4731,-1.3655689,0.31170416
4732,-0.8122394,0.48680642
4733,-1.0767616,0.6978631
4734,-1.7165818,0.44061688
4735,-1.4490082,0.33570698
4736,-1.3974162,0.33196154
4737,-1.2434291,0.31420943
4738,-1.3133285,0.33354804
4739,-1.1654155,0.32825643
4740,-1.2840103,0.68922
4741,-1.5067693,0.35723895
4742,-0.8578684,0.58142006
4743,-1.5509963,0.3579994
4744,-1.4709816,0.2865401
4745,-1.7969173,0.37496182
4746,-0.7614531,0.5093101
4747,-0.9663753,0.5733998
4748,-1.4494667,0.4130781
4749,-1.3954492,0.3667439
4750,-1.1677345,0.2790024
4751,-1.4231682,0.34337386
4752,-1.3192369,0.6130756
4753,-0.59821254,0.4614162
4754,-1.6263151,0.37747878
4755,-1.3677363,0.28452814
4756,-1.3736234,0.29440314
4757,-1.5316547,0.35954747
4758,-0.90052915,0.5037715
4759,-1.5307622,0.38141453
4760,-1.1615216,0.5005974
4761,-1.3727663,0.33482528
4762,-1.4267709,0.32677868
4763,-1.4805741,0.29571265
4764,-1.3508277,0.30762923
4765,-1.381029,0.31519777
4766,-0.5944559,0.5348337
4767,-1.2566633,0.28749177
4768,-0.9657972,0.6430833
4769,-1.4694006,0.29308358
4770,-1.0695797,0.5816209
4771,-1.4608918,0.36715204
4772,-1.2499077,0.2528833
4773,-0.9950695,0.5660038
4774,-0.62952566,0.5505948
4775,-1.5385308,0.34919375
4776,-1.1767896,0.25248784
4777,-1.4876784,0.3088287
4778,-1.2841258,0.49829066
4779,-1.3075044,0.32198802
4780,-0.5779383,0.42678902
4781,-1.4067831,0.32206047
4782,-1.8450346,0.46717134
4783,-1.2798048,0.44442713
4784,-0.7351181,0.5218686
4785,-0.8806594,0.5759191
4786,-1.569489,0.32662797
4787,-1.0428467,0.21098182
4788,-1.3437942,0.27162668
4789,-1.4606854,0.3296733
4790,-1.6292621,0.40522072
4791,-1.0591056,0.563919
4792,-0.8394475,0.578754
4793,-1.3135189,0.2980402
4794,-1.3543795,0.28799793
4795,0.14004475,0.44051298
4796,-1.3212911,0.294605
4797,-0.67579126,0.5242909
4798,-0.5608224,0.6706354
4799,-1.5402569,0.30561572
4800,-1.223674,0.32359332
4801,-1.3252842,0.30883774
4802,-0.9040854,0.60931474
4803,-1.2280577,0.2963778
4804,-1.1039348,0.6429834
4805,-1.0024235,0.59325945
4806,-1.0083778,0.26261052
4807,-0.7417619,0.6218034
4808,-1.1312116,0.26081017
4809,-1.4726202,0.3389493
4810,-1.3822674,0.35135317
4811,-0.5993045,0.52182007
4812,-1.2949274,0.52248937
4813,-1.4151917,0.3285142
4814,-0.5971605,0.5412329
4815,-1.3420136,0.65132684
4816,-1.3303652,0.29895774
4817,-1.4283186,0.35399765
4818,-1.5226166,0.33807522
4819,-1.5671533,0.3268932
4820,-1.281713,0.31210297
4821,-1.1408627,0.2518055
4822,-1.3111322,0.34418213
4823,-1.6043566,0.35003996
4824,-0.9662563,0.6540886
4825,-1.2499219,0.29628584
4826,-1.3321627,0.32563853
4827,-1.3011467,0.32167852
4828,-1.1694485,0.2655475
4829,-1.3236927,0.3318886
4830,-1.0210924,0.68809533
4831,-1.1697153,0.2899603
4832,-1.9130032,0.3507675
4833,-1.2837884,0.2621191
4834,-1.5400169,0.34274235
4835,-1.2327183,0.33727866
4836,-0.9185108,0.69192165
4837,-1.6504037,0.41621873
4838,-1.3372757,0.37333527
4839,-1.2199681,0.2704289
4840,-0.8545369,0.6489113
4841,-1.3718513,0.37109205
4842,-1.5610999,0.3797161
4843,-0.96772087,0.5454125
4844,-0.86474264,0.6094203
4845,-1.375461,0.29010302
4846,-0.8814397,0.4960305
4847,-0.9028449,0.5597796
4848,-0.7770805,0.50355184
4849,-1.6916634,0.39542454
4850,-1.3561542,0.3183486
4851,-1.3378396,0.3210095
4852,-0.7142133,0.52774304
4853,-1.3508637,0.2932549
4854,-0.9788477,0.48248604
4855,-1.0709124,0.7237783
4856,-0.8276711,0.4891674
4857,-1.3612596,0.36823088
4858,-1.4526845,0.26856336
4859,-0.9306708,0.5043347
4860,-1.2860506,0.3339811
4861,-1.1991348,0.26085702
4862,-1.2503256,0.31662926
4863,-1.3155864,0.34127316
4864,-1.3848124,0.3463163
4865,-1.4035114,0.5262515
4866,-1.3809505,0.31996334
4867,-1.3862827,0.3211621
4868,-1.2000004,0.35763076
4869,-0.49248183,0.4925203
4870,-1.380935,0.31735048
4871,-1.7127293,0.3799927
4872,-1.3751178,0.2674089
4873,-0.83831185,0.6195922
4874,-1.003651,0.5838272
4875,-1.2816516,0.31677374
4876,-1.2609167,0.30772507
4877,-1.6200817,0.3705214
4878,-0.75841,0.45310917
4879,-1.445909,0.34914142
4880,-1.5028627,0.33758628
4881,-1.452068,0.35392806
4882,-1.003574,0.55679965
4883,-1.5175388,0.3671838
4884,-1.2705836,0.3140455
4885,-1.0687003,0.65994346
4886,-1.4718152,0.36810735
4887,-0.792303,0.56307185
4888,-1.3857938,0.3142044
4889,-1.3276933,0.2948859
4890,-0.8238312,0.5571903
4891,-1.3899541,0.33358738
4892,-1.415971,0.31204927
4893,-1.3939505,0.30381134
4894,-1.7392224,0.3726542
4895,-0.7354601,0.5654821
4896,-0.8952497,0.6685525
4897,-1.4934207,0.36238813
4898,-1.6684428,0.43113554
4899,-1.3044021,0.3377979
4900,-1.443744,0.35005352
4901,-1.6688668,0.4386859
4902,-0.5831301,0.4221758
4903,-1.3925945,0.3703651
4904,-1.1955622,0.28361556
4905,-1.008731,0.6386332
4906,-1.233594,0.24543664
4907,-1.3147889,0.29678917
4908,-1.487466,0.34422442
4909,-1.3539793,0.24571262
4910,-1.3261112,0.31350765
4911,-1.3159963,0.3406903
4912,-1.3262773,0.30168712
4913,-0.72136855,0.5652815
4914,-0.7276796,0.6055579
4915,-1.5475016,0.41105634
4916,-1.3745021,0.3361127
4917,-0.49460086,0.47107598
4918,-1.5369273,0.33688128
4919,-1.008554,0.7355223
4920,-1.2211381,0.3178636
4921,-1.3734672,0.2756872
4922,-1.7014312,0.48313257
4923,-1.2376562,0.26291
4924,-1.3523575,0.36942223
4925,-0.9357145,0.59302646
4926,-1.4934943,0.3776125
4927,-1.2900789,0.5835583
4928,-1.1357878,0.27354306
4929,-1.3083669,0.6024047
4930,-0.7565017,0.43424508
4931,-0.74519193,0.5568635
4932,-0.74386275,0.5055779
4933,-1.2452985,0.32746515
4934,-1.389219,0.6216509
4935,-1.4721385,0.30831563
4936,-1.3014793,0.29803827
4937,-0.9142694,0.55143684
4938,-0.87038964,0.58139724
4939,-1.4261402,0.6799299
4940,-1.2726183,0.2764503
4941,-1.359274,0.38700473
4942,-0.77478784,0.44572562
4943,-1.2837605,0.29830754
4944,-0.53226614,0.43578723
4945,-0.96091956,0.508766
4946,-1.2973833,0.5711809
4947,-0.7071912,0.61789864
4948,-1.637102,0.43840173
4949,-0.7640535,0.4229507
4950,-0.9275486,0.49949127
4951,-1.3939804,0.27524164
4952,-1.240656,0.78686005
4953,-1.5995414,0.3719355
4954,-1.0916102,0.47890803
4955,-0.38648972,0.54226804
4956,-1.1942176,0.6300223
4957,-1.5775486,0.3564936
4958,-1.2260778,0.30657268
4959,-0.62022924,0.7030165
4960,-1.572617,0.40301532
4961,-0.8406904,0.5729206
4962,-0.91055846,0.6055817
4963,-1.4110615,0.3429858
4964,-0.8347572,0.4186711
4965,-1.0501016,0.22421466
4966,-1.5356871,0.29362795
4967,-0.53432906,0.5225992
4968,-1.3012308,0.31880853
4969,-1.3970513,0.2963533
4970,-1.584459,0.44115904
4971,-0.51063615,0.5208516
4972,-1.0766176,0.5410888
4973,-1.2273313,0.5832903
4974,-1.5146374,0.32015783
4975,-1.0661885,0.47264284
4976,-1.4594643,0.30870184
4977,-1.3269609,0.32425934
4978,-1.6616461,0.350181
4979,-0.88378966,0.6134447
4980,-0.7300965,0.51690096
4981,-1.233797,0.2896966
4982,-1.4189065,0.3507868
4983,-1.1739764,0.49172994
4984,-0.95240194,0.5738058
4985,-1.2662983,0.3139205
4986,-1.2245717,0.32045197
4987,-1.4812642,0.35577327
4988,-1.5086799,0.38530332
4989,-1.0649498,0.7004932
4990,-0.69264245,0.53630537
4991,-0.85976356,0.61445093
4992,-1.3331262,0.26317915
4993,-0.9154404,0.8053474
4994,-1.2155817,0.30978274
4995,-1.3343815,0.31081527
4996,-0.8629011,0.5203981
4997,-0.6369407,0.5716812
4998,-1.650005,0.31535602
4999,-1.1408417,0.26552284
5000,-1.3747824,0.29553437
5001,-0.84784937,0.6314136
5002,-0.81240904,0.51974905
5003,-1.210909,0.68839294
5004,-1.5345106,0.37207204
5005,-1.5130478,0.32946312
5006,-1.0553796,0.47274154
5007,-1.4163893,0.3210672
5008,-0.9951801,0.5296158
5009,-0.9680549,0.45491433
5010,-1.1441492,0.5870288
5011,-0.5930126,0.40206796
5012,-0.73075193,0.7488618
5013,-1.321194,0.37340495
5014,-1.2773719,0.2969912
5015,-1.0846934,0.42492175
5016,-0.9342763,0.60555744
5017,-1.6050032,0.37728918
5018,-1.3133737,0.33887038
5019,-1.6451029,0.41058147
5020,-0.9505187,0.5620886
5021,-1.1204698,0.22832301
5022,-1.511136,0.39824933
5023,-1.36406,0.39144415
5024,-0.7184369,0.47403383
5025,-1.1083751,0.5465581
5026,-1.5808196,0.33238578
5027,-1.4438281,0.35738117
5028,-1.2751052,0.32066202
5029,-1.3000727,0.3146816
5030,-1.5977712,0.38773072
5031,-0.72272635,0.48656988
5032,-0.981742,0.54651934
5033,-0.815418,0.35409173
5034,-1.4102342,0.5498107
5035,-1.5404781,0.31661317
5036,-0.76248336,0.583312
5037,-1.1045818,0.31066704
5038,-1.324293,0.3448195
5039,-1.2532582,0.6818971
5040,-0.7247103,0.53804183
5041,-0.694357,0.6441066
5042,-1.7193489,0.4041059
5043,-1.3903879,0.33982727
5044,-0.5508813,0.48680824
5045,-1.154524,0.56673247
5046,-0.98857284,0.48911473
5047,-1.2067386,0.26999718
5048,-0.8331964,0.5381626
5049,-1.6799302,0.36339504
5050,-1.4375571,0.3206471
5051,-1.1926285,0.3013969
5052,-1.6061683,0.33292308
5053,-1.245575,0.33931
5054,-1.3883421,0.2898341
5055,-1.3710129,0.3263529
5056,-1.3844457,0.5820885
5057,-1.1397519,0.6707582
5058,-1.169867,0.28125498
5059,-1.459232,0.40754306
5060,-1.3023261,0.27384487
5061,-1.1510066,0.5437628
5062,-1.1400412,0.24959822
5063,-1.3520879,0.325677
5064,-1.164765,0.22135183
5065,-1.3086369,0.33614275
5066,-0.93316466,0.6322251
5067,-0.78440183,0.5364263
5068,-0.8510998,0.6030065
5069,-1.517738,0.38965997
5070,-1.3539207,0.292093
5071,-1.2962188,0.30070183
5072,-1.0015762,0.22283167
5073,-1.5203598,0.34263152
5074,-1.3541445,0.31569326
5075,-1.5824356,0.39916253
5076,-1.5684361,0.32081816
5077,-0.8110791,0.49393484
5078,-0.5165692,0.5897135
5079,-1.379742,0.2984288
5080,-0.6953094,0.6086099
5081,-1.5596958,0.3486234
5082,-1.1037552,0.241928
5083,-1.4926907,0.3306835
5084,-1.3078281,0.3227014
5085,-1.2675086,0.29067162
5086,-1.3062427,0.30712828
5087,-1.5773085,0.3841373
5088,-0.9124053,0.53013045
5089,-0.7163998,0.6396739
5090,-1.4728103,0.38001874
5091,-1.1144844,0.30883515
5092,-0.8520736,0.61790293
5093,-1.5191998,0.3681234
5094,-1.3278252,0.26810232
5095,-1.1234906,0.68227726
5096,-1.3835509,0.31041518
5097,-0.90065825,0.6480038
5098,-1.5663192,0.36318138
5099,-1.1258392,0.5759181
5100,-0.5900531,0.45434645
5101,-1.188107,0.29443637
5102,-1.6147866,0.37860087
5103,-0.8547992,0.49503836
5104,-0.9417066,0.5668147
5105,-0.97881097,0.6162727
5106,-1.3563975,0.31051764
5107,-1.355783,0.30618256
5108,-1.4561979,0.36450908
5109,-1.46711,0.34190103
5110,-0.78999174,0.65035224
5111,-0.9197339,0.5563983
5112,-1.2189116,0.2969132
5113,-0.5557055,0.5184062
5114,-1.2801869,0.59205145
5115,-0.89016896,0.63144475
5116,-1.0266508,0.44851565
5117,-1.0783873,0.6017998
5118,-1.4376827,0.3242519
5119,-1.4774749,0.3059919
5120,-0.81103903,0.4899238
5121,-1.3532281,0.29503897
5122,-1.3288344,0.32190132
5123,-1.3957155,0.3772826
5124,-1.2158484,0.28992334
5125,-0.751406,0.5453025
5126,-1.2797692,0.36151606
5127,-0.9727145,0.5725755
5128,-1.2277875,0.4083422
5129,-1.6127261,0.4137485
5130,-0.911842,0.5024593
5131,-1.2510936,0.3465863
5132,-1.6495035,0.38450667
5133,-1.3181187,0.24933894
5134,-1.0963961,0.26096562
5135,-1.196892,0.3206761
5136,-1.4284269,0.29320502
5137,-0.8654815,0.6573414
5138,-1.4843951,0.34138933
5139,-1.3928412,0.29743773
5140,0.19471684,0.8008961
5141,-1.3966156,0.38609326
5142,-1.3609849,0.32551712
5143,-1.1344695,0.26657903
5144,-1.4151775,0.45173582
5145,-1.0759599,0.22111458
5146,-1.6536664,0.36228818
5147,-0.7064226,0.5231625
5148,-1.3684928,0.2788169
5149,-1.2471116,0.26881292
5150,-1.6683708,0.33152184
5151,-1.3179364,0.27314112
5152,-1.1361881,0.66727036
5153,-1.2515131,0.2865407
5154,-1.3150607,0.34145442
5155,-0.81167203,0.45982593
5156,-1.400418,0.3736046
5157,-1.321475,0.31325677
5158,-1.4799649,0.38639626
5159,-1.1932386,0.30131796
5160,-0.7043989,0.5489133
5161,-0.67806953,0.6363365
5162,-1.21889,0.26777023
5163,-0.95048165,0.49943203
5164,-0.63301194,0.53113484
5165,-1.6393677,0.4347621
5166,-1.3378183,0.29869613
5167,-0.8868367,0.7746667
5168,-0.77573794,0.47311637
5169,-1.2653514,0.3131935
5170,-1.4205915,0.32051408
5171,-1.3595876,0.34600413
5172,-0.19249676,0.69738597
5173,-1.5873637,0.38368034
5174,-1.3153518,0.28840086
5175,-0.7016038,0.7643347
5176,-1.4027518,0.32583013
5177,-1.0933924,0.26383445
5178,-1.0809319,0.2528417
5179,-1.3632241,0.27372098
5180,-1.4889727,0.38399252
5181,-0.81822187,0.48601365
5182,-0.9269856,0.5615441
5183,-1.4208574,0.31295878
5184,-0.804045,0.5301458
5185,-1.5220306,0.34011656
5186,-1.2364938,0.29456362
5187,-1.2472506,0.25500482
5188,-1.3488655,0.3066442
5189,-0.6853444,0.56222844
5190,-1.2968132,0.2536218
5191,-0.4786354,0.421058
5192,-1.224376,0.5670054
5193,-1.4333605,0.370602
5194,-1.2625667,0.28868434
5195,-1.3523781,0.32572797
5196,-0.8820618,0.5878183
5197,-1.3232567,0.33814898
5198,-1.361249,0.34298187
5199,-0.74973756,0.53342384
5200,-1.4031519,0.3846321
5201,-1.8613563,0.39094207
5202,-1.436057,0.3130151
5203,-1.5539789,0.35376394
5204,-1.3033267,0.28736034
5205,-1.4427623,0.41359684
5206,-1.0010697,0.24668427
5207,-1.3040705,0.27555513
5208,-0.6531889,0.60844064
5209,-1.3432014,0.2892492
5210,-1.4460344,0.30264792
5211,-1.2624414,0.31484857
5212,-1.4953924,0.35404703
5213,-1.1001174,0.6527999
5214,-1.3268042,0.36649242
5215,-1.3695312,0.4990107
5216,-1.2888794,0.2774378
5217,-1.5264952,0.3917059
5218,-0.7520804,0.80567205
5219,-1.1764166,0.45617205
5220,-1.4309977,0.36100417
5221,-1.0728941,0.2505949
5222,-1.7119886,0.3797272
5223,-1.3567443,0.35061294
5224,-1.5602902,0.3628162
5225,-0.65169275,0.47375956
5226,-1.5862269,0.37941644
5227,-1.2664031,0.3836838
5228,-0.9414683,0.58219826
5229,-0.6564274,0.6194059
5230,-0.96379226,0.69025666
5231,-1.4459658,0.30462322
5232,-1.4450138,0.349551
5233,-1.3759891,0.3144285
5234,-1.3364543,0.3148846
5235,-1.331004,0.3221612
5236,-0.90493566,0.68278956
5237,-0.63524634,0.46159786
5238,-1.3581964,0.32160786
5239,-1.4407669,0.3755109
5240,-0.66784173,0.4804131
5241,-1.3925979,0.33351842
5242,-1.3463777,0.34967062
5243,-1.3101072,0.35639936
5244,-0.9757966,0.43760353
5245,-1.528658,0.42333072
5246,-1.317938,0.29993492
5247,-0.86469156,0.61269355
5248,-1.4448909,0.29699257
5249,-1.1205438,0.55431217
5250,-0.9613102,0.54052585
5251,-1.4110583,0.29064748
5252,-1.5492024,0.37007976
5253,-0.53003263,0.5025733
5254,-1.497792,0.37049386
5255,-1.0821284,0.75944936
5256,-1.2665665,0.26002854
5257,-1.2882676,0.27566168
5258,-1.2137753,0.27523592
5259,-0.54850566,0.4187665
5260,-1.4399796,0.32858637
5261,-1.3883954,0.31034154
5262,-1.3101882,0.34230834
5263,-1.3567848,0.27788988
5264,-1.4332119,0.36218977
5265,-1.0373875,0.22324277
5266,-1.2753062,0.27479756
5267,-1.2796782,0.2528787
5268,-0.9431274,0.573139
5269,-0.8752148,0.49884987
5270,-1.4849083,0.351748
5271,-1.5103202,0.3253867
5272,-0.6605143,0.52198035
5273,-1.4141437,0.35931808
5274,-1.2923012,0.3580919
5275,-1.3317952,0.34664583
5276,-0.68392944,0.5238931
5277,-1.3676453,0.3233498
5278,-1.431087,0.31045887
5279,-0.92282873,0.53742975
5280,-1.3021736,0.32124877
5281,-1.580663,0.35808194
5282,-1.1884052,0.28649896
5283,-0.54907364,0.6427226
5284,-1.8570155,0.4934147
5285,-0.779153,0.5562274
5286,-0.5690182,0.6090424
5287,-1.2247666,0.25327012
5288,-1.0552673,0.6029675
5289,-1.237915,0.300074
5290,-0.8903029,0.49432373
5291,-1.2299049,0.23131265
5292,-1.4190917,0.35983992
5293,-1.4460257,0.36474636
5294,-1.2214503,0.28270483
5295,-1.05629,0.52368945
5296,-1.4913368,0.33041272
5297,-1.2913246,0.25718817
5298,-1.4429207,0.3354478
5299,-1.6023906,0.32751438
5300,-1.2708943,0.29353315
5301,-0.7187722,0.7275239
5302,-0.78447235,0.6059673
5303,-0.8588952,0.64569515
5304,-0.74554634,0.43262842
5305,-1.0392821,0.49350286
5306,-1.6345818,0.49089548
5307,-1.6050644,0.607351
5308,-0.89324194,0.44481
5309,-1.6614918,0.3314432
5310,-1.1675261,0.30151436
5311,-1.4000494,0.2454655
5312,-1.4659057,0.391148
5313,-1.2155123,0.5868342
5314,-1.2694987,0.31267026
5315,-1.343449,0.3125261
5316,-0.9594287,0.5462443
5317,-1.2131333,0.36645442
5318,-1.4977446,0.32130975
5319,-1.2755722,0.3588858
5320,-0.9406018,0.6577296
5321,-1.2577599,0.27402714
5322,-0.94500977,0.5902297
5323,-1.4218761,0.4024778
5324,-1.0118171,0.46136668
5325,-0.8082659,0.50496125
5326,-0.67872506,0.607104
5327,-0.51632196,0.5065197
5328,-1.5187155,0.37226194
5329,-0.33967772,0.46765572
5330,-1.4212979,0.39662343
5331,-0.73381305,0.4658661
5332,-1.7765625,0.43435174
5333,-0.44787395,0.5469954
5334,-1.4898393,0.35413003
5335,-1.0103053,0.46780956
5336,-1.3361337,0.2921565
5337,-1.3203167,0.32175943
5338,-0.52357906,0.59363556
5339,-1.5290266,0.34950063
5340,-1.2008011,0.32246912
5341,-1.5336626,0.38201636
5342,-1.339346,0.3051739
5343,-1.0491565,0.5623588
5344,-0.91775846,0.5887632
5345,-1.0260823,0.46012107
5346,-0.69544214,0.5186591
5347,-1.1312121,0.74706006
5348,-0.73683757,0.49342087
5349,-1.0991002,0.60562575
5350,-1.5123683,0.33048642
5351,-0.4229582,0.4897985
5352,-1.1397226,0.25879937
5353,-1.6119163,0.40987173
5354,-1.239277,0.33486375
5355,-1.2153924,0.28833434
5356,-0.8673406,0.47580642
5357,-0.96040505,0.654072
5358,-1.4427801,0.32936603
5359,-1.0533943,0.5587102
5360,-1.2490035,0.6256699
5361,-0.8435142,0.38892537
5362,-1.7502954,0.4507941
5363,-1.456744,0.3319049
5364,-1.6359773,0.4053064
5365,-0.7831949,0.40571317
5366,-0.88807297,0.3802015
5367,-1.7439929,0.37714118
5368,-1.4567758,0.33899194
5369,-1.4301664,0.33610225
5370,-1.4757308,0.42868516
5371,-1.3765368,0.27493438
5372,-1.345699,0.32368183
5373,-0.71083266,0.47002164
5374,-1.3176131,0.28141955
5375,-1.3401471,0.32907754
5376,-1.2786412,0.33274332
5377,-1.5455738,0.3843536
5378,-1.2618734,0.26176748
5379,-0.7417013,0.5649223
5380,-1.2532425,0.66803294
5381,-1.5289736,0.372246
5382,-0.44367623,0.47976252
5383,-1.1131723,0.24002622
5384,-1.4827269,0.34780884
5385,-1.205178,0.26877967
5386,-1.3306737,0.2987867
5387,-1.4614655,0.3265118
5388,-1.4095788,0.36461404
5389,-0.62533224,0.5282324
5390,-1.256257,0.2720592
5391,-1.3579084,0.31529972
5392,-1.4137869,0.30816486
5393,-1.009327,0.46939376
5394,-1.3570973,0.29888585
5395,-1.1692005,0.26795244
5396,-1.2397997,0.3481676
5397,-1.3347167,0.33092272
5398,-0.88442934,0.5819488
5399,-1.6055942,0.35033953
5400,-1.0759126,0.56182766
5401,-1.5566146,0.43306646
5402,-1.4660918,0.3549919
5403,-1.2192658,0.36239445
5404,-1.1492732,0.5168344
5405,-1.1413239,0.24793859
5406,-0.9179753,0.5068876
5407,-0.6236006,0.5882514
5408,-1.2149727,0.26325005
5409,-0.9149571,0.6520284
5410,-1.0824665,0.5001746
5411,-0.7234811,0.53933835
5412,-0.5921928,0.41621584
5413,-1.4372159,0.29293683
5414,-0.94440246,0.43423778
5415,-1.1010689,0.24950686
5416,-1.1680205,0.30242753
5417,-1.0465204,0.23316513
5418,-1.5419377,0.3678357
5419,-1.396268,0.3397808
5420,-1.2524345,0.31099123
5421,-0.5689014,0.4803881
5422,-0.74325323,0.49508685
5423,-0.41754392,0.43917453
5424,-1.1753997,0.27864647
5425,-1.5260091,0.34636727
5426,-1.4713161,0.3353697
5427,-1.5221131,0.37288362
5428,-1.4999819,0.32100403
5429,-1.294239,0.28884715
5430,-0.13198036,0.4810692
5431,-1.441853,0.3229595
5432,-1.4215463,0.3359873
5433,-0.922735,0.45636505
5434,-1.3786908,0.30849186
5435,-1.3798527,0.3454439
5436,-1.6970587,0.43838403
5437,-0.90063554,0.6255111
5438,-1.4154145,0.31921107
5439,-1.477162,0.35675442
5440,-1.3572202,0.34082818
5441,-1.7922397,0.37338352
5442,-1.1668321,0.82085377
5443,-0.83831716,0.55638045
5444,-1.4826622,0.3994987
5445,-1.6590905,0.4656211
5446,-0.8697531,0.5987259
5447,-1.1041318,0.45176032
5448,-1.559298,0.42376944
5449,-0.700615,0.28195348
5450,-1.2339729,0.43471918
5451,-1.719035,0.39575398
5452,-0.73271894,0.46678716
5453,-1.0429248,0.5655769
5454,-1.5017117,0.33170298
5455,-1.4519783,0.3340684
5456,-0.38520202,0.43350336
5457,-1.0895181,0.25631118
5458,-1.3449643,0.3727572
5459,-0.680332,0.60833395
5460,-0.9042009,0.5696294
5461,-1.3254601,0.33817807
5462,-1.1378593,0.26320952
5463,-0.77897024,0.49987918
5464,-1.3736621,0.31540775
5465,-1.5084935,0.3043932
5466,-0.67227864,0.5814283
5467,-1.5132849,0.34639663
5468,-1.4092807,0.30066013
5469,-1.2459474,0.32581908
5470,-1.2075917,0.26562935
5471,-1.3908505,0.34538054
5472,-1.4521205,0.35273933
5473,-1.315204,0.33230007
5474,-1.5971752,0.42429468
5475,-1.3293306,0.31662238
5476,-1.1390177,0.65601784
5477,-1.6595032,0.39291644
5478,-0.9673675,0.43324125
5479,-0.85081935,0.5338338
5480,-1.4361638,0.34405014
5481,-1.3359205,0.29758966
5482,-1.3229475,0.3515027
5483,-0.7724933,0.4212348
5484,-0.59311366,0.4322637
5485,-1.4969857,0.3544254
5486,-1.2238202,0.2746785
5487,-1.2961468,0.28607595
5488,-0.8075984,0.60064006
5489,-1.1443641,0.25801647
5490,-0.77723575,0.5118984
5491,-1.2110298,0.28767452
5492,-1.0771674,0.29321152
5493,-0.6544459,0.6203496
5494,-1.0382448,0.5461555
5495,-1.2629029,0.31039792
5496,-1.4012439,0.32328373
5497,-1.4300972,0.30892614
5498,-1.68899,0.39153978
5499,-1.4005641,0.35239348
5500,-1.268702,0.29370117
5501,-1.3746685,0.35359272
5502,-1.359874,0.301439
5503,-1.1220406,0.21875133
5504,-0.9418503,0.6353036
5505,-0.85010076,0.68573934
5506,-1.1521227,0.2795928
5507,-1.4146909,0.31305364
5508,-0.6027166,0.52745014
5509,-0.51025224,0.4824928
5510,-1.1709471,0.3152182
5511,-1.4944229,0.34086382
5512,-1.4763974,0.30902046
5513,-1.3561587,0.28149468
5514,-0.84718823,0.5304371
5515,-1.3766081,0.46242258
5516,-1.405442,0.27974197
5517,-1.4029824,0.35779357
5518,-1.0821407,0.69994324
5519,-1.530133,0.38295034
5520,-1.2280779,0.57050633
5521,-0.75883836,0.49867812
5522,-0.936511,0.6210974
5523,-1.4822236,0.37619987
5524,-1.6105615,0.38757014
5525,-1.4940926,0.34532836
5526,-1.3942202,0.35615832
5527,-1.5215313,0.32428735
5528,-1.3801286,0.3103142
5529,-1.3911865,0.3506582
5530,-0.7837249,0.65359855
5531,-1.4033825,0.39286244
5532,-1.6387683,0.39137858
5533,-0.6918631,0.5267644
5534,-1.3160257,0.34722224
5535,-0.013803593,0.3099957
5536,-0.86902475,0.502688
5537,-1.380342,0.3081576
5538,-1.3883213,0.3293803
5539,-0.8231463,0.60211927
5540,-1.5044904,0.31984386
5541,-1.6462903,0.46710965
5542,-1.3628905,0.3309196
5543,-1.5125335,0.33075604
5544,-1.0741723,0.6832373
5545,-0.7827253,0.70580333
5546,-0.9893248,0.6690784
5547,-1.3939738,0.28010327
5548,-1.2084208,0.29334798
5549,-1.5503376,0.30852574
5550,-1.5254954,0.38311654
5551,-1.4562607,0.6164118
5552,-0.92448103,0.58377624
5553,-1.1412606,0.68286926
5554,-1.4853029,0.33756125
5555,-1.3638356,0.27563307
5556,-1.2749062,0.28998092
5557,-0.57919466,0.53773373
5558,-1.4122609,0.31189945
5559,-0.81429654,0.50261587
5560,-0.8530126,0.56156504
5561,-1.2099231,0.51667273
5562,-1.4397892,0.30419406
5563,-1.3598313,0.46722424
5564,-1.250875,0.2844749
5565,-0.73313034,0.50435346
5566,-1.2095906,0.30054224
5567,-1.5894276,0.34280866
5568,-1.3674355,0.5883555
5569,-1.2614349,0.24790516
5570,-0.3253027,0.4702731
5571,-1.6246036,0.40452784
5572,-0.7449041,0.6130663
5573,-1.1988617,0.2746163
5574,-1.4230417,0.28094128
5575,-1.3595527,0.26331973
5576,-0.7933377,0.504552
5577,-0.8056644,0.64739466
5578,-1.7081854,0.3463352
5579,-1.5755875,0.3663014
5580,-0.7596689,0.58851576
5581,-1.7149788,0.3840759
5582,-1.3472221,0.22636895
5583,-1.412257,0.3418681
5584,-1.5017816,0.3596748
5585,-1.2504293,0.3100749
5586,-0.98673224,0.52949786
5587,-1.3572206,0.3172728
5588,-1.3742287,0.3111694
5589,-1.4651423,0.33993757
5590,-0.75477797,0.49647936
5591,-0.56256396,0.4479214
5592,-0.91387236,0.42872277
5593,-1.4521009,0.4133949
5594,-0.9838099,0.45241505
5595,-1.285972,0.26873472
5596,-0.8884882,0.45889324
5597,-1.2982162,0.277583
5598,-1.3332658,0.280361
5599,-0.60869026,0.40245092
5600,-1.0340779,0.5499889
5601,-1.341785,0.34619957
5602,-1.326465,0.3325733
5603,-1.2693474,0.2831445
5604,-1.4726279,0.3059173
5605,-1.2717865,0.2861522
5606,-1.621503,0.47541252
5607,-1.4620067,0.33306304
5608,-1.4633951,0.348916
5609,-1.5877112,0.37556547
5610,-1.245841,0.28514183
5611,-1.3321985,0.32494757
5612,-1.5745932,0.40453467
5613,-1.6294833,0.37150064
5614,-1.3500386,0.33491153
5615,-1.2356999,0.31663284
5616,-0.68730044,0.5364502
5617,-1.248812,0.28609124
5618,-0.9123256,0.6301672
5619,-0.5933777,0.4163528
5620,-1.2581288,0.26751545
5621,-1.2491921,0.32909274
5622,-1.2311631,0.31458676
5623,-1.2401125,0.25615394
5624,-1.2152714,0.27773058
5625,-1.2719944,0.28423634
5626,-1.3529379,0.33607855
5627,-1.3926713,0.43086505
5628,-1.3373442,0.2831857
5629,-1.6522915,0.40507764
5630,-1.485179,0.35063154
5631,-1.1991911,0.31990838
5632,-1.2337092,0.46545896
5633,-1.6100143,0.34052387
5634,-1.498328,0.33321795
5635,-1.0726714,0.52551377
5636,-1.3955542,0.31742457
5637,-0.7728683,0.56723994
5638,-1.3641087,0.34040484
5639,-0.5974911,0.44182348
5640,-1.355594,0.351427
5641,-1.3696915,0.34370917
5642,-0.4378452,0.47625685
5643,-0.73720604,0.55786705
5644,-1.5091771,0.35558516
5645,-1.4710466,0.34182638
5646,-1.5121903,0.34460735
5647,-1.4423093,0.3526524
5648,-1.0613029,0.33209062
5649,-1.5482768,0.6789644
5650,-1.3888947,0.36341688
5651,-1.4624556,0.38542077
5652,-0.829692,0.5181642
5653,-1.3238167,0.32016686
5654,-0.8735969,0.4564703
5655,-1.2706108,0.27298424
5656,-1.3204532,0.3108494
5657,-1.0784111,0.30803677
5658,-0.94027925,0.686875
5659,-1.2937121,0.2851005
5660,-1.347435,0.34675545
5661,-1.2449028,0.26388004
5662,-1.3091912,0.34906894
5663,-1.0811306,0.584809
5664,-1.1645792,0.6455924
5665,-1.2844566,0.26159236
5666,-0.62697333,0.52668446
5667,-1.4238309,0.3377091
5668,-1.3959361,0.34055325
5669,-0.74735636,0.47781035
5670,-1.7653629,0.4295325
5671,-1.4418956,0.39035004
5672,-0.44805092,0.5754169
5673,-0.7162182,0.61693054
5674,-0.9484564,0.6258104
5675,-1.0932133,0.6454847
5676,-1.1379148,0.671661
5677,-1.6645844,0.4004603
5678,-1.1920298,0.5016425
5679,-1.2078849,0.2698255
5680,-1.3504677,0.3301469
5681,-1.3939496,0.2773561
5682,-1.0428883,0.53185076
5683,-1.0309856,0.5726707
5684,-1.4794209,0.34996828
5685,-0.49110708,0.5143835
5686,-1.490654,0.39045322
5687,-1.144653,0.5982436
5688,-1.5007266,0.3138834
5689,-1.2003227,0.30227068
5690,-1.5009162,0.29085612
5691,-0.7718248,0.58251965
5692,-0.7198535,0.4109871
5693,-1.2882122,0.29156914
5694,-1.1733865,0.30000427
5695,-0.8266038,0.40556073
5696,-1.1763012,0.27434847
5697,-1.2408977,0.26934624
5698,-1.1128912,0.4776794
5699,-1.3429202,0.34935093
5700,-0.7616962,0.50221634
5701,-1.3241334,0.29998505
5702,-1.5495108,0.4249979
5703,-0.77450097,0.5308887
5704,-0.5913487,0.46372756
5705,-1.3780066,0.32732424
5706,-1.2226051,0.2796926
5707,-0.79942375,0.6023414
5708,-0.15969768,0.44438368
5709,-1.1684719,0.25537845
5710,-1.3233393,0.31905818
5711,-1.3051418,0.29904917
5712,-1.268871,0.43743336
5713,-1.0699816,0.24423362
5714,-0.34236187,0.45084676
5715,-1.2223241,0.3287973
5716,-1.3128107,0.29774988
5717,-0.86259097,0.60089344
5718,-0.7823808,0.52376354
5719,-1.1874713,0.2841986
5720,-1.2791246,0.4480557
5721,-1.3252331,0.30219615
5722,-1.4754152,0.36533153
5723,-1.3975273,0.30054998
5724,-0.7925176,0.55092484
5725,-0.6085679,0.56992394
5726,-1.3097699,0.29600593
5727,-1.0510151,0.49770617
5728,-0.98621285,0.5129894
5729,-1.0844922,0.22947827
5730,-1.0100535,0.58035564
5731,-1.5893872,0.36998272
5732,-1.3904123,0.33375478
5733,-1.6074225,0.3941106
5734,-1.1635209,0.30349803
5735,-1.294567,0.32434753
5736,-0.94018173,0.5212733
5737,-1.3602722,0.41495126
5738,-1.1484028,0.25998637
5739,-0.66126055,0.47882268
5740,-0.87751395,0.54541266
5741,-1.4397502,0.32638526
5742,-1.2671523,0.3080364
5743,-1.0042039,0.5278684
5744,-1.4532853,0.32746089
5745,-0.90830594,0.692548
5746,-1.3976833,0.33755577
5747,-1.2969525,0.2873038
5748,-0.7110631,0.7361252
5749,-1.3807591,0.3091125
5750,-1.4733661,0.3697815
5751,-0.6484625,0.5359394
5752,-1.3883886,0.35510492
5753,-1.3223844,0.3219987
5754,-1.1940111,0.29683298
5755,-0.8705892,0.6069137
5756,-1.2614766,0.2508675
5757,-0.6331578,0.69943726
5758,-1.3684942,0.38557866
5759,-1.3828312,0.40848523
5760,-1.5898445,0.38806283
5761,-1.6580161,0.3949311
5762,-1.8161675,0.39729425
5763,-1.3527092,0.37328157
5764,-1.4770932,0.36839232
5765,-1.3465393,0.3116694
5766,-1.160539,0.26510113
5767,-1.4673734,0.33170882
5768,-1.7393106,0.41683117
5769,-1.0016078,0.64723545
5770,-0.9042038,0.59004587
5771,-1.4001801,0.3178005
5772,-1.3179725,0.3438847
5773,-0.6934893,0.5203537
5774,-1.2182947,0.2781791
5775,-1.1892246,0.30469006
5776,-1.4552411,0.30706745
5777,-0.8219888,0.4444086
5778,-0.80591726,0.52042884
5779,-1.377398,0.3073924
5780,-1.23361,0.28439224
5781,-1.1863521,0.30109423
5782,-1.3786972,0.33439994
5783,-0.95668244,0.6338952
5784,-0.7352895,0.56357217
5785,-1.313732,0.32910356
5786,-1.3449706,0.24517222
5787,-1.0379641,0.43527952
5788,-0.6535362,0.47526118
5789,-0.77548385,0.53760433
5790,-1.4319355,0.49960235
5791,-1.630009,0.33586794
5792,-1.4370686,0.39364603
5793,-1.3293433,0.3764299
5794,-1.4979204,0.35329747
5795,-1.4395877,0.35339367
5796,-0.8771822,0.46664342
5797,-1.2615191,0.27323908
5798,-1.3068767,0.3262395
5799,-1.3387747,0.33126882
5800,-1.3227061,0.2764939
5801,-1.4196597,0.34634385
5802,-1.2089756,0.25321972
5803,-1.7051919,0.36674893
5804,-1.2461723,0.596445
5805,-1.7355255,0.3309849
5806,-1.309922,0.32479236
5807,-0.8363731,0.5629005
5808,-1.4627365,0.32982308
5809,-0.82776076,0.5690146
5810,-1.0189908,0.5404005
5811,-0.9648585,0.4805482
5812,-1.1678226,0.2422777
5813,-1.3862257,0.29870427
5814,-1.3138171,0.3235429
5815,-1.2840074,0.3121939
5816,-1.3809601,0.35705394
5817,-0.83279276,0.5321762
5818,-0.41774476,0.5307787
5819,-1.3580736,0.35912377
5820,-1.0707723,0.5844386
5821,-1.4787549,0.36314526
5822,-1.699904,0.39614868
5823,-0.8650592,0.48911443
5824,-1.6273977,0.36428902
5825,-0.88334185,0.55760676
5826,-1.0152057,0.2220319
5827,-1.4429843,0.3135133
5828,-0.8517785,0.4730383
5829,-1.5944437,0.669665
5830,-1.3293128,0.54408914
5831,-0.85900086,0.5801563
5832,-0.9010346,0.55560946
5833,-1.5305454,0.3666196
5834,-1.1780521,0.28583017
5835,-1.4023204,0.33867452
5836,-0.8957632,0.5617049
5837,-1.0020907,0.60588855
5838,-1.321785,0.31647134
5839,-1.3581345,0.5348831
5840,-0.5641648,0.49038857
5841,-1.3773258,0.37236413
5842,-0.6593389,0.57753795
5843,-1.6997442,0.35259658
5844,-1.1101627,0.68748814
5845,-1.2589704,0.28143483
5846,-1.316241,0.38920948
5847,-1.361001,0.26811153
5848,-1.2341269,0.31955633
5849,-1.3148273,0.34319595
5850,-0.5100739,0.582157
5851,-1.2748313,0.32005492
5852,-1.5103894,0.36046585
5853,-1.3654699,0.32146975
5854,-1.1609972,0.30022818
5855,-1.019198,0.5829814
5856,-1.3124744,0.31373075
5857,-1.424698,0.35534933
5858,-0.96118903,0.40652484
5859,-0.63939613,0.47574064
5860,-1.0090053,0.42855898
5861,-0.9276631,0.4870342
5862,-0.9987306,0.6639054
5863,-1.294256,0.3376828
5864,-1.3083726,0.32614562
5865,-1.2038792,0.44435975
5866,-1.5328479,0.37481213
5867,-1.5214604,0.3758112
5868,-0.81250054,0.5285617
5869,-1.1455121,0.30405453
5870,-1.4564252,0.34880304
5871,-0.69341516,0.47587773
5872,-0.9942744,0.21865293
5873,-1.504951,0.31722632
5874,-1.6179599,0.34933254
5875,-1.3821565,0.34959072
5876,-1.1859736,0.31036323
5877,-1.0480602,0.63069564
5878,-0.7494235,0.55087703
5879,-1.5219252,0.34936398
5880,-1.2986106,0.3369296
5881,-1.2859726,0.65482926
5882,-0.7612658,0.4741672
5883,-0.54627,0.5346426
5884,-1.1153489,0.25855017
5885,-0.9849845,0.54632074
5886,-0.8858157,0.47513595
5887,-0.7008245,0.5615546
5888,-1.5284396,0.34573793
5889,-1.14646,0.30760148
5890,-0.5941753,0.4472992
5891,-1.2369657,0.27367556
5892,-0.67718595,0.6293964
5893,-1.4366127,0.413747
5894,-1.2572812,0.3127435
5895,-1.1157749,0.6353484
5896,-0.9611118,0.4754414
5897,-1.5374916,0.35593098
5898,-1.2483844,0.53944653
5899,-0.76083,0.51818097
5900,-1.204914,0.27298093
5901,-0.7735672,0.53672147
5902,-0.80186737,0.59588283
5903,-1.2068624,0.24358006
5904,-1.6838577,0.3785573
5905,-1.54814,0.38117626
5906,-1.335176,0.33772206
5907,-0.923521,0.7204835
5908,-0.91460305,0.667144
5909,-1.258814,0.3399885
5910,-1.3324894,0.33035916
5911,-1.4013414,0.36075878
5912,-1.5466318,0.3564727
5913,-1.1434578,0.30385247
5914,-1.3757677,0.29623592
5915,-1.3110461,0.31354067
5916,-0.8611429,0.63689935
5917,-1.4914149,0.3454303
5918,-0.8126455,0.65493846
5919,-0.9946553,0.5738947
5920,-1.2674558,0.24718869
5921,-1.410772,0.3175326
5922,-1.3839344,0.31133822
5923,-0.54363376,0.49836826
5924,-0.7529415,0.54839796
5925,-1.3497772,0.32502285
5926,-0.9519416,0.5436
5927,-1.1485814,0.25527176
5928,-1.6594532,0.3997309
5929,-1.3920337,0.3030092
5930,-1.4484471,0.30420065
5931,-1.1212636,0.2803441
5932,-0.88454986,0.52892685
5933,-0.6185667,0.47307706
5934,-1.0251479,0.4554762
5935,-1.2092775,0.34275958
5936,-0.9561377,0.60086864
5937,-1.4984959,0.3337803
5938,-1.7835425,0.48388973
5939,-1.306165,0.2793402
5940,-1.354557,0.39805403
5941,-1.1333371,0.50533426
5942,-1.0162014,0.62827426
5943,-1.0394441,0.2720698
5944,-1.3933592,0.34760982
5945,-1.558889,0.3828933
5946,-1.7567582,0.4381055
5947,-0.8096177,0.5115166
5948,-1.4296876,0.37142533
5949,-1.3927273,0.34545338
5950,-1.0711391,0.24151093
5951,-1.1566603,0.27094725
5952,-1.0157276,0.5207471
5953,-1.4618905,0.3723631
5954,-1.3690013,0.30353317
5955,-1.3379326,0.3532709
5956,-1.4744955,0.3247012
5957,-0.825741,0.5674781
5958,-1.3380777,0.34371772
5959,-1.5223358,0.32673872
5960,-0.89178115,0.5609694
5961,-1.2633361,0.25578356
5962,-1.2947654,0.3654819
5963,-0.8733965,0.5487185
5964,-1.3279936,0.30256972
5965,-0.55486524,0.4700359
5966,-1.3370923,0.27211714
5967,-1.2231537,0.26247436
5968,-0.92015517,0.63720125
5969,-1.1852751,0.27988303
5970,-0.78359777,0.57571775
5971,-1.6636692,0.41908222
5972,-0.66636133,0.45305157
5973,-1.4417454,0.30418146
5974,-0.87872523,0.4903101
5975,-1.109668,0.28059095
5976,-0.9662212,0.67775506
5977,-1.0821204,0.49854258
5978,-1.5262177,0.3598361
5979,-1.1763765,0.56806177
5980,-1.4628017,0.38081723
5981,-1.7886914,0.375499
5982,-0.5111103,0.56545025
5983,-0.93686104,0.4802129
5984,-1.1206154,0.4939163
5985,-1.5742171,0.3316048
5986,-1.0936079,0.26953733
5987,-1.2729087,0.27108672
5988,-1.2145875,0.29865432
5989,-1.3482072,0.32257724
5990,-1.67884,0.40849882
5991,-0.7030957,0.60399145
5992,-1.4074693,0.3090364
5993,-1.3721001,0.33319944
5994,-0.9726897,0.6394908
5995,-1.1024203,0.42961958
5996,-1.5135925,0.40679818
5997,-1.4646063,0.31972182
5998,-1.0324559,0.629342
5999,-1.5862652,0.3667132
6000,-0.73204684,0.46945518
6001,-1.0698966,0.21963008
6002,-1.3805909,0.3245006
6003,-1.2797867,0.36059535
6004,-1.0021608,0.6977327
6005,-1.3909554,0.34075922
6006,-0.8794142,0.6577373
6007,-1.2343353,0.26776567
6008,-1.1451564,0.26489866
6009,-0.7752933,0.4357545
6010,-1.3458123,0.27776462
6011,-1.4349273,0.31835604
6012,-1.4409372,0.34686196
6013,-1.4489254,0.35929543
6014,-1.343916,0.31146437
6015,-1.3562465,0.28355744
6016,-1.551474,0.32895407
6017,-0.62848973,0.46271718
6018,-1.084997,0.68243635
6019,-1.4562411,0.35913402
6020,-1.0253947,0.23798873
6021,-1.2885213,0.7593542
6022,-1.0285707,0.57005614
6023,-0.44590068,0.5045864
6024,-1.2376125,0.27078408
6025,-1.4030495,0.30305898
6026,-0.86906457,0.7480668
6027,-0.74617976,0.5169491
6028,-0.852993,0.62324905
6029,-1.6962734,0.41262862
6030,-0.6781282,0.5058863
6031,-0.7729002,0.7448339
6032,-1.5643917,0.4072823
6033,-1.472733,0.36472285
6034,-1.0886908,0.25267217
6035,-1.4639757,0.34497553
6036,-1.3432922,0.28770623
6037,-0.90782547,0.592254
6038,-1.0487692,0.6931002
6039,-0.8012183,0.67555404
6040,-1.5009813,0.30399504
6041,-1.3879738,0.31510162
6042,-1.1654207,0.5518449
6043,-1.5106895,0.46132925
6044,-0.803505,0.48930246
6045,-1.1577753,0.71383667
6046,-1.2897648,0.39568627
6047,-0.7863197,0.52630484
6048,-1.6959583,0.4111244
6049,-0.71095,0.48831826
6050,-1.3675714,0.31580687
6051,-1.3211844,0.29763657
6052,-1.8488106,0.4211212
6053,-0.93183625,0.6201935
6054,-0.8399475,0.47402534
6055,-1.3810121,0.3281304
6056,-0.5678736,0.4531507
6057,-0.8766906,0.5687914
6058,-0.69137764,0.4880295
6059,-1.3953028,0.30979615
6060,-1.1811808,0.48493963
6061,-1.3398297,0.32176352
6062,-1.2924507,0.31579548
6063,-1.2787986,0.28977075
6064,-1.3534602,0.3402505
6065,-1.6899467,0.38358065
6066,-1.5016906,0.39610016
6067,-1.2476897,0.24770248
6068,-0.6945226,0.4827374
6069,-1.3365155,0.333245
6070,-1.2771183,0.23922177
6071,-1.3969328,0.3831692
6072,-1.5247606,0.3613311
6073,-1.2894179,0.5151935
6074,-1.0832264,0.5645501
6075,-1.3379806,0.47249284
6076,-1.1492281,0.2800001
6077,-1.1592964,0.4977651
6078,-1.6239582,0.35024062
6079,-1.5216538,0.33602753
6080,-1.4720261,0.38063374
6081,-1.2912642,0.26033202
6082,-1.0835073,0.55526096
6083,-0.9552955,0.5862866
6084,-0.59935826,0.56073046
6085,-1.4457414,0.3007918
6086,-1.3580748,0.306284
6087,-0.44708854,0.44692352
6088,-1.4653604,0.32416221
6089,-1.4643248,0.36224687
6090,-1.3017817,0.3545872
6091,-1.3228908,0.2730535
6092,-0.9483736,0.49397662
6093,-0.68084246,0.52032006
6094,-0.68864465,0.59870815
6095,-0.68125117,0.42673862
6096,-1.3485823,0.28101486
6097,-0.9018937,0.6226799
6098,-1.465913,0.31933716
6099,-1.4164858,0.30385774
6100,-1.5833668,0.38252336
6101,-1.4917817,0.39011613
6102,-1.3204186,0.3224549
6103,-1.3884143,0.30754837
6104,-1.6501459,0.31936485
6105,-0.8613956,0.45181382
6106,-0.7970827,0.5385304
6107,-0.9045303,0.69240624
6108,-1.3944188,0.3515139
6109,-1.2018998,0.27311477
6110,-1.5518514,0.36863232
6111,-1.4631649,0.342135
6112,-1.4397136,0.34571683
6113,-1.3597988,0.2614733
6114,-0.89490044,0.6247742
6115,-1.1099143,0.6229353
6116,-0.6943304,0.5782122
6117,-1.1442379,0.55710953
6118,-0.52113134,0.56278247
6119,-1.2277343,0.224339
6120,-0.6635952,0.56464106
6121,-1.2308328,0.28263298
6122,-1.3453178,0.3207453
6123,-1.3591341,0.32975522
6124,-1.4714512,0.3890563
6125,-1.0735247,0.27323046
6126,-1.2328621,0.26311088
6127,-1.4355816,0.31724456
6128,-1.452562,0.3115453
6129,-1.4181235,0.38260874
6130,-0.9261624,0.55307174
6131,-1.0213389,0.58283836
6132,-0.8869124,0.5431744
6133,-0.74408513,0.53490335
6134,-1.6001587,0.4078608
6135,-0.54693085,1.1954479
6136,-1.4926479,0.2816464
6137,-1.7145003,0.4370228
6138,-1.3303105,0.3107605
6139,-0.76563364,0.535183
6140,-1.1818138,0.5075877
6141,-1.4244732,0.3136868
6142,-0.9226437,0.55746156
6143,-1.5650935,0.34382284
6144,-1.4629058,0.40521428
6145,-1.2575068,0.27935785
6146,-0.68211174,0.5606557
6147,-0.9961711,0.53175867
6148,-1.0990299,0.2505909
6149,-1.641751,0.3239158
6150,-1.1040045,0.274338
6151,-1.3550234,0.39221618
6152,-1.2049824,0.31904292
6153,-1.5847557,0.36395168
6154,-1.3461722,0.3028102
6155,-1.0090321,0.47467712
6156,-1.4571259,0.41532338
6157,-1.4484737,0.32386506
6158,-0.8776297,0.6189016
6159,-1.1217395,0.30307716
6160,-1.1285243,0.91180384
6161,-1.5688264,0.33258626
6162,-0.6489056,0.46810496
6163,-1.4672654,0.3410137
6164,-1.041128,0.6394665
6165,-1.3604012,0.465383
6166,-1.3523036,0.36257467
6167,-1.5852231,0.33289877
6168,-1.4621655,0.29466376
6169,-0.50570154,0.52828693
6170,-1.368533,0.31155103
6171,-1.3195887,0.28906527
6172,-0.9385292,0.6348895
6173,-1.5027655,0.33831367
6174,-1.3857112,0.29306108
6175,-0.946497,0.53186595
6176,-0.77409667,0.4958748
6177,-1.26902,0.3410286
6178,-1.3433709,0.28147703
6179,-0.61626136,0.48465183
6180,-1.0277171,0.57763726
6181,-1.0125649,0.68394655
6182,-0.9077051,0.6599782
6183,-1.6057187,0.41244736
6184,-1.6204108,0.41748884
6185,-1.5082614,0.512384
6186,-0.7033976,0.43465105
6187,-1.6300666,0.33694336
6188,-1.4189488,0.3504501
6189,-1.3154309,0.29057068
6190,-1.4499979,0.34220126
6191,-1.1845556,0.6433486
6192,-1.0218022,0.2850356
6193,-1.1379642,0.63228196
6194,-1.3909669,0.36027622
6195,-1.4619403,0.38731354
6196,-1.162761,0.28234816
6197,-1.0035337,0.24089284
6198,-0.79498863,0.70279425
6199,-0.5409252,0.48867914
6200,-0.8658779,0.44862974
6201,-1.3119974,0.27480644
6202,-1.1482502,0.30463153
6203,-1.2025884,0.34937093
6204,-1.1719201,0.54183924
6205,-0.5151268,0.5262475
6206,-1.5809898,0.40983355
6207,-1.3583776,0.31748468
6208,-1.2851735,0.28079343
6209,-1.4142991,0.29549825
6210,-1.4096762,0.33746466
6211,-0.7544177,0.42545405
6212,-0.91130346,0.54020715
6213,-0.8795114,0.49564692
6214,-1.3039895,0.29051247
6215,-1.6121787,0.34363663
6216,-1.6408603,0.37494525
6217,-1.1907809,0.2434348
6218,-1.2812202,0.28757307
6219,-1.3932128,0.2999295
6220,-1.1801441,0.23074819
6221,-1.0481926,0.6404124
6222,-0.77561724,0.4475404
6223,-1.4858872,0.70722765
6224,-1.8796663,0.43898994
6225,-1.182857,0.51891875
6226,-1.0399,0.49813086
6227,-1.0328916,0.56769985
6228,-0.6137585,1.3727429
6229,-1.2528238,0.3066646
6230,-1.4912966,0.39589453
6231,-1.5693191,0.3736912
6232,-1.1761118,0.2797728
6233,-0.7508589,0.46096814
6234,-0.61239177,0.5826289
6235,-0.923441,0.7745469
6236,-1.3000462,0.32799456
6237,-0.9597216,0.5664539
6238,-1.5262905,0.36146826
6239,-0.9846804,0.5447197
6240,-0.86461484,0.47582492
6241,-0.90042084,0.5934184
6242,-1.4956577,0.29626408
6243,-0.8768965,0.60485834
6244,-1.065396,0.56922406
6245,-0.89007056,0.47010368
6246,-0.64868236,0.6372382
6247,-1.0858142,0.65632385
6248,-1.4311061,0.2954591
6249,-0.83685106,0.62763935
6250,-0.3071212,0.4776064
6251,-0.69543695,0.65494287
6252,-1.5268468,0.4046861
6253,-0.90330076,0.5042715
6254,-0.85696936,0.53879637
6255,-1.6470032,0.4091353
6256,-1.3120356,0.3468879
6257,-0.83605593,0.6291402
6258,-1.2745485,0.30014718
6259,-1.4601295,0.43945128
6260,-1.5979253,0.36788982
6261,-1.0011764,0.21967036
6262,-1.3476405,0.3106495
6263,-1.1951935,0.24810104
6264,-1.6017989,0.4309414
6265,-0.82191694,0.6222043
6266,-1.3628447,0.33170986
6267,-1.399982,0.3155048
6268,-1.2230717,0.333926
6269,-1.6678592,0.47404274
6270,-1.4776226,0.36705577
6271,-1.5236733,0.31454584
6272,-1.608162,0.4799091
6273,-1.4531235,0.3670907
6274,-1.409781,0.36147627
6275,-1.2699547,0.2804973
6276,-1.1934495,0.6498047
6277,-0.98314357,0.42789087
6278,-1.2953595,0.30734286
6279,-1.4408664,0.32360896
6280,-1.6711842,0.38088936
6281,-1.170055,0.29839543
6282,-1.0253626,0.52461326
6283,-1.2971133,0.30055696
6284,-1.1321442,0.20827392
6285,-1.4990507,0.39544028
6286,-0.8924615,0.618559
6287,-1.1920335,0.23946926
6288,-1.513381,0.32433367
6289,-1.461265,0.34793735
6290,-0.80925375,0.44734883
6291,-1.0652719,0.6703999
6292,-1.3023732,0.35731983
6293,-1.289194,0.26534125
6294,-1.3277643,0.3135289
6295,-1.3583236,0.295015
6296,-1.266678,0.2913657
6297,-0.8581047,0.5391942
6298,-1.46113,0.34938052
6299,-0.56972086,0.58477557
6300,-1.4045365,0.30349323
6301,-1.4203229,0.4249334
6302,-0.8961598,0.7108758
6303,-1.0102786,0.4544855
6304,-1.474925,0.36318007
6305,-0.46997207,0.4683379
6306,-1.4277362,0.37503812
6307,-1.2699007,0.28528318
6308,-1.4803634,0.35410324
6309,-1.4559836,0.339419
6310,-0.5718977,0.5237514
6311,-1.1180491,0.24418391
6312,-1.1568984,0.28189218
6313,-1.5915915,0.3681631
6314,-1.4855132,0.35247478
6315,-1.3497987,0.37831104
6316,-1.233332,0.49686655
6317,-1.3809922,0.29072168
6318,-1.0714568,0.24025384
6319,-1.3149855,0.2814791
6320,-1.4571155,0.36843577
6321,-0.8812915,0.5388902
6322,-1.4932044,0.38462523
6323,-1.0034386,0.50300306
6324,-1.4630128,0.29495168
6325,-0.6294123,0.49907252
6326,-0.9789444,0.6651979
6327,-1.5918934,0.38972047
6328,-0.82306504,0.66149384
6329,-1.0849404,0.5404787
6330,-1.0122328,0.23350747
6331,-0.8286399,0.6264702
6332,-0.7946421,0.62172407
6333,-1.2149814,0.31157345
6334,-0.75399286,0.43900606
6335,-1.1214856,0.5648582
6336,-1.7577897,0.38185412
6337,-1.777159,0.3868125
6338,-0.6681894,0.5363533
6339,-1.7263649,0.40345237
6340,-1.1612188,0.2789883
6341,-1.5968966,0.39338088
6342,-1.2802991,0.2685845
6343,-0.92483765,0.38102573
6344,-1.3679824,0.3663845
6345,-0.68183184,0.56198406
6346,-0.60456365,0.46525416
6347,-1.22685,0.27078694
6348,-1.1861321,0.28316754
6349,-1.2670138,0.60156125
6350,-0.60366553,0.48855978
6351,-1.3022835,0.3114932
6352,-1.6015944,0.36145717
6353,-1.4692383,0.31165177
6354,-0.57766414,0.40937033
6355,-1.2794689,0.2791722
6356,-1.5110092,0.32765236
6357,-1.4189687,0.3404336
6358,-1.361994,0.32491848
6359,-1.2241039,0.43397677
6360,-1.5793883,0.3832271
6361,-1.3481615,0.32323515
6362,-0.6325585,0.48790067
6363,-1.3820333,0.34423843
6364,-1.4084616,0.33301643
6365,-1.2266803,0.28105965
6366,-0.9154483,0.4181226
6367,-1.1892112,0.5344085
6368,-1.6645378,0.43915012
6369,-0.8588625,0.67168313
6370,-1.3768017,0.32233185
6371,-0.7866022,0.4357322
6372,-1.4837345,0.36265683
6373,-1.0667591,0.56472695
6374,-1.4738731,0.34676123
6375,-0.77718073,0.5218172
6376,-0.89629394,0.47387022
6377,-1.5095329,0.25996867
6378,-1.5155319,0.3222838
6379,-0.8071794,0.6030152
6380,-1.4516126,0.29530293
6381,-1.1899258,0.22407119
6382,-0.8539707,0.58146966
6383,-1.3988336,0.34778616
6384,-1.112062,0.22070788
6385,-1.3928417,0.3316399
6386,-0.7803844,0.535588
6387,-1.0087854,0.41913077
6388,-1.3740096,0.35669097
6389,-1.5565201,0.31039095
6390,-1.7576033,0.38581264
6391,-1.2995408,0.2613245
6392,-0.77715844,0.5831893
6393,-0.8924068,0.6074377
6394,-0.78888893,0.5380327
6395,-0.9598921,0.55596733
6396,-0.8619227,0.6303291
6397,-1.1367388,0.2628873
6398,-1.5235159,0.4025192
6399,-1.6355683,0.37606242
6400,-0.9011945,0.65969765
6401,-1.5990332,0.32889435
6402,-1.3475212,0.30266258
6403,-1.3890641,0.30247277
6404,-1.0375688,0.51728016
6405,-1.5572397,0.27322346
6406,-1.3207262,0.348957
6407,-1.3616596,0.35282817
6408,-1.0376793,0.26868355
6409,-1.4629312,0.28110474
6410,-1.3752667,0.34669188
6411,-1.4023311,0.3035676
6412,-1.1755724,0.2996078
6413,-1.4105815,0.35877106
6414,-1.4427037,0.43099165
6415,-1.3019987,0.3022319
6416,-1.3765227,0.36411178
6417,-1.0922937,0.23174882
6418,-1.3815057,0.305858
6419,-1.4734769,0.3422952
6420,-1.2462152,0.28932497
6421,-1.3606659,0.3253583
6422,-1.5565013,0.32793215
6423,-1.0578866,0.5923481
6424,-1.4364479,0.41774887
6425,-0.77199155,0.5291431
6426,-1.2023091,0.59082717
6427,-1.182344,0.2737628
6428,-1.3768843,0.32118875
6429,-1.2002058,0.2297062
6430,-1.3207852,0.37010214
6431,-1.36606,0.37282115
6432,-1.462417,0.41588786
6433,-1.2932341,0.35227963
6434,-1.0829306,0.24813536
6435,-0.99074006,0.64011973
6436,-0.85336953,0.5558911
6437,-1.4429642,0.3686454
6438,-1.3144222,0.27978855
6439,-0.66749036,0.512546
6440,-1.2178744,0.2779134
6441,-0.95964646,0.53202605
6442,-1.4670951,0.35112852
6443,-1.3020886,0.278051
6444,-1.1632338,0.3181557
6445,-1.1800643,0.22871329
6446,-1.3273108,0.32111287
6447,-1.5651028,0.37310743
6448,-1.4324466,0.49777734
6449,-0.93677634,0.538494
6450,-1.432556,0.34635842
6451,-1.3138777,0.29463202
6452,-1.5001498,0.37371236
6453,-1.2735322,0.51352876
6454,-1.3303118,0.35619995
6455,-1.5098224,0.32342425
6456,-0.913324,0.4827787
6457,-1.41079,0.33408076
6458,-1.3144526,0.3234816
6459,-1.0180224,0.53495836
6460,-1.5325098,0.35380465
6461,-1.3546776,0.31405637
6462,-1.7385852,0.4200694
6463,-1.4981048,0.41459864
6464,-0.8294022,0.75430787
6465,-1.3106467,0.27712643
6466,-1.4296798,0.3259883
6467,-1.3829547,0.3282087
6468,-0.7313349,0.6358564
6469,-1.6386824,0.37299782
6470,-1.1484458,0.49921
6471,-0.613094,0.4307202
6472,-1.3341273,0.30329087
6473,-1.2808161,0.31382853
6474,-0.56894976,0.54892147
6475,-1.6031383,0.3909765
6476,-0.9063124,0.65967304
6477,-1.3208461,0.25957498
6478,-1.7776587,0.394761
6479,-1.3466802,0.2915059
6480,-1.5247661,0.31045657
6481,-1.6868352,0.4720751
6482,-1.2633384,0.33309087
6483,-1.0502522,0.5793857
6484,-0.78285265,0.5185479
6485,-0.8042668,0.3908164
6486,-1.4813472,0.35861546
6487,-1.4183086,0.30574483
6488,-0.8083907,0.52650326
6489,-1.0188829,0.4325583
6490,-0.5164326,0.4778776
6491,-1.0111445,0.5794018
6492,-0.6907723,0.6428493
6493,-0.02161617,0.40700978
6494,-1.5065238,0.32484445
6495,-1.3751048,0.31667697
6496,-1.0383387,0.49891847
6497,-1.4333833,0.2634657
6498,-1.652351,0.35175416
6499,-1.3777014,0.30334687
6500,-0.60670877,0.51884973
6501,-1.5096638,0.3796299
6502,-1.3210663,0.3299181
6503,-1.1774335,0.26813978
6504,-1.2983426,0.34335887
6505,-1.4426079,0.35502407
6506,-1.1031231,0.46905524
6507,-1.3521559,0.33050978
6508,-1.3736383,0.34161305
6509,-1.327156,0.33186507
6510,-0.88595504,0.76561177
6511,-0.58685213,0.33791527
6512,-1.6779802,0.42385232
6513,-1.1666027,0.27807623
6514,-1.5146308,0.47403604
6515,-1.1202716,0.69139916
6516,-1.4468788,0.32806668
6517,-1.3866631,0.31799886
6518,-1.5601293,0.37188625
6519,-1.6245786,0.33965886
6520,-0.9616892,0.54470795
6521,-0.7485149,0.51763695
6522,-1.6184936,0.35263228
6523,-1.1072289,0.487251
6524,-1.1771506,0.24042135
6525,-0.724681,0.45875046
6526,-0.87416595,0.658644
6527,-0.8803198,0.60479796
6528,-1.6975093,0.38233095
6529,-1.560738,0.32308444
6530,-0.75273687,0.57520956
6531,-0.98284304,0.5354407
6532,-0.7413295,0.44818214
6533,-0.75808716,0.67218894
6534,-0.8994969,0.48431605
6535,-1.3178468,0.26791403
6536,-0.80494326,0.71937823
6537,-1.2624768,0.25990567
6538,-1.4541234,0.3197567
6539,-0.9227353,0.4166968
6540,-1.3747449,0.29332992
6541,-1.3291012,0.31353414
6542,-0.60287184,0.61471224
6543,-1.4308896,0.33508056
6544,-1.6009957,0.33195046
6545,-0.8017968,0.6591971
6546,-1.0582196,0.22553268
6547,-1.5932094,0.4151761
6548,-1.0181725,0.24520911
6549,-1.0128293,0.40276983
6550,-1.4224024,0.32583842
6551,-0.84098107,0.5301329
6552,-1.2491536,0.25739026
6553,-1.4428641,0.3253385
6554,-1.4328613,0.3215021
6555,-0.4753584,0.5387306
6556,-0.64486307,0.64787036
6557,-0.8338609,0.5114197
6558,-1.5769464,0.4101339
6559,-1.5584195,0.35976052
6560,-1.5874971,0.39184123
6561,-1.1962051,0.26767612
6562,-1.3154466,0.3199428
6563,-0.851329,0.62215245
6564,-1.3465692,0.31717727
6565,-0.58469784,0.6271631
6566,-0.62138283,0.37424842
6567,-1.5805521,0.34512892
6568,-1.49063,0.327078
6569,-0.86993116,0.47271758
6570,-1.312981,0.5768126
6571,-1.1287441,0.25147983
6572,-1.4266471,0.3121946
6573,-0.38419643,0.4243311
6574,-1.3659678,0.3287451
6575,-1.2655063,0.29200712
6576,-1.5871799,0.3563039
6577,-0.32307118,0.43354887
6578,-1.4837844,0.35593298
6579,-1.0128272,0.46387863
6580,-1.4210811,0.31349275
6581,-1.2760772,0.33420706
6582,-1.0282344,0.6496132
6583,-1.407704,0.34905854
6584,-0.91385597,0.63092417
6585,-0.9990648,0.47991318
6586,-0.93344116,0.522909
6587,-1.5396794,0.3937543
6588,-0.6188128,0.4884647
6589,-1.4304593,0.30706662
6590,-1.4773624,0.6664998
6591,-1.5303944,0.36928725
6592,-1.4107252,0.352785
6593,-1.296125,0.28794813
6594,-1.3394787,0.30208376
6595,-1.4679635,0.41061956
6596,-1.0427842,0.625771
6597,-1.1814699,0.25792503
6598,-1.3610703,0.34166813
6599,-1.4380136,0.32529706
6600,-1.4194427,0.30075666
6601,-1.5088295,0.3467335
6602,-1.2948723,0.30570164
6603,-1.4048133,0.3460908
6604,-1.1298758,0.21874948
6605,-1.3277326,0.24292247
6606,-0.768731,0.648814
6607,-1.1591933,0.57092905
6608,-1.2404405,0.63445324
6609,-1.018382,0.60452163
6610,-1.2451487,0.28887343
6611,-1.233915,0.3099799
6612,-0.6421182,0.5848509
6613,-0.74086267,0.6083209
6614,-1.2666473,0.27499124
6615,-1.5094676,0.37523827
6616,-1.3933252,0.27493972
6617,-0.66022485,0.49882367
6618,-1.3210317,0.3324405
6619,-1.3263234,0.35381177
6620,-1.5611792,0.3578707
6621,-0.5015835,0.5651802
6622,-1.3057256,0.3218548
6623,-1.2944825,0.2935674
6624,-1.2009016,0.29353118
6625,-0.7209258,0.51097995
6626,-1.626195,0.40538073
6627,-1.5246162,0.33083028
6628,-0.787792,0.57575333
6629,-1.3970227,0.30860698
6630,-0.6007639,0.48965424
6631,-0.8800747,0.57597244
6632,-1.0431343,0.25334457
6633,-1.1744033,0.56018305
6634,-1.0758226,0.62020487
6635,-0.8207719,0.6280982
6636,-1.4984387,0.3898585
6637,-0.94179744,0.6691769
6638,-1.1843711,0.5034478
6639,-0.9541259,0.70987636
6640,-0.6124997,0.45364845
6641,-1.053443,0.5492996
6642,-1.3720374,0.31704104
6643,-0.8828599,0.52926344
6644,-1.7894772,0.39573327
6645,-0.8175368,0.46623385
6646,-1.4194793,0.39032376
6647,-1.6438125,0.38735658
6648,-1.1969539,0.33049715
6649,-0.7598256,0.44827008
6650,-1.5291485,0.35039106
6651,-0.8019666,0.5769539
6652,-1.3815898,0.31630448
6653,-1.1680493,0.9114621
6654,-1.3445643,0.2997344
6655,-0.80023813,0.5100528
6656,-1.3143868,0.309904
6657,-1.2029623,0.2754167
6658,-1.5253354,0.40200698
6659,-0.90263146,0.63968045
6660,-1.4071872,0.2943799
6661,-0.4791231,0.6192368
6662,-0.6281976,0.7999498
6663,-1.2556392,0.5373165
6664,-0.8097985,0.5278945
6665,-1.5422297,0.3454974
6666,-1.6343614,0.37271672
6667,-0.90240896,0.45890453
6668,-1.8819019,0.49399194
6669,-0.84548265,0.60760164
6670,-1.3178413,0.27516443
6671,-1.71541,0.36411798
6672,-0.7861431,0.45060048
6673,-0.7486777,0.5866005
6674,-0.91698235,0.5046535
6675,-0.89095384,0.6097604
6676,-0.89503187,0.60363334
6677,-0.54634583,0.480444
6678,-0.5919054,0.38840538
6679,-1.4769685,0.35603225
6680,-0.95953727,0.67808276
6681,-0.5397251,0.43428022
6682,-0.7748495,0.48658514
6683,-1.0311918,0.58331656
6684,-0.9668167,0.6271361
6685,-1.4099387,0.29068485
6686,-1.6137979,0.434358
6687,-1.2734336,0.5506646
6688,-1.4945929,0.31800976
6689,-1.0900943,0.6410869
6690,-1.3343201,0.3749619
6691,-1.2258747,0.34972227
6692,-1.3412701,0.30388778
6693,-1.1047788,0.51171625
6694,-1.5064478,0.3405141
6695,-1.4549932,0.3342171
6696,-1.1716967,0.2654036
6697,-0.8976452,0.49265093
6698,-1.000535,0.6279752
6699,-1.4514935,0.38444757
6700,-1.5348357,0.32652214
6701,-1.2551765,0.3199913
6702,-1.4344635,0.3758675
6703,-0.6373548,0.49415487
6704,-0.85276204,0.48568523
6705,-1.4694287,0.42502055
6706,-1.2654929,0.36759788
6707,-1.3734803,0.37731746
6708,-0.4666654,0.48189822
6709,-0.8597139,0.5681062
6710,-0.7373941,0.5433359
6711,-1.334863,0.31995124
6712,-1.0574756,0.23138039
6713,-0.8608617,0.568273
6714,-0.8284752,0.6233585
6715,-0.67672765,0.6598745
6716,-0.62750494,0.43401733
6717,-1.0008641,0.5107547
6718,-1.372458,0.37510386
6719,-1.5394814,0.34676424
6720,-1.4960647,0.34283027
6721,-1.458273,0.3173253
6722,-1.352048,0.31299725
6723,-1.5222515,0.3200552
6724,-1.3886042,0.37839764
6725,-1.4912093,0.49517652
6726,-1.6803272,0.43267345
6727,-0.93163276,0.516855
6728,-1.3653047,0.3470834
6729,-1.4131294,0.3747929
6730,-1.2667475,0.3640676
6731,-1.2700448,0.3280362
6732,-1.0824981,0.58674556
6733,-0.65481395,0.45837623
6734,-0.98910165,0.4961557
6735,-0.74804306,0.5309129
6736,-1.5036033,0.33175996
6737,-0.8311887,0.42951077
6738,-1.2443726,0.40840232
6739,-1.559483,0.37077102
6740,-1.4453045,0.37344536
6741,-1.52745,0.36288723
6742,-1.5028906,0.33717796
6743,-1.4178494,0.34305456
6744,-1.02654,0.6316239
6745,-0.666996,0.584282
6746,-1.380307,0.30263215
6747,-1.5792933,0.38014266
6748,-1.5718309,0.35870063
6749,-1.3128926,0.29478163
6750,-0.99627596,0.46153903
6751,-1.2657343,0.26697338
6752,-0.8498022,0.5182592
6753,-1.6043544,0.3719638
6754,-1.5125962,0.35479766
6755,-1.3706688,0.27421936
6756,-0.8716595,0.461725
6757,-1.0858696,0.65058887
6758,-1.2772436,0.31270555
6759,-1.1700329,0.61455464
6760,-1.3463997,0.3235061
6761,-1.6228442,0.40373307
6762,-1.271063,0.414391
6763,-1.0502572,0.24533767
6764,-1.6678566,0.3569901
6765,-1.320771,0.35087475
6766,-1.3245548,0.27611682
6767,-1.5867733,0.38762003
6768,-0.9986044,0.45789143
6769,-1.0240277,0.25113502
6770,-1.3745847,0.32963607
6771,-1.034697,0.5684525
6772,-1.4476717,0.588838
6773,-1.2547394,0.46065277
6774,-1.3622409,0.34501317
6775,-1.2558461,0.27873868
6776,-0.7154673,0.5507219
6777,-0.70694983,0.59269345
6778,-1.2753534,0.28938904
6779,-1.4665216,0.3690012
6780,-1.2191602,0.27760556
6781,-0.90429986,0.6277623
6782,-0.4305781,0.5933398
6783,-0.737942,0.4702354
6784,-0.6686655,0.44358364
6785,-1.4010319,0.34821036
6786,-1.1818166,0.30672282
6787,-1.278271,0.4388991
6788,-0.8240626,0.61836296
6789,-1.2828915,0.33552235
6790,-1.2528758,0.25011972
6791,-1.1172644,0.2519238
6792,-0.3553434,0.45495242
6793,-1.5305209,0.3537016
6794,-1.175137,0.27950194
6795,-1.3107584,0.29607478
6796,-1.3471488,0.36322185
6797,-0.83600354,0.7045652
6798,-1.5144491,0.36998
6799,-1.1493785,0.26301917
6800,-1.4329655,0.3357494
6801,-0.6375615,0.53702235
6802,-0.87112284,0.6519072
6803,-0.81265336,0.35822353
6804,-0.58784014,0.53236216
6805,-1.2632824,0.30125073
6806,-1.6583529,0.39398712
6807,-1.5587091,0.36863834
6808,-1.3715976,0.2852903
6809,-1.2600921,0.26073933
6810,-1.1836145,0.25771284
6811,-0.6631851,0.48129362
6812,-0.51918674,0.61009336
6813,-1.4260125,0.34651226
6814,-1.2902839,0.31140846
6815,-0.8903595,0.54873663
6816,-1.310146,0.32689834
6817,-0.92238855,0.52037644
6818,-0.7933756,0.6660119
6819,-1.226571,0.5175499
6820,-1.452687,0.3656935
6821,-1.2098212,0.6459947
6822,-1.3104137,0.28753015
6823,-0.9276493,0.5878925
6824,-0.7669797,0.584491
6825,-1.2111093,0.29620674
6826,-0.71338415,0.5682793
6827,-1.3838801,0.33633536
6828,-1.8146625,0.44456095
6829,-1.120842,0.2749541
6830,-1.5315198,0.37135032
6831,-1.2266557,0.269237
6832,-0.9617154,0.53011507
6833,-1.3633218,0.27636024
6834,-1.3291576,0.29723537
6835,-0.6397142,0.5609903
6836,-1.3270161,0.31431025
6837,-1.4816241,0.38378927
6838,-1.3388852,0.3899302
6839,-1.279797,0.2862349
6840,-1.5312698,0.31249335
6841,-1.4583052,0.38516375
6842,-1.0777457,0.55888283
6843,-1.0092025,0.2668519
6844,-0.9697494,0.21523252
6845,-1.2474669,0.2664622
6846,-1.2663274,0.29890886
6847,-0.8660821,0.67444545
6848,-1.403685,0.3455629
6849,-1.176592,0.26318845
6850,-1.152634,0.47719508
6851,-0.8712803,0.5582609
6852,-0.61287856,0.3827156
6853,-1.2433181,0.26164836
6854,-1.3304443,0.30868044
6855,-0.8910122,0.5779119
6856,-1.0906163,0.24875374
6857,-0.7188898,0.48782542
6858,-0.6517866,0.5256633
6859,-1.3227892,0.3112588
6860,-1.463067,0.30437773
6861,-0.7270346,0.57172215
6862,-1.0123603,0.545897
6863,-1.375759,0.29057214
6864,-1.2997661,0.31192622
6865,-1.6012338,0.34064895
6866,-0.94376206,0.5184431
6867,-1.3434557,0.33762395
6868,-1.466203,0.32036316
6869,-1.2757847,0.28799593
6870,-1.0506221,0.6776272
6871,-1.1971623,0.4962043
6872,-0.9148693,0.57800627
6873,-1.0837411,0.5996211
6874,-1.4804986,0.3029679
6875,-0.8657673,0.63871264
6876,-1.2803961,0.3257698
6877,-1.6822897,0.354119
6878,-1.4788302,0.36983904
6879,-1.0072098,0.24204841
6880,-0.8489815,0.52726597
6881,-0.85984933,0.6102566
6882,-0.7343894,0.62002116
6883,-1.1046004,0.58689356
6884,-1.6901593,0.35363212
6885,-1.1475276,0.26061392
6886,-0.5676318,0.53289366
6887,-1.3659745,0.28603315
6888,-1.3957443,0.40784812
6889,-1.3256127,0.29808372
6890,-0.5047114,0.44621536
6891,-1.5648936,0.40672362
6892,-0.80088526,0.49760294
6893,-1.4160504,0.36478308
6894,-0.9005915,0.5884054
6895,-1.4393977,0.3406451
6896,-0.7721546,0.5866148
6897,-0.73567545,0.46104553
6898,-0.5153928,0.47137472
6899,-1.1889527,0.37276456
6900,-1.6950102,0.535469
6901,-1.6584947,0.36654195
6902,-0.81242216,0.6437322
6903,-1.3332391,0.35358983
6904,-0.78056073,0.66832703
6905,-0.71505386,0.4861202
6906,-0.82434386,0.5793397
6907,-1.3591135,0.3064151
6908,-0.8034699,0.43681657
6909,-1.4127834,0.33496308
6910,-1.2765286,0.30134502
6911,-1.5091281,0.36568406
6912,-0.72356063,0.508055
6913,-1.3111205,0.29863402
6914,-1.368914,0.29799473
6915,-1.4307778,0.5037545
6916,-1.295425,0.34306982
6917,-1.3560877,0.35815263
6918,-0.789754,0.5333461
6919,-0.79772484,0.5227153
6920,-1.6523004,0.37699762
6921,-1.2740825,0.32299596
6922,-1.3231316,0.31213385
6923,-1.2114265,1.0279881
6924,-1.1080242,0.24990983
6925,-1.291161,0.25458115
6926,-0.6202808,0.51335907
6927,-1.3167075,0.33594167
6928,-0.76411855,0.58556557
6929,-0.91575766,0.552329
6930,-1.1243279,0.28449088
6931,-0.9552097,0.63814765
6932,-1.0080334,0.77928954
6933,-1.2762507,0.37486544
6934,-1.3075287,0.2899326
6935,-1.2345731,0.33753505
6936,-1.1823244,0.3606271
6937,-0.96835005,0.64327765
6938,-1.5751245,0.35752493
6939,-1.3059813,0.26617184
6940,-1.2796139,0.29970545
6941,-1.2645992,0.28508425
6942,-1.3001424,0.33979726
6943,-1.1444546,0.51167786
6944,-0.88062745,0.5032486
6945,-1.172274,0.5465573
6946,-1.2966392,0.33009726
6947,-0.97767586,0.51108223
6948,-0.6840769,0.604148
6949,-1.3628182,0.30067715
6950,-1.3794031,0.30258092
6951,-0.732782,0.5315795
6952,-1.0909777,0.62676436
6953,-1.3563316,0.30564773
6954,-1.1350982,0.7010524
6955,-0.9257705,0.5304396
6956,-1.3887718,0.36580732
6957,-1.4648148,0.35924682
6958,-1.6285324,0.36764705
6959,-1.5906938,0.39764252
6960,-1.2868209,0.34966397
6961,-1.4297454,0.28725109
6962,-1.04821,0.51873773
6963,-1.5327182,0.4174223
6964,-1.4274848,0.35219294
6965,-1.4306443,0.3376273
6966,-1.4997308,0.3332347
6967,-1.3821279,0.43679
6968,-1.0370126,0.63091713
6969,-1.408596,0.31744012
6970,-1.3012439,0.29893085
6971,-1.3005561,0.26539993
6972,-1.604171,0.3314536
6973,-1.5309712,0.381229
6974,-1.3632244,0.33240357
6975,-0.8167354,0.44403484
6976,-1.4999462,0.38317716
6977,-0.9254815,0.540901
6978,-1.4612648,0.3232933
6979,-1.4311953,0.9212468
6980,-1.8191675,0.38168746
6981,-0.59355104,0.49216074
6982,-1.4931642,0.45062605
6983,-0.65334356,0.46573913
6984,-1.5985632,0.36962333
6985,-1.3318472,0.32874814
6986,-1.4789865,0.3431173
6987,-1.4324344,0.417587
6988,-1.4090095,0.29621527
6989,-1.2605634,0.3280828
6990,-0.5266864,0.45878768
6991,-1.5814532,0.37630206
6992,-0.8133608,0.59026766
6993,-0.95651823,0.4705826
6994,-1.34323,0.29648718
6995,-0.76578176,0.55508834
6996,-1.3083959,0.29114735
6997,-1.0417444,0.67873806
6998,-1.3980998,0.2964649
6999,-1.4354396,0.3370691
7000,-1.2649279,0.32224253
7001,-1.3459153,0.3567342
7002,-1.5298749,0.35554287
7003,-0.48241898,0.3889403
7004,-1.0108007,0.6219204
7005,-1.157883,0.33172128
7006,-1.1799324,0.26363742
7007,-1.1609505,0.5645322
7008,-1.5224433,0.30598292
7009,-0.8871586,0.47953537
7010,-1.1954747,0.24383423
7011,-0.94947726,0.543001
7012,-1.4032505,0.34509206
7013,-1.2406363,0.3575392
7014,-1.5586897,0.3450528
7015,-1.5641794,0.38665405
7016,-1.0304414,0.21349864
7017,-0.8069328,0.4911728
7018,-1.3303229,0.28577206
7019,-0.92915475,0.5398309
7020,-0.5115267,0.543589
7021,-0.9886651,0.51986015
7022,-1.6109607,0.40143162
7023,-1.0184603,0.6132895
7024,-1.1359706,0.300136
7025,-1.278715,0.33524334
7026,-0.8248127,0.70100653
7027,-1.2118641,0.2704856
7028,-1.3642942,0.29529437
7029,-1.4086087,0.33680108
7030,-1.2963083,0.29647148
7031,-0.60758406,0.40334225
7032,-1.5533432,0.32454926
7033,-0.85313445,0.61291516
7034,-1.573681,0.39214224
7035,-1.4078044,0.34832326
7036,-0.72803205,0.5892622
7037,-1.1679782,0.256807
7038,-1.3991846,0.3177528
7039,-1.1729323,0.29898572
7040,-1.4714187,0.35926953
7041,-1.6139069,0.41076484
7042,-0.7017898,0.41580287
7043,-1.8062105,0.4866207
7044,-0.811928,0.7562193
7045,-1.3537487,0.29240674
7046,-1.1922556,0.27421418
7047,-0.9936298,0.52353
7048,-1.3090858,0.30500704
7049,-0.98529035,0.5657883
7050,-1.4223275,0.528016
7051,-1.2317048,0.29242307
7052,-0.76568246,0.6182451
7053,-1.4869504,0.33379203
7054,-0.81364524,0.6113878
7055,-1.3346578,0.27414787
7056,-1.3378158,0.27274948
7057,-1.436098,0.3357779
7058,-1.113329,0.2644852
7059,-0.84527534,0.49932712
7060,-0.92453647,0.45517713
7061,-1.4123466,0.3183482
7062,-1.2561469,0.47205973
7063,-1.3616067,0.28522632
7064,-1.1213315,0.8307708
7065,-1.1247176,0.5572803
7066,-1.3921143,0.3056508
7067,-0.5824075,0.5266632
7068,-1.749744,0.4233875
7069,-1.5328554,0.37908447
7070,-0.7526195,0.8056161
7071,-1.5058061,0.3503458
7072,-1.2259945,0.26995033
7073,-1.3079536,0.24995969
7074,-1.2531521,0.30572245
7075,-1.2556742,0.29228824
7076,-1.6670018,0.43176845
7077,-0.65577775,0.53656363
7078,-1.3112628,0.3165489
7079,-0.93069834,0.69827425
7080,-0.9052904,0.48589253
7081,-1.3433532,0.4847334
7082,-1.2800692,0.35775304
7083,-1.1679902,0.24675038
7084,-1.2326251,0.2741884
7085,-1.3038003,0.57239676
7086,-1.4109404,0.27887097
7087,-0.94310755,0.44087178
7088,-1.0936912,0.6633498
7089,-1.529869,0.35476398
7090,-0.54180956,0.43064207
7091,-0.5279426,0.5998227
7092,-1.4593369,0.30939227
7093,-0.67352086,0.5894067
7094,-1.610613,0.33603537
7095,-1.3048029,0.33312008
7096,-1.5732255,0.32302448
7097,-1.1918935,0.24141043
7098,-1.2699268,0.30237913
7099,-1.2552638,0.2746756
7100,-1.2802452,0.38501132
7101,-1.1960025,0.6477811
7102,-1.3250233,0.3576
7103,-0.94245833,0.45897573
7104,-1.6629691,0.40225127
7105,-1.4422394,0.35272887
7106,-1.5283012,0.28533828
7107,-0.89855474,0.56955487
7108,-1.0501947,0.6898386
7109,-1.0007644,0.55623853
7110,-1.1546385,0.65767807
7111,-1.5711839,0.40288728
7112,-1.2832893,0.3107004
7113,-1.190313,0.29222292
7114,-1.6307486,0.36824217
7115,-0.9363475,0.56077766
7116,-1.5910813,0.38107505
7117,-1.2579415,0.2950073
7118,-1.2793258,0.29342532
7119,-1.593362,0.410903
7120,-0.6272671,0.5229419
7121,-1.3393238,0.31682563
7122,-0.6632227,0.53945225
7123,-1.2156254,0.5414466
7124,-0.8919432,0.53234375
7125,-1.5147706,0.6450675
7126,-1.1786857,0.28347075
7127,-0.8875687,0.55150586
7128,-1.1895423,0.25076202
7129,-1.5964484,0.34663063
7130,-1.4751016,0.32925612
7131,-1.5029826,0.38463873
7132,-1.4654591,0.3539945
7133,-1.8723252,0.45100886
7134,-1.6418889,0.7102913
7135,-1.3671504,0.3405348
7136,-1.0839161,0.3217047
7137,-1.5064238,0.35405648
7138,-1.0360484,0.6418427
7139,-1.3137529,0.31267768
7140,-1.3159894,0.32384285
7141,-0.6468532,0.49704096
7142,-0.94504297,0.48105976
7143,-1.3126311,0.29984403
7144,-0.9683088,0.75726986
7145,-0.8565535,0.5281632
7146,-1.2100482,0.33003947
7147,-1.3380526,0.29537106
7148,-1.2848282,0.32591456
7149,-1.020765,0.5866387
7150,-1.4687128,0.28447998
7151,-0.76195174,0.50155604
7152,-0.6202839,0.5405597
7153,-0.60518277,0.47382975
7154,-0.8816463,0.46459314
7155,-1.4343214,0.3195843
7156,-1.536149,0.37514606
7157,-0.8368735,0.5013518
7158,-1.4679369,0.3679074
7159,-0.33517006,0.36377817
7160,-1.2218335,0.62254304
7161,-1.52513,0.3009474
7162,-1.6970288,0.43155602
7163,-0.83672714,0.57799727
7164,-1.2905698,0.47822896
7165,-1.4656532,0.31727666
7166,-0.5520158,0.56082726
7167,-1.1601197,0.23698765
7168,-0.806836,0.64229906
7169,-1.0481287,0.54571414
7170,-1.0806412,0.3392052
7171,-1.390728,0.29298607
7172,-1.4447386,0.36830083
7173,-0.8984757,0.69351625
7174,-1.1978288,0.26466227
7175,-1.1444395,0.49317202
7176,-1.4234688,0.2895056
7177,-1.4097689,0.35522574
7178,-1.4268514,0.33535257
7179,-1.3728633,0.3272702
7180,-1.3588235,0.30050203
7181,-0.9864075,0.5697486
7182,-1.0419384,0.27612808
7183,-1.6597537,0.38394544
7184,-1.4927385,0.28403664
7185,-1.3066596,0.29720777
7186,-1.36691,0.29589358
7187,-1.0654666,0.5858747
7188,-1.0333934,0.5503273
7189,-1.6399531,0.36872178
7190,-0.5039167,0.5856703
7191,-1.3860415,0.37724906
7192,-1.009478,0.6646517
7193,-0.49671537,0.50511724
7194,-0.3512346,0.52950764
7195,-1.3119105,0.52093893
7196,-1.4827429,0.30935436
7197,-1.0706459,0.6413748
7198,-1.4907097,0.2884627
7199,-1.3914118,0.28189585
7200,-0.75391126,0.48353088
7201,-1.5124477,0.3321113
7202,-1.4545785,0.28001025
7203,-1.2641014,0.27980244
7204,-1.5989518,0.36766213
7205,-0.9381186,0.5094755
7206,-1.3176144,0.30470154
7207,-0.2438826,0.38372672
7208,-1.466055,0.3443978
7209,-0.72929436,0.48256645
7210,-0.88635063,0.5662489
7211,-1.3214924,0.5280087
7212,-1.6064568,0.38917094
7213,-1.7330776,0.43606886
7214,-1.4720229,0.3394663
7215,-0.7652188,0.5283712
7216,-0.56783545,0.5139024
7217,-1.2907594,0.27214968
7218,-1.3760593,0.3224882
7219,-0.55514336,0.49067307
7220,-0.83075595,0.4664718
7221,-1.5438166,0.3913468
7222,-1.5731353,0.30996132
7223,-0.5493034,0.4516491
7224,-0.7474865,0.49845183
7225,-0.8234935,0.6582004
7226,-0.77492213,0.648196
7227,-1.4601668,0.33947322
7228,-1.2956871,0.33413222
7229,-1.4283533,0.309414
7230,-1.427869,0.31017134
7231,-1.2180833,0.26141918
7232,-1.596943,0.35530943
7233,-1.5669724,0.34137452
7234,-1.5099846,0.41641518
7235,-1.1131,0.6262114
7236,-1.0376927,0.5099637
7237,-1.1411326,0.3377661
7238,-1.3494493,0.28348345
7239,-0.7808335,0.47893935
7240,-1.3320819,0.36454004
7241,-0.9403403,0.67575234
7242,-1.3416076,0.31189257
7243,-1.0565076,0.21717763
7244,-1.3129193,0.33095986
7245,-1.627752,0.3439344
7246,-0.54168963,0.49163866
7247,-1.4520475,0.37915614
7248,-1.3780234,0.31588632
7249,-1.2329825,0.26163378
7250,-1.3743216,0.2990004
7251,-0.40836126,0.6003354
7252,-1.262457,0.34019646
7253,-1.5387743,0.34396434
7254,-1.3311493,0.28585896
7255,-0.9426537,0.63182473
7256,-1.6749682,0.3831715
7257,-1.2414879,0.2736701
7258,-0.95815545,0.44409096
7259,-0.6367221,0.58729434
7260,-1.3078809,0.29598323
7261,-1.3065338,0.30807713
7262,-1.3984486,0.38878843
7263,-1.3189366,0.3478317
7264,-1.0883249,0.53026867
7265,-1.7191211,0.43148032
7266,-1.417631,0.32979065
7267,-0.7812991,0.46142042
7268,-1.4371759,0.3324514
7269,-0.9613288,0.5125862
7270,-1.3430066,0.33194092
7271,-1.1194777,0.26766258
7272,-1.5236478,0.36689326
7273,-1.7798262,0.4314463
7274,-1.2793223,0.34894496
7275,-0.6013672,0.59885174
7276,-0.9320209,0.73101634
7277,-1.4454515,0.38289124
7278,-1.3889943,0.2984951
7279,-0.87349707,0.50947624
7280,-1.2087603,0.2761739
7281,-1.1981089,0.23540206
7282,-1.7367629,0.40056264
7283,-1.5664728,0.42245856
7284,-1.954808,0.39147782
7285,-1.6804724,0.3905627
7286,-1.4750569,0.35848898
7287,-0.7920714,0.6516248
7288,-1.1459216,0.2823429
7289,-0.6666407,0.56893796
7290,-1.6025928,0.38022742
7291,-1.5319912,0.3264397
7292,-0.79623216,0.72030485
7293,-1.0947689,0.20530593
7294,-1.5404929,0.3002949
7295,-1.5493348,0.3393217
7296,-1.4506052,0.34313625
7297,-1.4280636,0.40029916
7298,-0.61869466,0.52514946
7299,-1.2053895,0.29584467
7300,-1.5233905,0.3341493
7301,-1.6706814,0.41391847
7302,-1.2387743,0.33089074
7303,-0.9368,0.44781744
7304,-1.6450185,0.40160888
7305,-0.94045526,0.56462216
7306,-1.2006508,0.28979522
7307,-1.2524189,0.31089708
7308,-1.319863,0.30690247
7309,-0.8503083,0.5249024
7310,-0.7765794,0.5271629
7311,-0.92770714,0.59526676
7312,-1.1840942,0.2879254
7313,-1.5077736,0.32132915
7314,-1.3016313,0.327974
7315,-1.6216182,0.48982224
7316,-0.75385594,0.5074465
7317,-1.1975273,0.2518752
7318,-1.2477262,0.31018263
7319,-1.5823762,0.45613977
7320,-1.2465855,0.31475225
7321,-1.2901303,0.2818621
7322,-0.47946206,0.500323
7323,-1.5537708,0.38970107
7324,-1.2864684,0.24980278
7325,-1.2897851,0.28000754
7326,-0.77839625,0.6345225
7327,-1.1198663,0.30681872
7328,-1.8032216,0.39984605
7329,-1.5967697,0.33357954
7330,-1.4919562,0.3349638
7331,-1.3187174,0.30580097
7332,-1.1004837,0.31199792
7333,-0.59759134,0.57350755
7334,-0.77995354,0.6902847
7335,-0.5759477,0.5843205
7336,-0.6858727,0.53327745
7337,-1.3596605,0.31563893
7338,-1.3258308,0.30279875
7339,-0.73156947,0.48108557
7340,-1.6191553,0.3786889
7341,-0.6765606,0.512414
7342,-0.9056862,0.60611284
7343,-1.4051682,0.3506196
7344,-1.2663639,0.30254072
7345,-1.4294724,0.3359274
7346,-1.3381695,0.3338962
7347,-0.9191423,0.6450536
7348,-1.4590461,0.4146279
7349,-1.4040276,0.30650693
7350,-0.83376783,0.61984426
7351,-0.7968868,0.55420506
7352,-1.2558341,0.30161697
7353,-1.1945817,0.31044585
7354,-0.74082077,0.5802027
7355,-0.68401504,0.43723106
7356,-1.038416,0.5218897
7357,-0.72432077,0.52847046
7358,-1.4546623,0.3600502
7359,-1.6503752,0.3879331
7360,-1.4450718,0.31952262
7361,-0.7246878,0.6461415
7362,-1.2777603,0.30050597
7363,-1.2155166,0.57047695
7364,-0.8156368,0.49710327
7365,-0.9721247,0.7529512
7366,-1.0897245,0.5865637
7367,-1.3579514,0.29540956
7368,-1.2062109,0.4879325
7369,-1.5568688,0.35546583
7370,-0.6527984,0.57782716
7371,-1.307225,0.33577728
7372,-0.53121626,0.42514625
7373,-0.7764866,0.5723699
7374,-1.3272656,0.2788399
7375,-1.3768345,0.31931284
7376,-1.415331,0.33264986
7377,-0.7630089,0.55197144
7378,-1.2027855,0.29176116
7379,-1.5085437,0.36963832
7380,-0.9155522,0.66584605
7381,-0.63856375,0.64631265
7382,-1.395663,0.31550965
7383,-1.4703673,0.34098458
7384,-1.2508805,0.28819516
7385,-1.4148381,0.3434177
7386,-1.3784509,0.72503734
7387,-0.65682673,0.62255824
7388,-1.5707322,0.42280215
7389,-1.1063346,0.26789898
7390,-0.9891484,0.54288715
7391,-1.7782555,0.47996387
7392,-1.6443886,0.450049
7393,-1.5052222,0.34504423
7394,-0.75496346,0.56711096
7395,-1.1866909,0.5613846
7396,-0.12044734,1.7626489
7397,-1.1973624,0.73306066
7398,-1.0715938,0.7311823
7399,-1.3884225,0.35678285
7400,-1.1474154,0.29911402
7401,-1.5279747,0.4285723
7402,-1.543166,0.39303166
7403,-0.87521,0.65453976
7404,-1.3272558,0.7821563
7405,-1.2651672,0.32396498
7406,-0.823722,0.5927601
7407,-0.687865,0.48257425
7408,-1.2212673,0.51978505
7409,-1.3178794,0.33258343
7410,-0.7410523,0.40153977
7411,-1.7779306,0.45756683
7412,-1.0700235,0.5818987
7413,-1.3529251,0.29556727
7414,-0.48453513,0.4835764
7415,-0.5025061,0.5546196
7416,-0.2574854,0.44359517
7417,-1.8736501,0.43088207
7418,-1.3737607,0.313912
7419,-0.97611165,0.6110999
7420,-1.1518216,0.22769997
7421,-1.6314281,0.33336583
7422,-1.0188472,0.54896855
7423,-0.4925311,0.47441542
7424,-1.0915266,0.5843327
7425,-0.7713405,0.47550547
7426,-1.3443696,0.32739446
7427,-0.78059936,0.52936107
7428,-1.3336192,0.35768715
7429,-0.9968265,0.4511596
7430,-0.7953316,0.44454408
7431,-1.6136383,0.4264284
7432,-1.1577364,0.73487866
7433,-1.563621,0.37277547
7434,-1.3494967,0.36845452
7435,-1.0168085,0.5655386
7436,-1.5801513,0.38362905
7437,-1.3222955,0.3281476
7438,-0.77425665,0.47911158
7439,-1.4377317,0.3070285
7440,-1.353655,0.3275784
7441,-1.5704657,0.35073933
7442,-1.1123908,0.55189735
7443,-1.3885946,0.3004591
7444,-1.3268945,0.33859655
7445,-1.8398912,0.40231133
7446,-1.3439134,0.27673483
7447,-1.327628,0.26710564
7448,-1.3549953,0.2679568
7449,-0.98137313,0.5269737
7450,-1.03725,0.57657516
7451,-1.2542933,0.26443607
7452,-0.9112437,0.58530307
7453,-1.0316311,0.57539165
7454,-1.2006067,0.5346893
7455,-0.8889106,0.57818526
7456,-1.3270007,0.35185963
7457,-1.5758487,0.32458702
7458,-1.277882,0.26873592
7459,-1.3705673,0.37832466
7460,-1.2779485,0.28547984
7461,-1.5385563,0.3320558
7462,-0.8873195,0.5730493
7463,-1.5871207,0.42776
7464,-1.4008052,0.36325833
7465,-1.3163692,0.26061428
7466,-1.3677942,0.7289066
7467,-0.4051623,0.4914667
7468,-1.1631261,0.4562559
7469,-1.4710715,0.44247627
7470,-1.1014416,0.49992484
7471,-0.81372607,0.4594276
7472,-0.9050508,0.59311473
7473,-1.2691933,0.27608648
7474,-1.7597673,0.40172192
7475,-1.735181,0.40417477
7476,-1.6200511,0.34797516
7477,-1.3131064,0.34050763
7478,-1.4121127,0.30900314
7479,-1.4732714,0.39770147
7480,-1.746082,0.36740422
7481,-1.608417,0.3188026
7482,-1.3900249,0.27241275
7483,-1.2512655,0.29530418
7484,-1.287419,0.26188043
7485,-1.1004254,0.55835694
7486,-1.6160568,0.3622101
7487,-1.4439154,0.34968746
7488,-1.5363584,0.35469735
7489,-1.3529013,0.3221635
7490,-1.5308657,0.37352216
7491,-0.6520983,0.5596035
7492,-0.9421904,0.6640361
7493,-1.5416211,0.41498825
7494,-0.6039119,0.4287293
7495,-1.3125784,0.34499347
7496,-1.0747017,0.27629519
7497,-1.1653045,0.30970478
7498,-1.0332354,0.73654556
7499,-1.2010669,0.6617947
7500,-1.4195994,0.34684366
7501,-1.4335055,0.6048735
7502,-1.3177179,0.2948576
7503,-1.4048691,0.3403698
7504,-0.78026754,0.46945402
7505,-0.6565765,0.46528643
7506,-1.264895,0.2814452
7507,-0.58917516,0.590889
7508,-1.2791611,0.3462043
7509,-1.4267206,0.36082974
7510,-1.278463,0.32565966
7511,-0.6731469,0.62475145
7512,-1.6384622,0.40249112
7513,-1.3441129,0.29046535
7514,-1.6118473,0.388727
7515,-1.0351896,0.46788064
7516,-1.1246066,0.60930276
7517,-1.6228633,0.3751798
7518,-1.5711474,0.36643112
7519,-0.9283518,0.6057917
7520,-1.5163959,0.28365195
7521,-1.6227745,0.37158722
7522,-0.67507684,0.6308773
7523,-0.97960055,0.5170883
7524,-1.6031772,0.3784522
7525,-0.5396888,0.65281725
7526,-0.4791213,0.47204134
7527,-0.7874557,0.542658
7528,-0.981395,0.6844486
7529,-1.3240099,0.2828996
7530,-1.6221786,0.40642214
7531,-1.546523,0.36623374
7532,-1.1607078,0.26531702
7533,-1.5968062,0.37097633
7534,-0.82952136,0.4916234
7535,-1.1146907,0.21430244
7536,-1.5631545,0.38906693
7537,-1.7285542,0.41560706
7538,-1.4634221,0.33988288
7539,-1.0044813,0.5627
7540,-1.6349342,0.3319698
7541,-1.4983504,0.38976616
7542,-1.1434308,0.23579253
7543,-1.2087954,0.27932325
7544,-1.3767898,0.32849994
7545,-1.5348172,0.41667002
7546,-0.8522902,0.51043224
7547,-1.1729674,0.27831736
7548,-1.48963,0.3355409
7549,-0.7958826,0.47478122
7550,-0.71100116,0.48134762
7551,-1.398833,0.3252088
7552,-0.547086,0.4517677
7553,-1.2201363,0.25047067
7554,-1.6087903,0.4229401
7555,-1.4480551,0.34537518
7556,-0.94402415,0.52457947
7557,-1.0522738,0.19841437
7558,-1.0069009,0.2838428
7559,-1.4964731,0.33653805
7560,-1.3541657,0.32838148
7561,-1.2148329,0.3023691
7562,-1.4167191,0.40607744
7563,-1.2297702,0.26527044
7564,-0.6558773,0.5313723
7565,-1.4083027,0.32079756
7566,-1.1643221,0.28563377
7567,-1.3785248,0.31119603
7568,-1.1539936,0.27476385
7569,-0.6063762,0.5850697
7570,-1.8194206,0.43951917
7571,-0.7232211,0.43629348
7572,-0.5941228,0.52010584
7573,-1.3552371,0.26989344
7574,-0.9493204,0.54156274
7575,-0.9672262,0.5363533
7576,-0.6329038,0.5655925
7577,-1.5803756,0.35029316
7578,-1.3549248,0.34454072
7579,-1.4211361,0.36222297
7580,-1.303894,0.3168929
7581,-1.7640208,0.41457257
7582,-0.11974437,0.36023507
7583,-1.6775908,0.4016338
7584,-0.90361,0.51683575
7585,-1.2609241,0.27559337
7586,-1.1742189,0.29507774
7587,-1.4534743,0.3788982
7588,-0.689395,0.47346956
7589,-1.1470267,0.22292064
7590,-1.0472329,0.63048494
7591,-0.53030956,0.5392801
7592,-1.3503898,0.35855258
7593,-1.3257748,0.32816973
7594,-0.56982607,0.4380667
7595,-1.401354,0.33062065
7596,-1.4232993,0.31946075
7597,-1.2767724,0.29912585
7598,-1.4465982,0.3501009
7599,-1.4373419,0.3814163
7600,-0.77477854,0.5775049
7601,-1.1561266,0.26290667
7602,-1.2688344,0.30953267
7603,-1.6559889,0.36007068
7604,-1.3539972,0.3416199
7605,-1.4931787,0.304797
7606,-1.0342681,0.6048082
7607,-1.2527668,0.29393628
7608,-1.1267526,0.5290406
7609,-1.3770021,0.35147288
7610,-0.8884084,0.6339618
7611,-1.2303004,0.6570566
7612,-0.64426005,0.46405828
7613,-1.5458163,0.38140118
7614,-1.3163267,0.31835002
7615,-1.5965883,0.31575868
7616,-0.7995415,0.5254843
7617,-1.0603542,0.5777542
7618,-1.1472026,0.22894152
7619,-0.145262,0.40767905
7620,-0.6860903,0.44786438
7621,-1.4725461,0.3385318
7622,-1.5330983,0.37544054
7623,-1.5500929,0.41742706
7624,-1.320905,0.29453325
7625,-1.8061937,0.50537354
7626,-1.3297306,0.27196383
7627,-0.6603876,0.6272176
7628,-0.97753,0.6362462
7629,-1.2800217,0.29250616
7630,-1.3915036,0.36182642
7631,-1.2234116,0.32187212
7632,-1.4227016,0.30578414
7633,-0.8865977,0.5846316
7634,-1.5550059,0.34874016
7635,-1.4282064,0.36929026
7636,-1.2071747,0.27466944
7637,-1.3287987,0.35758206
7638,-1.3767953,0.3738258
7639,-1.5750476,0.3808979
7640,-0.91681695,0.49260288
7641,-1.2592294,0.28090554
7642,-0.7382283,0.51096326
7643,-0.6422039,0.46830553
7644,-0.89689505,0.52266383
7645,-0.79820585,0.4762955
7646,-1.0037614,0.54911005
7647,-1.4018685,0.27393502
7648,-1.488369,0.3528381
7649,-0.6635987,0.5414871
7650,-0.63930035,0.51530904
7651,-1.5714025,0.35429212
7652,-1.5233684,0.33602464
7653,-1.2509388,0.3314774
7654,-0.9732494,0.6460901
7655,-1.0389556,0.6120336
7656,-1.4142838,0.3669429
7657,-0.9370941,0.54159534
7658,-1.0241517,0.4970796
7659,-1.5659157,0.35684472
7660,-1.0135883,0.45945314
7661,-0.23136395,0.38028228
7662,-0.7566438,0.4713711
7663,-1.270914,0.30953783
7664,-1.5732849,0.33700663
7665,-1.440955,0.37755033
7666,-1.2765406,0.3577292
7667,-1.1920409,0.29646468
7668,-1.3197927,0.29598135
7669,-1.3717183,0.35969466
7670,-1.1992437,0.80499816
7671,-1.169337,0.28685743
7672,-1.1750072,0.31523094
7673,-1.3084244,0.28593186
7674,-1.4614248,0.33143806
7675,-1.0971905,0.53396446
7676,-1.4024197,0.29468608
7677,-1.2883735,0.5124052
7678,-0.75224113,0.5270627
7679,-1.4061885,0.31940275
7680,-0.86853445,0.550118
7681,-1.6028584,0.41355583
7682,-1.3912451,0.35806668
7683,-1.3892577,0.35048115
7684,-1.5270842,0.32770866
7685,-1.4869496,0.32344714
7686,-0.69908935,0.6021551
7687,-1.5235336,0.35873017
7688,-0.67443484,0.43636882
7689,-0.9777745,0.66126674
7690,-1.5813968,0.37270248
7691,-1.0159447,0.5926122
7692,-0.90342283,0.58064103
7693,-1.362228,0.27480817
7694,-1.0012089,0.5926873
7695,-1.1070569,0.601554
7696,-0.7660072,0.4445112
7697,-1.3066802,0.2849899
7698,-1.3046875,0.3017902
7699,-0.9925273,0.5667905
7700,-1.560992,0.4404783
7701,-0.81554693,0.55021995
7702,-1.4197956,0.3202098
7703,-0.93544406,0.5834543
7704,-1.0472522,0.6686622
7705,-1.6384795,0.35729247
7706,-1.3617947,0.3209458
7707,-1.5420129,0.3523029
7708,-1.5161127,0.33733934
7709,-1.415631,0.3342752
7710,-0.7706318,0.57310206
7711,-1.3025633,0.31201664
7712,-1.2730834,0.32910135
7713,-1.5107263,0.37079117
7714,-0.90772855,0.46103817
7715,-1.7545211,0.3979695
7716,-1.1140889,0.26584798
7717,-1.1436234,0.29177603
7718,-1.333355,0.34603962
7719,-1.4477769,0.29456782
7720,-1.2829909,0.28616008
7721,-0.37655708,0.44596544
7722,-1.0176284,0.30226058
7723,-0.72183496,0.5975738
7724,-0.76980436,0.44735196
7725,-1.3505021,0.29477304
7726,-0.4818317,0.48604593
7727,-1.1346276,0.55246145
7728,-1.485876,0.3363117
7729,-0.9785938,0.5986532
7730,-0.8884489,0.6202532
7731,-0.927819,0.55171597
7732,-1.5927782,0.34162185
7733,-1.2934103,0.29370615
7734,-1.2695414,0.29514372
7735,-1.3330057,0.33443204
7736,-1.209459,0.28886694
7737,-1.4886518,0.33956462
7738,-1.2397816,0.29187563
7739,-0.7894138,0.5501207
7740,-1.4290196,0.3852725
7741,-1.2666775,0.2678387
7742,-1.1726917,0.5355704
7743,-1.4928104,0.3779338
7744,-0.4149805,0.40724346
7745,-1.0464262,0.23675786
7746,-0.7962636,0.532523
7747,-1.4659992,0.44061837
7748,-1.3303943,0.37050164
7749,-1.493581,0.36563745
7750,-0.73439974,0.5241113
7751,-0.5358114,0.577997
7752,-1.3340198,0.29710102
7753,-1.2707733,0.31827524
7754,-1.5224414,0.38329092
7755,-1.1155176,0.29525572
7756,-1.5708511,0.40871993
7757,-1.452053,0.36126113
7758,-1.7015045,0.37594625
7759,-0.60911644,0.6062921
7760,-0.87072444,0.6244114
7761,-1.2289449,0.2822515
7762,-0.93107986,0.5156636
7763,-1.1656451,0.8424128
7764,-1.3741808,0.30931836
7765,-1.3439046,0.35680553
7766,-1.4456742,0.30168045
7767,-1.3687067,0.34389046
7768,-1.6584052,0.47430256
7769,-1.1333189,0.6512715
7770,-1.2999022,0.27856255
7771,-1.1849748,0.70605147
7772,-1.2742618,0.33098134
7773,-1.4679365,0.40789202
7774,-0.9136232,0.44088975
7775,-1.5093029,0.34758493
7776,-0.77041787,0.44108984
7777,-1.6638515,0.44822237
7778,-1.432356,0.31092697
7779,-1.17132,0.27826706
7780,-0.9398684,0.37948388
7781,-1.1306087,0.5394168
7782,-1.5882585,0.3659987
7783,-1.3522552,0.3365095
7784,-1.3119298,0.2904299
7785,-1.255999,0.26141188
7786,-0.74538124,0.59959036
7787,-1.3380711,0.3472251
7788,-1.1558383,0.3094625
7789,-1.424439,0.35898837
7790,-1.1963012,0.26476082
7791,-1.2629813,0.36972675
7792,-0.9939272,0.5923017
7793,-0.7911271,0.49920866
7794,-1.5452971,0.37150982
7795,-1.2623205,0.30113938
7796,-1.3727288,0.2808157
7797,-0.5272828,0.5115133
7798,-1.3251873,0.27809802
7799,-0.6096802,0.42398903
7800,-1.5531981,0.43216413
7801,-1.2285568,0.2793066
7802,-1.4247699,0.31712618
7803,-1.3436302,0.27838024
7804,-1.4525402,0.37233135
7805,-1.2995288,0.34100005
7806,-1.1288528,0.296777
7807,-0.7693882,0.55307865
7808,-1.4052515,0.31753808
7809,-1.2603252,0.25875792
7810,-1.450479,0.30029356
7811,-0.7090083,0.64951515
7812,-0.9763014,0.56217986
7813,-1.4417076,0.31084412
7814,-1.3630228,0.32132813
7815,-1.1440662,0.70390534
7816,-0.5804683,0.56714755
7817,-1.4101548,0.3560842
7818,-1.5362223,0.3917727
7819,-0.93996286,0.651502
7820,-1.3724089,0.34213397
7821,-0.67809314,0.5921965
7822,-0.6247058,0.504108
7823,-1.503426,0.4058182
7824,-1.4596872,0.37699547
7825,-1.23932,0.29250282
7826,-1.8223586,0.40577582
7827,-1.3483934,0.31915212
7828,-1.2307907,0.63288
7829,-1.6829528,0.41876253
7830,-0.65356934,0.55676144
7831,-1.5634422,0.39282557
7832,-0.9965648,0.43975583
7833,-1.3884009,0.29093894
7834,-1.4477597,0.32615897
7835,-0.8384149,0.81389666
7836,-0.6727336,0.514393
7837,-1.4740144,0.32856223
7838,-0.8223452,0.6250114
7839,-1.2667971,0.26775548
7840,-1.5057654,0.37012145
7841,-1.5517529,0.37035275
7842,-1.1555271,0.3367488
7843,-1.3010408,0.3541971
7844,-0.98846537,0.22382334
7845,-0.8476332,0.5376646
7846,-1.3093616,0.27558136
7847,-0.70174336,0.61310035
7848,-1.7758161,0.35655358
7849,-1.2389294,0.33014318
7850,-1.1541134,0.4663638
7851,-0.9430777,0.5678621
7852,-0.97925967,0.6128846
7853,-0.9804424,0.70689505
7854,-1.5995533,0.3804306
7855,-0.8878135,0.630531
7856,-0.4540442,0.48386946
7857,-1.6140345,0.408308
7858,-1.6687542,0.39226055
7859,-1.639483,0.38947222
7860,-1.3607585,0.2865401
7861,-1.1454122,0.253693
7862,-1.2203219,0.31025663
7863,-1.2785535,0.29186636
7864,-1.3643858,0.38559234
7865,-1.3444965,0.36205286
7866,-1.4872253,0.30420953
7867,-0.6515245,0.4218084
7868,-1.1156843,0.6370864
7869,-1.2657537,0.3297913
7870,-1.4422829,0.3536639
7871,-1.0187587,0.48638743
7872,-0.8459894,0.46017608
7873,-1.3326226,0.2974867
7874,-1.2191528,0.33766115
7875,-1.4324858,0.3406217
7876,-1.2794336,0.3501917
7877,-1.4767313,0.36596927
7878,-1.4076607,0.32515034
7879,-1.3394065,0.30409154
7880,-1.3080432,0.2845937
7881,-1.293184,0.32808116
7882,-0.5807676,0.4820883
7883,-0.69256777,0.7223539
7884,-1.167182,0.2551236
7885,-1.2606905,0.33259004
7886,-1.4344373,0.36545056
7887,-1.2854908,0.24093004
7888,-0.93494034,0.46365184
7889,-1.6996624,0.36374912
7890,-1.3243582,0.29400945
7891,-1.4304336,0.38107255
7892,-1.5223747,0.37492388
7893,-0.7370371,0.5014996
7894,-0.80015874,0.52589345
7895,-0.9577064,0.5468231
7896,-1.2564034,0.31520587
7897,-0.8412058,0.42143723
7898,-1.290119,0.3202943
7899,-1.169679,0.30935052
7900,-1.3468199,0.28075323
7901,-1.0689721,0.275932
7902,-1.2088153,0.32688788
7903,-1.2148805,0.29416358
7904,-1.5493355,0.3828014
7905,-1.351956,0.3265865
7906,-1.3378679,0.29599705
7907,-1.2865002,0.27209365
7908,-1.2587093,0.29113108
7909,-0.86224294,0.46716017
7910,-1.0502577,0.48549396
7911,-1.7437623,0.38942662
7912,-1.3003212,0.27294204
7913,-0.67631394,0.43891218
7914,-1.3616673,0.32397106
7915,-0.9836725,0.40915057
7916,-1.376947,0.2866003
7917,-0.79765487,0.6915196
7918,-1.7097756,0.39033616
7919,-1.3881036,0.33358413
7920,-0.9950635,0.41838366
7921,-1.4340466,0.31078178
7922,-1.3992811,0.2904026
7923,-1.5258682,0.38356146
7924,-1.0539727,0.26265007
7925,-0.88024473,0.5934478
7926,-1.3687934,0.36779806
7927,-1.2049192,0.33801943
7928,-0.87001526,0.5333939
7929,-1.179437,0.3347728
7930,-1.3636394,0.32792923
7931,-0.85713446,0.7609957
7932,-1.3759154,0.3165413
7933,-1.4981246,0.33891734
7934,-1.5177841,0.28643107
7935,-0.6846343,0.45692027
7936,-1.3316185,0.30348235
7937,-1.2500786,0.3416873
7938,-1.3847001,0.2833719
7939,-1.2940881,0.341675
7940,-1.0929853,0.2888413
7941,-1.2789646,0.36306688
7942,-0.64301634,0.49117842
7943,-0.91976196,0.48938653
7944,-1.5251725,0.32006454
7945,-1.1817459,0.5177374
7946,-1.3269396,0.3534484
7947,-0.92010796,0.46810508
7948,-0.5075066,0.45757785
7949,-1.2149177,0.30661854
7950,-0.7713599,0.5660509
7951,-1.188689,0.27111104
7952,-1.3949137,0.34310463
7953,-1.41534,0.31702334
7954,-1.4679637,0.36063057
7955,-1.5214189,0.31163737
7956,-1.2845458,0.37143803
7957,-0.6209596,0.2922298
7958,-1.4483701,0.30489612
7959,-0.75812864,0.5825013
7960,-0.9238189,0.56122774
7961,-1.519872,0.35124913
7962,-1.2894161,0.3235442
7963,-1.3970238,0.3236895
7964,-1.275194,0.3230714
7965,-1.0053879,0.6683688
7966,-1.4834927,0.30666566
7967,-1.304653,0.35728702
7968,-1.2437366,0.27918947
7969,-1.275782,0.28324276
7970,-1.0512675,0.6260741
7971,-1.1084472,0.47992694
7972,-0.8483611,0.4935226
7973,-1.3694551,0.33347714
7974,-0.87060094,0.47067335
7975,-0.8490671,0.5807702
7976,-1.5902096,0.40780607
7977,-1.3937792,0.63282204
7978,-1.3156744,0.3048232
7979,-1.1352451,0.4911797
7980,-1.2692627,0.35194337
7981,-1.5631083,0.35434923
7982,-1.3249085,0.35700488
7983,-0.9300508,0.554884
7984,-0.6735633,0.67057264
7985,-0.65050364,0.42209592
7986,-1.6915375,0.40422863
7987,-1.3836458,0.39030838
7988,-0.9317896,0.55589753
7989,-1.3442646,0.3428981
7990,-1.0621661,0.7622384
7991,-0.8244532,0.70567715
7992,-0.5852808,0.47510567
7993,-1.0480977,0.6122949
7994,-1.6962154,0.411496
7995,-0.9556822,0.5193195
7996,-0.9496718,0.57213384
7997,-0.92241406,0.6006866
7998,-1.4637331,0.32849187
7999,-1.3142848,0.31378743
8000,-1.3580575,0.33590996
8001,-0.86797607,0.52284
8002,-0.9285672,0.5571368
8003,-1.042034,0.5523387
8004,-1.6334459,0.33151934
8005,-1.2254184,0.25413677
8006,-0.8048231,0.54842716
8007,-0.56486315,0.5310557
8008,-1.3356273,0.277228
8009,-1.5236927,0.32022575
8010,-1.2772049,0.35204744
8011,-1.0236199,0.566305
8012,-1.1574903,0.27193856
8013,-1.0349737,0.5402842
8014,-1.201942,0.3436971
8015,-1.6062008,0.37900892
8016,-1.2247403,0.7075465
8017,-1.221794,0.28483477
8018,-1.3496735,0.33219656
8019,-1.3020375,0.3251041
8020,-0.6073407,0.4568377
8021,-1.4908887,0.2994099
8022,-1.5937289,0.36082882
8023,-1.188867,0.25286862
8024,-0.68306977,0.50163984
8025,-1.2348969,0.2599769
8026,-1.5967008,0.37856716
8027,-1.2190922,0.65420437
8028,-0.43681172,0.5107565
8029,-1.3171681,0.32543358
8030,-0.5972257,0.46321028
8031,-0.7240985,0.5843717
8032,-1.6354297,0.43313295
8033,-0.83578354,0.49650553
8034,-1.4834002,0.40152252
8035,-0.7986364,0.5145062
8036,-1.0239314,0.51371515
8037,-1.4079512,0.34094897
8038,-1.1579967,0.60733074
8039,-1.5514377,0.42881525
8040,-1.5816994,0.3697326
8041,-1.4100766,0.37481546
8042,-1.3277464,0.2607892
8043,-1.5626304,0.3314002
8044,-1.0570455,0.60575545
8045,-1.2548687,0.3390327
8046,-0.61495477,0.43455702
8047,-1.3865842,0.36446667
8048,-1.4247828,0.36746618
8049,-1.2849966,0.284471
8050,-1.3190137,0.37246868
8051,-1.2590294,0.33342302
8052,-1.444654,0.34216464
8053,-0.64177406,0.526105
8054,-1.3722827,0.3047994
8055,-1.3521795,0.35106903
8056,-1.5291817,0.39322296
8057,-1.2027372,0.5820722
8058,-0.6612135,0.4847485
8059,-1.1687398,0.30995798
8060,-1.421247,0.27368432
8061,-1.460849,0.29792762
8062,-1.3817705,0.29139984
8063,-1.4435325,0.30180386
8064,-1.5711044,0.35589147
8065,-1.1657163,0.7405322
8066,-1.4549783,0.3997434
8067,-1.2000015,0.28168556
8068,-1.3293225,0.26561522
8069,-1.6568874,0.30171305
8070,-1.1920688,0.2594417
8071,-1.1789299,0.4877521
8072,-1.7930073,0.4093336
8073,-0.9125211,0.5420989
8074,-1.3416231,0.28187788
8075,-1.3692505,0.29210758
8076,-1.040861,0.5340377
8077,-0.8422078,0.7390737
8078,-1.3848233,0.33257884
8079,-1.093977,0.39075866
8080,-1.1962967,0.298399
8081,-0.7099803,0.5571333
8082,-0.59999865,0.47718453
8083,-1.0259465,0.38559586
8084,-0.96130824,0.5020252
8085,-1.5405496,0.3262792
8086,-0.5886389,0.4501739
8087,-1.3338704,0.3273385
8088,-1.3923173,0.3447371
8089,-0.8363285,0.4405179
8090,-1.3904529,0.33136252
8091,-0.6840047,0.5366619
8092,-1.2596883,0.33390722
8093,-1.3033838,0.33420596
8094,-1.3103889,0.29645398
8095,-1.2142848,0.3041579
8096,-1.5551566,0.42556027
8097,-1.2459934,0.33033547
8098,-1.8572618,0.42913234
8099,-1.7025766,0.3787978
8100,-1.0863581,0.23319265
8101,-1.350338,0.30550763
8102,-1.5644634,0.4008411
8103,-1.1517445,0.18256931
8104,-1.5903184,0.3524162
8105,-0.9751811,0.52129835
8106,-1.5532727,0.38788596
8107,-0.82122093,0.57075566
8108,-0.8116749,0.5807274
8109,-1.3780571,0.54922885
8110,-1.4561557,0.35671657
8111,-1.6980071,0.33479688
8112,-0.87593865,0.5728965
8113,-1.430505,0.35396677
8114,-0.68518835,0.4434086
8115,-1.421158,0.29615384
8116,-1.4682637,0.41252688
8117,-1.3671713,0.28774625
8118,-0.783248,0.5907933
8119,-1.2866637,0.34832266
8120,-1.324899,0.34696856
8121,-1.5905592,0.33810097
8122,-1.6978078,0.38128906
8123,-1.5506706,0.3157606
8124,-0.71883315,0.46474606
8125,-1.2547916,0.31299332
8126,-0.7822123,0.534385
8127,-0.7681992,0.59799117
8128,-1.1014615,0.6894035
8129,-1.261317,0.26026395
8130,-1.5657688,0.33156312
8131,-1.07079,0.23050545
8132,-0.753767,0.43959153
8133,-0.70380425,0.41949943
8134,-1.207676,0.27148858
8135,-1.2672949,0.27869105
8136,-0.55336744,0.5230831
8137,-1.6376882,0.44175345
8138,-1.1819663,0.5496819
8139,-1.213681,0.31858248
8140,-1.3373098,0.5358273
8141,-1.2230479,0.25924864
8142,-0.5819615,0.5136853
8143,-0.550543,0.49695832
8144,-1.1456265,0.5820266
8145,-1.2865632,0.31621975
8146,-0.5432177,0.47720796
8147,-1.2752371,0.28809085
8148,-1.3342927,0.32864696
8149,-0.8893667,0.6033602
8150,-0.60715926,0.5135765
8151,-1.4470898,0.3826702
8152,-0.8622516,0.5452335
8153,-1.2923355,0.32640228
8154,-1.284279,0.57248837
8155,-1.5098143,0.34331435
8156,-1.4266821,0.32557172
8157,-1.4873844,0.38898918
8158,-1.0671041,0.5884225
8159,-1.5822494,0.381895
8160,-1.3869717,0.31622
8161,-1.2903944,0.3035076
8162,-0.87145495,0.592503
8163,-1.4752343,0.34690645
8164,-1.0666213,0.46918398
8165,-0.8632512,0.60057986
8166,-1.0158622,0.60490394
8167,-1.6957686,0.39371064
8168,-1.2675835,0.29853678
8169,-1.2875104,0.3146267
8170,-1.1205527,0.26891083
8171,-1.0307821,0.48629737
8172,-0.48573795,0.56261265
8173,-1.2816814,0.30638552
8174,-1.4790951,0.36888644
8175,-0.5310232,0.7023698
8176,-1.3910341,0.33435926
8177,-1.4026651,0.32722843
8178,-1.4080821,0.35646018
8179,-1.5312701,0.32747334
8180,-1.3009938,0.28102028
8181,-0.86979616,0.49156907
8182,-1.5743837,0.3465312
8183,-1.4368678,0.34218863
8184,-0.9367191,0.6806924
8185,-1.3180538,0.5435156
8186,-0.8569022,0.6363809
8187,-1.7050596,0.40471604
8188,-0.55084527,0.4566021
8189,-1.3178699,0.37153506
8190,-0.7049298,0.51442295
8191,-1.232619,0.27369303
