,mean,sd
0,-1.672566,0.30852723
1,-1.5586656,0.32404327
2,-2.293421,0.33104718
3,-1.2717026,0.3444887
4,-1.4609408,0.23799504
5,-1.7873,0.31102842
6,-0.9325028,0.15934306
7,-1.486745,0.24466465
8,-1.4178337,0.28544572
9,-1.4898262,0.2700568
10,-1.7017027,0.36705363
11,-1.8149898,0.33617383
12,-1.6956345,0.2740423
13,-1.268174,0.20863003
14,-1.0842766,0.22394007
15,-1.3283856,0.29744288
16,-1.1344451,0.2734904
17,-1.6983323,0.34497303
18,-1.248261,0.23144019
19,-1.824639,0.39241877
20,-1.7351577,0.26418263
21,-1.1507907,0.18334268
22,-1.1238146,0.26362547
23,-1.2996945,0.29760897
24,-2.2054474,0.3196151
25,-1.5385402,0.27625614
26,-1.6439291,0.29092973
27,-2.096259,0.39600614
28,-1.2770332,0.24865103
29,-1.5667098,0.24864271
30,-1.2976526,0.20783916
31,-1.0908861,0.16031691
32,-1.8431453,0.29363224
33,-1.563379,0.305889
34,-1.5361168,0.26876348
35,-1.5537856,0.24064897
36,-1.4861981,0.29948068
37,-1.4130669,0.22334802
38,-1.648323,0.30973333
39,-0.90864205,0.16964528
40,-1.5663658,0.2846809
41,-1.7011462,0.3251795
42,-1.9389076,0.30393884
43,-1.2286718,0.22319947
44,-1.3626599,0.23854369
45,-1.9287629,0.31275046
46,-1.5875413,0.2994508
47,-1.8120625,0.3189686
48,-2.2119596,0.36178738
49,-2.3123438,0.4293408
50,-1.690205,0.2612425
51,-1.2256067,0.26866713
52,-0.87664396,0.14838287
53,-1.8925165,0.2684718
54,-1.9251661,0.2802931
55,-1.7487401,0.3236889
56,-1.5878388,0.3452554
57,-1.7361926,0.42350537
58,-1.0207309,0.19563225
59,-1.5644486,0.2529105
60,-1.2224115,0.23763722
61,-1.4052396,0.21766499
62,-1.8494722,0.27756357
63,-1.5895442,0.2509932
64,-1.4600848,0.22986335
65,-1.5212471,0.28250793
66,-1.8053342,0.34508944
67,-1.642739,0.26638535
68,-1.2119918,0.22683387
69,-1.702142,0.45611894
70,-1.5333005,0.25312933
71,-1.9699353,0.3580543
72,-1.5840646,0.3360395
73,-1.8671899,0.33664697
74,-1.9624579,0.3078025
75,-1.300215,0.22726348
76,-1.1746123,0.29363242
77,-1.5494574,0.24965675
78,-1.7466549,0.26406494
79,-2.022732,0.35377884
80,-1.4761664,0.24043792
81,-1.9720485,0.32646957
82,-1.1796931,0.2659402
83,-1.9746156,0.32374254
84,-1.9583777,0.3372118
85,-1.7895284,0.30229074
86,-1.5278151,0.27323225
87,-1.6960204,0.31187904
88,-1.9943973,0.33499023
89,-1.972362,0.3709959
90,-2.0498662,0.33448264
91,-1.0176758,0.15027295
92,-1.9627922,0.35077298
93,-1.2658845,0.22246635
94,-1.720476,0.24684928
95,-1.9012876,0.35445714
96,-1.6295023,0.34445757
97,-1.7832278,0.32239485
98,-1.622862,0.36906722
99,-1.9042354,0.35947016
100,-2.061062,0.3843484
101,-1.4774987,0.277309
102,-1.6137804,0.24005942
103,-1.2613873,0.34748003
104,-1.6869149,0.25268567
105,-1.3816824,0.26449618
106,-1.4818769,0.23547277
107,-1.5560275,0.2582479
108,-1.2865627,0.19628835
109,-1.6882014,0.36139104
110,-2.0300388,0.29185638
111,-2.0488565,0.4114601
112,-0.043409165,0.25424442
113,-1.6737146,0.310298
114,-2.2235596,0.31956017
115,-1.7252496,0.29718566
116,-1.2530084,0.21375556
117,-1.8668315,0.37273717
118,-1.6301705,0.29128432
119,-1.8399762,0.33926165
120,-1.6837926,0.21059148
121,-1.8424453,0.3050825
122,-1.6978934,0.33654514
123,-1.4997301,0.26108456
124,-1.444603,0.28417724
125,-0.2582721,0.46880287
126,-1.7783092,0.3318077
127,-1.6358583,0.3467595
128,-1.059443,0.2414012
129,-1.5759312,0.2585934
130,-1.6139023,0.27874395
131,-1.5290837,0.25397554
132,-1.7125875,0.30961087
133,-1.3454967,0.19553815
134,-2.173672,0.3188312
135,-1.194938,0.2468563
136,-1.4280457,0.28223065
137,-1.8307271,0.29138574
138,-1.1683007,0.2041257
139,-1.2138311,0.24452548
140,-2.1488128,0.40103608
141,-1.2241795,0.21759097
142,-0.9124339,0.18493931
143,-1.6122665,0.35093758
144,-0.95728934,0.22732386
145,-1.7767725,0.27093157
146,-2.0765207,0.321058
147,-1.9568222,0.30080637
148,-1.2586331,0.23212841
149,-2.2770364,0.4072954
150,-1.6703987,0.29996267
151,-1.3089565,0.2863125
152,-1.4992218,0.25552523
153,-1.5155993,0.24832068
154,-1.3281354,0.21440853
155,-1.4438466,0.31883782
156,-1.6441138,0.35042688
157,-1.3534182,0.25713295
158,-1.853973,0.26930943
159,-1.6395335,0.2575765
160,-1.6548009,0.29052398
161,-1.3635798,0.24996832
162,-1.2530224,0.21652758
163,-1.4839221,0.23195034
164,-1.4778136,0.27212575
165,-1.2262771,0.2106002
166,-1.6464357,0.23539357
167,-1.8732382,0.2965384
168,-1.5620987,0.22538495
169,-1.5222528,0.3210323
170,-1.5108898,0.2570359
171,-1.3794158,0.248741
172,-1.762872,0.26305464
173,-1.2593364,0.23960452
174,-1.8524733,0.28139725
175,-1.4907618,0.26035872
176,-1.2233897,0.34314078
177,-1.561402,0.34701362
178,-1.3440121,0.21235849
179,-1.5691788,0.3433581
180,-1.8531163,0.2797969
181,-0.8462358,0.2979826
182,-1.6869934,0.373142
183,-0.049452595,0.56592065
184,-1.1823947,0.18556364
185,-1.2547793,0.20551322
186,-1.0104978,0.14250109
187,-1.9028696,0.31330588
188,-1.6665468,0.28346214
189,-1.2089113,0.24823058
190,-1.0838411,0.23616977
191,-1.4447628,0.25814906
192,-1.5599701,0.28408137
193,-1.7459831,0.31734842
194,-1.5356858,0.27977094
195,-1.1216195,0.19796866
196,-1.2441452,0.20970784
197,-1.521627,0.31659794
198,-1.1091485,0.22151114
199,-2.1301544,0.31771848
200,-1.6456895,0.32291654
201,-1.9463097,0.30904683
202,-1.1354415,0.24258591
203,-2.0474205,0.3380215
204,-0.9374409,0.2589933
205,-1.3220104,0.23265432
206,-1.7049856,0.29923174
207,-2.1193674,0.34603435
208,-1.391357,0.26157174
209,-1.7806978,0.35592666
210,-1.5570204,0.23846297
211,-1.6840181,0.32540345
212,-1.6260524,0.28877178
213,-1.1902189,0.1923635
214,-1.9561319,0.40045562
215,-1.517627,0.26137948
216,-1.4816084,0.289715
217,-1.0804191,0.20826404
218,-1.6221232,0.3302059
219,-1.1635598,0.18665822
220,-1.4553105,0.2310024
221,-1.8631009,0.34212065
222,-1.4657978,0.27078137
223,-1.3073124,0.20422332
224,-1.7951032,0.32219988
225,-1.6636558,0.33959243
226,-0.73503995,0.14190932
227,-2.049658,0.3036811
228,-2.1183758,0.3631352
229,-1.6183625,0.3286043
230,-1.0501981,0.18574634
231,-1.6823773,0.2814531
232,-1.505363,0.2854894
233,-2.2067573,0.38612595
234,-1.3584079,0.24297373
235,-1.9075534,0.3814991
236,-1.1659154,0.22850391
237,-1.9079033,0.33757883
238,-1.8332322,0.3514303
239,-1.1197867,0.23724306
240,-1.5708903,0.31249526
241,-1.3738425,0.27423534
242,-1.5640423,0.25348923
243,-2.2908127,0.29260376
244,-1.4447893,0.32837895
245,-2.0271232,0.31387398
246,-2.012827,0.30348888
247,-1.6814395,0.34367436
248,-1.7390724,0.25233975
249,-1.4535189,0.25963068
250,-2.0977411,0.45337185
251,-1.7916305,0.33399144
252,-1.6807151,0.3918804
253,-1.1607765,0.2471454
254,-1.471825,0.25870463
255,-2.0691576,0.45104286
256,-2.3672132,0.34325874
257,-1.9632869,0.30555275
258,-1.1008582,0.199138
259,-1.9514638,0.37822494
260,-1.1814549,0.27045518
261,-1.7020984,0.35149822
262,-1.6900237,0.25832954
263,-1.4401685,0.26142386
264,-1.4287398,0.3256907
265,-0.9807137,0.19954938
266,-1.497683,0.25804693
267,-1.5433795,0.3062902
268,-1.7341146,0.32443053
269,-1.3503691,0.21545348
270,-1.8314202,0.28926867
271,-1.7129309,0.31139657
272,-1.6185133,0.26229367
273,-1.0168036,0.19370106
274,-1.7124008,0.31703585
275,-1.126359,0.22301835
276,-1.7906902,0.33330464
277,-1.2880576,0.221518
278,-1.7029898,0.29207477
279,-2.1377182,0.35782096
280,-1.0528141,0.201323
281,-1.5663075,0.25308177
282,-2.1615188,0.3415316
283,-1.8228034,0.3120246
284,-1.6077206,0.2651517
285,-1.604122,0.2571206
286,-1.7922668,0.2926293
287,-1.5698335,0.27679667
288,-1.4565365,0.24185507
289,-1.0221033,0.2750138
290,-1.7347114,0.35938722
291,-1.8992348,0.34316745
292,-1.6125247,0.35207996
293,-1.4363661,0.3865521
294,-1.2208856,0.19919494
295,-1.5155237,0.28030136
296,-1.7565911,0.306469
297,-1.316762,0.23884867
298,-1.6468054,0.30373934
299,-1.2410493,0.2498541
300,-1.6975377,0.24986756
301,-1.2754061,0.19438824
302,-1.4677643,0.2277989
303,-1.1776596,0.18150215
304,-1.1409998,0.23351999
305,-1.1574799,0.17700848
306,-2.00875,0.35919225
307,-1.5610528,0.34910825
308,-2.1236753,0.28647476
309,-1.6858476,0.26721993
310,-1.7789192,0.37660435
311,-2.4339306,0.3758016
312,-1.9073964,0.29234657
313,-1.5216106,0.27534732
314,-1.9082458,0.22512636
315,-0.7822874,0.1661157
316,-1.5617915,0.27955
317,-1.5365891,0.276971
318,-1.2573148,0.2034584
319,-1.5092642,0.25626516
320,-1.3975369,0.22087775
321,-2.012662,0.37988368
322,-1.0785775,0.21748942
323,-1.1485554,0.24284418
324,-2.2061472,0.3819915
325,-1.6126903,0.33002356
326,-1.6902955,0.2673675
327,-2.2361999,0.32450894
328,-1.8747333,0.33134782
329,-1.9282455,0.30826247
330,-1.4118774,0.2313138
331,-1.6571519,0.37884572
332,-1.5496827,0.2243629
333,-1.4771577,0.2956335
334,-1.3922986,0.23527703
335,-1.2148161,0.32426745
336,-1.0635571,0.2134358
337,-1.0607642,0.18540305
338,-1.4683396,0.27125874
339,-1.2026734,0.23797071
340,-1.8790383,0.26188254
341,-1.4354122,0.2680398
342,-1.8801347,0.24045567
343,-1.2387569,0.2712887
344,-1.97166,0.30172807
345,-1.198373,0.22081904
346,-1.3380498,0.2703383
347,-1.5323561,0.3023183
348,-1.8703384,0.33178616
349,-0.04694029,0.86531746
350,-1.4821715,0.27207485
351,-1.3296219,0.28317896
352,-1.0080962,0.20438577
353,-2.0179641,0.32798815
354,-1.0984911,0.19243519
355,-1.5964177,0.2108557
356,-1.8827138,0.2876505
357,-1.1148411,0.24516605
358,-1.4213715,0.29522192
359,-1.4241579,0.23090382
360,-1.5095367,0.31544176
361,-1.5972142,0.31141013
362,-1.5075587,0.3031585
363,-1.7949858,0.35752016
364,-2.1092942,0.37270924
365,-1.074413,0.19656159
366,-1.6624736,0.29142696
367,-1.6871372,0.30379063
368,-1.8295729,0.26452303
369,-1.7119259,0.20949747
370,-1.7275658,0.31300685
371,-1.4680208,0.32861707
372,-1.4100379,0.20645946
373,-1.0147948,0.19988771
374,-1.6137223,0.26014534
375,-1.2118831,0.2137128
376,-1.2878232,0.27346936
377,-1.7490314,0.27359
378,-1.2671015,0.2235583
379,-1.2487084,0.2553488
380,-1.0619287,0.25034404
381,-1.3294234,0.30280194
382,-1.3739792,0.21408732
383,-1.8133569,0.31467584
384,-1.457394,0.24241015
385,-1.4329547,0.42362633
386,-1.2893375,0.18171951
387,-1.9695969,0.2921366
388,-1.8071306,0.30190673
389,-1.8568048,0.29083574
390,-2.0447,0.22793907
391,-1.366473,0.2628895
392,-1.6719311,0.27951896
393,-1.7867967,0.2802176
394,-1.5030347,0.2839412
395,-1.7842815,0.36562937
396,-1.870332,0.262075
397,-1.8810345,0.2494724
398,-1.2597586,0.26845276
399,-1.7885901,0.33853462
400,-1.4191705,0.2895569
401,-1.3922338,0.282848
402,0.092160664,1.1323364
403,-0.0138233565,0.42692372
404,-2.0469174,0.33330482
405,-1.4147869,0.29107544
406,-1.2914398,0.24966533
407,-1.8261333,0.30608857
408,-1.624032,0.28671038
409,-1.7176263,0.40685844
410,-1.9632422,0.31883165
411,-1.0539963,0.23985794
412,-1.4678181,0.24943353
413,-1.7262226,0.27003065
414,-2.0855374,0.28480163
415,-1.4765556,0.28476587
416,-1.1782893,0.22967826
417,-1.0127679,0.17551555
418,-1.8314338,0.28114665
419,-1.74695,0.25830457
420,-1.8021743,0.25537756
421,-1.7679197,0.43620196
422,-1.7489887,0.32092366
423,-1.0244237,0.19564854
424,-2.1186721,0.34969953
425,-1.7590168,0.36752725
426,-1.4536548,0.3160936
427,-1.1072812,0.20925806
428,-1.5210929,0.37455773
429,-1.6451042,0.31694308
430,-1.2901324,0.20352247
431,-1.1673928,0.22363228
432,-1.2701634,0.24735205
433,-1.4853578,0.30039808
434,-1.1072288,0.2266681
435,-1.3536463,0.25049332
436,-1.4299983,0.24332719
437,-2.2845936,0.38297042
438,-1.7073843,0.29401383
439,-1.4969187,0.27575448
440,-1.0516492,0.17050327
441,-1.5247463,0.30414248
442,-1.075239,0.19893725
443,-1.7599705,0.35385203
444,-1.2277577,0.2205117
445,-2.130971,0.30947262
446,-1.323354,0.24407656
447,-1.6836183,0.2556806
448,-1.7093337,0.32223722
449,-1.5523793,0.24129073
450,-1.2607495,0.29157162
451,-1.5814322,0.30113706
452,-2.4837008,0.33498856
453,-1.3302869,0.21834594
454,-1.4787703,0.27472433
455,-2.1554697,0.37973097
456,-1.3657187,0.21351558
457,-1.0222318,0.1838812
458,-1.8032405,0.37728488
459,-1.5036893,0.28012207
460,-1.3318841,0.23643786
461,-1.3415529,0.27298185
462,-1.3690796,0.23530935
463,-1.7093832,0.28176972
464,-1.5610726,0.29968375
465,-1.7275491,0.29657203
466,-1.2129469,0.23909914
467,-1.4058597,0.28081432
468,-1.3704414,0.2777106
469,-1.6631159,0.30437255
470,-1.892826,0.34235552
471,-0.49607512,0.96759063
472,-0.93932605,0.17065965
473,-1.2894893,0.25455487
474,-1.981668,0.3279405
475,-2.376287,0.2883999
476,-1.1032019,0.22442454
477,-1.9164424,0.27051815
478,-1.40257,0.44196835
479,-1.4142869,0.24549724
480,-1.8153421,0.38615698
481,-1.1308862,0.18508491
482,-1.4133861,0.24514371
483,-1.6761612,0.33260554
484,-1.55658,0.26263696
485,-1.8393035,0.36779878
486,-2.0572028,0.34825996
487,-1.328847,0.22739983
488,-1.7271667,0.29731694
489,-2.0993109,0.30226156
490,-1.6924255,0.2807686
491,-1.4123114,0.21528108
492,-1.9086392,0.28074482
493,-2.0879235,0.3302134
494,-1.564363,0.28609434
495,-1.2642848,0.21618472
496,-1.5006773,0.27958292
497,-0.9902224,0.205905
498,-1.5630364,0.2849312
499,-1.6972003,0.3214273
500,-2.0044806,0.37693086
501,-1.9283115,0.29528037
502,-1.1823225,0.19089721
503,-1.9846704,0.2894715
504,-1.3716279,0.27380648
505,-2.143342,0.29661116
506,-1.9417338,0.38929698
507,-1.9801484,0.2964242
508,-1.6160045,0.32997614
509,-1.4606719,0.27386436
510,-2.0140932,0.3134959
511,-1.4476025,0.25992376
512,-1.0867137,0.17361677
513,-1.7709767,0.30972216
514,-1.6349359,0.2846132
515,-2.1973357,0.34733292
516,-1.2859589,0.25290763
517,-0.9715938,0.19731441
518,-1.3864369,0.364221
519,-1.6337836,0.35588664
520,-1.2252809,0.2401015
521,-0.38320515,1.2504574
522,-1.4520853,0.269101
523,-1.6678966,0.28272787
524,-1.7210224,0.42110166
525,-0.5040972,1.177322
526,-2.0958843,0.34396657
527,-1.2085379,0.22378322
528,-1.5021304,0.22713785
529,-1.3907175,0.37932464
530,-1.6853573,0.39005154
531,-1.562901,0.3042634
532,-1.4488939,0.29308426
533,-1.2146599,0.3119115
534,-1.4018123,0.26436806
535,-1.3453567,0.24622066
536,-1.7583609,0.25366628
537,-1.5357465,0.27154174
538,-1.2526578,0.21845122
539,-1.02612,0.20974378
540,-1.5429626,0.2670658
541,-1.7308502,0.32847387
542,-2.4535973,0.36019102
543,-1.6071694,0.34904522
544,-1.5453372,0.26350504
545,-1.412879,0.3388273
546,-2.0132668,0.3626241
547,-1.5181099,0.2876766
548,-1.97125,0.3713633
549,-1.2718571,0.24433558
550,-1.9609768,0.31409612
551,-1.4623308,0.2775313
552,-1.4368503,0.22541463
553,-1.0782485,0.2057662
554,-1.8880751,0.30444115
555,-2.0445907,0.39848918
556,-1.6825882,0.27082738
557,-1.9796818,0.31496128
558,-1.4432096,0.26599005
559,-1.5578041,0.2945773
560,-1.3546546,0.19639955
561,-1.87294,0.30839187
562,-1.3386365,0.19679843
563,-0.010690335,0.33049533
564,-1.292773,0.26774815
565,-2.0525029,0.40572274
566,-1.7722003,0.2621322
567,-1.7873712,0.3229049
568,-1.523651,0.23838176
569,-1.4118547,0.28844947
570,-1.0900328,0.23532237
571,-1.3511457,0.24617177
572,-1.6806383,0.26934424
573,-1.3670607,0.22946815
574,-1.5152009,0.26108804
575,-1.4033345,0.26368612
576,-1.4378101,0.26576573
577,-2.0881863,0.31841072
578,-1.4730616,0.20677385
579,-1.7260361,0.29213667
580,-0.97631186,0.1736117
581,-0.89913887,0.16590297
582,-1.6998259,0.3171395
583,-1.9372967,0.37385637
584,-2.0850556,0.34439266
585,-1.8590262,0.25366056
586,-1.0284603,0.20014772
587,-1.3609025,0.25554174
588,-1.093507,0.18684112
589,-1.1842811,0.2534254
590,-1.7071341,0.31644568
591,-1.9798709,0.28142926
592,-1.7355267,0.2991831
593,-0.15442508,0.41165516
594,-1.474279,0.22294977
595,-1.6612043,0.30016336
596,-1.0426971,0.23719057
597,-1.1188028,0.19014664
598,-1.8127623,0.3398684
599,-1.3955823,0.28311032
600,-1.6801311,0.31630978
601,-1.9282298,0.31938362
602,-1.5443867,0.27402255
603,-1.6731377,0.2857155
604,-2.112604,0.31428242
605,-1.3870758,0.2648591
606,-1.6106579,0.3236035
607,-1.9722246,0.345753
608,-1.4861653,0.2618825
609,-1.9696977,0.32396096
610,-0.9963032,0.14599872
611,-1.5722319,0.30664656
612,-1.0287324,0.19950645
613,-1.4952435,0.27262035
614,-1.3185536,0.25396
615,-1.1149132,0.22837862
616,-1.1524117,0.20496781
617,-1.8740396,0.36267847
618,-1.4521064,0.2744409
619,-1.5378293,0.35389322
620,-1.2992488,0.22343081
621,-1.5292861,0.2471312
622,-1.8426739,0.33099166
623,-1.745523,0.290137
624,-1.440368,0.30112788
625,-2.009025,0.27049062
626,-1.6038188,0.38269576
627,-2.1981974,0.29369962
628,-1.7394203,0.30437967
629,-1.0603634,0.27387846
630,-1.7655772,0.37435842
631,-1.8293223,0.3107819
632,-1.6599312,0.31191704
633,-1.4869264,0.21812734
634,-1.3641297,0.30758175
635,-1.4163606,0.27967197
636,-1.332782,0.2393011
637,-1.6341504,0.27962512
638,-1.7167792,0.2973599
639,-1.1580456,0.22998618
640,-1.1536613,0.26954633
641,-1.7180022,0.29807454
642,-1.398808,0.28800756
643,-1.8660133,0.41129464
644,-1.2765088,0.27859455
645,-1.7079835,0.2908512
646,-1.4762493,0.26732323
647,-2.2014883,0.33171228
648,-1.8447919,0.29779866
649,-1.1950629,0.2273484
650,-2.0528018,0.35044518
651,-1.852415,0.28938136
652,-1.6775012,0.34293428
653,-2.0051615,0.3658053
654,-1.9385386,0.3700069
655,-0.9679388,0.18522768
656,-1.4645538,0.34422562
657,-1.6802043,0.29284546
658,-1.116729,0.20223802
659,-1.6898549,0.31110293
660,-1.2250812,0.1859274
661,-1.9409823,0.32439902
662,-1.7462097,0.25775585
663,-1.3552719,0.25533724
664,-1.6808534,0.2608793
665,-1.5814229,0.30443728
666,-1.4465266,0.251735
667,-2.2987368,0.37340993
668,-1.4793963,0.250991
669,-1.23722,0.21721438
670,-1.8732959,0.40178832
671,0.3506562,0.84447426
672,-1.7521664,0.29706582
673,-1.9662733,0.34224764
674,-1.334151,0.25868547
675,-1.5195049,0.34261554
676,-1.4544816,0.254013
677,-1.4317149,0.34497336
678,-1.6542027,0.2633625
679,-2.2572706,0.3377908
680,-1.5013366,0.27263644
681,-1.4059983,0.2992694
682,-1.7737297,0.251342
683,-2.1682575,0.31338376
684,-1.2926646,0.25684488
685,-1.7084183,0.3501633
686,-1.651181,0.3015896
687,-1.5155809,0.29616615
688,-1.335632,0.26864514
689,-1.8757778,0.3191333
690,-1.1467812,0.19637005
691,-2.089497,0.33003193
692,-1.8216863,0.3371905
693,-2.2602236,0.38500488
694,-1.0437502,0.24540873
695,-1.2119606,0.18053442
696,-2.0183885,0.33879513
697,-1.6534493,0.32471126
698,-1.415091,0.24263935
699,-1.3052657,0.2908908
700,-1.1367064,0.31537712
701,-1.5469846,0.28578997
702,-1.2280143,0.3074724
703,-1.4728403,0.25516167
704,-1.3002163,0.23428705
705,-1.8617423,0.32185912
706,-1.6227059,0.35303977
707,-1.120777,0.2404538
708,-1.0258166,0.18175362
709,-1.5494183,0.27771533
710,-1.4501331,0.23223092
711,-1.4894139,0.2892841
712,-1.3410065,0.23686534
713,-1.7496288,0.3514977
714,-1.7113909,0.23334897
715,-1.4152293,0.41027847
716,-1.4110305,0.23891954
717,-1.5902547,0.2940813
718,-1.6459607,0.31420314
719,-1.8584492,0.3061382
720,-1.6334763,0.21708879
721,-1.2545755,0.31055
722,-1.6225766,0.30365598
723,-1.5378373,0.26445332
724,-1.375696,0.20481834
725,-1.6026502,0.2710424
726,-1.3516705,0.3211841
727,-1.4011581,0.3791149
728,-2.0857143,0.36708423
729,-1.7061235,0.29084924
730,-1.3694098,0.19634017
731,-1.406845,0.24954902
732,-1.6472161,0.36517012
733,-1.4611678,0.2739661
734,-1.9879668,0.37756905
735,-1.6754847,0.29104465
736,-2.049308,0.33600476
737,-1.7063606,0.35749966
738,-1.1863023,0.22855154
739,-1.6236981,0.33677584
740,-2.1905377,0.32875618
741,-1.400061,0.31642643
742,-1.731534,0.2966536
743,-1.639588,0.36177006
744,-1.4374844,0.21933761
745,-1.6418555,0.32060194
746,-1.1649519,0.17629133
747,-1.7039739,0.39389506
748,-2.0739417,0.3969379
749,0.12477274,0.46618524
750,-1.2610478,0.2832985
751,-1.5871795,0.32255283
752,-1.7053066,0.32596016
753,-1.3738146,0.26448053
754,-1.2329098,0.1990068
755,-1.5469077,0.29837725
756,-1.1909537,0.19632761
757,-1.4517316,0.30313855
758,-1.3559059,0.23938113
759,-1.9179809,0.3618524
760,-2.1220064,0.37843528
761,-1.9868001,0.35993472
762,-1.6189411,0.2788254
763,-1.6667376,0.29211855
764,-1.2459435,0.24707103
765,-2.0502667,0.3332656
766,-1.2847188,0.19505993
767,-1.5235683,0.309982
768,-1.4951448,0.2862446
769,-1.626587,0.32011226
770,-1.3675232,0.35783428
771,-1.5696695,0.28757116
772,-1.5556042,0.30915472
773,-1.5463917,0.3595726
774,0.20123899,0.29507786
775,-1.4692531,0.2956012
776,-1.3483205,0.20321175
777,-1.678235,0.25613624
778,-1.5682133,0.32803443
779,-1.7353076,0.30793557
780,-1.6855718,0.30250058
781,-1.1930914,0.23881666
782,-1.2996234,0.23497178
783,-2.0320032,0.25865462
784,-0.88758016,0.19379787
785,-2.1086652,0.34261683
786,-1.2416188,0.23461525
787,-1.1087189,0.20392455
788,-2.0942295,0.32797375
789,-1.2683921,0.24407013
790,-1.7770836,0.30240285
791,-1.5078732,0.25649306
792,-1.7878946,0.30348516
793,-1.0966972,0.28029114
794,-1.3159976,0.19675861
795,-2.1639214,0.38280326
796,-1.5514116,0.26087362
797,-1.3626376,0.21252903
798,-1.03429,0.16520916
799,-1.623407,0.28166938
800,-1.6823113,0.3021034
801,-1.3096373,0.31154317
802,-1.2573704,0.16761492
803,-1.48829,0.22369523
804,-1.2007967,0.22651668
805,-1.4045752,0.24141425
806,-1.727689,0.2958121
807,-2.0386894,0.31709066
808,-1.8450522,0.29724175
809,-1.88622,0.35132155
810,-1.6729629,0.32708976
811,-1.990559,0.4744685
812,-1.4606068,0.25942004
813,-2.277254,0.3591872
814,-1.1613399,0.24392034
815,-1.6503787,0.22315954
816,-1.1332909,0.3305176
817,-1.4130553,0.2074876
818,-2.074785,0.3350414
819,-1.4647137,0.23704192
820,-1.7786499,0.2801742
821,-0.8444167,0.16669866
822,-1.5087001,0.3786571
823,-1.7686342,0.25799537
824,-1.1878139,0.23193388
825,-2.136627,0.40029114
826,-1.7112098,0.30892572
827,-1.1681468,0.22807388
828,-1.0417222,0.13421696
829,-1.8115592,0.32162315
830,-0.9950222,0.23888822
831,-1.8062357,0.44176245
832,-1.9053491,0.32111114
833,-1.3376298,0.23968862
834,-1.4144357,0.25754273
835,-1.8281798,0.31096813
836,-1.1149448,0.21897398
837,-0.08161755,0.3147374
838,-1.4418541,0.28659603
839,-1.8982441,0.33313492
840,-1.6442695,0.33051813
841,-1.952483,0.3416843
842,-1.4331952,0.27635688
843,-2.0969257,0.3119864
844,-1.3309219,0.19885293
845,-1.7253972,0.31639448
846,-2.5696282,0.3213476
847,-1.6284363,0.27239248
848,-1.7721851,0.3574335
849,-2.07686,0.30151576
850,-1.8647592,0.34751168
851,-1.018694,0.19332701
852,-1.5703946,0.24591038
853,-1.7846757,0.27185926
854,-1.2330889,0.20589572
855,-1.8449845,0.31445372
856,-1.9964795,0.35458916
857,-2.0213387,0.34205884
858,-1.4450794,0.29072824
859,-1.5438008,0.31204632
860,-1.5952783,0.2876708
861,-1.2792301,0.30156603
862,-1.3720738,0.27906936
863,-1.9287144,0.3056807
864,-1.7124829,0.29819515
865,-1.3659241,0.22749229
866,-1.4402225,0.2882765
867,-2.1880674,0.33885533
868,-1.4233694,0.24204338
869,-2.209474,0.33288813
870,-1.5250576,0.26022172
871,-1.8199608,0.24709667
872,-1.5378913,0.26668128
873,-1.7330256,0.3061489
874,-1.9063535,0.31690818
875,-0.9412,0.19617823
876,-1.7365719,0.37097254
877,-1.5771905,0.34761146
878,-1.5058249,0.2612724
879,-1.220218,0.27170485
880,-1.3815492,0.26857778
881,-1.6076316,0.3309953
882,-1.6722139,0.29799584
883,-1.3945905,0.19623506
884,-1.4629624,0.29631317
885,-2.1400666,0.29954767
886,-1.286832,0.2515324
887,-2.0992155,0.39401722
888,-1.6701987,0.2582273
889,-1.6080334,0.36071974
890,-1.6429633,0.28811166
891,-1.7793677,0.42480344
892,-1.5026473,0.34485856
893,-1.9501884,0.34960487
894,-1.6476028,0.28428614
895,-1.727622,0.3339578
896,-2.0328321,0.31291544
897,-1.5644891,0.2866912
898,-1.1068863,0.18499741
899,-1.8840328,0.33097124
900,-2.1444418,0.30085444
901,-1.3612151,0.2754306
902,-1.502588,0.22855914
903,-2.1120842,0.4170108
904,-1.5246588,0.21189281
905,-1.5524042,0.32702398
906,-2.0952613,0.36705977
907,-1.6914449,0.26125762
908,-1.8547765,0.2614141
909,-1.3855467,0.23139164
910,-1.457143,0.32640296
911,-1.2210561,0.24023144
912,-1.3055991,0.2428532
913,-2.091451,0.3712182
914,-1.8378383,0.32413018
915,-1.6825184,0.31366003
916,-1.5793359,0.23032703
917,-1.9290204,0.36754408
918,-1.6549547,0.30811375
919,-1.401298,0.22838077
920,-1.1998198,0.19673553
921,-1.5895042,0.28429046
922,-1.609632,0.25289693
923,-1.8298057,0.36594835
924,-1.6471925,0.30492902
925,-1.0803691,0.21512693
926,-1.2452513,0.27360845
927,-1.4776043,0.29166496
928,-1.2585045,0.23080558
929,-1.7436256,0.3460042
930,-1.9232868,0.29067683
931,-2.219574,0.3629131
932,-1.7585902,0.29588053
933,-1.1786083,0.2240813
934,-1.5904099,0.26007012
935,-1.2355051,0.24757648
936,-1.5513937,0.2672843
937,-1.3032122,0.2774253
938,-1.2392565,0.2314755
939,-1.2849523,0.20029798
940,-1.1694309,0.2010082
941,-1.6647106,0.2937336
942,-1.350312,0.23708118
943,-1.4951794,0.2482925
944,-1.333987,0.25432757
945,-1.5247706,0.20575447
946,-2.0595596,0.3306053
947,-1.3315817,0.21152858
948,-1.61052,0.34109217
949,-1.3380502,0.21608919
950,-1.5629495,0.26702222
951,-1.317284,0.23647016
952,-1.23388,0.22150542
953,-1.573113,0.27728724
954,-1.6178269,0.29184762
955,-1.520943,0.3502633
956,-1.3978446,0.30644614
957,-1.8210597,0.298069
958,-1.7026815,0.25308508
959,-1.740499,0.44192013
960,-1.5221372,0.3005823
961,-2.3127356,0.35893506
962,-1.0461707,0.16784327
963,-1.7662746,0.2689963
964,-1.6334844,0.25559515
965,-1.4952501,0.2843678
966,-1.5803359,0.24423392
967,-1.5794394,0.2480667
968,-1.3145852,0.24277166
969,-0.93409014,0.24105977
970,-1.2207961,0.1973758
971,-1.7969905,0.25171268
972,-2.328467,0.3501075
973,-1.6486659,0.2711359
974,-2.1461418,0.3611065
975,-1.5136892,0.2606563
976,-1.2379847,0.26236784
977,-1.5805001,0.31390008
978,-1.9315642,0.28410202
979,-1.6443295,0.31990448
980,-1.2121829,0.2358711
981,-1.2639489,0.26529455
982,-1.571694,0.29404005
983,-1.5860679,0.29574454
984,-1.3281119,0.23738411
985,-1.3992507,0.25414446
986,-1.4669254,0.23444998
987,-1.334949,0.23863135
988,-2.057374,0.31291842
989,-1.3520416,0.2747093
990,-1.8789396,0.3434516
991,-2.0622435,0.324968
992,-1.9943227,0.38437358
993,-1.6056485,0.3060508
994,-1.5459335,0.2462307
995,-1.1143044,0.2113474
996,-0.09724659,0.4833754
997,-1.0538962,0.22088295
998,-1.3107773,0.318107
999,-1.5111759,0.2660221
1000,-1.0258253,0.18762504
1001,-1.1544286,0.18259104
1002,-1.9011378,0.3365654
1003,-1.6620703,0.44699976
1004,-1.4749022,0.23725472
1005,-1.5542941,0.35169455
1006,-1.8933012,0.31679568
1007,-1.7741668,0.29412374
1008,-1.2801915,0.22672626
1009,-1.7366714,0.33163232
1010,-1.3173447,0.20849238
1011,-1.6220284,0.30341437
1012,-1.5254707,0.2759797
1013,-1.4241797,0.33433968
1014,-1.6497946,0.32799914
1015,-1.3728662,0.24655277
1016,-1.7077183,0.503579
1017,-1.6646351,0.2728201
1018,-1.6106752,0.2664042
1019,-1.6736368,0.3808539
1020,-1.414452,0.23489414
1021,-1.7588191,0.3344262
1022,-1.5866547,0.23857307
1023,-1.7454714,0.3278609
1024,-1.5037003,0.28371933
1025,-1.5514362,0.32524514
1026,-1.518583,0.27391312
1027,-1.9599324,0.3508596
1028,-1.332084,0.21078937
1029,-1.6991491,0.28137237
1030,-2.020119,0.34559107
1031,-1.6406925,0.2766491
1032,-1.5741,0.3871117
1033,-1.2453811,0.26462016
1034,-1.3439189,0.22917718
1035,-1.6490045,0.26356125
1036,-1.2475895,0.31100154
1037,-1.6246817,0.30595282
1038,-1.6526198,0.30692178
1039,-1.0756834,0.19377239
1040,-1.1644225,0.24195683
1041,-1.7630739,0.32770666
1042,-2.0269752,0.32356992
1043,-2.0086792,0.32794026
1044,-1.5977714,0.24763417
1045,-2.0037763,0.27643085
1046,-1.4152482,0.3212867
1047,-1.8974969,0.30964473
1048,-1.9863822,0.3267622
1049,-1.9195424,0.37243035
1050,-1.5154895,0.26695272
1051,-1.1323569,0.19748951
1052,-1.5288153,0.25856677
1053,-1.4359108,0.26053146
1054,-1.954441,0.29531834
1055,-1.3444421,0.27150577
1056,-1.9993042,0.32278192
1057,-1.0467174,0.14920467
1058,-0.97008455,0.17721918
1059,-2.1640604,0.33257923
1060,-1.3363987,0.21858507
1061,-1.8802216,0.38675386
1062,-1.7453672,0.3291649
1063,-1.646663,0.28263283
1064,-1.6553521,0.27115712
1065,-1.6677294,0.34125134
1066,-1.4086756,0.23590195
1067,-1.051514,0.23112032
1068,-1.7203888,0.39524886
1069,-1.1534613,0.23541132
1070,-1.7813966,0.3547562
1071,-1.127209,0.21559688
1072,-2.188784,0.3403125
1073,-1.6600235,0.2753318
1074,-1.3368578,0.26715827
1075,-1.8748791,0.31557143
1076,-1.3164635,0.22810295
1077,-2.3961039,0.34529597
1078,-1.079235,0.24831279
1079,-1.6953121,0.26995587
1080,-1.9003012,0.28144953
1081,-2.046166,0.3708458
1082,-1.1841747,0.24924639
1083,-1.3627414,0.28441432
1084,-1.6982876,0.25323904
1085,-1.5756226,0.251644
1086,-1.6597813,0.30494443
1087,-1.9720948,0.38396785
1088,-1.981342,0.45491883
1089,-1.5310712,0.25864664
1090,-1.4791119,0.21430415
1091,-1.8078308,0.33987492
1092,-2.2022421,0.394111
1093,-1.3251348,0.23949191
1094,-1.1080215,0.1932719
1095,-0.083920814,0.34330726
1096,-1.7646804,0.2945045
1097,-1.1779901,0.21302733
1098,-1.1969886,0.20156196
1099,-1.3232565,0.25904664
1100,-1.4860699,0.22473945
1101,-1.1746323,0.22993325
1102,-1.9293563,0.3970956
1103,-1.4620422,0.26145208
1104,-1.5740706,0.30923766
1105,-1.1761638,0.17883278
1106,-1.6866548,0.33817184
1107,-1.1053464,0.23496467
1108,-1.1624905,0.19746232
1109,-1.6123525,0.27823266
1110,-1.62828,0.29853362
1111,-2.2466466,0.3590531
1112,-1.7752638,0.2766991
1113,0.075227596,0.7166896
1114,-1.8825892,0.30383483
1115,-1.2828782,0.29259282
1116,-1.3630843,0.2973898
1117,-1.7284116,0.31122607
1118,-1.909214,0.35384822
1119,-1.4688976,0.29316062
1120,-1.6908693,0.38393876
1121,-1.2090405,0.23681794
1122,-1.4755074,0.37812638
1123,-0.73920554,0.12962581
1124,-1.9735144,0.32402414
1125,-1.4586782,0.31710216
1126,-1.4169225,0.2322288
1127,-2.1486118,0.31496286
1128,-1.5401465,0.29360706
1129,-1.1864641,0.19136041
1130,-1.7427441,0.3900358
1131,-1.6863861,0.33612055
1132,-1.6393427,0.31140652
1133,-1.4574518,0.3319415
1134,-1.9413332,0.35214823
1135,-1.4731501,0.30868044
1136,-2.0587735,0.3645293
1137,-2.17274,0.32428977
1138,-1.2317963,0.23400885
1139,-1.709346,0.26974303
1140,-0.93759936,0.21525669
1141,-1.4700199,0.29302692
1142,-1.9319355,0.27187642
1143,-1.6665645,0.35901916
1144,-1.9412465,0.28870532
1145,-1.4892284,0.26947874
1146,-1.1409432,0.2261913
1147,-1.1763124,0.2134754
1148,-1.6005864,0.2782865
1149,-1.5321633,0.2392906
1150,-1.8875395,0.32704657
1151,-2.3212655,0.33188146
1152,-1.3024755,0.22572175
1153,-1.7921277,0.267176
1154,-1.6702408,0.3359759
1155,-1.3829955,0.2673523
1156,-1.6298852,0.30329505
1157,-1.6542549,0.27456436
1158,-1.4816551,0.31758124
1159,-1.8919928,0.38191083
1160,-1.1967597,0.26173633
1161,-2.138224,0.3752148
1162,-1.5219169,0.24613479
1163,-0.11722514,0.4476467
1164,-1.2431852,0.21262339
1165,-1.5639676,0.27114064
1166,-0.9439683,0.17091651
1167,-1.531312,0.2645127
1168,-1.8141932,0.33540252
1169,-2.0306826,0.41168365
1170,-1.4365358,0.33813804
1171,-1.0996835,0.23887058
1172,-1.3453702,0.2812886
1173,-1.3348644,0.24469522
1174,-1.1573313,0.2112946
1175,-1.5098431,0.31342033
1176,-0.04966779,0.43956187
1177,-1.7228225,0.30216143
1178,-1.6850572,0.33351672
1179,-2.2314882,0.35564053
1180,-2.1083767,0.4806056
1181,-2.222001,0.34691924
1182,-1.295477,0.27448103
1183,-1.9845381,0.30033335
1184,-1.1476182,0.19508651
1185,-1.3695008,0.3374423
1186,-1.8599083,0.27612698
1187,-1.9556847,0.3537314
1188,-1.7501796,0.30391246
1189,-1.5267363,0.26314005
1190,-1.3160849,0.19069315
1191,-1.224153,0.19594763
1192,-1.4395541,0.23912735
1193,-1.649601,0.2286656
1194,-1.5221294,0.24873781
1195,-1.2384543,0.17499074
1196,-1.3294945,0.27965927
1197,-1.391302,0.2939865
1198,-2.0635061,0.35600847
1199,-0.8933986,0.1545604
1200,-1.8240079,0.29307982
1201,-1.7894778,0.32614598
1202,-1.5952371,0.20644003
1203,-1.5502255,0.32512861
1204,-1.8093697,0.28203914
1205,-1.1902055,0.27292237
1206,-2.0167384,0.29435933
1207,-1.1823779,0.21359225
1208,-1.6175086,0.21971458
1209,-1.3303163,0.20112355
1210,-1.049601,0.213465
1211,-1.063037,0.19509895
1212,-1.458378,0.28528282
1213,-1.7575564,0.34631374
1214,-1.543795,0.25567728
1215,-1.5045226,0.28363487
1216,-1.6738743,0.2817899
1217,-1.2713063,0.2301351
1218,-1.2162466,0.26884547
1219,-1.493368,0.32218552
1220,-1.4892365,0.2224037
1221,-1.3732753,0.25008905
1222,-1.6978647,0.23073933
1223,-1.8361341,0.3254477
1224,-1.2279184,0.25280592
1225,-0.7509815,1.4323487
1226,-1.5624484,0.35030484
1227,-1.1706343,0.257817
1228,-1.6300936,0.30307794
1229,-1.695316,0.26344836
1230,-1.9544458,0.39318213
1231,-1.5876999,0.26351467
1232,-2.1194391,0.36289433
1233,-1.6273476,0.353403
1234,-2.360068,0.48641896
1235,-1.2029425,0.20384642
1236,-1.5607344,0.27876318
1237,-1.7357999,0.27650553
1238,-1.0705204,0.26266137
1239,-1.426112,0.24884865
1240,-1.7411298,0.3264829
1241,-1.6043473,0.27460858
1242,-1.9542933,0.29838264
1243,-1.4842113,0.25368014
1244,-1.9032571,0.29597822
1245,-2.208192,0.37045047
1246,-1.340345,0.31238693
1247,-1.582892,0.26671115
1248,-1.3624039,0.2853149
1249,-1.5224373,0.27558115
1250,-1.7564096,0.3196159
1251,-1.5490457,0.28226063
1252,-1.5824785,0.35765025
1253,-1.416819,0.23493668
1254,-2.4124475,0.36628327
1255,-2.0079503,0.3199693
1256,-1.5407056,0.3467983
1257,-1.7077065,0.26175725
1258,0.5941202,0.49822965
1259,-1.7104839,0.2813925
1260,-1.5026276,0.27736554
1261,-1.1316092,0.2611967
1262,-0.913177,0.23034348
1263,-1.3736836,0.23973624
1264,-1.3897992,0.28832948
1265,-1.7759775,0.29421255
1266,-1.8803095,0.32541683
1267,-1.5564276,0.27392125
1268,-1.4962512,0.2578732
1269,-1.3626958,0.2091681
1270,-1.649772,0.26853496
1271,-1.5884815,0.2687732
1272,-1.1256701,0.2309636
1273,-1.4211458,0.26538035
1274,-1.3019786,0.2652331
1275,-1.40828,0.2343372
1276,-1.4970211,0.22517432
1277,-1.8280009,0.31051213
1278,-1.187526,0.20508265
1279,-1.0829844,0.22310987
1280,-1.5279725,0.2662391
1281,-1.3318807,0.20608415
1282,-1.6267732,0.27941188
1283,-0.9756579,0.24792786
1284,-1.3785075,0.23390307
1285,-1.2877738,0.20973676
1286,-1.6197753,0.2645121
1287,-1.6106268,0.22551516
1288,-1.712192,0.34000146
1289,-1.7837627,0.26599953
1290,-1.1647025,0.2559127
1291,-1.8554552,0.40189224
1292,-1.9318653,0.3257781
1293,-1.4260193,0.2684399
1294,-1.1128751,0.19048636
1295,-1.7574475,0.30709624
1296,-1.266003,0.22053298
1297,-1.878279,0.32998753
1298,-1.7639146,0.3053434
1299,-1.577102,0.2428818
1300,-1.1950593,0.31235546
1301,-1.1632786,0.23172954
1302,-1.9538335,0.2225835
1303,-1.3526199,0.22644852
1304,-1.5538809,0.32089576
1305,-2.2352087,0.3617387
1306,-1.43167,0.3561077
1307,-1.8508803,0.3423174
1308,-1.5408275,0.3674106
1309,-1.6348066,0.26044518
1310,-1.0922495,0.19769742
1311,-1.9744395,0.29669267
1312,-1.7033021,0.3614479
1313,-1.0500194,0.22365898
1314,-1.80285,0.30470023
1315,-1.4238759,0.3036923
1316,-1.3954071,0.25651038
1317,-1.5411183,0.25750503
1318,-1.3158215,0.3170828
1319,-1.8059106,0.39214453
1320,-1.661554,0.2768243
1321,-1.3972234,0.23747027
1322,-2.268258,0.2946656
1323,-1.3190967,0.2869707
1324,-1.6520572,0.3041866
1325,-2.1195974,0.351029
1326,-1.1034539,0.24918915
1327,-1.7732435,0.34927452
1328,-1.4408958,0.2351974
1329,-1.3242126,0.21557324
1330,-1.4282854,0.35121858
1331,-1.3482447,0.23510486
1332,-1.4903662,0.24251907
1333,-1.115205,0.22627701
1334,-2.3311388,0.38505813
1335,-1.0473831,0.27043614
1336,-1.3795587,0.27183318
1337,-1.446155,0.30196932
1338,-1.7339343,0.30351925
1339,-1.5101137,0.27320525
1340,-2.0461752,0.25472933
1341,-1.7960494,0.29611823
1342,-2.0324228,0.31302646
1343,-1.3443636,0.31846288
1344,-1.5073314,0.3205957
1345,-1.5671383,0.2821248
1346,-1.5289383,0.29408097
1347,-1.555638,0.32413483
1348,-1.1024985,0.23929732
1349,-1.5561432,0.32941905
1350,-1.5210168,0.30875954
1351,-1.5342427,0.2715049
1352,-1.187984,0.20139918
1353,-1.7975568,0.39055505
1354,-1.4968699,0.26948655
1355,-1.1907705,0.20726548
1356,-2.0145795,0.33728904
1357,-1.4512652,0.24513963
1358,-2.0036972,0.33544734
1359,-1.531761,0.26684144
1360,-1.4529859,0.2879581
1361,-1.4765369,0.26339483
1362,-1.6202421,0.31588084
1363,-2.0080812,0.3584522
1364,-1.8143424,0.3048556
1365,-1.6515992,0.29918653
1366,-1.8620577,0.29955956
1367,-1.8858944,0.32568806
1368,-0.8832607,0.19200474
1369,-1.4788824,0.25430465
1370,-1.9684564,0.40357554
1371,-1.3505075,0.22000699
1372,-1.8817369,0.39919147
1373,-1.69927,0.2521427
1374,-2.0567675,0.25714654
1375,-1.4783713,0.2693591
1376,-1.8543642,0.31267124
1377,-0.96980417,0.15337232
1378,-1.4056616,0.30325288
1379,-1.8385386,0.30348355
1380,-1.3388836,0.26133746
1381,-1.619292,0.2647882
1382,-1.4512275,0.30209184
1383,-1.7537417,0.40134856
1384,-1.3138031,0.20781098
1385,-1.2418838,0.24642298
1386,-1.3724725,0.22614102
1387,-2.1105957,0.38055643
1388,-1.9798328,0.3708508
1389,-1.8249136,0.38949326
1390,-1.6918865,0.29070216
1391,-1.9221593,0.29460517
1392,-1.4598794,0.2990944
1393,-1.3144395,0.23156068
1394,-1.9085937,0.31596863
1395,-1.0011598,0.17130192
1396,-1.2874544,0.29412994
1397,-1.4276245,0.22666278
1398,-1.3577877,0.3317502
1399,-1.7799512,0.3595327
1400,-1.6062953,0.33742103
1401,-1.6886421,0.35410985
1402,-1.7217935,0.32331157
1403,-1.8272309,0.26846066
1404,-1.9971721,0.36069953
1405,-0.25115228,1.072588
1406,-1.133071,0.2900345
1407,-1.192259,0.2734662
1408,-1.6580151,0.25924414
1409,-1.1183937,0.21078223
1410,-1.4916843,0.29797766
1411,-1.6661134,0.33016813
1412,-0.84623903,0.14632042
1413,-1.8934442,0.34099388
1414,-1.497814,0.23912902
1415,-1.4266571,0.25084957
1416,-1.773575,0.23230334
1417,-1.6429938,0.31076264
1418,-1.688767,0.30511367
1419,-1.8389997,0.38410488
1420,-1.1050311,0.24172376
1421,-1.3172429,0.3268862
1422,-1.5058705,0.360746
1423,-1.7546208,0.24901804
1424,-2.1289701,0.3554496
1425,-1.6486164,0.2707007
1426,-1.4966025,0.25518003
1427,-0.100812495,0.70014155
1428,-1.5470997,0.3195697
1429,-1.5617982,0.24235919
1430,-1.3280671,0.20031106
1431,-1.573676,0.23984489
1432,-1.7825062,0.32809505
1433,-0.96019995,0.20482795
1434,-1.2449487,0.24339019
1435,-2.0241947,0.3543824
1436,-1.7888623,0.41203696
1437,-2.0678113,0.38127047
1438,-1.9414252,0.32901683
1439,-1.5459746,0.28783953
1440,-1.0995281,0.2069676
1441,-1.5527811,0.23817672
1442,-1.7147968,0.2943506
1443,-1.6506587,0.26344785
1444,-2.0610523,0.33526102
1445,-1.5961739,0.3234809
1446,-1.4037905,0.23648298
1447,-1.5179024,0.4340961
1448,-2.05646,0.30289522
1449,-1.7292778,0.2952152
1450,-1.5389264,0.31560323
1451,-1.8810576,0.33099982
1452,-1.5224662,0.34792843
1453,-1.0599042,0.19940162
1454,-1.8523806,0.34746101
1455,-2.1544886,0.33107334
1456,-2.0536308,0.36331633
1457,-2.0542512,0.38732606
1458,-1.9054425,0.3607222
1459,-1.7291223,0.29616478
1460,-1.7371391,0.32524514
1461,-1.5682205,0.35444912
1462,-1.0907674,0.23974797
1463,-1.5163815,0.26933992
1464,-1.3044231,0.26092684
1465,-1.8349025,0.31120747
1466,-1.6105924,0.24917038
1467,-1.7982237,0.2586806
1468,-1.9520375,0.28941154
1469,-1.9743342,0.30029234
1470,-1.8098102,0.4464073
1471,-1.5208387,0.2570626
1472,-2.0916693,0.3277667
1473,-1.8861132,0.26668406
1474,-1.6652899,0.27612656
1475,-1.4497048,0.2622768
1476,-1.375053,0.33813277
1477,-1.6770555,0.3252827
1478,-1.8203073,0.34354624
1479,-1.5624096,0.32287732
1480,-1.2711657,0.23167121
1481,-2.1405973,0.33496827
1482,-1.3431169,0.3018117
1483,-1.624508,0.34905782
1484,-1.5558118,0.2692769
1485,-1.8608054,0.39432535
1486,-1.7943681,0.3441067
1487,-1.4129611,0.3026671
1488,-1.7715535,0.3712522
1489,-1.3885589,0.3501312
1490,-1.5944917,0.39359328
1491,-1.3407087,0.34217507
1492,-1.7332518,0.3347303
1493,-1.3764149,0.25961006
1494,-1.4712199,0.3732009
1495,-1.6700119,0.21467659
1496,-1.7525856,0.2365308
1497,-1.84307,0.4445741
1498,-1.8122721,0.3288262
1499,-1.7181866,0.32319975
1500,-1.0116917,0.20217584
1501,-1.2784568,0.24418457
1502,-1.8629664,0.3272148
1503,-1.7547867,0.31840944
1504,-1.5128459,0.18720163
1505,-1.135047,0.26264507
1506,-1.707435,0.35567868
1507,-1.1533828,0.17352608
1508,-1.2321273,0.24741876
1509,-1.6926657,0.30755752
1510,-1.5412803,0.31081697
1511,-1.3475326,0.32706863
1512,-1.5547149,0.24795441
1513,-1.76529,0.34026316
1514,-1.5871085,0.30620223
1515,-1.6502495,0.40687343
1516,-1.3175572,0.26991454
1517,-2.091294,0.28685454
1518,-1.7972038,0.29285008
1519,-1.8311098,0.3000219
1520,-1.9554951,0.39807484
1521,-1.9576355,0.36708367
1522,-1.1540549,0.22372618
1523,-1.511389,0.34200358
1524,-1.3363509,0.209429
1525,-2.0817695,0.40765342
1526,-1.4456077,0.29914987
1527,-1.765358,0.39863056
1528,-1.5124751,0.27914897
1529,-1.1689793,0.20207797
1530,-1.3270507,0.30396226
1531,-1.4898419,0.27675435
1532,-1.0366032,0.22414753
1533,-1.8409271,0.39830408
1534,-1.6567664,0.25074664
1535,-1.3909967,0.30774292
1536,-1.9997157,0.3038071
1537,-1.2545388,0.24329571
1538,-1.9223198,0.31716275
1539,-2.0501308,0.32943243
1540,-1.348114,0.29172397
1541,-1.285088,0.2658115
1542,-1.62847,0.319785
1543,-1.3681949,0.26804563
1544,-1.099376,0.2182387
1545,-1.7928536,0.26387113
1546,-1.4314375,0.23143484
1547,-2.53898,0.34335387
1548,-1.827512,0.31932428
1549,-2.161971,0.28799513
1550,-1.2193644,0.25833064
1551,-2.0482175,0.35836712
1552,-1.3558798,0.271117
1553,-1.5466933,0.34255615
1554,-1.3026944,0.2640017
1555,-1.8409249,0.37508744
1556,-1.4073693,0.32750407
1557,-2.0468128,0.3206828
1558,-1.3878566,0.31314528
1559,-1.5911777,0.27795792
1560,-1.3381262,0.2299644
1561,-1.7981187,0.25090975
1562,-1.5572013,0.26053664
1563,-1.6858718,0.30827653
1564,-1.5684928,0.32375383
1565,-1.9943521,0.35416922
1566,-1.3441876,0.28171378
1567,-1.8356873,0.30032682
1568,-1.6617311,0.3346914
1569,-1.6941203,0.2875373
1570,-1.8896865,0.32752663
1571,-1.5090714,0.28525814
1572,-1.6388791,0.3725951
1573,-1.8708179,0.30791047
1574,-1.0003841,0.18122976
1575,-1.7687069,0.27451932
1576,-1.8238876,0.39080372
1577,-2.1522512,0.3549105
1578,-1.3932097,0.294208
1579,-1.7174921,0.2605206
1580,-1.7519913,0.2787134
1581,-1.6171132,0.27703568
1582,-1.6597126,0.2950404
1583,-1.1152046,0.19256653
1584,-1.44699,0.21970052
1585,-1.3949279,0.29840982
1586,-1.7991316,0.26558754
1587,-1.6667615,0.24040021
1588,-1.5480579,0.24771205
1589,-1.827052,0.31411615
1590,-1.1631458,0.21119541
1591,-1.8602664,0.27387792
1592,-1.1206013,0.26935995
1593,-1.8626884,0.3598165
1594,-1.7643377,0.2899693
1595,-1.6532308,0.3318043
1596,-1.143903,0.19929934
1597,-1.3833944,0.30019417
1598,-1.7277853,0.29369435
1599,-0.89779055,0.19122788
1600,-1.4738578,0.24124946
1601,-1.1119207,0.1958263
1602,-1.7094548,0.2961575
1603,-1.7253494,0.3485734
1604,-1.8265326,0.47940975
1605,-1.500832,0.2785942
1606,-1.6433314,0.32417053
1607,-1.872856,0.3564564
1608,-2.1496322,0.39765894
1609,-1.6312791,0.27405497
1610,-1.3706748,0.27760115
1611,-1.0903022,0.17263173
1612,-1.5837659,0.32789978
1613,-1.3773793,0.30014113
1614,-2.0051284,0.28815618
1615,-1.8863153,0.34029984
1616,-1.8209715,0.25423583
1617,-1.7843916,0.26937482
1618,-2.027963,0.32601434
1619,-1.3895099,0.297248
1620,0.06938596,1.4122283
1621,-1.5188308,0.25659466
1622,-1.3580133,0.30480182
1623,-1.9696188,0.355468
1624,-1.583881,0.38910228
1625,-1.6677278,0.3019516
1626,-1.0807935,0.20282774
1627,-1.7093986,0.2576125
1628,-1.7409716,0.33290535
1629,-1.8005819,0.34079218
1630,-1.8222487,0.31860757
1631,-1.5785434,0.2863626
1632,-0.7978831,0.19688962
1633,-1.0154061,0.14104918
1634,-2.1290846,0.3213468
1635,-1.1074735,0.21297824
1636,-2.0015893,0.34003258
1637,-2.0217855,0.3282214
1638,-0.9495593,0.20953533
1639,-1.8527265,0.3184001
1640,-1.599235,0.28552184
1641,-1.1389823,0.22772174
1642,-2.0185225,0.36106694
1643,-1.4288772,0.25069878
1644,-1.6196206,0.2954007
1645,-1.2515996,0.31174374
1646,-1.3872881,0.32296506
1647,-1.8465854,0.3125357
1648,-2.0233061,0.39112303
1649,-1.2521563,0.24204884
1650,-1.3079027,0.26913667
1651,-1.1320609,0.2632754
1652,-1.6131449,0.32555217
1653,-1.4632717,0.27434173
1654,-2.0981688,0.34752497
1655,-1.6609869,0.41181454
1656,-1.7910738,0.39001632
1657,-1.9854455,0.43960175
1658,-1.5282353,0.2610558
1659,-1.1900617,0.21724252
1660,-1.0671322,0.21372907
1661,-1.3145468,0.32586232
1662,-1.5770284,0.33128953
1663,-1.6359552,0.28354833
1664,-1.7446235,0.2967852
1665,-1.4948806,0.2295712
1666,-1.7390704,0.30072173
1667,-1.4762666,0.24899948
1668,-1.2525675,0.22847056
1669,-1.3079873,0.23886907
1670,-0.8742496,0.17055403
1671,-2.07492,0.36438578
1672,-1.2493548,0.24963671
1673,-0.9760617,0.18406515
1674,-1.3141577,0.24019961
1675,-1.4421206,0.34609285
1676,-1.7617728,0.27188793
1677,-1.3218522,0.26451397
1678,-1.649712,0.32429698
1679,-1.483508,0.23630112
1680,-1.3067749,0.22636837
1681,-1.4237273,0.24590947
1682,-1.8201017,0.4311691
1683,-2.1031759,0.2755698
1684,-1.6537606,0.26103237
1685,-1.7477928,0.34705
1686,-1.771999,0.28929996
1687,-1.7629268,0.29413408
1688,-1.3565309,0.32563972
1689,-2.0446706,0.3518205
1690,-1.6067294,0.25540516
1691,-2.1692681,0.39759395
1692,-1.0171891,0.21410346
1693,-2.0693283,0.30430967
1694,-1.691993,0.32837048
1695,-1.4448745,0.24246275
1696,-2.3062594,0.3305205
1697,-2.4887972,0.4282
1698,-1.6222682,0.3052502
1699,-1.6534625,0.2785923
1700,-1.3281685,0.30145258
1701,-1.5089998,0.38590774
1702,-1.4052641,0.25383756
1703,-1.5901641,0.3674786
1704,-1.1354352,0.25482965
1705,-1.4048927,0.27697933
1706,-1.65143,0.26342383
1707,-1.9503473,0.322419
1708,-1.3996336,0.32100627
1709,-1.8876512,0.35673133
1710,-1.516223,0.30424798
1711,-1.183702,0.20582828
1712,-1.592242,0.24150908
1713,-1.0616896,0.22391337
1714,-1.10848,0.22009295
1715,-1.2274458,0.23038566
1716,-1.66995,0.31368092
1717,-1.4899324,0.26496133
1718,-1.732261,0.28931925
1719,-1.3166851,0.2579711
1720,-1.3103725,0.27609563
1721,-0.98712236,0.18711266
1722,-1.5440631,0.27230883
1723,-1.7910007,0.35611147
1724,-1.1634239,0.17542228
1725,-2.1309636,0.37084836
1726,-1.3641381,0.2232914
1727,-1.2103863,0.25403112
1728,-1.6920699,0.3285203
1729,-1.0345033,0.20025896
1730,-1.6040987,0.2510747
1731,-0.9257636,0.18833815
1732,-2.1169732,0.38655737
1733,-1.8435009,0.3220832
1734,-1.5087612,0.2673718
1735,-1.1871784,0.22494909
1736,-1.379339,0.23324704
1737,-1.6121002,0.33061135
1738,-1.4896173,0.36381778
1739,-2.1040807,0.42193198
1740,-1.9476867,0.30462596
1741,-1.7977538,0.3040472
1742,-1.6138988,0.27697214
1743,-1.7344295,0.2521785
1744,-1.7948931,0.26923096
1745,-1.5651762,0.2753734
1746,-1.7246199,0.2997344
1747,-1.5375515,0.2518241
1748,-2.1307032,0.3233004
1749,-1.3563336,0.27655503
1750,-1.6682204,0.30648115
1751,-1.690202,0.31073952
1752,-1.6289527,0.28698835
1753,-1.4096663,0.24196568
1754,-1.4110984,0.27146614
1755,-1.533252,0.33523402
1756,-1.4174247,0.370151
1757,-1.2520257,0.20073172
1758,-1.1892892,0.28561938
1759,-1.7210634,0.36252984
1760,-1.2120955,0.27589718
1761,-1.0070255,0.21853709
1762,-1.7291106,0.28350204
1763,-1.6366043,0.23632096
1764,-1.6599023,0.30101204
1765,-1.8749315,0.26873004
1766,-1.751989,0.32524815
1767,-1.1068621,0.24889433
1768,-1.5415062,0.23740852
1769,-1.5901302,0.2620983
1770,-1.9001311,0.33369073
1771,-0.9804344,0.18982053
1772,-1.1325881,0.2825896
1773,-1.3824617,0.31145182
1774,-1.3058773,0.26655102
1775,-1.4097983,0.25883147
1776,-2.1397386,0.35203543
1777,-1.1594201,0.20416558
1778,-1.4154122,0.35234505
1779,-1.5252745,0.29876155
1780,-0.116639726,0.7369826
1781,-1.3308798,0.24542703
1782,-1.0188079,0.25854766
1783,-1.39106,0.255304
1784,-1.6094639,0.35654652
1785,-1.1964109,0.19500956
1786,-1.7121032,0.338019
1787,-1.692757,0.29028237
1788,-1.6333698,0.3084891
1789,-1.323866,0.22648637
1790,-1.2819417,0.22765034
1791,-1.327799,0.27146536
1792,-1.3090297,0.25463206
1793,-1.5960045,0.38059923
1794,-1.89013,0.3848755
1795,-1.0140492,0.20700422
1796,-1.0824319,0.26086876
1797,-1.2119899,0.18954311
1798,-1.6392347,0.41972795
1799,-1.8839155,0.361857
1800,-1.3854752,0.23489122
1801,-0.0019680467,0.55876184
1802,-1.3106877,0.23919562
1803,-0.90132177,0.19781703
1804,-1.9005427,0.3985766
1805,-1.614622,0.31005332
1806,-2.078094,0.37720877
1807,0.08207792,0.93555146
1808,-1.349267,0.19889285
1809,-1.4160271,0.23621804
1810,-1.6619405,0.25480232
1811,0.95166,1.7934655
1812,-1.447979,0.31507325
1813,-1.8601274,0.28224686
1814,-1.6679208,0.28346008
1815,-2.0892887,0.3905641
1816,-1.4827212,0.35801697
1817,-1.8879654,0.31215
1818,-1.9232719,0.35741025
1819,-1.3323177,0.26982835
1820,-1.5668745,0.30060512
1821,-2.0618322,0.33237737
1822,-1.4908224,0.23120746
1823,-1.9048157,0.3514295
1824,-2.06855,0.33422753
1825,-1.6632217,0.33047175
1826,-1.7322273,0.25708345
1827,-1.1778462,0.25404385
1828,-0.96760315,0.24767675
1829,-1.6999049,0.3310528
1830,-1.9064599,0.37475714
1831,-2.301279,0.30395892
1832,-1.5340872,0.2700356
1833,-2.259501,0.39645863
1834,-1.6977464,0.2940379
1835,-1.2998182,0.40550607
1836,-1.632507,0.2603124
1837,-1.5807059,0.23318693
1838,-1.9825383,0.37793446
1839,-2.098407,0.36841768
1840,-1.8713486,0.2600965
1841,-1.4252394,0.38887694
1842,-1.6313574,0.28577197
1843,-1.5501078,0.30513424
1844,-2.0595407,0.37471244
1845,-1.5097646,0.27818987
1846,-1.497464,0.35366514
1847,-1.9763407,0.3445415
1848,-1.7471435,0.3307825
1849,-1.3350334,0.29316175
1850,-2.1179998,0.2856974
1851,-1.5792035,0.25090748
1852,-1.7446463,0.27897725
1853,-1.6911194,0.3502555
1854,-1.6769683,0.3330719
1855,-1.6135702,0.2566343
1856,-1.6730129,0.27323407
1857,-1.4219537,0.3164876
1858,-1.278437,0.26839244
1859,-1.2082785,0.21270357
1860,-1.2141904,0.32407704
1861,-1.3241887,0.26567972
1862,-1.4972847,0.26501036
1863,-1.9530095,0.28585574
1864,-0.97343546,0.21799628
1865,-1.3535852,0.24050002
1866,-1.3651259,0.27503327
1867,-1.4371878,0.23848838
1868,-0.85393053,0.1691783
1869,-1.171801,0.24303538
1870,-1.8070849,0.27588993
1871,-1.6620299,0.324515
1872,-1.2285224,0.24474761
1873,-2.204955,0.35846716
1874,-0.7649858,0.16224869
1875,-1.3047138,0.24115768
1876,-1.8388188,0.3825507
1877,-1.0315444,0.19487745
1878,-1.9791199,0.33423072
1879,-1.7457448,0.2782207
1880,-1.0489774,0.20955655
1881,-1.6460936,0.36622044
1882,-1.5833364,0.28504092
1883,-1.3185977,0.23204665
1884,-1.76346,0.32395798
1885,-2.1423264,0.3211295
1886,-2.1459203,0.34647185
1887,-1.4047632,0.31076023
1888,-1.8561176,0.30810317
1889,-1.2509859,0.28162387
1890,-2.018537,0.2870253
1891,-1.6681983,0.333444
1892,-1.111074,0.2883051
1893,-1.0118297,0.22660786
1894,-2.0676463,0.29267243
1895,-1.466593,0.31690633
1896,-1.0685897,0.15060456
1897,-1.5377847,0.36494073
1898,0.796659,1.4244851
1899,-1.4114984,0.29059708
1900,-1.7128886,0.2164846
1901,-2.0159464,0.31189936
1902,-1.7008191,0.29410246
1903,-1.3217168,0.2881102
1904,-1.9353751,0.31209812
1905,-1.2673279,0.2100064
1906,-1.681019,0.25411135
1907,-1.7881546,0.274017
1908,-1.769954,0.3064185
1909,-1.4008238,0.21044065
1910,-1.6006507,0.341685
1911,-1.7543826,0.33142588
1912,-0.15551849,0.4478686
1913,-1.5724978,0.26496425
1914,-1.057656,0.16840646
1915,-1.2638794,0.26965183
1916,-2.1470747,0.45370013
1917,-1.644092,0.3274006
1918,-1.1204765,0.24274541
1919,-1.7532353,0.27966806
1920,-1.6838255,0.3160018
1921,-2.0506785,0.4775208
1922,-2.0000193,0.42619956
1923,-1.5165974,0.22109257
1924,-1.2605484,0.28072086
1925,-1.8679249,0.3215832
1926,-1.7611051,0.29160285
1927,-2.1080275,0.29577556
1928,-1.4275832,0.30213594
1929,-0.7599885,0.1682552
1930,-1.4290185,0.25358
1931,-1.1256518,0.29058695
1932,-1.805377,0.31961426
1933,-2.055207,0.39831692
1934,-1.5698843,0.27302316
1935,-1.5766969,0.2710694
1936,-1.349337,0.2445124
1937,-1.3235134,0.21911089
1938,-2.199956,0.3519349
1939,-1.3663571,0.27085894
1940,-1.4845109,0.21561338
1941,-1.649395,0.29229128
1942,-0.8932181,0.19258596
1943,-1.6260958,0.28355455
1944,-1.4715909,0.26277664
1945,-1.8259032,0.37944597
1946,-1.2761611,0.23855512
1947,-1.7701616,0.3119971
1948,-1.4913172,0.21825977
1949,-1.1072521,0.1934109
1950,-1.5242243,0.32175705
1951,-1.7599063,0.25779817
1952,-1.8262445,0.31543934
1953,-1.8515173,0.34701207
1954,-1.6711735,0.35731587
1955,-1.8279256,0.28187189
1956,-1.2509887,0.23369198
1957,-1.6061195,0.29359737
1958,-1.2946054,0.22765115
1959,-1.379498,0.27474794
1960,-1.8831629,0.29555643
1961,-1.7150906,0.20332049
1962,-1.7576941,0.3238923
1963,-1.5145099,0.36739475
1964,-1.7956073,0.26771158
1965,-1.731283,0.3042909
1966,-1.5057777,0.29143205
1967,-1.6780952,0.28035888
1968,-1.8071206,0.2850034
1969,-1.2667701,0.22727486
1970,-1.5348843,0.25776333
1971,-1.7055241,0.29069662
1972,-1.1479878,0.20361091
1973,-1.8904859,0.29761097
1974,-1.793917,0.33746225
1975,-1.6501242,0.3326907
1976,-1.4576633,0.2260418
1977,-1.4028804,0.2604666
1978,-1.2862216,0.27100164
1979,-1.5610892,0.23346373
1980,-2.1298237,0.39271343
1981,-1.6976061,0.2755198
1982,-1.9079087,0.34503123
1983,-1.0578516,0.27482036
1984,-1.3970191,0.26784384
1985,-1.7187756,0.31578362
1986,-1.3734117,0.26467595
1987,-1.4100397,0.21538916
1988,-2.022168,0.30472997
1989,-1.9561313,0.31669638
1990,-1.7521751,0.318807
1991,-1.2895212,0.24414182
1992,-1.633907,0.28033915
1993,-1.5255913,0.21126746
1994,-1.6828673,0.37811422
1995,-1.5822612,0.25373888
1996,-1.4995825,0.3206024
1997,-1.3756746,0.30624777
1998,-2.0381424,0.2816543
1999,-1.8929826,0.3475191
2000,-1.4170796,0.24196613
2001,-1.8962381,0.2590779
2002,-1.387885,0.24499324
2003,-0.9777409,0.1667708
2004,-1.5563786,0.26536617
2005,-1.957471,0.33345583
2006,-1.7100606,0.35131484
2007,-1.4479755,0.25258213
2008,-1.9238746,0.38691747
2009,-1.2365899,0.26089966
2010,-1.7363272,0.33375826
2011,-1.0020115,0.16645065
2012,-1.5396422,0.2618091
2013,-1.7595205,0.27951404
2014,-1.0039053,0.20953704
2015,-1.2531422,0.270346
2016,-1.4771178,0.3038455
2017,-1.2610539,0.21408194
2018,-1.0603466,0.2317396
2019,-1.2236866,0.21857882
2020,-1.0654655,0.21721387
2021,-1.3902277,0.28618196
2022,-1.5324272,0.30698657
2023,-1.8183125,0.30147132
2024,-1.50466,0.25516766
2025,-1.4578927,0.3334016
2026,-1.8144802,0.2864334
2027,-1.6161727,0.28650498
2028,0.04695722,0.75484735
2029,-1.850222,0.3155583
2030,-1.836817,0.29256064
2031,-1.8105059,0.31034908
2032,-1.4507468,0.27925032
2033,-1.1182518,0.17957073
2034,-1.6633638,0.31424123
2035,-1.1029946,0.26477468
2036,-1.1715373,0.20258065
2037,-1.5289752,0.25912002
2038,-1.5343299,0.2736084
2039,-1.7311162,0.3333065
2040,-1.6326287,0.33231357
2041,-1.1555812,0.28978148
2042,-1.8464061,0.26351818
2043,-1.2295914,0.29048982
2044,-1.8514286,0.33632228
2045,-1.3039643,0.21367067
2046,-1.0250622,0.23061046
2047,-0.8231068,0.15362835
2048,-1.3450586,0.3349358
2049,-1.7125949,0.39582402
2050,-1.805839,0.29304335
2051,-1.6980976,0.3252059
2052,-1.9491643,0.3418598
2053,-2.3187876,0.3911622
2054,-1.7876843,0.2841094
2055,-1.6605878,0.30151287
2056,-2.3333852,0.35753834
2057,-1.135526,0.30666038
2058,-1.5251194,0.3009978
2059,-2.0866952,0.34730324
2060,-1.8621265,0.33002782
2061,-1.2915999,0.33272812
2062,-1.128768,0.20349285
2063,-1.5913409,0.3569006
2064,-1.9185024,0.2916003
2065,-1.1834807,0.22124171
2066,-1.3452959,0.21346797
2067,-1.3303212,0.22494122
2068,0.19673777,0.79524493
2069,0.07546562,0.49396193
2070,-1.6176904,0.26569253
2071,-0.12271949,0.5222782
2072,-1.6947682,0.26941317
2073,-1.8217502,0.37847605
2074,-1.0567842,0.19177382
2075,-1.0075971,0.21628608
2076,-1.4703462,0.29904678
2077,-1.2908238,0.2801028
2078,-1.077998,0.21352974
2079,-1.4881904,0.24230173
2080,-1.9319378,0.31633648
2081,-1.8171419,0.41340777
2082,-1.1950812,0.20762984
2083,-1.8241979,0.28571504
2084,-1.187029,0.2558531
2085,-1.5674949,0.2602247
2086,-1.7742376,0.24487111
2087,-2.2202392,0.34578243
2088,-1.6905267,0.3420296
2089,-1.7350688,0.3185699
2090,-1.7466561,0.28204218
2091,-1.6893708,0.32722005
2092,-2.14383,0.3519788
2093,-1.5660276,0.29425713
2094,-1.3076074,0.2853973
2095,-1.0094025,0.1862637
2096,-1.373452,0.26101947
2097,-2.066743,0.3578353
2098,-1.5624007,0.31966263
2099,-0.20582137,0.51092446
2100,-1.6632596,0.2838688
2101,-1.4871095,0.21842252
2102,-2.2756953,0.39934915
2103,-1.4430832,0.29189608
2104,-1.6734182,0.33321008
2105,-1.7107533,0.32210943
2106,-2.1081388,0.4268216
2107,-1.8377284,0.27328852
2108,-1.0878606,0.22202247
2109,-1.2395859,0.24181351
2110,-1.5363402,0.26431736
2111,-1.8879358,0.38633326
2112,-1.5230167,0.24920328
2113,-1.4169099,0.41155624
2114,-1.483272,0.26796323
2115,-1.8799963,0.3014211
2116,-1.9945309,0.34558457
2117,-1.7049344,0.28491068
2118,-1.6412603,0.32461283
2119,-1.1320834,0.21811672
2120,-2.0577586,0.37217012
2121,-1.7029074,0.29581875
2122,-1.6580907,0.24154828
2123,-1.5478531,0.33212334
2124,-1.7755637,0.32363197
2125,-1.3447233,0.24205956
2126,-1.5605778,0.26944318
2127,-1.8973182,0.27930787
2128,-1.7583289,0.39525095
2129,-1.3028853,0.2698726
2130,-1.1369004,0.29858944
2131,-0.9644318,0.14881228
2132,-1.0195286,0.16969517
2133,-2.273993,0.39359912
2134,-1.6654636,0.3221697
2135,-1.7043735,0.37240842
2136,-1.7404419,0.34581175
2137,-1.9758809,0.31403387
2138,-1.2135763,0.19939503
2139,-0.2593284,0.47062695
2140,-0.7014425,1.1964649
2141,-1.9333934,0.34554392
2142,-2.0505545,0.35330912
2143,-1.3485374,0.2612159
2144,-2.2239988,0.5041273
2145,-1.0872035,0.19832778
2146,-1.5892552,0.32623932
2147,-2.2383044,0.402702
2148,-1.1468205,0.26222855
2149,-1.3621588,0.24714887
2150,-0.92816615,0.16267245
2151,-1.4355046,0.36867687
2152,-1.7584064,0.3341337
2153,-1.7430855,0.33179054
2154,-1.7121155,0.35724747
2155,-1.638539,0.39549768
2156,-1.8980036,0.37004054
2157,-1.8521248,0.28622892
2158,-1.6390615,0.3021017
2159,-1.4401585,0.2216932
2160,-1.2652857,0.1983156
2161,-2.0594583,0.31454793
2162,-1.3753798,0.21317193
2163,-1.4277533,0.22948964
2164,-0.86590314,0.16594037
2165,-1.2705433,0.22201961
2166,-0.90584046,0.17467618
2167,-1.3542899,0.2005992
2168,-1.575315,0.3176513
2169,-1.661624,0.22232915
2170,-1.1547008,0.22526279
2171,-2.1462893,0.33926818
2172,-1.8001587,0.3324082
2173,-1.4497544,0.31454644
2174,-1.9704046,0.32244003
2175,-1.4694401,0.23217618
2176,-1.8604056,0.3024424
2177,-1.6146392,0.2456384
2178,-1.1819743,0.17963153
2179,-1.965119,0.40402794
2180,-1.4234587,0.24626702
2181,-1.313308,0.26167795
2182,-1.2397523,0.2707092
2183,-1.1872857,0.2833652
2184,-2.061756,0.28335145
2185,-1.9714149,0.3556165
2186,-1.6103206,0.258377
2187,-1.2332913,0.20274934
2188,-1.4748431,0.2828607
2189,-0.9346823,0.1710523
2190,-1.7520442,0.35681304
2191,-1.5308946,0.23024322
2192,-1.5357801,0.26745495
2193,-1.2075553,0.22333029
2194,-1.2279158,0.22230092
2195,-1.1112972,0.21326365
2196,-2.164259,0.3796907
2197,-1.6708629,0.36546302
2198,-1.8626338,0.28268692
2199,-1.2150418,0.26420623
2200,-1.938935,0.36582288
2201,-1.976335,0.3325531
2202,-1.7057909,0.34677944
2203,-1.5882883,0.313472
2204,-1.6294277,0.30915266
2205,-1.6574848,0.25809374
2206,-1.8534774,0.3282629
2207,-1.2323323,0.21019158
2208,-1.3701931,0.36328465
2209,-1.6025772,0.3683786
2210,-1.5947909,0.30656493
2211,-1.7321101,0.28535712
2212,-1.1026024,0.27657452
2213,-1.9200549,0.3166276
2214,-1.9021269,0.32642844
2215,-1.7273853,0.3315329
2216,-1.7719153,0.27337447
2217,-1.221136,0.24581096
2218,0.58695614,0.76339036
2219,-1.570803,0.21853215
2220,-1.5703061,0.25748336
2221,-1.1592708,0.23641452
2222,-1.9604728,0.31237608
2223,-1.7249435,0.21767691
2224,-1.6968077,0.27993515
2225,-2.0334697,0.31601688
2226,-1.6925739,0.3223748
2227,-1.6008365,0.32542905
2228,-1.5950868,0.30064708
2229,-2.0251296,0.39573655
2230,0.28648713,0.52219385
2231,-1.1806903,0.26188478
2232,-1.4789242,0.23437357
2233,-2.343557,0.4302714
2234,-1.3447185,0.30458307
2235,-1.5070866,0.29518497
2236,-1.5590602,0.31096452
2237,-1.0578995,0.22496799
2238,-1.4817144,0.3106239
2239,-2.3952274,0.41467306
2240,-2.113507,0.38321522
2241,-2.0887136,0.3361947
2242,-1.8174088,0.36894295
2243,-1.3676332,0.26120776
2244,-2.1968007,0.31728524
2245,-1.5843208,0.31093702
2246,-1.638892,0.27749732
2247,-1.9351047,0.4123498
2248,-1.8618333,0.3122346
2249,-1.3384378,0.231235
2250,-1.6628575,0.33402616
2251,-1.9320334,0.33732557
2252,-2.1344666,0.3537972
2253,-1.6874037,0.29809684
2254,-1.8704144,0.30318314
2255,-1.7016524,0.324753
2256,-1.479551,0.31326815
2257,-1.1304834,0.20287736
2258,-1.5553387,0.27220652
2259,-2.069008,0.4182308
2260,-1.4418106,0.22408116
2261,-1.7274894,0.30485362
2262,-1.747862,0.30059642
2263,-1.8806332,0.30907783
2264,-1.960368,0.37395
2265,-1.5387976,0.29457423
2266,-1.0884519,0.22994094
2267,-0.9506787,0.18171985
2268,-1.130199,0.21816066
2269,-1.6972897,0.285148
2270,-1.8056241,0.32744324
2271,-1.2493865,0.2367693
2272,-1.5370768,0.21923509
2273,-1.5176893,0.46575227
2274,-1.7725598,0.33991385
2275,-1.3909478,0.18639919
2276,-1.0772338,0.19729716
2277,-1.5245632,0.2799967
2278,-1.9334797,0.33417276
2279,-2.25169,0.34766427
2280,-1.6845974,0.28874114
2281,-1.6749283,0.24848874
2282,-1.2705587,0.23642823
2283,-1.7323843,0.32390586
2284,-2.1802382,0.38626364
2285,-1.284263,0.19949943
2286,-1.5664312,0.28996664
2287,-1.9474499,0.41804665
2288,-1.8129637,0.31123683
2289,-1.4288669,0.22827427
2290,-1.025065,0.20003706
2291,-1.5000621,0.31863153
2292,-1.9790218,0.44629294
2293,-1.4059923,0.24653846
2294,-1.2014203,0.26406106
2295,-1.4944491,0.2432937
2296,-1.5896057,0.2881516
2297,-1.5624002,0.24182756
2298,-1.6991769,0.33387005
2299,-1.0452932,0.2646564
2300,-1.7085042,0.30396715
2301,-1.2501659,0.24679536
2302,-2.562244,0.38222766
2303,-1.7073157,0.2769384
2304,-0.19305724,0.7678612
2305,-1.8575364,0.38058132
2306,-1.8049046,0.31746268
2307,-1.910785,0.39698672
2308,-1.829068,0.34647277
2309,-1.3299512,0.21129723
2310,-2.114359,0.3721846
2311,-2.2901416,0.31872046
2312,-1.403105,0.34556478
2313,-1.2821858,0.19769102
2314,-1.5592537,0.27908623
2315,-1.9045807,0.34447494
2316,-1.5951295,0.27357787
2317,-1.3306551,0.20573463
2318,-1.8492978,0.3242214
2319,-1.12932,0.2397827
2320,-1.6925263,0.29818684
2321,-1.8692617,0.36381927
2322,-1.5909456,0.332801
2323,-2.3233118,0.3889458
2324,-1.0609287,0.20959091
2325,-1.4629594,0.2572326
2326,-1.9620557,0.40298584
2327,-0.91923034,0.20763794
2328,-1.5163064,0.28070718
2329,-1.1713812,0.24237089
2330,-1.1167364,0.16844812
2331,-1.875159,0.33294767
2332,-1.4232374,0.30535126
2333,-1.1728776,0.23403706
2334,-1.8302257,0.27856243
2335,-2.1461499,0.35283238
2336,-1.3715909,0.28065532
2337,-1.2210945,0.30140874
2338,-1.8327782,0.29285207
2339,-1.3137592,0.22556539
2340,-1.7347624,0.40281755
2341,-1.6218288,0.27576807
2342,0.74172556,1.2675097
2343,-1.8989935,0.37323418
2344,-2.0562997,0.3523068
2345,-1.697191,0.32389623
2346,-1.2597736,0.2442163
2347,-1.7053425,0.3063873
2348,-2.0246563,0.31016463
2349,-1.0551482,0.22772488
2350,-1.3673781,0.24673395
2351,-1.7401558,0.32167482
2352,-1.4957004,0.27873483
2353,-1.7153095,0.27898675
2354,-1.269379,0.31432605
2355,0.52484,1.2148529
2356,-1.4574766,0.30874017
2357,-1.3493174,0.28450015
2358,-1.5773457,0.2566989
2359,-1.8435532,0.2734454
2360,-1.3968866,0.3037671
2361,-1.8353351,0.39195198
2362,-2.2931452,0.3372471
2363,-1.7857289,0.28016812
2364,-1.6003501,0.2652178
2365,-2.1706588,0.33535206
2366,-1.16705,0.30659083
2367,-0.041719686,0.6081533
2368,-2.0188706,0.32439533
2369,-1.8993957,0.2890093
2370,-1.8793919,0.36062
2371,-1.6415296,0.33865616
2372,-1.9456329,0.3009898
2373,-1.114971,0.25051486
2374,-1.2579402,0.20111053
2375,-2.1434286,0.33801225
2376,-1.4134272,0.26166546
2377,-1.8738143,0.40872154
2378,-1.9653196,0.2964422
2379,-1.7875749,0.32177714
2380,-1.520626,0.33325288
2381,-1.5856237,0.31906196
2382,-1.7777357,0.2945292
2383,-1.8232421,0.3176755
2384,-1.6962901,0.26591495
2385,-2.111653,0.30706486
2386,-1.86708,0.27892488
2387,-1.4132718,0.26290023
2388,-1.5357063,0.36745238
2389,-1.1537186,0.22608818
2390,-1.5994217,0.23323812
2391,-1.8847164,0.3191407
2392,-1.1050787,0.19199373
2393,-2.1492,0.3804463
2394,-1.6153674,0.25885242
2395,-1.7822196,0.4241501
2396,-1.393271,0.24541795
2397,-1.0360217,0.21652333
2398,-1.6644123,0.27961212
2399,-1.5457847,0.2592488
2400,-1.3631641,0.23965035
2401,-1.8989863,0.3132039
2402,-1.777515,0.27803656
2403,-2.2057023,0.41363147
2404,-1.4613594,0.23653314
2405,-2.2973754,0.3103999
2406,-1.3769858,0.18279393
2407,-1.4331721,0.23779152
2408,-1.7709801,0.3593283
2409,-0.94694006,0.22218257
2410,-1.7522821,0.31915396
2411,-1.536561,0.29762587
2412,-1.6099558,0.26951352
2413,-1.4862763,0.26138857
2414,-1.5828143,0.22891818
2415,-1.5185603,0.32934302
2416,-1.8581733,0.28792125
2417,-1.7422601,0.30063432
2418,-1.3320619,0.22004053
2419,-1.8814523,0.27710798
2420,-1.8066286,0.29020786
2421,-1.8819913,0.32014945
2422,-1.6187539,0.3571166
2423,-1.0792767,0.23210822
2424,-2.1282089,0.33469954
2425,-1.9705278,0.28155828
2426,-1.3478009,0.25387743
2427,-1.8422738,0.3256746
2428,-1.4057835,0.25743958
2429,-1.933525,0.39375004
2430,-1.0923079,0.21580906
2431,-2.019242,0.26800004
2432,-1.6374234,0.24712527
2433,-1.9257555,0.27361438
2434,-2.1324263,0.3330844
2435,-2.3744063,0.3768365
2436,-2.2681105,0.39550844
2437,-1.2342528,0.25190926
2438,-1.7709134,0.3124779
2439,-1.6723456,0.29355317
2440,-2.0878518,0.37624088
2441,-1.3513199,0.25250822
2442,-2.0122755,0.2875371
2443,-1.8634367,0.33509907
2444,-1.7049546,0.29073864
2445,-1.9274143,0.33304948
2446,-1.2057943,0.24322075
2447,-1.8388134,0.3321277
2448,-1.5676728,0.32151896
2449,-1.2608887,0.2877453
2450,-1.8855317,0.36803406
2451,-1.8130791,0.3544958
2452,-1.180773,0.24085492
2453,-1.2278343,0.23929149
2454,-1.5164272,0.24035932
2455,-1.4170657,0.2553429
2456,-2.0963464,0.36813527
2457,-1.411239,0.25697464
2458,-1.8997937,0.2787377
2459,-1.3088292,0.24179545
2460,-1.6594843,0.29038617
2461,-1.0161804,0.18513826
2462,-1.464917,0.3060177
2463,-1.216055,0.2230531
2464,-2.23668,0.34278908
2465,-1.9266094,0.32216054
2466,-2.1863766,0.43669847
2467,-0.96111625,0.19108032
2468,-1.7773795,0.26735565
2469,-1.1487937,0.223416
2470,-1.7322981,0.3493984
2471,-1.7553552,0.30057105
2472,-1.3425653,0.26631576
2473,-1.8485204,0.29630086
2474,-1.2205341,0.254934
2475,-1.1545615,0.27932987
2476,-1.7435014,0.3033522
2477,-1.6103642,0.2421394
2478,-1.4600797,0.36000577
2479,-2.2143993,0.36370364
2480,-1.090714,0.2510175
2481,-1.4468902,0.21579103
2482,-1.5016692,0.30080727
2483,-1.6296054,0.21624811
2484,-1.4855669,0.26492083
2485,-1.4267602,0.27928877
2486,-1.9199234,0.32647258
2487,-2.376802,0.31523374
2488,-2.1152053,0.31852615
2489,-1.0855085,0.19269615
2490,-1.5682238,0.25388202
2491,-2.0075428,0.39248532
2492,-0.757185,0.1345848
2493,-1.6608658,0.25054073
2494,-1.7127359,0.29910213
2495,-2.035967,0.31977534
2496,-1.2263601,0.33780986
2497,-1.1078027,0.21409966
2498,-1.6349423,0.2740757
2499,-1.7753829,0.3993327
2500,-1.46213,0.33155563
2501,-1.5484082,0.24073988
2502,-1.45312,0.26485252
2503,-1.8289086,0.28993618
2504,-1.795513,0.29028735
2505,-1.3220911,0.30932963
2506,0.09938829,0.49707502
2507,-2.0360348,0.30858788
2508,-1.6420866,0.3371594
2509,-1.0390083,0.15702775
2510,-1.580075,0.34230334
2511,-2.0002956,0.29019433
2512,-1.9072847,0.2986946
2513,-1.6500582,0.4191459
2514,-1.5525055,0.25607413
2515,-1.743822,0.30489668
2516,-1.7964724,0.26495484
2517,-0.9408464,0.19288231
2518,-1.7958287,0.28167072
2519,-1.6160173,0.28921503
2520,-1.0063342,0.22357906
2521,-1.528561,0.31083897
2522,-1.7432655,0.34754676
2523,-0.9970682,0.23430029
2524,-2.226395,0.36493912
2525,-1.7557586,0.31835216
2526,-1.8663226,0.3348001
2527,-1.2418892,0.18758035
2528,-2.2738307,0.37449157
2529,-1.4396836,0.24894178
2530,-1.2947038,0.19229771
2531,-1.5835886,0.30892652
2532,-1.444262,0.26474148
2533,-1.2296406,0.21645528
2534,-1.3454877,0.35337165
2535,-1.1898853,0.3379222
2536,-1.8846688,0.3371336
2537,-1.8990117,0.29075447
2538,-1.2692747,0.24734233
2539,-1.5563376,0.38347033
2540,-1.5431288,0.33166063
2541,-1.8079382,0.29984513
2542,-1.7268264,0.27396935
2543,-1.1436551,0.18905069
2544,-1.5708352,0.30881998
2545,-1.7011646,0.2910717
2546,-1.2817632,0.31016085
2547,-1.7049936,0.39432928
2548,-2.273096,0.42892188
2549,-1.8661678,0.30448136
2550,-1.9992131,0.33681172
2551,-1.6828368,0.26713532
2552,-1.2036943,0.26095116
2553,-1.4188592,0.24782135
2554,-1.2660756,0.20368747
2555,-1.528479,0.22070158
2556,-1.1812079,0.21680386
2557,-1.2129166,0.23027396
2558,-1.6875851,0.37939405
2559,-1.0977684,0.1619018
2560,-1.3837082,0.22639814
2561,-1.8633263,0.3421821
2562,-1.9720958,0.28031477
2563,-0.9770038,0.20054923
2564,-1.3527881,0.31181762
2565,-2.1762922,0.34133253
2566,-1.7873027,0.32927632
2567,-1.1037683,0.18805823
2568,-1.2773013,0.22071038
2569,-1.589282,0.25590804
2570,-1.5784967,0.32632193
2571,-1.6391995,0.30292997
2572,-1.5824453,0.3223318
2573,-1.8180319,0.33254036
2574,-1.7988156,0.33002225
2575,-1.3432444,0.20634457
2576,-1.3040043,0.29479232
2577,-1.3536638,0.1771245
2578,-1.6568272,0.27293384
2579,-1.6472769,0.2605752
2580,-1.3331043,0.29637828
2581,-1.6361271,0.5012883
2582,-1.6515847,0.3083809
2583,-2.1032352,0.3544547
2584,-1.1069964,0.2148003
2585,-2.035382,0.4268477
2586,-1.9293476,0.28069636
2587,-1.391988,0.25274932
2588,-1.6316195,0.31807077
2589,-1.8646901,0.30304688
2590,0.09865668,0.6884453
2591,-1.455618,0.25661224
2592,-1.386872,0.29792225
2593,-1.4331912,0.30293834
2594,-1.3744447,0.31908342
2595,-1.8715276,0.3183096
2596,-2.0894408,0.37360176
2597,-1.2004647,0.2352655
2598,-1.3975899,0.27256376
2599,-1.556159,0.4410159
2600,-1.5461802,0.34459692
2601,-2.0769935,0.3932178
2602,-1.5853096,0.2797952
2603,-1.4708779,0.29203692
2604,-1.5962621,0.3640527
2605,-1.6520146,0.26406115
2606,-1.6648414,0.26828533
2607,0.21815382,0.5068742
2608,-1.6088444,0.2914817
2609,-1.465306,0.3185072
2610,-2.0846944,0.3359048
2611,-1.2111434,0.21929377
2612,-0.92793894,0.18982485
2613,-1.3306091,0.23255469
2614,-1.4779514,0.28917283
2615,-1.3419123,0.20078282
2616,-1.279185,0.23773308
2617,-1.1230496,0.22521463
2618,-1.4415718,0.281371
2619,-1.521647,0.28040472
2620,-1.1065342,0.21485683
2621,-1.4999863,0.28053522
2622,-1.4589524,0.22096008
2623,-1.2365931,0.23539984
2624,-0.9842477,0.17291163
2625,-1.7907934,0.3207698
2626,-2.2826629,0.36110976
2627,-1.6842977,0.33360952
2628,-1.5330461,0.27783495
2629,-1.0832683,0.23421848
2630,-1.440011,0.2803818
2631,-1.5981877,0.25272304
2632,-0.7563533,0.17160206
2633,-0.9165503,0.18560822
2634,-1.9095757,0.33248642
2635,0.08858503,0.3580785
2636,-1.5962104,0.3003147
2637,-1.493446,0.21432976
2638,-1.923755,0.2703896
2639,0.9142981,1.3944609
2640,-1.451725,0.26717952
2641,-2.0961375,0.31903493
2642,-1.773561,0.3334305
2643,-1.8452468,0.32549533
2644,-1.2355019,0.23856245
2645,-1.8925205,0.28783768
2646,-1.9454598,0.3317022
2647,-1.9084152,0.3806911
2648,-1.344326,0.27352294
2649,-0.9501544,0.20831752
2650,-1.654393,0.30941176
2651,-1.4908686,0.265033
2652,-1.2013791,0.26848617
2653,-1.697587,0.29352728
2654,-1.7425236,0.32786718
2655,-1.2579521,0.2736597
2656,-1.9606758,0.32297227
2657,-1.0114484,0.18316396
2658,-1.5262442,0.32617477
2659,-1.3043655,0.22486266
2660,-1.5972689,0.36798286
2661,-1.2533759,0.22147454
2662,-1.6001126,0.25108892
2663,-1.8211098,0.29340222
2664,-1.8308223,0.29140562
2665,0.011111408,0.43179074
2666,-1.9353114,0.47402483
2667,-1.205925,0.18828642
2668,-1.4139359,0.2825748
2669,-2.0344923,0.39983952
2670,-1.5348793,0.31935108
2671,-1.1631927,0.35296288
2672,-1.5002661,0.30997443
2673,-1.1248783,0.21570452
2674,-1.2785815,0.23576744
2675,-1.6892118,0.2460288
2676,-1.9156342,0.34013507
2677,-0.9917913,0.2416224
2678,-1.1426305,0.24489613
2679,-1.4360243,0.29407603
2680,-1.5386163,0.23342992
2681,-1.4418645,0.30589995
2682,-1.8754605,0.33146146
2683,-1.9844453,0.43560427
2684,-1.3151457,0.21692269
2685,-1.5558712,0.26299724
2686,-1.3970473,0.3100649
2687,-1.4050314,0.3051181
2688,-1.9280345,0.34508017
2689,-1.7228454,0.27871573
2690,-1.3959011,0.27127784
2691,-2.3215137,0.3854159
2692,-1.5788808,0.27350506
2693,-1.6607436,0.28697166
2694,-1.4236118,0.2921238
2695,-1.638854,0.27030188
2696,-1.5044211,0.30464652
2697,-1.7725886,0.2688463
2698,-1.9860697,0.32527244
2699,-0.9806246,0.19115227
2700,-1.7765248,0.30847788
2701,-1.5443938,0.27679285
2702,-2.1384974,0.32956472
2703,-1.0961872,0.19778688
2704,-1.4500242,0.22987984
2705,-1.4300097,0.28368425
2706,-1.3118241,0.23625234
2707,0.0861484,0.3310372
2708,-1.6483542,0.3176405
2709,-0.91135025,0.17402247
2710,-2.1056373,0.34889263
2711,-1.5146962,0.34727535
2712,-1.5292584,0.25704747
2713,-2.2055802,0.34971938
2714,-1.6344724,0.34115005
2715,-1.8932142,0.34509638
2716,-1.8929358,0.2839573
2717,-1.1420232,0.27622175
2718,-1.753527,0.36286002
2719,-1.1502062,0.22336754
2720,-0.54093564,0.7035498
2721,-1.8286269,0.26878718
2722,-1.3705863,0.25486347
2723,-1.0858603,0.20271869
2724,-2.2335289,0.35463023
2725,-1.7641072,0.2922863
2726,-0.07576936,0.7235814
2727,-1.4816842,0.26285914
2728,-1.4466902,0.30921143
2729,-1.6717937,0.30968422
2730,-1.0445884,0.21679819
2731,-1.5254353,0.2364672
2732,-1.8149922,0.25837937
2733,-1.7533236,0.35802892
2734,-0.825053,0.176371
2735,-2.2955773,0.32003272
2736,-2.117611,0.3275855
2737,-1.3745726,0.3045352
2738,-1.7751553,0.316308
2739,-1.3632561,0.23734447
2740,-1.6133422,0.2749831
2741,-1.8222526,0.30197072
2742,-1.5676091,0.3805773
2743,-2.0420275,0.37932435
2744,-1.1174546,0.18541828
2745,-1.0042764,0.1770265
2746,-1.6618187,0.3027383
2747,-1.5210859,0.26490822
2748,-1.8357544,0.34140143
2749,-1.622193,0.3386313
2750,-1.8159009,0.40408596
2751,-1.854782,0.26963395
2752,-1.0624702,0.16044351
2753,-1.6503636,0.30663446
2754,-2.4013948,0.3339999
2755,-1.4927101,0.28891402
2756,-1.5195322,0.27903026
2757,-1.9838853,0.2885361
2758,-1.2187607,0.1919837
2759,-1.8581498,0.38031825
2760,-1.7734096,0.34566653
2761,-1.432943,0.2697594
2762,-1.8146738,0.35879585
2763,-1.58109,0.2638911
2764,-1.3719344,0.21814176
2765,-1.7276046,0.25164184
2766,-1.2074058,0.21958193
2767,-1.5245354,0.29428774
2768,-1.4348853,0.28617045
2769,-1.5938847,0.32801807
2770,-1.9537829,0.29240483
2771,-1.2713,0.19690557
2772,-1.4269449,0.3542719
2773,-1.0915297,0.23156977
2774,-2.0064921,0.30630016
2775,-1.7917061,0.28165412
2776,-1.6255797,0.270026
2777,-1.1730809,0.2797298
2778,-1.4425739,0.26293862
2779,-1.7733047,0.28227466
2780,-1.319941,0.2202596
2781,-0.4295195,0.84088945
2782,-1.1455135,0.2103622
2783,-2.0443377,0.29885668
2784,-1.6913053,0.24530634
2785,-1.9021875,0.37964067
2786,-1.3360758,0.23473662
2787,-1.873842,0.2915702
2788,-1.2750196,0.2885956
2789,-1.8648907,0.2885023
2790,-2.4437225,0.4304838
2791,-0.87377626,0.17751461
2792,-1.0447029,0.24061018
2793,-0.075305946,0.49406967
2794,-1.6324075,0.34625357
2795,-1.5225015,0.25677562
2796,-1.8063732,0.40500024
2797,-2.1556776,0.38437775
2798,-1.7967176,0.33415127
2799,-2.106093,0.3658485
2800,-1.2392217,0.22113562
2801,-1.4007074,0.19482513
2802,-1.5425929,0.25346068
2803,-1.7902954,0.2583392
2804,-1.2980297,0.22229496
2805,-1.6573844,0.2713096
2806,-0.9157888,0.20143314
2807,-1.5249574,0.31237596
2808,-1.873,0.35845068
2809,-2.2525103,0.344929
2810,-1.8551918,0.35811877
2811,-1.1299582,0.19427592
2812,-2.0299284,0.3722279
2813,-1.2465892,0.29152825
2814,-1.9169378,0.324487
2815,-1.3392683,0.24409458
2816,-1.578853,0.25823826
2817,-1.6392478,0.3171442
2818,0.057449237,0.4564763
2819,-1.7389063,0.29457018
2820,-1.7339547,0.33307233
2821,-1.0987465,0.21016324
2822,-2.12949,0.40529248
2823,-2.1160083,0.3870848
2824,-1.6100708,0.34781772
2825,-2.347699,0.3790015
2826,-1.4710673,0.266556
2827,0.23949383,1.0436926
2828,-1.95841,0.38624936
2829,-1.4560368,0.2759281
2830,-1.6277875,0.3054217
2831,-2.1309524,0.3608659
2832,-1.6610936,0.2874747
2833,-1.3214046,0.34230933
2834,-1.1190801,0.19482647
2835,-1.4586905,0.32624426
2836,-1.8515518,0.25132173
2837,-1.2142845,0.22354597
2838,-1.9415911,0.31122
2839,-2.123256,0.36488295
2840,-1.3194255,0.27178496
2841,-1.626569,0.33050165
2842,-1.706855,0.33271393
2843,-1.8647476,0.27212894
2844,-2.1186533,0.30146486
2845,-1.5517687,0.2653486
2846,-1.838925,0.25323415
2847,-1.1164714,0.23483957
2848,-1.5854334,0.29130024
2849,-1.8528323,0.27728388
2850,-1.3781183,0.3146947
2851,-1.1979123,0.30188483
2852,-1.1997323,0.32624376
2853,-1.231538,0.2976267
2854,-1.5719314,0.28117934
2855,-1.8434134,0.3744759
2856,-1.5708884,0.3090122
2857,-1.4929274,0.27638718
2858,-1.630932,0.27151436
2859,-1.4035938,0.35774937
2860,-1.8593566,0.35197157
2861,-1.3149931,0.2517054
2862,-1.4314449,0.28496626
2863,0.07407561,0.82074696
2864,-1.7364738,0.26783982
2865,-1.9159219,0.38161096
2866,-1.4161747,0.22726488
2867,-1.7234808,0.28086907
2868,-1.2585205,0.21494128
2869,-2.020436,0.39799115
2870,-2.0488045,0.35530373
2871,-1.6753416,0.24676478
2872,-0.8517382,0.16495526
2873,-1.4854813,0.3217679
2874,-1.5625138,0.28066263
2875,-1.5713571,0.27290452
2876,-1.4542526,0.2138105
2877,-1.1020472,0.23003721
2878,-1.2501603,0.22449216
2879,-1.846985,0.26375884
2880,-1.336788,0.28574306
2881,-1.5164742,0.27359128
2882,-1.5479002,0.22062048
2883,-1.9655328,0.47511
2884,-1.4658736,0.2578899
2885,-1.6728125,0.28842303
2886,-2.284363,0.34510008
2887,-2.1476116,0.37181574
2888,-1.3892888,0.29340777
2889,-1.6173307,0.31327537
2890,-1.654844,0.3480039
2891,-1.4905057,0.24336992
2892,-2.0993104,0.25017825
2893,-1.158364,0.23482333
2894,-1.5380914,0.2987828
2895,-1.5292495,0.3072126
2896,-1.7125986,0.32429597
2897,-1.657294,0.30043992
2898,-1.7480067,0.26795787
2899,-1.1666821,0.21710941
2900,-1.699447,0.39496812
2901,-1.743772,0.30511957
2902,-1.070036,0.23556906
2903,-1.0302515,0.1687791
2904,-2.0879245,0.32855684
2905,-1.5720358,0.38009858
2906,-1.124724,0.21458244
2907,-1.8526132,0.2874119
2908,-1.984217,0.36287674
2909,-1.1864661,0.27198458
2910,-1.9047639,0.42618108
2911,-0.91872376,0.20167826
2912,-1.9455614,0.34280813
2913,-1.2151753,0.2962438
2914,-1.4915158,0.27928862
2915,-1.219678,0.30001965
2916,-1.4887955,0.3008357
2917,-1.6046373,0.29484132
2918,-1.5638881,0.28619274
2919,-1.6801049,0.432843
2920,-1.4504384,0.2944699
2921,-1.1658362,0.3090812
2922,-1.7365688,0.30255815
2923,-1.2542135,0.2864186
2924,-1.5814862,0.27680644
2925,-1.4596292,0.2571861
2926,-2.0057876,0.3836787
2927,-1.6200256,0.28645647
2928,-1.6957257,0.30237776
2929,-2.4729288,0.45604977
2930,-1.795524,0.28949884
2931,-1.6378644,0.29810137
2932,-0.9616669,0.18555972
2933,-1.206665,0.241337
2934,-0.99062574,0.17316751
2935,-1.858316,0.31254718
2936,-1.201308,0.25870857
2937,-1.548372,0.3022324
2938,-1.4940354,0.20623899
2939,-1.0043279,0.21339178
2940,-1.115784,0.21383353
2941,-1.1234903,0.20407775
2942,-1.7104936,0.30128652
2943,-1.8007798,0.2809578
2944,-1.0483359,0.28746584
2945,-1.6833149,0.35772628
2946,-1.6307764,0.29124817
2947,-1.5689489,0.33428833
2948,-1.5380292,0.2660705
2949,-1.6969049,0.29302475
2950,-1.505673,0.26414314
2951,-1.8836845,0.36257005
2952,-1.9827838,0.32129925
2953,-1.9436722,0.3155937
2954,-1.8845541,0.3081246
2955,-1.2762899,0.21318048
2956,-1.4614755,0.25305203
2957,-1.2843057,0.21397156
2958,-1.5465691,0.29043308
2959,-1.5053259,0.25234184
2960,-0.9285877,0.15869693
2961,-1.5994719,0.29900533
2962,-1.2626963,0.2312189
2963,-1.1197355,0.26072794
2964,-1.7495987,0.30293655
2965,0.30635533,0.68398434
2966,-1.8700192,0.237645
2967,-1.3231236,0.29438984
2968,-1.7866127,0.29995835
2969,-1.446014,0.39853883
2970,-1.2968102,0.23325308
2971,-2.4019797,0.36746433
2972,-1.5560628,0.31432506
2973,-1.3803351,0.22704819
2974,-1.675449,0.2908145
2975,-1.7513252,0.26283708
2976,-1.7964165,0.2988315
2977,-1.9898407,0.32304662
2978,-1.4655567,0.24069507
2979,-1.875552,0.3609964
2980,-1.2676247,0.38184747
2981,-2.3935251,0.305309
2982,-2.0677094,0.3356025
2983,-1.3169295,0.2853362
2984,-1.491221,0.28520402
2985,-1.0683824,0.23312388
2986,-1.7272297,0.3152539
2987,-2.0294027,0.30403543
2988,-1.0711329,0.21457547
2989,-1.12355,0.23381253
2990,-1.7384855,0.28896737
2991,-1.2049482,0.30409744
2992,-2.0145698,0.30461183
2993,-0.97819334,0.17892374
2994,-1.5452064,0.34521753
2995,-1.6660215,0.281643
2996,-1.7144278,0.22212014
2997,-1.4108402,0.18087736
2998,-1.790009,0.2538634
2999,-2.226174,0.32883504
3000,-1.3023437,0.3096295
3001,-1.6278276,0.24505581
3002,-1.8764533,0.32945764
3003,-1.5348657,0.2700057
3004,-1.433934,0.2584402
3005,-1.2922031,0.21391651
3006,-1.4584858,0.25263464
3007,-1.9103508,0.33263704
3008,-1.4818612,0.24251471
3009,-1.5933462,0.28856784
3010,-1.3737427,0.30632818
3011,-1.00541,0.2266513
3012,-1.63603,0.29821253
3013,-1.663312,0.3519951
3014,-1.4880078,0.30617714
3015,-1.9383254,0.3113852
3016,-1.423681,0.2432495
3017,-1.2362328,0.20148332
3018,-1.2518492,0.28068787
3019,-1.1822528,0.23872192
3020,-1.8784331,0.38059735
3021,-1.6136351,0.2638202
3022,-1.3976284,0.26388392
3023,-1.7135956,0.33301607
3024,-0.63695127,1.3993107
3025,-1.3397918,0.25779465
3026,-1.2710583,0.29080698
3027,-1.4701439,0.20225559
3028,-1.4634548,0.24082246
3029,-1.6619438,0.31529677
3030,-1.9280014,0.37482703
3031,-1.4754907,0.27318203
3032,-1.8496437,0.2926683
3033,-1.5478694,0.24416937
3034,-1.6427788,0.303683
3035,-1.9303842,0.30757585
3036,-1.7076781,0.28011176
3037,-1.6644411,0.23850356
3038,-1.5787783,0.27486312
3039,-1.2014736,0.3157337
3040,-0.7126189,0.1164907
3041,-1.5687408,0.33928636
3042,-0.8402135,0.17094494
3043,-1.7163719,0.25875756
3044,-1.6624957,0.29767826
3045,-1.5806389,0.3561807
3046,-1.6479088,0.3569438
3047,-1.2916441,0.22517703
3048,-1.8567574,0.3578443
3049,-1.578191,0.27865145
3050,-1.3162031,0.21129747
3051,-1.968645,0.3159485
3052,-2.1578991,0.40482703
3053,-2.1322808,0.3878709
3054,-1.194904,0.18142395
3055,-1.7102387,0.29345977
3056,-2.1217604,0.31245703
3057,-2.0143619,0.37887102
3058,-1.3720372,0.22070703
3059,-1.3030107,0.23984471
3060,-1.8619902,0.3157744
3061,-1.4526906,0.2843436
3062,-1.540036,0.28011885
3063,-1.1409049,0.23548947
3064,-1.8156003,0.38661003
3065,-1.4681147,0.2451391
3066,-1.3400921,0.20087938
3067,-1.8105469,0.30845198
3068,-0.0827327,0.9062961
3069,-1.873136,0.28859827
3070,-1.7033619,0.33460906
3071,-1.2931302,0.26412636
3072,-1.0965772,0.20943294
3073,-1.5668585,0.28370512
3074,-1.1764473,0.19731249
3075,-1.4501773,0.36619693
3076,-1.9248735,0.27358964
3077,-1.8919101,0.32995933
3078,-1.1740335,0.21192962
3079,-1.8669305,0.30521464
3080,-1.3101612,0.25908747
3081,-1.8110924,0.39559197
3082,-1.7565616,0.30208984
3083,-1.2857333,0.23820537
3084,-1.6008501,0.30762014
3085,-1.7560405,0.31981766
3086,-1.6676445,0.3379863
3087,-1.5908546,0.29494643
3088,-1.0935913,0.26680633
3089,-2.1325407,0.38917184
3090,-1.7132821,0.27607194
3091,-2.0261428,0.3030976
3092,-1.3789917,0.22337109
3093,-1.8343586,0.38623175
3094,-1.1372342,0.33866677
3095,-1.9576503,0.34959796
3096,-1.2609867,0.25050244
3097,-1.4684379,0.24506155
3098,-1.2454977,0.30131
3099,-1.9362236,0.30565944
3100,-1.9345914,0.3231644
3101,-1.4222342,0.3479076
3102,-1.0656862,0.19569214
3103,-0.933728,0.20470873
3104,-1.8472505,0.34790412
3105,-1.356579,0.2913781
3106,-1.5111705,0.2800973
3107,-1.8882222,0.3267136
3108,-2.053647,0.4328985
3109,-1.7193718,0.28312805
3110,-1.277443,0.23287843
3111,-1.8570842,0.30007315
3112,-2.0059955,0.36044344
3113,-1.153836,0.26093027
3114,-2.1048536,0.3417885
3115,-1.7780623,0.3662029
3116,-1.4307675,0.42621818
3117,-2.2419355,0.29791963
3118,-1.6279373,0.23399833
3119,-1.4778917,0.29016417
3120,-2.267786,0.42420533
3121,-1.4395232,0.25767463
3122,-1.954472,0.3002962
3123,-1.6389543,0.33149162
3124,-1.1402519,0.19579902
3125,-2.22585,0.37203324
3126,-1.6034415,0.24884841
3127,-1.2184547,0.2812882
3128,-1.4492903,0.20204306
3129,-1.5656105,0.2874568
3130,-1.6603911,0.34465054
3131,-1.4293648,0.23842165
3132,-1.396793,0.23897767
3133,-2.1447299,0.38004035
3134,-1.498164,0.3132406
3135,-1.3133508,0.26264414
3136,-1.7052356,0.29495782
3137,-1.3446486,0.2741425
3138,-1.4416798,0.26441035
3139,-1.6385785,0.28713155
3140,-1.9662917,0.26853535
3141,-1.7130033,0.2956456
3142,-1.5011274,0.26333758
3143,-1.664248,0.2779571
3144,-1.7660543,0.33885458
3145,-1.6976235,0.34383094
3146,-1.2491146,0.2028273
3147,-1.9510754,0.34749955
3148,-0.09006939,0.5690935
3149,-1.7151335,0.37272868
3150,-1.296742,0.2487784
3151,-1.8104504,0.37909755
3152,-1.9026788,0.3111334
3153,-1.8140705,0.30206618
3154,-1.3310918,0.23112574
3155,-1.6165255,0.31459504
3156,-1.4420074,0.33677518
3157,-2.2059693,0.37279403
3158,-1.7308111,0.31973287
3159,-1.5887238,0.37023067
3160,-1.6128274,0.47962183
3161,-1.697087,0.24287148
3162,-1.6599537,0.27924302
3163,-2.0425968,0.31295133
3164,-1.3575879,0.2158257
3165,-1.4953617,0.32448208
3166,-1.3704358,0.21539976
3167,-1.5064635,0.2847417
3168,-0.9946919,0.17022115
3169,-0.9284739,0.2518944
3170,-1.8590906,0.3636652
3171,-1.6753609,0.3104868
3172,-1.8036599,0.29884383
3173,-1.411153,0.20426758
3174,-1.9140136,0.30745238
3175,-1.5560452,0.29293317
3176,-1.8731679,0.33153585
3177,-2.0085282,0.33283773
3178,-1.5496509,0.3428472
3179,-1.8439924,0.37378088
3180,-1.8502983,0.28278026
3181,-2.268618,0.37503436
3182,-1.2202796,0.30128694
3183,-1.6805116,0.24674422
3184,-1.7430631,0.2273107
3185,-1.2245139,0.29189757
3186,-2.2296317,0.3287211
3187,-1.7689351,0.23794769
3188,-1.5754694,0.3023983
3189,-1.2587744,0.25667322
3190,-1.6187828,0.3318117
3191,-1.5770714,0.2904106
3192,-2.102037,0.34428588
3193,-1.4095436,0.34806308
3194,-1.5964774,0.2654441
3195,-1.3767571,0.24855061
3196,-1.3275505,0.36245453
3197,-1.211798,0.25330636
3198,-1.9233474,0.4616036
3199,-1.131193,0.3455533
3200,-0.9539873,0.1592675
3201,-1.9811751,0.29203546
3202,-1.8293086,0.26134473
3203,-1.7222991,0.32322797
3204,-2.1207557,0.38498855
3205,-1.660794,0.3154522
3206,-1.5255361,0.2993633
3207,-2.090053,0.31027916
3208,-2.005654,0.36197677
3209,-0.9633031,0.19979334
3210,-1.0705544,0.2999016
3211,-1.0398854,0.17322719
3212,-1.5136397,0.23730133
3213,-1.3415658,0.2390065
3214,-1.119757,0.19392864
3215,-1.6768914,0.2413734
3216,-1.2658854,0.22649662
3217,-1.9836929,0.30706462
3218,-1.6701312,0.24270244
3219,-1.8227148,0.32469192
3220,-1.8682489,0.33972836
3221,-1.5200663,0.27286345
3222,-1.4704052,0.2416035
3223,-1.0815879,0.17484276
3224,-1.7051014,0.31346595
3225,-1.6075697,0.3709683
3226,0.54127634,1.3617297
3227,-1.6714067,0.2770423
3228,-1.1469223,0.20974831
3229,-1.0004356,0.16047299
3230,-1.7806202,0.2705703
3231,-2.139505,0.42782798
3232,-1.9946088,0.31202108
3233,-1.8755645,0.36218464
3234,-1.5955169,0.30316445
3235,-1.6460315,0.23844393
3236,-1.3214084,0.23128952
3237,-1.7388495,0.25495175
3238,-1.4684134,0.36206105
3239,-1.4039624,0.24938868
3240,-1.7549418,0.2936347
3241,-1.2482529,0.27280238
3242,-1.3431118,0.2910989
3243,-1.7736627,0.33052984
3244,-1.838192,0.31088898
3245,-1.7461674,0.29526567
3246,-1.2497791,0.1793863
3247,-1.1823283,0.2240639
3248,-1.5793593,0.3481572
3249,-1.5541568,0.26269984
3250,-1.540446,0.28315797
3251,-1.519615,0.2612696
3252,-1.7153478,0.3536846
3253,-1.6784401,0.36799592
3254,-1.1881709,0.21248583
3255,-1.0949799,0.19993131
3256,-1.6611661,0.22525224
3257,-1.967446,0.36080924
3258,-1.0784651,0.2525387
3259,-1.8764892,0.45032296
3260,-1.6815612,0.3191859
3261,-1.4018271,0.25673357
3262,-2.2553976,0.37655538
3263,-1.2050459,0.19867471
3264,-1.6346922,0.22213876
3265,-1.5112998,0.27833137
3266,-1.6788498,0.28791252
3267,-1.3067077,0.23464203
3268,-1.390947,0.2544231
3269,-1.15392,0.18893422
3270,-1.7214257,0.28206977
3271,-1.4294133,0.25411782
3272,-1.5391634,0.2973916
3273,-1.3326546,0.24877952
3274,-1.189653,0.24097557
3275,-1.5137485,0.3007323
3276,-1.5448782,0.2535438
3277,-2.2364123,0.2727001
3278,-1.6479744,0.30825663
3279,-1.1636344,0.18535064
3280,-1.8269023,0.3209325
3281,-2.3297677,0.36508384
3282,-2.232898,0.37187555
3283,-1.5332611,0.3134711
3284,-2.2891946,0.3783876
3285,-1.5487905,0.49496058
3286,-1.5866387,0.30531383
3287,-1.7381489,0.31626463
3288,-1.1685582,0.20961882
3289,-2.0608675,0.35711515
3290,-1.5619084,0.32443577
3291,-2.0352294,0.40379477
3292,-1.2208251,0.23036838
3293,-1.9619557,0.29562363
3294,-1.2395893,0.21940716
3295,-1.5950128,0.27188578
3296,-1.2711693,0.33429873
3297,-1.8977327,0.2970076
3298,-1.1051488,0.20455545
3299,-1.7597454,0.32110524
3300,-1.3340535,0.23615375
3301,-1.9373401,0.37625903
3302,-1.3712748,0.25718057
3303,-1.3403556,0.27357474
3304,-1.6490406,0.27123737
3305,-1.3532481,0.26388586
3306,-1.5119742,0.28752333
3307,-1.6148943,0.26618254
3308,-1.7929437,0.30065525
3309,-0.7948445,0.19489995
3310,0.0022767058,0.5567317
3311,-1.5270352,0.3542691
3312,-1.4446254,0.22851476
3313,-1.8720013,0.39440307
3314,-1.3500562,0.2539933
3315,-1.4681914,0.27887666
3316,-1.6553452,0.29222557
3317,-1.991194,0.34895918
3318,-1.3930538,0.38469946
3319,-1.1646521,0.24914423
3320,-1.9728633,0.38238993
3321,-1.1743565,0.20708874
3322,-1.8088188,0.3152796
3323,-1.8019093,0.31293514
3324,-1.2788101,0.23563553
3325,-1.7858477,0.37280852
3326,-1.395403,0.27257138
3327,-1.4340777,0.3743743
3328,-1.4062053,0.24786198
3329,-1.3331947,0.27759764
3330,-1.751806,0.33304074
3331,-1.3153805,0.20370574
3332,-1.8800979,0.41597918
3333,-2.15804,0.38619572
3334,-1.3102819,0.22431071
3335,-1.7491919,0.3414579
3336,0.4891059,1.0394015
3337,-1.0348412,0.17476481
3338,-2.2740216,0.3563801
3339,-1.7064941,0.38486215
3340,-1.7088736,0.26741257
3341,-1.9976454,0.27663085
3342,-1.8607732,0.2916283
3343,-1.5332692,0.25821635
3344,-0.95453054,0.15220043
3345,-1.8549613,0.33062235
3346,-1.2287644,0.25573832
3347,-1.3739547,0.21076079
3348,-1.3462465,0.23519942
3349,-1.7725295,0.3835532
3350,-0.99893016,0.17534164
3351,-1.8646282,0.32460415
3352,-1.3631836,0.19612119
3353,-1.8599579,0.24827914
3354,-1.0736331,0.22139327
3355,-1.4160391,0.2540639
3356,-1.4976429,0.2431794
3357,-0.9569211,0.18921942
3358,-1.6803327,0.2985026
3359,-1.9628029,0.3711824
3360,-1.2846396,0.34115967
3361,-2.0370257,0.31627128
3362,-1.6294878,0.24397059
3363,-2.2280924,0.38604125
3364,-1.2569418,0.23692897
3365,-1.7513685,0.30455607
3366,-1.430441,0.22520594
3367,-0.47199428,1.000374
3368,-1.3785026,0.27917123
3369,-0.9281516,0.17175859
3370,0.008236479,0.33467242
3371,-1.3658919,0.22536981
3372,-1.7288324,0.30065623
3373,-1.4615784,0.28233826
3374,-0.8023888,1.4320835
3375,-1.89552,0.36470032
3376,-1.6360282,0.22582935
3377,-1.2835659,0.24342161
3378,-1.3673114,0.3040025
3379,-1.6732037,0.36030656
3380,-1.8280879,0.30632734
3381,-1.6473471,0.27164537
3382,-0.8358642,0.16756782
3383,-1.0792098,0.21890645
3384,-1.7906299,0.23292492
3385,-1.4342635,0.25697818
3386,-2.0004258,0.34065917
3387,-2.0465412,0.32196793
3388,-1.4640825,0.355915
3389,-1.1826007,0.1941271
3390,-1.5382395,0.33584243
3391,-1.2981513,0.36080426
3392,-0.95753014,0.1951107
3393,-1.4820182,0.26076326
3394,-1.1003673,0.22849253
3395,-1.7089806,0.27236307
3396,-2.3143363,0.3989441
3397,-1.4051815,0.29134563
3398,-1.3071295,0.3619373
3399,-1.8175317,0.2867258
3400,2.7080462,1.1152158
3401,-1.6044874,0.28335068
3402,-1.4232917,0.23059517
3403,-2.0401978,0.39497218
3404,-1.2569594,0.23641583
3405,-2.0303438,0.38397467
3406,-1.8784717,0.31777272
3407,-1.1102256,0.1967011
3408,-1.223275,0.37456846
3409,-2.0242198,0.3909258
3410,-1.1791286,0.21943378
3411,-1.7017336,0.31053168
3412,-1.6896511,0.3036793
3413,-1.2464252,0.20958298
3414,-2.0018404,0.3473909
3415,-1.2699687,0.18734321
3416,-1.0006963,0.16997978
3417,-1.3506799,0.27929267
3418,-1.499398,0.26321954
3419,-1.8667502,0.29623088
3420,-1.803626,0.41215563
3421,-0.8323299,0.16110499
3422,-0.9596866,0.241607
3423,-1.580386,0.312867
3424,-1.2537715,0.29421592
3425,-1.5566734,0.3037425
3426,0.6098671,1.2349756
3427,-1.5878257,0.32840097
3428,-1.7863263,0.2906775
3429,-1.8622947,0.3928066
3430,-0.9623939,0.2525463
3431,-1.5266267,0.45742607
3432,-1.5494462,0.3357667
3433,-1.0469503,0.24177836
3434,-1.7547388,0.38247934
3435,-1.5890801,0.27805415
3436,-1.6490194,0.30965084
3437,-1.7759105,0.2894594
3438,-1.9297749,0.28673118
3439,-1.8098373,0.2559394
3440,-1.4468317,0.24840362
3441,-1.3927711,0.2456617
3442,-1.0518072,0.26448357
3443,-1.3655336,0.2948396
3444,-1.5109235,0.29415217
3445,-1.8434323,0.29470286
3446,-1.4088272,0.24205077
3447,-1.6780041,0.32037804
3448,-2.0095148,0.33904496
3449,-1.6192571,0.2760791
3450,-1.5148883,0.3255886
3451,-1.4335327,0.21760884
3452,-1.7046273,0.280693
3453,-1.8002052,0.332336
3454,-1.9400808,0.29225174
3455,-1.7954913,0.2949404
3456,-1.3751422,0.21419476
3457,-1.3214034,0.25442195
3458,-1.816392,0.3460652
3459,-1.3073786,0.30308163
3460,-1.6646532,0.32981986
3461,-1.6485068,0.38030303
3462,-2.0891984,0.32863876
3463,-1.0336447,0.21537629
3464,-1.1690582,0.28171238
3465,-1.5253956,0.26571065
3466,-1.081226,0.17426644
3467,-1.3162215,0.23261325
3468,-1.5364434,0.27101886
3469,-1.6730441,0.24998817
3470,-2.2390265,0.34183568
3471,-1.9449037,0.36535674
3472,-2.010773,0.3790741
3473,-1.5263082,0.27314058
3474,-1.2941736,0.24423961
3475,-1.4598279,0.301066
3476,-2.4214692,0.363646
3477,-1.1885762,0.16709088
3478,-1.9918813,0.41770256
3479,-1.3807211,0.29857585
3480,-1.5904763,0.23059817
3481,-1.4968786,0.25246814
3482,-1.1841025,0.29638132
3483,-1.410271,0.33311132
3484,-1.6542192,0.2593052
3485,-1.8820304,0.2762024
3486,-1.9765564,0.3814736
3487,-0.5089434,0.4273687
3488,-1.7557126,0.28072822
3489,-1.1212639,0.21349302
3490,-2.0263877,0.35771123
3491,-2.340483,0.3089193
3492,-1.8496319,0.31009537
3493,-2.081811,0.3143591
3494,-1.8237348,0.31153235
3495,-1.5628793,0.2991712
3496,-0.92799133,0.24127232
3497,-1.2609572,0.26151136
3498,-1.6910995,0.33988738
3499,-1.0889553,0.25551304
3500,-1.0852834,0.24162278
3501,-1.8703301,0.3669015
3502,-1.8983613,0.34173676
3503,-1.5858127,0.36510083
3504,-1.3213854,0.22797701
3505,-1.6778988,0.32909536
3506,-1.4994279,0.31133753
3507,-1.6375606,0.39107224
3508,-1.797068,0.4148419
3509,-1.9113349,0.36113727
3510,-1.8166213,0.33772555
3511,-1.6177187,0.3297688
3512,-1.7652833,0.34095937
3513,-1.7479548,0.25894183
3514,-1.2502288,0.21003875
3515,-1.7350966,0.36604124
3516,-1.3458362,0.25690624
3517,-1.3731085,0.25999263
3518,-1.5951174,0.34009913
3519,-1.8271396,0.30628264
3520,-1.4373904,0.32218555
3521,-1.4343528,0.22159639
3522,-1.462513,0.2903139
3523,-1.8388482,0.31098795
3524,-1.8262625,0.30169776
3525,-2.0166514,0.35099965
3526,-1.3242856,0.22872777
3527,-1.4421973,0.26069185
3528,-1.463914,0.23109514
3529,-1.8987578,0.34151968
3530,-1.6961583,0.2806491
3531,-1.525327,0.28089675
3532,-1.8538028,0.25896084
3533,-1.0403348,0.18414804
3534,-1.366095,0.24471593
3535,-1.2686712,0.23115602
3536,-1.8585994,0.34350958
3537,-1.593201,0.34260935
3538,-1.8047389,0.3042802
3539,-0.07847654,0.6276633
3540,-1.0525527,0.23936564
3541,-2.6779785,0.42001554
3542,-1.3567661,0.19529492
3543,-1.267659,0.22026496
3544,-2.152182,0.28560486
3545,-2.2448924,0.39292982
3546,-1.7829822,0.29207328
3547,-1.9355257,0.3176539
3548,-1.6546257,0.28360063
3549,-1.4625069,0.34421533
3550,-1.3212184,0.3125754
3551,-1.8867513,0.3106212
3552,-2.0412633,0.28640905
3553,-1.8134985,0.26385766
3554,-1.6704316,0.25480992
3555,-1.7780746,0.31577268
3556,-1.3274734,0.22588637
3557,-2.122024,0.35764688
3558,-1.5468272,0.27602732
3559,-1.6053463,0.30561537
3560,-1.6588559,0.26464278
3561,-1.229548,0.28690478
3562,-1.2157735,0.24246491
3563,-1.5701456,0.30129817
3564,-2.3960547,0.41512108
3565,-1.2973708,0.28748763
3566,-1.3335679,0.24537387
3567,-1.3267614,0.24463156
3568,-1.4993355,0.29601273
3569,-1.9006652,0.3130588
3570,-1.7696414,0.32416958
3571,-2.031756,0.34352937
3572,-1.7542294,0.25019753
3573,-1.5291518,0.41182724
3574,-1.5345927,0.27515462
3575,-1.4533172,0.27528054
3576,-1.6274304,0.2255705
3577,-1.3990608,0.21798891
3578,-1.7964075,0.4025754
3579,-1.971381,0.35467044
3580,-1.7756379,0.3294615
3581,-1.8205038,0.3370201
3582,0.29492772,0.63408166
3583,-1.6699916,0.21799497
3584,-1.5304399,0.26476827
3585,-1.8334303,0.33678696
3586,-1.1829023,0.30485597
3587,-1.5114082,0.26837817
3588,-1.5756794,0.26583624
3589,-1.8538812,0.28636256
3590,-1.8918048,0.32622364
3591,-1.8601966,0.32624248
3592,-2.0041695,0.30500478
3593,-1.8766295,0.32127607
3594,-0.94912356,0.17101243
3595,-1.4683921,0.3044604
3596,-2.062286,0.36333105
3597,-0.9828643,0.2381177
3598,-0.80454993,0.1562712
3599,-1.8249459,0.3252815
3600,-2.0494444,0.2929141
3601,-1.5180562,0.28171146
3602,-1.809851,0.26635793
3603,-1.1166955,0.21478322
3604,-1.8237453,0.34895027
3605,-1.5423793,0.2980324
3606,-2.2315183,0.35221943
3607,-0.9652916,0.15389319
3608,-0.07265869,1.4521159
3609,-1.8738743,0.350272
3610,-1.1987262,0.21235776
3611,-1.9784961,0.294808
3612,-0.97046477,0.18514574
3613,-1.495847,0.29365206
3614,-1.4322124,0.2266283
3615,-1.6553292,0.38351402
3616,-1.4400502,0.23103547
3617,-1.2130215,0.24194805
3618,-1.5816548,0.3262723
3619,-1.3437941,0.30066565
3620,-1.4894708,0.3165407
3621,-1.4599925,0.30111754
3622,-2.1302767,0.33364028
3623,-1.5364418,0.23654069
3624,-1.6266838,0.29540616
3625,-2.2306385,0.29049283
3626,-1.4460982,0.28799096
3627,0.27615833,0.50513166
3628,-1.9399028,0.3450561
3629,-1.4764457,0.2756076
3630,-1.1651256,0.23942786
3631,-1.9407123,0.37830797
3632,-1.9295651,0.3633473
3633,-1.7055174,0.31730306
3634,-1.5805777,0.2919663
3635,-2.0916312,0.34228987
3636,-1.4433882,0.24952406
3637,-1.4834458,0.27688
3638,-1.2705716,0.24092998
3639,-1.6523715,0.2857172
3640,-0.9664519,0.15472043
3641,-1.667225,0.29328647
3642,-1.9280019,0.39620438
3643,-1.667001,0.28501555
3644,-1.9525361,0.29014328
3645,-1.548953,0.25099075
3646,-1.7556609,0.35887197
3647,-1.3448787,0.18882489
3648,-1.6857077,0.30204415
3649,-1.8712181,0.31628913
3650,-1.8245711,0.3177478
3651,-1.5351411,0.2511466
3652,-1.9445492,0.33391964
3653,-1.7922498,0.30818102
3654,-1.2731599,0.29065463
3655,-1.8821062,0.3226654
3656,-1.7074596,0.37149882
3657,-1.439356,0.29409045
3658,-2.1641974,0.34762406
3659,-1.7332431,0.35506627
3660,-1.7893748,0.3618718
3661,-1.8345842,0.26741403
3662,-2.0130792,0.3604063
3663,-1.7793722,0.31776613
3664,-1.9320565,0.351485
3665,-1.2011396,0.27731064
3666,-1.5528073,0.23751053
3667,-1.2804005,0.29192892
3668,-1.4969172,0.23818274
3669,-1.050335,0.30434775
3670,-1.620549,0.2864621
3671,-1.7078072,0.28702727
3672,-1.3351886,0.33768398
3673,-1.619261,0.23683979
3674,-1.473795,0.31170568
3675,-1.6902444,0.3047558
3676,-1.6105509,0.30961752
3677,-2.1604834,0.38308185
3678,-2.2663767,0.3507292
3679,-1.2407688,0.28042078
3680,-1.8179564,0.33065152
3681,-1.5134925,0.28732204
3682,-1.411723,0.29956937
3683,-1.3679298,0.28443033
3684,-1.6478823,0.3629631
3685,-1.5795673,0.3280025
3686,-1.4288554,0.27485624
3687,-2.1254008,0.3670914
3688,-1.3514774,0.32104838
3689,-1.7608663,0.3936553
3690,-1.3033334,0.2656849
3691,-1.3223522,0.23035808
3692,-2.2547786,0.35960233
3693,-1.021347,0.23682691
3694,-1.6373438,0.33929512
3695,-1.6857413,0.2877198
3696,-1.4432209,0.24525942
3697,-1.7481208,0.27306288
3698,-1.5072167,0.28145453
3699,-0.977636,0.21050383
3700,-0.94489825,0.2339128
3701,-1.8339531,0.30867085
3702,-1.6743233,0.28712356
3703,-1.6006879,0.24056531
3704,-2.0935726,0.2975832
3705,-1.6337676,0.29187635
3706,-1.0979842,0.16923524
3707,-2.444879,0.41848606
3708,-1.0096402,0.22229911
3709,-1.0929917,0.2315627
3710,-1.5293434,0.30584443
3711,-1.3618512,0.21539666
3712,-2.0170372,0.32509333
3713,-1.6290653,0.2784376
3714,-1.3321937,0.32919365
3715,-1.6492507,0.26137936
3716,-1.5949405,0.31152385
3717,-1.872611,0.39133003
3718,-1.4996622,0.3259768
3719,-2.0122476,0.36090812
3720,-1.7024101,0.2884683
3721,-1.4969302,0.3021087
3722,-1.3869004,0.2496885
3723,-1.3764834,0.2609816
3724,-1.3815349,0.2472735
3725,0.758377,1.4579476
3726,-1.0123898,0.22980286
3727,-0.9975593,0.21501274
3728,-2.0472505,0.27699518
3729,-1.645291,0.2925475
3730,-1.7255995,0.32421792
3731,-1.6204671,0.32213765
3732,-2.0593908,0.2810472
3733,-1.8100215,0.30583298
3734,-1.920345,0.285253
3735,-1.8735247,0.39135808
3736,-1.1754899,0.19955234
3737,-1.8369377,0.38231358
3738,-1.3498784,0.31063983
3739,-1.5721579,0.34002477
3740,-1.6086887,0.28084445
3741,-1.6080909,0.28623602
3742,-2.078585,0.31457826
3743,-1.7495345,0.3323168
3744,-1.3447213,0.31871068
3745,-1.6773142,0.38741946
3746,-1.5839709,0.2988722
3747,-1.6840618,0.26596928
3748,-1.956697,0.30762142
3749,-1.8300667,0.3626815
3750,-1.7611264,0.25668857
3751,-1.5569844,0.3178679
3752,-1.8164064,0.3310817
3753,-2.0564184,0.28673646
3754,-1.3477818,0.2334986
3755,-1.7088817,0.30792102
3756,-2.2329257,0.4269756
3757,-1.7136885,0.35626593
3758,-1.538585,0.23240507
3759,-2.0841665,0.29262832
3760,-1.7085319,0.32570884
3761,-2.0193505,0.3525185
3762,-2.2541246,0.37821832
3763,-1.4768618,0.24371473
3764,-1.4749248,0.24317135
3765,-1.5310478,0.30739012
3766,-1.5422492,0.2785385
3767,-1.2838321,0.29844984
3768,-1.9273077,0.26011986
3769,-1.328688,0.22333698
3770,-1.8813031,0.37252325
3771,-1.7915574,0.23719558
3772,-1.311033,0.23155583
3773,-1.1530639,0.22095472
3774,-1.4839975,0.3012602
3775,-1.4797369,0.2411428
3776,-1.3006728,0.26737586
3777,-0.9848482,0.18657474
3778,-1.5817267,0.2568787
3779,-1.5617932,0.31644848
3780,-1.4627949,0.2607752
3781,-1.6118985,0.3118353
3782,-1.5507563,0.256558
3783,-1.9670066,0.34859803
3784,-1.1288953,0.20448299
3785,-1.5309213,0.30205116
3786,-1.4176688,0.31229165
3787,-0.87920433,0.15983966
3788,-1.7992945,0.30899706
3789,0.1640038,0.46777833
3790,-1.7107234,0.30275556
3791,-1.7944064,0.3008261
3792,-1.79211,0.4465873
3793,-1.8865286,0.3571574
3794,-1.3141377,0.2503202
3795,-1.9542193,0.36556005
3796,-2.1557286,0.38941115
3797,-1.1523441,0.20169672
3798,-1.0159252,0.19265048
3799,-1.7337427,0.25592598
3800,-1.8446183,0.2758137
3801,-1.1391432,0.2712549
3802,-1.7397847,0.32029405
3803,0.27910373,0.6304487
3804,-1.432219,0.2608245
3805,-2.0092273,0.31995827
3806,-2.0841222,0.40908438
3807,-2.0656595,0.3688263
3808,-1.9067731,0.32398713
3809,-1.5201515,0.27236748
3810,-1.7929904,0.35424602
3811,-1.515718,0.25269178
3812,-1.9717903,0.3559719
3813,-0.9925636,0.24438855
3814,-1.6948595,0.33714563
3815,-1.7511787,0.2701439
3816,-1.5669864,0.3785224
3817,-2.1144342,0.3033702
3818,-1.487618,0.268102
3819,-1.779651,0.4217179
3820,-1.418807,0.2739544
3821,-1.5893457,0.2686753
3822,-1.2996619,0.2717677
3823,-1.7136918,0.28462794
3824,-1.4254686,0.21871014
3825,-1.6870749,0.3510264
3826,-1.8165069,0.28090376
3827,-1.8474578,0.35274443
3828,-2.3424711,0.41847643
3829,-2.2462797,0.41284612
3830,-1.6396221,0.28109068
3831,-1.20752,0.20954666
3832,-1.827726,0.32229215
3833,-1.8542637,0.32248732
3834,-0.9125574,0.21903352
3835,-0.9582236,0.16979966
3836,-1.4070053,0.31807443
3837,-2.290439,0.291182
3838,-1.5160598,0.22360294
3839,-2.0889428,0.37625936
3840,-1.5914825,0.3053524
3841,-1.4316144,0.37517497
3842,-1.2746036,0.27069372
3843,-1.8779488,0.3572311
3844,-1.469051,0.24741329
3845,-1.2612478,0.25334084
3846,-1.6652374,0.28589144
3847,-1.5236455,0.28727382
3848,-1.5353711,0.25755313
3849,-1.4883531,0.2867726
3850,-1.4545853,0.28869718
3851,-1.7774663,0.3199261
3852,-1.7519687,0.3670629
3853,-1.3237492,0.1998278
3854,-1.7976128,0.33282998
3855,-1.0454668,0.21479638
3856,-1.0226402,0.20206127
3857,-1.774393,0.31165305
3858,-1.7124656,0.3931368
3859,-1.8403488,0.28799504
3860,-1.2882313,0.23393105
3861,-2.3372254,0.40228269
3862,-2.3580816,0.34487727
3863,-1.1749352,0.28781915
3864,-1.0365744,0.23173626
3865,-1.0707818,0.23411158
3866,-1.3341413,0.37135637
3867,-1.3233769,0.23497102
3868,-1.512813,0.255541
3869,-1.6364954,0.30168602
3870,-1.8297993,0.29751444
3871,-1.799409,0.28210792
3872,-1.5088855,0.25680345
3873,-1.993909,0.43058953
3874,-1.4597038,0.4050883
3875,-1.7009037,0.2866083
3876,-1.4689815,0.3234741
3877,-1.9579295,0.32779938
3878,-2.0246768,0.37433264
3879,-1.7101134,0.2876807
3880,-1.8399701,0.30321366
3881,-2.0020545,0.36397836
3882,-1.5216976,0.3221127
3883,-1.5647191,0.3702467
3884,-1.6776472,0.32521856
3885,-1.5643921,0.24122812
3886,-1.9670962,0.31897518
3887,-1.8420464,0.29918307
3888,-0.73273134,0.17428003
3889,-1.5529059,0.25147754
3890,-2.1709151,0.39402172
3891,-1.9680235,0.33022758
3892,-1.9196042,0.30502206
3893,-1.5157635,0.28117022
3894,-2.1064413,0.5128626
3895,-1.6273571,0.27630493
3896,-1.5234696,0.38181084
3897,-1.3335489,0.2848223
3898,-2.2364686,0.425872
3899,-1.7376727,0.24895221
3900,-1.7070591,0.2795525
3901,-1.5618362,0.25880998
3902,-2.033873,0.30461407
3903,-1.6810383,0.32868353
3904,-1.6568772,0.309165
3905,-1.3097833,0.2674653
3906,-1.8241261,0.39229998
3907,-1.6363407,0.3046916
3908,-1.3368063,0.21910815
3909,-1.3389049,0.28136182
3910,-1.303251,0.22897626
3911,-1.2881373,0.21783826
3912,-1.6316745,0.25829262
3913,-1.6141157,0.31866702
3914,-1.0765963,0.19126911
3915,-2.3507462,0.40577164
3916,-1.264323,0.30677995
3917,-1.5555135,0.32256722
3918,-0.9638926,0.17628549
3919,-2.236244,0.41664523
3920,-1.1235743,0.22558281
3921,-1.620813,0.22560376
3922,-1.760394,0.26145324
3923,-1.7379788,0.31954962
3924,-1.250598,0.28829566
3925,-1.8148361,0.33970144
3926,-2.1308088,0.3061533
3927,-1.9419968,0.31526577
3928,-1.8893698,0.32770714
3929,-1.4624848,0.2688428
3930,-1.5802181,0.2630038
3931,-1.4226618,0.29384682
3932,-1.556083,0.24667537
3933,-1.8025242,0.33379778
3934,-1.4893816,0.31163722
3935,-1.6989249,0.30646652
3936,-1.9480295,0.36334732
3937,-0.08517347,0.96374756
3938,-1.8388714,0.26072866
3939,-1.8726366,0.32129255
3940,-1.9068556,0.29024976
3941,-1.6297647,0.3202884
3942,-1.624783,0.29091716
3943,-1.3323164,0.33540496
3944,-1.103763,0.19712712
3945,-1.6537193,0.31148633
3946,-1.7941847,0.30261308
3947,-1.5670499,0.2961044
3948,-1.5306629,0.24306872
3949,-1.5699339,0.2396955
3950,-1.8021122,0.32973084
3951,-1.3168497,0.25615892
3952,-1.7848588,0.28019285
3953,-1.6722541,0.29557914
3954,-1.9799732,0.4126321
3955,-0.97609824,0.18732098
3956,-1.7530789,0.33304623
3957,-1.6820748,0.23513335
3958,-1.7382438,0.33605936
3959,-1.8915294,0.29094464
3960,-1.7538431,0.34183624
3961,-1.4144347,0.23225461
3962,-1.6017758,0.2610222
3963,-1.2129605,0.23192707
3964,-1.5901582,0.24023317
3965,-1.0672642,0.18706878
3966,-2.033532,0.37950715
3967,-1.2438159,0.25367928
3968,-2.0342026,0.35554624
3969,-0.97466964,0.20507118
3970,-1.6062108,0.29767928
3971,-2.1371987,0.39464164
3972,-1.2912314,0.25694117
3973,0.87261343,1.2380265
3974,-1.9112185,0.3113769
3975,-1.9180646,0.41437325
3976,-1.8958374,0.43190265
3977,-2.1483834,0.33232588
3978,-1.9309202,0.29500726
3979,-1.3578833,0.2556348
3980,-1.5245886,0.29743433
3981,-1.0870674,0.28590977
3982,-2.1702013,0.36718485
3983,-2.1515665,0.35523972
3984,-1.3733361,0.27165252
3985,-1.2718409,0.31665736
3986,-1.2535955,0.18795581
3987,-1.4961641,0.29715914
3988,-2.014769,0.33343527
3989,-1.2563363,0.23730093
3990,-1.6058745,0.27145314
3991,-1.1364576,0.17949392
3992,-1.5554652,0.23342378
3993,-1.749097,0.32751575
3994,-1.4597474,0.34688497
3995,-1.5078917,0.31547293
3996,-1.7596495,0.3101476
3997,-1.3893276,0.21375449
3998,-1.278547,0.24808627
3999,-1.7672864,0.26786026
4000,-1.5604359,0.23652963
4001,-1.997355,0.27860796
4002,-1.6997168,0.3002632
4003,-1.1698542,0.21989903
4004,-1.657476,0.33512756
4005,-1.4144195,0.2578327
4006,-1.8504611,0.31933334
4007,-1.4990401,0.27503765
4008,-1.0883851,0.24715628
4009,-1.325369,0.22249274
4010,-1.7041184,0.27441937
4011,-1.4350848,0.21817887
4012,-1.3417047,0.26416004
4013,-1.7258916,0.36746338
4014,-1.80392,0.29995438
4015,-2.157332,0.33171654
4016,-1.1451269,0.21405151
4017,-1.5414144,0.39938018
4018,-1.6644086,0.26267743
4019,0.16521692,0.43814877
4020,-1.5454526,0.29001006
4021,-1.6100081,0.24471478
4022,-2.0601203,0.30871707
4023,-1.0743489,0.16368926
4024,-1.7193332,0.31057096
4025,-1.7997804,0.31255892
4026,-1.6845229,0.2714396
4027,-1.600763,0.3079435
4028,-1.158955,0.21719249
4029,-1.6069008,0.3670864
4030,-1.3706644,0.31281015
4031,-1.4072148,0.3861902
4032,-1.6784129,0.31773138
4033,-1.5555767,0.26973993
4034,-1.0370063,0.1937666
4035,-1.3852948,0.20121929
4036,-1.4129792,0.29487
4037,-1.5269251,0.2850247
4038,-2.0320985,0.37811148
4039,-1.408143,0.24701913
4040,-1.1575067,0.21376868
4041,-1.0971172,0.21266675
4042,-1.2968007,0.24232025
4043,-1.6031598,0.37258992
4044,-1.5883557,0.22660907
4045,-1.6336756,0.32859227
4046,-2.0820942,0.32345793
4047,-1.3185393,0.28156543
4048,-1.585916,0.3022701
4049,-1.241467,0.21853459
4050,-1.5214392,0.28397635
4051,-1.7968304,0.3838167
4052,-1.5216651,0.23512334
4053,-1.302809,0.28142002
4054,-1.8407927,0.2695239
4055,-1.6574664,0.2784219
4056,-1.6261961,0.255633
4057,-1.1653348,0.23665726
4058,-1.7803857,0.3413778
4059,-1.6824933,0.32935488
4060,-1.3626952,0.2818977
4061,-1.5316471,0.30701318
4062,-1.5033832,0.288497
4063,-2.0819645,0.33427382
4064,-1.9115763,0.35826716
4065,-1.5584816,0.22474463
4066,-1.0731274,0.1636522
4067,-0.9951403,0.21449989
4068,-1.5030181,0.28494745
4069,-1.8986644,0.33866063
4070,-1.3783306,0.2817903
4071,-1.7821835,0.40686214
4072,-1.0596167,0.18455166
4073,-1.5749167,0.35457346
4074,-1.7088834,0.30105868
4075,-1.2521126,0.21281628
4076,-1.9570659,0.3288546
4077,-1.0747784,0.15438788
4078,-0.9402591,0.16751643
4079,-1.8538985,0.28954467
4080,-1.4424806,0.26365674
4081,-1.4797412,0.32010967
4082,-1.5214362,0.29901728
4083,-1.6277969,0.3655078
4084,-1.685427,0.37096488
4085,-1.7170404,0.26581338
4086,-1.8643619,0.3042061
4087,-2.0576766,0.30708832
4088,-1.8118372,0.2877756
4089,-1.6149635,0.2477654
4090,-2.062256,0.3918531
4091,-1.1075563,0.19015236
4092,-1.9637663,0.3529377
4093,-1.4324154,0.2894582
4094,-1.1268862,0.2234998
4095,-0.946933,0.14206085
4096,-1.193955,0.26132536
4097,-2.0156386,0.307725
4098,-1.7817775,0.41278735
4099,0.04951881,0.56717783
4100,-1.7362093,0.3608246
4101,-1.5910354,0.331354
4102,-1.8179952,0.33411443
4103,-1.7382824,0.30837184
4104,-1.8465805,0.24114953
4105,-1.8534163,0.32722297
4106,-1.9740715,0.3822857
4107,-1.6811228,0.35500407
4108,-1.5271474,0.32137272
4109,-2.2081745,0.30032036
4110,-1.8042732,0.29995763
4111,-2.2034197,0.31973544
4112,-1.3076744,0.33818075
4113,-1.7148441,0.35951903
4114,-1.3637348,0.2524984
4115,-2.1130693,0.39513364
4116,-1.602303,0.25212565
4117,-1.7708393,0.2992633
4118,-1.699654,0.4136439
4119,-1.2964336,0.26836437
4120,-1.6696761,0.3433406
4121,-1.6149651,0.2576859
4122,-1.1306868,0.22825964
4123,-1.3099228,0.2734615
4124,-0.99431384,0.18763176
4125,-1.2108399,0.22759995
4126,-0.98562723,0.18618639
4127,-1.2284575,0.23668256
4128,-1.134665,0.21313801
4129,-1.9926882,0.36812568
4130,-1.7182641,0.27241862
4131,-1.5704391,0.33081472
4132,-2.0544398,0.3813434
4133,-2.2800333,0.36963397
4134,-1.2250504,0.24456987
4135,-1.9484471,0.37815577
4136,-1.8354688,0.2698404
4137,-1.1916019,0.19593327
4138,-1.576672,0.27162406
4139,-1.470803,0.24754563
4140,-1.613835,0.32676584
4141,-1.464071,0.23769487
4142,-0.99841005,0.19445379
4143,-1.7763933,0.35179636
4144,-1.6814405,0.2820366
4145,-1.4726763,0.24236225
4146,-0.93933517,0.15741304
4147,-1.4652262,0.28873545
4148,-1.658276,0.32688984
4149,-2.3521507,0.3302572
4150,-1.4411045,0.24592985
4151,-1.6367351,0.26932073
4152,-1.7017711,0.29651758
4153,-1.9182189,0.28020078
4154,-1.8151274,0.33099833
4155,-1.7555699,0.3481986
4156,0.5186541,1.2100385
4157,-1.8297243,0.35471174
4158,-1.690144,0.352313
4159,-1.1609159,0.21686843
4160,-2.0035257,0.33733898
4161,-2.0318215,0.31993124
4162,-1.5531415,0.2594382
4163,-0.94688517,0.19221216
4164,-1.9300568,0.27782428
4165,-2.1312678,0.40444353
4166,-1.3342366,0.23090294
4167,-1.7865633,0.27350578
4168,-1.5900024,0.29752725
4169,-1.420904,0.24452074
4170,-1.8590587,0.338167
4171,-2.114877,0.38579297
4172,-1.9289861,0.34732655
4173,-1.5450904,0.31487623
4174,-1.7316705,0.41213992
4175,-1.505436,0.2519405
4176,-1.8086499,0.24242465
4177,0.37841374,1.2487483
4178,-1.3464661,0.29544246
4179,-1.6444768,0.2949247
4180,-1.5324348,0.2686723
4181,-1.3884872,0.25085282
4182,-1.6369629,0.30665633
4183,-1.6426027,0.31749597
4184,-1.7272868,0.28206268
4185,-1.7095919,0.27330872
4186,-1.6240507,0.25502595
4187,-0.9991028,0.17193684
4188,-1.3163619,0.24343607
4189,-1.4430528,0.25736016
4190,-1.3064742,0.24548787
4191,-1.3613926,0.33236155
4192,-1.4909517,0.22795166
4193,-1.1056195,0.29764706
4194,-1.3757454,0.24338998
4195,0.046368092,0.87029564
4196,-1.6282108,0.34093457
4197,-1.6409047,0.28943682
4198,-1.1946069,0.26345155
4199,-1.910771,0.32594028
4200,-1.6801045,0.22907536
4201,-1.3518243,0.22119932
4202,-1.7656813,0.34179544
4203,-1.52607,0.2590683
4204,-1.2839803,0.26913437
4205,-2.000724,0.30275357
4206,-1.1889576,0.30043754
4207,-1.5865734,0.32748732
4208,-1.9398046,0.28456667
4209,0.04208159,0.61755
4210,-1.3730118,0.23798303
4211,-1.6240964,0.31816006
4212,-2.3996332,0.33974594
4213,-2.015939,0.38363522
4214,-1.8127002,0.30097485
4215,-1.9069365,0.3136098
4216,-1.0857792,0.20776747
4217,-1.1731585,0.22059311
4218,-1.5826979,0.30597728
4219,-2.0972996,0.33865795
4220,-2.273336,0.30632317
4221,-1.8216606,0.28171572
4222,-0.09598307,1.1872516
4223,-1.2858422,0.22380203
4224,-1.9560292,0.31818977
4225,-1.4025868,0.29610607
4226,-2.0798652,0.3744783
4227,-2.391925,0.38848108
4228,-1.407476,0.29357556
4229,-1.5634568,0.27409792
4230,-1.8876594,0.3101176
4231,-1.5186992,0.30567726
4232,-1.8231752,0.41774967
4233,-1.6218888,0.27818692
4234,-1.7318558,0.31605032
4235,-0.7524998,0.15254332
4236,-1.4605501,0.30502763
4237,-1.4787086,0.23577401
4238,-2.0371058,0.35958526
4239,-1.6764839,0.2606885
4240,-1.3755593,0.22540325
4241,-1.6517296,0.28328878
4242,-1.4623735,0.28530586
4243,-1.5018486,0.25986204
4244,-1.1521869,0.23336415
4245,-1.8237276,0.32491153
4246,-1.4929849,0.29813677
4247,-1.5952349,0.30236253
4248,-1.1834728,0.25067255
4249,-1.6408412,0.27294126
4250,-1.5714995,0.27512816
4251,-1.3956277,0.26107284
4252,-0.86037165,1.3165476
4253,-2.1920724,0.35661656
4254,-1.0240681,0.17639087
4255,-2.0109582,0.3200267
4256,-1.7444125,0.319147
4257,-1.421777,0.2723182
4258,-1.9812808,0.32058468
4259,-1.9883544,0.27960813
4260,-1.2760358,0.34318927
4261,-2.005104,0.3209509
4262,-1.3074411,0.30775422
4263,-2.1355746,0.37189463
4264,-1.8364853,0.30398768
4265,-1.7466639,0.31991455
4266,-1.1605483,0.22483504
4267,-1.3766983,0.28713286
4268,-1.7290137,0.30496493
4269,-1.7938892,0.38047743
4270,-1.9108309,0.38427988
4271,-1.6906897,0.35239246
4272,-1.6411635,0.28893125
4273,-1.8981116,0.3434848
4274,-1.4160522,0.28579894
4275,-1.7524523,0.30554318
4276,-1.2919796,0.27993172
4277,-1.3352627,0.24809395
4278,-1.8432,0.32254723
4279,-1.9236187,0.3731619
4280,-1.6841522,0.3655615
4281,-1.3163867,0.27291802
4282,-1.6890558,0.33100572
4283,-2.354133,0.2907686
4284,-1.4615725,0.26824006
4285,-1.0218792,0.20627962
4286,-1.18477,0.23003489
4287,-1.5733606,0.22884895
4288,-1.7101967,0.2959092
4289,-1.3724704,0.23398638
4290,-2.0625558,0.3828285
4291,-1.4244509,0.29121107
4292,-1.3255644,0.27690732
4293,-1.2339054,0.30038846
4294,-1.6491231,0.28531998
4295,-1.3448615,0.28523085
4296,-1.7259979,0.28196058
4297,-1.1626474,0.18598878
4298,-1.5344467,0.23343137
4299,-1.3853096,0.23561686
4300,-1.3733852,0.29367527
4301,-2.029347,0.3520616
4302,-1.4524782,0.25203702
4303,-1.4907985,0.21119036
4304,-1.7527705,0.28392953
4305,-1.2648977,0.22532183
4306,-1.5604417,0.26754397
4307,-1.6719375,0.3295493
4308,-1.9783113,0.34579778
4309,-1.665467,0.32349002
4310,-2.0217295,0.36401913
4311,-1.5983804,0.3170014
4312,-1.6430659,0.26888555
4313,-1.1935802,0.2736959
4314,-1.4152981,0.27741462
4315,-1.7471005,0.31662524
4316,-0.8549783,0.14585905
4317,-1.7406238,0.3333112
4318,-2.0914016,0.28596076
4319,-1.8265097,0.27397072
4320,-1.59632,0.2964366
4321,-1.1424648,0.22132714
4322,-1.645557,0.23061447
4323,-1.0940185,0.27054498
4324,-1.2874765,0.30384085
4325,-2.0896475,0.3803739
4326,-1.649854,0.24377304
4327,-2.0200825,0.33268023
4328,-1.5016055,0.22338131
4329,-0.83347493,0.22149543
4330,-1.7720963,0.32994676
4331,-2.3685653,0.4624761
4332,-1.7544167,0.29141325
4333,-1.3845688,0.29032904
4334,-1.1624091,0.2129984
4335,-1.5461432,0.24013713
4336,-1.5272484,0.24582537
4337,-1.5630465,0.33492094
4338,-1.9217327,0.25227478
4339,-1.8824695,0.29899964
4340,-1.5720189,0.38306627
4341,-1.4772624,0.3368025
4342,-1.2511293,0.26839155
4343,-1.452764,0.29707372
4344,-1.811074,0.26494104
4345,-1.1103015,0.22611722
4346,-1.5161613,0.28225955
4347,-1.3272672,0.24788104
4348,-1.2714126,0.25461084
4349,-0.81608504,0.1303634
4350,-1.6279368,0.3965158
4351,-1.8434447,0.301632
4352,-2.0098672,0.33050728
4353,-1.5222366,0.3119557
4354,-1.3552471,0.2314079
4355,-0.99651825,0.1936596
4356,-0.94032526,0.15642543
4357,-1.757655,0.35620373
4358,-1.9830971,0.36334696
4359,-1.4855151,0.24015915
4360,-1.708793,0.2700426
4361,-1.3717122,0.25106233
4362,-1.6317375,0.2758822
4363,-0.9381958,0.18424468
4364,-1.4581865,0.22215459
4365,-2.0984046,0.35109493
4366,-2.3115876,0.36891517
4367,-1.7507287,0.25517088
4368,-2.0225806,0.3488774
4369,-1.646048,0.32976002
4370,-1.3359237,0.26966715
4371,-1.6615916,0.28811982
4372,-1.9099288,0.32349497
4373,-1.8255054,0.3389009
4374,-1.7017663,0.32325277
4375,-1.3140541,0.24036099
4376,-1.7016333,0.37113506
4377,-1.5305164,0.37161797
4378,-1.8246993,0.28205854
4379,-1.5996743,0.33751875
4380,-1.418842,0.2373246
4381,-2.1767492,0.39747435
4382,-1.2638061,0.25433597
4383,-1.4462845,0.28646082
4384,-1.6981272,0.3111554
4385,-1.4533695,0.23032296
4386,-1.6183583,0.3211775
4387,-1.6404259,0.43141627
4388,-1.8179617,0.37111703
4389,-1.3843665,0.21860404
4390,-1.8560203,0.29160526
4391,-1.5785812,0.26716042
4392,-1.0838569,0.23260365
4393,-1.4834572,0.3245248
4394,-1.7830997,0.31036618
4395,-1.3984282,0.21807362
4396,-1.5052241,0.32636902
4397,-1.5914316,0.2860897
4398,-1.3029795,0.26305553
4399,-0.8210471,1.1665522
4400,-1.9082876,0.34453002
4401,-1.5413288,0.24082182
4402,-1.7641389,0.34271616
4403,-1.9000382,0.26763588
4404,-1.7844875,0.27502444
4405,-2.1640255,0.34488824
4406,-1.5010643,0.23789203
4407,-1.1947922,0.24741964
4408,-1.7295917,0.33770892
4409,-1.031622,0.19366619
4410,-1.8293486,0.3738691
4411,-1.2373371,0.21345982
4412,-1.1386176,0.1925706
4413,-1.3490398,0.26784602
4414,-1.1993965,0.21671793
4415,-0.9088362,0.17902932
4416,-0.77404433,0.14786522
4417,-1.4640983,0.22315224
4418,-1.9631407,0.3519242
4419,-1.9327611,0.35755113
4420,-1.7123224,0.2585576
4421,-1.345047,0.25719973
4422,-1.4106336,0.29746586
4423,-2.1427195,0.25947458
4424,-1.4666501,0.26481622
4425,-1.4580095,0.27939758
4426,-0.91184586,0.17569794
4427,-1.3500246,0.23575386
4428,-1.5400676,0.24783723
4429,-1.4664977,0.24368376
4430,-1.7426331,0.2882119
4431,-2.0883007,0.44377324
4432,-1.6519876,0.32591197
4433,-2.152722,0.32438585
4434,-1.8992066,0.3597562
4435,-1.6541586,0.2633471
4436,-1.3914704,0.21741171
4437,-1.8338609,0.39048335
4438,-1.6646849,0.25288266
4439,-2.0323226,0.34371722
4440,-1.3471742,0.20621942
4441,-1.5192063,0.34060463
4442,-1.3539506,0.24438304
4443,-1.8487277,0.3675815
4444,-1.3932995,0.32379782
4445,-1.1262577,0.2246621
4446,-1.1879534,0.22558309
4447,-1.6757944,0.31264585
4448,-1.2937962,0.32904196
4449,-1.6149118,0.21605279
4450,-1.3320256,0.24193193
4451,-1.2078825,0.2284449
4452,-1.2527199,0.17716315
4453,-1.6394325,0.28474262
4454,-1.8166298,0.28055272
4455,-1.9975142,0.30127552
4456,-1.2773372,0.23194325
4457,-1.5283955,0.25575572
4458,-1.2382095,0.24938157
4459,-1.5577142,0.25077543
4460,-1.6279935,0.22413465
4461,-1.8246766,0.31076017
4462,-1.625314,0.29671228
4463,-1.2930281,0.27636287
4464,-1.8420643,0.41414943
4465,-1.6416442,0.30883616
4466,-1.8206269,0.4033064
4467,-1.5673162,0.25991684
4468,-1.4365327,0.3731357
4469,-1.4796414,0.2415338
4470,-1.7153573,0.30740047
4471,-0.92673934,0.21393797
4472,-1.6713933,0.32815975
4473,-1.996958,0.34881386
4474,-1.8161652,0.29523504
4475,-1.6473674,0.25258297
4476,-1.4552785,0.22529967
4477,-1.4815739,0.255101
4478,-1.5628369,0.23361978
4479,-1.8284112,0.2648713
4480,-1.8628598,0.2909794
4481,-1.796035,0.33274853
4482,-1.4318117,0.23280242
4483,-1.8752257,0.39551994
4484,-1.9160167,0.32555872
4485,-1.5226711,0.35227412
4486,-1.8292172,0.332251
4487,-1.3050036,0.2433246
4488,-1.9291571,0.40421394
4489,-1.7839487,0.370407
4490,-1.8617741,0.32418844
4491,-1.3465761,0.21045955
4492,-1.996489,0.3860595
4493,-1.996566,0.2826699
4494,-1.653458,0.25992075
4495,-0.97926515,0.2529874
4496,-1.3950595,0.21365184
4497,-1.879763,0.33513662
4498,-1.6457204,0.29874712
4499,-1.6237442,0.2896893
4500,-1.8858078,0.28950408
4501,-2.0489721,0.33997446
4502,-2.0905466,0.34224895
4503,-0.5130514,1.1888163
4504,-1.5855441,0.31067675
4505,-1.4735461,0.33513486
4506,-1.4990543,0.26018858
4507,-1.7108524,0.3331632
4508,-1.2540878,0.29050344
4509,-1.1469452,0.23235446
4510,-1.7515576,0.26992434
4511,-1.0784719,0.28821784
4512,-1.5131257,0.32860982
4513,-2.060188,0.36029392
4514,-1.2865382,0.20758978
4515,-1.400972,0.23348662
4516,0.6095306,1.3389844
4517,-1.1994969,0.1922683
4518,-1.7022666,0.25048167
4519,-2.1537557,0.38315046
4520,-1.7027216,0.33394325
4521,-1.7383031,0.40749416
4522,-1.3542084,0.28602758
4523,-1.0020396,0.20779793
4524,-1.528669,0.3373392
4525,-1.625656,0.27142382
4526,-1.9124734,0.32081285
4527,-0.92437863,1.7478687
4528,-1.4282674,0.2741819
4529,-0.7329712,0.12672791
4530,-1.2869381,0.29481286
4531,-1.6443105,0.27462944
4532,-1.8279339,0.3848539
4533,-1.2126698,0.32204807
4534,-1.3112439,0.2445368
4535,-1.6619606,0.27139375
4536,-1.4361012,0.2246936
4537,-1.9139879,0.4765836
4538,-1.6043711,0.2916166
4539,-2.2688766,0.39355803
4540,-2.0756695,0.4157765
4541,-1.3688507,0.23834956
4542,-1.272187,0.28373197
4543,-1.5183426,0.30669856
4544,0.09244234,0.5829886
4545,-1.9012103,0.34365198
4546,-1.353964,0.25846994
4547,-1.8422791,0.35744345
4548,-1.2953525,0.30142304
4549,-1.7002608,0.336795
4550,-1.6693168,0.24363819
4551,-1.9865062,0.41345453
4552,-1.6583304,0.29976168
4553,-1.748522,0.2850868
4554,-2.0698771,0.36046103
4555,-1.3869151,0.3429955
4556,-1.9078068,0.29086864
4557,-1.2505481,0.20554759
4558,-1.9797072,0.34038073
4559,-1.9026333,0.34156266
4560,-1.7966323,0.28023174
4561,-1.4743729,0.22959264
4562,-1.7663589,0.31350046
4563,-1.135281,0.2630468
4564,-1.4726673,0.2941099
4565,-1.8252006,0.31865546
4566,-1.6246419,0.25277382
4567,-1.1263753,0.26654673
4568,-1.7094512,0.31587285
4569,-1.9460001,0.31853697
4570,-1.717956,0.37054858
4571,-1.7848794,0.32294983
4572,-1.8978423,0.30039927
4573,-1.640961,0.28700867
4574,-1.5658656,0.2938158
4575,-1.9142607,0.33041367
4576,-2.0646722,0.32786942
4577,-1.7705008,0.28335446
4578,-1.7328885,0.21548797
4579,-1.2077801,0.26324856
4580,-2.0222297,0.27543384
4581,-1.9543725,0.27995452
4582,-1.5452064,0.30804405
4583,-2.349779,0.40180007
4584,-1.4656291,0.41182342
4585,-0.27751943,0.5956344
4586,-1.7154574,0.29113722
4587,-1.5198042,0.21969351
4588,-2.1196017,0.30097705
4589,-1.4542431,0.26940677
4590,-1.8811417,0.34757614
4591,-1.7315626,0.31638634
4592,-1.7008429,0.3533223
4593,-1.5854001,0.3326911
4594,-1.7591963,0.3737133
4595,-0.88222826,0.20111544
4596,-2.425907,0.41567335
4597,-1.2065767,0.24867775
4598,-1.4636415,0.2961877
4599,-1.6305352,0.30076635
4600,-1.7851964,0.3398924
4601,-1.6557829,0.33066738
4602,-1.2952778,0.28127962
4603,-1.7508544,0.29253593
4604,-1.1560414,0.20252801
4605,-2.1780944,0.44972202
4606,-1.5520544,0.2642924
4607,-2.0775497,0.2769854
4608,-1.9112647,0.4154578
4609,-1.6334385,0.27422717
4610,-1.5645062,0.24321045
4611,-1.9857533,0.27401474
4612,-2.331086,0.39280507
4613,-2.0235114,0.32477766
4614,-1.4082899,0.22556357
4615,-1.4142948,0.20438331
4616,-1.7198529,0.3286176
4617,-1.6855687,0.2416127
4618,-2.1941838,0.42493406
4619,-1.5798558,0.29946628
4620,-1.7937546,0.3336999
4621,-1.3553748,0.24663436
4622,-2.0574017,0.34607646
4623,-1.3609406,0.21358392
4624,-1.3563324,0.24290468
4625,-2.2076116,0.39715022
4626,-1.8725653,0.3030353
4627,-1.9838027,0.33494124
4628,-1.5981166,0.3805641
4629,-1.9167784,0.4129977
4630,-2.149274,0.36061808
4631,-2.0121279,0.35058385
4632,-1.4572406,0.18579225
4633,-1.3744055,0.20671985
4634,-1.1653527,0.17411664
4635,-1.7733577,0.3392624
4636,-2.1251147,0.4187439
4637,-1.2579767,0.27491975
4638,-2.0484734,0.4656984
4639,-1.4046227,0.275459
4640,-1.9718776,0.29490638
4641,-1.435781,0.24261871
4642,-1.6257308,0.2857132
4643,-1.3066113,0.23289278
4644,-1.7246399,0.3393637
4645,-2.255198,0.3239477
4646,-1.5384074,0.31653598
4647,-1.4522231,0.28264597
4648,-1.8286673,0.34183085
4649,0.21871923,0.53508383
4650,-1.7571613,0.3042231
4651,-1.2625513,0.2026245
4652,-1.9200946,0.32700026
4653,-1.4782736,0.35133836
4654,-1.0423577,0.1921067
4655,-1.6213546,0.27167514
4656,-2.337392,0.34725845
4657,-1.6559081,0.31049904
4658,-1.899607,0.30291378
4659,-1.0825983,0.21194215
4660,-1.5339769,0.261723
4661,-2.071846,0.32829812
4662,-1.7712115,0.34879926
4663,-1.3937254,0.27582818
4664,-1.3029138,0.24644604
4665,-1.6059403,0.28636366
4666,-0.047678396,0.7502163
4667,-2.0971644,0.2948038
4668,-1.1492755,0.27465814
4669,-1.2312775,0.20373353
4670,-1.8972114,0.3181096
4671,-1.8492578,0.2625854
4672,-1.1261731,0.29640943
4673,-1.3422908,0.16503955
4674,-1.7941432,0.2931252
4675,-1.4906694,0.26695138
4676,-1.3205141,0.26266092
4677,-1.4529454,0.30994076
4678,-0.058217693,0.45296815
4679,-1.4839315,0.3291962
4680,-1.794452,0.29605895
4681,-1.6499759,0.30470413
4682,-1.902043,0.29150352
4683,-1.9444389,0.32884258
4684,-1.7940669,0.3462075
4685,-1.2732433,0.19039997
4686,-1.2366471,0.2369955
4687,-1.3590261,0.273234
4688,-1.207179,0.27044395
4689,-1.325875,0.21028659
4690,-1.8113807,0.29379794
4691,-1.8858845,0.2859019
4692,0.4529734,0.8887581
4693,-1.2275406,0.24283558
4694,-1.2072434,0.19988869
4695,-1.5577582,0.35046273
4696,-2.0503886,0.36585763
4697,-1.1037056,0.21469167
4698,-1.6762303,0.29541335
4699,-0.26199687,0.5944231
4700,-1.220255,0.20639788
4701,-1.573533,0.254702
4702,-1.5464734,0.2963046
4703,-1.7323581,0.31314826
4704,-1.2942852,0.2482
4705,-1.7973471,0.34192446
4706,-1.6244833,0.3713458
4707,-2.1692643,0.3290031
4708,-2.0013654,0.303739
4709,-1.9639044,0.3631224
4710,-0.5622871,1.4121767
4711,-1.9055319,0.3726736
4712,-2.1388972,0.45718527
4713,-2.2746665,0.41552237
4714,-1.5228702,0.23576254
4715,-1.5854225,0.31813398
4716,-1.481875,0.28793734
4717,-2.2389953,0.3225043
4718,-1.5944215,0.2627608
4719,-1.3411722,0.21973975
4720,-1.6541024,0.29241323
4721,-1.5271167,0.22419016
4722,-1.5489458,0.24108128
4723,-1.6743577,0.3383233
4724,-1.8263205,0.30493957
4725,-1.9167885,0.3214256
4726,-1.9287812,0.34509873
4727,-1.9492395,0.275392
4728,-2.1143022,0.34267914
4729,-1.7615914,0.3628687
4730,-1.7339636,0.32339764
4731,-1.4674468,0.27719408
4732,-1.2478486,0.25019172
4733,-1.7517205,0.2937639
4734,-1.6291704,0.30088663
4735,-1.5358288,0.2658452
4736,-2.042555,0.33583432
4737,-1.7934558,0.28523612
4738,-1.5661181,0.23645644
4739,-2.1106231,0.28000945
4740,-0.89952004,0.14496478
4741,-1.6763705,0.30251688
4742,-1.9898806,0.32566616
4743,-1.8216473,0.3014495
4744,-1.4913046,0.3148475
4745,-2.0655165,0.32603464
4746,-1.1037066,0.2083981
4747,-1.5511563,0.25418252
4748,-1.7316391,0.362457
4749,-1.6776412,0.32640442
4750,-1.2973953,0.22100413
4751,-1.9545919,0.4148263
4752,-1.6375899,0.3490504
4753,-1.6239034,0.2367637
4754,-1.8740808,0.34659538
4755,-1.3337668,0.2146363
4756,-1.2790027,0.25833613
4757,-0.98960376,0.17885116
4758,-1.6823694,0.47218722
4759,-1.0196643,0.24434987
4760,-1.3204544,0.19575392
4761,-1.6741898,0.3750309
4762,-2.2875223,0.37489957
4763,-1.4258939,0.325787
4764,-2.1394854,0.31390253
4765,-1.8434738,0.3159369
4766,-1.0803589,0.1974034
4767,-1.9812665,0.34466788
4768,-1.4429495,0.28394568
4769,-1.6330925,0.31000307
4770,-1.3917024,0.2757618
4771,-1.7841622,0.2939665
4772,-2.293773,0.43531293
4773,-1.7467804,0.29227328
4774,-1.6971939,0.28993025
4775,-1.8800392,0.3126263
4776,-1.284292,0.21217044
4777,-0.8887188,0.17225625
4778,-1.1983421,0.21279208
4779,-1.6980995,0.34358695
4780,-1.6057765,0.28746903
4781,-0.6651189,0.17134532
4782,-1.9362113,0.34715217
4783,-1.2314599,0.23283374
4784,-1.4287674,0.28549072
4785,-1.0670764,0.17632873
4786,-1.3859982,0.30077365
4787,-0.29772618,0.70099735
4788,-1.4584271,0.33282965
4789,-1.4553015,0.24538289
4790,-1.989628,0.33147648
4791,-1.3840338,0.2860629
4792,-1.581087,0.28317106
4793,-1.5718887,0.31111526
4794,-2.2636204,0.3220812
4795,-1.2712004,0.3021995
4796,-1.3038875,0.29715496
4797,-0.9919011,0.18342805
4798,-1.889539,0.31173074
4799,-1.8589921,0.29956686
4800,-1.5344414,0.29789776
4801,-1.6664478,0.34163663
4802,-1.4581146,0.27843478
4803,-1.4526983,0.26637402
4804,-1.4356923,0.23388322
4805,-2.1394553,0.4252786
4806,-1.2781521,0.25066835
4807,-1.8143212,0.33120227
4808,-1.5594478,0.25302598
4809,-1.4872471,0.2643756
4810,-1.8250232,0.27091238
4811,-1.2927736,0.2064256
4812,-1.6124727,0.26185936
4813,-1.1414609,0.22285685
4814,-1.9298973,0.3758395
4815,-1.1892631,0.24904059
4816,-1.3932822,0.2691616
4817,-1.1873217,0.28641433
4818,-2.1885116,0.37639856
4819,-1.8405994,0.33164278
4820,-1.49802,0.28217682
4821,-1.7446082,0.34874356
4822,-1.6226636,0.26573756
4823,-1.5704099,0.2826427
4824,-0.28530183,0.38058248
4825,-1.5794194,0.26982552
4826,-2.048453,0.3170876
4827,-1.8344761,0.3210724
4828,-0.96009016,0.16371398
4829,-1.5392419,0.26117235
4830,-1.1945643,0.21451911
4831,-1.1422143,0.1819023
4832,-1.7030472,0.38406903
4833,-1.1901712,0.1907242
4834,-1.6569546,0.3117909
4835,-1.1997151,0.36714458
4836,-1.6596788,0.32382542
4837,-2.03727,0.3316922
4838,-1.7201195,0.30737856
4839,-1.7532911,0.29394084
4840,-1.9421626,0.29054236
4841,-1.6258383,0.27905127
4842,-1.5232763,0.36832738
4843,-1.0422542,0.16434574
4844,-1.7959405,0.2279111
4845,-1.451257,0.290068
4846,-1.2123169,0.23205483
4847,-1.4128983,0.31822005
4848,-1.2172289,0.25263506
4849,-2.0304747,0.31639317
4850,-1.8509777,0.27692696
4851,-1.604143,0.27193892
4852,-1.560029,0.29724854
4853,-1.829672,0.31223723
4854,-1.0661067,0.194998
4855,-1.3712763,0.24733144
4856,-1.5641974,0.30817524
4857,-1.7769722,0.31956452
4858,-2.1007771,0.3003586
4859,-0.20384558,0.47165442
4860,-2.1695833,0.27482438
4861,-1.7543492,0.25784275
4862,-1.8321306,0.26537848
4863,-1.6927894,0.26272035
4864,-1.7696077,0.32199773
4865,-2.1051173,0.34454262
4866,-2.0173004,0.41715795
4867,-2.082589,0.32477784
4868,-2.1013072,0.27655426
4869,-1.0859741,0.1713793
4870,-1.8144511,0.3142527
4871,-1.7668921,0.30415183
4872,-2.0448365,0.29830503
4873,-1.2643299,0.22946662
4874,-2.2379992,0.37147263
4875,-1.5759186,0.37743574
4876,-1.074748,0.27740708
4877,-1.3109596,0.2316068
4878,-1.529401,0.3041783
4879,-2.0078928,0.4178953
4880,-1.6667793,0.3041356
4881,-1.6706762,0.2602795
4882,-1.5232162,0.3421528
4883,-1.8046446,0.3877976
4884,-0.32970428,0.79116607
4885,-1.33377,0.25266466
4886,-2.2131073,0.34782055
4887,-1.9602828,0.2834543
4888,-1.974395,0.34098566
4889,-1.427837,0.23814693
4890,-1.1647114,0.22364575
4891,-1.6729625,0.28646335
4892,-1.5845528,0.3414699
4893,-1.7137401,0.246949
4894,-2.0590005,0.38492346
4895,-1.443741,0.2114945
4896,-1.9422287,0.41178927
4897,-1.362749,0.2872083
4898,-1.7644409,0.29144436
4899,-1.7999687,0.38108286
4900,-1.3472755,0.21723482
4901,-1.9069823,0.35173768
4902,-2.0972984,0.25774974
4903,-1.4541099,0.2958568
4904,-2.2867053,0.41287366
4905,-1.8631041,0.34126812
4906,-1.9277415,0.33576941
4907,-1.3639798,0.3200014
4908,-1.9761864,0.36999267
4909,-2.1631968,0.3736242
4910,-1.9463091,0.33146876
4911,-0.935666,0.1682035
4912,-1.4071593,0.23811825
4913,-1.892372,0.34806153
4914,-1.1194099,0.2544865
4915,-1.9987664,0.46161315
4916,-1.9427764,0.3974084
4917,-1.4566776,0.260408
4918,-1.7831907,0.32715186
4919,-1.8743957,0.38493875
4920,-1.7321566,0.3174464
4921,0.07881417,0.6238906
4922,-1.4828686,0.2041724
4923,-1.3575575,0.28028837
4924,-1.6359591,0.2372443
4925,-1.4106131,0.2601735
4926,-1.833776,0.28754205
4927,-1.8914944,0.31667054
4928,-1.2802736,0.29665276
4929,-1.7733821,0.32281113
4930,-1.7864245,0.28306854
4931,-1.5026153,0.2885054
4932,-2.0934565,0.3490575
4933,-1.8378747,0.30030155
4934,-1.5406392,0.34631005
4935,-2.0511599,0.38385373
4936,-1.5989678,0.24628747
4937,-1.5590492,0.3000561
4938,-1.3883529,0.2822782
4939,-1.4717678,0.20737213
4940,-1.9331138,0.35190648
4941,-1.6719518,0.23504147
4942,-1.7869613,0.32853827
4943,-1.9399227,0.3723834
4944,-1.629831,0.28194043
4945,-1.7565235,0.26346385
4946,-2.0688639,0.2938769
4947,-1.9213866,0.32281426
4948,-1.5543759,0.2982034
4949,-1.8609061,0.30237252
4950,-1.769859,0.36019963
4951,-1.0744098,0.23563887
4952,-1.502225,0.29653654
4953,-1.3956974,0.27018502
4954,-1.3049178,0.31418505
4955,-1.9723201,0.32919547
4956,-1.6641582,0.2551986
4957,-1.4624524,0.29581407
4958,-1.23011,0.2067398
4959,-1.3654894,0.23760588
4960,-1.8830998,0.29761243
4961,-1.3493804,0.25286883
4962,-1.7298619,0.27828595
4963,-1.6870824,0.32601887
4964,0.3105672,0.7346812
4965,-1.0226667,0.17981978
4966,-1.5829368,0.29181162
4967,-1.0715518,0.20220096
4968,-2.0852904,0.44322854
4969,-1.8937906,0.3323072
4970,-1.9113853,0.29522255
4971,-1.2595888,0.21684231
4972,-0.9531215,0.19453236
4973,-1.6494044,0.2574557
4974,-1.5708923,0.31033716
4975,-1.8381891,0.29369402
4976,-1.9618922,0.3853079
4977,-1.2291056,0.20019786
4978,-1.1739986,0.2263365
4979,-1.7397274,0.33748528
4980,-0.015469053,0.5349986
4981,-1.7640305,0.33801213
4982,-1.7751781,0.30724078
4983,-1.702578,0.32094207
4984,-1.9498801,0.32230446
4985,-1.3196094,0.38398963
4986,-2.2798073,0.39899898
4987,-1.6812012,0.30570024
4988,-1.2898375,0.21225719
4989,-1.6898971,0.33622018
4990,-2.243158,0.36349207
4991,-2.0493782,0.26498806
4992,-1.4353997,0.3421133
4993,-1.3745908,0.34628823
4994,-1.2091175,0.21367058
4995,-1.146504,0.222791
4996,-1.4818135,0.27919617
4997,-1.7803857,0.28735775
4998,-1.5545592,0.2944066
4999,-1.2382343,0.1878594
5000,-1.6699653,0.31639388
5001,-1.4879477,0.2559413
5002,-1.5076481,0.3453421
5003,-1.7847403,0.28682724
5004,-1.5828117,0.29529384
5005,-1.4409846,0.27131346
5006,-1.5707341,0.28079572
5007,-1.4913579,0.28472102
5008,-1.8828632,0.33535057
5009,-1.9225615,0.28366208
5010,-1.603005,0.31551543
5011,-1.1856792,0.2358186
5012,-1.2942493,0.20841077
5013,-0.7942259,0.13813789
5014,-1.3214929,0.24471612
5015,-1.6843584,0.2920225
5016,-1.3236357,0.23483895
5017,-1.9579326,0.41720876
5018,-1.1741332,0.2134922
5019,-1.4878381,0.27901995
5020,-1.6771986,0.3567917
5021,-1.5433601,0.3209072
5022,-1.9961132,0.31835282
5023,-1.1695125,0.19425035
5024,-1.3313593,0.22646104
5025,-1.2214054,0.2233592
5026,-1.0820665,0.21800993
5027,-1.9731487,0.34673646
5028,-1.4518127,0.22635812
5029,-1.6285007,0.23130274
5030,-1.4517925,0.27486408
5031,-1.632344,0.33629757
5032,-1.2188256,0.19729681
5033,-1.7573061,0.38613424
5034,-1.727925,0.2640751
5035,-1.7243817,0.35512838
5036,-1.9224125,0.2937066
5037,-1.0675243,0.20237945
5038,-1.8063198,0.2993892
5039,-1.665649,0.4274061
5040,-1.3010888,0.21934669
5041,-2.0050948,0.35031813
5042,-1.934531,0.30844373
5043,-1.3500904,0.2531486
5044,-1.7809458,0.29751462
5045,-1.544115,0.28262103
5046,-1.3775427,0.2729434
5047,-2.173495,0.36300084
5048,-1.2685727,0.21076809
5049,-2.2998435,0.39322826
5050,-1.8754784,0.42484173
5051,-1.6360832,0.23318236
5052,-1.3212113,0.2574339
5053,-1.1961399,0.2041456
5054,-1.2755121,0.26743597
5055,-1.8417479,0.36053666
5056,-1.6286728,0.28687808
5057,-1.5809681,0.30953377
5058,-1.2072823,0.25918472
5059,-1.4479381,0.37466168
5060,-1.5111954,0.2709722
5061,-1.5899019,0.24337982
5062,-1.1079371,0.20078756
5063,-2.091953,0.34906384
5064,-1.9402628,0.34075615
5065,-1.4674172,0.24145254
5066,-1.8346716,0.36161155
5067,-1.2152654,0.30450913
5068,-1.8861785,0.3560913
5069,-1.4503652,0.2995171
5070,-1.8250656,0.3193262
5071,-1.9025774,0.32982817
5072,-1.0447892,0.18506852
5073,-2.0136468,0.3457917
5074,-1.0587075,0.17113113
5075,-1.7781903,0.34073043
5076,-1.3642626,0.2769086
5077,-2.0939019,0.32374662
5078,-1.4204488,0.23719591
5079,-1.5262092,0.29544362
5080,-1.9865978,0.31945193
5081,-1.1217449,0.2275129
5082,-1.0209212,0.20307529
5083,-2.0625145,0.40426436
5084,-1.3090715,0.2290792
5085,-1.2965534,0.23987785
5086,-1.3270799,0.23332274
5087,-1.3976691,0.23824637
5088,-1.3441883,0.23571427
5089,-1.4544612,0.26348126
5090,-1.6266465,0.26078555
5091,-1.8606225,0.30480134
5092,-1.9285414,0.29593635
5093,-1.5096077,0.30774176
5094,-1.3800023,0.2363049
5095,-1.4774551,0.30296093
5096,-1.6955523,0.3116875
5097,-1.304341,0.29542986
5098,-1.6666625,0.31788477
5099,-1.9600831,0.35287985
5100,-1.389951,0.22263724
5101,-1.1144613,0.21561885
5102,-1.5671339,0.39981657
5103,-1.558435,0.26745844
5104,-1.5821509,0.21576132
5105,-1.766777,0.366397
5106,-1.4551069,0.29212582
5107,-2.1253371,0.3635133
5108,-1.2798618,0.23193777
5109,-1.6233793,0.30538273
5110,-1.124572,0.22277907
5111,-0.82415587,0.17705932
5112,-1.8920448,0.34112588
5113,-1.8719516,0.31930038
5114,-1.6353134,0.3071931
5115,-1.5180458,0.23415016
5116,-1.7040374,0.30464658
5117,-1.5633928,0.32455823
5118,-1.5120236,0.22044837
5119,-1.3783478,0.33507743
5120,-1.5906636,0.32602257
5121,-2.0987642,0.3828918
5122,-1.4858066,0.26885527
5123,-1.9831384,0.35853633
5124,-1.8689426,0.35021597
5125,-1.5827578,0.27530438
5126,-1.5562915,0.254951
5127,-1.255875,0.25994968
5128,-0.91918516,0.22599718
5129,-0.98816055,0.30024606
5130,-1.3869232,0.2252831
5131,-1.5846344,0.32840186
5132,-1.292044,0.24828069
5133,-1.7193149,0.26655227
5134,-1.0484146,0.18115929
5135,-1.1918312,0.22551078
5136,-1.8114434,0.29497316
5137,-1.7861607,0.3390316
5138,-1.2108219,0.22902231
5139,-1.709069,0.24876381
5140,-1.4491396,0.29162592
5141,0.12263519,0.5332345
5142,-1.3403834,0.25633413
5143,-1.3518174,0.27168995
5144,0.20540567,0.9886789
5145,-2.0639832,0.313215
5146,-2.1617386,0.4216975
5147,-1.9444818,0.33399144
5148,-1.5686456,0.29464617
5149,-2.0165617,0.2750171
5150,-1.7319803,0.30012068
5151,-1.377298,0.30027372
5152,-1.6839683,0.27983105
5153,-1.5337901,0.2599514
5154,-1.884368,0.36277863
5155,-1.9221307,0.24663907
5156,-2.0708475,0.39028034
5157,-1.4093405,0.27134565
5158,-1.730388,0.36731207
5159,-1.1441909,0.22018291
5160,-1.5156958,0.25477442
5161,-1.6209446,0.31260386
5162,-1.9732196,0.28874883
5163,-1.3784707,0.24264388
5164,-1.639688,0.3005344
5165,-1.5336946,0.28004557
5166,-1.5191122,0.25964913
5167,-1.3050084,0.22209501
5168,-1.2957902,0.20689635
5169,-1.9094615,0.37437978
5170,-1.3701683,0.23252891
5171,-1.1511785,0.18566589
5172,-1.6102351,0.2482175
5173,-1.5853224,0.3824489
5174,-1.5930498,0.30924937
5175,-1.591891,0.35517168
5176,-1.8590008,0.30988365
5177,-1.8657022,0.38186824
5178,-1.147083,0.3282612
5179,-1.1859276,0.21998428
5180,-1.5168887,0.30522943
5181,-1.6176081,0.2778618
5182,-1.2125804,0.30813
5183,-1.9575875,0.38389102
5184,-1.7661858,0.22574148
5185,-1.9299018,0.3464568
5186,-1.1581969,0.25885755
5187,-1.2643876,0.2634671
5188,-1.8643141,0.31523618
5189,-1.2002342,0.24352776
5190,-1.4801577,0.25226003
5191,-1.9994278,0.32858676
5192,-1.4054489,0.23927796
5193,-1.479812,0.28761184
5194,-1.5944806,0.27562115
5195,-1.3530736,0.2922893
5196,-1.4453238,0.2384862
5197,-1.0334342,0.18304339
5198,-1.8039616,0.29770568
5199,-1.9444379,0.32394925
5200,-1.3662759,0.21372314
5201,-2.0704,0.29565287
5202,-1.3408757,0.26370075
5203,-1.395791,0.29505637
5204,-1.2595357,0.2695105
5205,-1.5968072,0.2700637
5206,-1.3232999,0.26862904
5207,-1.6010203,0.26636934
5208,-1.5923567,0.25739056
5209,-1.2842526,0.217951
5210,-2.0040448,0.24915949
5211,-1.2335049,0.21391422
5212,-0.819664,0.11602125
5213,-1.7947054,0.2984373
5214,-1.4496772,0.2931323
5215,-1.5982436,0.2599741
5216,-1.1491246,0.31036097
5217,-1.5116146,0.3091228
5218,-1.5042202,0.29865348
5219,-2.0909414,0.401339
5220,-1.951674,0.3723113
5221,-1.9817913,0.39821514
5222,-1.4663517,0.30573925
5223,-1.2579358,0.2927728
5224,-1.8027127,0.3323876
5225,-2.0685458,0.32431477
5226,-1.6264856,0.2870923
5227,-1.44566,0.29249853
5228,-2.2567804,0.3190268
5229,-1.5196506,0.36755916
5230,-1.3511763,0.29374763
5231,-1.4008054,0.26781726
5232,-1.7104621,0.2946613
5233,-1.740629,0.35462603
5234,-1.0610431,0.20859437
5235,-1.5757953,0.2787487
5236,-1.2662125,0.32054803
5237,-1.1841094,0.28933826
5238,-1.8271468,0.24329719
5239,-1.8027289,0.33979455
5240,-1.9484001,0.34472013
5241,-1.6144291,0.30661532
5242,-1.7800695,0.33754492
5243,-1.4691435,0.30360252
5244,-0.9875039,0.22544141
5245,-1.7057428,0.3097244
5246,-1.0041883,0.16947025
5247,-1.4078379,0.2805583
5248,-1.1584479,0.2357874
5249,-1.2521819,0.22385266
5250,-0.99464333,0.18435396
5251,-1.8291733,0.33378306
5252,-1.9489892,0.24693394
5253,-1.7421652,0.2972771
5254,-2.2594788,0.39446697
5255,-1.6088417,0.24507286
5256,0.015666818,0.5482479
5257,-1.395402,0.23618178
5258,-1.7823662,0.32585046
5259,-1.2867514,0.19728605
5260,-1.2519212,0.30738637
5261,-1.8596573,0.2592922
5262,-1.4241542,0.2643064
5263,-1.4510036,0.27168962
5264,-1.6627638,0.29720107
5265,-1.1975521,0.2753626
5266,-1.9278339,0.33961734
5267,-1.7231722,0.35812965
5268,-0.6101793,1.2254845
5269,-2.1118855,0.31545445
5270,-1.720303,0.3919893
5271,-2.1062307,0.2952472
5272,-1.8865799,0.25625563
5273,-1.7056979,0.31533477
5274,-2.0665114,0.36037996
5275,-1.5545626,0.33352596
5276,-2.0802398,0.37676555
5277,-1.4299443,0.29041728
5278,-1.8427968,0.33770424
5279,-1.3953133,0.2525639
5280,-2.087503,0.3302406
5281,-1.8074968,0.27794522
5282,-1.630079,0.32899848
5283,-1.5496706,0.2773876
5284,-2.0509696,0.30717427
5285,-1.8600632,0.36985168
5286,-1.4002761,0.2464035
5287,-0.9424475,0.20535132
5288,-1.7529255,0.2832709
5289,-1.2110314,0.19808212
5290,-1.3080537,0.32071382
5291,-1.2030749,0.25912416
5292,-1.4621767,0.32757136
5293,-2.0118978,0.32777032
5294,-1.374752,0.23828793
5295,-1.3970813,0.2748629
5296,-1.8895292,0.29768735
5297,-1.7877548,0.32010907
5298,-2.1917837,0.43583
5299,-2.168476,0.3883723
5300,-1.9794785,0.34171483
5301,-1.1868901,0.18417232
5302,-1.9571458,0.31213668
5303,-1.3976346,0.25758538
5304,-1.4548568,0.26952583
5305,-1.5803545,0.2835738
5306,-1.334406,0.2650678
5307,-1.5753137,0.36218783
5308,-1.6272397,0.3048124
5309,-1.3946162,0.28493497
5310,-1.9547815,0.2779333
5311,-1.4304988,0.24227983
5312,-1.6282182,0.32874802
5313,-1.7096009,0.2375743
5314,-1.4364663,0.28524783
5315,-1.4583212,0.40208626
5316,-1.3737073,0.28000608
5317,-1.309982,0.22161862
5318,-1.0548393,0.19718315
5319,-1.1123796,0.19808479
5320,-1.2480987,0.27584857
5321,0.049388204,0.44233814
5322,-1.383376,0.2247212
5323,-1.7467238,0.33952776
5324,-1.6691087,0.26948935
5325,-1.5155629,0.34523654
5326,-1.86149,0.30762038
5327,-1.45772,0.2403462
5328,-1.0454803,0.20720232
5329,-1.6738454,0.224996
5330,-1.5138044,0.26404232
5331,-1.8942325,0.30023074
5332,-1.5957935,0.2809451
5333,-1.8716797,0.2954056
5334,-1.2838179,0.24430665
5335,-1.2472754,0.25904405
5336,-1.6466564,0.2387597
5337,-1.4855182,0.32442805
5338,-1.5666056,0.3153033
5339,-1.7989486,0.34151903
5340,-1.9963629,0.32112414
5341,-1.1586449,0.18557602
5342,-0.84118086,0.22761804
5343,-1.6271298,0.30479962
5344,-2.2669725,0.30834627
5345,-1.566048,0.36267024
5346,-1.1618944,0.21907657
5347,-1.8760626,0.342003
5348,-1.4606384,0.28092837
5349,-1.8564316,0.29713905
5350,-1.6976095,0.25081015
5351,-1.755024,0.29031587
5352,-1.8209764,0.32625437
5353,-1.5396515,0.27191916
5354,-1.0971582,0.19474468
5355,-1.5968689,0.23523036
5356,-2.0590181,0.29043493
5357,-1.8752965,0.31172305
5358,-1.827594,0.24760364
5359,-1.3867388,0.2779752
5360,-1.8707244,0.30051276
5361,-1.2940166,0.25514436
5362,-1.8841386,0.3008751
5363,-1.1203482,0.2272304
5364,-1.9921266,0.3258491
5365,-1.8766965,0.38660082
5366,-1.545934,0.3766063
5367,-1.977744,0.37020546
5368,-1.9970162,0.26620966
5369,-1.4593397,0.2136809
5370,-1.1077466,0.18261914
5371,-1.0679615,0.18661292
5372,-1.6940675,0.29044062
5373,-1.6249237,0.27357295
5374,-1.9787258,0.30918083
5375,-1.5033487,0.25657496
5376,-1.0911398,0.20486052
5377,-1.8127353,0.34965402
5378,-1.9442531,0.3190069
5379,-1.6454414,0.27816835
5380,-1.7865971,0.31791446
5381,-1.9713706,0.32521424
5382,-0.17096718,0.25088018
5383,-1.7509989,0.28657117
5384,-1.6360849,0.2801909
5385,-1.6126293,0.25456256
5386,-1.5661038,0.28219214
5387,-1.749801,0.3317402
5388,-1.484398,0.2711455
5389,-1.5878851,0.24370009
5390,-1.5681475,0.31936917
5391,-1.71133,0.26624352
5392,-1.7087047,0.30136627
5393,-1.4807014,0.24867627
5394,-1.9873376,0.34742504
5395,-1.7188531,0.32056546
5396,-1.7640103,0.31021404
5397,-1.6499987,0.28261614
5398,-1.9790953,0.35980165
5399,-1.5272139,0.31011885
5400,0.11579416,0.7402724
5401,-2.0111256,0.3748984
5402,-1.7505008,0.30474696
5403,-0.9624205,0.18061262
5404,-1.7383053,0.32250753
5405,-1.7290753,0.28141075
5406,-1.595603,0.21349676
5407,-1.3152161,0.22789644
5408,-1.5929468,0.35923535
5409,0.8810449,1.1937567
5410,-2.2417507,0.28411204
5411,-1.5817004,0.24537164
5412,-2.013945,0.26625058
5413,-1.4644834,0.2952599
5414,-1.7514222,0.28644162
5415,-1.0706146,0.213174
5416,-2.37,0.42952117
5417,-1.2447524,0.21671316
5418,-1.6290952,0.30901086
5419,-1.7217324,0.29612973
5420,-1.3167361,0.27152947
5421,-1.6756198,0.22409631
5422,-1.566442,0.30899468
5423,-1.3912904,0.28029054
5424,-1.3742781,0.27258936
5425,-2.0382142,0.34123108
5426,-2.0478547,0.35235003
5427,-1.6752018,0.2793127
5428,-1.173941,0.22508448
5429,-2.0273092,0.33501133
5430,-0.11435924,0.41668805
5431,-1.8647875,0.3730842
5432,-1.6004823,0.2637668
5433,-1.8791488,0.47404027
5434,-1.2443709,0.22314759
5435,-1.4796408,0.34645182
5436,-1.9140123,0.30004823
5437,-1.6906438,0.30240944
5438,-1.2783432,0.31617516
5439,-1.3517089,0.25905207
5440,-1.6740112,0.34807673
5441,-1.9953804,0.45906812
5442,-1.7491018,0.29311582
5443,-1.3855106,0.2195293
5444,-1.5625921,0.23757471
5445,-1.8354769,0.2674247
5446,-1.182056,0.3624406
5447,-1.9488387,0.32805678
5448,-0.23598707,0.6335448
5449,-1.6295013,0.35142398
5450,-1.3177247,0.2941163
5451,-1.8391922,0.3405342
5452,-1.2078216,0.23770182
5453,-1.8222444,0.32940575
5454,-1.7376561,0.30146307
5455,-1.083991,0.21542244
5456,-1.130942,0.22361873
5457,-1.1556636,0.26332498
5458,-2.1740556,0.36990172
5459,-1.6903586,0.30895317
5460,-2.0488057,0.36982837
5461,-1.6904911,0.30667812
5462,-1.7062029,0.28514564
5463,-1.3940028,0.24913701
5464,-1.9365402,0.3148527
5465,-1.0756546,0.19475302
5466,-1.356391,0.2382676
5467,-1.9473004,0.3301883
5468,-1.9152042,0.29364392
5469,-1.5315629,0.3038262
5470,-2.1263793,0.34614977
5471,-1.2046412,0.21123005
5472,-1.3415619,0.3901497
5473,-1.2876103,0.3553835
5474,-2.2312095,0.44224006
5475,-1.6873755,0.2980807
5476,-1.4374106,0.22739808
5477,-1.6075264,0.31759462
5478,-1.4593725,0.25057986
5479,-1.3533342,0.23530495
5480,-1.1953683,0.22131711
5481,-2.0294356,0.32904392
5482,-1.1257205,0.1849883
5483,-2.179951,0.28973365
5484,-1.9016678,0.29563013
5485,-1.5088981,0.28837866
5486,-1.7043287,0.24484946
5487,-1.7754973,0.36010215
5488,-1.7815753,0.4384634
5489,-1.2887619,0.21905035
5490,-1.8827242,0.28008816
5491,-1.9360671,0.36283883
5492,-1.5692767,0.29547206
5493,-1.1434666,0.19964778
5494,-1.9645844,0.32966414
5495,-1.5845984,0.29405403
5496,-1.6033095,0.30085835
5497,-1.6428103,0.29913583
5498,-2.018815,0.29629943
5499,-1.274112,0.27720934
5500,-1.8610955,0.32143092
5501,-1.7187561,0.35463566
5502,-0.22289428,1.0687562
5503,-1.8700764,0.28833053
5504,-1.1837169,0.2160315
5505,-1.7385192,0.33738548
5506,-1.7632693,0.33131385
5507,-1.5607333,0.2885806
5508,-1.2468331,0.23865572
5509,-0.8141517,1.1018062
5510,-1.5573255,0.3272002
5511,-1.9094374,0.34133995
5512,-1.5857679,0.2678462
5513,-1.62853,0.39121827
5514,-1.2386706,0.31733546
5515,-1.7971851,0.3194424
5516,-1.2321067,0.24908936
5517,-2.1964157,0.27834055
5518,-2.4883454,0.33731577
5519,-1.6686411,0.33693886
5520,-1.4242003,0.26816595
5521,-1.1835798,0.19990714
5522,-2.0857308,0.40885815
5523,-1.1305851,0.2377761
5524,-2.0178652,0.30650672
5525,-1.8586471,0.407727
5526,-1.6589494,0.26904193
5527,-1.7994198,0.2826533
5528,-1.1905828,0.21684943
5529,-2.5541468,0.3304104
5530,-1.374963,0.24717803
5531,-1.2304065,0.23952153
5532,-1.4854112,0.27338493
5533,-1.3958696,0.29120293
5534,-1.5763769,0.28070438
5535,-1.2385701,0.22642905
5536,-1.8539016,0.39356607
5537,-1.7727193,0.27265042
5538,-1.5006051,0.29338685
5539,-1.2562963,0.23220934
5540,-1.3109285,0.23273924
5541,-1.6261309,0.36039057
5542,-1.2274612,0.19585371
5543,-1.2564754,0.2661058
5544,-1.805265,0.3318647
5545,-1.7402315,0.3068481
5546,-1.2027103,0.23817633
5547,-1.7603407,0.31515774
5548,-1.6187224,0.28558943
5549,-1.0220609,0.23105977
5550,-1.6842939,0.33928725
5551,-1.8186896,0.3923022
5552,-1.7421974,0.33961546
5553,-1.561287,0.28089923
5554,-0.87374115,0.15642054
5555,-1.2535577,0.2825077
5556,-1.9159343,0.2565239
5557,-1.1789244,0.21915223
5558,-1.540632,0.34014076
5559,-1.5392135,0.25252584
5560,-1.7745548,0.3000151
5561,-1.4109626,0.23202929
5562,-1.660213,0.30102363
5563,-0.7924679,0.18790014
5564,-1.6326965,0.23625833
5565,-1.74088,0.33308345
5566,-1.4304663,0.28688484
5567,-2.0526974,0.27046913
5568,-1.6000397,0.30189785
5569,-1.664305,0.3216919
5570,-1.4899299,0.3213496
5571,-0.89476776,0.19709037
5572,-1.5872749,0.27085137
5573,-1.7970258,0.34165996
5574,-1.5541277,0.22366296
5575,-1.1176513,0.18441062
5576,-1.5323349,0.28560403
5577,-1.815881,0.3390172
5578,-2.062883,0.30382863
5579,-1.836216,0.323119
5580,-1.7281003,0.25533321
5581,-1.371569,0.24315335
5582,-1.6020198,0.26676786
5583,-1.2162919,0.25030133
5584,-1.2558894,0.2648552
5585,-1.809446,0.36898622
5586,-1.504535,0.33169004
5587,-1.4947261,0.33079395
5588,-1.9156349,0.32831982
5589,-1.8658329,0.42223415
5590,-1.4704072,0.25139618
5591,-1.8859051,0.339829
5592,-1.8164042,0.3323166
5593,-1.6915594,0.27625912
5594,-2.0442421,0.35897908
5595,-1.2837485,0.27150416
5596,-0.99748665,0.14071742
5597,-1.624011,0.32508868
5598,-1.5962574,0.3352266
5599,-1.4615239,0.27834812
5600,-1.4972043,0.2875201
5601,-1.8202946,0.31465837
5602,-1.7748953,0.30438167
5603,-1.3195785,0.24635482
5604,-1.974464,0.29488313
5605,-1.7020018,0.2462624
5606,-1.4053813,0.3533989
5607,-1.8715135,0.3411803
5608,-0.97910523,0.1948572
5609,-1.8932921,0.40421146
5610,-1.5059451,0.3169307
5611,-0.9486752,0.20166226
5612,-1.487824,0.24498497
5613,-1.2799804,0.28503248
5614,-1.8004353,0.29486588
5615,-1.2421551,0.21597695
5616,-1.7895426,0.31014183
5617,-0.9741115,0.19578657
5618,-1.3588184,0.24438746
5619,-1.5040679,0.26289362
5620,-1.7423372,0.292035
5621,-1.680669,0.2663553
5622,-2.2887092,0.3788749
5623,-1.769712,0.35608333
5624,-1.560186,0.31240347
5625,-1.7512271,0.4522868
5626,-1.4030374,0.3376439
5627,-1.5902389,0.3374947
5628,-2.187723,0.31937778
5629,-1.9172804,0.3170511
5630,-1.3880295,0.3033627
5631,-2.023453,0.37983653
5632,-1.2039752,0.31584528
5633,-1.4572693,0.25253683
5634,-1.2286689,0.26793212
5635,-2.2021408,0.35030508
5636,-2.2574575,0.39480677
5637,-1.9441247,0.3013944
5638,-1.6200843,0.2521188
5639,-0.95490164,0.19779672
5640,-1.8111143,0.3040626
5641,-1.807836,0.39316216
5642,-1.2560776,0.2341962
5643,-1.2338485,0.21016273
5644,-1.8431749,0.31328872
5645,-1.4042435,0.23931749
5646,-1.6853949,0.29228824
5647,-1.4381658,0.24446046
5648,-1.1269214,0.25642142
5649,-1.5734127,0.25086105
5650,-1.964071,0.42032638
5651,-1.5116638,0.28924263
5652,-1.8327456,0.31608132
5653,-1.1708395,0.33652797
5654,-1.5029713,0.26879975
5655,-1.4484036,0.29717278
5656,-1.2460238,0.24049817
5657,-1.7060723,0.3048252
5658,-1.554104,0.2256409
5659,-1.8819594,0.3696811
5660,-1.0045478,0.16568524
5661,-2.1588569,0.38271847
5662,-1.7495537,0.35389248
5663,-1.95801,0.29106307
5664,-1.6016693,0.27911618
5665,-1.6551962,0.30262893
5666,-1.1701674,0.20069909
5667,-1.3885827,0.2324332
5668,-1.7922013,0.2904402
5669,-1.0307399,0.24674945
5670,-1.4167411,0.26966715
5671,-1.4939302,0.2884177
5672,-2.194237,0.3700618
5673,-1.7284317,0.26380447
5674,-1.5673578,0.2938279
5675,-2.0714526,0.3175157
5676,-1.4534564,0.26989758
5677,-1.2054108,0.25050628
5678,-1.6913502,0.33182257
5679,-2.1542253,0.2958301
5680,-2.3059483,0.35718256
5681,-1.3165307,0.24046275
5682,-1.5064104,0.2589654
5683,-0.954258,0.15966524
5684,-0.99233407,0.15215595
5685,-1.8645415,0.29299587
5686,-1.2640263,0.3027078
5687,-1.6239814,0.23221307
5688,-2.070777,0.35514456
5689,-1.4499741,0.25217885
5690,-1.398313,0.272853
5691,-1.8433456,0.39203236
5692,-1.4559381,0.26003036
5693,-1.6971121,0.3220803
5694,-1.3399025,0.22984087
5695,-0.85635966,0.19003217
5696,-1.2871883,0.23345615
5697,-1.7078875,0.3203702
5698,-2.2242713,0.36120602
5699,-1.6166012,0.27993605
5700,-1.8117647,0.33267584
5701,-1.6895447,0.25804582
5702,-1.3651555,0.33240542
5703,-1.9586022,0.39311934
5704,-1.8815904,0.40591472
5705,-1.5065696,0.27006018
5706,-2.3135734,0.36573464
5707,-2.0564342,0.3578232
5708,-1.4504502,0.2840503
5709,-1.6934106,0.31920424
5710,-1.2323129,0.3093629
5711,-1.6149812,0.3352115
5712,-1.8766431,0.28353024
5713,-2.076431,0.31820202
5714,-1.2906978,0.2783528
5715,-1.5501376,0.38633645
5716,-1.3161235,0.34763208
5717,-1.158048,0.25130767
5718,-1.5656497,0.2922124
5719,-1.72229,0.36647573
5720,-1.1261542,0.16842581
5721,-1.9942759,0.3336658
5722,-1.8145715,0.32782993
5723,-1.9296374,0.32014346
5724,-1.4473456,0.2215273
5725,-1.3895286,0.2531446
5726,-1.5314081,0.30433756
5727,-1.64437,0.30371425
5728,-1.0309577,0.19212906
5729,-1.387826,0.2345218
5730,-1.6708778,0.42761946
5731,-1.4157301,0.26831523
5732,-1.4169842,0.30575237
5733,-1.038365,0.21984088
5734,-1.552441,0.29483756
5735,-1.7604481,0.2986563
5736,-2.2050998,0.30724332
5737,-2.0340557,0.39882106
5738,-1.4331211,0.36220828
5739,-1.3235234,0.29090303
5740,-1.9108948,0.2897191
5741,-1.7045991,0.2861993
5742,-1.4924209,0.27202982
5743,-1.9526379,0.40214562
5744,-1.3369555,0.31915668
5745,-0.8617292,0.16538525
5746,-1.2785908,0.2808917
5747,-1.9995111,0.34554395
5748,-2.372333,0.36130875
5749,-0.29088256,0.6494775
5750,-1.7607361,0.29212978
5751,-1.5165229,0.2739583
5752,-2.244911,0.3989879
5753,-1.651884,0.30266026
5754,-1.4574722,0.24408422
5755,-1.3115922,0.28734115
5756,-0.7260085,0.13172805
5757,-1.3566148,0.2674104
5758,-1.9860898,0.40354744
5759,-1.7306275,0.3487476
5760,-1.6934546,0.33616436
5761,-1.4421344,0.27814335
5762,-1.8300143,0.29423878
5763,-2.0845416,0.35850355
5764,-1.1519748,0.24166273
5765,-1.7052712,0.26789847
5766,-2.1756403,0.311023
5767,-1.380683,0.27638027
5768,-1.106953,0.2361372
5769,-0.90110993,0.15579945
5770,-1.6342957,0.3153176
5771,-1.5812483,0.31917074
5772,-1.426899,0.22472309
5773,-1.6178796,0.27111194
5774,-1.1562306,0.22059666
5775,-1.9896293,0.28946355
5776,-0.9824753,0.20056528
5777,-1.8620917,0.3047306
5778,-1.515893,0.25232416
5779,-1.0890368,0.25173283
5780,-1.3125583,0.2196496
5781,-0.83740866,0.2186781
5782,-1.9357873,0.28042686
5783,-1.4055454,0.25710934
5784,-1.8396682,0.3507833
5785,-1.1801282,0.2392673
5786,-1.7562007,0.41566947
5787,-1.8900096,0.26638988
5788,-1.4177828,0.19660668
5789,-1.8556001,0.277042
5790,-1.821648,0.3117616
5791,-1.9247065,0.30843872
5792,-2.177521,0.36731786
5793,-0.9781243,0.23435591
5794,-1.943369,0.33551273
5795,-1.7783703,0.31520665
5796,-1.8909203,0.29692978
5797,-1.5540885,0.28886354
5798,-1.70353,0.33445296
5799,-1.5798976,0.28860974
5800,-1.1425246,0.2982568
5801,-1.9479344,0.37331322
5802,-1.81964,0.2866896
5803,-2.1501083,0.4405768
5804,-2.088952,0.40749848
5805,-2.4179027,0.3109058
5806,-1.5598016,0.28271222
5807,-1.4743087,0.24411118
5808,-1.574907,0.27052218
5809,-1.5641576,0.24383232
5810,-1.4551266,0.23854247
5811,-1.8084664,0.32936996
5812,-1.8080171,0.3285644
5813,-1.2283754,0.23701121
5814,-1.7565789,0.27441964
5815,-1.0279047,0.17938514
5816,-1.1855117,0.27258787
5817,-1.7329952,0.31133553
5818,-1.130269,0.2492225
5819,-1.767854,0.31981868
5820,-1.005895,0.1731296
5821,-2.1138632,0.30978817
5822,-1.8824708,0.40246096
5823,-1.2264541,0.25978085
5824,-1.8693123,0.28264531
5825,0.52520454,1.0284898
5826,-1.3973383,0.2203339
5827,-1.86966,0.33101296
5828,-1.3519093,0.3825444
5829,-1.0310227,0.17252223
5830,-1.7551799,0.30292103
5831,-1.9388413,0.3246322
5832,-1.6802455,0.30439022
5833,-1.3663167,0.27716962
5834,-1.9586654,0.27273262
5835,-1.4708159,0.25163874
5836,-2.0240667,0.34166995
5837,-1.4914567,0.2780366
5838,-2.0373132,0.33417523
5839,-1.6947114,0.3228765
5840,-1.271491,0.25979725
5841,-2.1696405,0.31485006
5842,-1.6831952,0.26170012
5843,-1.2828398,0.24587922
5844,-1.8454714,0.27933118
5845,-1.25528,0.3440019
5846,-1.2817104,0.20555842
5847,-1.3928295,0.21694203
5848,-1.2102281,0.29938564
5849,-1.8532288,0.28052154
5850,-1.2285382,0.22849901
5851,-1.367784,0.27302882
5852,-1.5764464,0.2460272
5853,-1.5055876,0.2213659
5854,-1.061837,0.23640616
5855,-1.4795719,0.34289435
5856,-1.6594758,0.2744631
5857,-2.1384008,0.2542392
5858,-0.9474771,0.18917729
5859,-1.5696428,0.32510978
5860,-2.0451841,0.327578
5861,-1.1695049,0.2295343
5862,-1.6360301,0.27753052
5863,-1.6027718,0.2757648
5864,-1.6820035,0.32525
5865,-1.3512053,0.22645186
5866,-1.233628,0.33996207
5867,-1.7879654,0.3183302
5868,-0.8791014,0.20244645
5869,-1.2237844,0.2150035
5870,-1.5859785,0.2948464
5871,-1.3139329,0.23663878
5872,-1.623214,0.2694899
5873,-1.705497,0.2621682
5874,-1.5582461,0.31561357
5875,-1.2443707,0.24947113
5876,-1.6209186,0.32548508
5877,-1.0961052,0.19250518
5878,-1.4012659,0.25139257
5879,-1.1538768,0.36961544
5880,-1.5466526,0.27034053
5881,0.048851296,0.27458468
5882,-1.4087247,0.24160197
5883,-1.7859712,0.31373245
5884,-1.7023503,0.34586853
5885,-1.7491666,0.42652702
5886,-1.6314597,0.29981372
5887,-1.2529961,0.20096369
5888,-1.2295732,0.23402564
5889,-2.0263298,0.40048233
5890,-1.5257187,0.25913325
5891,-1.3884102,0.26782295
5892,-1.8935444,0.30439046
5893,-1.9144984,0.3318068
5894,-1.5307705,0.28018507
5895,-2.3486204,0.46855286
5896,-1.941123,0.30428123
5897,0.3131328,0.42120337
5898,-1.743091,0.27583575
5899,-1.1598014,0.19234648
5900,-2.2221131,0.3183278
5901,-1.6513695,0.3125016
5902,-1.982511,0.3088156
5903,-1.6148262,0.22896045
5904,-1.5815914,0.2987815
5905,-1.8427768,0.32113424
5906,-1.5528102,0.27780727
5907,-1.2967814,0.29893726
5908,-1.6778479,0.30035308
5909,-1.4318216,0.26828542
5910,-1.8247712,0.28466108
5911,-1.6161423,0.2961005
5912,-2.0334747,0.30929258
5913,-1.7350928,0.3044143
5914,-1.5498892,0.30338097
5915,-1.7493342,0.30821145
5916,-1.5856777,0.32546848
5917,-1.7257876,0.2934005
5918,-1.5398489,0.29437736
5919,-1.031369,0.21878871
5920,-1.9964484,0.38768187
5921,-1.9268156,0.30528802
5922,-1.3106755,0.2977079
5923,-1.5686913,0.27743968
5924,-1.3732353,0.23568784
5925,-1.7147425,0.28842658
5926,-1.716155,0.3110667
5927,-1.6337601,0.31160027
5928,-1.8794882,0.36483595
5929,-1.5295693,0.32592282
5930,-1.1298751,0.25872165
5931,-1.4380715,0.2588664
5932,-1.6556964,0.3026366
5933,-1.5419812,0.2818565
5934,-1.2347249,0.26830554
5935,-2.3341205,0.37713125
5936,-0.9058457,0.19124183
5937,-1.9700569,0.34251142
5938,-2.1492236,0.2982175
5939,-1.4917777,0.28613156
5940,-1.4697262,0.23448458
5941,-1.2034061,0.3166495
5942,-1.5083586,0.28920442
5943,-1.1828763,0.21500239
5944,-1.6788408,0.39676398
5945,-1.7680203,0.32640976
5946,-2.0807436,0.36059934
5947,-1.8456727,0.2837021
5948,-1.752336,0.3743276
5949,-1.7200572,0.3310821
5950,-1.757525,0.3145661
5951,-1.6950126,0.2357617
5952,-1.4964778,0.2809356
5953,-1.8813806,0.32421938
5954,-1.0688933,0.24879244
5955,-1.5018203,0.35338992
5956,-1.5676335,0.2911277
5957,-1.4345345,0.26745623
5958,-1.2989993,0.3564214
5959,-1.3878521,0.22085826
5960,-1.2694316,0.21050973
5961,-1.8780391,0.2488851
5962,-1.2054608,0.23917809
5963,-1.5060768,0.22858976
5964,-2.208642,0.34541026
5965,-1.3929745,0.31214106
5966,-1.522305,0.36736634
5967,-1.614523,0.28719738
5968,-1.3921493,0.243745
5969,-1.5170708,0.28177664
5970,-1.5977051,0.28723338
5971,-1.547543,0.25412285
5972,-1.5585593,0.34121946
5973,-1.6541606,0.3180549
5974,-1.6838257,0.32890606
5975,-1.5562222,0.3154163
5976,-1.8344198,0.30143836
5977,-2.0505106,0.3765501
5978,-1.0704064,0.23429479
5979,-1.8555596,0.33217028
5980,-0.7925221,0.21426758
5981,-2.0465424,0.3978436
5982,-1.2611372,0.27266458
5983,-1.7575805,0.37462386
5984,-1.2027104,0.27401912
5985,-2.2150126,0.38238153
5986,-1.0032972,0.22268489
5987,-1.7538142,0.33145177
5988,-1.5200379,0.21791568
5989,-1.3297071,0.22091326
5990,-1.7037206,0.34020308
5991,-1.5174047,0.29968852
5992,-1.6767796,0.33275083
5993,-2.0258372,0.38295317
5994,-1.1825476,0.22708805
5995,-1.9803253,0.30752128
5996,-1.3863133,0.23814374
5997,-1.763178,0.28700876
5998,-1.4263905,0.26235926
5999,-2.1803677,0.41769403
6000,-1.590882,0.25199592
6001,-1.6072315,0.2584431
6002,-1.4316368,0.27606302
6003,-1.5264866,0.27146235
6004,-0.9840858,0.18040705
6005,-1.1285503,0.21790853
6006,-1.8514394,0.30557302
6007,-2.080633,0.3167245
6008,-1.1824652,0.22082126
6009,-1.5497143,0.26192987
6010,-1.6949707,0.32547298
6011,-1.3282063,0.22695747
6012,-1.747792,0.27310678
6013,-1.1760751,0.17687094
6014,-1.5029007,0.2943276
6015,-1.4509169,0.27496037
6016,-1.2824645,0.25239825
6017,-1.5901666,0.26367795
6018,-1.5757653,0.2836889
6019,-2.0169759,0.37130594
6020,-1.6219937,0.26695752
6021,-1.1023707,0.2641935
6022,-1.7413542,0.2858763
6023,-1.363058,0.2532012
6024,-1.6926416,0.2821306
6025,-2.1668034,0.36323237
6026,-1.8218437,0.36631498
6027,-1.8079532,0.3234149
6028,-1.8770114,0.38156942
6029,-2.0490427,0.35915107
6030,-1.3367562,0.22838931
6031,-2.0529118,0.43147144
6032,-1.799978,0.33788007
6033,-2.0870283,0.34653327
6034,-1.3829398,0.37224862
6035,-1.223916,0.22247703
6036,-1.31325,0.25151062
6037,-1.2959125,0.24002329
6038,-1.4725254,0.21942763
6039,-1.5505294,0.3535615
6040,-1.2163227,0.19181018
6041,-1.6070486,0.2877759
6042,-1.68101,0.33629656
6043,-1.0226121,0.23186903
6044,-1.6573513,0.34068748
6045,-1.9145607,0.30651993
6046,-1.4544133,0.29472384
6047,-1.8967438,0.41091397
6048,-1.3425778,0.27984163
6049,-1.3639069,0.24452083
6050,-1.5769345,0.24299091
6051,-1.4458882,0.23238157
6052,-1.8512608,0.28508082
6053,-2.0101385,0.3724461
6054,-1.7950602,0.30509898
6055,-1.2599508,0.21076895
6056,-1.0884022,0.2703554
6057,-1.8654274,0.300867
6058,-1.3668071,0.26675674
6059,-1.2873874,0.22589833
6060,-1.7357286,0.30305147
6061,-1.5541829,0.3342288
6062,-1.1641781,0.20052692
6063,-1.3109883,0.2461999
6064,-1.415984,0.26233724
6065,-2.2672203,0.41691622
6066,-1.889475,0.29736522
6067,-1.2423776,0.21449025
6068,-1.4913795,0.2157889
6069,-1.6318599,0.31917664
6070,-1.515469,0.32490817
6071,-1.7585995,0.2998573
6072,-1.553821,0.28324583
6073,-1.6753595,0.2815197
6074,-1.3709402,0.28217646
6075,-1.7193406,0.3185239
6076,-1.6071563,0.29492238
6077,-1.5684114,0.22144334
6078,-1.5110595,0.22124924
6079,-1.6416087,0.28609857
6080,-2.3193965,0.4046712
6081,0.11854141,0.43171585
6082,-1.6000661,0.30051813
6083,-1.1687438,0.22317728
6084,-1.5389061,0.22332732
6085,-1.0859748,0.19738941
6086,-1.4465494,0.26020792
6087,0.2422142,0.647
6088,-2.0715766,0.34189186
6089,-1.7095382,0.29549143
6090,-1.4689701,0.2684812
6091,-0.9914723,0.19816373
6092,-1.1659279,0.21022314
6093,-1.8571373,0.3221978
6094,-2.0888214,0.3675382
6095,-1.2981935,0.18637468
6096,-1.6513793,0.37029162
6097,-1.365993,0.27631563
6098,-1.6814744,0.31191736
6099,-1.2763996,0.24582316
6100,-1.231981,0.22433664
6101,-1.8349854,0.3238668
6102,-1.0649269,0.18826407
6103,-2.171005,0.33233213
6104,-2.1202655,0.3553876
6105,-1.8659422,0.39658502
6106,-1.4793926,0.24801598
6107,-1.6395346,0.24302584
6108,-1.6331135,0.2315698
6109,-1.6717823,0.2584346
6110,-1.9906425,0.36399984
6111,-2.3285575,0.42302904
6112,-1.421867,0.29945725
6113,-1.5391079,0.30048123
6114,-1.0517277,0.2387585
6115,-1.1728778,0.29414445
6116,-1.2842836,0.23616584
6117,-1.9873886,0.31582847
6118,-1.3728354,0.31524143
6119,-1.2293278,0.23898494
6120,-1.4942925,0.2565747
6121,-1.3805248,0.2320522
6122,-1.5798547,0.28836972
6123,-1.4032402,0.32819688
6124,-1.5656826,0.3143193
6125,-1.4529742,0.2507867
6126,-2.0017822,0.3370356
6127,-1.8807325,0.3799583
6128,-1.7450871,0.4115126
6129,-1.236203,0.25461918
6130,-1.3661392,0.26274955
6131,-1.515279,0.44878775
6132,-0.90267617,0.178333
6133,-1.8471485,0.33421293
6134,-2.1622553,0.33659583
6135,-1.2320738,0.22342831
6136,-2.0608566,0.29601768
6137,-2.200741,0.33855596
6138,-1.7030437,0.27203834
6139,-1.3110309,0.21365055
6140,-1.0723816,0.24509387
6141,-1.4403898,0.23371004
6142,-1.7867049,0.30629733
6143,-1.4705752,0.2690044
