,mean,sd
0,-1.4996125,0.24077806
1,-0.8605183,0.3045629
2,-1.5382609,0.38814777
3,-0.9601067,0.1938695
4,-1.0000211,0.22619343
5,-1.1506835,0.3212397
6,-0.73505265,0.1751106
7,-0.73062193,0.29143187
8,-1.1212609,0.2868957
9,-1.1424987,0.27166015
10,-1.518182,0.32230133
11,-1.2388724,0.35902697
12,-1.5429583,0.25815699
13,-1.064054,0.2465901
14,-0.73984027,0.22457601
15,-1.0716627,0.29435447
16,-0.77111006,0.20832558
17,-0.95924276,0.31039324
18,-0.759085,0.23889884
19,-1.3302745,0.33531663
20,-1.2362045,0.32082275
21,-0.9195533,0.23054431
22,-1.0741221,0.19439197
23,-0.8904128,0.22275913
24,-1.9281394,0.34755135
25,-1.2398095,0.2944444
26,-1.1880139,0.3709716
27,-1.525018,0.3506561
28,-0.91577965,0.26423225
29,-1.1362252,0.23121674
30,-1.1360186,0.22022228
31,-0.7843402,0.21837415
32,-1.5043103,0.31142616
33,-0.8322185,0.3076919
34,-0.8182733,0.2586133
35,-1.150507,0.29909956
36,-1.312922,0.23014699
37,-1.1269056,0.23728335
38,-0.91010666,0.2877303
39,-0.6263799,0.16213827
40,-1.1827977,0.22787304
41,-1.079229,0.29854175
42,-1.4580293,0.31568876
43,-0.65689826,0.24814606
44,-1.1833168,0.25759408
45,-1.3645369,0.30495188
46,-1.0251884,0.2841179
47,-1.5167267,0.32693854
48,-1.5942674,0.36667305
49,-1.5972896,0.3799681
50,-1.2209016,0.2905989
51,-0.9664195,0.22533634
52,-0.5916562,0.16017175
53,-1.372546,0.3653762
54,-1.2809398,0.34066036
55,-1.5807664,0.35240474
56,-0.83323914,0.26497725
57,-1.1126282,0.29367068
58,-0.78790426,0.18957251
59,-1.2626386,0.29048398
60,-0.9578051,0.23723486
61,-1.1469592,0.24391288
62,-1.292556,0.30879167
63,-1.2488327,0.28156626
64,-1.2160058,0.26338783
65,-1.0533689,0.28627867
66,-1.16835,0.3011744
67,-1.1614634,0.30660436
68,-1.0425807,0.24088418
69,-1.1141412,0.33367237
70,-1.0978365,0.22716276
71,-1.5076147,0.36289132
72,-0.7977246,0.29037982
73,-1.3511909,0.29174304
74,-1.5457158,0.27370203
75,-1.1904923,0.2095705
76,-1.1123329,0.21204375
77,-1.2995113,0.2841028
78,-1.2538421,0.2968216
79,-1.2371967,0.42720762
80,-1.0211395,0.22171246
81,-1.487182,0.38708287
82,-0.8948137,0.28757155
83,-1.186464,0.29544824
84,-1.5417297,0.3827078
85,-1.7416751,0.27152634
86,-1.2871077,0.2691996
87,-1.6833342,0.33068043
88,-1.5567764,0.35459
89,-1.2961727,0.3015123
90,-1.3802716,0.32697552
91,-0.87387824,0.15910411
92,-1.499053,0.38394588
93,-1.0071573,0.20714349
94,-1.3481506,0.33998406
95,-1.3348384,0.34523377
96,-1.0651551,0.3039621
97,-1.367371,0.3227491
98,-0.87006724,0.29781142
99,-1.3827592,0.29710472
100,-1.4247807,0.34592196
101,-1.0972762,0.25538495
102,-0.85900384,0.3377972
103,-0.82633483,0.22541486
104,-1.2792882,0.32117322
105,-1.138986,0.27098984
106,-0.78692156,0.25595444
107,-1.1301657,0.30618417
108,-1.0181812,0.21102877
109,-0.9237452,0.3211479
110,-1.5692798,0.31562468
111,-1.4592725,0.39193043
112,0.09437017,0.29153007
113,-1.499704,0.26945373
114,-1.387311,0.3691528
115,-1.2284036,0.34674168
116,-0.8754638,0.2538319
117,-1.5301698,0.36797097
118,-1.2136897,0.2628022
119,-1.4199917,0.33484378
120,-1.4359938,0.24096152
121,-1.3944125,0.33891565
122,-1.2510593,0.309788
123,-0.8590047,0.2723993
124,-1.2017438,0.28792405
125,-0.25095272,0.7379945
126,-1.311541,0.32028577
127,-1.2127221,0.3004651
128,-0.71116453,0.23240854
129,-1.4873803,0.30137584
130,-1.055992,0.29901683
131,-1.3084209,0.25866827
132,-1.4398041,0.30503726
133,-1.1221399,0.17977646
134,-1.3165699,0.35802343
135,-0.8742648,0.24922337
136,-1.0714173,0.28700805
137,-1.445487,0.3094192
138,-0.8686518,0.20329651
139,-1.1290973,0.25405502
140,-1.6243386,0.3413982
141,-0.754152,0.23714086
142,-0.7651299,0.1673585
143,-0.98777604,0.34877488
144,-0.818656,0.18084599
145,-1.2327662,0.31688535
146,-1.5733687,0.31548798
147,-1.1772207,0.3337264
148,-0.82061285,0.24673504
149,-1.6388919,0.46433142
150,-1.1988492,0.3292767
151,-0.90465516,0.24077246
152,-0.9727562,0.2831816
153,-1.195077,0.30176708
154,-0.99105173,0.2407225
155,-0.97300303,0.30718997
156,-1.1154636,0.27618584
157,-0.90306544,0.29316556
158,-1.3869394,0.29455566
159,-1.5828792,0.29865515
160,-1.2296646,0.30008918
161,-1.1379212,0.29503515
162,-1.1014575,0.18622252
163,-0.93507624,0.25217184
164,-1.0474505,0.31088465
165,-0.8945418,0.19840014
166,-1.2572309,0.24627574
167,-1.5817982,0.3106466
168,-1.3598037,0.29622275
169,-1.2164471,0.2704037
170,-1.0345038,0.24793173
171,-1.2524519,0.24904692
172,-1.101754,0.27567133
173,-0.92959565,0.2026636
174,-1.0630226,0.326715
175,-1.4506652,0.28469586
176,-1.0696232,0.22188605
177,-1.1740236,0.2875873
178,-0.95505387,0.23661748
179,-1.1049724,0.3257807
180,-1.5118886,0.29310745
181,-0.5101235,0.13374364
182,-1.3094913,0.3138547
183,0.8633948,0.730338
184,-0.9348716,0.22553262
185,-1.0836784,0.19968298
186,-0.51106566,0.1776151
187,-1.2320976,0.31793714
188,-1.0363935,0.32717514
189,-0.96641654,0.23018454
190,-0.7018373,0.27067733
191,-1.0376112,0.22463265
192,-1.3793283,0.25744104
193,-1.1065366,0.28351125
194,-1.0434387,0.25444788
195,-0.63964075,0.2160541
196,-1.002805,0.21425094
197,-1.6839159,0.2829573
198,-0.88690865,0.19111189
199,-1.4218212,0.30232435
200,-1.4437779,0.2963926
201,-1.2750245,0.2776341
202,-0.7488016,0.18517354
203,-1.4683423,0.39855763
204,-0.5759351,0.19875874
205,-1.0780604,0.21523726
206,-1.1775895,0.3679615
207,-1.3899533,0.4360676
208,-0.92344016,0.27761382
209,-1.4294951,0.35895512
210,-0.88599753,0.29388517
211,-1.626495,0.27609137
212,-1.1370353,0.2704989
213,-0.8331813,0.21864764
214,-1.3577577,0.35400724
215,-1.1208919,0.2658268
216,-0.982084,0.27222678
217,-0.8554795,0.2270654
218,-1.4012396,0.31781882
219,-0.8661452,0.21437311
220,-1.244933,0.27419162
221,-1.2909362,0.3367996
222,-0.9934295,0.24772076
223,-1.3448088,0.23709695
224,-1.26983,0.30537304
225,-1.2184025,0.36137816
226,-0.390266,0.12429683
227,-1.2554494,0.35093808
228,-1.6170056,0.4377293
229,-1.25914,0.25094026
230,-0.94971764,0.25963172
231,-1.5508602,0.23367408
232,-1.2372175,0.31416017
233,-1.43247,0.3672231
234,-0.7950614,0.2590197
235,-1.5055907,0.4449271
236,-0.7675814,0.27685443
237,-1.4691539,0.32453236
238,-1.2503129,0.32885775
239,-0.8262157,0.26412162
240,-1.0369861,0.31898394
241,-0.8455866,0.24649659
242,-0.94810015,0.26424274
243,-1.3020015,0.38267446
244,-1.2755123,0.27911377
245,-1.3587756,0.36470798
246,-1.5327338,0.34289554
247,-1.3052192,0.2682742
248,-1.2077957,0.27757335
249,-1.0923325,0.2825212
250,-1.1366222,0.4172931
251,-1.3071656,0.29077706
252,-1.4100975,0.3359498
253,-0.90364295,0.21981153
254,-0.9663202,0.292939
255,-1.2898133,0.33660945
256,-1.8198451,0.3947654
257,-1.4510183,0.31033087
258,-0.89416635,0.24310626
259,-1.1544499,0.32576808
260,-0.88630396,0.284648
261,-1.2075409,0.31829426
262,-1.0338261,0.29223323
263,-1.3431218,0.32184052
264,-0.8610932,0.2159658
265,-0.8181523,0.16565403
266,-1.1136386,0.27270177
267,-1.5762864,0.26705083
268,-1.0485985,0.3262601
269,-1.2154697,0.21402934
270,-1.3003131,0.34209082
271,-1.2909408,0.33396336
272,-1.1310854,0.27765602
273,-0.7538133,0.18764071
274,-1.0938222,0.2879185
275,-0.9915709,0.19593014
276,-1.7615647,0.27960864
277,-1.0848001,0.21982843
278,-1.133408,0.264397
279,-1.2031165,0.34631023
280,-0.7002,0.19048196
281,-1.1027235,0.2374223
282,-1.5925711,0.42584574
283,-1.0167593,0.32320708
284,-1.5940154,0.28124148
285,-1.0923474,0.25668612
286,-1.0914435,0.3112814
287,-1.258765,0.27749217
288,-1.1343685,0.23951097
289,-0.8083793,0.19044656
290,-1.4573752,0.33181483
291,-1.4880438,0.39300928
292,-1.2363496,0.26695728
293,-1.2058446,0.26082432
294,-1.0428952,0.19696729
295,-1.1067886,0.22805569
296,-1.359901,0.31394896
297,-1.0478066,0.29450664
298,-1.3481243,0.2720494
299,-0.93345094,0.21435606
300,-1.3554024,0.30632553
301,-0.9420078,0.22019531
302,-1.047752,0.31383368
303,-0.868955,0.21489765
304,-0.75606287,0.21928422
305,-0.8519261,0.22327414
306,-1.3926141,0.34059417
307,-1.164772,0.27261877
308,-1.564268,0.3277971
309,-1.4123108,0.32187855
310,-1.5342202,0.43430594
311,-1.503994,0.46707177
312,-1.8931121,0.33223382
313,-1.3513544,0.28432065
314,-1.3546226,0.31221375
315,-0.6511718,0.14346421
316,-1.3801378,0.2618772
317,-0.98913956,0.2759051
318,-0.9013015,0.22800508
319,-1.2415406,0.25706252
320,-1.0205781,0.23462123
321,-1.6559378,0.3900668
322,-0.9001465,0.1858424
323,-0.7672937,0.21174592
324,-1.5922415,0.38854003
325,-1.3755568,0.28744155
326,-1.0747548,0.29827031
327,-1.6783284,0.3381023
328,-1.8313162,0.37046343
329,-1.930662,0.29972443
330,-1.0212764,0.20635687
331,-1.3085927,0.35864165
332,-1.0368955,0.23114364
333,-1.2702146,0.260185
334,-0.85703516,0.24496256
335,-0.9687282,0.24908592
336,-0.6840593,0.21573874
337,-0.8130371,0.21475834
338,-1.0140988,0.29148352
339,-0.79164815,0.25008556
340,-1.4910682,0.25186446
341,-1.1626866,0.25749213
342,-1.7121869,0.24582693
343,-1.0924847,0.23590778
344,-1.5454624,0.32937744
345,-0.95530266,0.219462
346,-0.84835917,0.24704543
347,-1.1291411,0.24957779
348,-1.5597372,0.35947862
349,0.3176241,0.799908
350,-0.90690506,0.34287876
351,-1.1300391,0.27077654
352,-0.90448934,0.20970753
353,-1.4394073,0.35040984
354,-0.79095787,0.20610762
355,-1.2369406,0.2222505
356,-2.0397055,0.305691
357,-0.9785737,0.23597671
358,-0.9611245,0.21683596
359,-1.0971631,0.27100274
360,-1.0405972,0.2248602
361,-1.1812296,0.26652706
362,-1.0120168,0.31949666
363,-1.3100717,0.35076824
364,-1.2003442,0.33895156
365,-0.9732653,0.18393433
366,-0.8061302,0.28977948
367,-1.2680156,0.23103362
368,-1.425638,0.28844038
369,-1.1957477,0.2560431
370,-1.0975223,0.30682924
371,-1.2462955,0.3097729
372,-1.0257134,0.21539283
373,-0.8781637,0.19813019
374,-1.1291094,0.3029478
375,-0.6965651,0.19904959
376,-0.8046577,0.24878863
377,-1.5408779,0.31360552
378,-0.63633204,0.23692022
379,-0.94490373,0.23276472
380,-0.9259747,0.19752103
381,-0.66002595,0.28004262
382,-0.9624985,0.21957012
383,-1.4102457,0.33096316
384,-1.0067947,0.32024148
385,-1.0081285,0.26099908
386,-1.0262995,0.23036584
387,-1.2834111,0.40213817
388,-1.3298182,0.31661394
389,-1.1423562,0.27428663
390,-1.3754464,0.3524449
391,-1.1625044,0.25248742
392,-1.6283427,0.31519702
393,-1.4033101,0.33226663
394,-1.2816346,0.25430423
395,-1.1945955,0.3361664
396,-1.7712575,0.31002963
397,-1.237631,0.30066416
398,-0.92801744,0.2688679
399,-1.5208586,0.31212702
400,-0.92587227,0.25399432
401,-1.213264,0.25207567
402,0.29980716,1.0031626
403,0.013024902,0.6839554
404,-1.2924396,0.36395317
405,-1.1284572,0.3039243
406,-1.1269932,0.27585703
407,-1.4617583,0.26024306
408,-1.199887,0.26231042
409,-1.4236003,0.30925092
410,-1.7233964,0.36571196
411,-0.7439774,0.22164378
412,-1.2837796,0.22956724
413,-1.3960003,0.30251512
414,-1.4708498,0.35365376
415,-1.2136997,0.29265967
416,-0.81786835,0.1834493
417,-0.6197582,0.15610111
418,-1.2752919,0.2839282
419,-1.0835991,0.34617054
420,-1.3872756,0.2853509
421,-1.276371,0.43913105
422,-1.1387513,0.32188687
423,-0.89579237,0.1823816
424,-1.6462673,0.29659742
425,-1.1964209,0.35905352
426,-1.6579013,0.30117202
427,-0.65488684,0.2087442
428,-0.9589568,0.2811834
429,-1.0760083,0.2589795
430,-1.0310471,0.2859371
431,-0.9609896,0.23930763
432,-0.7662411,0.24431053
433,-1.2517704,0.28680083
434,-0.96524084,0.21671905
435,-0.7793085,0.26686513
436,-1.0880479,0.2228236
437,-1.7990196,0.33479163
438,-1.3463229,0.31304044
439,-1.168589,0.26484716
440,-0.78660876,0.19309774
441,-1.2455533,0.2927385
442,-0.7781571,0.23840949
443,-1.3445972,0.33395636
444,-0.91914904,0.26374918
445,-1.4442326,0.35583773
446,-1.0606577,0.19872306
447,-1.4910332,0.26836434
448,-1.1468394,0.36810827
449,-1.0152657,0.22744824
450,-1.0912824,0.22273837
451,-1.1666476,0.305339
452,-1.5412619,0.4083146
453,-0.9689393,0.1894309
454,-0.8634123,0.3026364
455,-1.4870738,0.39265192
456,-1.134169,0.21404855
457,-0.844837,0.20119704
458,-1.4864795,0.31643313
459,-1.2312547,0.26573274
460,-1.1314867,0.27860758
461,-0.9453511,0.20633924
462,-1.0706639,0.2521757
463,-1.0432075,0.32609516
464,-1.1641481,0.2554063
465,-1.3286573,0.3082518
466,-1.0984337,0.18319906
467,-0.96517175,0.25435066
468,-1.1896305,0.238528
469,-1.3067688,0.26469287
470,-1.4950343,0.30234265
471,0.106359795,0.9479875
472,-0.75046873,0.19409868
473,-0.9160881,0.23167571
474,-1.3708618,0.3128366
475,-1.6235386,0.37439495
476,-0.7146712,0.2256002
477,-1.4896792,0.31312156
478,-1.1485972,0.2717585
479,-1.3092195,0.23416412
480,-1.5893768,0.39692885
481,-0.76228315,0.20584491
482,-0.96675307,0.21075892
483,-1.2360029,0.30547246
484,-1.2800907,0.30118755
485,-1.3503098,0.28717044
486,-1.7036015,0.32727188
487,-0.9612492,0.27878377
488,-1.0772756,0.26888764
489,-1.4072425,0.35420695
490,-1.2985198,0.29895902
491,-1.2490427,0.21841857
492,-1.2544816,0.32436782
493,-1.5138227,0.37734547
494,-1.1578792,0.2790612
495,-0.93205047,0.23297633
496,-1.1400654,0.32740065
497,-0.718259,0.17365475
498,-0.97173357,0.2905685
499,-1.0723789,0.29933774
500,-1.1742053,0.38795882
501,-1.6919147,0.3159986
502,-0.628158,0.22212511
503,-1.5589333,0.26330927
504,-1.2048287,0.24817623
505,-1.8797241,0.32025704
506,-1.1572087,0.33376056
507,-1.2875503,0.30529222
508,-1.1100781,0.33690545
509,-1.1152622,0.21823922
510,-1.6538131,0.30342376
511,-1.3070569,0.22327426
512,-0.6812822,0.21162939
513,-1.279444,0.3602676
514,-1.0810647,0.26014903
515,-1.6857991,0.3728539
516,-1.1359379,0.2508193
517,-0.831102,0.18669887
518,-0.99553823,0.2934799
519,-1.3707994,0.31081945
520,-0.8932418,0.22974873
521,-1.6754483,1.1014342
522,-0.94224584,0.26625887
523,-1.0596311,0.29785803
524,-1.2760551,0.32302174
525,-0.83676016,0.8803567
526,-1.1000223,0.41644892
527,-1.007042,0.23397559
528,-1.1032509,0.26298434
529,-0.7883526,0.2947499
530,-0.9780884,0.29442748
531,-1.1523384,0.3022411
532,-1.3688533,0.28441
533,-0.765494,0.24404058
534,-1.0924559,0.2747221
535,-1.1689512,0.284509
536,-1.0676916,0.33376658
537,-1.3641967,0.29396462
538,-1.0916039,0.24654312
539,-0.9667097,0.21303292
540,-1.1284407,0.26182383
541,-1.0283663,0.2945737
542,-1.4614128,0.4298457
543,-1.0781628,0.26462525
544,-1.0776755,0.27976823
545,-0.95739096,0.26274702
546,-1.8102396,0.38248226
547,-1.0540389,0.33987015
548,-1.5391697,0.35526487
549,-1.1149662,0.20208909
550,-1.4793108,0.33948103
551,-1.1311555,0.29295433
552,-0.88185656,0.2663305
553,-0.81873894,0.19099519
554,-1.7223098,0.23067695
555,-1.521991,0.4311916
556,-1.0228963,0.3325848
557,-1.4578744,0.31473672
558,-1.4172598,0.21175875
559,-1.1271156,0.36500108
560,-0.8438669,0.21615265
561,-1.2851095,0.36745647
562,-1.055895,0.22437993
563,-0.17875724,0.54268545
564,-0.9700786,0.23440844
565,-1.6039386,0.37485093
566,-1.4484295,0.3342686
567,-1.4027002,0.35195875
568,-0.780881,0.25703475
569,-0.6852908,0.28223205
570,-0.5745756,0.17209278
571,-1.0479996,0.22117123
572,-1.3815154,0.24644293
573,-1.2662835,0.22578867
574,-0.9755481,0.25436285
575,-0.79963577,0.22556998
576,-1.0765657,0.29651526
577,-1.8349249,0.37078395
578,-1.1936097,0.22518283
579,-1.6105566,0.3007046
580,-0.56922525,0.18930261
581,-0.6379898,0.17097655
582,-1.4395766,0.28380257
583,-1.6762673,0.29389676
584,-1.4645442,0.3553653
585,-1.4245329,0.28574497
586,-0.7508438,0.20577075
587,-0.9703071,0.29977748
588,-0.76483124,0.1953518
589,-0.7592081,0.16534264
590,-1.6289072,0.2837397
591,-1.5651338,0.31614035
592,-1.0865812,0.2914438
593,-0.30708623,0.72560704
594,-1.0598131,0.25796482
595,-1.3772076,0.3181949
596,-0.9156161,0.1804491
597,-0.8205442,0.21741417
598,-1.4168857,0.32245904
599,-0.8160713,0.29815632
600,-1.115951,0.28018034
601,-1.3919959,0.35779613
602,-0.9432708,0.28497916
603,-0.8704129,0.31829673
604,-1.4137038,0.43033162
605,-1.096278,0.30911568
606,-1.0474968,0.32355982
607,-1.2406214,0.35771543
608,-1.1571482,0.23042473
609,-1.3969957,0.32086807
610,-0.81757265,0.16488822
611,-1.1550856,0.27599826
612,-0.7193949,0.22677082
613,-1.0472457,0.26202744
614,-0.833016,0.24481508
615,-0.89882517,0.1687173
616,-1.1654323,0.20285666
617,-1.4419339,0.34151396
618,-1.1712664,0.25756514
619,-1.0335072,0.3069112
620,-0.8834183,0.21798989
621,-0.9833542,0.25646198
622,-0.9755747,0.32810774
623,-1.3721755,0.25514835
624,-1.2397599,0.23263761
625,-1.4090103,0.30718678
626,-1.1427312,0.30787694
627,-1.583361,0.34203723
628,-1.506854,0.30700788
629,-0.8705873,0.17739996
630,-1.4631494,0.34721798
631,-1.1624076,0.35047746
632,-1.0121996,0.3440182
633,-0.8286963,0.22812018
634,-1.0191914,0.24733113
635,-1.1984133,0.26628554
636,-0.9890575,0.24064422
637,-1.019019,0.26496872
638,-1.4733974,0.27911946
639,-1.0098876,0.2322012
640,-0.8617635,0.23469059
641,-1.0730234,0.27324322
642,-0.91986686,0.258553
643,-1.4708507,0.34991938
644,-0.9356243,0.22362109
645,-1.0468489,0.29764614
646,-1.083106,0.27469918
647,-1.7511176,0.36057916
648,-1.4758255,0.2955422
649,-0.79423714,0.22725835
650,-1.329786,0.3973337
651,-1.4815528,0.31279254
652,-1.204289,0.27628148
653,-1.2148265,0.48358154
654,-1.703854,0.39721242
655,-0.7822058,0.19382569
656,-1.1322374,0.2268089
657,-1.2507147,0.3452301
658,-0.9918208,0.17677985
659,-1.0730639,0.28888044
660,-0.8870565,0.23096694
661,-1.4501214,0.36804175
662,-1.2120409,0.31311437
663,-0.9206536,0.2852703
664,-1.2040566,0.28717008
665,-0.9873839,0.28716075
666,-0.98255324,0.24567816
667,-1.4649597,0.41719756
668,-1.3217392,0.2716169
669,-0.8572371,0.22679043
670,-1.6002367,0.32699183
671,0.6428846,1.0346977
672,-1.3657337,0.31463546
673,-1.4659446,0.33552727
674,-0.87996745,0.2477834
675,-1.317342,0.30615294
676,-0.9281211,0.26415345
677,-1.1172452,0.24428882
678,-1.393711,0.31307885
679,-1.5042534,0.32403874
680,-1.0635183,0.2687254
681,-1.2011166,0.24389037
682,-1.317787,0.30390397
683,-1.4358772,0.3237839
684,-1.0785995,0.2581967
685,-1.1978947,0.30598503
686,-1.3717017,0.3048214
687,-1.113092,0.2679831
688,-0.8646996,0.2391805
689,-1.1168666,0.35042277
690,-0.889871,0.24530813
691,-1.9632705,0.30658752
692,-1.2509407,0.31262013
693,-1.6126397,0.3676263
694,-0.85730606,0.23217423
695,-0.8925092,0.2430227
696,-1.2843686,0.35111293
697,-1.2278687,0.30507103
698,-0.7874191,0.30826622
699,-0.90254354,0.17596512
700,-0.74986434,0.27150196
701,-1.4189373,0.28204197
702,-0.92515945,0.22281556
703,-0.91807413,0.27741283
704,-0.9288161,0.26238313
705,-1.0528016,0.3277147
706,-1.2397718,0.29200438
707,-0.797468,0.18347992
708,-0.88457185,0.17851472
709,-1.3745128,0.31554145
710,-1.0314697,0.26374987
711,-1.0624895,0.27106723
712,-0.9272616,0.2548083
713,-1.355471,0.311727
714,-1.2643518,0.3022464
715,-0.97927636,0.2164225
716,-1.1331757,0.23918657
717,-1.5908196,0.321415
718,-1.3382978,0.27739334
719,-1.4736537,0.31911564
720,-1.1455497,0.30410987
721,-0.81682944,0.24715716
722,-1.5053468,0.3301233
723,-1.090751,0.24697773
724,-0.99067134,0.2512484
725,-1.2689958,0.31242737
726,-0.9842193,0.26371494
727,-0.789234,0.25293145
728,-1.4532733,0.3700991
729,-1.455912,0.32735997
730,-1.0259995,0.27862278
731,-1.0889782,0.3053988
732,-0.95110303,0.29581097
733,-1.0280633,0.2814378
734,-1.4978963,0.32766095
735,-1.2997566,0.33806375
736,-1.7545208,0.35187522
737,-1.1158032,0.33493385
738,-0.9944606,0.24310924
739,-1.1030004,0.28309762
740,-1.3901243,0.32010603
741,-1.2655637,0.28804493
742,-1.4794737,0.27508822
743,-1.2457966,0.3349927
744,-0.87289816,0.2812221
745,-1.3565767,0.30321804
746,-1.1215773,0.2230252
747,-1.3566617,0.3110842
748,-1.7902484,0.35859755
749,0.061714668,0.74372864
750,-0.9527861,0.26635876
751,-1.2421985,0.2496178
752,-1.5311973,0.3407372
753,-0.9919739,0.28041106
754,-0.9224006,0.19082229
755,-1.2037945,0.24655658
756,-1.0043734,0.20740847
757,-1.0979066,0.27229023
758,-0.92849916,0.2538645
759,-1.6040386,0.3858764
760,-1.4095421,0.33898857
761,-1.5955777,0.40834597
762,-0.9493917,0.34521976
763,-1.1297202,0.27214473
764,-0.9163111,0.22585827
765,-1.5049255,0.28087634
766,-1.0525533,0.22288837
767,-1.1290113,0.2446519
768,-0.9017922,0.29668075
769,-1.0649047,0.28412935
770,-1.0380127,0.28892455
771,-1.1745464,0.26219663
772,-0.9340112,0.3496955
773,-1.1773745,0.32610872
774,-0.39712474,0.51589245
775,-1.0876468,0.28374076
776,-1.14997,0.26862228
777,-1.2919116,0.29077968
778,-1.412865,0.29395905
779,-1.0374407,0.3414537
780,-1.0377808,0.31303808
781,-1.0864096,0.24355184
782,-0.9728538,0.21935414
783,-1.4470587,0.29875773
784,-0.5587812,0.17245303
785,-1.678137,0.36389711
786,-0.7128828,0.24942051
787,-0.9319872,0.18992378
788,-1.2723627,0.38929704
789,-0.895992,0.22542952
790,-1.3512512,0.32132986
791,-1.2153862,0.29382232
792,-1.5740639,0.36761197
793,-0.93834376,0.2547728
794,-0.99432313,0.22440335
795,-1.7357365,0.438461
796,-0.8920951,0.33475536
797,-1.0004668,0.20452745
798,-0.7077047,0.21918641
799,-1.4240607,0.28585592
800,-1.5497426,0.3179936
801,-1.1673132,0.23985054
802,-1.0652828,0.23733632
803,-1.0308379,0.23323885
804,-1.0158695,0.27980244
805,-1.2868719,0.2553378
806,-1.3176849,0.29357955
807,-1.3415151,0.33176002
808,-1.1797252,0.3331153
809,-1.3589569,0.29399
810,-0.9004871,0.28766072
811,-1.6440675,0.37637958
812,-1.1258141,0.28402683
813,-2.275899,0.35404083
814,-0.66357946,0.2360705
815,-1.2318218,0.30519882
816,-0.74070895,0.2172433
817,-1.1702543,0.23788735
818,-1.4225773,0.380262
819,-1.3995177,0.21973221
820,-1.8359342,0.28727558
821,-0.8358566,0.16596723
822,-1.0096503,0.2687353
823,-1.3568928,0.282448
824,-1.1694318,0.23278417
825,-1.3977346,0.31503308
826,-1.3828412,0.35971048
827,-0.98095113,0.1900269
828,-1.0135962,0.17192803
829,-1.428804,0.35994583
830,-0.75547034,0.18606453
831,-1.7710242,0.33150947
832,-1.7131491,0.3230133
833,-0.8181285,0.24917501
834,-0.82490385,0.26207352
835,-1.3263203,0.2853989
836,-0.98521423,0.19989039
837,-0.19112067,0.5422088
838,-0.8232706,0.28217998
839,-1.0604768,0.3523785
840,-1.0142139,0.34992683
841,-1.3919349,0.4095392
842,-1.2500823,0.2209985
843,-1.2370028,0.3199686
844,-0.8312263,0.26081857
845,-1.22173,0.2640402
846,-1.8516307,0.4328253
847,-1.1293015,0.30250648
848,-1.2625076,0.31031775
849,-2.1817973,0.2978269
850,-1.4293414,0.35285378
851,-0.8390181,0.20473634
852,-0.8941811,0.29025513
853,-1.3337874,0.30204684
854,-0.74272895,0.23533702
855,-1.421167,0.29536217
856,-1.4056569,0.4227633
857,-1.5378102,0.32485422
858,-1.2440106,0.30588496
859,-0.8153875,0.3002338
860,-1.1547215,0.29247907
861,-1.2101736,0.24977644
862,-0.90652895,0.26880336
863,-1.5200082,0.3004948
864,-1.2136035,0.2920563
865,-1.2477286,0.22924806
866,-1.1376945,0.25072512
867,-1.7404786,0.32223764
868,-1.252954,0.2641333
869,-1.6229149,0.35702363
870,-1.1908144,0.23099245
871,-1.2231785,0.31492826
872,-1.1385685,0.23335096
873,-0.9792524,0.27978927
874,-1.3780934,0.27987334
875,-0.67529863,0.22685646
876,-1.1828114,0.32871008
877,-1.4625827,0.31751814
878,-1.0523093,0.2415313
879,-1.2591734,0.22793691
880,-1.0009571,0.2842867
881,-1.3898221,0.23246104
882,-1.0850427,0.28102696
883,-1.0847332,0.2616875
884,-1.2624388,0.27848032
885,-1.950932,0.38254228
886,-0.81255615,0.25473407
887,-1.6966013,0.44070387
888,-1.0754311,0.29699782
889,-1.2530112,0.27992573
890,-1.2390325,0.25617224
891,-1.407112,0.33276826
892,-1.2104425,0.24483731
893,-1.3741368,0.30040267
894,-1.5568306,0.2962938
895,-1.411978,0.3007047
896,-1.6654074,0.34815198
897,-1.1568938,0.28439233
898,-0.9093233,0.18496342
899,-1.4506868,0.31366333
900,-1.4993175,0.37630937
901,-1.2280635,0.25984558
902,-1.2578633,0.24476705
903,-1.3452986,0.43741208
904,-1.1577659,0.2612449
905,-1.1765962,0.29086393
906,-1.3861586,0.3814678
907,-1.0470656,0.3005622
908,-1.2954701,0.30191302
909,-1.365945,0.21139741
910,-0.8685853,0.28225362
911,-1.1254655,0.21946158
912,-1.2819531,0.24023119
913,-1.6427064,0.38022476
914,-1.2784818,0.30721363
915,-1.5384754,0.30445355
916,-1.0540595,0.22417523
917,-1.5105872,0.33175984
918,-1.2416635,0.304404
919,-1.1300383,0.2924332
920,-0.8644192,0.22302039
921,-1.3187039,0.25944448
922,-1.3322324,0.27904606
923,-1.4091439,0.29337105
924,-1.1636006,0.31632346
925,-0.7235274,0.22143307
926,-1.0983275,0.26423427
927,-0.9122601,0.25834957
928,-0.8084197,0.234788
929,-1.4371214,0.3138719
930,-1.3329967,0.2733657
931,-1.6349179,0.37098488
932,-1.1926364,0.3056305
933,-0.9618963,0.24870154
934,-1.309755,0.2976613
935,-0.88747406,0.23789375
936,-1.4337125,0.24338757
937,-1.2536198,0.25595585
938,-0.96150315,0.21457842
939,-1.1261793,0.21377946
940,-0.9187477,0.24429654
941,-1.2221191,0.30716917
942,-0.9794707,0.25421986
943,-0.9925433,0.27329722
944,-0.8844526,0.28540608
945,-1.1817375,0.21425904
946,-1.3417792,0.465399
947,-0.96191454,0.26414698
948,-0.9230671,0.34549922
949,-0.90144515,0.21739316
950,-1.4759965,0.2689126
951,-0.9501989,0.22962369
952,-1.1398948,0.2372308
953,-1.5604428,0.28716996
954,-1.1891191,0.3548037
955,-0.98658895,0.25386825
956,-0.94351506,0.29028505
957,-1.4487166,0.29222107
958,-1.1572026,0.29246566
959,-1.2065746,0.32085028
960,-1.3102198,0.30480254
961,-1.4291698,0.3544924
962,-0.7831353,0.20597914
963,-1.2570347,0.320845
964,-1.3344862,0.2546301
965,-1.3991466,0.23811242
966,-1.0839177,0.2977979
967,-1.2068708,0.24288028
968,-0.7589804,0.26238933
969,-0.6357972,0.19796866
970,-1.179055,0.2082541
971,-1.5488621,0.28295085
972,-1.4126868,0.34651664
973,-1.1524581,0.27951083
974,-1.5109667,0.3883765
975,-1.2517228,0.273228
976,-1.0588967,0.23847036
977,-1.2190808,0.26475415
978,-1.4826802,0.30336145
979,-1.3128288,0.2933907
980,-1.0414349,0.3037348
981,-0.9805992,0.21450047
982,-1.2106293,0.2457838
983,-1.2547818,0.2867606
984,-1.1985126,0.25577366
985,-1.0312853,0.27142876
986,-1.0943458,0.24582256
987,-1.0298145,0.227917
988,-1.3844837,0.3908974
989,-1.0894586,0.30498102
990,-1.1939536,0.3279752
991,-1.2820554,0.33973882
992,-1.1782596,0.39382625
993,-1.1229347,0.2794702
994,-1.1620404,0.24021679
995,-0.78727806,0.23184575
996,-0.33200055,0.66339636
997,-0.9624155,0.18747045
998,-0.8322631,0.22645576
999,-1.1532013,0.24626091
1000,-0.7298003,0.22697476
1001,-0.8774055,0.18979286
1002,-1.4596256,0.35121784
1003,-1.3427473,0.34326068
1004,-1.182861,0.25942612
1005,-1.4386085,0.29068437
1006,-1.6692418,0.2924537
1007,-1.3165158,0.2914615
1008,-0.97490805,0.22552897
1009,-1.510061,0.3207937
1010,-1.0889589,0.22517858
1011,-1.2895638,0.2836137
1012,-1.2477393,0.24073105
1013,-1.2007521,0.31422743
1014,-1.3787402,0.33742276
1015,-0.9024256,0.25323236
1016,-1.4132357,0.34011918
1017,-1.4192282,0.28893545
1018,-1.1379712,0.23300312
1019,-1.3322214,0.2969986
1020,-1.0982362,0.2389798
1021,-1.3410379,0.27190578
1022,-1.5863191,0.26065478
1023,-1.2818642,0.3382016
1024,-1.4595348,0.22751766
1025,-1.0631703,0.2394234
1026,-1.2375582,0.30221155
1027,-1.407026,0.36602882
1028,-1.091025,0.23522559
1029,-1.1090854,0.30687696
1030,-1.6861339,0.34148133
1031,-1.024129,0.30353668
1032,-1.2595875,0.27338696
1033,-0.8477979,0.2076137
1034,-0.7790225,0.27195817
1035,-1.3686202,0.25542432
1036,-1.2262477,0.2512349
1037,-0.8519666,0.23852873
1038,-1.1934433,0.2572218
1039,-0.6050227,0.19096826
1040,-0.8520517,0.19375333
1041,-1.7226721,0.30209547
1042,-1.5066655,0.337617
1043,-1.3478038,0.26154876
1044,-1.2192739,0.29957774
1045,-1.2130591,0.39552155
1046,-1.0844632,0.28721648
1047,-1.5321596,0.30824515
1048,-1.571544,0.3562541
1049,-1.6212914,0.29955134
1050,-1.0853978,0.23654383
1051,-0.86718863,0.2046558
1052,-1.0153376,0.24302666
1053,-0.86373556,0.25062835
1054,-1.3886838,0.33733696
1055,-1.2457194,0.24266775
1056,-1.4744234,0.31830785
1057,-0.8614666,0.19573136
1058,-0.5415566,0.16266187
1059,-1.7140797,0.43919614
1060,-0.9098821,0.25549385
1061,-1.4861972,0.33303487
1062,-1.2144024,0.31269667
1063,-1.3894316,0.30500457
1064,-1.2231227,0.25586298
1065,-1.4378074,0.28789198
1066,-0.96393156,0.2526732
1067,-0.6864722,0.23401637
1068,-1.2702187,0.33869812
1069,-1.0304406,0.2091324
1070,-1.2296373,0.3514936
1071,-1.0961645,0.17219326
1072,-1.3785491,0.40344942
1073,-1.3268497,0.26348507
1074,-1.2515626,0.24044281
1075,-1.3456999,0.33709228
1076,-0.8591666,0.21537255
1077,-1.74177,0.37158427
1078,-0.88207906,0.1813664
1079,-1.4038652,0.28812608
1080,-1.3649634,0.2865607
1081,-1.5659082,0.3791319
1082,-0.9552406,0.19114858
1083,-1.0269656,0.2565884
1084,-1.1583785,0.3220911
1085,-1.1975067,0.32024333
1086,-1.3626605,0.25615755
1087,-1.6404451,0.35774022
1088,-1.2027677,0.4023885
1089,-0.8603838,0.3290716
1090,-1.3045228,0.22343664
1091,-1.5577434,0.34850216
1092,-1.6387863,0.35131177
1093,-0.90070146,0.23495528
1094,-0.95477,0.24664764
1095,-0.5491281,0.5360886
1096,-1.1820484,0.2940589
1097,-0.9674233,0.24824746
1098,-0.84354913,0.21953486
1099,-1.2007811,0.23630464
1100,-0.9915398,0.23662741
1101,-0.9251491,0.22472899
1102,-1.5388032,0.30890653
1103,-0.7495246,0.24978137
1104,-1.1765038,0.33374402
1105,-0.78490657,0.2510913
1106,-1.4553919,0.30785775
1107,-0.74673235,0.22188872
1108,-0.7552967,0.21487616
1109,-0.77941126,0.30928156
1110,-1.1253067,0.28590855
1111,-1.5004479,0.36118335
1112,-1.3799478,0.29436326
1113,0.050367083,0.90912986
1114,-1.774819,0.34370455
1115,-0.9074713,0.2254503
1116,-1.2229595,0.27809742
1117,-1.1163437,0.2586724
1118,-1.2215453,0.3857842
1119,-1.1837157,0.26361644
1120,-1.3302262,0.32360312
1121,-0.8026854,0.20945492
1122,-0.87930703,0.30714625
1123,-0.4870731,0.12496757
1124,-1.5374048,0.34150302
1125,-1.126954,0.25176358
1126,-1.0546988,0.22151645
1127,-1.2892289,0.3929541
1128,-0.96895105,0.2877385
1129,-0.81354123,0.23222247
1130,-1.2081847,0.41127983
1131,-1.3930125,0.36018604
1132,-1.3314426,0.3463352
1133,-1.2550222,0.21031418
1134,-1.519278,0.3632491
1135,-1.2991481,0.27447724
1136,-1.5281692,0.45277217
1137,-1.5664291,0.41553822
1138,-1.1151277,0.2556875
1139,-1.4183145,0.2755933
1140,-0.9407066,0.20094821
1141,-0.9132122,0.3054332
1142,-1.5407233,0.2962672
1143,-1.0919186,0.3047306
1144,-1.1701121,0.3211546
1145,-1.0501975,0.2501941
1146,-1.2774261,0.22425646
1147,-0.88444626,0.23899752
1148,-1.0461711,0.2722751
1149,-1.237973,0.2465402
1150,-1.2607843,0.33495262
1151,-1.6762675,0.3894179
1152,-0.9768744,0.2687202
1153,-1.4762119,0.28771695
1154,-1.4622717,0.28348148
1155,-1.0884365,0.29029197
1156,-1.2836771,0.35126242
1157,-1.2615736,0.30369323
1158,-1.09271,0.26254264
1159,-1.6839435,0.33046976
1160,-0.86392057,0.20037839
1161,-1.8720269,0.36713806
1162,-1.3170841,0.2595107
1163,-0.057813082,0.7137831
1164,-0.9020241,0.20415704
1165,-1.3132912,0.26227307
1166,-0.48959264,0.18224566
1167,-0.99694365,0.31766757
1168,-1.407626,0.3516027
1169,-1.3853078,0.40143433
1170,-0.92434937,0.24985927
1171,-1.0445191,0.2388681
1172,-0.9904022,0.25094834
1173,-1.0430994,0.2649681
1174,-0.9034013,0.19002298
1175,-1.0785916,0.29827476
1176,-0.4277915,0.7334293
1177,-0.8050798,0.36086756
1178,-1.096367,0.28676653
1179,-1.2886977,0.41615728
1180,-1.3690019,0.45618924
1181,-1.9088607,0.39058402
1182,-0.87553674,0.24706914
1183,-1.818641,0.31458145
1184,-0.68656015,0.23036133
1185,-0.8270046,0.29194278
1186,-1.2563957,0.31753778
1187,-1.6176457,0.3980933
1188,-1.0709181,0.33395135
1189,-1.0347142,0.23995045
1190,-1.0449297,0.23665197
1191,-0.76008856,0.26272318
1192,-1.1109681,0.25724888
1193,-1.2917926,0.28472447
1194,-1.2627841,0.29026768
1195,-0.9638103,0.18097931
1196,-1.1881099,0.2594906
1197,-1.0874536,0.29123905
1198,-1.3045114,0.3496995
1199,-0.625895,0.1776729
1200,-1.2336285,0.3182521
1201,-1.2410107,0.3071665
1202,-1.3475733,0.2405656
1203,-1.2740804,0.23765604
1204,-1.227396,0.39705366
1205,-0.99456406,0.20725428
1206,-1.4644111,0.34366593
1207,-1.1028872,0.26543754
1208,-1.142845,0.25164253
1209,-0.804172,0.23388912
1210,-0.78860825,0.21327995
1211,-0.8893466,0.2001039
1212,-1.124127,0.30669007
1213,-1.6553081,0.3392096
1214,-1.1469892,0.2607106
1215,-0.93158495,0.21725921
1216,-1.498514,0.31343892
1217,-0.9913629,0.1977728
1218,-0.9060473,0.23015983
1219,-1.2559946,0.26717812
1220,-1.2812234,0.26945406
1221,-0.930064,0.22783253
1222,-1.3140069,0.31309643
1223,-1.7042189,0.32690343
1224,-0.8168536,0.2432614
1225,-0.51836854,0.93415517
1226,-0.9191658,0.24157654
1227,-0.7790085,0.2147996
1228,-1.0300124,0.29577044
1229,-0.96613306,0.29098776
1230,-1.587028,0.39621404
1231,-1.2572948,0.26031664
1232,-1.4341531,0.37684095
1233,-1.0311675,0.32661077
1234,-1.4521123,0.5621395
1235,-0.9148952,0.2040176
1236,-1.046053,0.29275343
1237,-0.9119265,0.29500264
1238,-0.7858424,0.19896688
1239,-1.376983,0.26070294
1240,-1.1741866,0.3532731
1241,-1.2708969,0.320347
1242,-1.3290983,0.33360788
1243,-1.1969209,0.28504795
1244,-1.5282509,0.3482686
1245,-1.1579844,0.450343
1246,-0.8777046,0.20547843
1247,-1.1523674,0.3210114
1248,-1.0270715,0.2732262
1249,-1.1102146,0.23821764
1250,-1.3204302,0.35919464
1251,-1.1118149,0.23901102
1252,-1.2506404,0.39786735
1253,-1.0094507,0.2640957
1254,-1.5644222,0.39788678
1255,-1.6811512,0.30265668
1256,-0.8977463,0.31716618
1257,-1.1957492,0.28854603
1258,0.29828402,0.7795026
1259,-1.5793957,0.2695521
1260,-1.3320624,0.26087287
1261,-1.0528561,0.21271828
1262,-0.7213846,0.23830928
1263,-0.97419006,0.18689659
1264,-0.82316244,0.30182514
1265,-1.5018768,0.3359477
1266,-1.1903214,0.33903918
1267,-1.0138845,0.30068997
1268,-0.81030625,0.2846298
1269,-1.0504925,0.21303806
1270,-1.0229267,0.27314264
1271,-1.0554962,0.2702311
1272,-1.1033144,0.19924626
1273,-0.7612308,0.23328523
1274,-1.2440178,0.24368861
1275,-1.0847911,0.21294509
1276,-1.1140356,0.2843117
1277,-1.1159722,0.4040549
1278,-0.9249933,0.23646018
1279,-0.97109205,0.19738829
1280,-1.4508673,0.3194336
1281,-1.008134,0.2305783
1282,-1.2982842,0.311734
1283,-0.69666624,0.16506182
1284,-0.8403914,0.24533713
1285,-1.0724857,0.24995811
1286,-1.3397353,0.2725908
1287,-1.2281885,0.2915333
1288,-1.5985646,0.3091099
1289,-1.1417367,0.3084348
1290,-1.0316262,0.23229036
1291,-1.6451142,0.34082082
1292,-1.3783793,0.33709648
1293,-1.3243365,0.2603521
1294,-0.821901,0.19923137
1295,-1.3501961,0.30163032
1296,-1.0706896,0.19878636
1297,-1.714029,0.3420417
1298,-1.0393262,0.3416164
1299,-1.1955665,0.26191857
1300,-0.7527543,0.22761957
1301,-0.75286084,0.24178517
1302,-1.4053617,0.2719191
1303,-1.1555381,0.2619836
1304,-1.2852434,0.2833399
1305,-1.5972236,0.35941482
1306,-1.104616,0.25279635
1307,-1.0957499,0.31549928
1308,-1.1804308,0.31328166
1309,-1.2281444,0.29548952
1310,-0.727105,0.21048297
1311,-1.4578639,0.31332007
1312,-1.1021844,0.31031066
1313,-0.6130936,0.17456579
1314,-1.4827468,0.31737733
1315,-0.9197657,0.24714908
1316,-0.90430677,0.21919398
1317,-1.0734384,0.3381192
1318,-0.9889338,0.25541824
1319,-1.1148479,0.3527997
1320,-1.5795113,0.31231138
1321,-1.0674268,0.30696175
1322,-1.7829466,0.3310913
1323,-1.2239199,0.2474894
1324,-1.1881272,0.3646382
1325,-1.6248984,0.34634918
1326,-0.80334795,0.22493804
1327,-1.1338353,0.3231611
1328,-1.043592,0.27874407
1329,-0.9976629,0.25174537
1330,-1.5457956,0.25727743
1331,-0.9917769,0.21680896
1332,-1.076614,0.3043123
1333,-0.96338403,0.23055734
1334,-1.8177459,0.32279846
1335,-0.678664,0.24567479
1336,-1.119467,0.26359466
1337,-1.1450968,0.29116574
1338,-1.5155721,0.31936538
1339,-1.4493268,0.24040176
1340,-1.4068608,0.3030391
1341,-1.3361403,0.28753343
1342,-1.320494,0.34068805
1343,-1.2503752,0.2857344
1344,-1.1590213,0.2652081
1345,-1.3325452,0.26212427
1346,-1.0848511,0.24263333
1347,-0.912145,0.25254276
1348,-0.88401216,0.18944395
1349,-1.4090643,0.2621838
1350,-1.181137,0.27497408
1351,-1.2397211,0.31591368
1352,-1.0966965,0.17289732
1353,-1.6365883,0.38530096
1354,-1.2274957,0.34512132
1355,-0.9280008,0.24387538
1356,-1.4372712,0.33137065
1357,-1.0193387,0.27992642
1358,-1.50591,0.33640805
1359,-1.0868393,0.22948088
1360,-1.2152812,0.25433573
1361,-1.1050136,0.31834486
1362,-1.2559998,0.28402227
1363,-1.4764009,0.32410234
1364,-1.6721125,0.2915944
1365,-1.3322171,0.3447803
1366,-1.3488503,0.32301798
1367,-1.5714693,0.38578525
1368,-0.7364294,0.15537395
1369,-1.5256982,0.23089832
1370,-1.2934363,0.30627236
1371,-1.0288829,0.21064357
1372,-1.4949847,0.36117393
1373,-1.15347,0.30342293
1374,-1.5580354,0.32007793
1375,-1.0164659,0.25848654
1376,-1.3717449,0.32687396
1377,-0.7643411,0.15891162
1378,-1.2171603,0.28236535
1379,-1.3569624,0.30397496
1380,-0.91927695,0.23660702
1381,-1.1088765,0.30102095
1382,-1.209362,0.2527687
1383,-1.4293262,0.36700493
1384,-0.947425,0.2559278
1385,-0.920908,0.23586367
1386,-0.9779225,0.27790883
1387,-1.7010149,0.43528447
1388,-1.6217356,0.28969273
1389,-1.4674149,0.3082142
1390,-1.5150946,0.3347579
1391,-1.3158138,0.36420542
1392,-1.0857935,0.30693114
1393,-0.98260057,0.2765962
1394,-1.2948428,0.3443245
1395,-0.78515816,0.1755583
1396,-0.75160146,0.2726103
1397,-1.0164561,0.23557562
1398,-0.870837,0.22918758
1399,-1.2851906,0.30244336
1400,-1.2613893,0.26219562
1401,-1.3376199,0.27280608
1402,-1.3422763,0.2724125
1403,-1.5731167,0.28639516
1404,-1.6344628,0.46537584
1405,-1.7280339,0.91149515
1406,-0.73062956,0.22178167
1407,-0.94032633,0.1979384
1408,-1.3254875,0.27523097
1409,-0.8005731,0.20027296
1410,-1.2547212,0.26919252
1411,-1.0850966,0.3387991
1412,-0.58652997,0.15255226
1413,-1.4438788,0.32340986
1414,-1.4377083,0.22928044
1415,-1.1147708,0.2429018
1416,-1.0985326,0.31375983
1417,-1.2391096,0.29959264
1418,-1.0715984,0.381774
1419,-1.1283947,0.36588052
1420,-1.0847961,0.21256596
1421,-0.8104489,0.24256587
1422,-1.18004,0.29574507
1423,-1.2734715,0.30799258
1424,-1.523334,0.44533315
1425,-1.254588,0.3312064
1426,-0.92077947,0.30987868
1427,0.52449816,0.7487802
1428,-1.4070413,0.2645408
1429,-1.058895,0.22834446
1430,-1.0512947,0.25867036
1431,-1.1886102,0.26133972
1432,-1.5101819,0.2649035
1433,-0.5974785,0.1820257
1434,-1.1914903,0.20731816
1435,-1.6167014,0.37679052
1436,-1.3107126,0.2937411
1437,-1.6669111,0.36336377
1438,-1.5034245,0.26238376
1439,-0.8896526,0.26834682
1440,-0.9533222,0.20585187
1441,-1.1118956,0.29772732
1442,-1.4126898,0.28203854
1443,-1.1457584,0.29081857
1444,-1.9733043,0.32230237
1445,-1.1971536,0.31814992
1446,-0.8213428,0.2223763
1447,-1.1425786,0.2914367
1448,-1.5825866,0.34573454
1449,-1.3340802,0.3036673
1450,-1.1328782,0.33138612
1451,-1.0785909,0.3928744
1452,-1.5479932,0.31354094
1453,-0.8013897,0.23327938
1454,-1.3812461,0.33654398
1455,-1.5504352,0.31924707
1456,-1.5014225,0.36521178
1457,-1.2531347,0.42412126
1458,-1.7306858,0.33961844
1459,-1.1257035,0.34441435
1460,-1.0713767,0.31117693
1461,-1.3669655,0.34476116
1462,-0.7796768,0.19671151
1463,-1.0961826,0.22611542
1464,-0.9766044,0.24215959
1465,-1.4585392,0.3276205
1466,-1.5995424,0.29918277
1467,-1.1709056,0.29696602
1468,-1.5992397,0.3116307
1469,-1.2567233,0.30861744
1470,-1.2771305,0.33806738
1471,-0.9647487,0.25316644
1472,-1.5706524,0.32715416
1473,-1.4155926,0.2697122
1474,-1.2160741,0.3757999
1475,-0.9969472,0.30162874
1476,-0.94885343,0.30569676
1477,-0.8896706,0.30641088
1478,-1.3696209,0.3564576
1479,-1.3666066,0.3462191
1480,-0.859106,0.23707385
1481,-1.5294137,0.39001304
1482,-1.0594362,0.24259806
1483,-1.2260443,0.3898432
1484,-1.1171775,0.28196478
1485,-1.251682,0.30718186
1486,-1.2525225,0.3257154
1487,-0.9203072,0.24496818
1488,-1.2456526,0.33215636
1489,-0.99058634,0.3048766
1490,-1.0699283,0.21918999
1491,-1.056515,0.23873854
1492,-1.0894427,0.38875765
1493,-1.0166924,0.2193037
1494,-1.0232795,0.27909338
1495,-1.3413042,0.29034343
1496,-1.4257312,0.23821364
1497,-1.3631009,0.3543036
1498,-1.4896108,0.33903039
1499,-1.1153771,0.30293334
1500,-0.84756,0.17666583
1501,-1.0588441,0.23584872
1502,-1.5549948,0.30861643
1503,-1.201284,0.3531778
1504,-0.8278484,0.22306225
1505,-1.0409961,0.20939559
1506,-1.253909,0.3035568
1507,-0.8762108,0.20966496
1508,-1.0153699,0.21729967
1509,-1.508899,0.25710112
1510,-0.9178227,0.31155726
1511,-1.1014417,0.23708309
1512,-1.3488048,0.21801284
1513,-1.4195896,0.36299187
1514,-1.0534129,0.2470904
1515,-1.4126937,0.35661125
1516,-1.0350986,0.2590889
1517,-1.476751,0.36844534
1518,-1.197047,0.32011202
1519,-1.6393952,0.34375402
1520,-1.7403426,0.3351444
1521,-1.5184512,0.39566866
1522,-1.036672,0.19369115
1523,-1.122436,0.2493352
1524,-1.1007966,0.22104374
1525,-1.4603772,0.36206225
1526,-1.2387004,0.28773445
1527,-1.1061931,0.30285925
1528,-1.0390422,0.27306786
1529,-0.77966714,0.23468179
1530,-1.00441,0.26621345
1531,-1.3081981,0.2667286
1532,-0.9545152,0.19857626
1533,-1.3133101,0.368579
1534,-1.5421503,0.30059966
1535,-1.0101849,0.2552226
1536,-1.4242054,0.30374187
1537,-0.89890665,0.25314036
1538,-1.2238175,0.3197256
1539,-1.7050908,0.3428805
1540,-1.1831838,0.25448117
1541,-1.1507677,0.23727824
1542,-1.3542361,0.2624647
1543,-1.1333164,0.24117365
1544,-0.94441336,0.19777021
1545,-1.2852136,0.27823916
1546,-0.9752843,0.22071354
1547,-2.2927608,0.38485232
1548,-1.010751,0.2933497
1549,-1.2684342,0.33014926
1550,-0.84209245,0.26117897
1551,-1.6838764,0.3108591
1552,-0.9668535,0.24593745
1553,-0.9400055,0.3288461
1554,-1.1733515,0.2772509
1555,-1.3644215,0.29519644
1556,-0.9439672,0.25244477
1557,-1.3017285,0.36401844
1558,-1.1875165,0.22797461
1559,-1.2422051,0.2753196
1560,-1.1106734,0.23321386
1561,-0.9929995,0.3052367
1562,-1.2391009,0.2966593
1563,-1.2053145,0.28244835
1564,-0.90044475,0.32703212
1565,-1.5867201,0.37870488
1566,-0.9315222,0.24305978
1567,-1.6667699,0.31623986
1568,-1.2463822,0.3478962
1569,-1.592151,0.2643738
1570,-1.5792186,0.28917205
1571,-1.2345517,0.30913964
1572,-1.197544,0.27867323
1573,-1.3389888,0.30192143
1574,-0.72777957,0.17696531
1575,-1.2236966,0.32620195
1576,-1.0351571,0.29319352
1577,-1.5940114,0.3366596
1578,-1.2776946,0.26849306
1579,-1.263059,0.32209516
1580,-1.4254457,0.31451917
1581,-1.3561429,0.28170314
1582,-1.0765015,0.3327918
1583,-0.8688673,0.17995563
1584,-1.2493167,0.23119615
1585,-0.83269364,0.26187035
1586,-1.2241608,0.27370194
1587,-1.1431653,0.2748129
1588,-1.0262735,0.27341434
1589,-1.6741825,0.33106297
1590,-0.8758393,0.23049517
1591,-1.5971302,0.31434068
1592,-0.96622014,0.23773581
1593,-1.4883655,0.39406243
1594,-1.1265242,0.3515188
1595,-0.94557923,0.29631913
1596,-0.7631021,0.1995448
1597,-0.92280364,0.2455286
1598,-1.1650178,0.34978625
1599,-0.66979814,0.17263573
1600,-1.1765645,0.2582867
1601,-0.8522222,0.217735
1602,-0.77000505,0.3552421
1603,-1.1912786,0.32983735
1604,-1.3403801,0.3363684
1605,-1.5236986,0.27445585
1606,-1.3423638,0.24156138
1607,-1.4895425,0.34184518
1608,-1.4512732,0.35371822
1609,-0.97069544,0.29989898
1610,-0.7697052,0.2585871
1611,-0.6425209,0.20770381
1612,-1.1078371,0.28174677
1613,-1.266806,0.29337826
1614,-1.3457354,0.35271698
1615,-1.4791672,0.31441253
1616,-1.4089558,0.27778497
1617,-1.3935567,0.3205948
1618,-1.145583,0.3779673
1619,-1.0580871,0.29216954
1620,1.7815008,0.9764717
1621,-1.0346843,0.3256456
1622,-0.8545874,0.22226727
1623,-1.1906207,0.41208145
1624,-1.0344529,0.3056659
1625,-1.2129434,0.28294635
1626,-0.75447536,0.19693603
1627,-1.1477126,0.27664918
1628,-1.2564565,0.35047168
1629,-1.3736769,0.3491503
1630,-1.7568332,0.26585105
1631,-0.9493754,0.31405425
1632,-0.6651028,0.15129071
1633,-0.8597387,0.17181285
1634,-1.4825801,0.34922367
1635,-0.9310411,0.2203543
1636,-1.7691562,0.41439644
1637,-1.4591016,0.39546207
1638,-0.87089247,0.22252862
1639,-1.4000489,0.31083915
1640,-1.0407281,0.2767143
1641,-0.72946656,0.25836852
1642,-1.5073985,0.28888786
1643,-0.9091235,0.28324682
1644,-0.8837745,0.30499265
1645,-1.0346999,0.25826165
1646,-0.91406393,0.20402692
1647,-1.3850288,0.34720203
1648,-1.4733248,0.32770127
1649,-1.0547622,0.22746949
1650,-1.1518859,0.24677087
1651,-0.78427994,0.24671479
1652,-1.522385,0.31240168
1653,-1.1736412,0.21784647
1654,-1.5621538,0.30068445
1655,-1.3152003,0.33783585
1656,-1.3555828,0.3387662
1657,-1.6044229,0.40833074
1658,-1.1523322,0.267219
1659,-0.78215057,0.2307598
1660,-0.6996519,0.19155861
1661,-0.9060886,0.24594498
1662,-1.0683655,0.23230904
1663,-1.4433126,0.28059
1664,-1.375162,0.295505
1665,-1.2700691,0.22651269
1666,-1.3734056,0.31451547
1667,-1.4366875,0.27004158
1668,-0.75162935,0.22090968
1669,-0.9941856,0.22486547
1670,-0.6919658,0.21358076
1671,-1.1717386,0.37869585
1672,-0.9476499,0.2586331
1673,-0.7940757,0.1766252
1674,-0.94525033,0.25814405
1675,-1.2208657,0.26185712
1676,-1.4205887,0.33994612
1677,-1.0137317,0.23152362
1678,-0.9580011,0.24745846
1679,-1.3567969,0.23549373
1680,-1.1206716,0.25582153
1681,-1.2144217,0.2888552
1682,-1.3143879,0.3461592
1683,-1.7664729,0.32107377
1684,-1.2852716,0.26698524
1685,-1.2242098,0.37956122
1686,-1.2699357,0.2966252
1687,-1.2104222,0.34646273
1688,-0.9940172,0.25794727
1689,-1.3133959,0.34365815
1690,-1.286052,0.2953782
1691,-1.2789433,0.42108986
1692,-0.6809995,0.20832919
1693,-1.8661073,0.35087729
1694,-1.5344789,0.35887578
1695,-1.0160158,0.27619454
1696,-1.8875738,0.3878594
1697,-1.9111886,0.34462023
1698,-1.6777538,0.2836759
1699,-1.3077279,0.24989304
1700,-0.98430014,0.2723162
1701,-1.2892691,0.28248242
1702,-1.1692005,0.27688566
1703,-1.1457711,0.30837116
1704,-0.93602836,0.1895046
1705,-1.144299,0.2605023
1706,-1.2924299,0.28176957
1707,-1.4382178,0.29967812
1708,-1.2041663,0.27286738
1709,-1.4466661,0.34033653
1710,-1.2047067,0.31294486
1711,-1.0231285,0.19979085
1712,-1.2492898,0.26182154
1713,-0.88166803,0.23373385
1714,-0.9177962,0.1725208
1715,-1.0052813,0.22366254
1716,-1.1407943,0.3418783
1717,-1.1065558,0.27784076
1718,-1.0723195,0.31913024
1719,-1.1745517,0.23641738
1720,-0.96479297,0.27376267
1721,-0.90636766,0.17723705
1722,-1.2129848,0.24888062
1723,-1.2255836,0.35498846
1724,-0.77218795,0.20141684
1725,-1.5815991,0.34077615
1726,-1.0296284,0.2539485
1727,-1.0701545,0.20649521
1728,-1.3608301,0.31640556
1729,-0.8123957,0.17421117
1730,-1.2742971,0.2636645
1731,-0.57646674,0.1890907
1732,-1.5146315,0.3117539
1733,-1.3851529,0.29630998
1734,-1.249084,0.24831796
1735,-0.91674834,0.21517123
1736,-1.2317777,0.23991844
1737,-1.338542,0.34255606
1738,-1.2442181,0.27941716
1739,-1.6750538,0.38973722
1740,-1.1615185,0.3384314
1741,-1.5728258,0.31443357
1742,-1.4907293,0.24705933
1743,-1.259829,0.3183076
1744,-1.6123283,0.31703928
1745,-0.9572187,0.32658893
1746,-1.2133178,0.2993318
1747,-1.1047357,0.28664556
1748,-1.4345808,0.39737383
1749,-1.2131821,0.25058258
1750,-1.559081,0.3300074
1751,-1.5493464,0.32666188
1752,-1.2450246,0.2628049
1753,-0.9785006,0.25535104
1754,-1.3039051,0.23623542
1755,-1.1869626,0.31984526
1756,-0.77239066,0.22179157
1757,-1.1997416,0.19536625
1758,-1.0130029,0.25038654
1759,-1.127382,0.2825952
1760,-1.196906,0.28842866
1761,-0.8372952,0.15891375
1762,-1.1470745,0.3015208
1763,-0.9660573,0.30263805
1764,-1.2153085,0.2913383
1765,-1.2534019,0.3419295
1766,-0.8882063,0.31782693
1767,-1.0135139,0.21633004
1768,-1.1074723,0.24666996
1769,-1.0390966,0.22346975
1770,-1.460282,0.40346038
1771,-0.68110895,0.14847425
1772,-0.8311792,0.18663767
1773,-1.2891992,0.2782918
1774,-1.1123124,0.2856773
1775,-1.1169047,0.29714862
1776,-1.3340197,0.34114853
1777,-1.1362123,0.17170775
1778,-1.0731088,0.27881795
1779,-0.86646026,0.29700392
1780,0.4741806,0.94636166
1781,-1.1037889,0.24590401
1782,-0.8475233,0.22832817
1783,-1.1072559,0.26745665
1784,-1.0852404,0.29684895
1785,-0.6989699,0.23018892
1786,-1.0285,0.28245375
1787,-1.3023413,0.30220577
1788,-1.2037905,0.27583018
1789,-0.84454614,0.26802936
1790,-1.0441811,0.21536219
1791,-1.1457542,0.26507017
1792,-0.87824404,0.28867298
1793,-1.437547,0.26789662
1794,-1.6080877,0.32582396
1795,-0.73233825,0.19158196
1796,-0.95661634,0.19099736
1797,-0.71979403,0.195988
1798,-1.0599742,0.3316691
1799,-1.4579788,0.36574623
1800,-1.0597961,0.20878293
1801,0.029150223,0.85419214
1802,-1.2504718,0.22035152
1803,-0.6140936,0.21724884
1804,-1.6854949,0.29488584
1805,-1.296085,0.283625
1806,-1.5151336,0.2870159
1807,0.048948184,0.9168956
1808,-0.9675745,0.19295944
1809,-1.1501775,0.24480094
1810,-1.4131845,0.28454262
1811,0.53534067,0.7112667
1812,-1.0211962,0.22235665
1813,-1.3560673,0.34551358
1814,-1.3677406,0.30465427
1815,-1.7643853,0.38146096
1816,-0.8646839,0.26754844
1817,-1.6142225,0.36112046
1818,-1.2189546,0.36020884
1819,-1.0700477,0.21671195
1820,-1.2175896,0.25952122
1821,-1.3230493,0.29707024
1822,-1.1776831,0.2265359
1823,-1.7326982,0.32145354
1824,-1.4283011,0.39802352
1825,-1.6017463,0.29280367
1826,-1.5780431,0.3172441
1827,-0.9597192,0.21501145
1828,-0.78332627,0.2158893
1829,-1.167087,0.33924213
1830,-1.4677212,0.36397043
1831,-1.7262127,0.39161637
1832,-0.9813606,0.26422745
1833,-1.4420062,0.3901249
1834,-1.3315816,0.29510382
1835,-0.7711037,0.2616177
1836,-0.9924053,0.28548703
1837,-0.9320234,0.31542727
1838,-1.306069,0.44845587
1839,-1.6591182,0.42207146
1840,-1.1569408,0.3392754
1841,-0.9518027,0.32363468
1842,-1.1711634,0.29009607
1843,-1.4081006,0.28134272
1844,-1.3383733,0.30280772
1845,-1.2332038,0.27118933
1846,-1.3697711,0.24085413
1847,-1.8586305,0.3208659
1848,-1.5051334,0.40234995
1849,-1.2444667,0.2872964
1850,-1.6665633,0.31173968
1851,-1.1904769,0.25329787
1852,-1.4499241,0.25051463
1853,-1.3838483,0.373835
1854,-1.2168323,0.30344123
1855,-1.3198718,0.2997866
1856,-0.9998613,0.3249525
1857,-0.9689717,0.25848913
1858,-0.9192202,0.23370907
1859,-1.0400951,0.23971486
1860,-0.79304725,0.20432472
1861,-1.2426515,0.21259974
1862,-1.0357232,0.2856313
1863,-1.7908368,0.29901978
1864,-0.67054826,0.21626681
1865,-0.9797296,0.23375666
1866,-0.9960248,0.2447013
1867,-1.0693809,0.26024503
1868,-0.6009744,0.16399533
1869,-0.7704747,0.20391423
1870,-1.2815686,0.3614456
1871,-0.8289887,0.31375054
1872,-1.2605143,0.25211105
1873,-1.4679337,0.3819905
1874,-0.53423464,0.13263935
1875,-0.77620614,0.26778525
1876,-1.180002,0.3507932
1877,-0.80212563,0.20457138
1878,-1.7085087,0.36375555
1879,-1.4050713,0.33779708
1880,-0.59857184,0.16928436
1881,-1.1153002,0.2736082
1882,-1.1733932,0.34559354
1883,-0.9962182,0.21970591
1884,-1.529673,0.27707773
1885,-1.4681605,0.37921792
1886,-1.2438855,0.3712295
1887,-1.1310871,0.25386253
1888,-1.3483381,0.29402813
1889,-1.0769407,0.26839676
1890,-1.1190032,0.32502654
1891,-1.0517764,0.33261147
1892,-0.8128346,0.23762338
1893,-0.5895699,0.1719037
1894,-1.3060106,0.31041938
1895,-1.1816316,0.2897076
1896,-0.7333748,0.18328822
1897,-1.3909616,0.38053396
1898,-0.12221981,0.55189526
1899,-0.8864771,0.30993012
1900,-1.4285285,0.27434027
1901,-1.2397294,0.32663965
1902,-1.6007223,0.29556853
1903,-0.8187671,0.25813383
1904,-1.3093323,0.3382522
1905,-0.9301448,0.22344445
1906,-1.2942015,0.26443976
1907,-1.3451734,0.30465746
1908,-1.2500658,0.24704549
1909,-1.2301583,0.22654858
1910,-1.0345746,0.2681575
1911,-1.5890024,0.3468449
1912,-0.19510113,0.7654575
1913,-1.2490789,0.25326476
1914,-0.8991645,0.17079486
1915,-0.9927253,0.26435298
1916,-1.9267906,0.3655393
1917,-1.3649015,0.26014188
1918,-0.7165815,0.2742935
1919,-1.1745267,0.31640816
1920,-1.4025079,0.33015075
1921,-1.3564687,0.30793718
1922,-1.5860991,0.32594866
1923,-1.4778311,0.2709977
1924,-0.9548973,0.22512162
1925,-1.5679924,0.25831485
1926,-1.1706746,0.34033278
1927,-1.7647933,0.34724322
1928,-1.2173519,0.25766456
1929,-0.4631094,0.16021794
1930,-1.1849737,0.23565118
1931,-0.93583655,0.19699132
1932,-1.4519786,0.31346586
1933,-1.2171462,0.33007154
1934,-1.2510592,0.25891972
1935,-0.8613478,0.2921619
1936,-1.1379597,0.24170062
1937,-0.9764124,0.26261285
1938,-1.2799996,0.38232395
1939,-0.98873514,0.24365969
1940,-0.7459219,0.25995892
1941,-1.4943379,0.30999175
1942,-0.8341411,0.1790719
1943,-1.3240225,0.32103956
1944,-1.2846681,0.29089174
1945,-1.1814331,0.2983371
1946,-1.130283,0.21297924
1947,-1.186535,0.34142596
1948,-1.3442622,0.23935336
1949,-0.8956221,0.18810922
1950,-1.3518159,0.23920335
1951,-1.0518047,0.29759422
1952,-1.4565091,0.36480227
1953,-1.1468647,0.34212443
1954,-1.3609387,0.36135346
1955,-1.18344,0.29055992
1956,-1.2433462,0.28014174
1957,-1.2901039,0.22309987
1958,-0.96073526,0.21342692
1959,-1.0226891,0.27163187
1960,-1.4200047,0.26242363
1961,-1.2770643,0.26464
1962,-0.9976191,0.35139135
1963,-1.2221528,0.24845156
1964,-1.1248612,0.3119617
1965,-1.3965791,0.2823174
1966,-1.003122,0.30838126
1967,-1.0730848,0.29554763
1968,-1.379673,0.33080685
1969,-0.99036616,0.27101535
1970,-1.0780102,0.28314924
1971,-0.9045838,0.26037562
1972,-0.8473824,0.2307945
1973,-1.5098746,0.32204223
1974,-1.3394945,0.3598633
1975,-1.1582719,0.36432964
1976,-1.020855,0.277769
1977,-0.9995695,0.34231308
1978,-0.855353,0.22895099
1979,-1.3468591,0.24224463
1980,-1.3855187,0.40500778
1981,-1.0610138,0.2750034
1982,-1.467515,0.3441031
1983,-0.74178606,0.2255334
1984,-1.0921302,0.24941817
1985,-1.1625849,0.30866668
1986,-0.8784572,0.26096356
1987,-1.1131396,0.2364521
1988,-1.5201998,0.30400437
1989,-1.4889953,0.3387252
1990,-1.311972,0.3472291
1991,-0.8657374,0.25177225
1992,-1.3605479,0.3426754
1993,-1.1086429,0.2742291
1994,-1.4393938,0.32893288
1995,-1.536161,0.2406865
1996,-1.268622,0.2905867
1997,-1.4496685,0.22010186
1998,-1.3374287,0.3277233
1999,-1.2777475,0.36631995
2000,-1.2154891,0.21991211
2001,-1.4734328,0.283911
2002,-1.0264632,0.24712622
2003,-0.69515973,0.17463373
2004,-1.1986585,0.2698151
2005,-1.4345359,0.34396914
2006,-1.1111573,0.3269708
2007,-1.0524157,0.2641345
2008,-1.4524646,0.43803027
2009,-0.95832884,0.22573063
2010,-1.2222381,0.26996085
2011,-0.7734977,0.18715392
2012,-1.250378,0.28502652
2013,-1.2489231,0.32393616
2014,-0.8465075,0.19129728
2015,-0.97548956,0.23085065
2016,-1.2419623,0.30776975
2017,-0.95792466,0.24492286
2018,-0.9164655,0.23841043
2019,-1.0777128,0.23345943
2020,-0.9237574,0.2063012
2021,-1.2081478,0.243681
2022,-1.0520663,0.29997414
2023,-1.480557,0.3012052
2024,-0.96719915,0.26363093
2025,-1.1483185,0.29345042
2026,-1.2071441,0.37861666
2027,-1.0611293,0.32995483
2028,0.0573396,1.0470207
2029,-1.1577594,0.3539744
2030,-1.1429801,0.2532129
2031,-1.4781091,0.31003037
2032,-1.0205101,0.26055986
2033,-0.8815205,0.20760141
2034,-1.3582858,0.2972263
2035,-1.1715183,0.2721225
2036,-0.83031875,0.21848315
2037,-1.3031774,0.30015546
2038,-1.27228,0.26539144
2039,-1.3851889,0.3198441
2040,-1.0108587,0.29830793
2041,-0.8293084,0.2601905
2042,-1.6370821,0.2638667
2043,-1.0002532,0.258785
2044,-1.4532491,0.23793265
2045,-0.710428,0.21158966
2046,-0.787148,0.2166855
2047,-0.64696807,0.1411151
2048,-1.0330836,0.28563723
2049,-1.0532013,0.29937768
2050,-1.1972986,0.31725618
2051,-1.4339895,0.2936262
2052,-1.4795065,0.43015566
2053,-1.8601127,0.3258291
2054,-1.2665465,0.24485932
2055,-1.4633632,0.27140033
2056,-1.8395289,0.36772895
2057,-1.0568943,0.2347232
2058,-1.3405368,0.21997476
2059,-1.0597708,0.40117764
2060,-1.2001423,0.34549788
2061,-0.7399358,0.25380173
2062,-0.72263396,0.19032504
2063,-1.1879431,0.26712382
2064,-1.4882573,0.39178112
2065,-1.0190933,0.26169813
2066,-0.9788768,0.23438573
2067,-1.158427,0.24390201
2068,-0.3637554,1.0473183
2069,0.37388554,0.7543319
2070,-1.2090552,0.25683567
2071,-0.059161436,0.76992214
2072,-1.1553719,0.2501617
2073,-1.228767,0.30482662
2074,-0.7315762,0.20019779
2075,-0.75223005,0.22115983
2076,-1.0937864,0.23165822
2077,-0.7409847,0.23627879
2078,-0.7209848,0.23165128
2079,-1.3849417,0.2438246
2080,-1.3876332,0.3357396
2081,-1.4433737,0.31450364
2082,-0.75281274,0.19457278
2083,-1.4114491,0.33734104
2084,-0.9728982,0.2675085
2085,-1.4650426,0.28690514
2086,-1.3170459,0.27788797
2087,-1.6269275,0.2846884
2088,-1.4530592,0.34311697
2089,-1.3685051,0.3023931
2090,-1.4192729,0.2420297
2091,-1.3192642,0.32855904
2092,-1.3281535,0.38698488
2093,-1.2594674,0.25922254
2094,-1.0966145,0.29010162
2095,-0.6234957,0.1826824
2096,-1.0628778,0.2594214
2097,-1.4819075,0.37161306
2098,-1.2986151,0.297814
2099,-0.13877682,0.6976752
2100,-1.1265508,0.3658585
2101,-1.008847,0.22635198
2102,-1.7595804,0.41569233
2103,-1.2771935,0.24183118
2104,-1.2926588,0.2862046
2105,-1.3206737,0.25720808
2106,-1.368807,0.34554052
2107,-1.3236603,0.29931608
2108,-0.6884334,0.23314342
2109,-1.0132308,0.23285826
2110,-1.1160144,0.26357642
2111,-1.379419,0.27914524
2112,-1.1939135,0.27028656
2113,-1.0472492,0.2615706
2114,-1.0504665,0.20954071
2115,-1.2981793,0.27683285
2116,-0.9902011,0.35126966
2117,-1.6200409,0.33382636
2118,-1.0904642,0.28364334
2119,-0.85317504,0.19180776
2120,-1.6138093,0.39876428
2121,-1.0090244,0.27156955
2122,-1.2731214,0.26976803
2123,-1.2526736,0.24099976
2124,-1.3291744,0.37193483
2125,-0.8820938,0.23212071
2126,-1.0981438,0.24889004
2127,-1.659014,0.348303
2128,-1.1598394,0.2857051
2129,-1.0958024,0.23648743
2130,-0.56647116,0.23846549
2131,-0.8498985,0.18267813
2132,-0.8764692,0.19767986
2133,-1.7079638,0.32746032
2134,-1.2319846,0.2925819
2135,-1.1740018,0.30338305
2136,-1.5812209,0.37157577
2137,-1.3978066,0.41129643
2138,-0.913417,0.1938536
2139,-0.84773654,0.74238175
2140,0.74399984,1.0166678
2141,-1.3310567,0.3714759
2142,-1.3853868,0.31950268
2143,-0.92151505,0.24245575
2144,-1.4619712,0.38553205
2145,-0.86530226,0.1869157
2146,-1.3434428,0.35515335
2147,-1.7874613,0.34624586
2148,-0.7821243,0.24789785
2149,-1.0039908,0.26798898
2150,-0.94648254,0.17511298
2151,-0.87242925,0.26851645
2152,-1.0510008,0.36358246
2153,-1.7319089,0.2769493
2154,-1.5561186,0.24735183
2155,-1.0988228,0.25640443
2156,-1.5266689,0.3195493
2157,-1.334016,0.32591933
2158,-1.064516,0.2818281
2159,-1.0888209,0.24782017
2160,-0.7093452,0.26917252
2161,-1.6246669,0.37561384
2162,-1.1932781,0.22007968
2163,-1.1460695,0.29467264
2164,-0.7767054,0.16477676
2165,-1.0269799,0.24763526
2166,-0.71978647,0.19262913
2167,-0.86364913,0.22950765
2168,-0.98370904,0.24630302
2169,-1.343815,0.2182178
2170,-0.8072414,0.24673164
2171,-1.3495064,0.36849484
2172,-1.0573585,0.32054877
2173,-1.243859,0.21146762
2174,-1.3029104,0.31856906
2175,-0.83725756,0.27874154
2176,-1.2295543,0.30200857
2177,-1.3945069,0.26586357
2178,-0.9258979,0.18974693
2179,-1.5829755,0.3430716
2180,-1.0751609,0.23348981
2181,-0.86865896,0.22024767
2182,-0.79484224,0.24104206
2183,-1.0363125,0.22096351
2184,-1.535903,0.4096624
2185,-1.5184957,0.36140826
2186,-1.2530615,0.30025747
2187,-0.88901883,0.19330108
2188,-1.1864197,0.29177696
2189,-0.6619295,0.17590638
2190,-1.3220689,0.34742898
2191,-1.1551635,0.21880569
2192,-1.0831357,0.22966829
2193,-0.9194296,0.24460423
2194,-0.76443624,0.20751487
2195,-1.0127052,0.2207363
2196,-1.7476838,0.3347464
2197,-1.3768328,0.34060663
2198,-1.0285586,0.3229705
2199,-1.0054132,0.23437849
2200,-1.6519235,0.338919
2201,-1.194969,0.30271554
2202,-1.3394641,0.2890663
2203,-1.2149596,0.26975617
2204,-1.1045578,0.3695724
2205,-1.3116815,0.31215712
2206,-1.451005,0.30620748
2207,-0.7127298,0.23965232
2208,-1.2014388,0.27860603
2209,-1.4149929,0.2825156
2210,-1.2985362,0.26400357
2211,-1.3943391,0.2993947
2212,-0.88743776,0.21045162
2213,-1.6429474,0.30513012
2214,-1.8076568,0.34732476
2215,-1.3169767,0.35786378
2216,-1.5274357,0.24160053
2217,-0.9798632,0.24047719
2218,0.014278794,1.0246433
2219,-1.0072005,0.27345824
2220,-1.1637828,0.2278083
2221,-1.0147518,0.25496194
2222,-1.8504817,0.31131783
2223,-1.2531455,0.28737321
2224,-1.3413014,0.2994545
2225,-1.219003,0.32449988
2226,-1.4555973,0.38343203
2227,-1.1458281,0.2976347
2228,-1.2511396,0.35222536
2229,-1.477633,0.3876307
2230,0.9442491,0.82403594
2231,-0.8466318,0.23223324
2232,-0.8150732,0.2529265
2233,-1.7929816,0.45034924
2234,-1.0049781,0.30235773
2235,-0.941786,0.29363418
2236,-1.1695083,0.22184476
2237,-0.87888527,0.18820724
2238,-1.1775926,0.2536009
2239,-1.3328635,0.3714435
2240,-1.4603981,0.37601465
2241,-1.8814617,0.3078688
2242,-1.5189373,0.36011043
2243,-1.0863521,0.2257142
2244,-1.5541376,0.37534717
2245,-1.2238841,0.261899
2246,-1.2615957,0.30837095
2247,-1.5833862,0.3822025
2248,-1.576436,0.29201427
2249,-1.152141,0.263105
2250,-1.2334456,0.3120337
2251,-1.7851486,0.33530828
2252,-1.1170216,0.39038026
2253,-1.061158,0.31294978
2254,-1.5375215,0.3807357
2255,-1.2192222,0.35656065
2256,-0.9161053,0.34905177
2257,-0.97553146,0.22515117
2258,-0.8832902,0.2834638
2259,-1.5872077,0.36719584
2260,-0.93187255,0.24981453
2261,-1.1740001,0.24589005
2262,-1.2864182,0.30062792
2263,-1.1346908,0.28781936
2264,-1.7225108,0.33259368
2265,-0.9395029,0.26033485
2266,-0.8927283,0.23160565
2267,-0.8689033,0.15613782
2268,-1.0093813,0.19017036
2269,-1.2856419,0.30051845
2270,-1.1574905,0.36164027
2271,-0.9060662,0.23166285
2272,-1.3075334,0.26510268
2273,-1.0848575,0.34992784
2274,-1.4041797,0.29711807
2275,-1.0376534,0.24808317
2276,-0.93160814,0.1917514
2277,-1.3237212,0.26622275
2278,-1.3622506,0.33752832
2279,-1.7936294,0.40108857
2280,-1.2541053,0.34398413
2281,-1.2837459,0.29254407
2282,-0.89189184,0.26650444
2283,-1.3472308,0.3016359
2284,-1.612866,0.36166796
2285,-0.9695894,0.20767006
2286,-0.97002584,0.31436983
2287,-1.7147892,0.36019823
2288,-1.0022776,0.33198464
2289,-0.9987595,0.263936
2290,-0.6940108,0.16388401
2291,-0.88924086,0.3169036
2292,-1.504604,0.46744215
2293,-0.9875087,0.24976438
2294,-0.97280127,0.23138125
2295,-0.9748142,0.25273094
2296,-1.2007124,0.25759465
2297,-1.0281793,0.27220693
2298,-1.540128,0.3000373
2299,-0.9284148,0.23218939
2300,-1.1139868,0.32168967
2301,-0.91225934,0.25910187
2302,-1.9474694,0.39647743
2303,-1.2352929,0.31673506
2304,0.353581,1.011267
2305,-1.732012,0.33468038
2306,-1.521692,0.33674312
2307,-1.3087392,0.33578947
2308,-0.97418565,0.29334763
2309,-0.97459006,0.22838525
2310,-1.9469348,0.3325795
2311,-1.6554747,0.34531355
2312,-0.93979853,0.24398133
2313,-0.98845553,0.2128614
2314,-1.0569133,0.2407337
2315,-1.0654953,0.32601094
2316,-1.0629939,0.31177548
2317,-1.0196434,0.22152905
2318,-1.4086717,0.3789107
2319,-0.7970342,0.21207649
2320,-1.4855875,0.3229278
2321,-0.9553729,0.33621877
2322,-1.4760705,0.30682066
2323,-1.3388295,0.43671182
2324,-0.59654313,0.20261084
2325,-1.4336478,0.2598209
2326,-1.6055651,0.35484123
2327,-0.77180177,0.19381352
2328,-1.1236917,0.31431964
2329,-0.8542067,0.18240319
2330,-0.82441294,0.23297301
2331,-1.2604214,0.31375068
2332,-0.96463853,0.24851553
2333,-0.78962594,0.28072488
2334,-1.6352735,0.33049864
2335,-1.8295317,0.42074585
2336,-1.2224303,0.2566065
2337,-0.9881456,0.22103857
2338,-1.2964008,0.33816028
2339,-1.1950395,0.25300047
2340,-1.6262916,0.2865764
2341,-0.95540726,0.29230225
2342,-0.78082114,1.0764627
2343,-1.6092623,0.32034776
2344,-1.6234491,0.3289888
2345,-1.2280359,0.34939703
2346,-0.8804544,0.24469957
2347,-1.3059332,0.3418353
2348,-1.434768,0.33798617
2349,-0.8763621,0.19179232
2350,-1.1088649,0.25628975
2351,-1.3828038,0.34381148
2352,-1.0787451,0.25558984
2353,-1.254829,0.3071541
2354,-1.0206883,0.20787902
2355,-0.5081528,0.82036966
2356,-1.3296831,0.27230403
2357,-0.79401076,0.25064215
2358,-0.7997042,0.28260952
2359,-1.3717548,0.2960753
2360,-1.0376376,0.22409447
2361,-1.8282187,0.35243118
2362,-1.589303,0.36671323
2363,-1.5078752,0.37617764
2364,-1.376762,0.2674769
2365,-1.4873598,0.30262044
2366,-0.94904226,0.20175987
2367,0.6361664,0.8103546
2368,-1.7639313,0.32759097
2369,-1.3935478,0.3601966
2370,-1.5278859,0.34300393
2371,-1.0069221,0.3115373
2372,-1.3069978,0.3060782
2373,-1.0633748,0.21785781
2374,-1.0260125,0.21360505
2375,-1.5299656,0.38716274
2376,-1.0909578,0.27410817
2377,-1.4427413,0.43844077
2378,-1.3449742,0.3585746
2379,-1.2073876,0.32238778
2380,-1.1856165,0.30574122
2381,-0.8324195,0.29715678
2382,-1.6812532,0.28101936
2383,-0.85870326,0.29999894
2384,-1.0826268,0.33747107
2385,-1.4016137,0.4056337
2386,-1.472839,0.2661963
2387,-0.9527128,0.3046547
2388,-1.0740068,0.29608992
2389,-0.88711065,0.25318202
2390,-1.344873,0.25825
2391,-1.1109434,0.27745625
2392,-0.81160957,0.19567838
2393,-1.9539366,0.3355252
2394,-1.0771904,0.25449178
2395,-1.282875,0.3503978
2396,-1.2551746,0.2295807
2397,-0.8224707,0.18720163
2398,-1.4652351,0.24192038
2399,-1.0259962,0.27416047
2400,-1.1807004,0.253108
2401,-1.2694488,0.29015654
2402,-1.4140422,0.29884318
2403,-1.1229274,0.44533277
2404,-1.10114,0.22780287
2405,-1.3679504,0.39647233
2406,-0.98613226,0.2441353
2407,-1.2505077,0.25964123
2408,-1.4272566,0.30717704
2409,-0.75028366,0.20264547
2410,-1.5537578,0.2423011
2411,-1.0971096,0.2699171
2412,-1.0877858,0.27405715
2413,-0.88129103,0.33258805
2414,-0.9684018,0.28142783
2415,-0.89825106,0.24119093
2416,-1.0078053,0.28039256
2417,-1.0788709,0.354578
2418,-0.9839151,0.20527214
2419,-1.6195729,0.2923091
2420,-1.4993956,0.34659842
2421,-1.3065747,0.3283472
2422,-1.4610924,0.25117195
2423,-0.6528393,0.2097838
2424,-1.2101994,0.35770404
2425,-1.3877743,0.3497832
2426,-1.0496225,0.23747917
2427,-1.3837222,0.35658476
2428,-1.2244754,0.23848575
2429,-1.7107621,0.3368789
2430,-1.1057994,0.21640441
2431,-1.4979408,0.35943553
2432,-1.4174249,0.30743456
2433,-1.6632073,0.30078885
2434,-1.7733545,0.36906728
2435,-1.410219,0.3907772
2436,-1.4968151,0.41178015
2437,-0.8801927,0.28700218
2438,-1.2535285,0.36584333
2439,-1.4555564,0.29639405
2440,-1.3144122,0.44458848
2441,-1.0223583,0.21491171
2442,-1.7732205,0.32975572
2443,-1.3512896,0.29534212
2444,-1.3615341,0.3410132
2445,-1.244998,0.3688698
2446,-0.91540915,0.2254683
2447,-1.4951819,0.26875082
2448,-1.0857406,0.25464413
2449,-1.166474,0.23372476
2450,-1.4317372,0.26913422
2451,-1.3716981,0.37212428
2452,-0.71529335,0.22124703
2453,-0.9373085,0.26013657
2454,-1.1081401,0.2689536
2455,-0.9770884,0.25519344
2456,-1.3580153,0.31733018
2457,-1.0534065,0.31741735
2458,-1.4430879,0.2912557
2459,-0.8940144,0.24784318
2460,-0.94449264,0.29773435
2461,-0.88118446,0.18906073
2462,-1.0619478,0.28048632
2463,-1.0611051,0.23165703
2464,-1.7649503,0.3642851
2465,-1.5470505,0.29960126
2466,-1.5440717,0.4235314
2467,-0.7078776,0.1790499
2468,-1.5581524,0.25435513
2469,-0.9917538,0.18845609
2470,-1.1334896,0.32158563
2471,-1.2451026,0.34779763
2472,-0.8251187,0.28818205
2473,-1.4582902,0.30474344
2474,-0.94089615,0.24799456
2475,-0.6725431,0.21886916
2476,-1.4895264,0.33959898
2477,-1.0049573,0.26014826
2478,-1.0282297,0.274145
2479,-1.7893248,0.38394126
2480,-0.81276584,0.22728856
2481,-1.0867703,0.2823023
2482,-1.4871907,0.2584721
2483,-1.256031,0.26560318
2484,-1.2788198,0.26005852
2485,-1.2694385,0.26902947
2486,-1.2018576,0.35858136
2487,-1.8380346,0.3600366
2488,-1.2085282,0.33656532
2489,-0.9185083,0.17284282
2490,-1.2880893,0.30905536
2491,-1.2547563,0.38165608
2492,-0.53039026,0.1545194
2493,-1.0209097,0.27855843
2494,-1.2408383,0.27074152
2495,-1.4095294,0.38693783
2496,-0.8024786,0.24518308
2497,-0.9451332,0.19561462
2498,-1.3023334,0.28911364
2499,-1.3848501,0.31008056
2500,-1.3046329,0.30769235
2501,-1.2028947,0.25160092
2502,-1.1054002,0.2643965
2503,-1.1683327,0.36436626
2504,-1.2943978,0.3508695
2505,-0.7623934,0.25029948
2506,0.3462798,0.6819212
2507,-1.5073398,0.32906517
2508,-1.2847683,0.37794334
2509,-0.85876536,0.1879608
2510,-1.0782545,0.295945
2511,-1.2966111,0.34769836
2512,-1.2079155,0.33854052
2513,-1.5088811,0.31899658
2514,-1.3647294,0.26046562
2515,-1.1393429,0.38692114
2516,-1.1295033,0.31810373
2517,-0.8364383,0.1874536
2518,-1.4387935,0.3555081
2519,-1.1701083,0.28692573
2520,-0.87258387,0.18893528
2521,-0.97371674,0.3239107
2522,-1.033218,0.37829605
2523,-0.712635,0.16174816
2524,-1.8827313,0.3326224
2525,-1.4399707,0.31577626
2526,-1.0231924,0.35773337
2527,-1.0657161,0.2232812
2528,-1.115543,0.42292643
2529,-1.0304643,0.24833558
2530,-1.0519699,0.22078462
2531,-0.8290033,0.25622407
2532,-1.1460102,0.3131502
2533,-1.0127857,0.25938693
2534,-1.0199174,0.29295292
2535,-0.9958682,0.29555392
2536,-1.2041284,0.33231613
2537,-1.3862126,0.33350247
2538,-0.9920227,0.23009633
2539,-1.1053011,0.25680605
2540,-1.3906708,0.38388646
2541,-1.4891274,0.34721985
2542,-1.1610204,0.338455
2543,-0.8622142,0.19978882
2544,-1.2155052,0.29690605
2545,-1.159883,0.34712964
2546,-1.0960971,0.2979017
2547,-1.3404585,0.30765185
2548,-1.3674331,0.35978404
2549,-1.1889979,0.34752646
2550,-1.6314883,0.335636
2551,-1.205273,0.25560564
2552,-0.88777494,0.21209106
2553,-1.3479238,0.28008553
2554,-0.88627607,0.2228697
2555,-1.2087647,0.2773041
2556,-0.82209504,0.23194197
2557,-0.8480987,0.20956036
2558,-1.3603314,0.32208112
2559,-0.77946657,0.196687
2560,-0.9815481,0.2771897
2561,-1.0798858,0.3239554
2562,-1.3892673,0.31562358
2563,-0.4412146,0.21927811
2564,-0.9936707,0.25407478
2565,-1.1574863,0.3560649
2566,-1.4657925,0.3465849
2567,-0.9269333,0.18349718
2568,-0.94507146,0.22584976
2569,-1.132614,0.23696946
2570,-1.1853023,0.27827573
2571,-1.2530646,0.32866848
2572,-1.4060891,0.3076678
2573,-1.3759248,0.2980908
2574,-1.127341,0.3543606
2575,-0.89232844,0.24220197
2576,-0.95842177,0.25769085
2577,-1.1045277,0.21909419
2578,-1.2997719,0.30720067
2579,-1.0795522,0.30924806
2580,-1.02659,0.25879353
2581,-1.2114286,0.30451292
2582,-1.3828909,0.25149384
2583,-1.4541265,0.38164657
2584,-0.83158904,0.2692156
2585,-1.3036042,0.43608308
2586,-1.6077806,0.2853001
2587,-0.83192897,0.23700348
2588,-1.2010754,0.28836498
2589,-1.5512874,0.28987962
2590,-0.5133036,0.7361215
2591,-1.0530868,0.22433007
2592,-1.109513,0.32040507
2593,-0.9566106,0.2517818
2594,-0.8511265,0.28054693
2595,-1.5855652,0.29213795
2596,-1.5832957,0.3457105
2597,-0.88871306,0.24724147
2598,-0.88108236,0.25035968
2599,-0.94900984,0.297704
2600,-1.2157226,0.28986922
2601,-1.3146248,0.34938762
2602,-0.96221834,0.26230657
2603,-1.2428718,0.31719092
2604,-1.0769353,0.30978188
2605,-0.9060227,0.27772644
2606,-1.1003854,0.2428886
2607,-0.046920832,0.9396099
2608,-1.180953,0.26008695
2609,-1.0544857,0.28109127
2610,-1.8765019,0.38427588
2611,-1.0992668,0.24093686
2612,-0.49176225,0.18484046
2613,-1.1969023,0.18959053
2614,-0.7692765,0.29342744
2615,-1.0609171,0.25418332
2616,-0.7498944,0.24374329
2617,-0.93364966,0.23588859
2618,-0.7197505,0.24440774
2619,-1.7033379,0.2459443
2620,-0.97660744,0.1771567
2621,-0.9079235,0.3271818
2622,-1.3369676,0.22220574
2623,-0.97155464,0.21261089
2624,-0.7543967,0.18543217
2625,-1.457344,0.34283093
2626,-1.6024079,0.38351476
2627,-0.97616607,0.30911702
2628,-0.6776706,0.24857545
2629,-0.6629616,0.2533926
2630,-1.0648264,0.2560945
2631,-1.4004109,0.3255523
2632,-0.6943769,0.15232578
2633,-0.69405174,0.1782938
2634,-1.3487711,0.34186733
2635,0.57487273,0.55972224
2636,-1.2048725,0.32762328
2637,-1.27262,0.19830796
2638,-1.3753859,0.2927846
2639,0.3019832,0.574854
2640,-1.048386,0.2645163
2641,-1.3176318,0.358255
2642,-0.92719424,0.31935304
2643,-1.1395631,0.35805503
2644,-0.93654233,0.18264282
2645,-1.2196817,0.30104056
2646,-1.3753589,0.36338142
2647,-0.94932723,0.39757097
2648,-0.9357563,0.24471176
2649,-0.8228743,0.16755877
2650,-1.2434604,0.33073986
2651,-1.1717073,0.26768485
2652,-0.7905523,0.24258466
2653,-1.2748604,0.35150477
2654,-1.3040463,0.36913404
2655,-0.8553188,0.20441806
2656,-1.603581,0.39108455
2657,-0.6012848,0.18000525
2658,-1.1541399,0.31803703
2659,-1.0559567,0.21645625
2660,-1.159111,0.28938964
2661,-1.1039339,0.16384906
2662,-1.1899792,0.272627
2663,-1.0573628,0.2644859
2664,-1.5424517,0.35646197
2665,-0.0072897784,0.69164616
2666,-1.6144403,0.37286723
2667,-0.80557466,0.1983994
2668,-1.203906,0.29327303
2669,-1.4531687,0.33094123
2670,-0.9903967,0.309764
2671,-0.87749285,0.20019302
2672,-1.1186116,0.23624119
2673,-0.87446684,0.22951679
2674,-0.90262216,0.29622895
2675,-1.0572679,0.32507068
2676,-1.1753516,0.3977748
2677,-0.70296407,0.20955007
2678,-0.8642585,0.24152486
2679,-1.3947161,0.31695268
2680,-1.3367033,0.2557935
2681,-0.94218767,0.26459512
2682,-1.2029086,0.31690484
2683,-1.3467908,0.3480087
2684,-1.0753024,0.20964047
2685,-1.5080835,0.29776517
2686,-0.865245,0.3014512
2687,-1.1694527,0.29952273
2688,-1.6188718,0.29842
2689,-1.2316954,0.2946532
2690,-1.2803787,0.25438926
2691,-1.5195385,0.418142
2692,-1.1915964,0.23646228
2693,-1.2897578,0.24642792
2694,-0.8649795,0.23393942
2695,-1.6887103,0.23856395
2696,-1.3239266,0.2753855
2697,-1.0438081,0.33326605
2698,-1.805938,0.34813824
2699,-0.5507186,0.17613775
2700,-1.6525383,0.2948203
2701,-0.9831924,0.26718888
2702,-1.4279977,0.32784218
2703,-0.8009966,0.2276882
2704,-0.95220697,0.2855312
2705,-1.0553917,0.23096481
2706,-0.87222505,0.21405745
2707,0.20481455,0.5707139
2708,-1.4317977,0.30747432
2709,-0.67799133,0.20852448
2710,-1.598661,0.29842055
2711,-1.2143849,0.31091216
2712,-0.9642434,0.24220057
2713,-1.4782133,0.32222348
2714,-1.0879005,0.322559
2715,-1.291471,0.29327068
2716,-1.1770697,0.32913908
2717,-1.0006069,0.2152446
2718,-1.2179823,0.31741476
2719,-0.7907556,0.22318374
2720,-0.009918699,0.94470346
2721,-1.1142235,0.25061595
2722,-1.0588206,0.2707829
2723,-1.0111508,0.16318464
2724,-1.7337383,0.37181392
2725,-1.1230788,0.35124764
2726,-0.048433762,0.91809404
2727,-1.1768626,0.23626895
2728,-1.4056518,0.2675578
2729,-1.7110459,0.26554346
2730,-0.5115728,0.21465002
2731,-1.0032492,0.2902079
2732,-1.2437862,0.33002856
2733,-1.2289814,0.29165405
2734,-0.4534446,0.16828796
2735,-1.6041495,0.35948545
2736,-1.6471804,0.3236543
2737,-0.8322218,0.2674558
2738,-1.0885062,0.27970308
2739,-0.90630794,0.22044924
2740,-0.8162373,0.26449662
2741,-1.2730852,0.35044354
2742,-1.5075232,0.3520076
2743,-1.5105011,0.3623358
2744,-0.85593015,0.16077994
2745,-0.871352,0.19943714
2746,-1.2786938,0.28324205
2747,-0.99881536,0.26494664
2748,-0.9988276,0.32594818
2749,-1.2546996,0.29913655
2750,-1.2270607,0.34807208
2751,-0.9771407,0.31608638
2752,-0.93057233,0.1852017
2753,-1.4314489,0.3322787
2754,-1.7868886,0.32152843
2755,-0.80802923,0.20734788
2756,-1.0997111,0.24817613
2757,-1.4276896,0.36413154
2758,-0.8775553,0.19430648
2759,-1.182831,0.37664413
2760,-1.4978867,0.31975436
2761,-1.2982754,0.23667292
2762,-1.5717,0.3759095
2763,-1.0464514,0.25053534
2764,-1.220484,0.24877638
2765,-1.2798874,0.24843009
2766,-1.0871788,0.24526349
2767,-0.8997257,0.25606656
2768,-1.2529837,0.31926686
2769,-1.3515781,0.2663803
2770,-1.4013034,0.32104805
2771,-1.2022325,0.24551344
2772,-1.471767,0.29247597
2773,-0.7712795,0.24726033
2774,-1.8058648,0.32588518
2775,-1.3374679,0.30251205
2776,-1.139151,0.24262503
2777,-0.9044565,0.27073234
2778,-0.933349,0.29409435
2779,-1.4207847,0.27548212
2780,-0.8002283,0.22101454
2781,-0.743293,0.83871543
2782,-0.83557487,0.20961691
2783,-1.445718,0.3382435
2784,-1.3696895,0.26668435
2785,-1.2231231,0.3591255
2786,-0.9805276,0.19597773
2787,-1.3678693,0.28186208
2788,-1.1277835,0.28468236
2789,-1.8143516,0.27726704
2790,-1.327348,0.35758775
2791,-0.6602858,0.20437926
2792,-0.8333373,0.25370198
2793,-0.371091,0.7542826
2794,-1.1515099,0.2665856
2795,-1.0805167,0.25424767
2796,-1.1167159,0.35918355
2797,-1.1728135,0.38554186
2798,-1.5430096,0.33878002
2799,-1.3778596,0.41816851
2800,-1.1427867,0.24104528
2801,-1.1815878,0.23602095
2802,-1.1225727,0.31632066
2803,-1.3948984,0.29450172
2804,-1.0914044,0.22868407
2805,-1.4312824,0.32496703
2806,-0.95835173,0.17814456
2807,-0.8007654,0.28922853
2808,-1.5931201,0.3118578
2809,-1.4848518,0.39413515
2810,-1.8900789,0.31676516
2811,-1.1540883,0.1866723
2812,-1.7488178,0.32226458
2813,-0.91387755,0.29184952
2814,-1.3447784,0.4034053
2815,-0.81729054,0.23415454
2816,-1.3666555,0.29533264
2817,-1.1587605,0.24926278
2818,0.707431,0.759889
2819,-1.1011087,0.28159487
2820,-1.5352536,0.29985824
2821,-1.1129628,0.19844283
2822,-1.7776788,0.30251014
2823,-2.147727,0.3808615
2824,-0.84824777,0.28390417
2825,-1.5505985,0.3481463
2826,-1.3896185,0.29831967
2827,1.6819508,0.8874681
2828,-1.3702806,0.3702768
2829,-1.2861626,0.2886073
2830,-1.5236409,0.2695927
2831,-1.4296021,0.3098164
2832,-1.2696047,0.25759736
2833,-1.1675876,0.23166808
2834,-0.94953996,0.24529266
2835,-1.5494065,0.25643924
2836,-1.3737128,0.26585788
2837,-1.1978133,0.2051428
2838,-1.906528,0.316979
2839,-1.8213478,0.33200297
2840,-1.098516,0.3195653
2841,-0.89448667,0.26615316
2842,-1.357737,0.35793117
2843,-1.2719574,0.31566358
2844,-1.5657735,0.36962235
2845,-1.1188264,0.24833341
2846,-1.402589,0.3167237
2847,-0.83514196,0.24719027
2848,-1.195581,0.31527525
2849,-1.0758095,0.35484603
2850,-0.92356974,0.31239155
2851,-0.70350105,0.21060687
2852,-1.0092162,0.23292036
2853,-0.92430615,0.24739094
2854,-0.6514223,0.30191803
2855,-1.2520372,0.33510947
2856,-1.2216964,0.28349617
2857,-1.1694809,0.30344844
2858,-1.3360785,0.31208983
2859,-0.8413356,0.3406465
2860,-1.4007905,0.38721222
2861,-1.0380858,0.2649312
2862,-1.1840242,0.29391435
2863,-0.33503205,0.6681953
2864,-1.1066941,0.27757013
2865,-1.4644815,0.30090547
2866,-0.70265764,0.26563847
2867,-1.0918941,0.25047734
2868,-0.83038884,0.23806942
2869,-1.518042,0.3872538
2870,-1.1565964,0.33800596
2871,-1.0526203,0.3222023
2872,-0.6683673,0.16240112
2873,-1.1756027,0.29633194
2874,-0.91895753,0.3335617
2875,-1.6241105,0.28743047
2876,-1.0951531,0.22995402
2877,-0.8183944,0.22621079
2878,-1.1321032,0.27436897
2879,-1.4204844,0.25134784
2880,-0.8307403,0.2390045
2881,-1.107412,0.29386386
2882,-1.1965467,0.28552222
2883,-1.3666737,0.4095227
2884,-1.4461228,0.2566705
2885,-1.2663401,0.25382695
2886,-1.6788341,0.33028525
2887,-1.480513,0.37793705
2888,-0.89543796,0.21636675
2889,-1.4523664,0.3243461
2890,-1.4709207,0.4170054
2891,-1.0773354,0.27073628
2892,-1.577792,0.36110815
2893,-1.0438689,0.18384597
2894,-1.1392822,0.2766699
2895,-0.99504113,0.26413235
2896,-1.2087605,0.29898006
2897,-0.9797203,0.27406782
2898,-1.3734462,0.31832054
2899,-0.716528,0.18768656
2900,-1.4184477,0.37729588
2901,-1.1238481,0.3101115
2902,-0.7966995,0.21680592
2903,-0.8323672,0.17961745
2904,-1.2640295,0.4094604
2905,-1.3085712,0.2797877
2906,-0.9106629,0.22531419
2907,-1.4236542,0.31062698
2908,-1.4648979,0.36501053
2909,-0.8613606,0.27555743
2910,-1.4372694,0.37291938
2911,-0.63538873,0.19344103
2912,-1.7185221,0.33726782
2913,-1.0431341,0.26220176
2914,-1.1367009,0.2329864
2915,-0.9308519,0.21193756
2916,-0.7309578,0.29249108
2917,-1.3716682,0.33405992
2918,-1.1125779,0.32569465
2919,-1.0858786,0.3026257
2920,-1.2052543,0.29316267
2921,-0.8661648,0.2395705
2922,-1.5206908,0.2747714
2923,-0.76973987,0.20892717
2924,-1.3567864,0.30763903
2925,-1.0700879,0.25506118
2926,-1.7399968,0.34493956
2927,-1.1169637,0.32827175
2928,-1.054002,0.32754716
2929,-1.1670846,0.46631023
2930,-1.4043748,0.2878565
2931,-1.3417587,0.3020649
2932,-0.7623564,0.21036427
2933,-0.7439379,0.25685096
2934,-0.64738864,0.15701884
2935,-1.5257618,0.31430227
2936,-1.1043319,0.2902119
2937,-1.0753025,0.25299644
2938,-1.1443032,0.22922863
2939,-0.7263763,0.2052367
2940,-0.9041332,0.19695528
2941,-0.968461,0.17747483
2942,-1.3504038,0.29700086
2943,-1.210121,0.2982214
2944,-0.69688505,0.20738639
2945,-1.3142787,0.31178635
2946,-1.200981,0.23078272
2947,-1.3808715,0.3364769
2948,-0.9522364,0.2620791
2949,-1.1503731,0.28347793
2950,-1.2093753,0.22441088
2951,-1.4390559,0.3051334
2952,-1.214505,0.34389427
2953,-1.5645903,0.39237276
2954,-1.5257068,0.34744447
2955,-0.8854235,0.19977732
2956,-1.1254622,0.24164647
2957,-0.9919775,0.22851948
2958,-1.1372786,0.3328337
2959,-1.5015074,0.24143076
2960,-0.7076993,0.17927095
2961,-1.102242,0.2749222
2962,-1.0208478,0.21417718
2963,-0.8108801,0.18635401
2964,-1.4980061,0.32151285
2965,0.9270973,0.9645653
2966,-1.4145782,0.34529835
2967,-0.8872868,0.25027108
2968,-1.1656274,0.32699162
2969,-1.1456113,0.23607221
2970,-0.74416894,0.22223546
2971,-1.6247246,0.42541656
2972,-1.1650052,0.30408645
2973,-1.0301535,0.251282
2974,-1.4592932,0.29230314
2975,-1.4286833,0.30136362
2976,-1.5288152,0.33360627
2977,-1.1875026,0.36922997
2978,-1.0676326,0.2623281
2979,-1.5639164,0.31627172
2980,-0.8148837,0.24870513
2981,-1.8623309,0.4186313
2982,-1.2976261,0.3070401
2983,-0.95467496,0.23189148
2984,-1.0408301,0.290472
2985,-0.91609937,0.18940161
2986,-1.1947368,0.28124824
2987,-1.5799155,0.3359984
2988,-1.1635649,0.19964151
2989,-0.69118637,0.26803988
2990,-1.5413873,0.3104686
2991,-0.70416236,0.21843618
2992,-1.3316115,0.3171707
2993,-1.0974823,0.17129707
2994,-1.1027726,0.24349263
2995,-1.2872168,0.27159896
2996,-1.3223032,0.26713407
2997,-0.91150576,0.24335259
2998,-1.3281839,0.30598125
2999,-1.4041717,0.40452048
3000,-1.3195195,0.23417561
3001,-1.293318,0.28003526
3002,-1.7414672,0.30644667
3003,-1.0281193,0.29072228
3004,-1.136344,0.2522667
3005,-1.1512635,0.23010623
3006,-1.4136522,0.2717417
3007,-1.4091976,0.2943171
3008,-1.2830684,0.2579065
3009,-1.1746732,0.25088072
3010,-1.1762714,0.22717279
3011,-0.79677725,0.2264044
3012,-1.4062965,0.32662562
3013,-1.3496118,0.30173472
3014,-1.2821068,0.33254457
3015,-1.0288032,0.32016686
3016,-1.0553952,0.26561034
3017,-0.9172074,0.23646851
3018,-0.66182405,0.21809131
3019,-0.9801383,0.24161442
3020,-1.4014482,0.29283112
3021,-1.1689072,0.32090214
3022,-1.1546197,0.2382869
3023,-1.3479003,0.32007915
3024,-1.3784617,0.7471153
3025,-0.8051028,0.27637944
3026,-0.996369,0.2190744
3027,-1.1440204,0.24911003
3028,-1.2959026,0.21560194
3029,-1.4103702,0.32488295
3030,-1.5746249,0.40406677
3031,-0.8869972,0.23849207
3032,-1.4746634,0.34118292
3033,-1.3512383,0.23041235
3034,-1.1227746,0.2874383
3035,-1.331417,0.33929655
3036,-1.4366204,0.2879305
3037,-1.4914926,0.25670046
3038,-0.9596289,0.26892215
3039,-0.8814166,0.24032474
3040,-0.48364145,0.11973262
3041,-1.1058201,0.2599408
3042,-0.6028673,0.16661337
3043,-1.3741629,0.37799284
3044,-1.2730278,0.28771842
3045,-1.0501097,0.3295971
3046,-1.6764086,0.30396104
3047,-1.1218696,0.22712255
3048,-1.7897259,0.4049061
3049,-1.2426676,0.30919942
3050,-0.7626615,0.22510271
3051,-1.5236136,0.2998909
3052,-1.596235,0.32032704
3053,-1.8094829,0.31919324
3054,-1.0909364,0.23498149
3055,-1.106558,0.34212098
3056,-1.308803,0.317949
3057,-1.1259824,0.37353924
3058,-1.2286204,0.21179795
3059,-0.6635156,0.2678204
3060,-1.1205939,0.40925065
3061,-1.2308948,0.25574595
3062,-1.3483351,0.2490972
3063,-0.9321499,0.22701994
3064,-1.0831627,0.3877126
3065,-1.1817796,0.2835537
3066,-0.85976213,0.26045245
3067,-1.065617,0.30389366
3068,0.3774324,0.74104184
3069,-1.4058074,0.29851082
3070,-1.2002689,0.28071165
3071,-0.90760565,0.26023427
3072,-0.8491348,0.24718586
3073,-1.0611844,0.3091605
3074,-0.7888437,0.16891296
3075,-1.0521693,0.29403403
3076,-1.4476374,0.38171646
3077,-1.2278228,0.35069114
3078,-0.8506443,0.19721723
3079,-1.6087226,0.32624367
3080,-1.132568,0.25974345
3081,-1.5356487,0.4160641
3082,-1.3993455,0.33369708
3083,-1.1026711,0.22173208
3084,-1.6442962,0.2608757
3085,-1.672716,0.31581858
3086,-0.8912269,0.29029983
3087,-1.0230496,0.30958918
3088,-0.91619754,0.27878934
3089,-1.440714,0.3696087
3090,-1.5722535,0.24715109
3091,-1.6961572,0.378371
3092,-1.0485158,0.23847838
3093,-1.4847568,0.26170728
3094,-0.8903945,0.2319114
3095,-1.560411,0.34173128
3096,-0.87814605,0.23251401
3097,-1.0570754,0.29865724
3098,-0.82616305,0.22902618
3099,-1.2954152,0.2866001
3100,-1.628091,0.2810109
3101,-1.3018215,0.23216555
3102,-0.9659152,0.18576396
3103,-0.9131833,0.16825333
3104,-1.374242,0.3392997
3105,-0.9191195,0.26616296
3106,-1.6074268,0.28432125
3107,-1.3862739,0.33933115
3108,-1.4559408,0.41055065
3109,-1.2024443,0.28796408
3110,-0.787269,0.26084998
3111,-1.7175267,0.32771465
3112,-1.302219,0.34397542
3113,-1.0027704,0.20497917
3114,-1.1392525,0.40070543
3115,-1.2259504,0.35820675
3116,-1.1743082,0.31649953
3117,-1.6059804,0.3688431
3118,-1.1260936,0.29689032
3119,-0.99346894,0.2286057
3120,-1.8919737,0.43600887
3121,-1.2283661,0.22336417
3122,-1.7389051,0.3490151
3123,-1.275578,0.28276268
3124,-0.8743776,0.18486883
3125,-1.3644322,0.37599728
3126,-0.9289618,0.34031922
3127,-1.0843796,0.31768015
3128,-1.0076045,0.23665796
3129,-1.3712503,0.3005988
3130,-1.6344208,0.32319963
3131,-1.4086919,0.22194281
3132,-1.3103814,0.28348178
3133,-1.1958357,0.35453454
3134,-1.0361098,0.3608809
3135,-1.1119651,0.2562812
3136,-1.1805714,0.29572174
3137,-0.9845507,0.23712929
3138,-0.9341995,0.29715708
3139,-1.5568647,0.28748572
3140,-1.6104132,0.3151995
3141,-1.1905885,0.37209767
3142,-1.2500651,0.27107385
3143,-1.4545641,0.28502908
3144,-1.1671811,0.31165984
3145,-1.5789406,0.33170882
3146,-0.869557,0.22026357
3147,-1.3187784,0.38479057
3148,-0.7312276,0.85803074
3149,-1.275768,0.358825
3150,-1.066903,0.31090125
3151,-1.6619242,0.3269311
3152,-1.726658,0.32412985
3153,-1.3279594,0.256824
3154,-1.247756,0.23846601
3155,-1.2211233,0.33006003
3156,-0.955655,0.3180898
3157,-1.5378299,0.38367343
3158,-1.3271347,0.3250006
3159,-1.075096,0.263738
3160,-1.1180712,0.34472063
3161,-1.3462437,0.28045118
3162,-1.0444398,0.29930916
3163,-1.1540403,0.348532
3164,-1.0746938,0.27672768
3165,-1.0543337,0.26406744
3166,-1.0537038,0.25128347
3167,-0.9103552,0.2684383
3168,-0.6199301,0.17873675
3169,-0.6790541,0.17172188
3170,-1.8039651,0.33528185
3171,-1.3952768,0.3318641
3172,-1.371286,0.35943675
3173,-0.96036065,0.20921148
3174,-1.4650807,0.32183844
3175,-1.0599157,0.32773417
3176,-1.421738,0.27225214
3177,-1.5575489,0.30931777
3178,-1.2298145,0.25911885
3179,-1.4269215,0.34923032
3180,-1.468576,0.2951787
3181,-1.3259884,0.36713877
3182,-0.8360661,0.24056557
3183,-1.1298575,0.31006306
3184,-1.1954312,0.2810974
3185,-1.1274904,0.24030678
3186,-1.4924868,0.4018635
3187,-1.2552311,0.3046667
3188,-1.1812441,0.25725225
3189,-0.87750137,0.23057126
3190,-1.3569744,0.27684975
3191,-1.3000165,0.29750425
3192,-1.4070374,0.32234502
3193,-0.9858043,0.2728823
3194,-1.4758861,0.3304666
3195,-0.9396288,0.27992433
3196,-1.2954973,0.2296042
3197,-0.8715117,0.20417058
3198,-1.1479758,0.34432304
3199,-0.8217476,0.18447101
3200,-0.6385372,0.16263074
3201,-1.3399924,0.29527494
3202,-1.6235358,0.35537994
3203,-1.180831,0.3331442
3204,-1.6758244,0.38580766
3205,-1.1329058,0.34845945
3206,-1.2897301,0.28725377
3207,-1.669131,0.3323149
3208,-1.3767006,0.36193967
3209,-0.77596945,0.19182491
3210,-0.7217022,0.20988455
3211,-0.7487584,0.18209171
3212,-1.3017311,0.2880721
3213,-1.2481533,0.25441822
3214,-0.84488326,0.19299506
3215,-1.1175482,0.27969506
3216,-0.9498754,0.23948725
3217,-1.4102741,0.307448
3218,-1.2973763,0.2577623
3219,-1.1751688,0.3468053
3220,-1.3647515,0.36615366
3221,-1.0288602,0.24927165
3222,-1.1062248,0.24925332
3223,-0.94518656,0.18017256
3224,-1.2712756,0.2692128
3225,-1.526402,0.37955883
3226,0.061113473,0.942948
3227,-1.1196398,0.2758029
3228,-0.9618353,0.20654374
3229,-0.76393944,0.19904166
3230,-1.1456472,0.2834851
3231,-1.382854,0.34577265
3232,-1.7702821,0.32949436
3233,-1.5785496,0.33130702
3234,-1.5238583,0.28841236
3235,-1.6416097,0.2532965
3236,-1.1358398,0.25903708
3237,-1.4204009,0.26173013
3238,-1.0889226,0.27689677
3239,-1.0731007,0.19834207
3240,-1.3067929,0.3296118
3241,-0.9450929,0.2279739
3242,-0.85696214,0.2641857
3243,-1.4013948,0.29660627
3244,-1.4584441,0.2870938
3245,-1.1875463,0.31247562
3246,-1.1566333,0.2158786
3247,-0.9029486,0.19003752
3248,-1.0355662,0.27598724
3249,-0.9362494,0.304204
3250,-1.407596,0.34222224
3251,-1.5071008,0.2589665
3252,-1.0912899,0.2882945
3253,-1.1341057,0.337969
3254,-0.7635398,0.23013248
3255,-0.9193146,0.17856354
3256,-1.2957759,0.28727084
3257,-1.0900512,0.32515755
3258,-0.92713046,0.18969207
3259,-1.4686753,0.3219875
3260,-1.3459734,0.26517433
3261,-1.0058173,0.2147645
3262,-1.3330995,0.4549952
3263,-1.0188907,0.20921035
3264,-1.2767011,0.27130973
3265,-0.7835437,0.27371192
3266,-1.2168512,0.27254143
3267,-0.9424818,0.23191506
3268,-0.9231161,0.2803822
3269,-0.8495133,0.19207652
3270,-1.5287194,0.3019726
3271,-0.92777616,0.20865862
3272,-1.1773089,0.26523986
3273,-1.1297879,0.2235741
3274,-0.78279203,0.2085193
3275,-1.2141867,0.2772155
3276,-1.0594785,0.26861203
3277,-1.3546371,0.3086157
3278,-1.1451801,0.33422253
3279,-1.2220068,0.20629238
3280,-1.2324938,0.3529759
3281,-1.9721675,0.39720047
3282,-1.4652038,0.39791512
3283,-1.483468,0.25104138
3284,-1.5637915,0.41683003
3285,-0.9853658,0.3385765
3286,-1.0279758,0.28356057
3287,-1.6242671,0.30897596
3288,-0.84708047,0.23328112
3289,-1.712245,0.2881633
3290,-1.1208813,0.2303972
3291,-1.3177688,0.38229373
3292,-1.1759503,0.21435314
3293,-1.3349795,0.30505645
3294,-1.0785204,0.2584457
3295,-1.5816302,0.27909347
3296,-0.81682837,0.2178772
3297,-1.4885266,0.33850566
3298,-0.8743637,0.1911003
3299,-1.0393853,0.26800364
3300,-0.93025035,0.25091293
3301,-1.393154,0.38268366
3302,-0.8344583,0.25390795
3303,-0.9781711,0.25792718
3304,-1.1257454,0.320393
3305,-1.2871519,0.27786177
3306,-1.3221248,0.31898415
3307,-1.0850586,0.2631341
3308,-1.5476749,0.3052281
3309,-0.53464246,0.14303124
3310,-0.02640181,0.85102177
3311,-1.1205028,0.260697
3312,-1.1227536,0.29911226
3313,-1.0285512,0.408185
3314,-1.1661544,0.23812331
3315,-1.2070197,0.24447706
3316,-1.1119965,0.28679764
3317,-1.2471696,0.3506502
3318,-0.8351257,0.31777355
3319,-0.9555161,0.24493743
3320,-0.95055956,0.39597335
3321,-0.9019421,0.22963001
3322,-1.2977614,0.3280245
3323,-0.8812237,0.3455826
3324,-0.93717635,0.20091826
3325,-1.255719,0.29350182
3326,-1.2111578,0.26943752
3327,-1.4810989,0.3462287
3328,-1.1593537,0.2752732
3329,-0.7002473,0.19427325
3330,-1.4686109,0.28459898
3331,-1.1110398,0.21396032
3332,-1.4341102,0.32112968
3333,-1.7196627,0.44220877
3334,-0.66976446,0.26154268
3335,-1.3684092,0.32681915
3336,0.4397811,0.88798195
3337,-0.5672853,0.24166957
3338,-1.4675308,0.40857503
3339,-0.9784536,0.36865237
3340,-1.3359482,0.2794768
3341,-1.5598401,0.3101296
3342,-1.3089957,0.31753746
3343,-0.93350405,0.22925666
3344,-0.87775093,0.17769052
3345,-1.3790278,0.327791
3346,-0.75825524,0.20651895
3347,-0.9678232,0.23829848
3348,-0.8021368,0.24468248
3349,-1.3733217,0.3269499
3350,-0.80579805,0.1857134
3351,-1.4723622,0.32414728
3352,-1.0782132,0.19207832
3353,-1.6195623,0.25961328
3354,-0.8837604,0.21364051
3355,-1.0796479,0.27395824
3356,-1.1288842,0.25881517
3357,-0.66338557,0.21993364
3358,-1.3835033,0.25996193
3359,-1.4739233,0.30734187
3360,-1.0316511,0.27094692
3361,-1.2356718,0.26124802
3362,-1.2244073,0.2656972
3363,-1.5280396,0.44850302
3364,-0.87335134,0.28070283
3365,-1.0619085,0.3264475
3366,-0.9163664,0.22925754
3367,-0.42194298,0.8548108
3368,-1.0441945,0.26299134
3369,-0.73394465,0.15579714
3370,0.18864012,0.54907155
3371,-1.1563379,0.22149034
3372,-1.0909016,0.292399
3373,-1.0548695,0.30403388
3374,0.123069964,0.5551685
3375,-1.2923611,0.35634074
3376,-1.3890464,0.2216079
3377,-1.0519719,0.24778649
3378,-0.9577768,0.22174717
3379,-1.2361854,0.25911716
3380,-1.4655191,0.30858418
3381,-1.1794187,0.27911422
3382,-0.5316951,0.16125639
3383,-0.68949735,0.24320874
3384,-1.5442071,0.27182257
3385,-1.3777264,0.30283555
3386,-1.5980804,0.30958307
3387,-1.5035535,0.3055407
3388,-0.8448204,0.28434885
3389,-0.97231674,0.205176
3390,-1.2230221,0.345157
3391,-0.89414924,0.23191148
3392,-0.6746118,0.18006492
3393,-0.9737059,0.3251079
3394,-0.92567325,0.25257576
3395,-1.6958395,0.30938262
3396,-1.07805,0.4529173
3397,-1.0631813,0.29185003
3398,-0.94535184,0.23470825
3399,-1.2274796,0.32363582
3400,1.0185713,0.7028859
3401,-1.0936115,0.34427023
3402,-1.1670122,0.23560962
3403,-1.5568895,0.3851764
3404,-1.3816779,0.2024782
3405,-1.2830625,0.3833383
3406,-1.2309747,0.30317003
3407,-0.67241454,0.20265813
3408,-0.99021316,0.2508553
3409,-1.3450371,0.31003124
3410,-1.0899245,0.21855158
3411,-1.4035589,0.29654032
3412,-1.2162918,0.2822973
3413,-1.0638103,0.26820138
3414,-1.3999946,0.29653373
3415,-0.96730316,0.16854887
3416,-0.6041311,0.19850692
3417,-1.14416,0.23249105
3418,-1.3586115,0.28627256
3419,-1.4606559,0.36862165
3420,-1.0407994,0.3789242
3421,-0.6797455,0.14381514
3422,-0.8202627,0.16459192
3423,-1.3562365,0.2976533
3424,-1.1660488,0.33212924
3425,-1.0564015,0.28591156
3426,0.4113673,0.87228656
3427,-1.0499932,0.34139773
3428,-1.4190586,0.27019203
3429,-1.3844196,0.34396362
3430,-0.6610601,0.18810521
3431,-0.9109333,0.3069101
3432,-0.9411728,0.30783772
3433,-0.69349146,0.18624969
3434,-1.1760334,0.25086692
3435,-0.8468724,0.32373983
3436,-0.9981185,0.35134014
3437,-1.2914566,0.32168958
3438,-1.3264214,0.3581393
3439,-1.3458072,0.31756878
3440,-0.9077175,0.2737292
3441,-0.73088,0.32338387
3442,-0.7116098,0.22693293
3443,-0.83185077,0.22597519
3444,-1.1436856,0.26381898
3445,-1.2026145,0.32554308
3446,-1.0188074,0.22138861
3447,-1.533834,0.29812637
3448,-1.4859515,0.3133743
3449,-1.6393952,0.28547493
3450,-1.1735362,0.29720962
3451,-0.92058355,0.25928488
3452,-1.37546,0.28301612
3453,-1.4752333,0.3987687
3454,-1.41968,0.32708922
3455,-1.3807132,0.34257886
3456,-1.2039003,0.26422328
3457,-0.8874191,0.21911183
3458,-1.3641309,0.31474036
3459,-1.0676169,0.269021
3460,-0.80386215,0.2769794
3461,-1.2060592,0.30561134
3462,-1.7051271,0.35139257
3463,-0.9101848,0.23737694
3464,-0.72276545,0.26380992
3465,-0.9881001,0.2479151
3466,-0.88646394,0.22154649
3467,-1.0341678,0.26068544
3468,-1.1263611,0.29571655
3469,-1.1069442,0.28257534
3470,-1.6407788,0.35513547
3471,-1.752763,0.3811191
3472,-1.465118,0.375422
3473,-1.1750914,0.30249774
3474,-1.1292396,0.28145376
3475,-0.9410668,0.28624082
3476,-1.5911813,0.41272095
3477,-1.0802964,0.21213241
3478,-1.59136,0.41616696
3479,-0.8789239,0.2679358
3480,-1.1705319,0.27767372
3481,-1.2481245,0.2802126
3482,-1.232749,0.28337926
3483,-1.2162709,0.27183902
3484,-1.1061597,0.27862373
3485,-1.3308529,0.3427781
3486,-1.2336028,0.38300478
3487,-0.25435257,0.66808337
3488,-1.4778466,0.2946683
3489,-0.700719,0.22902371
3490,-2.179947,0.33347413
3491,-1.9416721,0.3712398
3492,-1.3200756,0.36698404
3493,-1.5332674,0.3554461
3494,-1.3775951,0.31277198
3495,-1.3377283,0.23966703
3496,-0.5692654,0.1796358
3497,-0.77942884,0.24046409
3498,-1.2418981,0.33701867
3499,-0.89818513,0.18870224
3500,-0.66550136,0.23503844
3501,-1.1759441,0.34656757
3502,-1.5397829,0.30920658
3503,-1.1671351,0.28771734
3504,-0.96446264,0.26399198
3505,-1.3007169,0.30137348
3506,-1.1431581,0.27963564
3507,-1.5807006,0.2900531
3508,-1.3352867,0.32595608
3509,-1.3724942,0.336642
3510,-1.3616713,0.3579311
3511,-1.1592858,0.31783843
3512,-1.2985926,0.33352873
3513,-1.20915,0.27294087
3514,-1.0811707,0.17114325
3515,-1.4017539,0.33925012
3516,-1.0638998,0.23970987
3517,-1.1408689,0.24054386
3518,-1.1377581,0.27461296
3519,-1.1937543,0.28225723
3520,-1.0311573,0.24749191
3521,-1.0715667,0.20508851
3522,-1.1706951,0.26804793
3523,-1.401801,0.29356426
3524,-1.5016818,0.26913154
3525,-1.614757,0.3603215
3526,-0.92917466,0.2401753
3527,-1.1639574,0.20923114
3528,-1.1177105,0.22305639
3529,-1.6091582,0.32174993
3530,-1.6436381,0.24282384
3531,-1.1991192,0.32775795
3532,-1.2825087,0.32874846
3533,-0.86168855,0.2174396
3534,-0.8995021,0.26527417
3535,-0.94852656,0.20236014
3536,-2.012995,0.33173826
3537,-1.2767184,0.3143625
3538,-1.3632278,0.34140205
3539,-0.49144614,0.7919309
3540,-0.61751294,0.23775885
3541,-1.8936203,0.44030872
3542,-1.0415263,0.2027913
3543,-1.0742791,0.23606454
3544,-1.6383206,0.31417167
3545,-1.6350714,0.40352565
3546,-1.460967,0.29630932
3547,-1.1888372,0.314816
3548,-1.3524787,0.24515276
3549,-1.0039723,0.2500728
3550,-0.9552465,0.27336985
3551,-1.2944461,0.30273187
3552,-1.0817935,0.39581203
3553,-1.2787417,0.31931826
3554,-1.1387706,0.27953795
3555,-1.0778209,0.29123616
3556,-1.2923568,0.20708068
3557,-1.5031887,0.34447467
3558,-1.387739,0.2748292
3559,-1.6337198,0.30586573
3560,-1.0558326,0.31805673
3561,-0.9184078,0.20352797
3562,-0.8352384,0.30664244
3563,-1.099049,0.29970697
3564,-1.7162976,0.32863462
3565,-0.9491333,0.25608376
3566,-0.87827444,0.24851812
3567,-1.2257444,0.225024
3568,-1.1570584,0.23101425
3569,-1.4387736,0.31571108
3570,-1.3487779,0.26264
3571,-1.3188334,0.33541223
3572,-1.1850907,0.26164398
3573,-1.0564255,0.26469254
3574,-1.0735812,0.2713259
3575,-1.1705464,0.27279562
3576,-1.3524749,0.22831485
3577,-1.142484,0.24145775
3578,-1.164282,0.34205347
3579,-1.5122281,0.3291828
3580,-1.1323589,0.29476556
3581,-1.4347429,0.30737123
3582,0.8851586,0.73365504
3583,-1.1921543,0.2628829
3584,-1.2111716,0.29380682
3585,-1.1706681,0.3362529
3586,-0.9075017,0.18030533
3587,-1.1483773,0.27969313
3588,-1.2216913,0.27149525
3589,-1.6551497,0.24837077
3590,-1.3546861,0.28493965
3591,-1.2297549,0.40521508
3592,-1.5955638,0.3648403
3593,-1.2010328,0.31001174
3594,-0.6858227,0.1944107
3595,-0.92778605,0.316859
3596,-1.9003597,0.37537283
3597,-0.75687456,0.18933028
3598,-0.6013787,0.13693962
3599,-1.3848348,0.31655258
3600,-1.3553194,0.3810505
3601,-1.1751056,0.26637742
3602,-1.23809,0.33726928
3603,-0.8221412,0.2158921
3604,-1.2812656,0.3409284
3605,-1.1169002,0.2960107
3606,-1.6088699,0.37285963
3607,-0.7488479,0.16349424
3608,-1.8314837,1.0043277
3609,-1.1906431,0.36330387
3610,-0.87304634,0.18976735
3611,-1.5186213,0.32935756
3612,-0.65273356,0.19178998
3613,-1.0281554,0.2101842
3614,-1.0393052,0.21778733
3615,-1.4864175,0.3878039
3616,-1.3451346,0.26367232
3617,-0.94778955,0.2137846
3618,-1.1048554,0.21714136
3619,-1.0206268,0.31433362
3620,-1.0437363,0.26916024
3621,-1.1066529,0.27314904
3622,-1.2600442,0.34230426
3623,-0.96284515,0.25495088
3624,-1.3327752,0.29026768
3625,-1.5991572,0.40444326
3626,-0.8375216,0.28678438
3627,0.271237,0.7944896
3628,-1.5599627,0.37636086
3629,-1.016658,0.27194357
3630,-0.77104974,0.23533823
3631,-1.5300952,0.32252204
3632,-1.9708401,0.35208827
3633,-1.5121634,0.26023236
3634,-0.91037405,0.31580034
3635,-1.4197206,0.27806768
3636,-1.3006128,0.22954795
3637,-1.305206,0.2876192
3638,-0.99533236,0.22149862
3639,-1.0973443,0.36272106
3640,-0.7297547,0.15093115
3641,-1.100177,0.334948
3642,-1.4710655,0.36892346
3643,-1.1569939,0.29622096
3644,-1.6661831,0.3420625
3645,-1.0003303,0.31464723
3646,-1.2827835,0.32007256
3647,-0.9625771,0.22390561
3648,-1.1139786,0.29984832
3649,-1.4077499,0.30142906
3650,-1.7025802,0.32046673
3651,-1.3085078,0.27316907
3652,-1.1894639,0.33116636
3653,-1.4409639,0.3072573
3654,-1.085725,0.24714917
3655,-1.3168344,0.31749257
3656,-0.93732256,0.27379063
3657,-1.192801,0.22396342
3658,-1.3813742,0.35632196
3659,-1.409721,0.36546943
3660,-1.2402732,0.4434552
3661,-1.3107339,0.31584373
3662,-1.4430246,0.35494977
3663,-1.2484151,0.31875888
3664,-1.2426716,0.34435588
3665,-0.9153227,0.23416735
3666,-1.3823453,0.20310809
3667,-0.9453071,0.25863716
3668,-0.9514826,0.32548767
3669,-0.6702275,0.171013
3670,-1.1068424,0.34571958
3671,-1.2446415,0.36373353
3672,-0.8237617,0.22310936
3673,-1.3122201,0.24438837
3674,-1.0157739,0.2840341
3675,-1.209536,0.2878771
3676,-1.1230911,0.3392422
3677,-1.4635905,0.3180662
3678,-1.9739659,0.4067776
3679,-0.954888,0.22484753
3680,-1.6378353,0.40500325
3681,-1.0745085,0.276256
3682,-1.0397904,0.21607748
3683,-1.4073166,0.25389117
3684,-1.1083672,0.38418984
3685,-1.3870093,0.35644445
3686,-1.2062597,0.23185411
3687,-1.2936307,0.36535072
3688,-1.0337667,0.21525392
3689,-1.1969914,0.3272501
3690,-0.97360754,0.23435019
3691,-0.7767574,0.24032229
3692,-1.600013,0.3634465
3693,-0.67113495,0.23298326
3694,-1.5034381,0.23346671
3695,-0.98638827,0.30729312
3696,-1.20926,0.26012757
3697,-1.0265994,0.28389227
3698,-1.3791863,0.24328326
3699,-0.6290806,0.19825272
3700,-0.8028257,0.16754073
3701,-1.4721594,0.26914698
3702,-1.0212165,0.28972077
3703,-1.3399403,0.23359278
3704,-1.4000565,0.32615188
3705,-1.3779978,0.33123007
3706,-0.9607729,0.24170493
3707,-1.4906741,0.49169102
3708,-0.99499834,0.20256983
3709,-0.8100017,0.2548358
3710,-1.304316,0.2516353
3711,-0.99566597,0.24743034
3712,-1.5655327,0.33736062
3713,-1.3151312,0.26017413
3714,-1.1004436,0.21640812
3715,-1.3595903,0.24021044
3716,-1.058718,0.3359605
3717,-1.09903,0.30127728
3718,-1.078796,0.27122766
3719,-1.4412434,0.35033777
3720,-1.1539812,0.34637836
3721,-1.1228653,0.29593775
3722,-0.8644658,0.21521744
3723,-0.9191968,0.28589588
3724,-1.0063131,0.22650088
3725,0.53261805,0.9504706
3726,-1.0388807,0.23383823
3727,-0.8332076,0.20097211
3728,-1.3623683,0.3434353
3729,-0.9293371,0.28229338
3730,-1.1973568,0.33581954
3731,-1.2061081,0.28846836
3732,-1.7185558,0.32862994
3733,-1.2436982,0.32213196
3734,-1.3848447,0.25776276
3735,-1.3585641,0.38437313
3736,-0.6804376,0.25702015
3737,-1.7649959,0.35173357
3738,-1.2691766,0.32588536
3739,-1.4125419,0.25144398
3740,-1.2665219,0.2668702
3741,-1.3015819,0.31337887
3742,-1.7134497,0.30463022
3743,-1.0393007,0.30833402
3744,-1.1224992,0.30246496
3745,-1.0504847,0.31444508
3746,-1.0368899,0.26531804
3747,-1.3264848,0.32892966
3748,-1.353118,0.34507057
3749,-1.5149401,0.30522165
3750,-1.3121965,0.31387785
3751,-1.1692154,0.2571092
3752,-1.0713046,0.3277731
3753,-1.2865398,0.3733114
3754,-1.2604047,0.24149236
3755,-1.0068265,0.3283596
3756,-1.4136763,0.41584218
3757,-1.4283168,0.29315948
3758,-1.271238,0.22790337
3759,-1.3474152,0.3192069
3760,-1.2038647,0.30974412
3761,-1.486016,0.39389452
3762,-1.7999272,0.40983084
3763,-1.1807272,0.25041708
3764,-0.9474161,0.22405177
3765,-1.1372786,0.29105735
3766,-1.2149117,0.262336
3767,-0.8489693,0.23032203
3768,-1.3389938,0.3257168
3769,-0.8032764,0.2403206
3770,-1.2621006,0.316725
3771,-1.2412788,0.27620324
3772,-0.9189747,0.26701123
3773,-0.90182304,0.21479963
3774,-0.96351016,0.31601638
3775,-1.1697785,0.26317003
3776,-1.0926731,0.29757166
3777,-0.92270744,0.20887995
3778,-1.5559702,0.36259174
3779,-1.3479788,0.24828842
3780,-0.9950052,0.27843532
3781,-1.3227633,0.30466688
3782,-1.1448518,0.27857336
3783,-1.8259121,0.31356397
3784,-0.96575063,0.22514012
3785,-1.1363062,0.23389272
3786,-0.91469795,0.28393558
3787,-0.7019193,0.167979
3788,-1.3845516,0.2958199
3789,0.20770521,0.7994054
3790,-0.91002405,0.26005292
3791,-1.4936616,0.34821913
3792,-1.2150799,0.29289025
3793,-1.890469,0.23711762
3794,-1.132634,0.23813789
3795,-1.5651637,0.43547735
3796,-1.6678109,0.33811337
3797,-0.922797,0.20113324
3798,-0.7332925,0.18769826
3799,-1.4393519,0.30655903
3800,-1.4022537,0.3138213
3801,-0.90895414,0.21370082
3802,-1.3349789,0.24920948
3803,0.94945496,0.89218485
3804,-0.95981216,0.20737952
3805,-1.4117514,0.33574706
3806,-1.3691063,0.45268264
3807,-1.4197395,0.30798215
3808,-1.5673305,0.2714207
3809,-0.9444235,0.2803053
3810,-1.0752895,0.29370227
3811,-1.3025458,0.22882086
3812,-1.256864,0.32069305
3813,-0.61151266,0.20504461
3814,-1.375522,0.29567233
3815,-1.0977652,0.2275175
3816,-1.0696105,0.27153316
3817,-1.4980642,0.30483267
3818,-1.2654876,0.3130679
3819,-1.5868012,0.3999472
3820,-1.075627,0.27306062
3821,-1.1073722,0.32744187
3822,-1.0721935,0.22499008
3823,-1.2872107,0.27433324
3824,-0.8405016,0.30196494
3825,-1.174435,0.32079086
3826,-1.7954757,0.3217061
3827,-1.3611724,0.36777195
3828,-1.8256763,0.36705884
3829,-1.6437572,0.3806564
3830,-1.5333464,0.3075698
3831,-0.76807374,0.19265369
3832,-1.1941917,0.30391005
3833,-1.0344054,0.35119173
3834,-0.55242866,0.19178294
3835,-0.78114355,0.2122067
3836,-1.2243886,0.2275325
3837,-1.9057225,0.33552244
3838,-1.118528,0.25773934
3839,-1.7359744,0.3305619
3840,-1.0269262,0.28817397
3841,-1.1153705,0.27088067
3842,-1.0028135,0.23283274
3843,-1.350319,0.3783561
3844,-0.97271425,0.21588328
3845,-0.92258215,0.25518996
3846,-1.4834279,0.3495793
3847,-1.2562302,0.285122
3848,-1.1988121,0.31702587
3849,-1.0287774,0.26906893
3850,-1.0940845,0.2486561
3851,-1.1195929,0.34661925
3852,-1.1327574,0.32724017
3853,-1.1998935,0.24504454
3854,-1.490258,0.32877493
3855,-0.8853699,0.20392184
3856,-0.63409865,0.2149826
3857,-1.5786219,0.30130616
3858,-1.3106228,0.39450008
3859,-1.5568748,0.2978175
3860,-1.0795318,0.24016823
3861,-1.7000045,0.35362214
3862,-1.6658762,0.3633943
3863,-0.74453634,0.2299398
3864,-0.6762106,0.2276137
3865,-0.68675524,0.20174985
3866,-0.93094325,0.28244114
3867,-1.063546,0.23658316
3868,-0.79178756,0.28818196
3869,-1.0929781,0.2684556
3870,-1.2480326,0.3884715
3871,-1.5385362,0.23584215
3872,-1.334992,0.23181285
3873,-1.5841155,0.4837196
3874,-1.0391957,0.34616452
3875,-1.329699,0.32783905
3876,-1.2700028,0.27217585
3877,-1.5966175,0.29317838
3878,-1.4119378,0.30573946
3879,-1.1636521,0.29195872
3880,-1.1766903,0.3208672
3881,-1.248772,0.40209538
3882,-1.2010201,0.28443247
3883,-1.1579065,0.29624614
3884,-1.0982962,0.2936807
3885,-1.0979322,0.25335366
3886,-1.3669661,0.3664415
3887,-1.1366735,0.3233331
3888,-0.54695785,0.12868868
3889,-1.1792338,0.2649944
3890,-1.7788814,0.35230017
3891,-1.6219195,0.34218705
3892,-1.5016456,0.28806922
3893,-1.3133222,0.25748074
3894,-1.4856721,0.45437568
3895,-1.576913,0.29482874
3896,-1.0124776,0.34762084
3897,-1.19943,0.22961576
3898,-1.7704202,0.411211
3899,-1.1541619,0.33614647
3900,-1.4846545,0.27953875
3901,-1.2018622,0.29532993
3902,-1.3125672,0.33120728
3903,-1.2108543,0.3474909
3904,-1.2300788,0.26095226
3905,-1.1962173,0.24337295
3906,-1.1939589,0.29861906
3907,-1.3302774,0.29987434
3908,-1.0154691,0.20969549
3909,-1.0115159,0.23817657
3910,-1.1214744,0.2494046
3911,-0.7447705,0.21093819
3912,-1.386747,0.28532282
3913,-1.3410169,0.24451189
3914,-0.9061391,0.23149401
3915,-1.766558,0.38855624
3916,-0.92814046,0.23519741
3917,-1.1739634,0.20431872
3918,-0.69638443,0.19107793
3919,-1.4554987,0.4526354
3920,-0.6659088,0.20066968
3921,-1.2162946,0.28319988
3922,-1.1870229,0.25793904
3923,-1.3423946,0.34909227
3924,-0.8865525,0.20656824
3925,-1.4258047,0.30812287
3926,-1.469174,0.3302124
3927,-1.5287398,0.36969456
3928,-1.1990821,0.31559736
3929,-1.353334,0.29776472
3930,-1.2269298,0.28933653
3931,-1.5863259,0.28771776
3932,-1.0424486,0.27966636
3933,-1.3585861,0.3424006
3934,-1.0295655,0.37462
3935,-1.2422299,0.27847105
3936,-1.4799495,0.41522717
3937,-0.04665242,0.94495547
3938,-1.1384112,0.31162345
3939,-1.3939937,0.3239249
3940,-1.5628424,0.3117121
3941,-0.9358052,0.32091507
3942,-0.9467203,0.2772938
3943,-1.1165893,0.25460103
3944,-0.8304771,0.17569724
3945,-0.98535585,0.34542492
3946,-1.5910381,0.3317364
3947,-1.0646765,0.23555754
3948,-1.0778043,0.24187985
3949,-1.0258851,0.27127966
3950,-1.4899533,0.3588899
3951,-0.8137904,0.2650252
3952,-1.076339,0.29104382
3953,-1.2908798,0.26995713
3954,-1.5171436,0.38778916
3955,-0.8186769,0.22349718
3956,-1.4288961,0.38585284
3957,-1.3231845,0.27970675
3958,-1.2386535,0.31844464
3959,-1.10504,0.29682255
3960,-1.4918146,0.3685686
3961,-1.0765325,0.25597203
3962,-1.0328183,0.29337165
3963,-0.99219155,0.22625655
3964,-1.2387732,0.24430075
3965,-0.74908304,0.18628259
3966,-1.4623222,0.39989507
3967,-1.5180635,0.23821479
3968,-1.5555612,0.35101697
3969,-0.89006996,0.20987013
3970,-1.2453916,0.25676566
3971,-1.394666,0.3290696
3972,-0.8804653,0.28874025
3973,-1.3749827,0.92914295
3974,-1.5240651,0.3141504
3975,-1.1356177,0.3492434
3976,-1.278697,0.34426647
3977,-1.3109031,0.33217898
3978,-1.0687318,0.30758786
3979,-1.1876045,0.25772193
3980,-1.4228793,0.28291145
3981,-0.9128494,0.26050973
3982,-1.5251529,0.40782872
3983,-1.8146313,0.42654946
3984,-1.1810179,0.2645226
3985,-0.96000296,0.20520201
3986,-1.0307355,0.1813495
3987,-1.1744696,0.2592281
3988,-1.5805376,0.33446154
3989,-1.1166463,0.22460467
3990,-1.1110991,0.27946907
3991,-0.7669616,0.20124154
3992,-1.5129526,0.25064293
3993,-1.2450495,0.31214073
3994,-1.3048152,0.26312944
3995,-1.2401932,0.24815992
3996,-1.4753401,0.26191327
3997,-0.78884727,0.26020032
3998,-0.8202902,0.20409755
3999,-1.2485682,0.35423252
4000,-1.3775129,0.24680233
4001,-1.6722623,0.38273892
4002,-1.3905946,0.27384737
4003,-0.9304927,0.20161389
4004,-1.7498266,0.32440677
4005,-1.2653712,0.25733185
4006,-1.5180254,0.3825455
4007,-1.2125354,0.24465275
4008,-0.98047566,0.22562891
4009,-0.81263655,0.21682204
4010,-1.3959428,0.28428286
4011,-1.1910949,0.2485349
4012,-1.1329609,0.2627382
4013,-1.4070581,0.31794184
4014,-1.0756787,0.33922264
4015,-1.0989608,0.40697676
4016,-0.7398131,0.19360293
4017,-1.0311494,0.31798175
4018,-1.541636,0.25476873
4019,0.3266971,0.77243745
4020,-1.0696847,0.25846845
4021,-0.9239056,0.2616999
4022,-1.6427467,0.36125296
4023,-0.7798512,0.17865422
4024,-1.5309131,0.29434484
4025,-1.2825143,0.30486247
4026,-1.4677621,0.29312143
4027,-1.2710711,0.3002872
4028,-1.1075469,0.2672805
4029,-1.1946579,0.31000525
4030,-1.2016376,0.26172528
4031,-0.7872746,0.28305003
4032,-1.1070055,0.2997734
4033,-1.4309765,0.29639375
4034,-0.9717448,0.20395143
4035,-1.162991,0.2547605
4036,-1.0460238,0.26123065
4037,-1.2159581,0.30161548
4038,-1.5484629,0.38066003
4039,-0.9729495,0.25378063
4040,-1.0190805,0.2180076
4041,-0.6949588,0.2229508
4042,-0.957768,0.22116454
4043,-1.0699862,0.2764666
4044,-1.0589639,0.190257
4045,-1.1478937,0.3202009
4046,-1.7218555,0.37839854
4047,-1.3092607,0.27360487
4048,-1.4122168,0.31124878
4049,-0.8083538,0.26222676
4050,-1.296995,0.2700242
4051,-1.216659,0.29585066
4052,-1.0194972,0.2655629
4053,-0.783128,0.25183454
4054,-1.3470511,0.30316868
4055,-1.2688617,0.28729418
4056,-1.1390021,0.29322147
4057,-0.9958069,0.22331057
4058,-1.2934085,0.32714286
4059,-1.2115095,0.2925606
4060,-1.0268917,0.2304386
4061,-1.1004096,0.2915749
4062,-0.93674767,0.31296924
4063,-1.6233115,0.3174885
4064,-1.3325402,0.37672094
4065,-1.0717003,0.21579202
4066,-0.747355,0.19173251
4067,-0.71346796,0.18235885
4068,-1.1784649,0.3268517
4069,-1.1445316,0.27748784
4070,-0.9538745,0.26095304
4071,-1.4965684,0.33442506
4072,-0.8266615,0.17804375
4073,-1.0406806,0.35547352
4074,-1.2625425,0.35187814
4075,-0.71415687,0.25153828
4076,-1.5259329,0.3791667
4077,-0.7755091,0.18668355
4078,-0.7970523,0.16421346
4079,-1.1466265,0.34848553
4080,-0.96120536,0.2931017
4081,-1.037191,0.3298802
4082,-1.1761571,0.28425524
4083,-1.110969,0.3181544
4084,-1.4803528,0.30979958
4085,-1.1590856,0.2800205
4086,-1.3706119,0.31379703
4087,-1.3146667,0.3071112
4088,-1.3402507,0.3374811
4089,-1.2686088,0.26098162
4090,-1.2164471,0.36019215
4091,-0.9080674,0.20438968
4092,-1.4930742,0.29763672
4093,-1.0773106,0.28209993
4094,-0.7458401,0.23825325
4095,-0.796278,0.13316655
4096,-0.9769691,0.20663899
4097,-1.3969269,0.37544584
4098,-1.432998,0.31221762
4099,-0.8678243,0.7315436
4100,-0.8222561,0.3611328
4101,-0.97382754,0.31570432
4102,-1.373829,0.25668985
4103,-1.1141924,0.3211677
4104,-1.5241029,0.24574842
4105,-1.4932277,0.3219801
4106,-1.3816674,0.42888686
4107,-1.2133068,0.26580906
4108,-1.2519718,0.27147692
4109,-1.5273002,0.3387109
4110,-1.3331891,0.32092658
4111,-1.6448007,0.3619471
4112,-1.0248171,0.28223184
4113,-1.5637703,0.33651036
4114,-0.96376854,0.24415967
4115,-1.5268981,0.3141999
4116,-1.0260528,0.27251443
4117,-1.2395996,0.34778962
4118,-1.2649056,0.32540125
4119,-0.9612332,0.26255447
4120,-1.1632457,0.2882507
4121,-0.945594,0.33456263
4122,-0.6245229,0.23885112
4123,-0.89810777,0.22322991
4124,-0.88339156,0.18065424
4125,-0.94760823,0.20941636
4126,-0.96996385,0.18201846
4127,-0.8078815,0.23361836
4128,-0.82870096,0.2691701
4129,-1.167683,0.33622298
4130,-1.0406332,0.27803314
4131,-1.3137251,0.29365525
4132,-1.6625673,0.3150064
4133,-1.5503198,0.3833225
4134,-1.051638,0.22832294
4135,-1.5157564,0.37598053
4136,-1.1243061,0.3162277
4137,-0.8183935,0.16987978
4138,-1.2999015,0.22900504
4139,-1.0670137,0.28656933
4140,-1.2834135,0.24227825
4141,-1.0769033,0.25073183
4142,-0.6432643,0.2128939
4143,-1.028888,0.348961
4144,-1.2913893,0.333932
4145,-0.8873274,0.28756088
4146,-0.62013894,0.17539294
4147,-0.99721193,0.30699703
4148,-1.380184,0.25651687
4149,-1.6299963,0.40619725
4150,-1.4078847,0.25494862
4151,-1.1667073,0.27379605
4152,-1.2827013,0.32662085
4153,-1.4048097,0.37682498
4154,-1.0199409,0.34141585
4155,-1.4396188,0.28021097
4156,0.86344755,0.90431756
4157,-1.6371346,0.30245954
4158,-1.302075,0.29363683
4159,-0.77972513,0.25959736
4160,-1.1526937,0.4072597
4161,-1.3037872,0.36932763
4162,-0.9710648,0.2657489
4163,-0.47334605,0.21298291
4164,-1.5326124,0.30702826
4165,-1.4250238,0.35881394
4166,-0.97127014,0.21048644
4167,-1.484368,0.29374817
4168,-0.79605,0.30377817
4169,-1.1368632,0.23522617
4170,-1.2111862,0.2964583
4171,-1.7646661,0.42782664
4172,-1.533141,0.31202713
4173,-1.2896149,0.26478076
4174,-0.96775573,0.42848504
4175,-1.1661103,0.24522968
4176,-1.2952473,0.2971294
4177,1.6743125,1.0980902
4178,-1.1912014,0.25522986
4179,-1.2594007,0.27489436
4180,-0.83887374,0.311154
4181,-1.0388501,0.2532565
4182,-1.117038,0.33255604
4183,-1.4382029,0.32665431
4184,-1.232574,0.29448748
4185,-1.504053,0.28077573
4186,-1.4339653,0.27145484
4187,-0.804242,0.18778683
4188,-1.0662295,0.25902396
4189,-0.9665205,0.2766079
4190,-1.0993441,0.19718805
4191,-1.0434318,0.28112665
4192,-0.9143037,0.30323824
4193,-1.0301895,0.18631132
4194,-0.93795717,0.26500535
4195,-0.31559935,0.80515206
4196,-1.3137239,0.31240162
4197,-1.0913785,0.26483944
4198,-0.9763031,0.23328416
4199,-1.3634099,0.35262954
4200,-1.1322514,0.2509807
4201,-1.0169919,0.24649091
4202,-1.458254,0.29210678
4203,-1.0059385,0.27541238
4204,-1.0831001,0.25106195
4205,-1.3941638,0.3254677
4206,-0.9654445,0.21246842
4207,-1.0059587,0.27708328
4208,-1.6375324,0.29582256
4209,-0.6455321,0.822008
4210,-1.1088605,0.24660338
4211,-1.3419397,0.28869182
4212,-1.7504959,0.42120653
4213,-1.5595833,0.30858585
4214,-1.5459725,0.30302036
4215,-1.5963948,0.29107353
4216,-0.7763184,0.2010876
4217,-1.1204982,0.2506882
4218,-1.119081,0.2672544
4219,-1.8504233,0.31340778
4220,-1.561295,0.4119785
4221,-1.6616054,0.3237388
4222,-0.31300047,1.0521818
4223,-0.91326356,0.26540273
4224,-1.5347651,0.3742083
4225,-0.9245108,0.24701612
4226,-1.524824,0.38267085
4227,-1.9085181,0.3978649
4228,-1.0328789,0.25274456
4229,-1.2029047,0.2587506
4230,-1.4552077,0.3397562
4231,-0.72234994,0.3465375
4232,-1.5131258,0.37791687
4233,-1.2541316,0.31740513
4234,-1.3121926,0.36080745
4235,-0.55991524,0.14686543
4236,-1.2817754,0.24966207
4237,-0.75232196,0.29619932
4238,-1.5959549,0.37672168
4239,-1.215224,0.3169696
4240,-1.2464579,0.24808693
4241,-1.2079147,0.27565837
4242,-1.2453206,0.26495767
4243,-1.3330853,0.2514624
4244,-1.007253,0.22475313
4245,-1.8256909,0.29310217
4246,-1.0910819,0.33248347
4247,-1.2978936,0.25657925
4248,-0.9664001,0.20105836
4249,-1.076712,0.36702293
4250,-1.2276888,0.27329874
4251,-1.0656658,0.28414106
4252,-0.28088388,0.54299045
4253,-1.4566269,0.28882545
4254,-0.9192383,0.1840129
4255,-1.7622408,0.36811486
4256,-1.1763237,0.31694326
4257,-1.0716873,0.23634782
4258,-1.3199153,0.31937802
4259,-1.2249054,0.3217921
4260,-0.9209071,0.23315161
4261,-1.5126321,0.3678463
4262,-1.0882081,0.27998936
4263,-1.6747127,0.4084098
4264,-1.4765146,0.29169247
4265,-1.3434256,0.27318406
4266,-1.1479583,0.21019924
4267,-0.97278047,0.2732025
4268,-1.5664078,0.319925
4269,-0.9923728,0.36512196
4270,-1.277865,0.3593828
4271,-0.7694143,0.30017817
4272,-1.0385997,0.33169502
4273,-1.5420581,0.32554245
4274,-1.1661876,0.25120938
4275,-1.3713585,0.32836595
4276,-1.1130404,0.24438666
4277,-1.1565708,0.27401012
4278,-1.5867682,0.3731063
4279,-1.6286751,0.37347457
4280,-1.2298305,0.3200315
4281,-0.9707424,0.19807982
4282,-1.1178414,0.33298385
4283,-1.7381903,0.31471536
4284,-1.1124612,0.3101127
4285,-0.84722716,0.14008935
4286,-1.2891959,0.22936288
4287,-1.1055725,0.28956935
4288,-1.2484285,0.25681192
4289,-1.3733668,0.21653797
4290,-1.2865239,0.33008978
4291,-1.111613,0.28126764
4292,-1.0669333,0.23252898
4293,-1.1266288,0.23589398
4294,-1.6469612,0.25721726
4295,-0.89692855,0.234076
4296,-1.1882765,0.34075573
4297,-0.8766363,0.20194271
4298,-1.219851,0.2698184
4299,-1.0163559,0.20598644
4300,-1.0983874,0.26501146
4301,-1.8214222,0.3371385
4302,-1.0774894,0.27370694
4303,-1.1796333,0.2835975
4304,-1.355497,0.29127684
4305,-1.0732893,0.29809168
4306,-1.0837194,0.2677143
4307,-1.3552601,0.33861166
4308,-1.50857,0.38211456
4309,-1.3910949,0.30699408
4310,-1.3942714,0.3799289
4311,-1.3832219,0.3551996
4312,-1.4613752,0.28897324
4313,-0.7947184,0.26270738
4314,-1.1754404,0.24190593
4315,-1.6510583,0.31573382
4316,-0.62671393,0.14597665
4317,-1.1334378,0.3792403
4318,-1.60625,0.35642585
4319,-1.1456032,0.30806643
4320,-1.2687024,0.30493763
4321,-0.7169006,0.19383039
4322,-1.3793144,0.24866001
4323,-0.7746448,0.24204563
4324,-1.0011171,0.26918703
4325,-1.581247,0.3414226
4326,-1.5080882,0.24783704
4327,-1.4681469,0.38421497
4328,-1.0988202,0.24447806
4329,-0.58357406,0.1590162
4330,-0.96137184,0.34024662
4331,-1.8561978,0.3887753
4332,-1.4009372,0.31735376
4333,-1.0474907,0.29225644
4334,-0.8761864,0.21040672
4335,-1.112697,0.2797843
4336,-1.2739006,0.29713067
4337,-1.5685788,0.29927918
4338,-1.3460381,0.3401435
4339,-1.4289289,0.34094253
4340,-1.2236077,0.25774735
4341,-1.2641779,0.30284303
4342,-0.9250933,0.23747492
4343,-1.2474462,0.31063005
4344,-1.5693234,0.26869383
4345,-0.94265,0.2386056
4346,-1.07572,0.30319914
4347,-0.7721983,0.2795763
4348,-0.8782736,0.28500664
4349,-0.50165033,0.12742287
4350,-1.3840497,0.29575047
4351,-1.3828075,0.3616518
4352,-1.2636677,0.3531803
4353,-1.4179882,0.31428257
4354,-1.0161499,0.22878386
4355,-0.48504624,0.1803967
4356,-0.56632036,0.19118926
4357,-1.6836914,0.309093
4358,-1.8732666,0.32688674
4359,-1.3194181,0.24675138
4360,-1.4730982,0.27955177
4361,-1.1105431,0.20590124
4362,-1.3562816,0.24541934
4363,-0.74970126,0.19053303
4364,-1.1852654,0.21511972
4365,-1.637105,0.31722295
4366,-1.8039519,0.35907692
4367,-1.5284958,0.30921263
4368,-1.4992316,0.41258985
4369,-1.2669586,0.31686217
4370,-1.0060818,0.24877782
4371,-1.3059644,0.3032609
4372,-1.401789,0.32455954
4373,-1.2501618,0.32116285
4374,-1.2560322,0.3172357
4375,-1.1231432,0.25317913
4376,-1.4007449,0.3721086
4377,-1.1390866,0.2884698
4378,-1.3331326,0.28549102
4379,-0.98343885,0.33968204
4380,-1.249377,0.23414655
4381,-1.6231569,0.3670642
4382,-0.96277636,0.23962201
4383,-1.189347,0.30227596
4384,-1.0558217,0.2726367
4385,-0.9072409,0.2948228
4386,-1.1942892,0.3273281
4387,-1.3604598,0.27773958
4388,-1.3533494,0.40347645
4389,-0.9702528,0.2954512
4390,-1.7604938,0.30129153
4391,-1.0901996,0.27763134
4392,-0.65704566,0.23238955
4393,-1.3818113,0.34510595
4394,-1.1935515,0.25789598
4395,-1.2254429,0.21171263
4396,-1.1525332,0.28610513
4397,-1.4449134,0.28121087
4398,-0.9812147,0.23604786
4399,1.2970984,0.8750083
4400,-1.5413662,0.28162688
4401,-1.0791873,0.2588273
4402,-1.3076862,0.35324696
4403,-1.6199684,0.30360833
4404,-1.5639611,0.2281549
4405,-1.2537379,0.402628
4406,-1.220128,0.2887236
4407,-0.80089265,0.26430964
4408,-1.29305,0.28273013
4409,-0.6921471,0.22072019
4410,-1.1938485,0.31180683
4411,-0.8174567,0.2121848
4412,-0.83518416,0.2392141
4413,-1.0657496,0.25615978
4414,-0.7134186,0.23816313
4415,-0.63117933,0.21640821
4416,-0.5570814,0.14817777
4417,-1.0274186,0.2772925
4418,-1.3816794,0.36207548
4419,-1.6903168,0.4006681
4420,-1.3864639,0.3105852
4421,-0.9283502,0.33147234
4422,-0.79418594,0.29138678
4423,-1.6962665,0.269351
4424,-0.82287985,0.22558889
4425,-1.0266031,0.29021686
4426,-0.6071968,0.12886383
4427,-0.93407655,0.24318299
4428,-1.1192126,0.29723653
4429,-1.0150666,0.24482952
4430,-1.2671552,0.27149835
4431,-1.4840868,0.4053458
4432,-1.1872494,0.26893258
4433,-2.0363452,0.34964898
4434,-1.4838457,0.33570305
4435,-1.4059078,0.26498064
4436,-0.83600515,0.3120764
4437,-1.3217577,0.4209484
4438,-1.2959633,0.24481258
4439,-1.7319691,0.32407874
4440,-1.0039216,0.2282875
4441,-1.185522,0.32896045
4442,-1.2051921,0.28920045
4443,-1.2714196,0.3569211
4444,-1.0332401,0.25472963
4445,-0.7759494,0.15929064
4446,-0.6698091,0.24448793
4447,-1.441126,0.3228431
4448,-0.98619026,0.22697884
4449,-1.2156546,0.31902274
4450,-0.93235403,0.22529605
4451,-0.8048966,0.21865863
4452,-0.8284071,0.26873034
4453,-1.0719572,0.33707896
4454,-1.0806748,0.28532335
4455,-1.6606652,0.33979538
4456,-0.81768006,0.23425807
4457,-1.2282254,0.26461628
4458,-1.0294131,0.24368939
4459,-1.1485921,0.24462838
4460,-0.99588674,0.25592878
4461,-1.4278418,0.3554072
4462,-1.6453354,0.30681756
4463,-1.0881817,0.26777017
4464,-1.7099729,0.36895713
4465,-1.1474488,0.2679746
4466,-1.6670433,0.35561988
4467,-0.9986596,0.26165614
4468,-1.1921791,0.23358116
4469,-1.0569885,0.23986416
4470,-1.546337,0.32394335
4471,-0.7444614,0.20223288
4472,-1.1013645,0.2615199
4473,-1.68958,0.31998327
4474,-1.3220886,0.30241224
4475,-1.2586554,0.32739076
4476,-1.0942216,0.2743025
4477,-1.1733404,0.27894658
4478,-1.0158253,0.24592595
4479,-1.590379,0.28419957
4480,-1.6782746,0.29483858
4481,-1.2212604,0.2715965
4482,-0.95705,0.27857932
4483,-1.0451593,0.32873717
4484,-1.3751493,0.2807666
4485,-1.2805415,0.29374206
4486,-1.3164573,0.28493783
4487,-1.0903782,0.25139073
4488,-1.6931227,0.3686678
4489,-1.1045548,0.32776043
4490,-1.0739961,0.36726767
4491,-1.1349894,0.21704508
4492,-1.6970924,0.39301035
4493,-1.5727241,0.33606413
4494,-1.2383547,0.2871463
4495,-0.85047203,0.24191089
4496,-1.1286849,0.20230748
4497,-1.16543,0.3386488
4498,-1.7503047,0.25226596
4499,-1.5061448,0.25831905
4500,-1.4503375,0.30190134
4501,-1.7421719,0.40622792
4502,-1.2344022,0.4216462
4503,0.50677055,0.80305934
4504,-1.3261385,0.34269226
4505,-1.1721117,0.24016252
4506,-1.3935128,0.22032468
4507,-1.3184887,0.31870353
4508,-0.76089823,0.18498127
4509,-0.90383416,0.20767428
4510,-1.5408502,0.27772284
4511,-0.91331774,0.17482695
4512,-1.2276547,0.29303193
4513,-1.6328702,0.37630856
4514,-0.67999345,0.25043523
4515,-0.95312196,0.25726187
4516,1.3234144,0.7158727
4517,-1.150842,0.16231988
4518,-1.3144957,0.2591023
4519,-1.424993,0.42270768
4520,-1.3465194,0.30298215
4521,-1.2602578,0.33771095
4522,-1.0670049,0.24372779
4523,-0.7397696,0.1660663
4524,-1.1731944,0.32292292
4525,-1.3015509,0.28936958
4526,-1.6157401,0.3388315
4527,-0.5160124,0.6936501
4528,-0.96844155,0.27531245
4529,-0.5089671,0.1383628
4530,-0.92123544,0.2809029
4531,-0.99553335,0.2985974
4532,-1.6139356,0.3001192
4533,-0.8501982,0.21489719
4534,-0.89980006,0.26351568
4535,-1.2846016,0.25312755
4536,-1.062152,0.26912537
4537,-1.5200969,0.417969
4538,-0.95535636,0.35197136
4539,-1.4358237,0.44440246
4540,-1.3505659,0.38254347
4541,-1.1753615,0.22137715
4542,-0.7768534,0.3012959
4543,-1.0567801,0.30587164
4544,0.75341743,0.8789961
4545,-1.3548181,0.30191255
4546,-1.0759537,0.25535798
4547,-1.2448578,0.37405506
4548,-1.1899806,0.26713297
4549,-0.9311678,0.28188336
4550,-1.1051688,0.24678583
4551,-1.4765921,0.37352774
4552,-1.151633,0.35239813
4553,-1.3062886,0.35878846
4554,-1.2299768,0.35222143
4555,-0.916302,0.3065859
4556,-1.256555,0.3704499
4557,-1.0335408,0.22697683
4558,-1.5461833,0.37476468
4559,-1.5078037,0.3543857
4560,-1.2545878,0.38514984
4561,-1.098645,0.24633263
4562,-1.0628971,0.34117895
4563,-0.9107898,0.26655942
4564,-1.0507612,0.2744436
4565,-1.2875171,0.2792689
4566,-1.4861288,0.26390794
4567,-0.8736659,0.19232208
4568,-1.660135,0.32867283
4569,-1.6873547,0.26706424
4570,-1.0058094,0.34948894
4571,-1.6425401,0.2803783
4572,-1.3503407,0.27125874
4573,-1.1916311,0.26161128
4574,-1.0100693,0.32139072
4575,-1.8785244,0.3019108
4576,-1.5874634,0.37572908
4577,-1.2890397,0.3122404
4578,-1.3393778,0.27377695
4579,-0.8187422,0.21230066
4580,-1.2102656,0.32522008
4581,-1.3005923,0.3478506
4582,-1.0839012,0.3199536
4583,-1.5728903,0.3757141
4584,-1.1553013,0.23771402
4585,-0.82886237,0.688798
4586,-0.96095824,0.30424035
4587,-1.3366498,0.20061909
4588,-1.7607504,0.3882193
4589,-1.0885531,0.3032149
4590,-1.4225117,0.29968724
4591,-1.6697125,0.25498417
4592,-1.0891846,0.32433063
4593,-1.322229,0.35352316
4594,-1.2373672,0.339932
4595,-0.6714519,0.18371277
4596,-1.3438439,0.46676156
4597,-0.53076684,0.2668151
4598,-1.170505,0.32758033
4599,-1.1274773,0.30391932
4600,-1.5032854,0.33983243
4601,-1.6403197,0.3015249
4602,-0.7812191,0.20908119
4603,-1.5405376,0.3628679
4604,-0.85556465,0.2138182
4605,-1.5687022,0.43401647
4606,-1.1507101,0.2716998
4607,-1.6889579,0.25729415
4608,-1.584113,0.39435282
4609,-1.2868549,0.27838328
4610,-1.2916694,0.26028225
4611,-1.2921733,0.3371862
4612,-1.49791,0.4580647
4613,-1.3420362,0.43246138
4614,-0.9451288,0.2731833
4615,-1.1806073,0.2342271
4616,-1.1775051,0.30799243
4617,-1.3469081,0.23827785
4618,-1.4632884,0.4179308
4619,-0.99510145,0.36030966
4620,-1.3631614,0.31979308
4621,-0.7549368,0.22327495
4622,-1.7577424,0.38024825
4623,-1.0000367,0.2563437
4624,-0.72543263,0.29241788
4625,-1.1583759,0.3897055
4626,-1.1808037,0.30530038
4627,-1.4267601,0.3556523
4628,-1.1394782,0.23714168
4629,-1.4014043,0.3777309
4630,-1.9372433,0.33568245
4631,-1.6040387,0.34238267
4632,-1.1892302,0.19889472
4633,-1.0659685,0.21494325
4634,-0.9079513,0.18870339
4635,-1.3480755,0.2712926
4636,-1.5684242,0.3950732
4637,-0.77353173,0.17539172
4638,-2.0880456,0.36104932
4639,-1.0778799,0.2702999
4640,-1.8902081,0.3408646
4641,-1.2925825,0.24953976
4642,-1.2706486,0.27872202
4643,-0.8027538,0.2243582
4644,-1.2401586,0.34205702
4645,-1.7210612,0.39801046
4646,-1.1848243,0.32253152
4647,-1.2846768,0.19303226
4648,-1.3712869,0.33193398
4649,0.15106854,0.73119307
4650,-1.0962297,0.35664925
4651,-1.0320014,0.20755084
4652,-1.6974226,0.32914564
4653,-1.0866635,0.2996943
4654,-0.65956,0.22813508
4655,-1.336843,0.2631466
4656,-1.7781333,0.37762108
4657,-1.5009983,0.2519002
4658,-1.5638859,0.33883768
4659,-0.73734075,0.23218967
4660,-1.2139957,0.25982288
4661,-1.5067161,0.36276913
4662,-1.4341974,0.3274482
4663,-1.0170351,0.28649962
4664,-1.3447087,0.22613996
4665,-1.274447,0.3143394
4666,-0.0566632,1.0405718
4667,-1.9466829,0.32087162
4668,-0.79177785,0.23108818
4669,-0.80248445,0.23701489
4670,-1.6064628,0.31272095
4671,-1.4771397,0.33207786
4672,-0.8080646,0.22740006
4673,-1.1285944,0.21762219
4674,-1.1540791,0.32260942
4675,-1.337023,0.30596322
4676,-1.1708455,0.23516844
4677,-1.1132293,0.3156581
4678,-0.69914514,0.75364465
4679,-1.0164303,0.33098245
4680,-1.4078974,0.37661597
4681,-1.2446378,0.28878462
4682,-1.8205588,0.33528116
4683,-1.3517501,0.35644954
4684,-1.3618175,0.34375337
4685,-0.9596396,0.19847079
4686,-0.92077184,0.19988719
4687,-1.2712884,0.21945877
4688,-1.0690211,0.22418788
4689,-1.1832334,0.20609978
4690,-1.2420661,0.3216093
4691,-1.5314026,0.33881375
4692,0.78970504,0.8867782
4693,-0.8825804,0.27744555
4694,-1.189111,0.1677521
4695,-1.0156287,0.26539445
4696,-1.8123833,0.3677543
4697,-0.83363944,0.20892309
4698,-1.3311687,0.34906608
4699,-0.8945514,0.8411538
4700,-0.7466341,0.18206832
4701,-1.0786014,0.32609954
4702,-0.7801034,0.32524008
4703,-1.3862263,0.26626092
4704,-1.1327832,0.27269125
4705,-1.0630058,0.3848757
4706,-1.7342148,0.3732051
4707,-1.5941987,0.36710852
4708,-1.5448543,0.2470754
4709,-1.4783461,0.34066722
4710,-0.06204827,0.9784333
4711,-1.4590776,0.35262385
4712,-2.006512,0.36125404
4713,-1.6620493,0.44876075
4714,-1.3250036,0.2370255
4715,-1.3343228,0.35485035
4716,-0.9433075,0.27214965
4717,-1.793008,0.38416496
4718,-1.0898924,0.29581553
4719,-0.9686328,0.23484407
4720,-1.0656426,0.3189147
4721,-1.1770848,0.21841232
4722,-1.1376655,0.25995153
4723,-1.1242756,0.25264966
4724,-1.3486873,0.32501778
4725,-1.1569752,0.2956097
4726,-1.2405326,0.3511898
4727,-1.4219499,0.33189845
4728,-1.8891758,0.3271084
4729,-1.1315559,0.28074658
4730,-1.2077966,0.2807578
4731,-1.136811,0.26978812
4732,-1.012885,0.21236554
4733,-1.2825096,0.27997106
4734,-1.0891774,0.33227947
4735,-0.95800513,0.25293028
4736,-1.6275917,0.31482014
4737,-1.0097628,0.31458393
4738,-1.1884761,0.2674988
4739,-1.5588746,0.2739175
4740,-0.46684372,0.17023388
4741,-1.2004383,0.30967084
4742,-1.3200165,0.29322168
4743,-1.6380875,0.2767052
4744,-0.9542271,0.2771618
4745,-1.8644103,0.31861997
4746,-0.74812716,0.19156715
4747,-0.99629915,0.24559887
4748,-1.066431,0.3320188
4749,-1.3968812,0.26798207
4750,-1.1455522,0.22043231
4751,-1.0792079,0.3667399
4752,-1.3572055,0.38146776
4753,-1.1798831,0.25231516
4754,-1.4365536,0.320717
4755,-1.0383064,0.22000843
4756,-1.075808,0.26855576
4757,-0.772476,0.17162804
4758,-1.3298504,0.33111
4759,-0.9847003,0.212514
4760,-1.1343982,0.22049221
4761,-1.1674371,0.2871739
4762,-1.5872422,0.3980192
4763,-1.0992997,0.27950236
4764,-1.5589408,0.39008057
4765,-1.2067785,0.30622277
4766,-0.90210325,0.23034102
4767,-1.589145,0.32679597
4768,-1.0615168,0.28187653
4769,-0.78491,0.37529746
4770,-1.331478,0.24295442
4771,-1.2261379,0.3221879
4772,-1.6529807,0.45344144
4773,-1.4004515,0.3465092
4774,-1.1466855,0.30097207
4775,-1.2499024,0.37501785
4776,-0.8816731,0.2322599
4777,-0.80252284,0.13795665
4778,-0.9616473,0.21655695
4779,-1.2890215,0.32546747
4780,-1.0034641,0.27960625
4781,-0.50814176,0.12353155
4782,-1.5815221,0.3018196
4783,-0.751484,0.24277428
4784,-0.83233505,0.25911084
4785,-0.7336384,0.17288211
4786,-0.88092005,0.26072174
4787,0.2577156,0.8635607
4788,-1.1516508,0.33091217
4789,-1.1490679,0.26386887
4790,-1.6540784,0.37310338
4791,-0.90401924,0.3362807
4792,-1.3666948,0.2711901
4793,-1.1280284,0.25458074
4794,-1.3934821,0.45048708
4795,-0.89544785,0.27940384
4796,-1.1678222,0.27794895
4797,-0.7542596,0.20306087
4798,-1.2109824,0.3287401
4799,-1.5501372,0.2968203
4800,-1.2645093,0.30639237
4801,-1.098869,0.30428874
4802,-1.194221,0.2671895
4803,-1.3088156,0.26083234
4804,-1.0270808,0.24711849
4805,-1.2078648,0.3632312
4806,-1.0558805,0.23301168
4807,-1.4834051,0.33433142
4808,-1.0600939,0.24607404
4809,-0.92907065,0.24393302
4810,-1.4319371,0.39857215
4811,-1.0400845,0.23004097
4812,-1.0685093,0.27888602
4813,-0.87034106,0.228536
4814,-1.5682418,0.34803212
4815,-1.0085456,0.2135895
4816,-1.178391,0.26219428
4817,-1.0524507,0.23060212
4818,-1.2890534,0.34755674
4819,-1.3961148,0.3556785
4820,-1.0965413,0.2994018
4821,-1.5533545,0.30904937
4822,-1.3771597,0.23629825
4823,-1.3624976,0.27005038
4824,-0.6442402,0.6268726
4825,-1.1984578,0.27777296
4826,-1.5908275,0.39787102
4827,-1.4374058,0.35207385
4828,-0.84637314,0.19211836
4829,-0.98679864,0.27463597
4830,-0.87813103,0.19798698
4831,-0.83521867,0.2123396
4832,-1.4279019,0.3642183
4833,-0.7852187,0.19385782
4834,-0.9678558,0.27192912
4835,-0.8642357,0.21810271
4836,-1.3492436,0.3112855
4837,-1.8040833,0.32746032
4838,-1.2124496,0.337669
4839,-1.1570052,0.28398862
4840,-1.4596953,0.36986667
4841,-0.88930994,0.28449795
4842,-1.0870697,0.2807722
4843,-0.7375305,0.18929255
4844,-1.2895153,0.3024112
4845,-0.8610614,0.29880464
4846,-0.6793898,0.25894293
4847,-1.0199851,0.23329896
4848,-0.79139435,0.2773314
4849,-1.3767402,0.4000835
4850,-1.1600741,0.24575488
4851,-1.4045203,0.30193338
4852,-1.3284489,0.2902081
4853,-1.1111587,0.29572728
4854,-0.7125217,0.22669479
4855,-0.8744864,0.2806061
4856,-1.228871,0.26433605
4857,-1.1820323,0.31278303
4858,-1.3396062,0.34289506
4859,0.0482832,0.874542
4860,-1.7606944,0.34523064
4861,-1.486374,0.32443625
4862,-1.3911374,0.2942698
4863,-1.3679833,0.2296918
4864,-1.3943127,0.3548209
4865,-1.4949285,0.53143555
4866,-1.6341482,0.38447
4867,-1.3303267,0.35399607
4868,-1.437432,0.33691937
4869,-0.863915,0.21685492
4870,-1.2179897,0.32512343
4871,-1.2870147,0.29179642
4872,-1.4464456,0.33040583
4873,-0.82661813,0.29929638
4874,-1.6348735,0.43334654
4875,-1.2828172,0.33174762
4876,-1.2959132,0.20569266
4877,-0.9076879,0.22893634
4878,-1.3449957,0.26716506
4879,-1.3147819,0.38528576
4880,-1.0942247,0.31556168
4881,-1.4318116,0.3345326
4882,-1.2198524,0.2601226
4883,-1.3417553,0.3426273
4884,-0.6002327,0.96940106
4885,-0.804655,0.2391974
4886,-1.5252571,0.3585964
4887,-1.3781728,0.33823505
4888,-1.1554408,0.38356742
4889,-1.144691,0.18360774
4890,-1.0149957,0.24213603
4891,-1.4289535,0.27927977
4892,-1.0662154,0.3071405
4893,-1.3606468,0.27997732
4894,-1.4029564,0.37830278
4895,-1.0779265,0.23453596
4896,-1.3189228,0.36064228
4897,-1.0600421,0.23347755
4898,-1.1524444,0.27926213
4899,-1.6250069,0.35628125
4900,-1.0365067,0.25075477
4901,-1.7552124,0.3734339
4902,-1.3244369,0.36704716
4903,-1.0146918,0.27836695
4904,-1.3865786,0.3292484
4905,-1.2922342,0.24634513
4906,-1.3622391,0.3240712
4907,-1.0564642,0.21809387
4908,-1.4165452,0.3257655
4909,-1.4105536,0.40627116
4910,-1.6227778,0.31221446
4911,-0.65421736,0.18481025
4912,-0.8798416,0.27741757
4913,-1.3886764,0.32587105
4914,-0.87759393,0.2377072
4915,-1.4167769,0.29005405
4916,-1.7094196,0.26680505
4917,-1.0815119,0.3083026
4918,-1.1974223,0.27609503
4919,-1.2465672,0.33379868
4920,-1.1995451,0.29883274
4921,0.49356157,0.787107
4922,-0.96494216,0.28909424
4923,-0.9875011,0.27639073
4924,-1.2891469,0.25397196
4925,-0.92520696,0.22574686
4926,-1.1971331,0.33808804
4927,-1.4395403,0.31342158
4928,-1.0127997,0.23518236
4929,-1.4502748,0.28896576
4930,-1.4695109,0.27645817
4931,-1.3217413,0.29172716
4932,-1.558851,0.3745653
4933,-1.367407,0.28286707
4934,-1.1499013,0.34753528
4935,-1.1428598,0.32668293
4936,-1.0104146,0.27250314
4937,-1.1661365,0.30722392
4938,-1.0643713,0.27810213
4939,-1.2348869,0.24227263
4940,-1.4849466,0.3026119
4941,-1.4356061,0.29509905
4942,-1.042031,0.29644036
4943,-1.3887613,0.38389146
4944,-1.426806,0.33278614
4945,-1.3224404,0.32701173
4946,-1.4178226,0.37004468
4947,-1.3811837,0.3868755
4948,-0.9795884,0.25438046
4949,-1.3480237,0.3358047
4950,-1.5390168,0.35122576
4951,-0.880139,0.2338022
4952,-1.1983216,0.33085322
4953,-1.4111998,0.30414236
4954,-0.7634583,0.28088173
4955,-1.4908137,0.32672173
4956,-1.2153567,0.3052753
4957,-1.0123448,0.27945346
4958,-0.98010015,0.25174674
4959,-1.455259,0.27470818
4960,-1.3273588,0.3607546
4961,-0.823774,0.2433583
4962,-1.4745754,0.26540747
4963,-1.4166316,0.39415267
4964,-0.26724148,0.9047723
4965,-0.93122154,0.19479598
4966,-1.1957269,0.28920278
4967,-0.7763416,0.19435576
4968,-1.3313807,0.40281886
4969,-1.7382492,0.26820388
4970,-1.8598893,0.3267694
4971,-0.92513484,0.20844486
4972,-0.65223473,0.18364865
4973,-1.135348,0.22190377
4974,-1.3334645,0.30733994
4975,-1.4321392,0.3468438
4976,-1.207357,0.3756888
4977,-1.2597691,0.18412377
4978,-0.7373899,0.22966655
4979,-1.2933224,0.33099318
4980,0.16840851,0.84191436
4981,-1.1240522,0.32965705
4982,-1.4330968,0.31015185
4983,-1.6034899,0.30617535
4984,-1.6283547,0.32333028
4985,-1.1470318,0.2524966
4986,-1.2452693,0.42592874
4987,-0.82453805,0.3334007
4988,-0.68525296,0.26887497
4989,-1.318583,0.24658826
4990,-1.5083078,0.34879434
4991,-1.4932961,0.38916612
4992,-1.1715869,0.22737007
4993,-0.88821226,0.324068
4994,-0.8675215,0.23580784
4995,-0.95772713,0.22113241
4996,-1.0905716,0.25089735
4997,-1.4342439,0.3079317
4998,-1.2934185,0.29840103
4999,-1.0403811,0.21511659
5000,-1.0319579,0.2946579
5001,-1.2318462,0.27172878
5002,-0.82898694,0.2838242
5003,-1.3710538,0.30028027
5004,-1.3028728,0.3108245
5005,-1.0671636,0.27720997
5006,-1.0072923,0.2858106
5007,-1.0214019,0.2344975
5008,-1.8398509,0.40189615
5009,-1.2289959,0.27813208
5010,-1.13752,0.2838564
5011,-0.76343024,0.21903826
5012,-1.0653977,0.2557569
5013,-0.64850616,0.1651454
5014,-0.9850459,0.22420762
5015,-1.102417,0.36561728
5016,-0.8961586,0.2477312
5017,-1.3027354,0.36368096
5018,-0.8476799,0.20806193
5019,-0.87360823,0.2720423
5020,-1.0044293,0.33456022
5021,-1.0811238,0.25154072
5022,-1.2105415,0.28184706
5023,-0.80138934,0.23131914
5024,-0.89983237,0.27411065
5025,-0.9617926,0.25201222
5026,-0.8518773,0.24387747
5027,-1.1951425,0.33864513
5028,-1.2376078,0.27524745
5029,-1.1413387,0.2667185
5030,-0.94883406,0.24919753
5031,-1.486409,0.31355712
5032,-0.87017936,0.21710351
5033,-1.2606728,0.364074
5034,-1.4138517,0.24287958
5035,-1.5366768,0.35241216
5036,-1.388278,0.33930573
5037,-0.6336129,0.2271606
5038,-1.4166849,0.31127402
5039,-0.909337,0.33462614
5040,-1.0930752,0.22935136
5041,-1.6215234,0.31654847
5042,-1.5394797,0.3443871
5043,-0.93820494,0.28421175
5044,-1.1699013,0.2499776
5045,-1.0190856,0.28812417
5046,-1.4159842,0.27542508
5047,-1.3623086,0.39068928
5048,-1.1616008,0.18700169
5049,-1.5733348,0.3334761
5050,-1.5689342,0.39117974
5051,-1.0442008,0.27614102
5052,-0.9065939,0.26833797
5053,-0.9266693,0.2384825
5054,-0.8795322,0.2531407
5055,-1.1830884,0.35663408
5056,-1.3773079,0.24667364
5057,-1.5922291,0.29851457
5058,-0.92096883,0.24402305
5059,-1.0501552,0.2892657
5060,-1.1293683,0.28097877
5061,-0.86723566,0.32340854
5062,-0.84650797,0.21253102
5063,-1.2590959,0.33635467
5064,-1.4203595,0.43365204
5065,-1.2573895,0.1997921
5066,-1.0261635,0.36368236
5067,-1.0191904,0.22116153
5068,-1.5849539,0.39115068
5069,-0.9175454,0.23046854
5070,-1.6057924,0.3394017
5071,-1.3061538,0.3621928
5072,-1.0091048,0.1715674
5073,-1.3251551,0.32396254
5074,-0.7914745,0.16138904
5075,-1.2274135,0.24406058
5076,-1.248365,0.28838173
5077,-1.572207,0.40514636
5078,-1.0176742,0.2689028
5079,-1.2846668,0.27329406
5080,-1.7282052,0.3952398
5081,-0.8698607,0.21037026
5082,-0.9996617,0.22928087
5083,-1.3333457,0.39391217
5084,-0.86333346,0.2845262
5085,-0.96134996,0.24463478
5086,-1.1704857,0.24939793
5087,-1.0949913,0.23594789
5088,-1.2397438,0.21070558
5089,-0.90061957,0.26365814
5090,-1.2566935,0.28198487
5091,-1.196071,0.345698
5092,-1.5646529,0.3347547
5093,-1.0693707,0.3035116
5094,-1.3507594,0.26151162
5095,-1.0278704,0.32777205
5096,-1.446071,0.27865306
5097,-1.2338408,0.24592948
5098,-1.1030805,0.32511353
5099,-1.3372029,0.41616225
5100,-1.1586139,0.22286315
5101,-0.9218064,0.18937162
5102,-1.2950318,0.3796319
5103,-0.9304289,0.30319422
5104,-1.2640289,0.2718779
5105,-1.1276636,0.32428303
5106,-1.2961693,0.30255243
5107,-1.448712,0.33590338
5108,-0.9540168,0.22041897
5109,-1.389863,0.30485618
5110,-0.78140986,0.23254782
5111,-0.6308883,0.16159433
5112,-1.5757997,0.3971501
5113,-1.0243506,0.3018478
5114,-1.1913272,0.3718096
5115,-1.1819265,0.26008403
5116,-1.4983749,0.26862657
5117,-1.1225023,0.28674316
5118,-1.2439846,0.27178994
5119,-1.0080038,0.3020753
5120,-1.3100903,0.31331795
5121,-2.0001233,0.3813969
5122,-1.2783784,0.3181238
5123,-1.9873061,0.41080123
5124,-1.5995973,0.3686252
5125,-1.1353091,0.29702473
5126,-0.8429844,0.2960379
5127,-1.0013779,0.19711798
5128,-0.79038084,0.18825136
5129,-0.67411643,0.19184828
5130,-1.3105748,0.23668757
5131,-1.2554966,0.3059928
5132,-1.2418464,0.21377872
5133,-1.0305195,0.34518927
5134,-0.86715144,0.19563109
5135,-1.0745765,0.23694408
5136,-1.2603271,0.3512115
5137,-1.5084507,0.35866073
5138,-0.9947463,0.2566053
5139,-1.3313605,0.3064133
5140,-1.166825,0.30131114
5141,0.06268571,0.78589475
5142,-1.254613,0.2450181
5143,-1.1295285,0.27125382
5144,-0.04130553,0.6113111
5145,-1.3751419,0.36090153
5146,-1.4877543,0.39508817
5147,-1.3164895,0.36137947
5148,-1.3566841,0.31346148
5149,-1.4441088,0.3014579
5150,-1.0320699,0.35167655
5151,-1.1288832,0.3266607
5152,-1.054098,0.34905902
5153,-1.0373082,0.25579223
5154,-1.496799,0.32534945
5155,-1.3047024,0.31097317
5156,-1.6778961,0.37973636
5157,-0.9945682,0.26883337
5158,-1.2585981,0.33104935
5159,-1.0532725,0.25458276
5160,-1.3490958,0.31747106
5161,-0.9377228,0.29077324
5162,-1.6049135,0.32660592
5163,-0.9768586,0.27920714
5164,-1.2195659,0.28525186
5165,-1.1595417,0.33458853
5166,-1.2883126,0.27759328
5167,-1.1015253,0.23767939
5168,-1.0705761,0.2427988
5169,-1.4603715,0.28438485
5170,-0.9687145,0.22087583
5171,-0.97650903,0.18634477
5172,-1.3746403,0.24235578
5173,-1.5797768,0.33258814
5174,-1.3444474,0.3004492
5175,-0.89375395,0.33290416
5176,-1.4381802,0.36622226
5177,-1.2125802,0.35794055
5178,-0.9041287,0.2075855
5179,-1.0731571,0.2344032
5180,-1.2067673,0.2850344
5181,-1.4943982,0.290118
5182,-1.0458454,0.24487539
5183,-1.7907441,0.3330955
5184,-1.1933933,0.26509714
5185,-1.3928224,0.3422764
5186,-0.8012513,0.21522214
5187,-0.8516306,0.23660216
5188,-1.4411645,0.34317464
5189,-1.3273311,0.25524473
5190,-0.87250406,0.2985656
5191,-1.2408345,0.3289074
5192,-1.0657827,0.21681012
5193,-0.90443796,0.24182251
5194,-1.1438919,0.276611
5195,-0.93585694,0.23146808
5196,-1.3396846,0.27831653
5197,-0.84167254,0.19038165
5198,-1.0829679,0.31928802
5199,-1.4883208,0.39962775
5200,-0.9997482,0.23008569
5201,-1.6495401,0.33933094
5202,-1.2626148,0.23622909
5203,-1.1129777,0.25586724
5204,-1.0698612,0.24413498
5205,-1.3006092,0.28255948
5206,-0.9111705,0.260344
5207,-1.3877156,0.29056767
5208,-0.8374369,0.33547115
5209,-1.0383594,0.2429569
5210,-1.7885956,0.29536018
5211,-1.0863854,0.18331602
5212,-0.71420455,0.1618151
5213,-1.1658986,0.33566496
5214,-1.7155839,0.29201782
5215,-1.3051136,0.27218887
5216,-0.9347517,0.26851645
5217,-1.1073247,0.2608121
5218,-1.0030963,0.2584066
5219,-1.4236156,0.39799744
5220,-1.6380374,0.2895596
5221,-1.1932117,0.38675964
5222,-1.3266333,0.3107476
5223,-1.18738,0.27244368
5224,-1.5615257,0.3404035
5225,-1.7198834,0.37140697
5226,-1.2398297,0.2647672
5227,-1.1026435,0.30436122
5228,-1.5708519,0.34822908
5229,-1.0317678,0.2764529
5230,-0.92423993,0.32616332
5231,-0.89518327,0.3376198
5232,-1.3904064,0.2438508
5233,-1.0524557,0.35090637
5234,-0.9474174,0.24554077
5235,-1.1366524,0.30140677
5236,-0.7017921,0.25286466
5237,-0.86886984,0.23031305
5238,-1.4346045,0.317917
5239,-0.82535195,0.42777923
5240,-1.4653063,0.42475587
5241,-1.4841413,0.26588622
5242,-1.158695,0.30271465
5243,-0.99439675,0.3019449
5244,-0.91427386,0.17689475
5245,-1.7528412,0.2869449
5246,-0.8324847,0.18252063
5247,-1.0495147,0.32809123
5248,-0.94547355,0.190005
5249,-0.70765066,0.2339187
5250,-0.75974107,0.19176285
5251,-1.5475563,0.34280762
5252,-1.9055011,0.27739954
5253,-1.200828,0.36563566
5254,-1.5834078,0.3837246
5255,-1.2329249,0.28615764
5256,-0.16915725,0.8623074
5257,-0.9657301,0.24059454
5258,-1.5761719,0.29993102
5259,-1.1090916,0.21003765
5260,-0.90850693,0.20004272
5261,-1.0641152,0.34896204
5262,-0.7772187,0.24509872
5263,-1.0113813,0.33426034
5264,-1.314599,0.310752
5265,-0.9519313,0.2179401
5266,-1.1108329,0.36493567
5267,-1.3449364,0.2910474
5268,-0.40553257,0.86527413
5269,-1.5745736,0.36414263
5270,-1.8556386,0.35084963
5271,-1.5643888,0.38578504
5272,-1.5202619,0.3168341
5273,-1.5938069,0.31673166
5274,-1.3649901,0.38922268
5275,-1.0307878,0.3358904
5276,-2.144462,0.34128898
5277,-1.1786895,0.23625688
5278,-1.8872864,0.32683048
5279,-0.9085874,0.239568
5280,-1.6897056,0.3770642
5281,-1.3266972,0.32029697
5282,-1.0638052,0.2877593
5283,-1.1981076,0.32187954
5284,-1.3196473,0.33723363
5285,-1.1930016,0.3051599
5286,-0.9773674,0.26453006
5287,-0.7028854,0.14809154
5288,-1.3316542,0.29001406
5289,-0.80431247,0.21228641
5290,-0.81993455,0.2948887
5291,-0.83097565,0.21788737
5292,-1.5631447,0.2632703
5293,-1.5606248,0.4064328
5294,-1.0918355,0.26887703
5295,-1.0631118,0.23049454
5296,-1.4141812,0.34042555
5297,-1.3805449,0.3328112
5298,-1.6483215,0.47757
5299,-1.3935957,0.43417454
5300,-1.250741,0.33903068
5301,-0.98427343,0.20339422
5302,-1.901633,0.2851903
5303,-1.0716692,0.2601766
5304,-1.2561635,0.2249876
5305,-1.1677665,0.3220202
5306,-0.9103135,0.20447204
5307,-1.3539765,0.25306252
5308,-1.2599326,0.24802972
5309,-1.2089753,0.20702799
5310,-1.3260591,0.3431055
5311,-1.2153358,0.22419365
5312,-1.2190711,0.28046554
5313,-1.6396981,0.32919118
5314,-1.2155946,0.23616005
5315,-0.87163055,0.30094618
5316,-0.99059594,0.2667049
5317,-1.1090672,0.27569905
5318,-0.9214917,0.19217406
5319,-0.587025,0.20080863
5320,-0.7980129,0.23701905
5321,0.43645516,0.73820263
5322,-0.77348787,0.2660026
5323,-1.1998231,0.29500306
5324,-1.3328432,0.26214257
5325,-1.0775508,0.25958452
5326,-1.1138307,0.32955563
5327,-1.0827805,0.2103155
5328,-0.7485903,0.21214916
5329,-1.4153905,0.26174745
5330,-1.1307399,0.26881355
5331,-1.6887081,0.29594636
5332,-1.3075627,0.25430334
5333,-1.1338803,0.34547162
5334,-0.88853234,0.24915323
5335,-1.1422797,0.20873642
5336,-1.1789647,0.26924476
5337,-1.3486501,0.27411652
5338,-1.1476878,0.24313802
5339,-1.8306439,0.36917883
5340,-1.4472399,0.33862054
5341,-0.89727163,0.23241784
5342,-0.5639078,0.16012727
5343,-1.4497827,0.3081239
5344,-1.6991314,0.3565856
5345,-1.2672818,0.3055245
5346,-0.9007083,0.22095202
5347,-1.3362976,0.37382832
5348,-1.347045,0.25001162
5349,-1.3560389,0.35224214
5350,-1.362897,0.25883093
5351,-1.1056181,0.36876824
5352,-1.3038471,0.352155
5353,-1.0472765,0.2656505
5354,-0.66290444,0.21943288
5355,-1.2651849,0.23649341
5356,-1.4494672,0.3542041
5357,-1.4532788,0.30983618
5358,-1.4224842,0.31912604
5359,-0.8777289,0.25904626
5360,-1.5240718,0.3449322
5361,-1.1815157,0.23943679
5362,-1.2301378,0.32576805
5363,-0.6062329,0.17458354
5364,-1.3262061,0.3159436
5365,-1.4420003,0.41756868
5366,-0.9914389,0.30743214
5367,-1.534481,0.40210208
5368,-1.7239467,0.32708496
5369,-0.98081994,0.2507531
5370,-1.0127518,0.21755448
5371,-0.61037505,0.22410786
5372,-1.7204018,0.2491631
5373,-1.06834,0.23181167
5374,-1.5722058,0.30871332
5375,-1.0031435,0.24303813
5376,-1.0140206,0.21279731
5377,-1.3965794,0.28281596
5378,-1.4866441,0.3001294
5379,-1.5093602,0.30239224
5380,-1.3412372,0.30414352
5381,-1.4798354,0.30663374
5382,0.35093936,0.44087926
5383,-1.4266084,0.2971041
5384,-1.2199427,0.26355428
5385,-1.0670143,0.30999953
5386,-1.0798792,0.2350709
5387,-1.6256211,0.33281186
5388,-0.8879329,0.27153492
5389,-1.0166589,0.25607216
5390,-1.3365561,0.31060168
5391,-1.1204526,0.28765076
5392,-1.4171225,0.3695931
5393,-1.2919335,0.29172227
5394,-1.3821613,0.411628
5395,-1.0292504,0.32685372
5396,-1.3842216,0.28289014
5397,-1.1350121,0.2872612
5398,-1.5949479,0.35598266
5399,-1.1736917,0.24481158
5400,-0.47403672,0.95030147
5401,-1.1596051,0.3672042
5402,-1.2385707,0.31310415
5403,-0.7008422,0.14875388
5404,-1.7676938,0.334179
5405,-1.1411431,0.29724535
5406,-0.983342,0.26737854
5407,-0.7281083,0.28628695
5408,-1.4944824,0.26339045
5409,-0.07340491,0.87148815
5410,-1.511972,0.32090208
5411,-1.2148036,0.26310685
5412,-1.6676596,0.31784502
5413,-1.2692541,0.26127362
5414,-1.4664962,0.29182306
5415,-0.7584055,0.24097033
5416,-2.1272182,0.37226537
5417,-1.0676103,0.22136022
5418,-1.3019617,0.30359438
5419,-1.2302719,0.2829296
5420,-0.9126029,0.27887538
5421,-1.1491725,0.311914
5422,-1.3569283,0.2648673
5423,-1.0542732,0.24944216
5424,-0.95487213,0.24626873
5425,-1.370192,0.33639264
5426,-1.6773413,0.34420595
5427,-1.0251442,0.25298992
5428,-0.85106933,0.22980829
5429,-1.3600354,0.43835944
5430,-0.21506591,0.7634734
5431,-1.3319262,0.3094762
5432,-1.1525903,0.311372
5433,-1.6267434,0.3972171
5434,-1.0884786,0.23520431
5435,-1.2139273,0.22958687
5436,-1.1314874,0.31596676
5437,-1.3433897,0.33541834
5438,-0.7786261,0.24871197
5439,-0.99812317,0.25063965
5440,-1.3175615,0.3559759
5441,-1.3553879,0.41317946
5442,-1.2375664,0.29638988
5443,-1.0752128,0.24876815
5444,-1.0227114,0.26498947
5445,-1.1650761,0.32220548
5446,-0.59177566,0.19096674
5447,-1.5492494,0.42239568
5448,0.8056922,0.73584646
5449,-1.2946954,0.32888117
5450,-1.2746314,0.25018787
5451,-1.2457619,0.29494908
5452,-0.920999,0.28337646
5453,-1.4574205,0.26453373
5454,-1.4065583,0.2911044
5455,-0.95242584,0.21604016
5456,-0.7642219,0.20041382
5457,-0.95856017,0.23598032
5458,-1.2496228,0.37707397
5459,-1.3572773,0.2899094
5460,-1.3557563,0.36155072
5461,-1.4441252,0.26370126
5462,-1.2431602,0.2818321
5463,-1.2433072,0.22534306
5464,-1.419883,0.3303442
5465,-0.9539608,0.2142265
5466,-0.95586646,0.24822162
5467,-1.4954993,0.37999204
5468,-1.7705017,0.32030967
5469,-1.2718823,0.342436
5470,-1.4524629,0.40617427
5471,-0.7925322,0.23219964
5472,-0.89674544,0.25413072
5473,-0.89618474,0.25246647
5474,-2.1506095,0.37720293
5475,-1.2978928,0.2440164
5476,-1.3337529,0.26176918
5477,-1.1791824,0.3658975
5478,-1.3719144,0.3012668
5479,-1.2756221,0.28163564
5480,-1.0603245,0.25220063
5481,-1.366503,0.323485
5482,-0.9282452,0.20886356
5483,-1.6280783,0.366551
5484,-1.3126876,0.26320618
5485,-1.3482094,0.2611935
5486,-1.5617291,0.29856476
5487,-1.5696295,0.37174314
5488,-0.98717046,0.34945747
5489,-0.8747771,0.24430834
5490,-1.2176337,0.3939428
5491,-1.5334951,0.35516998
5492,-1.4117448,0.21890286
5493,-0.9443043,0.26408282
5494,-1.2441213,0.3430016
5495,-0.9605113,0.284495
5496,-1.2208068,0.31090796
5497,-1.278994,0.2621803
5498,-1.6262571,0.3359354
5499,-1.0259572,0.21357521
5500,-1.672086,0.28545183
5501,-1.1744865,0.33241075
5502,0.047421467,0.6602776
5503,-1.4453933,0.29312578
5504,-0.68743324,0.24973644
5505,-1.3482033,0.2642221
5506,-1.0869068,0.3131536
5507,-1.1187179,0.24684703
5508,-0.8725508,0.24433601
5509,0.07321612,0.8048
5510,-1.0290593,0.28665912
5511,-1.7147902,0.33427024
5512,-1.2544206,0.25641137
5513,-1.2774428,0.26173776
5514,-0.78413635,0.24491669
5515,-1.4330499,0.3324837
5516,-0.95653296,0.19301182
5517,-1.3594006,0.33370882
5518,-1.9544994,0.40082628
5519,-1.3032136,0.3051353
5520,-1.0741538,0.309773
5521,-0.9053952,0.1856907
5522,-1.651874,0.32391375
5523,-0.55491287,0.18742834
5524,-1.4095869,0.43031943
5525,-1.2062398,0.4129746
5526,-1.2956206,0.33111358
5527,-1.4097687,0.34725624
5528,-1.0774525,0.22125924
5529,-1.954173,0.40448177
5530,-0.9009243,0.24188012
5531,-1.1668586,0.22912478
5532,-0.9539425,0.26460248
5533,-1.0816704,0.3002136
5534,-1.1721934,0.27201614
5535,-1.1487446,0.27834582
5536,-1.252835,0.36132404
5537,-1.3950629,0.32713017
5538,-1.0170393,0.27818197
5539,-0.8515424,0.25062105
5540,-1.1659621,0.224458
5541,-1.483328,0.34416908
5542,-1.1588033,0.24359548
5543,-1.0357141,0.22911543
5544,-1.5568577,0.28617755
5545,-1.1948794,0.3349692
5546,-1.0232204,0.22691876
5547,-1.0203313,0.30514687
5548,-0.95637584,0.31675205
5549,-0.93458766,0.20185323
5550,-1.4611434,0.3370836
5551,-1.2161791,0.33118734
5552,-1.2181394,0.36793616
5553,-0.95399743,0.24791613
5554,-0.70112497,0.16064382
5555,-0.96909803,0.28296325
5556,-1.239741,0.32981667
5557,-0.7156576,0.227613
5558,-1.3640049,0.26857734
5559,-0.96939677,0.31850442
5560,-1.2625124,0.35135618
5561,-1.1899508,0.2594062
5562,-1.0971272,0.2832669
5563,-0.6490316,0.14691101
5564,-1.1136168,0.31923696
5565,-1.5961668,0.29675987
5566,-1.0686755,0.31740245
5567,-1.4916327,0.3453779
5568,-1.1248908,0.34299088
5569,-1.6165969,0.29500535
5570,-1.4671823,0.3489249
5571,-0.83797234,0.18634896
5572,-1.1006267,0.26952177
5573,-1.4273353,0.32687062
5574,-1.4034052,0.2606688
5575,-0.8233332,0.1998086
5576,-1.1824323,0.28978783
5577,-1.4595611,0.32818773
5578,-1.5095135,0.3797548
5579,-1.3208774,0.32609522
5580,-1.3349159,0.2893375
5581,-0.87489015,0.24198917
5582,-1.5852574,0.2513171
5583,-0.82674,0.25621447
5584,-0.81707245,0.21620673
5585,-1.5043963,0.38482976
5586,-1.0770926,0.27844757
5587,-1.0673828,0.34234613
5588,-1.5271786,0.3460621
5589,-1.5112649,0.34557894
5590,-1.2652574,0.23948224
5591,-1.3773506,0.34471327
5592,-1.6634276,0.3014231
5593,-1.2895923,0.25307274
5594,-1.7142345,0.324204
5595,-1.3497059,0.25110897
5596,-0.8236128,0.15887074
5597,-1.4266623,0.30971277
5598,-1.4073775,0.25095087
5599,-1.0264558,0.25347987
5600,-1.3762683,0.31924292
5601,-1.5877044,0.43020985
5602,-1.2553477,0.29518136
5603,-0.97713965,0.21840733
5604,-1.3595871,0.28601477
5605,-1.2537688,0.28281385
5606,-0.862563,0.19672568
5607,-1.730076,0.34940785
5608,-0.77723753,0.22261927
5609,-1.6506239,0.456007
5610,-1.1142797,0.3127081
5611,-0.46260184,0.19828883
5612,-1.2585893,0.26859832
5613,-1.232806,0.25564063
5614,-1.2440746,0.23458788
5615,-1.1437075,0.228492
5616,-1.3982725,0.3237611
5617,-0.68771726,0.2135161
5618,-1.1857752,0.24865384
5619,-1.0734454,0.24944104
5620,-1.3743148,0.31272703
5621,-1.046414,0.3232193
5622,-1.5992613,0.3290439
5623,-1.2021556,0.3398902
5624,-0.982235,0.2902263
5625,-1.3417224,0.30186474
5626,-0.76738894,0.23233704
5627,-1.1747103,0.29639617
5628,-1.6000084,0.38137963
5629,-1.2111665,0.31974605
5630,-1.3227311,0.2793648
5631,-1.5663458,0.2932655
5632,-0.9106854,0.20035727
5633,-1.1786171,0.2595467
5634,-0.92029166,0.26273674
5635,-1.5011737,0.44501653
5636,-1.5698804,0.3590928
5637,-1.2491671,0.31823638
5638,-1.0755126,0.25090748
5639,-0.83299655,0.1558294
5640,-1.6840045,0.31964087
5641,-1.2222185,0.3120223
5642,-0.80556154,0.21992573
5643,-0.75870407,0.21891426
5644,-1.4371907,0.31456637
5645,-1.1065766,0.261345
5646,-1.3738362,0.34554234
5647,-1.1130261,0.2925883
5648,-0.8234794,0.22423975
5649,-1.1375126,0.276029
5650,-1.1294514,0.37720677
5651,-0.854547,0.29500046
5652,-1.8783306,0.3226208
5653,-1.005571,0.26381046
5654,-1.2893662,0.2933255
5655,-1.0136878,0.27855468
5656,-0.9935851,0.23257115
5657,-1.1152629,0.34628677
5658,-0.88080543,0.26307607
5659,-1.4405758,0.3366246
5660,-0.6043785,0.19566481
5661,-1.2830044,0.43166077
5662,-1.0948839,0.2814613
5663,-1.1014228,0.36505905
5664,-1.4515772,0.30405346
5665,-0.9162709,0.25809515
5666,-0.977056,0.21681105
5667,-1.0933181,0.29985872
5668,-1.3980602,0.3224252
5669,-0.99260676,0.22438599
5670,-0.85676354,0.20200697
5671,-1.1323011,0.36252496
5672,-1.5854152,0.38485768
5673,-1.2101434,0.28483742
5674,-1.3555342,0.31355217
5675,-1.7247413,0.30754486
5676,-1.0138586,0.2749125
5677,-0.91708106,0.24456857
5678,-1.5086223,0.30362475
5679,-1.4673039,0.359414
5680,-1.2404064,0.38376716
5681,-0.76661974,0.24795768
5682,-1.2638983,0.27146634
5683,-0.6339717,0.17908
5684,-0.8105881,0.16235249
5685,-1.2658423,0.3353731
5686,-0.8925424,0.20981254
5687,-1.363009,0.32003298
5688,-1.598017,0.32703537
5689,-1.1492337,0.2814243
5690,-1.2856158,0.24474816
5691,-1.2614827,0.31617737
5692,-1.0136137,0.24103233
5693,-0.8237175,0.30989087
5694,-0.96203667,0.28277543
5695,-0.74400556,0.20502083
5696,-1.1772287,0.2676961
5697,-1.3726252,0.29572532
5698,-1.6954275,0.41828996
5699,-1.0498462,0.26287884
5700,-1.2772545,0.33417326
5701,-1.3435886,0.25920635
5702,-0.886203,0.22667022
5703,-1.6591703,0.34456742
5704,-1.3040107,0.3019101
5705,-1.1780648,0.23048897
5706,-1.5266554,0.45282122
5707,-1.5522343,0.3138056
5708,-1.2670836,0.275993
5709,-1.0677714,0.3358575
5710,-0.75392634,0.20449959
5711,-1.1988919,0.3304054
5712,-1.3790852,0.3096433
5713,-1.4033954,0.39739066
5714,-1.0649424,0.21866906
5715,-1.2083793,0.3418082
5716,-0.78216344,0.27812225
5717,-0.83042604,0.23912594
5718,-0.94602305,0.27537587
5719,-1.4624968,0.36563393
5720,-0.9578717,0.22919399
5721,-1.536079,0.35242346
5722,-1.114501,0.31568727
5723,-1.5475862,0.36191496
5724,-0.9005634,0.25195944
5725,-0.9721448,0.31824118
5726,-1.0790033,0.26035342
5727,-1.0291687,0.26628083
5728,-0.53652835,0.18023558
5729,-1.1853322,0.20766692
5730,-1.477691,0.29127857
5731,-0.99934775,0.22397405
5732,-1.0791448,0.27395308
5733,-0.9643882,0.2115766
5734,-1.2384223,0.3022238
5735,-1.3423414,0.3313445
5736,-1.3348697,0.3503472
5737,-1.2891402,0.3463434
5738,-1.0031898,0.31631088
5739,-1.1477921,0.2767013
5740,-1.346781,0.3148373
5741,-1.2933927,0.26990637
5742,-1.0338564,0.23580113
5743,-1.6179127,0.38266298
5744,-0.9881945,0.19249547
5745,-0.6746224,0.15683575
5746,-0.9619832,0.22971445
5747,-1.4427075,0.30851147
5748,-2.077843,0.4014746
5749,-0.8755556,0.91635406
5750,-1.3607876,0.25618157
5751,-1.2052404,0.24266972
5752,-1.5949693,0.4032257
5753,-1.1105895,0.30804956
5754,-1.2067893,0.27128688
5755,-1.0491291,0.21812455
5756,-0.7025358,0.14258349
5757,-0.969417,0.3173582
5758,-1.164227,0.31010872
5759,-1.2899048,0.3244489
5760,-1.0545043,0.3483877
5761,-1.0334316,0.2792121
5762,-1.4351909,0.323969
5763,-1.5095401,0.36952943
5764,-0.8476698,0.17973158
5765,-1.2568822,0.30408207
5766,-2.207807,0.32136118
5767,-0.7353666,0.31916162
5768,-0.86791146,0.22830993
5769,-0.6458991,0.14151073
5770,-1.0973182,0.30040136
5771,-1.403051,0.3154447
5772,-1.1254935,0.26256976
5773,-1.1450448,0.34534255
5774,-1.080952,0.22433642
5775,-1.6636395,0.3135982
5776,-0.69918036,0.18942483
5777,-1.2488091,0.33419666
5778,-0.91046625,0.29112437
5779,-0.894074,0.18955576
5780,-0.9510585,0.21548396
5781,-0.6680119,0.17192614
5782,-1.7955838,0.27584377
5783,-1.165841,0.2998094
5784,-1.3330863,0.32206026
5785,-1.1209122,0.19938424
5786,-1.4826213,0.30791345
5787,-1.5371469,0.29706517
5788,-0.99318594,0.26060244
5789,-1.4519589,0.3192786
5790,-1.2842313,0.35280892
5791,-1.3645239,0.34005243
5792,-1.3449378,0.39062873
5793,-0.8090837,0.18778093
5794,-1.3992035,0.34028652
5795,-1.4031731,0.3647517
5796,-1.5589354,0.3022933
5797,-1.1313603,0.24256486
5798,-1.1417676,0.29991975
5799,-1.0726448,0.30676383
5800,-0.6043879,0.24924557
5801,-1.6566919,0.3984868
5802,-1.4386519,0.27772096
5803,-1.9150476,0.39304757
5804,-1.4067646,0.3641556
5805,-1.6754961,0.37844825
5806,-1.2526098,0.2719561
5807,-1.2644892,0.26205018
5808,-1.1890213,0.3108219
5809,-1.1146053,0.27677697
5810,-0.94815695,0.29491165
5811,-1.6205753,0.31405383
5812,-1.2380557,0.36102307
5813,-0.98804647,0.2638631
5814,-1.3801622,0.26161745
5815,-0.5690961,0.18351592
5816,-0.8979573,0.20088829
5817,-1.0461338,0.33470175
5818,-0.7502024,0.21166822
5819,-1.7073087,0.28170145
5820,-0.73586226,0.19992913
5821,-1.4456409,0.33730093
5822,-1.8250482,0.3411881
5823,-1.1004257,0.242027
5824,-1.3515527,0.38653556
5825,-0.11062151,1.0073045
5826,-0.92558753,0.2733319
5827,-1.3120103,0.3254224
5828,-0.92316175,0.27037778
5829,-0.88620687,0.19854426
5830,-1.0957527,0.36590165
5831,-1.259916,0.37209076
5832,-1.0810351,0.3216572
5833,-0.9316061,0.2883193
5834,-1.3738508,0.24857865
5835,-0.7977731,0.24464436
5836,-1.6790035,0.32793632
5837,-1.2078406,0.2565156
5838,-1.173726,0.36770558
5839,-1.0634104,0.34367833
5840,-0.9752089,0.2902697
5841,-1.5397706,0.38352054
5842,-1.1734601,0.32710925
5843,-1.003533,0.20247088
5844,-1.2768639,0.25992763
5845,-0.91935265,0.21330759
5846,-0.8324385,0.21670778
5847,-0.8861364,0.25976282
5848,-0.9766676,0.30683193
5849,-1.2675412,0.34409264
5850,-0.9228846,0.23949322
5851,-0.8247478,0.2693765
5852,-1.2345607,0.27490568
5853,-1.2141957,0.24762388
5854,-0.9199172,0.21194172
5855,-1.2062835,0.34257323
5856,-1.2594069,0.33013353
5857,-1.6850377,0.25778478
5858,-0.7506379,0.18343781
5859,-1.1000278,0.2796137
5860,-1.4609033,0.4141226
5861,-0.6509859,0.202323
5862,-1.398405,0.24909562
5863,-1.3267579,0.32774854
5864,-1.1490337,0.26691818
5865,-1.0051532,0.22626404
5866,-0.88822365,0.24202198
5867,-1.4205577,0.26797265
5868,-0.6933544,0.19270484
5869,-1.0055795,0.2751325
5870,-1.0585264,0.2548976
5871,-0.7628035,0.21873166
5872,-1.2013862,0.32152978
5873,-1.0948168,0.34103757
5874,-1.1350442,0.28579947
5875,-0.8337366,0.25838444
5876,-1.2115628,0.28021586
5877,-0.74021494,0.19255595
5878,-0.97235787,0.26670673
5879,-0.8185411,0.2087978
5880,-1.1778833,0.257356
5881,-0.09410026,0.31614298
5882,-0.9114176,0.24488986
5883,-1.0965362,0.29762194
5884,-1.3320178,0.34886113
5885,-0.9948085,0.32684848
5886,-1.5604359,0.2990764
5887,-1.0923836,0.21723579
5888,-0.94101316,0.21975227
5889,-1.5034038,0.36056602
5890,-1.5345694,0.27630028
5891,-0.99960446,0.2657061
5892,-1.0261194,0.37049246
5893,-1.3666965,0.3022327
5894,-1.0200149,0.29661506
5895,-1.7922882,0.4773057
5896,-1.3827653,0.30298057
5897,0.71203697,0.6940448
5898,-1.4962456,0.27475443
5899,-1.0489075,0.20588925
5900,-1.6768588,0.3425478
5901,-1.3355739,0.2649298
5902,-1.7260873,0.30602995
5903,-1.162132,0.25408202
5904,-1.1126318,0.25989813
5905,-1.4680339,0.33851588
5906,-1.3846099,0.27413318
5907,-0.8856722,0.23425978
5908,-1.4536983,0.32807717
5909,-1.1128742,0.25600052
5910,-1.0444642,0.32264715
5911,-1.2187575,0.26220226
5912,-1.2329602,0.38559833
5913,-1.2487323,0.3179633
5914,-1.1357086,0.3216409
5915,-1.4228271,0.3013285
5916,-0.979142,0.38220674
5917,-1.26391,0.3319694
5918,-1.298706,0.2625122
5919,-0.5212693,0.1917529
5920,-1.654239,0.3699831
5921,-1.358381,0.31069854
5922,-0.95742685,0.24879523
5923,-1.0915754,0.26390103
5924,-1.2945197,0.24599004
5925,-1.1191169,0.3035114
5926,-1.2788688,0.27507907
5927,-1.3760186,0.30856377
5928,-1.3949696,0.34215245
5929,-1.1409484,0.25354454
5930,-0.76626706,0.25625163
5931,-1.1224204,0.26155227
5932,-1.2611104,0.28152904
5933,-1.3190259,0.23305576
5934,-0.91929704,0.21615806
5935,-1.8338982,0.39828977
5936,-0.7447335,0.1691287
5937,-1.4221474,0.36624286
5938,-1.3991919,0.33104357
5939,-1.2891732,0.31349158
5940,-0.86656487,0.24135524
5941,-1.0216045,0.19119254
5942,-1.1386707,0.28185338
5943,-0.8980994,0.23549414
5944,-1.2785082,0.2586824
5945,-1.4665753,0.3335878
5946,-1.8894919,0.29091075
5947,-1.4582471,0.34854445
5948,-1.4728043,0.34052962
5949,-1.0693363,0.32237914
5950,-1.0383264,0.34368038
5951,-1.3921765,0.31404722
5952,-1.508843,0.29021153
5953,-1.3588794,0.2908309
5954,-0.8963137,0.2337096
5955,-0.8065846,0.26430595
5956,-1.2412667,0.26039064
5957,-1.2543349,0.25767833
5958,-0.8654875,0.25182077
5959,-0.88594866,0.23541723
5960,-1.090426,0.179995
5961,-1.237825,0.2964715
5962,-1.0054249,0.2900301
5963,-1.1686217,0.23554324
5964,-1.2537313,0.3967296
5965,-0.9508239,0.29832742
5966,-1.0207562,0.32246494
5967,-1.2055248,0.28797555
5968,-1.0936397,0.28190646
5969,-1.14777,0.23056878
5970,-1.2268955,0.23476253
5971,-1.2843137,0.2693948
5972,-1.4886287,0.30499572
5973,-1.2001098,0.33561707
5974,-1.063374,0.33948788
5975,-0.99466395,0.26001513
5976,-1.4800969,0.34227636
5977,-1.4184068,0.32923242
5978,-0.92535025,0.16326752
5979,-1.2218217,0.35065
5980,-0.4207964,0.15017745
5981,-1.4850812,0.32800144
5982,-1.10581,0.24649148
5983,-1.2975289,0.37355787
5984,-0.9474314,0.24004623
5985,-1.5753598,0.37234706
5986,-0.5534036,0.22704735
5987,-1.259191,0.3237643
5988,-1.356694,0.278189
5989,-1.2818325,0.22520258
5990,-1.0811039,0.32195735
5991,-1.365346,0.25270748
5992,-1.2797153,0.32765037
5993,-1.4469358,0.45748052
5994,-0.9264341,0.19130073
5995,-1.79159,0.35057724
5996,-0.98325837,0.25751147
5997,-1.1087624,0.3006508
5998,-1.223414,0.23470418
5999,-1.5894455,0.38556987
6000,-1.4514649,0.31355718
6001,-1.170164,0.23478462
6002,-1.1906718,0.27737918
6003,-1.2828581,0.25514302
6004,-0.74187,0.17891009
6005,-0.7658947,0.19631104
6006,-1.5666772,0.32744035
6007,-1.4607762,0.3031068
6008,-0.78089774,0.20803644
6009,-0.93006194,0.29593343
6010,-1.0915289,0.2676288
6011,-1.2455827,0.21950409
6012,-1.2541481,0.3154902
6013,-0.7187737,0.21973322
6014,-1.0949532,0.24975002
6015,-1.124456,0.27958086
6016,-1.1416624,0.2747388
6017,-1.1177225,0.27109927
6018,-1.1109478,0.3768902
6019,-1.5381001,0.37481537
6020,-1.3636866,0.22591068
6021,-0.7752865,0.23376371
6022,-1.1684783,0.36932296
6023,-1.235888,0.27710444
6024,-0.9768892,0.2911862
6025,-1.775218,0.34373698
6026,-1.235441,0.3438052
6027,-1.4289386,0.3284361
6028,-1.1864095,0.28275827
6029,-1.5147548,0.31697604
6030,-0.911366,0.18810354
6031,-1.3541721,0.33767048
6032,-1.1852053,0.35179615
6033,-1.4597222,0.41881326
6034,-1.0832714,0.24687667
6035,-1.0878181,0.23625508
6036,-0.95198447,0.28068992
6037,-1.2454145,0.23569287
6038,-1.1800193,0.22646438
6039,-1.1566769,0.34163314
6040,-0.95563024,0.20803618
6041,-0.8102874,0.31564343
6042,-1.1450775,0.33287442
6043,-0.8175796,0.18662347
6044,-1.067268,0.32047388
6045,-1.6113443,0.32604885
6046,-0.86653304,0.2637847
6047,-1.3915294,0.41937214
6048,-0.88915616,0.23627354
6049,-1.2314594,0.2697392
6050,-1.2924122,0.27410328
6051,-1.2087271,0.24577633
6052,-1.3849483,0.29857525
6053,-1.637199,0.361639
6054,-1.2766807,0.2879335
6055,-0.77761537,0.2183221
6056,-0.85095483,0.22501539
6057,-1.1491845,0.38282374
6058,-1.0140504,0.2553846
6059,-0.7661249,0.20101775
6060,-1.3475505,0.2623553
6061,-1.1203235,0.35277963
6062,-0.8581827,0.22117257
6063,-1.2496159,0.21587336
6064,-1.4036006,0.2533317
6065,-1.320621,0.3797177
6066,-1.1491313,0.3405686
6067,-0.80044013,0.23647957
6068,-1.2158654,0.22646797
6069,-0.9947423,0.3033427
6070,-1.3968096,0.24770857
6071,-1.3246188,0.26458886
6072,-1.5977664,0.2655894
6073,-1.0960275,0.2567962
6074,-1.2046815,0.31814507
6075,-1.5278171,0.28245062
6076,-1.5058116,0.24523099
6077,-1.3012205,0.28067377
6078,-1.2960846,0.2328694
6079,-1.1694593,0.3244365
6080,-1.866489,0.37615472
6081,0.2261309,0.7909085
6082,-1.4470502,0.24547163
6083,-0.99953216,0.2549348
6084,-1.0445462,0.21639617
6085,-0.697027,0.21828395
6086,-1.1136497,0.26688382
6087,-0.82223076,0.75113887
6088,-1.3137121,0.3759446
6089,-1.3720522,0.3315804
6090,-1.1861693,0.28969207
6091,-0.6759362,0.21114242
6092,-0.9134322,0.21328759
6093,-1.0978602,0.30142796
6094,-1.3712075,0.4382398
6095,-0.9216587,0.2094836
6096,-1.2404317,0.25519657
6097,-1.0642598,0.24736527
6098,-1.0062464,0.33545014
6099,-0.9232475,0.23758136
6100,-1.0938607,0.262594
6101,-1.4695067,0.25188443
6102,-0.93310064,0.20955272
6103,-1.3615031,0.3723149
6104,-1.639387,0.3681962
6105,-1.2279851,0.3197895
6106,-0.99326164,0.25576898
6107,-1.1058875,0.25065717
6108,-1.288994,0.28683525
6109,-1.155016,0.32160398
6110,-1.3699698,0.35704428
6111,-1.494185,0.3909604
6112,-0.9902807,0.26909643
6113,-1.0748066,0.24405736
6114,-0.7842852,0.1754994
6115,-0.75892633,0.27745074
6116,-1.0400639,0.23013847
6117,-1.3637062,0.38112962
6118,-1.1595887,0.3285175
6119,-1.1332829,0.24003293
6120,-0.8619383,0.2991616
6121,-1.0629553,0.21201472
6122,-1.1674032,0.28136504
6123,-1.1941891,0.23580524
6124,-1.2217597,0.25908634
6125,-0.9749246,0.31596905
6126,-1.4247215,0.33419672
6127,-1.4178302,0.34974778
6128,-1.417093,0.22632019
6129,-1.0867518,0.24785604
6130,-1.1047479,0.27347398
6131,-0.9854223,0.28060836
6132,-0.5578456,0.18724874
6133,-1.3939216,0.4059433
6134,-2.0252256,0.32931283
6135,-1.2059884,0.25215545
6136,-1.7889217,0.3596479
6137,-1.6112645,0.3900172
6138,-1.1559411,0.34368426
6139,-0.9316888,0.25019315
6140,-1.0398037,0.26378092
6141,-0.8999462,0.24960166
6142,-1.3224843,0.27382076
6143,-1.0714543,0.2775122
