,mean,sd
0,-1.1748772,0.22308753
1,-0.27015412,0.42789978
2,-0.99414265,0.23536599
3,-1.2024788,0.2767219
4,-1.5238632,0.30994594
5,-1.440291,0.30310115
6,-1.3154943,0.26987088
7,-1.1630242,0.2369157
8,-1.251512,0.27055007
9,-1.3777763,0.31489837
10,-1.332994,0.2531351
11,-1.2648562,0.28557986
12,-1.3316811,0.26716644
13,-1.3097947,0.27027476
14,-1.3149749,0.2728449
15,-1.382461,0.30674708
16,-1.143635,0.23318785
17,-1.1624097,0.24860135
18,-1.3848206,0.2872023
19,-1.3533092,0.30556944
20,0.15084116,0.59212613
21,-1.3294609,0.29694346
22,-0.3899463,0.25502208
23,-1.4803545,0.2935956
24,-1.2373132,0.24294414
25,-1.0287503,0.21559967
26,-1.659951,0.38870496
27,-1.3483025,0.2813117
28,-1.3050429,0.27232027
29,-1.335518,0.31817362
30,-1.454775,0.29894984
31,-1.051223,0.20753556
32,-1.1858698,0.24309847
33,-1.3730662,0.29172987
34,-1.50309,0.30051515
35,-1.3315839,0.2660202
36,-1.2155157,0.24195059
37,-1.2827057,0.24939366
38,-1.1395091,0.24575262
39,-1.328732,0.3434181
40,-0.78667283,0.36200646
41,-1.4397311,0.31264478
42,-1.4124937,0.29236192
43,-1.2805312,0.28027847
44,-1.2941628,0.26078188
45,-1.2882079,0.3087653
46,-1.2201507,0.21660312
47,-1.7733918,0.34356567
48,-1.1463957,0.27255812
49,-1.2646614,0.24787588
50,-1.2881311,0.29230964
51,-1.2321317,0.2567244
52,-0.43841097,0.39865324
53,-0.9949477,0.23466969
54,-1.2173266,0.25175282
55,-1.2400132,0.252013
56,-1.2420406,0.26524493
57,-1.3784529,0.2727994
58,-1.1880625,0.28144103
59,-1.0729892,0.23022301
60,-1.1855751,0.26152632
61,-1.3372514,0.30063233
62,-1.2308998,0.27647808
63,-1.2151817,0.25937933
64,-1.0712365,0.25009182
65,-1.0998069,0.19765556
66,-1.1943872,0.26450422
67,-1.1636095,0.27154973
68,-1.1611272,0.22812843
69,-1.1739473,0.24468912
70,-1.2863759,0.26896697
71,-0.9748961,0.22722235
72,-1.3808271,0.29398084
73,-0.4376048,0.50900716
74,-1.1716962,0.3081328
75,-1.1472976,0.23478404
76,-1.2164755,0.25738668
77,-1.4286234,0.34883702
78,-1.2648962,0.28121245
79,-1.3637725,0.28184685
80,-1.1459993,0.23143649
81,-1.5029006,0.30435508
82,-1.4601914,0.2896879
83,-1.440922,0.28955743
84,-1.2194408,0.28580767
85,-1.3824847,0.28054267
86,-0.124268845,0.39522204
87,-1.0946999,0.2067415
88,-0.32692412,0.27857387
89,-1.0934844,0.25513962
90,-1.1613153,0.22786477
91,-1.4240525,0.33144182
92,-1.0574324,0.2394635
93,-1.3549793,0.28684533
94,-1.2751055,0.27950808
95,-1.3510725,0.28591815
96,-1.2791364,0.2560568
97,-1.1903307,0.2350039
98,-1.2467984,0.2457738
99,-1.3581712,0.27754843
100,-1.2234589,0.26218808
101,-1.1459566,0.2175868
102,-1.5106198,0.33420008
103,-1.3023169,0.25814703
104,-1.247084,0.2877809
105,-1.2471623,0.2678013
106,-1.0929916,0.23946668
107,-1.4115583,0.30247912
108,-1.085158,0.2966025
109,-1.2626228,0.26662567
110,-1.1877888,0.26616785
111,-1.3851606,0.29574624
112,0.07799711,0.42254126
113,-1.2012656,0.27894264
114,-1.4187313,0.28305295
115,-1.1445106,0.24128284
116,-0.23240374,1.2619932
117,-1.4310324,0.3090127
118,-0.46288592,0.8020192
119,-1.5045022,0.3317251
120,-1.3903838,0.29666927
121,-0.43209386,0.46102652
122,-1.5396601,0.3301961
123,-1.1212664,0.255781
124,-1.1870476,0.248024
125,-0.9854504,0.18769565
126,0.58122975,2.7499354
127,-0.28732643,0.32832482
128,-1.3777878,0.25873867
129,-1.4768316,0.2852795
130,-1.3597789,0.29710692
131,-1.3645136,0.28629094
132,-1.5628674,0.31737053
133,-1.0927414,0.249869
134,-1.3733553,0.26891765
135,-1.4504592,0.31730217
136,-0.51129526,0.6113846
137,-1.6790074,0.3219991
138,-1.1883962,0.25357446
139,-1.3908361,0.27542222
140,-1.5224427,0.3152437
141,-1.0113404,0.23426537
142,-1.4027871,0.2778481
143,-1.2737694,0.26528263
144,-1.2360165,0.26421142
145,-1.2998116,0.31478396
146,-1.4342825,0.31471568
147,-1.2618788,0.27815294
148,-1.3703482,0.2638505
149,-1.2999015,0.3036758
150,-1.1570836,0.2308483
151,-1.361473,0.2493328
152,-1.2878635,0.28026345
153,-1.2314651,0.2678423
154,-1.191604,0.26799434
155,-1.5884992,0.3187947
156,-1.1981224,0.2309466
157,-1.156702,0.23079479
158,-1.2416636,0.25731695
159,-1.4311879,0.31912562
160,-1.293709,0.24345805
161,-0.71023893,0.39750418
162,-1.0409024,0.2404195
163,-1.3899935,0.291247
164,-1.2158419,0.26049057
165,-1.3223789,0.25901416
166,-0.91847104,0.18102221
167,-1.3173356,0.27930602
168,-1.0048372,0.2015245
169,-1.4066738,0.3217099
170,-0.80091727,0.35317296
171,-1.021696,0.2097354
172,-1.4417406,0.28897628
173,-1.2649845,0.27078173
174,-1.2494017,0.2804973
175,-1.5666101,0.31373307
176,-1.2891655,0.26576537
177,-1.3667018,0.2875911
178,-1.2984668,0.2764799
179,-1.0100816,0.20574547
180,-1.3998021,0.2962773
181,-1.2036448,0.24330959
182,-1.2232858,0.24973883
183,-1.2117959,0.24737225
184,-1.3333086,0.28560588
185,-1.3815773,0.30628237
186,-1.3105087,0.2556414
187,-1.376361,0.31652865
188,-1.1481494,0.22025804
189,-1.3381522,0.31397507
190,-1.1706781,0.2688953
191,-1.3627723,0.29177797
192,-0.31033054,0.25298756
193,-1.2664169,0.24697961
194,-1.3886377,0.29386288
195,-1.2156531,0.26076484
196,-1.1974365,0.24028623
197,-1.4809594,0.2966632
198,-1.5211841,0.3129124
199,-1.1511902,0.22027358
200,-0.33156136,0.26466528
201,-1.0819927,0.25306484
202,-1.4658818,0.29295826
203,-1.2607794,0.2593334
204,-0.98499006,0.21699114
205,-1.3170975,0.27629665
206,-1.2769506,0.27653158
207,-1.4939048,0.30334145
208,-1.0864158,0.22074337
209,-1.4804636,0.30422807
210,-1.1254748,0.25942102
211,-1.286597,0.26373658
212,-1.3033557,0.29196113
213,-1.4985048,0.3581776
214,-1.2395673,0.2677584
215,-1.1814588,0.26904082
216,-1.5105376,0.29490504
217,-1.389031,0.2678457
218,-1.4952581,0.30309698
219,-0.3567225,0.39062002
220,0.06269552,0.37434092
221,-1.0176742,0.2317061
222,-1.2826566,0.2696858
223,-1.2172285,0.239664
224,-0.15290724,0.27612576
225,-0.17847544,0.32098663
226,-1.429351,0.32902944
227,-1.5225731,0.35398382
228,-1.5072972,0.3314557
229,-1.2430516,0.23406671
230,-1.4342542,0.27522275
231,-1.4212711,0.27430457
232,-1.3693516,0.32075426
233,-1.2673877,0.26603535
234,-1.3197453,0.27109566
235,-1.513888,0.36420768
236,-1.3434739,0.2715397
237,-1.0860187,0.20461091
238,-1.63777,0.3389358
239,-1.2150618,0.2695258
240,-1.1444432,0.23413146
241,-1.5067674,0.29483566
242,-0.7679768,0.5105201
243,-1.2597446,0.25854623
244,-0.48356986,0.39307758
245,-0.34889215,0.34496763
246,-1.1982665,0.26460114
247,-1.22401,0.24061304
248,-1.404711,0.32347348
249,-1.3211325,0.27420917
250,-1.3967786,0.32307392
251,-1.6008283,0.33259976
252,-1.0940152,0.1899131
253,-1.3791188,0.29723895
254,-1.1440581,0.24838147
255,-1.237501,0.2671727
256,-0.737921,0.32979003
257,-1.3776101,0.29313892
258,-0.74672073,0.15615767
259,-1.1678782,0.24431212
260,-1.3229169,0.3106972
261,-1.5629988,0.3295652
262,-1.1974556,0.24160984
263,-1.339982,0.30891597
264,-1.341131,0.29955918
265,-1.435554,0.2920814
266,-1.2226882,0.24708258
267,-1.4004877,0.2829976
268,-0.19778721,0.3758475
269,-1.1291809,0.24806698
270,-1.5317882,0.3104188
271,-1.397832,0.30035868
272,-1.348395,0.32719827
273,-1.3834374,0.27168617
274,-1.3399763,0.2883297
275,-1.1999048,0.23856217
276,-1.2611825,0.26670828
277,-1.3590928,0.28224897
278,-1.1508745,0.21589749
279,-1.155763,0.25139123
280,-1.3612951,0.28831834
281,-1.2922117,0.30173123
282,-1.1371987,0.23985364
283,-1.185108,0.24978569
284,-0.37215954,0.4512157
285,-0.93548816,0.19957985
286,-1.1750741,0.24509646
287,-1.2893583,0.24701443
288,-1.4401733,0.29193643
289,-1.4372003,0.3306156
290,-1.0942144,0.23832858
291,-0.5804603,0.43493223
292,-1.3608104,0.29967558
293,-1.542294,0.3197833
294,-0.9820887,0.21544237
295,-1.0289141,0.22713959
296,-1.2487046,0.2317729
297,-1.5232004,0.31668895
298,-1.3251277,0.2483493
299,-1.1648618,0.26378778
300,-1.3365946,0.30221578
301,-1.2913072,0.25456896
302,-1.398845,0.30463174
303,-1.3415742,0.29239255
304,-1.4475433,0.29432863
305,-0.94415236,0.22015674
306,-1.2684418,0.25307572
307,-1.1423717,0.25481877
308,-0.0970182,0.52990234
309,-1.2967649,0.29012355
310,-1.2469324,0.25401205
311,-1.3442234,0.3100284
312,-0.6438317,0.5114218
313,-1.429498,0.2794975
314,-1.2062148,0.26571673
315,-1.3186237,0.24055228
316,-1.3871309,0.28752485
317,-1.1153922,0.25064784
318,-0.9789313,0.18701765
319,-1.2916712,0.26309854
320,-1.3201884,0.3331051
321,-1.2683308,0.276641
322,-1.0912126,0.24272141
323,-1.0162,0.2115304
324,-1.1964881,0.23513035
325,-1.1367346,0.2522727
326,-1.2232487,0.24836008
327,-1.4261264,0.32222056
328,-1.3560627,0.28938723
329,-1.2040195,0.28268313
330,-1.2112689,0.27027503
331,-0.35242018,0.2920557
332,-1.1406658,0.20241012
333,-1.307949,0.27449116
334,-1.2550817,0.27803034
335,-1.1082926,0.24828216
336,-1.1346397,0.20876712
337,-1.3343602,0.28804135
338,-1.2744924,0.24992263
339,-0.19442609,0.3692436
340,-1.3905839,0.31531197
341,-1.3256283,0.24688032
342,-1.193736,0.23322302
343,-1.2541449,0.23145954
344,-1.1115626,0.1953442
345,-1.2170705,0.2603242
346,-1.142991,0.23319215
347,-1.4611263,0.30221283
348,-1.0876338,0.22496057
349,-1.3310398,0.25601515
350,-1.5524985,0.3530247
351,-1.258735,0.28205052
352,-1.1158843,0.27268007
353,-1.1174997,0.25139505
354,-1.2180477,0.26068175
355,-1.3742039,0.27368054
356,-1.291885,0.26176926
357,-1.4569355,0.3005699
358,-1.1346133,0.2520282
359,-1.4366434,0.30618304
360,-1.2915044,0.31153378
361,-1.1760877,0.20326674
362,-1.2534028,0.26603797
363,-1.2847148,0.29783517
364,-1.2634505,0.261266
365,-1.1284124,0.23213537
366,-1.5878004,0.31506982
367,-1.0066788,0.21319123
368,-1.1749419,0.2515488
369,-1.265926,0.26503775
370,-1.1508213,0.2266991
371,-1.2484527,0.24689403
372,-1.316593,0.24127343
373,-1.3185498,0.25321135
374,-1.1516051,0.22279142
375,-1.4191064,0.29289487
376,-0.27509242,0.3656644
377,-1.2038988,0.24016282
378,-1.269148,0.28401834
379,-0.44420472,0.37991783
380,-1.1855966,0.2620865
381,-1.3210435,0.2942027
382,-1.4044783,0.31201926
383,-1.353409,0.29518354
384,-0.6994846,0.52878356
385,-1.4988656,0.2896539
386,-1.1878029,0.25176325
387,-1.3227254,0.28780484
388,-1.219133,0.24691297
389,-1.0336441,0.22598542
390,-1.2734668,0.27159673
391,-1.421652,0.28050146
392,-1.6495184,0.31793526
393,-1.4188309,0.29254827
394,-1.0716208,0.20224592
395,-0.29385,0.56089264
396,-1.2222906,0.323067
397,-1.1186442,0.25178072
398,-1.4597636,0.2843595
399,-1.3357315,0.30461323
400,-1.6577138,0.3806001
401,-1.3431557,0.31162718
402,-0.8733805,0.18428251
403,-1.371968,0.29255855
404,-1.1115524,0.26086742
405,-0.5542639,0.37101763
406,-1.2904027,0.24539067
407,-1.3770907,0.294158
408,-1.2408828,0.2393025
409,-0.13570213,0.33844745
410,-1.237287,0.30633995
411,-1.0439804,0.22370416
412,-1.4789003,0.3216297
413,-1.5402092,0.34412536
414,-1.2949762,0.27348232
415,-1.20586,0.25047985
416,-1.188999,0.28034106
417,-1.2289562,0.22819161
418,-1.327773,0.31287652
419,-1.0434849,0.2460229
420,-1.362115,0.29293698
421,-1.3176755,0.2758801
422,-1.3771856,0.29712957
423,-0.2880982,0.32149985
424,-1.1866237,0.25488985
425,-1.309127,0.25028095
426,-1.2754934,0.2838834
427,-1.2357695,0.2777238
428,-1.1774607,0.2438156
429,-1.2653265,0.26961574
430,-1.4697556,0.30944097
431,-1.3912386,0.28022876
432,-1.3140473,0.288385
433,-1.175182,0.24683356
434,-1.0738264,0.23924023
435,-1.3009462,0.27506867
436,-1.2442168,0.28619292
437,-1.3715894,0.31178325
438,-1.07938,0.2182665
439,-1.135228,0.23259975
440,-1.1010394,0.2112548
441,-1.5400351,0.34981298
442,-1.4123046,0.27877212
443,-1.4353633,0.31903127
444,-1.5359875,0.30744582
445,-1.0959469,0.24983089
446,-1.2726861,0.29931557
447,-1.1225293,0.2325898
448,-1.20527,0.22980466
449,-1.4220692,0.31065348
450,-1.1008201,0.20859514
451,-1.3797559,0.2930741
452,-1.4062526,0.3151964
453,-1.383808,0.2978495
454,-1.3097345,0.2771595
455,-1.3374674,0.32326517
456,-1.2741731,0.2871425
457,-1.3467176,0.28956315
458,-1.201159,0.25991985
459,-0.16798876,0.43312585
460,-1.4612916,0.3204598
461,-0.5984494,0.39082834
462,0.22319187,1.4245528
463,-0.15347765,0.42577872
464,-1.2750587,0.24828276
465,-1.319176,0.24727516
466,-1.1989386,0.27336368
467,-1.0157135,0.17989987
468,-1.3595401,0.27872252
469,-0.064481325,0.3601658
470,-1.0806607,0.21334462
471,-1.133275,0.22725052
472,-1.3794967,0.27686504
473,-1.1659259,0.2430107
474,-1.3057848,0.23639655
475,-1.2017949,0.267325
476,-1.2797664,0.2975619
477,-1.318455,0.26629725
478,-1.0569961,0.22191411
479,-1.6129487,0.3519502
480,-1.3208996,0.27984735
481,-1.0993383,0.21799468
482,-1.0699165,0.22023107
483,-0.17438172,0.3235728
484,-1.1900593,0.22097361
485,-1.1275083,0.22835457
486,-1.4899324,0.31756413
487,-1.1231194,0.24043582
488,-1.5823247,0.3274824
489,-1.4660085,0.28069034
490,-1.1825452,0.2506292
491,-1.0404054,0.23830853
492,-1.1910349,0.24849269
493,-1.560788,0.32829028
494,-1.2604584,0.26551136
495,-0.994691,0.20570801
496,-1.5784034,0.33304244
497,-0.543153,0.4373498
498,-1.273841,0.23347072
499,-1.1508756,0.26750466
500,-1.1254909,0.2573213
501,-0.3649333,0.5450606
502,-0.9744786,0.22065015
503,-1.394645,0.27765226
504,-1.3774488,0.29307023
505,-1.1201048,0.23093234
506,-1.2649028,0.23177893
507,-1.2018362,0.27360678
508,-1.5898411,0.35794374
509,-1.0439358,0.22600855
510,-1.3538111,0.26866505
511,-1.2832514,0.2933394
512,-1.216849,0.28455392
513,-1.5209669,0.2973371
514,-0.37988815,0.4725215
515,-0.5596886,0.42142704
516,-1.2817024,0.26996228
517,-0.26690227,0.5990019
518,-1.5476289,0.33949384
519,-1.5086155,0.335029
520,-1.361882,0.2727423
521,-1.3584343,0.29510134
522,-1.3053137,0.26588503
523,-0.20494756,0.55880135
524,-0.7036027,0.4037326
525,-1.1843474,0.27977058
526,-1.5091715,0.32676095
527,-0.3076778,0.283948
528,-1.0011743,0.2181965
529,-0.9711996,0.23530665
530,-1.5441663,0.31076148
531,-0.56743217,0.22452748
532,-1.184745,0.2536393
533,-1.6641173,0.33556587
534,-1.449719,0.30418408
535,-1.4796573,0.3147208
536,-1.398612,0.29875538
537,-1.4153183,0.33516276
538,-1.4988633,0.28060794
539,-0.8167809,0.1873081
540,-1.705298,0.39096752
541,-1.2851557,0.25651714
542,-1.3141166,0.27916887
543,-1.1662819,0.2463547
544,-1.1864331,0.3226043
545,-1.361808,0.28658405
546,-1.1742506,0.26565656
547,-1.0962826,0.24338324
548,-1.27841,0.26963836
549,-1.5160127,0.3268197
550,-1.5469018,0.31693953
551,-1.1454854,0.28712183
552,-1.2499075,0.27148896
553,-1.1859341,0.25334492
554,-1.4613551,0.2939626
555,-1.3692005,0.29338312
556,-1.4962983,0.28913116
557,-1.3783488,0.25502503
558,-1.3908141,0.29784897
559,-0.34732735,0.7545286
560,-1.0835166,0.20679875
561,-1.2254082,0.2513494
562,-1.0284019,0.20018071
563,-1.396522,0.29522386
564,-1.3299245,0.3156638
565,-1.5845407,0.35392895
566,-1.3533554,0.2678815
567,-1.099777,0.25473583
568,-1.1477842,0.24288514
569,-1.1509612,0.23073244
570,-1.0791914,0.21886255
571,-1.4448917,0.28022555
572,-1.4078289,0.28684527
573,-1.3919404,0.28280193
574,-1.0135949,0.19488052
575,-1.3740425,0.2843183
576,-1.5214993,0.32507768
577,-1.4234833,0.27895758
578,-1.4533567,0.33905995
579,-0.32763082,0.30854508
580,-0.5897836,0.3606632
581,-1.2291465,0.25301427
582,-1.3116353,0.26067388
583,-1.1600115,0.30479735
584,-1.3138605,0.2984818
585,-1.2367076,0.2819417
586,-1.277467,0.25932682
587,-1.2162412,0.2619303
588,-1.2665644,0.29943895
589,-1.262243,0.29655385
590,-1.219929,0.32797593
591,-0.39825293,0.37837103
592,-1.3398614,0.27906132
593,-1.2516308,0.295361
594,0.03149114,0.36403015
595,-1.135571,0.24623817
596,-0.30945912,0.60800576
597,-1.1651677,0.24904057
598,-0.4355755,0.3168319
599,-1.1036117,0.21863958
600,-1.3843522,0.316647
601,-1.1957706,0.25744733
602,-1.5490121,0.30864167
603,-1.3355176,0.29380697
604,-1.422448,0.284728
605,-1.4477919,0.30224553
606,-1.3105698,0.26112795
607,-1.3545574,0.30701324
608,-1.5715342,0.3081339
609,-1.3478496,0.2779443
610,-1.139157,0.24578466
611,-1.1853795,0.23185137
612,-1.2125057,0.29318738
613,-0.2935746,0.4800597
614,-1.4330527,0.28138226
615,-1.5055838,0.33935273
616,-1.5473403,0.28813767
617,-1.2199401,0.26011702
618,-1.4200816,0.30521417
619,-1.3209108,0.23789938
620,-1.3089471,0.27384245
621,-1.4629424,0.33146527
622,-0.9820733,0.20767662
623,-1.292986,0.2516424
624,-1.3597928,0.2846653
625,-1.4094026,0.3095447
626,-1.2778211,0.25763312
627,-1.5118523,0.2924482
628,-1.2098329,0.26036668
629,-1.511139,0.34121758
630,-1.2377703,0.26293653
631,-1.2389743,0.27137932
632,-1.4409496,0.33186504
633,-1.0542969,0.22543244
634,-1.4565068,0.2966909
635,-1.6146163,0.32066035
636,-1.575254,0.3540768
637,-1.4781108,0.32600588
638,-1.3263634,0.28281033
639,-1.2303878,0.25092605
640,-0.40548614,0.62247056
641,-1.2554368,0.28377157
642,-1.3422334,0.26064292
643,-1.5623345,0.35305232
644,-1.2466574,0.27230734
645,0.3348588,0.6220399
646,-1.1809106,0.25495663
647,-1.365492,0.30344272
648,-1.2228494,0.28573576
649,-1.1614805,0.25458348
650,-1.2446434,0.27544326
651,-1.280959,0.23851937
652,-1.3844644,0.27365565
653,-1.2872154,0.30013674
654,-1.3529071,0.3069749
655,-0.2526101,0.345321
656,-1.3680142,0.2851384
657,-1.279508,0.26017454
658,-1.2981333,0.2888086
659,-0.5624701,0.391374
660,-1.1965595,0.22997656
661,-1.297958,0.30751827
662,-0.94885194,0.23655471
663,-1.1030997,0.23844765
664,-1.0451347,0.21052144
665,-1.454165,0.302444
666,-1.5506943,0.3342634
667,-1.1561965,0.27543876
668,-1.4371862,0.30648685
669,-1.1992809,0.26054
670,-1.4589597,0.31012207
671,-1.2355003,0.2907171
672,-1.4998978,0.32201228
673,-1.3486431,0.31146878
674,-1.3155494,0.27271405
675,-0.6287496,0.56699413
676,-1.2932541,0.27536744
677,-0.2922365,0.39698973
678,-1.4295845,0.2999517
679,-0.14087184,0.39691117
680,-1.3081305,0.2662738
681,-1.2304333,0.29146978
682,-1.2094345,0.25536832
683,-1.1461338,0.2468891
684,-1.117005,0.27726516
685,-1.3481089,0.28966698
686,-1.2589644,0.28964227
687,-1.3047464,0.29663634
688,-1.196134,0.23524693
689,-0.27095658,0.4367248
690,-1.1920062,0.25070542
691,-0.07321246,0.46496603
692,-0.9084816,0.20414467
693,-1.0468385,0.20161676
694,-1.2789971,0.27947384
695,-1.2221978,0.2847668
696,-1.1875665,0.2727743
697,-1.2875607,0.26121005
698,-0.024619123,0.54899174
699,-0.9629952,0.22190785
700,-1.2148308,0.3865655
701,-1.4720579,0.35676306
702,-1.5601182,0.31970277
703,-1.3905042,0.31028214
704,-1.2115524,0.21749109
705,-1.2979525,0.30046734
706,-1.2357004,0.26433748
707,-1.1442933,0.2213776
708,-1.3589627,0.29729518
709,-1.4282628,0.29568395
710,-1.4673538,0.27827322
711,-1.3179307,0.27081096
712,-1.3714223,0.2869536
713,-1.270603,0.24823463
714,-0.33218095,0.32785907
715,-1.2654432,0.23591705
716,-1.2262145,0.2615367
717,-1.3947481,0.28456035
718,-1.1779239,0.26286596
719,-1.2006193,0.26262802
720,-1.410191,0.29609874
721,-1.3417492,0.29126137
722,-1.2511399,0.2886439
723,-1.2319183,0.25921303
724,-1.306213,0.26584044
725,-1.147744,0.26821834
726,-1.1513749,0.28529683
727,-1.2714994,0.2907085
728,-1.0979916,0.1920038
729,-1.3867309,0.3233411
730,-1.3685452,0.25494105
731,-1.1682189,0.24983299
732,-1.3662322,0.30413958
733,-1.5677671,0.3567276
734,-1.3418666,0.24945293
735,-1.1350163,0.24506667
736,-1.175672,0.2815222
737,-1.2745634,0.2639753
738,-1.260206,0.26008174
739,-0.4606679,0.40325934
740,-1.4816134,0.32302043
741,-1.175625,0.2595498
742,-1.5595484,0.3635413
743,-1.2015673,0.27848622
744,-0.07877259,0.49369404
745,-1.2763861,0.26690045
746,-1.1888331,0.24756637
747,-1.5493027,0.34898058
748,-1.1793976,0.26754287
749,-1.2486438,0.26475644
750,-1.0745002,0.232988
751,-1.2649711,0.2688964
752,-1.4166209,0.28708804
753,-1.095844,0.24823155
754,-1.2250706,0.25372306
755,-1.2871503,0.27952984
756,-1.2447013,0.24209528
757,-1.2276868,0.2386178
758,-1.3095675,0.29941374
759,-1.4834136,0.31613025
760,-1.3748426,0.31574246
761,-1.3221282,0.281432
762,-1.381164,0.2776187
763,-1.0886039,0.2352806
764,-1.4587016,0.31749207
765,-1.4757767,0.31341803
766,-1.2930527,0.212934
767,-1.7052157,0.4032773
768,-1.5921966,0.32184106
769,-0.3351037,0.5282003
770,-1.4389125,0.29544
771,-1.2433751,0.25881428
772,-1.1471261,0.22133346
773,-1.4821578,0.31056416
774,-1.2978963,0.25095698
775,-1.4247944,0.2672576
776,-1.223603,0.2498527
777,-1.1428505,0.20669194
778,-0.74296856,0.63063246
779,-1.601179,0.33599758
780,-0.22983412,0.29262125
781,-1.2065507,0.30312932
782,-1.1545604,0.26339528
783,-1.142863,0.2377231
784,-1.3200814,0.2734216
785,-1.4346098,0.31304923
786,-1.3051432,0.24582168
787,-1.0356332,0.21161945
788,-1.1781123,0.21627796
789,-1.3544841,0.27310267
790,-0.3281881,0.45589972
791,-1.2663519,0.28038538
792,-1.520378,0.30829975
793,-1.3932242,0.33102345
794,-1.310065,0.25553754
795,-1.131962,0.23991768
796,-1.2906191,0.26534352
797,-1.2472168,0.26610565
798,-1.1741236,0.2362307
799,-1.3731747,0.2931634
800,-1.2561771,0.25197062
801,-1.2756827,0.2543201
802,-1.4946408,0.33518094
803,-1.3187622,0.3126161
804,-1.2619342,0.25556427
805,-1.4576514,0.3188736
806,-1.3087283,0.2686508
807,-1.2921394,0.29301882
808,-1.3824753,0.27452385
809,-1.3824967,0.30512056
810,-1.2870921,0.27264765
811,-1.2360742,0.19663222
812,-1.2863785,0.28985935
813,-1.3959442,0.31362933
814,-0.35570404,0.3712709
815,-1.1036855,0.2343485
816,-1.502762,0.37689182
817,-1.0949488,0.18412668
818,-0.1021261,0.53073895
819,-1.0787761,0.25583765
820,-1.0840667,0.21550676
821,-1.2841775,0.27358454
822,-1.4530481,0.27170658
823,-1.2511747,0.29000035
824,-1.3788584,0.2662404
825,-1.3749185,0.30865866
826,-0.6919035,0.43572578
827,-1.6875035,0.40333563
828,-1.2414404,0.24696842
829,-1.0586113,0.21263325
830,-1.4550244,0.2973757
831,-1.6166614,0.34631234
832,-1.4930745,0.3166694
833,-1.2878289,0.2997248
834,-1.212282,0.23066114
835,-1.2186061,0.25896773
836,-1.1411246,0.23434916
837,-1.464752,0.30463684
838,-1.2649466,0.2655796
839,-1.5444418,0.32447383
840,-1.2112963,0.24375878
841,-0.5737185,0.26492253
842,-1.292873,0.34172985
843,-1.3188034,0.24134254
844,-1.2247704,0.23166312
845,-1.234036,0.24862036
846,-1.4130801,0.27770713
847,-1.473775,0.32261866
848,-1.3113924,0.26897764
849,-1.4740258,0.31776607
850,-1.2211174,0.24552737
851,-1.4307917,0.3095506
852,-0.3958493,0.48157397
853,-1.1883718,0.3007635
854,-1.45588,0.31416658
855,-0.295483,0.44460207
856,-1.1407167,0.24644287
857,-1.3341835,0.30086893
858,-1.6151503,0.31373304
859,-1.4448959,0.3267897
860,-1.0816234,0.20604567
861,-1.2830733,0.2689453
862,-1.2669132,0.26071697
863,-1.347787,0.22060028
864,-1.2018285,0.29915956
865,-1.5736501,0.3411338
866,-1.6022801,0.37297055
867,-1.2089983,0.26288527
868,-1.1081963,0.24327157
869,-1.1420649,0.23281395
870,-1.1428659,0.23177859
871,-1.1110768,0.2489763
872,-1.4338768,0.29954726
873,-1.4684289,0.32808277
874,-1.0545413,0.21703225
875,-1.4266477,0.31449533
876,-1.3351531,0.2922405
877,-1.2929269,0.28413257
878,-1.3977505,0.30106202
879,-1.268529,0.23090798
880,0.00036944597,0.44091523
881,-1.2463995,0.27512336
882,-1.1923503,0.25051376
883,-1.311241,0.26502886
884,-1.4186755,0.2842005
885,-1.4104497,0.28630763
886,-0.21532692,0.37703076
887,-0.40085465,0.5789313
888,-1.3768392,0.2991554
889,-1.4318373,0.28467795
890,-0.9652558,0.21569519
891,-1.4833578,0.32113698
892,-0.26967865,0.3708158
893,-1.4054523,0.28091243
894,-1.4193419,0.31224895
895,-1.4397113,0.3001841
896,-0.1316444,0.54810816
897,-1.4945126,0.32508883
898,-1.4169956,0.29172793
899,-1.5990529,0.32913697
900,-1.1776702,0.26610222
901,-1.1904981,0.23249859
902,-1.2675983,0.27879313
903,-1.2277702,0.25466773
904,-1.6119648,0.33961076
905,-1.1411186,0.26816624
906,-1.3617704,0.33737472
907,-1.3875333,0.25055954
908,-1.3560562,0.27451435
909,-1.538176,0.3145715
910,-1.4419407,0.33279097
911,-0.13492118,0.39552176
912,-1.0722662,0.1897441
913,-1.6303399,0.34235767
914,-1.223733,0.25794628
915,-1.2604631,0.26960856
916,-1.3092093,0.29678655
917,-1.2757628,0.29503748
918,-1.376362,0.3025737
919,-1.2102796,0.22673143
920,-1.2349021,0.2049753
921,-1.4187171,0.29955307
922,-1.2937543,0.28812128
923,-0.9803451,0.20646138
924,-1.5490547,0.3369455
925,-1.3381554,0.28715137
926,-1.3535506,0.3196429
927,-1.1374824,0.24433844
928,-1.2712585,0.2581179
929,-0.56404704,0.38574877
930,-0.17681801,0.36953992
931,-1.2465421,0.26677695
932,-1.2721553,0.27915835
933,-1.1113634,0.22220907
934,-1.0568815,0.23898934
935,-1.2658494,0.26906472
936,-1.3745494,0.31355843
937,-1.2982821,0.26396257
938,-1.1244422,0.25599763
939,-0.2784224,0.46605232
940,-1.4354994,0.30961528
941,-1.379347,0.293242
942,-1.3415082,0.29803836
943,-1.2276496,0.27342224
944,-1.2898593,0.2898726
945,-1.2902459,0.29213566
946,-1.442107,0.29226136
947,-1.1102476,0.22334449
948,-0.45257404,0.37287828
949,-1.0530655,0.21420781
950,-1.6237172,0.35643935
951,-1.2192035,0.25084704
952,-1.3260651,0.25991383
953,-1.049083,0.20696819
954,-1.1510543,0.26039213
955,-1.2893053,0.235331
956,-1.4142991,0.28433603
957,-0.77139693,0.41496992
958,-1.3785691,0.29273248
959,-1.4960855,0.3031867
960,-1.2823702,0.24348783
961,-0.96084726,0.22643095
962,-1.2068081,0.27891248
963,-1.0929267,0.23664664
964,-1.2257789,0.23810856
965,-1.411533,0.30005568
966,-1.4941102,0.33345997
967,-1.3181105,0.29955202
968,-1.4156669,0.2530256
969,-1.5965327,0.32609913
970,-1.3216734,0.3029508
971,-1.2450017,0.28344116
972,-1.2498003,0.2660688
973,-1.3131974,0.25865567
974,-1.6337061,0.3680199
975,-1.375836,0.27266213
976,-1.289247,0.25600773
977,-1.1951772,0.25629464
978,-1.2478577,0.26499784
979,-1.3423712,0.2537299
980,-1.3283944,0.2637332
981,-1.1784496,0.25631392
982,-1.1892848,0.32824335
983,-1.2183874,0.28136823
984,-1.460377,0.28727034
985,-1.1777619,0.23488742
986,-1.2811128,0.26989824
987,-1.3571776,0.2815517
988,-1.4102502,0.27891856
989,-1.2240148,0.25659713
990,-1.747818,1.9240412
991,-0.21351281,0.49652448
992,-1.3192322,0.26194376
993,-1.2834452,0.26448625
994,-1.2708019,0.26021153
995,-1.489611,0.33200476
996,-1.1414049,0.25147983
997,-1.3175128,0.3068028
998,-1.0410044,0.20188752
999,-1.5304735,0.3486945
1000,-0.22913976,0.3185878
1001,-0.46989968,0.41296092
1002,-0.38136262,0.35002688
1003,-1.4265407,0.28643593
1004,-1.1092758,0.23385301
1005,-1.4820111,0.27777374
1006,-1.3390839,0.2644591
1007,-1.206663,0.2373467
1008,-1.321923,0.2987654
1009,-1.5784541,0.37261477
1010,-1.197922,0.24293478
1011,-1.2874391,0.28546777
1012,-1.2707446,0.26233625
1013,-0.2505515,0.5937554
1014,-1.5331755,0.33622915
1015,-0.47130895,0.39239258
1016,-1.42709,0.2777308
1017,-0.09103033,0.27351582
1018,-1.1380199,0.2077687
1019,-1.2418944,0.21870326
1020,-1.120299,0.2721491
1021,-1.1070868,0.22930111
1022,-1.2014291,0.2733895
1023,-1.4073577,0.2811361
1024,-1.3748035,0.26867998
1025,-1.3395096,0.30189788
1026,-1.4380445,0.2998367
1027,-1.4706467,0.31621727
1028,-1.2448808,0.25543523
1029,-1.0791795,0.21946003
1030,-1.4309834,0.3190569
1031,-1.3904123,0.32630277
1032,-1.2994981,0.2689339
1033,-1.5015316,0.33792195
1034,-1.2055483,0.2664216
1035,-1.0808254,0.22983764
1036,-1.3118463,0.27490404
1037,-1.1897725,0.2708583
1038,-1.2602718,0.28636757
1039,-1.2218318,0.26088965
1040,-1.1597652,0.25699857
1041,-1.1902746,0.22704042
1042,-1.2297338,0.26461023
1043,-1.348401,0.27557787
1044,-1.1053315,0.19911477
1045,-1.2359365,0.26177874
1046,-1.4468578,0.2536423
1047,-0.91450036,0.16887015
1048,-1.4781072,0.28153363
1049,-1.0479128,0.24039264
1050,-1.1410338,0.23644592
1051,-1.3847544,0.27494043
1052,-1.0634815,0.21917395
1053,-1.4651865,0.33763897
1054,-1.2181154,0.29013067
1055,-0.51525486,1.6356988
1056,-1.3122613,0.24750559
1057,-1.0496647,0.21498993
1058,-1.3442917,0.25714937
1059,-1.4419539,0.34773776
1060,-1.1163518,0.2011102
1061,-1.1955951,0.25909454
1062,-0.8238969,0.73086846
1063,-1.4033468,0.28879872
1064,-1.2280753,0.24820602
1065,-1.2992512,0.2725064
1066,-0.47212625,0.30683568
1067,-1.1389177,0.26077944
1068,-1.5668336,0.34121647
1069,-1.1453036,0.23385574
1070,-1.2794316,0.27272967
1071,-1.1575966,0.25139862
1072,-1.2205824,0.25514323
1073,-1.2577822,0.23540026
1074,-1.2955776,0.31173337
1075,-1.5568478,0.30181733
1076,-1.3679265,0.29666406
1077,-1.2896612,0.27015188
1078,-1.2604249,0.2824804
1079,-1.323917,0.31863806
1080,-1.3239541,0.2705759
1081,-1.1856972,0.2867782
1082,-1.2520903,0.22419211
1083,-1.4632509,0.30286825
1084,-1.4581659,0.3321834
1085,-1.3789089,0.3161489
1086,-1.0983825,0.22651437
1087,-0.31829947,0.5345146
1088,-1.9212635,0.37510735
1089,-1.4381763,0.3024185
1090,-1.3889543,0.29696503
1091,-1.5271173,0.334003
1092,-1.4326587,0.29635692
1093,-1.2029878,0.26112482
1094,-1.2753288,0.2476392
1095,-1.4442906,0.29141286
1096,-1.595004,0.32339975
1097,-1.4044627,0.28850734
1098,-1.4342132,0.31386656
1099,-1.4519938,0.32192215
1100,-1.1787356,0.21760376
1101,-1.2731731,0.24041909
1102,-1.3667743,0.27010447
1103,-1.1045539,0.21751636
1104,-1.3130603,0.28052658
1105,-1.2890967,0.27409184
1106,-1.346849,0.28916153
1107,-1.2787874,0.3025935
1108,-0.006968193,0.3464061
1109,-1.2525839,0.26926622
1110,-1.0902113,0.24409537
1111,-1.1509165,0.22692326
1112,-1.6319185,0.3989362
1113,-0.39188126,0.4945292
1114,-1.4634043,0.34842864
1115,-1.1050406,0.24786477
1116,-1.4363742,0.3137901
1117,-1.4873666,0.32616305
1118,-1.1891166,0.22610429
1119,-1.2212262,0.27365384
1120,-1.3831083,0.29359475
1121,-1.1013428,0.20481057
1122,-1.1689578,0.23265319
1123,-1.4670434,0.3366011
1124,-0.4920496,0.29207876
1125,-1.6069825,0.3456324
1126,-1.2671714,0.293771
1127,-1.4306107,0.26558584
1128,-1.0982752,0.26801556
1129,-0.54612887,0.45868772
1130,-1.3012455,0.28009254
1131,-1.2516491,0.26263905
1132,-1.3876797,0.29744798
1133,-0.034389656,0.47608617
1134,-1.3331187,0.2684258
1135,-0.35827106,0.3979219
1136,-1.4011992,0.34214285
1137,-1.3507781,0.27062014
1138,-1.2480644,0.31004086
1139,-1.2459055,0.29320696
1140,-1.3977021,0.25627372
1141,-1.4634478,0.30641538
1142,-1.2302394,0.2757416
1143,-1.2500924,0.24639983
1144,-1.0586865,0.23315197
1145,-1.3871733,0.27987325
1146,-1.1381892,0.22031815
1147,-0.13192233,0.32071352
1148,-1.0744287,0.21588564
1149,-1.1996497,0.23755418
1150,-1.2796873,0.30888352
1151,-0.42528647,0.6313258
1152,-1.3476573,0.26930794
1153,-1.2815304,0.23702498
1154,-1.4442661,0.34317377
1155,-1.2407153,0.26547036
1156,-1.1814297,0.24580768
1157,-1.4257963,0.30438
1158,-1.3111901,0.28895038
1159,-1.3944547,0.33302134
1160,-0.62450075,0.60148543
1161,-0.33760354,0.41840026
1162,-1.3661836,0.30752462
1163,-1.4509963,0.3364118
1164,-1.360182,0.28743136
1165,-0.96192473,0.575256
1166,-1.0694524,0.18866563
1167,-1.333103,0.27381513
1168,-1.5932945,0.34355178
1169,-1.3715612,0.26494178
1170,-1.250786,0.26699102
1171,-1.1219001,0.23563664
1172,-1.4521681,0.3085998
1173,-1.1774848,0.2765879
1174,-1.4570374,0.29308477
1175,-1.2420454,0.25836417
1176,-1.245457,0.26415116
1177,-1.6108307,0.3198009
1178,0.07014925,1.1776813
1179,-1.6179849,0.36630076
1180,-1.4915338,0.32904065
1181,-1.555201,0.30446517
1182,-1.1894966,0.22784989
1183,-1.2475158,0.27963775
1184,-1.2728958,0.24780753
1185,-1.1356477,0.2809558
1186,-1.1366028,0.23519816
1187,-1.5003387,0.34027863
1188,-1.3448201,0.28927442
1189,-1.3007358,0.267453
1190,-0.46469223,0.49254763
1191,-0.98350877,0.25858536
1192,-1.5545895,0.3250538
1193,-1.5222166,0.3514044
1194,-1.3870323,0.32754654
1195,-1.0427372,0.24299307
1196,-1.0074393,0.19396871
1197,-1.1980711,0.2876266
1198,-0.50661254,0.3881485
1199,-1.1425668,0.2595485
1200,-1.1869407,0.2781311
1201,-1.2673687,0.25798026
1202,-1.1540288,0.26093712
1203,-1.4012755,0.27920428
1204,-1.5903178,0.33341193
1205,-0.34508708,0.3162396
1206,-0.40260702,0.59007204
1207,-1.000484,0.24979922
1208,-1.2225826,0.25179237
1209,-1.3178835,0.2926799
1210,-1.3649449,0.29860657
1211,-1.5043821,0.2848125
1212,-1.4503175,0.3006342
1213,-1.4594263,0.32617697
1214,-0.610777,1.5772221
1215,-1.2553554,0.272003
1216,-0.2878449,0.42806602
1217,-1.2208236,0.24378389
1218,-1.1530962,0.24140535
1219,-1.0646199,0.23317614
1220,-1.0709218,0.19698454
1221,-1.1407825,0.2768043
1222,-0.97805285,0.18757693
1223,-1.196555,0.27795243
1224,-1.5205978,0.36719292
1225,-1.1045389,0.21827713
1226,-1.3699839,0.3339921
1227,-1.3674427,0.2986605
1228,-1.5309893,0.30987486
1229,-1.477859,0.33835158
1230,-1.2225224,0.2438463
1231,-1.3230542,0.2640767
1232,-1.1802899,0.20405515
1233,-1.477924,0.34041843
1234,-1.3073481,0.2963011
1235,-1.2689081,0.28915095
1236,-1.0984894,0.25259662
1237,-1.2087554,0.24052025
1238,-1.1743014,0.2491546
1239,-1.1868092,0.2624495
1240,-0.28583533,0.33495188
1241,-1.4047894,0.3090991
1242,-1.3528618,0.32966867
1243,-1.4568598,0.29150918
1244,-1.2217623,0.25123343
1245,-1.1182382,0.24248825
1246,-1.3550525,0.29611814
1247,-1.5330504,0.35506356
1248,-1.3297715,0.28040314
1249,-1.4205501,0.28709236
1250,-1.4517363,0.37078616
1251,-0.262282,0.4165452
1252,-1.501231,0.33084488
1253,-0.24422719,0.53554547
1254,-1.274139,0.31524354
1255,-1.5324293,0.30292767
1256,-0.45462757,0.7957128
1257,-0.15126139,0.23153855
1258,-1.2213696,0.2815852
1259,-1.300832,0.2955102
1260,-1.323838,0.35661697
1261,-1.4143791,0.2695012
1262,-1.5310932,0.34410915
1263,-1.2185662,0.23022161
1264,-0.23925263,0.40943652
1265,-1.343432,0.26447123
1266,-0.5444626,2.356667
1267,-1.2833813,0.27169847
1268,-1.3156371,0.26791483
1269,-1.1185164,0.21046102
1270,-0.1894347,0.32251528
1271,-1.300066,0.29964232
1272,-1.2293661,0.26063168
1273,-1.0184438,0.22925541
1274,-0.19086349,0.30209982
1275,-1.0508513,0.2022493
1276,-1.5167669,0.31521696
1277,-1.4192163,0.32245445
1278,-1.4259473,0.29599273
1279,-1.2061653,0.26850373
1280,-1.1059654,0.19044957
1281,-1.3648294,0.3013172
1282,-1.265562,0.27657992
1283,-1.1179829,0.2269961
1284,-1.2210087,0.25792816
1285,-1.1510395,0.23854496
1286,-1.1197158,0.25836402
1287,-1.4282366,0.25454375
1288,-1.1913271,0.21769112
1289,-0.7201463,0.41918555
1290,-0.37978002,0.55669254
1291,-1.3816496,0.2896382
1292,-1.2826569,0.271913
1293,-1.3128841,0.30981016
1294,-1.2660084,0.28241432
1295,-1.2709498,0.25521988
1296,0.0043578884,0.35893342
1297,-1.5911118,0.32274577
1298,-1.2130711,0.24053095
1299,-1.4033309,0.27241725
1300,-0.5000058,0.37827334
1301,-1.4875952,0.3043838
1302,-0.12270276,0.27605575
1303,-0.65203404,0.46230212
1304,-1.398777,0.340547
1305,-1.3117974,0.6079163
1306,-1.0981951,0.22995032
1307,-1.5677513,0.33011243
1308,-1.269725,0.2607838
1309,-1.1739253,0.29605305
1310,-1.2705493,0.2510519
1311,-1.5051274,0.36550054
1312,-0.62239915,0.34715354
1313,-1.2661382,0.26792294
1314,-1.4750661,0.3344809
1315,-1.324695,0.3056471
1316,-1.0220028,0.20013444
1317,-1.2763438,0.29325953
1318,-0.5649434,0.36346188
1319,-1.2440796,0.27165726
1320,-1.4582189,0.30458882
1321,-1.2311058,0.18869993
1322,-1.4003273,0.3217367
1323,-0.14905222,0.2969639
1324,-1.2439485,0.2835801
1325,-0.3459224,0.29087052
1326,-1.3496488,0.29981148
1327,0.024458773,0.4091418
1328,-1.1556364,0.24492128
1329,-1.2556568,0.28083044
1330,-0.96660274,0.2125806
1331,-1.2265068,0.26780772
1332,-1.2783507,0.2447944
1333,-1.2940819,0.25840196
1334,-1.4614832,0.29226655
1335,-1.3057712,0.25236675
1336,-1.1473058,0.22611856
1337,-1.3761326,0.3087694
1338,-1.088767,0.25221527
1339,-1.259328,0.26122397
1340,-1.14095,0.28108194
1341,-1.400581,0.27764076
1342,-1.3242362,0.2849337
1343,-1.2198719,0.26707393
1344,-1.3095362,0.30072084
1345,-1.0522183,0.16973527
1346,-0.2539364,0.3355868
1347,-1.0904235,0.20861581
1348,-1.1926552,0.23664686
1349,-1.1785383,0.24310337
1350,-0.4139961,0.3549559
1351,-1.449959,0.30229363
1352,-1.1032822,0.2518769
1353,-1.2541763,0.26772323
1354,-1.3676506,0.27806264
1355,-1.147474,0.26077116
1356,-1.4142817,0.32691535
1357,-1.42191,0.28146872
1358,-1.0708313,0.21569243
1359,-1.1998589,0.2748836
1360,-0.36841983,0.39212024
1361,-1.4176967,0.28875235
1362,-1.5550654,0.32561794
1363,-1.1349529,0.2070087
1364,-0.80375564,0.44823727
1365,-1.5394365,0.30381176
1366,-1.38342,0.31548122
1367,-1.399025,0.29623687
1368,-1.5485761,0.34874946
1369,-1.1490551,0.24638884
1370,-1.0682878,0.24542375
1371,-1.2472042,0.2690133
1372,-1.2294501,0.23881567
1373,-1.1416928,0.24813089
1374,0.063045286,0.28209683
1375,-1.240885,0.27903464
1376,-1.3750464,0.30348697
1377,-1.2211559,0.24429905
1378,-1.3799328,0.27357197
1379,-1.3275483,0.28699666
1380,-1.2623807,0.23871022
1381,-1.2991978,0.2971567
1382,-1.1414074,0.27383798
1383,-1.269205,0.27766827
1384,-1.0814906,0.21478508
1385,-1.4515712,0.28242856
1386,-1.4504564,0.2928553
1387,-1.566948,0.3075336
1388,-1.1664389,0.2300931
1389,-0.33573553,0.29602867
1390,-0.32238972,0.42985967
1391,-1.2484758,0.26112497
1392,-1.3562461,0.25035965
1393,-1.5297993,0.37029636
1394,-1.3560119,0.25503138
1395,-0.3497546,0.41982526
1396,-1.420605,0.30947903
1397,-1.120512,0.23691332
1398,-0.18436123,0.5793511
1399,-0.20796189,0.29219067
1400,-1.3411211,0.3299333
1401,-1.4023471,0.32145113
1402,-1.3802418,0.31887853
1403,-1.1385045,0.25659013
1404,-1.4303535,0.28772694
1405,-1.4385835,0.31500393
1406,-1.1754228,0.21692032
1407,-1.0525522,0.20879124
1408,-1.1354481,0.22858231
1409,-1.2150227,0.26515067
1410,-1.1234262,0.25942326
1411,-1.4577324,0.29667726
1412,-1.5602269,0.29892215
1413,-1.1848454,0.241966
1414,-0.97986996,0.21275741
1415,-1.4209555,0.28891537
1416,-1.1134932,0.23218732
1417,-1.5045332,0.3195772
1418,-1.2981802,0.28964862
1419,-1.1762446,0.23998705
1420,-1.3779905,0.26664272
1421,-1.4464872,0.28989628
1422,-1.175776,0.28390127
1423,-1.1470104,0.24572606
1424,-1.4617299,0.31398708
1425,-1.1896232,0.19806501
1426,-1.1769679,0.25020975
1427,-1.2376008,0.24972457
1428,-1.543375,0.3436958
1429,-1.4065589,0.25833675
1430,-1.1250176,0.29965025
1431,1.056864,2.024924
1432,-1.1975826,0.2776771
1433,-1.4001346,0.2710328
1434,-1.3869745,0.28266525
1435,-1.1852175,0.2389024
1436,-1.5234311,0.33254436
1437,-1.1881932,0.26544228
1438,-1.4005333,0.2784308
1439,-1.2976748,0.31408402
1440,-1.4642951,0.2719199
1441,-1.1774381,0.26574725
1442,-0.6439043,0.5580565
1443,-0.017782606,0.34957522
1444,-1.427611,0.29151148
1445,-1.257136,0.26684067
1446,-1.3158985,0.25326413
1447,-1.3681412,0.290765
1448,-1.2694328,0.24892217
1449,-1.2991378,0.26576665
1450,-1.2595706,0.30499277
1451,-1.2027142,0.26546094
1452,-1.0502596,0.23227823
1453,-1.1688272,0.24959219
1454,-1.2997459,0.28282902
1455,-1.2135866,0.23243962
1456,-1.4588314,0.30455384
1457,-1.3992285,0.2884062
1458,-1.2619623,0.23930237
1459,-1.2519864,0.24531612
1460,-1.2187634,0.25811967
1461,-1.3538669,0.30043912
1462,-1.4043134,0.31161305
1463,-1.0091531,0.2209651
1464,-1.218072,0.2682222
1465,-1.3651592,0.29887143
1466,-0.9825299,0.20250122
1467,-1.4390328,0.299684
1468,-1.4301193,0.3009106
1469,-1.0162847,0.2614017
1470,-1.588382,0.31252345
1471,-1.2302803,0.28858685
1472,-1.3263825,0.26056018
1473,-0.20143996,0.3435341
1474,-1.1381867,0.25418758
1475,-1.1742029,0.22823043
1476,-1.5877864,0.34281728
1477,-1.0731031,0.23297209
1478,-1.0188215,0.17350303
1479,-1.259025,0.2690536
1480,-1.4045528,0.25430825
1481,-1.4313005,0.29773885
1482,-1.457554,0.29741022
1483,-1.3572165,0.3027831
1484,-1.4914935,0.34084278
1485,-1.0848299,0.23164205
1486,-0.116926774,0.33761668
1487,0.032969207,1.3137879
1488,-1.5869678,0.34792188
1489,-0.19955008,0.29711884
1490,-0.24844943,0.46546596
1491,-1.31037,0.3009048
1492,-1.4160872,0.30673653
1493,-1.1706219,0.2600765
1494,-1.3638082,0.26529282
1495,-1.1591282,0.24929683
1496,-1.0909855,0.25642416
1497,-1.4350246,0.36033127
1498,-1.3421534,0.26181027
1499,-1.4609541,0.2866079
1500,-1.0652677,0.21982098
1501,-1.304218,0.272365
1502,-0.21596307,0.29611206
1503,-1.3727057,0.29963627
1504,-0.18473653,0.26495934
1505,-1.3126951,0.25956365
1506,-1.1992322,0.19913462
1507,-1.1936333,0.26624587
1508,-1.1307992,0.23577507
1509,-1.1559366,0.2452453
1510,-1.0303751,0.22661032
1511,-1.1188214,0.23044622
1512,-1.2913631,0.25887984
1513,-1.6612846,0.3804505
1514,-0.9446655,0.20523869
1515,-1.371948,0.2648133
1516,-1.2288743,0.26106697
1517,-1.3411672,0.26863363
1518,-1.4050926,0.32366428
1519,-1.2326552,0.28658697
1520,-0.40653858,0.44180405
1521,-1.3589203,0.2820978
1522,-1.1529723,0.24763136
1523,-1.6634955,0.33371314
1524,-1.5055732,0.3075089
1525,-1.1900034,0.20966996
1526,-1.2811697,0.24459794
1527,-1.6121258,0.35354808
1528,-1.159872,0.2396624
1529,-1.3333602,0.28773004
1530,-1.576985,0.34605917
1531,-1.1613016,0.25176924
1532,-0.10128241,1.0021679
1533,-1.600215,0.3411059
1534,-1.4071519,0.33086398
1535,-1.2197361,0.28322083
1536,-1.0239038,0.23197299
1537,-1.2844688,0.24727623
1538,-1.1887851,0.26021957
1539,-1.3103337,0.31866398
1540,-1.5850426,0.33887395
1541,-1.2839298,0.27291322
1542,-1.3602791,0.28184828
1543,-1.4633454,0.3244246
1544,-0.25353163,0.63662535
1545,-1.2635282,0.28184363
1546,-1.3485266,0.27110672
1547,-1.316856,0.23143011
1548,-1.2759738,0.29178157
1549,-1.156879,0.25110325
1550,-1.3386078,0.2722851
1551,-0.3516944,0.5229503
1552,-0.41906637,0.4998633
1553,-1.2307112,0.28182834
1554,-1.3727285,0.29083014
1555,-1.2533307,0.2512955
1556,-1.3899583,0.30211774
1557,-1.3253149,0.29939058
1558,-1.5568774,0.31990817
1559,-1.5415573,0.3129607
1560,-1.0095181,0.23343563
1561,-1.1271728,0.24692169
1562,-1.2494377,0.3297636
1563,-1.3189596,0.2643766
1564,-1.2784415,0.29587173
1565,-1.0393816,0.30605745
1566,-0.9850161,0.18484724
1567,-1.076253,0.22543588
1568,-0.036898006,0.3202096
1569,-1.132058,0.23914357
1570,-1.2283248,0.23393679
1571,-1.2528058,0.26189932
1572,-1.2200063,0.23446487
1573,-1.3368735,0.2827297
1574,-1.3794641,0.29720426
1575,-1.4907254,0.29043862
1576,-1.4993145,0.3275105
1577,-1.2260222,0.24559681
1578,-1.1254369,0.21720444
1579,-1.3329487,0.30046928
1580,-1.4745603,0.29586458
1581,-0.33186752,0.43791613
1582,-1.161498,0.23545624
1583,-1.3728828,0.2987362
1584,-1.3118846,0.31124413
1585,-1.415467,0.31322658
1586,-1.4705095,0.35397866
1587,-1.2327405,0.2992224
1588,-1.3987188,0.34470835
1589,-1.3346689,0.2614973
1590,-1.3610734,0.27836567
1591,-1.3179052,0.2684315
1592,-1.600433,0.348424
1593,-1.1400651,0.23628522
1594,-1.3928714,0.31210923
1595,-1.6076449,0.32349026
1596,-1.3254865,0.2945755
1597,-0.37481558,0.4626179
1598,-1.5494903,0.28724074
1599,-1.4573859,0.28600848
1600,-1.4744216,0.2951269
1601,-1.0581015,0.25261724
1602,-1.286693,0.28140798
1603,-1.3071079,0.28625256
1604,-0.16404568,0.48956567
1605,-1.0850348,0.24750361
1606,-1.2602848,0.26051304
1607,-1.6058186,0.34948117
1608,-0.5719114,0.43211895
1609,-1.4424607,0.30700785
1610,-1.0609752,0.17746942
1611,-1.2331983,0.28725952
1612,-1.0710546,0.23363428
1613,-1.2942514,0.3170595
1614,-1.2878653,0.27962768
1615,-0.97103256,0.18074468
1616,-0.37437478,1.5228999
1617,-1.4496506,0.3120876
1618,-0.3431668,0.29702514
1619,-1.3828366,0.26368016
1620,-1.3075266,0.26718003
1621,-1.5401821,0.27733925
1622,-1.4929532,0.3264978
1623,-1.2370082,0.23830462
1624,-1.258405,0.28209394
1625,-0.22019488,0.31477094
1626,-0.39258477,0.37581223
1627,-1.4478581,0.29524347
1628,-1.2661945,0.2926959
1629,-1.2747442,0.2617581
1630,-1.1964692,0.27780104
1631,-1.2750092,0.2854528
1632,-1.243419,0.25742817
1633,-1.164225,0.26733193
1634,-1.2888103,0.28562078
1635,-1.5534211,0.3433957
1636,-1.1226455,0.2247167
1637,-1.3020277,0.25480914
1638,-0.48390126,0.3741836
1639,-1.426577,0.32750046
1640,-1.254092,0.25620577
1641,-1.212561,0.26430157
1642,-1.2763519,0.2991365
1643,-1.2417343,0.2795257
1644,-1.3222193,0.28966627
1645,-1.4700696,0.3355601
1646,-1.0612731,0.26489314
1647,-1.524053,0.3294609
1648,-1.2384292,0.26825294
1649,-1.1403052,0.2336449
1650,-1.40325,0.32122853
1651,-1.3536234,0.2887793
1652,-1.3949546,0.2823663
1653,-1.4101897,0.27660027
1654,-1.312491,0.2772661
1655,-1.5119146,0.3065514
1656,-1.4207934,0.2729017
1657,-1.2960235,0.29745242
1658,-1.2800043,0.29352334
1659,-1.5686046,0.35138184
1660,-1.4451771,0.28907531
1661,-1.1653637,0.2290976
1662,-0.9656774,0.44244936
1663,-1.4014453,0.33337373
1664,-1.2684679,0.28947145
1665,-1.1167784,0.2484304
1666,-1.0734261,0.22289158
1667,-1.515951,0.33751553
1668,-1.3745067,0.27599207
1669,-1.2848933,0.28007784
1670,-1.3659867,0.25819525
1671,-1.251679,0.26993415
1672,-1.2259434,0.27277344
1673,-1.1687717,0.22759375
1674,-1.435257,0.31517988
1675,-1.3338807,0.26309344
1676,-1.3224769,0.287394
1677,0.067981765,0.33399794
1678,-1.4654363,0.29893753
1679,-1.1199428,0.24199334
1680,-1.4351115,0.29075456
1681,-1.3774709,0.30041102
1682,-1.2412091,0.2583497
1683,-1.5132017,0.3320264
1684,-1.1927472,0.27941692
1685,-1.2182251,0.24988654
1686,-1.3248999,0.297334
1687,-1.3397112,0.2638547
1688,-1.6177822,0.3568995
1689,-1.5641537,0.33974114
1690,-1.1506536,0.22039716
1691,-1.3554311,0.27270973
1692,-0.31562585,0.4791257
1693,-1.3884572,0.28156233
1694,-1.5924585,0.35044637
1695,-1.1989924,0.23913547
1696,-1.4923383,0.35070774
1697,-1.3440391,0.27423677
1698,-1.1866419,0.24560247
1699,-1.402694,0.3053543
1700,-1.1110537,0.24781635
1701,-1.2254,0.2549334
1702,-0.9743861,0.22346029
1703,-1.5256706,0.29641852
1704,-1.1245483,0.20791738
1705,-1.5369011,0.34815213
1706,-1.1522018,0.20003468
1707,-0.2807403,1.0905299
1708,-1.4837791,0.32984197
1709,-1.2946013,0.28281668
1710,-1.2506268,0.24564247
1711,-1.312354,0.31962818
1712,-1.429279,0.28542534
1713,-1.6562382,0.3535996
1714,-0.24862187,0.27226356
1715,-1.2600062,0.23907162
1716,-1.276289,0.27117452
1717,-1.3909112,0.278843
1718,-0.29209942,0.35325885
1719,-1.3043455,0.2684401
1720,-1.4044632,0.33863607
1721,-1.5464473,0.3527273
1722,-1.3145505,0.293721
1723,-1.2821466,0.28730908
1724,-1.1598688,0.25028503
1725,-1.2863798,0.27423587
1726,-1.4862015,0.34373662
1727,-1.3494698,0.29927003
1728,-1.4040111,0.2541598
1729,-1.5091251,0.3184795
1730,-1.125216,0.2060647
1731,-0.34484088,0.23962353
1732,-1.2802169,0.26412863
1733,-1.4285787,0.30780038
1734,-0.40811777,0.3234273
1735,-1.3709031,0.27851406
1736,-1.2769067,0.2546155
1737,-1.3620288,0.2665095
1738,-1.4285146,0.28943846
1739,-1.2008661,0.29757705
1740,-1.2855735,0.319327
1741,-1.2302849,0.26415643
1742,-1.2310755,0.25341213
1743,-1.2095109,0.28249428
1744,-1.280338,0.23058239
1745,-1.4124388,0.27975613
1746,-1.1241764,0.24011232
1747,-0.33694628,0.39745188
1748,-0.09971859,0.26860043
1749,-1.2671126,0.26117283
1750,-1.3733757,0.3010503
1751,-1.2432221,0.27825874
1752,-1.3949608,0.30325478
1753,-1.0982224,0.21574378
1754,-1.3908802,0.26009226
1755,-1.3874644,0.25999227
1756,-1.1988629,0.275389
1757,-1.2370234,0.24326117
1758,-1.4463751,0.27629915
1759,-1.3888127,0.28492934
1760,-1.4134959,0.30429202
1761,-1.3300258,0.27673241
1762,-1.4187183,0.35785237
1763,-1.2488166,0.28909162
1764,-1.552479,0.37104288
1765,-0.61411995,0.46724066
1766,-1.5678523,0.27292722
1767,-1.3492473,0.25362918
1768,-1.2249957,0.29480395
1769,-1.2401806,0.25730395
1770,-1.1582642,0.25931013
1771,-0.21650116,0.45445123
1772,-1.4854349,0.30682263
1773,-1.3228738,0.3346503
1774,-0.48548466,2.0786033
1775,-1.363182,0.26917374
1776,-1.2191708,0.27552977
1777,-1.588744,0.32713336
1778,-1.3576778,0.31125373
1779,-0.5666506,0.43542936
1780,-1.1235448,0.20169164
1781,-1.4131125,0.31891626
1782,-1.3948357,0.28045785
1783,0.0063330107,0.3494009
1784,-1.275768,0.2789919
1785,-1.4029557,0.32753155
1786,-1.3627725,0.3066997
1787,-1.321305,0.2663484
1788,-1.3774117,0.2803237
1789,-1.3141221,0.2870722
1790,-1.0673541,0.21750213
1791,-1.3374805,0.29588178
1792,-0.4239533,0.42114067
1793,-1.4523847,0.3106309
1794,-1.2953106,0.26857153
1795,0.2201508,0.7909707
1796,-1.4224297,0.28631037
1797,-1.3102008,0.2766522
1798,-1.3250655,0.25139183
1799,-1.3485066,0.25184816
1800,-0.41789094,0.6147909
1801,-1.3306429,0.29527974
1802,-1.4637905,0.3340714
1803,-1.4444437,0.2938865
1804,-1.5782355,0.36830804
1805,-1.1617031,0.19599874
1806,-1.1654093,0.24837306
1807,-1.2614068,0.24718267
1808,-0.16992967,0.45723033
1809,-1.3443496,0.2867623
1810,0.009527241,0.31154937
1811,-1.32483,0.28821954
1812,-1.2858068,0.2796505
1813,-1.4260573,0.3060191
1814,-1.1293595,0.24118862
1815,-1.1899412,0.24817449
1816,-1.2251556,0.31028688
1817,-1.4887495,0.2725528
1818,-0.01798112,0.54727274
1819,-0.102511376,0.3997105
1820,-1.4314976,0.30359724
1821,-1.2453703,0.25140733
1822,-0.3638307,0.49530146
1823,-1.4702779,0.31522208
1824,-1.5291486,0.3243593
1825,-1.482525,0.30019647
1826,-1.1728338,0.26785663
1827,-0.36504072,0.25605005
1828,-1.4497457,0.28594652
1829,-1.1663102,0.2566707
1830,-1.4589446,0.30808055
1831,-1.3770217,0.29044047
1832,-1.663126,0.3414526
1833,-1.2017769,0.27134445
1834,-0.991949,0.22659047
1835,-1.3291683,0.27614805
1836,-1.1591668,0.24997103
1837,-1.3112073,0.27964005
1838,-1.3083948,0.3034698
1839,-0.12234149,0.3745982
1840,-1.3156682,0.28082004
1841,-1.3535621,0.2685806
1842,-1.3048412,0.2724671
1843,-0.30506176,0.3076247
1844,-1.3327568,0.30515164
1845,-1.2670859,0.24745247
1846,-1.41434,0.32915458
1847,-1.4155883,0.3074209
1848,-1.5345893,0.31231266
1849,-1.244545,0.24890932
1850,-1.314635,0.31262544
1851,-1.3230371,0.25909993
1852,-1.1414071,0.2510832
1853,-1.8500051,0.35185394
1854,-1.289028,0.28164
1855,-1.3584329,0.26938662
1856,-1.5654455,0.32749763
1857,-1.068328,0.24821869
1858,0.4481165,0.84067184
1859,-1.3715907,0.28689978
1860,-1.5656371,0.34109232
1861,-1.5042021,0.32089785
1862,-1.0817243,0.25568917
1863,-1.2488729,0.21336582
1864,-1.1511348,0.29418388
1865,-1.2434675,0.2269699
1866,-0.9594259,0.22086184
1867,-1.1348871,0.26444936
1868,-1.2418444,0.24162853
1869,-1.1120509,0.22582643
1870,-1.1224973,0.22660579
1871,-1.1115052,0.24229579
1872,-1.2201332,0.21027635
1873,-1.1949824,0.2100317
1874,-1.1615124,0.23671812
1875,-1.244193,0.27571127
1876,-0.21580395,0.35381922
1877,-1.1644386,0.256967
1878,-1.1883918,0.22671835
1879,-1.0694542,0.230856
1880,-1.1961534,0.24499625
1881,-1.2610099,0.28360835
1882,-1.0809381,0.20981781
1883,-1.2382888,0.27543652
1884,-1.2563562,0.26815677
1885,-1.4033358,0.29399437
1886,-1.2294594,0.25561026
1887,-1.4136202,0.2629356
1888,-1.114091,0.24792057
1889,-1.0678232,0.24772054
1890,-1.3472227,0.29359585
1891,-1.1791974,0.25440285
1892,-1.2941519,0.21930449
1893,-1.3022346,0.26673797
1894,-0.96920586,0.19320871
1895,-1.3159283,0.28339922
1896,-1.1721061,0.18402217
1897,-1.4529536,0.30181235
1898,0.035687532,0.36903667
1899,-1.360809,0.31738296
1900,-1.3848453,0.33105287
1901,-1.0510147,0.24539912
1902,-1.5974478,0.32929447
1903,-1.4803183,0.34243664
1904,-1.1274179,0.2321981
1905,-1.5068457,0.29623008
1906,-1.306205,0.27201295
1907,-1.2944353,0.28588557
1908,-0.058838435,0.327669
1909,-1.5020947,0.32395303
1910,-1.3226647,0.28008103
1911,-0.44392294,0.47028694
1912,-1.2351657,0.2638448
1913,-1.3728107,0.3065297
1914,-0.28429362,0.33682892
1915,-1.1513379,0.22800474
1916,-1.6173207,0.33615947
1917,-0.48527104,0.5809653
1918,-0.13773887,0.3413209
1919,-1.3746561,0.26595727
1920,-1.3497857,0.289376
1921,-0.114524156,0.39862683
1922,-1.2582706,0.26035148
1923,-1.5931822,0.36569896
1924,-1.4783226,0.34540024
1925,-1.2017666,0.26996177
1926,-1.2381232,0.2588571
1927,-1.264944,0.2454978
1928,-1.1962384,0.2688321
1929,-1.4606687,0.29222375
1930,-1.2415085,0.24455898
1931,-1.4870701,0.30996993
1932,-1.1316532,0.2604967
1933,-1.2233835,0.2954981
1934,0.27054992,0.6681177
1935,-1.3349913,0.27635503
1936,-1.1525351,0.23032841
1937,-1.6030629,0.3222568
1938,-1.5022924,0.31911847
1939,-1.3029897,0.26975927
1940,-1.3466432,0.2800764
1941,-1.1777867,0.27434736
1942,-1.203432,0.21811268
1943,-1.2385056,0.28388932
1944,-1.5075427,0.3108717
1945,-0.36001712,0.38542965
1946,-1.2637094,0.23441483
1947,-1.2737073,0.26499006
1948,-1.0015897,0.19766016
1949,-1.3637478,0.3005282
1950,-1.361561,0.27158654
1951,-1.2699172,0.29426607
1952,-1.4445783,0.28361875
1953,-1.4730785,0.35099813
1954,-1.2418475,0.2945915
1955,-1.2396901,0.25180948
1956,-1.3075773,0.27319244
1957,-0.9464366,0.20407324
1958,-1.1924509,0.27041048
1959,-1.2612379,0.26389205
1960,-1.6048973,0.3315522
1961,-1.2759081,0.27411482
1962,-1.4650599,0.31313384
1963,-0.9533282,0.20215182
1964,-1.1216465,0.22545294
1965,-1.1140248,0.21181689
1966,-1.3922961,0.27031237
1967,-1.5115871,0.31155056
1968,-1.3348237,0.3094246
1969,-1.314838,0.295319
1970,-0.29241362,0.4156773
1971,-1.3876288,0.26066038
1972,-1.2593027,0.25450766
1973,-1.4128878,0.29214737
1974,-1.2468351,0.24560764
1975,-1.3852704,0.3058596
1976,-1.2781171,0.27903163
1977,-1.3841603,0.34546518
1978,-0.43771407,0.46667925
1979,-1.187012,0.25063598
1980,-1.3813173,0.28073934
1981,-1.2212554,0.2864874
1982,-1.3018959,0.31574094
1983,-1.3408021,0.26569512
1984,-1.2371457,0.25434294
1985,-1.3306707,0.22635843
1986,-1.4548507,0.30177754
1987,-1.5110803,0.294711
1988,-1.4383467,0.27817678
1989,-1.3262283,0.2985297
1990,-0.43686864,0.457401
1991,-0.31384787,0.39530292
1992,-1.4978423,0.32204744
1993,-1.1850138,0.25179118
1994,-1.2939674,0.28623718
1995,-1.0597208,0.21963753
1996,-1.3647954,0.2600958
1997,-0.76261145,0.44064516
1998,-1.4434202,0.31163013
1999,-1.5891196,0.3413562
2000,-1.316427,0.2471732
2001,-1.412307,0.36801732
2002,-1.4584244,0.28079596
2003,-0.28831473,0.3463188
2004,-0.9102683,0.15867683
2005,-0.03082686,0.4602408
2006,-1.3526841,0.27639857
2007,-1.2722753,0.26125267
2008,-0.51361173,0.37083447
2009,-1.1023662,0.23173559
2010,-1.5581121,0.33558944
2011,-1.5337216,0.36123458
2012,-0.51616025,0.36664248
2013,-1.2139546,0.2592439
2014,-1.3835522,0.2886213
2015,-1.2824583,0.29089954
2016,-1.1228882,0.23976274
2017,-1.2766593,0.28547555
2018,-1.2564522,0.25890443
2019,-1.3958158,0.26919374
2020,-0.45890757,0.3652306
2021,-1.2558109,0.26760823
2022,-1.1154263,0.22849739
2023,-1.5021048,0.30268893
2024,-1.420351,0.30394277
2025,-1.0830328,0.18334863
2026,-1.1934836,0.28235957
2027,-1.2759435,0.25318137
2028,-1.1811836,0.25196493
2029,-1.3648188,0.2764192
2030,-1.6499387,0.35867038
2031,-0.12755094,0.32961214
2032,-1.2994236,0.25883743
2033,-0.49327236,0.3574218
2034,-1.42319,0.2505569
2035,-1.3965278,0.3028472
2036,-0.15529601,0.25086597
2037,-1.478574,0.30618277
2038,-1.2358646,0.25255197
2039,-1.4118932,0.29462427
2040,-1.2450057,0.26953375
2041,-1.3175803,0.27760655
2042,-1.2628586,0.26384237
2043,-1.6074092,0.35101697
2044,-1.289857,0.25583455
2045,-1.2109327,0.25709543
2046,-1.3464665,0.27757046
2047,-0.99376726,0.23017862
2048,-1.2069614,0.25784227
2049,-1.3281621,0.28387192
2050,-1.0251303,0.15894592
2051,-1.2987045,0.2722882
2052,-1.3455448,0.26984107
2053,-1.3609922,0.28735146
2054,-1.1788119,0.266768
2055,-1.6322038,0.33576912
2056,-1.2716604,0.26991436
2057,-1.2736949,0.26789466
2058,-0.34104005,0.32803038
2059,-0.11421082,0.4693687
2060,-1.7107098,0.34969628
2061,-0.94162613,0.47090748
2062,-0.93074405,0.18970263
2063,-1.4046395,0.2942425
2064,-1.222538,0.24546391
2065,-1.4512496,0.31134176
2066,-1.3880826,0.297912
2067,-1.1759158,0.2670179
2068,0.105330475,1.4551169
2069,-1.3570198,0.32346502
2070,-1.1992226,0.28647915
2071,-1.3469249,0.3098254
2072,-1.4202901,0.3165847
2073,-1.2683853,0.28029165
2074,-0.43839043,0.29306206
2075,-1.1598988,0.23338154
2076,-1.2249869,0.2550507
2077,-1.3349669,0.29935586
2078,-1.193724,0.22628517
2079,-1.328695,0.3103981
2080,-1.3230624,0.29291174
2081,-1.2529167,0.25925633
2082,-1.3712366,0.28447056
2083,-1.2841219,0.26855457
2084,-1.3290521,0.27637342
2085,-1.4128996,0.33356574
2086,-1.4147131,0.3121316
2087,-1.4678015,0.31451526
2088,-1.1132445,0.26620555
2089,-1.3858603,0.26182052
2090,-1.3659941,0.30354062
2091,-1.4941975,0.29281485
2092,-1.3006641,0.3042428
2093,-1.4221823,0.33167723
2094,-1.1018783,0.21751133
2095,-1.1562574,0.27076676
2096,-1.1412877,0.26453185
2097,-1.2117871,0.2695862
2098,-1.1683604,0.2710131
2099,-1.2392802,0.27667326
2100,-1.3545642,0.26480532
2101,-1.5636176,0.32455778
2102,-1.6051443,0.33910555
2103,-1.292247,0.27959692
2104,-1.3962562,0.30702314
2105,-0.29359806,0.3992467
2106,-1.3491868,0.28902715
2107,-1.2456771,0.26899138
2108,-1.1985997,0.24378587
2109,-1.3687329,0.31140563
2110,-1.4940802,0.3194965
2111,-1.2925564,0.28657606
2112,-1.3770412,0.27278855
2113,-1.3271145,0.2607032
2114,-1.2683823,0.28086737
2115,-1.6281929,0.35766217
2116,-1.3669752,0.29034865
2117,-1.4326549,0.2935142
2118,-1.3266431,0.31930417
2119,-1.2988577,0.27634892
2120,-1.1673037,0.24628583
2121,2.0671563,2.353662
2122,-1.210406,0.25626028
2123,-1.0557036,0.21630026
2124,-1.3375361,0.2971232
2125,-0.5330746,0.29025435
2126,-0.033030283,0.42115015
2127,-1.1733376,0.2588489
2128,-0.9729222,0.19488564
2129,-1.1846377,0.22533627
2130,-1.4945914,0.3022653
2131,-0.26823112,0.75018454
2132,0.4012509,0.4721905
2133,-0.694484,0.42366794
2134,-1.2131996,0.21866247
2135,-1.3583708,0.27095044
2136,-1.0674998,0.49376306
2137,-1.1085385,0.2850614
2138,-1.3086599,0.26595414
2139,-1.1931239,0.2451101
2140,-1.1289114,0.26324135
2141,-1.2935556,0.28022242
2142,-1.3425817,0.28595465
2143,-1.3824524,0.27888983
2144,-1.1850721,0.25845683
2145,-0.8823053,0.70975536
2146,-1.3954104,0.28687105
2147,-1.5409937,0.32744828
2148,-0.9597924,0.15846203
2149,-1.4490163,0.29985648
2150,-1.3451375,0.27871734
2151,-1.2963728,0.25808352
2152,-1.3466855,0.27310452
2153,-1.1871864,0.27424112
2154,-1.0978827,0.22218323
2155,-1.1488513,0.22675715
2156,-1.1715652,0.24215296
2157,-1.1204501,0.2633258
2158,-1.6109347,0.308243
2159,-1.385377,0.30683446
2160,-1.2572693,0.2643484
2161,-1.4040836,0.28174052
2162,-1.0904055,0.1949988
2163,-1.1861206,0.22606826
2164,-1.3320558,0.29584432
2165,-1.300617,0.25610745
2166,-1.2914876,0.25821918
2167,-1.2275399,0.2709983
2168,-1.0578111,0.2162118
2169,-1.2086469,0.25784835
2170,-1.2077779,0.24111767
2171,-0.25629,0.44756624
2172,-1.306736,0.308132
2173,1.8649198,2.0261552
2174,-1.3468803,0.30553612
2175,-1.2929499,0.2728742
2176,-1.2993171,0.28721443
2177,-1.4846456,0.31564674
2178,-1.233234,0.23988722
2179,-1.2149423,0.23686273
2180,-0.51500666,0.36368263
2181,-1.2600062,0.26589993
2182,-1.414522,0.30063626
2183,-1.6294816,0.35336614
2184,-0.41393155,0.26720753
2185,-1.0433058,0.17838314
2186,-1.4390879,0.2997889
2187,-1.4417309,0.28821293
2188,-1.2584134,0.2990185
2189,-0.33262008,0.2941522
2190,-1.3900677,0.2927783
2191,-1.4298842,0.34047455
2192,-1.4052229,0.28706104
2193,-1.1942712,0.25913388
2194,-1.0750723,0.2122294
2195,-1.4475467,0.3010418
2196,-1.1609278,0.26645362
2197,-1.2979784,0.26351705
2198,-0.54964685,0.4984798
2199,-1.1037034,0.24293646
2200,-1.3966814,0.31391132
2201,-1.3441195,0.2510232
2202,-1.3939015,0.26796132
2203,-1.3243647,0.25601158
2204,-1.4844037,0.284963
2205,-0.47801438,0.58478516
2206,-1.4030929,0.31075332
2207,-1.2633172,0.25670856
2208,-1.2853009,0.3046537
2209,-1.5076495,0.33895317
2210,-1.3349503,0.28798434
2211,-1.4101053,0.29799843
2212,-1.3107197,0.28258577
2213,-1.3154308,0.29650235
2214,-1.2207224,0.2578743
2215,-0.35686255,0.3330584
2216,-1.1710896,0.21180922
2217,-1.1206812,0.24094345
2218,-1.3763622,0.31794393
2219,-1.3645397,0.26816502
2220,-1.4011701,0.30641815
2221,-1.1784878,0.2536209
2222,-1.1884924,0.267358
2223,-1.37042,0.25637528
2224,-1.4463828,0.31655115
2225,-1.333548,0.29545438
2226,-1.4015939,0.27591637
2227,-1.341047,0.2577181
2228,-1.2315758,0.26194507
2229,-1.2784071,0.28231487
2230,-1.1208447,0.22719811
2231,-1.0488818,0.22228828
2232,-1.2061095,0.27283117
2233,-1.2517967,0.27983943
2234,-1.5167547,0.31862956
2235,-1.434786,0.30883384
2236,-1.2237338,0.2526327
2237,-1.3727632,0.28325933
2238,-1.3655851,0.24565066
2239,-1.4852254,0.2998789
2240,-0.63371396,0.38664824
2241,-1.2008445,0.27401116
2242,-1.0847617,0.23160206
2243,-1.3603966,0.28091043
2244,-1.5266516,0.3388875
2245,-1.1989506,0.20766468
2246,-0.19346365,0.29498008
2247,-1.3404913,0.31417996
2248,-1.2649553,0.2605126
2249,-1.271902,0.24606854
2250,-1.19068,0.24292047
2251,-0.66747653,0.3789238
2252,-1.337328,0.26515788
2253,-1.3438573,0.30115724
2254,-1.1865726,0.24804193
2255,-1.23546,0.28880146
2256,-1.2013198,0.24372448
2257,-1.389416,0.2683856
2258,-1.2252457,0.28129968
2259,-1.4228389,0.29549813
2260,-1.1095533,0.22169352
2261,-1.3772339,0.33615306
2262,-1.0699141,0.21933268
2263,-1.5085406,0.33477116
2264,-1.4491684,0.32902944
2265,-1.4531082,0.31169736
2266,-1.2618959,0.22756094
2267,-0.8761455,0.18580288
2268,-1.1836233,0.2552681
2269,-1.3818591,0.30878916
2270,-0.25771224,0.49955338
2271,-0.85311,0.23842028
2272,-1.2636378,0.2848499
2273,-1.5742449,0.39260006
2274,-0.15612362,1.4301962
2275,-1.1545792,0.2668583
2276,-1.1728584,0.30298498
2277,-1.1289543,0.2414049
2278,-1.2770721,0.26989084
2279,-1.4008176,0.31330246
2280,-1.0205652,0.22485171
2281,-1.4256399,0.314618
2282,-1.1408172,0.27730605
2283,-1.3666818,0.30438715
2284,-1.560887,0.33796415
2285,-1.3139026,0.24741386
2286,-1.316031,0.27924418
2287,-1.2826326,0.2546104
2288,-0.40361232,0.5294617
2289,-0.9808881,0.17612179
2290,-1.3686134,0.2858689
2291,-1.1545368,0.28917307
2292,-1.0017219,0.23524743
2293,-1.2037477,0.27063555
2294,-1.5694481,0.28701863
2295,-1.2750264,0.26288927
2296,-1.4874136,0.37453645
2297,-1.3499283,0.29675525
2298,-1.3911481,0.28968602
2299,-1.197488,0.23203008
2300,-1.3188952,0.2754449
2301,-1.0403078,0.23476739
2302,-1.2802511,0.24581112
2303,-1.3062819,0.31577682
2304,-1.2512492,0.23802261
2305,-1.4070091,0.31850603
2306,-1.5668528,0.3726556
2307,-1.4768662,0.37228814
2308,0.008256687,0.34368554
2309,-1.3368002,0.29548335
2310,-1.2066972,0.24586515
2311,-1.1685044,0.24853998
2312,-1.5195174,0.29352203
2313,-1.1292094,0.27594018
2314,-1.1896664,0.2398954
2315,-1.3304367,0.36716643
2316,-1.1154802,0.25418705
2317,-0.6436869,0.4305782
2318,-1.4866741,0.31154403
2319,-1.2124983,0.27273872
2320,-1.4059489,0.27474913
2321,-1.2727994,0.27637827
2322,-1.1962043,0.24810573
2323,-1.5972384,0.32012534
2324,-1.171636,0.21612273
2325,-1.0343829,0.2178976
2326,-1.2962182,0.26526132
2327,-1.655503,0.32370815
2328,-1.5543622,0.3270168
2329,-1.171144,0.22701243
2330,-1.3541625,0.29518855
2331,-1.4885533,0.3065117
2332,-1.2065103,0.24817432
2333,-0.6802576,0.5457512
2334,-1.3661561,0.30979878
2335,-1.3559728,0.31323624
2336,-0.52047694,0.38717112
2337,-1.6655388,0.3570069
2338,-1.0380751,0.236402
2339,-1.2744704,0.28048038
2340,-1.1355183,0.23061883
2341,-1.405586,0.28136706
2342,-1.3442051,0.289183
2343,-1.0380627,0.2016165
2344,-0.08967694,0.38349184
2345,-0.33531255,0.3509336
2346,-1.4185811,0.31391507
2347,-1.3641843,0.30247402
2348,-1.1154395,0.21125235
2349,-1.3413683,0.26792675
2350,-1.1265583,0.23864907
2351,-1.1183447,0.26488867
2352,-0.17470483,0.2575354
2353,-1.1522491,0.25784665
2354,-1.1049603,0.24282733
2355,-1.2288722,0.28229827
2356,-1.0773331,0.22102965
2357,-1.3842393,0.2914039
2358,-1.349757,0.27054527
2359,-1.3568964,0.2967221
2360,-1.101585,0.22406685
2361,-0.2793192,0.37510955
2362,-1.3349715,0.30353245
2363,-1.418667,0.30102628
2364,-1.2484627,0.24224389
2365,-0.63218933,0.45722434
2366,-1.3054323,0.2624596
2367,-1.3610047,0.316353
2368,-0.20880401,0.32458836
2369,-1.320892,0.2734592
2370,-1.4049984,0.2993519
2371,-1.0224944,0.20577395
2372,-1.33404,0.32020873
2373,-0.49088603,0.40218312
2374,-1.4291197,0.31244728
2375,-1.355741,0.26405933
2376,-1.5223364,0.34229264
2377,-1.4339151,0.27252567
2378,-1.2789062,0.24817218
2379,-1.3183742,0.3031881
2380,-1.3696235,0.32013732
2381,-1.3491275,0.27356353
2382,-1.1134913,0.2624844
2383,0.08623081,1.0686641
2384,-1.6138232,0.3615181
2385,-1.3450125,0.25604463
2386,-1.3039528,0.29014143
2387,-1.2756747,0.26400983
2388,-1.2998445,0.30904138
2389,-0.5207908,0.59618205
2390,-0.49928,0.5665261
2391,-1.2622292,0.25346294
2392,-1.3408124,0.2598202
2393,-1.6848655,0.37900677
2394,-1.1607071,0.3046526
2395,-1.2086362,0.25842503
2396,-0.20175171,0.6411667
2397,-1.2434912,0.26358607
2398,-1.2983391,0.26216826
2399,-1.1183745,0.25291386
2400,-1.140661,0.23680145
2401,-1.1442798,0.22407132
2402,-1.1381887,0.228263
2403,-1.3521534,0.3049707
2404,-1.2527046,0.26374254
2405,-0.90144295,0.21851857
2406,-1.0661306,0.21846369
2407,-1.2300704,0.24367224
2408,-1.476727,0.31468114
2409,-0.5031619,0.5940446
2410,-0.2619992,0.44036105
2411,-1.2841982,0.27104127
2412,-1.072237,0.2333015
2413,-1.2858087,0.25761703
2414,-1.1134542,0.23872967
2415,-1.1701761,0.25715858
2416,-1.3357269,0.314311
2417,0.10188765,0.3619887
2418,-1.3274463,0.31273347
2419,-1.1740083,0.26493683
2420,-1.1571884,0.26936626
2421,-1.1651243,0.22894149
2422,-1.4663914,0.3194059
2423,-1.4134662,0.27208427
2424,-1.3860924,0.28631222
2425,-1.3089681,0.2795731
2426,-1.5188138,0.34431016
2427,-0.49001753,0.5038905
2428,-1.3177413,0.30857596
2429,-1.3041162,0.27078366
2430,-1.2218351,0.23810686
2431,-1.5984036,0.33370268
2432,-1.3366715,0.3022229
2433,-1.5771892,0.3559605
2434,-1.329907,0.30062374
2435,-1.322602,0.2866419
2436,-1.0787115,0.19310021
2437,-1.349069,0.249838
2438,-1.418496,0.2981011
2439,-1.044558,0.24312647
2440,-1.3481573,0.28459963
2441,-0.20829782,0.27097157
2442,-1.3031231,0.27746236
2443,-1.4118909,0.28255346
2444,-1.3870634,0.29125682
2445,-1.3156133,0.25658724
2446,-1.1304319,0.252328
2447,-1.2150799,0.260977
2448,-1.4903486,0.34654394
2449,-1.6131238,0.33742777
2450,-1.2491523,0.25176293
2451,-1.3162795,0.2703403
2452,-1.4925932,0.36772898
2453,-1.3752079,0.33901381
2454,-1.3038672,0.30108166
2455,-1.1860497,0.28340036
2456,-1.1932048,0.26128602
2457,-1.2004234,0.23835546
2458,-1.2074968,0.2605612
2459,-1.1994562,0.23492664
2460,-1.2183032,0.26430127
2461,-1.4661556,0.3164287
2462,-1.1867307,0.23628376
2463,-1.6426444,0.3585305
2464,-1.2123225,0.27323207
2465,-0.20364134,0.53223103
2466,-1.3175193,0.29004383
2467,-1.3205189,0.28287077
2468,-1.2996861,0.26765886
2469,-1.0982736,0.20900637
2470,-1.3168105,0.29966068
2471,-1.218366,0.25659987
2472,-1.8133395,0.37232885
2473,-1.2247201,0.2669754
2474,-1.272824,0.2810385
2475,-1.2153019,0.25757623
2476,-0.2616468,0.28433707
2477,-1.4663186,0.32223794
2478,-1.3422908,0.2683963
2479,-1.333442,0.27263805
2480,-1.1870997,0.27608347
2481,-0.2735589,0.25477907
2482,-1.1046255,0.22693639
2483,-1.100104,0.21294345
2484,-1.1433212,0.22830178
2485,-1.580231,0.34882438
2486,-1.5199566,0.2905034
2487,-1.1470673,0.22972554
2488,-1.0196396,0.17568216
2489,-1.3679488,0.2916876
2490,-1.1503657,0.2312915
2491,-1.4615502,0.27404085
2492,-1.2204117,0.27127558
2493,-1.3118254,0.27590838
2494,-1.2405479,0.25163367
2495,-1.3248161,0.27910852
2496,-1.4781189,0.3131218
2497,-1.1427075,0.24913374
2498,-1.452273,0.33805007
2499,-0.09902864,1.2199767
2500,-1.2974612,0.28909126
2501,-1.3804878,0.3378908
2502,-1.2476783,0.25837576
2503,-1.1818801,0.27290615
2504,-1.3836035,0.30835322
2505,-1.3252169,0.27384552
2506,-0.45137173,0.37388545
2507,-1.3966541,0.30718806
2508,-1.5042415,0.30496266
2509,-1.463457,0.3182307
2510,-1.5692385,0.34045142
2511,-1.3743197,0.2887491
2512,-1.1318382,0.24012987
2513,-1.4017477,0.34455693
2514,-1.0930036,0.24836689
2515,-1.0502785,0.23307955
2516,-1.2734152,0.22771993
2517,-0.35502753,0.62186146
2518,-1.4437028,0.28394234
2519,-1.421692,0.27865607
2520,-1.2243296,0.30060816
2521,-0.41271216,0.24681935
2522,-1.3654244,0.29394192
2523,-1.4223034,0.33289045
2524,-1.4875305,0.31968185
2525,-1.4720551,0.32497874
2526,-1.229384,0.2512604
2527,-1.2156838,0.2487916
2528,-1.3065203,0.24759252
2529,-1.2514749,0.29542163
2530,-1.2421188,0.29165927
2531,-1.4346563,0.31290823
2532,-1.2423865,0.26758435
2533,-1.2848668,0.2689979
2534,-1.5388016,0.35140163
2535,-1.4074159,0.2720261
2536,-1.633955,0.3392993
2537,-1.2833105,0.28310132
2538,-0.205597,0.28865153
2539,-0.61031103,0.47903323
2540,-1.4962863,0.3160065
2541,-1.1886615,0.23358156
2542,-1.2845547,0.26415357
2543,-1.1391001,0.2286789
2544,-1.4218518,0.32175657
2545,-1.2689632,0.2506912
2546,-1.4112909,0.29705203
2547,-0.38546917,0.46159288
2548,-1.3284014,0.28072265
2549,-1.2815734,0.26588464
2550,-1.2089303,0.2617185
2551,-1.2491219,0.28050753
2552,-1.3473,0.2817276
2553,-1.340743,0.3125842
2554,-0.38609356,0.3041829
2555,-1.2445577,0.25981277
2556,-1.1532093,0.25462982
2557,-1.563115,0.31711784
2558,-1.427052,0.3468204
2559,-0.8414071,0.17813174
2560,-1.4742419,0.32040173
2561,-1.4443744,0.29476964
2562,-1.3280185,0.28730413
2563,-1.2383845,0.2682823
2564,-1.6142627,0.3301973
2565,-1.2344813,0.24777836
2566,-1.551836,0.30937225
2567,-1.1577927,0.25539574
2568,-1.3188635,0.31308472
2569,0.10323406,0.543837
2570,-1.0216985,0.24778123
2571,-1.1771984,0.2399349
2572,-1.335903,0.2817577
2573,-1.4905561,0.3047344
2574,-1.3463296,0.28336045
2575,-1.5367446,0.2681315
2576,-1.4703288,0.30917716
2577,-1.3311943,0.30489898
2578,-0.3362789,0.44112426
2579,-1.2738025,0.3040807
2580,-1.0509534,0.21887805
2581,-1.1897535,0.23221768
2582,-1.161491,0.30608684
2583,-1.3070742,0.26926902
2584,-1.3813695,0.27093527
2585,-1.3895683,0.32326838
2586,-0.17362504,0.38897848
2587,-1.251136,0.2763459
2588,-1.4449445,0.28118747
2589,-1.3475113,0.27386716
2590,-1.4587685,0.2996332
2591,-0.29178047,0.35957867
2592,-1.0982801,0.2385715
2593,-1.416481,0.31614342
2594,-1.3508084,0.32061246
2595,-1.314566,0.31246093
2596,-1.3165767,0.26817113
2597,-0.95047545,0.19146258
2598,-1.2860874,0.2661707
2599,-1.1225647,0.21909307
2600,-1.5374073,0.27947095
2601,-1.068848,0.1913527
2602,-1.1688807,0.24894166
2603,-1.0113182,0.2188712
2604,-0.9108941,0.7371378
2605,-1.2838824,0.29755932
2606,-1.3794281,0.28809187
2607,-1.397716,0.30870548
2608,-1.3108178,0.2565837
2609,-1.188404,0.30010158
2610,-1.4405781,0.2878028
2611,-1.3285835,0.2836896
2612,-1.4134978,0.3037131
2613,-1.3696997,0.25608194
2614,-1.0599363,0.23499237
2615,-1.4780941,0.33337572
2616,-1.5585283,0.3072461
2617,-1.2190855,0.25507537
2618,-1.0646504,0.25829053
2619,-1.2246568,0.24861407
2620,-1.4848086,0.31544247
2621,-1.4531947,0.31091523
2622,-1.059171,0.24820584
2623,-1.3143617,0.26685038
2624,-0.55564797,0.25353727
2625,-1.0864059,0.25014475
2626,-1.1697342,0.23776682
2627,-1.14556,0.26065126
2628,-1.3264759,0.26186597
2629,-1.3971127,0.2982426
2630,-1.4003639,0.30451977
2631,-1.2817581,0.25402278
2632,-1.4861673,0.30706242
2633,-1.4846009,0.29991797
2634,-1.3440528,0.28700635
2635,-1.34702,0.2737145
2636,-1.2160095,0.26060733
2637,-1.1985494,0.22881654
2638,-0.2797149,0.54303783
2639,-1.3926526,0.30508024
2640,-1.3376276,0.28989
2641,-0.26314622,0.31999254
2642,-1.4710631,0.28724617
2643,-1.2047553,0.2760445
2644,-1.4979545,0.31028104
2645,-1.6063509,0.29129353
2646,-1.3999157,0.2975184
2647,-0.3068291,0.40238994
2648,-0.98493224,0.21234864
2649,-1.3571496,0.29346657
2650,-1.2239401,0.28683043
2651,-1.158687,0.25550756
2652,-1.4624286,0.29842177
2653,-1.1682262,0.23294228
2654,-0.15832372,0.28293675
2655,-1.329092,0.25007683
2656,-1.1215398,0.2281938
2657,-0.12178351,0.3543808
2658,-1.4203542,0.31957334
2659,-1.2023402,0.23556802
2660,-1.4709415,0.3297738
2661,-1.2455437,0.25542167
2662,-0.2828131,0.40260932
2663,-0.25421068,0.8024044
2664,-1.3065877,0.25450704
2665,-1.1789647,0.26323235
2666,-1.5631968,0.3164613
2667,-1.1518508,0.25993362
2668,-1.1633512,0.27768308
2669,-1.0908403,0.22810307
2670,-1.1947918,0.2552544
2671,-1.193154,0.22401246
2672,-1.1191132,0.30042273
2673,-1.1793212,0.26426318
2674,-0.6534603,0.39069358
2675,-1.3600477,0.27825442
2676,-1.3084309,0.30042335
2677,-1.2129415,0.26273972
2678,-1.3569218,0.27815822
2679,-1.443276,0.28950557
2680,-1.2379347,0.27817258
2681,-1.5594504,0.31293166
2682,-1.4047365,0.30982694
2683,-1.3715991,0.3129839
2684,-1.2273315,0.23499785
2685,-1.5013528,0.34711725
2686,-1.6628414,0.339858
2687,-1.4490788,0.33650768
2688,-1.185606,0.2372811
2689,-1.4272778,0.2734418
2690,-1.0589705,0.1930455
2691,-1.5200958,0.34764954
2692,-1.4206468,0.32613757
2693,-1.4043092,0.2977876
2694,-1.094128,0.24403535
2695,-1.1753274,0.25405598
2696,-1.3187917,0.30750704
2697,-1.2343222,0.25754982
2698,-1.439063,0.2767857
2699,-1.3424313,0.27910405
2700,-0.4086676,0.36817846
2701,-0.1363695,0.22792642
2702,-1.2523059,0.27323064
2703,-1.008292,0.20607486
2704,-1.387653,0.27538005
2705,-1.4719093,0.30610728
2706,-0.23542428,0.44539782
2707,-0.998784,0.22352795
2708,-1.1979568,0.24294569
2709,-1.3154172,0.2840502
2710,-1.4511118,0.29539344
2711,-1.2517978,0.29645333
2712,-1.2203677,0.24789703
2713,-1.3114499,0.25880045
2714,-0.4883282,0.30336463
2715,-1.2963682,0.30212283
2716,-1.4951012,0.3317278
2717,-1.5171607,0.33759633
2718,-1.3741397,0.26899493
2719,-1.2542795,0.28618902
2720,-1.3631183,0.28857577
2721,-1.1780425,0.26595375
2722,-1.0628568,0.21194765
2723,-1.3456843,0.26977715
2724,-1.240929,0.9681877
2725,-1.1878084,0.2936775
2726,-0.23673351,0.36248013
2727,-1.1776253,0.23124829
2728,-1.4275788,0.30105174
2729,-1.1055473,0.24685058
2730,-1.5512768,0.3139365
2731,-1.4033885,0.2840026
2732,-0.68965465,0.45115215
2733,-0.98155963,0.2091788
2734,-1.4104706,0.29904208
2735,-1.121764,0.25573674
2736,-1.1915866,0.25901696
2737,-1.1473762,0.24055728
2738,-1.1783112,0.23654902
2739,-1.5489354,0.32231575
2740,-1.4323139,0.3114353
2741,-1.2203158,0.27159226
2742,-1.3965416,0.3041138
2743,-1.21004,0.2305109
2744,-1.4430374,0.31412798
2745,-1.2889621,0.26618302
2746,-1.010506,0.21967001
2747,-1.3655463,0.28284276
2748,-1.218968,0.25881886
2749,-0.12956451,0.30329788
2750,-1.3022697,0.28584003
2751,-1.2236272,0.27830768
2752,-1.3930452,0.3079819
2753,-1.1372037,0.24149577
2754,-1.294746,0.30032358
2755,-1.1052676,0.24456528
2756,-1.3788795,0.30454603
2757,-1.2478783,0.28229997
2758,-1.2835628,0.27690187
2759,-1.4306738,0.29405108
2760,-1.5516169,0.37179983
2761,-1.3259112,0.30236134
2762,-1.2907017,0.29827222
2763,-0.00019071794,0.34709263
2764,-0.21975827,0.38287354
2765,-1.4405025,0.2789864
2766,-1.4016751,0.29700083
2767,-1.1750361,0.28678873
2768,-1.3436583,0.29816535
2769,-1.0856282,0.20429629
2770,-1.2700788,0.27501047
2771,-1.1248595,0.26792097
2772,-1.5527525,0.33398345
2773,-1.2830174,0.27672127
2774,-1.4401711,0.27954328
2775,-1.3661946,0.2728953
2776,-1.3197609,0.30769917
2777,-1.1017822,0.1828182
2778,-1.2746195,0.28030065
2779,-1.183639,0.25672117
2780,-1.3349003,0.31078726
2781,-1.2858791,0.2858131
2782,0.46375683,1.9004831
2783,-1.2719328,0.2772854
2784,-1.1474602,0.23295185
2785,-1.1379403,0.2578532
2786,-1.2210902,0.27248824
2787,-1.4275292,0.35960686
2788,-1.2567648,0.25803304
2789,-1.1706533,0.2297235
2790,-0.46309265,0.5613131
2791,-1.1267318,0.2565206
2792,-1.4900185,0.30155975
2793,-1.4160035,0.29226908
2794,-0.22832203,0.38558778
2795,-1.191105,0.22424574
2796,-1.4757665,0.2927353
2797,-1.3600072,0.27928114
2798,-1.2859248,0.27648428
2799,-1.5043496,0.3258706
2800,-1.3798981,0.2862315
2801,-1.378657,0.28862402
2802,-1.5686576,0.28520295
2803,-0.5836287,0.317296
2804,-1.495556,0.29012692
2805,-0.23064959,0.37993023
2806,-1.4047982,0.31080297
2807,-0.4948182,0.40649453
2808,-1.04276,0.21374641
2809,-1.2177194,0.2560393
2810,-1.3849224,0.27496403
2811,-1.2680798,0.2722079
2812,-0.16291028,0.33342114
2813,-1.3689086,0.3133954
2814,-1.2486806,0.24930081
2815,-1.3186057,0.3206836
2816,-1.273276,0.25566468
2817,-1.4373819,0.28081664
2818,-1.4347266,0.30464283
2819,-1.3637645,0.29163656
2820,-1.3436537,0.24057086
2821,-0.3505378,0.43107507
2822,-0.23443669,0.48023546
2823,-1.4292436,0.3136432
2824,-1.5736215,0.33099577
2825,-1.2608616,0.28216657
2826,-1.6383361,0.32955372
2827,-1.1103692,0.22635245
2828,-1.2012289,0.313777
2829,-1.2950989,0.2725245
2830,-1.1963825,0.25690028
2831,-0.23683873,0.38065803
2832,-1.4920033,0.28739956
2833,-1.3815092,0.25358868
2834,-1.381937,0.26850766
2835,-1.4129319,0.31850266
2836,-0.27986473,0.3138331
2837,-0.24640648,0.4176541
2838,-1.2764151,0.29109374
2839,-1.0949616,0.24783114
2840,-1.3977749,0.2758673
2841,-1.1324433,0.24064808
2842,-1.3842757,0.3252922
2843,-1.5202327,0.30951604
2844,-1.6021777,0.39231816
2845,-0.49116272,0.3442167
2846,-1.2431598,0.2866063
2847,-1.4334503,0.31719786
2848,-0.43313256,0.46708125
2849,-1.224243,0.23764308
2850,-1.6503371,0.3860429
2851,-0.118557855,0.32764488
2852,-1.227619,0.28088838
2853,-1.1919777,0.22738293
2854,-1.393964,0.33319438
2855,-1.6068325,0.40150702
2856,-1.5424076,0.33393785
2857,-0.7045884,0.27814925
2858,-0.027246328,0.33719912
2859,-1.3896031,0.30486873
2860,-1.369978,0.29727983
2861,-1.682032,0.3286271
2862,-1.4235035,0.28699145
2863,-1.2490312,0.25230554
2864,-1.3763237,0.287567
2865,-1.3244272,0.23123735
2866,-1.1953508,0.27687335
2867,-1.2050884,0.27578205
2868,-1.5074042,0.31216437
2869,-1.1469364,0.24618597
2870,-1.2100984,0.24852036
2871,-1.3171895,0.2722024
2872,-0.14681633,0.42087805
2873,-1.2671924,0.2668822
2874,-1.4261354,0.3021112
2875,-1.0189809,0.21822438
2876,-0.53515965,0.44072965
2877,-1.3433127,0.2595364
2878,-1.3447143,0.26390308
2879,-1.2176399,0.25670648
2880,-1.3414958,0.31084725
2881,-1.53697,0.36633313
2882,-1.1148849,0.23569344
2883,-0.16121045,0.3483244
2884,-1.1615225,0.2623895
2885,-1.2824835,0.2754958
2886,-1.2342286,0.25157556
2887,-1.201715,0.26731825
2888,-1.3775139,0.27806172
2889,-1.1520842,0.20886333
2890,-1.2454164,0.27376217
2891,-1.3275526,0.2821638
2892,-1.1049205,0.23791485
2893,-1.2969992,0.2838215
2894,-1.1753819,0.23813097
2895,-1.143047,0.253114
2896,-1.423705,0.2943947
2897,-1.3399944,0.2850229
2898,-1.213045,0.23419775
2899,-1.2482401,0.28161228
2900,-0.11059785,0.7222799
2901,-1.4679143,0.33869916
2902,-0.9911741,0.21918242
2903,-1.4508822,0.28519332
2904,-1.2435156,0.25721046
2905,-1.3205137,0.27836657
2906,-1.3553574,0.28399596
2907,-1.363292,0.2881043
2908,-1.5391309,0.3357018
2909,-1.5984344,0.3202242
2910,-1.0621281,0.2205115
2911,-1.4330224,0.27159265
2912,-1.5332243,0.3351616
2913,-1.5912871,0.34082913
2914,-1.3468226,0.26195756
2915,-1.104424,0.19579703
2916,-1.4411336,0.29292807
2917,-1.3662041,0.28819698
2918,-1.0654281,0.26097035
2919,-1.1939529,0.25537756
2920,-1.4289807,0.3121537
2921,-1.4419025,0.31514847
2922,-1.1834289,0.2321481
2923,-0.17392978,0.3267121
2924,-1.4187796,0.34253842
2925,-1.0233458,0.21300086
2926,-1.3045107,0.27952442
2927,-1.3851553,0.2635104
2928,-1.2607048,0.26081452
2929,-1.3957387,0.29276848
2930,-1.2355486,0.23401192
2931,-1.416621,0.3019512
2932,-1.0735992,0.19745658
2933,-1.1789567,0.27998126
2934,-1.1059921,0.24439344
2935,-1.2302768,0.20317656
2936,-0.3892726,0.2160321
2937,-1.164606,0.23278229
2938,-1.3502414,0.25995454
2939,-1.2136514,0.25572503
2940,-1.189754,0.23884584
2941,-1.2910659,0.25976932
2942,-1.3995041,0.2883394
2943,-0.94978,0.19865799
2944,-1.5736963,0.35776317
2945,-0.057772838,0.2876669
2946,-1.3834504,0.32637256
2947,-1.3518484,0.30032223
2948,-1.4051176,0.29928568
2949,-1.1543825,0.24149802
2950,-1.1969007,0.26607576
2951,-1.2191192,0.28985977
2952,-1.3786577,0.31981376
2953,-1.454565,0.2960715
2954,-1.3729589,0.25321665
2955,-1.2616374,0.28039598
2956,-1.1623579,0.23045097
2957,-1.4160775,0.30282667
2958,-1.2736342,0.26114058
2959,-1.3351451,0.28575614
2960,-1.4220052,0.31002218
2961,-1.4754078,0.3310296
2962,-0.4155334,0.6088755
2963,-1.4484726,0.31746405
2964,-1.1325166,0.26416373
2965,-0.6414101,0.6263841
2966,-0.12142611,0.4341218
2967,-1.1215835,0.21034513
2968,-1.3477474,0.27613822
2969,-1.2903701,0.25190967
2970,-1.1791922,0.27470335
2971,-1.4044634,0.2836946
2972,-1.3841989,0.26155248
2973,-1.0855428,0.2180866
2974,-1.2647426,0.2859254
2975,-1.3316003,0.26271868
2976,-1.5987581,0.3221617
2977,-1.1370136,0.23903678
2978,-1.1205486,0.24901712
2979,-1.3794839,0.27020603
2980,-0.31211558,0.36470228
2981,-1.3789606,0.31696287
2982,-1.1927207,0.26530927
2983,-1.2917384,0.2727649
2984,-1.5790172,0.3587764
2985,-1.4855821,0.3406576
2986,-1.1868196,0.22016875
2987,-1.2892382,0.27628648
2988,-1.0194502,0.21572351
2989,-1.0898062,0.21993633
2990,-1.2886916,0.24879327
2991,-1.3049405,0.2592278
2992,-0.085260354,0.25415158
2993,-1.0500499,0.23584658
2994,-1.3799645,0.2887862
2995,-1.2356236,0.27852154
2996,-1.4712026,0.3250868
2997,-1.1591605,0.23464613
2998,-1.3128257,0.3159095
2999,-1.3312951,0.28432828
3000,-0.3690962,0.39011493
3001,-1.4195678,0.2965715
3002,-1.4970634,0.34926584
3003,-1.1370043,0.23745333
3004,-1.0670828,0.23509559
3005,-1.4392676,0.29670754
3006,-1.2820122,0.25095844
3007,-1.2892126,0.292061
3008,-1.1463346,0.27498388
3009,-1.1680615,0.22699961
3010,-1.3355556,0.28995597
3011,-1.0888474,0.25266084
3012,-1.2900722,0.2651549
3013,-1.3075159,0.30440342
3014,-1.245432,0.23392285
3015,-1.1032604,0.23718244
3016,-1.2686319,0.29335284
3017,-1.3903596,0.30215696
3018,-0.33616754,0.3973818
3019,-0.5753532,0.40003163
3020,-1.0821726,0.19982652
3021,-1.5359744,0.29564688
3022,-0.038863912,0.32487324
3023,-1.3614185,0.29630578
3024,-1.3333422,0.31232452
3025,-1.1418318,0.25333357
3026,-1.3380055,0.2852935
3027,-1.3384986,0.27824926
3028,-1.2617557,0.28781426
3029,-1.300165,0.268853
3030,-1.4750723,0.34362292
3031,-1.3412737,0.29376093
3032,-0.6948999,0.38968167
3033,-1.3247613,0.27834257
3034,-1.2608905,0.2586091
3035,-1.3222173,0.30116832
3036,-1.036795,0.23959726
3037,-1.0580859,0.22970106
3038,-1.1840174,0.20990153
3039,-1.4645778,0.31803977
3040,-1.4818066,0.31955856
3041,-1.0904217,0.23212121
3042,-1.3262631,0.2891625
3043,-1.4749317,0.2686492
3044,-1.4762613,0.32516623
3045,-1.0992717,0.26505563
3046,-1.343877,0.29087138
3047,-1.3412426,0.26962304
3048,-1.1468409,0.19367787
3049,-1.56101,0.32129413
3050,-1.3474584,0.2773859
3051,-1.4738941,0.36868107
3052,-1.2283796,0.25531098
3053,-1.1977459,0.26133955
3054,-0.29188058,0.26742563
3055,-0.43621027,0.3523351
3056,-1.3131117,0.30370718
3057,-1.4214685,0.33497933
3058,-1.1840663,0.24565752
3059,-1.0824822,0.18230586
3060,-1.4941251,0.28317598
3061,-1.2503697,0.28653657
3062,-1.245277,0.25371307
3063,-1.4262441,0.29964665
3064,-1.5230615,0.30307254
3065,-1.284066,0.26038316
3066,-0.38044834,0.58703876
3067,-1.1936584,0.26759347
3068,-1.3066531,0.2817691
3069,-1.3934951,0.29040205
3070,-1.4098946,0.2974739
3071,-1.5556831,0.3256915
3072,-1.2325348,0.25155446
3073,-1.1793538,0.25094187
3074,-0.9561161,0.20424332
3075,-0.19535379,0.33245325
3076,-1.4747382,0.35817894
3077,-1.609143,0.34236664
3078,-1.3004496,0.27593014
3079,-1.4698061,0.31293166
3080,-1.2124298,0.23519827
3081,-1.6582485,0.34699658
3082,-1.3733407,0.2581303
3083,-0.2795782,1.2810869
3084,-1.1933473,0.22845645
3085,-1.4459361,0.30841216
3086,-1.0131251,0.21172304
3087,-0.58024573,0.38703418
3088,-1.2725849,0.2357744
3089,-1.4158123,0.34171432
3090,-1.2141198,0.27629825
3091,-1.1485244,0.22851731
3092,-0.65525925,0.32724196
3093,-1.4083781,0.31624445
3094,-0.12758581,0.74172026
3095,-1.1911554,0.27153876
3096,-1.1204368,0.21999598
3097,-1.5446793,0.3492007
3098,-1.1933515,0.26037243
3099,-1.5963911,0.34351882
3100,-1.0951002,0.2553362
3101,-1.3063592,0.25395972
3102,-1.1750888,0.24885389
3103,-1.083495,0.21675414
3104,-1.1559945,0.24908577
3105,-1.2286649,0.25261265
3106,-0.7354182,0.48714635
3107,-0.34906697,0.39143372
3108,-1.3469744,0.2892949
3109,-1.3223301,0.23830262
3110,-0.38252687,0.34719086
3111,-1.2558726,0.27490452
3112,-1.3894414,0.31359115
3113,-1.119352,0.25426608
3114,-1.1833198,0.20315433
3115,-1.45003,0.30809397
3116,-1.4748869,0.32237527
3117,-1.4232839,0.31084552
3118,-1.3582102,0.26763332
3119,-1.3759698,0.2749479
3120,-1.516723,0.33366948
3121,-1.4275802,0.28250983
3122,-1.3169795,0.2801654
3123,-1.5865247,0.32164007
3124,-1.2311989,0.25660354
3125,-0.09991762,0.46346736
3126,-1.3850424,0.3037318
3127,-1.3209621,0.27282485
3128,-1.0870775,0.26470706
3129,-1.3574667,0.29246953
3130,-1.3618181,0.2916078
3131,-1.237695,0.24883884
3132,-1.3570646,0.2839383
3133,-1.1774138,0.24637488
3134,-1.1934264,0.22488628
3135,-1.1205943,0.2109064
3136,-1.175231,0.2750009
3137,-1.157981,0.23821415
3138,-1.4075723,0.31708595
3139,-0.9903141,1.4223372
3140,-1.1588839,0.26378444
3141,-1.2354963,0.24618495
3142,-1.340678,0.27032837
3143,-1.1740625,0.22513449
3144,-1.038297,0.40146822
3145,-1.4706202,0.29987338
3146,-1.3246458,0.29189223
3147,-1.5749762,0.31215045
3148,-1.327521,0.21076696
3149,-1.1618224,0.23477477
3150,-1.3900958,0.29378867
3151,-1.468012,0.31330523
3152,-0.05298142,0.6904502
3153,-1.1024398,0.24668494
3154,-1.434474,0.30469915
3155,-1.2545975,0.27365273
3156,-1.3816229,0.29614308
3157,-0.10232202,0.5917716
3158,-1.3365401,0.2870691
3159,-1.2566935,0.24870077
3160,-1.4497366,0.31102803
3161,-1.268201,0.28137088
3162,-1.2428408,0.24668963
3163,-1.2979747,0.28866658
3164,-1.4687079,0.31868055
3165,-1.3062624,0.32983452
3166,-1.027322,0.2155538
3167,-1.5945699,0.35074815
3168,-0.9887924,0.1929512
3169,-1.4082328,0.33178386
3170,-1.4350142,0.28244242
3171,-1.4162382,0.26125687
3172,-0.3837457,0.46016383
3173,-0.5446159,0.42818683
3174,-1.386358,0.2938998
3175,-1.0668814,0.24638891
3176,-1.255469,0.254406
3177,-1.1391684,0.2159299
3178,-1.4256577,0.30250058
3179,-1.3528115,0.2945232
3180,-1.42126,0.31045347
3181,-1.5170282,0.33367732
3182,-1.314918,0.2798411
3183,-1.3958721,0.2837123
3184,-1.4021393,0.28582796
3185,-1.4730668,0.35318857
3186,-1.5811448,0.32595298
3187,-1.5248612,0.34986967
3188,-0.6003384,0.81883013
3189,-1.1409739,0.22118255
3190,-1.3376399,0.28565118
3191,-0.15414682,0.2656704
3192,-1.2015724,0.23903152
3193,-1.3675811,0.27334595
3194,-1.0897561,0.24613236
3195,-1.4134194,0.315659
3196,-1.360949,0.2592488
3197,-0.1786256,0.29665944
3198,-1.2486484,0.25854144
3199,-1.3300015,0.28887618
3200,-1.4589059,0.3254182
3201,-1.2781593,0.26542395
3202,-1.3971031,0.30924883
3203,-1.1909344,0.2611015
3204,-1.1612916,0.28476825
3205,-0.25989187,0.336498
3206,-1.5205853,0.30762592
3207,-0.44081506,0.39623863
3208,-1.3739917,0.28106883
3209,-1.2734073,0.26854566
3210,-1.3008913,0.28433117
3211,-1.0564387,0.17459388
3212,-1.1999543,0.24040845
3213,-0.97854173,0.18870625
3214,-0.12830539,0.23238237
3215,-1.3040518,0.27686077
3216,-1.2964889,0.22310674
3217,-1.435784,0.30325496
3218,-1.22566,0.2486429
3219,-1.2237889,0.2320285
3220,-1.5096302,0.31469825
3221,-1.2791938,0.27886435
3222,-1.2028649,0.2213451
3223,-1.6261166,0.40243018
3224,-0.97371787,0.21949182
3225,-1.0960525,0.21360333
3226,-1.4610906,0.32069153
3227,-1.6712539,0.34671322
3228,-1.632049,0.36913502
3229,-1.0265899,0.23222618
3230,-0.028942939,0.30492258
3231,-1.3670462,0.2895309
3232,-0.38807845,0.43500742
3233,-1.2970439,0.30344945
3234,-0.21696763,0.38290375
3235,-1.2268809,0.23783836
3236,-1.2036877,0.28351215
3237,-1.4762608,0.33169997
3238,-1.2318057,0.29449508
3239,-1.1027697,0.22132649
3240,-1.3703111,0.3016378
3241,-1.3211216,0.26820058
3242,-1.2542475,0.29522574
3243,-0.44258195,0.3247555
3244,-1.3497374,0.3127415
3245,-1.2290012,0.28201246
3246,-1.1776681,0.24902563
3247,-0.994029,0.20114282
3248,-1.3288841,0.29862705
3249,-1.5060399,0.32629582
3250,-1.2841008,0.26452506
3251,-1.3131391,0.2807817
3252,-0.67632407,0.6224293
3253,-1.6595235,0.38512498
3254,-1.2414006,0.2582448
3255,-1.4779135,0.30716658
3256,-1.4314135,0.33018702
3257,-1.3301893,0.28748608
3258,-1.160103,0.252482
3259,-1.4696646,0.30573395
3260,-1.1699749,0.24922726
3261,-1.2706025,0.23025927
3262,-1.378866,0.30168346
3263,-1.0926672,0.22542775
3264,-1.2217989,0.2480544
3265,-0.46150455,0.43814722
3266,-1.0314219,0.17784308
3267,-0.20673014,0.27374023
3268,-1.3533483,0.30581632
3269,-1.2520905,0.27438995
3270,-1.1390071,0.26879406
3271,-1.1238912,0.23859556
3272,-1.4908487,0.2951234
3273,-1.6039426,0.31913805
3274,-1.3676486,0.3321493
3275,0.4895984,2.4544873
3276,-1.2876498,0.27552482
3277,-1.0999743,0.25894216
3278,-1.2207575,0.28526807
3279,-1.3271391,0.267687
3280,-1.4539256,0.29577383
3281,-0.37848523,0.4479119
3282,-1.2951329,0.27767533
3283,-1.2503159,0.24045736
3284,-1.3766714,0.28008986
3285,-1.1402421,0.23981477
3286,-1.1781704,0.27770418
3287,-1.3308209,0.264092
3288,-1.2137465,0.22027689
3289,-1.29784,0.28572887
3290,-0.46737802,0.50063074
3291,-1.393658,0.3254431
3292,-1.3176546,0.2497299
3293,-1.2011681,0.24517447
3294,-1.1662827,0.2774094
3295,-1.1279796,0.21573752
3296,-1.1830971,0.23675588
3297,-1.362663,0.2944075
3298,-1.2035104,0.24560213
3299,-1.2502905,0.2895696
3300,-1.4161268,0.30452904
3301,-1.4426206,0.26840547
3302,-1.3281604,0.28628492
3303,-1.1769037,0.2576609
3304,-1.3341379,0.28224844
3305,-1.2292842,0.2872218
3306,-1.5075102,0.3049048
3307,-1.005276,0.20907451
3308,-1.1399516,0.27114096
3309,-1.3381083,0.2790514
3310,-1.1557668,0.22464058
3311,-1.3285931,0.3008149
3312,-1.2000571,0.2541307
3313,-1.2335986,0.25094992
3314,-1.3851862,0.29470655
3315,-1.1337037,0.23499438
3316,-1.138158,0.21829589
3317,-1.1388992,0.23937808
3318,0.057861704,0.3271632
3319,-1.0700233,0.22716436
3320,-1.1712365,0.24865204
3321,-0.27676716,0.40529588
3322,-1.2321707,0.26431325
3323,-0.576744,0.44447494
3324,-1.0698683,0.22935535
3325,-1.4122146,0.30969694
3326,-1.4658935,0.2615379
3327,-1.3623797,0.29801914
3328,-1.1596376,0.24825627
3329,-1.2769998,0.28335884
3330,-1.3657726,0.2945304
3331,-1.204722,0.22341257
3332,-1.289056,0.27160892
3333,-1.3252892,0.2533885
3334,-1.2804137,0.28304067
3335,-1.1438754,0.26506203
3336,-1.4116803,0.29129273
3337,-1.2541959,0.2498551
3338,-1.1040515,0.25357524
3339,-1.3784834,0.3157996
3340,-0.26610345,0.44950008
3341,-1.2154953,0.29131085
3342,-1.4397048,0.29994044
3343,-0.6744291,0.66987884
3344,-1.2501308,0.26187977
3345,-0.37426186,0.55423576
3346,-1.085182,0.24827187
3347,-1.5158796,0.3193265
3348,-1.246925,0.27004656
3349,-1.1151979,0.22170341
3350,-1.2015398,0.272201
3351,-1.3323584,0.27977645
3352,-1.1618508,0.23513266
3353,-0.9020567,0.155335
3354,-1.4808556,0.34777248
3355,-1.0782518,0.20929003
3356,-1.1335803,0.20501216
3357,-1.2212764,0.27644804
3358,-1.0391119,0.21589343
3359,-1.2675368,0.2943544
3360,-1.3376645,0.2704943
3361,-1.1732862,0.24538046
3362,-1.4199266,0.29521242
3363,-1.4140718,0.3481871
3364,-1.1598659,0.2572331
3365,-1.3328625,0.26473367
3366,-1.169575,0.24856251
3367,-0.81482685,0.51517665
3368,-1.1194036,0.25791773
3369,-1.2753781,0.24322255
3370,-1.2838783,0.24698424
3371,-1.1126821,0.20392141
3372,-1.2178484,0.25934184
3373,-0.10525911,0.5747546
3374,-1.2040247,0.2476267
3375,-1.709258,0.36864755
3376,-1.2238986,0.29332697
3377,-1.2859775,0.27284753
3378,-1.1587656,0.20798975
3379,-0.7337855,0.51382715
3380,-1.1335355,0.25634408
3381,-1.3232151,0.32936886
3382,-1.4266871,0.31658956
3383,-1.4095931,0.29320052
3384,-0.22764264,0.32595056
3385,-0.24850489,0.5495605
3386,-1.145137,0.21158671
3387,-1.3249187,0.26948023
3388,-1.253404,0.2908928
3389,-1.1724516,0.20688589
3390,-1.5482502,0.33375564
3391,-1.4124897,0.32170168
3392,-1.136803,0.24319886
3393,-1.2235641,0.26194787
3394,-1.2638764,0.2414363
3395,-1.0319791,0.27456108
3396,-1.5156163,0.32645494
3397,-1.3806475,0.2895034
3398,-1.2328382,0.32965755
3399,-1.2683526,0.26562813
3400,-1.086827,0.20307213
3401,-1.3323853,0.29139918
3402,-1.1698205,0.24806719
3403,-1.4665978,0.30715543
3404,-1.352264,0.28820977
3405,-1.3206413,0.28125295
3406,-1.1177777,0.23486252
3407,-1.3888669,0.30910504
3408,-0.23277622,0.4576441
3409,-1.3414438,0.28610176
3410,-1.4199481,0.2840523
3411,-0.17178053,0.35747778
3412,-1.4017646,0.29503444
3413,-0.994998,0.21897824
3414,-1.34857,0.26512975
3415,-1.1920118,0.249644
3416,-1.0987719,0.2247727
3417,-1.0989945,0.23263104
3418,-1.1148366,0.23277588
3419,-1.2241365,0.2472858
3420,-1.3585749,0.28954452
3421,-1.3269999,0.2774374
3422,-1.3992828,0.2602382
3423,-1.1148366,0.24463858
3424,-1.2889059,0.2886783
3425,-1.1760802,0.26532495
3426,-1.3421474,0.32022303
3427,-1.442343,0.31028363
3428,-1.2131916,0.2725832
3429,-1.2482526,0.25908566
3430,-1.2843574,0.27787992
3431,-1.0846769,0.2504983
3432,-0.22311781,0.3079808
3433,-1.2863394,0.33178106
3434,-1.2063837,0.23536457
3435,-1.4057343,0.28669947
3436,-1.4076447,0.28948262
3437,-1.1481924,0.2312201
3438,-1.4971988,0.30928543
3439,-1.4434083,0.3099474
3440,-1.3696293,0.28507224
3441,-1.3399589,0.27595022
3442,-0.548138,0.30964383
3443,-1.2166419,0.24208838
3444,-1.5435365,0.30444136
3445,-1.4959726,0.30624545
3446,-1.4777012,0.2858219
3447,-1.0230988,0.2272545
3448,-1.2387043,0.24415055
3449,-1.337635,0.28653458
3450,-1.3719816,0.27002457
3451,-1.0760767,0.23469336
3452,-1.1373495,0.27472955
3453,-1.5571027,0.35835913
3454,-1.2702626,0.26268294
3455,-0.4580138,0.49133268
3456,-1.3009752,0.2867011
3457,-1.1470398,0.23041509
3458,-1.1220806,0.2528301
3459,-1.618025,0.3584783
3460,-1.3089851,0.29141
3461,-1.3952391,0.28646815
3462,-1.3187491,0.28743476
3463,-1.6705147,0.34248686
3464,-1.0085015,0.20943888
3465,-1.4045188,0.2999368
3466,-1.1129835,0.23504737
3467,-1.4027282,0.31855944
3468,-1.2100627,0.23880054
3469,-1.1636671,0.27770773
3470,-1.5541781,0.3375112
3471,-1.2000082,0.23561308
3472,-1.4117473,0.33076787
3473,-1.3193885,0.29204482
3474,-1.860916,0.3564504
3475,0.34535176,1.5215632
3476,-1.4670554,0.30684298
3477,-1.4084134,0.3401599
3478,-1.4637476,0.314338
3479,-1.1843003,0.26960993
3480,-1.3241001,0.25888473
3481,-1.197662,0.2554289
3482,-1.363359,0.27762058
3483,-1.32304,0.2876073
3484,-1.2193367,0.25276497
3485,-1.2802022,0.29321375
3486,-0.96528286,0.22669022
3487,-1.1910286,0.24925071
3488,-1.137745,0.25229087
3489,-1.359353,0.2849874
3490,-1.1958803,0.25601324
3491,-1.514661,0.319563
3492,-1.3338645,0.2603302
3493,-1.2567291,0.27016908
3494,-1.3456635,0.28281966
3495,-1.0241613,0.22899911
3496,-1.2152216,0.24501973
3497,-0.98672074,0.19708484
3498,-1.2899249,0.28229952
3499,-1.173621,0.22520465
3500,-1.4944865,0.31406128
3501,-1.2517834,0.2826817
3502,-1.3018519,0.28926778
3503,-1.171723,0.25488168
3504,-1.3932381,0.2631236
3505,-1.3036636,0.28913775
3506,-1.2558471,0.23595285
3507,-1.4611312,0.31670985
3508,-1.1881063,0.20704597
3509,-1.5460733,0.295879
3510,-1.2053231,0.24454318
3511,-1.3254341,0.30201867
3512,-1.5511814,0.3108874
3513,-1.3631617,0.30992034
3514,-1.3225621,0.30115327
3515,-1.077845,0.18438232
3516,-0.5838591,0.5877008
3517,-1.189576,0.23492773
3518,-1.3902932,0.25075096
3519,-1.5426062,0.30768728
3520,-1.2439222,0.28022856
3521,-0.99277383,0.24465193
3522,-1.3163961,0.30105984
3523,-1.286197,0.29206774
3524,-1.4228104,0.28837532
3525,-1.5124655,0.31318843
3526,-1.186546,0.26570702
3527,-1.0599246,0.27171376
3528,-0.14183776,0.44967896
3529,-0.036979295,0.43949023
3530,-1.1032826,0.2428448
3531,-1.3546438,0.28121072
3532,-1.2853909,0.3093322
3533,-0.5416924,0.49398687
3534,-1.0780778,0.2663592
3535,-1.347929,0.29219303
3536,-1.1568669,0.22548442
3537,-1.403523,0.31162158
3538,-1.3756939,0.2748124
3539,-0.5117483,0.44355127
3540,-1.1958424,0.24713175
3541,-1.2549033,0.25821254
3542,-0.42888176,0.4711023
3543,-1.4526356,0.30327812
3544,-1.1919023,0.2557354
3545,-1.4157704,0.27189004
3546,-1.2043844,0.23611689
3547,-1.4300735,0.300161
3548,-1.5258085,0.36913922
3549,-1.270693,0.23210716
3550,-1.4466898,0.3126278
3551,-0.29656234,0.69238913
3552,-1.5448569,0.33000323
3553,-0.5925298,0.49480486
3554,-1.1287619,0.19809501
3555,-1.0613273,0.27390078
3556,-1.4130505,0.31867325
3557,-1.557043,0.3298802
3558,-1.2071786,0.27114716
3559,-1.0710205,0.23027739
3560,-1.3838315,0.3084255
3561,-1.4122882,0.2828973
3562,-1.6726191,0.30635887
3563,-1.524665,0.33626756
3564,-1.2778298,0.24884816
3565,-1.5001856,0.30828378
3566,-1.4543746,0.32785696
3567,-1.4436377,0.27867192
3568,-1.3444184,0.29532522
3569,-1.3881243,0.29213488
3570,-1.305265,0.43601966
3571,-1.4155841,0.29779562
3572,-1.3172222,0.26287982
3573,-0.30249238,0.40530992
3574,-1.032285,0.2120427
3575,-1.4087878,0.29885843
3576,-1.4880506,0.33662808
3577,-0.16375953,0.41151413
3578,-1.3209232,0.27194762
3579,-1.3510871,0.23797782
3580,-1.4895598,0.29496482
3581,-1.3997202,0.26418352
3582,-1.2299503,0.2739513
3583,-1.2968946,0.29524454
3584,-1.1482382,0.24025807
3585,-1.6257606,0.3430693
3586,-1.1073345,0.24313915
3587,-1.3293802,0.26865858
3588,-1.2452903,0.23933731
3589,-1.3138376,0.19757244
3590,-1.3813922,0.28367957
3591,-1.2831322,0.29331884
3592,-1.3895066,0.3004395
3593,-1.0007583,0.26693898
3594,-1.4482995,0.35363373
3595,-1.5585241,0.36730576
3596,-1.0795563,0.17616752
3597,-1.2905599,0.28052562
3598,-0.47198948,0.3086184
3599,-1.367,0.2880729
3600,-1.3560976,0.30213332
3601,-1.379424,0.29113877
3602,-1.5592735,0.3345013
3603,-0.69408184,0.5358416
3604,-1.2247328,0.24349606
3605,-1.1644114,0.23189881
3606,-0.6382122,0.41597602
3607,-1.5146046,0.32710585
3608,-1.1088761,0.20640308
3609,-1.4505619,0.31342652
3610,-1.4334892,0.29418895
3611,-1.4863639,0.33399576
3612,-0.5593458,0.3093928
3613,-1.1057171,0.2413993
3614,-1.1621372,0.2786714
3615,-1.513981,0.30098236
3616,-1.0263351,0.18105638
3617,-1.6222783,0.32445908
3618,-0.26199824,0.37993047
3619,-1.3603995,0.31158507
3620,-1.135149,0.22868112
3621,-1.1659569,0.25267908
3622,-1.1747273,0.26943266
3623,-0.49722615,0.39892963
3624,-0.23625973,0.33480993
3625,-1.1752183,0.23480187
3626,-1.0946141,0.23574358
3627,-1.4517552,0.31198144
3628,-1.3823966,0.31665608
3629,-1.4197892,0.32009792
3630,-1.2757682,0.2581293
3631,-0.7505368,0.43599898
3632,-1.2206055,0.28395736
3633,-1.1742772,0.24119145
3634,-1.2034798,0.23181687
3635,-1.4106898,0.29731902
3636,-1.3745807,0.2688511
3637,-1.4397281,0.3225343
3638,-1.6160351,0.40173087
3639,-1.2354357,0.2892069
3640,-1.1071341,0.19487038
3641,-1.1036389,0.24726097
3642,-1.366165,0.30456957
3643,-0.21447325,0.37484488
3644,-1.4280596,0.30057776
3645,-1.0970172,0.23630573
3646,-1.1291473,0.27109513
3647,-1.4276896,0.31027627
3648,-1.27021,0.27290785
3649,-0.38868245,0.5428703
3650,-1.5430934,0.33228242
3651,-1.4490103,0.33794284
3652,-1.1587441,0.22435048
3653,-1.4017686,0.30590105
3654,-1.6104712,0.34124643
3655,-0.4500382,0.37112865
3656,-1.0358534,0.23336293
3657,-1.299182,0.2569228
3658,0.2311154,1.2602755
3659,-1.595767,0.34745762
3660,-1.64995,0.35582337
3661,-1.291253,0.25273147
3662,-1.4441719,0.28474343
3663,-1.3386134,0.2993657
3664,-1.31722,0.2920606
3665,-1.1941977,0.24578178
3666,-1.2516552,0.2523577
3667,-1.1404408,0.23360913
3668,-1.4340786,0.28488594
3669,-1.2914191,0.27688465
3670,-1.2185814,0.30269307
3671,-1.1478503,0.25053373
3672,-1.2171718,0.2750389
3673,0.24955504,1.0883809
3674,-1.3408453,0.26064995
3675,-1.3581281,0.27117497
3676,-1.6288265,0.3477347
3677,-1.1736896,0.25262848
3678,-1.2782724,0.2631033
3679,-1.3412185,0.30830976
3680,-1.3878969,0.3084478
3681,-1.357451,0.2925604
3682,-1.3850527,0.356033
3683,-0.36498097,0.31507012
3684,-1.6011536,0.35263476
3685,-1.2014481,0.2603687
3686,-1.3756771,0.2746566
3687,-1.174895,0.20911035
3688,-1.4130174,0.29428366
3689,-1.5401914,0.28604338
3690,-1.0933982,0.22299738
3691,-0.54898846,0.45803028
3692,-0.21089906,0.37675193
3693,-1.4056098,0.30792165
3694,-1.0644989,0.2199103
3695,-1.2036042,0.26907936
3696,-1.0631584,0.24123159
3697,-1.3618975,0.32817358
3698,-1.4972823,0.2851748
3699,-1.4416252,0.32644954
3700,-1.4733421,0.347145
3701,-1.2219139,0.23821741
3702,-1.3744664,0.2813163
3703,-1.0423179,0.21229969
3704,-1.4439232,0.32680434
3705,-1.3852786,0.29390493
3706,-1.6255413,0.34486756
3707,-1.2937795,0.26443854
3708,-1.3284647,0.27670327
3709,-1.115603,0.24052523
3710,-0.12650873,0.5770806
3711,-1.1464998,0.23583658
3712,-1.2486967,0.25991595
3713,-0.41305628,0.56834716
3714,-1.2959243,0.2503599
3715,0.021013146,0.42341825
3716,-1.410702,0.2851196
3717,-1.6619942,0.38669702
3718,-1.2222524,0.29036865
3719,-1.4146949,0.3124433
3720,-1.3993431,0.3176864
3721,-0.20057058,0.527573
3722,-1.2552391,0.30571702
3723,-1.5298688,0.31733853
3724,-1.1349726,0.21164022
3725,-1.7231826,0.3390915
3726,-1.4330057,0.31178266
3727,-1.1649332,0.23228443
3728,-0.7504255,0.80141276
3729,-1.4261402,0.2923141
3730,-0.2831951,0.30913332
3731,-1.3620282,0.2682651
3732,-1.3388027,0.29092902
3733,-0.05749523,1.3766376
3734,-1.0827174,0.21572016
3735,-0.9672985,0.20352149
3736,-0.5129342,0.38485405
3737,-1.1316755,0.24860683
3738,-1.4244488,0.28102162
3739,-1.4486758,0.30389366
3740,-0.3508876,0.28592563
3741,-1.2137507,0.25527662
3742,-1.4266185,0.34193754
3743,-1.4256485,0.32109204
3744,-1.3083444,0.25902167
3745,-1.4047657,0.31049687
3746,-1.2196593,0.25850648
3747,-1.3511264,0.30962008
3748,-1.2610545,0.28527486
3749,-1.0776341,0.24163096
3750,-1.3741876,0.33106545
3751,-0.9956327,0.1969872
3752,-1.182976,0.24717076
3753,-0.23177554,0.34420702
3754,-1.3329796,0.24615318
3755,-1.3866733,0.26943085
3756,-1.4635646,0.30993178
3757,-1.2029059,0.25152162
3758,-1.2401159,0.24954243
3759,-1.4178141,0.280211
3760,-1.3655279,0.30457294
3761,-1.1423694,0.23682684
3762,-1.4427919,0.30203384
3763,-1.304219,0.24796584
3764,-1.2412417,0.25830206
3765,-1.2914121,0.29482982
3766,-0.14388424,0.27138472
3767,-1.2890339,0.28528666
3768,-0.87221986,0.39444143
3769,-0.9954031,0.21014032
3770,-1.1562026,0.24221964
3771,-0.06837534,0.47856033
3772,-1.3702114,0.27603254
3773,-1.3880699,0.2968846
3774,-1.127331,0.23525578
3775,-1.1630559,0.26616806
3776,-1.2815846,0.2435617
3777,-1.4877765,0.3369351
3778,-1.3847688,0.2958199
3779,-1.1953506,0.24163653
3780,-1.1244314,0.2122725
3781,-1.4201248,0.31593537
3782,-1.2774109,0.2834076
3783,-1.0599362,0.2214736
3784,-1.2625121,0.28300485
3785,-1.228606,0.31897122
3786,-1.3308957,0.27039188
3787,-1.341945,0.29029936
3788,-0.11878071,0.61903375
3789,-0.5640834,0.45414823
3790,-1.383942,0.33415183
3791,-0.964406,0.20475301
3792,-1.4579486,0.31699795
3793,-0.45355228,0.3704975
3794,-1.2285463,0.26200598
3795,-1.2075323,0.252967
3796,-1.3484734,0.33269644
3797,-1.3471218,0.2847433
3798,-1.0576417,2.003266
3799,-1.227546,0.27016932
3800,-1.1813854,0.31389913
3801,-1.2392405,0.25726062
3802,-1.3300234,0.30045632
3803,-1.1912619,0.23235199
3804,-1.6265806,0.37813458
3805,-1.4976002,0.32471216
3806,-1.1431578,0.24971914
3807,-0.5012481,0.37248054
3808,-0.3786947,0.36913434
3809,-1.3551172,0.31166556
3810,-1.2049237,0.30078003
3811,-1.3162352,0.26181886
3812,-1.728135,0.3809491
3813,-1.2606901,0.24069756
3814,-1.29883,0.2755573
3815,-1.274303,0.3069949
3816,-1.0835314,0.3439666
3817,-1.1697004,0.24625099
3818,-1.29707,0.2506333
3819,-1.3306217,0.28019547
3820,-1.370304,0.31014848
3821,-0.75577426,0.17177565
3822,-0.39659435,0.31934464
3823,-1.3841599,0.2907903
3824,-1.3743787,0.26600638
3825,-1.546472,0.35532424
3826,-1.4261863,0.3066233
3827,-1.2306494,0.25030583
3828,-1.2365887,0.25808093
3829,-1.611689,0.32702762
3830,-1.3750432,0.2787625
3831,-1.167803,0.24991706
3832,-1.2468201,0.23419926
3833,-1.1425098,0.26791358
3834,-1.3603396,0.28156257
3835,-1.5409552,0.3000673
3836,-1.2932938,0.2791138
3837,-0.24754348,0.38955545
3838,-1.508886,0.32744575
3839,-1.2168378,0.2714792
3840,-1.3826549,0.28813848
3841,-1.3010135,0.26470244
3842,-1.4316565,0.27136838
3843,-1.5889575,0.3226372
3844,-0.08709256,0.34394437
3845,-1.102218,0.23606132
3846,-1.659369,0.33748925
3847,-1.2661306,0.26998952
3848,-1.3618108,0.29777798
3849,-1.2377313,0.266609
3850,-1.1999763,0.26406533
3851,-1.1889089,0.25044048
3852,-1.148313,0.2656758
3853,-1.2020142,0.25249693
3854,-1.3644185,0.26896545
3855,-1.3611907,0.26609722
3856,-1.4341118,0.30492648
3857,-1.1890625,0.24895276
3858,-1.2183231,0.25173032
3859,-1.0090204,0.21163033
3860,-1.37148,0.27898455
3861,-1.2067391,0.25934222
3862,-1.0279348,0.22320849
3863,-0.39310116,0.50645703
3864,-1.1761764,0.23418759
3865,0.061933734,0.33301535
3866,-1.2370675,0.24519455
3867,-1.3340927,0.28428826
3868,-1.1967119,0.23683286
3869,-1.3557683,0.2881269
3870,-1.4095204,0.31228134
3871,-1.4680582,0.30379596
3872,-1.2394907,0.24186149
3873,-1.3935778,0.29405752
3874,-1.3645881,0.2614305
3875,-1.5379251,0.3290063
3876,-1.1598328,0.25233567
3877,-1.6216856,0.31090268
3878,-1.2514228,0.26155838
3879,-1.3349649,0.26104632
3880,-0.23929638,0.35678554
3881,-1.3431673,0.25911823
3882,-1.3048643,0.25028372
3883,-0.9927031,0.21414036
3884,-1.5656569,0.3429915
3885,-1.0673102,0.2182824
3886,-1.5077536,0.31709114
3887,-1.3684956,0.30558157
3888,-1.4585928,0.31129733
3889,-1.2945335,0.28214285
3890,-0.41833544,0.2923927
3891,-1.3161447,0.24436557
3892,-1.3511945,0.26640078
3893,-0.3519196,0.42552742
3894,-1.3228666,0.2820528
3895,-1.3314021,0.24595807
3896,-1.3951132,0.3093937
3897,-1.3406727,0.2562854
3898,-1.5520067,0.27792457
3899,-0.43427414,0.27943155
3900,-1.1485933,0.25799486
3901,-0.19607028,0.38627294
3902,-1.0874497,0.2451764
3903,-1.1605428,0.2458323
3904,-1.2893568,0.28417075
3905,-1.0423853,0.21583903
3906,-1.2162346,0.25336248
3907,-1.3349421,0.3003765
3908,-0.60295516,0.43078774
3909,-1.3894837,0.30199695
3910,-1.1554723,0.26055482
3911,-1.1323309,0.2521545
3912,-1.3912783,0.26868477
3913,-1.3571233,0.26374388
3914,-1.1013598,0.21855088
3915,-1.48458,0.31647173
3916,-1.3640186,0.25419715
3917,-1.1546965,0.27123865
3918,-1.1028169,0.22890238
3919,-1.2730078,0.2653628
3920,-1.4349922,0.27225426
3921,-1.0469435,0.2123664
3922,-1.3235115,0.28776726
3923,-1.4440795,0.29828897
3924,-0.4605122,0.42904314
3925,-1.3363976,0.27034006
3926,-1.1019373,0.24681056
3927,-1.3196052,0.24652678
3928,-1.2083657,0.2583848
3929,-1.1185408,0.26880637
3930,-1.2547436,0.25725412
3931,-1.3980534,0.28695992
3932,-1.0487899,0.2369551
3933,-1.1315507,0.24774708
3934,-1.6274694,0.36686933
3935,-1.4576205,0.33920738
3936,-1.4306539,0.2726058
3937,-1.2993479,0.23728561
3938,-1.1551023,0.2569726
3939,-1.1164058,0.23414327
3940,-1.2217431,0.2566426
3941,-1.363072,0.2708308
3942,-1.2215059,0.24231556
3943,-1.4222041,0.29006213
3944,-1.2966819,0.31518763
3945,-0.23850189,0.22969982
3946,-1.3479538,0.2107649
3947,-1.1616038,0.23747244
3948,-1.2545592,0.24080141
3949,-1.4340341,0.30067205
3950,-1.4934227,0.30015755
3951,-1.5467477,0.3189125
3952,-1.4242178,0.3269517
3953,-1.157875,0.27926973
3954,-1.2852993,0.2854991
3955,-1.3203112,0.29737782
3956,-1.3689206,0.26279718
3957,-1.3048958,0.29216987
3958,-1.3442372,0.2605932
3959,-1.4609575,0.3210292
3960,-1.5776856,0.33383518
3961,-1.1964301,0.24015456
3962,-1.1766909,0.2594784
3963,-0.13060747,0.34489185
3964,-1.3567717,0.27416238
3965,-1.3944205,0.28826332
3966,-1.0375671,0.24214531
3967,-1.0588423,0.23136951
3968,-1.2151664,0.24408437
3969,-1.0490706,0.20879754
3970,-1.3468907,0.2596694
3971,-1.2167413,0.2577805
3972,-1.4069593,0.31828347
3973,-0.10329505,0.545849
3974,-1.6694369,0.35260502
3975,-1.5255592,0.34166124
3976,-1.4489789,0.34535146
3977,-1.2105076,0.27111903
3978,-1.4031028,0.30575562
3979,-1.2608082,0.26933017
3980,-1.2766948,0.25552437
3981,-0.266997,0.38818815
3982,-1.5270574,0.3276114
3983,-1.4440848,0.2982523
3984,-1.2163302,0.23507409
3985,-1.3877695,0.2774063
3986,-1.5378753,0.31181255
3987,-1.2119273,0.2579031
3988,-1.1064014,0.2502629
3989,-1.1668526,0.24726921
3990,-1.3113925,0.27785304
3991,-1.3024396,0.25164908
3992,-1.1687001,0.24364056
3993,-1.3555769,0.29592305
3994,-0.29721865,1.3230556
3995,-1.4333965,0.3040233
3996,-1.2808461,0.27148998
3997,-0.5393326,0.39645693
3998,-1.1863114,0.22789018
3999,-1.4375081,0.3272098
4000,-1.3031964,0.24223955
4001,-0.19595301,0.7340655
4002,-1.5362358,0.32485348
4003,-1.4062024,0.28757602
4004,-1.4417374,0.297992
4005,-1.5245168,0.35671693
4006,-1.13441,0.22284
4007,-1.5052648,0.35389054
4008,-1.4309254,0.31168997
4009,-1.0535462,0.23303787
4010,-1.0349083,0.20874831
4011,-1.1243081,0.22967748
4012,-1.5950265,0.35323265
4013,-1.3533015,0.25959972
4014,-1.0453308,0.2432393
4015,-1.2345273,0.26889917
4016,-0.1229414,0.4931975
4017,-1.4063017,0.3063937
4018,-1.3995494,0.30199215
4019,-0.15477084,0.37775972
4020,-1.3867809,0.31092656
4021,-1.2401668,0.29074284
4022,-0.09453151,0.43292186
4023,-1.1623287,0.26548988
4024,-1.0187207,0.19415893
4025,-1.1429033,0.24814259
4026,-0.2310167,0.26837623
4027,-0.61268854,0.4851789
4028,-1.3274094,0.25760043
4029,-1.2908305,0.30538154
4030,-1.481154,0.29074603
4031,-0.37291056,0.42156073
4032,-0.3511671,0.28659675
4033,-1.1618237,0.21679604
4034,-1.1039413,0.24016076
4035,-1.1175694,0.27385643
4036,-1.3996685,0.28877
4037,-1.2945384,0.23538779
4038,-1.6687088,0.37991565
4039,-1.3837756,0.31477797
4040,-1.2029542,0.23429735
4041,-1.1650676,0.32559827
4042,-1.4711798,0.2846252
4043,-1.3023634,0.2965117
4044,-1.2571975,0.27507317
4045,-1.14523,0.25446737
4046,-0.28921363,0.6337423
4047,-1.3433137,0.2866305
4048,-1.2138166,0.24450195
4049,-1.5074944,0.33255553
4050,-1.4724638,0.3439504
4051,-0.43920356,0.6114895
4052,-1.3744621,0.30692536
4053,-1.3446364,0.30995768
4054,-1.4275013,0.27294225
4055,-1.1856259,0.24685489
4056,-1.1616528,0.24347131
4057,-1.4513611,0.3146502
4058,-1.3010821,0.25376415
4059,-1.0844017,0.2726902
4060,-0.30861259,0.47700825
4061,-1.5259753,0.28392294
4062,-0.56525326,0.6902491
4063,-1.379078,0.27040723
4064,-1.3078336,0.25648144
4065,-1.5144401,0.29759532
4066,-1.2495501,0.2578541
4067,-0.33363807,0.2551371
4068,-1.3922436,0.2887657
4069,-1.3541772,0.32249355
4070,-1.2579921,0.2645244
4071,-1.171922,0.23427616
4072,-1.2581127,0.25707218
4073,-1.4126081,0.29615542
4074,-1.3189383,0.28450203
4075,-1.2016591,0.2622601
4076,-1.4814227,0.34482303
4077,-1.2129738,0.27125332
4078,-1.3873541,0.2723152
4079,-1.4738026,0.3326906
4080,-1.472039,0.28385332
4081,-1.3789587,0.3018836
4082,-1.2970995,0.2652363
4083,-1.2643884,0.29199573
4084,-1.5046417,0.27757558
4085,-1.3675013,0.30340084
4086,-1.4137154,0.273573
4087,-1.4566146,0.29657763
4088,-1.288609,0.24210258
4089,-1.1196549,0.26428595
4090,-1.368016,0.29090458
4091,-1.246184,0.2793446
4092,-1.5792,0.32645613
4093,-1.2505656,0.2542509
4094,-1.3698057,0.28837252
4095,-1.207966,0.30560255
