,mean,sd
0,-1.41277,0.15200709
1,-0.14015591,0.3967483
2,-1.3138945,0.2821496
3,-1.508009,0.30752063
4,-2.0065305,0.30391625
5,-2.002078,0.30831
6,-1.7196022,0.2670317
7,-1.3952458,0.2023266
8,-1.6501044,0.32339117
9,-1.9360933,0.34744033
10,-1.7482402,0.2952814
11,-1.4837568,0.25234768
12,-1.786178,0.32249492
13,-1.8036568,0.33575892
14,-1.856377,0.33074912
15,-1.9115754,0.34735367
16,-1.6151974,0.299991
17,-1.3650794,0.19192024
18,-1.9611486,0.33232945
19,-1.8674785,0.37338072
20,-0.30417222,0.5231045
21,-1.6841294,0.33168924
22,-0.25965863,0.230945
23,-2.015021,0.36081925
24,-1.653768,0.289636
25,-1.5189598,0.3086221
26,-2.0032575,0.3642961
27,-1.7054195,0.3129488
28,-1.8607718,0.3085021
29,-1.71848,0.28077066
30,-2.0075707,0.38107884
31,-1.3187733,0.23403092
32,-1.5340886,0.2769352
33,-1.7820101,0.2656617
34,-2.0723429,0.35948426
35,-1.8191658,0.2718256
36,-1.5573397,0.2805293
37,-1.4957802,0.1812588
38,-1.4467447,0.23312312
39,-1.7477552,0.39175618
40,-0.3674322,0.3418793
41,-1.8728188,0.31157705
42,-1.8329134,0.31781468
43,-1.605942,0.28059268
44,-1.8680723,0.3605831
45,-1.7624463,0.3869419
46,-1.5138737,0.29426715
47,-2.248133,0.36767152
48,-1.5337713,0.25514704
49,-1.8352677,0.31867698
50,-1.7096645,0.38403672
51,-1.5929381,0.31709805
52,-0.39680147,0.37642795
53,-1.3665149,0.2714215
54,-1.6579622,0.2863682
55,-1.7282608,0.30425504
56,-1.5624701,0.27055696
57,-1.863025,0.3062692
58,-1.495803,0.21609244
59,-1.3612522,0.25349396
60,-1.6556433,0.33134332
61,-1.7766529,0.33063272
62,-1.739879,0.33037895
63,-1.5697653,0.2942566
64,-1.2769763,0.30513096
65,-1.1100174,0.1516915
66,-1.5996469,0.278524
67,-1.5666977,0.3242607
68,-1.4985632,0.24670413
69,-1.5966552,0.26404387
70,-1.6014977,0.27852067
71,-1.3683144,0.24980673
72,-1.7431259,0.30704367
73,-0.48555788,0.5889965
74,-1.4901049,0.32485458
75,-1.4746426,0.28694752
76,-1.4927963,0.25617576
77,-2.123473,0.41820246
78,-1.7161903,0.3176371
79,-1.9605638,0.32427213
80,-1.5077368,0.19474739
81,-1.9731623,0.377124
82,-1.8791344,0.30569384
83,-1.8204184,0.31044295
84,-1.7071989,0.3839273
85,-1.9465603,0.3258978
86,-0.15235113,0.355272
87,-1.3172257,0.19939369
88,-0.18036963,0.24390835
89,-1.5216819,0.27930638
90,-1.6080052,0.2628634
91,-1.9511375,0.33834127
92,-1.5420457,0.2701038
93,-1.8346415,0.30604914
94,-1.9886672,0.39926463
95,-1.9585454,0.37350118
96,-1.7578218,0.33891627
97,-1.6126221,0.2620661
98,-1.5844193,0.25154078
99,-1.8575258,0.30806828
100,-1.5004702,0.29780865
101,-1.3620799,0.17011122
102,-2.0236025,0.4080211
103,-1.6786076,0.24900028
104,-1.7235802,0.32827628
105,-1.6002911,0.2814939
106,-1.3840213,0.24703884
107,-1.8680751,0.39154577
108,-1.4418244,0.3522592
109,-1.7277611,0.30796283
110,-1.6544187,0.2865084
111,-1.8587447,0.2988276
112,0.07437867,0.39770278
113,-1.5314442,0.32819647
114,-1.6913587,0.21751623
115,-1.5600784,0.27963883
116,-0.6442835,1.0217829
117,-2.0780165,0.3826616
118,0.0335966,0.57554215
119,-2.0065384,0.3648103
120,-1.9493976,0.36829358
121,-0.25763467,0.33547187
122,-1.8969871,0.36585104
123,-1.3826852,0.27601868
124,-1.2764107,0.18144946
125,-1.3497249,0.24908754
126,-1.1092947,2.8385968
127,-0.18742028,0.34656593
128,-1.8481873,0.30723158
129,-1.9683164,0.2909125
130,-1.8957473,0.3418414
131,-1.7941034,0.24559349
132,-1.9976223,0.34107712
133,-1.4223101,0.2946
134,-1.8038112,0.28515467
135,-1.9355891,0.348248
136,-0.44908687,0.55833185
137,-2.290661,0.36258435
138,-1.6238468,0.28958422
139,-1.7582135,0.29625088
140,-1.971247,0.34455466
141,-1.4078269,0.23032513
142,-1.832268,0.3120945
143,-1.6437839,0.273547
144,-1.5674067,0.3176175
145,-1.9212254,0.37492
146,-1.9815947,0.33789766
147,-1.8115996,0.33487707
148,-1.8123485,0.3287145
149,-1.8820977,0.36917704
150,-1.5364698,0.2627041
151,-1.8184645,0.26924646
152,-1.619753,0.27968594
153,-1.6025957,0.3000217
154,-1.667315,0.30830216
155,-2.1965003,0.34369168
156,-1.5959136,0.22504784
157,-1.3866321,0.22352609
158,-1.5650749,0.28950235
159,-1.915349,0.36925486
160,-1.5011557,0.21861224
161,-0.30667382,0.33344564
162,-1.2835395,0.25041324
163,-1.7596141,0.2876938
164,-1.3560196,0.1823107
165,-1.7810647,0.25709006
166,-1.0059903,0.17551675
167,-1.7492849,0.25669995
168,-1.4208175,0.23875934
169,-1.8865631,0.30930525
170,-0.44144043,0.3201462
171,-1.3962183,0.2560896
172,-1.9871762,0.28630248
173,-1.6563818,0.31796777
174,-1.7640113,0.29746154
175,-1.9283385,0.3265887
176,-1.8321003,0.30851117
177,-1.6354365,0.31094134
178,-1.7294321,0.3024413
179,-1.3643422,0.22026369
180,-1.8430581,0.35460368
181,-1.5770622,0.23014331
182,-1.6834413,0.2811858
183,-1.625166,0.30166066
184,-1.6368428,0.23488168
185,-1.7635117,0.27201658
186,-1.731658,0.27309108
187,-1.7003748,0.34812742
188,-1.5953633,0.26490703
189,-1.6773494,0.26359794
190,-1.64276,0.3295464
191,-1.7876285,0.3170535
192,-0.26964304,0.250602
193,-1.509621,0.15823796
194,-2.0436356,0.29073206
195,-1.539247,0.26976427
196,-1.5483727,0.31076476
197,-1.9640318,0.31196874
198,-2.1867025,0.32360607
199,-1.6544472,0.24341775
200,-0.15069689,0.22701202
201,-1.4136409,0.2997057
202,-1.8374399,0.3048616
203,-1.7437955,0.28000498
204,-1.3776652,0.24946035
205,-1.7163917,0.28742182
206,-1.728096,0.34676823
207,-1.9616511,0.3597337
208,-1.4242994,0.26897153
209,-1.953571,0.32487956
210,-1.5694658,0.33579883
211,-1.6639233,0.30330548
212,-1.7218442,0.2987805
213,-2.0169866,0.45128605
214,-1.7872667,0.25390464
215,-1.5542079,0.3212922
216,-2.1388898,0.3582727
217,-2.1121118,0.34043008
218,-2.027932,0.37853646
219,-0.18801561,0.30095503
220,0.063392304,0.30674425
221,-1.4021393,0.29461855
222,-1.6010666,0.2220017
223,-1.6698635,0.3152292
224,-0.08200553,0.28319407
225,-0.14908172,0.26266706
226,-1.9287654,0.33548695
227,-1.982332,0.42474034
228,-2.00831,0.44906867
229,-1.5986943,0.25366777
230,-1.8729867,0.3006184
231,-1.7871155,0.30242506
232,-1.8850007,0.43847626
233,-1.5288491,0.30590323
234,-1.8567556,0.27803114
235,-1.8402807,0.41750357
236,-1.7691076,0.28538492
237,-1.3490702,0.20064025
238,-2.071326,0.37130097
239,-1.5391283,0.29358646
240,-1.7028887,0.29032004
241,-2.0466561,0.31880003
242,-0.39666444,0.5338679
243,-1.7078693,0.2585683
244,-0.17119287,0.351281
245,-0.23477173,0.3607634
246,-1.5806863,0.27975222
247,-1.6106721,0.2836381
248,-1.9477477,0.3877814
249,-1.8070531,0.36273974
250,-1.957093,0.33756307
251,-2.0693858,0.35195786
252,-1.2624862,0.1531612
253,-1.7561556,0.3272588
254,-1.6520144,0.28746268
255,-1.5266612,0.29122922
256,-0.42779624,0.24548537
257,-1.5028763,0.20978922
258,-1.0166868,0.1465906
259,-1.4382046,0.21927951
260,-1.7720094,0.33415174
261,-2.1462934,0.32893944
262,-1.6005391,0.24210988
263,-1.6719412,0.3186568
264,-1.743096,0.3774466
265,-1.8903284,0.3449643
266,-1.5808024,0.2926929
267,-1.8020557,0.29867586
268,-0.15857172,0.36269307
269,-1.5717999,0.27860934
270,-1.9544313,0.32803807
271,-1.6959293,0.2828462
272,-1.9678986,0.38535926
273,-1.7806379,0.26373494
274,-1.8760307,0.35238588
275,-1.626868,0.28892115
276,-1.5690582,0.35169944
277,-1.7398542,0.27898538
278,-1.2485063,0.18102716
279,-1.6829013,0.28813335
280,-1.8437371,0.33844447
281,-1.6230233,0.30171916
282,-1.5220743,0.2549236
283,-1.5392228,0.24448392
284,-0.35486647,0.46200567
285,-1.1901488,0.19649193
286,-1.588146,0.3031193
287,-1.8258467,0.31057325
288,-1.9219657,0.32831195
289,-1.8825066,0.37376112
290,-1.4937993,0.2846277
291,-0.4204029,0.34714112
292,-1.9976184,0.38573363
293,-2.1411035,0.34961152
294,-1.3910034,0.22646
295,-1.3515208,0.2393823
296,-1.6306233,0.22310968
297,-2.0428,0.35745248
298,-1.8449528,0.3255617
299,-1.4226353,0.26385653
300,-1.7248048,0.31932208
301,-1.7889767,0.26186925
302,-1.9198208,0.3311911
303,-1.8442427,0.31682196
304,-1.931971,0.28372198
305,-1.4060334,0.29070902
306,-1.4715923,0.21058418
307,-1.6343349,0.28088048
308,-0.38372046,0.54069364
309,-1.7957386,0.37909243
310,-1.8102456,0.36610076
311,-1.7923446,0.33280566
312,-0.37030676,0.42735067
313,-1.81257,0.2896452
314,-1.6251888,0.30765384
315,-1.7940071,0.27612996
316,-1.781169,0.29224434
317,-1.5658711,0.28556186
318,-1.1701105,0.17798896
319,-1.7943363,0.32456753
320,-1.6213319,0.3513667
321,-1.6908965,0.34002036
322,-1.5728933,0.29666096
323,-1.3074982,0.18041793
324,-1.5773126,0.28455427
325,-1.6496099,0.30206975
326,-1.4788733,0.21803369
327,-1.8557032,0.37772942
328,-1.69476,0.2844333
329,-1.6014224,0.36083803
330,-1.5205101,0.25113997
331,-0.22828937,0.25018385
332,-1.2402332,0.23790674
333,-1.6901847,0.29679707
334,-1.7944688,0.3268848
335,-1.4324601,0.30510154
336,-1.3346703,0.18994592
337,-1.8170975,0.34194335
338,-1.618617,0.28096923
339,-0.2887628,0.34433192
340,-1.7625663,0.325515
341,-1.7497876,0.2522813
342,-1.6049604,0.21254641
343,-1.682478,0.2746641
344,-1.4119627,0.19514292
345,-1.466757,0.23633672
346,-1.5933267,0.27358788
347,-1.9546388,0.31741646
348,-1.5793928,0.29335728
349,-1.7505782,0.26997232
350,-2.183096,0.4429868
351,-1.810388,0.33079088
352,-1.4538958,0.30890498
353,-1.555277,0.28028607
354,-1.4711498,0.24232712
355,-1.7350428,0.2820319
356,-1.5740935,0.24808294
357,-1.9424481,0.32029232
358,-1.2869315,0.20027463
359,-1.7470102,0.3113162
360,-1.633676,0.33255425
361,-1.3417634,0.18382028
362,-1.7562071,0.3442902
363,-1.7880722,0.3253895
364,-1.614071,0.28891253
365,-1.4831203,0.26705083
366,-2.2530448,0.38679165
367,-1.2320178,0.14861163
368,-1.516266,0.2229436
369,-1.6026502,0.2941547
370,-1.6572733,0.30391023
371,-1.6038125,0.26349938
372,-1.8467698,0.2810407
373,-1.6977477,0.26205298
374,-1.5761888,0.2608927
375,-1.8911122,0.33397096
376,-0.15648694,0.30438858
377,-1.5587742,0.25049213
378,-1.6211617,0.28964806
379,-0.66525215,0.32905576
380,-1.6260967,0.33256003
381,-1.9500959,0.3030598
382,-1.88074,0.3712649
383,-1.7764755,0.29941934
384,-0.34300286,0.4552237
385,-1.9742534,0.28460354
386,-1.5646011,0.3159639
387,-1.7655029,0.34734342
388,-1.6045345,0.3037376
389,-1.3768761,0.23239991
390,-1.8286451,0.30815783
391,-1.927308,0.26767835
392,-2.1775532,0.38340783
393,-1.8308913,0.3521987
394,-1.4655573,0.25322053
395,-0.46883515,0.5840314
396,-1.9691525,0.4343834
397,-1.5972056,0.29760635
398,-2.113337,0.31709796
399,-1.7801688,0.3539196
400,-2.2716982,0.38868
401,-1.8651055,0.37345952
402,-1.1292921,0.21592298
403,-1.7709315,0.34571546
404,-1.4767753,0.25389197
405,-0.6156341,0.32889697
406,-1.808363,0.32797042
407,-1.8563075,0.29215828
408,-1.7301404,0.2856638
409,-0.31114575,0.27855593
410,-1.7211487,0.401623
411,-1.4114403,0.2583101
412,-2.0842276,0.36104676
413,-1.9893956,0.37191412
414,-1.7430788,0.3422285
415,-1.6087979,0.25722492
416,-1.4704065,0.19263814
417,-1.3771279,0.19899754
418,-1.8958983,0.39740714
419,-1.4490767,0.25685516
420,-1.8130612,0.34858826
421,-1.8092041,0.34858206
422,-1.8936657,0.41035315
423,-0.17040914,0.3169865
424,-1.4667544,0.22029659
425,-1.7720393,0.27634215
426,-1.6903394,0.3363125
427,-1.7280062,0.28048253
428,-1.5978622,0.28548473
429,-1.6795286,0.25092041
430,-2.0409148,0.41968727
431,-1.9197437,0.32468355
432,-1.677178,0.36991644
433,-1.7200837,0.278908
434,-1.5180368,0.32548785
435,-1.6456364,0.3195275
436,-1.5726123,0.25797167
437,-1.8257362,0.3490672
438,-1.4101182,0.20985968
439,-1.4807953,0.25933346
440,-1.3748375,0.1952205
441,-2.0201268,0.3879775
442,-2.0133977,0.34887797
443,-2.1073434,0.42517728
444,-2.3473427,0.4353219
445,-1.4519529,0.2608334
446,-1.6777635,0.32880282
447,-1.5564291,0.276096
448,-1.4104407,0.2322967
449,-1.785952,0.3278063
450,-1.3185577,0.18041305
451,-1.857924,0.37712485
452,-2.0161436,0.3672725
453,-1.8275775,0.3445917
454,-1.7741256,0.3202462
455,-1.8721426,0.4134622
456,-1.5506065,0.25110188
457,-1.81095,0.362331
458,-1.6546696,0.30688152
459,-0.09526091,0.47088248
460,-1.7923832,0.31167164
461,-0.4122028,0.36670053
462,-0.10284782,0.9853494
463,-0.28989804,0.44429412
464,-1.6690521,0.28090143
465,-1.7885422,0.26343113
466,-1.5248764,0.2773536
467,-1.1526308,0.16529092
468,-1.6888404,0.25751173
469,0.011159241,0.2895809
470,-1.5150236,0.29046258
471,-1.4958017,0.22990423
472,-1.881139,0.30135778
473,-1.5084414,0.26955146
474,-1.7528709,0.2656154
475,-1.606024,0.24527135
476,-1.7399302,0.35194692
477,-1.758359,0.33819693
478,-1.4914936,0.27493265
479,-2.030478,0.34528175
480,-1.8300432,0.36039716
481,-1.5552132,0.27139476
482,-1.483371,0.27126172
483,-0.08379791,0.33029655
484,-1.6854606,0.2486989
485,-1.3849868,0.2408539
486,-1.8105549,0.33205354
487,-1.5027177,0.30887192
488,-2.061707,0.40244466
489,-2.0104382,0.38210666
490,-1.5370536,0.24850377
491,-1.4597569,0.2623844
492,-1.6920546,0.29060978
493,-2.2070432,0.42613903
494,-1.5179815,0.22638085
495,-1.4024146,0.264855
496,-2.1994288,0.35936207
497,-0.37025264,0.4044071
498,-1.7316177,0.26635036
499,-1.532415,0.3251321
500,-1.5382801,0.2913704
501,-0.29250097,0.54887366
502,-1.0951444,0.1622836
503,-1.879873,0.33951926
504,-1.9556715,0.32938373
505,-1.412949,0.24251105
506,-1.7443907,0.29907805
507,-1.5051312,0.23639429
508,-2.0260618,0.42177266
509,-1.386936,0.24049164
510,-1.7719312,0.32025707
511,-1.6860057,0.34033182
512,-1.6768901,0.30677104
513,-1.9929537,0.3632851
514,-0.21392652,0.40492013
515,-0.32948172,0.47645932
516,-1.8055124,0.359942
517,-0.5343261,0.58313507
518,-1.953764,0.41403872
519,-2.1094875,0.43639794
520,-1.6083653,0.24362975
521,-1.8345475,0.30895498
522,-1.8624041,0.3140113
523,-0.52085906,0.48225412
524,-0.5541873,0.3596402
525,-1.2538277,0.25738338
526,-2.0604298,0.38898224
527,-0.24491473,0.2660189
528,-1.4473144,0.25554344
529,-1.3206148,0.22609878
530,-1.9882852,0.32129478
531,-0.34565887,0.24528556
532,-1.5742986,0.2948062
533,-2.195348,0.37591898
534,-1.9632053,0.36573666
535,-1.8451579,0.31433287
536,-1.8546387,0.29082993
537,-1.6471685,0.35111988
538,-1.8871145,0.28373194
539,-1.1998241,0.23350284
540,-2.1000574,0.4320704
541,-1.5975128,0.3178845
542,-1.7403828,0.2974735
543,-1.3744634,0.21326874
544,-1.5647708,0.40327445
545,-1.7812184,0.32732585
546,-1.6200747,0.3091168
547,-1.5240958,0.3078288
548,-1.7282376,0.3353275
549,-1.9795513,0.37789536
550,-1.9001471,0.276542
551,-1.5899546,0.34211227
552,-1.7667824,0.31314588
553,-1.6029367,0.23763938
554,-1.927914,0.32160765
555,-1.8202215,0.3626744
556,-2.0604534,0.29495198
557,-1.917269,0.30004033
558,-2.0384178,0.30783027
559,-0.5286235,0.662336
560,-1.4330257,0.25603777
561,-1.3270762,0.20235106
562,-1.4400167,0.2534262
563,-1.7150729,0.31284982
564,-1.611426,0.28786096
565,-1.9859127,0.39685258
566,-1.7794257,0.28952837
567,-1.2997693,0.24653238
568,-1.5495322,0.2703485
569,-1.5188628,0.25124043
570,-1.3633195,0.24324466
571,-1.8642462,0.33522975
572,-1.7595255,0.30948547
573,-1.8670161,0.3363113
574,-1.3167337,0.19559304
575,-1.8892937,0.337407
576,-1.9678409,0.36044487
577,-1.8184674,0.2893016
578,-1.7663476,0.36283737
579,-0.22736794,0.22834441
580,-0.28322652,0.35546577
581,-1.5612423,0.26648542
582,-1.7582254,0.30538785
583,-1.5908262,0.36026376
584,-1.6767666,0.30156443
585,-1.6489563,0.28751406
586,-1.7080911,0.30447236
587,-1.8160702,0.34700027
588,-1.8553171,0.38242596
589,-1.7670699,0.31779513
590,-1.7080537,0.33400762
591,-0.6758078,0.352484
592,-1.6499225,0.28230828
593,-1.6961656,0.31480116
594,0.06998814,0.35391974
595,-1.5699631,0.28513318
596,-0.40386412,0.60936135
597,-1.6431246,0.28053555
598,-0.15219006,0.2432949
599,-1.598249,0.29392496
600,-1.9600469,0.3747253
601,-1.6247028,0.32238048
602,-1.958491,0.3284448
603,-1.8194336,0.30900607
604,-1.9609145,0.31577042
605,-2.0069551,0.40166974
606,-1.5405773,0.23773961
607,-1.6975057,0.3423176
608,-2.0365,0.31464255
609,-1.7283583,0.2696956
610,-1.4243698,0.28526536
611,-1.4987417,0.25346863
612,-1.6397804,0.34164456
613,-0.4165969,0.5501265
614,-1.9441427,0.31156865
615,-1.9402543,0.3425363
616,-2.0845222,0.34056646
617,-1.7259518,0.373475
618,-1.8810564,0.34559327
619,-1.9474531,0.31313282
620,-1.7529055,0.27532828
621,-1.875218,0.34658727
622,-1.3437344,0.24186127
623,-1.6827499,0.29337767
624,-1.7403213,0.31387123
625,-1.7359667,0.31010473
626,-1.6450354,0.28169647
627,-2.0534842,0.30403152
628,-1.7487206,0.32989064
629,-1.5597267,0.2888882
630,-1.374668,0.2584456
631,-1.794926,0.3348348
632,-1.9618332,0.4115139
633,-1.3316208,0.24708946
634,-1.8743215,0.37621075
635,-2.1766095,0.33395076
636,-1.9626515,0.3964861
637,-1.8874234,0.3413766
638,-1.7367464,0.34592342
639,-1.6067257,0.28417245
640,-0.62390274,0.30540085
641,-1.6496537,0.33797184
642,-1.4808457,0.20676576
643,-2.164071,0.4611874
644,-1.6622128,0.2998975
645,-0.01136413,0.5442928
646,-1.5504616,0.2926842
647,-1.8765761,0.32117572
648,-1.7275009,0.3612877
649,-1.512963,0.27048078
650,-1.6612996,0.34541917
651,-1.5950817,0.22030613
652,-1.769357,0.2811741
653,-1.9129206,0.40798417
654,-2.0253365,0.34016097
655,-0.11605957,0.28003412
656,-1.7166018,0.29453522
657,-1.8135419,0.31379953
658,-1.7264562,0.2670156
659,-0.623792,0.31057248
660,-1.4216851,0.22937468
661,-1.60205,0.3210329
662,-1.3169111,0.25721037
663,-1.5704538,0.28614146
664,-1.3408409,0.21452954
665,-1.9323119,0.32674146
666,-1.8756061,0.35110345
667,-1.3273473,0.2724957
668,-1.9588183,0.34395912
669,-1.6066738,0.29411548
670,-1.8553708,0.3082022
671,-1.8327504,0.37076497
672,-2.0401208,0.38905373
673,-1.8351923,0.3814724
674,-1.7945861,0.34149206
675,-0.25529775,0.45131934
676,-1.7055348,0.22762686
677,-0.03183448,0.31662193
678,-1.8847334,0.31834376
679,-0.32050356,0.42110276
680,-1.719366,0.30433875
681,-1.8456992,0.3972069
682,-1.7260702,0.34855822
683,-1.5891323,0.28816247
684,-1.4520831,0.23969145
685,-1.7445517,0.2649243
686,-1.7421867,0.32115388
687,-1.5322214,0.28413463
688,-1.5997611,0.2774463
689,-0.31375572,0.40487096
690,-1.5610223,0.27552345
691,-0.20807368,0.4747585
692,-1.3759882,0.22579221
693,-1.3019041,0.19437057
694,-1.6578076,0.2854566
695,-1.6184272,0.28252375
696,-1.6976295,0.26832187
697,-1.7211595,0.3159546
698,-0.14360654,0.55779564
699,-1.2784384,0.23389941
700,-1.2748966,0.38243863
701,-1.8505006,0.36678752
702,-2.1659608,0.384804
703,-1.8107439,0.33705714
704,-1.5920491,0.25062937
705,-1.6093715,0.32100272
706,-1.5614942,0.33327553
707,-1.5417963,0.23856075
708,-1.7050401,0.30898356
709,-1.8136808,0.31839997
710,-1.9011235,0.31562227
711,-1.7711868,0.32821682
712,-1.8214765,0.3316483
713,-1.5545104,0.27717626
714,-0.17542726,0.3182679
715,-1.7247212,0.2784605
716,-1.6185238,0.30445075
717,-1.9561001,0.38542584
718,-1.5340686,0.28094476
719,-1.6205429,0.24909028
720,-2.1006346,0.40136734
721,-1.721534,0.2934252
722,-1.6584418,0.35808268
723,-1.5087752,0.22170551
724,-1.894297,0.33310717
725,-1.5777942,0.29987797
726,-1.6061169,0.34853348
727,-1.9630436,0.39989254
728,-1.2434409,0.14855821
729,-2.0122948,0.418326
730,-1.4797616,0.22200254
731,-1.6423571,0.297016
732,-1.6437743,0.29013795
733,-2.038037,0.41157508
734,-1.9405723,0.28446952
735,-1.6376493,0.3407419
736,-1.4727684,0.27534184
737,-1.8089391,0.3135029
738,-1.6920533,0.31340733
739,-0.38081416,0.3476369
740,-2.2151954,0.38993743
741,-1.5924187,0.25954473
742,-2.1052322,0.3971603
743,-1.6721859,0.33968943
744,-0.11710788,0.40530068
745,-1.9124058,0.32187095
746,-1.4746827,0.2573664
747,-1.8990226,0.3483328
748,-1.5606642,0.33506522
749,-1.7040123,0.3058656
750,-1.3282133,0.16291992
751,-1.6245856,0.2894458
752,-1.8901109,0.35208538
753,-1.4804388,0.28589967
754,-1.5652559,0.282585
755,-1.7915518,0.32725185
756,-1.747392,0.34208557
757,-1.5895884,0.27375874
758,-1.604778,0.26299793
759,-1.9876318,0.3094163
760,-1.8712132,0.33987117
761,-1.7714632,0.28482416
762,-1.7672818,0.31728148
763,-1.5256438,0.23814112
764,-2.0786905,0.34642994
765,-1.9486849,0.34062272
766,-1.6159345,0.24362986
767,-2.0446413,0.46858662
768,-2.3598273,0.38123435
769,-0.19636065,0.49906433
770,-1.9263221,0.31787613
771,-1.5830567,0.283368
772,-1.4903442,0.23656932
773,-1.9216841,0.33597082
774,-1.4821879,0.24482465
775,-1.8071524,0.297747
776,-1.5810136,0.24451207
777,-1.4650035,0.25585806
778,-0.47015116,0.5589188
779,-2.1157808,0.3695932
780,-0.03470197,0.27762216
781,-1.8279684,0.3682771
782,-1.298902,0.20622513
783,-1.4737687,0.23584923
784,-1.7785249,0.28617236
785,-1.9271022,0.3539713
786,-1.7117788,0.26228327
787,-1.3319815,0.22347064
788,-1.3968446,0.2165653
789,-1.8186461,0.3490957
790,-0.49805638,0.5041618
791,-1.6992928,0.22595938
792,-1.9679124,0.37215346
793,-1.9017204,0.4020939
794,-1.7415997,0.25658903
795,-1.5673965,0.28559715
796,-1.6364001,0.29110554
797,-1.813804,0.32129696
798,-1.5921685,0.25733984
799,-1.8050398,0.37005118
800,-1.6784632,0.32506454
801,-1.5697756,0.24746001
802,-2.2483852,0.34176108
803,-1.6088458,0.3085989
804,-1.7971435,0.32957548
805,-1.7188032,0.3030026
806,-1.8360676,0.3731963
807,-1.7665735,0.30387536
808,-1.7010894,0.2770648
809,-1.9845542,0.36663163
810,-1.6419029,0.30347025
811,-1.372373,0.15877706
812,-1.5949775,0.29515475
813,-1.6555345,0.26247504
814,-0.24555449,0.3843461
815,-1.3185605,0.19775404
816,-1.9666405,0.35672888
817,-1.15878,0.15838271
818,-0.27388343,0.4117773
819,-1.4360708,0.29369348
820,-1.4343878,0.22755878
821,-1.714342,0.29623282
822,-1.5515752,0.18036409
823,-1.8045092,0.35882524
824,-1.8200364,0.29003465
825,-1.7526524,0.33899197
826,-0.63574016,0.41265056
827,-2.3214228,0.38630998
828,-1.6022862,0.2808566
829,-1.5319152,0.25969225
830,-1.8920627,0.33828247
831,-2.0737886,0.35705286
832,-2.0583024,0.38484108
833,-1.8255683,0.38125858
834,-1.5510097,0.23204908
835,-1.5091826,0.25024593
836,-1.4945992,0.2728029
837,-1.7883047,0.29052755
838,-1.7474731,0.30135086
839,-1.9452976,0.3469578
840,-1.6650687,0.29946417
841,-0.6294017,0.2142572
842,-1.9937282,0.35531828
843,-1.7008647,0.24934278
844,-1.6703825,0.27095613
845,-1.6582835,0.28453025
846,-1.774394,0.29099992
847,-1.8212118,0.3250911
848,-1.645966,0.2638067
849,-1.852132,0.31609842
850,-1.5924054,0.300654
851,-1.8881631,0.29164335
852,-0.38035813,0.5344244
853,-1.4805712,0.3287689
854,-2.098888,0.3884129
855,-0.33623278,0.4476131
856,-1.4591702,0.23708695
857,-1.7317433,0.3040305
858,-2.2416363,0.36997452
859,-1.9240521,0.35151693
860,-1.4720521,0.20720063
861,-1.6719222,0.330505
862,-1.710118,0.30729565
863,-1.5616336,0.19654998
864,-1.5329707,0.30925217
865,-1.9978046,0.31138092
866,-2.1703815,0.40431598
867,-1.5812682,0.2898653
868,-1.5970275,0.26294434
869,-1.5068667,0.18205985
870,-1.5355538,0.27506045
871,-1.5442368,0.28752583
872,-1.9372786,0.32277316
873,-1.9515855,0.3649245
874,-1.5368896,0.29352665
875,-1.9480785,0.32881823
876,-1.8962041,0.33906868
877,-1.6533613,0.2999029
878,-1.8644338,0.33357576
879,-1.4547976,0.20712039
880,-0.12215254,0.47928706
881,-1.4757818,0.24299136
882,-1.5275105,0.2888048
883,-1.7040906,0.33589226
884,-1.8338383,0.29614022
885,-2.01166,0.39146802
886,-0.15871385,0.35278645
887,-0.5312087,0.64206636
888,-1.9747046,0.35301244
889,-1.869625,0.2962374
890,-1.3416777,0.267931
891,-1.9533583,0.2974242
892,-0.10404568,0.25214565
893,-1.8695722,0.37273195
894,-1.7032351,0.2904649
895,-1.8132442,0.34927866
896,-0.0881503,0.38449553
897,-2.0679915,0.38506815
898,-1.889593,0.27476332
899,-2.0852828,0.350262
900,-1.5842174,0.26237193
901,-1.7055402,0.26819915
902,-1.7593544,0.31587258
903,-1.6950139,0.27157077
904,-1.9425575,0.29141232
905,-1.4557519,0.29631004
906,-1.7125853,0.38860634
907,-1.9674199,0.26602748
908,-1.8064616,0.30975583
909,-2.157071,0.3204806
910,-2.1930673,0.42476544
911,-0.097858824,0.2708291
912,-1.3792571,0.18484576
913,-2.1508648,0.3237275
914,-1.5042672,0.23822288
915,-1.6172739,0.3195387
916,-1.7524492,0.33485153
917,-1.8061156,0.32962283
918,-1.7723545,0.39288947
919,-1.645946,0.29800364
920,-1.528096,0.1966326
921,-1.773452,0.33407378
922,-1.7096251,0.3342618
923,-1.2413194,0.1951675
924,-2.0704424,0.37207475
925,-1.695205,0.31135088
926,-1.6912838,0.33573064
927,-1.5084274,0.25061503
928,-1.8109605,0.30034962
929,-0.45316923,0.34334457
930,-0.09592858,0.30204457
931,-1.6339236,0.32079446
932,-1.7106097,0.32256055
933,-1.4759141,0.2719577
934,-1.3544216,0.27627808
935,-1.6922483,0.2786416
936,-1.749156,0.3811039
937,-1.7941607,0.33450502
938,-1.480442,0.31110752
939,-0.3731069,0.46030328
940,-1.7186702,0.3383598
941,-1.8673612,0.23945007
942,-1.6881291,0.2833702
943,-1.7949027,0.34336933
944,-1.8180206,0.37393546
945,-1.5279061,0.27809095
946,-1.9919989,0.32503515
947,-1.4294707,0.28097942
948,-0.2985114,0.4169995
949,-1.3091949,0.22740066
950,-2.401711,0.45750415
951,-1.5276186,0.30344695
952,-1.764504,0.32000396
953,-1.3484626,0.217189
954,-1.5287263,0.31112155
955,-1.6495982,0.20017307
956,-1.8501732,0.30532414
957,-0.6387793,0.32420304
958,-1.7342216,0.29166174
959,-2.055528,0.32083705
960,-1.5012739,0.24321288
961,-1.3882095,0.28664002
962,-1.6899593,0.29874352
963,-1.4683304,0.25769067
964,-1.7134451,0.25495058
965,-1.812237,0.32795072
966,-1.9935162,0.39225712
967,-1.8595995,0.37717363
968,-2.0023994,0.34209883
969,-2.1546402,0.4074415
970,-1.8142184,0.3814139
971,-1.6001399,0.3125736
972,-1.6193427,0.24007615
973,-1.6532893,0.2971754
974,-2.1730454,0.4032131
975,-1.8491131,0.3310058
976,-1.614204,0.2640731
977,-1.5756348,0.28869787
978,-1.6596795,0.27846313
979,-1.8279217,0.29601488
980,-1.8709168,0.34283343
981,-1.4151071,0.2593488
982,-1.5602318,0.34186462
983,-1.6762975,0.29768386
984,-1.7800194,0.32860443
985,-1.4197984,0.20656057
986,-1.61141,0.2718168
987,-1.7917633,0.30868638
988,-1.8676369,0.3161197
989,-1.6046942,0.329648
990,-1.0071874,1.4008933
991,-0.16385303,0.413593
992,-1.7636184,0.31672326
993,-1.7257111,0.28289235
994,-1.7098012,0.30120906
995,-1.8957115,0.37164983
996,-1.6282008,0.2921427
997,-1.7845058,0.26630342
998,-1.3351637,0.22390062
999,-2.0221527,0.38815904
1000,-0.089707464,0.30331802
1001,-0.74295753,0.28060567
1002,-0.18607217,0.29214555
1003,-1.8807809,0.30621696
1004,-1.4230517,0.2447378
1005,-2.039842,0.29038423
1006,-1.9144288,0.3094318
1007,-1.5353206,0.23644005
1008,-1.6894757,0.3263535
1009,-2.0541883,0.43501168
1010,-1.4824426,0.24827887
1011,-1.8098286,0.37279662
1012,-1.7620467,0.3218491
1013,-0.4666182,0.5920013
1014,-2.1442535,0.38286617
1015,-0.29093832,0.37496692
1016,-1.830738,0.2934161
1017,-0.44921622,0.22100566
1018,-1.3768586,0.20693928
1019,-1.5858636,0.262793
1020,-1.7306123,0.2952544
1021,-1.4375476,0.2442465
1022,-1.5004193,0.3066752
1023,-1.7894716,0.34636208
1024,-1.8744658,0.32034692
1025,-1.7374673,0.29304856
1026,-1.8753216,0.37986454
1027,-2.0223377,0.41910136
1028,-1.4409536,0.33488324
1029,-1.5286715,0.2667641
1030,-1.8251736,0.32312092
1031,-1.9412366,0.39370272
1032,-1.678032,0.30046174
1033,-1.8861161,0.34182316
1034,-1.6042459,0.27538028
1035,-1.4765364,0.2855471
1036,-1.6790016,0.32539165
1037,-1.5662092,0.25393972
1038,-1.6646955,0.3449181
1039,-1.7629654,0.28778523
1040,-1.6062809,0.26822075
1041,-1.6418576,0.26345447
1042,-1.6041949,0.29061776
1043,-1.9246359,0.35708538
1044,-1.5317743,0.23015752
1045,-1.6587356,0.31310987
1046,-1.6657004,0.21879102
1047,-1.0829523,0.14220738
1048,-1.895307,0.30140984
1049,-1.3540784,0.26895878
1050,-1.3499001,0.17902794
1051,-1.7361009,0.28666592
1052,-1.4587274,0.24660632
1053,-1.9186586,0.3516439
1054,-1.6684674,0.34029743
1055,-2.6921382,1.6980326
1056,-2.0793679,0.32113752
1057,-1.3399035,0.25640658
1058,-1.8673661,0.28947255
1059,-1.8042812,0.41077676
1060,-1.3668361,0.1945558
1061,-1.645443,0.316448
1062,-0.63469326,0.7552743
1063,-1.9198052,0.35430846
1064,-1.6819237,0.31813404
1065,-1.8293632,0.3225391
1066,-0.23822922,0.3188933
1067,-1.4396542,0.292707
1068,-2.2574422,0.41608623
1069,-1.4465876,0.23755397
1070,-1.5169357,0.2557087
1071,-1.5883793,0.27947378
1072,-1.7600073,0.28090966
1073,-1.4776536,0.23496735
1074,-1.8179483,0.3305344
1075,-2.037595,0.32229638
1076,-1.8281981,0.3267876
1077,-1.8286502,0.32449314
1078,-1.552177,0.25540942
1079,-1.9037969,0.4051185
1080,-1.4692822,0.24826162
1081,-1.7021008,0.39666435
1082,-1.396327,0.19732147
1083,-1.8645641,0.33029965
1084,-2.0349865,0.44708008
1085,-1.968652,0.39082557
1086,-1.5015596,0.29571223
1087,-0.201299,0.49499908
1088,-2.7283504,0.4672247
1089,-1.860376,0.3775643
1090,-1.8140053,0.35988504
1091,-1.9162254,0.3388259
1092,-1.9517874,0.3532919
1093,-1.6568708,0.2730932
1094,-1.74938,0.2858224
1095,-1.8226725,0.31259716
1096,-2.1419775,0.3694645
1097,-1.9611458,0.27756676
1098,-1.9871287,0.32540458
1099,-1.8296664,0.33218879
1100,-1.3507694,0.1993696
1101,-1.5566862,0.22183608
1102,-1.8345938,0.29921645
1103,-1.3997552,0.24761662
1104,-1.9413574,0.3467712
1105,-1.7190701,0.33093327
1106,-1.7316046,0.31176627
1107,-1.7274406,0.35096976
1108,-0.34442502,0.24942921
1109,-1.6187235,0.2903073
1110,-1.5280429,0.32163864
1111,-1.5804958,0.30381292
1112,-2.1952987,0.5132148
1113,-0.36258307,0.5841789
1114,-2.0596046,0.3837347
1115,-1.5635068,0.29573458
1116,-1.9603596,0.39625868
1117,-1.9114107,0.35487992
1118,-1.5700697,0.26064458
1119,-1.7075614,0.33679265
1120,-1.9030759,0.34806153
1121,-1.566165,0.26094764
1122,-1.6071781,0.28411216
1123,-1.7883643,0.35830218
1124,-0.29976195,0.24422367
1125,-2.1239505,0.39750117
1126,-1.7067685,0.29246825
1127,-1.9418623,0.29525712
1128,-1.6049563,0.33011478
1129,-0.27589625,0.48861054
1130,-1.6334627,0.26794043
1131,-1.7272925,0.33173087
1132,-1.9304427,0.29519767
1133,-0.41744673,0.3099131
1134,-1.8774239,0.27073565
1135,-0.42537108,0.3036988
1136,-1.8128579,0.38937205
1137,-1.7061357,0.3249119
1138,-1.8160113,0.3778021
1139,-1.7425207,0.3620776
1140,-1.5888897,0.24167892
1141,-1.9610562,0.38026136
1142,-1.6076972,0.26215845
1143,-1.5949186,0.2702855
1144,-1.4116673,0.24563217
1145,-1.7661127,0.3109026
1146,-1.4889287,0.2514686
1147,-0.032717865,0.24241893
1148,-1.5001183,0.2533516
1149,-1.6485037,0.26272494
1150,-1.6069282,0.31348383
1151,-0.349271,0.58999753
1152,-1.7698079,0.30253637
1153,-1.6056793,0.27002272
1154,-1.7599417,0.27705738
1155,-1.6326536,0.2807409
1156,-1.6488082,0.26951987
1157,-1.8200067,0.31712052
1158,-1.7484008,0.32949117
1159,-1.8626606,0.3661256
1160,-0.3220958,0.52682585
1161,-0.749825,0.22985412
1162,-1.6136165,0.26613232
1163,-1.8533633,0.27625424
1164,-1.7807784,0.3236572
1165,-1.2520425,0.52720433
1166,-1.1380583,0.13566357
1167,-1.8709456,0.32183123
1168,-2.0585732,0.36196965
1169,-1.8968229,0.33753943
1170,-1.791944,0.31598526
1171,-1.4208825,0.27327746
1172,-1.7739335,0.31138706
1173,-1.6237053,0.3272437
1174,-2.048464,0.30838603
1175,-1.6130809,0.27768457
1176,-1.6588945,0.332608
1177,-2.1468914,0.3258489
1178,-0.07552108,1.1523733
1179,-2.0575545,0.3928376
1180,-1.8883975,0.36960247
1181,-2.071723,0.3472282
1182,-1.6274643,0.2755834
1183,-1.7099853,0.33938468
1184,-1.6744885,0.2756023
1185,-1.6677191,0.34201616
1186,-1.5469846,0.2604898
1187,-2.0782564,0.37709147
1188,-1.7701646,0.3318973
1189,-1.7326199,0.2530704
1190,-0.3658735,0.5628865
1191,-1.3223017,0.18083617
1192,-2.0329602,0.35991728
1193,-2.2340562,0.4335255
1194,-1.7883388,0.38457537
1195,-1.5413724,0.3185776
1196,-1.2655001,0.21572378
1197,-1.6075844,0.3734768
1198,-0.2238818,0.36690384
1199,-1.514653,0.30894828
1200,-1.5456737,0.32546228
1201,-1.8077656,0.29935667
1202,-1.6203084,0.32679194
1203,-1.8046886,0.30073157
1204,-2.101949,0.44505614
1205,-0.2248355,0.37118918
1206,-0.54841053,0.61397535
1207,-1.395465,0.25788
1208,-1.6445801,0.3149319
1209,-1.7558348,0.32763755
1210,-1.8398317,0.35860425
1211,-1.969212,0.33132875
1212,-2.006506,0.4020268
1213,-2.1794376,0.47017345
1214,-0.51521254,1.3144708
1215,-1.7447184,0.27322915
1216,-0.15787198,0.3514449
1217,-1.5783738,0.21887486
1218,-1.6077261,0.30120558
1219,-1.5441704,0.34459615
1220,-1.2002743,0.13996893
1221,-1.6602365,0.3195381
1222,-1.1253953,0.18673553
1223,-1.589808,0.33995697
1224,-1.943002,0.34139234
1225,-1.3575438,0.19315891
1226,-1.7564056,0.34577245
1227,-1.877015,0.3722292
1228,-2.0391436,0.37721622
1229,-2.109855,0.40879428
1230,-1.6156865,0.25195748
1231,-1.4761622,0.23765923
1232,-1.4802155,0.22090846
1233,-2.155104,0.40285876
1234,-1.7634698,0.31964234
1235,-1.4539416,0.23806356
1236,-1.4789084,0.34545296
1237,-1.4330071,0.2219695
1238,-1.5150337,0.26496294
1239,-1.555625,0.290921
1240,-0.5370704,0.38286924
1241,-1.8388124,0.32342806
1242,-1.6851066,0.23179616
1243,-1.8340784,0.33030167
1244,-1.7306966,0.29630268
1245,-1.371922,0.2501035
1246,-1.7307223,0.3502997
1247,-1.9827442,0.45284513
1248,-1.7064333,0.27985337
1249,-1.899067,0.37905273
1250,-1.8811363,0.4379561
1251,-0.33259758,0.4819858
1252,-2.030901,0.36510044
1253,-0.4488146,0.5494916
1254,-1.5329287,0.32905596
1255,-1.9990889,0.34777954
1256,-0.25147736,0.63913083
1257,-0.20534723,0.18711635
1258,-1.6197722,0.28739056
1259,-1.7707996,0.28662956
1260,-1.8379169,0.4638304
1261,-1.8297558,0.2803508
1262,-1.9940081,0.36585268
1263,-1.4138975,0.21159418
1264,-0.19426754,0.45594692
1265,-1.7703646,0.31630248
1266,0.9248723,2.4201977
1267,-1.6335703,0.2783215
1268,-1.8517965,0.29783237
1269,-1.3349122,0.19095966
1270,-0.094897404,0.20172383
1271,-1.7489884,0.3110703
1272,-1.6581799,0.2955885
1273,-0.9913551,0.14889702
1274,-0.11519476,0.26173437
1275,-1.1476526,0.17210916
1276,-2.098581,0.37781215
1277,-1.9625442,0.3321362
1278,-1.7920369,0.33969593
1279,-1.5889605,0.26167554
1280,-1.2954115,0.17863242
1281,-1.9658777,0.3785205
1282,-1.5494349,0.33581892
1283,-1.4568486,0.26297057
1284,-1.6231788,0.28241137
1285,-1.516978,0.25413775
1286,-1.573653,0.3178548
1287,-2.0049574,0.29992175
1288,-1.6267899,0.27580637
1289,-0.39065203,0.31931567
1290,-0.14967225,0.5768827
1291,-1.705131,0.27711958
1292,-1.6794292,0.2807067
1293,-1.8323171,0.36800653
1294,-1.6837237,0.32503495
1295,-1.4706258,0.2679088
1296,-0.07636233,0.29196605
1297,-2.1670885,0.36327323
1298,-1.4030902,0.21789895
1299,-1.8858653,0.2844262
1300,-0.53627264,0.31554446
1301,-1.778125,0.30551657
1302,-0.016453499,0.26790613
1303,-0.3561243,0.48545676
1304,-2.0712628,0.46593413
1305,-1.9185035,0.5724403
1306,-1.4461589,0.24373944
1307,-1.9095526,0.3437216
1308,-1.5539185,0.28960273
1309,-1.6596384,0.3710304
1310,-1.6478086,0.29081684
1311,-1.996565,0.32443348
1312,-0.3040513,0.30263105
1313,-1.58946,0.27032638
1314,-1.9723167,0.394457
1315,-1.7503351,0.35980397
1316,-1.355141,0.22651729
1317,-1.8519117,0.34597328
1318,-0.70217216,0.3543405
1319,-1.7005402,0.3041994
1320,-1.8242316,0.33175033
1321,-1.4549452,0.15560904
1322,-1.9576795,0.39229628
1323,-0.26935858,0.24980637
1324,-1.7349074,0.31197238
1325,-0.28699917,0.33879092
1326,-1.8109727,0.3744498
1327,-0.0528501,0.33931503
1328,-1.7506866,0.29637507
1329,-1.7766011,0.31733072
1330,-1.0557069,0.18197499
1331,-1.7156636,0.32365593
1332,-1.7758168,0.29784837
1333,-1.6834401,0.28464457
1334,-1.8845756,0.3336909
1335,-1.7173339,0.31435293
1336,-1.5489651,0.26172504
1337,-1.8947392,0.38009524
1338,-1.5358734,0.32152614
1339,-1.5028994,0.27269435
1340,-1.4749314,0.375332
1341,-1.7402412,0.3105954
1342,-1.7118239,0.30534464
1343,-1.5808853,0.28046545
1344,-1.8547343,0.39028478
1345,-1.1086202,0.12770377
1346,-0.5086623,0.28294078
1347,-1.4959116,0.1918819
1348,-1.5454509,0.28399488
1349,-1.5950781,0.27702323
1350,-0.39305875,0.2443876
1351,-1.8396713,0.30051968
1352,-1.4866035,0.3110369
1353,-1.8039217,0.3468797
1354,-1.7360585,0.27877614
1355,-1.4008833,0.26717916
1356,-1.839851,0.37536296
1357,-1.9057719,0.34474677
1358,-1.5526634,0.28502437
1359,-1.5120522,0.3158388
1360,-0.20070949,0.32349554
1361,-1.890539,0.33163562
1362,-2.0331874,0.35134825
1363,-1.2951641,0.2111452
1364,-0.39738068,0.37548172
1365,-2.2106435,0.38457277
1366,-1.8645259,0.3517054
1367,-1.7064716,0.3421419
1368,-1.9571829,0.36017978
1369,-1.4362429,0.2500992
1370,-1.4206609,0.256772
1371,-1.5514079,0.25607425
1372,-1.6926601,0.27009505
1373,-1.6173766,0.3140701
1374,0.020893067,0.2568775
1375,-1.6171713,0.31741443
1376,-2.0212991,0.3630564
1377,-1.5826087,0.27137262
1378,-1.9103887,0.30870414
1379,-1.6057844,0.2965351
1380,-1.5116132,0.23497997
1381,-1.4507246,0.26564226
1382,-1.4249461,0.29768118
1383,-1.703477,0.30670786
1384,-1.2873917,0.20807372
1385,-1.7751405,0.23933692
1386,-2.040496,0.3639963
1387,-2.0291183,0.30894646
1388,-1.3429239,0.26973385
1389,-0.21906477,0.2561351
1390,-0.18370575,0.47454694
1391,-1.680552,0.30986845
1392,-1.5688273,0.24655437
1393,-2.0157819,0.3937062
1394,-1.897531,0.31789196
1395,-0.22688693,0.39247066
1396,-1.9152256,0.34963524
1397,-1.4118283,0.25763062
1398,-0.20388316,0.5349171
1399,-0.105176896,0.25883096
1400,-1.7363158,0.37787363
1401,-1.9735913,0.380117
1402,-1.7974125,0.34322158
1403,-1.4984353,0.26141968
1404,-1.7996023,0.30524147
1405,-1.883781,0.33853772
1406,-1.3881106,0.2046332
1407,-1.3491447,0.22217578
1408,-1.4965984,0.28336978
1409,-1.600755,0.26921725
1410,-1.6804807,0.34411606
1411,-1.9134034,0.34221518
1412,-2.123599,0.3615046
1413,-1.7115412,0.29948077
1414,-1.2661242,0.2645781
1415,-1.8059243,0.304056
1416,-1.4742292,0.26143283
1417,-2.0000076,0.3492859
1418,-1.7124308,0.29580474
1419,-1.623966,0.23650073
1420,-1.7349752,0.3046025
1421,-1.9005842,0.31873876
1422,-1.6630174,0.31051758
1423,-1.583621,0.2591406
1424,-1.9374411,0.35643953
1425,-1.5165329,0.21999662
1426,-1.6310759,0.28545105
1427,-1.5023637,0.24228762
1428,-2.0096142,0.33859822
1429,-2.0916367,0.3149293
1430,-1.4005362,0.3291563
1431,0.014448417,0.73120874
1432,-1.5916286,0.26025322
1433,-1.719167,0.25680038
1434,-1.8967162,0.3211529
1435,-1.6992965,0.31355876
1436,-2.0249095,0.3494289
1437,-1.6933085,0.31470025
1438,-1.8904094,0.32711118
1439,-1.6825638,0.36801717
1440,-1.8887645,0.25923285
1441,-1.4573398,0.23382282
1442,-0.26806635,0.6752152
1443,-0.08463771,0.31308424
1444,-1.9987655,0.31283394
1445,-1.6762403,0.29288122
1446,-1.7307274,0.26779655
1447,-1.8483173,0.36446136
1448,-1.6116797,0.27077833
1449,-1.7440351,0.3414659
1450,-1.7956809,0.35958347
1451,-1.6714954,0.3690509
1452,-1.3286285,0.23659673
1453,-1.4009134,0.27500227
1454,-1.816696,0.35348997
1455,-1.503552,0.27007708
1456,-1.9191295,0.38216034
1457,-1.8888152,0.3312587
1458,-1.6377769,0.27500013
1459,-1.6196535,0.30732927
1460,-1.8173681,0.25505474
1461,-1.7008294,0.3046124
1462,-1.8262868,0.28736758
1463,-1.3453422,0.23130444
1464,-1.647274,0.28521866
1465,-1.930999,0.41038343
1466,-1.3951098,0.28143746
1467,-1.692632,0.3266275
1468,-1.8548158,0.2893921
1469,-1.2804352,0.24363552
1470,-2.0543795,0.2680249
1471,-1.7221937,0.31458637
1472,-1.697674,0.30378357
1473,-0.18842056,0.3902411
1474,-1.5494602,0.30758148
1475,-1.6646342,0.3069021
1476,-2.280899,0.41817358
1477,-1.4323411,0.27572447
1478,-1.25002,0.18261418
1479,-1.75279,0.3339019
1480,-1.848786,0.2913721
1481,-1.8960068,0.37010577
1482,-1.7996331,0.31743747
1483,-1.7587459,0.33221936
1484,-1.957754,0.3674667
1485,-1.4207944,0.22667241
1486,-0.039901085,0.38510898
1487,-0.4360155,1.5732694
1488,-2.0705526,0.36761186
1489,-0.33710435,0.21372546
1490,-0.349224,0.4517174
1491,-1.6461204,0.3295522
1492,-1.965724,0.3518055
1493,-1.6129267,0.24352168
1494,-1.8509995,0.3107063
1495,-1.5248352,0.2870966
1496,-1.4565433,0.27545246
1497,-2.0542634,0.46974277
1498,-1.7684875,0.29569548
1499,-2.1130235,0.4045118
1500,-1.2452114,0.2127408
1501,-1.7083145,0.27792734
1502,-0.23017874,0.22556439
1503,-1.8872089,0.31363657
1504,-0.09820292,0.23772068
1505,-1.5328057,0.27228615
1506,-1.3844836,0.22326885
1507,-1.5617933,0.31063327
1508,-1.4877675,0.25465038
1509,-1.445379,0.23901016
1510,-1.2997841,0.20525236
1511,-1.5244168,0.28907225
1512,-1.6010698,0.23932686
1513,-2.2308917,0.42930302
1514,-1.1982899,0.1810982
1515,-1.8227228,0.26553428
1516,-1.6054009,0.29410207
1517,-1.5619627,0.26047495
1518,-1.7780844,0.321517
1519,-1.5046533,0.25642174
1520,-0.3899234,0.44948563
1521,-1.855201,0.33938152
1522,-1.604883,0.28138834
1523,-2.1463087,0.33432746
1524,-1.9653994,0.31194404
1525,-1.5508598,0.23154128
1526,-1.7375966,0.26986587
1527,-2.1216397,0.39002436
1528,-1.5241759,0.25276423
1529,-1.5180087,0.22431049
1530,-2.1241097,0.40848586
1531,-1.5095954,0.29060367
1532,-0.2319123,0.7255419
1533,-2.131884,0.39089212
1534,-1.9605683,0.39249402
1535,-1.5547633,0.2772219
1536,-1.3355699,0.2549571
1537,-1.6477661,0.2580617
1538,-1.6092864,0.27308723
1539,-2.0005703,0.42574537
1540,-2.0673897,0.40891117
1541,-1.9100901,0.3585821
1542,-1.7985672,0.3245845
1543,-2.0905588,0.3860718
1544,-0.54238904,0.5890087
1545,-1.6203872,0.3229266
1546,-1.8105512,0.31550875
1547,-1.8313347,0.2954808
1548,-1.8037802,0.30391377
1549,-1.51314,0.24091083
1550,-2.0566626,0.34227213
1551,-0.4587246,0.51882505
1552,-0.26500678,0.4390465
1553,-1.7350999,0.24102788
1554,-1.7624247,0.32690078
1555,-1.6135237,0.29811332
1556,-1.7098467,0.2884884
1557,-1.9021289,0.36584148
1558,-2.1697078,0.4140394
1559,-2.1073332,0.31440288
1560,-1.2416054,0.17750604
1561,-1.4045846,0.24671562
1562,-1.3031405,0.2713141
1563,-1.759063,0.30015546
1564,-1.8369188,0.39212522
1565,-1.3707861,0.23514427
1566,-1.2131959,0.16179962
1567,-1.4157361,0.23215212
1568,-0.045902,0.30566722
1569,-1.5078238,0.28848952
1570,-1.6522917,0.24029386
1571,-1.6368935,0.33620778
1572,-1.635005,0.29453945
1573,-1.767826,0.26851952
1574,-1.8485065,0.35493144
1575,-2.0353012,0.34532586
1576,-1.9725034,0.3227756
1577,-1.6656344,0.2780913
1578,-1.5456127,0.2260002
1579,-1.9612027,0.36438942
1580,-2.0238657,0.3536048
1581,-0.23025177,0.35924718
1582,-1.58723,0.29456225
1583,-1.8325669,0.31124234
1584,-1.5205442,0.2680704
1585,-1.7919698,0.34724706
1586,-1.81672,0.3550073
1587,-1.6718048,0.37321904
1588,-1.7030786,0.27327782
1589,-1.9179431,0.32127127
1590,-1.819738,0.33222526
1591,-1.8230064,0.35336512
1592,-2.174498,0.38586858
1593,-1.4977605,0.2880573
1594,-1.7871388,0.3399165
1595,-2.0778944,0.30416647
1596,-1.7934922,0.37794882
1597,-0.2642907,0.40049338
1598,-2.0118208,0.29209542
1599,-1.893532,0.2839497
1600,-1.9337077,0.33132687
1601,-1.354348,0.28873804
1602,-1.6911238,0.2699599
1603,-1.8235605,0.30923218
1604,-0.19390443,0.51479256
1605,-1.5665773,0.25480834
1606,-1.4597902,0.2804598
1607,-2.005707,0.35282987
1608,-0.8037756,0.32611418
1609,-1.961854,0.33759192
1610,-1.2663071,0.13953927
1611,-1.8810313,0.33875188
1612,-1.6025548,0.29479855
1613,-1.9934958,0.43098322
1614,-1.6278529,0.29225633
1615,-1.247468,0.19511558
1616,0.38660163,1.2309686
1617,-1.8101153,0.3835618
1618,-0.15885133,0.2570201
1619,-1.8455615,0.31579822
1620,-1.8179846,0.3480386
1621,-1.9671879,0.34776103
1622,-2.0834572,0.38509095
1623,-1.6618044,0.27836847
1624,-1.7793895,0.3155955
1625,-0.10258027,0.287673
1626,-0.46147403,0.28129497
1627,-2.0073483,0.34010082
1628,-1.8641158,0.38301146
1629,-1.7457652,0.3048237
1630,-1.5582098,0.3259915
1631,-1.69288,0.33801162
1632,-1.6438768,0.2962355
1633,-1.4695494,0.29657766
1634,-1.7026416,0.2859838
1635,-2.0076096,0.37867203
1636,-1.3803277,0.21162331
1637,-1.6615832,0.2720728
1638,-0.2982508,0.3320905
1639,-1.7750176,0.3192566
1640,-1.6822917,0.23825459
1641,-1.5067627,0.26956826
1642,-1.6961572,0.30601385
1643,-1.7326708,0.3078845
1644,-1.8952634,0.3485077
1645,-1.9456631,0.38342354
1646,-1.462978,0.22779886
1647,-2.0640242,0.38280192
1648,-1.73218,0.321951
1649,-1.3199104,0.25625926
1650,-1.8246665,0.38634056
1651,-1.7692511,0.32612404
1652,-1.855843,0.29875255
1653,-1.8575357,0.28996983
1654,-1.4250143,0.2706439
1655,-1.9583268,0.357611
1656,-1.8466002,0.30681178
1657,-1.7886631,0.4233649
1658,-1.6588356,0.31472832
1659,-2.0401433,0.3692604
1660,-1.8169109,0.2864692
1661,-1.6793803,0.2713317
1662,-0.82217443,0.47136298
1663,-1.8917629,0.37616527
1664,-1.7415464,0.3176048
1665,-1.476818,0.24023394
1666,-1.41679,0.23632917
1667,-1.9420557,0.3788281
1668,-1.8685746,0.3097666
1669,-1.7451041,0.35952896
1670,-1.7496024,0.23857303
1671,-1.7273873,0.30748785
1672,-1.6764146,0.3036588
1673,-1.5444739,0.24448405
1674,-1.8525898,0.345535
1675,-1.6764458,0.30288962
1676,-1.7981933,0.3040164
1677,0.023135638,0.30076078
1678,-2.0158901,0.31095093
1679,-1.5429679,0.31734675
1680,-1.8506552,0.3119444
1681,-1.780386,0.32468015
1682,-1.6231304,0.32495764
1683,-1.9218546,0.37442005
1684,-1.6281358,0.34571204
1685,-1.5164951,0.28321505
1686,-1.8627306,0.35556173
1687,-1.8189096,0.2987389
1688,-2.2430139,0.41157535
1689,-2.0109842,0.35909024
1690,-1.5575163,0.2507282
1691,-1.9660672,0.3147416
1692,-0.49989185,0.46022892
1693,-1.7969881,0.29440352
1694,-1.9606873,0.39074063
1695,-1.4990224,0.26401362
1696,-1.9936264,0.3905766
1697,-1.6782098,0.29041168
1698,-1.6120234,0.3396137
1699,-1.8420182,0.3375478
1700,-1.6047145,0.32171592
1701,-1.6296127,0.29240966
1702,-1.0924077,0.14067274
1703,-1.9058439,0.2864724
1704,-1.5219003,0.24080916
1705,-1.924994,0.38718817
1706,-1.4675117,0.21724479
1707,-0.1942052,0.7919529
1708,-2.0122623,0.35813522
1709,-1.7480098,0.33931866
1710,-1.8270267,0.3462428
1711,-1.8057315,0.3851054
1712,-1.8065016,0.30319607
1713,-2.2240996,0.38742125
1714,-0.14970596,0.26458806
1715,-1.7409976,0.26422626
1716,-1.6257206,0.3165925
1717,-1.7341775,0.2800531
1718,-0.22125176,0.30822587
1719,-1.5909878,0.3080993
1720,-1.8471793,0.47373703
1721,-2.0227299,0.3643808
1722,-1.5460906,0.3052152
1723,-1.6878954,0.3034253
1724,-1.5097078,0.21765159
1725,-1.7211905,0.3014813
1726,-2.0225348,0.33832604
1727,-1.8593625,0.33536372
1728,-2.1294715,0.33374694
1729,-1.7602248,0.2401124
1730,-1.5047295,0.23106627
1731,-0.29683238,0.24391782
1732,-1.7383028,0.35638082
1733,-1.8752644,0.32770392
1734,-0.32766277,0.29514378
1735,-1.8306751,0.31713724
1736,-1.7380131,0.27784562
1737,-1.8749069,0.28180245
1738,-2.000363,0.3889738
1739,-1.7077862,0.39225635
1740,-1.976505,0.44527286
1741,-1.6356866,0.30147597
1742,-1.5119922,0.19231066
1743,-1.6733268,0.35011524
1744,-1.6082604,0.22816098
1745,-1.9378223,0.34092864
1746,-1.4929324,0.2346131
1747,-0.21264613,0.4661046
1748,-0.1278984,0.20660362
1749,-1.7855546,0.32601085
1750,-1.9532256,0.37915722
1751,-1.624732,0.24486396
1752,-1.7894348,0.35673368
1753,-1.6356902,0.2845242
1754,-1.9287506,0.30097038
1755,-1.8890823,0.32457787
1756,-1.5354139,0.34670556
1757,-1.5561218,0.26902848
1758,-2.0064192,0.3330184
1759,-1.7839414,0.28831244
1760,-1.8962009,0.3819968
1761,-1.7812065,0.3539264
1762,-2.1971292,0.48600313
1763,-1.6744982,0.31777376
1764,-2.0332985,0.33896786
1765,-0.30103424,0.5045673
1766,-2.269952,0.34359616
1767,-1.730583,0.2892796
1768,-1.6369315,0.30334103
1769,-1.7135454,0.25412387
1770,-1.4648075,0.28646508
1771,-0.44292796,0.33383077
1772,-1.711732,0.30118424
1773,-1.7344329,0.3732688
1774,-2.834882,2.335311
1775,-1.7506397,0.28233108
1776,-1.682097,0.28217673
1777,-2.029573,0.34062296
1778,-1.9505049,0.4198333
1779,-0.22509262,0.42383683
1780,-1.2818891,0.1493792
1781,-1.9439702,0.36556488
1782,-1.9069527,0.32577544
1783,-0.07938929,0.30536565
1784,-1.6964161,0.33055428
1785,-1.8270009,0.35141122
1786,-1.9704329,0.3510789
1787,-1.7176992,0.26854363
1788,-1.4190329,0.23084089
1789,-1.7884797,0.31694448
1790,-1.3420905,0.21838793
1791,-1.7601244,0.32241765
1792,-0.6709661,0.36982885
1793,-1.8178706,0.331299
1794,-1.7201166,0.28635743
1795,-0.0794774,0.57029456
1796,-1.9006785,0.3359638
1797,-1.6928643,0.30240434
1798,-1.6952568,0.29313174
1799,-1.7921036,0.286543
1800,-0.6236539,0.9016344
1801,-1.7445438,0.34814402
1802,-1.904119,0.3900029
1803,-1.8389887,0.32009202
1804,-1.9977162,0.43625975
1805,-1.5020267,0.19012015
1806,-1.5575078,0.28945303
1807,-1.6489292,0.28456163
1808,-0.35278553,0.5106154
1809,-1.6441334,0.2862261
1810,0.034458615,0.27764237
1811,-1.6934984,0.28852183
1812,-1.6133827,0.29386947
1813,-1.7745558,0.29976416
1814,-1.4464226,0.2768199
1815,-1.479118,0.2568597
1816,-1.6896833,0.29523906
1817,-2.0004697,0.296245
1818,-0.38318288,0.54910797
1819,-0.21093819,0.40265125
1820,-1.8274003,0.35522315
1821,-1.6428784,0.29670224
1822,-0.3465985,0.5916924
1823,-1.8575586,0.27122724
1824,-1.9515916,0.36721557
1825,-1.9132941,0.33866614
1826,-1.418268,0.26239964
1827,-0.27611512,0.22931801
1828,-2.1126585,0.3424701
1829,-1.5876123,0.27587155
1830,-1.8506021,0.31431326
1831,-1.9268913,0.36020976
1832,-2.2302823,0.41779208
1833,-1.4568112,0.26091087
1834,-1.2294639,0.27751556
1835,-1.6905593,0.28847417
1836,-1.4880466,0.2779534
1837,-1.6924502,0.31017044
1838,-1.7163676,0.34187666
1839,-0.13015777,0.34692237
1840,-1.7236009,0.34167966
1841,-1.905713,0.30740798
1842,-1.6452422,0.28191146
1843,-0.07556979,0.20788425
1844,-1.7989299,0.35718414
1845,-1.7472206,0.2382808
1846,-1.8042879,0.38083336
1847,-1.8409867,0.38500327
1848,-2.0574896,0.3853672
1849,-1.6537914,0.31963572
1850,-1.8095773,0.3598021
1851,-1.7792444,0.26303303
1852,-1.6946726,0.23561867
1853,-2.4438353,0.4151553
1854,-1.8026754,0.33123806
1855,-1.7261622,0.2267186
1856,-1.9948272,0.30747816
1857,-1.3494117,0.2833308
1858,-0.046995375,0.605792
1859,-1.8900834,0.32967335
1860,-1.9330153,0.32284275
1861,-1.971539,0.38804647
1862,-1.4924142,0.31995204
1863,-1.3929286,0.1746972
1864,-1.6175276,0.37709737
1865,-1.7660275,0.3127469
1866,-1.3321855,0.24638796
1867,-1.5618684,0.29718748
1868,-1.6631176,0.2652213
1869,-1.3760158,0.23995057
1870,-1.5463231,0.28723532
1871,-1.4362392,0.28914636
1872,-1.3886898,0.2142049
1873,-1.3180208,0.16778006
1874,-1.3846803,0.20756441
1875,-1.6503222,0.30303988
1876,-0.5842438,0.2521558
1877,-1.472895,0.24778815
1878,-1.5874193,0.26545885
1879,-1.3333387,0.20883477
1880,-1.3572838,0.18842037
1881,-1.6768606,0.27597168
1882,-1.4029974,0.17272447
1883,-1.5797511,0.310304
1884,-1.5842074,0.3075741
1885,-1.7743132,0.29616502
1886,-1.7313685,0.3167185
1887,-1.7000422,0.25411895
1888,-1.3473942,0.24458325
1889,-1.3482894,0.28008914
1890,-1.7332109,0.27782214
1891,-1.62321,0.26936683
1892,-1.538101,0.22821793
1893,-1.8320545,0.30892265
1894,-1.2843944,0.24274811
1895,-1.6529257,0.28892568
1896,-1.3271049,0.16966312
1897,-2.0555534,0.35320836
1898,-0.20668814,0.4245114
1899,-1.7572844,0.2908446
1900,-1.7949661,0.3569641
1901,-1.4491372,0.2957308
1902,-1.8684458,0.3236395
1903,-1.8179009,0.29775333
1904,-1.5720947,0.2845544
1905,-2.06125,0.3594027
1906,-1.6356107,0.27772915
1907,-1.7049422,0.31548968
1908,-0.08359809,0.3402913
1909,-1.9065819,0.3582137
1910,-1.8573309,0.3070654
1911,-0.26285985,0.4521607
1912,-1.640303,0.2810717
1913,-1.8254106,0.361602
1914,-0.15606152,0.30117092
1915,-1.6046226,0.18919785
1916,-2.145853,0.36171317
1917,-0.26288107,0.4944284
1918,-0.1836192,0.28263432
1919,-1.7208229,0.27930245
1920,-1.8080046,0.34913632
1921,-0.092611864,0.34735912
1922,-1.644464,0.30616245
1923,-2.3381023,0.48195407
1924,-1.6380665,0.28031012
1925,-1.6061103,0.25473544
1926,-1.6925251,0.2716186
1927,-1.7167938,0.25566223
1928,-1.6447537,0.3491785
1929,-2.0213993,0.33148
1930,-1.6061922,0.26125106
1931,-2.0699916,0.3549849
1932,-1.4627286,0.2945816
1933,-1.5087994,0.34129032
1934,-0.28034788,0.66387993
1935,-2.0130954,0.35942435
1936,-1.4215288,0.22654563
1937,-2.0746355,0.34324366
1938,-1.8976207,0.3448885
1939,-1.628001,0.29519314
1940,-1.6683903,0.29754514
1941,-1.6536504,0.37691742
1942,-1.4000905,0.23841922
1943,-1.5667611,0.31071416
1944,-2.1381385,0.40679967
1945,-0.078766316,0.24595174
1946,-1.6233792,0.27894437
1947,-1.7561028,0.3390753
1948,-1.3378946,0.22028856
1949,-1.7964796,0.34799778
1950,-1.8628289,0.34878707
1951,-1.6434835,0.33097184
1952,-1.668457,0.29667896
1953,-1.8068802,0.36255834
1954,-1.7576374,0.3758437
1955,-1.7083614,0.28914464
1956,-1.7414719,0.28668404
1957,-1.3546218,0.25625676
1958,-1.6444131,0.29513526
1959,-1.4501506,0.21893716
1960,-2.0260692,0.3870011
1961,-1.678498,0.3107805
1962,-1.9028205,0.36260664
1963,-1.3586959,0.19923612
1964,-1.4743655,0.24574785
1965,-1.4688208,0.25546136
1966,-1.913107,0.35854378
1967,-2.0613678,0.36355028
1968,-1.8252125,0.35074723
1969,-1.7996155,0.32181627
1970,-0.37916434,0.44090533
1971,-1.9239028,0.3031751
1972,-1.6551919,0.30335298
1973,-1.6934733,0.28490454
1974,-1.5427674,0.24039647
1975,-1.9786384,0.40526628
1976,-1.9424195,0.4103311
1977,-1.8719718,0.38096642
1978,0.053214416,0.42418036
1979,-1.5938458,0.2560902
1980,-1.9011436,0.32378092
1981,-1.5359633,0.30415714
1982,-1.6230305,0.38006586
1983,-1.6408504,0.2545603
1984,-1.6728084,0.28234902
1985,-1.4456483,0.21049052
1986,-1.924189,0.31536773
1987,-1.9407276,0.31405255
1988,-2.0961533,0.36243135
1989,-1.9078083,0.35522914
1990,-0.1449451,0.34007844
1991,-0.17407307,0.39210528
1992,-1.9193206,0.34982032
1993,-1.5967157,0.2568926
1994,-1.7058543,0.24724387
1995,-1.4420224,0.30080974
1996,-1.8588285,0.2932732
1997,-0.8614611,0.43316215
1998,-1.9289324,0.3115521
1999,-2.0778847,0.43195158
2000,-1.7720839,0.26050952
2001,-1.7654085,0.36608568
2002,-1.8729705,0.27276748
2003,-0.22333217,0.30551612
2004,-1.0820124,0.1226777
2005,-0.2859663,0.44198024
2006,-1.7442039,0.31955352
2007,-1.7296003,0.32407665
2008,-0.2619904,0.2756795
2009,-1.5024549,0.29601008
2010,-1.9617527,0.31266102
2011,-2.3027222,0.45315087
2012,-0.5812422,0.34103674
2013,-1.7726811,0.34094355
2014,-1.8259072,0.3231111
2015,-1.7851629,0.3275651
2016,-1.4810144,0.28325513
2017,-1.7195417,0.28822964
2018,-1.6729252,0.3554826
2019,-1.718714,0.26015303
2020,-0.5305546,0.28833705
2021,-1.6128187,0.3050483
2022,-1.6553435,0.27486536
2023,-1.9076005,0.29254842
2024,-2.059733,0.3435988
2025,-1.3124931,0.158798
2026,-1.7609999,0.36041424
2027,-1.7791051,0.35615012
2028,-1.5404347,0.27483043
2029,-1.6408145,0.27482682
2030,-2.101213,0.38002694
2031,0.04690425,0.23631606
2032,-1.7375319,0.30536196
2033,-0.7968689,0.3599044
2034,-1.6003032,0.20460473
2035,-1.9714006,0.34947538
2036,-0.015606976,0.24467789
2037,-2.0971732,0.39266428
2038,-1.6753676,0.31059548
2039,-1.787672,0.31887895
2040,-1.6938752,0.3574486
2041,-1.8574594,0.29366085
2042,-1.6595557,0.26275906
2043,-2.2208786,0.34975755
2044,-1.6752903,0.28127992
2045,-1.5911433,0.26035905
2046,-1.8099239,0.29758006
2047,-1.4882282,0.28041974
2048,-1.6122881,0.27765268
2049,-1.8404689,0.29642314
2050,-1.1456132,0.14924932
2051,-1.9012903,0.31548432
2052,-1.7997565,0.34435803
2053,-1.8004602,0.30898175
2054,-1.5522903,0.27808744
2055,-2.1443849,0.40534547
2056,-1.6036872,0.250587
2057,-1.6470511,0.29787165
2058,-0.07866285,0.23416844
2059,-0.36497653,0.513896
2060,-2.2537575,0.35158446
2061,-0.4352065,0.3848236
2062,-1.1760254,0.16377121
2063,-1.8934705,0.33349732
2064,-1.4871807,0.2530516
2065,-1.77492,0.31738856
2066,-1.8008275,0.33845875
2067,-1.4660944,0.20411202
2068,-0.7697441,2.0649133
2069,-1.8530076,0.37419343
2070,-1.5002277,0.29774153
2071,-1.7379632,0.26787746
2072,-1.8300873,0.35091084
2073,-1.3038498,0.21078652
2074,-0.31231347,0.23425913
2075,-1.4805473,0.27312693
2076,-1.5515065,0.27603918
2077,-1.7959739,0.35191977
2078,-1.676952,0.292347
2079,-1.7417425,0.2927354
2080,-1.815583,0.32031828
2081,-1.5687237,0.27968442
2082,-1.86646,0.3115141
2083,-1.5001729,0.24132039
2084,-1.8786261,0.35918117
2085,-1.9674253,0.3541582
2086,-1.7925229,0.32422742
2087,-1.8270231,0.32181117
2088,-1.5173838,0.3750679
2089,-1.8646758,0.3145657
2090,-1.7468634,0.36549297
2091,-2.1234717,0.3330587
2092,-1.8382438,0.3806472
2093,-1.7892319,0.3442058
2094,-1.3647529,0.20821354
2095,-1.4250948,0.3085648
2096,-1.5970119,0.3335454
2097,-1.6903088,0.34155482
2098,-1.5572085,0.3038342
2099,-1.6316694,0.31591025
2100,-1.8225464,0.28594357
2101,-2.0292091,0.32595888
2102,-2.2204206,0.39621127
2103,-1.7670195,0.33307412
2104,-1.6972107,0.22807519
2105,-0.18728612,0.34863156
2106,-2.0137763,0.30660564
2107,-1.5434374,0.30532467
2108,-1.6847042,0.28804445
2109,-1.82658,0.38497415
2110,-2.1020253,0.35944822
2111,-1.788776,0.33378258
2112,-1.7759603,0.28172168
2113,-1.6921607,0.26464337
2114,-1.7506772,0.31355435
2115,-2.1657963,0.36901328
2116,-1.6332195,0.28087744
2117,-1.7578492,0.3374076
2118,-1.727719,0.2632407
2119,-1.6984375,0.29741463
2120,-1.7194364,0.3131565
2121,1.2077861,1.7031665
2122,-1.7089396,0.2767271
2123,-1.3564391,0.25251475
2124,-1.8427018,0.37251222
2125,-0.31425124,0.2969722
2126,-0.13898258,0.42188314
2127,-1.5010651,0.31667632
2128,-1.2477273,0.20257024
2129,-1.6010524,0.26662758
2130,-2.0167887,0.30710077
2131,-0.41730252,0.6555119
2132,-0.065567344,0.42319956
2133,-0.40217853,0.47235036
2134,-1.4368691,0.18228026
2135,-1.8654988,0.31216806
2136,-0.9202235,0.425542
2137,-1.4320534,0.28703338
2138,-1.6916678,0.30922022
2139,-1.6348351,0.25561774
2140,-1.432404,0.29576343
2141,-1.6418284,0.30303082
2142,-1.8953446,0.34859487
2143,-1.4738026,0.22753769
2144,-1.4922615,0.24168311
2145,-0.5652187,0.69951105
2146,-1.8210754,0.31225446
2147,-2.0151846,0.39716032
2148,-1.0949402,0.13745181
2149,-1.7473276,0.412147
2150,-1.7872671,0.25065723
2151,-1.5469325,0.2100035
2152,-1.7425307,0.30475965
2153,-1.5745273,0.3783566
2154,-1.4363499,0.2677402
2155,-1.5666819,0.25156873
2156,-1.479234,0.25891435
2157,-1.458847,0.3056478
2158,-2.151516,0.33843106
2159,-1.8968599,0.371357
2160,-1.8552591,0.35344806
2161,-1.7443748,0.32408175
2162,-1.4455065,0.19053593
2163,-1.3687617,0.15821818
2164,-1.6257464,0.3182561
2165,-1.7767063,0.30531812
2166,-1.7002574,0.27931824
2167,-1.7159333,0.3142402
2168,-1.2312772,0.19553898
2169,-1.5205222,0.2400607
2170,-1.7510468,0.3039717
2171,-0.21234594,0.39874533
2172,-1.8659846,0.3519986
2173,1.2388372,1.9035375
2174,-1.9605643,0.38069543
2175,-1.8352013,0.28224698
2176,-1.7598121,0.36377966
2177,-1.9230893,0.33492547
2178,-1.5462067,0.22477765
2179,-1.6389382,0.26463366
2180,-0.3474265,0.32073504
2181,-1.7836958,0.29003844
2182,-1.7303835,0.27610597
2183,-1.9894096,0.2996567
2184,-0.20844091,0.2285597
2185,-1.403591,0.2340357
2186,-2.0100758,0.36847743
2187,-1.9728348,0.3113505
2188,-1.5520476,0.28399742
2189,-0.19452736,0.23740403
2190,-1.6673397,0.3438126
2191,-1.7629601,0.32590005
2192,-2.197594,0.3155918
2193,-1.61388,0.28637245
2194,-1.3381097,0.21675213
2195,-1.9652125,0.354604
2196,-1.5070623,0.27075374
2197,-1.9137261,0.37137482
2198,-0.33567485,0.50031966
2199,-1.5777788,0.27972996
2200,-1.8615526,0.34417793
2201,-1.8232224,0.33224052
2202,-1.691517,0.26958194
2203,-1.8800044,0.29510072
2204,-2.139152,0.39154658
2205,-0.26638934,0.53044796
2206,-1.7984049,0.31146768
2207,-1.6953429,0.2793077
2208,-1.7948564,0.4044834
2209,-1.9946669,0.35348043
2210,-1.733452,0.30757424
2211,-1.9949721,0.35870808
2212,-1.6494209,0.32413694
2213,-1.7546272,0.27420023
2214,-1.7190757,0.3379582
2215,-0.2432774,0.21677004
2216,-1.5051777,0.21023202
2217,-1.4467189,0.25297546
2218,-1.8374976,0.37316164
2219,-1.8763522,0.31965938
2220,-1.9486812,0.3431434
2221,-1.5659304,0.28797567
2222,-1.5466362,0.32951877
2223,-1.7994926,0.29989943
2224,-1.9305223,0.3972682
2225,-1.7800443,0.30862725
2226,-1.9536713,0.31520683
2227,-1.8118536,0.28824046
2228,-1.543971,0.26417518
2229,-1.6209157,0.31335422
2230,-1.4008919,0.24504521
2231,-1.3425014,0.24921072
2232,-1.5334249,0.31356052
2233,-1.7712227,0.31311524
2234,-1.8799589,0.32835847
2235,-2.024878,0.35676107
2236,-1.7032387,0.33170578
2237,-1.6523304,0.29968047
2238,-1.9343375,0.32452115
2239,-1.8766438,0.30778715
2240,-0.22033341,0.26341614
2241,-1.5737084,0.2958012
2242,-1.4785672,0.26503912
2243,-1.8139356,0.2936444
2244,-1.9135275,0.31797892
2245,-1.6286796,0.21660095
2246,-0.124812886,0.24903542
2247,-1.803993,0.35508454
2248,-1.7574198,0.28376618
2249,-1.7310143,0.29286397
2250,-1.6869823,0.28289834
2251,-0.44079542,0.40951657
2252,-1.836646,0.26097733
2253,-1.8040444,0.3426194
2254,-1.4059719,0.25164795
2255,-1.8392636,0.4148155
2256,-1.7163243,0.29372528
2257,-1.7862158,0.30428684
2258,-1.8500257,0.36429211
2259,-1.8335699,0.33034888
2260,-1.4047542,0.25993258
2261,-2.0273287,0.35800302
2262,-1.4535971,0.239006
2263,-1.9090613,0.43028522
2264,-1.98518,0.37256226
2265,-1.9232486,0.3426064
2266,-1.6024514,0.23657195
2267,-1.1783984,0.19381937
2268,-1.6898934,0.25579816
2269,-1.792094,0.28615472
2270,-0.37548617,0.51755834
2271,-1.1481407,0.19436973
2272,-1.6886498,0.29372
2273,-2.215171,0.49231482
2274,0.73714846,2.0269723
2275,-1.653986,0.28316537
2276,-1.7756859,0.41077793
2277,-1.6234243,0.28545025
2278,-1.6466511,0.31253746
2279,-1.8924568,0.33132026
2280,-1.395555,0.2682587
2281,-1.8900276,0.32160965
2282,-1.5211214,0.34131825
2283,-1.8301183,0.38616905
2284,-2.0248065,0.32817924
2285,-1.7424859,0.27350816
2286,-1.8880695,0.38315126
2287,-1.7238967,0.31225568
2288,-0.2576716,0.46548074
2289,-1.4164104,0.19621705
2290,-1.8535941,0.31198555
2291,-1.6732501,0.39041558
2292,-1.493257,0.3229347
2293,-1.7284856,0.36817667
2294,-2.0236576,0.3105389
2295,-1.8865601,0.2713327
2296,-2.1712995,0.45077246
2297,-1.8283343,0.3036001
2298,-1.9481021,0.38810942
2299,-1.4129245,0.2297524
2300,-1.7590176,0.31014866
2301,-1.2704041,0.21890913
2302,-1.8279915,0.2745175
2303,-1.7328444,0.3398869
2304,-1.6101972,0.28516242
2305,-1.9172558,0.3741873
2306,-2.2756782,0.4362836
2307,-1.9092777,0.42252615
2308,-0.01832795,0.29393286
2309,-1.4928676,0.18072583
2310,-1.5320003,0.28750703
2311,-1.57207,0.25781053
2312,-1.8605515,0.3082854
2313,-1.4730443,0.2813296
2314,-1.5736527,0.23503682
2315,-1.7629923,0.33785793
2316,-1.4586632,0.24596062
2317,-0.33500022,0.35418472
2318,-1.8847537,0.35847205
2319,-1.6789144,0.34444392
2320,-1.6778946,0.24343055
2321,-1.7320303,0.3359095
2322,-1.5640662,0.23230763
2323,-2.1799905,0.41536444
2324,-1.5794946,0.23563635
2325,-1.3998249,0.27425736
2326,-1.8379964,0.3458755
2327,-2.2546387,0.39258084
2328,-2.1022823,0.43788606
2329,-1.580025,0.2619066
2330,-1.7606844,0.3582982
2331,-1.933966,0.31869647
2332,-1.6725798,0.31159627
2333,-0.36561137,0.5093459
2334,-1.7990389,0.35017627
2335,-1.8532676,0.339737
2336,-0.88664556,0.2721275
2337,-2.1201499,0.4160613
2338,-1.5012614,0.32305747
2339,-1.8070575,0.36538443
2340,-1.4872872,0.23603939
2341,-2.0251775,0.30155134
2342,-1.6585339,0.28449032
2343,-1.1909016,0.15636493
2344,-0.15469193,0.34888178
2345,-0.24281415,0.3103243
2346,-1.9452287,0.3154362
2347,-1.8589888,0.28873736
2348,-1.334329,0.17094864
2349,-1.6897845,0.31755438
2350,-1.78504,0.29229468
2351,-1.4256912,0.24826147
2352,-0.036513336,0.21187195
2353,-1.6697167,0.30415556
2354,-1.2898418,0.2711108
2355,-1.5041069,0.26182115
2356,-1.487046,0.27626428
2357,-1.8815538,0.34338805
2358,-1.9785031,0.35381564
2359,-1.7693769,0.35601273
2360,-1.448755,0.27659544
2361,-0.19646958,0.35628578
2362,-1.6593343,0.30050817
2363,-2.0589905,0.3429343
2364,-1.7985964,0.26396838
2365,-0.41150123,0.3393545
2366,-1.802172,0.32867208
2367,-1.5245687,0.2563268
2368,-0.064685516,0.27518207
2369,-1.8347181,0.2963993
2370,-1.701209,0.3036907
2371,-1.2149258,0.2110841
2372,-1.8663061,0.4061155
2373,-0.26030725,0.31891215
2374,-2.0705,0.33998173
2375,-1.8423898,0.3380514
2376,-1.9166199,0.32725543
2377,-1.9169289,0.31979898
2378,-1.76466,0.26048633
2379,-1.6999133,0.31649595
2380,-1.8601434,0.4204411
2381,-1.7197388,0.2981558
2382,-1.6500903,0.35506788
2383,0.24021211,0.7663032
2384,-2.298188,0.45821422
2385,-1.6874672,0.26093298
2386,-1.6436235,0.33197197
2387,-1.762047,0.29260504
2388,-1.9823287,0.42859957
2389,-0.31962585,0.47494504
2390,-0.51616,0.6483831
2391,-1.6245741,0.23992923
2392,-1.8238882,0.2704481
2393,-2.3521953,0.49317005
2394,-1.4433662,0.27771774
2395,-1.7007263,0.28374743
2396,-0.115532234,0.6250135
2397,-1.6734338,0.31527328
2398,-1.7598387,0.28066564
2399,-1.6114695,0.2767924
2400,-1.5117906,0.29155782
2401,-1.3596323,0.20946208
2402,-1.539267,0.24711536
2403,-1.8710158,0.4051149
2404,-1.7574712,0.31608504
2405,-1.163023,0.21607484
2406,-1.41291,0.28505638
2407,-1.5783132,0.29675788
2408,-2.040155,0.38246703
2409,-0.583914,0.62336856
2410,-0.29755402,0.4632719
2411,-1.4907647,0.24613993
2412,-1.5410832,0.29274878
2413,-1.7142493,0.3145494
2414,-1.485525,0.24632746
2415,-1.5062549,0.27699998
2416,-2.0812516,0.3188408
2417,-0.03558528,0.37207872
2418,-1.6726393,0.31082752
2419,-1.4085718,0.18583447
2420,-1.4818058,0.33703238
2421,-1.6095983,0.26503333
2422,-1.7768368,0.31281018
2423,-1.9883753,0.2979081
2424,-2.0325468,0.28790045
2425,-1.6236571,0.3345868
2426,-2.0942078,0.43847868
2427,-0.48378006,0.514222
2428,-1.7401633,0.35772967
2429,-1.7573115,0.3049326
2430,-1.6706314,0.25133914
2431,-2.1162667,0.39035887
2432,-1.7389807,0.36208034
2433,-2.2531662,0.44304883
2434,-1.7177901,0.37522775
2435,-1.7524407,0.28787583
2436,-1.3234582,0.15743999
2437,-1.8077364,0.29354346
2438,-1.9418232,0.38382414
2439,-1.4044855,0.27188382
2440,-1.9564916,0.392831
2441,-0.050533317,0.25811738
2442,-1.8613274,0.2958074
2443,-1.8065717,0.2675789
2444,-1.7826964,0.33739316
2445,-1.4924021,0.22255251
2446,-1.519473,0.28767723
2447,-1.5317763,0.26562828
2448,-1.7821016,0.34565884
2449,-2.2561603,0.3637846
2450,-1.6092021,0.29008213
2451,-1.7387371,0.34531996
2452,-1.8096144,0.31705204
2453,-1.9236283,0.40010345
2454,-1.7664697,0.29615206
2455,-1.4500657,0.2869554
2456,-1.7040501,0.312807
2457,-1.4256052,0.20022939
2458,-1.6756638,0.27189216
2459,-1.6865118,0.2881203
2460,-1.6008781,0.24742503
2461,-1.9771895,0.32760793
2462,-1.5841422,0.2928124
2463,-2.0655966,0.2803595
2464,-1.5454938,0.29802546
2465,-0.08175577,0.4578134
2466,-1.7478101,0.3277904
2467,-1.767176,0.36231402
2468,-1.6550912,0.29598308
2469,-1.4183758,0.21966502
2470,-1.7800573,0.3216596
2471,-1.6349328,0.30198732
2472,-2.4046154,0.37610498
2473,-1.679522,0.32366267
2474,-1.6839372,0.26549155
2475,-1.3940017,0.22511373
2476,-0.06405404,0.2580552
2477,-2.0618265,0.3833981
2478,-1.7427621,0.30640045
2479,-1.9364318,0.3579707
2480,-1.5691209,0.32413262
2481,-0.06752551,0.24033768
2482,-1.5560957,0.28726962
2483,-1.5554024,0.2511921
2484,-1.6648666,0.27799743
2485,-2.129061,0.34079415
2486,-2.1111534,0.31615725
2487,-1.6754525,0.32059866
2488,-1.1085975,0.18098699
2489,-1.7293891,0.3527083
2490,-1.5935682,0.24286984
2491,-1.8974379,0.27133712
2492,-1.338869,0.2620581
2493,-1.8309786,0.33225065
2494,-1.7388057,0.27373233
2495,-1.78428,0.36234385
2496,-1.897307,0.35151315
2497,-1.4996686,0.2915049
2498,-1.8063438,0.36701053
2499,0.06776369,1.1976037
2500,-1.6960473,0.30326924
2501,-1.832876,0.364172
2502,-1.6709065,0.29075214
2503,-1.544151,0.27811342
2504,-1.8207251,0.37284237
2505,-1.8136022,0.30244386
2506,-0.58357596,0.33902645
2507,-1.8284866,0.307595
2508,-2.0523832,0.35181037
2509,-1.8596438,0.30929285
2510,-2.0611877,0.3576783
2511,-1.7928109,0.3173596
2512,-1.616081,0.33485997
2513,-1.8003503,0.4140003
2514,-1.3232465,0.20722723
2515,-1.4718449,0.32327753
2516,-1.603405,0.23029317
2517,0.008405727,0.5394358
2518,-1.8620509,0.30237097
2519,-1.7791656,0.2878009
2520,-1.5101156,0.26791146
2521,-0.21342573,0.21332085
2522,-1.8808488,0.33200604
2523,-2.003425,0.40046248
2524,-2.0384352,0.37951177
2525,-1.8555847,0.30843052
2526,-1.5391209,0.25531283
2527,-1.6979158,0.27481884
2528,-1.6766549,0.2689152
2529,-1.6115044,0.3072932
2530,-1.7499686,0.36552408
2531,-1.8838036,0.30468312
2532,-1.7301985,0.3436393
2533,-1.6854374,0.33714515
2534,-2.215199,0.4565876
2535,-1.8801553,0.34507212
2536,-2.2017796,0.394912
2537,-1.7627399,0.35436743
2538,-0.19148912,0.29208824
2539,-0.32140875,0.40276524
2540,-1.9528389,0.38590732
2541,-1.6099645,0.2771892
2542,-1.7109711,0.28665906
2543,-1.432346,0.24682534
2544,-1.971385,0.36445504
2545,-1.7878331,0.3131214
2546,-1.9672529,0.39519355
2547,-0.257986,0.28808194
2548,-1.9797422,0.33222649
2549,-1.7028676,0.32000667
2550,-1.4826177,0.26477686
2551,-1.7327555,0.31173888
2552,-1.8258569,0.32032886
2553,-1.6680425,0.34532258
2554,-0.34780523,0.2883265
2555,-1.6465267,0.26180252
2556,-1.4604555,0.2885362
2557,-2.1595318,0.36581826
2558,-2.0136955,0.46592763
2559,-1.0515424,0.17639366
2560,-1.9946128,0.35544696
2561,-1.9638917,0.3173183
2562,-1.7561057,0.3312661
2563,-1.6731932,0.26160216
2564,-2.228169,0.3042975
2565,-1.5259846,0.29377
2566,-1.9806209,0.32012787
2567,-1.510563,0.31673175
2568,-1.8993512,0.3512783
2569,0.08047164,0.38426217
2570,-1.4274741,0.30207098
2571,-1.3494556,0.22459106
2572,-1.837909,0.3101305
2573,-1.972823,0.37829417
2574,-1.8779318,0.32414383
2575,-1.9752992,0.25073218
2576,-1.9512,0.37936288
2577,-1.6399934,0.2725505
2578,-0.27949655,0.4471743
2579,-1.8452785,0.37291962
2580,-1.4256278,0.26729783
2581,-1.478721,0.25534788
2582,-1.4435613,0.3105841
2583,-1.9359554,0.37577423
2584,-1.7174318,0.2759216
2585,-1.8374286,0.37582994
2586,-0.30062518,0.43697134
2587,-1.4992385,0.2754408
2588,-2.3305626,0.3558922
2589,-1.9655142,0.30719477
2590,-1.8864833,0.32593513
2591,-0.15485348,0.24254434
2592,-1.4561366,0.25139442
2593,-1.9215814,0.35829344
2594,-1.678891,0.33170846
2595,-1.5180789,0.22997403
2596,-1.8027319,0.3316105
2597,-1.1348865,0.16679056
2598,-1.8795546,0.27259198
2599,-1.5872545,0.26252127
2600,-1.8918906,0.35611165
2601,-1.3462839,0.20208247
2602,-1.5405593,0.27200124
2603,-1.4825246,0.29034618
2604,-0.5703984,0.7237772
2605,-1.8739667,0.3518058
2606,-1.9039072,0.36194298
2607,-1.7453328,0.38506404
2608,-1.7211905,0.29263085
2609,-1.8123025,0.41828576
2610,-1.9593196,0.35747704
2611,-1.7351648,0.3477134
2612,-1.9803233,0.333061
2613,-1.8234985,0.27487907
2614,-1.4000889,0.24225225
2615,-1.7420641,0.3183351
2616,-2.0830104,0.35089815
2617,-1.6097802,0.27036557
2618,-1.368175,0.27374426
2619,-1.6808854,0.31700978
2620,-1.9720938,0.3740416
2621,-1.9114685,0.36080652
2622,-1.5904242,0.25441533
2623,-1.7956368,0.29177383
2624,-0.33699808,0.25975806
2625,-1.4040152,0.2911495
2626,-1.5466213,0.26716107
2627,-1.5435964,0.29531357
2628,-1.4611173,0.252047
2629,-1.9578465,0.31144232
2630,-1.8925133,0.34042948
2631,-1.6850712,0.28900936
2632,-2.0132704,0.35055748
2633,-2.019684,0.36899754
2634,-1.7324339,0.26618645
2635,-1.7348709,0.2872685
2636,-1.6434889,0.36155626
2637,-1.6025265,0.26023567
2638,-0.30499208,0.4125515
2639,-1.887318,0.3082293
2640,-1.7886568,0.35404626
2641,-0.037132934,0.25880498
2642,-1.9404925,0.32517266
2643,-1.7423464,0.3371037
2644,-1.8119515,0.25879353
2645,-2.1234524,0.2751874
2646,-1.9705979,0.37599823
2647,-0.63403183,0.28777364
2648,-1.3380014,0.2631595
2649,-1.8470536,0.3689928
2650,-1.5798272,0.3365927
2651,-1.637301,0.29149067
2652,-1.8289604,0.33161986
2653,-1.3030397,0.18659024
2654,-0.08311097,0.2502238
2655,-1.8268242,0.25740784
2656,-1.5204898,0.25802186
2657,-0.02281077,0.32683635
2658,-1.8109858,0.38198802
2659,-1.6545678,0.24505496
2660,-1.9671206,0.41868442
2661,-1.6713424,0.28310883
2662,-0.37938297,0.47489753
2663,0.07944713,0.5744843
2664,-1.4562141,0.23508166
2665,-1.5959877,0.29887366
2666,-2.0217109,0.30565226
2667,-1.5402011,0.27273473
2668,-1.499835,0.29612184
2669,-1.2942653,0.21941446
2670,-1.5570887,0.27608398
2671,-1.3910078,0.21402602
2672,-1.497693,0.34842122
2673,-1.6499268,0.26183617
2674,-0.38018066,0.3698775
2675,-1.8472407,0.33908835
2676,-1.7197545,0.3212012
2677,-1.6863251,0.29781333
2678,-1.8158022,0.2663479
2679,-1.9860834,0.34257638
2680,-1.5685252,0.33825868
2681,-2.1422808,0.3866681
2682,-1.8952405,0.3774372
2683,-1.8674262,0.32482505
2684,-1.6063364,0.25090444
2685,-2.0088902,0.42765749
2686,-2.168497,0.38129157
2687,-1.9401921,0.3572824
2688,-1.5090497,0.27846193
2689,-1.8579228,0.26670498
2690,-1.413562,0.24730773
2691,-2.1551292,0.45485848
2692,-1.8371834,0.3408648
2693,-1.8007241,0.33636534
2694,-1.3914357,0.2281077
2695,-1.4521784,0.24822439
2696,-1.7996341,0.3258575
2697,-1.6368434,0.2570336
2698,-1.8289951,0.3685583
2699,-1.7694434,0.2932524
2700,-0.48370665,0.34363496
2701,-0.10913626,0.20290425
2702,-1.7580035,0.3297062
2703,-1.2402209,0.2350806
2704,-1.8907368,0.29782656
2705,-1.9662471,0.28573096
2706,-0.13259032,0.40668982
2707,-1.4073983,0.26039642
2708,-1.4852977,0.26067007
2709,-1.6588625,0.32524046
2710,-2.0710757,0.32910702
2711,-1.450456,0.28367227
2712,-1.3952991,0.17610532
2713,-1.7760539,0.29761848
2714,-0.2011635,0.2448346
2715,-1.7919234,0.33136997
2716,-2.0987697,0.43700433
2717,-2.104521,0.36050895
2718,-1.8195211,0.2770348
2719,-1.783075,0.34860188
2720,-1.7298783,0.2739961
2721,-1.4604677,0.27008706
2722,-1.3842697,0.20358329
2723,-2.006575,0.29976836
2724,-0.9080423,1.0342749
2725,-1.5453787,0.2869063
2726,-0.034778565,0.31186882
2727,-1.4779058,0.19387677
2728,-1.8733417,0.3477764
2729,-1.5847431,0.27729672
2730,-1.7005261,0.2234603
2731,-1.9263626,0.32639766
2732,-0.39865875,0.3686114
2733,-1.3366737,0.25584
2734,-1.7613783,0.31271487
2735,-1.5943372,0.30734915
2736,-1.4674869,0.2943623
2737,-1.4428631,0.1960138
2738,-1.5936267,0.27881062
2739,-2.074021,0.3725927
2740,-1.8467146,0.3508171
2741,-1.689154,0.2832832
2742,-1.811532,0.33237243
2743,-1.6633147,0.25752193
2744,-1.8617543,0.36560726
2745,-1.7390207,0.2944041
2746,-1.4449751,0.25189292
2747,-1.754942,0.3298505
2748,-1.6041802,0.32374728
2749,-0.07054134,0.22912468
2750,-1.6446368,0.29595643
2751,-1.6536725,0.2801671
2752,-1.8783585,0.3216078
2753,-1.5769347,0.2981504
2754,-1.6408567,0.3717415
2755,-1.4336776,0.25298154
2756,-1.7496921,0.33689138
2757,-1.4396067,0.26919186
2758,-1.6722064,0.3210973
2759,-2.0180123,0.3542998
2760,-1.7962347,0.36364684
2761,-1.7200694,0.3045512
2762,-1.9376081,0.3551808
2763,-0.11509653,0.31526476
2764,-0.38299534,0.46015596
2765,-1.8280065,0.32287997
2766,-1.8167061,0.35803902
2767,-1.6220728,0.34936103
2768,-1.726278,0.32030523
2769,-1.434322,0.26232293
2770,-1.7938044,0.35806516
2771,-1.6112531,0.34046748
2772,-1.9386967,0.37769532
2773,-1.7007785,0.32610956
2774,-1.9641162,0.2995416
2775,-1.7856398,0.30360353
2776,-1.9051197,0.3868061
2777,-1.3052742,0.15850024
2778,-1.7464496,0.35977998
2779,-1.5331213,0.29740718
2780,-1.8139632,0.32816088
2781,-1.6694928,0.35220507
2782,3.163444,2.0168076
2783,-1.7588785,0.33649018
2784,-1.433951,0.21103218
2785,-1.6770136,0.3372148
2786,-1.6255533,0.31725386
2787,-1.8227036,0.46723524
2788,-1.6364231,0.2906007
2789,-1.6768187,0.2649365
2790,-0.5318693,0.58454
2791,-1.5179932,0.32028028
2792,-2.0412698,0.3607438
2793,-2.0463777,0.35453436
2794,0.005334684,0.32058966
2795,-1.3734255,0.22427395
2796,-1.9444504,0.34194663
2797,-1.9491719,0.3711576
2798,-1.9309953,0.36930498
2799,-1.9557183,0.39621872
2800,-1.7318575,0.34242526
2801,-1.9278984,0.2865449
2802,-2.1492386,0.35951337
2803,-0.3556748,0.26569703
2804,-1.9749727,0.30558053
2805,-0.13165998,0.42137295
2806,-1.7781374,0.27357474
2807,-0.23256896,0.39424154
2808,-1.2945619,0.24329789
2809,-1.6287433,0.29331142
2810,-1.939631,0.33102736
2811,-1.6055704,0.27815276
2812,-0.10939017,0.2115002
2813,-1.9133116,0.40187266
2814,-1.7144922,0.2899629
2815,-1.9667658,0.39737004
2816,-1.5461211,0.28875837
2817,-1.9456718,0.29657233
2818,-1.8954203,0.33948487
2819,-2.1208918,0.41282913
2820,-1.6186794,0.25523034
2821,-0.4154122,0.5101913
2822,-0.27894223,0.44751105
2823,-1.9769536,0.42181915
2824,-2.151422,0.3569732
2825,-1.7671694,0.26502576
2826,-2.1886573,0.433407
2827,-1.2876111,0.23731452
2828,-1.6931124,0.3970141
2829,-1.6762339,0.3301662
2830,-1.6201208,0.27807203
2831,-0.1441395,0.36222497
2832,-2.0194097,0.375006
2833,-1.8185503,0.29273665
2834,-1.6970971,0.29303572
2835,-1.8390408,0.3296814
2836,-0.2061345,0.27216232
2837,-0.12761365,0.3175019
2838,-1.6456871,0.26481178
2839,-1.456599,0.25403765
2840,-1.9001551,0.35845125
2841,-1.4300966,0.28108874
2842,-1.7864382,0.31942523
2843,-2.0489645,0.29145557
2844,-2.003277,0.39689165
2845,-0.48644158,0.26261792
2846,-1.7296916,0.37497398
2847,-2.0379312,0.37971392
2848,-0.37686005,0.46936288
2849,-1.6369249,0.23499022
2850,-2.1438339,0.36826488
2851,-0.045405228,0.29384008
2852,-1.5056844,0.20498854
2853,-1.3906373,0.21811908
2854,-1.8096,0.30321687
2855,-2.0481665,0.3909874
2856,-1.9611331,0.3467636
2857,-0.45361432,0.25362644
2858,-0.01656578,0.28549582
2859,-1.8845617,0.29719305
2860,-1.8607942,0.38344005
2861,-2.0534408,0.35375255
2862,-1.9482052,0.28012046
2863,-1.6655518,0.26692182
2864,-1.8524988,0.31973714
2865,-1.7013631,0.26194084
2866,-1.613544,0.3310436
2867,-1.5137465,0.33417946
2868,-2.1230323,0.35773155
2869,-1.5662977,0.3384256
2870,-1.6169242,0.26050478
2871,-1.7249467,0.32100633
2872,-0.34016746,0.47100928
2873,-1.7509842,0.29136476
2874,-1.7690217,0.34975258
2875,-1.3209716,0.22013158
2876,-0.23599786,0.32737705
2877,-1.6981553,0.28598565
2878,-1.6728983,0.25312024
2879,-1.5260898,0.2502815
2880,-1.7919877,0.3186444
2881,-2.0393438,0.39519483
2882,-1.587984,0.25415954
2883,-0.18847466,0.23962511
2884,-1.5639334,0.32921085
2885,-1.7693939,0.28190133
2886,-1.6181619,0.295431
2887,-1.6180348,0.30769134
2888,-1.574668,0.33230218
2889,-1.7106919,0.2635024
2890,-1.6550332,0.30595472
2891,-1.7212005,0.31232515
2892,-1.5689572,0.29093656
2893,-1.6056945,0.30879316
2894,-1.6526271,0.2729125
2895,-1.5824128,0.23850049
2896,-1.8765423,0.3378508
2897,-1.7332554,0.31245604
2898,-1.6639813,0.27940094
2899,-1.5771272,0.3527963
2900,-0.40654144,0.58633226
2901,-1.7990367,0.29978558
2902,-1.395516,0.29797754
2903,-1.8749721,0.3265872
2904,-1.5420154,0.2606844
2905,-1.7726905,0.30411208
2906,-1.8557602,0.34928414
2907,-1.8467643,0.2945635
2908,-1.9153849,0.41460285
2909,-2.148896,0.3267462
2910,-1.4799318,0.27880973
2911,-1.8702468,0.30383208
2912,-2.0171506,0.42952403
2913,-2.2849627,0.40321395
2914,-1.944341,0.35590822
2915,-1.3266613,0.16080324
2916,-1.936517,0.3510864
2917,-1.8482624,0.3804863
2918,-1.6254846,0.26462758
2919,-1.4907035,0.25469136
2920,-2.067407,0.39164788
2921,-1.7562602,0.34816328
2922,-1.3094817,0.1669221
2923,-0.1210842,0.22516958
2924,-1.8870156,0.3984754
2925,-1.4003073,0.21866234
2926,-1.7732328,0.35812566
2927,-1.8263958,0.24281345
2928,-1.7387775,0.303482
2929,-1.827789,0.3937505
2930,-1.5215096,0.227947
2931,-1.8096606,0.28783622
2932,-1.4237343,0.23500936
2933,-1.5071496,0.31816098
2934,-1.4577653,0.24505076
2935,-1.3080393,0.172136
2936,-0.32929847,0.23491792
2937,-1.609745,0.23659457
2938,-1.9428169,0.32335842
2939,-1.577238,0.26418403
2940,-1.5442842,0.26835987
2941,-1.5422361,0.21955267
2942,-1.6742296,0.21496224
2943,-1.2935301,0.20520604
2944,-2.1972594,0.4468749
2945,0.005567237,0.2520986
2946,-1.7433369,0.27931103
2947,-1.665719,0.34518057
2948,-1.779681,0.30267543
2949,-1.4711881,0.2313793
2950,-1.6436399,0.27061468
2951,-1.7776511,0.26368374
2952,-1.8043011,0.3139449
2953,-1.9302003,0.3317774
2954,-2.0628679,0.3572955
2955,-1.6942034,0.26426873
2956,-1.4536692,0.2143886
2957,-1.8620042,0.3466972
2958,-1.8299533,0.28848812
2959,-1.7187002,0.29379612
2960,-1.8057656,0.34064782
2961,-1.9988012,0.37843618
2962,-1.2426213,0.65094846
2963,-1.8425715,0.32445362
2964,-1.5375564,0.29616237
2965,-0.36182612,0.6016315
2966,-0.29778314,0.54952437
2967,-1.4594151,0.22550324
2968,-1.842607,0.3411682
2969,-1.6940091,0.2912158
2970,-1.6605178,0.28135386
2971,-1.924169,0.30341932
2972,-1.8526169,0.2919929
2973,-1.4805256,0.3273526
2974,-1.6346786,0.345145
2975,-1.8286012,0.33823013
2976,-2.0506058,0.34149286
2977,-1.3306206,0.21701996
2978,-1.4222332,0.28698254
2979,-1.860095,0.26789007
2980,-0.5973452,0.3123474
2981,-1.81454,0.40454283
2982,-1.6378369,0.30402994
2983,-1.5809008,0.25296336
2984,-2.3691564,0.5123718
2985,-2.1468043,0.35632932
2986,-1.5536262,0.2536103
2987,-1.7876788,0.3329328
2988,-1.440389,0.27046466
2989,-1.4976765,0.27956885
2990,-1.6845559,0.29661873
2991,-1.8234377,0.31493613
2992,-0.094566114,0.23026848
2993,-1.4242806,0.26749954
2994,-1.8728116,0.3497387
2995,-1.7240433,0.36303216
2996,-1.9678006,0.34345353
2997,-1.5764672,0.29420933
2998,-1.6767962,0.35466447
2999,-1.8129051,0.29296124
3000,-0.24900934,0.3408307
3001,-1.9542968,0.28567833
3002,-1.9010978,0.3751739
3003,-1.4505695,0.26766354
3004,-1.4934099,0.29363492
3005,-1.9212154,0.33334753
3006,-1.6342515,0.2485257
3007,-1.818922,0.35530788
3008,-1.6355758,0.3336088
3009,-1.5355704,0.22944568
3010,-1.7291982,0.3133671
3011,-1.482715,0.31057122
3012,-1.6655256,0.27863312
3013,-1.6318767,0.38460803
3014,-1.734542,0.33148333
3015,-1.4382023,0.30766696
3016,-1.6881334,0.2915327
3017,-1.7904484,0.37095565
3018,-0.28234804,0.43164134
3019,-0.25145608,0.2805471
3020,-1.2792854,0.13506818
3021,-2.0880673,0.3165284
3022,-0.08321462,0.26379353
3023,-1.6564015,0.28029433
3024,-1.9725505,0.41788825
3025,-1.6659931,0.3080309
3026,-1.8126675,0.37492204
3027,-1.7458035,0.3205527
3028,-1.7407755,0.306339
3029,-1.6649032,0.23660696
3030,-1.973728,0.37205124
3031,-1.7780733,0.3266807
3032,-1.2951891,0.34665588
3033,-1.8450963,0.2721381
3034,-1.6573741,0.2867249
3035,-1.746292,0.2825752
3036,-1.227337,0.2084958
3037,-1.4241052,0.28664866
3038,-1.2392683,0.14842163
3039,-1.9986105,0.2812815
3040,-1.9283582,0.30937943
3041,-1.5365779,0.25266027
3042,-1.6632122,0.30306286
3043,-2.0741475,0.30742604
3044,-1.8421417,0.34814042
3045,-1.578521,0.29132253
3046,-1.6584923,0.33099818
3047,-1.6092887,0.27336594
3048,-1.5379092,0.23452988
3049,-2.0001836,0.35960475
3050,-1.7285563,0.25262243
3051,-2.1509004,0.43227473
3052,-1.6804818,0.28515622
3053,-1.5053358,0.27346212
3054,-0.4776166,0.2765138
3055,-0.4055351,0.30295345
3056,-1.8530205,0.41424534
3057,-1.9456439,0.4101832
3058,-1.6057854,0.27440295
3059,-1.166983,0.17892599
3060,-1.9468049,0.3158409
3061,-1.5855182,0.2887828
3062,-1.7830132,0.30666226
3063,-1.9758456,0.3789822
3064,-2.2413278,0.38737997
3065,-1.6621287,0.3216678
3066,-0.23420678,0.63169366
3067,-1.5265788,0.3160145
3068,-1.6950029,0.29261702
3069,-1.7085505,0.32175928
3070,-1.9196395,0.34501332
3071,-2.0447834,0.40219435
3072,-1.6122509,0.27607495
3073,-1.5117414,0.24591504
3074,-1.3260181,0.21837018
3075,-0.14982525,0.2894973
3076,-1.85167,0.3607501
3077,-2.1236503,0.4054922
3078,-1.6708053,0.29016182
3079,-1.9825795,0.3366917
3080,-1.3988551,0.23624885
3081,-2.185364,0.40333155
3082,-1.7183737,0.2942042
3083,-0.6754396,1.7638505
3084,-1.5944599,0.2409938
3085,-1.8504597,0.37904844
3086,-1.3361026,0.22480907
3087,-0.8204287,0.27247497
3088,-1.8446587,0.33284613
3089,-1.8061794,0.3511649
3090,-1.6006695,0.27306467
3091,-1.4636416,0.2597767
3092,-0.6844278,0.33505616
3093,-1.8070632,0.30512786
3094,-0.35587358,0.6215804
3095,-1.595396,0.2719529
3096,-1.5671598,0.26721126
3097,-2.1443007,0.36088616
3098,-1.5279785,0.2636039
3099,-2.036814,0.34128067
3100,-1.5540798,0.2690309
3101,-1.70224,0.29477918
3102,-1.5289346,0.28400925
3103,-1.6071659,0.2663112
3104,-1.4958488,0.33540997
3105,-1.5434011,0.25100356
3106,-0.3530175,0.42355183
3107,-0.21695781,0.39090443
3108,-1.9863765,0.34089464
3109,-1.5352316,0.23446836
3110,-0.16525738,0.34071404
3111,-1.6202177,0.2963879
3112,-1.8984059,0.38396075
3113,-1.4236768,0.2727674
3114,-1.344534,0.14829303
3115,-1.8188928,0.3663495
3116,-1.9748894,0.36347008
3117,-1.9091405,0.33211657
3118,-1.7705617,0.28958902
3119,-1.9171811,0.28910875
3120,-2.050498,0.4102019
3121,-2.0725653,0.34905502
3122,-1.5038048,0.23531546
3123,-1.9863256,0.3353393
3124,-1.5584061,0.25818926
3125,-0.07175328,0.41711783
3126,-1.813873,0.33274835
3127,-1.7869135,0.34257013
3128,-1.5635065,0.34623775
3129,-1.8599892,0.38227072
3130,-1.8585856,0.3452722
3131,-1.6679635,0.29418346
3132,-1.690449,0.31398046
3133,-1.6850708,0.32853878
3134,-1.5666093,0.25820938
3135,-1.4990983,0.2283942
3136,-1.4739012,0.28184873
3137,-1.5718952,0.27729592
3138,-1.8785771,0.3435003
3139,-0.3670076,1.672657
3140,-1.3935268,0.24079263
3141,-1.5114149,0.27872884
3142,-1.5619022,0.24142309
3143,-1.2833494,0.18365864
3144,-1.0575701,0.30677894
3145,-2.10181,0.37459892
3146,-1.6565267,0.29494
3147,-1.919519,0.32021153
3148,-1.4280182,0.16520429
3149,-1.6551323,0.2970169
3150,-1.8271396,0.3427035
3151,-1.9982977,0.35059515
3152,-0.350242,0.64084375
3153,-1.494854,0.2578324
3154,-1.982625,0.36102572
3155,-1.5963949,0.3165615
3156,-1.8545074,0.30807486
3157,-0.33509,0.5617632
3158,-1.8024199,0.33424962
3159,-1.664232,0.28725335
3160,-1.8245558,0.3494682
3161,-1.6258359,0.2551933
3162,-1.7654009,0.25642928
3163,-1.719421,0.2924879
3164,-1.9376761,0.3738895
3165,-1.7277755,0.30920765
3166,-1.4031125,0.23343751
3167,-2.2642708,0.4197021
3168,-1.1762131,0.18908463
3169,-1.8633361,0.32889217
3170,-1.8919742,0.30647013
3171,-1.9633944,0.3220638
3172,-0.41984692,0.4401268
3173,-0.1786277,0.28110608
3174,-1.7172027,0.33343333
3175,-1.4280417,0.31160134
3176,-1.4851043,0.22628485
3177,-1.5283248,0.2629478
3178,-1.798891,0.36343148
3179,-2.0026524,0.33965138
3180,-2.0607243,0.41502544
3181,-2.1441045,0.39495125
3182,-1.6181397,0.29990292
3183,-1.8862281,0.2800665
3184,-1.8608956,0.31640232
3185,-2.115574,0.42657438
3186,-2.0506086,0.28662348
3187,-2.1541781,0.40680742
3188,-0.4374331,0.8236591
3189,-1.3691834,0.18519723
3190,-1.6986464,0.26298663
3191,-0.1401734,0.25964603
3192,-1.5622674,0.28608978
3193,-1.9279491,0.3152683
3194,-1.5983759,0.34668362
3195,-1.826658,0.29667634
3196,-1.8316383,0.3013442
3197,0.03902994,0.20462976
3198,-1.676853,0.24509634
3199,-1.7526376,0.36224675
3200,-1.6516632,0.28253996
3201,-1.7066671,0.2932671
3202,-1.8512241,0.34574214
3203,-1.6360825,0.31350583
3204,-1.5484425,0.2864343
3205,-0.1208357,0.30036756
3206,-1.9951539,0.36802897
3207,-0.60633075,0.29532704
3208,-1.9057055,0.39877278
3209,-1.46622,0.25492322
3210,-1.654932,0.28622183
3211,-1.2917995,0.21162531
3212,-1.6203609,0.2976927
3213,-1.3227391,0.24079816
3214,-0.11194726,0.22574902
3215,-1.7542223,0.2715496
3216,-1.4364781,0.19014923
3217,-1.7963501,0.30980355
3218,-1.6672392,0.21631765
3219,-1.5967089,0.27750328
3220,-2.0246098,0.37671405
3221,-1.5876629,0.29559004
3222,-1.6043086,0.2615707
3223,-2.0204594,0.39535114
3224,-1.2901273,0.2124589
3225,-1.5379218,0.2540887
3226,-1.8880672,0.3840161
3227,-2.106224,0.34583429
3228,-2.031555,0.38401356
3229,-1.3763753,0.28204325
3230,0.009172828,0.2648289
3231,-1.9792396,0.35294798
3232,-0.35519022,0.27844784
3233,-1.784152,0.33939248
3234,-0.3044382,0.42565072
3235,-1.5809209,0.2817582
3236,-1.6972864,0.37209824
3237,-1.9200348,0.37877008
3238,-1.5945919,0.31384084
3239,-1.3441125,0.20719784
3240,-1.7519472,0.31238642
3241,-1.917433,0.25677586
3242,-1.7865394,0.34946418
3243,-0.32811928,0.29868692
3244,-1.7979332,0.3766205
3245,-1.5396552,0.3016242
3246,-1.4181311,0.28010508
3247,-1.3214304,0.22854985
3248,-1.798203,0.26314825
3249,-1.9788336,0.33174115
3250,-1.7772769,0.30956993
3251,-1.7076608,0.2973913
3252,-0.28956515,0.52202255
3253,-2.3222315,0.43594813
3254,-1.6170803,0.2721185
3255,-1.9925736,0.34578928
3256,-2.0029945,0.467541
3257,-1.9173661,0.3299158
3258,-1.513019,0.28740582
3259,-1.9937764,0.31677392
3260,-1.5859493,0.29589045
3261,-1.6527742,0.22288866
3262,-2.0430138,0.3237542
3263,-1.4448868,0.26388732
3264,-1.6060266,0.23436907
3265,-0.28128365,0.44221452
3266,-1.239322,0.16622266
3267,-0.034069575,0.26068163
3268,-1.7747164,0.30870822
3269,-1.4987764,0.31875345
3270,-1.4036092,0.2904015
3271,-1.525646,0.2532173
3272,-2.0294852,0.34669018
3273,-1.9976306,0.36202458
3274,-1.9162635,0.3477365
3275,3.336093,2.7530534
3276,-1.6653997,0.3155118
3277,-1.5845991,0.3285716
3278,-1.579838,0.252747
3279,-1.7656014,0.33870906
3280,-1.9033486,0.30246928
3281,-0.56200147,0.27970073
3282,-1.7353461,0.300273
3283,-1.6175812,0.25939795
3284,-1.8258764,0.32986325
3285,-1.6392847,0.28409475
3286,-1.6803143,0.2852811
3287,-1.7634286,0.3378017
3288,-1.3843412,0.21124241
3289,-1.7438657,0.27318305
3290,-0.2537118,0.40577522
3291,-2.0112476,0.3857385
3292,-1.8227319,0.3055979
3293,-1.584734,0.30838993
3294,-1.5503689,0.29692376
3295,-1.5104702,0.2653876
3296,-1.8566456,0.36533347
3297,-1.9023191,0.33486262
3298,-1.6339074,0.2978199
3299,-1.553642,0.2792654
3300,-1.8578224,0.3638935
3301,-1.9310213,0.3302157
3302,-1.7405684,0.26597002
3303,-1.6103003,0.27782682
3304,-1.8020356,0.3367305
3305,-1.5540136,0.31507146
3306,-1.9286592,0.32959446
3307,-1.3641578,0.23090981
3308,-1.4333385,0.24876042
3309,-1.9714285,0.3401208
3310,-1.6501502,0.28076342
3311,-1.697899,0.2731166
3312,-1.6581615,0.295441
3313,-1.6770579,0.28536338
3314,-1.7831551,0.30465966
3315,-1.6847837,0.28346768
3316,-1.3721634,0.2031109
3317,-1.5534021,0.27045605
3318,0.05625467,0.2710249
3319,-1.4234066,0.25384143
3320,-1.595359,0.325167
3321,-0.262582,0.43988922
3322,-1.6860849,0.30427518
3323,-0.30047908,0.3882302
3324,-1.3338122,0.20981571
3325,-2.0052335,0.3357203
3326,-1.9824295,0.27640447
3327,-1.9549646,0.38372943
3328,-1.5026364,0.3001097
3329,-1.7657261,0.3616593
3330,-1.6995401,0.2925159
3331,-1.3764882,0.18504736
3332,-1.6389785,0.26456255
3333,-1.7102125,0.26713428
3334,-1.5976583,0.28963378
3335,-1.4988959,0.2921414
3336,-2.0374212,0.3676304
3337,-1.7275057,0.294518
3338,-1.667935,0.3267112
3339,-1.8409889,0.38136652
3340,-0.41647342,0.4788207
3341,-1.5849141,0.27930412
3342,-1.9355918,0.3801828
3343,-0.32105222,0.4705811
3344,-1.6404732,0.30859137
3345,-0.20904943,0.46072677
3346,-1.4280185,0.24973401
3347,-2.157229,0.3594129
3348,-1.6202044,0.28696737
3349,-1.5681052,0.25279596
3350,-1.5143497,0.28663042
3351,-1.8024079,0.32621995
3352,-1.660049,0.3071828
3353,-1.1152539,0.14342578
3354,-1.8866488,0.35702243
3355,-1.5680459,0.2751974
3356,-1.561029,0.22199325
3357,-1.6562419,0.33890092
3358,-1.2533909,0.21331307
3359,-1.6535002,0.3184064
3360,-1.8075081,0.31747824
3361,-1.6355087,0.28038675
3362,-2.067696,0.3507281
3363,-1.798433,0.35197031
3364,-1.6911341,0.37558526
3365,-1.8312242,0.34181428
3366,-1.6320662,0.30017215
3367,-0.5974122,0.4461413
3368,-1.4979472,0.3005332
3369,-1.7028941,0.25458643
3370,-1.4682142,0.24460664
3371,-1.5420046,0.2492166
3372,-1.6179879,0.30576253
3373,-0.40008035,0.5033821
3374,-1.5090322,0.25711256
3375,-2.2491174,0.41980115
3376,-1.5970864,0.2600797
3377,-1.6940056,0.25284013
3378,-1.3143411,0.19174245
3379,-0.7536652,0.45405442
3380,-1.5598276,0.30567908
3381,-1.6685004,0.41855145
3382,-1.7931476,0.33620638
3383,-1.7679118,0.26249894
3384,-0.23887897,0.2625403
3385,-0.24951181,0.4692062
3386,-1.4817957,0.22089712
3387,-1.7055165,0.27190673
3388,-1.3647488,0.25796643
3389,-1.4274234,0.18568486
3390,-2.1410496,0.40182814
3391,-1.8443085,0.35791028
3392,-1.4749051,0.23423806
3393,-1.672965,0.31156877
3394,-1.5798944,0.25911787
3395,-1.305448,0.2952926
3396,-1.9829454,0.3255256
3397,-1.8483487,0.29983157
3398,-1.5978032,0.34595275
3399,-1.6150472,0.225366
3400,-1.4139208,0.21453024
3401,-1.8415328,0.34451187
3402,-1.30423,0.19864734
3403,-2.0352,0.3793876
3404,-1.6170976,0.27686495
3405,-1.7492725,0.31676796
3406,-1.63494,0.26955223
3407,-1.7095802,0.341766
3408,-0.2376387,0.46579793
3409,-1.8751844,0.35977694
3410,-1.9381223,0.34208453
3411,-0.08842587,0.36889502
3412,-1.7467602,0.27491197
3413,-1.3112698,0.27493164
3414,-1.8029692,0.28755116
3415,-1.5797912,0.26124692
3416,-1.4947389,0.21492739
3417,-1.4760253,0.20643556
3418,-1.5423259,0.27554807
3419,-1.5938792,0.24552566
3420,-1.8080707,0.37001267
3421,-1.6844703,0.29698375
3422,-1.8761045,0.2730543
3423,-1.5705526,0.32647467
3424,-1.7401766,0.3550493
3425,-1.5894865,0.29643044
3426,-1.5632113,0.3103654
3427,-1.8489838,0.37895334
3428,-1.6791825,0.29687285
3429,-1.8175803,0.3801447
3430,-1.6091048,0.31628907
3431,-1.5845021,0.27588266
3432,-0.12633112,0.3082429
3433,-1.5865425,0.3311567
3434,-1.6139143,0.24921337
3435,-1.7925669,0.30962306
3436,-1.8560203,0.2961363
3437,-1.5531393,0.23711991
3438,-2.1486368,0.34213266
3439,-1.9648333,0.39772207
3440,-1.5923932,0.28335482
3441,-1.937647,0.28791076
3442,-0.27754226,0.269987
3443,-1.7245417,0.2504339
3444,-2.0598834,0.3129772
3445,-1.8886433,0.27027333
3446,-1.8021598,0.25256443
3447,-1.473233,0.23972934
3448,-1.7017584,0.26895782
3449,-1.5337386,0.28464636
3450,-1.8273896,0.2855489
3451,-1.3564007,0.22827631
3452,-1.5343884,0.32984573
3453,-1.9504104,0.37670806
3454,-1.693185,0.3026664
3455,-0.44181982,0.5126484
3456,-1.6540824,0.31671208
3457,-1.6980064,0.296604
3458,-1.2790508,0.19658111
3459,-2.3124049,0.50845957
3460,-1.7767278,0.26000196
3461,-1.8941334,0.34117287
3462,-1.7738297,0.3336043
3463,-2.1152325,0.35728362
3464,-1.2386307,0.19437744
3465,-1.8945377,0.31173584
3466,-1.4512938,0.2969417
3467,-1.9040976,0.31163785
3468,-1.6170689,0.3340517
3469,-1.6217285,0.32094297
3470,-1.9325109,0.33911556
3471,-1.761234,0.33407837
3472,-2.1913848,0.44435102
3473,-1.6600405,0.28078678
3474,-2.4774694,0.39263317
3475,-0.39140406,1.226176
3476,-1.9611298,0.33828914
3477,-1.9350303,0.37587026
3478,-1.8246424,0.3519463
3479,-1.5635303,0.24794413
3480,-1.7676586,0.32951763
3481,-1.4670008,0.24902084
3482,-1.8778013,0.34630185
3483,-1.7838905,0.31691122
3484,-1.5898118,0.27640092
3485,-1.7494459,0.27197102
3486,-1.274611,0.21068631
3487,-1.6236215,0.28609776
3488,-1.6515229,0.36390445
3489,-1.8014289,0.30753696
3490,-1.659591,0.27458832
3491,-1.9300163,0.38536146
3492,-1.726083,0.24403256
3493,-1.6053085,0.31840575
3494,-1.8040922,0.28238362
3495,-1.3747834,0.21489261
3496,-1.5739627,0.30218574
3497,-1.2760522,0.19661711
3498,-1.8871397,0.36237615
3499,-1.679581,0.27786303
3500,-2.0235155,0.37383068
3501,-1.6895988,0.29782215
3502,-1.7945138,0.33572012
3503,-1.6612297,0.31163245
3504,-2.025064,0.35907736
3505,-1.8997723,0.38071987
3506,-1.7354308,0.28492615
3507,-1.8903943,0.36336032
3508,-1.2244376,0.16540216
3509,-2.0584767,0.32736698
3510,-1.6121086,0.2767096
3511,-1.6576451,0.32360822
3512,-2.140244,0.38483688
3513,-1.6030153,0.2408341
3514,-1.7988082,0.3406636
3515,-1.444507,0.20217091
3516,-0.22375453,0.5303277
3517,-1.5778376,0.2357291
3518,-1.7557791,0.26509407
3519,-2.0868814,0.31995067
3520,-1.8057815,0.33300787
3521,-1.3684043,0.2402891
3522,-1.7432905,0.30939052
3523,-1.6529694,0.35293657
3524,-2.045544,0.3322383
3525,-1.9648237,0.33670276
3526,-1.4687239,0.3054241
3527,-1.4405305,0.34524018
3528,-0.18038525,0.44711354
3529,-0.19329545,0.34147784
3530,-1.4187652,0.25633976
3531,-2.039419,0.3864375
3532,-1.6930914,0.3338326
3533,-0.30876136,0.47221375
3534,-1.5482489,0.30415708
3535,-1.8760109,0.33508018
3536,-1.5564907,0.25174987
3537,-2.1588814,0.4765869
3538,-1.7569793,0.31767026
3539,-0.77856475,0.32251936
3540,-1.4676458,0.26705527
3541,-1.6469511,0.2860153
3542,-0.19337691,0.3969159
3543,-1.8908364,0.3112368
3544,-1.6575933,0.35289943
3545,-1.9596628,0.32378298
3546,-1.566686,0.2872623
3547,-1.5225372,0.24365655
3548,-2.0668714,0.37668
3549,-1.7116051,0.25258395
3550,-1.8241818,0.29584157
3551,-0.4707613,0.59012634
3552,-1.9972523,0.28538436
3553,-1.0086375,0.4457371
3554,-1.3217627,0.1472396
3555,-1.4647313,0.27468973
3556,-1.8959727,0.35045314
3557,-1.88801,0.3514729
3558,-1.4311038,0.27416182
3559,-1.4270985,0.23231412
3560,-1.8593765,0.27714136
3561,-1.836134,0.27335772
3562,-2.3989954,0.374836
3563,-2.005712,0.35431653
3564,-1.8053391,0.28430572
3565,-1.9223746,0.35939702
3566,-1.8394403,0.3824081
3567,-2.0750542,0.36885053
3568,-1.7415346,0.23596966
3569,-1.8757961,0.34895223
3570,-1.5769744,0.4574461
3571,-1.8254647,0.3256117
3572,-1.8936067,0.32088852
3573,-0.19333212,0.29866964
3574,-1.3262224,0.22396396
3575,-1.8916111,0.32630286
3576,-2.030227,0.3919338
3577,-0.3069525,0.41176
3578,-1.7361218,0.30193838
3579,-1.8358499,0.26625872
3580,-1.9589573,0.32267264
3581,-1.7840674,0.2800316
3582,-1.5730515,0.34030226
3583,-1.9210465,0.3714614
3584,-1.6994066,0.2649895
3585,-2.295908,0.3796421
3586,-1.5385817,0.3265261
3587,-1.814475,0.30516407
3588,-1.5856766,0.23394503
3589,-1.6692345,0.21297643
3590,-1.8044388,0.30988106
3591,-1.7774595,0.32838228
3592,-1.8336389,0.3834893
3593,-1.5730188,0.269616
3594,-1.8605169,0.39417067
3595,-2.220508,0.3981653
3596,-1.1401421,0.143217
3597,-1.5620351,0.32347953
3598,-0.19341542,0.21295917
3599,-1.9009887,0.31430236
3600,-1.9466982,0.34186777
3601,-1.9954036,0.3270752
3602,-2.1745458,0.34932545
3603,-0.25050172,0.553055
3604,-1.4493059,0.27371636
3605,-1.6418061,0.2572324
3606,-0.3890893,0.28654218
3607,-1.9320266,0.3249003
3608,-1.2288038,0.15947181
3609,-1.7883438,0.33552325
3610,-1.9773792,0.28307194
3611,-1.9089054,0.34191796
3612,-0.33162257,0.38391554
3613,-1.4425186,0.1886013
3614,-1.5637819,0.307799
3615,-2.0787842,0.40071213
3616,-1.3740025,0.20036657
3617,-2.1752527,0.35607943
3618,-0.054746486,0.34969762
3619,-1.8355668,0.32372898
3620,-1.4513047,0.23938684
3621,-1.5194045,0.30166936
3622,-1.5430697,0.26721498
3623,-0.6924043,0.35016915
3624,-0.16402406,0.26368573
3625,-1.4443631,0.25199777
3626,-1.4665459,0.25752905
3627,-1.9416053,0.34435254
3628,-1.8214779,0.27566093
3629,-2.0047545,0.37296894
3630,-1.8204564,0.31451163
3631,-0.3898826,0.49008277
3632,-1.6644177,0.27931604
3633,-1.6305122,0.3227306
3634,-1.6196613,0.2856904
3635,-2.0218472,0.3383721
3636,-1.801748,0.27990174
3637,-1.8231847,0.4073374
3638,-1.866618,0.38683856
3639,-1.5659368,0.30331573
3640,-1.3769379,0.21924216
3641,-1.5414696,0.28311685
3642,-1.7722434,0.32449588
3643,-0.20062794,0.32618308
3644,-1.879609,0.31270337
3645,-1.5526849,0.2658915
3646,-1.6385219,0.37958813
3647,-1.8988494,0.31197068
3648,-1.6767818,0.30873668
3649,-0.18691862,0.5200136
3650,-2.1723344,0.36028743
3651,-1.9835058,0.40626803
3652,-1.569025,0.25969467
3653,-1.8379012,0.32433566
3654,-2.0369053,0.3796129
3655,-0.5426612,0.2928522
3656,-1.4399645,0.26232967
3657,-1.7391756,0.27675328
3658,0.65326995,1.747481
3659,-1.9606166,0.35341632
3660,-2.336602,0.43435958
3661,-1.6303114,0.28156006
3662,-1.7552781,0.2654922
3663,-1.8629602,0.36934185
3664,-1.7071136,0.31534207
3665,-1.544991,0.27038673
3666,-1.4956044,0.25529426
3667,-1.4012685,0.22031197
3668,-1.9393772,0.3229031
3669,-1.6609287,0.27718574
3670,-1.5818471,0.34475103
3671,-1.6316488,0.28119785
3672,-1.5516655,0.25578856
3673,0.18013105,0.7855436
3674,-1.7643694,0.2822418
3675,-1.7971632,0.30689248
3676,-2.237915,0.392459
3677,-1.5017937,0.29805714
3678,-1.6114037,0.22569655
3679,-1.9554299,0.3303781
3680,-1.860008,0.35981396
3681,-1.7671471,0.28757924
3682,-1.7678202,0.29843187
3683,-0.40628776,0.25093013
3684,-1.9647267,0.39573097
3685,-1.6534473,0.2988401
3686,-1.8962691,0.30557075
3687,-1.4057239,0.19620228
3688,-2.0157654,0.36455587
3689,-2.1868172,0.34594598
3690,-1.450941,0.23913375
3691,-0.4877511,0.5156156
3692,-0.23066716,0.33450267
3693,-1.7800808,0.32774287
3694,-1.3697604,0.18779936
3695,-1.6836231,0.32557508
3696,-1.5679417,0.33439955
3697,-1.7915788,0.3201683
3698,-1.8315272,0.26262307
3699,-1.8864923,0.3537336
3700,-1.8391192,0.34668654
3701,-1.6925328,0.2644473
3702,-1.568387,0.20971422
3703,-1.2199125,0.20882057
3704,-1.6891696,0.291207
3705,-1.7785656,0.31165645
3706,-2.1179786,0.3139866
3707,-1.8419964,0.3361671
3708,-1.6656269,0.263518
3709,-1.5834095,0.25921354
3710,-0.118146636,0.46083692
3711,-1.6122987,0.3309362
3712,-1.7182353,0.29200155
3713,-0.7645986,0.65287495
3714,-1.79124,0.26994652
3715,-0.14244018,0.3828961
3716,-1.9638798,0.3796912
3717,-2.3649242,0.526104
3718,-1.5084788,0.34307542
3719,-1.879082,0.31115443
3720,-1.9362168,0.30395442
3721,-0.4132133,0.56930596
3722,-1.6926775,0.3226323
3723,-1.6042805,0.2701205
3724,-1.4017221,0.15649657
3725,-2.1988108,0.34470198
3726,-1.9024702,0.36382398
3727,-1.6739466,0.2901423
3728,-0.6098706,0.80969983
3729,-1.9574383,0.33328995
3730,-0.30552885,0.33651957
3731,-1.7549433,0.29646128
3732,-1.8449649,0.3315665
3733,0.45115715,1.6455907
3734,-1.2429237,0.19690368
3735,-1.1964388,0.1587624
3736,-0.7319502,0.3264838
3737,-1.5495089,0.2950972
3738,-1.9015069,0.34699258
3739,-1.9075629,0.36154076
3740,-0.102478765,0.22655354
3741,-1.6846964,0.27547178
3742,-1.9427915,0.34998778
3743,-1.7787371,0.33008894
3744,-1.7893469,0.328045
3745,-2.0389462,0.40179378
3746,-1.5360947,0.25549424
3747,-1.7281837,0.34067985
3748,-1.6750082,0.24490298
3749,-1.5282731,0.26207384
3750,-1.7941846,0.3566308
3751,-1.267259,0.23119217
3752,-1.4681231,0.276547
3753,-0.29984003,0.31669393
3754,-1.779859,0.2848442
3755,-1.803512,0.30357373
3756,-1.7530806,0.28772655
3757,-1.6032293,0.29748246
3758,-1.6888083,0.27357483
3759,-1.9867367,0.31059095
3760,-1.8882382,0.35497275
3761,-1.5617356,0.25680444
3762,-1.8841523,0.32787246
3763,-1.6655347,0.3067724
3764,-1.748519,0.28331986
3765,-1.7387875,0.38238567
3766,-0.13621436,0.189897
3767,-1.8871799,0.33423686
3768,-0.802673,0.32597765
3769,-1.311497,0.2459555
3770,-1.5919409,0.29585072
3771,-0.28081635,0.5074358
3772,-1.6923605,0.30093518
3773,-1.7512919,0.31775638
3774,-1.2910055,0.23177049
3775,-1.5388982,0.34947264
3776,-1.5000108,0.23483582
3777,-1.9660625,0.3305639
3778,-1.9305738,0.39468208
3779,-1.4565479,0.26596883
3780,-1.5343953,0.22657411
3781,-1.8687512,0.32982534
3782,-1.7026311,0.33446223
3783,-1.5250307,0.26901063
3784,-1.838997,0.35971054
3785,-1.5527933,0.24847195
3786,-1.754921,0.29302585
3787,-1.82718,0.29484916
3788,-0.3626805,0.61455995
3789,-0.33450037,0.46063298
3790,-1.6457994,0.33387825
3791,-1.2266783,0.22127904
3792,-2.031321,0.3269931
3793,-0.32625413,0.2969891
3794,-1.5819556,0.3003423
3795,-1.7346404,0.35038653
3796,-1.7976298,0.35210252
3797,-1.5376283,0.2609746
3798,-0.016854852,0.72424465
3799,-1.6242304,0.27591017
3800,-1.5085536,0.32521224
3801,-1.7259902,0.33583164
3802,-1.8117169,0.36269948
3803,-1.3300492,0.17536913
3804,-2.2070274,0.38254443
3805,-1.9779395,0.3819198
3806,-1.3785342,0.28349122
3807,-0.22862762,0.33113757
3808,-0.10280695,0.263003
3809,-1.7732705,0.35782906
3810,-1.5649949,0.30629393
3811,-1.7522546,0.29595733
3812,-2.2317295,0.40079635
3813,-1.6810733,0.224273
3814,-1.6184999,0.30571002
3815,-1.7071825,0.3616162
3816,-1.2483675,0.3476819
3817,-1.226655,0.21335371
3818,-1.8090508,0.32747462
3819,-1.7463956,0.37169626
3820,-1.7976629,0.35234904
3821,-1.0397516,0.19442286
3822,-0.20610774,0.23448464
3823,-1.7106812,0.32308093
3824,-1.8603613,0.30040047
3825,-2.0809653,0.37429702
3826,-2.016924,0.3604145
3827,-1.7943722,0.3139614
3828,-1.4838455,0.2789059
3829,-2.0131974,0.28371906
3830,-1.6857753,0.31319103
3831,-1.4873472,0.2596924
3832,-1.5603734,0.24502642
3833,-1.4972081,0.302252
3834,-1.912593,0.28483605
3835,-2.1202464,0.3731754
3836,-1.6898063,0.27992716
3837,-0.16563202,0.3639671
3838,-1.9948883,0.38096264
3839,-1.5529786,0.34881935
3840,-1.7950029,0.33379441
3841,-1.6961079,0.27810133
3842,-1.8842727,0.28988054
3843,-2.2591424,0.41883752
3844,-0.09493971,0.2510936
3845,-1.3421468,0.24232084
3846,-2.1309812,0.3450336
3847,-1.7190881,0.28395474
3848,-1.8526773,0.29524782
3849,-1.6647683,0.27762148
3850,-1.6031868,0.2619658
3851,-1.4545462,0.2042381
3852,-1.6167477,0.36084795
3853,-1.5579909,0.26390514
3854,-1.860671,0.2855929
3855,-1.7847636,0.25615975
3856,-1.8994168,0.35919765
3857,-1.6507494,0.2858428
3858,-1.6922133,0.24799874
3859,-1.3725187,0.23897864
3860,-1.8484949,0.3267167
3861,-1.7143407,0.30474055
3862,-1.4150965,0.2592516
3863,-0.2699892,0.43782213
3864,-1.6324857,0.27126706
3865,-0.038996648,0.31670514
3866,-1.6941276,0.32981738
3867,-1.7687953,0.32456338
3868,-1.598106,0.2793571
3869,-1.7660251,0.3292669
3870,-1.9337753,0.34135374
3871,-1.8970711,0.33768547
3872,-1.3815224,0.19033965
3873,-1.943155,0.3379224
3874,-1.9970055,0.3566648
3875,-1.9253663,0.38877407
3876,-1.6121922,0.30475837
3877,-2.0892198,0.32701075
3878,-1.5376306,0.2708884
3879,-1.5471017,0.2137579
3880,-0.17802536,0.34296817
3881,-1.8280711,0.25316647
3882,-1.6346732,0.28458643
3883,-1.3175212,0.24523221
3884,-2.060973,0.3493115
3885,-1.4165074,0.29560888
3886,-2.0963738,0.3285434
3887,-1.7559524,0.34485862
3888,-1.7614622,0.31857738
3889,-1.7921331,0.34788832
3890,-0.25004727,0.32236692
3891,-1.7316642,0.27981183
3892,-1.891172,0.3197358
3893,-0.24219729,0.34852433
3894,-1.7240815,0.3348604
3895,-1.7206441,0.3140517
3896,-1.7788222,0.2996745
3897,-1.7686011,0.30810225
3898,-1.9438406,0.29414314
3899,-0.4792718,0.27635112
3900,-1.5168307,0.26251948
3901,-0.24744067,0.31894764
3902,-1.6222588,0.27592856
3903,-1.5776364,0.31145558
3904,-1.701864,0.26199213
3905,-1.360256,0.24746405
3906,-1.6071271,0.24802831
3907,-1.8301795,0.27784374
3908,-0.92803556,0.53829944
3909,-1.8762331,0.36252275
3910,-1.5114913,0.23792686
3911,-1.4715669,0.27639097
3912,-1.712267,0.30220625
3913,-1.8924968,0.26542872
3914,-1.5320718,0.2603934
3915,-1.7904204,0.29850063
3916,-1.766802,0.2741167
3917,-1.4686837,0.26470652
3918,-1.4034538,0.27133536
3919,-1.7250823,0.33363858
3920,-1.9893849,0.29879978
3921,-1.3884444,0.21846296
3922,-1.8720534,0.36916447
3923,-1.9666288,0.34038454
3924,-0.7728548,0.3347583
3925,-1.6552186,0.28912938
3926,-1.4420943,0.22980577
3927,-1.5750202,0.18231995
3928,-1.6631875,0.27050754
3929,-1.5321628,0.2854097
3930,-1.8116901,0.3200149
3931,-2.049634,0.33515316
3932,-1.4002393,0.2612267
3933,-1.3725371,0.24498202
3934,-2.091813,0.40742972
3935,-1.7998077,0.40357634
3936,-1.8213147,0.30816197
3937,-1.780597,0.28774244
3938,-1.4214773,0.26469022
3939,-1.5681018,0.26628938
3940,-1.6617996,0.28965256
3941,-1.9567665,0.30974123
3942,-1.7554406,0.211365
3943,-1.8696194,0.3039994
3944,-1.7956568,0.37896
3945,-0.15804596,0.19442248
3946,-1.6314412,0.22836477
3947,-1.4523808,0.21328612
3948,-1.7844115,0.27737984
3949,-1.6746259,0.27313256
3950,-2.0565863,0.3764412
3951,-2.0464342,0.39303222
3952,-1.9217234,0.36200213
3953,-1.6171165,0.314292
3954,-1.7047416,0.3398525
3955,-1.7490929,0.31508422
3956,-1.8505864,0.29056877
3957,-1.7346568,0.32976133
3958,-1.8215585,0.35554397
3959,-1.9423574,0.37648436
3960,-2.2208982,0.4196957
3961,-1.493135,0.22649193
3962,-1.6696802,0.25451604
3963,-0.17409597,0.22764227
3964,-1.6772431,0.29626578
3965,-1.8403661,0.32916394
3966,-1.3744273,0.34548357
3967,-1.4357451,0.24997833
3968,-1.6219773,0.28103277
3969,-1.4571165,0.2499761
3970,-1.7063607,0.26549515
3971,-1.5767078,0.29997513
3972,-1.6754124,0.34090757
3973,-0.32551664,0.4775074
3974,-2.1755524,0.39318278
3975,-2.053485,0.32847768
3976,-1.8127218,0.3857508
3977,-1.6370914,0.32874167
3978,-1.8925833,0.32324222
3979,-1.6269968,0.31118038
3980,-1.6346678,0.32965615
3981,-0.37676454,0.2718328
3982,-1.9776032,0.38107684
3983,-1.9604099,0.35063446
3984,-1.440078,0.27370512
3985,-1.8900598,0.32670343
3986,-1.9323608,0.31418183
3987,-1.8031167,0.3222479
3988,-1.2564499,0.2631798
3989,-1.6176902,0.30509558
3990,-1.6432433,0.30874234
3991,-1.6960814,0.27058217
3992,-1.6240008,0.28020132
3993,-1.842512,0.34190413
3994,0.0340419,0.9095297
3995,-1.7762944,0.2858645
3996,-1.7819847,0.3429437
3997,-0.25991815,0.39535773
3998,-1.4662155,0.21125011
3999,-1.8628145,0.34605637
4000,-1.4351318,0.20701334
4001,-0.39291105,0.5662028
4002,-1.9199687,0.30310833
4003,-1.8222455,0.30542538
4004,-1.83951,0.36134678
4005,-2.1474628,0.4485105
4006,-1.4228894,0.2159255
4007,-1.9578644,0.41165933
4008,-1.6433527,0.305135
4009,-1.5591131,0.294851
4010,-1.3160726,0.23485498
4011,-1.5876626,0.3197536
4012,-2.1281424,0.3968427
4013,-1.9207041,0.32336453
4014,-1.4377136,0.27276847
4015,-1.4665488,0.25259927
4016,-0.34308627,0.45459786
4017,-1.8018553,0.35878837
4018,-1.7860543,0.36833718
4019,-0.14193636,0.3959137
4020,-1.7018659,0.36323407
4021,-1.5511445,0.29928175
4022,-0.07419084,0.38919118
4023,-1.6118236,0.29141238
4024,-1.297961,0.22656229
4025,-1.5373415,0.2913185
4026,-0.101327926,0.24485849
4027,-0.36222553,0.32450998
4028,-1.7361325,0.29518437
4029,-1.7886202,0.33452907
4030,-1.9497565,0.34410945
4031,-0.3628568,0.2924863
4032,-0.17252356,0.25121036
4033,-1.5692198,0.27832806
4034,-1.4788635,0.27854678
4035,-1.4118441,0.3068113
4036,-1.9401312,0.31323934
4037,-1.8514581,0.25285912
4038,-2.3370368,0.49477318
4039,-1.9238193,0.3576468
4040,-1.5334078,0.26430264
4041,-1.6424174,0.3159671
4042,-1.941767,0.35754892
4043,-1.8427347,0.3296369
4044,-1.6221926,0.28797767
4045,-1.7406126,0.3475929
4046,-0.3979836,0.5723373
4047,-1.6610166,0.3253088
4048,-1.574032,0.2567934
4049,-2.1227055,0.4138045
4050,-1.9359199,0.42604154
4051,-0.48069543,0.57348776
4052,-1.7874522,0.37294832
4053,-1.7606426,0.37366658
4054,-1.875152,0.33855614
4055,-1.5157882,0.25561145
4056,-1.5497063,0.25183037
4057,-1.9408933,0.33532205
4058,-1.3493633,0.20426689
4059,-1.6571305,0.3462607
4060,-0.30818877,0.51059085
4061,-2.0107229,0.33983886
4062,-0.59389997,0.70128536
4063,-1.8775165,0.33250427
4064,-1.7236966,0.25279796
4065,-2.148582,0.38027555
4066,-1.7080553,0.31858817
4067,-0.23519263,0.27205896
4068,-2.0199437,0.42591825
4069,-1.9129181,0.3222967
4070,-1.8315308,0.28691944
4071,-1.6784433,0.30475143
4072,-1.7179,0.31739363
4073,-1.7738298,0.3611973
4074,-1.7987746,0.33726722
4075,-1.5816644,0.26707977
4076,-2.053839,0.46749496
4077,-1.4848013,0.30392468
4078,-1.8704505,0.2946455
4079,-1.7777497,0.33752412
4080,-1.9379913,0.33893475
4081,-1.950492,0.3233334
4082,-1.6872984,0.2979135
4083,-1.68517,0.28885517
4084,-1.9053764,0.30198455
4085,-1.8649127,0.30739924
4086,-1.9558941,0.31052867
4087,-1.8882293,0.31787804
4088,-1.6201526,0.29051572
4089,-1.5704561,0.29810184
4090,-1.9181997,0.33442405
4091,-1.5824109,0.3287633
4092,-2.0850718,0.36070886
4093,-1.3114032,0.22616844
4094,-1.9535286,0.3172642
4095,-1.7788417,0.2854825
