item_id:token,interaction_count,pop_score,popularity_label
137,2963,0.002368491942890807,1
14639,2931,0.002342912549650002,1
2369,2140,0.0017106219229788481,1
17113,1894,0.0015139803374401581,1
10829,1892,0.001512381625362608,1
128,1772,0.0014164589007095883,1
1908,1758,0.001405267916166736,1
523,1726,0.0013796885229259309,1
12366,1711,0.0013676981823443034,1
9689,1676,0.0013397207209871727,1
12367,1627,0.0013005522750871897,1
15207,1622,0.0012965554948933138,1
17,1617,0.0012925587146994382,1
16262,1615,0.0012909600026218878,1
20246,1570,0.0012549889808770056,1
1964,1519,0.0012142218228994722,1
15211,1480,0.0011830469373872408,1
14125,1478,0.0011814482253096905,1
222,1464,0.0011702572407668382,1
14662,1460,0.0011670598166117377,1
17121,1444,0.001154270119991335,1
19307,1436,0.0011478752716811338,1
13661,1435,0.0011470759156423586,1
12369,1434,0.0011462765596035834,1
16233,1427,0.0011406810673321572,1
20563,1420,0.0011350855750607311,1
1556,1416,0.0011318881509056304,1
13674,1392,0.0011127036059750265,1
13716,1381,0.0011039106895484997,1
17925,1381,0.0011039106895484997,1
15210,1369,0.0010943184170831978,1
520,1344,0.0010743345161138187,1
20023,1343,0.0010735351600750435,1
12665,1323,0.0010575480392995404,1
17769,1323,0.0010575480392995404,1
481,1321,0.00105594932722199,1
16240,1318,0.0010535512591056645,1
519,1312,0.0010487551228730136,1
15208,1299,0.0010383634943689365,1
16279,1290,0.0010311692900199598,1
499,1281,0.0010239750856709834,1
19737,1268,0.0010135834571669063,1
19511,1263,0.0010095866769730306,1
20561,1257,0.0010047905407403795,1
9735,1252,0.0010007937605465036,1
18895,1241,0.0009920008441199769,1
14030,1225,0.0009792111474995744,1
224,1221,0.0009760137233444737,1
16235,1214,0.0009704182310730475,1
20330,1212,0.0009688195189954972,1
20244,1206,0.0009640233827628462,1
16254,1203,0.0009616253146465208,1
12370,1197,0.0009568291784138698,1
19512,1194,0.0009544311102975443,1
14640,1192,0.000952832398219994,1
299,1190,0.0009512336861424436,1
20556,1176,0.0009400427015995913,1
2539,1175,0.0009392433455608162,1
19503,1173,0.0009376446334832659,1
10,1168,0.0009336478532893901,1
20277,1158,0.0009256542929016384,1
123,1150,0.0009192594445914371,1
20239,1115,0.0008912819832343064,1
16071,1114,0.0008904826271955312,1
16228,1108,0.0008856864909628803,1
1838,1104,0.0008824890668077797,1
12368,1097,0.0008768935745363535,1
20236,1092,0.0008728967943424777,1
4656,1091,0.0008720974383037025,1
17452,1091,0.0008720974383037025,1
19506,1072,0.0008569096735669744,1
8,1072,0.0008569096735669744,1
16752,1064,0.0008505148252567731,1
14924,1064,0.0008505148252567731,1
17131,1055,0.0008433206209077967,1
300,1055,0.0008433206209077967,1
17750,1040,0.0008313302803261692,1
19535,1040,0.0008313302803261692,1
20235,1029,0.0008225373638996424,1
19458,1024,0.0008185405837057666,1
17943,1022,0.0008169418716282163,1
20434,1021,0.0008161425155894411,1
19320,1013,0.0008097476672792399,1
19743,1011,0.0008081489552016895,1
3104,1006,0.0008041521750078137,1
14656,1005,0.0008033528189690385,1
18401,995,0.000795359258581287,1
20562,990,0.0007913624783874111,1
20242,986,0.0007881650542323104,1
16577,976,0.0007801714938445589,1
17130,976,0.0007801714938445589,1
11,976,0.0007801714938445589,1
9703,976,0.0007801714938445589,1
13738,972,0.0007769740696894581,1
19304,967,0.0007729772894955823,1
20248,964,0.0007705792213792569,1
18061,962,0.0007689805093017065,1
20560,961,0.0007681811532629314,1
16232,960,0.0007673817972241562,1
19500,956,0.0007641843730690556,1
448,949,0.0007585888807976294,1
12471,949,0.0007585888807976294,1
700,932,0.0007449998281384517,1
242,931,0.0007442004720996765,1
17754,918,0.0007338088435955994,1
17940,917,0.0007330094875568242,1
19505,916,0.000732210131518049,1
19545,913,0.0007298120634017236,1
56,913,0.0007298120634017236,1
2052,913,0.0007298120634017236,1
500,908,0.0007258152832078478,1
20555,908,0.0007258152832078478,1
19329,899,0.0007186210788588713,1
17761,899,0.0007186210788588713,1
19533,898,0.0007178217228200961,1
18642,897,0.000717022366781321,1
12476,893,0.0007138249426262203,1
372,893,0.0007138249426262203,1
1732,891,0.0007122262305486699,1
478,888,0.0007098281624323445,1
17112,880,0.0007034333141221432,1
20240,870,0.0006954397537343916,1
20245,869,0.0006946403976956164,1
19501,869,0.0006946403976956164,1
127,867,0.000693041685618066,1
14652,867,0.000693041685618066,1
19529,859,0.0006866468373078648,1
20566,856,0.0006842487691915393,1
19733,853,0.0006818507010752138,1
14654,853,0.0006818507010752138,1
20554,850,0.0006794526329588883,1
17763,842,0.000673057784648687,1
525,841,0.0006722584286099119,1
2162,839,0.0006706597165323615,1
17748,838,0.0006698603604935864,1
19744,838,0.0006698603604935864,1
12405,833,0.0006658635802997106,1
546,830,0.000663465512183385,1
20565,830,0.000663465512183385,1
576,827,0.0006610674440670596,1
151,826,0.0006602680880282844,1
17129,826,0.0006602680880282844,1
19510,824,0.000658669375950734,1
19513,824,0.000658669375950734,1
1422,816,0.0006522745276405328,1
19740,812,0.0006490771034854321,1
19731,805,0.000643481611214006,1
584,804,0.0006426822551752309,1
19518,801,0.0006402841870589053,1
18075,800,0.0006394848310201302,1
17941,798,0.0006378861189425799,1
14259,797,0.0006370867629038047,1
16234,796,0.0006362874068650295,1
16726,792,0.0006330899827099289,1
19755,789,0.0006306919145936034,1
19309,786,0.000628293846477278,1
15214,784,0.0006266951343997276,1
14666,783,0.0006258957783609524,1
20026,780,0.0006234977102446269,1
17128,779,0.0006226983542058518,1
19767,778,0.0006218989981670766,1
631,774,0.0006187015740119759,1
501,772,0.0006171028619344256,1
20024,764,0.0006107080136242243,1
17435,764,0.0006107080136242243,1
545,761,0.0006083099455078989,1
20829,756,0.000604313165314023,1
278,754,0.0006027144532364727,1
17947,753,0.0006019150971976975,1
593,752,0.0006011157411589224,1
223,751,0.0006003163851201472,1
9666,747,0.0005971189609650466,1
15981,747,0.0005971189609650466,1
2346,747,0.0005971189609650466,1
582,744,0.000594720892848721,1
2300,743,0.0005939215368099459,1
20020,742,0.0005931221807711708,1
18058,737,0.0005891254005772949,1
19112,737,0.0005891254005772949,1
15209,736,0.0005883260445385198,1
1380,735,0.0005875266884997446,1
14675,733,0.0005859279764221943,1
19536,733,0.0005859279764221943,1
20567,731,0.0005843292643446439,1
19542,730,0.0005835299083058688,1
12380,729,0.0005827305522670937,1
2266,728,0.0005819311962283185,1
272,727,0.0005811318401895433,1
19312,724,0.0005787337720732179,1
17439,723,0.0005779344160344427,1
746,722,0.0005771350599956675,1
18732,720,0.0005755363479181171,1
19738,717,0.0005731382798017917,1
5647,711,0.0005683421435691407,1
16751,709,0.0005667434314915904,1
2302,708,0.0005659440754528152,1
19316,708,0.0005659440754528152,1
118,707,0.00056514471941404,1
17762,705,0.0005635460073364898,1
19732,703,0.0005619472952589394,1
9758,702,0.0005611479392201642,1
2053,696,0.0005563518029875132,1
16725,695,0.0005555524469487381,1
12349,695,0.0005555524469487381,1
15753,695,0.0005555524469487381,1
19525,693,0.0005539537348711878,1
17440,691,0.0005523550227936375,1
19331,691,0.0005523550227936375,1
509,688,0.0005499569546773119,1
769,686,0.0005483582425997617,1
124,685,0.0005475588865609865,1
20578,685,0.0005475588865609865,1
599,684,0.0005467595305222113,1
20241,683,0.0005459601744834361,1
504,681,0.0005443614624058859,1
18670,681,0.0005443614624058859,1
19750,680,0.0005435621063671107,1
19739,678,0.0005419633942895603,1
630,676,0.00054036468221201,1
17776,674,0.0005387659701344597,1
1582,674,0.0005387659701344597,1
20229,667,0.0005331704778630336,1
1104,667,0.0005331704778630336,1
18408,667,0.0005331704778630336,1
18050,665,0.0005315717657854832,1
16241,665,0.0005315717657854832,1
18671,664,0.000530772409746708,1
18073,660,0.0005275749855916074,1
18896,659,0.0005267756295528322,1
19745,658,0.000525976273514057,1
16256,658,0.000525976273514057,1
1116,658,0.000525976273514057,1
19757,657,0.0005251769174752819,1
2652,655,0.0005235782053977316,1
17764,655,0.0005235782053977316,1
1972,654,0.0005227788493589564,1
784,653,0.0005219794933201813,1
17765,651,0.0005203807812426309,1
19748,651,0.0005203807812426309,1
807,650,0.0005195814252038558,1
2370,647,0.0005171833570875303,1
19,647,0.0005171833570875303,1
17110,645,0.0005155846450099799,1
568,641,0.0005123872208548793,1
13737,639,0.0005107885087773289,1
20325,639,0.0005107885087773289,1
18647,639,0.0005107885087773289,1
5,638,0.0005099891527385539,1
19735,637,0.0005091897966997787,1
17789,637,0.0005091897966997787,1
715,636,0.0005083904406610035,1
465,635,0.0005075910846222283,1
17749,632,0.0005051930165059028,1
3852,630,0.0005035943044283525,1
633,627,0.000501196236312027,1
12384,627,0.000501196236312027,1
19534,626,0.0005003968802732518,1
20253,624,0.0004987981681957016,1
698,624,0.0004987981681957016,1
19324,623,0.0004979988121569264,1
31,621,0.000496400100079376,1
219,615,0.000491603963846725,1
19303,614,0.0004908046078079499,1
3,612,0.0004892058957303996,1
18946,611,0.0004884065396916244,1
1962,608,0.00048600847157529895,1
5107,606,0.0004844097594977486,1
17457,602,0.000481212335342648,1
7476,601,0.0004804129793038728,1
696,601,0.0004804129793038728,1
1778,600,0.0004796136232650976,1
20255,597,0.00047721555514877213,1
20230,596,0.000476416199109997,1
16237,594,0.00047481748703244664,1
20046,592,0.00047321877495489634,1
847,592,0.00047321877495489634,1
959,591,0.00047241941891612116,1
1849,591,0.00047241941891612116,1
17430,590,0.00047162006287734603,1
19742,590,0.00047162006287734603,1
12374,590,0.00047162006287734603,1
9826,589,0.00047082070683857085,1
15793,588,0.00047002135079979567,1
18639,587,0.00046922199476102054,1
15785,587,0.00046922199476102054,1
19322,584,0.00046682392664469506,1
13654,579,0.0004628271464508192,1
17123,578,0.0004620277904120441,1
574,577,0.0004612284343732689,1
18901,577,0.0004612284343732689,1
15766,576,0.0004604290783344937,1
16791,576,0.0004604290783344937,1
18057,574,0.0004588303662569434,1
18649,570,0.00045563294210184275,1
14693,570,0.00045563294210184275,1
15804,569,0.00045483358606306757,1
15784,568,0.00045403423002429244,1
13664,568,0.00045403423002429244,1
226,564,0.0004508368058691918,1
19760,564,0.0004508368058691918,1
694,563,0.0004500374498304166,1
17119,563,0.0004500374498304166,1
19764,559,0.000446840025675316,1
544,559,0.000446840025675316,1
20268,558,0.0004460406696365408,1
20256,557,0.0004452413135977656,1
8355,555,0.0004436426015202153,1
20594,554,0.00044284324548144014,1
19305,553,0.000442043889442665,1
486,551,0.00044044517736511465,1
18902,551,0.00044044517736511465,1
1202,551,0.00044044517736511465,1
2654,550,0.0004396458213263395,1
1229,550,0.0004396458213263395,1
12381,550,0.0004396458213263395,1
19516,549,0.00043884646528756434,1
2790,548,0.00043804710924878916,1
803,546,0.00043644839717123886,1
1127,543,0.00043405032905491337,1
18882,542,0.0004332509730161382,1
16765,542,0.0004332509730161382,1
20018,541,0.00043245161697736306,1
20499,540,0.0004316522609385879,1
20825,539,0.0004308529048998127,1
17453,536,0.0004284548367834872,1
20828,535,0.00042765548074471204,1
17946,535,0.00042765548074471204,1
19350,534,0.0004268561247059369,1
9423,534,0.0004268561247059369,1
1148,534,0.0004268561247059369,1
502,533,0.00042605676866716173,1
20564,533,0.00042605676866716173,1
1480,533,0.00042605676866716173,1
18415,533,0.00042605676866716173,1
1138,532,0.00042525741262838655,1
1887,532,0.00042525741262838655,1
171,531,0.0004244580565896114,1
17945,531,0.0004244580565896114,1
16079,530,0.00042365870055083624,1
6344,529,0.00042285934451206106,1
19335,528,0.00042205998847328594,1
20570,526,0.0004204612763957356,1
18731,526,0.0004204612763957356,1
62,526,0.0004204612763957356,1
19741,525,0.00041966192035696045,1
12641,525,0.00041966192035696045,1
361,525,0.00041966192035696045,1
19140,524,0.00041886256431818527,1
16255,523,0.0004180632082794101,1
5639,523,0.0004180632082794101,1
18458,523,0.0004180632082794101,1
472,523,0.0004180632082794101,1
19336,522,0.00041726385224063496,1
20238,521,0.0004164644962018598,1
20258,521,0.0004164644962018598,1
942,521,0.0004164644962018598,1
17942,520,0.0004156651401630846,1
1814,519,0.0004148657841243095,1
9,516,0.000412467716007984,1
20583,516,0.000412467716007984,1
508,515,0.0004116683599692088,1
18888,515,0.0004116683599692088,1
17759,515,0.0004116683599692088,1
19736,515,0.0004116683599692088,1
452,514,0.00041086900393043363,1
20573,513,0.0004100696478916585,1
18641,513,0.0004100696478916585,1
6385,512,0.0004092702918528833,1
18995,510,0.000407671579775333,1
12510,510,0.000407671579775333,1
352,509,0.00040687222373655783,1
18459,508,0.00040607286769778265,1
18651,508,0.00040607286769778265,1
6,507,0.00040527351165900753,1
469,507,0.00040527351165900753,1
16257,506,0.00040447415562023235,1
16315,505,0.00040367479958145717,1
17429,505,0.00040367479958145717,1
498,504,0.00040287544354268204,1
1764,504,0.00040287544354268204,1
1147,504,0.00040287544354268204,1
20232,502,0.0004012767314651317,1
19509,502,0.0004012767314651317,1
463,500,0.0003996780193875814,1
20231,499,0.0003988786633488062,1
909,499,0.0003988786633488062,1
19752,496,0.0003964805952324807,1
16252,494,0.0003948818831549304,1
20250,493,0.0003940825271161552,1
753,492,0.00039328317107738004,1
18065,492,0.00039328317107738004,1
1200,490,0.00039168445899982973,1
135,490,0.00039168445899982973,1
20815,489,0.00039088510296105455,1
13673,487,0.00038928639088350425,1
17816,487,0.00038928639088350425,1
55,487,0.00038928639088350425,1
19502,487,0.00038928639088350425,1
2068,487,0.00038928639088350425,1
3863,486,0.00038848703484472907,1
15764,486,0.00038848703484472907,1
19141,486,0.00038848703484472907,1
990,486,0.00038848703484472907,1
798,485,0.00038768767880595394,1
1560,485,0.00038768767880595394,1
19784,485,0.00038768767880595394,1
17560,484,0.00038688832276717876,1
12373,484,0.00038688832276717876,1
243,484,0.00038688832276717876,1
2512,483,0.0003860889667284036,1
4801,483,0.0003860889667284036,1
18894,482,0.00038528961068962845,1
201,482,0.00038528961068962845,1
20369,481,0.0003844902546508533,1
12379,480,0.0003836908986120781,1
16243,480,0.0003836908986120781,1
585,479,0.00038289154257330297,1
786,479,0.00038289154257330297,1
2429,479,0.00038289154257330297,1
10175,479,0.00038289154257330297,1
3446,478,0.0003820921865345278,1
697,478,0.0003820921865345278,1
19310,478,0.0003820921865345278,1
73,478,0.0003820921865345278,1
20579,477,0.0003812928304957526,1
882,477,0.0003812928304957526,1
19734,477,0.0003812928304957526,1
19507,476,0.0003804934744569775,1
787,475,0.0003796941184182023,1
13695,475,0.0003796941184182023,1
18,474,0.0003788947623794271,1
662,473,0.000378095406340652,1
20602,472,0.0003772960503018768,1
643,472,0.0003772960503018768,1
19537,471,0.00037649669426310163,1
13665,470,0.0003756973382243265,1
16759,470,0.0003756973382243265,1
20252,470,0.0003756973382243265,1
16236,468,0.00037409862614677615,1
399,467,0.000373299270108001,1
1323,466,0.00037249991406922584,1
20836,465,0.00037170055803045066,1
1189,464,0.0003709012019916755,1
18413,464,0.0003709012019916755,1
20552,464,0.0003709012019916755,1
702,464,0.0003709012019916755,1
2711,463,0.00037010184595290035,1
16850,462,0.0003693024899141252,1
20580,462,0.0003693024899141252,1
3837,460,0.00036770377783657487,1
17432,459,0.0003669044217977997,1
20809,459,0.0003669044217977997,1
19135,458,0.0003661050657590245,1
274,458,0.0003661050657590245,1
989,457,0.0003653057097202494,1
20844,456,0.0003645063536814742,1
19138,456,0.0003645063536814742,1
18071,455,0.000363706997642699,1
370,454,0.0003629076416039239,1
19118,454,0.0003629076416039239,1
723,453,0.0003621082855651487,1
4223,453,0.0003621082855651487,1
17431,453,0.0003621082855651487,1
805,453,0.0003621082855651487,1
19749,452,0.00036130892952637353,1
378,452,0.00036130892952637353,1
18878,451,0.0003605095734875984,1
20571,451,0.0003605095734875984,1
18754,450,0.0003597102174488232,1
19548,447,0.00035731214933249774,1
16253,445,0.00035571343725494743,1
20251,445,0.00035571343725494743,1
19314,445,0.00035571343725494743,1
2301,443,0.00035411472517739707,1
770,442,0.00035331536913862195,1
1196,440,0.0003517166570610716,1
2812,440,0.0003517166570610716,1
364,439,0.00035091730102229646,1
18664,439,0.00035091730102229646,1
1672,438,0.0003501179449835213,1
13815,438,0.0003501179449835213,1
1468,437,0.0003493185889447461,1
1578,436,0.000348519232905971,1
290,436,0.000348519232905971,1
409,435,0.0003477198768671958,1
275,435,0.0003477198768671958,1
20021,433,0.0003461211647896455,1
19302,433,0.0003461211647896455,1
640,431,0.0003445224527120951,1
14642,431,0.0003445224527120951,1
19567,431,0.0003445224527120951,1
15233,430,0.00034372309667332,1
632,430,0.00034372309667332,1
18402,430,0.00034372309667332,1
1451,429,0.0003429237406345448,1
17506,429,0.0003429237406345448,1
15765,429,0.0003429237406345448,1
2156,429,0.0003429237406345448,1
371,429,0.0003429237406345448,1
19776,428,0.00034212438459576964,1
17760,428,0.00034212438459576964,1
15223,428,0.00034212438459576964,1
20036,427,0.00034132502855699446,1
20592,426,0.00034052567251821933,1
20260,426,0.00034052567251821933,1
170,425,0.00033972631647944415,1
716,424,0.00033892696044066897,1
596,424,0.00033892696044066897,1
12508,424,0.00033892696044066897,1
18881,424,0.00033892696044066897,1
20014,424,0.00033892696044066897,1
13659,423,0.00033812760440189385,1
15320,423,0.00033812760440189385,1
15238,423,0.00033812760440189385,1
19123,423,0.00033812760440189385,1
17758,422,0.00033732824836311867,1
20835,422,0.00033732824836311867,1
20267,421,0.0003365288923243435,1
18944,421,0.0003365288923243435,1
14672,421,0.0003365288923243435,1
597,421,0.0003365288923243435,1
1597,421,0.0003365288923243435,1
467,421,0.0003365288923243435,1
20838,421,0.0003365288923243435,1
2641,420,0.00033572953628556836,1
13735,420,0.00033572953628556836,1
19099,420,0.00033572953628556836,1
158,420,0.00033572953628556836,1
1969,419,0.0003349301802467932,1
18672,419,0.0003349301802467932,1
20275,418,0.000334130824208018,1
65,418,0.000334130824208018,1
19346,418,0.000334130824208018,1
1121,417,0.00033333146816924287,1
1953,417,0.00033333146816924287,1
1682,417,0.00033333146816924287,1
18052,417,0.00033333146816924287,1
19330,416,0.0003325321121304677,1
18076,416,0.0003325321121304677,1
2310,416,0.0003325321121304677,1
6337,416,0.0003325321121304677,1
1218,416,0.0003325321121304677,1
18654,416,0.0003325321121304677,1
9743,416,0.0003325321121304677,1
453,415,0.0003317327560916925,1
828,415,0.0003317327560916925,1
301,415,0.0003317327560916925,1
19136,415,0.0003317327560916925,1
16388,415,0.0003317327560916925,1
72,414,0.0003309334000529174,1
9704,413,0.0003301340440141422,1
13663,413,0.0003301340440141422,1
13655,412,0.000329334687975367,1
20254,412,0.000329334687975367,1
18419,412,0.000329334687975367,1
3682,410,0.0003277359758978167,1
355,410,0.0003277359758978167,1
7482,409,0.00032693661985904154,1
18653,409,0.00032693661985904154,1
17470,409,0.00032693661985904154,1
18066,409,0.00032693661985904154,1
19515,409,0.00032693661985904154,1
19804,408,0.0003261372638202664,1
17944,408,0.0003261372638202664,1
14737,406,0.00032453855174271605,1
462,406,0.00032453855174271605,1
18074,406,0.00032453855174271605,1
566,405,0.0003237391957039409,1
889,405,0.0003237391957039409,1
6380,405,0.0003237391957039409,1
17679,405,0.0003237391957039409,1
802,405,0.0003237391957039409,1
380,404,0.00032293983966516575,1
256,404,0.00032293983966516575,1
3273,404,0.00032293983966516575,1
19780,404,0.00032293983966516575,1
18657,403,0.00032214048362639056,1
5538,403,0.00032214048362639056,1
20802,403,0.00032214048362639056,1
14647,403,0.00032214048362639056,1
19334,402,0.00032134112758761544,1
1028,402,0.00032134112758761544,1
20638,401,0.00032054177154884026,1
20850,401,0.00032054177154884026,1
12395,401,0.00032054177154884026,1
20551,401,0.00032054177154884026,1
14659,399,0.00031894305947128995,1
12495,399,0.00031894305947128995,1
17450,398,0.00031814370343251477,1
18656,398,0.00031814370343251477,1
18699,397,0.0003173443473937396,1
13812,397,0.0003173443473937396,1
19606,397,0.0003173443473937396,1
18055,396,0.00031654499135496447,1
20237,396,0.00031654499135496447,1
2267,395,0.0003157456353161893,1
14617,395,0.0003157456353161893,1
17462,394,0.0003149462792774141,1
17774,393,0.000314146923238639,1
16795,392,0.0003133475671998638,1
19323,391,0.0003125482111610886,1
1402,391,0.0003125482111610886,1
782,391,0.0003125482111610886,1
19554,391,0.0003125482111610886,1
18646,390,0.00031174885512231344,1
19560,390,0.00031174885512231344,1
20843,389,0.0003109494990835383,1
1379,388,0.00031015014304476313,1
18652,387,0.00030935078700598795,1
10319,386,0.0003085514309672128,1
7265,386,0.0003085514309672128,1
19544,386,0.0003085514309672128,1
12348,385,0.00030775207492843764,1
1436,385,0.00030775207492843764,1
15790,385,0.00030775207492843764,1
17678,384,0.00030695271888966246,1
20553,384,0.00030695271888966246,1
17771,383,0.00030615336285088734,1
11582,383,0.00030615336285088734,1
17132,382,0.00030535400681211216,1
1344,382,0.00030535400681211216,1
1297,382,0.00030535400681211216,1
17973,382,0.00030535400681211216,1
5866,382,0.00030535400681211216,1
18884,382,0.00030535400681211216,1
15792,381,0.000304554650773337,1
308,381,0.000304554650773337,1
2200,380,0.00030375529473456185,1
18420,380,0.00030375529473456185,1
19758,380,0.00030375529473456185,1
19189,380,0.00030375529473456185,1
4831,380,0.00030375529473456185,1
15796,380,0.00030375529473456185,1
2591,380,0.00030375529473456185,1
16728,379,0.00030295593869578667,1
3418,378,0.0003021565826570115,1
16259,378,0.0003021565826570115,1
4657,377,0.00030135722661823636,1
106,377,0.00030135722661823636,1
20854,377,0.00030135722661823636,1
19144,376,0.0003005578705794612,1
10540,376,0.0003005578705794612,1
18060,376,0.0003005578705794612,1
12470,375,0.000299758514540686,1
13707,375,0.000299758514540686,1
1524,375,0.000299758514540686,1
2382,374,0.0002989591585019109,1
20834,374,0.0002989591585019109,1
1345,374,0.0002989591585019109,1
2638,372,0.0002973604464243605,1
19343,372,0.0002973604464243605,1
18931,372,0.0002973604464243605,1
1505,372,0.0002973604464243605,1
12509,372,0.0002973604464243605,1
19326,371,0.0002965610903855854,1
3529,370,0.0002957617343468102,1
17111,369,0.00029496237830803503,1
20039,368,0.0002941630222692599,1
6058,368,0.0002941630222692599,1
2516,367,0.0002933636662304847,1
20855,367,0.0002933636662304847,1
202,366,0.00029256431019170954,1
19777,365,0.0002917649541529344,1
17107,365,0.0002917649541529344,1
44,365,0.0002917649541529344,1
18155,364,0.00029096559811415924,1
20101,364,0.00029096559811415924,1
19349,364,0.00029096559811415924,1
18068,364,0.00029096559811415924,1
19142,364,0.00029096559811415924,1
12358,363,0.00029016624207538406,1
2613,363,0.00029016624207538406,1
10040,362,0.00028936688603660893,1
4404,361,0.00028856752999783375,1
1681,361,0.00028856752999783375,1
1320,361,0.00028856752999783375,1
16903,360,0.00028776817395905857,1
15805,360,0.00028776817395905857,1
2973,360,0.00028776817395905857,1
15235,359,0.00028696881792028344,1
902,359,0.00028696881792028344,1
19109,359,0.00028696881792028344,1
484,359,0.00028696881792028344,1
16744,359,0.00028696881792028344,1
19306,359,0.00028696881792028344,1
4240,358,0.00028616946188150826,1
1106,358,0.00028616946188150826,1
18637,358,0.00028616946188150826,1
19522,357,0.0002853701058427331,1
18051,356,0.00028457074980395796,1
17436,355,0.0002837713937651828,1
5142,355,0.0002837713937651828,1
12633,355,0.0002837713937651828,1
6356,355,0.0002837713937651828,1
16735,355,0.0002837713937651828,1
9755,354,0.0002829720377264076,1
17438,354,0.0002829720377264076,1
1083,354,0.0002829720377264076,1
19124,353,0.0002821726816876324,1
788,353,0.0002821726816876324,1
19523,352,0.0002813733256488573,1
1029,352,0.0002813733256488573,1
382,352,0.0002813733256488573,1
20818,352,0.0002813733256488573,1
1199,352,0.0002813733256488573,1
19308,351,0.0002805739696100821,1
13,351,0.0002805739696100821,1
866,351,0.0002805739696100821,1
17455,350,0.00027977461357130693,1
16361,350,0.00027977461357130693,1
18883,349,0.0002789752575325318,1
2145,349,0.0002789752575325318,1
15800,349,0.0002789752575325318,1
19517,349,0.0002789752575325318,1
19538,348,0.0002781759014937566,1
686,348,0.0002781759014937566,1
19747,347,0.00027737654545498144,1
19110,347,0.00027737654545498144,1
19111,346,0.0002765771894162063,1
13697,346,0.0002765771894162063,1
785,346,0.0002765771894162063,1
2736,345,0.00027577783337743114,1
20935,345,0.00027577783337743114,1
19139,345,0.00027577783337743114,1
16769,345,0.00027577783337743114,1
16808,345,0.00027577783337743114,1
19114,345,0.00027577783337743114,1
16781,344,0.00027497847733865596,1
18926,344,0.00027497847733865596,1
12143,344,0.00027497847733865596,1
19832,344,0.00027497847733865596,1
251,343,0.00027417912129988083,1
15212,343,0.00027417912129988083,1
20814,343,0.00027417912129988083,1
20801,342,0.00027337976526110565,1
309,341,0.00027258040922233047,1
17895,341,0.00027258040922233047,1
1340,341,0.00027258040922233047,1
5565,341,0.00027258040922233047,1
947,340,0.00027178105318355534,1
15789,340,0.00027178105318355534,1
1391,340,0.00027178105318355534,1
296,340,0.00027178105318355534,1
806,339,0.00027098169714478016,1
13696,339,0.00027098169714478016,1
6625,339,0.00027098169714478016,1
704,338,0.000270182341106005,1
2245,338,0.000270182341106005,1
699,338,0.000270182341106005,1
2009,337,0.00026938298506722986,1
245,336,0.0002685836290284547,1
9688,336,0.0002685836290284547,1
20063,335,0.0002677842729896795,1
19315,335,0.0002677842729896795,1
1405,334,0.00026698491695090437,1
16276,334,0.00026698491695090437,1
1274,334,0.00026698491695090437,1
17134,334,0.00026698491695090437,1
13681,334,0.00026698491695090437,1
9747,333,0.0002661855609121292,1
1397,333,0.0002661855609121292,1
17783,332,0.000265386204873354,1
1024,332,0.000265386204873354,1
276,332,0.000265386204873354,1
20817,331,0.0002645868488345789,1
19321,331,0.0002645868488345789,1
1395,330,0.0002637874927958037,1
2211,330,0.0002637874927958037,1
18469,330,0.0002637874927958037,1
1026,329,0.0002629881367570285,1
21030,328,0.0002621887807182534,1
18418,328,0.0002621887807182534,1
19751,328,0.0002621887807182534,1
2150,328,0.0002621887807182534,1
17165,328,0.0002621887807182534,1
9744,328,0.0002621887807182534,1
18934,327,0.0002613894246794782,1
19543,327,0.0002613894246794782,1
17149,327,0.0002613894246794782,1
10070,327,0.0002613894246794782,1
19759,327,0.0002613894246794782,1
573,326,0.00026059006864070304,1
19150,326,0.00026059006864070304,1
2387,326,0.00026059006864070304,1
1746,326,0.00026059006864070304,1
17126,325,0.0002597907126019279,1
18675,325,0.0002597907126019279,1
3798,324,0.00025899135656315273,1
18661,324,0.00025899135656315273,1
1228,323,0.00025819200052437755,1
2171,323,0.00025819200052437755,1
92,323,0.00025819200052437755,1
20810,322,0.0002573926444856024,1
14738,322,0.0002573926444856024,1
19132,322,0.0002573926444856024,1
1994,322,0.0002573926444856024,1
5330,322,0.0002573926444856024,1
18072,322,0.0002573926444856024,1
16761,321,0.00025659328844682724,1
1025,321,0.00025659328844682724,1
19347,321,0.00025659328844682724,1
210,321,0.00025659328844682724,1
10313,320,0.00025579393240805206,1
18409,320,0.00025579393240805206,1
16267,320,0.00025579393240805206,1
1193,320,0.00025579393240805206,1
1481,320,0.00025579393240805206,1
1285,320,0.00025579393240805206,1
575,319,0.00025499457636927694,1
307,319,0.00025499457636927694,1
18470,318,0.00025419522033050176,1
18660,318,0.00025419522033050176,1
20796,318,0.00025419522033050176,1
13682,318,0.00025419522033050176,1
18405,317,0.0002533958642917266,1
12361,317,0.0002533958642917266,1
5597,317,0.0002533958642917266,1
20603,317,0.0002533958642917266,1
874,317,0.0002533958642917266,1
18911,315,0.00025179715221417627,1
869,315,0.00025179715221417627,1
1035,315,0.00025179715221417627,1
12110,314,0.0002509977961754011,1
17143,314,0.0002509977961754011,1
16287,314,0.0002509977961754011,1
20823,314,0.0002509977961754011,1
1795,314,0.0002509977961754011,1
263,314,0.0002509977961754011,1
343,313,0.0002501984401366259,1
18698,313,0.0002501984401366259,1
18482,313,0.0002501984401366259,1
13685,313,0.0002501984401366259,1
5320,312,0.0002493990840978508,1
8948,312,0.0002493990840978508,1
12571,312,0.0002493990840978508,1
20064,312,0.0002493990840978508,1
13719,312,0.0002493990840978508,1
11127,312,0.0002493990840978508,1
1660,311,0.0002485997280590756,1
17772,311,0.0002485997280590756,1
17135,311,0.0002485997280590756,1
19604,311,0.0002485997280590756,1
17446,311,0.0002485997280590756,1
168,310,0.0002478003720203004,1
187,310,0.0002478003720203004,1
17827,310,0.0002478003720203004,1
2407,310,0.0002478003720203004,1
1943,310,0.0002478003720203004,1
20848,309,0.0002470010159815253,1
20031,309,0.0002470010159815253,1
17875,309,0.0002470010159815253,1
17779,309,0.0002470010159815253,1
1661,308,0.0002462016599427501,1
3280,308,0.0002462016599427501,1
19145,308,0.0002462016599427501,1
13672,308,0.0002462016599427501,1
4744,307,0.00024540230390397494,1
13677,307,0.00024540230390397494,1
19122,307,0.00024540230390397494,1
752,307,0.00024540230390397494,1
3055,306,0.0002446029478651998,1
3029,306,0.0002446029478651998,1
2148,306,0.0002446029478651998,1
2067,306,0.0002446029478651998,1
6063,305,0.00024380359182642463,1
1449,305,0.00024380359182642463,1
9390,305,0.00024380359182642463,1
1664,304,0.00024300423578764948,1
17775,304,0.00024300423578764948,1
464,303,0.0002422048797488743,1
19563,303,0.0002422048797488743,1
2060,303,0.0002422048797488743,1
376,303,0.0002422048797488743,1
17433,303,0.0002422048797488743,1
9810,303,0.0002422048797488743,1
20831,302,0.00024140552371009914,1
578,302,0.00024140552371009914,1
3811,302,0.00024140552371009914,1
18887,302,0.00024140552371009914,1
2851,302,0.00024140552371009914,1
888,302,0.00024140552371009914,1
19541,301,0.000240606167671324,1
77,301,0.000240606167671324,1
349,301,0.000240606167671324,1
18110,301,0.000240606167671324,1
19147,301,0.000240606167671324,1
2792,300,0.0002398068116325488,1
1546,300,0.0002398068116325488,1
19313,299,0.00023900745559377366,1
12350,299,0.00023900745559377366,1
468,299,0.00023900745559377366,1
16266,298,0.0002382080995549985,1
205,298,0.0002382080995549985,1
7911,298,0.0002382080995549985,1
18077,298,0.0002382080995549985,1
3103,298,0.0002382080995549985,1
13705,297,0.00023740874351622332,1
20797,297,0.00023740874351622332,1
2,297,0.00023740874351622332,1
19514,297,0.00023740874351622332,1
20047,297,0.00023740874351622332,1
6501,297,0.00023740874351622332,1
4997,296,0.00023660938747744817,1
12804,296,0.00023660938747744817,1
3970,296,0.00023660938747744817,1
17757,296,0.00023660938747744817,1
1745,296,0.00023660938747744817,1
19050,296,0.00023660938747744817,1
13662,296,0.00023660938747744817,1
3867,296,0.00023660938747744817,1
20833,295,0.00023581003143867302,1
13925,295,0.00023581003143867302,1
14,295,0.00023581003143867302,1
1851,295,0.00023581003143867302,1
4828,294,0.00023501067539989784,1
18914,294,0.00023501067539989784,1
19766,293,0.00023421131936112268,1
19787,293,0.00023421131936112268,1
13702,293,0.00023421131936112268,1
17118,293,0.00023421131936112268,1
16258,293,0.00023421131936112268,1
321,293,0.00023421131936112268,1
1855,293,0.00023421131936112268,1
89,292,0.00023341196332234753,1
10420,292,0.00023341196332234753,1
1423,292,0.00023341196332234753,1
20062,292,0.00023341196332234753,1
20234,292,0.00023341196332234753,1
228,291,0.00023261260728357235,1
830,291,0.00023261260728357235,1
4419,291,0.00023261260728357235,1
20588,291,0.00023261260728357235,1
3348,291,0.00023261260728357235,1
18951,291,0.00023261260728357235,1
15271,291,0.00023261260728357235,1
482,290,0.0002318132512447972,1
2135,290,0.0002318132512447972,1
9013,290,0.0002318132512447972,1
4647,290,0.0002318132512447972,1
17488,289,0.00023101389520602204,1
1779,289,0.00023101389520602204,1
19333,289,0.00023101389520602204,1
1981,288,0.00023021453916724686,1
16799,288,0.00023021453916724686,1
84,287,0.0002294151831284717,1
15760,287,0.0002294151831284717,1
18907,287,0.0002294151831284717,1
20824,287,0.0002294151831284717,1
19348,286,0.00022861582708969653,1
19361,285,0.00022781647105092137,1
681,285,0.00022781647105092137,1
2364,285,0.00022781647105092137,1
2212,285,0.00022781647105092137,1
16323,285,0.00022781647105092137,1
7320,285,0.00022781647105092137,1
1530,285,0.00022781647105092137,1
456,285,0.00022781647105092137,1
1410,284,0.00022701711501214622,1
17829,284,0.00022701711501214622,1
1393,284,0.00022701711501214622,1
3794,284,0.00022701711501214622,1
1140,283,0.00022621775897337104,1
295,283,0.00022621775897337104,1
1014,283,0.00022621775897337104,1
1374,283,0.00022621775897337104,1
19049,283,0.00022621775897337104,1
20,283,0.00022621775897337104,1
18662,283,0.00022621775897337104,1
3188,282,0.0002254184029345959,1
20798,282,0.0002254184029345959,1
1659,282,0.0002254184029345959,1
14618,282,0.0002254184029345959,1
19782,281,0.00022461904689582074,1
2386,281,0.00022461904689582074,1
18658,281,0.00022461904689582074,1
583,281,0.00022461904689582074,1
2306,281,0.00022461904689582074,1
18490,281,0.00022461904689582074,1
19146,281,0.00022461904689582074,1
9802,281,0.00022461904689582074,1
1247,281,0.00022461904689582074,1
2017,281,0.00022461904689582074,1
293,281,0.00022461904689582074,1
20015,280,0.00022381969085704555,1
2899,280,0.00022381969085704555,1
18395,280,0.00022381969085704555,1
18062,280,0.00022381969085704555,1
11021,279,0.0002230203348182704,1
334,279,0.0002230203348182704,1
20257,279,0.0002230203348182704,1
12733,278,0.00022222097877949525,1
18939,278,0.00022222097877949525,1
2167,278,0.00022222097877949525,1
18640,277,0.00022142162274072007,1
20002,277,0.00022142162274072007,1
7406,277,0.00022142162274072007,1
19039,277,0.00022142162274072007,1
9753,277,0.00022142162274072007,1
18893,277,0.00022142162274072007,1
512,276,0.00022062226670194491,1
3066,276,0.00022062226670194491,1
933,276,0.00022062226670194491,1
3402,276,0.00022062226670194491,1
401,276,0.00022062226670194491,1
18429,276,0.00022062226670194491,1
20288,274,0.00021902355462439458,1
12,274,0.00021902355462439458,1
16316,274,0.00021902355462439458,1
17117,274,0.00021902355462439458,1
1042,274,0.00021902355462439458,1
17905,273,0.00021822419858561943,1
1928,273,0.00021822419858561943,1
18431,273,0.00021822419858561943,1
2065,272,0.00021742484254684427,1
19117,272,0.00021742484254684427,1
4891,272,0.00021742484254684427,1
3662,272,0.00021742484254684427,1
4716,272,0.00021742484254684427,1
18449,272,0.00021742484254684427,1
15794,271,0.0002166254865080691,1
4001,271,0.0002166254865080691,1
1105,271,0.0002166254865080691,1
14226,271,0.0002166254865080691,1
635,270,0.00021582613046929394,1
20559,270,0.00021582613046929394,1
6199,270,0.00021582613046929394,1
356,270,0.00021582613046929394,1
18909,270,0.00021582613046929394,1
2307,270,0.00021582613046929394,1
845,270,0.00021582613046929394,1
16736,269,0.00021502677443051876,1
20261,269,0.00021502677443051876,1
5865,269,0.00021502677443051876,1
365,269,0.00021502677443051876,1
148,269,0.00021502677443051876,1
15812,268,0.0002142274183917436,1
16244,268,0.0002142274183917436,1
19176,268,0.0002142274183917436,1
130,268,0.0002142274183917436,1
738,268,0.0002142274183917436,1
1378,267,0.00021342806235296845,1
3154,267,0.00021342806235296845,1
1455,266,0.00021262870631419327,1
19000,266,0.00021262870631419327,1
1319,266,0.00021262870631419327,1
4,266,0.00021262870631419327,1
1088,265,0.00021182935027541812,1
772,265,0.00021182935027541812,1
18638,265,0.00021182935027541812,1
1665,265,0.00021182935027541812,1
10144,265,0.00021182935027541812,1
995,265,0.00021182935027541812,1
12501,264,0.00021102999423664297,1
12372,263,0.0002102306381978678,1
3426,263,0.0002102306381978678,1
17876,263,0.0002102306381978678,1
3198,263,0.0002102306381978678,1
2772,262,0.00020943128215909263,1
1439,262,0.00020943128215909263,1
1097,262,0.00020943128215909263,1
16260,262,0.00020943128215909263,1
2289,262,0.00020943128215909263,1
9746,261,0.00020863192612031748,1
9754,261,0.00020863192612031748,1
2286,261,0.00020863192612031748,1
3279,261,0.00020863192612031748,1
2776,261,0.00020863192612031748,1
10503,261,0.00020863192612031748,1
1334,261,0.00020863192612031748,1
513,260,0.0002078325700815423,1
20334,260,0.0002078325700815423,1
775,260,0.0002078325700815423,1
1675,259,0.00020703321404276715,1
943,259,0.00020703321404276715,1
175,259,0.00020703321404276715,1
18842,258,0.000206233858003992,1
18948,258,0.000206233858003992,1
353,258,0.000206233858003992,1
18428,258,0.000206233858003992,1
1296,257,0.00020543450196521681,1
18407,257,0.00020543450196521681,1
20591,257,0.00020543450196521681,1
1678,257,0.00020543450196521681,1
18403,257,0.00020543450196521681,1
14689,256,0.00020463514592644166,1
20608,256,0.00020463514592644166,1
10806,256,0.00020463514592644166,1
2544,256,0.00020463514592644166,1
12401,256,0.00020463514592644166,1
1034,256,0.00020463514592644166,1
18054,255,0.0002038357898876665,1
16812,255,0.0002038357898876665,1
1244,254,0.00020303643384889133,1
861,254,0.00020303643384889133,1
20794,254,0.00020303643384889133,1
8342,254,0.00020303643384889133,1
6116,253,0.00020223707781011617,1
4745,253,0.00020223707781011617,1
4043,252,0.00020143772177134102,1
2359,252,0.00020143772177134102,1
3139,252,0.00020143772177134102,1
2517,252,0.00020143772177134102,1
18078,252,0.00020143772177134102,1
7145,252,0.00020143772177134102,1
17133,251,0.00020063836573256584,1
18443,251,0.00020063836573256584,1
1075,250,0.0001998390096937907,1
2559,250,0.0001998390096937907,1
17773,250,0.0001998390096937907,1
306,250,0.0001998390096937907,1
4392,250,0.0001998390096937907,1
1555,249,0.0001990396536550155,1
10345,249,0.0001990396536550155,1
20263,249,0.0001990396536550155,1
13684,249,0.0001990396536550155,1
783,249,0.0001990396536550155,1
8510,249,0.0001990396536550155,1
2384,249,0.0001990396536550155,1
4178,249,0.0001990396536550155,1
17479,248,0.00019824029761624035,1
483,248,0.00019824029761624035,1
16766,248,0.00019824029761624035,1
867,248,0.00019824029761624035,1
17755,247,0.0001974409415774652,1
20568,247,0.0001974409415774652,1
19508,246,0.00019664158553869002,1
2251,246,0.00019664158553869002,1
18708,246,0.00019664158553869002,1
1011,246,0.00019664158553869002,1
9750,246,0.00019664158553869002,1
18435,246,0.00019664158553869002,1
18450,246,0.00019664158553869002,1
3333,246,0.00019664158553869002,1
14325,246,0.00019664158553869002,1
3795,246,0.00019664158553869002,1
1295,245,0.00019584222949991487,1
16745,245,0.00019584222949991487,1
12561,245,0.00019584222949991487,1
17120,245,0.00019584222949991487,1
1526,245,0.00019584222949991487,1
19795,245,0.00019584222949991487,1
5520,245,0.00019584222949991487,1
473,244,0.00019504287346113971,1
1473,244,0.00019504287346113971,1
18912,244,0.00019504287346113971,1
18890,244,0.00019504287346113971,1
17798,244,0.00019504287346113971,1
20585,243,0.00019424351742236453,1
1194,243,0.00019424351742236453,1
15269,243,0.00019424351742236453,1
9874,243,0.00019424351742236453,1
14667,243,0.00019424351742236453,1
891,243,0.00019424351742236453,1
19364,242,0.00019344416138358938,1
9800,242,0.00019344416138358938,1
291,242,0.00019344416138358938,1
8364,242,0.00019344416138358938,1
408,242,0.00019344416138358938,1
4850,241,0.00019264480534481423,1
20846,241,0.00019264480534481423,1
6936,241,0.00019264480534481423,1
1694,241,0.00019264480534481423,1
1777,240,0.00019184544930603905,1
1232,240,0.00019184544930603905,1
19539,240,0.00019184544930603905,1
6209,240,0.00019184544930603905,1
19577,240,0.00019184544930603905,1
12496,239,0.0001910460932672639,1
2823,239,0.0001910460932672639,1
2611,239,0.0001910460932672639,1
20233,239,0.0001910460932672639,1
636,239,0.0001910460932672639,1
319,238,0.00019024673722848874,1
18927,238,0.00019024673722848874,1
3094,237,0.00018944738118971356,1
1470,237,0.00018944738118971356,1
547,236,0.0001886480251509384,1
12493,236,0.0001886480251509384,1
16794,236,0.0001886480251509384,1
16788,236,0.0001886480251509384,1
10745,236,0.0001886480251509384,1
667,236,0.0001886480251509384,1
16776,235,0.00018784866911216325,1
20557,235,0.00018784866911216325,1
60,235,0.00018784866911216325,1
511,235,0.00018784866911216325,1
19574,235,0.00018784866911216325,1
2592,234,0.00018704931307338807,1
14660,234,0.00018704931307338807,1
13990,234,0.00018704931307338807,1
901,234,0.00018704931307338807,1
1243,234,0.00018704931307338807,1
15696,234,0.00018704931307338807,1
1880,234,0.00018704931307338807,1
9014,233,0.00018624995703461292,1
19195,233,0.00018624995703461292,1
2446,233,0.00018624995703461292,1
3335,233,0.00018624995703461292,1
20799,233,0.00018624995703461292,1
6567,233,0.00018624995703461292,1
5890,232,0.00018545060099583774,1
20590,232,0.00018545060099583774,1
12386,232,0.00018545060099583774,1
18938,231,0.0001846512449570626,1
1809,231,0.0001846512449570626,1
4266,231,0.0001846512449570626,1
1184,231,0.0001846512449570626,1
9889,231,0.0001846512449570626,1
1101,231,0.0001846512449570626,1
16737,231,0.0001846512449570626,1
1932,230,0.00018385188891828743,1
3349,230,0.00018385188891828743,1
841,230,0.00018385188891828743,1
6503,230,0.00018385188891828743,1
411,230,0.00018385188891828743,1
6589,230,0.00018385188891828743,1
13715,230,0.00018385188891828743,1
2551,229,0.00018305253287951225,1
12371,229,0.00018305253287951225,1
2303,229,0.00018305253287951225,1
1499,229,0.00018305253287951225,1
86,229,0.00018305253287951225,1
3028,228,0.0001822531768407371,1
835,228,0.0001822531768407371,1
18455,228,0.0001822531768407371,1
1198,228,0.0001822531768407371,1
18648,228,0.0001822531768407371,1
18718,228,0.0001822531768407371,1
39,228,0.0001822531768407371,1
18694,227,0.00018145382080196195,1
19786,227,0.00018145382080196195,1
410,227,0.00018145382080196195,1
18889,227,0.00018145382080196195,1
12362,227,0.00018145382080196195,1
3790,227,0.00018145382080196195,1
4384,227,0.00018145382080196195,1
100,227,0.00018145382080196195,1
8414,226,0.00018065446476318677,1
20500,226,0.00018065446476318677,1
2630,226,0.00018065446476318677,1
136,226,0.00018065446476318677,1
18692,226,0.00018065446476318677,1
1607,225,0.0001798551087244116,1
4998,225,0.0001798551087244116,1
1263,225,0.0001798551087244116,1
14257,225,0.0001798551087244116,1
1258,225,0.0001798551087244116,1
564,225,0.0001798551087244116,1
9907,225,0.0001798551087244116,1
1118,225,0.0001798551087244116,1
70,225,0.0001798551087244116,1
890,224,0.00017905575268563646,1
20822,224,0.00017905575268563646,1
258,224,0.00017905575268563646,1
15763,224,0.00017905575268563646,1
2791,224,0.00017905575268563646,1
1573,224,0.00017905575268563646,1
886,224,0.00017905575268563646,1
20011,224,0.00017905575268563646,1
10227,224,0.00017905575268563646,1
997,223,0.00017825639664686128,1
17768,223,0.00017825639664686128,1
322,223,0.00017825639664686128,1
2143,223,0.00017825639664686128,1
91,223,0.00017825639664686128,1
1331,222,0.00017745704060808613,1
1878,222,0.00017745704060808613,1
5098,222,0.00017745704060808613,1
884,222,0.00017745704060808613,1
5782,222,0.00017745704060808613,1
16733,222,0.00017745704060808613,1
2120,222,0.00017745704060808613,1
20597,222,0.00017745704060808613,1
510,222,0.00017745704060808613,1
2142,222,0.00017745704060808613,1
143,222,0.00017745704060808613,1
17756,222,0.00017745704060808613,1
17442,222,0.00017745704060808613,1
381,222,0.00017745704060808613,1
19815,221,0.00017665768456931097,1
3698,221,0.00017665768456931097,1
20366,221,0.00017665768456931097,1
17228,221,0.00017665768456931097,1
3522,221,0.00017665768456931097,1
17456,221,0.00017665768456931097,1
796,221,0.00017665768456931097,1
18879,221,0.00017665768456931097,1
4722,221,0.00017665768456931097,1
1098,221,0.00017665768456931097,1
3421,220,0.0001758583285305358,1
19148,220,0.0001758583285305358,1
1073,220,0.0001758583285305358,1
17460,220,0.0001758583285305358,1
5167,220,0.0001758583285305358,1
2363,220,0.0001758583285305358,1
3195,220,0.0001758583285305358,1
2447,220,0.0001758583285305358,1
6031,220,0.0001758583285305358,1
20586,220,0.0001758583285305358,1
4128,219,0.00017505897249176064,1
4726,219,0.00017505897249176064,1
14736,219,0.00017505897249176064,1
560,219,0.00017505897249176064,1
3013,219,0.00017505897249176064,1
705,219,0.00017505897249176064,1
17948,219,0.00017505897249176064,1
2518,218,0.0001742596164529855,1
16328,218,0.0001742596164529855,1
14673,218,0.0001742596164529855,1
2850,218,0.0001742596164529855,1
2612,218,0.0001742596164529855,1
4588,218,0.0001742596164529855,1
16263,218,0.0001742596164529855,1
2243,218,0.0001742596164529855,1
17476,218,0.0001742596164529855,1
1750,218,0.0001742596164529855,1
18421,218,0.0001742596164529855,1
3102,217,0.0001734602604142103,1
2774,217,0.0001734602604142103,1
16265,217,0.0001734602604142103,1
571,217,0.0001734602604142103,1
827,217,0.0001734602604142103,1
15759,217,0.0001734602604142103,1
2096,217,0.0001734602604142103,1
950,217,0.0001734602604142103,1
9751,217,0.0001734602604142103,1
18233,216,0.00017266090437543515,1
3797,216,0.00017266090437543515,1
19339,216,0.00017266090437543515,1
14661,216,0.00017266090437543515,1
3056,216,0.00017266090437543515,1
2144,216,0.00017266090437543515,1
126,216,0.00017266090437543515,1
2721,216,0.00017266090437543515,1
20019,216,0.00017266090437543515,1
1848,216,0.00017266090437543515,1
54,216,0.00017266090437543515,1
4334,215,0.00017186154833666,1
16296,215,0.00017186154833666,1
12934,215,0.00017186154833666,1
15801,215,0.00017186154833666,1
5812,214,0.00017106219229788482,1
1780,214,0.00017106219229788482,1
17878,214,0.00017106219229788482,1
3161,214,0.00017106219229788482,1
1970,214,0.00017106219229788482,1
507,213,0.00017026283625910967,1
17960,213,0.00017026283625910967,1
1445,213,0.00017026283625910967,1
9137,213,0.00017026283625910967,1
12865,213,0.00017026283625910967,1
16739,213,0.00017026283625910967,1
919,213,0.00017026283625910967,1
5848,212,0.00016946348022033449,1
18207,212,0.00016946348022033449,1
2647,212,0.00016946348022033449,1
2806,212,0.00016946348022033449,1
5166,212,0.00016946348022033449,1
5872,212,0.00016946348022033449,1
1383,212,0.00016946348022033449,1
4180,212,0.00016946348022033449,1
18396,211,0.00016866412418155933,1
21031,211,0.00016866412418155933,1
1219,211,0.00016866412418155933,1
20007,211,0.00016866412418155933,1
13683,211,0.00016866412418155933,1
19528,211,0.00016866412418155933,1
1464,210,0.00016786476814278418,1
778,210,0.00016786476814278418,1
12657,210,0.00016786476814278418,1
16247,210,0.00016786476814278418,1
20813,210,0.00016786476814278418,1
18086,210,0.00016786476814278418,1
17157,210,0.00016786476814278418,1
19103,210,0.00016786476814278418,1
3895,210,0.00016786476814278418,1
3034,210,0.00016786476814278418,1
14630,209,0.000167065412104009,1
1108,209,0.000167065412104009,1
1690,209,0.000167065412104009,1
5406,209,0.000167065412104009,1
16326,209,0.000167065412104009,1
9789,209,0.000167065412104009,1
567,209,0.000167065412104009,1
10246,209,0.000167065412104009,1
1346,209,0.000167065412104009,1
2888,209,0.000167065412104009,1
2360,209,0.000167065412104009,1
11508,209,0.000167065412104009,1
3340,209,0.000167065412104009,1
2605,208,0.00016626605606523385,1
2649,208,0.00016626605606523385,1
66,208,0.00016626605606523385,1
4231,208,0.00016626605606523385,1
2917,208,0.00016626605606523385,1
8308,207,0.0001654667000264587,1
2650,207,0.0001654667000264587,1
20847,207,0.0001654667000264587,1
4679,207,0.0001654667000264587,1
9725,207,0.0001654667000264587,1
20010,207,0.0001654667000264587,1
3600,206,0.0001646673439876835,1
16792,206,0.0001646673439876835,1
1400,206,0.0001646673439876835,1
670,206,0.0001646673439876835,1
3877,206,0.0001646673439876835,1
59,206,0.0001646673439876835,1
8093,205,0.00016386798794890836,1
20112,205,0.00016386798794890836,1
16742,204,0.0001630686319101332,1
19527,204,0.0001630686319101332,1
10286,204,0.0001630686319101332,1
1033,204,0.0001630686319101332,1
2309,204,0.0001630686319101332,1
18957,204,0.0001630686319101332,1
351,204,0.0001630686319101332,1
19753,204,0.0001630686319101332,1
12933,204,0.0001630686319101332,1
2563,204,0.0001630686319101332,1
19172,203,0.00016226927587135803,1
20821,203,0.00016226927587135803,1
15270,203,0.00016226927587135803,1
19360,203,0.00016226927587135803,1
1605,203,0.00016226927587135803,1
666,203,0.00016226927587135803,1
1401,202,0.00016146991983258287,1
595,202,0.00016146991983258287,1
17562,202,0.00016146991983258287,1
18404,202,0.00016146991983258287,1
6530,202,0.00016146991983258287,1
3062,202,0.00016146991983258287,1
17797,202,0.00016146991983258287,1
2811,202,0.00016146991983258287,1
2636,202,0.00016146991983258287,1
832,202,0.00016146991983258287,1
1398,201,0.00016067056379380772,1
1192,201,0.00016067056379380772,1
385,201,0.00016067056379380772,1
771,201,0.00016067056379380772,1
4611,201,0.00016067056379380772,1
20574,201,0.00016067056379380772,1
1716,201,0.00016067056379380772,1
988,201,0.00016067056379380772,1
15247,200,0.00015987120775503254,1
2610,200,0.00015987120775503254,1
2882,200,0.00015987120775503254,1
1203,200,0.00015987120775503254,1
5882,200,0.00015987120775503254,1
14655,200,0.00015987120775503254,1
18921,200,0.00015987120775503254,1
13574,200,0.00015987120775503254,1
8365,200,0.00015987120775503254,1
1404,199,0.00015907185171625739,1
3194,199,0.00015907185171625739,1
61,199,0.00015907185171625739,1
19550,199,0.00015907185171625739,1
993,199,0.00015907185171625739,1
2013,199,0.00015907185171625739,1
19395,199,0.00015907185171625739,1
1197,199,0.00015907185171625739,1
16242,199,0.00015907185171625739,1
865,198,0.00015827249567748223,1
17517,198,0.00015827249567748223,1
19386,198,0.00015827249567748223,1
4003,198,0.00015827249567748223,1
12385,197,0.00015747313963870705,1
19781,197,0.00015747313963870705,1
13694,197,0.00015747313963870705,1
7744,197,0.00015747313963870705,1
17547,197,0.00015747313963870705,1
20601,197,0.00015747313963870705,1
18400,197,0.00015747313963870705,1
1273,197,0.00015747313963870705,1
9752,197,0.00015747313963870705,1
87,196,0.0001566737835999319,1
5898,196,0.0001566737835999319,1
2268,196,0.0001566737835999319,1
454,196,0.0001566737835999319,1
522,196,0.0001566737835999319,1
21028,196,0.0001566737835999319,1
19380,196,0.0001566737835999319,1
1341,195,0.00015587442756115672,1
10186,195,0.00015587442756115672,1
2885,195,0.00015587442756115672,1
12503,195,0.00015587442756115672,1
9873,195,0.00015587442756115672,1
5693,195,0.00015587442756115672,1
4721,195,0.00015587442756115672,1
466,194,0.00015507507152238157,1
16767,194,0.00015507507152238157,1
1629,194,0.00015507507152238157,1
9756,194,0.00015507507152238157,1
19151,194,0.00015507507152238157,1
19354,194,0.00015507507152238157,1
6167,193,0.0001542757154836064,1
3778,193,0.0001542757154836064,1
4455,193,0.0001542757154836064,1
9772,193,0.0001542757154836064,1
20572,193,0.0001542757154836064,1
1915,193,0.0001542757154836064,1
341,193,0.0001542757154836064,1
2472,193,0.0001542757154836064,1
3562,193,0.0001542757154836064,1
16806,193,0.0001542757154836064,1
2648,192,0.00015347635944483123,1
13750,192,0.00015347635944483123,1
3985,192,0.00015347635944483123,1
2720,192,0.00015347635944483123,1
2305,192,0.00015347635944483123,1
598,192,0.00015347635944483123,1
1324,192,0.00015347635944483123,1
1347,192,0.00015347635944483123,1
1554,191,0.00015267700340605608,1
16274,191,0.00015267700340605608,1
15791,191,0.00015267700340605608,1
20558,191,0.00015267700340605608,1
2011,190,0.00015187764736728093,1
1947,190,0.00015187764736728093,1
393,190,0.00015187764736728093,1
16786,190,0.00015187764736728093,1
6381,190,0.00015187764736728093,1
450,190,0.00015187764736728093,1
18891,190,0.00015187764736728093,1
17106,190,0.00015187764736728093,1
88,190,0.00015187764736728093,1
18104,190,0.00015187764736728093,1
338,189,0.00015107829132850575,1
17125,189,0.00015107829132850575,1
3703,189,0.00015107829132850575,1
10258,189,0.00015107829132850575,1
10570,189,0.00015107829132850575,1
20907,189,0.00015107829132850575,1
1610,189,0.00015107829132850575,1
18885,189,0.00015107829132850575,1
16753,189,0.00015107829132850575,1
18348,189,0.00015107829132850575,1
15867,188,0.0001502789352897306,1
18645,188,0.0001502789352897306,1
2609,188,0.0001502789352897306,1
20795,188,0.0001502789352897306,1
797,188,0.0001502789352897306,1
1733,188,0.0001502789352897306,1
271,188,0.0001502789352897306,1
4377,188,0.0001502789352897306,1
17828,187,0.00014947957925095544,1
2163,187,0.00014947957925095544,1
4503,187,0.00014947957925095544,1
1265,187,0.00014947957925095544,1
3815,187,0.00014947957925095544,1
5978,187,0.00014947957925095544,1
3063,186,0.00014868022321218026,1
3440,186,0.00014868022321218026,1
4804,186,0.00014868022321218026,1
7528,186,0.00014868022321218026,1
16261,186,0.00014868022321218026,1
4002,186,0.00014868022321218026,1
340,186,0.00014868022321218026,1
20811,186,0.00014868022321218026,1
2069,186,0.00014868022321218026,1
11578,185,0.0001478808671734051,1
9985,185,0.0001478808671734051,1
3407,185,0.0001478808671734051,1
18709,185,0.0001478808671734051,1
843,185,0.0001478808671734051,1
85,185,0.0001478808671734051,1
4700,185,0.0001478808671734051,1
3697,185,0.0001478808671734051,1
15229,184,0.00014708151113462995,1
18433,184,0.00014708151113462995,1
10825,184,0.00014708151113462995,1
20359,184,0.00014708151113462995,1
1941,184,0.00014708151113462995,1
16787,184,0.00014708151113462995,1
10815,183,0.00014628215509585477,1
1100,183,0.00014628215509585477,1
1669,183,0.00014628215509585477,1
9052,183,0.00014628215509585477,1
639,183,0.00014628215509585477,1
5864,183,0.00014628215509585477,1
2174,183,0.00014628215509585477,1
925,183,0.00014628215509585477,1
2056,183,0.00014628215509585477,1
21183,183,0.00014628215509585477,1
20837,182,0.00014548279905707962,1
1548,182,0.00014548279905707962,1
21184,182,0.00014548279905707962,1
19783,182,0.00014548279905707962,1
21040,182,0.00014548279905707962,1
2275,182,0.00014548279905707962,1
10247,182,0.00014548279905707962,1
5186,182,0.00014548279905707962,1
5131,182,0.00014548279905707962,1
16128,182,0.00014548279905707962,1
159,182,0.00014548279905707962,1
18049,182,0.00014548279905707962,1
9809,182,0.00014548279905707962,1
3424,182,0.00014548279905707962,1
8086,182,0.00014548279905707962,1
20653,181,0.00014468344301830447,1
10122,181,0.00014468344301830447,1
1279,181,0.00014468344301830447,1
3134,181,0.00014468344301830447,1
8434,181,0.00014468344301830447,1
19325,180,0.00014388408697952929,1
19586,180,0.00014388408697952929,1
20593,180,0.00014388408697952929,1
12363,180,0.00014388408697952929,1
18920,180,0.00014388408697952929,1
2421,180,0.00014388408697952929,1
6268,180,0.00014388408697952929,1
606,179,0.00014308473094075413,1
5773,179,0.00014308473094075413,1
1537,179,0.00014308473094075413,1
514,179,0.00014308473094075413,1
3133,179,0.00014308473094075413,1
1844,179,0.00014308473094075413,1
5649,179,0.00014308473094075413,1
6706,179,0.00014308473094075413,1
733,179,0.00014308473094075413,1
12440,178,0.00014228537490197898,1
10108,178,0.00014228537490197898,1
1656,178,0.00014228537490197898,1
18069,178,0.00014228537490197898,1
1655,178,0.00014228537490197898,1
7736,178,0.00014228537490197898,1
18109,177,0.0001414860188632038,1
12669,177,0.0001414860188632038,1
19593,177,0.0001414860188632038,1
16327,177,0.0001414860188632038,1
4557,177,0.0001414860188632038,1
5749,177,0.0001414860188632038,1
20676,177,0.0001414860188632038,1
16790,177,0.0001414860188632038,1
5176,177,0.0001414860188632038,1
3886,177,0.0001414860188632038,1
3005,177,0.0001414860188632038,1
1913,177,0.0001414860188632038,1
2525,176,0.00014068666282442865,1
3101,176,0.00014068666282442865,1
5246,176,0.00014068666282442865,1
449,176,0.00014068666282442865,1
16534,176,0.00014068666282442865,1
18904,176,0.00014068666282442865,1
20360,175,0.00013988730678565346,1
18059,175,0.00013988730678565346,1
16764,175,0.00013988730678565346,1
1854,175,0.00013988730678565346,1
6088,175,0.00013988730678565346,1
8990,175,0.00013988730678565346,1
16750,175,0.00013988730678565346,1
332,175,0.00013988730678565346,1
9796,175,0.00013988730678565346,1
3706,175,0.00013988730678565346,1
104,175,0.00013988730678565346,1
924,175,0.00013988730678565346,1
19520,175,0.00013988730678565346,1
6427,175,0.00013988730678565346,1
2501,175,0.00013988730678565346,1
4138,175,0.00013988730678565346,1
1963,175,0.00013988730678565346,1
10901,174,0.0001390879507468783,1
20617,174,0.0001390879507468783,1
2553,174,0.0001390879507468783,1
12922,174,0.0001390879507468783,1
14674,174,0.0001390879507468783,1
9451,174,0.0001390879507468783,1
1909,174,0.0001390879507468783,1
19338,174,0.0001390879507468783,1
20820,174,0.0001390879507468783,1
2718,174,0.0001390879507468783,1
19540,174,0.0001390879507468783,1
2282,174,0.0001390879507468783,1
2158,174,0.0001390879507468783,1
259,174,0.0001390879507468783,1
335,174,0.0001390879507468783,1
17108,174,0.0001390879507468783,1
1819,174,0.0001390879507468783,1
5087,174,0.0001390879507468783,1
2401,174,0.0001390879507468783,1
21194,173,0.00013828859470810316,1
1993,173,0.00013828859470810316,1
169,173,0.00013828859470810316,1
5002,173,0.00013828859470810316,1
11372,173,0.00013828859470810316,1
3425,173,0.00013828859470810316,1
2867,173,0.00013828859470810316,1
17158,173,0.00013828859470810316,1
2737,172,0.00013748923866932798,1
20490,172,0.00013748923866932798,1
20839,172,0.00013748923866932798,1
20284,172,0.00013748923866932798,1
18897,171,0.00013668988263055282,1
9183,171,0.00013668988263055282,1
18777,171,0.00013668988263055282,1
868,171,0.00013668988263055282,1
213,171,0.00013668988263055282,1
20629,171,0.00013668988263055282,1
18135,171,0.00013668988263055282,1
10953,171,0.00013668988263055282,1
4800,171,0.00013668988263055282,1
2441,171,0.00013668988263055282,1
7746,171,0.00013668988263055282,1
3576,171,0.00013668988263055282,1
2495,171,0.00013668988263055282,1
1940,170,0.00013589052659177767,1
3702,170,0.00013589052659177767,1
9293,170,0.00013589052659177767,1
1781,170,0.00013589052659177767,1
4281,170,0.00013589052659177767,1
543,170,0.00013589052659177767,1
14410,170,0.00013589052659177767,1
17451,170,0.00013589052659177767,1
12383,170,0.00013589052659177767,1
15757,170,0.00013589052659177767,1
182,170,0.00013589052659177767,1
15630,170,0.00013589052659177767,1
3963,170,0.00013589052659177767,1
5403,170,0.00013589052659177767,1
10414,170,0.00013589052659177767,1
20819,169,0.0001350911705530025,1
19250,169,0.0001350911705530025,1
19158,169,0.0001350911705530025,1
2049,169,0.0001350911705530025,1
1396,169,0.0001350911705530025,1
2444,169,0.0001350911705530025,1
12473,169,0.0001350911705530025,1
7673,168,0.00013429181451422734,1
41,168,0.00013429181451422734,1
20535,168,0.00013429181451422734,1
5652,168,0.00013429181451422734,1
3799,168,0.00013429181451422734,1
1382,168,0.00013429181451422734,1
6260,168,0.00013429181451422734,1
5456,168,0.00013429181451422734,1
3047,168,0.00013429181451422734,1
12364,167,0.00013349245847545219,1
125,167,0.00013349245847545219,1
7166,167,0.00013349245847545219,1
15758,167,0.00013349245847545219,1
6606,167,0.00013349245847545219,1
18156,167,0.00013349245847545219,1
10316,167,0.00013349245847545219,1
4395,167,0.00013349245847545219,1
983,167,0.00013349245847545219,1
1342,167,0.00013349245847545219,1
1751,167,0.00013349245847545219,1
134,167,0.00013349245847545219,1
101,167,0.00013349245847545219,1
6421,166,0.000132693102436677,1
8217,166,0.000132693102436677,1
3705,166,0.000132693102436677,1
19171,166,0.000132693102436677,1
20654,166,0.000132693102436677,1
20280,166,0.000132693102436677,1
2773,166,0.000132693102436677,1
695,166,0.000132693102436677,1
4662,166,0.000132693102436677,1
1507,166,0.000132693102436677,1
16605,166,0.000132693102436677,1
5446,166,0.000132693102436677,1
20329,166,0.000132693102436677,1
3093,166,0.000132693102436677,1
5452,166,0.000132693102436677,1
1793,165,0.00013189374639790185,1
18714,165,0.00013189374639790185,1
3838,165,0.00013189374639790185,1
751,165,0.00013189374639790185,1
4713,165,0.00013189374639790185,1
1403,165,0.00013189374639790185,1
19572,165,0.00013189374639790185,1
6218,165,0.00013189374639790185,1
4695,165,0.00013189374639790185,1
1552,165,0.00013189374639790185,1
1136,165,0.00013189374639790185,1
17136,165,0.00013189374639790185,1
1006,165,0.00013189374639790185,1
20830,164,0.0001310943903591267,1
1813,164,0.0001310943903591267,1
19125,164,0.0001310943903591267,1
6033,164,0.0001310943903591267,1
1275,164,0.0001310943903591267,1
5720,164,0.0001310943903591267,1
19794,164,0.0001310943903591267,1
2012,164,0.0001310943903591267,1
1671,164,0.0001310943903591267,1
2110,163,0.00013029503432035152,1
10491,163,0.00013029503432035152,1
20000,163,0.00013029503432035152,1
1992,163,0.00013029503432035152,1
5058,163,0.00013029503432035152,1
1284,163,0.00013029503432035152,1
20017,163,0.00013029503432035152,1
16749,162,0.00012949567828157636,1
3048,162,0.00012949567828157636,1
18063,162,0.00012949567828157636,1
1839,162,0.00012949567828157636,1
3502,162,0.00012949567828157636,1
6758,162,0.00012949567828157636,1
3362,162,0.00012949567828157636,1
538,162,0.00012949567828157636,1
2298,162,0.00012949567828157636,1
1370,162,0.00012949567828157636,1
2214,162,0.00012949567828157636,1
10317,162,0.00012949567828157636,1
637,162,0.00012949567828157636,1
3445,161,0.0001286963222428012,1
19353,161,0.0001286963222428012,1
15,161,0.0001286963222428012,1
4456,161,0.0001286963222428012,1
655,161,0.0001286963222428012,1
1129,161,0.0001286963222428012,1
17870,161,0.0001286963222428012,1
3023,161,0.0001286963222428012,1
2344,161,0.0001286963222428012,1
12851,161,0.0001286963222428012,1
4719,161,0.0001286963222428012,1
1453,161,0.0001286963222428012,1
15837,161,0.0001286963222428012,1
3521,161,0.0001286963222428012,1
19371,160,0.00012789696620402603,1
19190,160,0.00012789696620402603,1
21188,160,0.00012789696620402603,1
2759,160,0.00012789696620402603,1
9811,160,0.00012789696620402603,1
19519,160,0.00012789696620402603,1
209,160,0.00012789696620402603,1
5692,160,0.00012789696620402603,1
19108,160,0.00012789696620402603,1
6779,160,0.00012789696620402603,1
2598,160,0.00012789696620402603,1
2140,160,0.00012789696620402603,1
18950,160,0.00012789696620402603,1
15217,160,0.00012789696620402603,1
16288,159,0.00012709761016525088,1
2015,159,0.00012709761016525088,1
6030,159,0.00012709761016525088,1
9895,159,0.00012709761016525088,1
638,159,0.00012709761016525088,1
5514,159,0.00012709761016525088,1
11122,159,0.00012709761016525088,1
1621,159,0.00012709761016525088,1
394,159,0.00012709761016525088,1
1506,159,0.00012709761016525088,1
1009,159,0.00012709761016525088,1
9711,158,0.0001262982541264757,1
2016,158,0.0001262982541264757,1
1469,158,0.0001262982541264757,1
7263,158,0.0001262982541264757,1
19562,158,0.0001262982541264757,1
7596,158,0.0001262982541264757,1
4129,158,0.0001262982541264757,1
21205,158,0.0001262982541264757,1
174,158,0.0001262982541264757,1
6719,158,0.0001262982541264757,1
4607,158,0.0001262982541264757,1
1458,158,0.0001262982541264757,1
18836,157,0.00012549889808770054,1
1590,157,0.00012549889808770054,1
5006,157,0.00012549889808770054,1
7582,157,0.00012549889808770054,1
19363,157,0.00012549889808770054,1
3575,157,0.00012549889808770054,1
850,157,0.00012549889808770054,1
1191,157,0.00012549889808770054,1
2195,157,0.00012549889808770054,1
14103,157,0.00012549889808770054,1
144,157,0.00012549889808770054,1
13666,157,0.00012549889808770054,1
360,157,0.00012549889808770054,1
4517,156,0.0001246995420489254,1
701,156,0.0001246995420489254,1
11164,156,0.0001246995420489254,1
18427,156,0.0001246995420489254,1
18372,156,0.0001246995420489254,1
1137,156,0.0001246995420489254,1
10077,156,0.0001246995420489254,1
4321,156,0.0001246995420489254,1
20346,156,0.0001246995420489254,1
19746,156,0.0001246995420489254,1
707,156,0.0001246995420489254,1
4443,156,0.0001246995420489254,1
1845,156,0.0001246995420489254,1
506,156,0.0001246995420489254,1
1298,156,0.0001246995420489254,1
18898,156,0.0001246995420489254,1
1933,156,0.0001246995420489254,1
6050,155,0.0001239001860101502,1
16785,155,0.0001239001860101502,1
2757,155,0.0001239001860101502,1
9110,155,0.0001239001860101502,1
264,155,0.0001239001860101502,1
7810,155,0.0001239001860101502,1
3006,155,0.0001239001860101502,1
17481,155,0.0001239001860101502,1
1611,155,0.0001239001860101502,1
1916,155,0.0001239001860101502,1
1270,155,0.0001239001860101502,1
1128,155,0.0001239001860101502,1
1683,155,0.0001239001860101502,1
16412,155,0.0001239001860101502,1
8556,155,0.0001239001860101502,1
21193,155,0.0001239001860101502,1
2373,155,0.0001239001860101502,1
1369,155,0.0001239001860101502,1
2079,154,0.00012310082997137506,1
20259,154,0.00012310082997137506,1
9702,154,0.00012310082997137506,1
8407,154,0.00012310082997137506,1
10583,154,0.00012310082997137506,1
14641,154,0.00012310082997137506,1
6922,154,0.00012310082997137506,1
2578,154,0.00012310082997137506,1
20037,154,0.00012310082997137506,1
862,154,0.00012310082997137506,1
13348,154,0.00012310082997137506,1
485,154,0.00012310082997137506,1
12740,154,0.00012310082997137506,1
18448,154,0.00012310082997137506,1
15845,154,0.00012310082997137506,1
10185,153,0.0001223014739325999,1
1333,153,0.0001223014739325999,1
4796,153,0.0001223014739325999,1
5218,153,0.0001223014739325999,1
3661,153,0.0001223014739325999,1
2353,153,0.0001223014739325999,1
267,153,0.0001223014739325999,1
16934,153,0.0001223014739325999,1
1574,153,0.0001223014739325999,1
19846,153,0.0001223014739325999,1
5096,153,0.0001223014739325999,1
1230,153,0.0001223014739325999,1
6871,153,0.0001223014739325999,1
20243,153,0.0001223014739325999,1
2010,153,0.0001223014739325999,1
1825,152,0.00012150211789382474,1
18189,152,0.00012150211789382474,1
17475,152,0.00012150211789382474,1
2540,152,0.00012150211789382474,1
18264,152,0.00012150211789382474,1
3327,152,0.00012150211789382474,1
17166,152,0.00012150211789382474,1
49,152,0.00012150211789382474,1
12866,152,0.00012150211789382474,1
13656,152,0.00012150211789382474,1
2814,152,0.00012150211789382474,1
18604,152,0.00012150211789382474,1
131,152,0.00012150211789382474,1
4145,152,0.00012150211789382474,1
17437,151,0.00012070276185504957,1
21172,151,0.00012070276185504957,1
2534,151,0.00012070276185504957,1
17109,151,0.00012070276185504957,1
225,151,0.00012070276185504957,1
5701,151,0.00012070276185504957,1
10001,151,0.00012070276185504957,1
2458,151,0.00012070276185504957,1
6419,151,0.00012070276185504957,1
227,151,0.00012070276185504957,1
16743,151,0.00012070276185504957,1
14694,150,0.0001199034058162744,1
503,150,0.0001199034058162744,1
3271,150,0.0001199034058162744,1
2381,150,0.0001199034058162744,1
1836,150,0.0001199034058162744,1
3372,150,0.0001199034058162744,1
4290,150,0.0001199034058162744,1
18398,150,0.0001199034058162744,1
650,150,0.0001199034058162744,1
12507,150,0.0001199034058162744,1
20587,150,0.0001199034058162744,1
1657,150,0.0001199034058162744,1
8127,150,0.0001199034058162744,1
834,150,0.0001199034058162744,1
893,150,0.0001199034058162744,1
18913,150,0.0001199034058162744,1
1245,150,0.0001199034058162744,1
14695,150,0.0001199034058162744,1
13803,150,0.0001199034058162744,1
21082,149,0.00011910404977749925,1
6204,149,0.00011910404977749925,1
2995,149,0.00011910404977749925,1
18416,149,0.00011910404977749925,1
18440,149,0.00011910404977749925,1
7223,149,0.00011910404977749925,1
20827,149,0.00011910404977749925,1
18487,149,0.00011910404977749925,1
247,149,0.00011910404977749925,1
4048,149,0.00011910404977749925,1
2215,149,0.00011910404977749925,1
5228,149,0.00011910404977749925,1
18399,149,0.00011910404977749925,1
2637,149,0.00011910404977749925,1
18502,149,0.00011910404977749925,1
2688,149,0.00011910404977749925,1
4125,148,0.00011830469373872408,1
16245,148,0.00011830469373872408,1
9730,148,0.00011830469373872408,1
2058,148,0.00011830469373872408,1
2925,148,0.00011830469373872408,1
16738,148,0.00011830469373872408,1
14813,148,0.00011830469373872408,1
7354,148,0.00011830469373872408,1
2055,148,0.00011830469373872408,1
19383,148,0.00011830469373872408,1
5891,148,0.00011830469373872408,1
21178,148,0.00011830469373872408,1
1406,148,0.00011830469373872408,1
15756,148,0.00011830469373872408,1
2760,148,0.00011830469373872408,1
875,148,0.00011830469373872408,1
156,147,0.00011750533769994892,1
17486,147,0.00011750533769994892,1
2128,147,0.00011750533769994892,1
12868,147,0.00011750533769994892,1
2727,147,0.00011750533769994892,1
735,147,0.00011750533769994892,1
3217,147,0.00011750533769994892,1
18691,147,0.00011750533769994892,1
7420,147,0.00011750533769994892,1
13883,147,0.00011750533769994892,1
9922,147,0.00011750533769994892,1
15464,147,0.00011750533769994892,1
20582,146,0.00011670598166117376,1
3180,146,0.00011670598166117376,1
5541,146,0.00011670598166117376,1
18974,146,0.00011670598166117376,1
1384,146,0.00011670598166117376,1
1416,146,0.00011670598166117376,1
1041,146,0.00011670598166117376,1
4901,146,0.00011670598166117376,1
10344,146,0.00011670598166117376,1
2383,146,0.00011670598166117376,1
4113,146,0.00011670598166117376,1
1357,146,0.00011670598166117376,1
1951,146,0.00011670598166117376,1
1016,146,0.00011670598166117376,1
1446,145,0.0001159066256223986,1
45,145,0.0001159066256223986,1
6278,145,0.0001159066256223986,1
12445,145,0.0001159066256223986,1
1508,145,0.0001159066256223986,1
18832,145,0.0001159066256223986,1
1238,145,0.0001159066256223986,1
3437,145,0.0001159066256223986,1
2862,145,0.0001159066256223986,1
20012,145,0.0001159066256223986,1
18959,145,0.0001159066256223986,1
19193,145,0.0001159066256223986,1
1030,145,0.0001159066256223986,1
1048,145,0.0001159066256223986,1
197,145,0.0001159066256223986,1
18456,144,0.00011510726958362343,1
1557,144,0.00011510726958362343,1
17219,144,0.00011510726958362343,1
18886,144,0.00011510726958362343,1
12921,144,0.00011510726958362343,1
4042,144,0.00011510726958362343,1
727,144,0.00011510726958362343,1
1757,144,0.00011510726958362343,1
12551,144,0.00011510726958362343,1
4211,144,0.00011510726958362343,1
524,144,0.00011510726958362343,1
1999,144,0.00011510726958362343,1
16844,144,0.00011510726958362343,1
9658,144,0.00011510726958362343,1
931,144,0.00011510726958362343,1
366,144,0.00011510726958362343,1
14475,144,0.00011510726958362343,1
4637,144,0.00011510726958362343,1
3952,144,0.00011510726958362343,1
17512,144,0.00011510726958362343,1
46,144,0.00011510726958362343,1
18131,144,0.00011510726958362343,1
8129,143,0.00011430791354484826,1
5305,143,0.00011430791354484826,1
2642,143,0.00011430791354484826,1
10500,143,0.00011430791354484826,1
12550,143,0.00011430791354484826,1
10110,143,0.00011430791354484826,1
19387,143,0.00011430791354484826,1
186,143,0.00011430791354484826,1
18683,143,0.00011430791354484826,1
2738,143,0.00011430791354484826,1
555,143,0.00011430791354484826,1
2675,143,0.00011430791354484826,1
2057,143,0.00011430791354484826,1
2063,143,0.00011430791354484826,1
1142,143,0.00011430791354484826,1
3007,143,0.00011430791354484826,1
20358,143,0.00011430791354484826,1
2819,142,0.00011350855750607311,1
3442,142,0.00011350855750607311,1
9366,142,0.00011350855750607311,1
1527,142,0.00011350855750607311,1
315,142,0.00011350855750607311,1
9984,142,0.00011350855750607311,1
3704,142,0.00011350855750607311,1
20581,142,0.00011350855750607311,1
9890,142,0.00011350855750607311,1
1771,142,0.00011350855750607311,1
426,142,0.00011350855750607311,1
7858,142,0.00011350855750607311,1
11881,142,0.00011350855750607311,1
941,142,0.00011350855750607311,1
16275,142,0.00011350855750607311,1
314,142,0.00011350855750607311,1
1266,141,0.00011270920146729794,1
2511,141,0.00011270920146729794,1
5816,141,0.00011270920146729794,1
230,141,0.00011270920146729794,1
20600,141,0.00011270920146729794,1
1634,141,0.00011270920146729794,1
3925,141,0.00011270920146729794,1
4654,141,0.00011270920146729794,1
1952,141,0.00011270920146729794,1
19568,141,0.00011270920146729794,1
19119,141,0.00011270920146729794,1
3065,141,0.00011270920146729794,1
7530,141,0.00011270920146729794,1
9397,141,0.00011270920146729794,1
3476,141,0.00011270920146729794,0
471,141,0.00011270920146729794,0
938,141,0.00011270920146729794,0
2342,141,0.00011270920146729794,0
13486,141,0.00011270920146729794,0
7512,140,0.00011190984542852278,0
5402,140,0.00011190984542852278,0
18663,140,0.00011190984542852278,0
35,140,0.00011190984542852278,0
4584,140,0.00011190984542852278,0
6677,140,0.00011190984542852278,0
12382,140,0.00011190984542852278,0
20400,140,0.00011190984542852278,0
15797,140,0.00011190984542852278,0
20415,140,0.00011190984542852278,0
2768,140,0.00011190984542852278,0
20332,140,0.00011190984542852278,0
6132,140,0.00011190984542852278,0
12944,140,0.00011190984542852278,0
15261,140,0.00011190984542852278,0
18976,140,0.00011190984542852278,0
5204,140,0.00011190984542852278,0
12450,139,0.00011111048938974762,0
21173,139,0.00011111048938974762,0
255,139,0.00011111048938974762,0
4121,139,0.00011111048938974762,0
2164,139,0.00011111048938974762,0
1598,139,0.00011111048938974762,0
4996,139,0.00011111048938974762,0
2399,139,0.00011111048938974762,0
20816,139,0.00011111048938974762,0
18425,139,0.00011111048938974762,0
900,139,0.00011111048938974762,0
848,139,0.00011111048938974762,0
3590,138,0.00011031113335097246,0
3519,138,0.00011031113335097246,0
1356,138,0.00011031113335097246,0
12447,138,0.00011031113335097246,0
4774,138,0.00011031113335097246,0
15908,138,0.00011031113335097246,0
18311,138,0.00011031113335097246,0
7024,138,0.00011031113335097246,0
12525,138,0.00011031113335097246,0
12448,138,0.00011031113335097246,0
3787,138,0.00011031113335097246,0
1151,138,0.00011031113335097246,0
2658,138,0.00011031113335097246,0
5022,137,0.00010951177731219729,0
18406,137,0.00010951177731219729,0
204,137,0.00010951177731219729,0
1818,137,0.00010951177731219729,0
9986,137,0.00010951177731219729,0
1510,137,0.00010951177731219729,0
833,137,0.00010951177731219729,0
2558,137,0.00010951177731219729,0
2284,137,0.00010951177731219729,0
19384,137,0.00010951177731219729,0
9801,137,0.00010951177731219729,0
2208,136,0.00010871242127342214,0
474,136,0.00010871242127342214,0
1667,136,0.00010871242127342214,0
19391,136,0.00010871242127342214,0
1879,136,0.00010871242127342214,0
8660,136,0.00010871242127342214,0
13700,136,0.00010871242127342214,0
1432,136,0.00010871242127342214,0
7792,136,0.00010871242127342214,0
10715,136,0.00010871242127342214,0
20326,136,0.00010871242127342214,0
19620,136,0.00010871242127342214,0
19411,136,0.00010871242127342214,0
5450,136,0.00010871242127342214,0
6680,136,0.00010871242127342214,0
3762,136,0.00010871242127342214,0
19549,136,0.00010871242127342214,0
1585,135,0.00010791306523464697,0
9385,135,0.00010791306523464697,0
18437,135,0.00010791306523464697,0
734,135,0.00010791306523464697,0
20604,135,0.00010791306523464697,0
19328,135,0.00010791306523464697,0
17513,135,0.00010791306523464697,0
20266,135,0.00010791306523464697,0
7266,135,0.00010791306523464697,0
266,135,0.00010791306523464697,0
17514,135,0.00010791306523464697,0
2629,135,0.00010791306523464697,0
3928,135,0.00010791306523464697,0
20840,135,0.00010791306523464697,0
18089,135,0.00010791306523464697,0
6426,135,0.00010791306523464697,0
663,135,0.00010791306523464697,0
18085,135,0.00010791306523464697,0
20569,135,0.00010791306523464697,0
4280,135,0.00010791306523464697,0
20272,135,0.00010791306523464697,0
1622,135,0.00010791306523464697,0
4289,135,0.00010791306523464697,0
4123,135,0.00010791306523464697,0
1747,135,0.00010791306523464697,0
2154,135,0.00010791306523464697,0
19355,134,0.0001071137091958718,0
1443,134,0.0001071137091958718,0
17535,134,0.0001071137091958718,0
21189,134,0.0001071137091958718,0
15242,134,0.0001071137091958718,0
1264,134,0.0001071137091958718,0
20129,134,0.0001071137091958718,0
4556,134,0.0001071137091958718,0
2424,134,0.0001071137091958718,0
7179,134,0.0001071137091958718,0
20607,134,0.0001071137091958718,0
15569,134,0.0001071137091958718,0
342,134,0.0001071137091958718,0
826,134,0.0001071137091958718,0
2763,134,0.0001071137091958718,0
3688,134,0.0001071137091958718,0
15803,134,0.0001071137091958718,0
133,134,0.0001071137091958718,0
14691,133,0.00010631435315709664,0
3378,133,0.00010631435315709664,0
15851,133,0.00010631435315709664,0
13293,133,0.00010631435315709664,0
18706,133,0.00010631435315709664,0
750,133,0.00010631435315709664,0
21209,133,0.00010631435315709664,0
20423,133,0.00010631435315709664,0
4446,133,0.00010631435315709664,0
2761,133,0.00010631435315709664,0
9391,132,0.00010551499711832148,0
732,132,0.00010551499711832148,0
8667,132,0.00010551499711832148,0
1019,132,0.00010551499711832148,0
4072,132,0.00010551499711832148,0
99,132,0.00010551499711832148,0
910,132,0.00010551499711832148,0
20845,132,0.00010551499711832148,0
5462,132,0.00010551499711832148,0
2836,132,0.00010551499711832148,0
18854,132,0.00010551499711832148,0
5207,132,0.00010551499711832148,0
565,132,0.00010551499711832148,0
20273,132,0.00010551499711832148,0
1954,132,0.00010551499711832148,0
5240,132,0.00010551499711832148,0
19803,132,0.00010551499711832148,0
3247,132,0.00010551499711832148,0
3957,131,0.00010471564107954632,0
8270,131,0.00010471564107954632,0
18088,131,0.00010471564107954632,0
9871,131,0.00010471564107954632,0
18444,131,0.00010471564107954632,0
17454,131,0.00010471564107954632,0
5719,131,0.00010471564107954632,0
20866,131,0.00010471564107954632,0
4843,131,0.00010471564107954632,0
7666,131,0.00010471564107954632,0
16770,131,0.00010471564107954632,0
20812,131,0.00010471564107954632,0
3274,131,0.00010471564107954632,0
2209,131,0.00010471564107954632,0
7009,131,0.00010471564107954632,0
2838,131,0.00010471564107954632,0
404,131,0.00010471564107954632,0
18958,130,0.00010391628504077115,0
196,130,0.00010391628504077115,0
5012,130,0.00010391628504077115,0
211,130,0.00010391628504077115,0
5285,130,0.00010391628504077115,0
20094,130,0.00010391628504077115,0
20028,130,0.00010391628504077115,0
6856,130,0.00010391628504077115,0
3072,130,0.00010391628504077115,0
945,130,0.00010391628504077115,0
6130,130,0.00010391628504077115,0
7504,130,0.00010391628504077115,0
906,130,0.00010391628504077115,0
5804,130,0.00010391628504077115,0
2044,130,0.00010391628504077115,0
3331,130,0.00010391628504077115,0
12469,130,0.00010391628504077115,0
9765,129,0.000103116929001996,0
17520,129,0.000103116929001996,0
1956,129,0.000103116929001996,0
12398,129,0.000103116929001996,0
14692,129,0.000103116929001996,0
18919,129,0.000103116929001996,0
297,129,0.000103116929001996,0
1654,129,0.000103116929001996,0
1772,129,0.000103116929001996,0
1399,129,0.000103116929001996,0
6364,129,0.000103116929001996,0
6372,128,0.00010231757296322083,0
915,128,0.00010231757296322083,0
12351,128,0.00010231757296322083,0
3441,128,0.00010231757296322083,0
29,128,0.00010231757296322083,0
20271,128,0.00010231757296322083,0
3009,128,0.00010231757296322083,0
4016,128,0.00010231757296322083,0
3879,128,0.00010231757296322083,0
4314,128,0.00010231757296322083,0
19149,128,0.00010231757296322083,0
7740,128,0.00010231757296322083,0
2747,128,0.00010231757296322083,0
4126,128,0.00010231757296322083,0
1988,128,0.00010231757296322083,0
3800,128,0.00010231757296322083,0
2813,128,0.00010231757296322083,0
15306,128,0.00010231757296322083,0
1971,127,0.00010151821692444566,0
3955,127,0.00010151821692444566,0
1462,127,0.00010151821692444566,0
21170,127,0.00010151821692444566,0
142,127,0.00010151821692444566,0
3082,127,0.00010151821692444566,0
10273,127,0.00010151821692444566,0
98,127,0.00010151821692444566,0
15266,127,0.00010151821692444566,0
12610,127,0.00010151821692444566,0
2014,127,0.00010151821692444566,0
692,127,0.00010151821692444566,0
505,127,0.00010151821692444566,0
4675,126,0.00010071886088567051,0
58,126,0.00010071886088567051,0
8783,126,0.00010071886088567051,0
16729,126,0.00010071886088567051,0
1831,126,0.00010071886088567051,0
4007,126,0.00010071886088567051,0
19730,126,0.00010071886088567051,0
1668,126,0.00010071886088567051,0
4364,126,0.00010071886088567051,0
16845,126,0.00010071886088567051,0
7610,126,0.00010071886088567051,0
20803,126,0.00010071886088567051,0
2646,126,0.00010071886088567051,0
2050,126,0.00010071886088567051,0
2725,126,0.00010071886088567051,0
21012,126,0.00010071886088567051,0
12109,126,0.00010071886088567051,0
1647,126,0.00010071886088567051,0
15557,125,9.991950484689534e-05,0
15674,125,9.991950484689534e-05,0
14247,125,9.991950484689534e-05,0
15236,125,9.991950484689534e-05,0
6602,125,9.991950484689534e-05,0
154,125,9.991950484689534e-05,0
2427,125,9.991950484689534e-05,0
9400,125,9.991950484689534e-05,0
384,125,9.991950484689534e-05,0
3060,125,9.991950484689534e-05,0
920,125,9.991950484689534e-05,0
9076,125,9.991950484689534e-05,0
1299,125,9.991950484689534e-05,0
2640,125,9.991950484689534e-05,0
19173,125,9.991950484689534e-05,0
13693,125,9.991950484689534e-05,0
480,125,9.991950484689534e-05,0
2891,125,9.991950484689534e-05,0
53,124,9.912014880812018e-05,0
16849,124,9.912014880812018e-05,0
13222,124,9.912014880812018e-05,0
7030,124,9.912014880812018e-05,0
3930,124,9.912014880812018e-05,0
7814,124,9.912014880812018e-05,0
12800,124,9.912014880812018e-05,0
2420,124,9.912014880812018e-05,0
6950,124,9.912014880812018e-05,0
17237,124,9.912014880812018e-05,0
20342,124,9.912014880812018e-05,0
3003,124,9.912014880812018e-05,0
561,124,9.912014880812018e-05,0
157,124,9.912014880812018e-05,0
1960,124,9.912014880812018e-05,0
18730,124,9.912014880812018e-05,0
2500,124,9.912014880812018e-05,0
19552,123,9.832079276934501e-05,0
19526,123,9.832079276934501e-05,0
12562,123,9.832079276934501e-05,0
8126,123,9.832079276934501e-05,0
6231,123,9.832079276934501e-05,0
6269,123,9.832079276934501e-05,0
7144,123,9.832079276934501e-05,0
74,123,9.832079276934501e-05,0
494,123,9.832079276934501e-05,0
6055,123,9.832079276934501e-05,0
1883,123,9.832079276934501e-05,0
1325,123,9.832079276934501e-05,0
15284,123,9.832079276934501e-05,0
7517,123,9.832079276934501e-05,0
14631,123,9.832079276934501e-05,0
18964,123,9.832079276934501e-05,0
1949,123,9.832079276934501e-05,0
8768,123,9.832079276934501e-05,0
7942,123,9.832079276934501e-05,0
16406,123,9.832079276934501e-05,0
18695,123,9.832079276934501e-05,0
1038,122,9.752143673056986e-05,0
2614,122,9.752143673056986e-05,0
15761,122,9.752143673056986e-05,0
7627,122,9.752143673056986e-05,0
15853,122,9.752143673056986e-05,0
5286,122,9.752143673056986e-05,0
18111,122,9.752143673056986e-05,0
15412,122,9.752143673056986e-05,0
658,122,9.752143673056986e-05,0
120,122,9.752143673056986e-05,0
141,122,9.752143673056986e-05,0
1790,122,9.752143673056986e-05,0
1623,121,9.672208069179469e-05,0
4232,121,9.672208069179469e-05,0
642,121,9.672208069179469e-05,0
231,121,9.672208069179469e-05,0
6388,121,9.672208069179469e-05,0
1584,121,9.672208069179469e-05,0
2036,121,9.672208069179469e-05,0
5657,121,9.672208069179469e-05,0
6195,121,9.672208069179469e-05,0
6193,121,9.672208069179469e-05,0
2715,121,9.672208069179469e-05,0
19279,121,9.672208069179469e-05,0
5956,121,9.672208069179469e-05,0
4372,121,9.672208069179469e-05,0
18130,121,9.672208069179469e-05,0
2230,121,9.672208069179469e-05,0
521,121,9.672208069179469e-05,0
1763,121,9.672208069179469e-05,0
10023,120,9.592272465301952e-05,0
6844,120,9.592272465301952e-05,0
19374,120,9.592272465301952e-05,0
20826,120,9.592272465301952e-05,0
1885,120,9.592272465301952e-05,0
488,120,9.592272465301952e-05,0
7276,120,9.592272465301952e-05,0
736,120,9.592272465301952e-05,0
11024,120,9.592272465301952e-05,0
19192,120,9.592272465301952e-05,0
5089,120,9.592272465301952e-05,0
1580,120,9.592272465301952e-05,0
18097,120,9.592272465301952e-05,0
14688,120,9.592272465301952e-05,0
20030,120,9.592272465301952e-05,0
3430,120,9.592272465301952e-05,0
4269,120,9.592272465301952e-05,0
5844,120,9.592272465301952e-05,0
1599,119,9.512336861424437e-05,0
1974,119,9.512336861424437e-05,0
9993,119,9.512336861424437e-05,0
2279,119,9.512336861424437e-05,0
1673,119,9.512336861424437e-05,0
28,119,9.512336861424437e-05,0
1876,119,9.512336861424437e-05,0
860,119,9.512336861424437e-05,0
16780,119,9.512336861424437e-05,0
20322,119,9.512336861424437e-05,0
19761,119,9.512336861424437e-05,0
4531,119,9.512336861424437e-05,0
7480,119,9.512336861424437e-05,0
7440,119,9.512336861424437e-05,0
5831,119,9.512336861424437e-05,0
5524,119,9.512336861424437e-05,0
13346,119,9.512336861424437e-05,0
13174,119,9.512336861424437e-05,0
15658,119,9.512336861424437e-05,0
18056,119,9.512336861424437e-05,0
9870,119,9.512336861424437e-05,0
2416,118,9.43240125754692e-05,0
13703,118,9.43240125754692e-05,0
10063,118,9.43240125754692e-05,0
12393,118,9.43240125754692e-05,0
18198,118,9.43240125754692e-05,0
487,118,9.43240125754692e-05,0
2919,118,9.43240125754692e-05,0
14768,118,9.43240125754692e-05,0
1343,118,9.43240125754692e-05,0
4907,118,9.43240125754692e-05,0
19591,118,9.43240125754692e-05,0
15972,118,9.43240125754692e-05,0
1381,118,9.43240125754692e-05,0
1085,118,9.43240125754692e-05,0
755,118,9.43240125754692e-05,0
747,118,9.43240125754692e-05,0
11090,118,9.43240125754692e-05,0
19143,118,9.43240125754692e-05,0
318,118,9.43240125754692e-05,0
16115,118,9.43240125754692e-05,0
13995,118,9.43240125754692e-05,0
12439,118,9.43240125754692e-05,0
2139,118,9.43240125754692e-05,0
1020,118,9.43240125754692e-05,0
7509,118,9.43240125754692e-05,0
17458,118,9.43240125754692e-05,0
19196,118,9.43240125754692e-05,0
7876,118,9.43240125754692e-05,0
9739,118,9.43240125754692e-05,0
8746,117,9.352465653669404e-05,0
6422,117,9.352465653669404e-05,0
20144,117,9.352465653669404e-05,0
2385,117,9.352465653669404e-05,0
7123,117,9.352465653669404e-05,0
18690,117,9.352465653669404e-05,0
11109,117,9.352465653669404e-05,0
548,117,9.352465653669404e-05,0
6390,117,9.352465653669404e-05,0
594,117,9.352465653669404e-05,0
18923,117,9.352465653669404e-05,0
18466,117,9.352465653669404e-05,0
316,117,9.352465653669404e-05,0
8462,117,9.352465653669404e-05,0
2108,117,9.352465653669404e-05,0
3420,117,9.352465653669404e-05,0
4894,117,9.352465653669404e-05,0
21050,117,9.352465653669404e-05,0
3143,117,9.352465653669404e-05,0
5216,117,9.352465653669404e-05,0
1338,117,9.352465653669404e-05,0
6057,117,9.352465653669404e-05,0
1231,117,9.352465653669404e-05,0
3444,117,9.352465653669404e-05,0
5133,117,9.352465653669404e-05,0
5732,116,9.272530049791887e-05,0
3320,116,9.272530049791887e-05,0
497,116,9.272530049791887e-05,0
20042,116,9.272530049791887e-05,0
10537,116,9.272530049791887e-05,0
12771,116,9.272530049791887e-05,0
2380,116,9.272530049791887e-05,0
7441,116,9.272530049791887e-05,0
12494,116,9.272530049791887e-05,0
5474,116,9.272530049791887e-05,0
6491,116,9.272530049791887e-05,0
3913,116,9.272530049791887e-05,0
1153,116,9.272530049791887e-05,0
8237,116,9.272530049791887e-05,0
10897,116,9.272530049791887e-05,0
10244,116,9.272530049791887e-05,0
1823,116,9.272530049791887e-05,0
4549,116,9.272530049791887e-05,0
2097,116,9.272530049791887e-05,0
15656,116,9.272530049791887e-05,0
5351,116,9.272530049791887e-05,0
16775,115,9.192594445914372e-05,0
2166,115,9.192594445914372e-05,0
17675,115,9.192594445914372e-05,0
19521,115,9.192594445914372e-05,0
2147,115,9.192594445914372e-05,0
7523,115,9.192594445914372e-05,0
852,115,9.192594445914372e-05,0
2529,115,9.192594445914372e-05,0
8661,115,9.192594445914372e-05,0
8624,115,9.192594445914372e-05,0
16821,115,9.192594445914372e-05,0
6007,115,9.192594445914372e-05,0
2242,115,9.192594445914372e-05,0
5608,115,9.192594445914372e-05,0
5836,115,9.192594445914372e-05,0
3419,115,9.192594445914372e-05,0
5880,115,9.192594445914372e-05,0
4885,115,9.192594445914372e-05,0
17485,115,9.192594445914372e-05,0
6052,115,9.192594445914372e-05,0
679,115,9.192594445914372e-05,0
218,115,9.192594445914372e-05,0
3267,114,9.112658842036855e-05,0
4550,114,9.112658842036855e-05,0
6531,114,9.112658842036855e-05,0
18132,114,9.112658842036855e-05,0
2896,114,9.112658842036855e-05,0
9388,114,9.112658842036855e-05,0
10625,114,9.112658842036855e-05,0
808,114,9.112658842036855e-05,0
8536,114,9.112658842036855e-05,0
2799,114,9.112658842036855e-05,0
5097,114,9.112658842036855e-05,0
2789,114,9.112658842036855e-05,0
3158,114,9.112658842036855e-05,0
622,114,9.112658842036855e-05,0
20013,114,9.112658842036855e-05,0
4819,114,9.112658842036855e-05,0
7458,114,9.112658842036855e-05,0
5024,114,9.112658842036855e-05,0
1950,114,9.112658842036855e-05,0
1884,114,9.112658842036855e-05,0
1112,114,9.112658842036855e-05,0
18467,114,9.112658842036855e-05,0
9232,114,9.112658842036855e-05,0
5138,114,9.112658842036855e-05,0
2448,114,9.112658842036855e-05,0
2169,114,9.112658842036855e-05,0
15977,114,9.112658842036855e-05,0
3050,114,9.112658842036855e-05,0
1235,114,9.112658842036855e-05,0
1493,114,9.112658842036855e-05,0
19504,114,9.112658842036855e-05,0
4393,114,9.112658842036855e-05,0
42,113,9.032723238159338e-05,0
8447,113,9.032723238159338e-05,0
9906,113,9.032723238159338e-05,0
12446,113,9.032723238159338e-05,0
5119,113,9.032723238159338e-05,0
20702,113,9.032723238159338e-05,0
18721,113,9.032723238159338e-05,0
1946,113,9.032723238159338e-05,0
19134,113,9.032723238159338e-05,0
7545,113,9.032723238159338e-05,0
1326,113,9.032723238159338e-05,0
687,113,9.032723238159338e-05,0
2890,113,9.032723238159338e-05,0
659,113,9.032723238159338e-05,0
9398,113,9.032723238159338e-05,0
20365,113,9.032723238159338e-05,0
14690,113,9.032723238159338e-05,0
6586,113,9.032723238159338e-05,0
4492,113,9.032723238159338e-05,0
1865,113,9.032723238159338e-05,0
9829,113,9.032723238159338e-05,0
1792,112,8.952787634281823e-05,0
3989,112,8.952787634281823e-05,0
17788,112,8.952787634281823e-05,0
1327,112,8.952787634281823e-05,0
3157,112,8.952787634281823e-05,0
19835,112,8.952787634281823e-05,0
16305,112,8.952787634281823e-05,0
4725,112,8.952787634281823e-05,0
13386,112,8.952787634281823e-05,0
6214,112,8.952787634281823e-05,0
15600,112,8.952787634281823e-05,0
19796,112,8.952787634281823e-05,0
7016,112,8.952787634281823e-05,0
10671,112,8.952787634281823e-05,0
18447,112,8.952787634281823e-05,0
5175,112,8.952787634281823e-05,0
3130,112,8.952787634281823e-05,0
17894,112,8.952787634281823e-05,0
18933,112,8.952787634281823e-05,0
4816,112,8.952787634281823e-05,0
20857,112,8.952787634281823e-05,0
2419,111,8.872852030404306e-05,0
273,111,8.872852030404306e-05,0
1835,111,8.872852030404306e-05,0
18432,111,8.872852030404306e-05,0
3965,111,8.872852030404306e-05,0
1008,111,8.872852030404306e-05,0
90,111,8.872852030404306e-05,0
1096,111,8.872852030404306e-05,0
1691,111,8.872852030404306e-05,0
15452,111,8.872852030404306e-05,0
892,111,8.872852030404306e-05,0
14101,111,8.872852030404306e-05,0
1723,111,8.872852030404306e-05,0
6933,111,8.872852030404306e-05,0
854,111,8.872852030404306e-05,0
6949,110,8.79291642652679e-05,0
1857,110,8.79291642652679e-05,0
19397,110,8.79291642652679e-05,0
2046,110,8.79291642652679e-05,0
3681,110,8.79291642652679e-05,0
4678,110,8.79291642652679e-05,0
1547,110,8.79291642652679e-05,0
3520,110,8.79291642652679e-05,0
12365,110,8.79291642652679e-05,0
18900,110,8.79291642652679e-05,0
2920,110,8.79291642652679e-05,0
3383,110,8.79291642652679e-05,0
2947,110,8.79291642652679e-05,0
1044,110,8.79291642652679e-05,0
6087,110,8.79291642652679e-05,0
908,110,8.79291642652679e-05,0
3821,110,8.79291642652679e-05,0
21041,110,8.79291642652679e-05,0
634,110,8.79291642652679e-05,0
5122,110,8.79291642652679e-05,0
15353,110,8.79291642652679e-05,0
1115,110,8.79291642652679e-05,0
13692,110,8.79291642652679e-05,0
3758,110,8.79291642652679e-05,0
15879,110,8.79291642652679e-05,0
3665,109,8.712980822649274e-05,0
470,109,8.712980822649274e-05,0
3461,109,8.712980822649274e-05,0
4428,109,8.712980822649274e-05,0
7767,109,8.712980822649274e-05,0
20870,109,8.712980822649274e-05,0
6573,109,8.712980822649274e-05,0
5156,109,8.712980822649274e-05,0
4454,109,8.712980822649274e-05,0
8078,109,8.712980822649274e-05,0
10257,109,8.712980822649274e-05,0
2937,109,8.712980822649274e-05,0
4977,109,8.712980822649274e-05,0
4279,109,8.712980822649274e-05,0
5579,109,8.712980822649274e-05,0
3707,109,8.712980822649274e-05,0
19128,109,8.712980822649274e-05,0
4386,109,8.712980822649274e-05,0
12347,109,8.712980822649274e-05,0
2533,109,8.712980822649274e-05,0
20735,109,8.712980822649274e-05,0
5634,109,8.712980822649274e-05,0
18748,109,8.712980822649274e-05,0
18436,109,8.712980822649274e-05,0
1220,109,8.712980822649274e-05,0
21171,109,8.712980822649274e-05,0
21156,109,8.712980822649274e-05,0
1852,109,8.712980822649274e-05,0
19357,109,8.712980822649274e-05,0
457,109,8.712980822649274e-05,0
17528,109,8.712980822649274e-05,0
542,109,8.712980822649274e-05,0
1812,108,8.633045218771758e-05,0
20324,108,8.633045218771758e-05,0
1051,108,8.633045218771758e-05,0
18414,108,8.633045218771758e-05,0
2552,108,8.633045218771758e-05,0
3024,108,8.633045218771758e-05,0
1259,108,8.633045218771758e-05,0
12221,108,8.633045218771758e-05,0
6455,108,8.633045218771758e-05,0
3429,108,8.633045218771758e-05,0
18593,108,8.633045218771758e-05,0
9580,108,8.633045218771758e-05,0
1714,108,8.633045218771758e-05,0
18007,108,8.633045218771758e-05,0
4512,108,8.633045218771758e-05,0
8853,108,8.633045218771758e-05,0
2375,108,8.633045218771758e-05,0
15215,108,8.633045218771758e-05,0
9851,108,8.633045218771758e-05,0
2146,108,8.633045218771758e-05,0
4408,108,8.633045218771758e-05,0
7543,107,8.553109614894241e-05,0
1154,107,8.553109614894241e-05,0
1141,107,8.553109614894241e-05,0
11491,107,8.553109614894241e-05,0
10900,107,8.553109614894241e-05,0
193,107,8.553109614894241e-05,0
18899,107,8.553109614894241e-05,0
10670,107,8.553109614894241e-05,0
17127,107,8.553109614894241e-05,0
302,107,8.553109614894241e-05,0
10127,107,8.553109614894241e-05,0
3597,107,8.553109614894241e-05,0
15397,107,8.553109614894241e-05,0
836,107,8.553109614894241e-05,0
6496,107,8.553109614894241e-05,0
936,107,8.553109614894241e-05,0
20832,107,8.553109614894241e-05,0
261,107,8.553109614894241e-05,0
12506,107,8.553109614894241e-05,0
4504,107,8.553109614894241e-05,0
2997,107,8.553109614894241e-05,0
3120,107,8.553109614894241e-05,0
18689,107,8.553109614894241e-05,0
20631,107,8.553109614894241e-05,0
14643,107,8.553109614894241e-05,0
16822,107,8.553109614894241e-05,0
2723,107,8.553109614894241e-05,0
387,107,8.553109614894241e-05,0
3564,106,8.473174011016724e-05,0
6373,106,8.473174011016724e-05,0
8618,106,8.473174011016724e-05,0
1490,106,8.473174011016724e-05,0
1290,106,8.473174011016724e-05,0
2451,106,8.473174011016724e-05,0
1768,106,8.473174011016724e-05,0
748,106,8.473174011016724e-05,0
19471,106,8.473174011016724e-05,0
17527,106,8.473174011016724e-05,0
20860,106,8.473174011016724e-05,0
6168,106,8.473174011016724e-05,0
15204,106,8.473174011016724e-05,0
2191,106,8.473174011016724e-05,0
9396,106,8.473174011016724e-05,0
16763,106,8.473174011016724e-05,0
416,106,8.473174011016724e-05,0
4438,106,8.473174011016724e-05,0
3077,106,8.473174011016724e-05,0
16870,106,8.473174011016724e-05,0
20414,106,8.473174011016724e-05,0
20022,105,8.393238407139209e-05,0
16294,105,8.393238407139209e-05,0
13975,105,8.393238407139209e-05,0
3655,105,8.393238407139209e-05,0
13980,105,8.393238407139209e-05,0
1990,105,8.393238407139209e-05,0
1452,105,8.393238407139209e-05,0
3906,105,8.393238407139209e-05,0
15834,105,8.393238407139209e-05,0
19847,105,8.393238407139209e-05,0
9712,105,8.393238407139209e-05,0
17855,105,8.393238407139209e-05,0
9705,105,8.393238407139209e-05,0
691,105,8.393238407139209e-05,0
703,105,8.393238407139209e-05,0
5783,105,8.393238407139209e-05,0
15813,105,8.393238407139209e-05,0
7,105,8.393238407139209e-05,0
10061,105,8.393238407139209e-05,0
3528,105,8.393238407139209e-05,0
12250,105,8.393238407139209e-05,0
12793,105,8.393238407139209e-05,0
911,105,8.393238407139209e-05,0
9495,105,8.393238407139209e-05,0
19177,105,8.393238407139209e-05,0
5989,105,8.393238407139209e-05,0
6034,105,8.393238407139209e-05,0
18082,105,8.393238407139209e-05,0
799,105,8.393238407139209e-05,0
3819,105,8.393238407139209e-05,0
5992,105,8.393238407139209e-05,0
19785,104,8.313302803261692e-05,0
2219,104,8.313302803261692e-05,0
6878,104,8.313302803261692e-05,0
1948,104,8.313302803261692e-05,0
1183,104,8.313302803261692e-05,0
2633,104,8.313302803261692e-05,0
3011,104,8.313302803261692e-05,0
824,104,8.313302803261692e-05,0
20609,104,8.313302803261692e-05,0
5221,104,8.313302803261692e-05,0
3092,104,8.313302803261692e-05,0
2606,104,8.313302803261692e-05,0
7784,104,8.313302803261692e-05,0
4886,104,8.313302803261692e-05,0
20873,104,8.313302803261692e-05,0
9445,104,8.313302803261692e-05,0
11772,104,8.313302803261692e-05,0
5455,104,8.313302803261692e-05,0
16301,104,8.313302803261692e-05,0
1576,104,8.313302803261692e-05,0
5004,104,8.313302803261692e-05,0
18947,104,8.313302803261692e-05,0
68,103,8.233367199384176e-05,0
5020,103,8.233367199384176e-05,0
2426,103,8.233367199384176e-05,0
2347,103,8.233367199384176e-05,0
4196,103,8.233367199384176e-05,0
1742,103,8.233367199384176e-05,0
16819,103,8.233367199384176e-05,0
10577,103,8.233367199384176e-05,0
623,103,8.233367199384176e-05,0
18749,103,8.233367199384176e-05,0
18174,103,8.233367199384176e-05,0
16789,103,8.233367199384176e-05,0
14800,103,8.233367199384176e-05,0
15558,103,8.233367199384176e-05,0
336,103,8.233367199384176e-05,0
20029,103,8.233367199384176e-05,0
1688,103,8.233367199384176e-05,0
2203,103,8.233367199384176e-05,0
2340,103,8.233367199384176e-05,0
10883,103,8.233367199384176e-05,0
2653,103,8.233367199384176e-05,0
2645,103,8.233367199384176e-05,0
21174,103,8.233367199384176e-05,0
1293,102,8.15343159550666e-05,0
8095,102,8.15343159550666e-05,0
337,102,8.15343159550666e-05,0
9386,102,8.15343159550666e-05,0
4039,102,8.15343159550666e-05,0
7557,102,8.15343159550666e-05,0
395,102,8.15343159550666e-05,0
4320,102,8.15343159550666e-05,0
5683,102,8.15343159550666e-05,0
1782,102,8.15343159550666e-05,0
15274,102,8.15343159550666e-05,0
12322,102,8.15343159550666e-05,0
4274,102,8.15343159550666e-05,0
4319,102,8.15343159550666e-05,0
18397,102,8.15343159550666e-05,0
569,102,8.15343159550666e-05,0
18423,102,8.15343159550666e-05,0
9720,102,8.15343159550666e-05,0
1496,102,8.15343159550666e-05,0
6948,102,8.15343159550666e-05,0
15109,102,8.15343159550666e-05,0
5268,102,8.15343159550666e-05,0
11464,101,8.073495991629144e-05,0
11091,101,8.073495991629144e-05,0
17841,101,8.073495991629144e-05,0
10318,101,8.073495991629144e-05,0
3142,101,8.073495991629144e-05,0
744,101,8.073495991629144e-05,0
572,101,8.073495991629144e-05,0
5067,101,8.073495991629144e-05,0
17478,101,8.073495991629144e-05,0
18784,101,8.073495991629144e-05,0
18422,101,8.073495991629144e-05,0
4254,101,8.073495991629144e-05,0
2912,101,8.073495991629144e-05,0
20281,101,8.073495991629144e-05,0
17672,101,8.073495991629144e-05,0
2756,101,8.073495991629144e-05,0
18095,101,8.073495991629144e-05,0
9987,101,8.073495991629144e-05,0
19115,101,8.073495991629144e-05,0
19763,101,8.073495991629144e-05,0
1564,101,8.073495991629144e-05,0
9393,101,8.073495991629144e-05,0
15259,101,8.073495991629144e-05,0
1973,101,8.073495991629144e-05,0
3915,101,8.073495991629144e-05,0
1728,101,8.073495991629144e-05,0
348,101,8.073495991629144e-05,0
4792,101,8.073495991629144e-05,0
19368,101,8.073495991629144e-05,0
13336,101,8.073495991629144e-05,0
63,101,8.073495991629144e-05,0
3281,101,8.073495991629144e-05,0
3678,101,8.073495991629144e-05,0
2290,101,8.073495991629144e-05,0
19530,101,8.073495991629144e-05,0
16088,101,8.073495991629144e-05,0
5873,101,8.073495991629144e-05,0
16029,101,8.073495991629144e-05,0
9399,101,8.073495991629144e-05,0
4436,101,8.073495991629144e-05,0
3518,101,8.073495991629144e-05,0
18552,101,8.073495991629144e-05,0
4226,101,8.073495991629144e-05,0
1833,101,8.073495991629144e-05,0
5300,101,8.073495991629144e-05,0
1942,101,8.073495991629144e-05,0
754,100,7.993560387751627e-05,0
18108,100,7.993560387751627e-05,0
19642,100,7.993560387751627e-05,0
13581,100,7.993560387751627e-05,0
57,100,7.993560387751627e-05,0
3443,100,7.993560387751627e-05,0
15589,100,7.993560387751627e-05,0
2165,100,7.993560387751627e-05,0
8203,100,7.993560387751627e-05,0
8152,100,7.993560387751627e-05,0
693,100,7.993560387751627e-05,0
3549,100,7.993560387751627e-05,0
9793,100,7.993560387751627e-05,0
3330,100,7.993560387751627e-05,0
7527,100,7.993560387751627e-05,0
2726,100,7.993560387751627e-05,0
4288,100,7.993560387751627e-05,0
3000,100,7.993560387751627e-05,0
15282,100,7.993560387751627e-05,0
20279,100,7.993560387751627e-05,0
5007,100,7.993560387751627e-05,0
3215,100,7.993560387751627e-05,0
5501,100,7.993560387751627e-05,0
4496,100,7.993560387751627e-05,0
18819,100,7.993560387751627e-05,0
4256,100,7.993560387751627e-05,0
921,100,7.993560387751627e-05,0
20875,100,7.993560387751627e-05,0
4608,100,7.993560387751627e-05,0
94,100,7.993560387751627e-05,0
7361,100,7.993560387751627e-05,0
780,100,7.993560387751627e-05,0
1497,100,7.993560387751627e-05,0
2452,99,7.913624783874112e-05,0
5068,99,7.913624783874112e-05,0
17700,99,7.913624783874112e-05,0
5427,99,7.913624783874112e-05,0
5695,99,7.913624783874112e-05,0
581,99,7.913624783874112e-05,0
4139,99,7.913624783874112e-05,0
2294,99,7.913624783874112e-05,0
6215,99,7.913624783874112e-05,0
11629,99,7.913624783874112e-05,0
14696,99,7.913624783874112e-05,0
6568,99,7.913624783874112e-05,0
5578,99,7.913624783874112e-05,0
7969,99,7.913624783874112e-05,0
6037,99,7.913624783874112e-05,0
15855,99,7.913624783874112e-05,0
10326,99,7.913624783874112e-05,0
4243,99,7.913624783874112e-05,0
4045,99,7.913624783874112e-05,0
11773,99,7.913624783874112e-05,0
8476,98,7.833689179996595e-05,0
15164,98,7.833689179996595e-05,0
1937,98,7.833689179996595e-05,0
1107,98,7.833689179996595e-05,0
10727,98,7.833689179996595e-05,0
3107,98,7.833689179996595e-05,0
1601,98,7.833689179996595e-05,0
20406,98,7.833689179996595e-05,0
1829,98,7.833689179996595e-05,0
19369,98,7.833689179996595e-05,0
16289,98,7.833689179996595e-05,0
1550,98,7.833689179996595e-05,0
2740,98,7.833689179996595e-05,0
6127,98,7.833689179996595e-05,0
2974,98,7.833689179996595e-05,0
18426,98,7.833689179996595e-05,0
570,98,7.833689179996595e-05,0
102,98,7.833689179996595e-05,0
20804,98,7.833689179996595e-05,0
8753,98,7.833689179996595e-05,0
10249,98,7.833689179996595e-05,0
1575,98,7.833689179996595e-05,0
50,98,7.833689179996595e-05,0
13084,98,7.833689179996595e-05,0
14619,98,7.833689179996595e-05,0
4939,98,7.833689179996595e-05,0
3027,98,7.833689179996595e-05,0
3857,98,7.833689179996595e-05,0
1794,98,7.833689179996595e-05,0
4054,98,7.833689179996595e-05,0
7487,98,7.833689179996595e-05,0
5741,98,7.833689179996595e-05,0
20384,98,7.833689179996595e-05,0
8524,98,7.833689179996595e-05,0
19762,97,7.753753576119078e-05,0
8937,97,7.753753576119078e-05,0
3896,97,7.753753576119078e-05,0
15858,97,7.753753576119078e-05,0
7437,97,7.753753576119078e-05,0
5208,97,7.753753576119078e-05,0
3253,97,7.753753576119078e-05,0
4724,97,7.753753576119078e-05,0
6783,97,7.753753576119078e-05,0
4661,97,7.753753576119078e-05,0
18424,97,7.753753576119078e-05,0
21054,97,7.753753576119078e-05,0
18937,97,7.753753576119078e-05,0
18925,97,7.753753576119078e-05,0
641,97,7.753753576119078e-05,0
20596,97,7.753753576119078e-05,0
8722,97,7.753753576119078e-05,0
660,97,7.753753576119078e-05,0
4031,97,7.753753576119078e-05,0
19858,97,7.753753576119078e-05,0
2199,97,7.753753576119078e-05,0
18070,97,7.753753576119078e-05,0
2499,97,7.753753576119078e-05,0
18461,97,7.753753576119078e-05,0
7510,97,7.753753576119078e-05,0
1419,97,7.753753576119078e-05,0
3966,97,7.753753576119078e-05,0
18696,97,7.753753576119078e-05,0
1630,96,7.673817972241562e-05,0
4097,96,7.673817972241562e-05,0
5143,96,7.673817972241562e-05,0
6210,96,7.673817972241562e-05,0
9387,96,7.673817972241562e-05,0
4424,96,7.673817972241562e-05,0
19594,96,7.673817972241562e-05,0
19790,96,7.673817972241562e-05,0
15811,96,7.673817972241562e-05,0
8071,96,7.673817972241562e-05,0
1208,96,7.673817972241562e-05,0
9430,96,7.673817972241562e-05,0
2312,96,7.673817972241562e-05,0
20430,96,7.673817972241562e-05,0
5815,96,7.673817972241562e-05,0
13733,96,7.673817972241562e-05,0
5189,96,7.673817972241562e-05,0
18955,96,7.673817972241562e-05,0
2956,96,7.673817972241562e-05,0
4127,96,7.673817972241562e-05,0
12523,96,7.673817972241562e-05,0
7722,96,7.673817972241562e-05,0
12346,96,7.673817972241562e-05,0
6499,96,7.673817972241562e-05,0
4020,96,7.673817972241562e-05,0
6582,95,7.593882368364046e-05,0
16227,95,7.593882368364046e-05,0
5066,95,7.593882368364046e-05,0
5211,95,7.593882368364046e-05,0
8064,95,7.593882368364046e-05,0
20041,95,7.593882368364046e-05,0
6669,95,7.593882368364046e-05,0
5610,95,7.593882368364046e-05,0
150,95,7.593882368364046e-05,0
1417,95,7.593882368364046e-05,0
3492,95,7.593882368364046e-05,0
3480,95,7.593882368364046e-05,0
1260,95,7.593882368364046e-05,0
4493,95,7.593882368364046e-05,0
5717,95,7.593882368364046e-05,0
10100,95,7.593882368364046e-05,0
2538,95,7.593882368364046e-05,0
19191,95,7.593882368364046e-05,0
19317,95,7.593882368364046e-05,0
2137,95,7.593882368364046e-05,0
894,95,7.593882368364046e-05,0
5691,95,7.593882368364046e-05,0
18192,95,7.593882368364046e-05,0
4993,95,7.593882368364046e-05,0
1525,95,7.593882368364046e-05,0
1336,95,7.593882368364046e-05,0
15850,95,7.593882368364046e-05,0
18982,95,7.593882368364046e-05,0
1339,95,7.593882368364046e-05,0
6911,95,7.593882368364046e-05,0
14310,95,7.593882368364046e-05,0
5275,94,7.51394676448653e-05,0
18716,94,7.51394676448653e-05,0
21175,94,7.51394676448653e-05,0
9805,94,7.51394676448653e-05,0
17799,94,7.51394676448653e-05,0
8081,94,7.51394676448653e-05,0
8664,94,7.51394676448653e-05,0
7180,94,7.51394676448653e-05,0
1233,94,7.51394676448653e-05,0
1055,94,7.51394676448653e-05,0
5322,94,7.51394676448653e-05,0
2863,94,7.51394676448653e-05,0
9505,94,7.51394676448653e-05,0
2775,94,7.51394676448653e-05,0
16826,94,7.51394676448653e-05,0
2240,94,7.51394676448653e-05,0
6759,94,7.51394676448653e-05,0
19443,94,7.51394676448653e-05,0
4330,94,7.51394676448653e-05,0
10140,94,7.51394676448653e-05,0
7989,94,7.51394676448653e-05,0
18928,94,7.51394676448653e-05,0
764,94,7.51394676448653e-05,0
21098,94,7.51394676448653e-05,0
16843,94,7.51394676448653e-05,0
20782,94,7.51394676448653e-05,0
2059,94,7.51394676448653e-05,0
2562,94,7.51394676448653e-05,0
1089,94,7.51394676448653e-05,0
13347,94,7.51394676448653e-05,0
18474,93,7.434011160609013e-05,0
2537,93,7.434011160609013e-05,0
11966,93,7.434011160609013e-05,0
18968,93,7.434011160609013e-05,0
6877,93,7.434011160609013e-05,0
13327,93,7.434011160609013e-05,0
6853,93,7.434011160609013e-05,0
1856,93,7.434011160609013e-05,0
2695,93,7.434011160609013e-05,0
19805,93,7.434011160609013e-05,0
5542,93,7.434011160609013e-05,0
5525,93,7.434011160609013e-05,0
253,93,7.434011160609013e-05,0
16825,93,7.434011160609013e-05,0
2172,93,7.434011160609013e-05,0
5897,93,7.434011160609013e-05,0
2111,93,7.434011160609013e-05,0
21191,93,7.434011160609013e-05,0
12480,93,7.434011160609013e-05,0
2170,93,7.434011160609013e-05,0
8201,93,7.434011160609013e-05,0
2349,93,7.434011160609013e-05,0
18759,93,7.434011160609013e-05,0
17084,93,7.434011160609013e-05,0
5041,93,7.434011160609013e-05,0
9759,93,7.434011160609013e-05,0
2197,93,7.434011160609013e-05,0
312,93,7.434011160609013e-05,0
1861,93,7.434011160609013e-05,0
3008,93,7.434011160609013e-05,0
554,93,7.434011160609013e-05,0
4851,93,7.434011160609013e-05,0
3202,92,7.354075556731498e-05,0
1978,92,7.354075556731498e-05,0
4720,92,7.354075556731498e-05,0
16768,92,7.354075556731498e-05,0
10436,92,7.354075556731498e-05,0
19009,92,7.354075556731498e-05,0
20352,92,7.354075556731498e-05,0
16862,92,7.354075556731498e-05,0
3995,92,7.354075556731498e-05,0
3498,92,7.354075556731498e-05,0
1007,92,7.354075556731498e-05,0
3544,92,7.354075556731498e-05,0
3477,92,7.354075556731498e-05,0
14140,92,7.354075556731498e-05,0
19729,92,7.354075556731498e-05,0
1438,92,7.354075556731498e-05,0
6797,92,7.354075556731498e-05,0
7239,92,7.354075556731498e-05,0
19808,92,7.354075556731498e-05,0
4487,92,7.354075556731498e-05,0
3595,92,7.354075556731498e-05,0
16402,92,7.354075556731498e-05,0
16277,92,7.354075556731498e-05,0
16824,92,7.354075556731498e-05,0
5099,92,7.354075556731498e-05,0
2603,92,7.354075556731498e-05,0
5190,91,7.274139952853981e-05,0
20274,91,7.274139952853981e-05,0
5011,91,7.274139952853981e-05,0
6713,91,7.274139952853981e-05,0
10285,91,7.274139952853981e-05,0
3403,91,7.274139952853981e-05,0
863,91,7.274139952853981e-05,0
1283,91,7.274139952853981e-05,0
2496,91,7.274139952853981e-05,0
9757,91,7.274139952853981e-05,0
1914,91,7.274139952853981e-05,0
1730,91,7.274139952853981e-05,0
1875,91,7.274139952853981e-05,0
1390,91,7.274139952853981e-05,0
15947,91,7.274139952853981e-05,0
16773,91,7.274139952853981e-05,0
2062,91,7.274139952853981e-05,0
2926,91,7.274139952853981e-05,0
71,91,7.274139952853981e-05,0
3766,91,7.274139952853981e-05,0
6570,91,7.274139952853981e-05,0
12259,91,7.274139952853981e-05,0
898,91,7.274139952853981e-05,0
837,91,7.274139952853981e-05,0
4951,91,7.274139952853981e-05,0
15314,91,7.274139952853981e-05,0
310,91,7.274139952853981e-05,0
2442,90,7.194204348976464e-05,0
810,90,7.194204348976464e-05,0
389,90,7.194204348976464e-05,0
3475,90,7.194204348976464e-05,0
9389,90,7.194204348976464e-05,0
191,90,7.194204348976464e-05,0
5982,90,7.194204348976464e-05,0
3246,90,7.194204348976464e-05,0
1113,90,7.194204348976464e-05,0
683,90,7.194204348976464e-05,0
2626,90,7.194204348976464e-05,0
3046,90,7.194204348976464e-05,0
5461,90,7.194204348976464e-05,0
1641,90,7.194204348976464e-05,0
21187,90,7.194204348976464e-05,0
2345,90,7.194204348976464e-05,0
18924,90,7.194204348976464e-05,0
16332,90,7.194204348976464e-05,0
10312,90,7.194204348976464e-05,0
7407,90,7.194204348976464e-05,0
1043,90,7.194204348976464e-05,0
21049,90,7.194204348976464e-05,0
5908,90,7.194204348976464e-05,0
946,90,7.194204348976464e-05,0
5990,90,7.194204348976464e-05,0
5225,90,7.194204348976464e-05,0
5515,90,7.194204348976464e-05,0
2887,90,7.194204348976464e-05,0
6698,90,7.194204348976464e-05,0
4577,90,7.194204348976464e-05,0
1060,90,7.194204348976464e-05,0
19531,89,7.114268745098949e-05,0
18473,89,7.114268745098949e-05,0
2594,89,7.114268745098949e-05,0
8468,89,7.114268745098949e-05,0
2784,89,7.114268745098949e-05,0
3909,89,7.114268745098949e-05,0
12581,89,7.114268745098949e-05,0
367,89,7.114268745098949e-05,0
1010,89,7.114268745098949e-05,0
19880,89,7.114268745098949e-05,0
11332,89,7.114268745098949e-05,0
16302,89,7.114268745098949e-05,0
15636,89,7.114268745098949e-05,0
4495,89,7.114268745098949e-05,0
6053,89,7.114268745098949e-05,0
4187,89,7.114268745098949e-05,0
2365,89,7.114268745098949e-05,0
18977,89,7.114268745098949e-05,0
2507,89,7.114268745098949e-05,0
2291,89,7.114268745098949e-05,0
1788,89,7.114268745098949e-05,0
5593,89,7.114268745098949e-05,0
5457,89,7.114268745098949e-05,0
689,89,7.114268745098949e-05,0
15009,89,7.114268745098949e-05,0
402,89,7.114268745098949e-05,0
9146,89,7.114268745098949e-05,0
6508,89,7.114268745098949e-05,0
21223,89,7.114268745098949e-05,0
4663,89,7.114268745098949e-05,0
2196,89,7.114268745098949e-05,0
14700,88,7.034333141221432e-05,0
3179,88,7.034333141221432e-05,0
742,88,7.034333141221432e-05,0
1117,88,7.034333141221432e-05,0
8128,88,7.034333141221432e-05,0
656,88,7.034333141221432e-05,0
10411,88,7.034333141221432e-05,0
12526,88,7.034333141221432e-05,0
12481,88,7.034333141221432e-05,0
16848,88,7.034333141221432e-05,0
4132,88,7.034333141221432e-05,0
265,88,7.034333141221432e-05,0
18137,88,7.034333141221432e-05,0
14233,88,7.034333141221432e-05,0
1190,88,7.034333141221432e-05,0
2322,88,7.034333141221432e-05,0
21182,88,7.034333141221432e-05,0
15260,88,7.034333141221432e-05,0
3018,88,7.034333141221432e-05,0
1959,88,7.034333141221432e-05,0
9669,88,7.034333141221432e-05,0
7157,88,7.034333141221432e-05,0
4883,88,7.034333141221432e-05,0
1998,88,7.034333141221432e-05,0
4508,88,7.034333141221432e-05,0
1535,88,7.034333141221432e-05,0
8273,88,7.034333141221432e-05,0
4376,88,7.034333141221432e-05,0
21220,88,7.034333141221432e-05,0
14306,88,7.034333141221432e-05,0
13289,88,7.034333141221432e-05,0
4783,88,7.034333141221432e-05,0
7052,88,7.034333141221432e-05,0
1126,88,7.034333141221432e-05,0
7220,88,7.034333141221432e-05,0
4790,88,7.034333141221432e-05,0
7544,87,6.954397537343916e-05,0
6663,87,6.954397537343916e-05,0
19459,87,6.954397537343916e-05,0
1132,87,6.954397537343916e-05,0
400,87,6.954397537343916e-05,0
13771,87,6.954397537343916e-05,0
18779,87,6.954397537343916e-05,0
5155,87,6.954397537343916e-05,0
1111,87,6.954397537343916e-05,0
3658,87,6.954397537343916e-05,0
935,87,6.954397537343916e-05,0
16762,87,6.954397537343916e-05,0
12656,87,6.954397537343916e-05,0
4286,87,6.954397537343916e-05,0
19319,87,6.954397537343916e-05,0
963,87,6.954397537343916e-05,0
930,87,6.954397537343916e-05,0
10123,87,6.954397537343916e-05,0
16807,87,6.954397537343916e-05,0
1674,87,6.954397537343916e-05,0
95,87,6.954397537343916e-05,0
1130,87,6.954397537343916e-05,0
13475,87,6.954397537343916e-05,0
4355,87,6.954397537343916e-05,0
3904,87,6.954397537343916e-05,0
21226,87,6.954397537343916e-05,0
3907,87,6.954397537343916e-05,0
21027,87,6.954397537343916e-05,0
19388,87,6.954397537343916e-05,0
8475,87,6.954397537343916e-05,0
12203,87,6.954397537343916e-05,0
2125,87,6.954397537343916e-05,0
611,87,6.954397537343916e-05,0
9394,87,6.954397537343916e-05,0
2844,87,6.954397537343916e-05,0
2601,87,6.954397537343916e-05,0
1367,87,6.954397537343916e-05,0
2054,86,6.874461933466399e-05,0
4441,86,6.874461933466399e-05,0
3546,86,6.874461933466399e-05,0
13675,86,6.874461933466399e-05,0
17510,86,6.874461933466399e-05,0
4418,86,6.874461933466399e-05,0
986,86,6.874461933466399e-05,0
18134,86,6.874461933466399e-05,0
6032,86,6.874461933466399e-05,0
20048,86,6.874461933466399e-05,0
19127,86,6.874461933466399e-05,0
8208,86,6.874461933466399e-05,0
4844,86,6.874461933466399e-05,0
5851,86,6.874461933466399e-05,0
311,86,6.874461933466399e-05,0
16185,86,6.874461933466399e-05,0
6371,86,6.874461933466399e-05,0
11056,86,6.874461933466399e-05,0
3352,86,6.874461933466399e-05,0
325,86,6.874461933466399e-05,0
18666,86,6.874461933466399e-05,0
3832,86,6.874461933466399e-05,0
8242,86,6.874461933466399e-05,0
14773,86,6.874461933466399e-05,0
20343,86,6.874461933466399e-05,0
789,86,6.874461933466399e-05,0
1826,86,6.874461933466399e-05,0
5588,86,6.874461933466399e-05,0
1337,86,6.874461933466399e-05,0
163,85,6.794526329588884e-05,0
16939,85,6.794526329588884e-05,0
17094,85,6.794526329588884e-05,0
493,85,6.794526329588884e-05,0
1698,85,6.794526329588884e-05,0
9585,85,6.794526329588884e-05,0
1558,85,6.794526329588884e-05,0
17330,85,6.794526329588884e-05,0
19728,85,6.794526329588884e-05,0
18908,85,6.794526329588884e-05,0
18766,85,6.794526329588884e-05,0
1477,85,6.794526329588884e-05,0
10251,85,6.794526329588884e-05,0
14732,85,6.794526329588884e-05,0
2786,85,6.794526329588884e-05,0
3186,85,6.794526329588884e-05,0
16823,85,6.794526329588884e-05,0
3071,85,6.794526329588884e-05,0
5040,85,6.794526329588884e-05,0
4367,85,6.794526329588884e-05,0
1167,85,6.794526329588884e-05,0
2236,85,6.794526329588884e-05,0
1103,85,6.794526329588884e-05,0
2180,85,6.794526329588884e-05,0
16741,85,6.794526329588884e-05,0
5596,85,6.794526329588884e-05,0
600,85,6.794526329588884e-05,0
333,85,6.794526329588884e-05,0
5023,85,6.794526329588884e-05,0
5140,85,6.794526329588884e-05,0
6631,85,6.794526329588884e-05,0
1227,85,6.794526329588884e-05,0
5529,85,6.794526329588884e-05,0
4285,85,6.794526329588884e-05,0
1261,85,6.794526329588884e-05,0
475,85,6.794526329588884e-05,0
15875,84,6.714590725711367e-05,0
5528,84,6.714590725711367e-05,0
277,84,6.714590725711367e-05,0
10207,84,6.714590725711367e-05,0
18142,84,6.714590725711367e-05,0
9151,84,6.714590725711367e-05,0
1286,84,6.714590725711367e-05,0
13676,84,6.714590725711367e-05,0
6679,84,6.714590725711367e-05,0
4555,84,6.714590725711367e-05,0
8947,84,6.714590725711367e-05,0
5078,84,6.714590725711367e-05,0
5069,84,6.714590725711367e-05,0
8767,84,6.714590725711367e-05,0
18144,84,6.714590725711367e-05,0
2238,84,6.714590725711367e-05,0
359,84,6.714590725711367e-05,0
3164,84,6.714590725711367e-05,0
5224,84,6.714590725711367e-05,0
15884,84,6.714590725711367e-05,0
7671,84,6.714590725711367e-05,0
15822,84,6.714590725711367e-05,0
1460,84,6.714590725711367e-05,0
3095,84,6.714590725711367e-05,0
20859,84,6.714590725711367e-05,0
4000,84,6.714590725711367e-05,0
5205,84,6.714590725711367e-05,0
16303,84,6.714590725711367e-05,0
2241,84,6.714590725711367e-05,0
15227,84,6.714590725711367e-05,0
6397,84,6.714590725711367e-05,0
2418,84,6.714590725711367e-05,0
1864,84,6.714590725711367e-05,0
1944,84,6.714590725711367e-05,0
16304,83,6.63465512183385e-05,0
1368,83,6.63465512183385e-05,0
2783,83,6.63465512183385e-05,0
18734,83,6.63465512183385e-05,0
4771,83,6.63465512183385e-05,0
4842,83,6.63465512183385e-05,0
18999,83,6.63465512183385e-05,0
8384,83,6.63465512183385e-05,0
10651,83,6.63465512183385e-05,0
8470,83,6.63465512183385e-05,0
2764,83,6.63465512183385e-05,0
1394,83,6.63465512183385e-05,0
800,83,6.63465512183385e-05,0
10778,83,6.63465512183385e-05,0
4140,83,6.63465512183385e-05,0
4141,83,6.63465512183385e-05,0
2839,83,6.63465512183385e-05,0
1796,83,6.63465512183385e-05,0
4437,83,6.63465512183385e-05,0
16731,83,6.63465512183385e-05,0
18255,83,6.63465512183385e-05,0
2901,83,6.63465512183385e-05,0
6039,83,6.63465512183385e-05,0
4450,83,6.63465512183385e-05,0
7256,83,6.63465512183385e-05,0
3162,83,6.63465512183385e-05,0
7811,83,6.63465512183385e-05,0
2348,83,6.63465512183385e-05,0
688,83,6.63465512183385e-05,0
5795,82,6.554719517956335e-05,0
3300,82,6.554719517956335e-05,0
1125,82,6.554719517956335e-05,0
8220,82,6.554719517956335e-05,0
10988,82,6.554719517956335e-05,0
9207,82,6.554719517956335e-05,0
3905,82,6.554719517956335e-05,0
6932,82,6.554719517956335e-05,0
331,82,6.554719517956335e-05,0
21200,82,6.554719517956335e-05,0
20106,82,6.554719517956335e-05,0
383,82,6.554719517956335e-05,0
20611,82,6.554719517956335e-05,0
1594,82,6.554719517956335e-05,0
8877,82,6.554719517956335e-05,0
4133,82,6.554719517956335e-05,0
19592,82,6.554719517956335e-05,0
20345,82,6.554719517956335e-05,0
5132,82,6.554719517956335e-05,0
21190,82,6.554719517956335e-05,0
8640,82,6.554719517956335e-05,0
1549,82,6.554719517956335e-05,0
4822,82,6.554719517956335e-05,0
2816,82,6.554719517956335e-05,0
17795,82,6.554719517956335e-05,0
1625,82,6.554719517956335e-05,0
10556,82,6.554719517956335e-05,0
4978,82,6.554719517956335e-05,0
5900,82,6.554719517956335e-05,0
2793,82,6.554719517956335e-05,0
2260,82,6.554719517956335e-05,0
2115,82,6.554719517956335e-05,0
3577,82,6.554719517956335e-05,0
1767,82,6.554719517956335e-05,0
3079,82,6.554719517956335e-05,0
12773,82,6.554719517956335e-05,0
1224,82,6.554719517956335e-05,0
18081,81,6.474783914078818e-05,0
3358,81,6.474783914078818e-05,0
1392,81,6.474783914078818e-05,0
5236,81,6.474783914078818e-05,0
5977,81,6.474783914078818e-05,0
9189,81,6.474783914078818e-05,0
9972,81,6.474783914078818e-05,0
9200,81,6.474783914078818e-05,0
5796,81,6.474783914078818e-05,0
11503,81,6.474783914078818e-05,0
15359,81,6.474783914078818e-05,0
2045,81,6.474783914078818e-05,0
43,81,6.474783914078818e-05,0
1776,81,6.474783914078818e-05,0
6607,81,6.474783914078818e-05,0
17187,81,6.474783914078818e-05,0
20347,81,6.474783914078818e-05,0
2153,81,6.474783914078818e-05,0
6173,81,6.474783914078818e-05,0
5463,81,6.474783914078818e-05,0
6207,81,6.474783914078818e-05,0
14923,81,6.474783914078818e-05,0
4345,81,6.474783914078818e-05,0
887,81,6.474783914078818e-05,0
20418,81,6.474783914078818e-05,0
21192,81,6.474783914078818e-05,0
1536,81,6.474783914078818e-05,0
20085,81,6.474783914078818e-05,0
21211,81,6.474783914078818e-05,0
1975,81,6.474783914078818e-05,0
9395,81,6.474783914078818e-05,0
7073,80,6.394848310201302e-05,0
9621,80,6.394848310201302e-05,0
15590,80,6.394848310201302e-05,0
3772,80,6.394848310201302e-05,0
15762,80,6.394848310201302e-05,0
2114,80,6.394848310201302e-05,0
4241,80,6.394848310201302e-05,0
10079,80,6.394848310201302e-05,0
4845,80,6.394848310201302e-05,0
2880,80,6.394848310201302e-05,0
1734,80,6.394848310201302e-05,0
6745,80,6.394848310201302e-05,0
4952,80,6.394848310201302e-05,0
3108,80,6.394848310201302e-05,0
19569,80,6.394848310201302e-05,0
6560,80,6.394848310201302e-05,0
11801,80,6.394848310201302e-05,0
5842,80,6.394848310201302e-05,0
757,80,6.394848310201302e-05,0
2690,80,6.394848310201302e-05,0
9991,80,6.394848310201302e-05,0
11661,80,6.394848310201302e-05,0
7499,80,6.394848310201302e-05,0
730,80,6.394848310201302e-05,0
5019,80,6.394848310201302e-05,0
2285,80,6.394848310201302e-05,0
1608,80,6.394848310201302e-05,0
1810,80,6.394848310201302e-05,0
21212,80,6.394848310201302e-05,0
763,80,6.394848310201302e-05,0
539,79,6.314912706323785e-05,0
541,79,6.314912706323785e-05,0
2455,79,6.314912706323785e-05,0
11475,79,6.314912706323785e-05,0
9438,79,6.314912706323785e-05,0
18963,79,6.314912706323785e-05,0
2453,79,6.314912706323785e-05,0
1182,79,6.314912706323785e-05,0
18729,79,6.314912706323785e-05,0
16802,79,6.314912706323785e-05,0
4026,79,6.314912706323785e-05,0
10141,79,6.314912706323785e-05,0
5239,79,6.314912706323785e-05,0
6226,79,6.314912706323785e-05,0
5310,79,6.314912706323785e-05,0
5287,79,6.314912706323785e-05,0
8391,79,6.314912706323785e-05,0
5070,79,6.314912706323785e-05,0
7212,79,6.314912706323785e-05,0
1018,79,6.314912706323785e-05,0
3414,79,6.314912706323785e-05,0
2796,79,6.314912706323785e-05,0
2798,79,6.314912706323785e-05,0
3796,79,6.314912706323785e-05,0
9138,79,6.314912706323785e-05,0
9106,79,6.314912706323785e-05,0
5433,79,6.314912706323785e-05,0
12091,79,6.314912706323785e-05,0
12627,79,6.314912706323785e-05,0
5788,79,6.314912706323785e-05,0
9723,79,6.314912706323785e-05,0
15944,79,6.314912706323785e-05,0
9892,79,6.314912706323785e-05,0
2866,79,6.314912706323785e-05,0
5214,79,6.314912706323785e-05,0
1465,79,6.314912706323785e-05,0
4213,78,6.23497710244627e-05,0
5222,78,6.23497710244627e-05,0
3088,78,6.23497710244627e-05,0
6038,78,6.23497710244627e-05,0
6574,78,6.23497710244627e-05,0
11254,78,6.23497710244627e-05,0
5839,78,6.23497710244627e-05,0
20410,78,6.23497710244627e-05,0
1349,78,6.23497710244627e-05,0
2794,78,6.23497710244627e-05,0
2113,78,6.23497710244627e-05,0
424,78,6.23497710244627e-05,0
1729,78,6.23497710244627e-05,0
17836,78,6.23497710244627e-05,0
15835,78,6.23497710244627e-05,0
289,78,6.23497710244627e-05,0
3064,78,6.23497710244627e-05,0
11674,78,6.23497710244627e-05,0
2327,78,6.23497710244627e-05,0
2450,78,6.23497710244627e-05,0
5919,78,6.23497710244627e-05,0
19113,78,6.23497710244627e-05,0
12959,78,6.23497710244627e-05,0
13679,78,6.23497710244627e-05,0
4701,78,6.23497710244627e-05,0
740,78,6.23497710244627e-05,0
20452,78,6.23497710244627e-05,0
899,78,6.23497710244627e-05,0
2913,78,6.23497710244627e-05,0
20871,78,6.23497710244627e-05,0
16249,78,6.23497710244627e-05,0
1475,78,6.23497710244627e-05,0
5128,78,6.23497710244627e-05,0
20067,78,6.23497710244627e-05,0
20606,78,6.23497710244627e-05,0
3373,77,6.155041498568753e-05,0
19836,77,6.155041498568753e-05,0
11459,77,6.155041498568753e-05,0
3540,77,6.155041498568753e-05,0
305,77,6.155041498568753e-05,0
21181,77,6.155041498568753e-05,0
6216,77,6.155041498568753e-05,0
4668,77,6.155041498568753e-05,0
5830,77,6.155041498568753e-05,0
1821,77,6.155041498568753e-05,0
1853,77,6.155041498568753e-05,0
16754,77,6.155041498568753e-05,0
21179,77,6.155041498568753e-05,0
17576,77,6.155041498568753e-05,0
1677,77,6.155041498568753e-05,0
20403,77,6.155041498568753e-05,0
7208,77,6.155041498568753e-05,0
5687,77,6.155041498568753e-05,0
6151,77,6.155041498568753e-05,0
5464,77,6.155041498568753e-05,0
2916,77,6.155041498568753e-05,0
18838,77,6.155041498568753e-05,0
2548,77,6.155041498568753e-05,0
10579,77,6.155041498568753e-05,0
4490,77,6.155041498568753e-05,0
19274,77,6.155041498568753e-05,0
3967,77,6.155041498568753e-05,0
108,77,6.155041498568753e-05,0
1433,77,6.155041498568753e-05,0
1735,77,6.155041498568753e-05,0
10415,77,6.155041498568753e-05,0
14252,77,6.155041498568753e-05,0
937,77,6.155041498568753e-05,0
3710,77,6.155041498568753e-05,0
10109,77,6.155041498568753e-05,0
5063,76,6.075105894691237e-05,0
1859,76,6.075105894691237e-05,0
79,76,6.075105894691237e-05,0
8224,76,6.075105894691237e-05,0
4421,76,6.075105894691237e-05,0
618,76,6.075105894691237e-05,0
5928,76,6.075105894691237e-05,0
3022,76,6.075105894691237e-05,0
5648,76,6.075105894691237e-05,0
1583,76,6.075105894691237e-05,0
2454,76,6.075105894691237e-05,0
8945,76,6.075105894691237e-05,0
313,76,6.075105894691237e-05,0
5748,76,6.075105894691237e-05,0
16810,76,6.075105894691237e-05,0
5654,76,6.075105894691237e-05,0
3459,76,6.075105894691237e-05,0
6328,76,6.075105894691237e-05,0
18323,76,6.075105894691237e-05,0
5536,76,6.075105894691237e-05,0
2542,76,6.075105894691237e-05,0
7670,76,6.075105894691237e-05,0
10563,76,6.075105894691237e-05,0
1612,76,6.075105894691237e-05,0
4202,76,6.075105894691237e-05,0
15667,76,6.075105894691237e-05,0
2803,76,6.075105894691237e-05,0
2848,76,6.075105894691237e-05,0
5527,76,6.075105894691237e-05,0
2900,76,6.075105894691237e-05,0
4103,76,6.075105894691237e-05,0
2066,76,6.075105894691237e-05,0
434,76,6.075105894691237e-05,0
13888,76,6.075105894691237e-05,0
1693,76,6.075105894691237e-05,0
1692,76,6.075105894691237e-05,0
5764,76,6.075105894691237e-05,0
1882,76,6.075105894691237e-05,0
19340,75,5.99517029081372e-05,0
96,75,5.99517029081372e-05,0
4652,75,5.99517029081372e-05,0
2263,75,5.99517029081372e-05,0
6580,75,5.99517029081372e-05,0
644,75,5.99517029081372e-05,0
119,75,5.99517029081372e-05,0
3323,75,5.99517029081372e-05,0
2201,75,5.99517029081372e-05,0
2276,75,5.99517029081372e-05,0
19293,75,5.99517029081372e-05,0
10126,75,5.99517029081372e-05,0
4019,75,5.99517029081372e-05,0
6611,75,5.99517029081372e-05,0
7472,75,5.99517029081372e-05,0
19756,75,5.99517029081372e-05,0
21180,75,5.99517029081372e-05,0
9908,75,5.99517029081372e-05,0
4520,75,5.99517029081372e-05,0
18727,75,5.99517029081372e-05,0
9713,75,5.99517029081372e-05,0
15873,75,5.99517029081372e-05,0
2664,75,5.99517029081372e-05,0
1292,75,5.99517029081372e-05,0
5258,75,5.99517029081372e-05,0
8005,75,5.99517029081372e-05,0
1811,75,5.99517029081372e-05,0
927,75,5.99517029081372e-05,0
10274,75,5.99517029081372e-05,0
5506,75,5.99517029081372e-05,0
1371,75,5.99517029081372e-05,0
16566,75,5.99517029081372e-05,0
9925,75,5.99517029081372e-05,0
2564,75,5.99517029081372e-05,0
5875,75,5.99517029081372e-05,0
7337,75,5.99517029081372e-05,0
18244,75,5.99517029081372e-05,0
4120,74,5.915234686936204e-05,0
11276,74,5.915234686936204e-05,0
1418,74,5.915234686936204e-05,0
4084,74,5.915234686936204e-05,0
6600,74,5.915234686936204e-05,0
4242,74,5.915234686936204e-05,0
9732,74,5.915234686936204e-05,0
10835,74,5.915234686936204e-05,0
458,74,5.915234686936204e-05,0
6781,74,5.915234686936204e-05,0
3304,74,5.915234686936204e-05,0
3261,74,5.915234686936204e-05,0
6077,74,5.915234686936204e-05,0
16793,74,5.915234686936204e-05,0
8443,74,5.915234686936204e-05,0
5350,74,5.915234686936204e-05,0
2428,74,5.915234686936204e-05,0
18543,74,5.915234686936204e-05,0
8238,74,5.915234686936204e-05,0
1936,74,5.915234686936204e-05,0
7478,74,5.915234686936204e-05,0
1539,74,5.915234686936204e-05,0
4911,74,5.915234686936204e-05,0
4018,74,5.915234686936204e-05,0
1195,74,5.915234686936204e-05,0
972,74,5.915234686936204e-05,0
8144,74,5.915234686936204e-05,0
7558,74,5.915234686936204e-05,0
21214,74,5.915234686936204e-05,0
9408,74,5.915234686936204e-05,0
3216,74,5.915234686936204e-05,0
2205,74,5.915234686936204e-05,0
1385,74,5.915234686936204e-05,0
11176,74,5.915234686936204e-05,0
3045,74,5.915234686936204e-05,0
18439,74,5.915234686936204e-05,0
6697,74,5.915234686936204e-05,0
5469,74,5.915234686936204e-05,0
1155,74,5.915234686936204e-05,0
19381,74,5.915234686936204e-05,0
20396,74,5.915234686936204e-05,0
15927,74,5.915234686936204e-05,0
9966,74,5.915234686936204e-05,0
8928,74,5.915234686936204e-05,0
6327,74,5.915234686936204e-05,0
2550,74,5.915234686936204e-05,0
1534,74,5.915234686936204e-05,0
16384,74,5.915234686936204e-05,0
195,74,5.915234686936204e-05,0
2864,74,5.915234686936204e-05,0
5556,74,5.915234686936204e-05,0
2449,74,5.915234686936204e-05,0
13036,74,5.915234686936204e-05,0
6377,73,5.835299083058688e-05,0
7392,73,5.835299083058688e-05,0
5440,73,5.835299083058688e-05,0
18376,73,5.835299083058688e-05,0
1596,73,5.835299083058688e-05,0
17809,73,5.835299083058688e-05,0
10746,73,5.835299083058688e-05,0
5628,73,5.835299083058688e-05,0
10634,73,5.835299083058688e-05,0
5917,73,5.835299083058688e-05,0
6060,73,5.835299083058688e-05,0
8156,73,5.835299083058688e-05,0
18478,73,5.835299083058688e-05,0
2106,73,5.835299083058688e-05,0
5643,73,5.835299083058688e-05,0
4533,73,5.835299083058688e-05,0
9898,73,5.835299083058688e-05,0
3959,73,5.835299083058688e-05,0
18519,73,5.835299083058688e-05,0
2423,73,5.835299083058688e-05,0
7979,73,5.835299083058688e-05,0
17859,73,5.835299083058688e-05,0
1705,73,5.835299083058688e-05,0
1350,73,5.835299083058688e-05,0
6609,73,5.835299083058688e-05,0
417,73,5.835299083058688e-05,0
3786,73,5.835299083058688e-05,0
7277,73,5.835299083058688e-05,0
18453,73,5.835299083058688e-05,0
9937,73,5.835299083058688e-05,0
6629,73,5.835299083058688e-05,0
4124,73,5.835299083058688e-05,0
5868,73,5.835299083058688e-05,0
4990,73,5.835299083058688e-05,0
844,73,5.835299083058688e-05,0
1927,72,5.7553634791811715e-05,0
1102,72,5.7553634791811715e-05,0
7178,72,5.7553634791811715e-05,0
4157,72,5.7553634791811715e-05,0
6572,72,5.7553634791811715e-05,0
6704,72,5.7553634791811715e-05,0
1662,72,5.7553634791811715e-05,0
13856,72,5.7553634791811715e-05,0
3269,72,5.7553634791811715e-05,0
6011,72,5.7553634791811715e-05,0
19251,72,5.7553634791811715e-05,0
7156,72,5.7553634791811715e-05,0
7892,72,5.7553634791811715e-05,0
16755,72,5.7553634791811715e-05,0
17366,72,5.7553634791811715e-05,0
1027,72,5.7553634791811715e-05,0
7639,72,5.7553634791811715e-05,0
7650,72,5.7553634791811715e-05,0
4342,72,5.7553634791811715e-05,0
1234,72,5.7553634791811715e-05,0
18457,72,5.7553634791811715e-05,0
7360,72,5.7553634791811715e-05,0
11406,72,5.7553634791811715e-05,0
21204,72,5.7553634791811715e-05,0
5431,72,5.7553634791811715e-05,0
10560,72,5.7553634791811715e-05,0
842,72,5.7553634791811715e-05,0
16665,72,5.7553634791811715e-05,0
14225,72,5.7553634791811715e-05,0
12658,72,5.7553634791811715e-05,0
3165,72,5.7553634791811715e-05,0
17445,72,5.7553634791811715e-05,0
20610,72,5.7553634791811715e-05,0
12297,72,5.7553634791811715e-05,0
2524,72,5.7553634791811715e-05,0
6656,72,5.7553634791811715e-05,0
10636,72,5.7553634791811715e-05,0
19833,72,5.7553634791811715e-05,0
5242,72,5.7553634791811715e-05,0
397,72,5.7553634791811715e-05,0
6515,72,5.7553634791811715e-05,0
2400,72,5.7553634791811715e-05,0
4524,72,5.7553634791811715e-05,0
14620,72,5.7553634791811715e-05,0
3979,72,5.7553634791811715e-05,0
19116,72,5.7553634791811715e-05,0
4385,71,5.6754278753036555e-05,0
17309,71,5.6754278753036555e-05,0
9821,71,5.6754278753036555e-05,0
5739,71,5.6754278753036555e-05,0
2202,71,5.6754278753036555e-05,0
15883,71,5.6754278753036555e-05,0
3914,71,5.6754278753036555e-05,0
1492,71,5.6754278753036555e-05,0
1500,71,5.6754278753036555e-05,0
4344,71,5.6754278753036555e-05,0
14717,71,5.6754278753036555e-05,0
4332,71,5.6754278753036555e-05,0
4300,71,5.6754278753036555e-05,0
2724,71,5.6754278753036555e-05,0
15517,71,5.6754278753036555e-05,0
3026,71,5.6754278753036555e-05,0
4994,71,5.6754278753036555e-05,0
6579,71,5.6754278753036555e-05,0
3167,71,5.6754278753036555e-05,0
1300,71,5.6754278753036555e-05,0
18079,71,5.6754278753036555e-05,0
7950,71,5.6754278753036555e-05,0
8821,71,5.6754278753036555e-05,0
4219,71,5.6754278753036555e-05,0
18123,71,5.6754278753036555e-05,0
18190,71,5.6754278753036555e-05,0
5052,71,5.6754278753036555e-05,0
2800,71,5.6754278753036555e-05,0
8085,71,5.6754278753036555e-05,0
10206,71,5.6754278753036555e-05,0
18218,71,5.6754278753036555e-05,0
16618,71,5.6754278753036555e-05,0
914,71,5.6754278753036555e-05,0
11683,71,5.6754278753036555e-05,0
20146,71,5.6754278753036555e-05,0
5129,71,5.6754278753036555e-05,0
5580,71,5.6754278753036555e-05,0
1463,71,5.6754278753036555e-05,0
5377,71,5.6754278753036555e-05,0
3205,71,5.6754278753036555e-05,0
19558,71,5.6754278753036555e-05,0
15430,71,5.6754278753036555e-05,0
6931,70,5.595492271426139e-05,0
6164,70,5.595492271426139e-05,0
811,70,5.595492271426139e-05,0
9869,70,5.595492271426139e-05,0
14733,70,5.595492271426139e-05,0
4034,70,5.595492271426139e-05,0
5951,70,5.595492271426139e-05,0
2318,70,5.595492271426139e-05,0
3768,70,5.595492271426139e-05,0
2547,70,5.595492271426139e-05,0
21033,70,5.595492271426139e-05,0
12394,70,5.595492271426139e-05,0
1134,70,5.595492271426139e-05,0
1770,70,5.595492271426139e-05,0
9462,70,5.595492271426139e-05,0
1863,70,5.595492271426139e-05,0
3986,70,5.595492271426139e-05,0
7213,70,5.595492271426139e-05,0
13304,70,5.595492271426139e-05,0
3534,70,5.595492271426139e-05,0
1532,70,5.595492271426139e-05,0
8986,70,5.595492271426139e-05,0
1577,70,5.595492271426139e-05,0
912,70,5.595492271426139e-05,0
7956,70,5.595492271426139e-05,0
5054,70,5.595492271426139e-05,0
8145,70,5.595492271426139e-05,0
18430,70,5.595492271426139e-05,0
2457,70,5.595492271426139e-05,0
4131,70,5.595492271426139e-05,0
15550,70,5.595492271426139e-05,0
18084,70,5.595492271426139e-05,0
516,70,5.595492271426139e-05,0
6722,70,5.595492271426139e-05,0
11668,70,5.595492271426139e-05,0
3242,70,5.595492271426139e-05,0
1670,70,5.595492271426139e-05,0
9745,70,5.595492271426139e-05,0
17830,70,5.595492271426139e-05,0
10760,70,5.595492271426139e-05,0
1786,70,5.595492271426139e-05,0
414,69,5.515556667548623e-05,0
6700,69,5.515556667548623e-05,0
10102,69,5.515556667548623e-05,0
6412,69,5.515556667548623e-05,0
5507,69,5.515556667548623e-05,0
5805,69,5.515556667548623e-05,0
5537,69,5.515556667548623e-05,0
2853,69,5.515556667548623e-05,0
8321,69,5.515556667548623e-05,0
5037,69,5.515556667548623e-05,0
17162,69,5.515556667548623e-05,0
15995,69,5.515556667548623e-05,0
6357,69,5.515556667548623e-05,0
2288,69,5.515556667548623e-05,0
8138,69,5.515556667548623e-05,0
1376,69,5.515556667548623e-05,0
3438,69,5.515556667548623e-05,0
825,69,5.515556667548623e-05,0
8686,69,5.515556667548623e-05,0
3683,69,5.515556667548623e-05,0
16389,69,5.515556667548623e-05,0
10576,69,5.515556667548623e-05,0
2071,69,5.515556667548623e-05,0
16818,69,5.515556667548623e-05,0
5051,69,5.515556667548623e-05,0
4044,69,5.515556667548623e-05,0
579,69,5.515556667548623e-05,0
1968,69,5.515556667548623e-05,0
14579,69,5.515556667548623e-05,0
11111,69,5.515556667548623e-05,0
16068,69,5.515556667548623e-05,0
19372,69,5.515556667548623e-05,0
358,69,5.515556667548623e-05,0
7206,69,5.515556667548623e-05,0
11273,69,5.515556667548623e-05,0
1358,68,5.435621063671107e-05,0
2821,68,5.435621063671107e-05,0
2367,68,5.435621063671107e-05,0
6651,68,5.435621063671107e-05,0
18985,68,5.435621063671107e-05,0
16876,68,5.435621063671107e-05,0
2577,68,5.435621063671107e-05,0
5318,68,5.435621063671107e-05,0
5321,68,5.435621063671107e-05,0
3344,68,5.435621063671107e-05,0
7461,68,5.435621063671107e-05,0
10761,68,5.435621063671107e-05,0
4809,68,5.435621063671107e-05,0
1076,68,5.435621063671107e-05,0
9784,68,5.435621063671107e-05,0
5121,68,5.435621063671107e-05,0
6778,68,5.435621063671107e-05,0
203,68,5.435621063671107e-05,0
16448,68,5.435621063671107e-05,0
19199,68,5.435621063671107e-05,0
5863,68,5.435621063671107e-05,0
4619,68,5.435621063671107e-05,0
3956,68,5.435621063671107e-05,0
8439,68,5.435621063671107e-05,0
3802,68,5.435621063671107e-05,0
2304,68,5.435621063671107e-05,0
9897,68,5.435621063671107e-05,0
1223,68,5.435621063671107e-05,0
1830,68,5.435621063671107e-05,0
4259,68,5.435621063671107e-05,0
20057,68,5.435621063671107e-05,0
6080,68,5.435621063671107e-05,0
5043,68,5.435621063671107e-05,0
19260,68,5.435621063671107e-05,0
4776,68,5.435621063671107e-05,0
10419,68,5.435621063671107e-05,0
5178,68,5.435621063671107e-05,0
1542,68,5.435621063671107e-05,0
13797,68,5.435621063671107e-05,0
19854,68,5.435621063671107e-05,0
9850,68,5.435621063671107e-05,0
3911,68,5.435621063671107e-05,0
5306,68,5.435621063671107e-05,0
5309,68,5.435621063671107e-05,0
5220,68,5.435621063671107e-05,0
8495,68,5.435621063671107e-05,0
232,68,5.435621063671107e-05,0
7165,68,5.435621063671107e-05,0
13201,68,5.435621063671107e-05,0
4640,68,5.435621063671107e-05,0
4639,68,5.435621063671107e-05,0
6873,68,5.435621063671107e-05,0
2119,68,5.435621063671107e-05,0
12483,67,5.35568545979359e-05,0
515,67,5.35568545979359e-05,0
1012,67,5.35568545979359e-05,0
16264,67,5.35568545979359e-05,0
6224,67,5.35568545979359e-05,0
1869,67,5.35568545979359e-05,0
6801,67,5.35568545979359e-05,0
3332,67,5.35568545979359e-05,0
3385,67,5.35568545979359e-05,0
15897,67,5.35568545979359e-05,0
8225,67,5.35568545979359e-05,0
7760,67,5.35568545979359e-05,0
3116,67,5.35568545979359e-05,0
17161,67,5.35568545979359e-05,0
20344,67,5.35568545979359e-05,0
15565,67,5.35568545979359e-05,0
15591,67,5.35568545979359e-05,0
1718,67,5.35568545979359e-05,0
2250,67,5.35568545979359e-05,0
3321,67,5.35568545979359e-05,0
12894,67,5.35568545979359e-05,0
17523,67,5.35568545979359e-05,0
17906,67,5.35568545979359e-05,0
558,67,5.35568545979359e-05,0
4181,67,5.35568545979359e-05,0
1185,67,5.35568545979359e-05,0
10804,67,5.35568545979359e-05,0
1074,67,5.35568545979359e-05,0
4447,67,5.35568545979359e-05,0
11775,67,5.35568545979359e-05,0
1606,67,5.35568545979359e-05,0
4560,67,5.35568545979359e-05,0
6084,67,5.35568545979359e-05,0
19198,67,5.35568545979359e-05,0
8006,67,5.35568545979359e-05,0
4098,67,5.35568545979359e-05,0
7886,67,5.35568545979359e-05,0
5047,67,5.35568545979359e-05,0
7399,67,5.35568545979359e-05,0
4040,67,5.35568545979359e-05,0
8102,67,5.35568545979359e-05,0
3807,67,5.35568545979359e-05,0
11411,67,5.35568545979359e-05,0
5056,67,5.35568545979359e-05,0
7877,67,5.35568545979359e-05,0
5169,67,5.35568545979359e-05,0
4559,67,5.35568545979359e-05,0
4028,66,5.275749855916074e-05,0
18703,66,5.275749855916074e-05,0
3932,66,5.275749855916074e-05,0
2523,66,5.275749855916074e-05,0
9166,66,5.275749855916074e-05,0
3494,66,5.275749855916074e-05,0
18987,66,5.275749855916074e-05,0
18935,66,5.275749855916074e-05,0
4252,66,5.275749855916074e-05,0
12128,66,5.275749855916074e-05,0
6404,66,5.275749855916074e-05,0
4748,66,5.275749855916074e-05,0
5740,66,5.275749855916074e-05,0
1133,66,5.275749855916074e-05,0
3969,66,5.275749855916074e-05,0
2618,66,5.275749855916074e-05,0
388,66,5.275749855916074e-05,0
2787,66,5.275749855916074e-05,0
10575,66,5.275749855916074e-05,0
11843,66,5.275749855916074e-05,0
549,66,5.275749855916074e-05,0
838,66,5.275749855916074e-05,0
8662,66,5.275749855916074e-05,0
16278,66,5.275749855916074e-05,0
18160,66,5.275749855916074e-05,0
9104,66,5.275749855916074e-05,0
1254,66,5.275749855916074e-05,0
12416,66,5.275749855916074e-05,0
7890,66,5.275749855916074e-05,0
6665,66,5.275749855916074e-05,0
2889,66,5.275749855916074e-05,0
5575,66,5.275749855916074e-05,0
294,66,5.275749855916074e-05,0
10078,66,5.275749855916074e-05,0
208,66,5.275749855916074e-05,0
19791,65,5.1958142520385575e-05,0
1785,65,5.1958142520385575e-05,0
6703,65,5.1958142520385575e-05,0
9740,65,5.1958142520385575e-05,0
215,65,5.1958142520385575e-05,0
17482,65,5.1958142520385575e-05,0
760,65,5.1958142520385575e-05,0
19213,65,5.1958142520385575e-05,0
5516,65,5.1958142520385575e-05,0
934,65,5.1958142520385575e-05,0
19217,65,5.1958142520385575e-05,0
6415,65,5.1958142520385575e-05,0
8018,65,5.1958142520385575e-05,0
2503,65,5.1958142520385575e-05,0
9002,65,5.1958142520385575e-05,0
3656,65,5.1958142520385575e-05,0
9140,65,5.1958142520385575e-05,0
19282,65,5.1958142520385575e-05,0
7908,65,5.1958142520385575e-05,0
9920,65,5.1958142520385575e-05,0
1302,65,5.1958142520385575e-05,0
2474,65,5.1958142520385575e-05,0
2070,65,5.1958142520385575e-05,0
16268,65,5.1958142520385575e-05,0
16282,65,5.1958142520385575e-05,0
10418,65,5.1958142520385575e-05,0
6170,65,5.1958142520385575e-05,0
1354,65,5.1958142520385575e-05,0
1540,65,5.1958142520385575e-05,0
951,65,5.1958142520385575e-05,0
9016,65,5.1958142520385575e-05,0
4986,65,5.1958142520385575e-05,0
4984,65,5.1958142520385575e-05,0
16093,65,5.1958142520385575e-05,0
18532,65,5.1958142520385575e-05,0
1420,65,5.1958142520385575e-05,0
10682,65,5.1958142520385575e-05,0
18665,65,5.1958142520385575e-05,0
4014,65,5.1958142520385575e-05,0
15878,65,5.1958142520385575e-05,0
2206,65,5.1958142520385575e-05,0
64,65,5.1958142520385575e-05,0
7081,65,5.1958142520385575e-05,0
2643,65,5.1958142520385575e-05,0
745,65,5.1958142520385575e-05,0
6628,65,5.1958142520385575e-05,0
241,65,5.1958142520385575e-05,0
5188,65,5.1958142520385575e-05,0
11128,65,5.1958142520385575e-05,0
17206,65,5.1958142520385575e-05,0
9355,65,5.1958142520385575e-05,0
1045,65,5.1958142520385575e-05,0
3098,65,5.1958142520385575e-05,0
3119,65,5.1958142520385575e-05,0
19311,65,5.1958142520385575e-05,0
16143,65,5.1958142520385575e-05,0
5013,65,5.1958142520385575e-05,0
6387,65,5.1958142520385575e-05,0
804,65,5.1958142520385575e-05,0
5025,65,5.1958142520385575e-05,0
4999,65,5.1958142520385575e-05,0
5162,64,5.1158786481610415e-05,0
939,64,5.1158786481610415e-05,0
9277,64,5.1158786481610415e-05,0
5640,64,5.1158786481610415e-05,0
2101,64,5.1158786481610415e-05,0
19440,64,5.1158786481610415e-05,0
8997,64,5.1158786481610415e-05,0
903,64,5.1158786481610415e-05,0
6498,64,5.1158786481610415e-05,0
3569,64,5.1158786481610415e-05,0
1645,64,5.1158786481610415e-05,0
20348,64,5.1158786481610415e-05,0
7298,64,5.1158786481610415e-05,0
18012,64,5.1158786481610415e-05,0
2160,64,5.1158786481610415e-05,0
11957,64,5.1158786481610415e-05,0
20886,64,5.1158786481610415e-05,0
518,64,5.1158786481610415e-05,0
18667,64,5.1158786481610415e-05,0
5245,64,5.1158786481610415e-05,0
9444,64,5.1158786481610415e-05,0
17780,64,5.1158786481610415e-05,0
18643,64,5.1158786481610415e-05,0
3818,64,5.1158786481610415e-05,0
21048,64,5.1158786481610415e-05,0
1766,64,5.1158786481610415e-05,0
1977,64,5.1158786481610415e-05,0
17989,64,5.1158786481610415e-05,0
19848,64,5.1158786481610415e-05,0
5671,64,5.1158786481610415e-05,0
858,64,5.1158786481610415e-05,0
6236,64,5.1158786481610415e-05,0
2625,64,5.1158786481610415e-05,0
3999,64,5.1158786481610415e-05,0
21210,64,5.1158786481610415e-05,0
5316,64,5.1158786481610415e-05,0
4587,64,5.1158786481610415e-05,0
4824,64,5.1158786481610415e-05,0
12452,64,5.1158786481610415e-05,0
1602,64,5.1158786481610415e-05,0
5101,64,5.1158786481610415e-05,0
11461,64,5.1158786481610415e-05,0
13777,64,5.1158786481610415e-05,0
1348,64,5.1158786481610415e-05,0
18105,64,5.1158786481610415e-05,0
406,64,5.1158786481610415e-05,0
1289,64,5.1158786481610415e-05,0
9969,64,5.1158786481610415e-05,0
10233,64,5.1158786481610415e-05,0
19964,64,5.1158786481610415e-05,0
1063,64,5.1158786481610415e-05,0
1702,63,5.0359430442835255e-05,0
4055,63,5.0359430442835255e-05,0
9185,63,5.0359430442835255e-05,0
1287,63,5.0359430442835255e-05,0
7965,63,5.0359430442835255e-05,0
3572,63,5.0359430442835255e-05,0
685,63,5.0359430442835255e-05,0
6516,63,5.0359430442835255e-05,0
10092,63,5.0359430442835255e-05,0
9588,63,5.0359430442835255e-05,0
1983,63,5.0359430442835255e-05,0
2249,63,5.0359430442835255e-05,0
13955,63,5.0359430442835255e-05,0
4453,63,5.0359430442835255e-05,0
10803,63,5.0359430442835255e-05,0
9842,63,5.0359430442835255e-05,0
6937,63,5.0359430442835255e-05,0
246,63,5.0359430442835255e-05,0
10981,63,5.0359430442835255e-05,0
664,63,5.0359430442835255e-05,0
607,63,5.0359430442835255e-05,0
2884,63,5.0359430442835255e-05,0
1719,63,5.0359430442835255e-05,0
7249,63,5.0359430442835255e-05,0
9848,63,5.0359430442835255e-05,0
9817,63,5.0359430442835255e-05,0
3964,63,5.0359430442835255e-05,0
6336,63,5.0359430442835255e-05,0
6386,63,5.0359430442835255e-05,0
2536,63,5.0359430442835255e-05,0
2554,63,5.0359430442835255e-05,0
6279,63,5.0359430442835255e-05,0
5055,63,5.0359430442835255e-05,0
10205,63,5.0359430442835255e-05,0
4432,63,5.0359430442835255e-05,0
9294,62,4.956007440406009e-05,0
4917,62,4.956007440406009e-05,0
1488,62,4.956007440406009e-05,0
354,62,4.956007440406009e-05,0
21051,62,4.956007440406009e-05,0
18561,62,4.956007440406009e-05,0
20785,62,4.956007440406009e-05,0
12231,62,4.956007440406009e-05,0
4648,62,4.956007440406009e-05,0
1820,62,4.956007440406009e-05,0
2689,62,4.956007440406009e-05,0
10875,62,4.956007440406009e-05,0
5544,62,4.956007440406009e-05,0
21083,62,4.956007440406009e-05,0
5533,62,4.956007440406009e-05,0
6420,62,4.956007440406009e-05,0
958,62,4.956007440406009e-05,0
6078,62,4.956007440406009e-05,0
2843,62,4.956007440406009e-05,0
8063,62,4.956007440406009e-05,0
3893,62,4.956007440406009e-05,0
4846,62,4.956007440406009e-05,0
1413,62,4.956007440406009e-05,0
21070,62,4.956007440406009e-05,0
4170,62,4.956007440406009e-05,0
329,62,4.956007440406009e-05,0
20612,62,4.956007440406009e-05,0
4729,62,4.956007440406009e-05,0
6169,62,4.956007440406009e-05,0
533,62,4.956007440406009e-05,0
3754,62,4.956007440406009e-05,0
3779,62,4.956007440406009e-05,0
4244,62,4.956007440406009e-05,0
6630,62,4.956007440406009e-05,0
20872,62,4.956007440406009e-05,0
6363,62,4.956007440406009e-05,0
5888,62,4.956007440406009e-05,0
10232,62,4.956007440406009e-05,0
4897,62,4.956007440406009e-05,0
2870,62,4.956007440406009e-05,0
5177,62,4.956007440406009e-05,0
7384,62,4.956007440406009e-05,0
840,62,4.956007440406009e-05,0
6474,62,4.956007440406009e-05,0
3404,62,4.956007440406009e-05,0
5725,62,4.956007440406009e-05,0
17266,62,4.956007440406009e-05,0
9512,62,4.956007440406009e-05,0
12796,62,4.956007440406009e-05,0
7470,62,4.956007440406009e-05,0
109,62,4.956007440406009e-05,0
2663,62,4.956007440406009e-05,0
1614,62,4.956007440406009e-05,0
2824,61,4.876071836528493e-05,0
2021,61,4.876071836528493e-05,0
6041,61,4.876071836528493e-05,0
6002,61,4.876071836528493e-05,0
15609,61,4.876071836528493e-05,0
6672,61,4.876071836528493e-05,0
10271,61,4.876071836528493e-05,0
4606,61,4.876071836528493e-05,0
4609,61,4.876071836528493e-05,0
4507,61,4.876071836528493e-05,0
4186,61,4.876071836528493e-05,0
17627,61,4.876071836528493e-05,0
34,61,4.876071836528493e-05,0
17505,61,4.876071836528493e-05,0
3193,61,4.876071836528493e-05,0
4174,61,4.876071836528493e-05,0
3580,61,4.876071836528493e-05,0
6056,61,4.876071836528493e-05,0
2952,61,4.876071836528493e-05,0
856,61,4.876071836528493e-05,0
2906,61,4.876071836528493e-05,0
10347,61,4.876071836528493e-05,0
20459,61,4.876071836528493e-05,0
626,61,4.876071836528493e-05,0
6159,61,4.876071836528493e-05,0
3118,61,4.876071836528493e-05,0
3016,61,4.876071836528493e-05,0
12167,61,4.876071836528493e-05,0
5644,61,4.876071836528493e-05,0
14795,61,4.876071836528493e-05,0
6773,61,4.876071836528493e-05,0
823,61,4.876071836528493e-05,0
5018,61,4.876071836528493e-05,0
6637,61,4.876071836528493e-05,0
5215,61,4.876071836528493e-05,0
8123,61,4.876071836528493e-05,0
8142,61,4.876071836528493e-05,0
526,61,4.876071836528493e-05,0
9242,61,4.876071836528493e-05,0
7592,61,4.876071836528493e-05,0
3097,61,4.876071836528493e-05,0
8230,61,4.876071836528493e-05,0
2733,61,4.876071836528493e-05,0
10679,61,4.876071836528493e-05,0
4331,61,4.876071836528493e-05,0
3901,61,4.876071836528493e-05,0
2785,61,4.876071836528493e-05,0
14670,61,4.876071836528493e-05,0
4298,61,4.876071836528493e-05,0
8438,61,4.876071836528493e-05,0
15957,61,4.876071836528493e-05,0
10969,61,4.876071836528493e-05,0
756,61,4.876071836528493e-05,0
4677,61,4.876071836528493e-05,0
1897,61,4.876071836528493e-05,0
4650,60,4.796136232650976e-05,0
1131,60,4.796136232650976e-05,0
7836,60,4.796136232650976e-05,0
4370,60,4.796136232650976e-05,0
4284,60,4.796136232650976e-05,0
2394,60,4.796136232650976e-05,0
18971,60,4.796136232650976e-05,0
6638,60,4.796136232650976e-05,0
6425,60,4.796136232650976e-05,0
2691,60,4.796136232650976e-05,0
4830,60,4.796136232650976e-05,0
8398,60,4.796136232650976e-05,0
5191,60,4.796136232650976e-05,0
1563,60,4.796136232650976e-05,0
2465,60,4.796136232650976e-05,0
2504,60,4.796136232650976e-05,0
7958,60,4.796136232650976e-05,0
5110,60,4.796136232650976e-05,0
2443,60,4.796136232650976e-05,0
1221,60,4.796136232650976e-05,0
161,60,4.796136232650976e-05,0
3015,60,4.796136232650976e-05,0
10019,60,4.796136232650976e-05,0
3159,60,4.796136232650976e-05,0
4750,60,4.796136232650976e-05,0
12770,60,4.796136232650976e-05,0
4797,60,4.796136232650976e-05,0
2928,60,4.796136232650976e-05,0
9075,60,4.796136232650976e-05,0
987,60,4.796136232650976e-05,0
16801,60,4.796136232650976e-05,0
6073,60,4.796136232650976e-05,0
16621,60,4.796136232650976e-05,0
16617,60,4.796136232650976e-05,0
3589,60,4.796136232650976e-05,0
284,60,4.796136232650976e-05,0
19918,60,4.796136232650976e-05,0
10234,60,4.796136232650976e-05,0
3792,60,4.796136232650976e-05,0
18454,60,4.796136232650976e-05,0
849,60,4.796136232650976e-05,0
5412,60,4.796136232650976e-05,0
7393,60,4.796136232650976e-05,0
1375,60,4.796136232650976e-05,0
18463,60,4.796136232650976e-05,0
16160,60,4.796136232650976e-05,0
3844,60,4.796136232650976e-05,0
16007,60,4.796136232650976e-05,0
5385,60,4.796136232650976e-05,0
15911,60,4.796136232650976e-05,0
2735,60,4.796136232650976e-05,0
2631,60,4.796136232650976e-05,0
6776,60,4.796136232650976e-05,0
7310,60,4.796136232650976e-05,0
3435,60,4.796136232650976e-05,0
1896,60,4.796136232650976e-05,0
17605,60,4.796136232650976e-05,0
5811,60,4.796136232650976e-05,0
9795,60,4.796136232650976e-05,0
5945,60,4.796136232650976e-05,0
1050,60,4.796136232650976e-05,0
17842,60,4.796136232650976e-05,0
9415,60,4.796136232650976e-05,0
5921,60,4.796136232650976e-05,0
7505,59,4.71620062877346e-05,0
6402,59,4.71620062877346e-05,0
5339,59,4.71620062877346e-05,0
973,59,4.71620062877346e-05,0
214,59,4.71620062877346e-05,0
1910,59,4.71620062877346e-05,0
9473,59,4.71620062877346e-05,0
1494,59,4.71620062877346e-05,0
5535,59,4.71620062877346e-05,0
8692,59,4.71620062877346e-05,0
16248,59,4.71620062877346e-05,0
3537,59,4.71620062877346e-05,0
1840,59,4.71620062877346e-05,0
913,59,4.71620062877346e-05,0
18220,59,4.71620062877346e-05,0
3742,59,4.71620062877346e-05,0
18133,59,4.71620062877346e-05,0
6066,59,4.71620062877346e-05,0
20364,59,4.71620062877346e-05,0
2255,59,4.71620062877346e-05,0
11909,59,4.71620062877346e-05,0
6483,59,4.71620062877346e-05,0
14973,59,4.71620062877346e-05,0
6480,59,4.71620062877346e-05,0
4352,59,4.71620062877346e-05,0
2159,59,4.71620062877346e-05,0
4030,59,4.71620062877346e-05,0
2133,59,4.71620062877346e-05,0
3945,59,4.71620062877346e-05,0
8357,59,4.71620062877346e-05,0
15869,59,4.71620062877346e-05,0
5317,59,4.71620062877346e-05,0
5364,59,4.71620062877346e-05,0
4029,59,4.71620062877346e-05,0
149,59,4.71620062877346e-05,0
4027,59,4.71620062877346e-05,0
18930,59,4.71620062877346e-05,0
2461,59,4.71620062877346e-05,0
292,59,4.71620062877346e-05,0
5100,59,4.71620062877346e-05,0
18922,59,4.71620062877346e-05,0
18990,59,4.71620062877346e-05,0
12264,59,4.71620062877346e-05,0
6657,59,4.71620062877346e-05,0
4918,59,4.71620062877346e-05,0
12142,59,4.71620062877346e-05,0
13296,59,4.71620062877346e-05,0
9716,59,4.71620062877346e-05,0
13363,59,4.71620062877346e-05,0
4390,59,4.71620062877346e-05,0
9721,59,4.71620062877346e-05,0
69,59,4.71620062877346e-05,0
1294,59,4.71620062877346e-05,0
7281,59,4.71620062877346e-05,0
9333,59,4.71620062877346e-05,0
18091,59,4.71620062877346e-05,0
6005,59,4.71620062877346e-05,0
5991,59,4.71620062877346e-05,0
18495,59,4.71620062877346e-05,0
5353,59,4.71620062877346e-05,0
2878,59,4.71620062877346e-05,0
10624,59,4.71620062877346e-05,0
9569,58,4.6362650248959435e-05,0
3377,58,4.6362650248959435e-05,0
9992,58,4.6362650248959435e-05,0
1769,58,4.6362650248959435e-05,0
6827,58,4.6362650248959435e-05,0
5724,58,4.6362650248959435e-05,0
8702,58,4.6362650248959435e-05,0
2818,58,4.6362650248959435e-05,0
3774,58,4.6362650248959435e-05,0
7343,58,4.6362650248959435e-05,0
8498,58,4.6362650248959435e-05,0
562,58,4.6362650248959435e-05,0
8616,58,4.6362650248959435e-05,0
16055,58,4.6362650248959435e-05,0
6203,58,4.6362650248959435e-05,0
10366,58,4.6362650248959435e-05,0
18332,58,4.6362650248959435e-05,0
2820,58,4.6362650248959435e-05,0
17461,58,4.6362650248959435e-05,0
5746,58,4.6362650248959435e-05,0
1036,58,4.6362650248959435e-05,0
3654,58,4.6362650248959435e-05,0
7861,58,4.6362650248959435e-05,0
2595,58,4.6362650248959435e-05,0
2259,58,4.6362650248959435e-05,0
5028,58,4.6362650248959435e-05,0
4431,58,4.6362650248959435e-05,0
2132,58,4.6362650248959435e-05,0
7785,58,4.6362650248959435e-05,0
14583,58,4.6362650248959435e-05,0
4659,58,4.6362650248959435e-05,0
19164,58,4.6362650248959435e-05,0
5005,58,4.6362650248959435e-05,0
2329,58,4.6362650248959435e-05,0
19356,58,4.6362650248959435e-05,0
17787,58,4.6362650248959435e-05,0
4338,58,4.6362650248959435e-05,0
589,58,4.6362650248959435e-05,0
4992,58,4.6362650248959435e-05,0
1644,58,4.6362650248959435e-05,0
18813,58,4.6362650248959435e-05,0
2687,58,4.6362650248959435e-05,0
2656,58,4.6362650248959435e-05,0
7446,58,4.6362650248959435e-05,0
6667,58,4.6362650248959435e-05,0
8010,58,4.6362650248959435e-05,0
11482,58,4.6362650248959435e-05,0
11351,58,4.6362650248959435e-05,0
6707,58,4.6362650248959435e-05,0
5355,58,4.6362650248959435e-05,0
6332,58,4.6362650248959435e-05,0
4095,58,4.6362650248959435e-05,0
1572,58,4.6362650248959435e-05,0
1724,58,4.6362650248959435e-05,0
1832,58,4.6362650248959435e-05,0
3531,58,4.6362650248959435e-05,0
3169,58,4.6362650248959435e-05,0
4576,58,4.6362650248959435e-05,0
5581,58,4.6362650248959435e-05,0
528,58,4.6362650248959435e-05,0
2102,58,4.6362650248959435e-05,0
4461,57,4.5563294210184275e-05,0
2535,57,4.5563294210184275e-05,0
415,57,4.5563294210184275e-05,0
6497,57,4.5563294210184275e-05,0
2392,57,4.5563294210184275e-05,0
10923,57,4.5563294210184275e-05,0
766,57,4.5563294210184275e-05,0
10979,57,4.5563294210184275e-05,0
3916,57,4.5563294210184275e-05,0
2218,57,4.5563294210184275e-05,0
377,57,4.5563294210184275e-05,0
668,57,4.5563294210184275e-05,0
6954,57,4.5563294210184275e-05,0
4394,57,4.5563294210184275e-05,0
7042,57,4.5563294210184275e-05,0
75,57,4.5563294210184275e-05,0
12418,57,4.5563294210184275e-05,0
6647,57,4.5563294210184275e-05,0
5000,57,4.5563294210184275e-05,0
7494,57,4.5563294210184275e-05,0
645,57,4.5563294210184275e-05,0
1713,57,4.5563294210184275e-05,0
2502,57,4.5563294210184275e-05,0
2494,57,4.5563294210184275e-05,0
4225,57,4.5563294210184275e-05,0
2679,57,4.5563294210184275e-05,0
6694,57,4.5563294210184275e-05,0
14005,57,4.5563294210184275e-05,0
16782,57,4.5563294210184275e-05,0
3684,57,4.5563294210184275e-05,0
1412,57,4.5563294210184275e-05,0
15896,57,4.5563294210184275e-05,0
6732,57,4.5563294210184275e-05,0
10653,57,4.5563294210184275e-05,0
20487,57,4.5563294210184275e-05,0
8838,57,4.5563294210184275e-05,0
8837,57,4.5563294210184275e-05,0
9988,57,4.5563294210184275e-05,0
1303,57,4.5563294210184275e-05,0
9910,57,4.5563294210184275e-05,0
9275,57,4.5563294210184275e-05,0
3432,57,4.5563294210184275e-05,0
4747,57,4.5563294210184275e-05,0
16779,57,4.5563294210184275e-05,0
3497,57,4.5563294210184275e-05,0
9392,57,4.5563294210184275e-05,0
5884,57,4.5563294210184275e-05,0
1039,57,4.5563294210184275e-05,0
3468,57,4.5563294210184275e-05,0
17980,57,4.5563294210184275e-05,0
199,57,4.5563294210184275e-05,0
17846,57,4.5563294210184275e-05,0
206,57,4.5563294210184275e-05,0
3318,57,4.5563294210184275e-05,0
5814,57,4.5563294210184275e-05,0
7228,57,4.5563294210184275e-05,0
7143,57,4.5563294210184275e-05,0
13122,56,4.4763938171409115e-05,0
7092,56,4.4763938171409115e-05,0
4669,56,4.4763938171409115e-05,0
1828,56,4.4763938171409115e-05,0
9831,56,4.4763938171409115e-05,0
12059,56,4.4763938171409115e-05,0
3413,56,4.4763938171409115e-05,0
5765,56,4.4763938171409115e-05,0
781,56,4.4763938171409115e-05,0
6739,56,4.4763938171409115e-05,0
762,56,4.4763938171409115e-05,0
13079,56,4.4763938171409115e-05,0
2341,56,4.4763938171409115e-05,0
2395,56,4.4763938171409115e-05,0
2376,56,4.4763938171409115e-05,0
7764,56,4.4763938171409115e-05,0
13598,56,4.4763938171409115e-05,0
5445,56,4.4763938171409115e-05,0
16031,56,4.4763938171409115e-05,0
6424,56,4.4763938171409115e-05,0
369,56,4.4763938171409115e-05,0
14540,56,4.4763938171409115e-05,0
591,56,4.4763938171409115e-05,0
9521,56,4.4763938171409115e-05,0
3187,56,4.4763938171409115e-05,0
8326,56,4.4763938171409115e-05,0
1162,56,4.4763938171409115e-05,0
9620,56,4.4763938171409115e-05,0
7577,56,4.4763938171409115e-05,0
477,56,4.4763938171409115e-05,0
6678,56,4.4763938171409115e-05,0
396,56,4.4763938171409115e-05,0
12029,56,4.4763938171409115e-05,0
9990,56,4.4763938171409115e-05,0
967,56,4.4763938171409115e-05,0
18099,56,4.4763938171409115e-05,0
207,56,4.4763938171409115e-05,0
5821,56,4.4763938171409115e-05,0
2716,56,4.4763938171409115e-05,0
8160,56,4.4763938171409115e-05,0
2549,56,4.4763938171409115e-05,0
2526,56,4.4763938171409115e-05,0
2278,56,4.4763938171409115e-05,0
3951,56,4.4763938171409115e-05,0
5549,56,4.4763938171409115e-05,0
5564,56,4.4763938171409115e-05,0
14858,56,4.4763938171409115e-05,0
16416,56,4.4763938171409115e-05,0
4278,56,4.4763938171409115e-05,0
16667,56,4.4763938171409115e-05,0
4895,56,4.4763938171409115e-05,0
2173,56,4.4763938171409115e-05,0
15519,56,4.4763938171409115e-05,0
4102,56,4.4763938171409115e-05,0
2257,56,4.4763938171409115e-05,0
11507,56,4.4763938171409115e-05,0
4959,56,4.4763938171409115e-05,0
657,56,4.4763938171409115e-05,0
4058,56,4.4763938171409115e-05,0
11478,56,4.4763938171409115e-05,0
8229,56,4.4763938171409115e-05,0
5349,56,4.4763938171409115e-05,0
7902,55,4.396458213263395e-05,0
2371,55,4.396458213263395e-05,0
7033,55,4.396458213263395e-05,0
1979,55,4.396458213263395e-05,0
3776,55,4.396458213263395e-05,0
5226,55,4.396458213263395e-05,0
17196,55,4.396458213263395e-05,0
1187,55,4.396458213263395e-05,0
3197,55,4.396458213263395e-05,0
3127,55,4.396458213263395e-05,0
194,55,4.396458213263395e-05,0
15806,55,4.396458213263395e-05,0
47,55,4.396458213263395e-05,0
6963,55,4.396458213263395e-05,0
12755,55,4.396458213263395e-05,0
6681,55,4.396458213263395e-05,0
11776,55,4.396458213263395e-05,0
3898,55,4.396458213263395e-05,0
7488,55,4.396458213263395e-05,0
7536,55,4.396458213263395e-05,0
19163,55,4.396458213263395e-05,0
7043,55,4.396458213263395e-05,0
4060,55,4.396458213263395e-05,0
6774,55,4.396458213263395e-05,0
15344,55,4.396458213263395e-05,0
8800,55,4.396458213263395e-05,0
2907,55,4.396458213263395e-05,0
949,55,4.396458213263395e-05,0
2856,55,4.396458213263395e-05,0
5557,55,4.396458213263395e-05,0
11435,55,4.396458213263395e-05,0
14085,55,4.396458213263395e-05,0
14305,55,4.396458213263395e-05,0
21196,55,4.396458213263395e-05,0
4598,55,4.396458213263395e-05,0
8216,55,4.396458213263395e-05,0
1447,55,4.396458213263395e-05,0
4365,55,4.396458213263395e-05,0
6505,55,4.396458213263395e-05,0
7830,55,4.396458213263395e-05,0
4758,55,4.396458213263395e-05,0
12668,55,4.396458213263395e-05,0
6492,55,4.396458213263395e-05,0
3381,55,4.396458213263395e-05,0
3975,55,4.396458213263395e-05,0
6532,55,4.396458213263395e-05,0
726,55,4.396458213263395e-05,0
10987,55,4.396458213263395e-05,0
5933,55,4.396458213263395e-05,0
1222,55,4.396458213263395e-05,0
3596,55,4.396458213263395e-05,0
2992,55,4.396458213263395e-05,0
9211,55,4.396458213263395e-05,0
1257,55,4.396458213263395e-05,0
6067,55,4.396458213263395e-05,0
14106,55,4.396458213263395e-05,0
11684,55,4.396458213263395e-05,0
940,55,4.396458213263395e-05,0
16734,55,4.396458213263395e-05,0
8120,55,4.396458213263395e-05,0
8265,55,4.396458213263395e-05,0
4205,55,4.396458213263395e-05,0
6194,55,4.396458213263395e-05,0
20523,55,4.396458213263395e-05,0
8484,55,4.396458213263395e-05,0
2762,55,4.396458213263395e-05,0
9307,55,4.396458213263395e-05,0
9684,55,4.396458213263395e-05,0
21014,55,4.396458213263395e-05,0
9019,55,4.396458213263395e-05,0
6217,55,4.396458213263395e-05,0
18441,55,4.396458213263395e-05,0
18129,55,4.396458213263395e-05,0
8982,55,4.396458213263395e-05,0
1485,55,4.396458213263395e-05,0
18531,55,4.396458213263395e-05,0
2734,55,4.396458213263395e-05,0
9884,55,4.396458213263395e-05,0
3709,55,4.396458213263395e-05,0
1541,54,4.316522609385879e-05,0
1595,54,4.316522609385879e-05,0
2440,54,4.316522609385879e-05,0
14307,54,4.316522609385879e-05,0
17900,54,4.316522609385879e-05,0
6349,54,4.316522609385879e-05,0
14653,54,4.316522609385879e-05,0
4389,54,4.316522609385879e-05,0
252,54,4.316522609385879e-05,0
7341,54,4.316522609385879e-05,0
10983,54,4.316522609385879e-05,0
5914,54,4.316522609385879e-05,0
3422,54,4.316522609385879e-05,0
17148,54,4.316522609385879e-05,0
3997,54,4.316522609385879e-05,0
36,54,4.316522609385879e-05,0
4704,54,4.316522609385879e-05,0
8004,54,4.316522609385879e-05,0
13706,54,4.316522609385879e-05,0
16030,54,4.316522609385879e-05,0
5426,54,4.316522609385879e-05,0
15880,54,4.316522609385879e-05,0
12587,54,4.316522609385879e-05,0
15885,54,4.316522609385879e-05,0
6345,54,4.316522609385879e-05,0
12607,54,4.316522609385879e-05,0
1498,54,4.316522609385879e-05,0
2728,54,4.316522609385879e-05,0
8410,54,4.316522609385879e-05,0
2731,54,4.316522609385879e-05,0
5347,54,4.316522609385879e-05,0
5656,54,4.316522609385879e-05,0
18047,54,4.316522609385879e-05,0
1407,54,4.316522609385879e-05,0
777,54,4.316522609385879e-05,0
10338,54,4.316522609385879e-05,0
16345,54,4.316522609385879e-05,0
20265,54,4.316522609385879e-05,0
5384,54,4.316522609385879e-05,0
3771,54,4.316522609385879e-05,0
839,54,4.316522609385879e-05,0
625,54,4.316522609385879e-05,0
6076,54,4.316522609385879e-05,0
1706,54,4.316522609385879e-05,0
19916,54,4.316522609385879e-05,0
8873,54,4.316522609385879e-05,0
15640,54,4.316522609385879e-05,0
737,54,4.316522609385879e-05,0
4090,54,4.316522609385879e-05,0
6673,54,4.316522609385879e-05,0
4183,54,4.316522609385879e-05,0
4943,54,4.316522609385879e-05,0
7580,54,4.316522609385879e-05,0
4172,54,4.316522609385879e-05,0
1650,54,4.316522609385879e-05,0
7709,54,4.316522609385879e-05,0
2299,54,4.316522609385879e-05,0
122,54,4.316522609385879e-05,0
18960,54,4.316522609385879e-05,0
2217,54,4.316522609385879e-05,0
10948,54,4.316522609385879e-05,0
15844,54,4.316522609385879e-05,0
5057,54,4.316522609385879e-05,0
10985,53,4.236587005508362e-05,0
11826,53,4.236587005508362e-05,0
4233,53,4.236587005508362e-05,0
3897,53,4.236587005508362e-05,0
2315,53,4.236587005508362e-05,0
2231,53,4.236587005508362e-05,0
7624,53,4.236587005508362e-05,0
2287,53,4.236587005508362e-05,0
4731,53,4.236587005508362e-05,0
4906,53,4.236587005508362e-05,0
7058,53,4.236587005508362e-05,0
5139,53,4.236587005508362e-05,0
722,53,4.236587005508362e-05,0
5090,53,4.236587005508362e-05,0
2109,53,4.236587005508362e-05,0
2138,53,4.236587005508362e-05,0
13200,53,4.236587005508362e-05,0
7366,53,4.236587005508362e-05,0
3920,53,4.236587005508362e-05,0
4387,53,4.236587005508362e-05,0
20004,53,4.236587005508362e-05,0
2875,53,4.236587005508362e-05,0
2938,53,4.236587005508362e-05,0
8711,53,4.236587005508362e-05,0
8684,53,4.236587005508362e-05,0
2876,53,4.236587005508362e-05,0
16427,53,4.236587005508362e-05,0
5577,53,4.236587005508362e-05,0
10150,53,4.236587005508362e-05,0
3532,53,4.236587005508362e-05,0
952,53,4.236587005508362e-05,0
12035,53,4.236587005508362e-05,0
9274,53,4.236587005508362e-05,0
18098,53,4.236587005508362e-05,0
192,53,4.236587005508362e-05,0
184,53,4.236587005508362e-05,0
9216,53,4.236587005508362e-05,0
3004,53,4.236587005508362e-05,0
6008,53,4.236587005508362e-05,0
3037,53,4.236587005508362e-05,0
9012,53,4.236587005508362e-05,0
3695,53,4.236587005508362e-05,0
5500,53,4.236587005508362e-05,0
2817,53,4.236587005508362e-05,0
13943,53,4.236587005508362e-05,0
13882,53,4.236587005508362e-05,0
8452,53,4.236587005508362e-05,0
18451,53,4.236587005508362e-05,0
4511,53,4.236587005508362e-05,0
8393,53,4.236587005508362e-05,0
1411,53,4.236587005508362e-05,0
8987,53,4.236587005508362e-05,0
4401,53,4.236587005508362e-05,0
2608,53,4.236587005508362e-05,0
4519,53,4.236587005508362e-05,0
2527,53,4.236587005508362e-05,0
6398,53,4.236587005508362e-05,0
11807,53,4.236587005508362e-05,0
5395,53,4.236587005508362e-05,0
21052,53,4.236587005508362e-05,0
15882,53,4.236587005508362e-05,0
2435,53,4.236587005508362e-05,0
7851,53,4.236587005508362e-05,0
21215,53,4.236587005508362e-05,0
2627,53,4.236587005508362e-05,0
8323,53,4.236587005508362e-05,0
20849,53,4.236587005508362e-05,0
8169,53,4.236587005508362e-05,0
8207,53,4.236587005508362e-05,0
20091,53,4.236587005508362e-05,0
21176,53,4.236587005508362e-05,0
9741,53,4.236587005508362e-05,0
3354,53,4.236587005508362e-05,0
1061,53,4.236587005508362e-05,0
15854,53,4.236587005508362e-05,0
3994,53,4.236587005508362e-05,0
11099,53,4.236587005508362e-05,0
7211,53,4.236587005508362e-05,0
1921,53,4.236587005508362e-05,0
1834,53,4.236587005508362e-05,0
7130,53,4.236587005508362e-05,0
21228,53,4.236587005508362e-05,0
21,53,4.236587005508362e-05,0
1930,52,4.156651401630846e-05,0
1886,52,4.156651401630846e-05,0
4696,52,4.156651401630846e-05,0
19332,52,4.156651401630846e-05,0
4194,52,4.156651401630846e-05,0
6771,52,4.156651401630846e-05,0
19255,52,4.156651401630846e-05,0
15698,52,4.156651401630846e-05,0
2141,52,4.156651401630846e-05,0
11214,52,4.156651401630846e-05,0
7398,52,4.156651401630846e-05,0
3191,52,4.156651401630846e-05,0
3268,52,4.156651401630846e-05,0
217,52,4.156651401630846e-05,0
3393,52,4.156651401630846e-05,0
17503,52,4.156651401630846e-05,0
3394,52,4.156651401630846e-05,0
651,52,4.156651401630846e-05,0
11419,52,4.156651401630846e-05,0
15473,52,4.156651401630846e-05,0
1476,52,4.156651401630846e-05,0
8040,52,4.156651401630846e-05,0
476,52,4.156651401630846e-05,0
2183,52,4.156651401630846e-05,0
15252,52,4.156651401630846e-05,0
4227,52,4.156651401630846e-05,0
117,52,4.156651401630846e-05,0
2308,52,4.156651401630846e-05,0
10805,52,4.156651401630846e-05,0
9624,52,4.156651401630846e-05,0
324,52,4.156651401630846e-05,0
3122,52,4.156651401630846e-05,0
326,52,4.156651401630846e-05,0
5677,52,4.156651401630846e-05,0
5697,52,4.156651401630846e-05,0
17160,52,4.156651401630846e-05,0
4898,52,4.156651401630846e-05,0
3255,52,4.156651401630846e-05,0
9660,52,4.156651401630846e-05,0
1170,52,4.156651401630846e-05,0
6074,52,4.156651401630846e-05,0
18161,52,4.156651401630846e-05,0
8966,52,4.156651401630846e-05,0
2922,52,4.156651401630846e-05,0
8374,52,4.156651401630846e-05,0
8725,52,4.156651401630846e-05,0
8703,52,4.156651401630846e-05,0
1271,52,4.156651401630846e-05,0
9114,52,4.156651401630846e-05,0
21177,52,4.156651401630846e-05,0
1288,52,4.156651401630846e-05,0
2950,52,4.156651401630846e-05,0
8371,52,4.156651401630846e-05,0
3657,52,4.156651401630846e-05,0
3890,52,4.156651401630846e-05,0
1471,52,4.156651401630846e-05,0
7862,52,4.156651401630846e-05,0
2430,52,4.156651401630846e-05,0
1624,52,4.156651401630846e-05,0
4820,52,4.156651401630846e-05,0
4807,52,4.156651401630846e-05,0
10847,52,4.156651401630846e-05,0
6920,52,4.156651401630846e-05,0
7142,52,4.156651401630846e-05,0
724,52,4.156651401630846e-05,0
1945,52,4.156651401630846e-05,0
19345,52,4.156651401630846e-05,0
3990,52,4.156651401630846e-05,0
1874,52,4.156651401630846e-05,0
1904,52,4.156651401630846e-05,0
5401,52,4.156651401630846e-05,0
5410,52,4.156651401630846e-05,0
12484,52,4.156651401630846e-05,0
1373,52,4.156651401630846e-05,0
155,52,4.156651401630846e-05,0
8390,52,4.156651401630846e-05,0
3733,52,4.156651401630846e-05,0
4682,51,4.07671579775333e-05,0
2134,51,4.07671579775333e-05,0
13090,51,4.07671579775333e-05,0
7257,51,4.07671579775333e-05,0
13092,51,4.07671579775333e-05,0
7248,51,4.07671579775333e-05,0
2028,51,4.07671579775333e-05,0
4192,51,4.07671579775333e-05,0
713,51,4.07671579775333e-05,0
8944,51,4.07671579775333e-05,0
8931,51,4.07671579775333e-05,0
14772,51,4.07671579775333e-05,0
14810,51,4.07671579775333e-05,0
19921,51,4.07671579775333e-05,0
16740,51,4.07671579775333e-05,0
9156,51,4.07671579775333e-05,0
9249,51,4.07671579775333e-05,0
18067,51,4.07671579775333e-05,0
4340,51,4.07671579775333e-05,0
4310,51,4.07671579775333e-05,0
3586,51,4.07671579775333e-05,0
6180,51,4.07671579775333e-05,0
6051,51,4.07671579775333e-05,0
1308,51,4.07671579775333e-05,0
2977,51,4.07671579775333e-05,0
3283,51,4.07671579775333e-05,0
5170,51,4.07671579775333e-05,0
4087,51,4.07671579775333e-05,0
5103,51,4.07671579775333e-05,0
4173,51,4.07671579775333e-05,0
7051,51,4.07671579775333e-05,0
229,51,4.07671579775333e-05,0
20247,51,4.07671579775333e-05,0
17868,51,4.07671579775333e-05,0
1171,51,4.07671579775333e-05,0
1022,51,4.07671579775333e-05,0
17249,51,4.07671579775333e-05,0
965,51,4.07671579775333e-05,0
10129,51,4.07671579775333e-05,0
8069,51,4.07671579775333e-05,0
2362,51,4.07671579775333e-05,0
8306,51,4.07671579775333e-05,0
2361,51,4.07671579775333e-05,0
4568,51,4.07671579775333e-05,0
8125,51,4.07671579775333e-05,0
18829,51,4.07671579775333e-05,0
2657,51,4.07671579775333e-05,0
5352,51,4.07671579775333e-05,0
4798,51,4.07671579775333e-05,0
18565,51,4.07671579775333e-05,0
18655,51,4.07671579775333e-05,0
16340,51,4.07671579775333e-05,0
16308,51,4.07671579775333e-05,0
10609,51,4.07671579775333e-05,0
3859,51,4.07671579775333e-05,0
2744,51,4.07671579775333e-05,0
8449,51,4.07671579775333e-05,0
6654,51,4.07671579775333e-05,0
4749,51,4.07671579775333e-05,0
4773,51,4.07671579775333e-05,0
4638,51,4.07671579775333e-05,0
2149,51,4.07671579775333e-05,0
6635,51,4.07671579775333e-05,0
5244,51,4.07671579775333e-05,0
3931,51,4.07671579775333e-05,0
5279,51,4.07671579775333e-05,0
3973,51,4.07671579775333e-05,0
6874,51,4.07671579775333e-05,0
19366,51,4.07671579775333e-05,0
6918,51,4.07671579775333e-05,0
1888,51,4.07671579775333e-05,0
7126,50,3.9967801938758135e-05,0
7023,50,3.9967801938758135e-05,0
7022,50,3.9967801938758135e-05,0
4671,50,3.9967801938758135e-05,0
8198,50,3.9967801938758135e-05,0
21074,50,3.9967801938758135e-05,0
3899,50,3.9967801938758135e-05,0
10237,50,3.9967801938758135e-05,0
20705,50,3.9967801938758135e-05,0
1145,50,3.9967801938758135e-05,0
6018,50,3.9967801938758135e-05,0
1160,50,3.9967801938758135e-05,0
8000,50,3.9967801938758135e-05,0
16394,50,3.9967801938758135e-05,0
4210,50,3.9967801938758135e-05,0
5569,50,3.9967801938758135e-05,0
7887,50,3.9967801938758135e-05,0
10687,50,3.9967801938758135e-05,0
1616,50,3.9967801938758135e-05,0
3653,50,3.9967801938758135e-05,0
9157,50,3.9967801938758135e-05,0
1282,50,3.9967801938758135e-05,0
5847,50,3.9967801938758135e-05,0
9611,50,3.9967801938758135e-05,0
9623,50,3.9967801938758135e-05,0
2098,50,3.9967801938758135e-05,0
7850,50,3.9967801938758135e-05,0
4505,50,3.9967801938758135e-05,0
3356,50,3.9967801938758135e-05,0
17534,50,3.9967801938758135e-05,0
706,50,3.9967801938758135e-05,0
8471,50,3.9967801938758135e-05,0
11271,50,3.9967801938758135e-05,0
5081,50,3.9967801938758135e-05,0
10133,50,3.9967801938758135e-05,0
18582,50,3.9967801938758135e-05,0
16635,50,3.9967801938758135e-05,0
147,50,3.9967801938758135e-05,0
8358,50,3.9967801938758135e-05,0
8373,50,3.9967801938758135e-05,0
4224,50,3.9967801938758135e-05,0
4903,50,3.9967801938758135e-05,0
1775,50,3.9967801938758135e-05,0
20908,50,3.9967801938758135e-05,0
13798,50,3.9967801938758135e-05,0
13783,50,3.9967801938758135e-05,0
3847,50,3.9967801938758135e-05,0
3843,50,3.9967801938758135e-05,0
2292,50,3.9967801938758135e-05,0
7672,50,3.9967801938758135e-05,0
13959,50,3.9967801938758135e-05,0
1017,50,3.9967801938758135e-05,0
18760,50,3.9967801938758135e-05,0
10384,50,3.9967801938758135e-05,0
5453,50,3.9967801938758135e-05,0
18755,50,3.9967801938758135e-05,0
5944,50,3.9967801938758135e-05,0
6818,50,3.9967801938758135e-05,0
4169,50,3.9967801938758135e-05,0
5421,50,3.9967801938758135e-05,0
3204,50,3.9967801938758135e-05,0
7311,50,3.9967801938758135e-05,0
4329,50,3.9967801938758135e-05,0
357,50,3.9967801938758135e-05,0
18805,50,3.9967801938758135e-05,0
6633,50,3.9967801938758135e-05,0
2232,50,3.9967801938758135e-05,0
2239,50,3.9967801938758135e-05,0
9797,50,3.9967801938758135e-05,0
5770,50,3.9967801938758135e-05,0
5792,50,3.9967801938758135e-05,0
3977,50,3.9967801938758135e-05,0
8779,50,3.9967801938758135e-05,0
6072,50,3.9967801938758135e-05,0
11112,50,3.9967801938758135e-05,0
2921,50,3.9967801938758135e-05,0
17484,50,3.9967801938758135e-05,0
3411,50,3.9967801938758135e-05,0
4237,50,3.9967801938758135e-05,0
18969,50,3.9967801938758135e-05,0
4335,50,3.9967801938758135e-05,0
4311,50,3.9967801938758135e-05,0
4685,50,3.9967801938758135e-05,0
12626,50,3.9967801938758135e-05,0
4987,50,3.9967801938758135e-05,0
19632,49,3.9168445899982975e-05,0
16426,49,3.9168445899982975e-05,0
16447,49,3.9168445899982975e-05,0
447,49,3.9168445899982975e-05,0
2030,49,3.9168445899982975e-05,0
3266,49,3.9168445899982975e-05,0
5397,49,3.9168445899982975e-05,0
2651,49,3.9168445899982975e-05,0
6331,49,3.9168445899982975e-05,0
7215,49,3.9168445899982975e-05,0
2456,49,3.9168445899982975e-05,0
5112,49,3.9168445899982975e-05,0
4653,49,3.9168445899982975e-05,0
1934,49,3.9168445899982975e-05,0
6929,49,3.9168445899982975e-05,0
5545,49,3.9168445899982975e-05,0
17819,49,3.9168445899982975e-05,0
4081,49,3.9168445899982975e-05,0
6752,49,3.9168445899982975e-05,0
5806,49,3.9168445899982975e-05,0
7751,49,3.9168445899982975e-05,0
16652,49,3.9168445899982975e-05,0
15707,49,3.9168445899982975e-05,0
7416,49,3.9168445899982975e-05,0
5572,49,3.9168445899982975e-05,0
10107,49,3.9168445899982975e-05,0
7469,49,3.9168445899982975e-05,0
5304,49,3.9168445899982975e-05,0
8465,49,3.9168445899982975e-05,0
1638,49,3.9168445899982975e-05,0
1386,49,3.9168445899982975e-05,0
16991,49,3.9168445899982975e-05,0
9935,49,3.9168445899982975e-05,0
8440,49,3.9168445899982975e-05,0
5363,49,3.9168445899982975e-05,0
1615,49,3.9168445899982975e-05,0
4230,49,3.9168445899982975e-05,0
2722,49,3.9168445899982975e-05,0
7766,49,3.9168445899982975e-05,0
13311,49,3.9168445899982975e-05,0
4852,49,3.9168445899982975e-05,0
3392,49,3.9168445899982975e-05,0
6655,49,3.9168445899982975e-05,0
3892,49,3.9168445899982975e-05,0
2130,49,3.9168445899982975e-05,0
21019,49,3.9168445899982975e-05,0
21162,49,3.9168445899982975e-05,0
12430,49,3.9168445899982975e-05,0
9001,49,3.9168445899982975e-05,0
13804,49,3.9168445899982975e-05,0
12586,49,3.9168445899982975e-05,0
16832,49,3.9168445899982975e-05,0
16654,49,3.9168445899982975e-05,0
10962,49,3.9168445899982975e-05,0
5312,49,3.9168445899982975e-05,0
9914,49,3.9168445899982975e-05,0
1666,49,3.9168445899982975e-05,0
6601,49,3.9168445899982975e-05,0
2228,49,3.9168445899982975e-05,0
10354,49,3.9168445899982975e-05,0
3720,49,3.9168445899982975e-05,0
553,49,3.9168445899982975e-05,0
10264,49,3.9168445899982975e-05,0
5681,49,3.9168445899982975e-05,0
17198,49,3.9168445899982975e-05,0
10314,49,3.9168445899982975e-05,0
10909,49,3.9168445899982975e-05,0
8533,49,3.9168445899982975e-05,0
5645,49,3.9168445899982975e-05,0
2510,49,3.9168445899982975e-05,0
3743,49,3.9168445899982975e-05,0
1589,49,3.9168445899982975e-05,0
6466,49,3.9168445899982975e-05,0
6399,49,3.9168445899982975e-05,0
5467,49,3.9168445899982975e-05,0
9300,49,3.9168445899982975e-05,0
17794,49,3.9168445899982975e-05,0
895,49,3.9168445899982975e-05,0
5120,49,3.9168445899982975e-05,0
10459,49,3.9168445899982975e-05,0
9518,49,3.9168445899982975e-05,0
731,49,3.9168445899982975e-05,0
15368,49,3.9168445899982975e-05,0
580,49,3.9168445899982975e-05,0
20058,49,3.9168445899982975e-05,0
11443,49,3.9168445899982975e-05,0
4158,49,3.9168445899982975e-05,0
1765,49,3.9168445899982975e-05,0
7254,49,3.9168445899982975e-05,0
1205,49,3.9168445899982975e-05,0
9358,49,3.9168445899982975e-05,0
375,48,3.836908986120781e-05,0
5943,48,3.836908986120781e-05,0
1850,48,3.836908986120781e-05,0
3213,48,3.836908986120781e-05,0
15283,48,3.836908986120781e-05,0
1798,48,3.836908986120781e-05,0
18776,48,3.836908986120781e-05,0
8174,48,3.836908986120781e-05,0
5256,48,3.836908986120781e-05,0
5684,48,3.836908986120781e-05,0
5685,48,3.836908986120781e-05,0
4793,48,3.836908986120781e-05,0
2508,48,3.836908986120781e-05,0
5429,48,3.836908986120781e-05,0
4313,48,3.836908986120781e-05,0
9896,48,3.836908986120781e-05,0
1408,48,3.836908986120781e-05,0
8463,48,3.836908986120781e-05,0
19082,48,3.836908986120781e-05,0
9919,48,3.836908986120781e-05,0
166,48,3.836908986120781e-05,0
2990,48,3.836908986120781e-05,0
12263,48,3.836908986120781e-05,0
8991,48,3.836908986120781e-05,0
13776,48,3.836908986120781e-05,0
3860,48,3.836908986120781e-05,0
17742,48,3.836908986120781e-05,0
7460,48,3.836908986120781e-05,0
5213,48,3.836908986120781e-05,0
21016,48,3.836908986120781e-05,0
15823,48,3.836908986120781e-05,0
1722,48,3.836908986120781e-05,0
3408,48,3.836908986120781e-05,0
21088,48,3.836908986120781e-05,0
5721,48,3.836908986120781e-05,0
5371,48,3.836908986120781e-05,0
4229,48,3.836908986120781e-05,0
10734,48,3.836908986120781e-05,0
5767,48,3.836908986120781e-05,0
9724,48,3.836908986120781e-05,0
2189,48,3.836908986120781e-05,0
2184,48,3.836908986120781e-05,0
11136,48,3.836908986120781e-05,0
19160,48,3.836908986120781e-05,0
146,48,3.836908986120781e-05,0
18539,48,3.836908986120781e-05,0
1618,48,3.836908986120781e-05,0
6481,48,3.836908986120781e-05,0
7882,48,3.836908986120781e-05,0
873,48,3.836908986120781e-05,0
5526,48,3.836908986120781e-05,0
4826,48,3.836908986120781e-05,0
5003,48,3.836908986120781e-05,0
10245,48,3.836908986120781e-05,0
3090,48,3.836908986120781e-05,0
6823,48,3.836908986120781e-05,0
6995,48,3.836908986120781e-05,0
13180,48,3.836908986120781e-05,0
7122,48,3.836908986120781e-05,0
7076,48,3.836908986120781e-05,0
4646,48,3.836908986120781e-05,0
3783,48,3.836908986120781e-05,0
1989,48,3.836908986120781e-05,0
5539,48,3.836908986120781e-05,0
18121,48,3.836908986120781e-05,0
5817,48,3.836908986120781e-05,0
7870,48,3.836908986120781e-05,0
822,48,3.836908986120781e-05,0
4056,48,3.836908986120781e-05,0
2107,48,3.836908986120781e-05,0
11299,48,3.836908986120781e-05,0
11307,48,3.836908986120781e-05,0
4217,48,3.836908986120781e-05,0
7413,48,3.836908986120781e-05,0
4212,48,3.836908986120781e-05,0
14610,48,3.836908986120781e-05,0
19393,48,3.836908986120781e-05,0
1899,48,3.836908986120781e-05,0
3592,48,3.836908986120781e-05,0
556,48,3.836908986120781e-05,0
16708,48,3.836908986120781e-05,0
9215,48,3.836908986120781e-05,0
7803,48,3.836908986120781e-05,0
21047,48,3.836908986120781e-05,0
12676,47,3.756973382243265e-05,0
5341,47,3.756973382243265e-05,0
7604,47,3.756973382243265e-05,0
19557,47,3.756973382243265e-05,0
10903,47,3.756973382243265e-05,0
4318,47,3.756973382243265e-05,0
9915,47,3.756973382243265e-05,0
8561,47,3.756973382243265e-05,0
8547,47,3.756973382243265e-05,0
8538,47,3.756973382243265e-05,0
2505,47,3.756973382243265e-05,0
10243,47,3.756973382243265e-05,0
10265,47,3.756973382243265e-05,0
1846,47,3.756973382243265e-05,0
2033,47,3.756973382243265e-05,0
4122,47,3.756973382243265e-05,0
1226,47,3.756973382243265e-05,0
1459,47,3.756973382243265e-05,0
1201,47,3.756973382243265e-05,0
3058,47,3.756973382243265e-05,0
3953,47,3.756973382243265e-05,0
10409,47,3.756973382243265e-05,0
9845,47,3.756973382243265e-05,0
2804,47,3.756973382243265e-05,0
4803,47,3.756973382243265e-05,0
8612,47,3.756973382243265e-05,0
3850,47,3.756973382243265e-05,0
3878,47,3.756973382243265e-05,0
20876,47,3.756973382243265e-05,0
16831,47,3.756973382243265e-05,0
6081,47,3.756973382243265e-05,0
16842,47,3.756973382243265e-05,0
12278,47,3.756973382243265e-05,0
6086,47,3.756973382243265e-05,0
4913,47,3.756973382243265e-05,0
12272,47,3.756973382243265e-05,0
129,47,3.756973382243265e-05,0
2632,47,3.756973382243265e-05,0
11791,47,3.756973382243265e-05,0
19152,47,3.756973382243265e-05,0
5171,47,3.756973382243265e-05,0
5160,47,3.756973382243265e-05,0
14959,47,3.756973382243265e-05,0
9062,47,3.756973382243265e-05,0
3608,47,3.756973382243265e-05,0
15864,47,3.756973382243265e-05,0
10069,47,3.756973382243265e-05,0
5336,47,3.756973382243265e-05,0
17006,47,3.756973382243265e-05,0
8455,47,3.756973382243265e-05,0
1054,47,3.756973382243265e-05,0
6135,47,3.756973382243265e-05,0
2923,47,3.756973382243265e-05,0
18597,47,3.756973382243265e-05,0
2881,47,3.756973382243265e-05,0
5378,47,3.756973382243265e-05,0
5362,47,3.756973382243265e-05,0
3891,47,3.756973382243265e-05,0
8845,47,3.756973382243265e-05,0
21186,47,3.756973382243265e-05,0
2665,47,3.756973382243265e-05,0
7984,47,3.756973382243265e-05,0
917,47,3.756973382243265e-05,0
7313,47,3.756973382243265e-05,0
2032,47,3.756973382243265e-05,0
3757,47,3.756973382243265e-05,0
9657,47,3.756973382243265e-05,0
3012,47,3.756973382243265e-05,0
3708,47,3.756973382243265e-05,0
7824,47,3.756973382243265e-05,0
3025,47,3.756973382243265e-05,0
2103,47,3.756973382243265e-05,0
7390,47,3.756973382243265e-05,0
2996,47,3.756973382243265e-05,0
7857,47,3.756973382243265e-05,0
10220,47,3.756973382243265e-05,0
12955,47,3.756973382243265e-05,0
6830,47,3.756973382243265e-05,0
8290,47,3.756973382243265e-05,0
8287,47,3.756973382243265e-05,0
18680,47,3.756973382243265e-05,0
1868,47,3.756973382243265e-05,0
15408,47,3.756973382243265e-05,0
21236,47,3.756973382243265e-05,0
5881,47,3.756973382243265e-05,0
345,47,3.756973382243265e-05,0
5909,47,3.756973382243265e-05,0
13078,47,3.756973382243265e-05,0
16,47,3.756973382243265e-05,0
6907,47,3.756973382243265e-05,0
3115,46,3.677037778365749e-05,0
8914,46,3.677037778365749e-05,0
8861,46,3.677037778365749e-05,0
5771,46,3.677037778365749e-05,0
5794,46,3.677037778365749e-05,0
12218,46,3.677037778365749e-05,0
8046,46,3.677037778365749e-05,0
3741,46,3.677037778365749e-05,0
3775,46,3.677037778365749e-05,0
6414,46,3.677037778365749e-05,0
10443,46,3.677037778365749e-05,0
18125,46,3.677037778365749e-05,0
6423,46,3.677037778365749e-05,0
18154,46,3.677037778365749e-05,0
4829,46,3.677037778365749e-05,0
6361,46,3.677037778365749e-05,0
5001,46,3.677037778365749e-05,0
7954,46,3.677037778365749e-05,0
3696,46,3.677037778365749e-05,0
6346,46,3.677037778365749e-05,0
8200,46,3.677037778365749e-05,0
8202,46,3.677037778365749e-05,0
8232,46,3.677037778365749e-05,0
4833,46,3.677037778365749e-05,0
6335,46,3.677037778365749e-05,0
7502,46,3.677037778365749e-05,0
5243,46,3.677037778365749e-05,0
2930,46,3.677037778365749e-05,0
3423,46,3.677037778365749e-05,0
885,46,3.677037778365749e-05,0
2560,46,3.677037778365749e-05,0
4262,46,3.677037778365749e-05,0
7430,46,3.677037778365749e-05,0
2127,46,3.677037778365749e-05,0
6040,46,3.677037778365749e-05,0
9107,46,3.677037778365749e-05,0
1253,46,3.677037778365749e-05,0
12867,46,3.677037778365749e-05,0
9113,46,3.677037778365749e-05,0
8562,46,3.677037778365749e-05,0
9902,46,3.677037778365749e-05,0
5650,46,3.677037778365749e-05,0
11350,46,3.677037778365749e-05,0
3264,46,3.677037778365749e-05,0
4038,46,3.677037778365749e-05,0
6734,46,3.677037778365749e-05,0
8532,46,3.677037778365749e-05,0
16380,46,3.677037778365749e-05,0
577,46,3.677037778365749e-05,0
1620,46,3.677037778365749e-05,0
7812,46,3.677037778365749e-05,0
16049,46,3.677037778365749e-05,0
3903,46,3.677037778365749e-05,0
21077,46,3.677037778365749e-05,0
871,46,3.677037778365749e-05,0
11825,46,3.677037778365749e-05,0
12522,46,3.677037778365749e-05,0
12502,46,3.677037778365749e-05,0
12524,46,3.677037778365749e-05,0
4430,46,3.677037778365749e-05,0
4904,46,3.677037778365749e-05,0
12071,46,3.677037778365749e-05,0
21055,46,3.677037778365749e-05,0
2693,46,3.677037778365749e-05,0
2355,46,3.677037778365749e-05,0
4706,46,3.677037778365749e-05,0
37,46,3.677037778365749e-05,0
1246,46,3.677037778365749e-05,0
9361,46,3.677037778365749e-05,0
363,46,3.677037778365749e-05,0
1533,46,3.677037778365749e-05,0
4175,46,3.677037778365749e-05,0
20066,46,3.677037778365749e-05,0
7319,46,3.677037778365749e-05,0
17847,46,3.677037778365749e-05,0
6939,46,3.677037778365749e-05,0
7237,46,3.677037778365749e-05,0
18045,46,3.677037778365749e-05,0
17822,46,3.677037778365749e-05,0
1925,46,3.677037778365749e-05,0
8132,46,3.677037778365749e-05,0
2628,46,3.677037778365749e-05,0
3922,46,3.677037778365749e-05,0
7391,46,3.677037778365749e-05,0
4228,46,3.677037778365749e-05,0
111,46,3.677037778365749e-05,0
8431,46,3.677037778365749e-05,0
10970,46,3.677037778365749e-05,0
8454,46,3.677037778365749e-05,0
12797,46,3.677037778365749e-05,0
16920,46,3.677037778365749e-05,0
1649,46,3.677037778365749e-05,0
16984,46,3.677037778365749e-05,0
16881,46,3.677037778365749e-05,0
11278,46,3.677037778365749e-05,0
11302,46,3.677037778365749e-05,0
19137,46,3.677037778365749e-05,0
8206,45,3.597102174488232e-05,0
1444,45,3.597102174488232e-05,0
8634,45,3.597102174488232e-05,0
1372,45,3.597102174488232e-05,0
17292,45,3.597102174488232e-05,0
8239,45,3.597102174488232e-05,0
11067,45,3.597102174488232e-05,0
13334,45,3.597102174488232e-05,0
13331,45,3.597102174488232e-05,0
3980,45,3.597102174488232e-05,0
714,45,3.597102174488232e-05,0
6369,45,3.597102174488232e-05,0
8012,45,3.597102174488232e-05,0
1504,45,3.597102174488232e-05,0
9733,45,3.597102174488232e-05,0
5785,45,3.597102174488232e-05,0
8862,45,3.597102174488232e-05,0
8917,45,3.597102174488232e-05,0
18293,45,3.597102174488232e-05,0
6947,45,3.597102174488232e-05,0
5747,45,3.597102174488232e-05,0
5737,45,3.597102174488232e-05,0
6997,45,3.597102174488232e-05,0
1565,45,3.597102174488232e-05,0
3302,45,3.597102174488232e-05,0
8963,45,3.597102174488232e-05,0
1569,45,3.597102174488232e-05,0
10383,45,3.597102174488232e-05,0
5425,45,3.597102174488232e-05,0
605,45,3.597102174488232e-05,0
21053,45,3.597102174488232e-05,0
16489,45,3.597102174488232e-05,0
425,45,3.597102174488232e-05,0
7323,45,3.597102174488232e-05,0
7400,45,3.597102174488232e-05,0
4759,45,3.597102174488232e-05,0
10184,45,3.597102174488232e-05,0
13285,45,3.597102174488232e-05,0
4711,45,3.597102174488232e-05,0
6266,45,3.597102174488232e-05,0
4083,45,3.597102174488232e-05,0
2825,45,3.597102174488232e-05,0
5534,45,3.597102174488232e-05,0
2807,45,3.597102174488232e-05,0
6239,45,3.597102174488232e-05,0
17257,45,3.597102174488232e-05,0
200,45,3.597102174488232e-05,0
4451,45,3.597102174488232e-05,0
1031,45,3.597102174488232e-05,0
13892,45,3.597102174488232e-05,0
5260,45,3.597102174488232e-05,0
8613,45,3.597102174488232e-05,0
14209,45,3.597102174488232e-05,0
398,45,3.597102174488232e-05,0
3679,45,3.597102174488232e-05,0
2378,45,3.597102174488232e-05,0
2377,45,3.597102174488232e-05,0
7964,45,3.597102174488232e-05,0
10573,45,3.597102174488232e-05,0
5521,45,3.597102174488232e-05,0
13939,45,3.597102174488232e-05,0
759,45,3.597102174488232e-05,0
9659,45,3.597102174488232e-05,0
6015,45,3.597102174488232e-05,0
18112,45,3.597102174488232e-05,0
690,45,3.597102174488232e-05,0
7765,45,3.597102174488232e-05,0
11849,45,3.597102174488232e-05,0
12565,45,3.597102174488232e-05,0
4605,45,3.597102174488232e-05,0
5334,45,3.597102174488232e-05,0
2330,45,3.597102174488232e-05,0
19133,45,3.597102174488232e-05,0
6624,45,3.597102174488232e-05,0
3968,45,3.597102174488232e-05,0
10993,45,3.597102174488232e-05,0
2742,45,3.597102174488232e-05,0
8444,45,3.597102174488232e-05,0
17017,45,3.597102174488232e-05,0
9377,45,3.597102174488232e-05,0
4362,45,3.597102174488232e-05,0
16351,45,3.597102174488232e-05,0
4153,45,3.597102174488232e-05,0
3021,45,3.597102174488232e-05,0
11486,45,3.597102174488232e-05,0
5979,45,3.597102174488232e-05,0
7235,45,3.597102174488232e-05,0
7188,45,3.597102174488232e-05,0
13128,45,3.597102174488232e-05,0
11565,45,3.597102174488232e-05,0
13120,45,3.597102174488232e-05,0
1926,45,3.597102174488232e-05,0
4674,45,3.597102174488232e-05,0
4658,45,3.597102174488232e-05,0
6930,44,3.517166570610716e-05,0
15415,44,3.517166570610716e-05,0
13189,44,3.517166570610716e-05,0
15407,44,3.517166570610716e-05,0
1827,44,3.517166570610716e-05,0
3105,44,3.517166570610716e-05,0
20104,44,3.517166570610716e-05,0
2051,44,3.517166570610716e-05,0
3168,44,3.517166570610716e-05,0
6876,44,3.517166570610716e-05,0
1181,44,3.517166570610716e-05,0
9481,44,3.517166570610716e-05,0
7046,44,3.517166570610716e-05,0
11409,44,3.517166570610716e-05,0
4037,44,3.517166570610716e-05,0
5181,44,3.517166570610716e-05,0
16574,44,3.517166570610716e-05,0
6523,44,3.517166570610716e-05,0
15967,44,3.517166570610716e-05,0
2246,44,3.517166570610716e-05,0
10218,44,3.517166570610716e-05,0
12646,44,3.517166570610716e-05,0
12376,44,3.517166570610716e-05,0
327,44,3.517166570610716e-05,0
8392,44,3.517166570610716e-05,0
19813,44,3.517166570610716e-05,0
4688,44,3.517166570610716e-05,0
4684,44,3.517166570610716e-05,0
10256,44,3.517166570610716e-05,0
7748,44,3.517166570610716e-05,0
8347,44,3.517166570610716e-05,0
13543,44,3.517166570610716e-05,0
21023,44,3.517166570610716e-05,0
16526,44,3.517166570610716e-05,0
16450,44,3.517166570610716e-05,0
5558,44,3.517166570610716e-05,0
3675,44,3.517166570610716e-05,0
3923,44,3.517166570610716e-05,0
5280,44,3.517166570610716e-05,0
9963,44,3.517166570610716e-05,0
97,44,3.517166570610716e-05,0
5296,44,3.517166570610716e-05,0
7739,44,3.517166570610716e-05,0
5290,44,3.517166570610716e-05,0
6330,44,3.517166570610716e-05,0
21078,44,3.517166570610716e-05,0
10713,44,3.517166570610716e-05,0
6526,44,3.517166570610716e-05,0
2390,44,3.517166570610716e-05,0
4429,44,3.517166570610716e-05,0
14091,44,3.517166570610716e-05,0
2829,44,3.517166570610716e-05,0
2879,44,3.517166570610716e-05,0
8755,44,3.517166570610716e-05,0
8244,44,3.517166570610716e-05,0
7985,44,3.517166570610716e-05,0
8327,44,3.517166570610716e-05,0
8293,44,3.517166570610716e-05,0
1321,44,3.517166570610716e-05,0
5682,44,3.517166570610716e-05,0
1049,44,3.517166570610716e-05,0
7977,44,3.517166570610716e-05,0
1784,44,3.517166570610716e-05,0
10612,44,3.517166570610716e-05,0
3674,44,3.517166570610716e-05,0
1543,44,3.517166570610716e-05,0
6477,44,3.517166570610716e-05,0
7880,44,3.517166570610716e-05,0
926,44,3.517166570610716e-05,0
21056,44,3.517166570610716e-05,0
16408,44,3.517166570610716e-05,0
6267,44,3.517166570610716e-05,0
9005,44,3.517166570610716e-05,0
2018,44,3.517166570610716e-05,0
12093,44,3.517166570610716e-05,0
652,44,3.517166570610716e-05,0
2092,44,3.517166570610716e-05,0
4786,44,3.517166570610716e-05,0
4772,44,3.517166570610716e-05,0
18117,44,3.517166570610716e-05,0
8943,44,3.517166570610716e-05,0
2546,44,3.517166570610716e-05,0
18184,44,3.517166570610716e-05,0
8983,44,3.517166570610716e-05,0
6866,44,3.517166570610716e-05,0
7172,44,3.517166570610716e-05,0
14443,44,3.517166570610716e-05,0
20800,44,3.517166570610716e-05,0
1891,44,3.517166570610716e-05,0
7059,44,3.517166570610716e-05,0
18305,44,3.517166570610716e-05,0
8859,44,3.517166570610716e-05,0
7021,44,3.517166570610716e-05,0
240,44,3.517166570610716e-05,0
3998,44,3.517166570610716e-05,0
1717,44,3.517166570610716e-05,0
13368,44,3.517166570610716e-05,0
7484,44,3.517166570610716e-05,0
2915,44,3.517166570610716e-05,0
9350,44,3.517166570610716e-05,0
9197,44,3.517166570610716e-05,0
7542,44,3.517166570610716e-05,0
8652,44,3.517166570610716e-05,0
6545,43,3.4372309667331995e-05,0
15549,43,3.4372309667331995e-05,0
15547,43,3.4372309667331995e-05,0
4130,43,3.4372309667331995e-05,0
5109,43,3.4372309667331995e-05,0
7053,43,3.4372309667331995e-05,0
7205,43,3.4372309667331995e-05,0
2229,43,3.4372309667331995e-05,0
6230,43,3.4372309667331995e-05,0
5354,43,3.4372309667331995e-05,0
2741,43,3.4372309667331995e-05,0
7742,43,3.4372309667331995e-05,0
5653,43,3.4372309667331995e-05,0
2252,43,3.4372309667331995e-05,0
13489,43,3.4372309667331995e-05,0
5294,43,3.4372309667331995e-05,0
3927,43,3.4372309667331995e-05,0
10912,43,3.4372309667331995e-05,0
13506,43,3.4372309667331995e-05,0
2680,43,3.4372309667331995e-05,0
961,43,3.4372309667331995e-05,0
992,43,3.4372309667331995e-05,0
8405,43,3.4372309667331995e-05,0
17657,43,3.4372309667331995e-05,0
5803,43,3.4372309667331995e-05,0
368,43,3.4372309667331995e-05,0
586,43,3.4372309667331995e-05,0
20081,43,3.4372309667331995e-05,0
14632,43,3.4372309667331995e-05,0
3166,43,3.4372309667331995e-05,0
3806,43,3.4372309667331995e-05,0
13031,43,3.4372309667331995e-05,0
14524,43,3.4372309667331995e-05,0
16203,43,3.4372309667331995e-05,0
6699,43,3.4372309667331995e-05,0
813,43,3.4372309667331995e-05,0
10638,43,3.4372309667331995e-05,0
7421,43,3.4372309667331995e-05,0
14787,43,3.4372309667331995e-05,0
1467,43,3.4372309667331995e-05,0
18710,43,3.4372309667331995e-05,0
5008,43,3.4372309667331995e-05,0
6428,43,3.4372309667331995e-05,0
9877,43,3.4372309667331995e-05,0
21068,43,3.4372309667331995e-05,0
2883,43,3.4372309667331995e-05,0
19865,43,3.4372309667331995e-05,0
12429,43,3.4372309667331995e-05,0
11823,43,3.4372309667331995e-05,0
2397,43,3.4372309667331995e-05,0
4439,43,3.4372309667331995e-05,0
8694,43,3.4372309667331995e-05,0
16193,43,3.4372309667331995e-05,0
14671,43,3.4372309667331995e-05,0
11240,43,3.4372309667331995e-05,0
11261,43,3.4372309667331995e-05,0
1711,43,3.4372309667331995e-05,0
9033,43,3.4372309667331995e-05,0
2750,43,3.4372309667331995e-05,0
8467,43,3.4372309667331995e-05,0
4755,43,3.4372309667331995e-05,0
1409,43,3.4372309667331995e-05,0
3260,43,3.4372309667331995e-05,0
922,43,3.4372309667331995e-05,0
3376,43,3.4372309667331995e-05,0
12931,43,3.4372309667331995e-05,0
19167,43,3.4372309667331995e-05,0
2179,43,3.4372309667331995e-05,0
7511,43,3.4372309667331995e-05,0
916,43,3.4372309667331995e-05,0
2557,43,3.4372309667331995e-05,0
851,43,3.4372309667331995e-05,0
9213,43,3.4372309667331995e-05,0
5961,43,3.4372309667331995e-05,0
173,43,3.4372309667331995e-05,0
3067,43,3.4372309667331995e-05,0
2953,43,3.4372309667331995e-05,0
9272,43,3.4372309667331995e-05,0
9823,43,3.4372309667331995e-05,0
3415,43,3.4372309667331995e-05,0
9841,43,3.4372309667331995e-05,0
4013,43,3.4372309667331995e-05,0
1581,43,3.4372309667331995e-05,0
4025,43,3.4372309667331995e-05,0
4775,43,3.4372309667331995e-05,0
8034,43,3.4372309667331995e-05,0
8866,43,3.4372309667331995e-05,0
624,43,3.4372309667331995e-05,0
3270,43,3.4372309667331995e-05,0
8933,43,3.4372309667331995e-05,0
661,43,3.4372309667331995e-05,0
6429,43,3.4372309667331995e-05,0
5444,43,3.4372309667331995e-05,0
6458,43,3.4372309667331995e-05,0
10460,43,3.4372309667331995e-05,0
78,43,3.4372309667331995e-05,0
6935,43,3.4372309667331995e-05,0
7175,43,3.4372309667331995e-05,0
1929,43,3.4372309667331995e-05,0
6824,43,3.4372309667331995e-05,0
1889,43,3.4372309667331995e-05,0
5915,43,3.4372309667331995e-05,0
14298,42,3.3572953628556835e-05,0
3113,42,3.3572953628556835e-05,0
5893,42,3.3572953628556835e-05,0
3080,42,3.3572953628556835e-05,0
3121,42,3.3572953628556835e-05,0
7174,42,3.3572953628556835e-05,0
7150,42,3.3572953628556835e-05,0
1939,42,3.3572953628556835e-05,0
4697,42,3.3572953628556835e-05,0
4689,42,3.3572953628556835e-05,0
489,42,3.3572953628556835e-05,0
6382,42,3.3572953628556835e-05,0
10266,42,3.3572953628556835e-05,0
20098,42,3.3572953628556835e-05,0
5889,42,3.3572953628556835e-05,0
6863,42,3.3572953628556835e-05,0
1919,42,3.3572953628556835e-05,0
9792,42,3.3572953628556835e-05,0
6082,42,3.3572953628556835e-05,0
4942,42,3.3572953628556835e-05,0
4946,42,3.3572953628556835e-05,0
9816,42,3.3572953628556835e-05,0
7485,42,3.3572953628556835e-05,0
7474,42,3.3572953628556835e-05,0
765,42,3.3572953628556835e-05,0
6660,42,3.3572953628556835e-05,0
1377,42,3.3572953628556835e-05,0
2841,42,3.3572953628556835e-05,0
6174,42,3.3572953628556835e-05,0
6126,42,3.3572953628556835e-05,0
17743,42,3.3572953628556835e-05,0
7456,42,3.3572953628556835e-05,0
1700,42,3.3572953628556835e-05,0
11746,42,3.3572953628556835e-05,0
4093,42,3.3572953628556835e-05,0
4624,42,3.3572953628556835e-05,0
12122,42,3.3572953628556835e-05,0
4304,42,3.3572953628556835e-05,0
7547,42,3.3572953628556835e-05,0
2256,42,3.3572953628556835e-05,0
2283,42,3.3572953628556835e-05,0
15846,42,3.3572953628556835e-05,0
15831,42,3.3572953628556835e-05,0
3960,42,3.3572953628556835e-05,0
991,42,3.3572953628556835e-05,0
6258,42,3.3572953628556835e-05,0
11020,42,3.3572953628556835e-05,0
3976,42,3.3572953628556835e-05,0
115,42,3.3572953628556835e-05,0
5344,42,3.3572953628556835e-05,0
6277,42,3.3572953628556835e-05,0
16772,42,3.3572953628556835e-05,0
4760,42,3.3572953628556835e-05,0
13583,42,3.3572953628556835e-05,0
21195,42,3.3572953628556835e-05,0
13635,42,3.3572953628556835e-05,0
7753,42,3.3572953628556835e-05,0
20619,42,3.3572953628556835e-05,0
10813,42,3.3572953628556835e-05,0
8396,42,3.3572953628556835e-05,0
110,42,3.3572953628556835e-05,0
18118,42,3.3572953628556835e-05,0
9139,42,3.3572953628556835e-05,0
9143,42,3.3572953628556835e-05,0
4353,42,3.3572953628556835e-05,0
2019,42,3.3572953628556835e-05,0
6754,42,3.3572953628556835e-05,0
6731,42,3.3572953628556835e-05,0
4009,42,3.3572953628556835e-05,0
4050,42,3.3572953628556835e-05,0
4078,42,3.3572953628556835e-05,0
11438,42,3.3572953628556835e-05,0
5568,42,3.3572953628556835e-05,0
285,42,3.3572953628556835e-05,0
4485,42,3.3572953628556835e-05,0
10674,42,3.3572953628556835e-05,0
15966,42,3.3572953628556835e-05,0
2391,42,3.3572953628556835e-05,0
7901,42,3.3572953628556835e-05,0
10629,42,3.3572953628556835e-05,0
7913,42,3.3572953628556835e-05,0
4248,42,3.3572953628556835e-05,0
11878,42,3.3572953628556835e-05,0
4207,42,3.3572953628556835e-05,0
14775,42,3.3572953628556835e-05,0
8276,42,3.3572953628556835e-05,0
6329,42,3.3572953628556835e-05,0
1454,42,3.3572953628556835e-05,0
16367,42,3.3572953628556835e-05,0
18828,42,3.3572953628556835e-05,0
6418,42,3.3572953628556835e-05,0
1559,42,3.3572953628556835e-05,0
16290,42,3.3572953628556835e-05,0
1495,42,3.3572953628556835e-05,0
9163,42,3.3572953628556835e-05,0
1272,42,3.3572953628556835e-05,0
9231,42,3.3572953628556835e-05,0
5959,42,3.3572953628556835e-05,0
3146,42,3.3572953628556835e-05,0
3181,42,3.3572953628556835e-05,0
11549,42,3.3572953628556835e-05,0
4154,42,3.3572953628556835e-05,0
15518,42,3.3572953628556835e-05,0
11494,42,3.3572953628556835e-05,0
7236,42,3.3572953628556835e-05,0
6879,42,3.3572953628556835e-05,0
6851,42,3.3572953628556835e-05,0
13049,42,3.3572953628556835e-05,0
6978,42,3.3572953628556835e-05,0
6961,42,3.3572953628556835e-05,0
15463,41,3.2773597589781675e-05,0
1866,41,3.2773597589781675e-05,0
1862,41,3.2773597589781675e-05,0
5092,41,3.2773597589781675e-05,0
6980,41,3.2773597589781675e-05,0
15281,41,3.2773597589781675e-05,0
6905,41,3.2773597589781675e-05,0
21238,41,3.2773597589781675e-05,0
6259,41,3.2773597589781675e-05,0
5232,41,3.2773597589781675e-05,0
2661,41,3.2773597589781675e-05,0
5659,41,3.2773597589781675e-05,0
8450,41,3.2773597589781675e-05,0
5283,41,3.2773597589781675e-05,0
9634,41,3.2773597589781675e-05,0
3862,41,3.2773597589781675e-05,0
10910,41,3.2773597589781675e-05,0
6684,41,3.2773597589781675e-05,0
4299,41,3.2773597589781675e-05,0
17214,41,3.2773597589781675e-05,0
13893,41,3.2773597589781675e-05,0
18445,41,3.2773597589781675e-05,0
5646,41,3.2773597589781675e-05,0
9918,41,3.2773597589781675e-05,0
6183,41,3.2773597589781675e-05,0
8568,41,3.2773597589781675e-05,0
8593,41,3.2773597589781675e-05,0
4510,41,3.2773597589781675e-05,0
4509,41,3.2773597589781675e-05,0
3981,41,3.2773597589781675e-05,0
669,41,3.2773597589781675e-05,0
3801,41,3.2773597589781675e-05,0
16009,41,3.2773597589781675e-05,0
5346,41,3.2773597589781675e-05,0
15874,41,3.2773597589781675e-05,0
386,41,3.2773597589781675e-05,0
7922,41,3.2773597589781675e-05,0
8996,41,3.2773597589781675e-05,0
9176,41,3.2773597589781675e-05,0
6486,41,3.2773597589781675e-05,0
11814,41,3.2773597589781675e-05,0
20137,41,3.2773597589781675e-05,0
3272,41,3.2773597589781675e-05,0
3259,41,3.2773597589781675e-05,0
7813,41,3.2773597589781675e-05,0
1262,41,3.2773597589781675e-05,0
6409,41,3.2773597589781675e-05,0
4945,41,3.2773597589781675e-05,0
2104,41,3.2773597589781675e-05,0
12520,41,3.2773597589781675e-05,0
1335,41,3.2773597589781675e-05,0
19810,41,3.2773597589781675e-05,0
2194,41,3.2773597589781675e-05,0
2530,41,3.2773597589781675e-05,0
4780,41,3.2773597589781675e-05,0
1592,41,3.2773597589781675e-05,0
6456,41,3.2773597589781675e-05,0
2965,41,3.2773597589781675e-05,0
4082,41,3.2773597589781675e-05,0
3791,41,3.2773597589781675e-05,0
13310,41,3.2773597589781675e-05,0
6875,41,3.2773597589781675e-05,0
11523,41,3.2773597589781675e-05,0
684,41,3.2773597589781675e-05,0
5372,41,3.2773597589781675e-05,0
5376,41,3.2773597589781675e-05,0
1276,41,3.2773597589781675e-05,0
5967,41,3.2773597589781675e-05,0
3173,41,3.2773597589781675e-05,0
6547,41,3.2773597589781675e-05,0
1609,41,3.2773597589781675e-05,0
12977,41,3.2773597589781675e-05,0
4011,41,3.2773597589781675e-05,0
12941,41,3.2773597589781675e-05,0
11089,41,3.2773597589781675e-05,0
1491,41,3.2773597589781675e-05,0
10957,41,3.2773597589781675e-05,0
9766,41,3.2773597589781675e-05,0
3319,41,3.2773597589781675e-05,0
2177,41,3.2773597589781675e-05,0
12552,41,3.2773597589781675e-05,0
5561,41,3.2773597589781675e-05,0
11877,41,3.2773597589781675e-05,0
1482,41,3.2773597589781675e-05,0
5547,41,3.2773597589781675e-05,0
8147,41,3.2773597589781675e-05,0
8215,41,3.2773597589781675e-05,0
21058,41,3.2773597589781675e-05,0
4732,41,3.2773597589781675e-05,0
5061,41,3.2773597589781675e-05,0
8150,41,3.2773597589781675e-05,0
2506,41,3.2773597589781675e-05,0
16344,41,3.2773597589781675e-05,0
11695,41,3.2773597589781675e-05,0
21095,41,3.2773597589781675e-05,0
10466,41,3.2773597589781675e-05,0
5420,41,3.2773597589781675e-05,0
1699,41,3.2773597589781675e-05,0
11303,41,3.2773597589781675e-05,0
2333,41,3.2773597589781675e-05,0
1643,41,3.2773597589781675e-05,0
739,41,3.2773597589781675e-05,0
7663,41,3.2773597589781675e-05,0
1676,41,3.2773597589781675e-05,0
18223,41,3.2773597589781675e-05,0
7724,41,3.2773597589781675e-05,0
8795,41,3.2773597589781675e-05,0
3466,41,3.2773597589781675e-05,0
2634,41,3.2773597589781675e-05,0
6556,41,3.2773597589781675e-05,0
14374,41,3.2773597589781675e-05,0
14245,41,3.2773597589781675e-05,0
3135,41,3.2773597589781675e-05,0
11614,41,3.2773597589781675e-05,0
7077,41,3.2773597589781675e-05,0
1242,41,3.2773597589781675e-05,0
13957,41,3.2773597589781675e-05,0
4092,41,3.2773597589781675e-05,0
5192,41,3.2773597589781675e-05,0
13324,41,3.2773597589781675e-05,0
13763,41,3.2773597589781675e-05,0
13199,41,3.2773597589781675e-05,0
14009,41,3.2773597589781675e-05,0
16460,41,3.2773597589781675e-05,0
16695,41,3.2773597589781675e-05,0
18041,41,3.2773597589781675e-05,0
5879,41,3.2773597589781675e-05,0
11447,41,3.2773597589781675e-05,0
11493,41,3.2773597589781675e-05,0
7378,40,3.197424155100651e-05,0
5468,40,3.197424155100651e-05,0
3256,40,3.197424155100651e-05,0
4409,40,3.197424155100651e-05,0
773,40,3.197424155100651e-05,0
4799,40,3.197424155100651e-05,0
7996,40,3.197424155100651e-05,0
6459,40,3.197424155100651e-05,0
5752,40,3.197424155100651e-05,0
13698,40,3.197424155100651e-05,0
551,40,3.197424155100651e-05,0
3002,40,3.197424155100651e-05,0
3784,40,3.197424155100651e-05,0
16061,40,3.197424155100651e-05,0
2408,40,3.197424155100651e-05,0
6796,40,3.197424155100651e-05,0
2368,40,3.197424155100651e-05,0
15527,40,3.197424155100651e-05,0
9885,40,3.197424155100651e-05,0
6257,40,3.197424155100651e-05,0
8474,40,3.197424155100651e-05,0
4339,40,3.197424155100651e-05,0
5333,40,3.197424155100651e-05,0
13509,40,3.197424155100651e-05,0
5299,40,3.197424155100651e-05,0
3099,40,3.197424155100651e-05,0
5927,40,3.197424155100651e-05,0
9668,40,3.197424155100651e-05,0
7017,40,3.197424155100651e-05,0
6045,40,3.197424155100651e-05,0
9067,40,3.197424155100651e-05,0
15948,40,3.197424155100651e-05,0
16103,40,3.197424155100651e-05,0
3848,40,3.197424155100651e-05,0
3868,40,3.197424155100651e-05,0
185,40,3.197424155100651e-05,0
7279,40,3.197424155100651e-05,0
4073,40,3.197424155100651e-05,0
7296,40,3.197424155100651e-05,0
7342,40,3.197424155100651e-05,0
15984,40,3.197424155100651e-05,0
7340,40,3.197424155100651e-05,0
6757,40,3.197424155100651e-05,0
7387,40,3.197424155100651e-05,0
6118,40,3.197424155100651e-05,0
10153,40,3.197424155100651e-05,0
954,40,3.197424155100651e-05,0
969,40,3.197424155100651e-05,0
4052,40,3.197424155100651e-05,0
1082,40,3.197424155100651e-05,0
1081,40,3.197424155100651e-05,0
2571,40,3.197424155100651e-05,0
8305,40,3.197424155100651e-05,0
8307,40,3.197424155100651e-05,0
11886,40,3.197424155100651e-05,0
5738,40,3.197424155100651e-05,0
4317,40,3.197424155100651e-05,0
10361,40,3.197424155100651e-05,0
1053,40,3.197424155100651e-05,0
18304,40,3.197424155100651e-05,0
6659,40,3.197424155100651e-05,0
7652,40,3.197424155100651e-05,0
928,40,3.197424155100651e-05,0
6636,40,3.197424155100651e-05,0
3460,40,3.197424155100651e-05,0
1015,40,3.197424155100651e-05,0
6196,40,3.197424155100651e-05,0
1040,40,3.197424155100651e-05,0
7710,40,3.197424155100651e-05,0
3765,40,3.197424155100651e-05,0
7752,40,3.197424155100651e-05,0
8846,40,3.197424155100651e-05,0
18216,40,3.197424155100651e-05,0
8886,40,3.197424155100651e-05,0
6711,40,3.197424155100651e-05,0
5736,40,3.197424155100651e-05,0
1466,40,3.197424155100651e-05,0
2261,40,3.197424155100651e-05,0
21071,40,3.197424155100651e-05,0
6828,40,3.197424155100651e-05,0
5152,40,3.197424155100651e-05,0
6800,40,3.197424155100651e-05,0
5095,40,3.197424155100651e-05,0
1249,40,3.197424155100651e-05,0
4091,40,3.197424155100651e-05,0
12908,40,3.197424155100651e-05,0
20465,40,3.197424155100651e-05,0
5530,40,3.197424155100651e-05,0
13951,40,3.197424155100651e-05,0
432,40,3.197424155100651e-05,0
15548,40,3.197424155100651e-05,0
8710,40,3.197424155100651e-05,0
19377,40,3.197424155100651e-05,0
19719,40,3.197424155100651e-05,0
7888,40,3.197424155100651e-05,0
7745,40,3.197424155100651e-05,0
4218,40,3.197424155100651e-05,0
5049,40,3.197424155100651e-05,0
12964,40,3.197424155100651e-05,0
3124,40,3.197424155100651e-05,0
6671,40,3.197424155100651e-05,0
7878,40,3.197424155100651e-05,0
14872,40,3.197424155100651e-05,0
6561,40,3.197424155100651e-05,0
3225,40,3.197424155100651e-05,0
9631,40,3.197424155100651e-05,0
1619,40,3.197424155100651e-05,0
10826,40,3.197424155100651e-05,0
1613,39,3.117488551223135e-05,0
1617,39,3.117488551223135e-05,0
93,39,3.117488551223135e-05,0
10758,39,3.117488551223135e-05,0
1269,39,3.117488551223135e-05,0
14371,39,3.117488551223135e-05,0
14308,39,3.117488551223135e-05,0
4216,39,3.117488551223135e-05,0
7762,39,3.117488551223135e-05,0
491,39,3.117488551223135e-05,0
1931,39,3.117488551223135e-05,0
7057,39,3.117488551223135e-05,0
1965,39,3.117488551223135e-05,0
1935,39,3.117488551223135e-05,0
15401,39,3.117488551223135e-05,0
20078,39,3.117488551223135e-05,0
2352,39,3.117488551223135e-05,0
13964,39,3.117488551223135e-05,0
13291,39,3.117488551223135e-05,0
11291,39,3.117488551223135e-05,0
11750,39,3.117488551223135e-05,0
16401,39,3.117488551223135e-05,0
282,39,3.117488551223135e-05,0
4815,39,3.117488551223135e-05,0
10166,39,3.117488551223135e-05,0
2265,39,3.117488551223135e-05,0
8148,39,3.117488551223135e-05,0
2555,39,3.117488551223135e-05,0
3744,39,3.117488551223135e-05,0
2599,39,3.117488551223135e-05,0
3687,39,3.117488551223135e-05,0
8272,39,3.117488551223135e-05,0
4282,39,3.117488551223135e-05,0
20852,39,3.117488551223135e-05,0
16573,39,3.117488551223135e-05,0
4995,39,3.117488551223135e-05,0
2939,39,3.117488551223135e-05,0
2932,39,3.117488551223135e-05,0
18294,39,3.117488551223135e-05,0
5164,39,3.117488551223135e-05,0
4075,39,3.117488551223135e-05,0
1731,39,3.117488551223135e-05,0
7705,39,3.117488551223135e-05,0
2314,39,3.117488551223135e-05,0
11686,39,3.117488551223135e-05,0
11650,39,3.117488551223135e-05,0
7534,39,3.117488551223135e-05,0
2234,39,3.117488551223135e-05,0
3428,39,3.117488551223135e-05,0
9866,39,3.117488551223135e-05,0
6201,39,3.117488551223135e-05,0
16680,39,3.117488551223135e-05,0
2207,39,3.117488551223135e-05,0
5576,39,3.117488551223135e-05,0
4513,39,3.117488551223135e-05,0
955,39,3.117488551223135e-05,0
15583,39,3.117488551223135e-05,0
628,39,3.117488551223135e-05,0
620,39,3.117488551223135e-05,0
18138,39,3.117488551223135e-05,0
18127,39,3.117488551223135e-05,0
6075,39,3.117488551223135e-05,0
2471,39,3.117488551223135e-05,0
18892,39,3.117488551223135e-05,0
1579,39,3.117488551223135e-05,0
2493,39,3.117488551223135e-05,0
2470,39,3.117488551223135e-05,0
8016,39,3.117488551223135e-05,0
3919,39,3.117488551223135e-05,0
7326,39,3.117488551223135e-05,0
2024,39,3.117488551223135e-05,0
6749,39,3.117488551223135e-05,0
6760,39,3.117488551223135e-05,0
7938,39,3.117488551223135e-05,0
3756,39,3.117488551223135e-05,0
3753,39,3.117488551223135e-05,0
5407,39,3.117488551223135e-05,0
3876,39,3.117488551223135e-05,0
3017,39,3.117488551223135e-05,0
7285,39,3.117488551223135e-05,0
1301,39,3.117488551223135e-05,0
18102,39,3.117488551223135e-05,0
9618,39,3.117488551223135e-05,0
16136,39,3.117488551223135e-05,0
5284,39,3.117488551223135e-05,0
12655,39,3.117488551223135e-05,0
2739,39,3.117488551223135e-05,0
8577,39,3.117488551223135e-05,0
12099,39,3.117488551223135e-05,0
3453,39,3.117488551223135e-05,0
17016,39,3.117488551223135e-05,0
16977,39,3.117488551223135e-05,0
16968,39,3.117488551223135e-05,0
5660,39,3.117488551223135e-05,0
5234,39,3.117488551223135e-05,0
15500,39,3.117488551223135e-05,0
4702,39,3.117488551223135e-05,0
7210,39,3.117488551223135e-05,0
6979,39,3.117488551223135e-05,0
6849,38,3.0375529473456184e-05,0
11615,38,3.0375529473456184e-05,0
7191,38,3.0375529473456184e-05,0
5111,38,3.0375529473456184e-05,0
7238,38,3.0375529473456184e-05,0
15477,38,3.0375529473456184e-05,0
13118,38,3.0375529473456184e-05,0
4672,38,3.0375529473456184e-05,0
7264,38,3.0375529473456184e-05,0
11818,38,3.0375529473456184e-05,0
3254,38,3.0375529473456184e-05,0
165,38,3.0375529473456184e-05,0
20683,38,3.0375529473456184e-05,0
9617,38,3.0375529473456184e-05,0
6009,38,3.0375529473456184e-05,0
4582,38,3.0375529473456184e-05,0
7804,38,3.0375529473456184e-05,0
6288,38,3.0375529473456184e-05,0
16760,38,3.0375529473456184e-05,0
5598,38,3.0375529473456184e-05,0
4301,38,3.0375529473456184e-05,0
4988,38,3.0375529473456184e-05,0
4861,38,3.0375529473456184e-05,0
12055,38,3.0375529473456184e-05,0
12007,38,3.0375529473456184e-05,0
15309,38,3.0375529473456184e-05,0
9934,38,3.0375529473456184e-05,0
17083,38,3.0375529473456184e-05,0
17007,38,3.0375529473456184e-05,0
15876,38,3.0375529473456184e-05,0
5288,38,3.0375529473456184e-05,0
4579,38,3.0375529473456184e-05,0
4892,38,3.0375529473456184e-05,0
9015,38,3.0375529473456184e-05,0
6043,38,3.0375529473456184e-05,0
6012,38,3.0375529473456184e-05,0
1997,38,3.0375529473456184e-05,0
10822,38,3.0375529473456184e-05,0
16152,38,3.0375529473456184e-05,0
859,38,3.0375529473456184e-05,0
2405,38,3.0375529473456184e-05,0
10613,38,3.0375529473456184e-05,0
10620,38,3.0375529473456184e-05,0
812,38,3.0375529473456184e-05,0
4066,38,3.0375529473456184e-05,0
1553,38,3.0375529473456184e-05,0
7906,38,3.0375529473456184e-05,0
12331,38,3.0375529473456184e-05,0
3245,38,3.0375529473456184e-05,0
1568,38,3.0375529473456184e-05,0
3010,38,3.0375529473456184e-05,0
8988,38,3.0375529473456184e-05,0
8968,38,3.0375529473456184e-05,0
12485,38,3.0375529473456184e-05,0
1021,38,3.0375529473456184e-05,0
19126,38,3.0375529473456184e-05,0
7578,38,3.0375529473456184e-05,0
2797,38,3.0375529473456184e-05,0
6182,38,3.0375529473456184e-05,0
4838,38,3.0375529473456184e-05,0
18497,38,3.0375529473456184e-05,0
7519,38,3.0375529473456184e-05,0
2204,38,3.0375529473456184e-05,0
8059,38,3.0375529473456184e-05,0
4777,38,3.0375529473456184e-05,0
20276,38,3.0375529473456184e-05,0
5743,38,3.0375529473456184e-05,0
13701,38,3.0375529473456184e-05,0
9727,38,3.0375529473456184e-05,0
10487,38,3.0375529473456184e-05,0
4542,38,3.0375529473456184e-05,0
4529,38,3.0375529473456184e-05,0
4088,38,3.0375529473456184e-05,0
19252,38,3.0375529473456184e-05,0
4500,38,3.0375529473456184e-05,0
8213,38,3.0375529473456184e-05,0
14869,38,3.0375529473456184e-05,0
11222,38,3.0375529473456184e-05,0
5059,38,3.0375529473456184e-05,0
4733,38,3.0375529473456184e-05,0
15717,38,3.0375529473456184e-05,0
16396,38,3.0375529473456184e-05,0
16454,38,3.0375529473456184e-05,0
897,38,3.0375529473456184e-05,0
10424,38,3.0375529473456184e-05,0
10554,38,3.0375529473456184e-05,0
5259,38,3.0375529473456184e-05,0
6575,38,3.0375529473456184e-05,0
7738,38,3.0375529473456184e-05,0
18239,38,3.0375529473456184e-05,0
3978,38,3.0375529473456184e-05,0
17319,38,3.0375529473456184e-05,0
8941,38,3.0375529473456184e-05,0
1080,38,3.0375529473456184e-05,0
1052,38,3.0375529473456184e-05,0
17463,38,3.0375529473456184e-05,0
10964,38,3.0375529473456184e-05,0
3740,38,3.0375529473456184e-05,0
10351,38,3.0375529473456184e-05,0
10404,38,3.0375529473456184e-05,0
2602,38,3.0375529473456184e-05,0
3692,38,3.0375529473456184e-05,0
8310,38,3.0375529473456184e-05,0
9544,38,3.0375529473456184e-05,0
17825,38,3.0375529473456184e-05,0
3208,38,3.0375529473456184e-05,0
6551,38,3.0375529473456184e-05,0
1180,38,3.0375529473456184e-05,0
9501,38,3.0375529473456184e-05,0
14441,38,3.0375529473456184e-05,0
3196,38,3.0375529473456184e-05,0
5874,38,3.0375529473456184e-05,0
5861,38,3.0375529473456184e-05,0
9459,38,3.0375529473456184e-05,0
1206,38,3.0375529473456184e-05,0
14536,38,3.0375529473456184e-05,0
12792,38,3.0375529473456184e-05,0
4610,38,3.0375529473456184e-05,0
15110,38,3.0375529473456184e-05,0
5044,38,3.0375529473456184e-05,0
4177,38,3.0375529473456184e-05,0
11110,38,3.0375529473456184e-05,0
6883,38,3.0375529473456184e-05,0
1241,38,3.0375529473456184e-05,0
9498,38,3.0375529473456184e-05,0
15538,37,2.957617343468102e-05,0
1822,37,2.957617343468102e-05,0
6793,37,2.957617343468102e-05,0
3163,37,2.957617343468102e-05,0
3096,37,2.957617343468102e-05,0
3075,37,2.957617343468102e-05,0
6992,37,2.957617343468102e-05,0
11517,37,2.957617343468102e-05,0
19327,37,2.957617343468102e-05,0
11114,37,2.957617343468102e-05,0
11200,37,2.957617343468102e-05,0
3132,37,2.957617343468102e-05,0
10386,37,2.957617343468102e-05,0
10349,37,2.957617343468102e-05,0
17887,37,2.957617343468102e-05,0
9602,37,2.957617343468102e-05,0
17849,37,2.957617343468102e-05,0
1179,37,2.957617343468102e-05,0
17890,37,2.957617343468102e-05,0
11841,37,2.957617343468102e-05,0
7759,37,2.957617343468102e-05,0
7775,37,2.957617343468102e-05,0
11131,37,2.957617343468102e-05,0
4021,37,2.957617343468102e-05,0
8080,37,2.957617343468102e-05,0
10352,37,2.957617343468102e-05,0
8249,37,2.957617343468102e-05,0
19779,37,2.957617343468102e-05,0
2831,37,2.957617343468102e-05,0
2837,37,2.957617343468102e-05,0
4730,37,2.957617343468102e-05,0
8704,37,2.957617343468102e-05,0
12831,37,2.957617343468102e-05,0
11363,37,2.957617343468102e-05,0
9742,37,2.957617343468102e-05,0
2933,37,2.957617343468102e-05,0
11968,37,2.957617343468102e-05,0
5026,37,2.957617343468102e-05,0
13950,37,2.957617343468102e-05,0
13303,37,2.957617343468102e-05,0
4209,37,2.957617343468102e-05,0
11724,37,2.957617343468102e-05,0
2323,37,2.957617343468102e-05,0
758,37,2.957617343468102e-05,0
10569,37,2.957617343468102e-05,0
6617,37,2.957617343468102e-05,0
10469,37,2.957617343468102e-05,0
18965,37,2.957617343468102e-05,0
11641,37,2.957617343468102e-05,0
3375,37,2.957617343468102e-05,0
21091,37,2.957617343468102e-05,0
3417,37,2.957617343468102e-05,0
6142,37,2.957617343468102e-05,0
3380,37,2.957617343468102e-05,0
11042,37,2.957617343468102e-05,0
1487,37,2.957617343468102e-05,0
52,37,2.957617343468102e-05,0
5295,37,2.957617343468102e-05,0
3908,37,2.957617343468102e-05,0
10911,37,2.957617343468102e-05,0
9946,37,2.957617343468102e-05,0
145,37,2.957617343468102e-05,0
8408,37,2.957617343468102e-05,0
8402,37,2.957617343468102e-05,0
12034,37,2.957617343468102e-05,0
12720,37,2.957617343468102e-05,0
6185,37,2.957617343468102e-05,0
6220,37,2.957617343468102e-05,0
8549,37,2.957617343468102e-05,0
21233,37,2.957617343468102e-05,0
7199,37,2.957617343468102e-05,0
5091,37,2.957617343468102e-05,0
5348,37,2.957617343468102e-05,0
21034,37,2.957617343468102e-05,0
21227,37,2.957617343468102e-05,0
7014,37,2.957617343468102e-05,0
7018,37,2.957617343468102e-05,0
11480,37,2.957617343468102e-05,0
177,37,2.957617343468102e-05,0
3885,37,2.957617343468102e-05,0
646,37,2.957617343468102e-05,0
18080,37,2.957617343468102e-05,0
3849,37,2.957617343468102e-05,0
1156,37,2.957617343468102e-05,0
9273,37,2.957617343468102e-05,0
1164,37,2.957617343468102e-05,0
9343,37,2.957617343468102e-05,0
7822,37,2.957617343468102e-05,0
3284,37,2.957617343468102e-05,0
21164,37,2.957617343468102e-05,0
12414,37,2.957617343468102e-05,0
3238,37,2.957617343468102e-05,0
15559,37,2.957617343468102e-05,0
3482,37,2.957617343468102e-05,0
1685,37,2.957617343468102e-05,0
3472,37,2.957617343468102e-05,0
1352,37,2.957617343468102e-05,0
12068,37,2.957617343468102e-05,0
2083,37,2.957617343468102e-05,0
7251,37,2.957617343468102e-05,0
2020,37,2.957617343468102e-05,0
15728,37,2.957617343468102e-05,0
2072,37,2.957617343468102e-05,0
6493,37,2.957617343468102e-05,0
1587,37,2.957617343468102e-05,0
19943,37,2.957617343468102e-05,0
6117,37,2.957617343468102e-05,0
3427,37,2.957617343468102e-05,0
2152,37,2.957617343468102e-05,0
18506,37,2.957617343468102e-05,0
8061,37,2.957617343468102e-05,0
6343,36,2.8776817395905858e-05,0
9538,36,2.8776817395905858e-05,0
6341,36,2.8776817395905858e-05,0
1512,36,2.8776817395905858e-05,0
16347,36,2.8776817395905858e-05,0
16410,36,2.8776817395905858e-05,0
11944,36,2.8776817395905858e-05,0
6340,36,2.8776817395905858e-05,0
8112,36,2.8776817395905858e-05,0
8953,36,2.8776817395905858e-05,0
8907,36,2.8776817395905858e-05,0
17536,36,2.8776817395905858e-05,0
8913,36,2.8776817395905858e-05,0
12790,36,2.8776817395905858e-05,0
5009,36,2.8776817395905858e-05,0
6714,36,2.8776817395905858e-05,0
4718,36,2.8776817395905858e-05,0
439,36,2.8776817395905858e-05,0
14731,36,2.8776817395905858e-05,0
20462,36,2.8776817395905858e-05,0
11238,36,2.8776817395905858e-05,0
4821,36,2.8776817395905858e-05,0
4473,36,2.8776817395905858e-05,0
16438,36,2.8776817395905858e-05,0
10216,36,2.8776817395905858e-05,0
11795,36,2.8776817395905858e-05,0
13302,36,2.8776817395905858e-05,0
18283,36,2.8776817395905858e-05,0
5727,36,2.8776817395905858e-05,0
17274,36,2.8776817395905858e-05,0
8151,36,2.8776817395905858e-05,0
6143,36,2.8776817395905858e-05,0
11725,36,2.8776817395905858e-05,0
6581,36,2.8776817395905858e-05,0
7721,36,2.8776817395905858e-05,0
11054,36,2.8776817395905858e-05,0
3982,36,2.8776817395905858e-05,0
10432,36,2.8776817395905858e-05,0
10467,36,2.8776817395905858e-05,0
10574,36,2.8776817395905858e-05,0
7704,36,2.8776817395905858e-05,0
8934,36,2.8776817395905858e-05,0
3379,36,2.8776817395905858e-05,0
18222,36,2.8776817395905858e-05,0
2855,36,2.8776817395905858e-05,0
459,36,2.8776817395905858e-05,0
13362,36,2.8776817395905858e-05,0
1903,36,2.8776817395905858e-05,0
4686,36,2.8776817395905858e-05,0
15454,36,2.8776817395905858e-05,0
346,36,2.8776817395905858e-05,0
339,36,2.8776817395905858e-05,0
3091,36,2.8776817395905858e-05,0
1902,36,2.8776817395905858e-05,0
7149,36,2.8776817395905858e-05,0
18006,36,2.8776817395905858e-05,0
19437,36,2.8776817395905858e-05,0
9594,36,2.8776817395905858e-05,0
5828,36,2.8776817395905858e-05,0
1210,36,2.8776817395905858e-05,0
6555,36,2.8776817395905858e-05,0
15041,36,2.8776817395905858e-05,0
11134,36,2.8776817395905858e-05,0
9551,36,2.8776817395905858e-05,0
2492,36,2.8776817395905858e-05,0
4482,36,2.8776817395905858e-05,0
19792,36,2.8776817395905858e-05,0
10106,36,2.8776817395905858e-05,0
6457,36,2.8776817395905858e-05,0
557,36,2.8776817395905858e-05,0
864,36,2.8776817395905858e-05,0
4578,36,2.8776817395905858e-05,0
18518,36,2.8776817395905858e-05,0
9050,36,2.8776817395905858e-05,0
14104,36,2.8776817395905858e-05,0
7359,36,2.8776817395905858e-05,0
2076,36,2.8776817395905858e-05,0
1991,36,2.8776817395905858e-05,0
7297,36,2.8776817395905858e-05,0
12739,36,2.8776817395905858e-05,0
4753,36,2.8776817395905858e-05,0
821,36,2.8776817395905858e-05,0
5404,36,2.8776817395905858e-05,0
15985,36,2.8776817395905858e-05,0
2409,36,2.8776817395905858e-05,0
6490,36,2.8776817395905858e-05,0
7904,36,2.8776817395905858e-05,0
7894,36,2.8776817395905858e-05,0
2417,36,2.8776817395905858e-05,0
8978,36,2.8776817395905858e-05,0
12270,36,2.8776817395905858e-05,0
12426,36,2.8776817395905858e-05,0
12317,36,2.8776817395905858e-05,0
12276,36,2.8776817395905858e-05,0
8002,36,2.8776817395905858e-05,0
7972,36,2.8776817395905858e-05,0
8754,36,2.8776817395905858e-05,0
8688,36,2.8776817395905858e-05,0
14236,36,2.8776817395905858e-05,0
8794,36,2.8776817395905858e-05,0
8792,36,2.8776817395905858e-05,0
244,36,2.8776817395905858e-05,0
198,36,2.8776817395905858e-05,0
8641,36,2.8776817395905858e-05,0
19615,36,2.8776817395905858e-05,0
540,36,2.8776817395905858e-05,0
7818,36,2.8776817395905858e-05,0
13621,36,2.8776817395905858e-05,0
4766,36,2.8776817395905858e-05,0
10142,36,2.8776817395905858e-05,0
980,36,2.8776817395905858e-05,0
8366,36,2.8776817395905858e-05,0
20405,36,2.8776817395905858e-05,0
16820,36,2.8776817395905858e-05,0
19844,36,2.8776817395905858e-05,0
1726,36,2.8776817395905858e-05,0
8617,36,2.8776817395905858e-05,0
12177,36,2.8776817395905858e-05,0
9004,36,2.8776817395905858e-05,0
2692,36,2.8776817395905858e-05,0
12080,36,2.8776817395905858e-05,0
2331,36,2.8776817395905858e-05,0
9102,36,2.8776817395905858e-05,0
4769,36,2.8776817395905858e-05,0
4581,36,2.8776817395905858e-05,0
7791,36,2.8776817395905858e-05,0
7820,36,2.8776817395905858e-05,0
5802,36,2.8776817395905858e-05,0
6019,36,2.8776817395905858e-05,0
9168,36,2.8776817395905858e-05,0
3262,36,2.8776817395905858e-05,0
21029,36,2.8776817395905858e-05,0
2350,36,2.8776817395905858e-05,0
7229,36,2.8776817395905858e-05,0
4143,36,2.8776817395905858e-05,0
4171,36,2.8776817395905858e-05,0
11603,36,2.8776817395905858e-05,0
6945,35,2.7977461357130694e-05,0
490,35,2.7977461357130694e-05,0
1877,35,2.7977461357130694e-05,0
6539,35,2.7977461357130694e-05,0
6511,35,2.7977461357130694e-05,0
11794,35,2.7977461357130694e-05,0
10688,35,2.7977461357130694e-05,0
4594,35,2.7977461357130694e-05,0
10843,35,2.7977461357130694e-05,0
5408,35,2.7977461357130694e-05,0
2332,35,2.7977461357130694e-05,0
10578,35,2.7977461357130694e-05,0
6464,35,2.7977461357130694e-05,0
2473,35,2.7977461357130694e-05,0
2480,35,2.7977461357130694e-05,0
8007,35,2.7977461357130694e-05,0
2317,35,2.7977461357130694e-05,0
10421,35,2.7977461357130694e-05,0
11033,35,2.7977461357130694e-05,0
3944,35,2.7977461357130694e-05,0
16363,35,2.7977461357130694e-05,0
16346,35,2.7977461357130694e-05,0
13709,35,2.7977461357130694e-05,0
13734,35,2.7977461357130694e-05,0
552,35,2.7977461357130694e-05,0
13720,35,2.7977461357130694e-05,0
19032,35,2.7977461357130694e-05,0
10241,35,2.7977461357130694e-05,0
11981,35,2.7977461357130694e-05,0
15825,35,2.7977461357130694e-05,0
11103,35,2.7977461357130694e-05,0
3563,35,2.7977461357130694e-05,0
3533,35,2.7977461357130694e-05,0
8361,35,2.7977461357130694e-05,0
8340,35,2.7977461357130694e-05,0
8437,35,2.7977461357130694e-05,0
10080,35,2.7977461357130694e-05,0
5629,35,2.7977461357130694e-05,0
10044,35,2.7977461357130694e-05,0
3548,35,2.7977461357130694e-05,0
10048,35,2.7977461357130694e-05,0
10049,35,2.7977461357130694e-05,0
9967,35,2.7977461357130694e-05,0
11174,35,2.7977461357130694e-05,0
11619,35,2.7977461357130694e-05,0
6691,35,2.7977461357130694e-05,0
2181,35,2.7977461357130694e-05,0
8540,35,2.7977461357130694e-05,0
5219,35,2.7977461357130694e-05,0
5642,35,2.7977461357130694e-05,0
5582,35,2.7977461357130694e-05,0
7657,35,2.7977461357130694e-05,0
6614,35,2.7977461357130694e-05,0
16616,35,2.7977461357130694e-05,0
3625,35,2.7977461357130694e-05,0
4265,35,2.7977461357130694e-05,0
4316,35,2.7977461357130694e-05,0
4488,35,2.7977461357130694e-05,0
10311,35,2.7977461357130694e-05,0
11983,35,2.7977461357130694e-05,0
12127,35,2.7977461357130694e-05,0
4312,35,2.7977461357130694e-05,0
4354,35,2.7977461357130694e-05,0
8965,35,2.7977461357130694e-05,0
8950,35,2.7977461357130694e-05,0
9130,35,2.7977461357130694e-05,0
2998,35,2.7977461357130694e-05,0
14230,35,2.7977461357130694e-05,0
2970,35,2.7977461357130694e-05,0
6046,35,2.7977461357130694e-05,0
9083,35,2.7977461357130694e-05,0
4448,35,2.7977461357130694e-05,0
7273,35,2.7977461357130694e-05,0
1847,35,2.7977461357130694e-05,0
2081,35,2.7977461357130694e-05,0
2087,35,2.7977461357130694e-05,0
14127,35,2.7977461357130694e-05,0
4423,35,2.7977461357130694e-05,0
4442,35,2.7977461357130694e-05,0
9206,35,2.7977461357130694e-05,0
7287,35,2.7977461357130694e-05,0
15528,35,2.7977461357130694e-05,0
9435,35,2.7977461357130694e-05,0
7055,35,2.7977461357130694e-05,0
4144,35,2.7977461357130694e-05,0
11455,35,2.7977461357130694e-05,0
33,35,2.7977461357130694e-05,0
9380,35,2.7977461357130694e-05,0
9238,35,2.7977461357130694e-05,0
9528,35,2.7977461357130694e-05,0
9564,35,2.7977461357130694e-05,0
5946,35,2.7977461357130694e-05,0
1176,35,2.7977461357130694e-05,0
17609,35,2.7977461357130694e-05,0
647,35,2.7977461357130694e-05,0
12265,35,2.7977461357130694e-05,0
3298,35,2.7977461357130694e-05,0
18358,35,2.7977461357130694e-05,0
3386,35,2.7977461357130694e-05,0
3382,35,2.7977461357130694e-05,0
21161,35,2.7977461357130694e-05,0
1114,35,2.7977461357130694e-05,0
9767,35,2.7977461357130694e-05,0
1712,35,2.7977461357130694e-05,0
8906,35,2.7977461357130694e-05,0
4915,35,2.7977461357130694e-05,0
4940,35,2.7977461357130694e-05,0
12262,35,2.7977461357130694e-05,0
12271,35,2.7977461357130694e-05,0
11289,35,2.7977461357130694e-05,0
7419,35,2.7977461357130694e-05,0
19892,35,2.7977461357130694e-05,0
12505,35,2.7977461357130694e-05,0
3277,35,2.7977461357130694e-05,0
18317,35,2.7977461357130694e-05,0
3359,35,2.7977461357130694e-05,0
11755,35,2.7977461357130694e-05,0
2892,35,2.7977461357130694e-05,0
11637,35,2.7977461357130694e-05,0
8461,35,2.7977461357130694e-05,0
8756,35,2.7977461357130694e-05,0
6197,35,2.7977461357130694e-05,0
5254,34,2.7178105318355534e-05,0
10348,34,2.7178105318355534e-05,0
6845,34,2.7178105318355534e-05,0
11547,34,2.7178105318355534e-05,0
6544,34,2.7178105318355534e-05,0
1707,34,2.7178105318355534e-05,0
13367,34,2.7178105318355534e-05,0
6675,34,2.7178105318355534e-05,0
6666,34,2.7178105318355534e-05,0
792,34,2.7178105318355534e-05,0
11081,34,2.7178105318355534e-05,0
6693,34,2.7178105318355534e-05,0
16923,34,2.7178105318355534e-05,0
8441,34,2.7178105318355534e-05,0
10021,34,2.7178105318355534e-05,0
3506,34,2.7178105318355534e-05,0
2155,34,2.7178105318355534e-05,0
16662,34,2.7178105318355534e-05,0
10337,34,2.7178105318355534e-05,0
6374,34,2.7178105318355534e-05,0
2616,34,2.7178105318355534e-05,0
16457,34,2.7178105318355534e-05,0
3713,34,2.7178105318355534e-05,0
11876,34,2.7178105318355534e-05,0
14877,34,2.7178105318355534e-05,0
2216,34,2.7178105318355534e-05,0
2186,34,2.7178105318355534e-05,0
18994,34,2.7178105318355534e-05,0
6597,34,2.7178105318355534e-05,0
7541,34,2.7178105318355534e-05,0
7553,34,2.7178105318355534e-05,0
6644,34,2.7178105318355534e-05,0
3582,34,2.7178105318355534e-05,0
20468,34,2.7178105318355534e-05,0
152,34,2.7178105318355534e-05,0
11594,34,2.7178105318355534e-05,0
7131,34,2.7178105318355534e-05,0
3781,34,2.7178105318355534e-05,0
7959,34,2.7178105318355534e-05,0
10917,34,2.7178105318355534e-05,0
10902,34,2.7178105318355534e-05,0
7896,34,2.7178105318355534e-05,0
7863,34,2.7178105318355534e-05,0
7853,34,2.7178105318355534e-05,0
4595,34,2.7178105318355534e-05,0
2393,34,2.7178105318355534e-05,0
15437,34,2.7178105318355534e-05,0
6991,34,2.7178105318355534e-05,0
13052,34,2.7178105318355534e-05,0
7118,34,2.7178105318355534e-05,0
7029,34,2.7178105318355534e-05,0
6968,34,2.7178105318355534e-05,0
2459,34,2.7178105318355534e-05,0
5415,34,2.7178105318355534e-05,0
6439,34,2.7178105318355534e-05,0
2410,34,2.7178105318355534e-05,0
4778,34,2.7178105318355534e-05,0
2509,34,2.7178105318355534e-05,0
2515,34,2.7178105318355534e-05,0
10479,34,2.7178105318355534e-05,0
105,34,2.7178105318355534e-05,0
11063,34,2.7178105318355534e-05,0
3974,34,2.7178105318355534e-05,0
1646,34,2.7178105318355534e-05,0
7727,34,2.7178105318355534e-05,0
10995,34,2.7178105318355534e-05,0
11032,34,2.7178105318355534e-05,0
8478,34,2.7178105318355534e-05,0
4302,34,2.7178105318355534e-05,0
3292,34,2.7178105318355534e-05,0
11421,34,2.7178105318355534e-05,0
19186,34,2.7178105318355534e-05,0
2175,34,2.7178105318355534e-05,0
1762,34,2.7178105318355534e-05,0
11364,34,2.7178105318355534e-05,0
5180,34,2.7178105318355534e-05,0
4714,34,2.7178105318355534e-05,0
8932,34,2.7178105318355534e-05,0
8926,34,2.7178105318355534e-05,0
9832,34,2.7178105318355534e-05,0
6089,34,2.7178105318355534e-05,0
8843,34,2.7178105318355534e-05,0
8497,34,2.7178105318355534e-05,0
14701,34,2.7178105318355534e-05,0
4333,34,2.7178105318355534e-05,0
19987,34,2.7178105318355534e-05,0
8803,34,2.7178105318355534e-05,0
6128,34,2.7178105318355534e-05,0
6148,34,2.7178105318355534e-05,0
8695,34,2.7178105318355534e-05,0
4460,34,2.7178105318355534e-05,0
2845,34,2.7178105318355534e-05,0
2869,34,2.7178105318355534e-05,0
12898,34,2.7178105318355534e-05,0
14038,34,2.7178105318355534e-05,0
11662,34,2.7178105318355534e-05,0
11696,34,2.7178105318355534e-05,0
18236,34,2.7178105318355534e-05,0
18212,34,2.7178105318355534e-05,0
5718,34,2.7178105318355534e-05,0
5714,34,2.7178105318355534e-05,0
9192,34,2.7178105318355534e-05,0
9199,34,2.7178105318355534e-05,0
1837,34,2.7178105318355534e-05,0
7280,34,2.7178105318355534e-05,0
2026,34,2.7178105318355534e-05,0
2022,34,2.7178105318355534e-05,0
7295,34,2.7178105318355534e-05,0
14227,34,2.7178105318355534e-05,0
9093,34,2.7178105318355534e-05,0
1256,34,2.7178105318355534e-05,0
2991,34,2.7178105318355534e-05,0
18136,34,2.7178105318355534e-05,0
2957,34,2.7178105318355534e-05,0
9086,34,2.7178105318355534e-05,0
9699,34,2.7178105318355534e-05,0
17625,34,2.7178105318355534e-05,0
5901,34,2.7178105318355534e-05,0
17892,34,2.7178105318355534e-05,0
9314,34,2.7178105318355534e-05,0
5837,34,2.7178105318355534e-05,0
9338,34,2.7178105318355534e-05,0
3036,34,2.7178105318355534e-05,0
9671,34,2.7178105318355534e-05,0
4368,34,2.7178105318355534e-05,0
5150,34,2.7178105318355534e-05,0
20055,34,2.7178105318355534e-05,0
9503,34,2.7178105318355534e-05,0
17873,34,2.7178105318355534e-05,0
9384,34,2.7178105318355534e-05,0
15505,34,2.7178105318355534e-05,0
11604,34,2.7178105318355534e-05,0
30,34,2.7178105318355534e-05,0
4583,33,2.637874927958037e-05,0
3200,33,2.637874927958037e-05,0
2476,33,2.637874927958037e-05,0
16329,33,2.637874927958037e-05,0
3073,33,2.637874927958037e-05,0
2951,33,2.637874927958037e-05,0
5379,33,2.637874927958037e-05,0
20083,33,2.637874927958037e-05,0
9292,33,2.637874927958037e-05,0
16175,33,2.637874927958037e-05,0
5409,33,2.637874927958037e-05,0
4937,33,2.637874927958037e-05,0
1721,33,2.637874927958037e-05,0
5223,33,2.637874927958037e-05,0
4936,33,2.637874927958037e-05,0
19866,33,2.637874927958037e-05,0
10895,33,2.637874927958037e-05,0
5424,33,2.637874927958037e-05,0
5428,33,2.637874927958037e-05,0
8631,33,2.637874927958037e-05,0
1995,33,2.637874927958037e-05,0
3555,33,2.637874927958037e-05,0
9706,33,2.637874927958037e-05,0
3374,33,2.637874927958037e-05,0
3387,33,2.637874927958037e-05,0
5423,33,2.637874927958037e-05,0
17977,33,2.637874927958037e-05,0
6433,33,2.637874927958037e-05,0
6623,33,2.637874927958037e-05,0
10501,33,2.637874927958037e-05,0
3347,33,2.637874927958037e-05,0
10011,33,2.637874927958037e-05,0
12294,33,2.637874927958037e-05,0
8255,33,2.637874927958037e-05,0
9583,33,2.637874927958037e-05,0
6777,33,2.637874927958037e-05,0
5271,33,2.637874927958037e-05,0
4621,33,2.637874927958037e-05,0
6785,33,2.637874927958037e-05,0
2893,33,2.637874927958037e-05,0
18346,33,2.637874927958037e-05,0
8250,33,2.637874927958037e-05,0
19768,33,2.637874927958037e-05,0
1479,33,2.637874927958037e-05,0
8209,33,2.637874927958037e-05,0
8243,33,2.637874927958037e-05,0
6715,33,2.637874927958037e-05,0
801,33,2.637874927958037e-05,0
818,33,2.637874927958037e-05,0
8791,33,2.637874927958037e-05,0
15234,33,2.637874927958037e-05,0
1255,33,2.637874927958037e-05,0
883,33,2.637874927958037e-05,0
20998,33,2.637874927958037e-05,0
7187,33,2.637874927958037e-05,0
1588,33,2.637874927958037e-05,0
9322,33,2.637874927958037e-05,0
5688,33,2.637874927958037e-05,0
5824,33,2.637874927958037e-05,0
15730,33,2.637874927958037e-05,0
10416,33,2.637874927958037e-05,0
2822,33,2.637874927958037e-05,0
2861,33,2.637874927958037e-05,0
2522,33,2.637874927958037e-05,0
15349,33,2.637874927958037e-05,0
4705,33,2.637874927958037e-05,0
16692,33,2.637874927958037e-05,0
8199,33,2.637874927958037e-05,0
8146,33,2.637874927958037e-05,0
12316,33,2.637874927958037e-05,0
5137,33,2.637874927958037e-05,0
7691,33,2.637874927958037e-05,0
17421,33,2.637874927958037e-05,0
9059,33,2.637874927958037e-05,0
610,33,2.637874927958037e-05,0
7520,33,2.637874927958037e-05,0
9420,33,2.637874927958037e-05,0
9443,33,2.637874927958037e-05,0
6685,33,2.637874927958037e-05,0
2847,33,2.637874927958037e-05,0
10971,33,2.637874927958037e-05,0
8446,33,2.637874927958037e-05,0
7491,33,2.637874927958037e-05,0
320,33,2.637874927958037e-05,0
21032,33,2.637874927958037e-05,0
6302,33,2.637874927958037e-05,0
18659,33,2.637874927958037e-05,0
4882,33,2.637874927958037e-05,0
2023,33,2.637874927958037e-05,0
5123,33,2.637874927958037e-05,0
4825,33,2.637874927958037e-05,0
16385,33,2.637874927958037e-05,0
14007,33,2.637874927958037e-05,0
16556,33,2.637874927958037e-05,0
2528,33,2.637874927958037e-05,0
18188,33,2.637874927958037e-05,0
4260,33,2.637874927958037e-05,0
7879,33,2.637874927958037e-05,0
6529,33,2.637874927958037e-05,0
422,33,2.637874927958037e-05,0
451,33,2.637874927958037e-05,0
14645,33,2.637874927958037e-05,0
9233,33,2.637874927958037e-05,0
3816,33,2.637874927958037e-05,0
3265,33,2.637874927958037e-05,0
132,33,2.637874927958037e-05,0
3240,33,2.637874927958037e-05,0
40,33,2.637874927958037e-05,0
2994,33,2.637874927958037e-05,0
3001,33,2.637874927958037e-05,0
1456,33,2.637874927958037e-05,0
1461,33,2.637874927958037e-05,0
12140,33,2.637874927958037e-05,0
16868,33,2.637874927958037e-05,0
1967,33,2.637874927958037e-05,0
4558,33,2.637874927958037e-05,0
5179,33,2.637874927958037e-05,0
12664,33,2.637874927958037e-05,0
10291,33,2.637874927958037e-05,0
8630,33,2.637874927958037e-05,0
2411,33,2.637874927958037e-05,0
6186,33,2.637874927958037e-05,0
8514,33,2.637874927958037e-05,0
12087,33,2.637874927958037e-05,0
7645,33,2.637874927958037e-05,0
10170,33,2.637874927958037e-05,0
9311,33,2.637874927958037e-05,0
6225,33,2.637874927958037e-05,0
4104,33,2.637874927958037e-05,0
1892,33,2.637874927958037e-05,0
12027,33,2.637874927958037e-05,0
4433,33,2.637874927958037e-05,0
8574,33,2.637874927958037e-05,0
7606,33,2.637874927958037e-05,0
7644,32,2.5579393240805208e-05,0
9808,32,2.5579393240805208e-05,0
6613,32,2.5579393240805208e-05,0
1216,32,2.5579393240805208e-05,0
13781,32,2.5579393240805208e-05,0
5932,32,2.5579393240805208e-05,0
12133,32,2.5579393240805208e-05,0
3296,32,2.5579393240805208e-05,0
11893,32,2.5579393240805208e-05,0
11856,32,2.5579393240805208e-05,0
7125,32,2.5579393240805208e-05,0
4547,32,2.5579393240805208e-05,0
4527,32,2.5579393240805208e-05,0
7086,32,2.5579393240805208e-05,0
1917,32,2.5579393240805208e-05,0
7048,32,2.5579393240805208e-05,0
9158,32,2.5579393240805208e-05,0
6562,32,2.5579393240805208e-05,0
19419,32,2.5579393240805208e-05,0
3236,32,2.5579393240805208e-05,0
4434,32,2.5579393240805208e-05,0
21224,32,2.5579393240805208e-05,0
16219,32,2.5579393240805208e-05,0
1627,32,2.5579393240805208e-05,0
1120,32,2.5579393240805208e-05,0
9790,32,2.5579393240805208e-05,0
9144,32,2.5579393240805208e-05,0
7002,32,2.5579393240805208e-05,0
9749,32,2.5579393240805208e-05,0
10863,32,2.5579393240805208e-05,0
21250,32,2.5579393240805208e-05,0
32,32,2.5579393240805208e-05,0
11971,32,2.5579393240805208e-05,0
323,32,2.5579393240805208e-05,0
20842,32,2.5579393240805208e-05,0
17541,32,2.5579393240805208e-05,0
2296,32,2.5579393240805208e-05,0
956,32,2.5579393240805208e-05,0
11344,32,2.5579393240805208e-05,0
2168,32,2.5579393240805208e-05,0
14957,32,2.5579393240805208e-05,0
1212,32,2.5579393240805208e-05,0
5168,32,2.5579393240805208e-05,0
16714,32,2.5579393240805208e-05,0
15932,32,2.5579393240805208e-05,0
10089,32,2.5579393240805208e-05,0
8175,32,2.5579393240805208e-05,0
8179,32,2.5579393240805208e-05,0
4245,32,2.5579393240805208e-05,0
9041,32,2.5579393240805208e-05,0
18697,32,2.5579393240805208e-05,0
4498,32,2.5579393240805208e-05,0
11595,32,2.5579393240805208e-05,0
5438,32,2.5579393240805208e-05,0
8912,32,2.5579393240805208e-05,0
7475,32,2.5579393240805208e-05,0
6639,32,2.5579393240805208e-05,0
3631,32,2.5579393240805208e-05,0
2498,32,2.5579393240805208e-05,0
2842,32,2.5579393240805208e-05,0
2481,32,2.5579393240805208e-05,0
4474,32,2.5579393240805208e-05,0
4475,32,2.5579393240805208e-05,0
5665,32,2.5579393240805208e-05,0
649,32,2.5579393240805208e-05,0
671,32,2.5579393240805208e-05,0
4351,32,2.5579393240805208e-05,0
2639,32,2.5579393240805208e-05,0
904,32,2.5579393240805208e-05,0
2590,32,2.5579393240805208e-05,0
6571,32,2.5579393240805208e-05,0
7667,32,2.5579393240805208e-05,0
12532,32,2.5579393240805208e-05,0
9460,32,2.5579393240805208e-05,0
16550,32,2.5579393240805208e-05,0
13431,32,2.5579393240805208e-05,0
774,32,2.5579393240805208e-05,0
18306,32,2.5579393240805208e-05,0
18412,32,2.5579393240805208e-05,0
9639,32,2.5579393240805208e-05,0
16691,32,2.5579393240805208e-05,0
9646,32,2.5579393240805208e-05,0
17598,32,2.5579393240805208e-05,0
8311,32,2.5579393240805208e-05,0
15348,32,2.5579393240805208e-05,0
9248,32,2.5579393240805208e-05,0
18185,32,2.5579393240805208e-05,0
3875,32,2.5579393240805208e-05,0
15970,32,2.5579393240805208e-05,0
8890,32,2.5579393240805208e-05,0
8935,32,2.5579393240805208e-05,0
10413,32,2.5579393240805208e-05,0
11561,32,2.5579393240805208e-05,0
4303,32,2.5579393240805208e-05,0
14707,32,2.5579393240805208e-05,0
13051,32,2.5579393240805208e-05,0
1434,32,2.5579393240805208e-05,0
4080,32,2.5579393240805208e-05,0
9876,32,2.5579393240805208e-05,0
9682,32,2.5579393240805208e-05,0
3206,32,2.5579393240805208e-05,0
8625,32,2.5579393240805208e-05,0
5035,32,2.5579393240805208e-05,0
7209,32,2.5579393240805208e-05,0
18596,32,2.5579393240805208e-05,0
11267,32,2.5579393240805208e-05,0
18787,32,2.5579393240805208e-05,0
11613,32,2.5579393240805208e-05,0
3114,32,2.5579393240805208e-05,0
6746,32,2.5579393240805208e-05,0
12341,32,2.5579393240805208e-05,0
8223,32,2.5579393240805208e-05,0
15861,32,2.5579393240805208e-05,0
6342,32,2.5579393240805208e-05,0
7301,32,2.5579393240805208e-05,0
11763,32,2.5579393240805208e-05,0
19936,32,2.5579393240805208e-05,0
5269,32,2.5579393240805208e-05,0
11019,32,2.5579393240805208e-05,0
11044,32,2.5579393240805208e-05,0
1157,32,2.5579393240805208e-05,0
16000,32,2.5579393240805208e-05,0
2541,32,2.5579393240805208e-05,0
8051,32,2.5579393240805208e-05,0
17469,32,2.5579393240805208e-05,0
9357,32,2.5579393240805208e-05,0
11171,32,2.5579393240805208e-05,0
7148,32,2.5579393240805208e-05,0
1059,32,2.5579393240805208e-05,0
1037,32,2.5579393240805208e-05,0
2769,32,2.5579393240805208e-05,0
1957,32,2.5579393240805208e-05,0
2771,32,2.5579393240805208e-05,0
6872,32,2.5579393240805208e-05,0
1365,32,2.5579393240805208e-05,0
2293,32,2.5579393240805208e-05,0
15968,32,2.5579393240805208e-05,0
682,32,2.5579393240805208e-05,0
13387,32,2.5579393240805208e-05,0
1013,32,2.5579393240805208e-05,0
4185,32,2.5579393240805208e-05,0
3199,32,2.5579393240805208e-05,0
4179,32,2.5579393240805208e-05,0
11080,32,2.5579393240805208e-05,0
4805,32,2.5579393240805208e-05,0
11473,32,2.5579393240805208e-05,0
3014,32,2.5579393240805208e-05,0
18724,32,2.5579393240805208e-05,0
1163,32,2.5579393240805208e-05,0
3478,32,2.5579393240805208e-05,0
21057,32,2.5579393240805208e-05,0
10385,32,2.5579393240805208e-05,0
5076,32,2.5579393240805208e-05,0
3177,32,2.5579393240805208e-05,0
13171,31,2.4780037202030044e-05,0
83,31,2.4780037202030044e-05,0
13175,31,2.4780037202030044e-05,0
19376,31,2.4780037202030044e-05,0
5550,31,2.4780037202030044e-05,0
8066,31,2.4780037202030044e-05,0
9162,31,2.4780037202030044e-05,0
7741,31,2.4780037202030044e-05,0
4516,31,2.4780037202030044e-05,0
7967,31,2.4780037202030044e-05,0
12820,31,2.4780037202030044e-05,0
6445,31,2.4780037202030044e-05,0
1332,31,2.4780037202030044e-05,0
8056,31,2.4780037202030044e-05,0
3360,31,2.4780037202030044e-05,0
3336,31,2.4780037202030044e-05,0
5030,31,2.4780037202030044e-05,0
10176,31,2.4780037202030044e-05,0
10183,31,2.4780037202030044e-05,0
8975,31,2.4780037202030044e-05,0
10769,31,2.4780037202030044e-05,0
8491,31,2.4780037202030044e-05,0
2366,31,2.4780037202030044e-05,0
7364,31,2.4780037202030044e-05,0
5849,31,2.4780037202030044e-05,0
4832,31,2.4780037202030044e-05,0
4818,31,2.4780037202030044e-05,0
2479,31,2.4780037202030044e-05,0
3479,31,2.4780037202030044e-05,0
5478,31,2.4780037202030044e-05,0
16353,31,2.4780037202030044e-05,0
3764,31,2.4780037202030044e-05,0
11257,31,2.4780037202030044e-05,0
16162,31,2.4780037202030044e-05,0
4827,31,2.4780037202030044e-05,0
709,31,2.4780037202030044e-05,0
21060,31,2.4780037202030044e-05,0
2702,31,2.4780037202030044e-05,0
5571,31,2.4780037202030044e-05,0
5523,31,2.4780037202030044e-05,0
4802,31,2.4780037202030044e-05,0
9526,31,2.4780037202030044e-05,0
5085,31,2.4780037202030044e-05,0
1351,31,2.4780037202030044e-05,0
10696,31,2.4780037202030044e-05,0
4622,31,2.4780037202030044e-05,0
1483,31,2.4780037202030044e-05,0
12328,31,2.4780037202030044e-05,0
14031,31,2.4780037202030044e-05,0
4023,31,2.4780037202030044e-05,0
8266,31,2.4780037202030044e-05,0
3971,31,2.4780037202030044e-05,0
7294,31,2.4780037202030044e-05,0
2904,31,2.4780037202030044e-05,0
8571,31,2.4780037202030044e-05,0
1985,31,2.4780037202030044e-05,0
6846,31,2.4780037202030044e-05,0
8668,31,2.4780037202030044e-05,0
4236,31,2.4780037202030044e-05,0
3884,31,2.4780037202030044e-05,0
10149,31,2.4780037202030044e-05,0
4757,31,2.4780037202030044e-05,0
5210,31,2.4780037202030044e-05,0
12769,31,2.4780037202030044e-05,0
1652,31,2.4780037202030044e-05,0
19588,31,2.4780037202030044e-05,0
17666,31,2.4780037202030044e-05,0
4152,31,2.4780037202030044e-05,0
1430,31,2.4780037202030044e-05,0
7918,31,2.4780037202030044e-05,0
4847,31,2.4780037202030044e-05,0
2086,31,2.4780037202030044e-05,0
6042,31,2.4780037202030044e-05,0
9508,31,2.4780037202030044e-05,0
13580,31,2.4780037202030044e-05,0
1748,31,2.4780037202030044e-05,0
957,31,2.4780037202030044e-05,0
8348,31,2.4780037202030044e-05,0
1057,31,2.4780037202030044e-05,0
4061,31,2.4780037202030044e-05,0
2865,31,2.4780037202030044e-05,0
3636,31,2.4780037202030044e-05,0
1736,31,2.4780037202030044e-05,0
8691,31,2.4780037202030044e-05,0
8682,31,2.4780037202030044e-05,0
8690,31,2.4780037202030044e-05,0
4069,31,2.4780037202030044e-05,0
7978,31,2.4780037202030044e-05,0
10458,31,2.4780037202030044e-05,0
11868,31,2.4780037202030044e-05,0
5050,31,2.4780037202030044e-05,0
6662,31,2.4780037202030044e-05,0
19261,31,2.4780037202030044e-05,0
1958,31,2.4780037202030044e-05,0
9667,31,2.4780037202030044e-05,0
10724,31,2.4780037202030044e-05,0
14035,31,2.4780037202030044e-05,0
8413,31,2.4780037202030044e-05,0
13024,31,2.4780037202030044e-05,0
2484,31,2.4780037202030044e-05,0
14600,31,2.4780037202030044e-05,0
6634,31,2.4780037202030044e-05,0
4337,31,2.4780037202030044e-05,0
11001,31,2.4780037202030044e-05,0
19070,31,2.4780037202030044e-05,0
537,31,2.4780037202030044e-05,0
8881,31,2.4780037202030044e-05,0
455,31,2.4780037202030044e-05,0
5574,31,2.4780037202030044e-05,0
16330,31,2.4780037202030044e-05,0
20906,31,2.4780037202030044e-05,0
10090,31,2.4780037202030044e-05,0
9479,31,2.4780037202030044e-05,0
6395,31,2.4780037202030044e-05,0
10307,31,2.4780037202030044e-05,0
7177,31,2.4780037202030044e-05,0
9911,31,2.4780037202030044e-05,0
1808,31,2.4780037202030044e-05,0
16712,31,2.4780037202030044e-05,0
8124,31,2.4780037202030044e-05,0
2719,31,2.4780037202030044e-05,0
15925,31,2.4780037202030044e-05,0
4737,31,2.4780037202030044e-05,0
16563,31,2.4780037202030044e-05,0
2112,31,2.4780037202030044e-05,0
19239,31,2.4780037202030044e-05,0
3160,31,2.4780037202030044e-05,0
6119,31,2.4780037202030044e-05,0
4214,31,2.4780037202030044e-05,0
3711,31,2.4780037202030044e-05,0
7621,31,2.4780037202030044e-05,0
9782,31,2.4780037202030044e-05,0
4427,31,2.4780037202030044e-05,0
1109,31,2.4780037202030044e-05,0
16889,31,2.4780037202030044e-05,0
16362,31,2.4780037202030044e-05,0
16371,31,2.4780037202030044e-05,0
12453,31,2.4780037202030044e-05,0
9351,31,2.4780037202030044e-05,0
13532,31,2.4780037202030044e-05,0
1800,31,2.4780037202030044e-05,0
8610,31,2.4780037202030044e-05,0
2357,31,2.4780037202030044e-05,0
9315,31,2.4780037202030044e-05,0
6599,31,2.4780037202030044e-05,0
14748,31,2.4780037202030044e-05,0
5163,31,2.4780037202030044e-05,0
13678,31,2.4780037202030044e-05,0
4539,31,2.4780037202030044e-05,0
18152,31,2.4780037202030044e-05,0
12141,31,2.4780037202030044e-05,0
1900,31,2.4780037202030044e-05,0
19342,31,2.4780037202030044e-05,0
6998,31,2.4780037202030044e-05,0
5383,31,2.4780037202030044e-05,0
6890,31,2.4780037202030044e-05,0
5711,31,2.4780037202030044e-05,0
12038,31,2.4780037202030044e-05,0
6887,31,2.4780037202030044e-05,0
5184,31,2.4780037202030044e-05,0
11376,31,2.4780037202030044e-05,0
5497,31,2.4780037202030044e-05,0
20895,31,2.4780037202030044e-05,0
6946,31,2.4780037202030044e-05,0
5340,31,2.4780037202030044e-05,0
5343,31,2.4780037202030044e-05,0
8531,31,2.4780037202030044e-05,0
3813,31,2.4780037202030044e-05,0
16971,30,2.398068116325488e-05,0
3290,30,2.398068116325488e-05,0
15576,30,2.398068116325488e-05,0
14982,30,2.398068116325488e-05,0
12662,30,2.398068116325488e-05,0
5499,30,2.398068116325488e-05,0
9834,30,2.398068116325488e-05,0
103,30,2.398068116325488e-05,0
21232,30,2.398068116325488e-05,0
7808,30,2.398068116325488e-05,0
6546,30,2.398068116325488e-05,0
2752,30,2.398068116325488e-05,0
6881,30,2.398068116325488e-05,0
5399,30,2.398068116325488e-05,0
7828,30,2.398068116325488e-05,0
16191,30,2.398068116325488e-05,0
3603,30,2.398068116325488e-05,0
14373,30,2.398068116325488e-05,0
3249,30,2.398068116325488e-05,0
15501,30,2.398068116325488e-05,0
18227,30,2.398068116325488e-05,0
8960,30,2.398068116325488e-05,0
18814,30,2.398068116325488e-05,0
4426,30,2.398068116325488e-05,0
16960,30,2.398068116325488e-05,0
4840,30,2.398068116325488e-05,0
4206,30,2.398068116325488e-05,0
19269,30,2.398068116325488e-05,0
5235,30,2.398068116325488e-05,0
8164,30,2.398068116325488e-05,0
4707,30,2.398068116325488e-05,0
248,30,2.398068116325488e-05,0
7181,30,2.398068116325488e-05,0
3646,30,2.398068116325488e-05,0
9074,30,2.398068116325488e-05,0
18092,30,2.398068116325488e-05,0
7771,30,2.398068116325488e-05,0
6533,30,2.398068116325488e-05,0
2981,30,2.398068116325488e-05,0
9070,30,2.398068116325488e-05,0
5998,30,2.398068116325488e-05,0
9126,30,2.398068116325488e-05,0
18187,30,2.398068116325488e-05,0
429,30,2.398068116325488e-05,0
536,30,2.398068116325488e-05,0
8828,30,2.398068116325488e-05,0
11596,30,2.398068116325488e-05,0
11610,30,2.398068116325488e-05,0
9431,30,2.398068116325488e-05,0
9378,30,2.398068116325488e-05,0
7602,30,2.398068116325488e-05,0
11000,30,2.398068116325488e-05,0
6815,30,2.398068116325488e-05,0
8416,30,2.398068116325488e-05,0
8425,30,2.398068116325488e-05,0
2849,30,2.398068116325488e-05,0
2833,30,2.398068116325488e-05,0
3209,30,2.398068116325488e-05,0
8712,30,2.398068116325488e-05,0
6303,30,2.398068116325488e-05,0
17852,30,2.398068116325488e-05,0
4893,30,2.398068116325488e-05,0
17216,30,2.398068116325488e-05,0
2635,30,2.398068116325488e-05,0
5430,30,2.398068116325488e-05,0
8918,30,2.398068116325488e-05,0
3846,30,2.398068116325488e-05,0
1307,30,2.398068116325488e-05,0
3855,30,2.398068116325488e-05,0
10423,30,2.398068116325488e-05,0
5053,30,2.398068116325488e-05,0
8696,30,2.398068116325488e-05,0
4071,30,2.398068116325488e-05,0
4691,30,2.398068116325488e-05,0
4063,30,2.398068116325488e-05,0
4683,30,2.398068116325488e-05,0
9628,30,2.398068116325488e-05,0
2835,30,2.398068116325488e-05,0
18417,30,2.398068116325488e-05,0
3227,30,2.398068116325488e-05,0
10606,30,2.398068116325488e-05,0
10607,30,2.398068116325488e-05,0
13427,30,2.398068116325488e-05,0
9474,30,2.398068116325488e-05,0
12906,30,2.398068116325488e-05,0
6358,30,2.398068116325488e-05,0
10408,30,2.398068116325488e-05,0
13596,30,2.398068116325488e-05,0
3136,30,2.398068116325488e-05,0
16118,30,2.398068116325488e-05,0
6519,30,2.398068116325488e-05,0
4848,30,2.398068116325488e-05,0
11298,30,2.398068116325488e-05,0
13081,30,2.398068116325488e-05,0
6271,30,2.398068116325488e-05,0
2730,30,2.398068116325488e-05,0
9698,30,2.398068116325488e-05,0
446,30,2.398068116325488e-05,0
1591,30,2.398068116325488e-05,0
9316,30,2.398068116325488e-05,0
1511,30,2.398068116325488e-05,0
5562,30,2.398068116325488e-05,0
8938,30,2.398068116325488e-05,0
8083,30,2.398068116325488e-05,0
4250,30,2.398068116325488e-05,0
2389,30,2.398068116325488e-05,0
12186,30,2.398068116325488e-05,0
9833,30,2.398068116325488e-05,0
7168,30,2.398068116325488e-05,0
6831,30,2.398068116325488e-05,0
19814,30,2.398068116325488e-05,0
7289,30,2.398068116325488e-05,0
5845,30,2.398068116325488e-05,0
3171,30,2.398068116325488e-05,0
5237,30,2.398068116325488e-05,0
7386,30,2.398068116325488e-05,0
5627,30,2.398068116325488e-05,0
9552,30,2.398068116325488e-05,0
749,30,2.398068116325488e-05,0
5086,30,2.398068116325488e-05,0
790,30,2.398068116325488e-05,0
21046,30,2.398068116325488e-05,0
793,30,2.398068116325488e-05,0
10284,30,2.398068116325488e-05,0
11420,30,2.398068116325488e-05,0
7793,30,2.398068116325488e-05,0
5255,30,2.398068116325488e-05,0
21080,30,2.398068116325488e-05,0
283,30,2.398068116325488e-05,0
3949,30,2.398068116325488e-05,0
5607,30,2.398068116325488e-05,0
2954,30,2.398068116325488e-05,0
1217,30,2.398068116325488e-05,0
12958,30,2.398068116325488e-05,0
530,30,2.398068116325488e-05,0
559,30,2.398068116325488e-05,0
3303,30,2.398068116325488e-05,0
19532,30,2.398068116325488e-05,0
9989,30,2.398068116325488e-05,0
18981,30,2.398068116325488e-05,0
8283,30,2.398068116325488e-05,0
12997,30,2.398068116325488e-05,0
2697,30,2.398068116325488e-05,0
8651,30,2.398068116325488e-05,0
8654,30,2.398068116325488e-05,0
1388,30,2.398068116325488e-05,0
5307,30,2.398068116325488e-05,0
7154,30,2.398068116325488e-05,0
1064,30,2.398068116325488e-05,0
5422,30,2.398068116325488e-05,0
11212,30,2.398068116325488e-05,0
3391,30,2.398068116325488e-05,0
3345,30,2.398068116325488e-05,0
20126,30,2.398068116325488e-05,0
4315,30,2.398068116325488e-05,0
14949,30,2.398068116325488e-05,0
4979,30,2.398068116325488e-05,0
4980,30,2.398068116325488e-05,0
20720,30,2.398068116325488e-05,0
6953,30,2.398068116325488e-05,0
14171,30,2.398068116325488e-05,0
6228,30,2.398068116325488e-05,0
4670,30,2.398068116325488e-05,0
21213,30,2.398068116325488e-05,0
2396,30,2.398068116325488e-05,0
6913,30,2.398068116325488e-05,0
3543,29,2.3181325124479717e-05,0
254,29,2.3181325124479717e-05,0
1139,29,2.3181325124479717e-05,0
14120,29,2.3181325124479717e-05,0
11899,29,2.3181325124479717e-05,0
216,29,2.3181325124479717e-05,0
7047,29,2.3181325124479717e-05,0
1893,29,2.3181325124479717e-05,0
4553,29,2.3181325124479717e-05,0
153,29,2.3181325124479717e-05,0
8545,29,2.3181325124479717e-05,0
3239,29,2.3181325124479717e-05,0
15153,29,2.3181325124479717e-05,0
9346,29,2.3181325124479717e-05,0
9354,29,2.3181325124479717e-05,0
7603,29,2.3181325124479717e-05,0
7590,29,2.3181325124479717e-05,0
5560,29,2.3181325124479717e-05,0
16391,29,2.3181325124479717e-05,0
9271,29,2.3181325124479717e-05,0
10219,29,2.3181325124479717e-05,0
9374,29,2.3181325124479717e-05,0
11195,29,2.3181325124479717e-05,0
5187,29,2.3181325124479717e-05,0
16053,29,2.3181325124479717e-05,0
8970,29,2.3181325124479717e-05,0
6062,29,2.3181325124479717e-05,0
8973,29,2.3181325124479717e-05,0
5916,29,2.3181325124479717e-05,0
809,29,2.3181325124479717e-05,0
8111,29,2.3181325124479717e-05,0
12467,29,2.3181325124479717e-05,0
9407,29,2.3181325124479717e-05,0
1562,29,2.3181325124479717e-05,0
4764,29,2.3181325124479717e-05,0
10451,29,2.3181325124479717e-05,0
10452,29,2.3181325124479717e-05,0
3365,29,2.3181325124479717e-05,0
3858,29,2.3181325124479717e-05,0
3111,29,2.3181325124479717e-05,0
19227,29,2.3181325124479717e-05,0
5437,29,2.3181325124479717e-05,0
3156,29,2.3181325124479717e-05,0
3433,29,2.3181325124479717e-05,0
17202,29,2.3181325124479717e-05,0
3431,29,2.3181325124479717e-05,0
7493,29,2.3181325124479717e-05,0
7448,29,2.3181325124479717e-05,0
1639,29,2.3181325124479717e-05,0
328,29,2.3181325124479717e-05,0
12356,29,2.3181325124479717e-05,0
4497,29,2.3181325124479717e-05,0
6724,29,2.3181325124479717e-05,0
4916,29,2.3181325124479717e-05,0
8829,29,2.3181325124479717e-05,0
6378,29,2.3181325124479717e-05,0
7459,29,2.3181325124479717e-05,0
2676,29,2.3181325124479717e-05,0
4374,29,2.3181325124479717e-05,0
7431,29,2.3181325124479717e-05,0
7389,29,2.3181325124479717e-05,0
4708,29,2.3181325124479717e-05,0
8168,29,2.3181325124479717e-05,0
15231,29,2.3181325124479717e-05,0
17926,29,2.3181325124479717e-05,0
392,29,2.3181325124479717e-05,0
11296,29,2.3181325124479717e-05,0
12757,29,2.3181325124479717e-05,0
3089,29,2.3181325124479717e-05,0
3676,29,2.3181325124479717e-05,0
17181,29,2.3181325124479717e-05,0
10062,29,2.3181325124479717e-05,0
7424,29,2.3181325124479717e-05,0
10071,29,2.3181325124479717e-05,0
12907,29,2.3181325124479717e-05,0
1353,29,2.3181325124479717e-05,0
6743,29,2.3181325124479717e-05,0
12344,29,2.3181325124479717e-05,0
14499,29,2.3181325124479717e-05,0
4414,29,2.3181325124479717e-05,0
5624,29,2.3181325124479717e-05,0
3310,29,2.3181325124479717e-05,0
19775,29,2.3181325124479717e-05,0
1486,29,2.3181325124479717e-05,0
6403,29,2.3181325124479717e-05,0
3954,29,2.3181325124479717e-05,0
10637,29,2.3181325124479717e-05,0
4613,29,2.3181325124479717e-05,0
9543,29,2.3181325124479717e-05,0
9534,29,2.3181325124479717e-05,0
17144,29,2.3181325124479717e-05,0
1168,29,2.3181325124479717e-05,0
9581,29,2.3181325124479717e-05,0
550,29,2.3181325124479717e-05,0
4625,29,2.3181325124479717e-05,0
2949,29,2.3181325124479717e-05,0
9245,29,2.3181325124479717e-05,0
6488,29,2.3181325124479717e-05,0
6469,29,2.3181325124479717e-05,0
3040,29,2.3181325124479717e-05,0
923,29,2.3181325124479717e-05,0
929,29,2.3181325124479717e-05,0
11444,29,2.3181325124479717e-05,0
20990,29,2.3181325124479717e-05,0
4268,29,2.3181325124479717e-05,0
2910,29,2.3181325124479717e-05,0
7338,29,2.3181325124479717e-05,0
286,29,2.3181325124479717e-05,0
5079,29,2.3181325124479717e-05,0
11738,29,2.3181325124479717e-05,0
4947,29,2.3181325124479717e-05,0
3178,29,2.3181325124479717e-05,0
708,29,2.3181325124479717e-05,0
19013,29,2.3181325124479717e-05,0
675,29,2.3181325124479717e-05,0
6153,29,2.3181325124479717e-05,0
4628,29,2.3181325124479717e-05,0
7286,29,2.3181325124479717e-05,0
7241,29,2.3181325124479717e-05,0
11034,29,2.3181325124479717e-05,0
3516,29,2.3181325124479717e-05,0
7255,29,2.3181325124479717e-05,0
14416,29,2.3181325124479717e-05,0
3220,29,2.3181325124479717e-05,0
8372,29,2.3181325124479717e-05,0
8743,29,2.3181325124479717e-05,0
4534,29,2.3181325124479717e-05,0
6799,29,2.3181325124479717e-05,0
1791,29,2.3181325124479717e-05,0
3619,29,2.3181325124479717e-05,0
11800,29,2.3181325124479717e-05,0
7233,29,2.3181325124479717e-05,0
7222,29,2.3181325124479717e-05,0
7221,29,2.3181325124479717e-05,0
3627,29,2.3181325124479717e-05,0
12249,29,2.3181325124479717e-05,0
6282,29,2.3181325124479717e-05,0
2497,29,2.3181325124479717e-05,0
15406,29,2.3181325124479717e-05,0
10718,29,2.3181325124479717e-05,0
5366,29,2.3181325124479717e-05,0
9673,29,2.3181325124479717e-05,0
9933,29,2.3181325124479717e-05,0
672,29,2.3181325124479717e-05,0
8445,29,2.3181325124479717e-05,0
13042,29,2.3181325124479717e-05,0
5662,29,2.3181325124479717e-05,0
4462,29,2.3181325124479717e-05,0
1079,29,2.3181325124479717e-05,0
9692,29,2.3181325124479717e-05,0
2404,29,2.3181325124479717e-05,0
2463,29,2.3181325124479717e-05,0
14090,29,2.3181325124479717e-05,0
18961,29,2.3181325124479717e-05,0
8469,29,2.3181325124479717e-05,0
10943,29,2.3181325124479717e-05,0
10747,29,2.3181325124479717e-05,0
6843,29,2.3181325124479717e-05,0
7071,29,2.3181325124479717e-05,0
9862,29,2.3181325124479717e-05,0
9718,29,2.3181325124479717e-05,0
14268,29,2.3181325124479717e-05,0
19867,29,2.3181325124479717e-05,0
2374,29,2.3181325124479717e-05,0
14360,29,2.3181325124479717e-05,0
14381,29,2.3181325124479717e-05,0
10300,29,2.3181325124479717e-05,0
4528,29,2.3181325124479717e-05,0
11371,29,2.3181325124479717e-05,0
5491,29,2.3181325124479717e-05,0
5331,29,2.3181325124479717e-05,0
10830,29,2.3181325124479717e-05,0
5335,29,2.3181325124479717e-05,0
6910,29,2.3181325124479717e-05,0
1843,29,2.3181325124479717e-05,0
16928,29,2.3181325124479717e-05,0
5722,29,2.3181325124479717e-05,0
11939,28,2.2381969085704558e-05,0
1890,28,2.2381969085704558e-05,0
12017,28,2.2381969085704558e-05,0
19414,28,2.2381969085704558e-05,0
19379,28,2.2381969085704558e-05,0
11938,28,2.2381969085704558e-05,0
6899,28,2.2381969085704558e-05,0
67,28,2.2381969085704558e-05,0
8546,28,2.2381969085704558e-05,0
5672,28,2.2381969085704558e-05,0
13868,28,2.2381969085704558e-05,0
10121,28,2.2381969085704558e-05,0
6695,28,2.2381969085704558e-05,0
8167,28,2.2381969085704558e-05,0
10571,28,2.2381969085704558e-05,0
2520,28,2.2381969085704558e-05,0
8903,28,2.2381969085704558e-05,0
3454,28,2.2381969085704558e-05,0
6383,28,2.2381969085704558e-05,0
460,28,2.2381969085704558e-05,0
10949,28,2.2381969085704558e-05,0
10939,28,2.2381969085704558e-05,0
2778,28,2.2381969085704558e-05,0
2328,28,2.2381969085704558e-05,0
11331,28,2.2381969085704558e-05,0
3782,28,2.2381969085704558e-05,0
13197,28,2.2381969085704558e-05,0
7124,28,2.2381969085704558e-05,0
20912,28,2.2381969085704558e-05,0
16317,28,2.2381969085704558e-05,0
6006,28,2.2381969085704558e-05,0
8483,28,2.2381969085704558e-05,0
13185,28,2.2381969085704558e-05,0
8240,28,2.2381969085704558e-05,0
6362,28,2.2381969085704558e-05,0
8154,28,2.2381969085704558e-05,0
8155,28,2.2381969085704558e-05,0
13952,28,2.2381969085704558e-05,0
8091,28,2.2381969085704558e-05,0
1640,28,2.2381969085704558e-05,0
8214,28,2.2381969085704558e-05,0
8096,28,2.2381969085704558e-05,0
15962,28,2.2381969085704558e-05,0
11130,28,2.2381969085704558e-05,0
4499,28,2.2381969085704558e-05,0
13477,28,2.2381969085704558e-05,0
2478,28,2.2381969085704558e-05,0
14534,28,2.2381969085704558e-05,0
5910,28,2.2381969085704558e-05,0
5955,28,2.2381969085704558e-05,0
953,28,2.2381969085704558e-05,0
11448,28,2.2381969085704558e-05,0
4788,28,2.2381969085704558e-05,0
20773,28,2.2381969085704558e-05,0
9652,28,2.2381969085704558e-05,0
3061,28,2.2381969085704558e-05,0
3035,28,2.2381969085704558e-05,0
3038,28,2.2381969085704558e-05,0
11255,28,2.2381969085704558e-05,0
2034,28,2.2381969085704558e-05,0
11251,28,2.2381969085704558e-05,0
16174,28,2.2381969085704558e-05,0
10242,28,2.2381969085704558e-05,0
4596,28,2.2381969085704558e-05,0
4070,28,2.2381969085704558e-05,0
2403,28,2.2381969085704558e-05,0
3203,28,2.2381969085704558e-05,0
3207,28,2.2381969085704558e-05,0
4161,28,2.2381969085704558e-05,0
9912,28,2.2381969085704558e-05,0
761,28,2.2381969085704558e-05,0
15295,28,2.2381969085704558e-05,0
5619,28,2.2381969085704558e-05,0
5071,28,2.2381969085704558e-05,0
6742,28,2.2381969085704558e-05,0
2061,28,2.2381969085704558e-05,0
5247,28,2.2381969085704558e-05,0
8013,28,2.2381969085704558e-05,0
11215,28,2.2381969085704558e-05,0
11180,28,2.2381969085704558e-05,0
10640,28,2.2381969085704558e-05,0
11070,28,2.2381969085704558e-05,0
5546,28,2.2381969085704558e-05,0
9379,28,2.2381969085704558e-05,0
7362,28,2.2381969085704558e-05,0
7370,28,2.2381969085704558e-05,0
16592,28,2.2381969085704558e-05,0
9577,28,2.2381969085704558e-05,0
9578,28,2.2381969085704558e-05,0
12546,28,2.2381969085704558e-05,0
5368,28,2.2381969085704558e-05,0
15731,28,2.2381969085704558e-05,0
3769,28,2.2381969085704558e-05,0
12558,28,2.2381969085704558e-05,0
13755,28,2.2381969085704558e-05,0
932,28,2.2381969085704558e-05,0
11286,28,2.2381969085704558e-05,0
9017,28,2.2381969085704558e-05,0
2221,28,2.2381969085704558e-05,0
10906,28,2.2381969085704558e-05,0
9930,28,2.2381969085704558e-05,0
4046,28,2.2381969085704558e-05,0
6304,28,2.2381969085704558e-05,0
8292,28,2.2381969085704558e-05,0
5082,28,2.2381969085704558e-05,0
10208,28,2.2381969085704558e-05,0
10229,28,2.2381969085704558e-05,0
8952,28,2.2381969085704558e-05,0
8995,28,2.2381969085704558e-05,0
8964,28,2.2381969085704558e-05,0
6065,28,2.2381969085704558e-05,0
7589,28,2.2381969085704558e-05,0
21061,28,2.2381969085704558e-05,0
21069,28,2.2381969085704558e-05,0
12298,28,2.2381969085704558e-05,0
5077,28,2.2381969085704558e-05,0
4948,28,2.2381969085704558e-05,0
13262,28,2.2381969085704558e-05,0
13250,28,2.2381969085704558e-05,0
12266,28,2.2381969085704558e-05,0
10667,28,2.2381969085704558e-05,0
2624,28,2.2381969085704558e-05,0
6070,28,2.2381969085704558e-05,0
6083,28,2.2381969085704558e-05,0
4703,28,2.2381969085704558e-05,0
13571,28,2.2381969085704558e-05,0
3129,28,2.2381969085704558e-05,0
1251,28,2.2381969085704558e-05,0
8737,28,2.2381969085704558e-05,0
2877,28,2.2381969085704558e-05,0
2828,28,2.2381969085704558e-05,0
1421,28,2.2381969085704558e-05,0
5261,28,2.2381969085704558e-05,0
11064,28,2.2381969085704558e-05,0
4010,28,2.2381969085704558e-05,0
12756,28,2.2381969085704558e-05,0
15125,28,2.2381969085704558e-05,0
15118,28,2.2381969085704558e-05,0
8329,28,2.2381969085704558e-05,0
9306,28,2.2381969085704558e-05,0
13723,28,2.2381969085704558e-05,0
4761,28,2.2381969085704558e-05,0
19957,28,2.2381969085704558e-05,0
9983,28,2.2381969085704558e-05,0
5850,28,2.2381969085704558e-05,0
21079,28,2.2381969085704558e-05,0
3983,28,2.2381969085704558e-05,0
3788,28,2.2381969085704558e-05,0
18126,28,2.2381969085704558e-05,0
16976,28,2.2381969085704558e-05,0
1175,28,2.2381969085704558e-05,0
1867,28,2.2381969085704558e-05,0
3571,28,2.2381969085704558e-05,0
5600,28,2.2381969085704558e-05,0
3278,28,2.2381969085704558e-05,0
13161,28,2.2381969085704558e-05,0
7091,28,2.2381969085704558e-05,0
9428,28,2.2381969085704558e-05,0
12388,28,2.2381969085704558e-05,0
427,28,2.2381969085704558e-05,0
4914,28,2.2381969085704558e-05,0
11609,28,2.2381969085704558e-05,0
14895,28,2.2381969085704558e-05,0
3809,28,2.2381969085704558e-05,0
18446,28,2.2381969085704558e-05,0
3820,28,2.2381969085704558e-05,0
17293,28,2.2381969085704558e-05,0
5185,28,2.2381969085704558e-05,0
3824,28,2.2381969085704558e-05,0
8521,28,2.2381969085704558e-05,0
8615,28,2.2381969085704558e-05,0
10740,28,2.2381969085704558e-05,0
8570,28,2.2381969085704558e-05,0
6855,27,2.1582613046929394e-05,0
8512,27,2.1582613046929394e-05,0
8513,27,2.1582613046929394e-05,0
15503,27,2.1582613046929394e-05,0
6212,27,2.1582613046929394e-05,0
12134,27,2.1582613046929394e-05,0
2007,27,2.1582613046929394e-05,0
3395,27,2.1582613046929394e-05,0
7873,27,2.1582613046929394e-05,0
7728,27,2.1582613046929394e-05,0
13638,27,2.1582613046929394e-05,0
5490,27,2.1582613046929394e-05,0
2993,27,2.1582613046929394e-05,0
20049,27,2.1582613046929394e-05,0
19178,27,2.1582613046929394e-05,0
6017,27,2.1582613046929394e-05,0
18148,27,2.1582613046929394e-05,0
7823,27,2.1582613046929394e-05,0
7819,27,2.1582613046929394e-05,0
17696,27,2.1582613046929394e-05,0
10773,27,2.1582613046929394e-05,0
2644,27,2.1582613046929394e-05,0
14699,27,2.1582613046929394e-05,0
11643,27,2.1582613046929394e-05,0
13835,27,2.1582613046929394e-05,0
9853,27,2.1582613046929394e-05,0
19872,27,2.1582613046929394e-05,0
212,27,2.1582613046929394e-05,0
2746,27,2.1582613046929394e-05,0
1870,27,2.1582613046929394e-05,0
1871,27,2.1582613046929394e-05,0
7084,27,2.1582613046929394e-05,0
17054,27,2.1582613046929394e-05,0
3574,27,2.1582613046929394e-05,0
4570,27,2.1582613046929394e-05,0
18139,27,2.1582613046929394e-05,0
107,27,2.1582613046929394e-05,0
6888,27,2.1582613046929394e-05,0
4022,27,2.1582613046929394e-05,0
8320,27,2.1582613046929394e-05,0
15788,27,2.1582613046929394e-05,0
10250,27,2.1582613046929394e-05,0
10255,27,2.1582613046929394e-05,0
4546,27,2.1582613046929394e-05,0
11231,27,2.1582613046929394e-05,0
12752,27,2.1582613046929394e-05,0
12766,27,2.1582613046929394e-05,0
7952,27,2.1582613046929394e-05,0
7953,27,2.1582613046929394e-05,0
5201,27,2.1582613046929394e-05,0
8331,27,2.1582613046929394e-05,0
2908,27,2.1582613046929394e-05,0
8294,27,2.1582613046929394e-05,0
8264,27,2.1582613046929394e-05,0
15354,27,2.1582613046929394e-05,0
3228,27,2.1582613046929394e-05,0
15429,27,2.1582613046929394e-05,0
12260,27,2.1582613046929394e-05,0
7250,27,2.1582613046929394e-05,0
6819,27,2.1582613046929394e-05,0
18608,27,2.1582613046929394e-05,0
2262,27,2.1582613046929394e-05,0
3117,27,2.1582613046929394e-05,0
373,27,2.1582613046929394e-05,0
21011,27,2.1582613046929394e-05,0
5130,27,2.1582613046929394e-05,0
12488,27,2.1582613046929394e-05,0
5151,27,2.1582613046929394e-05,0
6160,27,2.1582613046929394e-05,0
6772,27,2.1582613046929394e-05,0
7300,27,2.1582613046929394e-05,0
6766,27,2.1582613046929394e-05,0
287,27,2.1582613046929394e-05,0
288,27,2.1582613046929394e-05,0
5060,27,2.1582613046929394e-05,0
4954,27,2.1582613046929394e-05,0
17959,27,2.1582613046929394e-05,0
2244,27,2.1582613046929394e-05,0
18682,27,2.1582613046929394e-05,0
9352,27,2.1582613046929394e-05,0
18247,27,2.1582613046929394e-05,0
10213,27,2.1582613046929394e-05,0
3732,27,2.1582613046929394e-05,0
16364,27,2.1582613046929394e-05,0
6622,27,2.1582613046929394e-05,0
5252,27,2.1582613046929394e-05,0
4938,27,2.1582613046929394e-05,0
1715,27,2.1582613046929394e-05,0
3201,27,2.1582613046929394e-05,0
3172,27,2.1582613046929394e-05,0
4035,27,2.1582613046929394e-05,0
1435,27,2.1582613046929394e-05,0
14006,27,2.1582613046929394e-05,0
9955,27,2.1582613046929394e-05,0
11729,27,2.1582613046929394e-05,0
3853,27,2.1582613046929394e-05,0
3112,27,2.1582613046929394e-05,0
2088,27,2.1582613046929394e-05,0
9064,27,2.1582613046929394e-05,0
3842,27,2.1582613046929394e-05,0
6565,27,2.1582613046929394e-05,0
7708,27,2.1582613046929394e-05,0
9278,27,2.1582613046929394e-05,0
9267,27,2.1582613046929394e-05,0
10726,27,2.1582613046929394e-05,0
6284,27,2.1582613046929394e-05,0
12247,27,2.1582613046929394e-05,0
9999,27,2.1582613046929394e-05,0
7367,27,2.1582613046929394e-05,0
3329,27,2.1582613046929394e-05,0
13984,27,2.1582613046929394e-05,0
12460,27,2.1582613046929394e-05,0
19999,27,2.1582613046929394e-05,0
1329,27,2.1582613046929394e-05,0
9404,27,2.1582613046929394e-05,0
8065,27,2.1582613046929394e-05,0
17489,27,2.1582613046929394e-05,0
17499,27,2.1582613046929394e-05,0
8001,27,2.1582613046929394e-05,0
12927,27,2.1582613046929394e-05,0
2064,27,2.1582613046929394e-05,0
2320,27,2.1582613046929394e-05,0
9950,27,2.1582613046929394e-05,0
12214,27,2.1582613046929394e-05,0
7912,27,2.1582613046929394e-05,0
6489,27,2.1582613046929394e-05,0
1237,27,2.1582613046929394e-05,0
16321,27,2.1582613046929394e-05,0
3763,27,2.1582613046929394e-05,0
872,27,2.1582613046929394e-05,0
9240,27,2.1582613046929394e-05,0
9251,27,2.1582613046929394e-05,0
2001,27,2.1582613046929394e-05,0
10177,27,2.1582613046929394e-05,0
5950,27,2.1582613046929394e-05,0
19585,27,2.1582613046929394e-05,0
5118,27,2.1582613046929394e-05,0
433,27,2.1582613046929394e-05,0
12870,27,2.1582613046929394e-05,0
6093,27,2.1582613046929394e-05,0
5094,27,2.1582613046929394e-05,0
6661,27,2.1582613046929394e-05,0
8157,27,2.1582613046929394e-05,0
8205,27,2.1582613046929394e-05,0
8234,27,2.1582613046929394e-05,0
7412,27,2.1582613046929394e-05,0
14535,27,2.1582613046929394e-05,0
20367,27,2.1582613046929394e-05,0
8657,27,2.1582613046929394e-05,0
8460,27,2.1582613046929394e-05,0
13087,27,2.1582613046929394e-05,0
4067,27,2.1582613046929394e-05,0
8642,27,2.1582613046929394e-05,0
13183,27,2.1582613046929394e-05,0
5661,27,2.1582613046929394e-05,0
2161,27,2.1582613046929394e-05,0
7884,27,2.1582613046929394e-05,0
5480,27,2.1582613046929394e-05,0
5482,27,2.1582613046929394e-05,0
10350,27,2.1582613046929394e-05,0
12621,27,2.1582613046929394e-05,0
7770,27,2.1582613046929394e-05,0
18090,27,2.1582613046929394e-05,0
2979,27,2.1582613046929394e-05,0
4541,27,2.1582613046929394e-05,0
10315,27,2.1582613046929394e-05,0
5161,27,2.1582613046929394e-05,0
14587,27,2.1582613046929394e-05,0
3151,27,2.1582613046929394e-05,0
2297,27,2.1582613046929394e-05,0
12883,27,2.1582613046929394e-05,0
20841,27,2.1582613046929394e-05,0
7473,27,2.1582613046929394e-05,0
11620,27,2.1582613046929394e-05,0
14665,27,2.1582613046929394e-05,0
262,27,2.1582613046929394e-05,0
16407,27,2.1582613046929394e-05,0
3685,27,2.1582613046929394e-05,0
6753,27,2.1582613046929394e-05,0
13420,27,2.1582613046929394e-05,0
6129,27,2.1582613046929394e-05,0
11663,27,2.1582613046929394e-05,0
11113,27,2.1582613046929394e-05,0
10085,27,2.1582613046929394e-05,0
2666,27,2.1582613046929394e-05,0
2941,27,2.1582613046929394e-05,0
8119,27,2.1582613046929394e-05,0
11118,27,2.1582613046929394e-05,0
15225,27,2.1582613046929394e-05,0
5753,27,2.1582613046929394e-05,0
3282,27,2.1582613046929394e-05,0
3237,27,2.1582613046929394e-05,0
8544,27,2.1582613046929394e-05,0
18468,27,2.1582613046929394e-05,0
16983,27,2.1582613046929394e-05,0
5723,26,2.078325700815423e-05,0
11962,26,2.078325700815423e-05,0
14123,26,2.078325700815423e-05,0
5726,26,2.078325700815423e-05,0
19435,26,2.078325700815423e-05,0
9149,26,2.078325700815423e-05,0
9121,26,2.078325700815423e-05,0
14917,26,2.078325700815423e-05,0
7842,26,2.078325700815423e-05,0
11374,26,2.078325700815423e-05,0
1177,26,2.078325700815423e-05,0
7821,26,2.078325700815423e-05,0
12663,26,2.078325700815423e-05,0
3752,26,2.078325700815423e-05,0
9148,26,2.078325700815423e-05,0
2311,26,2.078325700815423e-05,0
5298,26,2.078325700815423e-05,0
15637,26,2.078325700815423e-05,0
15639,26,2.078325700815423e-05,0
4452,26,2.078325700815423e-05,0
18568,26,2.078325700815423e-05,0
6848,26,2.078325700815423e-05,0
2040,26,2.078325700815423e-05,0
11805,26,2.078325700815423e-05,0
15684,26,2.078325700815423e-05,0
12878,26,2.078325700815423e-05,0
820,26,2.078325700815423e-05,0
17886,26,2.078325700815423e-05,0
12904,26,2.078325700815423e-05,0
12910,26,2.078325700815423e-05,0
2659,26,2.078325700815423e-05,0
5870,26,2.078325700815423e-05,0
7449,26,2.078325700815423e-05,0
11664,26,2.078325700815423e-05,0
6720,26,2.078325700815423e-05,0
10582,26,2.078325700815423e-05,0
8116,26,2.078325700815423e-05,0
4506,26,2.078325700815423e-05,0
2684,26,2.078325700815423e-05,0
11632,26,2.078325700815423e-05,0
6686,26,2.078325700815423e-05,0
4220,26,2.078325700815423e-05,0
13938,26,2.078325700815423e-05,0
10081,26,2.078325700815423e-05,0
7404,26,2.078325700815423e-05,0
7496,26,2.078325700815423e-05,0
16500,26,2.078325700815423e-05,0
10128,26,2.078325700815423e-05,0
7347,26,2.078325700815423e-05,0
7514,26,2.078325700815423e-05,0
16513,26,2.078325700815423e-05,0
6725,26,2.078325700815423e-05,0
6365,26,2.078325700815423e-05,0
15895,26,2.078325700815423e-05,0
3936,26,2.078325700815423e-05,0
6751,26,2.078325700815423e-05,0
4889,26,2.078325700815423e-05,0
19584,26,2.078325700815423e-05,0
19257,26,2.078325700815423e-05,0
7881,26,2.078325700815423e-05,0
5658,26,2.078325700815423e-05,0
5957,26,2.078325700815423e-05,0
3834,26,2.078325700815423e-05,0
10763,26,2.078325700815423e-05,0
6273,26,2.078325700815423e-05,0
8409,26,2.078325700815423e-05,0
2729,26,2.078325700815423e-05,0
9932,26,2.078325700815423e-05,0
5046,26,2.078325700815423e-05,0
2048,26,2.078325700815423e-05,0
10737,26,2.078325700815423e-05,0
9524,26,2.078325700815423e-05,0
13480,26,2.078325700815423e-05,0
814,26,2.078325700815423e-05,0
10161,26,2.078325700815423e-05,0
5115,26,2.078325700815423e-05,0
5248,26,2.078325700815423e-05,0
11546,26,2.078325700815423e-05,0
11563,26,2.078325700815423e-05,0
11556,26,2.078325700815423e-05,0
7546,26,2.078325700815423e-05,0
13490,26,2.078325700815423e-05,0
1687,26,2.078325700815423e-05,0
7434,26,2.078325700815423e-05,0
7438,26,2.078325700815423e-05,0
7433,26,2.078325700815423e-05,0
6353,26,2.078325700815423e-05,0
6368,26,2.078325700815423e-05,0
870,26,2.078325700815423e-05,0
4593,26,2.078325700815423e-05,0
9092,26,2.078325700815423e-05,0
6473,26,2.078325700815423e-05,0
4472,26,2.078325700815423e-05,0
2832,26,2.078325700815423e-05,0
7678,26,2.078325700815423e-05,0
9243,26,2.078325700815423e-05,0
4791,26,2.078325700815423e-05,0
10935,26,2.078325700815423e-05,0
4047,26,2.078325700815423e-05,0
8412,26,2.078325700815423e-05,0
3628,26,2.078325700815423e-05,0
7226,26,2.078325700815423e-05,0
16719,26,2.078325700815423e-05,0
6798,26,2.078325700815423e-05,0
9382,26,2.078325700815423e-05,0
4875,26,2.078325700815423e-05,0
1651,26,2.078325700815423e-05,0
3317,26,2.078325700815423e-05,0
1169,26,2.078325700815423e-05,0
11125,26,2.078325700815423e-05,0
16001,26,2.078325700815423e-05,0
1322,26,2.078325700815423e-05,0
4258,26,2.078325700815423e-05,0
627,26,2.078325700815423e-05,0
1531,26,2.078325700815423e-05,0
11181,26,2.078325700815423e-05,0
13393,26,2.078325700815423e-05,0
1484,26,2.078325700815423e-05,0
4770,26,2.078325700815423e-05,0
4743,26,2.078325700815423e-05,0
7891,26,2.078325700815423e-05,0
16360,26,2.078325700815423e-05,0
8394,26,2.078325700815423e-05,0
2964,26,2.078325700815423e-05,0
1225,26,2.078325700815423e-05,0
3106,26,2.078325700815423e-05,0
9058,26,2.078325700815423e-05,0
6023,26,2.078325700815423e-05,0
3510,26,2.078325700815423e-05,0
3226,26,2.078325700815423e-05,0
20637,26,2.078325700815423e-05,0
665,26,2.078325700815423e-05,0
9276,26,2.078325700815423e-05,0
14394,26,2.078325700815423e-05,0
12229,26,2.078325700815423e-05,0
11163,26,2.078325700815423e-05,0
11752,26,2.078325700815423e-05,0
6653,26,2.078325700815423e-05,0
3700,26,2.078325700815423e-05,0
7611,26,2.078325700815423e-05,0
17866,26,2.078325700815423e-05,0
8786,26,2.078325700815423e-05,0
11015,26,2.078325700815423e-05,0
1472,26,2.078325700815423e-05,0
19004,26,2.078325700815423e-05,0
5265,26,2.078325700815423e-05,0
6604,26,2.078325700815423e-05,0
1002,26,2.078325700815423e-05,0
17140,26,2.078325700815423e-05,0
1704,26,2.078325700815423e-05,0
5080,26,2.078325700815423e-05,0
7974,26,2.078325700815423e-05,0
13544,26,2.078325700815423e-05,0
1268,26,2.078325700815423e-05,0
8976,26,2.078325700815423e-05,0
7694,26,2.078325700815423e-05,0
4849,26,2.078325700815423e-05,0
21017,26,2.078325700815423e-05,0
18761,26,2.078325700815423e-05,0
6163,26,2.078325700815423e-05,0
6149,26,2.078325700815423e-05,0
15360,26,2.078325700815423e-05,0
4687,26,2.078325700815423e-05,0
2694,26,2.078325700815423e-05,0
10009,26,2.078325700815423e-05,0
2854,26,2.078325700815423e-05,0
6762,26,2.078325700815423e-05,0
6775,26,2.078325700815423e-05,0
3469,26,2.078325700815423e-05,0
9323,26,2.078325700815423e-05,0
1158,26,2.078325700815423e-05,0
14034,26,2.078325700815423e-05,0
5209,26,2.078325700815423e-05,0
6448,26,2.078325700815423e-05,0
16081,26,2.078325700815423e-05,0
3388,26,2.078325700815423e-05,0
4545,26,2.078325700815423e-05,0
19817,26,2.078325700815423e-05,0
18993,26,2.078325700815423e-05,0
1414,26,2.078325700815423e-05,0
8325,26,2.078325700815423e-05,0
8979,26,2.078325700815423e-05,0
2077,26,2.078325700815423e-05,0
280,26,2.078325700815423e-05,0
281,26,2.078325700815423e-05,0
279,26,2.078325700815423e-05,0
11066,26,2.078325700815423e-05,0
116,26,2.078325700815423e-05,0
82,26,2.078325700815423e-05,0
1841,26,2.078325700815423e-05,0
16974,26,2.078325700815423e-05,0
5669,26,2.078325700815423e-05,0
12147,26,2.078325700815423e-05,0
6880,26,2.078325700815423e-05,0
10824,26,2.078325700815423e-05,0
18492,26,2.078325700815423e-05,0
13163,26,2.078325700815423e-05,0
19882,26,2.078325700815423e-05,0
8517,26,2.078325700815423e-05,0
2780,26,2.078325700815423e-05,0
1078,26,2.078325700815423e-05,0
7120,26,2.078325700815423e-05,0
10793,26,2.078325700815423e-05,0
4991,26,2.078325700815423e-05,0
249,26,2.078325700815423e-05,0
3241,26,2.078325700815423e-05,0
7066,26,2.078325700815423e-05,0
1186,26,2.078325700815423e-05,0
14220,26,2.078325700815423e-05,0
7034,26,2.078325700815423e-05,0
5703,26,2.078325700815423e-05,0
3803,26,2.078325700815423e-05,0
9191,26,2.078325700815423e-05,0
7078,26,2.078325700815423e-05,0
12057,26,2.078325700815423e-05,0
19856,26,2.078325700815423e-05,0
6962,26,2.078325700815423e-05,0
48,26,2.078325700815423e-05,0
8555,25,1.9983900969379067e-05,0
21219,25,1.9983900969379067e-05,0
21269,25,1.9983900969379067e-05,0
6957,25,1.9983900969379067e-05,0
7011,25,1.9983900969379067e-05,0
7806,25,1.9983900969379067e-05,0
9195,25,1.9983900969379067e-05,0
7082,25,1.9983900969379067e-05,0
7083,25,1.9983900969379067e-05,0
3584,25,1.9983900969379067e-05,0
7061,25,1.9983900969379067e-05,0
1912,25,1.9983900969379067e-05,0
9865,25,1.9983900969379067e-05,0
8595,25,1.9983900969379067e-05,0
15537,25,1.9983900969379067e-05,0
3251,25,1.9983900969379067e-05,0
6121,25,1.9983900969379067e-05,0
3609,25,1.9983900969379067e-05,0
3612,25,1.9983900969379067e-05,0
3598,25,1.9983900969379067e-05,0
10820,25,1.9983900969379067e-05,0
6187,25,1.9983900969379067e-05,0
19857,25,1.9983900969379067e-05,0
6233,25,1.9983900969379067e-05,0
6213,25,1.9983900969379067e-05,0
9822,25,1.9983900969379067e-05,0
10864,25,1.9983900969379067e-05,0
3289,25,1.9983900969379067e-05,0
13129,25,1.9983900969379067e-05,0
114,25,1.9983900969379067e-05,0
18481,25,1.9983900969379067e-05,0
21199,25,1.9983900969379067e-05,0
20285,25,1.9983900969379067e-05,0
21067,25,1.9983900969379067e-05,0
2914,25,1.9983900969379067e-05,0
4012,25,1.9983900969379067e-05,0
8994,25,1.9983900969379067e-05,0
13556,25,1.9983900969379067e-05,0
18008,25,1.9983900969379067e-05,0
5195,25,1.9983900969379067e-05,0
10238,25,1.9983900969379067e-05,0
9320,25,1.9983900969379067e-05,0
9310,25,1.9983900969379067e-05,0
14778,25,1.9983900969379067e-05,0
9325,25,1.9983900969379067e-05,0
10222,25,1.9983900969379067e-05,0
6338,25,1.9983900969379067e-05,0
14025,25,1.9983900969379067e-05,0
9595,25,1.9983900969379067e-05,0
10658,25,1.9983900969379067e-05,0
3716,25,1.9983900969379067e-05,0
19233,25,1.9983900969379067e-05,0
5146,25,1.9983900969379067e-05,0
7674,25,1.9983900969379067e-05,0
362,25,1.9983900969379067e-05,0
3126,25,1.9983900969379067e-05,0
7983,25,1.9983900969379067e-05,0
3851,25,1.9983900969379067e-05,0
442,25,1.9983900969379067e-05,0
445,25,1.9983900969379067e-05,0
1586,25,1.9983900969379067e-05,0
7368,25,1.9983900969379067e-05,0
7322,25,1.9983900969379067e-05,0
1727,25,1.9983900969379067e-05,0
20621,25,1.9983900969379067e-05,0
10231,25,1.9983900969379067e-05,0
7605,25,1.9983900969379067e-05,0
2604,25,1.9983900969379067e-05,0
10195,25,1.9983900969379067e-05,0
3701,25,1.9983900969379067e-05,0
16428,25,1.9983900969379067e-05,0
7640,25,1.9983900969379067e-05,0
10489,25,1.9983900969379067e-05,0
2247,25,1.9983900969379067e-05,0
2253,25,1.9983900969379067e-05,0
12830,25,1.9983900969379067e-05,0
8278,25,1.9983900969379067e-05,0
8363,25,1.9983900969379067e-05,0
8350,25,1.9983900969379067e-05,0
4681,25,1.9983900969379067e-05,0
3223,25,1.9983900969379067e-05,0
9643,25,1.9983900969379067e-05,0
7282,25,1.9983900969379067e-05,0
12235,25,1.9983900969379067e-05,0
10733,25,1.9983900969379067e-05,0
17833,25,1.9983900969379067e-05,0
2961,25,1.9983900969379067e-05,0
12554,25,1.9983900969379067e-05,0
6035,25,1.9983900969379067e-05,0
2235,25,1.9983900969379067e-05,0
3715,25,1.9983900969379067e-05,0
4041,25,1.9983900969379067e-05,0
6748,25,1.9983900969379067e-05,0
6750,25,1.9983900969379067e-05,0
8760,25,1.9983900969379067e-05,0
8819,25,1.9983900969379067e-05,0
5231,25,1.9983900969379067e-05,0
12939,25,1.9983900969379067e-05,0
592,25,1.9983900969379067e-05,0
12821,25,1.9983900969379067e-05,0
1523,25,1.9983900969379067e-05,0
8048,25,1.9983900969379067e-05,0
11198,25,1.9983900969379067e-05,0
17495,25,1.9983900969379067e-05,0
4235,25,1.9983900969379067e-05,0
18243,25,1.9983900969379067e-05,0
9381,25,1.9983900969379067e-05,0
20128,25,1.9983900969379067e-05,0
10167,25,1.9983900969379067e-05,0
8289,25,1.9983900969379067e-05,0
6816,25,1.9983900969379067e-05,0
12208,25,1.9983900969379067e-05,0
14050,25,1.9983900969379067e-05,0
15727,25,1.9983900969379067e-05,0
4049,25,1.9983900969379067e-05,0
4051,25,1.9983900969379067e-05,0
612,25,1.9983900969379067e-05,0
8451,25,1.9983900969379067e-05,0
2445,25,1.9983900969379067e-05,0
6585,25,1.9983900969379067e-05,0
16352,25,1.9983900969379067e-05,0
13623,25,1.9983900969379067e-05,0
3030,25,1.9983900969379067e-05,0
16154,25,1.9983900969379067e-05,0
12742,25,1.9983900969379067e-05,0
2795,25,1.9983900969379067e-05,0
8149,25,1.9983900969379067e-05,0
8162,25,1.9983900969379067e-05,0
11564,25,1.9983900969379067e-05,0
7540,25,1.9983900969379067e-05,0
13496,25,1.9983900969379067e-05,0
10536,25,1.9983900969379067e-05,0
18258,25,1.9983900969379067e-05,0
4402,25,1.9983900969379067e-05,0
5626,25,1.9983900969379067e-05,0
14528,25,1.9983900969379067e-05,0
18333,25,1.9983900969379067e-05,0
10018,25,1.9983900969379067e-05,0
10055,25,1.9983900969379067e-05,0
5088,25,1.9983900969379067e-05,0
6747,25,1.9983900969379067e-05,0
9917,25,1.9983900969379067e-05,0
1783,25,1.9983900969379067e-05,0
8683,25,1.9983900969379067e-05,0
8685,25,1.9983900969379067e-05,0
10757,25,1.9983900969379067e-05,0
6247,25,1.9983900969379067e-05,0
14356,25,1.9983900969379067e-05,0
9931,25,1.9983900969379067e-05,0
1209,25,1.9983900969379067e-05,0
5182,25,1.9983900969379067e-05,0
5165,25,1.9983900969379067e-05,0
19207,25,1.9983900969379067e-05,0
1213,25,1.9983900969379067e-05,0
5994,25,1.9983900969379067e-05,0
9088,25,1.9983900969379067e-05,0
5487,25,1.9983900969379067e-05,0
10373,25,1.9983900969379067e-05,0
12722,25,1.9983900969379067e-05,0
11348,25,1.9983900969379067e-05,0
7868,25,1.9983900969379067e-05,0
7549,25,1.9983900969379067e-05,0
7518,25,1.9983900969379067e-05,0
16517,25,1.9983900969379067e-05,0
21039,25,1.9983900969379067e-05,0
303,25,1.9983900969379067e-05,0
7490,25,1.9983900969379067e-05,0
11600,25,1.9983900969379067e-05,0
8863,25,1.9983900969379067e-05,0
2295,25,1.9983900969379067e-05,0
6735,25,1.9983900969379067e-05,0
10064,25,1.9983900969379067e-05,0
9487,25,1.9983900969379067e-05,0
13894,25,1.9983900969379067e-05,0
10082,25,1.9983900969379067e-05,0
1686,25,1.9983900969379067e-05,0
5583,25,1.9983900969379067e-05,0
13467,25,1.9983900969379067e-05,0
10566,25,1.9983900969379067e-05,0
13414,25,1.9983900969379067e-05,0
461,25,1.9983900969379067e-05,0
15906,25,1.9983900969379067e-05,0
8133,25,1.9983900969379067e-05,0
11693,25,1.9983900969379067e-05,0
11702,25,1.9983900969379067e-05,0
4366,25,1.9983900969379067e-05,0
6718,25,1.9983900969379067e-05,0
6721,25,1.9983900969379067e-05,0
768,25,1.9983900969379067e-05,0
10611,25,1.9983900969379067e-05,0
19033,25,1.9983900969379067e-05,0
6825,25,1.9983900969379067e-05,0
11837,25,1.9983900969379067e-05,0
5029,25,1.9983900969379067e-05,0
20673,25,1.9983900969379067e-05,0
8488,25,1.9983900969379067e-05,0
8479,25,1.9983900969379067e-05,0
5786,25,1.9983900969379067e-05,0
9136,25,1.9983900969379067e-05,0
17301,25,1.9983900969379067e-05,0
9119,25,1.9983900969379067e-05,0
6513,25,1.9983900969379067e-05,0
18153,25,1.9983900969379067e-05,0
17008,25,1.9983900969379067e-05,0
6994,25,1.9983900969379067e-05,0
12090,25,1.9983900969379067e-05,0
4435,25,1.9983900969379067e-05,0
9806,25,1.9983900969379067e-05,0
7010,24,1.9184544930603904e-05,0
7747,24,1.9184544930603904e-05,0
16341,24,1.9184544930603904e-05,0
5981,24,1.9184544930603904e-05,0
4525,24,1.9184544930603904e-05,0
9244,24,1.9184544930603904e-05,0
11439,24,1.9184544930603904e-05,0
16333,24,1.9184544930603904e-05,0
12596,24,1.9184544930603904e-05,0
9239,24,1.9184544930603904e-05,0
14886,24,1.9184544930603904e-05,0
12559,24,1.9184544930603904e-05,0
9254,24,1.9184544930603904e-05,0
10794,24,1.9184544930603904e-05,0
10892,24,1.9184544930603904e-05,0
4085,24,1.9184544930603904e-05,0
1172,24,1.9184544930603904e-05,0
3581,24,1.9184544930603904e-05,0
6885,24,1.9184544930603904e-05,0
4554,24,1.9184544930603904e-05,0
4575,24,1.9184544930603904e-05,0
9135,24,1.9184544930603904e-05,0
14884,24,1.9184544930603904e-05,0
7776,24,1.9184544930603904e-05,0
13626,24,1.9184544930603904e-05,0
10263,24,1.9184544930603904e-05,0
9212,24,1.9184544930603904e-05,0
7696,24,1.9184544930603904e-05,0
2959,24,1.9184544930603904e-05,0
7692,24,1.9184544930603904e-05,0
19224,24,1.9184544930603904e-05,0
1250,24,1.9184544930603904e-05,0
13641,24,1.9184544930603904e-05,0
5488,24,1.9184544930603904e-05,0
5489,24,1.9184544930603904e-05,0
2984,24,1.9184544930603904e-05,0
9327,24,1.9184544930603904e-05,0
9142,24,1.9184544930603904e-05,0
9171,24,1.9184544930603904e-05,0
7607,24,1.9184544930603904e-05,0
3606,24,1.9184544930603904e-05,0
3593,24,1.9184544930603904e-05,0
7151,24,1.9184544930603904e-05,0
4134,24,1.9184544930603904e-05,0
1797,24,1.9184544930603904e-05,0
20680,24,1.9184544930603904e-05,0
13164,24,1.9184544930603904e-05,0
19881,24,1.9184544930603904e-05,0
8458,24,1.9184544930603904e-05,0
8400,24,1.9184544930603904e-05,0
2982,24,1.9184544930603904e-05,0
3689,24,1.9184544930603904e-05,0
2100,24,1.9184544930603904e-05,0
11388,24,1.9184544930603904e-05,0
6650,24,1.9184544930603904e-05,0
7591,24,1.9184544930603904e-05,0
7593,24,1.9184544930603904e-05,0
18232,24,1.9184544930603904e-05,0
9353,24,1.9184544930603904e-05,0
4585,24,1.9184544930603904e-05,0
10382,24,1.9184544930603904e-05,0
10401,24,1.9184544930603904e-05,0
15023,24,1.9184544930603904e-05,0
3405,24,1.9184544930603904e-05,0
2176,24,1.9184544930603904e-05,0
3399,24,1.9184544930603904e-05,0
18238,24,1.9184544930603904e-05,0
18269,24,1.9184544930603904e-05,0
5559,24,1.9184544930603904e-05,0
5117,24,1.9184544930603904e-05,0
4349,24,1.9184544930603904e-05,0
7556,24,1.9184544930603904e-05,0
2487,24,1.9184544930603904e-05,0
10750,24,1.9184544930603904e-05,0
17807,24,1.9184544930603904e-05,0
8428,24,1.9184544930603904e-05,0
10940,24,1.9184544930603904e-05,0
10918,24,1.9184544930603904e-05,0
10989,24,1.9184544930603904e-05,0
8422,24,1.9184544930603904e-05,0
14378,24,1.9184544930603904e-05,0
5798,24,1.9184544930603904e-05,0
9065,24,1.9184544930603904e-05,0
6022,24,1.9184544930603904e-05,0
11306,24,1.9184544930603904e-05,0
10136,24,1.9184544930603904e-05,0
11314,24,1.9184544930603904e-05,0
16445,24,1.9184544930603904e-05,0
2686,24,1.9184544930603904e-05,0
11616,24,1.9184544930603904e-05,0
9417,24,1.9184544930603904e-05,0
5922,24,1.9184544930603904e-05,0
16502,24,1.9184544930603904e-05,0
9023,24,1.9184544930603904e-05,0
6049,24,1.9184544930603904e-05,0
9048,24,1.9184544930603904e-05,0
17215,24,1.9184544930603904e-05,0
7926,24,1.9184544930603904e-05,0
19129,24,1.9184544930603904e-05,0
2188,24,1.9184544930603904e-05,0
20889,24,1.9184544930603904e-05,0
441,24,1.9184544930603904e-05,0
4762,24,1.9184544930603904e-05,0
1567,24,1.9184544930603904e-05,0
17985,24,1.9184544930603904e-05,0
17579,24,1.9184544930603904e-05,0
4680,24,1.9184544930603904e-05,0
4004,24,1.9184544930603904e-05,0
2047,24,1.9184544930603904e-05,0
1789,24,1.9184544930603904e-05,0
18606,24,1.9184544930603904e-05,0
9971,24,1.9184544930603904e-05,0
2000,24,1.9184544930603904e-05,0
2027,24,1.9184544930603904e-05,0
2031,24,1.9184544930603904e-05,0
18601,24,1.9184544930603904e-05,0
3629,24,1.9184544930603904e-05,0
1996,24,1.9184544930603904e-05,0
3870,24,1.9184544930603904e-05,0
971,24,1.9184544930603904e-05,0
4514,24,1.9184544930603904e-05,0
21024,24,1.9184544930603904e-05,0
12421,24,1.9184544930603904e-05,0
11642,24,1.9184544930603904e-05,0
9411,24,1.9184544930603904e-05,0
9425,24,1.9184544930603904e-05,0
6696,24,1.9184544930603904e-05,0
6709,24,1.9184544930603904e-05,0
5585,24,1.9184544930603904e-05,0
5592,24,1.9184544930603904e-05,0
6161,24,1.9184544930603904e-05,0
6150,24,1.9184544930603904e-05,0
7207,24,1.9184544930603904e-05,0
15810,24,1.9184544930603904e-05,0
8268,24,1.9184544930603904e-05,0
11045,24,1.9184544930603904e-05,0
13297,24,1.9184544930603904e-05,0
10649,24,1.9184544930603904e-05,0
4676,24,1.9184544930603904e-05,0
8353,24,1.9184544930603904e-05,0
5369,24,1.9184544930603904e-05,0
12994,24,1.9184544930603904e-05,0
10502,24,1.9184544930603904e-05,0
4369,24,1.9184544930603904e-05,0
6467,24,1.9184544930603904e-05,0
2670,24,1.9184544930603904e-05,0
11707,24,1.9184544930603904e-05,0
2556,24,1.9184544930603904e-05,0
11217,24,1.9184544930603904e-05,0
8014,24,1.9184544930603904e-05,0
13485,24,1.9184544930603904e-05,0
5414,24,1.9184544930603904e-05,0
13926,24,1.9184544930603904e-05,0
8077,24,1.9184544930603904e-05,0
10529,24,1.9184544930603904e-05,0
12869,24,1.9184544930603904e-05,0
15992,24,1.9184544930603904e-05,0
6085,24,1.9184544930603904e-05,0
18327,24,1.9184544930603904e-05,0
1725,24,1.9184544930603904e-05,0
1023,24,1.9184544930603904e-05,0
1703,24,1.9184544930603904e-05,0
3943,24,1.9184544930603904e-05,0
527,24,1.9184544930603904e-05,0
6316,24,1.9184544930603904e-05,0
4612,24,1.9184544930603904e-05,0
5382,24,1.9184544930603904e-05,0
14395,24,1.9184544930603904e-05,0
14397,24,1.9184544930603904e-05,0
12926,24,1.9184544930603904e-05,0
12222,24,1.9184544930603904e-05,0
7230,24,1.9184544930603904e-05,0
7234,24,1.9184544930603904e-05,0
12257,24,1.9184544930603904e-05,0
12216,24,1.9184544930603904e-05,0
431,24,1.9184544930603904e-05,0
1360,24,1.9184544930603904e-05,0
6120,24,1.9184544930603904e-05,0
8911,24,1.9184544930603904e-05,0
17539,24,1.9184544930603904e-05,0
15222,24,1.9184544930603904e-05,0
8831,24,1.9184544930603904e-05,0
19024,24,1.9184544930603904e-05,0
11147,24,1.9184544930603904e-05,0
11150,24,1.9184544930603904e-05,0
13426,24,1.9184544930603904e-05,0
829,24,1.9184544930603904e-05,0
15894,24,1.9184544930603904e-05,0
11096,24,1.9184544930603904e-05,0
13998,24,1.9184544930603904e-05,0
21075,24,1.9184544930603904e-05,0
21062,24,1.9184544930603904e-05,0
6784,24,1.9184544930603904e-05,0
21081,24,1.9184544930603904e-05,0
11762,24,1.9184544930603904e-05,0
3515,24,1.9184544930603904e-05,0
7260,24,1.9184544930603904e-05,0
4191,24,1.9184544930603904e-05,0
6817,24,1.9184544930603904e-05,0
3929,24,1.9184544930603904e-05,0
6367,24,1.9184544930603904e-05,0
10604,24,1.9184544930603904e-05,0
3996,24,1.9184544930603904e-05,0
17867,24,1.9184544930603904e-05,0
15607,24,1.9184544930603904e-05,0
7012,24,1.9184544930603904e-05,0
7050,24,1.9184544930603904e-05,0
6921,24,1.9184544930603904e-05,0
11952,24,1.9184544930603904e-05,0
178,24,1.9184544930603904e-05,0
10309,24,1.9184544930603904e-05,0
21225,24,1.9184544930603904e-05,0
5328,24,1.9184544930603904e-05,0
9883,24,1.9184544930603904e-05,0
3286,24,1.9184544930603904e-05,0
8508,24,1.9184544930603904e-05,0
4985,24,1.9184544930603904e-05,0
11915,24,1.9184544930603904e-05,0
1135,24,1.9184544930603904e-05,0
164,24,1.9184544930603904e-05,0
7074,24,1.9184544930603904e-05,0
7094,24,1.9184544930603904e-05,0
16953,23,1.8385188891828744e-05,0
11967,23,1.8385188891828744e-05,0
6896,23,1.8385188891828744e-05,0
7056,23,1.8385188891828744e-05,0
6909,23,1.8385188891828744e-05,0
16972,23,1.8385188891828744e-05,0
221,23,1.8385188891828744e-05,0
5766,23,1.8385188891828744e-05,0
8486,23,1.8385188891828744e-05,0
5763,23,1.8385188891828744e-05,0
3561,23,1.8385188891828744e-05,0
6867,23,1.8385188891828744e-05,0
1980,23,1.8385188891828744e-05,0
1986,23,1.8385188891828744e-05,0
4569,23,1.8385188891828744e-05,0
5751,23,1.8385188891828744e-05,0
5758,23,1.8385188891828744e-05,0
13744,23,1.8385188891828744e-05,0
9302,23,1.8385188891828744e-05,0
9289,23,1.8385188891828744e-05,0
6552,23,1.8385188891828744e-05,0
7779,23,1.8385188891828744e-05,0
7769,23,1.8385188891828744e-05,0
12281,23,1.8385188891828744e-05,0
7268,23,1.8385188891828744e-05,0
14066,23,1.8385188891828744e-05,0
16639,23,1.8385188891828744e-05,0
13395,23,1.8385188891828744e-05,0
19018,23,1.8385188891828744e-05,0
3185,23,1.8385188891828744e-05,0
8818,23,1.8385188891828744e-05,0
16718,23,1.8385188891828744e-05,0
15856,23,1.8385188891828744e-05,0
8139,23,1.8385188891828744e-05,0
19773,23,1.8385188891828744e-05,0
8218,23,1.8385188891828744e-05,0
8808,23,1.8385188891828744e-05,0
51,23,1.8385188891828744e-05,0
16888,23,1.8385188891828744e-05,0
390,23,1.8385188891828744e-05,0
4273,23,1.8385188891828744e-05,0
2621,23,1.8385188891828744e-05,0
18119,23,1.8385188891828744e-05,0
3412,23,1.8385188891828744e-05,0
11499,23,1.8385188891828744e-05,0
9270,23,1.8385188891828744e-05,0
9317,23,1.8385188891828744e-05,0
3751,23,1.8385188891828744e-05,0
7816,23,1.8385188891828744e-05,0
12659,23,1.8385188891828744e-05,0
1090,23,1.8385188891828744e-05,0
5799,23,1.8385188891828744e-05,0
7648,23,1.8385188891828744e-05,0
7616,23,1.8385188891828744e-05,0
3686,23,1.8385188891828744e-05,0
6354,23,1.8385188891828744e-05,0
19022,23,1.8385188891828744e-05,0
8848,23,1.8385188891828744e-05,0
5233,23,1.8385188891828744e-05,0
11151,23,1.8385188891828744e-05,0
11154,23,1.8385188891828744e-05,0
10552,23,1.8385188891828744e-05,0
4221,23,1.8385188891828744e-05,0
13993,23,1.8385188891828744e-05,0
15934,23,1.8385188891828744e-05,0
8135,23,1.8385188891828744e-05,0
8114,23,1.8385188891828744e-05,0
1359,23,1.8385188891828744e-05,0
7314,23,1.8385188891828744e-05,0
4955,23,1.8385188891828744e-05,0
2700,23,1.8385188891828744e-05,0
5774,23,1.8385188891828744e-05,0
5778,23,1.8385188891828744e-05,0
17676,23,1.8385188891828744e-05,0
8655,23,1.8385188891828744e-05,0
13244,23,1.8385188891828744e-05,0
10787,23,1.8385188891828744e-05,0
10375,23,1.8385188891828744e-05,0
3691,23,1.8385188891828744e-05,0
10899,23,1.8385188891828744e-05,0
8399,23,1.8385188891828744e-05,0
8457,23,1.8385188891828744e-05,0
2210,23,1.8385188891828744e-05,0
11330,23,1.8385188891828744e-05,0
11353,23,1.8385188891828744e-05,0
12945,23,1.8385188891828744e-05,0
11059,23,1.8385188891828744e-05,0
728,23,1.8385188891828744e-05,0
5266,23,1.8385188891828744e-05,0
5073,23,1.8385188891828744e-05,0
12202,23,1.8385188891828744e-05,0
6811,23,1.8385188891828744e-05,0
1047,23,1.8385188891828744e-05,0
7186,23,1.8385188891828744e-05,0
11790,23,1.8385188891828744e-05,0
3153,23,1.8385188891828744e-05,0
3889,23,1.8385188891828744e-05,0
532,23,1.8385188891828744e-05,0
10551,23,1.8385188891828744e-05,0
6502,23,1.8385188891828744e-05,0
6512,23,1.8385188891828744e-05,0
4597,23,1.8385188891828744e-05,0
7581,23,1.8385188891828744e-05,0
14735,23,1.8385188891828744e-05,0
19581,23,1.8385188891828744e-05,0
16451,23,1.8385188891828744e-05,0
20131,23,1.8385188891828744e-05,0
14709,23,1.8385188891828744e-05,0
11290,23,1.8385188891828744e-05,0
10764,23,1.8385188891828744e-05,0
4160,23,1.8385188891828744e-05,0
5113,23,1.8385188891828744e-05,0
9369,23,1.8385188891828744e-05,0
7497,23,1.8385188891828744e-05,0
7535,23,1.8385188891828744e-05,0
9517,23,1.8385188891828744e-05,0
13942,23,1.8385188891828744e-05,0
13896,23,1.8385188891828744e-05,0
6756,23,1.8385188891828744e-05,0
7385,23,1.8385188891828744e-05,0
5411,23,1.8385188891828744e-05,0
9542,23,1.8385188891828744e-05,0
13935,23,1.8385188891828744e-05,0
673,23,1.8385188891828744e-05,0
10942,23,1.8385188891828744e-05,0
8699,23,1.8385188891828744e-05,0
2490,23,1.8385188891828744e-05,0
13072,23,1.8385188891828744e-05,0
5807,23,1.8385188891828744e-05,0
10921,23,1.8385188891828744e-05,0
10974,23,1.8385188891828744e-05,0
6026,23,1.8385188891828744e-05,0
905,23,1.8385188891828744e-05,0
11599,23,1.8385188891828744e-05,0
12725,23,1.8385188891828744e-05,0
12675,23,1.8385188891828744e-05,0
6485,23,1.8385188891828744e-05,0
5472,23,1.8385188891828744e-05,0
16562,23,1.8385188891828744e-05,0
18296,23,1.8385188891828744e-05,0
5198,23,1.8385188891828744e-05,0
7971,23,1.8385188891828744e-05,0
7396,23,1.8385188891828744e-05,0
19285,23,1.8385188891828744e-05,0
2918,23,1.8385188891828744e-05,0
4360,23,1.8385188891828744e-05,0
11140,23,1.8385188891828744e-05,0
11121,23,1.8385188891828744e-05,0
4247,23,1.8385188891828744e-05,0
13495,23,1.8385188891828744e-05,0
11682,23,1.8385188891828744e-05,0
3346,23,1.8385188891828744e-05,0
8027,23,1.8385188891828744e-05,0
16038,23,1.8385188891828744e-05,0
3434,23,1.8385188891828744e-05,0
7909,23,1.8385188891828744e-05,0
7889,23,1.8385188891828744e-05,0
12716,23,1.8385188891828744e-05,0
16532,23,1.8385188891828744e-05,0
21037,23,1.8385188891828744e-05,0
16515,23,1.8385188891828744e-05,0
7495,23,1.8385188891828744e-05,0
7526,23,1.8385188891828744e-05,0
2187,23,1.8385188891828744e-05,0
3854,23,1.8385188891828744e-05,0
7900,23,1.8385188891828744e-05,0
18028,23,1.8385188891828744e-05,0
9043,23,1.8385188891828744e-05,0
4692,23,1.8385188891828744e-05,0
10998,23,1.8385188891828744e-05,0
17601,23,1.8385188891828744e-05,0
855,23,1.8385188891828744e-05,0
1309,23,1.8385188891828744e-05,0
6152,23,1.8385188891828744e-05,0
3630,23,1.8385188891828744e-05,0
257,23,1.8385188891828744e-05,0
13847,23,1.8385188891828744e-05,0
19800,23,1.8385188891828744e-05,0
12983,23,1.8385188891828744e-05,0
17584,23,1.8385188891828744e-05,0
10690,23,1.8385188891828744e-05,0
6683,23,1.8385188891828744e-05,0
8356,23,1.8385188891828744e-05,0
8700,23,1.8385188891828744e-05,0
15173,23,1.8385188891828744e-05,0
11160,23,1.8385188891828744e-05,0
10510,23,1.8385188891828744e-05,0
11647,23,1.8385188891828744e-05,0
9680,23,1.8385188891828744e-05,0
1752,23,1.8385188891828744e-05,0
17578,23,1.8385188891828744e-05,0
7991,23,1.8385188891828744e-05,0
8672,23,1.8385188891828744e-05,0
11583,23,1.8385188891828744e-05,0
3869,23,1.8385188891828744e-05,0
1277,23,1.8385188891828744e-05,0
3128,23,1.8385188891828744e-05,0
6440,23,1.8385188891828744e-05,0
13864,23,1.8385188891828744e-05,0
10120,23,1.8385188891828744e-05,0
12314,23,1.8385188891828744e-05,0
12315,23,1.8385188891828744e-05,0
9455,23,1.8385188891828744e-05,0
7768,23,1.8385188891828744e-05,0
18177,23,1.8385188891828744e-05,0
14871,23,1.8385188891828744e-05,0
1110,23,1.8385188891828744e-05,0
1150,23,1.8385188891828744e-05,0
5728,23,1.8385188891828744e-05,0
14845,23,1.8385188891828744e-05,0
4270,23,1.8385188891828744e-05,0
10224,23,1.8385188891828744e-05,0
3780,23,1.8385188891828744e-05,0
7712,23,1.8385188891828744e-05,0
1441,23,1.8385188891828744e-05,0
15655,23,1.8385188891828744e-05,0
17781,23,1.8385188891828744e-05,0
13112,23,1.8385188891828744e-05,0
18493,23,1.8385188891828744e-05,0
7028,23,1.8385188891828744e-05,0
7036,23,1.8385188891828744e-05,0
15561,23,1.8385188891828744e-05,0
7006,23,1.8385188891828744e-05,0
1095,23,1.8385188891828744e-05,0
11942,23,1.8385188891828744e-05,0
9798,23,1.8385188891828744e-05,0
20724,23,1.8385188891828744e-05,0
5327,23,1.8385188891828744e-05,0
4118,23,1.8385188891828744e-05,0
19209,23,1.8385188891828744e-05,0
5744,23,1.8385188891828744e-05,0
9828,23,1.8385188891828744e-05,0
1178,23,1.8385188891828744e-05,0
5675,23,1.8385188891828744e-05,0
10858,23,1.8385188891828744e-05,0
1860,22,1.758583285305358e-05,0
3547,22,1.758583285305358e-05,0
9886,22,1.758583285305358e-05,0
2622,22,1.758583285305358e-05,0
8535,22,1.758583285305358e-05,0
15602,22,1.758583285305358e-05,0
15616,22,1.758583285305358e-05,0
21256,22,1.758583285305358e-05,0
21231,22,1.758583285305358e-05,0
15808,22,1.758583285305358e-05,0
8172,22,1.758583285305358e-05,0
17303,22,1.758583285305358e-05,0
2575,22,1.758583285305358e-05,0
4835,22,1.758583285305358e-05,0
11511,22,1.758583285305358e-05,0
2085,22,1.758583285305358e-05,0
21015,22,1.758583285305358e-05,0
19231,22,1.758583285305358e-05,0
19623,22,1.758583285305358e-05,0
8850,22,1.758583285305358e-05,0
16816,22,1.758583285305358e-05,0
3712,22,1.758583285305358e-05,0
14771,22,1.758583285305358e-05,0
7682,22,1.758583285305358e-05,0
3808,22,1.758583285305358e-05,0
11395,22,1.758583285305358e-05,0
11397,22,1.758583285305358e-05,0
10567,22,1.758583285305358e-05,0
4727,22,1.758583285305358e-05,0
11101,22,1.758583285305358e-05,0
10548,22,1.758583285305358e-05,0
779,22,1.758583285305358e-05,0
2521,22,1.758583285305358e-05,0
4246,22,1.758583285305358e-05,0
8844,22,1.758583285305358e-05,0
8395,22,1.758583285305358e-05,0
5281,22,1.758583285305358e-05,0
8271,22,1.758583285305358e-05,0
6176,22,1.758583285305358e-05,0
19963,22,1.758583285305358e-05,0
3624,22,1.758583285305358e-05,0
7454,22,1.758583285305358e-05,0
4690,22,1.758583285305358e-05,0
8955,22,1.758583285305358e-05,0
6113,22,1.758583285305358e-05,0
17591,22,1.758583285305358e-05,0
8388,22,1.758583285305358e-05,0
5359,22,1.758583285305358e-05,0
15370,22,1.758583285305358e-05,0
8716,22,1.758583285305358e-05,0
13016,22,1.758583285305358e-05,0
9951,22,1.758583285305358e-05,0
9941,22,1.758583285305358e-05,0
2788,22,1.758583285305358e-05,0
9677,22,1.758583285305358e-05,0
1740,22,1.758583285305358e-05,0
9954,22,1.758583285305358e-05,0
7961,22,1.758583285305358e-05,0
17972,22,1.758583285305358e-05,0
14644,22,1.758583285305358e-05,0
1278,22,1.758583285305358e-05,0
1561,22,1.758583285305358e-05,0
6847,22,1.758583285305358e-05,0
7162,22,1.758583285305358e-05,0
235,22,1.758583285305358e-05,0
9648,22,1.758583285305358e-05,0
18584,22,1.758583285305358e-05,0
7447,22,1.758583285305358e-05,0
16559,22,1.758583285305358e-05,0
9485,22,1.758583285305358e-05,0
12768,22,1.758583285305358e-05,0
12741,22,1.758583285305358e-05,0
7917,22,1.758583285305358e-05,0
13582,22,1.758583285305358e-05,0
13599,22,1.758583285305358e-05,0
8049,22,1.758583285305358e-05,0
11208,22,1.758583285305358e-05,0
11197,22,1.758583285305358e-05,0
17175,22,1.758583285305358e-05,0
3673,22,1.758583285305358e-05,0
2682,22,1.758583285305358e-05,0
11709,22,1.758583285305358e-05,0
964,22,1.758583285305358e-05,0
19249,22,1.758583285305358e-05,0
10156,22,1.758583285305358e-05,0
17343,22,1.758583285305358e-05,0
11262,22,1.758583285305358e-05,0
12311,22,1.758583285305358e-05,0
16017,22,1.758583285305358e-05,0
8045,22,1.758583285305358e-05,0
3338,22,1.758583285305358e-05,0
853,22,1.758583285305358e-05,0
10430,22,1.758583285305358e-05,0
7924,22,1.758583285305358e-05,0
11297,22,1.758583285305358e-05,0
18035,22,1.758583285305358e-05,0
21025,22,1.758583285305358e-05,0
7477,22,1.758583285305358e-05,0
2685,22,1.758583285305358e-05,0
3894,22,1.758583285305358e-05,0
8099,22,1.758583285305358e-05,0
6436,22,1.758583285305358e-05,0
12850,22,1.758583285305358e-05,0
8902,22,1.758583285305358e-05,0
5442,22,1.758583285305358e-05,0
3651,22,1.758583285305358e-05,0
6733,22,1.758583285305358e-05,0
9531,22,1.758583285305358e-05,0
4412,22,1.758583285305358e-05,0
10020,22,1.758583285305358e-05,0
18313,22,1.758583285305358e-05,0
18340,22,1.758583285305358e-05,0
15989,22,1.758583285305358e-05,0
16010,22,1.758583285305358e-05,0
6092,22,1.758583285305358e-05,0
10986,22,1.758583285305358e-05,0
13004,22,1.758583285305358e-05,0
2483,22,1.758583285305358e-05,0
2491,22,1.758583285305358e-05,0
13062,22,1.758583285305358e-05,0
6730,22,1.758583285305358e-05,0
7307,22,1.758583285305358e-05,0
7357,22,1.758583285305358e-05,0
3131,22,1.758583285305358e-05,0
11597,22,1.758583285305358e-05,0
14367,22,1.758583285305358e-05,0
2779,22,1.758583285305358e-05,0
5010,22,1.758583285305358e-05,0
3617,22,1.758583285305358e-05,0
9927,22,1.758583285305358e-05,0
10992,22,1.758583285305358e-05,0
534,22,1.758583285305358e-05,0
18852,22,1.758583285305358e-05,0
7358,22,1.758583285305358e-05,0
12244,22,1.758583285305358e-05,0
11788,22,1.758583285305358e-05,0
12246,22,1.758583285305358e-05,0
14058,22,1.758583285305358e-05,0
1161,22,1.758583285305358e-05,0
5926,22,1.758583285305358e-05,0
11537,22,1.758583285305358e-05,0
11539,22,1.758583285305358e-05,0
13724,22,1.758583285305358e-05,0
16202,22,1.758583285305358e-05,0
6400,22,1.758583285305358e-05,0
6375,22,1.758583285305358e-05,0
17533,22,1.758583285305358e-05,0
18237,22,1.758583285305358e-05,0
11339,22,1.758583285305358e-05,0
17329,22,1.758583285305358e-05,0
17321,22,1.758583285305358e-05,0
18687,22,1.758583285305358e-05,0
2620,22,1.758583285305358e-05,0
14721,22,1.758583285305358e-05,0
9342,22,1.758583285305358e-05,0
3664,22,1.758583285305358e-05,0
3671,22,1.758583285305358e-05,0
2945,22,1.758583285305358e-05,0
9509,22,1.758583285305358e-05,0
9467,22,1.758583285305358e-05,0
4159,22,1.758583285305358e-05,0
18268,22,1.758583285305358e-05,0
4876,22,1.758583285305358e-05,0
7141,22,1.758583285305358e-05,0
6780,22,1.758583285305358e-05,0
11747,22,1.758583285305358e-05,0
2909,22,1.758583285305358e-05,0
21065,22,1.758583285305358e-05,0
13987,22,1.758583285305358e-05,0
2699,22,1.758583285305358e-05,0
8165,22,1.758583285305358e-05,0
2460,22,1.758583285305358e-05,0
17701,22,1.758583285305358e-05,0
10808,22,1.758583285305358e-05,0
8656,22,1.758583285305358e-05,0
7135,22,1.758583285305358e-05,0
5027,22,1.758583285305358e-05,0
5779,22,1.758583285305358e-05,0
3558,22,1.758583285305358e-05,0
2129,22,1.758583285305358e-05,0
2198,22,1.758583285305358e-05,0
16196,22,1.758583285305358e-05,0
3074,22,1.758583285305358e-05,0
6010,22,1.758583285305358e-05,0
16372,22,1.758583285305358e-05,0
2093,22,1.758583285305358e-05,0
10765,22,1.758583285305358e-05,0
2873,22,1.758583285305358e-05,0
1056,22,1.758583285305358e-05,0
9627,22,1.758583285305358e-05,0
14388,22,1.758583285305358e-05,0
17559,22,1.758583285305358e-05,0
9563,22,1.758583285305358e-05,0
16593,22,1.758583285305358e-05,0
7834,22,1.758583285305358e-05,0
4094,22,1.758583285305358e-05,0
6908,22,1.758583285305358e-05,0
3525,22,1.758583285305358e-05,0
16860,22,1.758583285305358e-05,0
7090,22,1.758583285305358e-05,0
7089,22,1.758583285305358e-05,0
6897,22,1.758583285305358e-05,0
10856,22,1.758583285305358e-05,0
9717,22,1.758583285305358e-05,0
12175,22,1.758583285305358e-05,0
14216,22,1.758583285305358e-05,0
5769,22,1.758583285305358e-05,0
2765,22,1.758583285305358e-05,0
5777,22,1.758583285305358e-05,0
14138,22,1.758583285305358e-05,0
8502,22,1.758583285305358e-05,0
2898,22,1.758583285305358e-05,0
18194,22,1.758583285305358e-05,0
19206,22,1.758583285305358e-05,0
13627,22,1.758583285305358e-05,0
9187,22,1.758583285305358e-05,0
9193,22,1.758583285305358e-05,0
2989,22,1.758583285305358e-05,0
12660,22,1.758583285305358e-05,0
15907,22,1.758583285305358e-05,0
8793,22,1.758583285305358e-05,0
13383,22,1.758583285305358e-05,0
10623,22,1.758583285305358e-05,0
12279,22,1.758583285305358e-05,0
3620,22,1.758583285305358e-05,0
10000,22,1.758583285305358e-05,0
2897,22,1.758583285305358e-05,0
10277,22,1.758583285305358e-05,0
5518,22,1.758583285305358e-05,0
4781,22,1.758583285305358e-05,0
9224,22,1.758583285305358e-05,0
5715,22,1.758583285305358e-05,0
4902,22,1.758583285305358e-05,0
4383,22,1.758583285305358e-05,0
9434,22,1.758583285305358e-05,0
9204,22,1.758583285305358e-05,0
11483,22,1.758583285305358e-05,0
16293,22,1.758583285305358e-05,0
3839,22,1.758583285305358e-05,0
9235,22,1.758583285305358e-05,0
9236,22,1.758583285305358e-05,0
7676,22,1.758583285305358e-05,0
18707,22,1.758583285305358e-05,0
9760,22,1.758583285305358e-05,0
16865,22,1.758583285305358e-05,0
12043,22,1.758583285305358e-05,0
13093,22,1.758583285305358e-05,0
4096,22,1.758583285305358e-05,0
1442,22,1.758583285305358e-05,0
19824,22,1.758583285305358e-05,0
3252,22,1.758583285305358e-05,0
3287,22,1.758583285305358e-05,0
17716,22,1.758583285305358e-05,0
8565,22,1.758583285305358e-05,0
8589,22,1.758583285305358e-05,0
19679,22,1.758583285305358e-05,0
18169,22,1.758583285305358e-05,0
113,22,1.758583285305358e-05,0
6919,22,1.758583285305358e-05,0
1938,21,1.6786476814278417e-05,0
6904,21,1.6786476814278417e-05,0
1901,21,1.6786476814278417e-05,0
6951,21,1.6786476814278417e-05,0
27,21,1.6786476814278417e-05,0
16886,21,1.6786476814278417e-05,0
16904,21,1.6786476814278417e-05,0
11973,21,1.6786476814278417e-05,0
17729,21,1.6786476814278417e-05,0
8529,21,1.6786476814278417e-05,0
1804,21,1.6786476814278417e-05,0
12115,21,1.6786476814278417e-05,0
9840,21,1.6786476814278417e-05,0
18567,21,1.6786476814278417e-05,0
14130,21,1.6786476814278417e-05,0
1174,21,1.6786476814278417e-05,0
3573,21,1.6786476814278417e-05,0
10801,21,1.6786476814278417e-05,0
2321,21,1.6786476814278417e-05,0
13065,21,1.6786476814278417e-05,0
10904,21,1.6786476814278417e-05,0
2388,21,1.6786476814278417e-05,0
6200,21,1.6786476814278417e-05,0
3258,21,1.6786476814278417e-05,0
19899,21,1.6786476814278417e-05,0
10766,21,1.6786476814278417e-05,0
10770,21,1.6786476814278417e-05,0
10938,21,1.6786476814278417e-05,0
9297,21,1.6786476814278417e-05,0
4275,21,1.6786476814278417e-05,0
13752,21,1.6786476814278417e-05,0
3717,21,1.6786476814278417e-05,0
2091,21,1.6786476814278417e-05,0
6540,21,1.6786476814278417e-05,0
6548,21,1.6786476814278417e-05,0
20946,21,1.6786476814278417e-05,0
6535,21,1.6786476814278417e-05,0
9246,21,1.6786476814278417e-05,0
9295,21,1.6786476814278417e-05,0
9208,21,1.6786476814278417e-05,0
9196,21,1.6786476814278417e-05,0
18128,21,1.6786476814278417e-05,0
4562,21,1.6786476814278417e-05,0
18704,21,1.6786476814278417e-05,0
4857,21,1.6786476814278417e-05,0
7662,21,1.6786476814278417e-05,0
12528,21,1.6786476814278417e-05,0
9330,21,1.6786476814278417e-05,0
9309,21,1.6786476814278417e-05,0
13760,21,1.6786476814278417e-05,0
7646,21,1.6786476814278417e-05,0
3748,21,1.6786476814278417e-05,0
16369,21,1.6786476814278417e-05,0
6608,21,1.6786476814278417e-05,0
3737,21,1.6786476814278417e-05,0
9112,21,1.6786476814278417e-05,0
12667,21,1.6786476814278417e-05,0
17307,21,1.6786476814278417e-05,0
11524,21,1.6786476814278417e-05,0
2084,21,1.6786476814278417e-05,0
7841,21,1.6786476814278417e-05,0
3825,21,1.6786476814278417e-05,0
2576,21,1.6786476814278417e-05,0
7117,21,1.6786476814278417e-05,0
8632,21,1.6786476814278417e-05,0
8635,21,1.6786476814278417e-05,0
5641,21,1.6786476814278417e-05,0
11863,21,1.6786476814278417e-05,0
7132,21,1.6786476814278417e-05,0
16796,21,1.6786476814278417e-05,0
8448,21,1.6786476814278417e-05,0
17635,21,1.6786476814278417e-05,0
1429,21,1.6786476814278417e-05,0
1774,21,1.6786476814278417e-05,0
9672,21,1.6786476814278417e-05,0
11853,21,1.6786476814278417e-05,0
16774,21,1.6786476814278417e-05,0
10728,21,1.6786476814278417e-05,0
3230,21,1.6786476814278417e-05,0
2338,21,1.6786476814278417e-05,0
10994,21,1.6786476814278417e-05,0
19007,21,1.6786476814278417e-05,0
8258,21,1.6786476814278417e-05,0
8259,21,1.6786476814278417e-05,0
15726,21,1.6786476814278417e-05,0
6299,21,1.6786476814278417e-05,0
6301,21,1.6786476814278417e-05,0
19926,21,1.6786476814278417e-05,0
13263,21,1.6786476814278417e-05,0
8339,21,1.6786476814278417e-05,0
16756,21,1.6786476814278417e-05,0
17062,21,1.6786476814278417e-05,0
7202,21,1.6786476814278417e-05,0
15345,21,1.6786476814278417e-05,0
15304,21,1.6786476814278417e-05,0
6154,21,1.6786476814278417e-05,0
10204,21,1.6786476814278417e-05,0
14742,21,1.6786476814278417e-05,0
5935,21,1.6786476814278417e-05,0
10189,21,1.6786476814278417e-05,0
18685,21,1.6786476814278417e-05,0
13816,21,1.6786476814278417e-05,0
11542,21,1.6786476814278417e-05,0
13772,21,1.6786476814278417e-05,0
9077,21,1.6786476814278417e-05,0
2124,21,1.6786476814278417e-05,0
2095,21,1.6786476814278417e-05,0
2099,21,1.6786476814278417e-05,0
12459,21,1.6786476814278417e-05,0
12737,21,1.6786476814278417e-05,0
10374,21,1.6786476814278417e-05,0
9129,21,1.6786476814278417e-05,0
12683,21,1.6786476814278417e-05,0
5563,21,1.6786476814278417e-05,0
9409,21,1.6786476814278417e-05,0
4297,21,1.6786476814278417e-05,0
9365,21,1.6786476814278417e-05,0
9403,21,1.6786476814278417e-05,0
7856,21,1.6786476814278417e-05,0
3397,21,1.6786476814278417e-05,0
3400,21,1.6786476814278417e-05,0
5449,21,1.6786476814278417e-05,0
13584,21,1.6786476814278417e-05,0
13619,21,1.6786476814278417e-05,0
11543,21,1.6786476814278417e-05,0
12465,21,1.6786476814278417e-05,0
7623,21,1.6786476814278417e-05,0
11249,21,1.6786476814278417e-05,0
2233,21,1.6786476814278417e-05,0
3306,21,1.6786476814278417e-05,0
11074,21,1.6786476814278417e-05,0
10639,21,1.6786476814278417e-05,0
12243,21,1.6786476814278417e-05,0
680,21,1.6786476814278417e-05,0
13343,21,1.6786476814278417e-05,0
621,21,1.6786476814278417e-05,0
15866,21,1.6786476814278417e-05,0
711,21,1.6786476814278417e-05,0
15317,21,1.6786476814278417e-05,0
8759,21,1.6786476814278417e-05,0
13376,21,1.6786476814278417e-05,0
12915,21,1.6786476814278417e-05,0
3910,21,1.6786476814278417e-05,0
11617,21,1.6786476814278417e-05,0
3436,21,1.6786476814278417e-05,0
3439,21,1.6786476814278417e-05,0
16441,21,1.6786476814278417e-05,0
7524,21,1.6786476814278417e-05,0
260,21,1.6786476814278417e-05,0
12717,21,1.6786476814278417e-05,0
9356,21,1.6786476814278417e-05,0
5912,21,1.6786476814278417e-05,0
10132,21,1.6786476814278417e-05,0
2655,21,1.6786476814278417e-05,0
1236,21,1.6786476814278417e-05,0
16470,21,1.6786476814278417e-05,0
7555,21,1.6786476814278417e-05,0
7562,21,1.6786476814278417e-05,0
4880,21,1.6786476814278417e-05,0
18279,21,1.6786476814278417e-05,0
3083,21,1.6786476814278417e-05,0
12277,21,1.6786476814278417e-05,0
12280,21,1.6786476814278417e-05,0
12261,21,1.6786476814278417e-05,0
15294,21,1.6786476814278417e-05,0
11770,21,1.6786476814278417e-05,0
3462,21,1.6786476814278417e-05,0
3511,21,1.6786476814278417e-05,0
3493,21,1.6786476814278417e-05,0
7269,21,1.6786476814278417e-05,0
2852,21,1.6786476814278417e-05,0
14436,21,1.6786476814278417e-05,0
5846,21,1.6786476814278417e-05,0
5832,21,1.6786476814278417e-05,0
2903,21,1.6786476814278417e-05,0
3473,21,1.6786476814278417e-05,0
11751,21,1.6786476814278417e-05,0
6769,21,1.6786476814278417e-05,0
16675,21,1.6786476814278417e-05,0
1571,21,1.6786476814278417e-05,0
11266,21,1.6786476814278417e-05,0
443,21,1.6786476814278417e-05,0
6452,21,1.6786476814278417e-05,0
7975,21,1.6786476814278417e-05,0
8999,21,1.6786476814278417e-05,0
817,21,1.6786476814278417e-05,0
1281,21,1.6786476814278417e-05,0
3363,21,1.6786476814278417e-05,0
17403,21,1.6786476814278417e-05,0
7936,21,1.6786476814278417e-05,0
7925,21,1.6786476814278417e-05,0
9027,21,1.6786476814278417e-05,0
9022,21,1.6786476814278417e-05,0
16142,21,1.6786476814278417e-05,0
3370,21,1.6786476814278417e-05,0
13994,21,1.6786476814278417e-05,0
5609,21,1.6786476814278417e-05,0
13966,21,1.6786476814278417e-05,0
21089,21,1.6786476814278417e-05,0
21066,21,1.6786476814278417e-05,0
17538,21,1.6786476814278417e-05,0
12884,21,1.6786476814278417e-05,0
10547,21,1.6786476814278417e-05,0
2519,21,1.6786476814278417e-05,0
13424,21,1.6786476814278417e-05,0
1355,21,1.6786476814278417e-05,0
13464,21,1.6786476814278417e-05,0
15218,21,1.6786476814278417e-05,0
3882,21,1.6786476814278417e-05,0
9568,21,1.6786476814278417e-05,0
1005,21,1.6786476814278417e-05,0
18826,21,1.6786476814278417e-05,0
10477,21,1.6786476814278417e-05,0
4371,21,1.6786476814278417e-05,0
3389,21,1.6786476814278417e-05,0
6463,21,1.6786476814278417e-05,0
12764,21,1.6786476814278417e-05,0
5203,21,1.6786476814278417e-05,0
1304,21,1.6786476814278417e-05,0
1306,21,1.6786476814278417e-05,0
15160,21,1.6786476814278417e-05,0
17964,21,1.6786476814278417e-05,0
11579,21,1.6786476814278417e-05,0
4325,21,1.6786476814278417e-05,0
4382,21,1.6786476814278417e-05,0
19105,21,1.6786476814278417e-05,0
6094,21,1.6786476814278417e-05,0
10017,21,1.6786476814278417e-05,0
9553,21,1.6786476814278417e-05,0
4416,21,1.6786476814278417e-05,0
5072,21,1.6786476814278417e-05,0
2281,21,1.6786476814278417e-05,0
12844,21,1.6786476814278417e-05,0
8110,21,1.6786476814278417e-05,0
16012,21,1.6786476814278417e-05,0
2073,21,1.6786476814278417e-05,0
3149,21,1.6786476814278417e-05,0
8884,21,1.6786476814278417e-05,0
8901,21,1.6786476814278417e-05,0
1364,21,1.6786476814278417e-05,0
13937,21,1.6786476814278417e-05,0
13923,21,1.6786476814278417e-05,0
3652,21,1.6786476814278417e-05,0
7351,21,1.6786476814278417e-05,0
6738,21,1.6786476814278417e-05,0
12326,21,1.6786476814278417e-05,0
10060,21,1.6786476814278417e-05,0
14594,21,1.6786476814278417e-05,0
2929,21,1.6786476814278417e-05,0
6432,21,1.6786476814278417e-05,0
8032,21,1.6786476814278417e-05,0
17168,21,1.6786476814278417e-05,0
6095,21,1.6786476814278417e-05,0
4249,21,1.6786476814278417e-05,0
2532,21,1.6786476814278417e-05,0
11221,21,1.6786476814278417e-05,0
8020,21,1.6786476814278417e-05,0
2678,21,1.6786476814278417e-05,0
10065,21,1.6786476814278417e-05,0
14311,21,1.6786476814278417e-05,0
9827,21,1.6786476814278417e-05,0
9852,21,1.6786476814278417e-05,0
8592,21,1.6786476814278417e-05,0
4660,21,1.6786476814278417e-05,0
13173,21,1.6786476814278417e-05,0
3276,21,1.6786476814278417e-05,0
10816,21,1.6786476814278417e-05,0
10828,21,1.6786476814278417e-05,0
15544,21,1.6786476814278417e-05,0
15545,21,1.6786476814278417e-05,0
8594,21,1.6786476814278417e-05,0
3578,21,1.6786476814278417e-05,0
7070,21,1.6786476814278417e-05,0
14248,21,1.6786476814278417e-05,0
14277,21,1.6786476814278417e-05,0
12594,21,1.6786476814278417e-05,0
12576,21,1.6786476814278417e-05,0
6557,21,1.6786476814278417e-05,0
13718,21,1.6786476814278417e-05,0
10262,21,1.6786476814278417e-05,0
14854,21,1.6786476814278417e-05,0
10282,21,1.6786476814278417e-05,0
11462,21,1.6786476814278417e-05,0
6984,21,1.6786476814278417e-05,0
18170,21,1.6786476814278417e-05,0
5793,21,1.6786476814278417e-05,0
18500,21,1.6786476814278417e-05,0
6941,21,1.6786476814278417e-05,0
6925,21,1.6786476814278417e-05,0
7041,20,1.5987120775503254e-05,0
9791,20,1.5987120775503254e-05,0
9776,20,1.5987120775503254e-05,0
1119,20,1.5987120775503254e-05,0
14168,20,1.5987120775503254e-05,0
12009,20,1.5987120775503254e-05,0
21203,20,1.5987120775503254e-05,0
1881,20,1.5987120775503254e-05,0
11398,20,1.5987120775503254e-05,0
10330,20,1.5987120775503254e-05,0
18166,20,1.5987120775503254e-05,0
5987,20,1.5987120775503254e-05,0
14864,20,1.5987120775503254e-05,0
16269,20,1.5987120775503254e-05,0
16338,20,1.5987120775503254e-05,0
12548,20,1.5987120775503254e-05,0
4785,20,1.5987120775503254e-05,0
11422,20,1.5987120775503254e-05,0
10270,20,1.5987120775503254e-05,0
7079,20,1.5987120775503254e-05,0
6861,20,1.5987120775503254e-05,0
9722,20,1.5987120775503254e-05,0
18726,20,1.5987120775503254e-05,0
4267,20,1.5987120775503254e-05,0
9229,20,1.5987120775503254e-05,0
4817,20,1.5987120775503254e-05,0
12529,20,1.5987120775503254e-05,0
12544,20,1.5987120775503254e-05,0
9134,20,1.5987120775503254e-05,0
18151,20,1.5987120775503254e-05,0
2136,20,1.5987120775503254e-05,0
7614,20,1.5987120775503254e-05,0
403,20,1.5987120775503254e-05,0
3736,20,1.5987120775503254e-05,0
20090,20,1.5987120775503254e-05,0
10221,20,1.5987120775503254e-05,0
7635,20,1.5987120775503254e-05,0
7608,20,1.5987120775503254e-05,0
16404,20,1.5987120775503254e-05,0
3828,20,1.5987120775503254e-05,0
13645,20,1.5987120775503254e-05,0
14942,20,1.5987120775503254e-05,0
18116,20,1.5987120775503254e-05,0
9131,20,1.5987120775503254e-05,0
3812,20,1.5987120775503254e-05,0
16238,20,1.5987120775503254e-05,0
2777,20,1.5987120775503254e-05,0
5822,20,1.5987120775503254e-05,0
12130,20,1.5987120775503254e-05,0
14309,20,1.5987120775503254e-05,0
4135,20,1.5987120775503254e-05,0
15488,20,1.5987120775503254e-05,0
20690,20,1.5987120775503254e-05,0
8636,20,1.5987120775503254e-05,0
7455,20,1.5987120775503254e-05,0
978,20,1.5987120775503254e-05,0
9480,20,1.5987120775503254e-05,0
5862,20,1.5987120775503254e-05,0
9471,20,1.5987120775503254e-05,0
1708,20,1.5987120775503254e-05,0
16609,20,1.5987120775503254e-05,0
7363,20,1.5987120775503254e-05,0
8959,20,1.5987120775503254e-05,0
6111,20,1.5987120775503254e-05,0
10508,20,1.5987120775503254e-05,0
13526,20,1.5987120775503254e-05,0
3390,20,1.5987120775503254e-05,0
6449,20,1.5987120775503254e-05,0
6462,20,1.5987120775503254e-05,0
1509,20,1.5987120775503254e-05,0
10056,20,1.5987120775503254e-05,0
14516,20,1.5987120775503254e-05,0
18308,20,1.5987120775503254e-05,0
12357,20,1.5987120775503254e-05,0
6723,20,1.5987120775503254e-05,0
6710,20,1.5987120775503254e-05,0
11227,20,1.5987120775503254e-05,0
10493,20,1.5987120775503254e-05,0
19298,20,1.5987120775503254e-05,0
8916,20,1.5987120775503254e-05,0
13471,20,1.5987120775503254e-05,0
11138,20,1.5987120775503254e-05,0
11172,20,1.5987120775503254e-05,0
428,20,1.5987120775503254e-05,0
8084,20,1.5987120775503254e-05,0
418,20,1.5987120775503254e-05,0
13565,20,1.5987120775503254e-05,0
7990,20,1.5987120775503254e-05,0
18762,20,1.5987120775503254e-05,0
10439,20,1.5987120775503254e-05,0
7356,20,1.5987120775503254e-05,0
21064,20,1.5987120775503254e-05,0
3471,20,1.5987120775503254e-05,0
7243,20,1.5987120775503254e-05,0
16094,20,1.5987120775503254e-05,0
16110,20,1.5987120775503254e-05,0
2185,20,1.5987120775503254e-05,0
9094,20,1.5987120775503254e-05,0
10461,20,1.5987120775503254e-05,0
20009,20,1.5987120775503254e-05,0
1291,20,1.5987120775503254e-05,0
10453,20,1.5987120775503254e-05,0
15898,20,1.5987120775503254e-05,0
8131,20,1.5987120775503254e-05,0
8173,20,1.5987120775503254e-05,0
10051,20,1.5987120775503254e-05,0
18026,20,1.5987120775503254e-05,0
8972,20,1.5987120775503254e-05,0
9040,20,1.5987120775503254e-05,0
11300,20,1.5987120775503254e-05,0
9567,20,1.5987120775503254e-05,0
9593,20,1.5987120775503254e-05,0
4195,20,1.5987120775503254e-05,0
3148,20,1.5987120775503254e-05,0
8832,20,1.5987120775503254e-05,0
430,20,1.5987120775503254e-05,0
3888,20,1.5987120775503254e-05,0
15185,20,1.5987120775503254e-05,0
10558,20,1.5987120775503254e-05,0
5249,20,1.5987120775503254e-05,0
3924,20,1.5987120775503254e-05,0
8204,20,1.5987120775503254e-05,0
15862,20,1.5987120775503254e-05,0
15914,20,1.5987120775503254e-05,0
15809,20,1.5987120775503254e-05,0
17880,20,1.5987120775503254e-05,0
10407,20,1.5987120775503254e-05,0
10391,20,1.5987120775503254e-05,0
6500,20,1.5987120775503254e-05,0
6528,20,1.5987120775503254e-05,0
5918,20,1.5987120775503254e-05,0
10137,20,1.5987120775503254e-05,0
16487,20,1.5987120775503254e-05,0
18025,20,1.5987120775503254e-05,0
5387,20,1.5987120775503254e-05,0
15279,20,1.5987120775503254e-05,0
6692,20,1.5987120775503254e-05,0
15056,20,1.5987120775503254e-05,0
3100,20,1.5987120775503254e-05,0
13597,20,1.5987120775503254e-05,0
5465,20,1.5987120775503254e-05,0
13590,20,1.5987120775503254e-05,0
16676,20,1.5987120775503254e-05,0
9599,20,1.5987120775503254e-05,0
4405,20,1.5987120775503254e-05,0
9995,20,1.5987120775503254e-05,0
10015,20,1.5987120775503254e-05,0
10003,20,1.5987120775503254e-05,0
7275,20,1.5987120775503254e-05,0
7247,20,1.5987120775503254e-05,0
18241,20,1.5987120775503254e-05,0
10362,20,1.5987120775503254e-05,0
5993,20,1.5987120775503254e-05,0
18100,20,1.5987120775503254e-05,0
10370,20,1.5987120775503254e-05,0
10371,20,1.5987120775503254e-05,0
20079,20,1.5987120775503254e-05,0
2131,20,1.5987120775503254e-05,0
4592,20,1.5987120775503254e-05,0
5476,20,1.5987120775503254e-05,0
7854,20,1.5987120775503254e-05,0
7866,20,1.5987120775503254e-05,0
17324,20,1.5987120775503254e-05,0
11349,20,1.5987120775503254e-05,0
12707,20,1.5987120775503254e-05,0
20142,20,1.5987120775503254e-05,0
12256,20,1.5987120775503254e-05,0
11785,20,1.5987120775503254e-05,0
11570,20,1.5987120775503254e-05,0
1642,20,1.5987120775503254e-05,0
11250,20,1.5987120775503254e-05,0
1239,20,1.5987120775503254e-05,0
3057,20,1.5987120775503254e-05,0
4591,20,1.5987120775503254e-05,0
17865,20,1.5987120775503254e-05,0
13366,20,1.5987120775503254e-05,0
15868,20,1.5987120775503254e-05,0
619,20,1.5987120775503254e-05,0
629,20,1.5987120775503254e-05,0
3322,20,1.5987120775503254e-05,0
11088,20,1.5987120775503254e-05,0
5386,20,1.5987120775503254e-05,0
6852,20,1.5987120775503254e-05,0
234,20,1.5987120775503254e-05,0
3559,20,1.5987120775503254e-05,0
2437,20,1.5987120775503254e-05,0
648,20,1.5987120775503254e-05,0
8442,20,1.5987120775503254e-05,0
10973,20,1.5987120775503254e-05,0
3618,20,1.5987120775503254e-05,0
15816,20,1.5987120775503254e-05,0
6291,20,1.5987120775503254e-05,0
10717,20,1.5987120775503254e-05,0
2337,20,1.5987120775503254e-05,0
8369,20,1.5987120775503254e-05,0
8345,20,1.5987120775503254e-05,0
9678,20,1.5987120775503254e-05,0
1966,20,1.5987120775503254e-05,0
11569,20,1.5987120775503254e-05,0
11804,20,1.5987120775503254e-05,0
7176,20,1.5987120775503254e-05,0
10695,20,1.5987120775503254e-05,0
10633,20,1.5987120775503254e-05,0
13335,20,1.5987120775503254e-05,0
4033,20,1.5987120775503254e-05,0
4017,20,1.5987120775503254e-05,0
12703,20,1.5987120775503254e-05,0
16210,20,1.5987120775503254e-05,0
7787,20,1.5987120775503254e-05,0
6510,20,1.5987120775503254e-05,0
7831,20,1.5987120775503254e-05,0
11501,20,1.5987120775503254e-05,0
10215,20,1.5987120775503254e-05,0
7576,20,1.5987120775503254e-05,0
7098,20,1.5987120775503254e-05,0
12108,20,1.5987120775503254e-05,0
12092,20,1.5987120775503254e-05,0
12067,20,1.5987120775503254e-05,0
7045,20,1.5987120775503254e-05,0
6894,20,1.5987120775503254e-05,0
1976,20,1.5987120775503254e-05,0
4449,20,1.5987120775503254e-05,0
15631,20,1.5987120775503254e-05,0
8472,20,1.5987120775503254e-05,0
17702,20,1.5987120775503254e-05,0
17670,20,1.5987120775503254e-05,0
14117,20,1.5987120775503254e-05,0
11907,20,1.5987120775503254e-05,0
14177,20,1.5987120775503254e-05,0
3551,20,1.5987120775503254e-05,0
6249,20,1.5987120775503254e-05,0
6250,20,1.5987120775503254e-05,0
13071,20,1.5987120775503254e-05,0
10871,20,1.5987120775503254e-05,0
3244,20,1.5987120775503254e-05,0
8611,20,1.5987120775503254e-05,0
19839,20,1.5987120775503254e-05,0
19845,20,1.5987120775503254e-05,0
6538,20,1.5987120775503254e-05,0
3804,20,1.5987120775503254e-05,0
14841,20,1.5987120775503254e-05,0
7693,20,1.5987120775503254e-05,0
4863,20,1.5987120775503254e-05,0
10755,20,1.5987120775503254e-05,0
15692,20,1.5987120775503254e-05,0
4079,20,1.5987120775503254e-05,0
16091,20,1.5987120775503254e-05,0
19079,20,1.5987120775503254e-05,0
1680,20,1.5987120775503254e-05,0
18307,20,1.5987120775503254e-05,0
14571,20,1.5987120775503254e-05,0
2942,20,1.5987120775503254e-05,0
13948,20,1.5987120775503254e-05,0
3672,20,1.5987120775503254e-05,0
16540,20,1.5987120775503254e-05,0
16571,20,1.5987120775503254e-05,0
6099,20,1.5987120775503254e-05,0
8930,20,1.5987120775503254e-05,0
1328,20,1.5987120775503254e-05,0
6408,20,1.5987120775503254e-05,0
6410,20,1.5987120775503254e-05,0
8062,20,1.5987120775503254e-05,0
6232,20,1.5987120775503254e-05,0
2354,20,1.5987120775503254e-05,0
2358,20,1.5987120775503254e-05,0
5674,20,1.5987120775503254e-05,0
2681,20,1.5987120775503254e-05,0
2683,20,1.5987120775503254e-05,0
12337,20,1.5987120775503254e-05,0
17179,20,1.5987120775503254e-05,0
13130,20,1.5987120775503254e-05,0
8596,20,1.5987120775503254e-05,0
8580,20,1.5987120775503254e-05,0
8576,20,1.5987120775503254e-05,0
13162,20,1.5987120775503254e-05,0
17715,20,1.5987120775503254e-05,0
6235,20,1.5987120775503254e-05,0
6222,20,1.5987120775503254e-05,0
16415,19,1.5187764736728092e-05,0
5435,19,1.5187764736728092e-05,0
6107,19,1.5187764736728092e-05,0
8860,19,1.5187764736728092e-05,0
13451,19,1.5187764736728092e-05,0
11516,19,1.5187764736728092e-05,0
7575,19,1.5187764736728092e-05,0
7632,19,1.5187764736728092e-05,0
17956,19,1.5187764736728092e-05,0
16397,19,1.5187764736728092e-05,0
16399,19,1.5187764736728092e-05,0
815,19,1.5187764736728092e-05,0
3690,19,1.5187764736728092e-05,0
3694,19,1.5187764736728092e-05,0
7630,19,1.5187764736728092e-05,0
15893,19,1.5187764736728092e-05,0
6352,19,1.5187764736728092e-05,0
19789,19,1.5187764736728092e-05,0
535,19,1.5187764736728092e-05,0
19031,19,1.5187764736728092e-05,0
11143,19,1.5187764736728092e-05,0
11920,19,1.5187764736728092e-05,0
1898,19,1.5187764736728092e-05,0
189,19,1.5187764736728092e-05,0
21166,19,1.5187764736728092e-05,0
4471,19,1.5187764736728092e-05,0
5686,19,1.5187764736728092e-05,0
4425,19,1.5187764736728092e-05,0
10565,19,1.5187764736728092e-05,0
10580,19,1.5187764736728092e-05,0
8864,19,1.5187764736728092e-05,0
6610,19,1.5187764736728092e-05,0
2105,19,1.5187764736728092e-05,0
8977,19,1.5187764736728092e-05,0
9007,19,1.5187764736728092e-05,0
8984,19,1.5187764736728092e-05,0
10442,19,1.5187764736728092e-05,0
4204,19,1.5187764736728092e-05,0
3144,19,1.5187764736728092e-05,0
896,19,1.5187764736728092e-05,0
18800,19,1.5187764736728092e-05,0
6068,19,1.5187764736728092e-05,0
13405,19,1.5187764736728092e-05,0
15224,19,1.5187764736728092e-05,0
4208,19,1.5187764736728092e-05,0
3170,19,1.5187764736728092e-05,0
12991,19,1.5187764736728092e-05,0
17564,19,1.5187764736728092e-05,0
6315,19,1.5187764736728092e-05,0
9945,19,1.5187764736728092e-05,0
9947,19,1.5187764736728092e-05,0
9929,19,1.5187764736728092e-05,0
9701,19,1.5187764736728092e-05,0
14333,19,1.5187764736728092e-05,0
12845,19,1.5187764736728092e-05,0
9622,19,1.5187764736728092e-05,0
12852,19,1.5187764736728092e-05,0
15244,19,1.5187764736728092e-05,0
4222,19,1.5187764736728092e-05,0
10614,19,1.5187764736728092e-05,0
7500,19,1.5187764736728092e-05,0
19579,19,1.5187764736728092e-05,0
7507,19,1.5187764736728092e-05,0
4888,19,1.5187764736728092e-05,0
4603,19,1.5187764736728092e-05,0
15006,19,1.5187764736728092e-05,0
11591,19,1.5187764736728092e-05,0
4890,19,1.5187764736728092e-05,0
8762,19,1.5187764736728092e-05,0
374,19,1.5187764736728092e-05,0
5154,19,1.5187764736728092e-05,0
391,19,1.5187764736728092e-05,0
12155,19,1.5187764736728092e-05,0
3599,19,1.5187764736728092e-05,0
9654,19,1.5187764736728092e-05,0
12183,19,1.5187764736728092e-05,0
12118,19,1.5187764736728092e-05,0
2696,19,1.5187764736728092e-05,0
16805,19,1.5187764736728092e-05,0
6868,19,1.5187764736728092e-05,0
12802,19,1.5187764736728092e-05,0
11203,19,1.5187764736728092e-05,0
11175,19,1.5187764736728092e-05,0
9605,19,1.5187764736728092e-05,0
8050,19,1.5187764736728092e-05,0
6407,19,1.5187764736728092e-05,0
8070,19,1.5187764736728092e-05,0
6405,19,1.5187764736728092e-05,0
5477,19,1.5187764736728092e-05,0
17280,19,1.5187764736728092e-05,0
3033,19,1.5187764736728092e-05,0
9089,19,1.5187764736728092e-05,0
15074,19,1.5187764736728092e-05,0
9060,19,1.5187764736728092e-05,0
6025,19,1.5187764736728092e-05,0
14981,19,1.5187764736728092e-05,0
10626,19,1.5187764736728092e-05,0
8822,19,1.5187764736728092e-05,0
12564,19,1.5187764736728092e-05,0
12567,19,1.5187764736728092e-05,0
12570,19,1.5187764736728092e-05,0
12518,19,1.5187764736728092e-05,0
7664,19,1.5187764736728092e-05,0
4834,19,1.5187764736728092e-05,0
14465,19,1.5187764736728092e-05,0
14454,19,1.5187764736728092e-05,0
18617,19,1.5187764736728092e-05,0
9982,19,1.5187764736728092e-05,0
10005,19,1.5187764736728092e-05,0
6443,19,1.5187764736728092e-05,0
13965,19,1.5187764736728092e-05,0
9574,19,1.5187764736728092e-05,0
14032,19,1.5187764736728092e-05,0
6444,19,1.5187764736728092e-05,0
7973,19,1.5187764736728092e-05,0
3972,19,1.5187764736728092e-05,0
6309,19,1.5187764736728092e-05,0
8261,19,1.5187764736728092e-05,0
9154,19,1.5187764736728092e-05,0
9184,19,1.5187764736728092e-05,0
13309,19,1.5187764736728092e-05,0
13317,19,1.5187764736728092e-05,0
10656,19,1.5187764736728092e-05,0
12408,19,1.5187764736728092e-05,0
7551,19,1.5187764736728092e-05,0
350,19,1.5187764736728092e-05,0
11585,19,1.5187764736728092e-05,0
677,19,1.5187764736728092e-05,0
10662,19,1.5187764736728092e-05,0
10675,19,1.5187764736728092e-05,0
10710,19,1.5187764736728092e-05,0
6156,19,1.5187764736728092e-05,0
19924,19,1.5187764736728092e-05,0
3182,19,1.5187764736728092e-05,0
2029,19,1.5187764736728092e-05,0
18624,19,1.5187764736728092e-05,0
11872,19,1.5187764736728092e-05,0
5633,19,1.5187764736728092e-05,0
5621,19,1.5187764736728092e-05,0
16082,19,1.5187764736728092e-05,0
8335,19,1.5187764736728092e-05,0
8341,19,1.5187764736728092e-05,0
4053,19,1.5187764736728092e-05,0
17606,19,1.5187764736728092e-05,0
8382,19,1.5187764736728092e-05,0
6339,19,1.5187764736728092e-05,0
4698,19,1.5187764736728092e-05,0
11040,19,1.5187764736728092e-05,0
16514,19,1.5187764736728092e-05,0
5962,19,1.5187764736728092e-05,0
12310,19,1.5187764736728092e-05,0
10367,19,1.5187764736728092e-05,0
14906,19,1.5187764736728092e-05,0
9170,19,1.5187764736728092e-05,0
11436,19,1.5187764736728092e-05,0
13254,19,1.5187764736728092e-05,0
13268,19,1.5187764736728092e-05,0
10719,19,1.5187764736728092e-05,0
4784,19,1.5187764736728092e-05,0
12547,19,1.5187764736728092e-05,0
7805,19,1.5187764736728092e-05,0
19655,19,1.5187764736728092e-05,0
11429,19,1.5187764736728092e-05,0
14531,19,1.5187764736728092e-05,0
9469,19,1.5187764736728092e-05,0
13940,19,1.5187764736728092e-05,0
18316,19,1.5187764736728092e-05,0
8403,19,1.5187764736728092e-05,0
7203,19,1.5187764736728092e-05,0
18644,19,1.5187764736728092e-05,0
17590,19,1.5187764736728092e-05,0
13063,19,1.5187764736728092e-05,0
13086,19,1.5187764736728092e-05,0
10944,19,1.5187764736728092e-05,0
6246,19,1.5187764736728092e-05,0
6256,19,1.5187764736728092e-05,0
6255,19,1.5187764736728092e-05,0
6254,19,1.5187764736728092e-05,0
6283,19,1.5187764736728092e-05,0
1437,19,1.5187764736728092e-05,0
6285,19,1.5187764736728092e-05,0
20659,19,1.5187764736728092e-05,0
18113,19,1.5187764736728092e-05,0
4530,19,1.5187764736728092e-05,0
10339,19,1.5187764736728092e-05,0
7408,19,1.5187764736728092e-05,0
17820,19,1.5187764736728092e-05,0
5984,19,1.5187764736728092e-05,0
14904,19,1.5187764736728092e-05,0
14905,19,1.5187764736728092e-05,0
14853,19,1.5187764736728092e-05,0
14908,19,1.5187764736728092e-05,0
10340,19,1.5187764736728092e-05,0
4551,19,1.5187764736728092e-05,0
20082,19,1.5187764736728092e-05,0
19895,19,1.5187764736728092e-05,0
10771,19,1.5187764736728092e-05,0
10754,19,1.5187764736728092e-05,0
9456,19,1.5187764736728092e-05,0
4484,19,1.5187764736728092e-05,0
11315,19,1.5187764736728092e-05,0
5573,19,1.5187764736728092e-05,0
4361,19,1.5187764736728092e-05,0
2940,19,1.5187764736728092e-05,0
9439,19,1.5187764736728092e-05,0
11311,19,1.5187764736728092e-05,0
7914,19,1.5187764736728092e-05,0
7898,19,1.5187764736728092e-05,0
7940,19,1.5187764736728092e-05,0
16156,19,1.5187764736728092e-05,0
17352,19,1.5187764736728092e-05,0
10947,19,1.5187764736728092e-05,0
13030,19,1.5187764736728092e-05,0
17637,19,1.5187764736728092e-05,0
10276,19,1.5187764736728092e-05,0
9312,19,1.5187764736728092e-05,0
5517,19,1.5187764736728092e-05,0
13712,19,1.5187764736728092e-05,0
19301,19,1.5187764736728092e-05,0
18725,19,1.5187764736728092e-05,0
3750,19,1.5187764736728092e-05,0
17298,19,1.5187764736728092e-05,0
17299,19,1.5187764736728092e-05,0
2379,19,1.5187764736728092e-05,0
5157,19,1.5187764736728092e-05,0
6537,19,1.5187764736728092e-05,0
4958,19,1.5187764736728092e-05,0
17138,19,1.5187764736728092e-05,0
10846,19,1.5187764736728092e-05,0
13188,19,1.5187764736728092e-05,0
18929,19,1.5187764736728092e-05,0
7274,19,1.5187764736728092e-05,0
11802,19,1.5187764736728092e-05,0
10873,19,1.5187764736728092e-05,0
9368,19,1.5187764736728092e-05,0
18270,19,1.5187764736728092e-05,0
15654,19,1.5187764736728092e-05,0
8464,19,1.5187764736728092e-05,0
19825,19,1.5187764736728092e-05,0
1756,19,1.5187764736728092e-05,0
12217,19,1.5187764736728092e-05,0
20746,19,1.5187764736728092e-05,0
6728,19,1.5187764736728092e-05,0
5074,19,1.5187764736728092e-05,0
19551,19,1.5187764736728092e-05,0
7375,19,1.5187764736728092e-05,0
7318,19,1.5187764736728092e-05,0
2080,19,1.5187764736728092e-05,0
4276,19,1.5187764736728092e-05,0
14847,19,1.5187764736728092e-05,0
13758,19,1.5187764736728092e-05,0
16595,19,1.5187764736728092e-05,0
3670,19,1.5187764736728092e-05,0
3663,19,1.5187764736728092e-05,0
2151,19,1.5187764736728092e-05,0
19165,19,1.5187764736728092e-05,0
19169,19,1.5187764736728092e-05,0
10783,19,1.5187764736728092e-05,0
10788,19,1.5187764736728092e-05,0
15478,19,1.5187764736728092e-05,0
15577,19,1.5187764736728092e-05,0
11383,19,1.5187764736728092e-05,0
6514,19,1.5187764736728092e-05,0
12636,19,1.5187764736728092e-05,0
19194,19,1.5187764736728092e-05,0
12702,19,1.5187764736728092e-05,0
12292,19,1.5187764736728092e-05,0
8575,19,1.5187764736728092e-05,0
7329,19,1.5187764736728092e-05,0
13809,19,1.5187764736728092e-05,0
14606,19,1.5187764736728092e-05,0
12681,19,1.5187764736728092e-05,0
13111,19,1.5187764736728092e-05,0
8520,19,1.5187764736728092e-05,0
14712,19,1.5187764736728092e-05,0
4666,19,1.5187764736728092e-05,0
13770,19,1.5187764736728092e-05,0
4343,19,1.5187764736728092e-05,0
18688,19,1.5187764736728092e-05,0
8539,19,1.5187764736728092e-05,0
13159,19,1.5187764736728092e-05,0
15466,19,1.5187764736728092e-05,0
6202,19,1.5187764736728092e-05,0
8567,19,1.5187764736728092e-05,0
8578,19,1.5187764736728092e-05,0
8587,19,1.5187764736728092e-05,0
5338,19,1.5187764736728092e-05,0
15612,19,1.5187764736728092e-05,0
16839,19,1.5187764736728092e-05,0
17002,19,1.5187764736728092e-05,0
176,19,1.5187764736728092e-05,0
7037,19,1.5187764736728092e-05,0
6981,19,1.5187764736728092e-05,0
11974,19,1.5187764736728092e-05,0
3524,19,1.5187764736728092e-05,0
3542,19,1.5187764736728092e-05,0
5709,19,1.5187764736728092e-05,0
16987,19,1.5187764736728092e-05,0
7085,19,1.5187764736728092e-05,0
1858,19,1.5187764736728092e-05,0
8949,19,1.5187764736728092e-05,0
6064,19,1.5187764736728092e-05,0
8915,19,1.5187764736728092e-05,0
17978,19,1.5187764736728092e-05,0
10521,19,1.5187764736728092e-05,0
14154,19,1.5187764736728092e-05,0
14098,19,1.5187764736728092e-05,0
2767,19,1.5187764736728092e-05,0
4445,19,1.5187764736728092e-05,0
9731,19,1.5187764736728092e-05,0
19078,19,1.5187764736728092e-05,0
12917,19,1.5187764736728092e-05,0
15872,19,1.5187764736728092e-05,0
3918,19,1.5187764736728092e-05,0
14088,19,1.5187764736728092e-05,0
14094,19,1.5187764736728092e-05,0
8163,19,1.5187764736728092e-05,0
2277,19,1.5187764736728092e-05,0
15952,19,1.5187764736728092e-05,0
11108,19,1.5187764736728092e-05,0
21230,19,1.5187764736728092e-05,0
76,19,1.5187764736728092e-05,0
190,19,1.5187764736728092e-05,0
15922,19,1.5187764736728092e-05,0
16896,18,1.4388408697952929e-05,0
6943,18,1.4388408697952929e-05,0
1099,18,1.4388408697952929e-05,0
1152,18,1.4388408697952929e-05,0
16950,18,1.4388408697952929e-05,0
11115,18,1.4388408697952929e-05,0
531,18,1.4388408697952929e-05,0
563,18,1.4388408697952929e-05,0
4710,18,1.4388408697952929e-05,0
3917,18,1.4388408697952929e-05,0
616,18,1.4388408697952929e-05,0
18438,18,1.4388408697952929e-05,0
5776,18,1.4388408697952929e-05,0
5789,18,1.4388408697952929e-05,0
1046,18,1.4388408697952929e-05,0
8998,18,1.4388408697952929e-05,0
19988,18,1.4388408697952929e-05,0
5707,18,1.4388408697952929e-05,0
7054,18,1.4388408697952929e-05,0
16962,18,1.4388408697952929e-05,0
1922,18,1.4388408697952929e-05,0
15852,18,1.4388408697952929e-05,0
11900,18,1.4388408697952929e-05,0
12096,18,1.4388408697952929e-05,0
12095,18,1.4388408697952929e-05,0
12037,18,1.4388408697952929e-05,0
6915,18,1.4388408697952929e-05,0
12042,18,1.4388408697952929e-05,0
6926,18,1.4388408697952929e-05,0
5345,18,1.4388408697952929e-05,0
11526,18,1.4388408697952929e-05,0
11538,18,1.4388408697952929e-05,0
9836,18,1.4388408697952929e-05,0
5673,18,1.4388408697952929e-05,0
9788,18,1.4388408697952929e-05,0
9773,18,1.4388408697952929e-05,0
14210,18,1.4388408697952929e-05,0
5670,18,1.4388408697952929e-05,0
4253,18,1.4388408697952929e-05,0
18001,18,1.4388408697952929e-05,0
9003,18,1.4388408697952929e-05,0
9082,18,1.4388408697952929e-05,0
13548,18,1.4388408697952929e-05,0
10447,18,1.4388408697952929e-05,0
10449,18,1.4388408697952929e-05,0
2089,18,1.4388408697952929e-05,0
12929,18,1.4388408697952929e-05,0
12935,18,1.4388408697952929e-05,0
15833,18,1.4388408697952929e-05,0
3305,18,1.4388408697952929e-05,0
10553,18,1.4388408697952929e-05,0
17908,18,1.4388408697952929e-05,0
767,18,1.4388408697952929e-05,0
8841,18,1.4388408697952929e-05,0
5859,18,1.4388408697952929e-05,0
9650,18,1.4388408697952929e-05,0
14352,18,1.4388408697952929e-05,0
9938,18,1.4388408697952929e-05,0
1032,18,1.4388408697952929e-05,0
14044,18,1.4388408697952929e-05,0
14348,18,1.4388408697952929e-05,0
11052,18,1.4388408697952929e-05,0
3235,18,1.4388408697952929e-05,0
13147,18,1.4388408697952929e-05,0
10874,18,1.4388408697952929e-05,0
8516,18,1.4388408697952929e-05,0
18676,18,1.4388408697952929e-05,0
10131,18,1.4388408697952929e-05,0
4327,18,1.4388408697952929e-05,0
18278,18,1.4388408697952929e-05,0
1816,18,1.4388408697952929e-05,0
8499,18,1.4388408697952929e-05,0
6223,18,1.4388408697952929e-05,0
6237,18,1.4388408697952929e-05,0
3285,18,1.4388408697952929e-05,0
5292,18,1.4388408697952929e-05,0
5302,18,1.4388408697952929e-05,0
15560,18,1.4388408697952929e-05,0
19864,18,1.4388408697952929e-05,0
3396,18,1.4388408697952929e-05,0
2413,18,1.4388408697952929e-05,0
13754,18,1.4388408697952929e-05,0
4283,18,1.4388408697952929e-05,0
3669,18,1.4388408697952929e-05,0
12307,18,1.4388408697952929e-05,0
12269,18,1.4388408697952929e-05,0
11748,18,1.4388408697952929e-05,0
6763,18,1.4388408697952929e-05,0
4501,18,1.4388408697952929e-05,0
12283,18,1.4388408697952929e-05,0
12299,18,1.4388408697952929e-05,0
12230,18,1.4388408697952929e-05,0
5319,18,1.4388408697952929e-05,0
5323,18,1.4388408697952929e-05,0
10934,18,1.4388408697952929e-05,0
11294,18,1.4388408697952929e-05,0
19131,18,1.4388408697952929e-05,0
5217,18,1.4388408697952929e-05,0
12193,18,1.4388408697952929e-05,0
9410,18,1.4388408697952929e-05,0
4381,18,1.4388408697952929e-05,0
4483,18,1.4388408697952929e-05,0
10279,18,1.4388408697952929e-05,0
9318,18,1.4388408697952929e-05,0
13751,18,1.4388408697952929e-05,0
9334,18,1.4388408697952929e-05,0
10959,18,1.4388408697952929e-05,0
17655,18,1.4388408697952929e-05,0
4068,18,1.4388408697952929e-05,0
10927,18,1.4388408697952929e-05,0
3823,18,1.4388408697952929e-05,0
16222,18,1.4388408697952929e-05,0
6549,18,1.4388408697952929e-05,0
11401,18,1.4388408697952929e-05,0
11410,18,1.4388408697952929e-05,0
9257,18,1.4388408697952929e-05,0
14804,18,1.4388408697952929e-05,0
18200,18,1.4388408697952929e-05,0
10146,18,1.4388408697952929e-05,0
12191,18,1.4388408697952929e-05,0
16670,18,1.4388408697952929e-05,0
3514,18,1.4388408697952929e-05,0
6790,18,1.4388408697952929e-05,0
11753,18,1.4388408697952929e-05,0
13190,18,1.4388408697952929e-05,0
20927,18,1.4388408697952929e-05,0
14573,18,1.4388408697952929e-05,0
7189,18,1.4388408697952929e-05,0
7216,18,1.4388408697952929e-05,0
10101,18,1.4388408697952929e-05,0
10096,18,1.4388408697952929e-05,0
14546,18,1.4388408697952929e-05,0
5869,18,1.4388408697952929e-05,0
20387,18,1.4388408697952929e-05,0
13278,18,1.4388408697952929e-05,0
8671,18,1.4388408697952929e-05,0
15382,18,1.4388408697952929e-05,0
613,18,1.4388408697952929e-05,0
6281,18,1.4388408697952929e-05,0
8397,18,1.4388408697952929e-05,0
10999,18,1.4388408697952929e-05,0
10984,18,1.4388408697952929e-05,0
11697,18,1.4388408697952929e-05,0
17170,18,1.4388408697952929e-05,0
7432,18,1.4388408697952929e-05,0
6744,18,1.4388408697952929e-05,0
7350,18,1.4388408697952929e-05,0
11690,18,1.4388408697952929e-05,0
16541,18,1.4388408697952929e-05,0
2488,18,1.4388408697952929e-05,0
6813,18,1.4388408697952929e-05,0
16723,18,1.4388408697952929e-05,0
7200,18,1.4388408697952929e-05,0
1806,18,1.4388408697952929e-05,0
4156,18,1.4388408697952929e-05,0
4162,18,1.4388408697952929e-05,0
17811,18,1.4388408697952929e-05,0
8701,18,1.4388408697952929e-05,0
7919,18,1.4388408697952929e-05,0
7988,18,1.4388408697952929e-05,0
20868,18,1.4388408697952929e-05,0
16057,18,1.4388408697952929e-05,0
6826,18,1.4388408697952929e-05,0
3647,18,1.4388408697952929e-05,0
3639,18,1.4388408697952929e-05,0
6829,18,1.4388408697952929e-05,0
4919,18,1.4388408697952929e-05,0
11655,18,1.4388408697952929e-05,0
8362,18,1.4388408697952929e-05,0
8346,18,1.4388408697952929e-05,0
4064,18,1.4388408697952929e-05,0
16078,18,1.4388408697952929e-05,0
16070,18,1.4388408697952929e-05,0
3845,18,1.4388408697952929e-05,0
7758,18,1.4388408697952929e-05,0
9120,18,1.4388408697952929e-05,0
9172,18,1.4388408697952929e-05,0
16518,18,1.4388408697952929e-05,0
11666,18,1.4388408697952929e-05,0
16505,18,1.4388408697952929e-05,0
6701,18,1.4388408697952929e-05,0
9223,18,1.4388408697952929e-05,0
10016,18,1.4388408697952929e-05,0
19677,18,1.4388408697952929e-05,0
12549,18,1.4388408697952929e-05,0
11454,18,1.4388408697952929e-05,0
11479,18,1.4388408697952929e-05,0
11445,18,1.4388408697952929e-05,0
13269,18,1.4388408697952929e-05,0
7706,18,1.4388408697952929e-05,0
12798,18,1.4388408697952929e-05,0
12783,18,1.4388408697952929e-05,0
8047,18,1.4388408697952929e-05,0
3353,18,1.4388408697952929e-05,0
16020,18,1.4388408697952929e-05,0
7955,18,1.4388408697952929e-05,0
7957,18,1.4388408697952929e-05,0
12788,18,1.4388408697952929e-05,0
6688,18,1.4388408697952929e-05,0
9186,18,1.4388408697952929e-05,0
9210,18,1.4388408697952929e-05,0
12409,18,1.4388408697952929e-05,0
12976,18,1.4388408697952929e-05,0
15815,18,1.4388408697952929e-05,0
12998,18,1.4388408697952929e-05,0
5193,18,1.4388408697952929e-05,0
3174,18,1.4388408697952929e-05,0
4627,18,1.4388408697952929e-05,0
10661,18,1.4388408697952929e-05,0
6641,18,1.4388408697952929e-05,0
6664,18,1.4388408697952929e-05,0
17190,18,1.4388408697952929e-05,0
17201,18,1.4388408697952929e-05,0
11601,18,1.4388408697952929e-05,0
17064,18,1.4388408697952929e-05,0
3615,18,1.4388408697952929e-05,0
18619,18,1.4388408697952929e-05,0
2706,18,1.4388408697952929e-05,0
10686,18,1.4388408697952929e-05,0
8741,18,1.4388408697952929e-05,0
15383,18,1.4388408697952929e-05,0
8745,18,1.4388408697952929e-05,0
11162,18,1.4388408697952929e-05,0
6411,18,1.4388408697952929e-05,0
12808,18,1.4388408697952929e-05,0
7137,18,1.4388408697952929e-05,0
5840,18,1.4388408697952929e-05,0
14033,18,1.4388408697952929e-05,0
18614,18,1.4388408697952929e-05,0
3610,18,1.4388408697952929e-05,0
10368,18,1.4388408697952929e-05,0
9125,18,1.4388408697952929e-05,0
5995,18,1.4388408697952929e-05,0
14965,18,1.4388408697952929e-05,0
16318,18,1.4388408697952929e-05,0
8778,18,1.4388408697952929e-05,0
12938,18,1.4388408697952929e-05,0
12963,18,1.4388408697952929e-05,0
12491,18,1.4388408697952929e-05,0
17252,18,1.4388408697952929e-05,0
8825,18,1.4388408697952929e-05,0
6588,18,1.4388408697952929e-05,0
5459,18,1.4388408697952929e-05,0
5460,18,1.4388408697952929e-05,0
14962,18,1.4388408697952929e-05,0
10353,18,1.4388408697952929e-05,0
9589,18,1.4388408697952929e-05,0
20208,18,1.4388408697952929e-05,0
18347,18,1.4388408697952929e-05,0
2860,18,1.4388408697952929e-05,0
10012,18,1.4388408697952929e-05,0
15750,18,1.4388408697952929e-05,0
12573,18,1.4388408697952929e-05,0
7677,18,1.4388408697952929e-05,0
11168,18,1.4388408697952929e-05,0
8076,18,1.4388408697952929e-05,0
8107,18,1.4388408697952929e-05,0
11094,18,1.4388408697952929e-05,0
11141,18,1.4388408697952929e-05,0
16026,18,1.4388408697952929e-05,0
2280,18,1.4388408697952929e-05,0
9674,18,1.4388408697952929e-05,0
7503,18,1.4388408697952929e-05,0
15000,18,1.4388408697952929e-05,0
10608,18,1.4388408697952929e-05,0
6123,18,1.4388408697952929e-05,0
819,18,1.4388408697952929e-05,0
8796,18,1.4388408697952929e-05,0
10618,18,1.4388408697952929e-05,0
11184,18,1.4388408697952929e-05,0
5148,18,1.4388408697952929e-05,0
20584,18,1.4388408697952929e-05,0
407,18,1.4388408697952929e-05,0
4869,18,1.4388408697952929e-05,0
4896,18,1.4388408697952929e-05,0
16409,18,1.4388408697952929e-05,0
5116,18,1.4388408697952929e-05,0
13546,18,1.4388408697952929e-05,0
11888,18,1.4388408697952929e-05,0
7127,18,1.4388408697952929e-05,0
5014,18,1.4388408697952929e-05,0
2008,18,1.4388408697952929e-05,0
9679,18,1.4388408697952929e-05,0
3545,18,1.4388408697952929e-05,0
19228,18,1.4388408697952929e-05,0
7695,18,1.4388408697952929e-05,0
878,18,1.4388408697952929e-05,0
7538,18,1.4388408697952929e-05,0
6652,18,1.4388408697952929e-05,0
5413,18,1.4388408697952929e-05,0
8956,18,1.4388408697952929e-05,0
6112,18,1.4388408697952929e-05,0
12015,18,1.4388408697952929e-05,0
10812,18,1.4388408697952929e-05,0
13494,18,1.4388408697952929e-05,0
15199,18,1.4388408697952929e-05,0
19997,18,1.4388408697952929e-05,0
1658,18,1.4388408697952929e-05,0
11552,18,1.4388408697952929e-05,0
7636,18,1.4388408697952929e-05,0
17234,18,1.4388408697952929e-05,0
816,18,1.4388408697952929e-05,0
18541,18,1.4388408697952929e-05,0
18554,18,1.4388408697952929e-05,0
18464,18,1.4388408697952929e-05,0
17557,18,1.4388408697952929e-05,0
19774,18,1.4388408697952929e-05,0
16377,18,1.4388408697952929e-05,0
12468,18,1.4388408697952929e-05,0
12482,18,1.4388408697952929e-05,0
9880,18,1.4388408697952929e-05,0
5733,18,1.4388408697952929e-05,0
6854,18,1.4388408697952929e-05,0
6882,18,1.4388408697952929e-05,0
17037,18,1.4388408697952929e-05,0
9867,18,1.4388408697952929e-05,0
167,18,1.4388408697952929e-05,0
4983,18,1.4388408697952929e-05,0
7907,18,1.4388408697952929e-05,0
20711,18,1.4388408697952929e-05,0
7852,18,1.4388408697952929e-05,0
20893,18,1.4388408697952929e-05,0
9344,18,1.4388408697952929e-05,0
21086,18,1.4388408697952929e-05,0
7293,18,1.4388408697952929e-05,0
11761,18,1.4388408697952929e-05,0
6242,18,1.4388408697952929e-05,0
13113,18,1.4388408697952929e-05,0
13100,18,1.4388408697952929e-05,0
6487,18,1.4388408697952929e-05,0
13114,18,1.4388408697952929e-05,0
3398,18,1.4388408697952929e-05,0
6525,18,1.4388408697952929e-05,0
11337,18,1.4388408697952929e-05,0
4336,18,1.4388408697952929e-05,0
14687,18,1.4388408697952929e-05,0
2597,18,1.4388408697952929e-05,0
14710,18,1.4388408697952929e-05,0
5894,18,1.4388408697952929e-05,0
5903,18,1.4388408697952929e-05,0
4649,18,1.4388408697952929e-05,0
15586,18,1.4388408697952929e-05,0
13176,18,1.4388408697952929e-05,0
3263,18,1.4388408697952929e-05,0
8548,18,1.4388408697952929e-05,0
8551,18,1.4388408697952929e-05,0
15468,18,1.4388408697952929e-05,0
18209,18,1.4388408697952929e-05,0
18210,18,1.4388408697952929e-05,0
10239,18,1.4388408697952929e-05,0
21218,17,1.3589052659177767e-05,0
6985,17,1.3589052659177767e-05,0
21257,17,1.3589052659177767e-05,0
19416,17,1.3589052659177767e-05,0
16916,17,1.3589052659177767e-05,0
179,17,1.3589052659177767e-05,0
12058,17,1.3589052659177767e-05,0
5713,17,1.3589052659177767e-05,0
1918,17,1.3589052659177767e-05,0
16874,17,1.3589052659177767e-05,0
12079,17,1.3589052659177767e-05,0
18595,17,1.3589052659177767e-05,0
4459,17,1.3589052659177767e-05,0
5636,17,1.3589052659177767e-05,0
14272,17,1.3589052659177767e-05,0
5676,17,1.3589052659177767e-05,0
3583,17,1.3589052659177767e-05,0
1894,17,1.3589052659177767e-05,0
8196,17,1.3589052659177767e-05,0
12863,17,1.3589052659177767e-05,0
17524,17,1.3589052659177767e-05,0
12911,17,1.3589052659177767e-05,0
19994,17,1.3589052659177767e-05,0
2543,17,1.3589052659177767e-05,0
3738,17,1.3589052659177767e-05,0
11568,17,1.3589052659177767e-05,0
17235,17,1.3589052659177767e-05,0
12466,17,1.3589052659177767e-05,0
7634,17,1.3589052659177767e-05,0
7571,17,1.3589052659177767e-05,0
7647,17,1.3589052659177767e-05,0
12438,17,1.3589052659177767e-05,0
5432,17,1.3589052659177767e-05,0
6106,17,1.3589052659177767e-05,0
877,17,1.3589052659177767e-05,0
7584,17,1.3589052659177767e-05,0
17240,17,1.3589052659177767e-05,0
13491,17,1.3589052659177767e-05,0
13492,17,1.3589052659177767e-05,0
9973,17,1.3589052659177767e-05,0
9675,17,1.3589052659177767e-05,0
3946,17,1.3589052659177767e-05,0
11137,17,1.3589052659177767e-05,0
14324,17,1.3589052659177767e-05,0
1086,17,1.3589052659177767e-05,0
9953,17,1.3589052659177767e-05,0
18607,17,1.3589052659177767e-05,0
14056,17,1.3589052659177767e-05,0
5230,17,1.3589052659177767e-05,0
12932,17,1.3589052659177767e-05,0
14339,17,1.3589052659177767e-05,0
2809,17,1.3589052659177767e-05,0
12803,17,1.3589052659177767e-05,0
16003,17,1.3589052659177767e-05,0
3314,17,1.3589052659177767e-05,0
6326,17,1.3589052659177767e-05,0
13510,17,1.3589052659177767e-05,0
15134,17,1.3589052659177767e-05,0
15147,17,1.3589052659177767e-05,0
17996,17,1.3589052659177767e-05,0
9011,17,1.3589052659177767e-05,0
3155,17,1.3589052659177767e-05,0
9039,17,1.3589052659177767e-05,0
13530,17,1.3589052659177767e-05,0
18809,17,1.3589052659177767e-05,0
5473,17,1.3589052659177767e-05,0
10412,17,1.3589052659177767e-05,0
13531,17,1.3589052659177767e-05,0
17939,17,1.3589052659177767e-05,0
8992,17,1.3589052659177767e-05,0
1311,17,1.3589052659177767e-05,0
9103,17,1.3589052659177767e-05,0
3739,17,1.3589052659177767e-05,0
7653,17,1.3589052659177767e-05,0
7654,17,1.3589052659177767e-05,0
7655,17,1.3589052659177767e-05,0
1316,17,1.3589052659177767e-05,0
17884,17,1.3589052659177767e-05,0
6145,17,1.3589052659177767e-05,0
1637,17,1.3589052659177767e-05,0
16413,17,1.3589052659177767e-05,0
794,17,1.3589052659177767e-05,0
795,17,1.3589052659177767e-05,0
7506,17,1.3589052659177767e-05,0
6689,17,1.3589052659177767e-05,0
16446,17,1.3589052659177767e-05,0
15237,17,1.3589052659177767e-05,0
6133,17,1.3589052659177767e-05,0
10405,17,1.3589052659177767e-05,0
15001,17,1.3589052659177767e-05,0
8876,17,1.3589052659177767e-05,0
13397,17,1.3589052659177767e-05,0
10555,17,1.3589052659177767e-05,0
3613,17,1.3589052659177767e-05,0
11883,17,1.3589052659177767e-05,0
16813,17,1.3589052659177767e-05,0
5854,17,1.3589052659177767e-05,0
8037,17,1.3589052659177767e-05,0
5276,17,1.3589052659177767e-05,0
12184,17,1.3589052659177767e-05,0
12131,17,1.3589052659177767e-05,0
11247,17,1.3589052659177767e-05,0
5273,17,1.3589052659177767e-05,0
12990,17,1.3589052659177767e-05,0
10027,17,1.3589052659177767e-05,0
10050,17,1.3589052659177767e-05,0
20207,17,1.3589052659177767e-05,0
6460,17,1.3589052659177767e-05,0
3084,17,1.3589052659177767e-05,0
907,17,1.3589052659177767e-05,0
6027,17,1.3589052659177767e-05,0
10410,17,1.3589052659177767e-05,0
10358,17,1.3589052659177767e-05,0
13594,17,1.3589052659177767e-05,0
10372,17,1.3589052659177767e-05,0
13618,17,1.3589052659177767e-05,0
9071,17,1.3589052659177767e-05,0
9072,17,1.3589052659177767e-05,0
13350,17,1.3589052659177767e-05,0
13354,17,1.3589052659177767e-05,0
13365,17,1.3589052659177767e-05,0
4182,17,1.3589052659177767e-05,0
4864,17,1.3589052659177767e-05,0
19601,17,1.3589052659177767e-05,0
4410,17,1.3589052659177767e-05,0
4397,17,1.3589052659177767e-05,0
9558,17,1.3589052659177767e-05,0
9566,17,1.3589052659177767e-05,0
8376,17,1.3589052659177767e-05,0
8009,17,1.3589052659177767e-05,0
9979,17,1.3589052659177767e-05,0
10014,17,1.3589052659177767e-05,0
7939,17,1.3589052659177767e-05,0
7986,17,1.3589052659177767e-05,0
8334,17,1.3589052659177767e-05,0
19812,17,1.3589052659177767e-05,0
2222,17,1.3589052659177767e-05,0
1955,17,1.3589052659177767e-05,0
13927,17,1.3589052659177767e-05,0
14437,17,1.3589052659177767e-05,0
11821,17,1.3589052659177767e-05,0
10991,17,1.3589052659177767e-05,0
6280,17,1.3589052659177767e-05,0
14582,17,1.3589052659177767e-05,0
6275,17,1.3589052659177767e-05,0
17665,17,1.3589052659177767e-05,0
12423,17,1.3589052659177767e-05,0
17203,17,1.3589052659177767e-05,0
16468,17,1.3589052659177767e-05,0
7481,17,1.3589052659177767e-05,0
6668,17,1.3589052659177767e-05,0
347,17,1.3589052659177767e-05,0
21038,17,1.3589052659177767e-05,0
11638,17,1.3589052659177767e-05,0
11635,17,1.3589052659177767e-05,0
12527,17,1.3589052659177767e-05,0
11450,17,1.3589052659177767e-05,0
13256,17,1.3589052659177767e-05,0
13320,17,1.3589052659177767e-05,0
5381,17,1.3589052659177767e-05,0
7699,17,1.3589052659177767e-05,0
7719,17,1.3589052659177767e-05,0
7713,17,1.3589052659177767e-05,0
9536,17,1.3589052659177767e-05,0
18631,17,1.3589052659177767e-05,0
13869,17,1.3589052659177767e-05,0
20363,17,1.3589052659177767e-05,0
18360,17,1.3589052659177767e-05,0
18345,17,1.3589052659177767e-05,0
11252,17,1.3589052659177767e-05,0
7935,17,1.3589052659177767e-05,0
10950,17,1.3589052659177767e-05,0
5589,17,1.3589052659177767e-05,0
5595,17,1.3589052659177767e-05,0
12711,17,1.3589052659177767e-05,0
12714,17,1.3589052659177767e-05,0
17422,17,1.3589052659177767e-05,0
298,17,1.3589052659177767e-05,0
6682,17,1.3589052659177767e-05,0
16535,17,1.3589052659177767e-05,0
16524,17,1.3589052659177767e-05,0
2572,17,1.3589052659177767e-05,0
19937,17,1.3589052659177767e-05,0
10707,17,1.3589052659177767e-05,0
13264,17,1.3589052659177767e-05,0
4909,17,1.3589052659177767e-05,0
11669,17,1.3589052659177767e-05,0
4629,17,1.3589052659177767e-05,0
19949,17,1.3589052659177767e-05,0
10732,17,1.3589052659177767e-05,0
8744,17,1.3589052659177767e-05,0
19930,17,1.3589052659177767e-05,0
10377,17,1.3589052659177767e-05,0
13288,17,1.3589052659177767e-05,0
10644,17,1.3589052659177767e-05,0
10647,17,1.3589052659177767e-05,0
12219,17,1.3589052659177767e-05,0
1773,17,1.3589052659177767e-05,0
5039,17,1.3589052659177767e-05,0
17078,17,1.3589052659177767e-05,0
9422,17,1.3589052659177767e-05,0
17687,17,1.3589052659177767e-05,0
19850,17,1.3589052659177767e-05,0
10891,17,1.3589052659177767e-05,0
5289,17,1.3589052659177767e-05,0
19827,17,1.3589052659177767e-05,0
13073,17,1.3589052659177767e-05,0
5297,17,1.3589052659177767e-05,0
9418,17,1.3589052659177767e-05,0
10130,17,1.3589052659177767e-05,0
13091,17,1.3589052659177767e-05,0
5969,17,1.3589052659177767e-05,0
20635,17,1.3589052659177767e-05,0
3219,17,1.3589052659177767e-05,0
4787,17,1.3589052659177767e-05,0
13265,17,1.3589052659177767e-05,0
13629,17,1.3589052659177767e-05,0
14912,17,1.3589052659177767e-05,0
13266,17,1.3589052659177767e-05,0
7734,17,1.3589052659177767e-05,0
7750,17,1.3589052659177767e-05,0
3770,17,1.3589052659177767e-05,0
11797,17,1.3589052659177767e-05,0
12255,17,1.3589052659177767e-05,0
7261,17,1.3589052659177767e-05,0
21101,17,1.3589052659177767e-05,0
18272,17,1.3589052659177767e-05,0
5325,17,1.3589052659177767e-05,0
13098,17,1.3589052659177767e-05,0
6808,17,1.3589052659177767e-05,0
6810,17,1.3589052659177767e-05,0
11782,17,1.3589052659177767e-05,0
11784,17,1.3589052659177767e-05,0
11333,17,1.3589052659177767e-05,0
6471,17,1.3589052659177767e-05,0
17711,17,1.3589052659177767e-05,0
8509,17,1.3589052659177767e-05,0
5540,17,1.3589052659177767e-05,0
5554,17,1.3589052659177767e-05,0
3416,17,1.3589052659177767e-05,0
12705,17,1.3589052659177767e-05,0
9268,17,1.3589052659177767e-05,0
944,17,1.3589052659177767e-05,0
12620,17,1.3589052659177767e-05,0
12611,17,1.3589052659177767e-05,0
14784,17,1.3589052659177767e-05,0
8675,17,1.3589052659177767e-05,0
3229,17,1.3589052659177767e-05,0
15405,17,1.3589052659177767e-05,0
15308,17,1.3589052659177767e-05,0
8766,17,1.3589052659177767e-05,0
13184,17,1.3589052659177767e-05,0
16653,17,1.3589052659177767e-05,0
16658,17,1.3589052659177767e-05,0
21063,17,1.3589052659177767e-05,0
13810,17,1.3589052659177767e-05,0
13833,17,1.3589052659177767e-05,0
20436,17,1.3589052659177767e-05,0
14601,17,1.3589052659177767e-05,0
11719,17,1.3589052659177767e-05,0
6782,17,1.3589052659177767e-05,0
10865,17,1.3589052659177767e-05,0
5332,17,1.3589052659177767e-05,0
5948,17,1.3589052659177767e-05,0
14756,17,1.3589052659177767e-05,0
13134,17,1.3589052659177767e-05,0
13139,17,1.3589052659177767e-05,0
9305,17,1.3589052659177767e-05,0
10211,17,1.3589052659177767e-05,0
13774,17,1.3589052659177767e-05,0
18226,17,1.3589052659177767e-05,0
9341,17,1.3589052659177767e-05,0
5895,17,1.3589052659177767e-05,0
9402,17,1.3589052659177767e-05,0
11377,17,1.3589052659177767e-05,0
7845,17,1.3589052659177767e-05,0
16187,17,1.3589052659177767e-05,0
7838,17,1.3589052659177767e-05,0
7839,17,1.3589052659177767e-05,0
10240,17,1.3589052659177767e-05,0
1214,17,1.3589052659177767e-05,0
8658,17,1.3589052659177767e-05,0
10802,17,1.3589052659177767e-05,0
12637,17,1.3589052659177767e-05,0
17142,17,1.3589052659177767e-05,0
3677,17,1.3589052659177767e-05,0
7371,17,1.3589052659177767e-05,0
2415,17,1.3589052659177767e-05,0
2432,17,1.3589052659177767e-05,0
12309,17,1.3589052659177767e-05,0
11737,17,1.3589052659177767e-05,0
6543,17,1.3589052659177767e-05,0
5174,17,1.3589052659177767e-05,0
20940,17,1.3589052659177767e-05,0
20944,17,1.3589052659177767e-05,0
9250,17,1.3589052659177767e-05,0
6541,17,1.3589052659177767e-05,0
8161,17,1.3589052659177767e-05,0
21244,17,1.3589052659177767e-05,0
112,17,1.3589052659177767e-05,0
8171,17,1.3589052659177767e-05,0
14112,17,1.3589052659177767e-05,0
3933,17,1.3589052659177767e-05,0
590,17,1.3589052659177767e-05,0
603,17,1.3589052659177767e-05,0
4712,17,1.3589052659177767e-05,0
14175,17,1.3589052659177767e-05,0
9748,17,1.3589052659177767e-05,0
9736,17,1.3589052659177767e-05,0
5768,17,1.3589052659177767e-05,0
1067,17,1.3589052659177767e-05,0
9778,17,1.3589052659177767e-05,0
8954,17,1.3589052659177767e-05,0
8904,17,1.3589052659177767e-05,0
16986,17,1.3589052659177767e-05,0
7044,17,1.3589052659177767e-05,0
14153,17,1.3589052659177767e-05,0
18498,17,1.3589052659177767e-05,0
9777,17,1.3589052659177767e-05,0
7008,17,1.3589052659177767e-05,0
6898,17,1.3589052659177767e-05,0
11940,17,1.3589052659177767e-05,0
5750,17,1.3589052659177767e-05,0
14208,17,1.3589052659177767e-05,0
12021,17,1.3589052659177767e-05,0
21261,16,1.2789696620402604e-05,0
9709,16,1.2789696620402604e-05,0
9714,16,1.2789696620402604e-05,0
11982,16,1.2789696620402604e-05,0
19447,16,1.2789696620402604e-05,0
12008,16,1.2789696620402604e-05,0
12024,16,1.2789696620402604e-05,0
16863,16,1.2789696620402604e-05,0
11978,16,1.2789696620402604e-05,0
11964,16,1.2789696620402604e-05,0
11970,16,1.2789696620402604e-05,0
7064,16,1.2789696620402604e-05,0
8856,16,1.2789696620402604e-05,0
13450,16,1.2789696620402604e-05,0
18822,16,1.2789696620402604e-05,0
18824,16,1.2789696620402604e-05,0
1366,16,1.2789696620402604e-05,0
8891,16,1.2789696620402604e-05,0
16417,16,1.2789696620402604e-05,0
17212,16,1.2789696620402604e-05,0
9619,16,1.2789696620402604e-05,0
9939,16,1.2789696620402604e-05,0
9612,16,1.2789696620402604e-05,0
14366,16,1.2789696620402604e-05,0
9670,16,1.2789696620402604e-05,0
1474,16,1.2789696620402604e-05,0
8905,16,1.2789696620402604e-05,0
8919,16,1.2789696620402604e-05,0
11161,16,1.2789696620402604e-05,0
17558,16,1.2789696620402604e-05,0
3328,16,1.2789696620402604e-05,0
12965,16,1.2789696620402604e-05,0
5664,16,1.2789696620402604e-05,0
9708,16,1.2789696620402604e-05,0
2781,16,1.2789696620402604e-05,0
14284,16,1.2789696620402604e-05,0
15061,16,1.2789696620402604e-05,0
18775,16,1.2789696620402604e-05,0
9101,16,1.2789696620402604e-05,0
13529,16,1.2789696620402604e-05,0
13521,16,1.2789696620402604e-05,0
8834,16,1.2789696620402604e-05,0
15255,16,1.2789696620402604e-05,0
11167,16,1.2789696620402604e-05,0
10210,16,1.2789696620402604e-05,0
10214,16,1.2789696620402604e-05,0
14740,16,1.2789696620402604e-05,0
19869,16,1.2789696620402604e-05,0
13170,16,1.2789696620402604e-05,0
10852,16,1.2789696620402604e-05,0
10819,16,1.2789696620402604e-05,0
10814,16,1.2789696620402604e-05,0
4651,16,1.2789696620402604e-05,0
13821,16,1.2789696620402604e-05,0
9367,16,1.2789696620402604e-05,0
9371,16,1.2789696620402604e-05,0
979,16,1.2789696620402604e-05,0
13764,16,1.2789696620402604e-05,0
13728,16,1.2789696620402604e-05,0
10203,16,1.2789696620402604e-05,0
17114,16,1.2789696620402604e-05,0
3660,16,1.2789696620402604e-05,0
18715,16,1.2789696620402604e-05,0
15459,16,1.2789696620402604e-05,0
4136,16,1.2789696620402604e-05,0
1631,16,1.2789696620402604e-05,0
16179,16,1.2789696620402604e-05,0
4645,16,1.2789696620402604e-05,0
11404,16,1.2789696620402604e-05,0
11407,16,1.2789696620402604e-05,0
10849,16,1.2789696620402604e-05,0
3243,16,1.2789696620402604e-05,0
2422,16,1.2789696620402604e-05,0
18936,16,1.2789696620402604e-05,0
3474,16,1.2789696620402604e-05,0
7377,16,1.2789696620402604e-05,0
14760,16,1.2789696620402604e-05,0
14769,16,1.2789696620402604e-05,0
10228,16,1.2789696620402604e-05,0
13713,16,1.2789696620402604e-05,0
18735,16,1.2789696620402604e-05,0
4526,16,1.2789696620402604e-05,0
18702,16,1.2789696620402604e-05,0
10259,16,1.2789696620402604e-05,0
13179,16,1.2789696620402604e-05,0
4155,16,1.2789696620402604e-05,0
8678,16,1.2789696620402604e-05,0
8681,16,1.2789696620402604e-05,0
8622,16,1.2789696620402604e-05,0
4149,16,1.2789696620402604e-05,0
7774,16,1.2789696620402604e-05,0
2978,16,1.2789696620402604e-05,0
16650,16,1.2789696620402604e-05,0
13811,16,1.2789696620402604e-05,0
10168,16,1.2789696620402604e-05,0
6179,16,1.2789696620402604e-05,0
8715,16,1.2789696620402604e-05,0
20674,16,1.2789696620402604e-05,0
13215,16,1.2789696620402604e-05,0
13227,16,1.2789696620402604e-05,0
13133,16,1.2789696620402604e-05,0
13148,16,1.2789696620402604e-05,0
5337,16,1.2789696620402604e-05,0
10818,16,1.2789696620402604e-05,0
16717,16,1.2789696620402604e-05,0
11740,16,1.2789696620402604e-05,0
5062,16,1.2789696620402604e-05,0
16628,16,1.2789696620402604e-05,0
7409,16,1.2789696620402604e-05,0
7410,16,1.2789696620402604e-05,0
7411,16,1.2789696620402604e-05,0
10323,16,1.2789696620402604e-05,0
2999,16,1.2789696620402604e-05,0
14883,16,1.2789696620402604e-05,0
14861,16,1.2789696620402604e-05,0
14876,16,1.2789696620402604e-05,0
7723,16,1.2789696620402604e-05,0
6554,16,1.2789696620402604e-05,0
13274,16,1.2789696620402604e-05,0
6726,16,1.2789696620402604e-05,0
7439,16,1.2789696620402604e-05,0
7429,16,1.2789696620402604e-05,0
1696,16,1.2789696620402604e-05,0
7403,16,1.2789696620402604e-05,0
10854,16,1.2789696620402604e-05,0
6807,16,1.2789696620402604e-05,0
11766,16,1.2789696620402604e-05,0
11778,16,1.2789696620402604e-05,0
14663,16,1.2789696620402604e-05,0
2574,16,1.2789696620402604e-05,0
13642,16,1.2789696620402604e-05,0
16343,16,1.2789696620402604e-05,0
17336,16,1.2789696620402604e-05,0
12692,16,1.2789696620402604e-05,0
12698,16,1.2789696620402604e-05,0
12734,16,1.2789696620402604e-05,0
11287,16,1.2789696620402604e-05,0
13119,16,1.2789696620402604e-05,0
8518,16,1.2789696620402604e-05,0
6238,16,1.2789696620402604e-05,0
10704,16,1.2789696620402604e-05,0
10692,16,1.2789696620402604e-05,0
11645,16,1.2789696620402604e-05,0
11653,16,1.2789696620402604e-05,0
16507,16,1.2789696620402604e-05,0
16484,16,1.2789696620402604e-05,0
7521,16,1.2789696620402604e-05,0
2568,16,1.2789696620402604e-05,0
16722,16,1.2789696620402604e-05,0
9437,16,1.2789696620402604e-05,0
13846,16,1.2789696620402604e-05,0
10641,16,1.2789696620402604e-05,0
4633,16,1.2789696620402604e-05,0
13300,16,1.2789696620402604e-05,0
13284,16,1.2789696620402604e-05,0
17879,16,1.2789696620402604e-05,0
17741,16,1.2789696620402604e-05,0
10920,16,1.2789696620402604e-05,0
8477,16,1.2789696620402604e-05,0
3291,16,1.2789696620402604e-05,0
3295,16,1.2789696620402604e-05,0
4086,16,1.2789696620402604e-05,0
7218,16,1.2789696620402604e-05,0
19497,16,1.2789696620402604e-05,0
10723,16,1.2789696620402604e-05,0
8738,16,1.2789696620402604e-05,0
10124,16,1.2789696620402604e-05,0
20138,16,1.2789696620402604e-05,0
10143,16,1.2789696620402604e-05,0
14648,16,1.2789696620402604e-05,0
13103,16,1.2789696620402604e-05,0
8554,16,1.2789696620402604e-05,0
13295,16,1.2789696620402604e-05,0
13315,16,1.2789696620402604e-05,0
9181,16,1.2789696620402604e-05,0
9173,16,1.2789696620402604e-05,0
12354,16,1.2789696620402604e-05,0
11634,16,1.2789696620402604e-05,0
12406,16,1.2789696620402604e-05,0
16494,16,1.2789696620402604e-05,0
2943,16,1.2789696620402604e-05,0
2927,16,1.2789696620402604e-05,0
3039,16,1.2789696620402604e-05,0
8797,16,1.2789696620402604e-05,0
17258,16,1.2789696620402604e-05,0
17262,16,1.2789696620402604e-05,0
11451,16,1.2789696620402604e-05,0
11472,16,1.2789696620402604e-05,0
10956,16,1.2789696620402604e-05,0
15687,16,1.2789696620402604e-05,0
15722,16,1.2789696620402604e-05,0
18309,16,1.2789696620402604e-05,0
18331,16,1.2789696620402604e-05,0
4415,16,1.2789696620402604e-05,0
4417,16,1.2789696620402604e-05,0
13901,16,1.2789696620402604e-05,0
10117,16,1.2789696620402604e-05,0
20184,16,1.2789696620402604e-05,0
2924,16,1.2789696620402604e-05,0
7927,16,1.2789696620402604e-05,0
17390,16,1.2789696620402604e-05,0
13041,16,1.2789696620402604e-05,0
10933,16,1.2789696620402604e-05,0
10952,16,1.2789696620402604e-05,0
13941,16,1.2789696620402604e-05,0
13890,16,1.2789696620402604e-05,0
9502,16,1.2789696620402604e-05,0
10024,16,1.2789696620402604e-05,0
10032,16,1.2789696620402604e-05,0
10034,16,1.2789696620402604e-05,0
4763,16,1.2789696620402604e-05,0
8279,16,1.2789696620402604e-05,0
11862,16,1.2789696620402604e-05,0
7121,16,1.2789696620402604e-05,0
6850,16,1.2789696620402604e-05,0
2003,16,1.2789696620402604e-05,0
7167,16,1.2789696620402604e-05,0
236,16,1.2789696620402604e-05,0
3637,16,1.2789696620402604e-05,0
3645,16,1.2789696620402604e-05,0
6286,16,1.2789696620402604e-05,0
6300,16,1.2789696620402604e-05,0
17626,16,1.2789696620402604e-05,0
8430,16,1.2789696620402604e-05,0
8433,16,1.2789696620402604e-05,0
4765,16,1.2789696620402604e-05,0
2264,16,1.2789696620402604e-05,0
2701,16,1.2789696620402604e-05,0
17197,16,1.2789696620402604e-05,0
14598,16,1.2789696620402604e-05,0
7192,16,1.2789696620402604e-05,0
7214,16,1.2789696620402604e-05,0
17662,16,1.2789696620402604e-05,0
10982,16,1.2789696620402604e-05,0
13037,16,1.2789696620402604e-05,0
10975,16,1.2789696620402604e-05,0
9127,16,1.2789696620402604e-05,0
6000,16,1.2789696620402604e-05,0
6044,16,1.2789696620402604e-05,0
10035,16,1.2789696620402604e-05,0
10038,16,1.2789696620402604e-05,0
4740,16,1.2789696620402604e-05,0
4756,16,1.2789696620402604e-05,0
3939,16,1.2789696620402604e-05,0
4617,16,1.2789696620402604e-05,0
15321,16,1.2789696620402604e-05,0
15322,16,1.2789696620402604e-05,0
13344,16,1.2789696620402604e-05,0
4193,16,1.2789696620402604e-05,0
13615,16,1.2789696620402604e-05,0
2583,16,1.2789696620402604e-05,0
3032,16,1.2789696620402604e-05,0
14468,16,1.2789696620402604e-05,0
13929,16,1.2789696620402604e-05,0
10043,16,1.2789696620402604e-05,0
413,16,1.2789696620402604e-05,0
11506,16,1.2789696620402604e-05,0
17279,16,1.2789696620402604e-05,0
16324,16,1.2789696620402604e-05,0
16336,16,1.2789696620402604e-05,0
19799,16,1.2789696620402604e-05,0
1424,16,1.2789696620402604e-05,0
5263,16,1.2789696620402604e-05,0
18615,16,1.2789696620402604e-05,0
1159,16,1.2789696620402604e-05,0
9625,16,1.2789696620402604e-05,0
2830,16,1.2789696620402604e-05,0
18355,16,1.2789696620402604e-05,0
7554,16,1.2789696620402604e-05,0
7561,16,1.2789696620402604e-05,0
4881,16,1.2789696620402604e-05,0
11588,16,1.2789696620402604e-05,0
791,16,1.2789696620402604e-05,0
17907,16,1.2789696620402604e-05,0
6618,16,1.2789696620402604e-05,0
8865,16,1.2789696620402604e-05,0
10541,16,1.2789696620402604e-05,0
17909,16,1.2789696620402604e-05,0
4599,16,1.2789696620402604e-05,0
3019,16,1.2789696620402604e-05,0
15015,16,1.2789696620402604e-05,0
6632,16,1.2789696620402604e-05,0
4878,16,1.2789696620402604e-05,0
7552,16,1.2789696620402604e-05,0
12160,16,1.2789696620402604e-05,0
12162,16,1.2789696620402604e-05,0
7119,16,1.2789696620402604e-05,0
1000,16,1.2789696620402604e-05,0
15256,16,1.2789696620402604e-05,0
13394,16,1.2789696620402604e-05,0
18858,16,1.2789696620402604e-05,0
10598,16,1.2789696620402604e-05,0
12993,16,1.2789696620402604e-05,0
12971,16,1.2789696620402604e-05,0
12975,16,1.2789696620402604e-05,0
5251,16,1.2789696620402604e-05,0
5253,16,1.2789696620402604e-05,0
3337,16,1.2789696620402604e-05,0
12137,16,1.2789696620402604e-05,0
11845,16,1.2789696620402604e-05,0
9764,16,1.2789696620402604e-05,0
9770,16,1.2789696620402604e-05,0
16922,16,1.2789696620402604e-05,0
12089,16,1.2789696620402604e-05,0
19373,16,1.2789696620402604e-05,0
7003,16,1.2789696620402604e-05,0
19415,16,1.2789696620402604e-05,0
7049,16,1.2789696620402604e-05,0
11928,16,1.2789696620402604e-05,0
11929,16,1.2789696620402604e-05,0
7096,16,1.2789696620402604e-05,0
4982,16,1.2789696620402604e-05,0
6865,16,1.2789696620402604e-05,0
9868,16,1.2789696620402604e-05,0
9875,16,1.2789696620402604e-05,0
5663,16,1.2789696620402604e-05,0
6391,16,1.2789696620402604e-05,0
19034,16,1.2789696620402604e-05,0
12901,16,1.2789696620402604e-05,0
12903,16,1.2789696620402604e-05,0
14131,16,1.2789696620402604e-05,0
14139,16,1.2789696620402604e-05,0
9900,16,1.2789696620402604e-05,0
19462,16,1.2789696620402604e-05,0
12442,16,1.2789696620402604e-05,0
4234,16,1.2789696620402604e-05,0
8940,16,1.2789696620402604e-05,0
2094,16,1.2789696620402604e-05,0
6627,16,1.2789696620402604e-05,0
12848,16,1.2789696620402604e-05,0
419,16,1.2789696620402604e-05,0
3900,16,1.2789696620402604e-05,0
960,16,1.2789696620402604e-05,0
9241,16,1.2789696620402604e-05,0
9301,16,1.2789696620402604e-05,0
9296,16,1.2789696620402604e-05,0
12339,16,1.2789696620402604e-05,0
7781,16,1.2789696620402604e-05,0
11358,16,1.2789696620402604e-05,0
17312,16,1.2789696620402604e-05,0
8181,16,1.2789696620402604e-05,0
8122,16,1.2789696620402604e-05,0
8159,16,1.2789696620402604e-05,0
3962,16,1.2789696620402604e-05,0
5710,16,1.2789696620402604e-05,0
21247,16,1.2789696620402604e-05,0
21245,16,1.2789696620402604e-05,0
23,16,1.2789696620402604e-05,0
14102,16,1.2789696620402604e-05,0
11116,16,1.2789696620402604e-05,0
12876,16,1.2789696620402604e-05,0
19054,16,1.2789696620402604e-05,0
17548,16,1.2789696620402604e-05,0
11098,16,1.2789696620402604e-05,0
11100,16,1.2789696620402604e-05,0
3912,16,1.2789696620402604e-05,0
16911,16,1.2789696620402604e-05,0
5730,16,1.2789696620402604e-05,0
2561,16,1.2789696620402604e-05,0
13493,16,1.2789696620402604e-05,0
17983,16,1.2789696620402604e-05,0
15151,16,1.2789696620402604e-05,0
5745,16,1.2789696620402604e-05,0
2770,16,1.2789696620402604e-05,0
21206,15,1.199034058162744e-05,0
21267,15,1.199034058162744e-05,0
21254,15,1.199034058162744e-05,0
21255,15,1.199034058162744e-05,0
1,15,1.199034058162744e-05,0
1173,15,1.199034058162744e-05,0
20213,15,1.199034058162744e-05,0
18556,15,1.199034058162744e-05,0
14109,15,1.199034058162744e-05,0
16833,15,1.199034058162744e-05,0
18488,15,1.199034058162744e-05,0
9903,15,1.199034058162744e-05,0
11903,15,1.199034058162744e-05,0
11914,15,1.199034058162744e-05,0
19362,15,1.199034058162744e-05,0
7095,15,1.199034058162744e-05,0
172,15,1.199034058162744e-05,0
5655,15,1.199034058162744e-05,0
5635,15,1.199034058162744e-05,0
5690,15,1.199034058162744e-05,0
9872,15,1.199034058162744e-05,0
7072,15,1.199034058162744e-05,0
11051,15,1.199034058162744e-05,0
12896,15,1.199034058162744e-05,0
6431,15,1.199034058162744e-05,0
3357,15,1.199034058162744e-05,0
15828,15,1.199034058162744e-05,0
3948,15,1.199034058162744e-05,0
437,15,1.199034058162744e-05,0
8073,15,1.199034058162744e-05,0
8108,15,1.199034058162744e-05,0
12860,15,1.199034058162744e-05,0
11179,15,1.199034058162744e-05,0
17556,15,1.199034058162744e-05,0
1538,15,1.199034058162744e-05,0
6394,15,1.199034058162744e-05,0
14385,15,1.199034058162744e-05,0
14353,15,1.199034058162744e-05,0
1087,15,1.199034058162744e-05,0
5820,15,1.199034058162744e-05,0
12176,15,1.199034058162744e-05,0
18610,15,1.199034058162744e-05,0
9649,15,1.199034058162744e-05,0
9651,15,1.199034058162744e-05,0
2840,15,1.199034058162744e-05,0
7152,15,1.199034058162744e-05,0
7158,15,1.199034058162744e-05,0
7102,15,1.199034058162744e-05,0
7103,15,1.199034058162744e-05,0
12179,15,1.199034058162744e-05,0
2905,15,1.199034058162744e-05,0
18392,15,1.199034058162744e-05,0
20335,15,1.199034058162744e-05,0
5838,15,1.199034058162744e-05,0
15818,15,1.199034058162744e-05,0
15840,15,1.199034058162744e-05,0
8044,15,1.199034058162744e-05,0
5270,15,1.199034058162744e-05,0
11057,15,1.199034058162744e-05,0
19010,15,1.199034058162744e-05,0
8298,15,1.199034058162744e-05,0
8023,15,1.199034058162744e-05,0
8026,15,1.199034058162744e-05,0
8029,15,1.199034058162744e-05,0
8042,15,1.199034058162744e-05,0
17582,15,1.199034058162744e-05,0
11213,15,1.199034058162744e-05,0
11220,15,1.199034058162744e-05,0
12799,15,1.199034058162744e-05,0
12819,15,1.199034058162744e-05,0
12809,15,1.199034058162744e-05,0
8304,15,1.199034058162744e-05,0
8333,15,1.199034058162744e-05,0
17434,15,1.199034058162744e-05,0
4062,15,1.199034058162744e-05,0
4008,15,1.199034058162744e-05,0
4693,15,1.199034058162744e-05,0
4694,15,1.199034058162744e-05,0
19809,15,1.199034058162744e-05,0
12753,15,1.199034058162744e-05,0
6461,15,1.199034058162744e-05,0
6465,15,1.199034058162744e-05,0
8379,15,1.199034058162744e-05,0
8387,15,1.199034058162744e-05,0
6446,15,1.199034058162744e-05,0
7998,15,1.199034058162744e-05,0
11245,15,1.199034058162744e-05,0
11246,15,1.199034058162744e-05,0
5200,15,1.199034058162744e-05,0
12747,15,1.199034058162744e-05,0
9570,15,1.199034058162744e-05,0
14408,15,1.199034058162744e-05,0
2872,15,1.199034058162744e-05,0
11824,15,1.199034058162744e-05,0
14418,15,1.199034058162744e-05,0
2704,15,1.199034058162744e-05,0
10029,15,1.199034058162744e-05,0
3591,15,1.199034058162744e-05,0
7195,15,1.199034058162744e-05,0
11812,15,1.199034058162744e-05,0
14509,15,1.199034058162744e-05,0
5631,15,1.199034058162744e-05,0
13953,15,1.199034058162744e-05,0
9506,15,1.199034058162744e-05,0
9511,15,1.199034058162744e-05,0
3641,15,1.199034058162744e-05,0
13010,15,1.199034058162744e-05,0
8406,15,1.199034058162744e-05,0
10945,15,1.199034058162744e-05,0
8417,15,1.199034058162744e-05,0
6297,15,1.199034058162744e-05,0
15733,15,1.199034058162744e-05,0
10967,15,1.199034058162744e-05,0
1593,15,1.199034058162744e-05,0
1545,15,1.199034058162744e-05,0
11279,15,1.199034058162744e-05,0
2226,15,1.199034058162744e-05,0
653,15,1.199034058162744e-05,0
8389,15,1.199034058162744e-05,0
438,15,1.199034058162744e-05,0
20882,15,1.199034058162744e-05,0
20862,15,1.199034058162744e-05,0
4739,15,1.199034058162744e-05,0
11283,15,1.199034058162744e-05,0
11270,15,1.199034058162744e-05,0
4356,15,1.199034058162744e-05,0
4358,15,1.199034058162744e-05,0
18314,15,1.199034058162744e-05,0
13908,15,1.199034058162744e-05,0
2660,15,1.199034058162744e-05,0
13915,15,1.199034058162744e-05,0
14650,15,1.199034058162744e-05,0
5877,15,1.199034058162744e-05,0
1739,15,1.199034058162744e-05,0
20361,15,1.199034058162744e-05,0
10067,15,1.199034058162744e-05,0
16747,15,1.199034058162744e-05,0
12190,15,1.199034058162744e-05,0
12211,15,1.199034058162744e-05,0
1743,15,1.199034058162744e-05,0
1387,15,1.199034058162744e-05,0
13064,15,1.199034058162744e-05,0
8515,15,1.199034058162744e-05,0
10868,15,1.199034058162744e-05,0
17695,15,1.199034058162744e-05,0
8485,15,1.199034058162744e-05,0
8501,15,1.199034058162744e-05,0
15638,15,1.199034058162744e-05,0
15641,15,1.199034058162744e-05,0
18954,15,1.199034058162744e-05,0
17347,15,1.199034058162744e-05,0
7931,15,1.199034058162744e-05,0
11316,15,1.199034058162744e-05,0
20160,15,1.199034058162744e-05,0
970,15,1.199034058162744e-05,0
9432,15,1.199034058162744e-05,0
17074,15,1.199034058162744e-05,0
2935,15,1.199034058162744e-05,0
9491,15,1.199034058162744e-05,0
5587,15,1.199034058162744e-05,0
20169,15,1.199034058162744e-05,0
11781,15,1.199034058162744e-05,0
12252,15,1.199034058162744e-05,0
7225,15,1.199034058162744e-05,0
21090,15,1.199034058162744e-05,0
3512,15,1.199034058162744e-05,0
3499,15,1.199034058162744e-05,0
3505,15,1.199034058162744e-05,0
11771,15,1.199034058162744e-05,0
11793,15,1.199034058162744e-05,0
17777,15,1.199034058162744e-05,0
8590,15,1.199034058162744e-05,0
4106,15,1.199034058162744e-05,0
5342,15,1.199034058162744e-05,0
8523,15,1.199034058162744e-05,0
11352,15,1.199034058162744e-05,0
12685,15,1.199034058162744e-05,0
17328,15,1.199034058162744e-05,0
7865,15,1.199034058162744e-05,0
20909,15,1.199034058162744e-05,0
3409,15,1.199034058162744e-05,0
13110,15,1.199034058162744e-05,0
6470,15,1.199034058162744e-05,0
10148,15,1.199034058162744e-05,0
10113,15,1.199034058162744e-05,0
10159,15,1.199034058162744e-05,0
5920,15,1.199034058162744e-05,0
9359,15,1.199034058162744e-05,0
14664,15,1.199034058162744e-05,0
14622,15,1.199034058162744e-05,0
4324,15,1.199034058162744e-05,0
14599,15,1.199034058162744e-05,0
10134,15,1.199034058162744e-05,0
16632,15,1.199034058162744e-05,0
11727,15,1.199034058162744e-05,0
5064,15,1.199034058162744e-05,0
12286,15,1.199034058162744e-05,0
18267,15,1.199034058162744e-05,0
5548,15,1.199034058162744e-05,0
13765,15,1.199034058162744e-05,0
7344,15,1.199034058162744e-05,0
15490,15,1.199034058162744e-05,0
10777,15,1.199034058162744e-05,0
16188,15,1.199034058162744e-05,0
2117,15,1.199034058162744e-05,0
11368,15,1.199034058162744e-05,0
2123,15,1.199034058162744e-05,0
12644,15,1.199034058162744e-05,0
15475,15,1.199034058162744e-05,0
3817,15,1.199034058162744e-05,0
3827,15,1.199034058162744e-05,0
7843,15,1.199034058162744e-05,0
7847,15,1.199034058162744e-05,0
7848,15,1.199034058162744e-05,0
15504,15,1.199034058162744e-05,0
10851,15,1.199034058162744e-05,0
19871,15,1.199034058162744e-05,0
4667,15,1.199034058162744e-05,0
10198,15,1.199034058162744e-05,0
13761,15,1.199034058162744e-05,0
13725,15,1.199034058162744e-05,0
9363,15,1.199034058162744e-05,0
981,15,1.199034058162744e-05,0
5947,15,1.199034058162744e-05,0
18246,15,1.199034058162744e-05,0
20114,15,1.199034058162744e-05,0
17145,15,1.199034058162744e-05,0
2074,15,1.199034058162744e-05,0
13743,15,1.199034058162744e-05,0
4521,15,1.199034058162744e-05,0
14913,15,1.199034058162744e-05,0
9336,15,1.199034058162744e-05,0
9339,15,1.199034058162744e-05,0
9326,15,1.199034058162744e-05,0
9269,15,1.199034058162744e-05,0
2966,15,1.199034058162744e-05,0
9252,15,1.199034058162744e-05,0
14842,15,1.199034058162744e-05,0
14835,15,1.199034058162744e-05,0
10278,15,1.199034058162744e-05,0
10260,15,1.199034058162744e-05,0
4515,15,1.199034058162744e-05,0
2082,15,1.199034058162744e-05,0
6755,15,1.199034058162744e-05,0
9286,15,1.199034058162744e-05,0
2962,15,1.199034058162744e-05,0
7397,15,1.199034058162744e-05,0
17178,15,1.199034058162744e-05,0
11679,15,1.199034058162744e-05,0
11685,15,1.199034058162744e-05,0
11705,15,1.199034058162744e-05,0
15471,15,1.199034058162744e-05,0
15302,15,1.199034058162744e-05,0
8713,15,1.199034058162744e-05,0
10749,15,1.199034058162744e-05,0
10767,15,1.199034058162744e-05,0
10768,15,1.199034058162744e-05,0
19902,15,1.199034058162744e-05,0
13242,15,1.199034058162744e-05,0
10776,15,1.199034058162744e-05,0
5158,15,1.199034058162744e-05,0
8626,15,1.199034058162744e-05,0
8687,15,1.199034058162744e-05,0
10753,15,1.199034058162744e-05,0
10821,15,1.199034058162744e-05,0
10850,15,1.199034058162744e-05,0
20931,15,1.199034058162744e-05,0
17311,15,1.199034058162744e-05,0
19954,15,1.199034058162744e-05,0
676,15,1.199034058162744e-05,0
6157,15,1.199034058162744e-05,0
3176,15,1.199034058162744e-05,0
7726,15,1.199034058162744e-05,0
10680,15,1.199034058162744e-05,0
10681,15,1.199034058162744e-05,0
4779,15,1.199034058162744e-05,0
12541,15,1.199034058162744e-05,0
17834,15,1.199034058162744e-05,0
17826,15,1.199034058162744e-05,0
5357,15,1.199034058162744e-05,0
10331,15,1.199034058162744e-05,0
18120,15,1.199034058162744e-05,0
9226,15,1.199034058162744e-05,0
5966,15,1.199034058162744e-05,0
9219,15,1.199034058162744e-05,0
5968,15,1.199034058162744e-05,0
14879,15,1.199034058162744e-05,0
18167,15,1.199034058162744e-05,0
6717,15,1.199034058162744e-05,0
11657,15,1.199034058162744e-05,0
11665,15,1.199034058162744e-05,0
11605,15,1.199034058162744e-05,0
4899,15,1.199034058162744e-05,0
12345,15,1.199034058162744e-05,0
12360,15,1.199034058162744e-05,0
2567,15,1.199034058162744e-05,0
2579,15,1.199034058162744e-05,0
16531,15,1.199034058162744e-05,0
7464,15,1.199034058162744e-05,0
3184,15,1.199034058162744e-05,0
4163,15,1.199034058162744e-05,0
10627,15,1.199034058162744e-05,0
5405,15,1.199034058162744e-05,0
4641,15,1.199034058162744e-05,0
7715,15,1.199034058162744e-05,0
7660,15,1.199034058162744e-05,0
8799,15,1.199034058162744e-05,0
8816,15,1.199034058162744e-05,0
8826,15,1.199034058162744e-05,0
3841,15,1.199034058162744e-05,0
12513,15,1.199034058162744e-05,0
4631,15,1.199034058162744e-05,0
10654,15,1.199034058162744e-05,0
10660,15,1.199034058162744e-05,0
10665,15,1.199034058162744e-05,0
13306,15,1.199034058162744e-05,0
13307,15,1.199034058162744e-05,0
9153,15,1.199034058162744e-05,0
9155,15,1.199034058162744e-05,0
14944,15,1.199034058162744e-05,0
14941,15,1.199034058162744e-05,0
13640,15,1.199034058162744e-05,0
20054,15,1.199034058162744e-05,0
11612,15,1.199034058162744e-05,0
12415,15,1.199034058162744e-05,0
20526,15,1.199034058162744e-05,0
3053,15,1.199034058162744e-05,0
3043,15,1.199034058162744e-05,0
15021,15,1.199034058162744e-05,0
15040,15,1.199034058162744e-05,0
16466,15,1.199034058162744e-05,0
16499,15,1.199034058162744e-05,0
6003,15,1.199034058162744e-05,0
10376,15,1.199034058162744e-05,0
5481,15,1.199034058162744e-05,0
13617,15,1.199034058162744e-05,0
20511,15,1.199034058162744e-05,0
9099,15,1.199034058162744e-05,0
13406,15,1.199034058162744e-05,0
8836,15,1.199034058162744e-05,0
8840,15,1.199034058162744e-05,0
10572,15,1.199034058162744e-05,0
10546,15,1.199034058162744e-05,0
19616,15,1.199034058162744e-05,0
7687,15,1.199034058162744e-05,0
7675,15,1.199034058162744e-05,0
718,15,1.199034058162744e-05,0
16335,15,1.199034058162744e-05,0
4823,15,1.199034058162744e-05,0
15047,15,1.199034058162744e-05,0
10402,15,1.199034058162744e-05,0
5471,15,1.199034058162744e-05,0
5448,15,1.199034058162744e-05,0
18757,15,1.199034058162744e-05,0
11598,15,1.199034058162744e-05,0
19570,15,1.199034058162744e-05,0
7550,15,1.199034058162744e-05,0
16431,15,1.199034058162744e-05,0
10444,15,1.199034058162744e-05,0
1267,15,1.199034058162744e-05,0
18786,15,1.199034058162744e-05,0
11589,15,1.199034058162744e-05,0
9021,15,1.199034058162744e-05,0
18004,15,1.199034058162744e-05,0
3125,15,1.199034058162744e-05,0
15080,15,1.199034058162744e-05,0
15069,15,1.199034058162744e-05,0
13462,15,1.199034058162744e-05,0
8893,15,1.199034058162744e-05,0
18803,15,1.199034058162744e-05,0
17975,15,1.199034058162744e-05,0
12444,15,1.199034058162744e-05,0
8969,15,1.199034058162744e-05,0
20550,15,1.199034058162744e-05,0
5439,15,1.199034058162744e-05,0
13452,15,1.199034058162744e-05,0
13445,15,1.199034058162744e-05,0
16390,15,1.199034058162744e-05,0
16398,15,1.199034058162744e-05,0
11519,15,1.199034058162744e-05,0
11522,15,1.199034058162744e-05,0
19973,15,1.199034058162744e-05,0
2514,15,1.199034058162744e-05,0
6620,15,1.199034058162744e-05,0
13512,15,1.199034058162744e-05,0
13534,15,1.199034058162744e-05,0
18801,15,1.199034058162744e-05,0
9108,15,1.199034058162744e-05,0
7529,15,1.199034058162744e-05,0
857,15,1.199034058162744e-05,0
15116,15,1.199034058162744e-05,0
1663,15,1.199034058162744e-05,0
11544,15,1.199034058162744e-05,0
5093,15,1.199034058162744e-05,0
7595,15,1.199034058162744e-05,0
10509,15,1.199034058162744e-05,0
1318,15,1.199034058162744e-05,0
19996,15,1.199034058162744e-05,0
4238,15,1.199034058162744e-05,0
8921,15,1.199034058162744e-05,0
8929,15,1.199034058162744e-05,0
6986,15,1.199034058162744e-05,0
6977,15,1.199034058162744e-05,0
16935,15,1.199034058162744e-05,0
6965,15,1.199034058162744e-05,0
12054,15,1.199034058162744e-05,0
17005,15,1.199034058162744e-05,0
6928,15,1.199034058162744e-05,0
2753,15,1.199034058162744e-05,0
3553,15,1.199034058162744e-05,0
17045,15,1.199034058162744e-05,0
9818,15,1.199034058162744e-05,0
1123,15,1.199034058162744e-05,0
8288,15,1.199034058162744e-05,0
6366,15,1.199034058162744e-05,0
8115,15,1.199034058162744e-05,0
17537,15,1.199034058162744e-05,0
11153,15,1.199034058162744e-05,0
11975,15,1.199034058162744e-05,0
11988,15,1.199034058162744e-05,0
16895,15,1.199034058162744e-05,0
1122,15,1.199034058162744e-05,0
14170,15,1.199034058162744e-05,0
20283,15,1.199034058162744e-05,0
21217,14,1.1190984542852279e-05,0
18514,14,1.1190984542852279e-05,0
18505,14,1.1190984542852279e-05,0
5708,14,1.1190984542852279e-05,0
14162,14,1.1190984542852279e-05,0
16912,14,1.1190984542852279e-05,0
16978,14,1.1190984542852279e-05,0
6895,14,1.1190984542852279e-05,0
7013,14,1.1190984542852279e-05,0
7015,14,1.1190984542852279e-05,0
1920,14,1.1190984542852279e-05,0
3958,14,1.1190984542852279e-05,0
15847,14,1.1190984542852279e-05,0
15857,14,1.1190984542852279e-05,0
17545,14,1.1190984542852279e-05,0
4735,14,1.1190984542852279e-05,0
587,14,1.1190984542852279e-05,0
15860,14,1.1190984542852279e-05,0
15871,14,1.1190984542852279e-05,0
15877,14,1.1190984542852279e-05,0
8233,14,1.1190984542852279e-05,0
8236,14,1.1190984542852279e-05,0
9787,14,1.1190984542852279e-05,0
4420,14,1.1190984542852279e-05,0
14172,14,1.1190984542852279e-05,0
14121,14,1.1190984542852279e-05,0
9843,14,1.1190984542852279e-05,0
1124,14,1.1190984542852279e-05,0
14316,14,1.1190984542852279e-05,0
5760,14,1.1190984542852279e-05,0
9676,14,1.1190984542852279e-05,0
14364,14,1.1190984542852279e-05,0
9952,14,1.1190984542852279e-05,0
9957,14,1.1190984542852279e-05,0
14281,14,1.1190984542852279e-05,0
5823,14,1.1190984542852279e-05,0
12916,14,1.1190984542852279e-05,0
17515,14,1.1190984542852279e-05,0
9975,14,1.1190984542852279e-05,0
18616,14,1.1190984542852279e-05,0
4406,14,1.1190984542852279e-05,0
996,14,1.1190984542852279e-05,0
6859,14,1.1190984542852279e-05,0
11865,14,1.1190984542852279e-05,0
12168,14,1.1190984542852279e-05,0
9690,14,1.1190984542852279e-05,0
12981,14,1.1190984542852279e-05,0
8291,14,1.1190984542852279e-05,0
8297,14,1.1190984542852279e-05,0
8284,14,1.1190984542852279e-05,0
6311,14,1.1190984542852279e-05,0
8263,14,1.1190984542852279e-05,0
3324,14,1.1190984542852279e-05,0
3940,14,1.1190984542852279e-05,0
7992,14,1.1190984542852279e-05,0
15982,14,1.1190984542852279e-05,0
19090,14,1.1190984542852279e-05,0
2254,14,1.1190984542852279e-05,0
3384,14,1.1190984542852279e-05,0
8041,14,1.1190984542852279e-05,0
17568,14,1.1190984542852279e-05,0
5277,14,1.1190984542852279e-05,0
8751,14,1.1190984542852279e-05,0
20614,14,1.1190984542852279e-05,0
17265,14,1.1190984542852279e-05,0
4856,14,1.1190984542852279e-05,0
4837,14,1.1190984542852279e-05,0
5144,14,1.1190984542852279e-05,0
11504,14,1.1190984542852279e-05,0
4854,14,1.1190984542852279e-05,0
5114,14,1.1190984542852279e-05,0
5108,14,1.1190984542852279e-05,0
7501,14,1.1190984542852279e-05,0
15042,14,1.1190984542852279e-05,0
15010,14,1.1190984542852279e-05,0
5470,14,1.1190984542852279e-05,0
13585,14,1.1190984542852279e-05,0
4642,14,1.1190984542852279e-05,0
8967,14,1.1190984542852279e-05,0
9026,14,1.1190984542852279e-05,0
9047,14,1.1190984542852279e-05,0
18769,14,1.1190984542852279e-05,0
10435,14,1.1190984542852279e-05,0
10450,14,1.1190984542852279e-05,0
1310,14,1.1190984542852279e-05,0
17229,14,1.1190984542852279e-05,0
7683,14,1.1190984542852279e-05,0
11509,14,1.1190984542852279e-05,0
5127,14,1.1190984542852279e-05,0
13487,14,1.1190984542852279e-05,0
5418,14,1.1190984542852279e-05,0
13458,14,1.1190984542852279e-05,0
6146,14,1.1190984542852279e-05,0
8962,14,1.1190984542852279e-05,0
10659,14,1.1190984542852279e-05,0
16284,14,1.1190984542852279e-05,0
11488,14,1.1190984542852279e-05,0
11489,14,1.1190984542852279e-05,0
11474,14,1.1190984542852279e-05,0
19648,14,1.1190984542852279e-05,0
12492,14,1.1190984542852279e-05,0
7711,14,1.1190984542852279e-05,0
12411,14,1.1190984542852279e-05,0
344,14,1.1190984542852279e-05,0
9190,14,1.1190984542852279e-05,0
9209,14,1.1190984542852279e-05,0
18146,14,1.1190984542852279e-05,0
9115,14,1.1190984542852279e-05,0
5496,14,1.1190984542852279e-05,0
710,14,1.1190984542852279e-05,0
13377,14,1.1190984542852279e-05,0
8870,14,1.1190984542852279e-05,0
18831,14,1.1190984542852279e-05,0
10581,14,1.1190984542852279e-05,0
15075,14,1.1190984542852279e-05,0
14953,14,1.1190984542852279e-05,0
15039,14,1.1190984542852279e-05,0
17191,14,1.1190984542852279e-05,0
4860,14,1.1190984542852279e-05,0
7681,14,1.1190984542852279e-05,0
21007,14,1.1190984542852279e-05,0
3718,14,1.1190984542852279e-05,0
3735,14,1.1190984542852279e-05,0
15240,14,1.1190984542852279e-05,0
15254,14,1.1190984542852279e-05,0
10599,14,1.1190984542852279e-05,0
19678,14,1.1190984542852279e-05,0
11441,14,1.1190984542852279e-05,0
12591,14,1.1190984542852279e-05,0
12553,14,1.1190984542852279e-05,0
7725,14,1.1190984542852279e-05,0
16272,14,1.1190984542852279e-05,0
3767,14,1.1190984542852279e-05,0
13258,14,1.1190984542852279e-05,0
13644,14,1.1190984542852279e-05,0
7422,14,1.1190984542852279e-05,0
5360,14,1.1190984542852279e-05,0
10725,14,1.1190984542852279e-05,0
5373,14,1.1190984542852279e-05,0
8670,14,1.1190984542852279e-05,0
6553,14,1.1190984542852279e-05,0
6559,14,1.1190984542852279e-05,0
6716,14,1.1190984542852279e-05,0
4910,14,1.1190984542852279e-05,0
12313,14,1.1190984542852279e-05,0
9225,14,1.1190984542852279e-05,0
1188,14,1.1190984542852279e-05,0
10324,14,1.1190984542852279e-05,0
10308,14,1.1190984542852279e-05,0
4573,14,1.1190984542852279e-05,0
6578,14,1.1190984542852279e-05,0
8807,14,1.1190984542852279e-05,0
4176,14,1.1190984542852279e-05,0
4168,14,1.1190984542852279e-05,0
10590,14,1.1190984542852279e-05,0
20050,14,1.1190984542852279e-05,0
2570,14,1.1190984542852279e-05,0
16572,14,1.1190984542852279e-05,0
12330,14,1.1190984542852279e-05,0
12319,14,1.1190984542852279e-05,0
7352,14,1.1190984542852279e-05,0
14803,14,1.1190984542852279e-05,0
10290,14,1.1190984542852279e-05,0
9329,14,1.1190984542852279e-05,0
9335,14,1.1190984542852279e-05,0
20084,14,1.1190984542852279e-05,0
8643,14,1.1190984542852279e-05,0
20681,14,1.1190984542852279e-05,0
8726,14,1.1190984542852279e-05,0
20655,14,1.1190984542852279e-05,0
15440,14,1.1190984542852279e-05,0
7435,14,1.1190984542852279e-05,0
11688,14,1.1190984542852279e-05,0
11700,14,1.1190984542852279e-05,0
7817,14,1.1190984542852279e-05,0
16225,14,1.1190984542852279e-05,0
11403,14,1.1190984542852279e-05,0
11408,14,1.1190984542852279e-05,0
19220,14,1.1190984542852279e-05,0
4142,14,1.1190984542852279e-05,0
10739,14,1.1190984542852279e-05,0
8619,14,1.1190984542852279e-05,0
10705,14,1.1190984542852279e-05,0
10712,14,1.1190984542852279e-05,0
8742,14,1.1190984542852279e-05,0
6166,14,1.1190984542852279e-05,0
6171,14,1.1190984542852279e-05,0
17871,14,1.1190984542852279e-05,0
10798,14,1.1190984542852279e-05,0
13208,14,1.1190984542852279e-05,0
17337,14,1.1190984542852279e-05,0
7844,14,1.1190984542852279e-05,0
16189,14,1.1190984542852279e-05,0
19725,14,1.1190984542852279e-05,0
1628,14,1.1190984542852279e-05,0
15469,14,1.1190984542852279e-05,0
15448,14,1.1190984542852279e-05,0
15489,14,1.1190984542852279e-05,0
10193,14,1.1190984542852279e-05,0
10212,14,1.1190984542852279e-05,0
10194,14,1.1190984542852279e-05,0
10236,14,1.1190984542852279e-05,0
19868,14,1.1190984542852279e-05,0
19870,14,1.1190984542852279e-05,0
13172,14,1.1190984542852279e-05,0
15579,14,1.1190984542852279e-05,0
6788,14,1.1190984542852279e-05,0
16610,14,1.1190984542852279e-05,0
16626,14,1.1190984542852279e-05,0
9340,14,1.1190984542852279e-05,0
9349,14,1.1190984542852279e-05,0
5949,14,1.1190984542852279e-05,0
18208,14,1.1190984542852279e-05,0
18211,14,1.1190984542852279e-05,0
20108,14,1.1190984542852279e-05,0
1215,14,1.1190984542852279e-05,0
18693,14,1.1190984542852279e-05,0
4287,14,1.1190984542852279e-05,0
9266,14,1.1190984542852279e-05,0
17151,14,1.1190984542852279e-05,0
7373,14,1.1190984542852279e-05,0
7317,14,1.1190984542852279e-05,0
12700,14,1.1190984542852279e-05,0
8584,14,1.1190984542852279e-05,0
8586,14,1.1190984542852279e-05,0
5329,14,1.1190984542852279e-05,0
15614,14,1.1190984542852279e-05,0
8600,14,1.1190984542852279e-05,0
6188,14,1.1190984542852279e-05,0
8572,14,1.1190984542852279e-05,0
18281,14,1.1190984542852279e-05,0
6472,14,1.1190984542852279e-05,0
6479,14,1.1190984542852279e-05,0
6482,14,1.1190984542852279e-05,0
6495,14,1.1190984542852279e-05,0
6527,14,1.1190984542852279e-05,0
12709,14,1.1190984542852279e-05,0
12699,14,1.1190984542852279e-05,0
6768,14,1.1190984542852279e-05,0
6786,14,1.1190984542852279e-05,0
11722,14,1.1190984542852279e-05,0
12226,14,1.1190984542852279e-05,0
7246,14,1.1190984542852279e-05,0
18678,14,1.1190984542852279e-05,0
10135,14,1.1190984542852279e-05,0
18276,14,1.1190984542852279e-05,0
8665,14,1.1190984542852279e-05,0
10790,14,1.1190984542852279e-05,0
10795,14,1.1190984542852279e-05,0
14714,14,1.1190984542852279e-05,0
18681,14,1.1190984542852279e-05,0
10191,14,1.1190984542852279e-05,0
7339,14,1.1190984542852279e-05,0
7374,14,1.1190984542852279e-05,0
11253,14,1.1190984542852279e-05,0
12710,14,1.1190984542852279e-05,0
12715,14,1.1190984542852279e-05,0
2182,14,1.1190984542852279e-05,0
12728,14,1.1190984542852279e-05,0
16151,14,1.1190984542852279e-05,0
17353,14,1.1190984542852279e-05,0
17684,14,1.1190984542852279e-05,0
4489,14,1.1190984542852279e-05,0
17071,14,1.1190984542852279e-05,0
16713,14,1.1190984542852279e-05,0
7899,14,1.1190984542852279e-05,0
16131,14,1.1190984542852279e-05,0
17409,14,1.1190984542852279e-05,0
16098,14,1.1190984542852279e-05,0
2193,14,1.1190984542852279e-05,0
17069,14,1.1190984542852279e-05,0
18286,14,1.1190984542852279e-05,0
18295,14,1.1190984542852279e-05,0
2934,14,1.1190984542852279e-05,0
13870,14,1.1190984542852279e-05,0
5586,14,1.1190984542852279e-05,0
20165,14,1.1190984542852279e-05,0
4486,14,1.1190984542852279e-05,0
15502,14,1.1190984542852279e-05,0
17802,14,1.1190984542852279e-05,0
15508,14,1.1190984542852279e-05,0
15525,14,1.1190984542852279e-05,0
7278,14,1.1190984542852279e-05,0
12248,14,1.1190984542852279e-05,0
11799,14,1.1190984542852279e-05,0
12254,14,1.1190984542852279e-05,0
20863,14,1.1190984542852279e-05,0
2225,14,1.1190984542852279e-05,0
8453,14,1.1190984542852279e-05,0
17619,14,1.1190984542852279e-05,0
15741,14,1.1190984542852279e-05,0
13014,14,1.1190984542852279e-05,0
10990,14,1.1190984542852279e-05,0
10996,14,1.1190984542852279e-05,0
18626,14,1.1190984542852279e-05,0
13877,14,1.1190984542852279e-05,0
20388,14,1.1190984542852279e-05,0
9527,14,1.1190984542852279e-05,0
9550,14,1.1190984542852279e-05,0
14555,14,1.1190984542852279e-05,0
18344,14,1.1190984542852279e-05,0
7993,14,1.1190984542852279e-05,0
16727,14,1.1190984542852279e-05,0
12212,14,1.1190984542852279e-05,0
238,14,1.1190984542852279e-05,0
9500,14,1.1190984542852279e-05,0
2946,14,1.1190984542852279e-05,0
14589,14,1.1190984542852279e-05,0
20362,14,1.1190984542852279e-05,0
10099,14,1.1190984542852279e-05,0
5301,14,1.1190984542852279e-05,0
19837,14,1.1190984542852279e-05,0
19826,14,1.1190984542852279e-05,0
17733,14,1.1190984542852279e-05,0
4119,14,1.1190984542852279e-05,0
13108,14,1.1190984542852279e-05,0
16724,14,1.1190984542852279e-05,0
16711,14,1.1190984542852279e-05,0
16054,14,1.1190984542852279e-05,0
8313,14,1.1190984542852279e-05,0
15768,14,1.1190984542852279e-05,0
18997,14,1.1190984542852279e-05,0
8281,14,1.1190984542852279e-05,0
16056,14,1.1190984542852279e-05,0
3861,14,1.1190984542852279e-05,0
3873,14,1.1190984542852279e-05,0
14477,14,1.1190984542852279e-05,0
9629,14,1.1190984542852279e-05,0
9642,14,1.1190984542852279e-05,0
9974,14,1.1190984542852279e-05,0
5202,14,1.1190984542852279e-05,0
12767,14,1.1190984542852279e-05,0
7951,14,1.1190984542852279e-05,0
7949,14,1.1190984542852279e-05,0
7173,14,1.1190984542852279e-05,0
6822,14,1.1190984542852279e-05,0
11858,14,1.1190984542852279e-05,0
5036,14,1.1190984542852279e-05,0
11816,14,1.1190984542852279e-05,0
3585,14,1.1190984542852279e-05,0
10042,14,1.1190984542852279e-05,0
14476,14,1.1190984542852279e-05,0
13070,14,1.1190984542852279e-05,0
10960,14,1.1190984542852279e-05,0
13035,14,1.1190984542852279e-05,0
8423,14,1.1190984542852279e-05,0
9507,14,1.1190984542852279e-05,0
3633,14,1.1190984542852279e-05,0
3643,14,1.1190984542852279e-05,0
17065,14,1.1190984542852279e-05,0
162,14,1.1190984542852279e-05,0
3538,14,1.1190984542852279e-05,0
9893,14,1.1190984542852279e-05,0
20219,14,1.1190984542852279e-05,0
14126,14,1.1190984542852279e-05,0
18560,14,1.1190984542852279e-05,0
18576,14,1.1190984542852279e-05,0
3541,14,1.1190984542852279e-05,0
18581,14,1.1190984542852279e-05,0
4480,14,1.1190984542852279e-05,0
6864,14,1.1190984542852279e-05,0
11896,14,1.1190984542852279e-05,0
4964,14,1.1190984542852279e-05,0
21165,14,1.1190984542852279e-05,0
250,14,1.1190984542852279e-05,0
188,14,1.1190984542852279e-05,0
11071,14,1.1190984542852279e-05,0
11095,14,1.1190984542852279e-05,0
11079,14,1.1190984542852279e-05,0
12953,14,1.1190984542852279e-05,0
12956,14,1.1190984542852279e-05,0
5250,14,1.1190984542852279e-05,0
3316,14,1.1190984542852279e-05,0
17504,14,1.1190984542852279e-05,0
6401,14,1.1190984542852279e-05,0
6384,14,1.1190984542852279e-05,0
492,14,1.1190984542852279e-05,0
15976,14,1.1190984542852279e-05,0
11123,14,1.1190984542852279e-05,0
11202,14,1.1190984542852279e-05,0
8067,14,1.1190984542852279e-05,0
15836,14,1.1190984542852279e-05,0
13539,14,1.1190984542852279e-05,0
18797,14,1.1190984542852279e-05,0
19980,14,1.1190984542852279e-05,0
13419,14,1.1190984542852279e-05,0
17902,14,1.1190984542852279e-05,0
17891,14,1.1190984542852279e-05,0
7656,14,1.1190984542852279e-05,0
6626,14,1.1190984542852279e-05,0
1648,14,1.1190984542852279e-05,0
7598,14,1.1190984542852279e-05,0
9000,14,1.1190984542852279e-05,0
15137,14,1.1190984542852279e-05,0
18009,14,1.1190984542852279e-05,0
17999,14,1.1190984542852279e-05,0
13554,14,1.1190984542852279e-05,0
10425,14,1.1190984542852279e-05,0
21241,14,1.1190984542852279e-05,0
16924,14,1.1190984542852279e-05,0
22,14,1.1190984542852279e-05,0
18820,14,1.1190984542852279e-05,0
17953,14,1.1190984542852279e-05,0
7572,14,1.1190984542852279e-05,0
12487,14,1.1190984542852279e-05,0
4867,14,1.1190984542852279e-05,0
12078,14,1.1190984542852279e-05,0
12084,14,1.1190984542852279e-05,0
12070,14,1.1190984542852279e-05,0
12053,14,1.1190984542852279e-05,0
12061,14,1.1190984542852279e-05,0
16871,14,1.1190984542852279e-05,0
17018,14,1.1190984542852279e-05,0
21222,14,1.1190984542852279e-05,0
13329,13,1.0391628504077115e-05,0
6886,13,1.0391628504077115e-05,0
19412,13,1.0391628504077115e-05,0
10587,13,1.0391628504077115e-05,0
6983,13,1.0391628504077115e-05,0
18875,13,1.0391628504077115e-05,0
18863,13,1.0391628504077115e-05,0
5388,13,1.0391628504077115e-05,0
1315,13,1.0391628504077115e-05,0
10543,13,1.0391628504077115e-05,0
21169,13,1.0391628504077115e-05,0
11980,13,1.0391628504077115e-05,0
19396,13,1.0391628504077115e-05,0
7025,13,1.0391628504077115e-05,0
220,13,1.0391628504077115e-05,0
6870,13,1.0391628504077115e-05,0
7080,13,1.0391628504077115e-05,0
11951,13,1.0391628504077115e-05,0
11941,13,1.0391628504077115e-05,0
16703,13,1.0391628504077115e-05,0
7245,13,1.0391628504077115e-05,0
16746,13,1.0391628504077115e-05,0
6814,13,1.0391628504077115e-05,0
1906,13,1.0391628504077115e-05,0
4973,13,1.0391628504077115e-05,0
3650,13,1.0391628504077115e-05,0
7224,13,1.0391628504077115e-05,0
7231,13,1.0391628504077115e-05,0
7201,13,1.0391628504077115e-05,0
3635,13,1.0391628504077115e-05,0
13515,13,1.0391628504077115e-05,0
14611,13,1.0391628504077115e-05,0
4375,13,1.0391628504077115e-05,0
9490,13,1.0391628504077115e-05,0
14626,13,1.0391628504077115e-05,0
20399,13,1.0391628504077115e-05,0
19037,13,1.0391628504077115e-05,0
11097,13,1.0391628504077115e-05,0
9442,13,1.0391628504077115e-05,0
12914,13,1.0391628504077115e-05,0
2958,13,1.0391628504077115e-05,0
9331,13,1.0391628504077115e-05,0
4271,13,1.0391628504077115e-05,0
14802,13,1.0391628504077115e-05,0
18773,13,1.0391628504077115e-05,0
1280,13,1.0391628504077115e-05,0
13283,13,1.0391628504077115e-05,0
13290,13,1.0391628504077115e-05,0
19960,13,1.0391628504077115e-05,0
2582,13,1.0391628504077115e-05,0
5475,13,1.0391628504077115e-05,0
5479,13,1.0391628504077115e-05,0
4580,13,1.0391628504077115e-05,0
16644,13,1.0391628504077115e-05,0
16659,13,1.0391628504077115e-05,0
7382,13,1.0391628504077115e-05,0
21072,13,1.0391628504077115e-05,0
7292,13,1.0391628504077115e-05,0
16678,13,1.0391628504077115e-05,0
11924,13,1.0391628504077115e-05,0
11085,13,1.0391628504077115e-05,0
9513,13,1.0391628504077115e-05,0
14900,13,1.0391628504077115e-05,0
5986,13,1.0391628504077115e-05,0
14875,13,1.0391628504077115e-05,0
1520,13,1.0391628504077115e-05,0
1528,13,1.0391628504077115e-05,0
5196,13,1.0391628504077115e-05,0
14891,13,1.0391628504077115e-05,0
19100,13,1.0391628504077115e-05,0
19086,13,1.0391628504077115e-05,0
12806,13,1.0391628504077115e-05,0
2987,13,1.0391628504077115e-05,0
9182,13,1.0391628504077115e-05,0
7267,13,1.0391628504077115e-05,0
1982,13,1.0391628504077115e-05,0
7436,13,1.0391628504077115e-05,0
7444,13,1.0391628504077115e-05,0
16512,13,1.0391628504077115e-05,0
7463,13,1.0391628504077115e-05,0
12136,13,1.0391628504077115e-05,0
7415,13,1.0391628504077115e-05,0
7395,13,1.0391628504077115e-05,0
11832,13,1.0391628504077115e-05,0
11891,13,1.0391628504077115e-05,0
12157,13,1.0391628504077115e-05,0
16598,13,1.0391628504077115e-05,0
16625,13,1.0391628504077115e-05,0
7353,13,1.0391628504077115e-05,0
2573,13,1.0391628504077115e-05,0
15139,13,1.0391628504077115e-05,0
9028,13,1.0391628504077115e-05,0
14963,13,1.0391628504077115e-05,0
14928,13,1.0391628504077115e-05,0
9087,13,1.0391628504077115e-05,0
14952,13,1.0391628504077115e-05,0
2980,13,1.0391628504077115e-05,0
12779,13,1.0391628504077115e-05,0
12784,13,1.0391628504077115e-05,0
9068,13,1.0391628504077115e-05,0
9069,13,1.0391628504077115e-05,0
14560,13,1.0391628504077115e-05,0
14564,13,1.0391628504077115e-05,0
14584,13,1.0391628504077115e-05,0
14574,13,1.0391628504077115e-05,0
18752,13,1.0391628504077115e-05,0
13704,13,1.0391628504077115e-05,0
5504,13,1.0391628504077115e-05,0
5492,13,1.0391628504077115e-05,0
20056,13,1.0391628504077115e-05,0
1248,13,1.0391628504077115e-05,0
20073,13,1.0391628504077115e-05,0
10683,13,1.0391628504077115e-05,0
5367,13,1.0391628504077115e-05,0
1204,13,1.0391628504077115e-05,0
10301,13,1.0391628504077115e-05,0
11874,13,1.0391628504077115e-05,0
11811,13,1.0391628504077115e-05,0
6097,13,1.0391628504077115e-05,0
2801,13,1.0391628504077115e-05,0
2827,13,1.0391628504077115e-05,0
9596,13,1.0391628504077115e-05,0
5855,13,1.0391628504077115e-05,0
5835,13,1.0391628504077115e-05,0
14391,13,1.0391628504077115e-05,0
11062,13,1.0391628504077115e-05,0
9571,13,1.0391628504077115e-05,0
18356,13,1.0391628504077115e-05,0
12973,13,1.0391628504077115e-05,0
3110,13,1.0391628504077115e-05,0
3076,13,1.0391628504077115e-05,0
3081,13,1.0391628504077115e-05,0
6036,13,1.0391628504077115e-05,0
15099,13,1.0391628504077115e-05,0
11295,13,1.0391628504077115e-05,0
15133,13,1.0391628504077115e-05,0
7451,13,1.0391628504077115e-05,0
379,13,1.0391628504077115e-05,0
6676,13,1.0391628504077115e-05,0
6705,13,1.0391628504077115e-05,0
2041,13,1.0391628504077115e-05,0
1987,13,1.0391628504077115e-05,0
17238,13,1.0391628504077115e-05,0
17213,13,1.0391628504077115e-05,0
5042,13,1.0391628504077115e-05,0
5048,13,1.0391628504077115e-05,0
1787,13,1.0391628504077115e-05,0
7560,13,1.0391628504077115e-05,0
7516,13,1.0391628504077115e-05,0
7489,13,1.0391628504077115e-05,0
16503,13,1.0391628504077115e-05,0
17204,13,1.0391628504077115e-05,0
2462,13,1.0391628504077115e-05,0
2623,13,1.0391628504077115e-05,0
18701,13,1.0391628504077115e-05,0
5857,13,1.0391628504077115e-05,0
11022,13,1.0391628504077115e-05,0
11039,13,1.0391628504077115e-05,0
6054,13,1.0391628504077115e-05,0
11325,13,1.0391628504077115e-05,0
6098,13,1.0391628504077115e-05,0
6091,13,1.0391628504077115e-05,0
17949,13,1.0391628504077115e-05,0
10223,13,1.0391628504077115e-05,0
13731,13,1.0391628504077115e-05,0
13273,13,1.0391628504077115e-05,0
13773,13,1.0391628504077115e-05,0
10169,13,1.0391628504077115e-05,0
13792,13,1.0391628504077115e-05,0
3734,13,1.0391628504077115e-05,0
3746,13,1.0391628504077115e-05,0
11741,13,1.0391628504077115e-05,0
16358,13,1.0391628504077115e-05,0
12225,13,1.0391628504077115e-05,0
12282,13,1.0391628504077115e-05,0
7619,13,1.0391628504077115e-05,0
7633,13,1.0391628504077115e-05,0
2600,13,1.0391628504077115e-05,0
13827,13,1.0391628504077115e-05,0
15342,13,1.0391628504077115e-05,0
11385,13,1.0391628504077115e-05,0
19722,13,1.0391628504077115e-05,0
4215,13,1.0391628504077115e-05,0
17938,13,1.0391628504077115e-05,0
2121,13,1.0391628504077115e-05,0
11380,13,1.0391628504077115e-05,0
15203,13,1.0391628504077115e-05,0
8839,13,1.0391628504077115e-05,0
17916,13,1.0391628504077115e-05,0
14380,13,1.0391628504077115e-05,0
14368,13,1.0391628504077115e-05,0
9655,13,1.0391628504077115e-05,0
5825,13,1.0391628504077115e-05,0
5278,13,1.0391628504077115e-05,0
20669,13,1.0391628504077115e-05,0
8569,13,1.0391628504077115e-05,0
8608,13,1.0391628504077115e-05,0
12580,13,1.0391628504077115e-05,0
19693,13,1.0391628504077115e-05,0
4164,13,1.0391628504077115e-05,0
15287,13,1.0391628504077115e-05,0
8773,13,1.0391628504077115e-05,0
11365,13,1.0391628504077115e-05,0
15365,13,1.0391628504077115e-05,0
15371,13,1.0391628504077115e-05,0
5511,13,1.0391628504077115e-05,0
10125,13,1.0391628504077115e-05,0
18679,13,1.0391628504077115e-05,0
5566,13,1.0391628504077115e-05,0
13916,13,1.0391628504077115e-05,0
3793,13,1.0391628504077115e-05,0
6542,13,1.0391628504077115e-05,0
4949,13,1.0391628504077115e-05,0
11749,13,1.0391628504077115e-05,0
16281,13,1.0391628504077115e-05,0
7755,13,1.0391628504077115e-05,0
4941,13,1.0391628504077115e-05,0
1697,13,1.0391628504077115e-05,0
4962,13,1.0391628504077115e-05,0
4944,13,1.0391628504077115e-05,0
5734,13,1.0391628504077115e-05,0
10978,13,1.0391628504077115e-05,0
2335,13,1.0391628504077115e-05,0
13007,13,1.0391628504077115e-05,0
1065,13,1.0391628504077115e-05,0
12999,13,1.0391628504077115e-05,0
10997,13,1.0391628504077115e-05,0
2805,13,1.0391628504077115e-05,0
9728,13,1.0391628504077115e-05,0
1068,13,1.0391628504077115e-05,0
3214,13,1.0391628504077115e-05,0
3218,13,1.0391628504077115e-05,0
3222,13,1.0391628504077115e-05,0
15481,13,1.0391628504077115e-05,0
15455,13,1.0391628504077115e-05,0
8673,13,1.0391628504077115e-05,0
19691,13,1.0391628504077115e-05,0
16314,13,1.0391628504077115e-05,0
3829,13,1.0391628504077115e-05,0
12340,13,1.0391628504077115e-05,0
1710,13,1.0391628504077115e-05,0
19546,13,1.0391628504077115e-05,0
1760,13,1.0391628504077115e-05,0
16221,13,1.0391628504077115e-05,0
19287,13,1.0391628504077115e-05,0
7790,13,1.0391628504077115e-05,0
20941,13,1.0391628504077115e-05,0
10075,13,1.0391628504077115e-05,0
10086,13,1.0391628504077115e-05,0
2672,13,1.0391628504077115e-05,0
18945,13,1.0391628504077115e-05,0
2433,13,1.0391628504077115e-05,0
13947,13,1.0391628504077115e-05,0
13936,13,1.0391628504077115e-05,0
10022,13,1.0391628504077115e-05,0
18917,13,1.0391628504077115e-05,0
15729,13,1.0391628504077115e-05,0
17770,13,1.0391628504077115e-05,0
6181,13,1.0391628504077115e-05,0
8543,13,1.0391628504077115e-05,0
17745,13,1.0391628504077115e-05,0
20701,13,1.0391628504077115e-05,0
11442,13,1.0391628504077115e-05,0
11430,13,1.0391628504077115e-05,0
15643,13,1.0391628504077115e-05,0
6234,13,1.0391628504077115e-05,0
20736,13,1.0391628504077115e-05,0
14294,13,1.0391628504077115e-05,0
14251,13,1.0391628504077115e-05,0
14299,13,1.0391628504077115e-05,0
5616,13,1.0391628504077115e-05,0
1689,13,1.0391628504077115e-05,0
1695,13,1.0391628504077115e-05,0
17348,13,1.0391628504077115e-05,0
17344,13,1.0391628504077115e-05,0
4905,13,1.0391628504077115e-05,0
12312,13,1.0391628504077115e-05,0
4927,13,1.0391628504077115e-05,0
12375,13,1.0391628504077115e-05,0
7871,13,1.0391628504077115e-05,0
7849,13,1.0391628504077115e-05,0
6518,13,1.0391628504077115e-05,0
17326,13,1.0391628504077115e-05,0
7885,13,1.0391628504077115e-05,0
13976,13,1.0391628504077115e-05,0
13040,13,1.0391628504077115e-05,0
13026,13,1.0391628504077115e-05,0
13075,13,1.0391628504077115e-05,0
10965,13,1.0391628504077115e-05,0
13085,13,1.0391628504077115e-05,0
14256,13,1.0391628504077115e-05,0
8500,13,1.0391628504077115e-05,0
8489,13,1.0391628504077115e-05,0
4808,13,1.0391628504077115e-05,0
15699,13,1.0391628504077115e-05,0
4812,13,1.0391628504077115e-05,0
12530,13,1.0391628504077115e-05,0
18621,13,1.0391628504077115e-05,0
10008,13,1.0391628504077115e-05,0
10013,13,1.0391628504077115e-05,0
13165,13,1.0391628504077115e-05,0
13132,13,1.0391628504077115e-05,0
14048,13,1.0391628504077115e-05,0
14003,13,1.0391628504077115e-05,0
14004,13,1.0391628504077115e-05,0
3856,13,1.0391628504077115e-05,0
11676,13,1.0391628504077115e-05,0
7944,13,1.0391628504077115e-05,0
11673,13,1.0391628504077115e-05,0
7921,13,1.0391628504077115e-05,0
7860,13,1.0391628504077115e-05,0
11496,13,1.0391628504077115e-05,0
6350,13,1.0391628504077115e-05,0
11514,13,1.0391628504077115e-05,0
4866,13,1.0391628504077115e-05,0
15807,13,1.0391628504077115e-05,0
8349,13,1.0391628504077115e-05,0
8370,13,1.0391628504077115e-05,0
4855,13,1.0391628504077115e-05,0
4836,13,1.0391628504077115e-05,0
4841,13,1.0391628504077115e-05,0
11502,13,1.0391628504077115e-05,0
8260,13,1.0391628504077115e-05,0
8315,13,1.0391628504077115e-05,0
9813,13,1.0391628504077115e-05,0
9762,13,1.0391628504077115e-05,0
9956,13,1.0391628504077115e-05,0
14037,13,1.0391628504077115e-05,0
14053,13,1.0391628504077115e-05,0
10867,13,1.0391628504077115e-05,0
13107,13,1.0391628504077115e-05,0
10853,13,1.0391628504077115e-05,0
9940,13,1.0391628504077115e-05,0
18611,13,1.0391628504077115e-05,0
4478,13,1.0391628504077115e-05,0
13096,13,1.0391628504077115e-05,0
18550,13,1.0391628504077115e-05,0
14089,13,1.0391628504077115e-05,0
5679,13,1.0391628504077115e-05,0
5637,13,1.0391628504077115e-05,0
9923,13,1.0391628504077115e-05,0
3355,13,1.0391628504077115e-05,0
15988,13,1.0391628504077115e-05,0
17447,13,1.0391628504077115e-05,0
7997,13,1.0391628504077115e-05,0
15969,13,1.0391628504077115e-05,0
1389,13,1.0391628504077115e-05,0
2326,13,1.0391628504077115e-05,0
18972,13,1.0391628504077115e-05,0
2356,13,1.0391628504077115e-05,0
9835,13,1.0391628504077115e-05,0
18533,13,1.0391628504077115e-05,0
18525,13,1.0391628504077115e-05,0
14181,13,1.0391628504077115e-05,0
9839,13,1.0391628504077115e-05,0
6319,13,1.0391628504077115e-05,0
11498,13,1.0391628504077115e-05,0
12458,13,1.0391628504077115e-05,0
8226,13,1.0391628504077115e-05,0
19223,13,1.0391628504077115e-05,0
11531,13,1.0391628504077115e-05,0
8030,13,1.0391628504077115e-05,0
8035,13,1.0391628504077115e-05,0
19271,13,1.0391628504077115e-05,0
11584,13,1.0391628504077115e-05,0
16073,13,1.0391628504077115e-05,0
440,13,1.0391628504077115e-05,0
7960,13,1.0391628504077115e-05,0
19246,13,1.0391628504077115e-05,0
4884,13,1.0391628504077115e-05,0
8166,13,1.0391628504077115e-05,0
495,13,1.0391628504077115e-05,0
8118,13,1.0391628504077115e-05,0
4873,13,1.0391628504077115e-05,0
12475,13,1.0391628504077115e-05,0
11574,13,1.0391628504077115e-05,0
11558,13,1.0391628504077115e-05,0
17497,13,1.0391628504077115e-05,0
16011,13,1.0391628504077115e-05,0
10584,13,1.0391628504077115e-05,0
10586,13,1.0391628504077115e-05,0
6944,13,1.0391628504077115e-05,0
10506,13,1.0391628504077115e-05,0
20001,13,1.0391628504077115e-05,0
13374,13,1.0391628504077115e-05,0
10462,13,1.0391628504077115e-05,0
10488,13,1.0391628504077115e-05,0
233,13,1.0391628504077115e-05,0
3594,13,1.0391628504077115e-05,0
12069,13,1.0391628504077115e-05,0
12033,13,1.0391628504077115e-05,0
14805,13,1.0391628504077115e-05,0
12861,13,1.0391628504077115e-05,0
11142,13,1.0391628504077115e-05,0
11165,13,1.0391628504077115e-05,0
14711,13,1.0391628504077115e-05,0
5904,13,1.0391628504077115e-05,0
9375,13,1.0391628504077115e-05,0
982,13,1.0391628504077115e-05,0
19045,13,1.0391628504077115e-05,0
12886,13,1.0391628504077115e-05,0
9347,13,1.0391628504077115e-05,0
14722,13,1.0391628504077115e-05,0
6999,13,1.0391628504077115e-05,0
12010,13,1.0391628504077115e-05,0
6956,12,9.592272465301952e-06,0
5930,12,9.592272465301952e-06,0
5931,12,9.592272465301952e-06,0
12872,12,9.592272465301952e-06,0
12013,12,9.592272465301952e-06,0
4348,12,9.592272465301952e-06,0
18217,12,9.592272465301952e-06,0
14702,12,9.592272465301952e-06,0
12881,12,9.592272465301952e-06,0
9255,12,9.592272465301952e-06,0
9227,12,9.592272465301952e-06,0
9230,12,9.592272465301952e-06,0
948,12,9.592272465301952e-06,0
11102,12,9.592272465301952e-06,0
14614,12,9.592272465301952e-06,0
4373,12,9.592272465301952e-06,0
9494,12,9.592272465301952e-06,0
14646,12,9.592272465301952e-06,0
7217,12,9.592272465301952e-06,0
3640,12,9.592272465301952e-06,0
21119,12,9.592272465301952e-06,0
9424,12,9.592272465301952e-06,0
9427,12,9.592272465301952e-06,0
14624,12,9.592272465301952e-06,0
14807,12,9.592272465301952e-06,0
9470,12,9.592272465301952e-06,0
20383,12,9.592272465301952e-06,0
5871,12,9.592272465301952e-06,0
11145,12,9.592272465301952e-06,0
1252,12,9.592272465301952e-06,0
10406,12,9.592272465301952e-06,0
2971,12,9.592272465301952e-06,0
2972,12,9.592272465301952e-06,0
14781,12,9.592272465301952e-06,0
11219,12,9.592272465301952e-06,0
14839,12,9.592272465301952e-06,0
14658,12,9.592272465301952e-06,0
7316,12,9.592272465301952e-06,0
3481,12,9.592272465301952e-06,0
3508,12,9.592272465301952e-06,0
4634,12,9.592272465301952e-06,0
4604,12,9.592272465301952e-06,0
13566,12,9.592272465301952e-06,0
13567,12,9.592272465301952e-06,0
18763,12,9.592272465301952e-06,0
16032,12,9.592272465301952e-06,0
17474,12,9.592272465301952e-06,0
6417,12,9.592272465301952e-06,0
13094,12,9.592272465301952e-06,0
18564,12,9.592272465301952e-06,0
4479,12,9.592272465301952e-06,0
5678,12,9.592272465301952e-06,0
19838,12,9.592272465301952e-06,0
5293,12,9.592272465301952e-06,0
9844,12,9.592272465301952e-06,0
9846,12,9.592272465301952e-06,0
9899,12,9.592272465301952e-06,0
5303,12,9.592272465301952e-06,0
2334,12,9.592272465301952e-06,0
13117,12,9.592272465301952e-06,0
9924,12,9.592272465301952e-06,0
19230,12,9.592272465301952e-06,0
19234,12,9.592272465301952e-06,0
9837,12,9.592272465301952e-06,0
602,12,9.592272465301952e-06,0
614,12,9.592272465301952e-06,0
8286,12,9.592272465301952e-06,0
609,12,9.592272465301952e-06,0
5308,12,9.592272465301952e-06,0
19583,12,9.592272465301952e-06,0
6441,12,9.592272465301952e-06,0
20879,12,9.592272465301952e-06,0
7968,12,9.592272465301952e-06,0
17530,12,9.592272465301952e-06,0
8031,12,9.592272465301952e-06,0
8024,12,9.592272465301952e-06,0
8247,12,9.592272465301952e-06,0
7915,12,9.592272465301952e-06,0
7920,12,9.592272465301952e-06,0
11649,12,9.592272465301952e-06,0
17376,12,9.592272465301952e-06,0
17384,12,9.592272465301952e-06,0
3364,12,9.592272465301952e-06,0
7943,12,9.592272465301952e-06,0
12413,12,9.592272465301952e-06,0
11518,12,9.592272465301952e-06,0
15887,12,9.592272465301952e-06,0
4059,12,9.592272465301952e-06,0
8312,12,9.592272465301952e-06,0
4005,12,9.592272465301952e-06,0
12389,12,9.592272465301952e-06,0
6494,12,9.592272465301952e-06,0
6476,12,9.592272465301952e-06,0
18508,12,9.592272465301952e-06,0
5147,12,9.592272465301952e-06,0
8262,12,9.592272465301952e-06,0
15838,12,9.592272465301952e-06,0
8302,12,9.592272465301952e-06,0
17599,12,9.592272465301952e-06,0
17604,12,9.592272465301952e-06,0
8269,12,9.592272465301952e-06,0
7941,12,9.592272465301952e-06,0
9968,12,9.592272465301952e-06,0
9958,12,9.592272465301952e-06,0
9961,12,9.592272465301952e-06,0
4032,12,9.592272465301952e-06,0
14199,12,9.592272465301952e-06,0
5700,12,9.592272465301952e-06,0
18504,12,9.592272465301952e-06,0
10916,12,9.592272465301952e-06,0
13033,12,9.592272465301952e-06,0
13076,12,9.592272465301952e-06,0
7864,12,9.592272465301952e-06,0
2714,12,9.592272465301952e-06,0
1165,12,9.592272465301952e-06,0
1166,12,9.592272465301952e-06,0
13978,12,9.592272465301952e-06,0
12512,12,9.592272465301952e-06,0
13022,12,9.592272465301952e-06,0
14258,12,9.592272465301952e-06,0
14274,12,9.592272465301952e-06,0
14278,12,9.592272465301952e-06,0
14240,12,9.592272465301952e-06,0
5731,12,9.592272465301952e-06,0
10913,12,9.592272465301952e-06,0
15712,12,9.592272465301952e-06,0
15672,12,9.592272465301952e-06,0
19650,12,9.592272465301952e-06,0
2754,12,9.592272465301952e-06,0
15715,12,9.592272465301952e-06,0
17673,12,9.592272465301952e-06,0
17693,12,9.592272465301952e-06,0
8506,12,9.592272465301952e-06,0
3366,12,9.592272465301952e-06,0
3871,12,9.592272465301952e-06,0
3874,12,9.592272465301952e-06,0
13967,12,9.592272465301952e-06,0
14023,12,9.592272465301952e-06,0
14010,12,9.592272465301952e-06,0
4665,12,9.592272465301952e-06,0
15719,12,9.592272465301952e-06,0
6294,12,9.592272465301952e-06,0
654,12,9.592272465301952e-06,0
4036,12,9.592272465301952e-06,0
8435,12,9.592272465301952e-06,0
8436,12,9.592272465301952e-06,0
8597,12,9.592272465301952e-06,0
13983,12,9.592272465301952e-06,0
20939,12,9.592272465301952e-06,0
15567,12,9.592272465301952e-06,0
19624,12,9.592272465301952e-06,0
11460,12,9.592272465301952e-06,0
20698,12,9.592272465301952e-06,0
3248,12,9.592272465301952e-06,0
8599,12,9.592272465301952e-06,0
8588,12,9.592272465301952e-06,0
12511,12,9.592272465301952e-06,0
11667,12,9.592272465301952e-06,0
5622,12,9.592272465301952e-06,0
11680,12,9.592272465301952e-06,0
6521,12,9.592272465301952e-06,0
6221,12,9.592272465301952e-06,0
3288,12,9.592272465301952e-06,0
14253,12,9.592272465301952e-06,0
8564,12,9.592272465301952e-06,0
7855,12,9.592272465301952e-06,0
20910,12,9.592272465301952e-06,0
7874,12,9.592272465301952e-06,0
7875,12,9.592272465301952e-06,0
7859,12,9.592272465301952e-06,0
17325,12,9.592272465301952e-06,0
6524,12,9.592272465301952e-06,0
16155,12,9.592272465301952e-06,0
2336,12,9.592272465301952e-06,0
13015,12,9.592272465301952e-06,0
4960,12,9.592272465301952e-06,0
12308,12,9.592272465301952e-06,0
3789,12,9.592272465301952e-06,0
6536,12,9.592272465301952e-06,0
7807,12,9.592272465301952e-06,0
16298,12,9.592272465301952e-06,0
20644,12,9.592272465301952e-06,0
3232,12,9.592272465301952e-06,0
2732,12,9.592272465301952e-06,0
13048,12,9.592272465301952e-06,0
10968,12,9.592272465301952e-06,0
13001,12,9.592272465301952e-06,0
2758,12,9.592272465301952e-06,0
14267,12,9.592272465301952e-06,0
7840,12,9.592272465301952e-06,0
16184,12,9.592272465301952e-06,0
2025,12,9.592272465301952e-06,0
17844,12,9.592272465301952e-06,0
3231,12,9.592272465301952e-06,0
17805,12,9.592272465301952e-06,0
8717,12,9.592272465301952e-06,0
2766,12,9.592272465301952e-06,0
17289,12,9.592272465301952e-06,0
13954,12,9.592272465301952e-06,0
13899,12,9.592272465301952e-06,0
1701,12,9.592272465301952e-06,0
12334,12,9.592272465301952e-06,0
11712,12,9.592272465301952e-06,0
16331,12,9.592272465301952e-06,0
16342,12,9.592272465301952e-06,0
17872,12,9.592272465301952e-06,0
6124,12,9.592272465301952e-06,0
17800,12,9.592272465301952e-06,0
15524,12,9.592272465301952e-06,0
8629,12,9.592272465301952e-06,0
15484,12,9.592272465301952e-06,0
3257,12,9.592272465301952e-06,0
6198,12,9.592272465301952e-06,0
776,12,9.592272465301952e-06,0
8763,12,9.592272465301952e-06,0
15323,12,9.592272465301952e-06,0
15318,12,9.592272465301952e-06,0
725,12,9.592272465301952e-06,0
17877,12,9.592272465301952e-06,0
15347,12,9.592272465301952e-06,0
3175,12,9.592272465301952e-06,0
13826,12,9.592272465301952e-06,0
10151,12,9.592272465301952e-06,0
13230,12,9.592272465301952e-06,0
11400,12,9.592272465301952e-06,0
15363,12,9.592272465301952e-06,0
15375,12,9.592272465301952e-06,0
17843,12,9.592272465301952e-06,0
15384,12,9.592272465301952e-06,0
19888,12,9.592272465301952e-06,0
10799,12,9.592272465301952e-06,0
10145,12,9.592272465301952e-06,0
18629,12,9.592272465301952e-06,0
10112,12,9.592272465301952e-06,0
13836,12,9.592272465301952e-06,0
13879,12,9.592272465301952e-06,0
5570,12,9.592272465301952e-06,0
7568,12,9.592272465301952e-06,0
13741,12,9.592272465301952e-06,0
3719,12,9.592272465301952e-06,0
3729,12,9.592272465301952e-06,0
17263,12,9.592272465301952e-06,0
7668,12,9.592272465301952e-06,0
2485,12,9.592272465301952e-06,0
10196,12,9.592272465301952e-06,0
2118,12,9.592272465301952e-06,0
6598,12,9.592272465301952e-06,0
1749,12,9.592272465301952e-06,0
12234,12,9.592272465301952e-06,0
11736,12,9.592272465301952e-06,0
11803,12,9.592272465301952e-06,0
11786,12,9.592272465301952e-06,0
7690,12,9.592272465301952e-06,0
15265,12,9.592272465301952e-06,0
9697,12,9.592272465301952e-06,0
19161,12,9.592272465301952e-06,0
11379,12,9.592272465301952e-06,0
11367,12,9.592272465301952e-06,0
15262,12,9.592272465301952e-06,0
6177,12,9.592272465301952e-06,0
17933,12,9.592272465301952e-06,0
9707,12,9.592272465301952e-06,0
5797,12,9.592272465301952e-06,0
11041,12,9.592272465301952e-06,0
5262,12,9.592272465301952e-06,0
11049,12,9.592272465301952e-06,0
8833,12,9.592272465301952e-06,0
6138,12,9.592272465301952e-06,0
15216,12,9.592272465301952e-06,0
9662,12,9.592272465301952e-06,0
10289,12,9.592272465301952e-06,0
10261,12,9.592272465301952e-06,0
10292,12,9.592272465301952e-06,0
10297,12,9.592272465301952e-06,0
18910,12,9.592272465301952e-06,0
1815,12,9.592272465301952e-06,0
16504,12,9.592272465301952e-06,0
15150,12,9.592272465301952e-06,0
15182,12,9.592272465301952e-06,0
880,12,9.592272465301952e-06,0
881,12,9.592272465301952e-06,0
11035,12,9.592272465301952e-06,0
19807,12,9.592272465301952e-06,0
2874,12,9.592272465301952e-06,0
9661,12,9.592272465301952e-06,0
1626,12,9.592272465301952e-06,0
12686,12,9.592272465301952e-06,0
11328,12,9.592272465301952e-06,0
11340,12,9.592272465301952e-06,0
14357,12,9.592272465301952e-06,0
2846,12,9.592272465301952e-06,0
19162,12,9.592272465301952e-06,0
12704,12,9.592272465301952e-06,0
13759,12,9.592272465301952e-06,0
8922,12,9.592272465301952e-06,0
6114,12,9.592272465301952e-06,0
8885,12,9.592272465301952e-06,0
17961,12,9.592272465301952e-06,0
8896,12,9.592272465301952e-06,0
3140,12,9.592272465301952e-06,0
9008,12,9.592272465301952e-06,0
21021,12,9.592272465301952e-06,0
2004,12,9.592272465301952e-06,0
11846,12,9.592272465301952e-06,0
10302,12,9.592272465301952e-06,0
10268,12,9.592272465301952e-06,0
16472,12,9.592272465301952e-06,0
16479,12,9.592272465301952e-06,0
16481,12,9.592272465301952e-06,0
11093,12,9.592272465301952e-06,0
11073,12,9.592272465301952e-06,0
12970,12,9.592272465301952e-06,0
2871,12,9.592272465301952e-06,0
11882,12,9.592272465301952e-06,0
16529,12,9.592272465301952e-06,0
268,12,9.592272465301952e-06,0
317,12,9.592272465301952e-06,0
4768,12,9.592272465301952e-06,0
11285,12,9.592272465301952e-06,0
2213,12,9.592272465301952e-06,0
15055,12,9.592272465301952e-06,0
3085,12,9.592272465301952e-06,0
9053,12,9.592272465301952e-06,0
12721,12,9.592272465301952e-06,0
11065,12,9.592272465301952e-06,0
16492,12,9.592272465301952e-06,0
12220,12,9.592272465301952e-06,0
17195,12,9.592272465301952e-06,0
6687,12,9.592272465301952e-06,0
6712,12,9.592272465301952e-06,0
2042,12,9.592272465301952e-06,0
15087,12,9.592272465301952e-06,0
15101,12,9.592272465301952e-06,0
6737,12,9.592272465301952e-06,0
6741,12,9.592272465301952e-06,0
13669,12,9.592272465301952e-06,0
13670,12,9.592272465301952e-06,0
18751,12,9.592272465301952e-06,0
3668,12,9.592272465301952e-06,0
7348,12,9.592272465301952e-06,0
5015,12,9.592272465301952e-06,0
18053,12,9.592272465301952e-06,0
9073,12,9.592272465301952e-06,0
14998,12,9.592272465301952e-06,0
12785,12,9.592272465301952e-06,0
9133,12,9.592272465301952e-06,0
14922,12,9.592272465301952e-06,0
2985,12,9.592272465301952e-06,0
1570,12,9.592272465301952e-06,0
14556,12,9.592272465301952e-06,0
18359,12,9.592272465301952e-06,0
9582,12,9.592272465301952e-06,0
11275,12,9.592272465301952e-06,0
11280,12,9.592272465301952e-06,0
11265,12,9.592272465301952e-06,0
918,12,9.592272465301952e-06,0
15017,12,9.592272465301952e-06,0
16482,12,9.592272465301952e-06,0
1801,12,9.592272465301952e-06,0
10269,12,9.592272465301952e-06,0
13272,12,9.592272465301952e-06,0
10691,12,9.592272465301952e-06,0
10305,12,9.592272465301952e-06,0
13633,12,9.592272465301952e-06,0
14995,12,9.592272465301952e-06,0
9504,12,9.592272465301952e-06,0
14907,12,9.592272465301952e-06,0
16671,12,9.592272465301952e-06,0
7242,12,9.592272465301952e-06,0
6765,12,9.592272465301952e-06,0
11912,12,9.592272465301952e-06,0
19495,12,9.592272465301952e-06,0
19476,12,9.592272465301952e-06,0
12827,12,9.592272465301952e-06,0
5985,12,9.592272465301952e-06,0
11236,12,9.592272465301952e-06,0
1519,12,9.592272465301952e-06,0
1529,12,9.592272465301952e-06,0
9555,12,9.592272465301952e-06,0
12957,12,9.592272465301952e-06,0
9486,12,9.592272465301952e-06,0
9177,12,9.592272465301952e-06,0
9194,12,9.592272465301952e-06,0
9201,12,9.592272465301952e-06,0
9203,12,9.592272465301952e-06,0
9174,12,9.592272465301952e-06,0
20393,12,9.592272465301952e-06,0
11177,12,9.592272465301952e-06,0
11159,12,9.592272465301952e-06,0
16564,12,9.592272465301952e-06,0
7457,12,9.592272465301952e-06,0
12187,12,9.592272465301952e-06,0
3464,12,9.592272465301952e-06,0
3507,12,9.592272465301952e-06,0
7262,12,9.592272465301952e-06,0
3509,12,9.592272465301952e-06,0
21117,12,9.592272465301952e-06,0
13399,12,9.592272465301952e-06,0
18867,12,9.592272465301952e-06,0
10557,12,9.592272465301952e-06,0
6960,12,9.592272465301952e-06,0
10589,12,9.592272465301952e-06,0
16949,12,9.592272465301952e-06,0
6982,12,9.592272465301952e-06,0
14708,12,9.592272465301952e-06,0
16918,12,9.592272465301952e-06,0
121,12,9.592272465301952e-06,0
139,12,9.592272465301952e-06,0
6901,12,9.592272465301952e-06,0
21237,12,9.592272465301952e-06,0
10545,12,9.592272465301952e-06,0
3552,12,9.592272465301952e-06,0
16989,12,9.592272465301952e-06,0
7271,12,9.592272465301952e-06,0
6802,12,9.592272465301952e-06,0
12041,12,9.592272465301952e-06,0
6862,12,9.592272465301952e-06,0
19467,12,9.592272465301952e-06,0
6969,12,9.592272465301952e-06,0
19392,12,9.592272465301952e-06,0
11977,12,9.592272465301952e-06,0
13541,12,9.592272465301952e-06,0
18785,12,9.592272465301952e-06,0
4974,12,9.592272465301952e-06,0
17070,12,9.592272465301952e-06,0
7185,12,9.592272465301952e-06,0
6812,12,9.592272465301952e-06,0
6832,12,9.592272465301952e-06,0
17093,12,9.592272465301952e-06,0
19978,12,9.592272465301952e-06,0
11559,12,9.592272465301952e-06,0
5105,12,9.592272465301952e-06,0
11515,12,9.592272465301952e-06,0
436,12,9.592272465301952e-06,0
8117,12,9.592272465301952e-06,0
4870,12,9.592272465301952e-06,0
19582,12,9.592272465301952e-06,0
4614,12,9.592272465301952e-06,0
13340,12,9.592272465301952e-06,0
13361,12,9.592272465301952e-06,0
10431,12,9.592272465301952e-06,0
21248,12,9.592272465301952e-06,0
5419,12,9.592272465301952e-06,0
10539,12,9.592272465301952e-06,0
10564,12,9.592272465301952e-06,0
7104,12,9.592272465301952e-06,0
12039,12,9.592272465301952e-06,0
13519,12,9.592272465301952e-06,0
18807,12,9.592272465301952e-06,0
10518,12,9.592272465301952e-06,0
7164,12,9.592272465301952e-06,0
3605,12,9.592272465301952e-06,0
6833,12,9.592272465301952e-06,0
9414,12,9.592272465301952e-06,0
14838,12,9.592272465301952e-06,0
11204,12,9.592272465301952e-06,0
18181,12,9.592272465301952e-06,0
18168,12,9.592272465301952e-06,0
6838,12,9.592272465301952e-06,0
7170,12,9.592272465301952e-06,0
6860,12,9.592272465301952e-06,0
21234,11,8.79291642652679e-06,0
16933,11,8.79291642652679e-06,0
6892,11,8.79291642652679e-06,0
13557,11,8.79291642652679e-06,0
13568,11,8.79291642652679e-06,0
3632,11,8.79291642652679e-06,0
3634,11,8.79291642652679e-06,0
17066,11,8.79291642652679e-06,0
3648,11,8.79291642652679e-06,0
6803,11,8.79291642652679e-06,0
1805,11,8.79291642652679e-06,0
5443,11,8.79291642652679e-06,0
10676,11,8.79291642652679e-06,0
13292,11,8.79291642652679e-06,0
2593,11,8.79291642652679e-06,0
13608,11,8.79291642652679e-06,0
10427,11,8.79291642652679e-06,0
20038,11,8.79291642652679e-06,0
18783,11,8.79291642652679e-06,0
3504,11,8.79291642652679e-06,0
16698,11,8.79291642652679e-06,0
7304,11,8.79291642652679e-06,0
16660,11,8.79291642652679e-06,0
7355,11,8.79291642652679e-06,0
13622,11,8.79291642652679e-06,0
4590,11,8.79291642652679e-06,0
5458,11,8.79291642652679e-06,0
12121,11,8.79291642652679e-06,0
3666,11,8.79291642652679e-06,0
7426,11,8.79291642652679e-06,0
16539,11,8.79291642652679e-06,0
21104,11,8.79291642652679e-06,0
11913,11,8.79291642652679e-06,0
11921,11,8.79291642652679e-06,0
11925,11,8.79291642652679e-06,0
11104,11,8.79291642652679e-06,0
14625,11,8.79291642652679e-06,0
20390,11,8.79291642652679e-06,0
18291,11,8.79291642652679e-06,0
9205,11,8.79291642652679e-06,0
12811,11,8.79291642652679e-06,0
11230,11,8.79291642652679e-06,0
14914,11,8.79291642652679e-06,0
14799,11,8.79291642652679e-06,0
18203,11,8.79291642652679e-06,0
14774,11,8.79291642652679e-06,0
5954,11,8.79291642652679e-06,0
9429,11,8.79291642652679e-06,0
19042,11,8.79291642652679e-06,0
12919,11,8.79291642652679e-06,0
11133,11,8.79291642652679e-06,0
18285,11,8.79291642652679e-06,0
18179,11,8.79291642652679e-06,0
9253,11,8.79291642652679e-06,0
11193,11,8.79291642652679e-06,0
11178,11,8.79291642652679e-06,0
11226,11,8.79291642652679e-06,0
11218,11,8.79291642652679e-06,0
14811,11,8.79291642652679e-06,0
12846,11,8.79291642652679e-06,0
14739,11,8.79291642652679e-06,0
9362,11,8.79291642652679e-06,0
18221,11,8.79291642652679e-06,0
20427,11,8.79291642652679e-06,0
14716,11,8.79291642652679e-06,0
4322,11,8.79291642652679e-06,0
5913,11,8.79291642652679e-06,0
11277,11,8.79291642652679e-06,0
1514,11,8.79291642652679e-06,0
1551,11,8.79291642652679e-06,0
14974,11,8.79291642652679e-06,0
14961,11,8.79291642652679e-06,0
9164,11,8.79291642652679e-06,0
9150,11,8.79291642652679e-06,0
17991,11,8.79291642652679e-06,0
14533,11,8.79291642652679e-06,0
9540,11,8.79291642652679e-06,0
9541,11,8.79291642652679e-06,0
18328,11,8.79291642652679e-06,0
14514,11,8.79291642652679e-06,0
14515,11,8.79291642652679e-06,0
9090,11,8.79291642652679e-06,0
15031,11,8.79291642652679e-06,0
11053,11,8.79291642652679e-06,0
12940,11,8.79291642652679e-06,0
1450,11,8.79291642652679e-06,0
1501,11,8.79291642652679e-06,0
14568,11,8.79291642652679e-06,0
14572,11,8.79291642652679e-06,0
9530,11,8.79291642652679e-06,0
9522,11,8.79291642652679e-06,0
14859,11,8.79291642652679e-06,0
18176,11,8.79291642652679e-06,0
18178,11,8.79291642652679e-06,0
2936,11,8.79291642652679e-06,0
9463,11,8.79291642652679e-06,0
9466,11,8.79291642652679e-06,0
9515,11,8.79291642652679e-06,0
9519,11,8.79291642652679e-06,0
5856,11,8.79291642652679e-06,0
14399,11,8.79291642652679e-06,0
9641,11,8.79291642652679e-06,0
20315,11,8.79291642652679e-06,0
2868,11,8.79291642652679e-06,0
14404,11,8.79291642652679e-06,0
8925,11,8.79291642652679e-06,0
8927,11,8.79291642652679e-06,0
14494,11,8.79291642652679e-06,0
12984,11,8.79291642652679e-06,0
11092,11,8.79291642652679e-06,0
11068,11,8.79291642652679e-06,0
9610,11,8.79291642652679e-06,0
14433,11,8.79291642652679e-06,0
14423,11,8.79291642652679e-06,0
9636,11,8.79291642652679e-06,0
11258,11,8.79291642652679e-06,0
15082,11,8.79291642652679e-06,0
18027,11,8.79291642652679e-06,0
15079,11,8.79291642652679e-06,0
6028,11,8.79291642652679e-06,0
9559,11,8.79291642652679e-06,0
20339,11,8.79291642652679e-06,0
14459,11,8.79291642652679e-06,0
15140,11,8.79291642652679e-06,0
9032,11,8.79291642652679e-06,0
8981,11,8.79291642652679e-06,0
9046,11,8.79291642652679e-06,0
9049,11,8.79291642652679e-06,0
4767,11,8.79291642652679e-06,0
11284,11,8.79291642652679e-06,0
2237,11,8.79291642652679e-06,0
8830,11,8.79291642652679e-06,0
8874,11,8.79291642652679e-06,0
11386,11,8.79291642652679e-06,0
19710,11,8.79291642652679e-06,0
8883,11,8.79291642652679e-06,0
17932,11,8.79291642652679e-06,0
8900,11,8.79291642652679e-06,0
15374,11,8.79291642652679e-06,0
5257,11,8.79291642652679e-06,0
9693,11,8.79291642652679e-06,0
6141,11,8.79291642652679e-06,0
17921,11,8.79291642652679e-06,0
17914,11,8.79291642652679e-06,0
15276,11,8.79291642652679e-06,0
8867,11,8.79291642652679e-06,0
8868,11,8.79291642652679e-06,0
9615,11,8.79291642652679e-06,0
9685,11,8.79291642652679e-06,0
19005,11,8.79291642652679e-06,0
19801,11,8.79291642652679e-06,0
11038,11,8.79291642652679e-06,0
11011,11,8.79291642652679e-06,0
11014,11,8.79291642652679e-06,0
5274,11,8.79291642652679e-06,0
4251,11,8.79291642652679e-06,0
4239,11,8.79291642652679e-06,0
6101,11,8.79291642652679e-06,0
8936,11,8.79291642652679e-06,0
8946,11,8.79291642652679e-06,0
11355,11,8.79291642652679e-06,0
15163,11,8.79291642652679e-06,0
18410,11,8.79291642652679e-06,0
5757,11,8.79291642652679e-06,0
15646,11,8.79291642652679e-06,0
15662,11,8.79291642652679e-06,0
17720,11,8.79291642652679e-06,0
11437,11,8.79291642652679e-06,0
12540,11,8.79291642652679e-06,0
15613,11,8.79291642652679e-06,0
15608,11,8.79291642652679e-06,0
14329,11,8.79291642652679e-06,0
14331,11,8.79291642652679e-06,0
14344,11,8.79291642652679e-06,0
10976,11,8.79291642652679e-06,0
10977,11,8.79291642652679e-06,0
4699,11,8.79291642652679e-06,0
14303,11,8.79291642652679e-06,0
5791,11,8.79291642652679e-06,0
8566,11,8.79291642652679e-06,0
12606,11,8.79291642652679e-06,0
17791,11,8.79291642652679e-06,0
15487,11,8.79291642652679e-06,0
8697,11,8.79291642652679e-06,0
8706,11,8.79291642652679e-06,0
3212,11,8.79291642652679e-06,0
17831,11,8.79291642652679e-06,0
8739,11,8.79291642652679e-06,0
19185,11,8.79291642652679e-06,0
15355,11,8.79291642652679e-06,0
15298,11,8.79291642652679e-06,0
8780,11,8.79291642652679e-06,0
15327,11,8.79291642652679e-06,0
8806,11,8.79291642652679e-06,0
4167,11,8.79291642652679e-06,0
6334,11,8.79291642652679e-06,0
5124,11,8.79291642652679e-06,0
4862,11,8.79291642652679e-06,0
17570,11,8.79291642652679e-06,0
17573,11,8.79291642652679e-06,0
8359,11,8.79291642652679e-06,0
8377,11,8.79291642652679e-06,0
8354,11,8.79291642652679e-06,0
13066,11,8.79291642652679e-06,0
13067,11,8.79291642652679e-06,0
13023,11,8.79291642652679e-06,0
10926,11,8.79291642652679e-06,0
18471,11,8.79291642652679e-06,0
18483,11,8.79291642652679e-06,0
18503,11,8.79291642652679e-06,0
8319,11,8.79291642652679e-06,0
12545,11,8.79291642652679e-06,0
12519,11,8.79291642652679e-06,0
15704,11,8.79291642652679e-06,0
15680,11,8.79291642652679e-06,0
17668,11,8.79291642652679e-06,0
8507,11,8.79291642652679e-06,0
14224,11,8.79291642652679e-06,0
14235,11,8.79291642652679e-06,0
8558,11,8.79291642652679e-06,0
15564,11,8.79291642652679e-06,0
15539,11,8.79291642652679e-06,0
4117,11,8.79291642652679e-06,0
15740,11,8.79291642652679e-06,0
8432,11,8.79291642652679e-06,0
8459,11,8.79291642652679e-06,0
6262,11,8.79291642652679e-06,0
18979,11,8.79291642652679e-06,0
19828,11,8.79291642652679e-06,0
19834,11,8.79291642652679e-06,0
18975,11,8.79291642652679e-06,0
19842,11,8.79291642652679e-06,0
14116,11,8.79291642652679e-06,0
15998,11,8.79291642652679e-06,0
8090,11,8.79291642652679e-06,0
5716,11,8.79291642652679e-06,0
14182,11,8.79291642652679e-06,0
14119,11,8.79291642652679e-06,0
14179,11,8.79291642652679e-06,0
9881,11,8.79291642652679e-06,0
9882,11,8.79291642652679e-06,0
5696,11,8.79291642652679e-06,0
13115,11,8.79291642652679e-06,0
11521,11,8.79291642652679e-06,0
15859,11,8.79291642652679e-06,0
3961,11,8.79291642652679e-06,0
8235,11,8.79291642652679e-06,0
17563,11,8.79291642652679e-06,0
601,11,8.79291642652679e-06,0
20793,11,8.79291642652679e-06,0
6317,11,8.79291642652679e-06,0
8380,11,8.79291642652679e-06,0
15770,11,8.79291642652679e-06,0
15923,11,8.79291642652679e-06,0
6347,11,8.79291642652679e-06,0
8193,11,8.79291642652679e-06,0
15912,11,8.79291642652679e-06,0
15901,11,8.79291642652679e-06,0
19237,11,8.79291642652679e-06,0
13144,11,8.79291642652679e-06,0
10905,11,8.79291642652679e-06,0
10857,11,8.79291642652679e-06,0
18589,11,8.79291642652679e-06,0
9944,11,8.79291642652679e-06,0
18609,11,8.79291642652679e-06,0
7903,11,8.79291642652679e-06,0
7933,11,8.79291642652679e-06,0
8028,11,8.79291642652679e-06,0
7999,11,8.79291642652679e-06,0
8039,11,8.79291642652679e-06,0
7995,11,8.79291642652679e-06,0
8072,11,8.79291642652679e-06,0
8017,11,8.79291642652679e-06,0
18544,11,8.79291642652679e-06,0
4476,11,8.79291642652679e-06,0
17526,11,8.79291642652679e-06,0
8130,11,8.79291642652679e-06,0
8177,11,8.79291642652679e-06,0
6451,11,8.79291642652679e-06,0
11618,11,8.79291642652679e-06,0
11586,11,8.79291642652679e-06,0
12392,11,8.79291642652679e-06,0
8038,11,8.79291642652679e-06,0
15965,11,8.79291642652679e-06,0
1636,11,8.79291642652679e-06,0
4868,11,8.79291642652679e-06,0
4871,11,8.79291642652679e-06,0
19580,11,8.79291642652679e-06,0
6376,11,8.79291642652679e-06,0
17544,11,8.79291642652679e-06,0
17525,11,8.79291642652679e-06,0
6506,11,8.79291642652679e-06,0
17334,11,8.79291642652679e-06,0
7867,11,8.79291642652679e-06,0
20905,11,8.79291642652679e-06,0
4923,11,8.79291642652679e-06,0
4921,11,8.79291642652679e-06,0
12327,11,8.79291642652679e-06,0
13970,11,8.79291642652679e-06,0
13149,11,8.79291642652679e-06,0
18620,11,8.79291642652679e-06,0
10054,11,8.79291642652679e-06,0
10037,11,8.79291642652679e-06,0
20189,11,8.79291642652679e-06,0
10045,11,8.79291642652679e-06,0
2707,11,8.79291642652679e-06,0
2708,11,8.79291642652679e-06,0
3864,11,8.79291642652679e-06,0
14057,11,8.79291642652679e-06,0
9980,11,8.79291642652679e-06,0
14017,11,8.79291642652679e-06,0
14002,11,8.79291642652679e-06,0
9994,11,8.79291642652679e-06,0
2402,11,8.79291642652679e-06,0
10827,11,8.79291642652679e-06,0
12396,11,8.79291642652679e-06,0
11639,11,8.79291642652679e-06,0
11648,11,8.79291642652679e-06,0
17388,11,8.79291642652679e-06,0
17356,11,8.79291642652679e-06,0
17423,11,8.79291642652679e-06,0
7962,11,8.79291642652679e-06,0
3872,11,8.79291642652679e-06,0
12335,11,8.79291642652679e-06,0
19300,11,8.79291642652679e-06,0
16186,11,8.79291642652679e-06,0
3830,11,8.79291642652679e-06,0
7832,11,8.79291642652679e-06,0
20919,11,8.79291642652679e-06,0
7788,11,8.79291642652679e-06,0
6509,11,8.79291642652679e-06,0
13905,11,8.79291642652679e-06,0
7794,11,8.79291642652679e-06,0
16246,11,8.79291642652679e-06,0
16239,11,8.79291642652679e-06,0
17295,11,8.79291642652679e-06,0
17308,11,8.79291642652679e-06,0
17294,11,8.79291642652679e-06,0
12332,11,8.79291642652679e-06,0
13213,11,8.79291642652679e-06,0
10823,11,8.79291642652679e-06,0
10844,11,8.79291642652679e-06,0
10838,11,8.79291642652679e-06,0
13924,11,8.79291642652679e-06,0
13897,11,8.79291642652679e-06,0
13956,11,8.79291642652679e-06,0
10098,11,8.79291642652679e-06,0
13992,11,8.79291642652679e-06,0
13982,11,8.79291642652679e-06,0
13985,11,8.79291642652679e-06,0
5614,11,8.79291642652679e-06,0
10025,11,8.79291642652679e-06,0
5632,11,8.79291642652679e-06,0
13191,11,8.79291642652679e-06,0
2425,11,8.79291642652679e-06,0
18674,11,8.79291642652679e-06,0
13828,11,8.79291642652679e-06,0
13820,11,8.79291642652679e-06,0
7587,11,8.79291642652679e-06,0
16419,11,8.79291642652679e-06,0
16430,11,8.79291642652679e-06,0
3699,11,8.79291642652679e-06,0
7638,11,8.79291642652679e-06,0
20159,11,8.79291642652679e-06,0
5594,11,8.79291642652679e-06,0
13239,11,8.79291642652679e-06,0
10797,11,8.79291642652679e-06,0
20149,11,8.79291642652679e-06,0
10160,11,8.79291642652679e-06,0
20123,11,8.79291642652679e-06,0
20124,11,8.79291642652679e-06,0
16297,11,8.79291642652679e-06,0
6534,11,8.79291642652679e-06,0
7772,11,8.79291642652679e-06,0
7782,11,8.79291642652679e-06,0
7801,11,8.79291642652679e-06,0
18628,11,8.79291642652679e-06,0
13871,11,8.79291642652679e-06,0
13840,11,8.79291642652679e-06,0
17281,11,8.79291642652679e-06,0
16322,11,8.79291642652679e-06,0
7737,11,8.79291642652679e-06,0
7730,11,8.79291642652679e-06,0
16270,11,8.79291642652679e-06,0
19547,11,8.79291642652679e-06,0
4950,11,8.79291642652679e-06,0
4934,11,8.79291642652679e-06,0
7537,11,8.79291642652679e-06,0
7498,11,8.79291642652679e-06,0
12198,11,8.79291642652679e-06,0
1817,11,8.79291642652679e-06,0
1824,11,8.79291642652679e-06,0
5045,11,8.79291642652679e-06,0
1738,11,8.79291642652679e-06,0
2006,11,8.79291642652679e-06,0
10736,11,8.79291642652679e-06,0
13756,11,8.79291642652679e-06,0
18712,11,8.79291642652679e-06,0
13711,11,8.79291642652679e-06,0
4543,11,8.79291642652679e-06,0
7468,11,8.79291642652679e-06,0
16495,11,8.79291642652679e-06,0
17205,11,8.79291642652679e-06,0
13769,11,8.79291642652679e-06,0
13795,11,8.79291642652679e-06,0
13749,11,8.79291642652679e-06,0
2489,11,8.79291642652679e-06,0
2482,11,8.79291642652679e-06,0
2464,11,8.79291642652679e-06,0
10759,11,8.79291642652679e-06,0
10752,11,8.79291642652679e-06,0
7641,11,8.79291642652679e-06,0
16370,11,8.79291642652679e-06,0
12232,11,8.79291642652679e-06,0
11767,11,8.79291642652679e-06,0
21013,11,8.79291642652679e-06,0
412,11,8.79291642652679e-06,0
3726,11,8.79291642652679e-06,0
13787,11,8.79291642652679e-06,0
2586,11,8.79291642652679e-06,0
16594,11,8.79291642652679e-06,0
17124,11,8.79291642652679e-06,0
16601,11,8.79291642652679e-06,0
12169,11,8.79291642652679e-06,0
12156,11,8.79291642652679e-06,0
12174,11,8.79291642652679e-06,0
12135,11,8.79291642652679e-06,0
4522,11,8.79291642652679e-06,0
4564,11,8.79291642652679e-06,0
13259,11,8.79291642652679e-06,0
19952,11,8.79291642652679e-06,0
13632,11,8.79291642652679e-06,0
13650,11,8.79291642652679e-06,0
13653,11,8.79291642652679e-06,0
18753,11,8.79291642652679e-06,0
11889,11,8.79291642652679e-06,0
11880,11,8.79291642652679e-06,0
16521,11,8.79291642652679e-06,0
16522,11,8.79291642652679e-06,0
16471,11,8.79291642652679e-06,0
16478,11,8.79291642652679e-06,0
6645,11,8.79291642652679e-06,0
4535,11,8.79291642652679e-06,0
7583,11,8.79291642652679e-06,0
7539,11,8.79291642652679e-06,0
7600,11,8.79291642652679e-06,0
7453,11,8.79291642652679e-06,0
6702,11,8.79291642652679e-06,0
11844,11,8.79291642652679e-06,0
5034,11,8.79291642652679e-06,0
11817,11,8.79291642652679e-06,0
4615,11,8.79291642652679e-06,0
13507,11,8.79291642652679e-06,0
13478,11,8.79291642652679e-06,0
1362,11,8.79291642652679e-06,0
18827,11,8.79291642652679e-06,0
19981,11,8.79291642652679e-06,0
16919,11,8.79291642652679e-06,0
16975,11,8.79291642652679e-06,0
6835,11,8.79291642652679e-06,0
10472,11,8.79291642652679e-06,0
13525,11,8.79291642652679e-06,0
10520,11,8.79291642652679e-06,0
2469,11,8.79291642652679e-06,0
4618,11,8.79291642652679e-06,0
13328,11,8.79291642652679e-06,0
4620,11,8.79291642652679e-06,0
12064,11,8.79291642652679e-06,0
12045,11,8.79291642652679e-06,0
3579,11,8.79291642652679e-06,0
3560,11,8.79291642652679e-06,0
17055,11,8.79291642652679e-06,0
7147,11,8.79291642652679e-06,0
3607,11,8.79291642652679e-06,0
7169,11,8.79291642652679e-06,0
4966,11,8.79291642652679e-06,0
17089,11,8.79291642652679e-06,0
21093,11,8.79291642652679e-06,0
3526,11,8.79291642652679e-06,0
17047,11,8.79291642652679e-06,0
11935,11,8.79291642652679e-06,0
12103,11,8.79291642652679e-06,0
11901,11,8.79291642652679e-06,0
12016,11,8.79291642652679e-06,0
25,11,8.79291642652679e-06,0
14777,11,8.79291642652679e-06,0
14724,11,8.79291642652679e-06,0
14793,11,8.79291642652679e-06,0
12875,11,8.79291642652679e-06,0
12885,11,8.79291642652679e-06,0
4736,11,8.79291642652679e-06,0
10621,11,8.79291642652679e-06,0
13402,11,8.79291642652679e-06,0
13390,11,8.79291642652679e-06,0
10594,11,8.79291642652679e-06,0
2477,11,8.79291642652679e-06,0
10593,11,8.79291642652679e-06,0
16948,11,8.79291642652679e-06,0
6938,11,8.79291642652679e-06,0
7088,11,8.79291642652679e-06,0
17012,11,8.79291642652679e-06,0
21167,11,8.79291642652679e-06,0
16837,11,8.79291642652679e-06,0
16827,11,8.79291642652679e-06,0
17041,11,8.79291642652679e-06,0
13438,11,8.79291642652679e-06,0
13425,11,8.79291642652679e-06,0
6912,11,8.79291642652679e-06,0
16872,11,8.79291642652679e-06,0
12062,11,8.79291642652679e-06,0
19385,11,8.79291642652679e-06,0
19390,11,8.79291642652679e-06,0
11996,11,8.79291642652679e-06,0
19452,11,8.79291642652679e-06,0
7100,11,8.79291642652679e-06,0
7060,10,7.993560387751627e-06,0
16946,10,7.993560387751627e-06,0
7007,10,7.993560387751627e-06,0
6958,10,7.993560387751627e-06,0
6964,10,7.993560387751627e-06,0
21246,10,7.993560387751627e-06,0
16921,10,7.993560387751627e-06,0
5398,10,7.993560387751627e-06,0
1842,10,7.993560387751627e-06,0
10601,10,7.993560387751627e-06,0
16937,10,7.993560387751627e-06,0
11989,10,7.993560387751627e-06,0
9472,10,7.993560387751627e-06,0
9475,10,7.993560387751627e-06,0
9476,10,7.993560387751627e-06,0
1502,10,7.993560387751627e-06,0
16913,10,7.993560387751627e-06,0
19375,10,7.993560387751627e-06,0
12060,10,7.993560387751627e-06,0
16847,10,7.993560387751627e-06,0
6934,10,7.993560387751627e-06,0
6942,10,7.993560387751627e-06,0
14580,10,7.993560387751627e-06,0
16902,10,7.993560387751627e-06,0
16905,10,7.993560387751627e-06,0
21263,10,7.993560387751627e-06,0
14505,10,7.993560387751627e-06,0
9560,10,7.993560387751627e-06,0
9372,10,7.993560387751627e-06,0
9376,10,7.993560387751627e-06,0
6923,10,7.993560387751627e-06,0
16777,10,7.993560387751627e-06,0
7190,10,7.993560387751627e-06,0
7182,10,7.993560387751627e-06,0
7184,10,7.993560387751627e-06,0
239,10,7.993560387751627e-06,0
21129,10,7.993560387751627e-06,0
7227,10,7.993560387751627e-06,0
7153,10,7.993560387751627e-06,0
12107,10,7.993560387751627e-06,0
5441,10,7.993560387751627e-06,0
10535,10,7.993560387751627e-06,0
13456,10,7.993560387751627e-06,0
13454,10,7.993560387751627e-06,0
3638,10,7.993560387751627e-06,0
12900,10,7.993560387751627e-06,0
19038,10,7.993560387751627e-06,0
6809,10,7.993560387751627e-06,0
17095,10,7.993560387751627e-06,0
10561,10,7.993560387751627e-06,0
12154,10,7.993560387751627e-06,0
12139,10,7.993560387751627e-06,0
1895,10,7.993560387751627e-06,0
11923,10,7.993560387751627e-06,0
16748,10,7.993560387751627e-06,0
3463,10,7.993560387751627e-06,0
19484,10,7.993560387751627e-06,0
13360,10,7.993560387751627e-06,0
13488,10,7.993560387751627e-06,0
18213,10,7.993560387751627e-06,0
14705,10,7.993560387751627e-06,0
18250,10,7.993560387751627e-06,0
14530,10,7.993560387751627e-06,0
14520,10,7.993560387751627e-06,0
9406,10,7.993560387751627e-06,0
5923,10,7.993560387751627e-06,0
9364,10,7.993560387751627e-06,0
14575,10,7.993560387751627e-06,0
4305,10,7.993560387751627e-06,0
5899,10,7.993560387751627e-06,0
4411,10,7.993560387751627e-06,0
14460,10,7.993560387751627e-06,0
4388,10,7.993560387751627e-06,0
4396,10,7.993560387751627e-06,0
14727,10,7.993560387751627e-06,0
12880,10,7.993560387751627e-06,0
14484,10,7.993560387751627e-06,0
4407,10,7.993560387751627e-06,0
14763,10,7.993560387751627e-06,0
18321,10,7.993560387751627e-06,0
18341,10,7.993560387751627e-06,0
11107,10,7.993560387751627e-06,0
12853,10,7.993560387751627e-06,0
12836,10,7.993560387751627e-06,0
16640,10,7.993560387751627e-06,0
16633,10,7.993560387751627e-06,0
3484,10,7.993560387751627e-06,0
4635,10,7.993560387751627e-06,0
7376,10,7.993560387751627e-06,0
17115,10,7.993560387751627e-06,0
11884,10,7.993560387751627e-06,0
16585,10,7.993560387751627e-06,0
16586,10,7.993560387751627e-06,0
7380,10,7.993560387751627e-06,0
7372,10,7.993560387751627e-06,0
19465,10,7.993560387751627e-06,0
4981,10,7.993560387751627e-06,0
7401,10,7.993560387751627e-06,0
6727,10,7.993560387751627e-06,0
4263,10,7.993560387751627e-06,0
18381,10,7.993560387751627e-06,0
9328,10,7.993560387751627e-06,0
14469,10,7.993560387751627e-06,0
14470,10,7.993560387751627e-06,0
14492,10,7.993560387751627e-06,0
14390,10,7.993560387751627e-06,0
12801,10,7.993560387751627e-06,0
2248,10,7.993560387751627e-06,0
18380,10,7.993560387751627e-06,0
19995,10,7.993560387751627e-06,0
16587,10,7.993560387751627e-06,0
7346,10,7.993560387751627e-06,0
12125,10,7.993560387751627e-06,0
12182,10,7.993560387751627e-06,0
7423,10,7.993560387751627e-06,0
17167,10,7.993560387751627e-06,0
12161,10,7.993560387751627e-06,0
13502,10,7.993560387751627e-06,0
6821,10,7.993560387751627e-06,0
16661,10,7.993560387751627e-06,0
12144,10,7.993560387751627e-06,0
14849,10,7.993560387751627e-06,0
14902,10,7.993560387751627e-06,0
5974,10,7.993560387751627e-06,0
14396,10,7.993560387751627e-06,0
9237,10,7.993560387751627e-06,0
5206,10,7.993560387751627e-06,0
11233,10,7.993560387751627e-06,0
12989,10,7.993560387751627e-06,0
5964,10,7.993560387751627e-06,0
9220,10,7.993560387751627e-06,0
14955,10,7.993560387751627e-06,0
9085,10,7.993560387751627e-06,0
9078,10,7.993560387751627e-06,0
9079,10,7.993560387751627e-06,0
14960,10,7.993560387751627e-06,0
14836,10,7.993560387751627e-06,0
14916,10,7.993560387751627e-06,0
20508,10,7.993560387751627e-06,0
14934,10,7.993560387751627e-06,0
14939,10,7.993560387751627e-06,0
5999,10,7.993560387751627e-06,0
9198,10,7.993560387751627e-06,0
9178,10,7.993560387751627e-06,0
14890,10,7.993560387751627e-06,0
14978,10,7.993560387751627e-06,0
14967,10,7.993560387751627e-06,0
5834,10,7.993560387751627e-06,0
14435,10,7.993560387751627e-06,0
14931,10,7.993560387751627e-06,0
19811,10,7.993560387751627e-06,0
5272,10,7.993560387751627e-06,0
1440,10,7.993560387751627e-06,0
9603,10,7.993560387751627e-06,0
17177,10,7.993560387751627e-06,0
7425,10,7.993560387751627e-06,0
16511,10,7.993560387751627e-06,0
1314,10,7.993560387751627e-06,0
17186,10,7.993560387751627e-06,0
7452,10,7.993560387751627e-06,0
16510,10,7.993560387751627e-06,0
11842,10,7.993560387751627e-06,0
10456,10,7.993560387751627e-06,0
10664,10,7.993560387751627e-06,0
13251,10,7.993560387751627e-06,0
18774,10,7.993560387751627e-06,0
13603,10,7.993560387751627e-06,0
13508,10,7.993560387751627e-06,0
21020,10,7.993560387751627e-06,0
10657,10,7.993560387751627e-06,0
12776,10,7.993560387751627e-06,0
12758,10,7.993560387751627e-06,0
1600,10,7.993560387751627e-06,0
9645,10,7.993560387751627e-06,0
15007,10,7.993560387751627e-06,0
13038,10,7.993560387751627e-06,0
19120,10,7.993560387751627e-06,0
2273,10,7.993560387751627e-06,0
12719,10,7.993560387751627e-06,0
9656,10,7.993560387751627e-06,0
18411,10,7.993560387751627e-06,0
16476,10,7.993560387751627e-06,0
16488,10,7.993560387751627e-06,0
11806,10,7.993560387751627e-06,0
7533,10,7.993560387751627e-06,0
12201,10,7.993560387751627e-06,0
12189,10,7.993560387751627e-06,0
16433,10,7.993560387751627e-06,0
13614,10,7.993560387751627e-06,0
16485,10,7.993560387751627e-06,0
20032,10,7.993560387751627e-06,0
10357,10,7.993560387751627e-06,0
6690,10,7.993560387751627e-06,0
7565,10,7.993560387751627e-06,0
13514,10,7.993560387751627e-06,0
13569,10,7.993560387751627e-06,0
10381,10,7.993560387751627e-06,0
15100,10,7.993560387751627e-06,0
9051,10,7.993560387751627e-06,0
1077,10,7.993560387751627e-06,0
20299,10,7.993560387751627e-06,0
6024,10,7.993560387751627e-06,0
20518,10,7.993560387751627e-06,0
20509,10,7.993560387751627e-06,0
9105,10,7.993560387751627e-06,0
15088,10,7.993560387751627e-06,0
15037,10,7.993560387751627e-06,0
12762,10,7.993560387751627e-06,0
14987,10,7.993560387751627e-06,0
9084,10,7.993560387751627e-06,0
9763,10,7.993560387751627e-06,0
5790,10,7.993560387751627e-06,0
11347,10,7.993560387751627e-06,0
11336,10,7.993560387751627e-06,0
2178,10,7.993560387751627e-06,0
11288,10,7.993560387751627e-06,0
18044,10,7.993560387751627e-06,0
7588,10,7.993560387751627e-06,0
7637,10,7.993560387751627e-06,0
7620,10,7.993560387751627e-06,0
7570,10,7.993560387751627e-06,0
17246,10,7.993560387751627e-06,0
7601,10,7.993560387751627e-06,0
12274,10,7.993560387751627e-06,0
6616,10,7.993560387751627e-06,0
20051,10,7.993560387751627e-06,0
5505,10,7.993560387751627e-06,0
7615,10,7.993560387751627e-06,0
1799,10,7.993560387751627e-06,0
11820,10,7.993560387751627e-06,0
6642,10,7.993560387751627e-06,0
6643,10,7.993560387751627e-06,0
7573,10,7.993560387751627e-06,0
15181,10,7.993560387751627e-06,0
846,10,7.993560387751627e-06,0
879,10,7.993560387751627e-06,0
10980,10,7.993560387751627e-06,0
15136,10,7.993560387751627e-06,0
15126,10,7.993560387751627e-06,0
17992,10,7.993560387751627e-06,0
15170,10,7.993560387751627e-06,0
15159,10,7.993560387751627e-06,0
14345,10,7.993560387751627e-06,0
14338,10,7.993560387751627e-06,0
9734,10,7.993560387751627e-06,0
2815,10,7.993560387751627e-06,0
14276,10,7.993560387751627e-06,0
14271,10,7.993560387751627e-06,0
6071,10,7.993560387751627e-06,0
11796,10,7.993560387751627e-06,0
16379,10,7.993560387751627e-06,0
12196,10,7.993560387751627e-06,0
21010,10,7.993560387751627e-06,0
16395,10,7.993560387751627e-06,0
2587,10,7.993560387751627e-06,0
2588,10,7.993560387751627e-06,0
3722,10,7.993560387751627e-06,0
17272,10,7.993560387751627e-06,0
17251,10,7.993560387751627e-06,0
16381,10,7.993560387751627e-06,0
1737,10,7.993560387751627e-06,0
12210,10,7.993560387751627e-06,0
16449,10,7.993560387751627e-06,0
3728,10,7.993560387751627e-06,0
3730,10,7.993560387751627e-06,0
14238,10,7.993560387751627e-06,0
14228,10,7.993560387751627e-06,0
8920,10,7.993560387751627e-06,0
6103,10,7.993560387751627e-06,0
6090,10,7.993560387751627e-06,0
12736,10,7.993560387751627e-06,0
12680,10,7.993560387751627e-06,0
14205,10,7.993560387751627e-06,0
13011,10,7.993560387751627e-06,0
18475,10,7.993560387751627e-06,0
13028,10,7.993560387751627e-06,0
13000,10,7.993560387751627e-06,0
4571,10,7.993560387751627e-06,0
16339,10,7.993560387751627e-06,0
17278,10,7.993560387751627e-06,0
17283,10,7.993560387751627e-06,0
16354,10,7.993560387751627e-06,0
7729,10,7.993560387751627e-06,0
13639,10,7.993560387751627e-06,0
4544,10,7.993560387751627e-06,0
10303,10,7.993560387751627e-06,0
20074,10,7.993560387751627e-06,0
20060,10,7.993560387751627e-06,0
20065,10,7.993560387751627e-06,0
13667,10,7.993560387751627e-06,0
10369,10,7.993560387751627e-06,0
13717,10,7.993560387751627e-06,0
17896,10,7.993560387751627e-06,0
8854,10,7.993560387751627e-06,0
13019,10,7.993560387751627e-06,0
10922,10,7.993560387751627e-06,0
2116,10,7.993560387751627e-06,0
19724,10,7.993560387751627e-06,0
19726,10,7.993560387751627e-06,0
19703,10,7.993560387751627e-06,0
19707,10,7.993560387751627e-06,0
15239,10,7.993560387751627e-06,0
19718,10,7.993560387751627e-06,0
17934,10,7.993560387751627e-06,0
8869,10,7.993560387751627e-06,0
4440,10,7.993560387751627e-06,0
4444,10,7.993560387751627e-06,0
15310,10,7.993560387751627e-06,0
12635,10,7.993560387751627e-06,0
16299,10,7.993560387751627e-06,0
5065,10,7.993560387751627e-06,0
20967,10,7.993560387751627e-06,0
20954,10,7.993560387751627e-06,0
1207,10,7.993560387751627e-06,0
4563,10,7.993560387751627e-06,0
3747,10,7.993560387751627e-06,0
17296,10,7.993560387751627e-06,0
16231,10,7.993560387751627e-06,0
16216,10,7.993560387751627e-06,0
11757,10,7.993560387751627e-06,0
19901,10,7.993560387751627e-06,0
10756,10,7.993560387751627e-06,0
10275,10,7.993560387751627e-06,0
7815,10,7.993560387751627e-06,0
19917,10,7.993560387751627e-06,0
19938,10,7.993560387751627e-06,0
10720,10,7.993560387751627e-06,0
19927,10,7.993560387751627e-06,0
8765,10,7.993560387751627e-06,0
720,10,7.993560387751627e-06,0
8784,10,7.993560387751627e-06,0
8787,10,7.993560387751627e-06,0
712,10,7.993560387751627e-06,0
3183,10,7.993560387751627e-06,0
15278,10,7.993560387751627e-06,0
15285,10,7.993560387751627e-06,0
8772,10,7.993560387751627e-06,0
741,10,7.993560387751627e-06,0
743,10,7.993560387751627e-06,0
10936,10,7.993560387751627e-06,0
13069,10,7.993560387751627e-06,0
15325,10,7.993560387751627e-06,0
17835,10,7.993560387751627e-06,0
17837,10,7.993560387751627e-06,0
6165,10,7.993560387751627e-06,0
6155,10,7.993560387751627e-06,0
20630,10,7.993560387751627e-06,0
7786,10,7.993560387751627e-06,0
16198,10,7.993560387751627e-06,0
20926,10,7.993560387751627e-06,0
7869,10,7.993560387751627e-06,0
4912,10,7.993560387751627e-06,0
4908,10,7.993560387751627e-06,0
5509,10,7.993560387751627e-06,0
19553,10,7.993560387751627e-06,0
16192,10,7.993560387751627e-06,0
13793,10,7.993560387751627e-06,0
20095,10,7.993560387751627e-06,0
18906,10,7.993560387751627e-06,0
3401,10,7.993560387751627e-06,0
10310,10,7.993560387751627e-06,0
12268,10,7.993560387751627e-06,0
4956,10,7.993560387751627e-06,0
15338,10,7.993560387751627e-06,0
6162,10,7.993560387751627e-06,0
11402,10,7.993560387751627e-06,0
9894,10,7.993560387751627e-06,0
11362,10,7.993560387751627e-06,0
5159,10,7.993560387751627e-06,0
15364,10,7.993560387751627e-06,0
9814,10,7.993560387751627e-06,0
9799,10,7.993560387751627e-06,0
9786,10,7.993560387751627e-06,0
14194,10,7.993560387751627e-06,0
14188,10,7.993560387751627e-06,0
11399,10,7.993560387751627e-06,0
19208,10,7.993560387751627e-06,0
1144,10,7.993560387751627e-06,0
20221,10,7.993560387751627e-06,0
20222,10,7.993560387751627e-06,0
12412,10,7.993560387751627e-06,0
17358,10,7.993560387751627e-06,0
11651,10,7.993560387751627e-06,0
11701,10,7.993560387751627e-06,0
16141,10,7.993560387751627e-06,0
16097,10,7.993560387751627e-06,0
16099,10,7.993560387751627e-06,0
3369,10,7.993560387751627e-06,0
7945,10,7.993560387751627e-06,0
20861,10,7.993560387751627e-06,0
7963,10,7.993560387751627e-06,0
10162,10,7.993560387751627e-06,0
11652,10,7.993560387751627e-06,0
1679,10,7.993560387751627e-06,0
5084,10,7.993560387751627e-06,0
3831,10,7.993560387751627e-06,0
16223,10,7.993560387751627e-06,0
17426,10,7.993560387751627e-06,0
20858,10,7.993560387751627e-06,0
13831,10,7.993560387751627e-06,0
19256,10,7.993560387751627e-06,0
12437,10,7.993560387751627e-06,0
16058,10,7.993560387751627e-06,0
19275,10,7.993560387751627e-06,0
10163,10,7.993560387751627e-06,0
10164,10,7.993560387751627e-06,0
11621,10,7.993560387751627e-06,0
8036,10,7.993560387751627e-06,0
13766,10,7.993560387751627e-06,0
16019,10,7.993560387751627e-06,0
17477,10,7.993560387751627e-06,0
3361,10,7.993560387751627e-06,0
6416,10,7.993560387751627e-06,0
11580,10,7.993560387751627e-06,0
11633,10,7.993560387751627e-06,0
6520,10,7.993560387751627e-06,0
6484,10,7.993560387751627e-06,0
16028,10,7.993560387751627e-06,0
18562,10,7.993560387751627e-06,0
18566,10,7.993560387751627e-06,0
18540,10,7.993560387751627e-06,0
8705,10,7.993560387751627e-06,0
5311,10,7.993560387751627e-06,0
8728,10,7.993560387751627e-06,0
20664,10,7.993560387751627e-06,0
15434,10,7.993560387751627e-06,0
18559,10,7.993560387751627e-06,0
14166,10,7.993560387751627e-06,0
9820,10,7.993560387751627e-06,0
14169,10,7.993560387751627e-06,0
4468,10,7.993560387751627e-06,0
15506,10,7.993560387751627e-06,0
17492,10,7.993560387751627e-06,0
15990,10,7.993560387751627e-06,0
13228,10,7.993560387751627e-06,0
15963,10,7.993560387751627e-06,0
3887,10,7.993560387751627e-06,0
19576,10,7.993560387751627e-06,0
17518,10,7.993560387751627e-06,0
435,10,7.993560387751627e-06,0
20134,10,7.993560387751627e-06,0
5567,10,7.993560387751627e-06,0
5551,10,7.993560387751627e-06,0
13813,10,7.993560387751627e-06,0
11576,10,7.993560387751627e-06,0
15486,10,7.993560387751627e-06,0
15476,10,7.993560387751627e-06,0
20685,10,7.993560387751627e-06,0
4458,10,7.993560387751627e-06,0
15482,10,7.993560387751627e-06,0
8663,10,7.993560387751627e-06,0
15442,10,7.993560387751627e-06,0
15450,10,7.993560387751627e-06,0
8680,10,7.993560387751627e-06,0
17815,10,7.993560387751627e-06,0
18973,10,7.993560387751627e-06,0
19831,10,7.993560387751627e-06,0
15491,10,7.993560387751627e-06,0
15493,10,7.993560387751627e-06,0
15543,10,7.993560387751627e-06,0
3250,10,7.993560387751627e-06,0
4115,10,7.993560387751627e-06,0
8689,10,7.993560387751627e-06,0
15942,10,7.993560387751627e-06,0
15941,10,7.993560387751627e-06,0
15926,10,7.993560387751627e-06,0
8182,10,7.993560387751627e-06,0
13854,10,7.993560387751627e-06,0
3938,10,7.993560387751627e-06,0
8153,10,7.993560387751627e-06,0
10084,10,7.993560387751627e-06,0
10072,10,7.993560387751627e-06,0
20185,10,7.993560387751627e-06,0
13907,10,7.993560387751627e-06,0
13903,10,7.993560387751627e-06,0
2667,10,7.993560387751627e-06,0
8184,10,7.993560387751627e-06,0
19886,10,7.993560387751627e-06,0
10785,10,7.993560387751627e-06,0
10139,10,7.993560387751627e-06,0
13850,10,7.993560387751627e-06,0
8601,10,7.993560387751627e-06,0
20697,10,7.993560387751627e-06,0
12579,10,7.993560387751627e-06,0
11424,10,7.993560387751627e-06,0
19690,10,7.993560387751627e-06,0
18574,10,7.993560387751627e-06,0
4466,10,7.993560387751627e-06,0
14099,10,7.993560387751627e-06,0
12537,10,7.993560387751627e-06,0
11463,10,7.993560387751627e-06,0
15615,10,7.993560387751627e-06,0
14095,10,7.993560387751627e-06,0
20807,10,7.993560387751627e-06,0
20808,10,7.993560387751627e-06,0
588,10,7.993560387751627e-06,0
13206,10,7.993560387751627e-06,0
2434,10,7.993560387751627e-06,0
13962,10,7.993560387751627e-06,0
6313,10,7.993560387751627e-06,0
2674,10,7.993560387751627e-06,0
5602,10,7.993560387751627e-06,0
8560,10,7.993560387751627e-06,0
8550,10,7.993560387751627e-06,0
8534,10,7.993560387751627e-06,0
8542,10,7.993560387751627e-06,0
4782,10,7.993560387751627e-06,0
15570,10,7.993560387751627e-06,0
17737,10,7.993560387751627e-06,0
10869,10,7.993560387751627e-06,0
18585,10,7.993560387751627e-06,0
13121,10,7.993560387751627e-06,0
18613,10,7.993560387751627e-06,0
18602,10,7.993560387751627e-06,0
17744,10,7.993560387751627e-06,0
17723,10,7.993560387751627e-06,0
5326,10,7.993560387751627e-06,0
2703,10,7.993560387751627e-06,0
14027,10,7.993560387751627e-06,0
10898,10,7.993560387751627e-06,0
20758,10,7.993560387751627e-06,0
8505,10,7.993560387751627e-06,0
2398,10,7.993560387751627e-06,0
19893,10,7.993560387751627e-06,0
17707,10,7.993560387751627e-06,0
14041,10,7.993560387751627e-06,0
4076,10,7.993560387751627e-06,0
15720,10,7.993560387751627e-06,0
10006,10,7.993560387751627e-06,0
9998,10,7.993560387751627e-06,0
15634,10,7.993560387751627e-06,0
15649,10,7.993560387751627e-06,0
10053,10,7.993560387751627e-06,0
13972,10,7.993560387751627e-06,0
19596,10,7.993560387751627e-06,0
19617,10,7.993560387751627e-06,0
8252,10,7.993560387751627e-06,0
3992,10,7.993560387751627e-06,0
8383,10,7.993560387751627e-06,0
8386,10,7.993560387751627e-06,0
8367,10,7.993560387751627e-06,0
8280,10,7.993560387751627e-06,0
6308,10,7.993560387751627e-06,0
6295,10,7.993560387751627e-06,0
17575,10,7.993560387751627e-06,0
11512,10,7.993560387751627e-06,0
15910,10,7.993560387751627e-06,0
11495,10,7.993560387751627e-06,0
8212,10,7.993560387751627e-06,0
15767,10,7.993560387751627e-06,0
5630,10,7.993560387751627e-06,0
15724,10,7.993560387751627e-06,0
8427,10,7.993560387751627e-06,0
6276,10,7.993560387751627e-06,0
19638,10,7.993560387751627e-06,0
4813,10,7.993560387751627e-06,0
12515,10,7.993560387751627e-06,0
13986,10,7.993560387751627e-06,0
12533,10,7.993560387751627e-06,0
17653,10,7.993560387751627e-06,0
13160,10,7.993560387751627e-06,0
8426,10,7.993560387751627e-06,0
3941,10,7.993560387751627e-06,0
8332,10,7.993560387751627e-06,0
12497,10,7.993560387751627e-06,0
17009,10,7.993560387751627e-06,0
6857,10,7.993560387751627e-06,0
18880,10,7.993560387751627e-06,0
12101,10,7.993560387751627e-06,0
11954,10,7.993560387751627e-06,0
16804,10,7.993560387751627e-06,0
7063,10,7.993560387751627e-06,0
7040,10,7.993560387751627e-06,0
11055,10,7.993560387751627e-06,0
11086,10,7.993560387751627e-06,0
12893,10,7.993560387751627e-06,0
1489,10,7.993560387751627e-06,0
3565,10,7.993560387751627e-06,0
3568,10,7.993560387751627e-06,0
11146,10,7.993560387751627e-06,0
14627,10,7.993560387751627e-06,0
9532,10,7.993560387751627e-06,0
20389,10,7.993560387751627e-06,0
12918,10,7.993560387751627e-06,0
16997,10,7.993560387751627e-06,0
6916,10,7.993560387751627e-06,0
6917,10,7.993560387751627e-06,0
17019,10,7.993560387751627e-06,0
18866,10,7.993560387751627e-06,0
4378,10,7.993560387751627e-06,0
14616,10,7.993560387751627e-06,0
21258,9,7.1942043489764644e-06,0
18864,9,7.1942043489764644e-06,0
4359,9,7.1942043489764644e-06,0
16701,9,7.1942043489764644e-06,0
16702,9,7.1942043489764644e-06,0
16704,9,7.1942043489764644e-06,0
21106,9,7.1942043489764644e-06,0
7259,9,7.1942043489764644e-06,0
18840,9,7.1942043489764644e-06,0
14550,9,7.1942043489764644e-06,0
14544,9,7.1942043489764644e-06,0
16672,9,7.1942043489764644e-06,0
3513,9,7.1942043489764644e-06,0
13355,9,7.1942043489764644e-06,0
7244,9,7.1942043489764644e-06,0
12150,9,7.1942043489764644e-06,0
19472,9,7.1942043489764644e-06,0
19477,9,7.1942043489764644e-06,0
16710,9,7.1942043489764644e-06,0
4306,9,7.1942043489764644e-06,0
10597,9,7.1942043489764644e-06,0
10600,9,7.1942043489764644e-06,0
13381,9,7.1942043489764644e-06,0
7128,9,7.1942043489764644e-06,0
7134,9,7.1942043489764644e-06,0
7116,9,7.1942043489764644e-06,0
16666,9,7.1942043489764644e-06,0
20356,9,7.1942043489764644e-06,0
5896,9,7.1942043489764644e-06,0
18275,9,7.1942043489764644e-06,0
968,9,7.1942043489764644e-06,0
9452,9,7.1942043489764644e-06,0
18230,9,7.1942043489764644e-06,0
18234,9,7.1942043489764644e-06,0
18257,9,7.1942043489764644e-06,0
17603,9,7.1942043489764644e-06,0
15779,9,7.1942043489764644e-06,0
6305,9,7.1942043489764644e-06,0
3991,9,7.1942043489764644e-06,0
15774,9,7.1942043489764644e-06,0
15755,9,7.1942043489764644e-06,0
4839,9,7.1942043489764644e-06,0
5153,9,7.1942043489764644e-06,0
5617,9,7.1942043489764644e-06,0
17636,9,7.1942043489764644e-06,0
20200,9,7.1942043489764644e-06,0
20202,9,7.1942043489764644e-06,0
5126,9,7.1942043489764644e-06,0
11492,9,7.1942043489764644e-06,0
8309,9,7.1942043489764644e-06,0
8314,9,7.1942043489764644e-06,0
15690,9,7.1942043489764644e-06,0
4664,9,7.1942043489764644e-06,0
13166,9,7.1942043489764644e-06,0
6270,9,7.1942043489764644e-06,0
12514,9,7.1942043489764644e-06,0
17656,9,7.1942043489764644e-06,0
10741,9,7.1942043489764644e-06,0
10031,9,7.1942043489764644e-06,0
21153,9,7.1942043489764644e-06,0
17036,9,7.1942043489764644e-06,0
5396,9,7.1942043489764644e-06,0
15827,9,7.1942043489764644e-06,0
15814,9,7.1942043489764644e-06,0
15819,9,7.1942043489764644e-06,0
8303,9,7.1942043489764644e-06,0
12498,9,7.1942043489764644e-06,0
10030,9,7.1942043489764644e-06,0
13150,9,7.1942043489764644e-06,0
18578,9,7.1942043489764644e-06,0
13123,9,7.1942043489764644e-06,0
17726,9,7.1942043489764644e-06,0
15580,9,7.1942043489764644e-06,0
19852,9,7.1942043489764644e-06,0
11471,9,7.1942043489764644e-06,0
17717,9,7.1942043489764644e-06,0
17718,9,7.1942043489764644e-06,0
17699,9,7.1942043489764644e-06,0
8490,9,7.1942043489764644e-06,0
8487,9,7.1942043489764644e-06,0
15647,9,7.1942043489764644e-06,0
13126,9,7.1942043489764644e-06,0
10039,9,7.1942043489764644e-06,0
14042,9,7.1942043489764644e-06,0
9916,9,7.1942043489764644e-06,0
14067,9,7.1942043489764644e-06,0
14052,9,7.1942043489764644e-06,0
14051,9,7.1942043489764644e-06,0
19874,9,7.1942043489764644e-06,0
6243,9,7.1942043489764644e-06,0
3275,9,7.1942043489764644e-06,0
5141,9,7.1942043489764644e-06,0
5145,9,7.1942043489764644e-06,0
19612,9,7.1942043489764644e-06,0
8257,9,7.1942043489764644e-06,0
20194,9,7.1942043489764644e-06,0
13977,9,7.1942043489764644e-06,0
2710,9,7.1942043489764644e-06,0
5612,9,7.1942043489764644e-06,0
3926,9,7.1942043489764644e-06,0
2671,9,7.1942043489764644e-06,0
18632,9,7.1942043489764644e-06,0
4795,9,7.1942043489764644e-06,0
11456,9,7.1942043489764644e-06,0
15599,9,7.1942043489764644e-06,0
14092,9,7.1942043489764644e-06,0
4465,9,7.1942043489764644e-06,0
8277,9,7.1942043489764644e-06,0
617,9,7.1942043489764644e-06,0
6323,9,7.1942043489764644e-06,0
8222,9,7.1942043489764644e-06,0
8210,9,7.1942043489764644e-06,0
3934,9,7.1942043489764644e-06,0
8185,9,7.1942043489764644e-06,0
3299,9,7.1942043489764644e-06,0
13192,9,7.1942043489764644e-06,0
10832,9,7.1942043489764644e-06,0
10845,9,7.1942043489764644e-06,0
20181,9,7.1942043489764644e-06,0
13961,9,7.1942043489764644e-06,0
3326,9,7.1942043489764644e-06,0
6333,9,7.1942043489764644e-06,0
8300,9,7.1942043489764644e-06,0
8522,9,7.1942043489764644e-06,0
8527,9,7.1942043489764644e-06,0
8559,9,7.1942043489764644e-06,0
9943,9,7.1942043489764644e-06,0
20162,9,7.1942043489764644e-06,0
5601,9,7.1942043489764644e-06,0
13842,9,7.1942043489764644e-06,0
13849,9,7.1942043489764644e-06,0
10066,9,7.1942043489764644e-06,0
15918,9,7.1942043489764644e-06,0
17549,9,7.1942043489764644e-06,0
15943,9,7.1942043489764644e-06,0
6392,9,7.1942043489764644e-06,0
8598,9,7.1942043489764644e-06,0
8585,9,7.1942043489764644e-06,0
15542,9,7.1942043489764644e-06,0
10155,9,7.1942043489764644e-06,0
10068,9,7.1942043489764644e-06,0
10058,9,7.1942043489764644e-06,0
5603,9,7.1942043489764644e-06,0
5606,9,7.1942043489764644e-06,0
13910,9,7.1942043489764644e-06,0
8183,9,7.1942043489764644e-06,0
15900,9,7.1942043489764644e-06,0
4107,9,7.1942043489764644e-06,0
20693,9,7.1942043489764644e-06,0
12609,9,7.1942043489764644e-06,0
12613,9,7.1942043489764644e-06,0
12600,9,7.1942043489764644e-06,0
18594,9,7.1942043489764644e-06,0
20703,9,7.1942043489764644e-06,0
13240,9,7.1942043489764644e-06,0
14108,9,7.1942043489764644e-06,0
5667,9,7.1942043489764644e-06,0
6189,9,7.1942043489764644e-06,0
12618,9,7.1942043489764644e-06,0
19652,9,7.1942043489764644e-06,0
19644,9,7.1942043489764644e-06,0
19692,9,7.1942043489764644e-06,0
4105,9,7.1942043489764644e-06,0
17501,9,7.1942043489764644e-06,0
15960,9,7.1942043489764644e-06,0
15979,9,7.1942043489764644e-06,0
8098,9,7.1942043489764644e-06,0
8103,9,7.1942043489764644e-06,0
6430,9,7.1942043489764644e-06,0
13145,9,7.1942043489764644e-06,0
15499,9,7.1942043489764644e-06,0
8113,9,7.1942043489764644e-06,0
20851,9,7.1942043489764644e-06,0
496,9,7.1942043489764644e-06,0
3881,9,7.1942043489764644e-06,0
8097,9,7.1942043489764644e-06,0
19571,9,7.1942043489764644e-06,0
11590,9,7.1942043489764644e-06,0
17500,9,7.1942043489764644e-06,0
15472,9,7.1942043489764644e-06,0
15462,9,7.1942043489764644e-06,0
13143,9,7.1942043489764644e-06,0
5555,9,7.1942043489764644e-06,0
13801,9,7.1942043489764644e-06,0
11572,9,7.1942043489764644e-06,0
19566,9,7.1942043489764644e-06,0
8136,9,7.1942043489764644e-06,0
8698,9,7.1942043489764644e-06,0
2325,9,7.1942043489764644e-06,0
19830,9,7.1942043489764644e-06,0
15441,9,7.1942043489764644e-06,0
4148,9,7.1942043489764644e-06,0
15507,9,7.1942043489764644e-06,0
8647,9,7.1942043489764644e-06,0
8637,9,7.1942043489764644e-06,0
8043,9,7.1942043489764644e-06,0
8025,9,7.1942043489764644e-06,0
17459,9,7.1942043489764644e-06,0
10192,9,7.1942043489764644e-06,0
13823,9,7.1942043489764644e-06,0
11728,9,7.1942043489764644e-06,0
3814,9,7.1942043489764644e-06,0
20856,9,7.1942043489764644e-06,0
11689,9,7.1942043489764644e-06,0
7928,9,7.1942043489764644e-06,0
7916,9,7.1942043489764644e-06,0
7910,9,7.1942043489764644e-06,0
16087,9,7.1942043489764644e-06,0
3351,9,7.1942043489764644e-06,0
8015,9,7.1942043489764644e-06,0
8003,9,7.1942043489764644e-06,0
20647,9,7.1942043489764644e-06,0
15411,9,7.1942043489764644e-06,0
3211,9,7.1942043489764644e-06,0
15439,9,7.1942043489764644e-06,0
14134,9,7.1942043489764644e-06,0
8730,9,7.1942043489764644e-06,0
8714,9,7.1942043489764644e-06,0
14124,9,7.1942043489764644e-06,0
17782,9,7.1942043489764644e-06,0
8628,9,7.1942043489764644e-06,0
15409,9,7.1942043489764644e-06,0
14160,9,7.1942043489764644e-06,0
18523,9,7.1942043489764644e-06,0
9860,9,7.1942043489764644e-06,0
20214,9,7.1942043489764644e-06,0
17814,9,7.1942043489764644e-06,0
9891,9,7.1942043489764644e-06,0
4565,9,7.1942043489764644e-06,0
12301,9,7.1942043489764644e-06,0
11720,9,7.1942043489764644e-06,0
10202,9,7.1942043489764644e-06,0
10201,9,7.1942043489764644e-06,0
13791,9,7.1942043489764644e-06,0
13782,9,7.1942043489764644e-06,0
19187,9,7.1942043489764644e-06,0
15367,9,7.1942043489764644e-06,0
15357,9,7.1942043489764644e-06,0
15396,9,7.1942043489764644e-06,0
15388,9,7.1942043489764644e-06,0
12634,9,7.1942043489764644e-06,0
15340,9,7.1942043489764644e-06,0
12661,9,7.1942043489764644e-06,0
11658,9,7.1942043489764644e-06,0
11694,9,7.1942043489764644e-06,0
20224,9,7.1942043489764644e-06,0
14143,9,7.1942043489764644e-06,0
14144,9,7.1942043489764644e-06,0
12601,9,7.1942043489764644e-06,0
19215,9,7.1942043489764644e-06,0
9783,9,7.1942043489764644e-06,0
7987,9,7.1942043489764644e-06,0
6450,9,7.1942043489764644e-06,0
17392,9,7.1942043489764644e-06,0
17387,9,7.1942043489764644e-06,0
17375,9,7.1942043489764644e-06,0
7934,9,7.1942043489764644e-06,0
11656,9,7.1942043489764644e-06,0
17364,9,7.1942043489764644e-06,0
17304,9,7.1942043489764644e-06,0
2406,9,7.1942043489764644e-06,0
10744,9,7.1942043489764644e-06,0
13218,9,7.1942043489764644e-06,0
10294,9,7.1942043489764644e-06,0
7800,9,7.1942043489764644e-06,0
7796,9,7.1942043489764644e-06,0
16251,9,7.1942043489764644e-06,0
15293,9,7.1942043489764644e-06,0
15300,9,7.1942043489764644e-06,0
8771,9,7.1942043489764644e-06,0
729,9,7.1942043489764644e-06,0
18501,9,7.1942043489764644e-06,0
18507,9,7.1942043489764644e-06,0
19919,9,7.1942043489764644e-06,0
10735,9,7.1942043489764644e-06,0
19291,9,7.1942043489764644e-06,0
2316,9,7.1942043489764644e-06,0
3190,9,7.1942043489764644e-06,0
4188,9,7.1942043489764644e-06,0
6144,9,7.1942043489764644e-06,0
13053,9,7.1942043489764644e-06,0
8817,9,7.1942043489764644e-06,0
8790,9,7.1942043489764644e-06,0
18905,9,7.1942043489764644e-06,0
3406,9,7.1942043489764644e-06,0
4922,9,7.1942043489764644e-06,0
10217,9,7.1942043489764644e-06,0
5510,9,7.1942043489764644e-06,0
6504,9,7.1942043489764644e-06,0
16209,9,7.1942043489764644e-06,0
10280,9,7.1942043489764644e-06,0
20977,9,7.1942043489764644e-06,0
20964,9,7.1942043489764644e-06,0
16337,9,7.1942043489764644e-06,0
6593,9,7.1942043489764644e-06,0
7703,9,7.1942043489764644e-06,0
7754,9,7.1942043489764644e-06,0
13652,9,7.1942043489764644e-06,0
4572,9,7.1942043489764644e-06,0
8852,9,7.1942043489764644e-06,0
15243,9,7.1942043489764644e-06,0
18747,9,7.1942043489764644e-06,0
7763,9,7.1942043489764644e-06,0
5512,9,7.1942043489764644e-06,0
13708,9,7.1942043489764644e-06,0
10322,9,7.1942043489764644e-06,0
10304,9,7.1942043489764644e-06,0
3150,9,7.1942043489764644e-06,0
17923,9,7.1942043489764644e-06,0
4201,9,7.1942043489764644e-06,0
8879,9,7.1942043489764644e-06,0
11369,9,7.1942043489764644e-06,0
15251,9,7.1942043489764644e-06,0
17910,9,7.1942043489764644e-06,0
17893,9,7.1942043489764644e-06,0
11760,9,7.1942043489764644e-06,0
16306,9,7.1942043489764644e-06,0
11716,9,7.1942043489764644e-06,0
14201,9,7.1942043489764644e-06,0
4422,9,7.1942043489764644e-06,0
15311,9,7.1942043489764644e-06,0
12640,9,7.1942043489764644e-06,0
3147,9,7.1942043489764644e-06,0
2005,9,7.1942043489764644e-06,0
17222,9,7.1942043489764644e-06,0
3721,9,7.1942043489764644e-06,0
7701,9,7.1942043489764644e-06,0
6576,9,7.1942043489764644e-06,0
16366,9,7.1942043489764644e-06,0
16376,9,7.1942043489764644e-06,0
7684,9,7.1942043489764644e-06,0
6115,9,7.1942043489764644e-06,0
14214,9,7.1942043489764644e-06,0
14273,9,7.1942043489764644e-06,0
14237,9,7.1942043489764644e-06,0
17952,9,7.1942043489764644e-06,0
17954,9,7.1942043489764644e-06,0
15228,9,7.1942043489764644e-06,0
16443,9,7.1942043489764644e-06,0
13050,9,7.1942043489764644e-06,0
18991,9,7.1942043489764644e-06,0
18996,9,7.1942043489764644e-06,0
10937,9,7.1942043489764644e-06,0
11004,9,7.1942043489764644e-06,0
15184,9,7.1942043489764644e-06,0
8851,9,7.1942043489764644e-06,0
6100,9,7.1942043489764644e-06,0
7680,9,7.1942043489764644e-06,0
6569,9,7.1942043489764644e-06,0
7714,9,7.1942043489764644e-06,0
18476,9,7.1942043489764644e-06,0
20294,9,7.1942043489764644e-06,0
20278,9,7.1942043489764644e-06,0
18486,9,7.1942043489764644e-06,0
13045,9,7.1942043489764644e-06,0
11822,9,7.1942043489764644e-06,0
7574,9,7.1942043489764644e-06,0
7612,9,7.1942043489764644e-06,0
5503,9,7.1942043489764644e-06,0
7618,9,7.1942043489764644e-06,0
7622,9,7.1942043489764644e-06,0
6603,9,7.1942043489764644e-06,0
7642,9,7.1942043489764644e-06,0
9029,9,7.1942043489764644e-06,0
18000,9,7.1942043489764644e-06,0
6069,9,7.1942043489764644e-06,0
15122,9,7.1942043489764644e-06,0
15175,9,7.1942043489764644e-06,0
8985,9,7.1942043489764644e-06,0
14289,9,7.1942043489764644e-06,0
11866,9,7.1942043489764644e-06,0
9710,9,7.1942043489764644e-06,0
5759,9,7.1942043489764644e-06,0
5742,9,7.1942043489764644e-06,0
2755,9,7.1942043489764644e-06,0
2745,9,7.1942043489764644e-06,0
1069,9,7.1942043489764644e-06,0
15142,9,7.1942043489764644e-06,0
15135,9,7.1942043489764644e-06,0
7685,9,7.1942043489764644e-06,0
11768,9,7.1942043489764644e-06,0
12242,9,7.1942043489764644e-06,0
11787,9,7.1942043489764644e-06,0
11792,9,7.1942043489764644e-06,0
5494,9,7.1942043489764644e-06,0
20071,9,7.1942043489764644e-06,0
3145,9,7.1942043489764644e-06,0
4600,9,7.1942043489764644e-06,0
13620,9,7.1942043489764644e-06,0
13624,9,7.1942043489764644e-06,0
10360,9,7.1942043489764644e-06,0
16432,9,7.1942043489764644e-06,0
16475,9,7.1942043489764644e-06,0
7465,9,7.1942043489764644e-06,0
6640,9,7.1942043489764644e-06,0
3138,9,7.1942043489764644e-06,0
9080,9,7.1942043489764644e-06,0
9081,9,7.1942043489764644e-06,0
10437,9,7.1942043489764644e-06,0
10438,9,7.1942043489764644e-06,0
10440,9,7.1942043489764644e-06,0
20016,9,7.1942043489764644e-06,0
2584,9,7.1942043489764644e-06,0
15033,9,7.1942043489764644e-06,0
15030,9,7.1942043489764644e-06,0
15032,9,7.1942043489764644e-06,0
6047,9,7.1942043489764644e-06,0
9091,9,7.1942043489764644e-06,0
9096,9,7.1942043489764644e-06,0
15089,9,7.1942043489764644e-06,0
18032,9,7.1942043489764644e-06,0
7643,9,7.1942043489764644e-06,0
7594,9,7.1942043489764644e-06,0
16423,9,7.1942043489764644e-06,0
17239,9,7.1942043489764644e-06,0
17243,9,7.1942043489764644e-06,0
5466,9,7.1942043489764644e-06,0
13591,9,7.1942043489764644e-06,0
18048,9,7.1942043489764644e-06,0
13524,9,7.1942043489764644e-06,0
2531,9,7.1942043489764644e-06,0
18802,9,7.1942043489764644e-06,0
1330,9,7.1942043489764644e-06,0
10522,9,7.1942043489764644e-06,0
19959,9,7.1942043489764644e-06,0
13312,9,7.1942043489764644e-06,0
16555,9,7.1942043489764644e-06,0
14406,9,7.1942043489764644e-06,0
9700,9,7.1942043489764644e-06,0
5800,9,7.1942043489764644e-06,0
9694,9,7.1942043489764644e-06,0
11281,9,7.1942043489764644e-06,0
12744,9,7.1942043489764644e-06,0
14988,9,7.1942043489764644e-06,0
15048,9,7.1942043489764644e-06,0
14363,9,7.1942043489764644e-06,0
9683,9,7.1942043489764644e-06,0
5988,9,7.1942043489764644e-06,0
15005,9,7.1942043489764644e-06,0
18083,9,7.1942043489764644e-06,0
18096,9,7.1942043489764644e-06,0
3041,9,7.1942043489764644e-06,0
9644,9,7.1942043489764644e-06,0
3458,9,7.1942043489764644e-06,0
16498,9,7.1942043489764644e-06,0
11847,9,7.1942043489764644e-06,0
2269,9,7.1942043489764644e-06,0
15090,9,7.1942043489764644e-06,0
14412,9,7.1942043489764644e-06,0
11036,9,7.1942043489764644e-06,0
14361,9,7.1942043489764644e-06,0
4413,9,7.1942043489764644e-06,0
12980,9,7.1942043489764644e-06,0
12966,9,7.1942043489764644e-06,0
12968,9,7.1942043489764644e-06,0
11083,9,7.1942043489764644e-06,0
11084,9,7.1942043489764644e-06,0
20477,9,7.1942043489764644e-06,0
5976,9,7.1942043489764644e-06,0
9214,9,7.1942043489764644e-06,0
20504,9,7.1942043489764644e-06,0
14893,9,7.1942043489764644e-06,0
18143,9,7.1942043489764644e-06,0
14925,9,7.1942043489764644e-06,0
14945,9,7.1942043489764644e-06,0
5996,9,7.1942043489764644e-06,0
14951,9,7.1942043489764644e-06,0
1427,9,7.1942043489764644e-06,0
11050,9,7.1942043489764644e-06,0
14383,9,7.1942043489764644e-06,0
20338,9,7.1942043489764644e-06,0
2911,9,7.1942043489764644e-06,0
14438,9,7.1942043489764644e-06,0
14442,9,7.1942043489764644e-06,0
14432,9,7.1942043489764644e-06,0
16542,9,7.1942043489764644e-06,0
11839,9,7.1942043489764644e-06,0
21035,9,7.1942043489764644e-06,0
10464,9,7.1942043489764644e-06,0
7427,9,7.1942043489764644e-06,0
7414,9,7.1942043489764644e-06,0
7417,9,7.1942043489764644e-06,0
10448,9,7.1942043489764644e-06,0
1317,9,7.1942043489764644e-06,0
12180,9,7.1942043489764644e-06,0
12165,9,7.1942043489764644e-06,0
14386,9,7.1942043489764644e-06,0
14434,9,7.1942043489764644e-06,0
12805,9,7.1942043489764644e-06,0
18366,9,7.1942043489764644e-06,0
18369,9,7.1942043489764644e-06,0
12123,9,7.1942043489764644e-06,0
12126,9,7.1942043489764644e-06,0
12173,9,7.1942043489764644e-06,0
12178,9,7.1942043489764644e-06,0
18810,9,7.1942043489764644e-06,0
18815,9,7.1942043489764644e-06,0
2545,9,7.1942043489764644e-06,0
1305,9,7.1942043489764644e-06,0
13447,9,7.1942043489764644e-06,0
13505,9,7.1942043489764644e-06,0
3680,9,7.1942043489764644e-06,0
12120,9,7.1942043489764644e-06,0
17180,9,7.1942043489764644e-06,0
17171,9,7.1942043489764644e-06,0
17150,9,7.1942043489764644e-06,0
12170,9,7.1942043489764644e-06,0
5980,9,7.1942043489764644e-06,0
20457,9,7.1942043489764644e-06,0
18165,9,7.1942043489764644e-06,0
14855,9,7.1942043489764644e-06,0
5970,9,7.1942043489764644e-06,0
5958,9,7.1942043489764644e-06,0
9635,9,7.1942043489764644e-06,0
4636,9,7.1942043489764644e-06,0
7312,9,7.1942043489764644e-06,0
6789,9,7.1942043489764644e-06,0
7309,9,7.1942043489764644e-06,0
16602,9,7.1942043489764644e-06,0
16646,9,7.1942043489764644e-06,0
16638,9,7.1942043489764644e-06,0
16641,9,7.1942043489764644e-06,0
3487,9,7.1942043489764644e-06,0
2857,9,7.1942043489764644e-06,0
10562,9,7.1942043489764644e-06,0
19445,9,7.1942043489764644e-06,0
11930,9,7.1942043489764644e-06,0
19463,9,7.1942043489764644e-06,0
3659,9,7.1942043489764644e-06,0
16576,9,7.1942043489764644e-06,0
16578,9,7.1942043489764644e-06,0
2955,9,7.1942043489764644e-06,0
11124,9,7.1942043489764644e-06,0
11188,9,7.1942043489764644e-06,0
11224,9,7.1942043489764644e-06,0
4261,9,7.1942043489764644e-06,0
4272,9,7.1942043489764644e-06,0
20441,9,7.1942043489764644e-06,0
20443,9,7.1942043489764644e-06,0
14466,9,7.1942043489764644e-06,0
14467,9,7.1942043489764644e-06,0
9299,9,7.1942043489764644e-06,0
20450,9,7.1942043489764644e-06,0
20453,9,7.1942043489764644e-06,0
18196,9,7.1942043489764644e-06,0
9319,9,7.1942043489764644e-06,0
2967,9,7.1942043489764644e-06,0
4400,9,7.1942043489764644e-06,0
14452,9,7.1942043489764644e-06,0
9419,9,7.1942043489764644e-06,0
14539,9,7.1942043489764644e-06,0
14592,9,7.1942043489764644e-06,0
14596,9,7.1942043489764644e-06,0
14597,9,7.1942043489764644e-06,0
9525,9,7.1942043489764644e-06,0
4715,9,7.1942043489764644e-06,0
12849,9,7.1942043489764644e-06,0
12834,9,7.1942043489764644e-06,0
2975,9,7.1942043489764644e-06,0
9324,9,7.1942043489764644e-06,0
14758,9,7.1942043489764644e-06,0
5940,9,7.1942043489764644e-06,0
5929,9,7.1942043489764644e-06,0
14557,9,7.1942043489764644e-06,0
18349,9,7.1942043489764644e-06,0
14523,9,7.1942043489764644e-06,0
14527,9,7.1942043489764644e-06,0
11106,9,7.1942043489764644e-06,0
19068,9,7.1942043489764644e-06,0
19060,9,7.1942043489764644e-06,0
4734,9,7.1942043489764644e-06,0
3488,9,7.1942043489764644e-06,0
13473,9,7.1942043489764644e-06,0
18387,9,7.1942043489764644e-06,0
11087,9,7.1942043489764644e-06,0
11192,9,7.1942043489764644e-06,0
11183,9,7.1942043489764644e-06,0
11173,9,7.1942043489764644e-06,0
19072,9,7.1942043489764644e-06,0
12928,9,7.1942043489764644e-06,0
12930,9,7.1942043489764644e-06,0
11972,9,7.1942043489764644e-06,0
11992,9,7.1942043489764644e-06,0
19433,9,7.1942043489764644e-06,0
21274,9,7.1942043489764644e-06,0
21198,9,7.1942043489764644e-06,0
9489,9,7.1942043489764644e-06,0
19409,9,7.1942043489764644e-06,0
21264,9,7.1942043489764644e-06,0
21265,9,7.1942043489764644e-06,0
18869,9,7.1942043489764644e-06,0
138,9,7.1942043489764644e-06,0
16885,9,7.1942043489764644e-06,0
14570,9,7.1942043489764644e-06,0
16909,9,7.1942043489764644e-06,0
3611,9,7.1942043489764644e-06,0
3557,9,7.1942043489764644e-06,0
7194,9,7.1942043489764644e-06,0
10603,9,7.1942043489764644e-06,0
10595,9,7.1942043489764644e-06,0
9586,9,7.1942043489764644e-06,0
9592,9,7.1942043489764644e-06,0
7001,9,7.1942043489764644e-06,0
12920,9,7.1942043489764644e-06,0
19036,9,7.1942043489764644e-06,0
4975,9,7.1942043489764644e-06,0
18837,9,7.1942043489764644e-06,0
3621,9,7.1942043489764644e-06,0
3623,9,7.1942043489764644e-06,0
3587,9,7.1942043489764644e-06,0
19490,9,7.1942043489764644e-06,0
13416,9,7.1942043489764644e-06,0
3550,9,7.1942043489764644e-06,0
3530,9,7.1942043489764644e-06,0
17061,9,7.1942043489764644e-06,0
12100,9,7.1942043489764644e-06,0
16803,9,7.1942043489764644e-06,0
16828,9,7.1942043489764644e-06,0
17023,9,7.1942043489764644e-06,0
9545,9,7.1942043489764644e-06,0
5229,9,7.1942043489764644e-06,0
12889,9,7.1942043489764644e-06,0
13410,9,7.1942043489764644e-06,0
13411,9,7.1942043489764644e-06,0
13415,9,7.1942043489764644e-06,0
13436,9,7.1942043489764644e-06,0
13437,9,7.1942043489764644e-06,0
20395,9,7.1942043489764644e-06,0
5876,9,7.1942043489764644e-06,0
5885,9,7.1942043489764644e-06,0
19025,9,7.1942043489764644e-06,0
11117,9,7.1942043489764644e-06,0
11156,9,7.1942043489764644e-06,0
14636,9,7.1942043489764644e-06,0
14649,9,7.1942043489764644e-06,0
9483,9,7.1942043489764644e-06,0
2931,9,7.1942043489764644e-06,0
12950,9,7.1942043489764644e-06,0
12943,9,7.1942043489764644e-06,0
9477,9,7.1942043489764644e-06,0
9468,9,7.1942043489764644e-06,0
14604,9,7.1942043489764644e-06,0
4323,9,7.1942043489764644e-06,0
16864,8,6.394848310201302e-06,0
21285,8,6.394848310201302e-06,0
21268,8,6.394848310201302e-06,0
12063,8,6.394848310201302e-06,0
21259,8,6.394848310201302e-06,0
21260,8,6.394848310201302e-06,0
19389,8,6.394848310201302e-06,0
19398,8,6.394848310201302e-06,0
13384,8,6.394848310201302e-06,0
19889,8,6.394848310201302e-06,0
13243,8,6.394848310201302e-06,0
19442,8,6.394848310201302e-06,0
11976,8,6.394848310201302e-06,0
13234,8,6.394848310201302e-06,0
13236,8,6.394848310201302e-06,0
16034,8,6.394848310201302e-06,0
16023,8,6.394848310201302e-06,0
3339,8,6.394848310201302e-06,0
8053,8,6.394848310201302e-06,0
14563,8,6.394848310201302e-06,0
19028,8,6.394848310201302e-06,0
18297,8,6.394848310201302e-06,0
18298,8,6.394848310201302e-06,0
11119,8,6.394848310201302e-06,0
12897,8,6.394848310201302e-06,0
4357,8,6.394848310201302e-06,0
976,8,6.394848310201302e-06,0
9497,8,6.394848310201302e-06,0
9488,8,6.394848310201302e-06,0
7110,8,6.394848310201302e-06,0
6858,8,6.394848310201302e-06,0
14602,8,6.394848310201302e-06,0
4326,8,6.394848310201302e-06,0
18287,8,6.394848310201302e-06,0
15993,8,6.394848310201302e-06,0
15996,8,6.394848310201302e-06,0
15964,8,6.394848310201302e-06,0
16037,8,6.394848310201302e-06,0
15987,8,6.394848310201302e-06,0
6435,8,6.394848310201302e-06,0
8121,8,6.394848310201302e-06,0
8176,8,6.394848310201302e-06,0
10105,8,6.394848310201302e-06,0
13863,8,6.394848310201302e-06,0
10743,8,6.394848310201302e-06,0
17521,8,6.394848310201302e-06,0
17522,8,6.394848310201302e-06,0
4872,8,6.394848310201302e-06,0
5102,8,6.394848310201302e-06,0
13867,8,6.394848310201302e-06,0
13412,8,6.394848310201302e-06,0
13413,8,6.394848310201302e-06,0
16814,8,6.394848310201302e-06,0
5911,8,6.394848310201302e-06,0
12036,8,6.394848310201302e-06,0
12040,8,6.394848310201302e-06,0
12056,8,6.394848310201302e-06,0
11946,8,6.394848310201302e-06,0
11937,8,6.394848310201302e-06,0
17053,8,6.394848310201302e-06,0
12049,8,6.394848310201302e-06,0
19021,8,6.394848310201302e-06,0
19778,8,6.394848310201302e-06,0
4379,8,6.394848310201302e-06,0
11155,8,6.394848310201302e-06,0
11144,8,6.394848310201302e-06,0
11560,8,6.394848310201302e-06,0
11551,8,6.394848310201302e-06,0
11611,8,6.394848310201302e-06,0
19272,8,6.394848310201302e-06,0
16089,8,6.394848310201302e-06,0
16076,8,6.394848310201302e-06,0
12391,8,6.394848310201302e-06,0
11592,8,6.394848310201302e-06,0
13796,8,6.394848310201302e-06,0
19263,8,6.394848310201302e-06,0
19243,8,6.394848310201302e-06,0
11631,8,6.394848310201302e-06,0
10190,8,6.394848310201302e-06,0
20111,8,6.394848310201302e-06,0
13822,8,6.394848310201302e-06,0
9584,8,6.394848310201302e-06,0
9572,8,6.394848310201302e-06,0
20411,8,6.394848310201302e-06,0
14576,8,6.394848310201302e-06,0
14506,8,6.394848310201302e-06,0
14498,8,6.394848310201302e-06,0
18339,8,6.394848310201302e-06,0
9370,8,6.394848310201302e-06,0
9433,8,6.394848310201302e-06,0
9426,8,6.394848310201302e-06,0
14698,8,6.394848310201302e-06,0
14538,8,6.394848310201302e-06,0
5892,8,6.394848310201302e-06,0
18249,8,6.394848310201302e-06,0
18254,8,6.394848310201302e-06,0
4309,8,6.394848310201302e-06,0
4350,8,6.394848310201302e-06,0
4347,8,6.394848310201302e-06,0
18280,8,6.394848310201302e-06,0
5590,8,6.394848310201302e-06,0
15921,8,6.394848310201302e-06,0
6389,8,6.394848310201302e-06,0
8192,8,6.394848310201302e-06,0
11497,8,6.394848310201302e-06,0
11535,8,6.394848310201302e-06,0
11541,8,6.394848310201302e-06,0
13834,8,6.394848310201302e-06,0
20163,8,6.394848310201302e-06,0
13919,8,6.394848310201302e-06,0
13914,8,6.394848310201302e-06,0
11530,8,6.394848310201302e-06,0
2668,8,6.394848310201302e-06,0
10074,8,6.394848310201302e-06,0
2669,8,6.394848310201302e-06,0
7140,8,6.394848310201302e-06,0
7133,8,6.394848310201302e-06,0
6836,8,6.394848310201302e-06,0
3614,8,6.394848310201302e-06,0
16811,8,6.394848310201302e-06,0
7159,8,6.394848310201302e-06,0
18245,8,6.394848310201302e-06,0
10622,8,6.394848310201302e-06,0
10596,8,6.394848310201302e-06,0
13435,8,6.394848310201302e-06,0
13439,8,6.394848310201302e-06,0
9401,8,6.394848310201302e-06,0
4294,8,6.394848310201302e-06,0
14706,8,6.394848310201302e-06,0
10165,8,6.394848310201302e-06,0
16062,8,6.394848310201302e-06,0
16063,8,6.394848310201302e-06,0
6453,8,6.394848310201302e-06,0
6442,8,6.394848310201302e-06,0
20864,8,6.394848310201302e-06,0
7976,8,6.394848310201302e-06,0
13196,8,6.394848310201302e-06,0
6321,8,6.394848310201302e-06,0
3865,8,6.394848310201302e-06,0
8186,8,6.394848310201302e-06,0
3313,8,6.394848310201302e-06,0
13211,8,6.394848310201302e-06,0
9337,8,6.394848310201302e-06,0
14455,8,6.394848310201302e-06,0
14794,8,6.394848310201302e-06,0
14766,8,6.394848310201302e-06,0
14482,8,6.394848310201302e-06,0
14472,8,6.394848310201302e-06,0
14765,8,6.394848310201302e-06,0
2969,8,6.394848310201302e-06,0
14743,8,6.394848310201302e-06,0
14741,8,6.394848310201302e-06,0
5939,8,6.394848310201302e-06,0
5937,8,6.394848310201302e-06,0
19074,8,6.394848310201302e-06,0
4717,8,6.394848310201302e-06,0
11670,8,6.394848310201302e-06,0
8251,8,6.394848310201302e-06,0
8231,8,6.394848310201302e-06,0
11640,8,6.394848310201302e-06,0
12352,8,6.394848310201302e-06,0
12359,8,6.394848310201302e-06,0
16124,8,6.394848310201302e-06,0
12420,8,6.394848310201302e-06,0
12424,8,6.394848310201302e-06,0
12407,8,6.394848310201302e-06,0
12410,8,6.394848310201302e-06,0
13960,8,6.394848310201302e-06,0
15839,8,6.394848310201302e-06,0
15830,8,6.394848310201302e-06,0
12387,8,6.394848310201302e-06,0
12390,8,6.394848310201302e-06,0
5416,8,6.394848310201302e-06,0
10528,8,6.394848310201302e-06,0
9280,8,6.394848310201302e-06,0
9281,8,6.394848310201302e-06,0
9282,8,6.394848310201302e-06,0
4972,8,6.394848310201302e-06,0
4976,8,6.394848310201302e-06,0
13449,8,6.394848310201302e-06,0
13453,8,6.394848310201302e-06,0
3642,8,6.394848310201302e-06,0
21136,8,6.394848310201302e-06,0
6804,8,6.394848310201302e-06,0
6792,8,6.394848310201302e-06,0
14770,8,6.394848310201302e-06,0
9348,8,6.394848310201302e-06,0
20439,8,6.394848310201302e-06,0
14723,8,6.394848310201302e-06,0
14789,8,6.394848310201302e-06,0
13934,8,6.394848310201302e-06,0
6310,8,6.394848310201302e-06,0
8299,8,6.394848310201302e-06,0
13895,8,6.394848310201302e-06,0
13958,8,6.394848310201302e-06,0
19229,8,6.394848310201302e-06,0
10841,8,6.394848310201302e-06,0
2339,8,6.394848310201302e-06,0
2414,8,6.394848310201302e-06,0
2431,8,6.394848310201302e-06,0
13945,8,6.394848310201302e-06,0
13946,8,6.394848310201302e-06,0
19618,8,6.394848310201302e-06,0
17569,8,6.394848310201302e-06,0
17572,8,6.394848310201302e-06,0
15799,8,6.394848310201302e-06,0
8316,8,6.394848310201302e-06,0
19602,8,6.394848310201302e-06,0
5149,8,6.394848310201302e-06,0
5135,8,6.394848310201302e-06,0
7258,8,6.394848310201302e-06,0
12995,8,6.394848310201302e-06,0
12996,8,6.394848310201302e-06,0
12969,8,6.394848310201302e-06,0
11934,8,6.394848310201302e-06,0
19464,8,6.394848310201302e-06,0
19469,8,6.394848310201302e-06,0
12076,8,6.394848310201302e-06,0
12116,8,6.394848310201302e-06,0
2960,8,6.394848310201302e-06,0
2968,8,6.394848310201302e-06,0
13470,8,6.394848310201302e-06,0
19966,8,6.394848310201302e-06,0
10549,8,6.394848310201302e-06,0
20460,8,6.394848310201302e-06,0
20455,8,6.394848310201302e-06,0
14823,8,6.394848310201302e-06,0
1001,8,6.394848310201302e-06,0
17339,8,6.394848310201302e-06,0
15783,8,6.394848310201302e-06,0
8336,8,6.394848310201302e-06,0
1684,8,6.394848310201302e-06,0
17362,8,6.394848310201302e-06,0
17351,8,6.394848310201302e-06,0
13739,8,6.394848310201302e-06,0
13727,8,6.394848310201302e-06,0
13785,8,6.394848310201302e-06,0
6296,8,6.394848310201302e-06,0
13931,8,6.394848310201302e-06,0
13968,8,6.394848310201302e-06,0
13971,8,6.394848310201302e-06,0
14865,8,6.394848310201302e-06,0
14866,8,6.394848310201302e-06,0
18186,8,6.394848310201302e-06,0
11135,8,6.394848310201302e-06,0
14862,8,6.394848310201302e-06,0
20486,8,6.394848310201302e-06,0
20478,8,6.394848310201302e-06,0
14882,8,6.394848310201302e-06,0
11129,8,6.394848310201302e-06,0
11190,8,6.394848310201302e-06,0
11223,8,6.394848310201302e-06,0
11216,8,6.394848310201302e-06,0
19011,8,6.394848310201302e-06,0
12856,8,6.394848310201302e-06,0
20320,8,6.394848310201302e-06,0
11072,8,6.394848310201302e-06,0
11075,8,6.394848310201302e-06,0
12992,8,6.394848310201302e-06,0
11139,8,6.394848310201302e-06,0
6293,8,6.394848310201302e-06,0
17610,8,6.394848310201302e-06,0
10036,8,6.394848310201302e-06,0
15752,8,6.394848310201302e-06,0
8381,8,6.394848310201302e-06,0
8375,8,6.394848310201302e-06,0
17629,8,6.394848310201302e-06,0
8421,8,6.394848310201302e-06,0
11484,8,6.394848310201302e-06,0
8418,8,6.394848310201302e-06,0
8419,8,6.394848310201302e-06,0
11606,8,6.394848310201302e-06,0
13194,8,6.394848310201302e-06,0
10033,8,6.394848310201302e-06,0
10057,8,6.394848310201302e-06,0
17640,8,6.394848310201302e-06,0
13357,8,6.394848310201302e-06,0
13358,8,6.394848310201302e-06,0
14424,8,6.394848310201302e-06,0
9565,8,6.394848310201302e-06,0
5853,8,6.394848310201302e-06,0
5833,8,6.394848310201302e-06,0
13338,8,6.394848310201302e-06,0
19488,8,6.394848310201302e-06,0
13369,8,6.394848310201302e-06,0
13371,8,6.394848310201302e-06,0
13373,8,6.394848310201302e-06,0
3503,8,6.394848310201302e-06,0
11894,8,6.394848310201302e-06,0
1924,8,6.394848310201302e-06,0
19016,8,6.394848310201302e-06,0
18388,8,6.394848310201302e-06,0
3410,8,6.394848310201302e-06,0
10172,8,6.394848310201302e-06,0
4929,8,6.394848310201302e-06,0
4900,8,6.394848310201302e-06,0
11602,8,6.394848310201302e-06,0
16163,8,6.394848310201302e-06,0
16149,8,6.394848310201302e-06,0
16181,8,6.394848310201302e-06,0
7835,8,6.394848310201302e-06,0
5315,8,6.394848310201302e-06,0
9597,8,6.394848310201302e-06,0
9601,8,6.394848310201302e-06,0
14975,8,6.394848310201302e-06,0
14976,8,6.394848310201302e-06,0
9117,8,6.394848310201302e-06,0
9169,8,6.394848310201302e-06,0
9221,8,6.394848310201302e-06,0
9222,8,6.394848310201302e-06,0
9141,8,6.394848310201302e-06,0
9147,8,6.394848310201302e-06,0
9626,8,6.394848310201302e-06,0
11229,8,6.394848310201302e-06,0
11232,8,6.394848310201302e-06,0
12560,8,6.394848310201302e-06,0
19646,8,6.394848310201302e-06,0
4806,8,6.394848310201302e-06,0
12566,8,6.394848310201302e-06,0
4655,8,6.394848310201302e-06,0
20764,8,6.394848310201302e-06,0
20752,8,6.394848310201302e-06,0
12569,8,6.394848310201302e-06,0
12572,8,6.394848310201302e-06,0
12556,8,6.394848310201302e-06,0
17683,8,6.394848310201302e-06,0
17686,8,6.394848310201302e-06,0
4077,8,6.394848310201302e-06,0
8481,8,6.394848310201302e-06,0
13141,8,6.394848310201302e-06,0
15668,8,6.394848310201302e-06,0
15673,8,6.394848310201302e-06,0
15718,8,6.394848310201302e-06,0
10041,8,6.394848310201302e-06,0
1058,8,6.394848310201302e-06,0
20310,8,6.394848310201302e-06,0
14401,8,6.394848310201302e-06,0
7379,8,6.394848310201302e-06,0
7381,8,6.394848310201302e-06,0
7331,8,6.394848310201302e-06,0
3485,8,6.394848310201302e-06,0
16656,8,6.394848310201302e-06,0
16663,8,6.394848310201302e-06,0
16648,8,6.394848310201302e-06,0
16636,8,6.394848310201302e-06,0
998,8,6.394848310201302e-06,0
13479,8,6.394848310201302e-06,0
7290,8,6.394848310201302e-06,0
1761,8,6.394848310201302e-06,0
5083,8,6.394848310201302e-06,0
19288,8,6.394848310201302e-06,0
13136,8,6.394848310201302e-06,0
12343,8,6.394848310201302e-06,0
12336,8,6.394848310201302e-06,0
3822,8,6.394848310201302e-06,0
13221,8,6.394848310201302e-06,0
19906,8,6.394848310201302e-06,0
10283,8,6.394848310201302e-06,0
13745,8,6.394848310201302e-06,0
19290,8,6.394848310201302e-06,0
9965,8,6.394848310201302e-06,0
9959,8,6.394848310201302e-06,0
9949,8,6.394848310201302e-06,0
3293,8,6.394848310201302e-06,0
10417,8,6.394848310201302e-06,0
10504,8,6.394848310201302e-06,0
7349,8,6.394848310201302e-06,0
7388,8,6.394848310201302e-06,0
16582,8,6.394848310201302e-06,0
16608,8,6.394848310201302e-06,0
13535,8,6.394848310201302e-06,0
18106,8,6.394848310201302e-06,0
17139,8,6.394848310201302e-06,0
3489,8,6.394848310201302e-06,0
17116,8,6.394848310201302e-06,0
7305,8,6.394848310201302e-06,0
14405,8,6.394848310201302e-06,0
14966,8,6.394848310201302e-06,0
14954,8,6.394848310201302e-06,0
15666,8,6.394848310201302e-06,0
15645,8,6.394848310201302e-06,0
8519,8,6.394848310201302e-06,0
6219,8,6.394848310201302e-06,0
15648,8,6.394848310201302e-06,0
15632,8,6.394848310201302e-06,0
17697,8,6.394848310201302e-06,0
17710,8,6.394848310201302e-06,0
11423,8,6.394848310201302e-06,0
19884,8,6.394848310201302e-06,0
19631,8,6.394848310201302e-06,0
12595,8,6.394848310201302e-06,0
14068,8,6.394848310201302e-06,0
14054,8,6.394848310201302e-06,0
15008,8,6.394848310201302e-06,0
15016,8,6.394848310201302e-06,0
3059,8,6.394848310201302e-06,0
20528,8,6.394848310201302e-06,0
20530,8,6.394848310201302e-06,0
20519,8,6.394848310201302e-06,0
19754,8,6.394848310201302e-06,0
3020,8,6.394848310201302e-06,0
12751,8,6.394848310201302e-06,0
12787,8,6.394848310201302e-06,0
10499,8,6.394848310201302e-06,0
18795,8,6.394848310201302e-06,0
5826,8,6.394848310201302e-06,0
5801,8,6.394848310201302e-06,0
4741,8,6.394848310201302e-06,0
17285,8,6.394848310201302e-06,0
17286,8,6.394848310201302e-06,0
10751,8,6.394848310201302e-06,0
12321,8,6.394848310201302e-06,0
3749,8,6.394848310201302e-06,0
20938,8,6.394848310201302e-06,0
17297,8,6.394848310201302e-06,0
13097,8,6.394848310201302e-06,0
15578,8,6.394848310201302e-06,0
15571,8,6.394848310201302e-06,0
20942,8,6.394848310201302e-06,0
7809,8,6.394848310201302e-06,0
15627,8,6.394848310201302e-06,0
17746,8,6.394848310201302e-06,0
17728,8,6.394848310201302e-06,0
8557,8,6.394848310201302e-06,0
15114,8,6.394848310201302e-06,0
15065,8,6.394848310201302e-06,0
15091,8,6.394848310201302e-06,0
15096,8,6.394848310201302e-06,0
18015,8,6.394848310201302e-06,0
18017,8,6.394848310201302e-06,0
12738,8,6.394848310201302e-06,0
12726,8,6.394848310201302e-06,0
18031,8,6.394848310201302e-06,0
14985,8,6.394848310201302e-06,0
14321,8,6.394848310201302e-06,0
14369,8,6.394848310201302e-06,0
14372,8,6.394848310201302e-06,0
20520,8,6.394848310201302e-06,0
14989,8,6.394848310201302e-06,0
15036,8,6.394848310201302e-06,0
15029,8,6.394848310201302e-06,0
1425,8,6.394848310201302e-06,0
11043,8,6.394848310201302e-06,0
19625,8,6.394848310201302e-06,0
8525,8,6.394848310201302e-06,0
20734,8,6.394848310201302e-06,0
12303,8,6.394848310201302e-06,0
3836,8,6.394848310201302e-06,0
16285,8,6.394848310201302e-06,0
11717,8,6.394848310201302e-06,0
15597,8,6.394848310201302e-06,0
4567,8,6.394848310201302e-06,0
10328,8,6.394848310201302e-06,0
11754,8,6.394848310201302e-06,0
12267,8,6.394848310201302e-06,0
1211,8,6.394848310201302e-06,0
13722,8,6.394848310201302e-06,0
17169,8,6.394848310201302e-06,0
18442,8,6.394848310201302e-06,0
14282,8,6.394848310201302e-06,0
16589,8,6.394848310201302e-06,0
12119,8,6.394848310201302e-06,0
13342,8,6.394848310201302e-06,0
2475,8,6.394848310201302e-06,0
18821,8,6.394848310201302e-06,0
10525,8,6.394848310201302e-06,0
17153,8,6.394848310201302e-06,0
9061,8,6.394848310201302e-06,0
6021,8,6.394848310201302e-06,0
9055,8,6.394848310201302e-06,0
11829,8,6.394848310201302e-06,0
11830,8,6.394848310201302e-06,0
20718,8,6.394848310201302e-06,0
8591,8,6.394848310201302e-06,0
4116,8,6.394848310201302e-06,0
20080,8,6.394848310201302e-06,0
18580,8,6.394848310201302e-06,0
20717,8,6.394848310201302e-06,0
12612,8,6.394848310201302e-06,0
12578,8,6.394848310201302e-06,0
11428,8,6.394848310201302e-06,0
11413,8,6.394848310201302e-06,0
10894,8,6.394848310201302e-06,0
6190,8,6.394848310201302e-06,0
8614,8,6.394848310201302e-06,0
6594,8,6.394848310201302e-06,0
18728,8,6.394848310201302e-06,0
10225,8,6.394848310201302e-06,0
6595,8,6.394848310201302e-06,0
17275,8,6.394848310201302e-06,0
16292,8,6.394848310201302e-06,0
20670,8,6.394848310201302e-06,0
8650,8,6.394848310201302e-06,0
5370,8,6.394848310201302e-06,0
5680,8,6.394848310201302e-06,0
15514,8,6.394848310201302e-06,0
15497,8,6.394848310201302e-06,0
17796,8,6.394848310201302e-06,0
9025,8,6.394848310201302e-06,0
9020,8,6.394848310201302e-06,0
17995,8,6.394848310201302e-06,0
2810,8,6.394848310201302e-06,0
8974,8,6.394848310201302e-06,0
15177,8,6.394848310201302e-06,0
15178,8,6.394848310201302e-06,0
15180,8,6.394848310201302e-06,0
15141,8,6.394848310201302e-06,0
15144,8,6.394848310201302e-06,0
15117,8,6.394848310201302e-06,0
12708,8,6.394848310201302e-06,0
12713,8,6.394848310201302e-06,0
11272,8,6.394848310201302e-06,0
11317,8,6.394848310201302e-06,0
14285,8,6.394848310201302e-06,0
18462,8,6.394848310201302e-06,0
20305,8,6.394848310201302e-06,0
4746,8,6.394848310201302e-06,0
9926,8,6.394848310201302e-06,0
10706,8,6.394848310201302e-06,0
10694,8,6.394848310201302e-06,0
13271,8,6.394848310201302e-06,0
6577,8,6.394848310201302e-06,0
6583,8,6.394848310201302e-06,0
7707,8,6.394848310201302e-06,0
7716,8,6.394848310201302e-06,0
17269,8,6.394848310201302e-06,0
17271,8,6.394848310201302e-06,0
2319,8,6.394848310201302e-06,0
2324,8,6.394848310201302e-06,0
19843,8,6.394848310201302e-06,0
3745,8,6.394848310201302e-06,0
3731,8,6.394848310201302e-06,0
14288,8,6.394848310201302e-06,0
14293,8,6.394848310201302e-06,0
10972,8,6.394848310201302e-06,0
5755,8,6.394848310201302e-06,0
9768,8,6.394848310201302e-06,0
10646,8,6.394848310201302e-06,0
19961,8,6.394848310201302e-06,0
13301,8,6.394848310201302e-06,0
13573,8,6.394848310201302e-06,0
16565,8,6.394848310201302e-06,0
17174,8,6.394848310201302e-06,0
304,8,6.394848310201302e-06,0
14346,8,6.394848310201302e-06,0
14347,8,6.394848310201302e-06,0
14327,8,6.394848310201302e-06,0
10470,8,6.394848310201302e-06,0
17810,8,6.394848310201302e-06,0
14149,8,6.394848310201302e-06,0
14141,8,6.394848310201302e-06,0
15494,8,6.394848310201302e-06,0
15470,8,6.394848310201302e-06,0
15449,8,6.394848310201302e-06,0
8676,8,6.394848310201302e-06,0
3221,8,6.394848310201302e-06,0
20661,8,6.394848310201302e-06,0
14155,8,6.394848310201302e-06,0
18529,8,6.394848310201302e-06,0
8733,8,6.394848310201302e-06,0
8734,8,6.394848310201302e-06,0
8724,8,6.394848310201302e-06,0
11855,8,6.394848310201302e-06,0
11851,8,6.394848310201302e-06,0
18780,8,6.394848310201302e-06,0
16527,8,6.394848310201302e-06,0
11887,8,6.394848310201302e-06,0
11810,8,6.394848310201302e-06,0
10650,8,6.394848310201302e-06,0
13607,8,6.394848310201302e-06,0
13322,8,6.394848310201302e-06,0
2157,8,6.394848310201302e-06,0
10668,8,6.394848310201302e-06,0
10672,8,6.394848310201302e-06,0
14312,8,6.394848310201302e-06,0
14296,8,6.394848310201302e-06,0
12684,8,6.394848310201302e-06,0
11343,8,6.394848310201302e-06,0
16392,8,6.394848310201302e-06,0
18557,8,6.394848310201302e-06,0
10378,8,6.394848310201302e-06,0
12251,8,6.394848310201302e-06,0
12253,8,6.394848310201302e-06,0
11731,8,6.394848310201302e-06,0
16382,8,6.394848310201302e-06,0
16387,8,6.394848310201302e-06,0
2585,8,6.394848310201302e-06,0
2566,8,6.394848310201302e-06,0
12233,8,6.394848310201302e-06,0
12287,8,6.394848310201302e-06,0
17821,8,6.394848310201302e-06,0
15433,8,6.394848310201302e-06,0
15381,8,6.394848310201302e-06,0
15376,8,6.394848310201302e-06,0
10379,8,6.394848310201302e-06,0
19713,8,6.394848310201302e-06,0
8908,8,6.394848310201302e-06,0
8909,8,6.394848310201302e-06,0
4198,8,6.394848310201302e-06,0
15220,8,6.394848310201302e-06,0
2126,8,6.394848310201302e-06,0
1632,8,6.394848310201302e-06,0
6104,8,6.394848310201302e-06,0
6105,8,6.394848310201302e-06,0
15187,8,6.394848310201302e-06,0
3152,8,6.394848310201302e-06,0
14231,8,6.394848310201302e-06,0
8951,8,6.394848310201302e-06,0
18967,8,6.394848310201302e-06,0
3233,8,6.394848310201302e-06,0
5173,8,6.394848310201302e-06,0
14185,8,6.394848310201302e-06,0
9819,8,6.394848310201302e-06,0
9794,8,6.394848310201302e-06,0
12672,8,6.394848310201302e-06,0
12673,8,6.394848310201302e-06,0
12602,8,6.394848310201302e-06,0
5172,8,6.394848310201302e-06,0
12200,8,6.394848310201302e-06,0
16440,8,6.394848310201302e-06,0
13027,8,6.394848310201302e-06,0
3457,8,6.394848310201302e-06,0
7559,8,6.394848310201302e-06,0
10380,8,6.394848310201302e-06,0
16530,8,6.394848310201302e-06,0
7486,8,6.394848310201302e-06,0
14244,8,6.394848310201302e-06,0
14217,8,6.394848310201302e-06,0
14204,8,6.394848310201302e-06,0
12652,8,6.394848310201302e-06,0
12654,8,6.394848310201302e-06,0
15339,8,6.394848310201302e-06,0
7609,8,6.394848310201302e-06,0
16405,8,6.394848310201302e-06,0
6612,8,6.394848310201302e-06,0
405,8,6.394848310201302e-06,0
13660,8,6.394848310201302e-06,0
20075,8,6.394848310201302e-06,0
717,8,6.394848310201302e-06,0
7531,8,6.394848310201302e-06,0
7585,8,6.394848310201302e-06,0
8775,8,6.394848310201302e-06,0
8776,8,6.394848310201302e-06,0
678,8,6.394848310201302e-06,0
15297,8,6.394848310201302e-06,0
15303,8,6.394848310201302e-06,0
1093,8,6.394848310201302e-06,0
5702,8,6.394848310201302e-06,0
18516,8,6.394848310201302e-06,0
13578,8,6.394848310201302e-06,0
1754,8,6.394848310201302e-06,0
1744,8,6.394848310201302e-06,0
4632,8,6.394848310201302e-06,0
13600,8,6.394848310201302e-06,0
13586,8,6.394848310201302e-06,0
6139,8,6.394848310201302e-06,0
6122,8,6.394848310201302e-06,0
13083,8,6.394848310201302e-06,0
20045,8,6.394848310201302e-06,0
17901,8,6.394848310201302e-06,0
17885,8,6.394848310201302e-06,0
3189,8,6.394848310201302e-06,0
8761,8,6.394848310201302e-06,0
6137,8,6.394848310201302e-06,0
15273,8,6.394848310201302e-06,0
19153,8,6.394848310201302e-06,0
19155,8,6.394848310201302e-06,0
8820,8,6.394848310201302e-06,0
18496,8,6.394848310201302e-06,0
6134,8,6.394848310201302e-06,0
8875,8,6.394848310201302e-06,0
8871,8,6.394848310201302e-06,0
6906,8,6.394848310201302e-06,0
6927,8,6.394848310201302e-06,0
16967,8,6.394848310201302e-06,0
16961,8,6.394848310201302e-06,0
16910,8,6.394848310201302e-06,0
6970,8,6.394848310201302e-06,0
6972,8,6.394848310201302e-06,0
16914,8,6.394848310201302e-06,0
1448,8,6.394848310201302e-06,0
11120,8,6.394848310201302e-06,0
6893,8,6.394848310201302e-06,0
17004,8,6.394848310201302e-06,0
5380,8,6.394848310201302e-06,0
10628,8,6.394848310201302e-06,0
18853,8,6.394848310201302e-06,0
13407,8,6.394848310201302e-06,0
17035,8,6.394848310201302e-06,0
3539,8,6.394848310201302e-06,0
16835,8,6.394848310201302e-06,0
17038,8,6.394848310201302e-06,0
7112,8,6.394848310201302e-06,0
7113,8,6.394848310201302e-06,0
10592,8,6.394848310201302e-06,0
5390,8,6.394848310201302e-06,0
7097,8,6.394848310201302e-06,0
7062,8,6.394848310201302e-06,0
7035,8,6.394848310201302e-06,0
7038,8,6.394848310201302e-06,0
6967,8,6.394848310201302e-06,0
12014,8,6.394848310201302e-06,0
16892,8,6.394848310201302e-06,0
16884,8,6.394848310201302e-06,0
16952,8,6.394848310201302e-06,0
10591,8,6.394848310201302e-06,0
21201,8,6.394848310201302e-06,0
12011,8,6.394848310201302e-06,0
21253,7,5.595492271426139e-06,0
21235,7,5.595492271426139e-06,0
19428,7,5.595492271426139e-06,0
15954,7,5.595492271426139e-06,0
12474,7,5.595492271426139e-06,0
8100,7,5.595492271426139e-06,0
20382,7,5.595492271426139e-06,0
9478,7,5.595492271426139e-06,0
14635,7,5.595492271426139e-06,0
977,7,5.595492271426139e-06,0
966,7,5.595492271426139e-06,0
10800,7,5.595492271426139e-06,0
10809,7,5.595492271426139e-06,0
10782,7,5.595492271426139e-06,0
15980,7,5.595492271426139e-06,0
17502,7,5.595492271426139e-06,0
17496,7,5.595492271426139e-06,0
17472,7,5.595492271426139e-06,0
15971,7,5.595492271426139e-06,0
13418,7,5.595492271426139e-06,0
13421,7,5.595492271426139e-06,0
13422,7,5.595492271426139e-06,0
13853,7,5.595492271426139e-06,0
13859,7,5.595492271426139e-06,0
2673,7,5.595492271426139e-06,0
2677,7,5.595492271426139e-06,0
13838,7,5.595492271426139e-06,0
12047,7,5.595492271426139e-06,0
12048,7,5.595492271426139e-06,0
12088,7,5.595492271426139e-06,0
16797,7,5.595492271426139e-06,0
12051,7,5.595492271426139e-06,0
12052,7,5.595492271426139e-06,0
12046,7,5.595492271426139e-06,0
13430,7,5.595492271426139e-06,0
14183,7,5.595492271426139e-06,0
15315,7,5.595492271426139e-06,0
18526,7,5.595492271426139e-06,0
18528,7,5.595492271426139e-06,0
8785,7,5.595492271426139e-06,0
8750,7,5.595492271426139e-06,0
8752,7,5.595492271426139e-06,0
15313,7,5.595492271426139e-06,0
12207,7,5.595492271426139e-06,0
12199,7,5.595492271426139e-06,0
13287,7,5.595492271426139e-06,0
16469,7,5.595492271426139e-06,0
2038,7,5.595492271426139e-06,0
14193,7,5.595492271426139e-06,0
14195,7,5.595492271426139e-06,0
14198,7,5.595492271426139e-06,0
20027,7,5.595492271426139e-06,0
4602,7,5.595492271426139e-06,0
13625,7,5.595492271426139e-06,0
4586,7,5.595492271426139e-06,0
13616,7,5.595492271426139e-06,0
13577,7,5.595492271426139e-06,0
10359,7,5.595492271426139e-06,0
1753,7,5.595492271426139e-06,0
17881,7,5.595492271426139e-06,0
17883,7,5.595492271426139e-06,0
4166,7,5.595492271426139e-06,0
831,7,5.595492271426139e-06,0
10915,7,5.595492271426139e-06,0
10946,7,5.595492271426139e-06,0
10941,7,5.595492271426139e-06,0
1240,7,5.595492271426139e-06,0
16496,7,5.595492271426139e-06,0
7466,7,5.595492271426139e-06,0
7471,7,5.595492271426139e-06,0
7563,7,5.595492271426139e-06,0
7566,7,5.595492271426139e-06,0
3452,7,5.595492271426139e-06,0
12205,7,5.595492271426139e-06,0
18484,7,5.595492271426139e-06,0
14215,7,5.595492271426139e-06,0
14218,7,5.595492271426139e-06,0
14266,7,5.595492271426139e-06,0
14262,7,5.595492271426139e-06,0
6648,7,5.595492271426139e-06,0
7525,7,5.595492271426139e-06,0
16533,7,5.595492271426139e-06,0
17199,7,5.595492271426139e-06,0
20072,7,5.595492271426139e-06,0
20068,7,5.595492271426139e-06,0
5498,7,5.595492271426139e-06,0
12651,7,5.595492271426139e-06,0
15346,7,5.595492271426139e-06,0
15393,7,5.595492271426139e-06,0
14242,7,5.595492271426139e-06,0
9719,7,5.595492271426139e-06,0
15328,7,5.595492271426139e-06,0
20628,7,5.595492271426139e-06,0
719,7,5.595492271426139e-06,0
17218,7,5.595492271426139e-06,0
7586,7,5.595492271426139e-06,0
7629,7,5.595492271426139e-06,0
7631,7,5.595492271426139e-06,0
3693,7,5.595492271426139e-06,0
17850,7,5.595492271426139e-06,0
8857,7,5.595492271426139e-06,0
2751,7,5.595492271426139e-06,0
8942,7,5.595492271426139e-06,0
8939,7,5.595492271426139e-06,0
1603,7,5.595492271426139e-06,0
12687,7,5.595492271426139e-06,0
12690,7,5.595492271426139e-06,0
9864,7,5.595492271426139e-06,0
1143,7,5.595492271426139e-06,0
10919,7,5.595492271426139e-06,0
18962,7,5.595492271426139e-06,0
18966,7,5.595492271426139e-06,0
13116,7,5.595492271426139e-06,0
17858,7,5.595492271426139e-06,0
17845,7,5.595492271426139e-06,0
14186,7,5.595492271426139e-06,0
9761,7,5.595492271426139e-06,0
9812,7,5.595492271426139e-06,0
20216,7,5.595492271426139e-06,0
20218,7,5.595492271426139e-06,0
9878,7,5.595492271426139e-06,0
5699,7,5.595492271426139e-06,0
9830,7,5.595492271426139e-06,0
18489,7,5.595492271426139e-06,0
18465,7,5.595492271426139e-06,0
18479,7,5.595492271426139e-06,0
6172,7,5.595492271426139e-06,0
19182,7,5.595492271426139e-06,0
12670,7,5.595492271426139e-06,0
11375,7,5.595492271426139e-06,0
11440,7,5.595492271426139e-06,0
14145,7,5.595492271426139e-06,0
14146,7,5.595492271426139e-06,0
8731,7,5.595492271426139e-06,0
5735,7,5.595492271426139e-06,0
11354,7,5.595492271426139e-06,0
11342,7,5.595492271426139e-06,0
15171,7,5.595492271426139e-06,0
15165,7,5.595492271426139e-06,0
2569,7,5.595492271426139e-06,0
18743,7,5.595492271426139e-06,0
12224,7,5.595492271426139e-06,0
12194,7,5.595492271426139e-06,0
16383,7,5.595492271426139e-06,0
16374,7,5.595492271426139e-06,0
17813,7,5.595492271426139e-06,0
18549,7,5.595492271426139e-06,0
1633,7,5.595492271426139e-06,0
19723,7,5.595492271426139e-06,0
11384,7,5.595492271426139e-06,0
8899,7,5.595492271426139e-06,0
6158,7,5.595492271426139e-06,0
674,7,5.595492271426139e-06,0
15391,7,5.595492271426139e-06,0
10363,7,5.595492271426139e-06,0
12735,7,5.595492271426139e-06,0
6061,7,5.595492271426139e-06,0
8958,7,5.595492271426139e-06,0
8961,7,5.595492271426139e-06,0
13003,7,5.595492271426139e-06,0
13034,7,5.595492271426139e-06,0
11324,7,5.595492271426139e-06,0
15226,7,5.595492271426139e-06,0
19829,7,5.595492271426139e-06,0
17806,7,5.595492271426139e-06,0
17812,7,5.595492271426139e-06,0
15457,7,5.595492271426139e-06,0
4146,7,5.595492271426139e-06,0
14341,7,5.595492271426139e-06,0
14332,7,5.595492271426139e-06,0
1513,7,5.595492271426139e-06,0
14163,7,5.595492271426139e-06,0
18530,7,5.595492271426139e-06,0
15426,7,5.595492271426139e-06,0
15447,7,5.595492271426139e-06,0
15492,7,5.595492271426139e-06,0
4147,7,5.595492271426139e-06,0
8669,7,5.595492271426139e-06,0
20660,7,5.595492271426139e-06,0
13318,7,5.595492271426139e-06,0
11861,7,5.595492271426139e-06,0
18771,7,5.595492271426139e-06,0
8723,7,5.595492271426139e-06,0
8729,7,5.595492271426139e-06,0
8719,7,5.595492271426139e-06,0
15410,7,5.595492271426139e-06,0
3210,7,5.595492271426139e-06,0
15148,7,5.595492271426139e-06,0
17984,7,5.595492271426139e-06,0
13294,7,5.595492271426139e-06,0
10673,7,5.595492271426139e-06,0
10666,7,5.595492271426139e-06,0
10652,7,5.595492271426139e-06,0
13595,7,5.595492271426139e-06,0
13253,7,5.595492271426139e-06,0
19944,7,5.595492271426139e-06,0
5638,7,5.595492271426139e-06,0
14069,7,5.595492271426139e-06,0
13142,7,5.595492271426139e-06,0
4470,7,5.595492271426139e-06,0
4457,7,5.595492271426139e-06,0
14283,7,5.595492271426139e-06,0
2743,7,5.595492271426139e-06,0
7686,7,5.595492271426139e-06,0
7698,7,5.595492271426139e-06,0
17253,7,5.595492271426139e-06,0
13257,7,5.595492271426139e-06,0
7661,7,5.595492271426139e-06,0
19923,7,5.595492271426139e-06,0
19913,7,5.595492271426139e-06,0
19948,7,5.595492271426139e-06,0
16509,7,5.595492271426139e-06,0
10643,7,5.595492271426139e-06,0
2002,7,5.595492271426139e-06,0
13009,7,5.595492271426139e-06,0
11334,7,5.595492271426139e-06,0
20220,7,5.595492271426139e-06,0
17255,7,5.595492271426139e-06,0
3724,7,5.595492271426139e-06,0
10454,7,5.595492271426139e-06,0
20006,7,5.595492271426139e-06,0
13513,7,5.595492271426139e-06,0
16554,7,5.595492271426139e-06,0
17184,7,5.595492271426139e-06,0
7462,7,5.595492271426139e-06,0
7450,7,5.595492271426139e-06,0
16520,7,5.595492271426139e-06,0
16319,7,5.595492271426139e-06,0
7702,7,5.595492271426139e-06,0
7743,7,5.595492271426139e-06,0
7731,7,5.595492271426139e-06,0
5519,7,5.595492271426139e-06,0
2075,7,5.595492271426139e-06,0
16291,7,5.595492271426139e-06,0
6208,7,5.595492271426139e-06,0
8639,7,5.595492271426139e-06,0
7679,7,5.595492271426139e-06,0
13628,7,5.595492271426139e-06,0
4574,7,5.595492271426139e-06,0
5374,7,5.595492271426139e-06,0
10729,7,5.595492271426139e-06,0
20969,7,5.595492271426139e-06,0
16320,7,5.595492271426139e-06,0
9045,7,5.595492271426139e-06,0
9038,7,5.595492271426139e-06,0
17990,7,5.595492271426139e-06,0
5689,7,5.595492271426139e-06,0
15526,7,5.595492271426139e-06,0
15522,7,5.595492271426139e-06,0
17801,7,5.595492271426139e-06,0
20667,7,5.595492271426139e-06,0
11308,7,5.595492271426139e-06,0
2271,7,5.595492271426139e-06,0
11259,7,5.595492271426139e-06,0
11248,7,5.595492271426139e-06,0
11321,7,5.595492271426139e-06,0
9009,7,5.595492271426139e-06,0
15132,7,5.595492271426139e-06,0
15121,7,5.595492271426139e-06,0
12181,7,5.595492271426139e-06,0
18790,7,5.595492271426139e-06,0
18791,7,5.595492271426139e-06,0
20034,7,5.595492271426139e-06,0
7405,7,5.595492271426139e-06,0
13562,7,5.595492271426139e-06,0
13555,7,5.595492271426139e-06,0
13547,7,5.595492271426139e-06,0
15551,7,5.595492271426139e-06,0
9097,7,5.595492271426139e-06,0
9098,7,5.595492271426139e-06,0
6048,7,5.595492271426139e-06,0
2467,7,5.595492271426139e-06,0
17152,7,5.595492271426139e-06,0
17155,7,5.595492271426139e-06,0
12124,7,5.595492271426139e-06,0
10887,7,5.595492271426139e-06,0
13089,7,5.595492271426139e-06,0
18591,7,5.595492271426139e-06,0
18592,7,5.595492271426139e-06,0
10855,7,5.595492271426139e-06,0
8573,7,5.595492271426139e-06,0
9942,7,5.595492271426139e-06,0
18612,7,5.595492271426139e-06,0
8603,7,5.595492271426139e-06,0
8605,7,5.595492271426139e-06,0
20695,7,5.595492271426139e-06,0
12616,7,5.595492271426139e-06,0
19656,7,5.595492271426139e-06,0
14079,7,5.595492271426139e-06,0
18577,7,5.595492271426139e-06,0
10896,7,5.595492271426139e-06,0
11009,7,5.595492271426139e-06,0
11047,7,5.595492271426139e-06,0
11048,7,5.595492271426139e-06,0
18033,7,5.595492271426139e-06,0
18036,7,5.595492271426139e-06,0
18024,7,5.595492271426139e-06,0
15112,7,5.595492271426139e-06,0
15066,7,5.595492271426139e-06,0
6244,7,5.595492271426139e-06,0
8528,7,5.595492271426139e-06,0
20731,7,5.595492271426139e-06,0
20733,7,5.595492271426139e-06,0
3052,7,5.595492271426139e-06,0
19818,7,5.595492271426139e-06,0
11031,7,5.595492271426139e-06,0
14370,7,5.595492271426139e-06,0
13260,7,5.595492271426139e-06,0
10267,7,5.595492271426139e-06,0
10336,7,5.595492271426139e-06,0
10299,7,5.595492271426139e-06,0
4935,7,5.595492271426139e-06,0
11468,7,5.595492271426139e-06,0
11452,7,5.595492271426139e-06,0
11453,7,5.595492271426139e-06,0
5787,7,5.595492271426139e-06,0
2808,7,5.595492271426139e-06,0
4561,7,5.595492271426139e-06,0
13688,7,5.595492271426139e-06,0
4538,7,5.595492271426139e-06,0
4518,7,5.595492271426139e-06,0
13710,7,5.595492271426139e-06,0
4931,7,5.595492271426139e-06,0
1517,7,5.595492271426139e-06,0
1518,7,5.595492271426139e-06,0
1566,7,5.595492271426139e-06,0
11282,7,5.595492271426139e-06,0
11269,7,5.595492271426139e-06,0
9640,7,5.595492271426139e-06,0
9647,7,5.595492271426139e-06,0
3042,7,5.595492271426139e-06,0
14016,7,5.595492271426139e-06,0
14334,7,5.595492271426139e-06,0
5819,7,5.595492271426139e-06,0
4754,7,5.595492271426139e-06,0
12749,7,5.595492271426139e-06,0
12794,7,5.595492271426139e-06,0
12795,7,5.595492271426139e-06,0
1515,7,5.595492271426139e-06,0
17291,7,5.595492271426139e-06,0
3755,7,5.595492271426139e-06,0
16250,7,5.595492271426139e-06,0
17302,7,5.595492271426139e-06,0
17284,7,5.595492271426139e-06,0
17287,7,5.595492271426139e-06,0
18915,7,5.595492271426139e-06,0
11710,7,5.595492271426139e-06,0
3109,7,5.595492271426139e-06,0
17730,7,5.595492271426139e-06,0
17725,7,5.595492271426139e-06,0
8553,7,5.595492271426139e-06,0
8541,7,5.595492271426139e-06,0
17751,7,5.595492271426139e-06,0
7802,7,5.595492271426139e-06,0
7798,7,5.595492271426139e-06,0
14351,7,5.595492271426139e-06,0
18101,7,5.595492271426139e-06,0
18107,7,5.595492271426139e-06,0
6014,7,5.595492271426139e-06,0
7308,7,5.595492271426139e-06,0
16584,7,5.595492271426139e-06,0
16606,7,5.595492271426139e-06,0
13540,7,5.595492271426139e-06,0
15642,7,5.595492271426139e-06,0
20743,7,5.595492271426139e-06,0
6229,7,5.595492271426139e-06,0
17719,7,5.595492271426139e-06,0
14402,7,5.595492271426139e-06,0
6016,7,5.595492271426139e-06,0
5997,7,5.595492271426139e-06,0
9124,7,5.595492271426139e-06,0
12577,7,5.595492271426139e-06,0
19629,7,5.595492271426139e-06,0
12539,7,5.595492271426139e-06,0
4794,7,5.595492271426139e-06,0
15633,7,5.595492271426139e-06,0
8504,7,5.595492271426139e-06,0
8480,7,5.595492271426139e-06,0
15659,7,5.595492271426139e-06,0
14993,7,5.595492271426139e-06,0
20517,7,5.595492271426139e-06,0
14040,7,5.595492271426139e-06,0
14011,7,5.595492271426139e-06,0
14012,7,5.595492271426139e-06,0
10002,7,5.595492271426139e-06,0
10007,7,5.595492271426139e-06,0
12583,7,5.595492271426139e-06,0
16699,7,5.595492271426139e-06,0
1361,7,5.595492271426139e-06,0
13498,7,5.595492271426139e-06,0
7240,7,5.595492271426139e-06,0
7303,7,5.595492271426139e-06,0
7288,7,5.595492271426139e-06,0
21059,7,5.595492271426139e-06,0
3483,7,5.595492271426139e-06,0
16229,7,5.595492271426139e-06,0
1759,7,5.595492271426139e-06,0
1709,7,5.595492271426139e-06,0
19289,7,5.595492271426139e-06,0
14020,7,5.595492271426139e-06,0
13483,7,5.595492271426139e-06,0
4616,7,5.595492271426139e-06,0
13325,7,5.595492271426139e-06,0
20739,7,5.595492271426139e-06,0
13748,7,5.595492271426139e-06,0
18723,7,5.595492271426139e-06,0
18700,7,5.595492271426139e-06,0
19286,7,5.595492271426139e-06,0
12329,7,5.595492271426139e-06,0
5531,7,5.595492271426139e-06,0
10295,7,5.595492271426139e-06,0
13518,7,5.595492271426139e-06,0
10483,7,5.595492271426139e-06,0
10474,7,5.595492271426139e-06,0
5017,7,5.595492271426139e-06,0
10516,7,5.595492271426139e-06,0
17706,7,5.595492271426139e-06,0
9964,7,5.595492271426139e-06,0
17714,7,5.595492271426139e-06,0
12814,7,5.595492271426139e-06,0
9256,7,5.595492271426139e-06,0
14848,7,5.595492271426139e-06,0
14909,7,5.595492271426139e-06,0
5199,7,5.595492271426139e-06,0
14969,7,5.595492271426139e-06,0
14970,7,5.595492271426139e-06,0
14919,7,5.595492271426139e-06,0
17689,7,5.595492271426139e-06,0
12499,7,5.595492271426139e-06,0
4810,7,5.595492271426139e-06,0
12516,7,5.595492271426139e-06,0
19104,7,5.595492271426139e-06,0
9632,7,5.595492271426139e-06,0
14439,7,5.595492271426139e-06,0
14419,7,5.595492271426139e-06,0
13125,7,5.595492271426139e-06,0
15716,7,5.595492271426139e-06,0
10028,7,5.595492271426139e-06,0
17685,7,5.595492271426139e-06,0
17671,7,5.595492271426139e-06,0
15685,7,5.595492271426139e-06,0
20759,7,5.595492271426139e-06,0
20745,7,5.595492271426139e-06,0
14407,7,5.595492271426139e-06,0
20321,7,5.595492271426139e-06,0
20331,7,5.595492271426139e-06,0
20333,7,5.595492271426139e-06,0
20316,7,5.595492271426139e-06,0
9665,7,5.595492271426139e-06,0
2826,7,5.595492271426139e-06,0
13137,7,5.595492271426139e-06,0
17346,7,5.595492271426139e-06,0
16159,7,5.595492271426139e-06,0
10200,7,5.595492271426139e-06,0
4928,7,5.595492271426139e-06,0
4920,7,5.595492271426139e-06,0
18180,7,5.595492271426139e-06,0
11023,7,5.595492271426139e-06,0
11025,7,5.595492271426139e-06,0
16190,7,5.595492271426139e-06,0
16183,7,5.595492271426139e-06,0
7837,7,5.595492271426139e-06,0
7872,7,5.595492271426139e-06,0
17327,7,5.595492271426139e-06,0
17320,7,5.595492271426139e-06,0
16207,7,5.595492271426139e-06,0
16199,7,5.595492271426139e-06,0
15686,7,5.595492271426139e-06,0
15689,7,5.595492271426139e-06,0
13127,7,5.595492271426139e-06,0
10817,7,5.595492271426139e-06,0
10866,7,5.595492271426139e-06,0
5324,7,5.595492271426139e-06,0
4673,7,5.595492271426139e-06,0
13177,7,5.595492271426139e-06,0
9118,7,5.595492271426139e-06,0
9161,7,5.595492271426139e-06,0
9179,7,5.595492271426139e-06,0
9180,7,5.595492271426139e-06,0
20506,7,5.595492271426139e-06,0
20491,7,5.595492271426139e-06,0
2986,7,5.595492271426139e-06,0
15695,7,5.595492271426139e-06,0
6290,7,5.595492271426139e-06,0
15772,7,5.595492271426139e-06,0
2717,7,5.595492271426139e-06,0
10047,7,5.595492271426139e-06,0
6307,7,5.595492271426139e-06,0
18386,7,5.595492271426139e-06,0
11126,7,5.595492271426139e-06,0
11185,7,5.595492271426139e-06,0
20776,7,5.595492271426139e-06,0
6274,7,5.595492271426139e-06,0
6263,7,5.595492271426139e-06,0
15769,7,5.595492271426139e-06,0
4065,7,5.595492271426139e-06,0
8385,7,5.595492271426139e-06,0
8378,7,5.595492271426139e-06,0
17585,7,5.595492271426139e-06,0
19496,7,5.595492271426139e-06,0
19475,7,5.595492271426139e-06,0
19478,7,5.595492271426139e-06,0
14420,7,5.595492271426139e-06,0
9606,7,5.595492271426139e-06,0
8351,7,5.595492271426139e-06,0
17642,7,5.595492271426139e-06,0
15732,7,5.595492271426139e-06,0
14833,7,5.595492271426139e-06,0
12151,7,5.595492271426139e-06,0
3496,7,5.595492271426139e-06,0
21124,7,5.595492271426139e-06,0
21113,7,5.595492271426139e-06,0
11926,7,5.595492271426139e-06,0
11904,7,5.595492271426139e-06,0
1923,7,5.595492271426139e-06,0
11704,7,5.595492271426139e-06,0
11692,7,5.595492271426139e-06,0
15787,7,5.595492271426139e-06,0
15798,7,5.595492271426139e-06,0
8267,7,5.595492271426139e-06,0
20454,7,5.595492271426139e-06,0
18195,7,5.595492271426139e-06,0
14797,7,5.595492271426139e-06,0
20103,7,5.595492271426139e-06,0
20089,7,5.595492271426139e-06,0
10248,7,5.595492271426139e-06,0
10230,7,5.595492271426139e-06,0
5532,7,5.595492271426139e-06,0
11681,7,5.595492271426139e-06,0
2439,7,5.595492271426139e-06,0
13277,7,5.595492271426139e-06,0
9228,7,5.595492271426139e-06,0
18175,7,5.595492271426139e-06,0
13930,7,5.595492271426139e-06,0
13988,7,5.595492271426139e-06,0
13989,7,5.595492271426139e-06,0
13969,7,5.595492271426139e-06,0
13732,7,5.595492271426139e-06,0
20102,7,5.595492271426139e-06,0
11170,7,5.595492271426139e-06,0
11228,7,5.595492271426139e-06,0
11199,7,5.595492271426139e-06,0
20475,7,5.595492271426139e-06,0
14881,7,5.595492271426139e-06,0
14856,7,5.595492271426139e-06,0
18183,7,5.595492271426139e-06,0
9247,7,5.595492271426139e-06,0
5924,7,5.595492271426139e-06,0
14790,7,5.595492271426139e-06,0
3649,7,5.595492271426139e-06,0
3622,7,5.595492271426139e-06,0
17072,7,5.595492271426139e-06,0
6805,7,5.595492271426139e-06,0
6794,7,5.595492271426139e-06,0
21121,7,5.595492271426139e-06,0
4865,7,5.595492271426139e-06,0
19614,7,5.595492271426139e-06,0
17574,7,5.595492271426139e-06,0
13944,7,5.595492271426139e-06,0
13949,7,5.595492271426139e-06,0
8295,7,5.595492271426139e-06,0
13891,7,5.595492271426139e-06,0
14761,7,5.595492271426139e-06,0
11927,7,5.595492271426139e-06,0
12982,7,5.595492271426139e-06,0
12967,7,5.595492271426139e-06,0
8330,7,5.595492271426139e-06,0
8317,7,5.595492271426139e-06,0
5136,7,5.595492271426139e-06,0
5125,7,5.595492271426139e-06,0
4858,7,5.595492271426139e-06,0
20354,7,5.595492271426139e-06,0
13460,7,5.595492271426139e-06,0
19983,7,5.595492271426139e-06,0
10568,7,5.595492271426139e-06,0
10550,7,5.595492271426139e-06,0
11933,7,5.595492271426139e-06,0
7283,7,5.595492271426139e-06,0
6820,7,5.595492271426139e-06,0
19062,7,5.595492271426139e-06,0
14745,7,5.595492271426139e-06,0
14720,7,5.595492271426139e-06,0
12858,7,5.595492271426139e-06,0
12847,7,5.595492271426139e-06,0
18343,7,5.595492271426139e-06,0
18318,7,5.595492271426139e-06,0
18312,7,5.595492271426139e-06,0
17381,7,5.595492271426139e-06,0
17363,7,5.595492271426139e-06,0
12478,7,5.595492271426139e-06,0
17561,7,5.595492271426139e-06,0
3921,7,5.595492271426139e-06,0
19051,7,5.595492271426139e-06,0
5936,7,5.595492271426139e-06,0
12835,7,5.595492271426139e-06,0
17359,7,5.595492271426139e-06,0
7905,7,5.595492271426139e-06,0
12378,7,5.595492271426139e-06,0
11672,7,5.595492271426139e-06,0
11646,7,5.595492271426139e-06,0
16123,7,5.595492271426139e-06,0
16111,7,5.595492271426139e-06,0
17401,7,5.595492271426139e-06,0
4969,7,5.595492271426139e-06,0
1907,7,5.595492271426139e-06,0
13441,7,5.595492271426139e-06,0
9303,7,5.595492271426139e-06,0
4277,7,5.595492271426139e-06,0
8324,7,5.595492271426139e-06,0
4024,7,5.595492271426139e-06,0
3950,7,5.595492271426139e-06,0
20139,7,5.595492271426139e-06,0
20119,7,5.595492271426139e-06,0
20404,7,5.595492271426139e-06,0
14718,7,5.595492271426139e-06,0
14715,7,5.595492271426139e-06,0
14703,7,5.595492271426139e-06,0
18240,7,5.595492271426139e-06,0
13433,7,5.595492271426139e-06,0
16138,7,5.595492271426139e-06,0
16121,7,5.595492271426139e-06,0
7994,7,5.595492271426139e-06,0
7981,7,5.595492271426139e-06,0
16107,7,5.595492271426139e-06,0
10180,7,5.595492271426139e-06,0
10115,7,5.595492271426139e-06,0
18669,7,5.595492271426139e-06,0
6314,7,5.595492271426139e-06,0
3312,7,5.595492271426139e-06,0
3315,7,5.595492271426139e-06,0
13209,7,5.595492271426139e-06,0
13193,7,5.595492271426139e-06,0
6312,7,5.595492271426139e-06,0
17418,7,5.595492271426139e-06,0
17407,7,5.595492271426139e-06,0
14478,7,5.595492271426139e-06,0
14464,7,5.595492271426139e-06,0
14471,7,5.595492271426139e-06,0
2976,7,5.595492271426139e-06,0
18205,7,5.595492271426139e-06,0
14779,7,5.595492271426139e-06,0
14785,7,5.595492271426139e-06,0
8241,7,5.595492271426139e-06,0
20168,7,5.595492271426139e-06,0
5584,7,5.595492271426139e-06,0
10116,7,5.595492271426139e-06,0
8191,7,5.595492271426139e-06,0
8194,7,5.595492271426139e-06,0
18271,7,5.595492271426139e-06,0
18274,7,5.595492271426139e-06,0
975,7,5.595492271426139e-06,0
18634,7,5.595492271426139e-06,0
18635,7,5.595492271426139e-06,0
13917,7,5.595492271426139e-06,0
11532,7,5.595492271426139e-06,0
11513,7,5.595492271426139e-06,0
12463,7,5.595492271426139e-06,0
12461,7,5.595492271426139e-06,0
12449,7,5.595492271426139e-06,0
6839,7,5.595492271426139e-06,0
7171,7,5.595492271426139e-06,0
16757,7,5.595492271426139e-06,0
3602,7,5.595492271426139e-06,0
10178,7,5.595492271426139e-06,0
13906,7,5.595492271426139e-06,0
10093,7,5.595492271426139e-06,0
10073,7,5.595492271426139e-06,0
13434,7,5.595492271426139e-06,0
7115,7,5.595492271426139e-06,0
13382,7,5.595492271426139e-06,0
10542,7,5.595492271426139e-06,0
10615,7,5.595492271426139e-06,0
3604,7,5.595492271426139e-06,0
7109,7,5.595492271426139e-06,0
7155,7,5.595492271426139e-06,0
479,7,5.595492271426139e-06,0
6396,7,5.595492271426139e-06,0
8137,7,5.595492271426139e-06,0
12902,7,5.595492271426139e-06,0
19797,7,5.595492271426139e-06,0
11148,7,5.595492271426139e-06,0
19026,7,5.595492271426139e-06,0
11958,7,5.595492271426139e-06,0
19253,7,5.595492271426139e-06,0
19247,7,5.595492271426139e-06,0
11581,7,5.595492271426139e-06,0
11622,7,5.595492271426139e-06,0
11626,7,5.595492271426139e-06,0
4874,7,5.595492271426139e-06,0
12427,7,5.595492271426139e-06,0
12433,7,5.595492271426139e-06,0
20416,7,5.595492271426139e-06,0
985,7,5.595492271426139e-06,0
8195,7,5.595492271426139e-06,0
15946,7,5.595492271426139e-06,0
15899,7,5.595492271426139e-06,0
6359,7,5.595492271426139e-06,0
6348,7,5.595492271426139e-06,0
13814,7,5.595492271426139e-06,0
14537,7,5.595492271426139e-06,0
14591,7,5.595492271426139e-06,0
18352,7,5.595492271426139e-06,0
14511,7,5.595492271426139e-06,0
18338,7,5.595492271426139e-06,0
9373,7,5.595492271426139e-06,0
18214,7,5.595492271426139e-06,0
20412,7,5.595492271426139e-06,0
11997,7,5.595492271426139e-06,0
19421,7,5.595492271426139e-06,0
16878,7,5.595492271426139e-06,0
19394,7,5.595492271426139e-06,0
19378,7,5.595492271426139e-06,0
19449,7,5.595492271426139e-06,0
181,7,5.595492271426139e-06,0
19418,7,5.595492271426139e-06,0
13232,7,5.595492271426139e-06,0
13237,7,5.595492271426139e-06,0
13225,7,5.595492271426139e-06,0
13226,7,5.595492271426139e-06,0
8011,7,5.595492271426139e-06,0
8019,7,5.595492271426139e-06,0
13247,7,5.595492271426139e-06,0
11994,7,5.595492271426139e-06,0
14549,7,5.595492271426139e-06,0
14553,7,5.595492271426139e-06,0
14543,7,5.595492271426139e-06,0
14545,7,5.595492271426139e-06,0
8054,7,5.595492271426139e-06,0
17483,7,5.595492271426139e-06,0
16046,7,5.595492271426139e-06,0
16052,7,5.595492271426139e-06,0
20381,7,5.595492271426139e-06,0
12937,7,5.595492271426139e-06,0
12891,7,5.595492271426139e-06,0
12962,7,5.595492271426139e-06,0
12947,7,5.595492271426139e-06,0
9523,7,5.595492271426139e-06,0
9529,7,5.595492271426139e-06,0
20372,7,5.595492271426139e-06,0
38,7,5.595492271426139e-06,0
13017,7,5.595492271426139e-06,0
15248,7,5.595492271426139e-06,0
17911,7,5.595492271426139e-06,0
9775,7,5.595492271426139e-06,0
11370,7,5.595492271426139e-06,0
19174,7,5.595492271426139e-06,0
19159,7,5.595492271426139e-06,0
16965,7,5.595492271426139e-06,0
16969,7,5.595492271426139e-06,0
16988,7,5.595492271426139e-06,0
6973,7,5.595492271426139e-06,0
6974,7,5.595492271426139e-06,0
6900,7,5.595492271426139e-06,0
6955,7,5.595492271426139e-06,0
19370,7,5.595492271426139e-06,0
17022,7,5.595492271426139e-06,0
183,7,5.595492271426139e-06,0
16990,7,5.595492271426139e-06,0
16996,7,5.595492271426139e-06,0
13396,7,5.595492271426139e-06,0
21208,7,5.595492271426139e-06,0
6889,7,5.595492271426139e-06,0
16964,7,5.595492271426139e-06,0
19404,7,5.595492271426139e-06,0
12030,7,5.595492271426139e-06,0
16926,7,5.595492271426139e-06,0
16893,7,5.595492271426139e-06,0
19367,7,5.595492271426139e-06,0
16945,7,5.595492271426139e-06,0
6987,7,5.595492271426139e-06,0
16840,7,5.595492271426139e-06,0
21251,6,4.796136232650976e-06,0
16859,6,4.796136232650976e-06,0
16854,6,4.796136232650976e-06,0
16855,6,4.796136232650976e-06,0
16985,6,4.796136232650976e-06,0
16936,6,4.796136232650976e-06,0
9458,6,4.796136232650976e-06,0
19765,6,4.796136232650976e-06,0
1478,6,4.796136232650976e-06,0
10630,6,4.796136232650976e-06,0
10632,6,4.796136232650976e-06,0
18873,6,4.796136232650976e-06,0
13375,6,4.796136232650976e-06,0
180,6,4.796136232650976e-06,0
16866,6,4.796136232650976e-06,0
16867,6,4.796136232650976e-06,0
11999,6,4.796136232650976e-06,0
19423,6,4.796136232650976e-06,0
1872,6,4.796136232650976e-06,0
10780,6,4.796136232650976e-06,0
19890,6,4.796136232650976e-06,0
13195,6,4.796136232650976e-06,0
14685,6,4.796136232650976e-06,0
14552,6,4.796136232650976e-06,0
14554,6,4.796136232650976e-06,0
14548,6,4.796136232650976e-06,0
9548,6,4.796136232650976e-06,0
9539,6,4.796136232650976e-06,0
9533,6,4.796136232650976e-06,0
20350,6,4.796136232650976e-06,0
17057,6,4.796136232650976e-06,0
17049,6,4.796136232650976e-06,0
4380,6,4.796136232650976e-06,0
11105,6,4.796136232650976e-06,0
11158,6,4.796136232650976e-06,0
19020,6,4.796136232650976e-06,0
12913,6,4.796136232650976e-06,0
19798,6,4.796136232650976e-06,0
13428,6,4.796136232650976e-06,0
3566,6,4.796136232650976e-06,0
3570,6,4.796136232650976e-06,0
12066,6,4.796136232650976e-06,0
12082,6,4.796136232650976e-06,0
12085,6,4.796136232650976e-06,0
11961,6,4.796136232650976e-06,0
11945,6,4.796136232650976e-06,0
9446,6,4.796136232650976e-06,0
9421,6,4.796136232650976e-06,0
14676,6,4.796136232650976e-06,0
14677,6,4.796136232650976e-06,0
18263,6,4.796136232650976e-06,0
5902,6,4.796136232650976e-06,0
9405,6,4.796136232650976e-06,0
18265,6,4.796136232650976e-06,0
15919,6,4.796136232650976e-06,0
15920,6,4.796136232650976e-06,0
13229,6,4.796136232650976e-06,0
13231,6,4.796136232650976e-06,0
4494,6,4.796136232650976e-06,0
13848,6,4.796136232650976e-06,0
12443,6,4.796136232650976e-06,0
11528,6,4.796136232650976e-06,0
15913,6,4.796136232650976e-06,0
15904,6,4.796136232650976e-06,0
8158,6,4.796136232650976e-06,0
15886,6,4.796136232650976e-06,0
15945,6,4.796136232650976e-06,0
15939,6,4.796136232650976e-06,0
15928,6,4.796136232650976e-06,0
15917,6,4.796136232650976e-06,0
19264,6,4.796136232650976e-06,0
4877,6,4.796136232650976e-06,0
4879,6,4.796136232650976e-06,0
16060,6,4.796136232650976e-06,0
20100,6,4.796136232650976e-06,0
13824,6,4.796136232650976e-06,0
10083,6,4.796136232650976e-06,0
20180,6,4.796136232650976e-06,0
19589,6,4.796136232650976e-06,0
16077,6,4.796136232650976e-06,0
16065,6,4.796136232650976e-06,0
16072,6,4.796136232650976e-06,0
11593,6,4.796136232650976e-06,0
11623,6,4.796136232650976e-06,0
11627,6,4.796136232650976e-06,0
19262,6,4.796136232650976e-06,0
3308,6,4.796136232650976e-06,0
3309,6,4.796136232650976e-06,0
17554,6,4.796136232650976e-06,0
17555,6,4.796136232650976e-06,0
8188,6,4.796136232650976e-06,0
8245,6,4.796136232650976e-06,0
8246,6,4.796136232650976e-06,0
8219,6,4.796136232650976e-06,0
7970,6,4.796136232650976e-06,0
20883,6,4.796136232650976e-06,0
17424,6,4.796136232650976e-06,0
16130,6,4.796136232650976e-06,0
16132,6,4.796136232650976e-06,0
8275,6,4.796136232650976e-06,0
6322,6,4.796136232650976e-06,0
3301,6,4.796136232650976e-06,0
5604,6,4.796136232650976e-06,0
10097,6,4.796136232650976e-06,0
18668,6,4.796136232650976e-06,0
20127,6,4.796136232650976e-06,0
5552,6,4.796136232650976e-06,0
5553,6,4.796136232650976e-06,0
10152,6,4.796136232650976e-06,0
7966,6,4.796136232650976e-06,0
11525,6,4.796136232650976e-06,0
2090,6,4.796136232650976e-06,0
19235,6,4.796136232650976e-06,0
19236,6,4.796136232650976e-06,0
13909,6,4.796136232650976e-06,0
13912,6,4.796136232650976e-06,0
13904,6,4.796136232650976e-06,0
13889,6,4.796136232650976e-06,0
18941,6,4.796136232650976e-06,0
18943,6,4.796136232650976e-06,0
17580,6,4.796136232650976e-06,0
17567,6,4.796136232650976e-06,0
19225,6,4.796136232650976e-06,0
12500,6,4.796136232650976e-06,0
19633,6,4.796136232650976e-06,0
19603,6,4.796136232650976e-06,0
3947,6,4.796136232650976e-06,0
3325,6,4.796136232650976e-06,0
8253,6,4.796136232650976e-06,0
19876,6,4.796136232650976e-06,0
19862,6,4.796136232650976e-06,0
10848,6,4.796136232650976e-06,0
10833,6,4.796136232650976e-06,0
10842,6,4.796136232650976e-06,0
12425,6,4.796136232650976e-06,0
12399,6,4.796136232650976e-06,0
12400,6,4.796136232650976e-06,0
7947,6,4.796136232650976e-06,0
7937,6,4.796136232650976e-06,0
20878,6,4.796136232650976e-06,0
6478,6,4.796136232650976e-06,0
8318,6,4.796136232650976e-06,0
517,6,4.796136232650976e-06,0
15848,6,4.796136232650976e-06,0
15849,6,4.796136232650976e-06,0
12479,6,4.796136232650976e-06,0
17379,6,4.796136232650976e-06,0
11654,6,4.796136232650976e-06,0
11644,6,4.796136232650976e-06,0
12417,6,4.796136232650976e-06,0
15771,6,4.796136232650976e-06,0
11470,6,4.796136232650976e-06,0
8401,6,4.796136232650976e-06,0
6264,6,4.796136232650976e-06,0
8456,6,4.796136232650976e-06,0
20771,6,4.796136232650976e-06,0
8424,6,4.796136232650976e-06,0
8415,6,4.796136232650976e-06,0
13762,6,4.796136232650976e-06,0
13999,6,4.796136232650976e-06,0
20195,6,4.796136232650976e-06,0
20188,6,4.796136232650976e-06,0
6289,6,4.796136232650976e-06,0
17620,6,4.796136232650976e-06,0
17602,6,4.796136232650976e-06,0
15778,6,4.796136232650976e-06,0
12323,6,4.796136232650976e-06,0
12325,6,4.796136232650976e-06,0
13729,6,4.796136232650976e-06,0
10253,6,4.796136232650976e-06,0
10235,6,4.796136232650976e-06,0
13740,6,4.796136232650976e-06,0
13779,6,4.796136232650976e-06,0
13780,6,4.796136232650976e-06,0
19609,6,4.796136232650976e-06,0
19597,6,4.796136232650976e-06,0
4859,6,4.796136232650976e-06,0
15782,6,4.796136232650976e-06,0
17340,6,4.796136232650976e-06,0
11691,6,4.796136232650976e-06,0
11678,6,4.796136232650976e-06,0
11687,6,4.796136232650976e-06,0
17654,6,4.796136232650976e-06,0
12489,6,4.796136232650976e-06,0
12490,6,4.796136232650976e-06,0
12557,6,4.796136232650976e-06,0
19651,6,4.796136232650976e-06,0
19640,6,4.796136232650976e-06,0
20760,6,4.796136232650976e-06,0
17698,6,4.796136232650976e-06,0
6564,6,4.796136232650976e-06,0
7827,6,4.796136232650976e-06,0
20922,6,4.796136232650976e-06,0
10862,6,4.796136232650976e-06,0
4643,6,4.796136232650976e-06,0
15721,6,4.796136232650976e-06,0
15714,6,4.796136232650976e-06,0
17667,6,4.796136232650976e-06,0
10059,6,4.796136232650976e-06,0
5618,6,4.796136232650976e-06,0
16173,6,4.796136232650976e-06,0
16146,6,4.796136232650976e-06,0
20924,6,4.796136232650976e-06,0
20904,6,4.796136232650976e-06,0
17332,6,4.796136232650976e-06,0
16204,6,4.796136232650976e-06,0
17648,6,4.796136232650976e-06,0
17639,6,4.796136232650976e-06,0
17641,6,4.796136232650976e-06,0
15749,6,4.796136232650976e-06,0
15742,6,4.796136232650976e-06,0
15736,6,4.796136232650976e-06,0
17632,6,4.796136232650976e-06,0
10742,6,4.796136232650976e-06,0
8494,6,4.796136232650976e-06,0
12542,6,4.796136232650976e-06,0
4789,6,4.796136232650976e-06,0
12593,6,4.796136232650976e-06,0
12584,6,4.796136232650976e-06,0
12585,6,4.796136232650976e-06,0
12588,6,4.796136232650976e-06,0
19875,6,4.796136232650976e-06,0
10748,6,4.796136232650976e-06,0
20742,6,4.796136232650976e-06,0
6240,6,4.796136232650976e-06,0
17709,6,4.796136232650976e-06,0
15660,6,4.796136232650976e-06,0
15664,6,4.796136232650976e-06,0
15657,6,4.796136232650976e-06,0
8492,6,4.796136232650976e-06,0
10288,6,4.796136232650976e-06,0
18719,6,4.796136232650976e-06,0
13757,6,4.796136232650976e-06,0
13747,6,4.796136232650976e-06,0
13217,6,4.796136232650976e-06,0
13220,6,4.796136232650976e-06,0
13223,6,4.796136232650976e-06,0
19903,6,4.796136232650976e-06,0
17681,6,4.796136232650976e-06,0
17669,6,4.796136232650976e-06,0
15683,6,4.796136232650976e-06,0
14026,6,4.796136232650976e-06,0
14019,6,4.796136232650976e-06,0
13135,6,4.796136232650976e-06,0
13140,6,4.796136232650976e-06,0
19284,6,4.796136232650976e-06,0
15582,6,4.796136232650976e-06,0
17731,6,4.796136232650976e-06,0
15629,6,4.796136232650976e-06,0
15603,6,4.796136232650976e-06,0
11476,6,4.796136232650976e-06,0
11469,6,4.796136232650976e-06,0
20951,6,4.796136232650976e-06,0
3840,6,4.796136232650976e-06,0
20936,6,4.796136232650976e-06,0
7799,6,4.796136232650976e-06,0
7797,6,4.796136232650976e-06,0
7783,6,4.796136232650976e-06,0
7777,6,4.796136232650976e-06,0
13152,6,4.796136232650976e-06,0
13154,6,4.796136232650976e-06,0
8579,6,4.796136232650976e-06,0
10738,6,4.796136232650976e-06,0
18916,6,4.796136232650976e-06,0
2436,6,4.796136232650976e-06,0
2438,6,4.796136232650976e-06,0
11713,6,4.796136232650976e-06,0
17310,6,4.796136232650976e-06,0
17290,6,4.796136232650976e-06,0
3810,6,4.796136232650976e-06,0
14024,6,4.796136232650976e-06,0
10010,6,4.796136232650976e-06,0
10004,6,4.796136232650976e-06,0
9996,6,4.796136232650976e-06,0
9977,6,4.796136232650976e-06,0
14046,6,4.796136232650976e-06,0
14049,6,4.796136232650976e-06,0
14043,6,4.796136232650976e-06,0
14105,6,4.796136232650976e-06,0
14078,6,4.796136232650976e-06,0
18575,6,4.796136232650976e-06,0
17790,6,4.796136232650976e-06,0
11417,6,4.796136232650976e-06,0
11418,6,4.796136232650976e-06,0
19674,6,4.796136232650976e-06,0
19661,6,4.796136232650976e-06,0
18600,6,4.796136232650976e-06,0
18579,6,4.796136232650976e-06,0
18586,6,4.796136232650976e-06,0
13101,6,4.796136232650976e-06,0
10889,6,4.796136232650976e-06,0
10878,6,4.796136232650976e-06,0
10879,6,4.796136232650976e-06,0
19853,6,4.796136232650976e-06,0
4111,6,4.796136232650976e-06,0
4108,6,4.796136232650976e-06,0
4109,6,4.796136232650976e-06,0
15546,6,4.796136232650976e-06,0
15536,6,4.796136232650976e-06,0
15584,6,4.796136232650976e-06,0
20719,6,4.796136232650976e-06,0
20725,6,4.796136232650976e-06,0
16286,6,4.796136232650976e-06,0
11715,6,4.796136232650976e-06,0
11718,6,4.796136232650976e-06,0
11745,6,4.796136232650976e-06,0
11739,6,4.796136232650976e-06,0
4957,6,4.796136232650976e-06,0
4961,6,4.796136232650976e-06,0
10320,6,4.796136232650976e-06,0
8620,6,4.796136232650976e-06,0
15512,6,4.796136232650976e-06,0
15513,6,4.796136232650976e-06,0
17784,6,4.796136232650976e-06,0
13146,6,4.796136232650976e-06,0
4469,6,4.796136232650976e-06,0
9928,6,4.796136232650976e-06,0
4463,6,4.796136232650976e-06,0
20962,6,4.796136232650976e-06,0
16348,6,4.796136232650976e-06,0
16350,6,4.796136232650976e-06,0
13643,6,4.796136232650976e-06,0
5361,6,4.796136232650976e-06,0
20671,6,4.796136232650976e-06,0
8648,6,4.796136232650976e-06,0
8646,6,4.796136232650976e-06,0
20696,6,4.796136232650976e-06,0
4110,6,4.796136232650976e-06,0
13714,6,4.796136232650976e-06,0
10226,6,4.796136232650976e-06,0
5513,6,4.796136232650976e-06,0
7757,6,4.796136232650976e-06,0
7749,6,4.796136232650976e-06,0
7733,6,4.796136232650976e-06,0
19654,6,4.796136232650976e-06,0
12623,6,4.796136232650976e-06,0
12625,6,4.796136232650976e-06,0
12628,6,4.796136232650976e-06,0
12615,6,4.796136232650976e-06,0
12617,6,4.796136232650976e-06,0
12622,6,4.796136232650976e-06,0
12598,6,4.796136232650976e-06,0
14167,6,4.796136232650976e-06,0
14151,6,4.796136232650976e-06,0
15425,6,4.796136232650976e-06,0
15414,6,4.796136232650976e-06,0
15421,6,4.796136232650976e-06,0
3224,6,4.796136232650976e-06,0
20645,6,4.796136232650976e-06,0
8736,6,4.796136232650976e-06,0
4137,6,4.796136232650976e-06,0
4151,6,4.796136232650976e-06,0
15445,6,4.796136232650976e-06,0
15446,6,4.796136232650976e-06,0
15480,6,4.796136232650976e-06,0
15483,6,4.796136232650976e-06,0
20692,6,4.796136232650976e-06,0
20677,6,4.796136232650976e-06,0
10716,6,4.796136232650976e-06,0
10697,6,4.796136232650976e-06,0
16355,6,4.796136232650976e-06,0
16356,6,4.796136232650976e-06,0
16357,6,4.796136232650976e-06,0
14147,6,4.796136232650976e-06,0
14118,6,4.796136232650976e-06,0
17808,6,4.796136232650976e-06,0
4464,6,4.796136232650976e-06,0
14072,6,4.796136232650976e-06,0
14111,6,4.796136232650976e-06,0
10731,6,4.796136232650976e-06,0
19912,6,4.796136232650976e-06,0
19955,6,4.796136232650976e-06,0
19942,6,4.796136232650976e-06,0
10714,6,4.796136232650976e-06,0
9861,6,4.796136232650976e-06,0
18494,6,4.796136232650976e-06,0
15352,6,4.796136232650976e-06,0
19212,6,4.796136232650976e-06,0
19216,6,4.796136232650976e-06,0
5183,6,4.796136232650976e-06,0
19202,6,4.796136232650976e-06,0
19184,6,4.796136232650976e-06,0
15392,6,4.796136232650976e-06,0
17853,6,4.796136232650976e-06,0
17856,6,4.796136232650976e-06,0
17857,6,4.796136232650976e-06,0
17824,6,4.796136232650976e-06,0
18949,6,4.796136232650976e-06,0
18952,6,4.796136232650976e-06,0
20226,6,4.796136232650976e-06,0
12241,6,4.796136232650976e-06,0
11777,6,4.796136232650976e-06,0
11779,6,4.796136232650976e-06,0
11783,6,4.796136232650976e-06,0
12237,6,4.796136232650976e-06,0
12240,6,4.796136232650976e-06,0
2565,6,4.796136232650976e-06,0
18744,6,4.796136232650976e-06,0
8708,6,4.796136232650976e-06,0
18555,6,4.796136232650976e-06,0
18547,6,4.796136232650976e-06,0
16359,6,4.796136232650976e-06,0
16403,6,4.796136232650976e-06,0
16386,6,4.796136232650976e-06,0
16378,6,4.796136232650976e-06,0
16368,6,4.796136232650976e-06,0
18524,6,4.796136232650976e-06,0
18511,6,4.796136232650976e-06,0
20286,6,4.796136232650976e-06,0
20249,6,4.796136232650976e-06,0
16452,6,4.796136232650976e-06,0
16462,6,4.796136232650976e-06,0
16442,6,4.796136232650976e-06,0
16444,6,4.796136232650976e-06,0
7599,6,4.796136232650976e-06,0
17225,6,4.796136232650976e-06,0
16467,6,4.796136232650976e-06,0
17864,6,4.796136232650976e-06,0
15332,6,4.796136232650976e-06,0
15316,6,4.796136232650976e-06,0
8770,6,4.796136232650976e-06,0
15324,6,4.796136232650976e-06,0
12289,6,4.796136232650976e-06,0
12275,6,4.796136232650976e-06,0
6619,6,4.796136232650976e-06,0
6615,6,4.796136232650976e-06,0
3714,6,4.796136232650976e-06,0
16411,6,4.796136232650976e-06,0
17241,6,4.796136232650976e-06,0
6649,6,4.796136232650976e-06,0
12666,6,4.796136232650976e-06,0
12671,6,4.796136232650976e-06,0
6175,6,4.796136232650976e-06,0
13657,6,4.796136232650976e-06,0
13646,6,4.796136232650976e-06,0
13647,6,4.796136232650976e-06,0
5502,6,4.796136232650976e-06,0
13651,6,4.796136232650976e-06,0
11381,6,4.796136232650976e-06,0
15213,6,4.796136232650976e-06,0
8842,6,4.796136232650976e-06,0
8872,6,4.796136232650976e-06,0
8855,6,4.796136232650976e-06,0
15264,6,4.796136232650976e-06,0
15245,6,4.796136232650976e-06,0
17919,6,4.796136232650976e-06,0
17889,6,4.796136232650976e-06,0
8827,6,4.796136232650976e-06,0
8812,6,4.796136232650976e-06,0
8815,6,4.796136232650976e-06,0
8798,6,4.796136232650976e-06,0
17874,6,4.796136232650976e-06,0
17862,6,4.796136232650976e-06,0
11378,6,4.796136232650976e-06,0
10924,6,4.796136232650976e-06,0
10932,6,4.796136232650976e-06,0
13080,6,4.796136232650976e-06,0
13074,6,4.796136232650976e-06,0
13060,6,4.796136232650976e-06,0
6136,6,4.796136232650976e-06,0
6140,6,4.796136232650976e-06,0
6125,6,4.796136232650976e-06,0
2043,6,4.796136232650976e-06,0
2037,6,4.796136232650976e-06,0
1741,6,4.796136232650976e-06,0
12213,6,4.796136232650976e-06,0
13575,6,4.796136232650976e-06,0
10392,6,4.796136232650976e-06,0
13613,6,4.796136232650976e-06,0
13020,6,4.796136232650976e-06,0
5762,6,4.796136232650976e-06,0
8892,6,4.796136232650976e-06,0
8895,6,4.796136232650976e-06,0
8898,6,4.796136232650976e-06,0
4203,6,4.796136232650976e-06,0
13002,6,4.796136232650976e-06,0
13043,6,4.796136232650976e-06,0
13044,6,4.796136232650976e-06,0
16538,6,4.796136232650976e-06,0
16525,6,4.796136232650976e-06,0
14212,6,4.796136232650976e-06,0
14261,6,4.796136232650976e-06,0
14263,6,4.796136232650976e-06,0
14243,6,4.796136232650976e-06,0
9738,6,4.796136232650976e-06,0
5761,6,4.796136232650976e-06,0
3455,6,4.796136232650976e-06,0
3449,6,4.796136232650976e-06,0
17200,6,4.796136232650976e-06,0
16490,6,4.796136232650976e-06,0
16493,6,4.796136232650976e-06,0
7479,6,4.796136232650976e-06,0
16483,6,4.796136232650976e-06,0
16536,6,4.796136232650976e-06,0
17913,6,4.796136232650976e-06,0
20269,6,4.796136232650976e-06,0
18480,6,4.796136232650976e-06,0
18477,6,4.796136232650976e-06,0
2581,6,4.796136232650976e-06,0
5495,6,4.796136232650976e-06,0
10388,6,4.796136232650976e-06,0
12204,6,4.796136232650976e-06,0
12701,6,4.796136232650976e-06,0
11293,6,4.796136232650976e-06,0
11341,6,4.796136232650976e-06,0
11345,6,4.796136232650976e-06,0
5754,6,4.796136232650976e-06,0
14300,6,4.796136232650976e-06,0
14290,6,4.796136232650976e-06,0
14291,6,4.796136232650976e-06,0
18770,6,4.796136232650976e-06,0
2589,6,4.796136232650976e-06,0
13255,6,4.796136232650976e-06,0
13316,6,4.796136232650976e-06,0
10669,6,4.796136232650976e-06,0
15168,6,4.796136232650976e-06,0
15161,6,4.796136232650976e-06,0
17971,6,4.796136232650976e-06,0
14239,6,4.796136232650976e-06,0
16528,6,4.796136232650976e-06,0
11873,6,4.796136232650976e-06,0
11875,6,4.796136232650976e-06,0
1802,6,4.796136232650976e-06,0
1803,6,4.796136232650976e-06,0
11815,6,4.796136232650976e-06,0
11857,6,4.796136232650976e-06,0
11338,6,4.796136232650976e-06,0
11326,6,4.796136232650976e-06,0
11329,6,4.796136232650976e-06,0
6108,6,4.796136232650976e-06,0
8924,6,4.796136232650976e-06,0
15198,6,4.796136232650976e-06,0
2748,6,4.796136232650976e-06,0
14234,6,4.796136232650976e-06,0
12712,6,4.796136232650976e-06,0
11309,6,4.796136232650976e-06,0
11313,6,4.796136232650976e-06,0
2223,6,4.796136232650976e-06,0
2224,6,4.796136232650976e-06,0
2272,6,4.796136232650976e-06,0
13039,6,4.796136232650976e-06,0
14286,6,4.796136232650976e-06,0
9034,6,4.796136232650976e-06,0
9018,6,4.796136232650976e-06,0
15138,6,4.796136232650976e-06,0
15124,6,4.796136232650976e-06,0
15127,6,4.796136232650976e-06,0
9010,6,4.796136232650976e-06,0
15179,6,4.796136232650976e-06,0
15166,6,4.796136232650976e-06,0
16551,6,4.796136232650976e-06,0
17189,6,4.796136232650976e-06,0
7428,6,4.796136232650976e-06,0
10480,6,4.796136232650976e-06,0
10481,6,4.796136232650976e-06,0
10471,6,4.796136232650976e-06,0
10457,6,4.796136232650976e-06,0
8971,6,4.796136232650976e-06,0
14295,6,4.796136232650976e-06,0
18989,6,4.796136232650976e-06,0
19958,6,4.796136232650976e-06,0
13286,6,4.796136232650976e-06,0
1961,6,4.796136232650976e-06,0
16519,6,4.796136232650976e-06,0
21022,6,4.796136232650976e-06,0
330,6,4.796136232650976e-06,0
15105,6,4.796136232650976e-06,0
15095,6,4.796136232650976e-06,0
11026,6,4.796136232650976e-06,0
19806,6,4.796136232650976e-06,0
11028,6,4.796136232650976e-06,0
11029,6,4.796136232650976e-06,0
14986,6,4.796136232650976e-06,0
14990,6,4.796136232650976e-06,0
9066,6,4.796136232650976e-06,0
9056,6,4.796136232650976e-06,0
3044,6,4.796136232650976e-06,0
3137,6,4.796136232650976e-06,0
15054,6,4.796136232650976e-06,0
18037,6,4.796136232650976e-06,0
18029,6,4.796136232650976e-06,0
15103,6,4.796136232650976e-06,0
13549,6,4.796136232650976e-06,0
18789,6,4.796136232650976e-06,0
20033,6,4.796136232650976e-06,0
20035,6,4.796136232650976e-06,0
17163,6,4.796136232650976e-06,0
19318,6,4.796136232650976e-06,0
11834,6,4.796136232650976e-06,0
6029,6,4.796136232650976e-06,0
20296,6,4.796136232650976e-06,0
20300,6,4.796136232650976e-06,0
20301,6,4.796136232650976e-06,0
9726,6,4.796136232650976e-06,0
9737,6,4.796136232650976e-06,0
13558,6,4.796136232650976e-06,0
13561,6,4.796136232650976e-06,0
13550,6,4.796136232650976e-06,0
14375,6,4.796136232650976e-06,0
14365,6,4.796136232650976e-06,0
9614,6,4.796136232650976e-06,0
9687,6,4.796136232650976e-06,0
9664,6,4.796136232650976e-06,0
2834,6,4.796136232650976e-06,0
20309,6,4.796136232650976e-06,0
7315,6,4.796136232650976e-06,0
16581,6,4.796136232650976e-06,0
16604,6,4.796136232650976e-06,0
17137,6,4.796136232650976e-06,0
7321,6,4.796136232650976e-06,0
7306,6,4.796136232650976e-06,0
14958,6,4.796136232650976e-06,0
14950,6,4.796136232650976e-06,0
9123,6,4.796136232650976e-06,0
9695,6,4.796136232650976e-06,0
1084,6,4.796136232650976e-06,0
14319,6,4.796136232650976e-06,0
18804,6,4.796136232650976e-06,0
18793,6,4.796136232650976e-06,0
18796,6,4.796136232650976e-06,0
13533,6,4.796136232650976e-06,0
10476,6,4.796136232650976e-06,0
15049,6,4.796136232650976e-06,0
15020,6,4.796136232650976e-06,0
20527,6,4.796136232650976e-06,0
9100,6,4.796136232650976e-06,0
18094,6,4.796136232650976e-06,0
11264,6,4.796136232650976e-06,0
12774,6,4.796136232650976e-06,0
9691,6,4.796136232650976e-06,0
5197,6,4.796136232650976e-06,0
11242,6,4.796136232650976e-06,0
12825,6,4.796136232650976e-06,0
12826,6,4.796136232650976e-06,0
12810,6,4.796136232650976e-06,0
19106,6,4.796136232650976e-06,0
19088,6,4.796136232650976e-06,0
9616,6,4.796136232650976e-06,0
18147,6,4.796136232650976e-06,0
20501,6,4.796136232650976e-06,0
2988,6,4.796136232650976e-06,0
9159,6,4.796136232650976e-06,0
14979,6,4.796136232650976e-06,0
14980,6,4.796136232650976e-06,0
14983,6,4.796136232650976e-06,0
14852,6,4.796136232650976e-06,0
4626,6,4.796136232650976e-06,0
13330,6,4.796136232650976e-06,0
20336,6,4.796136232650976e-06,0
999,6,4.796136232650976e-06,0
12859,6,4.796136232650976e-06,0
14892,6,4.796136232650976e-06,0
14887,6,4.796136232650976e-06,0
14888,6,4.796136232650976e-06,0
3486,6,4.796136232650976e-06,0
3465,6,4.796136232650976e-06,0
16677,6,4.796136232650976e-06,0
1363,6,4.796136232650976e-06,0
13500,6,4.796136232650976e-06,0
13501,6,4.796136232650976e-06,0
13472,6,4.796136232650976e-06,0
4623,6,4.796136232650976e-06,0
20495,6,4.796136232650976e-06,0
5983,6,4.796136232650976e-06,0
5971,6,4.796136232650976e-06,0
14831,6,4.796136232650976e-06,0
14832,6,4.796136232650976e-06,0
11194,6,4.796136232650976e-06,0
11132,6,4.796136232650976e-06,0
11169,6,4.796136232650976e-06,0
19014,6,4.796136232650976e-06,0
12857,6,4.796136232650976e-06,0
18173,6,4.796136232650976e-06,0
9261,6,4.796136232650976e-06,0
18158,6,4.796136232650976e-06,0
18164,6,4.796136232650976e-06,0
14874,6,4.796136232650976e-06,0
14857,6,4.796136232650976e-06,0
19493,6,4.796136232650976e-06,0
11917,6,4.796136232650976e-06,0
11895,6,4.796136232650976e-06,0
11897,6,4.796136232650976e-06,0
12148,6,4.796136232650976e-06,0
12149,6,4.796136232650976e-06,0
21097,6,4.796136232650976e-06,0
19012,6,4.796136232650976e-06,0
14427,6,4.796136232650976e-06,0
14425,6,4.796136232650976e-06,0
9608,6,4.796136232650976e-06,0
13364,6,4.796136232650976e-06,0
13345,6,4.796136232650976e-06,0
13351,6,4.796136232650976e-06,0
13353,6,4.796136232650976e-06,0
3517,6,4.796136232650976e-06,0
14826,6,4.796136232650976e-06,0
14828,6,4.796136232650976e-06,0
14815,6,4.796136232650976e-06,0
14822,6,4.796136232650976e-06,0
20461,6,4.796136232650976e-06,0
20467,6,4.796136232650976e-06,0
20449,6,4.796136232650976e-06,0
20440,6,4.796136232650976e-06,0
13465,6,4.796136232650976e-06,0
13469,6,4.796136232650976e-06,0
13448,6,4.796136232650976e-06,0
18377,6,4.796136232650976e-06,0
18378,6,4.796136232650976e-06,0
1003,6,4.796136232650976e-06,0
9304,6,4.796136232650976e-06,0
18197,6,4.796136232650976e-06,0
11932,6,4.796136232650976e-06,0
19468,6,4.796136232650976e-06,0
19977,6,4.796136232650976e-06,0
19972,6,4.796136232650976e-06,0
18845,6,4.796136232650976e-06,0
18847,6,4.796136232650976e-06,0
18849,6,4.796136232650976e-06,0
18834,6,4.796136232650976e-06,0
18384,6,4.796136232650976e-06,0
18385,6,4.796136232650976e-06,0
12985,6,4.796136232650976e-06,0
12988,6,4.796136232650976e-06,0
16720,6,4.796136232650976e-06,0
17079,6,4.796136232650976e-06,0
17082,6,4.796136232650976e-06,0
11931,6,4.796136232650976e-06,0
14496,6,4.796136232650976e-06,0
18373,6,4.796136232650976e-06,0
18310,6,4.796136232650976e-06,0
18315,6,4.796136232650976e-06,0
14558,6,4.796136232650976e-06,0
14561,6,4.796136232650976e-06,0
18215,6,4.796136232650976e-06,0
14747,6,4.796136232650976e-06,0
7183,6,4.796136232650976e-06,0
5925,6,4.796136232650976e-06,0
20433,6,4.796136232650976e-06,0
14780,6,4.796136232650976e-06,0
14782,6,4.796136232650976e-06,0
4391,6,4.796136232650976e-06,0
14453,6,4.796136232650976e-06,0
14490,6,4.796136232650976e-06,0
4965,6,4.796136232650976e-06,0
12114,6,4.796136232650976e-06,0
1911,6,4.796136232650976e-06,0
6806,6,4.796136232650976e-06,0
17077,6,4.796136232650976e-06,0
17067,6,4.796136232650976e-06,0
21133,6,4.796136232650976e-06,0
7193,6,4.796136232650976e-06,0
9298,6,4.796136232650976e-06,0
9290,6,4.796136232650976e-06,0
9264,6,4.796136232650976e-06,0
14843,6,4.796136232650976e-06,0
5434,6,4.796136232650976e-06,0
5436,6,4.796136232650976e-06,0
10530,6,4.796136232650976e-06,0
4963,6,4.796136232650976e-06,0
14525,6,4.796136232650976e-06,0
14503,6,4.796136232650976e-06,0
20353,6,4.796136232650976e-06,0
14593,6,4.796136232650976e-06,0
9412,6,4.796136232650976e-06,0
9413,6,4.796136232650976e-06,0
9457,6,4.796136232650976e-06,0
9440,6,4.796136232650976e-06,0
10619,6,4.796136232650976e-06,0
13432,6,4.796136232650976e-06,0
20429,6,4.796136232650976e-06,0
984,6,4.796136232650976e-06,0
9383,6,4.796136232650976e-06,0
9587,6,4.796136232650976e-06,0
9590,6,4.796136232650976e-06,0
9576,6,4.796136232650976e-06,0
5934,6,4.796136232650976e-06,0
6842,6,4.796136232650976e-06,0
6837,6,4.796136232650976e-06,0
7105,6,4.796136232650976e-06,0
7114,6,4.796136232650976e-06,0
13379,6,4.796136232650976e-06,0
10616,6,4.796136232650976e-06,0
10617,6,4.796136232650976e-06,0
14728,6,4.796136232650976e-06,0
12841,6,4.796136232650976e-06,0
19064,6,4.796136232650976e-06,0
4738,6,4.796136232650976e-06,0
12882,6,4.796136232650976e-06,0
12873,6,4.796136232650976e-06,0
19053,6,4.796136232650976e-06,0
5942,6,4.796136232650976e-06,0
16899,6,4.796136232650976e-06,0
21273,6,4.796136232650976e-06,0
12019,6,4.796136232650976e-06,0
12018,6,4.796136232650976e-06,0
19424,6,4.796136232650976e-06,0
21249,6,4.796136232650976e-06,0
26,6,4.796136232650976e-06,0
13182,6,4.796136232650976e-06,0
21163,6,4.796136232650976e-06,0
6988,6,4.796136232650976e-06,0
16891,6,4.796136232650976e-06,0
16954,6,4.796136232650976e-06,0
140,6,4.796136232650976e-06,0
10588,6,4.796136232650976e-06,0
16890,6,4.796136232650976e-06,0
16925,6,4.796136232650976e-06,0
5860,6,4.796136232650976e-06,0
14615,6,4.796136232650976e-06,0
14637,6,4.796136232650976e-06,0
7075,6,4.796136232650976e-06,0
6884,6,4.796136232650976e-06,0
7111,6,4.796136232650976e-06,0
17030,6,4.796136232650976e-06,0
3527,6,4.796136232650976e-06,0
5227,6,4.796136232650976e-06,0
12895,6,4.796136232650976e-06,0
12948,6,4.796136232650976e-06,0
12949,6,4.796136232650976e-06,0
12936,6,4.796136232650976e-06,0
9510,6,4.796136232650976e-06,0
18292,6,4.796136232650976e-06,0
20397,6,4.796136232650976e-06,0
13878,6,4.796136232650976e-06,0
13880,6,4.796136232650976e-06,0
13872,6,4.796136232650976e-06,0
13875,6,4.796136232650976e-06,0
13865,6,4.796136232650976e-06,0
19564,6,4.796136232650976e-06,0
11571,6,4.796136232650976e-06,0
11567,6,4.796136232650976e-06,0
10154,6,4.796136232650976e-06,0
18677,6,4.796136232650976e-06,0
4502,6,4.796136232650976e-06,0
13852,6,4.796136232650976e-06,0
10784,6,4.796136232650976e-06,0
10774,6,4.796136232650976e-06,0
10779,6,4.796136232650976e-06,0
10104,6,4.796136232650976e-06,0
3902,6,4.796136232650976e-06,0
15975,6,4.796136232650976e-06,0
3883,6,4.796136232650976e-06,0
8094,6,4.796136232650976e-06,0
8101,6,4.796136232650976e-06,0
8088,6,4.796136232650976e-06,0
8089,6,4.796136232650976e-06,0
16008,6,4.796136232650976e-06,0
13245,6,4.796136232650976e-06,0
8057,6,4.796136232650976e-06,0
8105,6,4.796136232650976e-06,0
17473,6,4.796136232650976e-06,0
16036,6,4.796136232650976e-06,0
16033,6,4.796136232650976e-06,0
16022,6,4.796136232650976e-06,0
8022,6,4.796136232650976e-06,0
6989,5,3.9967801938758135e-06,0
16943,5,3.9967801938758135e-06,0
16944,5,3.9967801938758135e-06,0
16951,5,3.9967801938758135e-06,0
16931,5,3.9967801938758135e-06,0
21242,5,3.9967801938758135e-06,0
21266,5,3.9967801938758135e-06,0
21270,5,3.9967801938758135e-06,0
21271,5,3.9967801938758135e-06,0
21272,5,3.9967801938758135e-06,0
11189,5,3.9967801938758135e-06,0
11058,5,3.9967801938758135e-06,0
11061,5,3.9967801938758135e-06,0
17010,5,3.9967801938758135e-06,0
21135,5,3.9967801938758135e-06,0
16882,5,3.9967801938758135e-06,0
1428,5,3.9967801938758135e-06,0
6840,5,3.9967801938758135e-06,0
7129,5,3.9967801938758135e-06,0
21146,5,3.9967801938758135e-06,0
21134,5,3.9967801938758135e-06,0
1426,5,3.9967801938758135e-06,0
11209,5,3.9967801938758135e-06,0
19771,5,3.9967801938758135e-06,0
11007,5,3.9967801938758135e-06,0
11191,5,3.9967801938758135e-06,0
11152,5,3.9967801938758135e-06,0
5238,5,3.9967801938758135e-06,0
11207,5,3.9967801938758135e-06,0
11210,5,3.9967801938758135e-06,0
11225,5,3.9967801938758135e-06,0
11006,5,3.9967801938758135e-06,0
19727,5,3.9967801938758135e-06,0
10955,5,3.9967801938758135e-06,0
10963,5,3.9967801938758135e-06,0
17056,5,3.9967801938758135e-06,0
17058,5,3.9967801938758135e-06,0
17059,5,3.9967801938758135e-06,0
17040,5,3.9967801938758135e-06,0
17050,5,3.9967801938758135e-06,0
17026,5,3.9967801938758135e-06,0
3535,5,3.9967801938758135e-06,0
3536,5,3.9967801938758135e-06,0
17032,5,3.9967801938758135e-06,0
17011,5,3.9967801938758135e-06,0
17013,5,3.9967801938758135e-06,0
11241,5,3.9967801938758135e-06,0
11196,5,3.9967801938758135e-06,0
11318,5,3.9967801938758135e-06,0
1521,5,3.9967801938758135e-06,0
11319,5,3.9967801938758135e-06,0
5212,5,3.9967801938758135e-06,0
11256,5,3.9967801938758135e-06,0
11274,5,3.9967801938758135e-06,0
10880,5,3.9967801938758135e-06,0
11389,5,3.9967801938758135e-06,0
19701,5,3.9967801938758135e-06,0
19859,5,3.9967801938758135e-06,0
11361,5,3.9967801938758135e-06,0
11373,5,3.9967801938758135e-06,0
10877,5,3.9967801938758135e-06,0
10881,5,3.9967801938758135e-06,0
19855,5,3.9967801938758135e-06,0
11393,5,3.9967801938758135e-06,0
10914,5,3.9967801938758135e-06,0
5314,5,3.9967801938758135e-06,0
10893,5,3.9967801938758135e-06,0
10859,5,3.9967801938758135e-06,0
10861,5,3.9967801938758135e-06,0
11433,5,3.9967801938758135e-06,0
21111,5,3.9967801938758135e-06,0
17085,5,3.9967801938758135e-06,0
17086,5,3.9967801938758135e-06,0
17087,5,3.9967801938758135e-06,0
7232,5,3.9967801938758135e-06,0
7204,5,3.9967801938758135e-06,0
11425,5,3.9967801938758135e-06,0
11426,5,3.9967801938758135e-06,0
11427,5,3.9967801938758135e-06,0
19695,5,3.9967801938758135e-06,0
19699,5,3.9967801938758135e-06,0
11412,5,3.9967801938758135e-06,0
19681,5,3.9967801938758135e-06,0
19639,5,3.9967801938758135e-06,0
11323,5,3.9967801938758135e-06,0
19636,5,3.9967801938758135e-06,0
19637,5,3.9967801938758135e-06,0
10789,5,3.9967801938758135e-06,0
19879,5,3.9967801938758135e-06,0
19891,5,3.9967801938758135e-06,0
10839,5,3.9967801938758135e-06,0
10840,5,3.9967801938758135e-06,0
11630,5,3.9967801938758135e-06,0
11465,5,3.9967801938758135e-06,0
11536,5,3.9967801938758135e-06,0
19628,5,3.9967801938758135e-06,0
19664,5,3.9967801938758135e-06,0
19598,5,3.9967801938758135e-06,0
19605,5,3.9967801938758135e-06,0
11520,5,3.9967801938758135e-06,0
11533,5,3.9967801938758135e-06,0
19671,5,3.9967801938758135e-06,0
19672,5,3.9967801938758135e-06,0
19675,5,3.9967801938758135e-06,0
19660,5,3.9967801938758135e-06,0
10722,5,3.9967801938758135e-06,0
16630,5,3.9967801938758135e-06,0
16631,5,3.9967801938758135e-06,0
16682,5,3.9967801938758135e-06,0
16597,5,3.9967801938758135e-06,0
16668,5,3.9967801938758135e-06,0
17102,5,3.9967801938758135e-06,0
17103,5,3.9967801938758135e-06,0
17105,5,3.9967801938758135e-06,0
17076,5,3.9967801938758135e-06,0
16620,5,3.9967801938758135e-06,0
3644,5,3.9967801938758135e-06,0
17098,5,3.9967801938758135e-06,0
17100,5,3.9967801938758135e-06,0
11575,5,3.9967801938758135e-06,0
5104,5,3.9967801938758135e-06,0
19575,5,3.9967801938758135e-06,0
19578,5,3.9967801938758135e-06,0
11625,5,3.9967801938758135e-06,0
11723,5,3.9967801938758135e-06,0
11659,5,3.9967801938758135e-06,0
11671,5,3.9967801938758135e-06,0
11698,5,3.9967801938758135e-06,0
11744,5,3.9967801938758135e-06,0
11758,5,3.9967801938758135e-06,0
11759,5,3.9967801938758135e-06,0
11714,5,3.9967801938758135e-06,0
11721,5,3.9967801938758135e-06,0
11732,5,3.9967801938758135e-06,0
11742,5,3.9967801938758135e-06,0
10684,5,3.9967801938758135e-06,0
5033,5,3.9967801938758135e-06,0
10703,5,3.9967801938758135e-06,0
270,5,3.9967801938758135e-06,0
16647,5,3.9967801938758135e-06,0
16651,5,3.9967801938758135e-06,0
21084,5,3.9967801938758135e-06,0
7394,5,3.9967801938758135e-06,0
7284,5,3.9967801938758135e-06,0
6764,5,3.9967801938758135e-06,0
7443,5,3.9967801938758135e-06,0
7253,5,3.9967801938758135e-06,0
5021,5,3.9967801938758135e-06,0
1755,5,3.9967801938758135e-06,0
11780,5,3.9967801938758135e-06,0
19499,5,3.9967801938758135e-06,0
11859,5,3.9967801938758135e-06,0
19492,5,3.9967801938758135e-06,0
11892,5,3.9967801938758135e-06,0
11836,5,3.9967801938758135e-06,0
11703,5,3.9967801938758135e-06,0
11916,5,3.9967801938758135e-06,0
5016,5,3.9967801938758135e-06,0
19491,5,3.9967801938758135e-06,0
10635,5,3.9967801938758135e-06,0
19473,5,3.9967801938758135e-06,0
11908,5,3.9967801938758135e-06,0
11910,5,3.9967801938758135e-06,0
10663,5,3.9967801938758135e-06,0
10677,5,3.9967801938758135e-06,0
10602,5,3.9967801938758135e-06,0
19956,5,3.9967801938758135e-06,0
10711,5,3.9967801938758135e-06,0
19931,5,3.9967801938758135e-06,0
19457,5,3.9967801938758135e-06,0
19967,5,3.9967801938758135e-06,0
19968,5,3.9967801938758135e-06,0
5391,5,3.9967801938758135e-06,0
17185,5,3.9967801938758135e-06,0
17188,5,3.9967801938758135e-06,0
17156,5,3.9967801938758135e-06,0
17164,5,3.9967801938758135e-06,0
17176,5,3.9967801938758135e-06,0
16624,5,3.9967801938758135e-06,0
16627,5,3.9967801938758135e-06,0
16579,5,3.9967801938758135e-06,0
16453,5,3.9967801938758135e-06,0
16599,5,3.9967801938758135e-06,0
16607,5,3.9967801938758135e-06,0
16657,5,3.9967801938758135e-06,0
3467,5,3.9967801938758135e-06,0
3470,5,3.9967801938758135e-06,0
11950,5,3.9967801938758135e-06,0
11955,5,3.9967801938758135e-06,0
19460,5,3.9967801938758135e-06,0
11947,5,3.9967801938758135e-06,0
19451,5,3.9967801938758135e-06,0
19436,5,3.9967801938758135e-06,0
19439,5,3.9967801938758135e-06,0
19427,5,3.9967801938758135e-06,0
11965,5,3.9967801938758135e-06,0
19406,5,3.9967801938758135e-06,0
7508,5,3.9967801938758135e-06,0
16567,5,3.9967801938758135e-06,0
16568,5,3.9967801938758135e-06,0
7442,5,3.9967801938758135e-06,0
7597,5,3.9967801938758135e-06,0
7483,5,3.9967801938758135e-06,0
7492,5,3.9967801938758135e-06,0
6658,5,3.9967801938758135e-06,0
7564,5,3.9967801938758135e-06,0
7522,5,3.9967801938758135e-06,0
7625,5,3.9967801938758135e-06,0
7383,5,3.9967801938758135e-06,0
19422,5,3.9967801938758135e-06,0
19965,5,3.9967801938758135e-06,0
12026,5,3.9967801938758135e-06,0
12028,5,3.9967801938758135e-06,0
19399,5,3.9967801938758135e-06,0
19971,5,3.9967801938758135e-06,0
10531,5,3.9967801938758135e-06,0
12146,5,3.9967801938758135e-06,0
12003,5,3.9967801938758135e-06,0
12012,5,3.9967801938758135e-06,0
19402,5,3.9967801938758135e-06,0
12104,5,3.9967801938758135e-06,0
12032,5,3.9967801938758135e-06,0
19425,5,3.9967801938758135e-06,0
12065,5,3.9967801938758135e-06,0
12074,5,3.9967801938758135e-06,0
12077,5,3.9967801938758135e-06,0
12081,5,3.9967801938758135e-06,0
10505,5,3.9967801938758135e-06,0
11984,5,3.9967801938758135e-06,0
11985,5,3.9967801938758135e-06,0
11987,5,3.9967801938758135e-06,0
11990,5,3.9967801938758135e-06,0
11991,5,3.9967801938758135e-06,0
10519,5,3.9967801938758135e-06,0
10523,5,3.9967801938758135e-06,0
10526,5,3.9967801938758135e-06,0
10498,5,3.9967801938758135e-06,0
7649,5,3.9967801938758135e-06,0
17220,5,3.9967801938758135e-06,0
17224,5,3.9967801938758135e-06,0
16458,5,3.9967801938758135e-06,0
16461,5,3.9967801938758135e-06,0
16463,5,3.9967801938758135e-06,0
16464,5,3.9967801938758135e-06,0
17209,5,3.9967801938758135e-06,0
16501,5,3.9967801938758135e-06,0
7651,5,3.9967801938758135e-06,0
3450,5,3.9967801938758135e-06,0
16480,5,3.9967801938758135e-06,0
10511,5,3.9967801938758135e-06,0
10513,5,3.9967801938758135e-06,0
12129,5,3.9967801938758135e-06,0
12072,5,3.9967801938758135e-06,0
19337,5,3.9967801938758135e-06,0
12188,5,3.9967801938758135e-06,0
12245,5,3.9967801938758135e-06,0
12197,5,3.9967801938758135e-06,0
12206,5,3.9967801938758135e-06,0
12209,5,3.9967801938758135e-06,0
17264,5,3.9967801938758135e-06,0
16373,5,3.9967801938758135e-06,0
17244,5,3.9967801938758135e-06,0
3725,5,3.9967801938758135e-06,0
16218,5,3.9967801938758135e-06,0
16418,5,3.9967801938758135e-06,0
16424,5,3.9967801938758135e-06,0
17232,5,3.9967801938758135e-06,0
12295,5,3.9967801938758135e-06,0
12258,5,3.9967801938758135e-06,0
10517,5,3.9967801938758135e-06,0
12285,5,3.9967801938758135e-06,0
12291,5,3.9967801938758135e-06,0
10455,5,3.9967801938758135e-06,0
10465,5,3.9967801938758135e-06,0
10473,5,3.9967801938758135e-06,0
10478,5,3.9967801938758135e-06,0
20005,5,3.9967801938758135e-06,0
12304,5,3.9967801938758135e-06,0
4933,5,3.9967801938758135e-06,0
19294,5,3.9967801938758135e-06,0
12318,5,3.9967801938758135e-06,0
10393,5,3.9967801938758135e-06,0
10433,5,3.9967801938758135e-06,0
10441,5,3.9967801938758135e-06,0
1312,5,3.9967801938758135e-06,0
10482,5,3.9967801938758135e-06,0
10490,5,3.9967801938758135e-06,0
12486,5,3.9967801938758135e-06,0
12404,5,3.9967801938758135e-06,0
19270,5,3.9967801938758135e-06,0
12436,5,3.9967801938758135e-06,0
19241,5,3.9967801938758135e-06,0
12477,5,3.9967801938758135e-06,0
12456,5,3.9967801938758135e-06,0
4814,5,3.9967801938758135e-06,0
12504,5,3.9967801938758135e-06,0
6592,5,3.9967801938758135e-06,0
3785,5,3.9967801938758135e-06,0
3773,5,3.9967801938758135e-06,0
16280,5,3.9967801938758135e-06,0
6596,5,3.9967801938758135e-06,0
7688,5,3.9967801938758135e-06,0
7718,5,3.9967801938758135e-06,0
12543,5,3.9967801938758135e-06,0
12531,5,3.9967801938758135e-06,0
12574,5,3.9967801938758135e-06,0
20044,5,3.9967801938758135e-06,0
12590,5,3.9967801938758135e-06,0
12592,5,3.9967801938758135e-06,0
12536,5,3.9967801938758135e-06,0
12614,5,3.9967801938758135e-06,0
10403,5,3.9967801938758135e-06,0
5447,5,3.9967801938758135e-06,0
5451,5,3.9967801938758135e-06,0
1313,5,3.9967801938758135e-06,0
20040,5,3.9967801938758135e-06,0
12604,5,3.9967801938758135e-06,0
19200,5,3.9967801938758135e-06,0
19166,5,3.9967801938758135e-06,0
19183,5,3.9967801938758135e-06,0
12441,5,3.9967801938758135e-06,0
16167,5,3.9967801938758135e-06,0
17378,5,3.9967801938758135e-06,0
16205,5,3.9967801938758135e-06,0
17373,5,3.9967801938758135e-06,0
17374,5,3.9967801938758135e-06,0
17377,5,3.9967801938758135e-06,0
17313,5,3.9967801938758135e-06,0
17314,5,3.9967801938758135e-06,0
17317,5,3.9967801938758135e-06,0
12688,5,3.9967801938758135e-06,0
12694,5,3.9967801938758135e-06,0
10343,5,3.9967801938758135e-06,0
12679,5,3.9967801938758135e-06,0
10329,5,3.9967801938758135e-06,0
10332,5,3.9967801938758135e-06,0
20070,5,3.9967801938758135e-06,0
10306,5,3.9967801938758135e-06,0
2220,5,3.9967801938758135e-06,0
5522,5,3.9967801938758135e-06,0
19130,5,3.9967801938758135e-06,0
2190,5,3.9967801938758135e-06,0
12718,5,3.9967801938758135e-06,0
12729,5,3.9967801938758135e-06,0
4742,5,3.9967801938758135e-06,0
4751,5,3.9967801938758135e-06,0
19121,5,3.9967801938758135e-06,0
12786,5,3.9967801938758135e-06,0
12745,5,3.9967801938758135e-06,0
12750,5,3.9967801938758135e-06,0
12754,5,3.9967801938758135e-06,0
10209,5,3.9967801938758135e-06,0
2258,5,3.9967801938758135e-06,0
7773,5,3.9967801938758135e-06,0
17342,5,3.9967801938758135e-06,0
17345,5,3.9967801938758135e-06,0
17355,5,3.9967801938758135e-06,0
7778,5,3.9967801938758135e-06,0
20970,5,3.9967801938758135e-06,0
20971,5,3.9967801938758135e-06,0
10187,5,3.9967801938758135e-06,0
10188,5,3.9967801938758135e-06,0
10293,5,3.9967801938758135e-06,0
5508,5,3.9967801938758135e-06,0
19083,5,3.9967801938758135e-06,0
20092,5,3.9967801938758135e-06,0
20093,5,3.9967801938758135e-06,0
10171,5,3.9967801938758135e-06,0
10179,5,3.9967801938758135e-06,0
19084,5,3.9967801938758135e-06,0
12840,5,3.9967801938758135e-06,0
19073,5,3.9967801938758135e-06,0
19075,5,3.9967801938758135e-06,0
12887,5,3.9967801938758135e-06,0
12888,5,3.9967801938758135e-06,0
19029,5,3.9967801938758135e-06,0
12818,5,3.9967801938758135e-06,0
12924,5,3.9967801938758135e-06,0
20147,5,3.9967801938758135e-06,0
12954,5,3.9967801938758135e-06,0
12961,5,3.9967801938758135e-06,0
12890,5,3.9967801938758135e-06,0
12905,5,3.9967801938758135e-06,0
20152,5,3.9967801938758135e-06,0
10158,5,3.9967801938758135e-06,0
20132,5,3.9967801938758135e-06,0
5599,5,3.9967801938758135e-06,0
12978,5,3.9967801938758135e-06,0
7795,5,3.9967801938758135e-06,0
16127,5,3.9967801938758135e-06,0
16129,5,3.9967801938758135e-06,0
16134,5,3.9967801938758135e-06,0
17398,5,3.9967801938758135e-06,0
16112,5,3.9967801938758135e-06,0
17394,5,3.9967801938758135e-06,0
17380,5,3.9967801938758135e-06,0
17360,5,3.9967801938758135e-06,0
13006,5,3.9967801938758135e-06,0
12974,5,3.9967801938758135e-06,0
18984,5,3.9967801938758135e-06,0
13029,5,3.9967801938758135e-06,0
13047,5,3.9967801938758135e-06,0
13005,5,3.9967801938758135e-06,0
13095,5,3.9967801938758135e-06,0
18978,5,3.9967801938758135e-06,0
13054,5,3.9967801938758135e-06,0
13057,5,3.9967801938758135e-06,0
10118,5,3.9967801938758135e-06,0
10076,5,3.9967801938758135e-06,0
10087,5,3.9967801938758135e-06,0
10094,5,3.9967801938758135e-06,0
5605,5,3.9967801938758135e-06,0
5625,5,3.9967801938758135e-06,0
4644,5,3.9967801938758135e-06,0
13077,5,3.9967801938758135e-06,0
2412,5,3.9967801938758135e-06,0
18932,5,3.9967801938758135e-06,0
18940,5,3.9967801938758135e-06,0
2343,5,3.9967801938758135e-06,0
13202,5,3.9967801938758135e-06,0
13181,5,3.9967801938758135e-06,0
13198,5,3.9967801938758135e-06,0
13061,5,3.9967801938758135e-06,0
13068,5,3.9967801938758135e-06,0
13403,5,3.9967801938758135e-06,0
13219,5,3.9967801938758135e-06,0
16140,5,3.9967801938758135e-06,0
7826,5,3.9967801938758135e-06,0
20915,5,3.9967801938758135e-06,0
16135,5,3.9967801938758135e-06,0
20953,5,3.9967801938758135e-06,0
20943,5,3.9967801938758135e-06,0
6517,5,3.9967801938758135e-06,0
6558,5,3.9967801938758135e-06,0
6563,5,3.9967801938758135e-06,0
9976,5,3.9967801938758135e-06,0
13280,5,3.9967801938758135e-06,0
13319,5,3.9967801938758135e-06,0
13321,5,3.9967801938758135e-06,0
13323,5,3.9967801938758135e-06,0
13333,5,3.9967801938758135e-06,0
13282,5,3.9967801938758135e-06,0
13298,5,3.9967801938758135e-06,0
9997,5,3.9967801938758135e-06,0
20196,5,3.9967801938758135e-06,0
20198,5,3.9967801938758135e-06,0
20201,5,3.9967801938758135e-06,0
13444,5,3.9967801938758135e-06,0
13459,5,3.9967801938758135e-06,0
16040,5,3.9967801938758135e-06,0
16041,5,3.9967801938758135e-06,0
17508,5,3.9967801938758135e-06,0
15999,5,3.9967801938758135e-06,0
16004,5,3.9967801938758135e-06,0
16014,5,3.9967801938758135e-06,0
17408,5,3.9967801938758135e-06,0
16059,5,3.9967801938758135e-06,0
3367,5,3.9967801938758135e-06,0
3368,5,3.9967801938758135e-06,0
16100,5,3.9967801938758135e-06,0
16101,5,3.9967801938758135e-06,0
13349,5,3.9967801938758135e-06,0
13359,5,3.9967801938758135e-06,0
13370,5,3.9967801938758135e-06,0
18872,5,3.9967801938758135e-06,0
18874,5,3.9967801938758135e-06,0
13404,5,3.9967801938758135e-06,0
18855,5,3.9967801938758135e-06,0
9901,5,3.9967801938758135e-06,0
18861,5,3.9967801938758135e-06,0
9913,5,3.9967801938758135e-06,0
5694,5,3.9967801938758135e-06,0
9879,5,3.9967801938758135e-06,0
9962,5,3.9967801938758135e-06,0
9909,5,3.9967801938758135e-06,0
18835,5,3.9967801938758135e-06,0
13378,5,3.9967801938758135e-06,0
18844,5,3.9967801938758135e-06,0
13481,5,3.9967801938758135e-06,0
18851,5,3.9967801938758135e-06,0
13468,5,3.9967801938758135e-06,0
18825,5,3.9967801938758135e-06,0
13497,5,3.9967801938758135e-06,0
16047,5,3.9967801938758135e-06,0
6406,5,3.9967801938758135e-06,0
20881,5,3.9967801938758135e-06,0
20887,5,3.9967801938758135e-06,0
20865,5,3.9967801938758135e-06,0
20869,5,3.9967801938758135e-06,0
8068,5,3.9967801938758135e-06,0
13528,5,3.9967801938758135e-06,0
13536,5,3.9967801938758135e-06,0
18794,5,3.9967801938758135e-06,0
18799,5,3.9967801938758135e-06,0
13516,5,3.9967801938758135e-06,0
9838,5,3.9967801938758135e-06,0
9858,5,3.9967801938758135e-06,0
18782,5,3.9967801938758135e-06,0
5668,5,3.9967801938758135e-06,0
13551,5,3.9967801938758135e-06,0
13560,5,3.9967801938758135e-06,0
13564,5,3.9967801938758135e-06,0
18768,5,3.9967801938758135e-06,0
18781,5,3.9967801938758135e-06,0
13606,5,3.9967801938758135e-06,0
4566,5,3.9967801938758135e-06,0
13587,5,3.9967801938758135e-06,0
13589,5,3.9967801938758135e-06,0
13601,5,3.9967801938758135e-06,0
13604,5,3.9967801938758135e-06,0
13649,5,3.9967801938758135e-06,0
13630,5,3.9967801938758135e-06,0
13648,5,3.9967801938758135e-06,0
4548,5,3.9967801938758135e-06,0
20295,5,3.9967801938758135e-06,0
9779,5,3.9967801938758135e-06,0
9780,5,3.9967801938758135e-06,0
18738,5,3.9967801938758135e-06,0
5729,5,3.9967801938758135e-06,0
1146,5,3.9967801938758135e-06,0
1091,5,3.9967801938758135e-06,0
9804,5,3.9967801938758135e-06,0
9807,5,3.9967801938758135e-06,0
9815,5,3.9967801938758135e-06,0
5756,5,3.9967801938758135e-06,0
15931,5,3.9967801938758135e-06,0
15936,5,3.9967801938758135e-06,0
15820,5,3.9967801938758135e-06,0
17550,5,3.9967801938758135e-06,0
15974,5,3.9967801938758135e-06,0
17516,5,3.9967801938758135e-06,0
17493,5,3.9967801938758135e-06,0
16015,5,3.9967801938758135e-06,0
15959,5,3.9967801938758135e-06,0
15973,5,3.9967801938758135e-06,0
17487,5,3.9967801938758135e-06,0
17490,5,3.9967801938758135e-06,0
4523,5,3.9967801938758135e-06,0
4537,5,3.9967801938758135e-06,0
13579,5,3.9967801938758135e-06,0
13730,5,3.9967801938758135e-06,0
13736,5,3.9967801938758135e-06,0
13742,5,3.9967801938758135e-06,0
13786,5,3.9967801938758135e-06,0
13611,5,3.9967801938758135e-06,0
13829,5,3.9967801938758135e-06,0
13808,5,3.9967801938758135e-06,0
18686,5,3.9967801938758135e-06,0
15950,5,3.9967801938758135e-06,0
3935,5,3.9967801938758135e-06,0
3937,5,3.9967801938758135e-06,0
15929,5,3.9967801938758135e-06,0
8079,5,3.9967801938758135e-06,0
6413,5,3.9967801938758135e-06,0
8033,5,3.9967801938758135e-06,0
9663,5,3.9967801938758135e-06,0
2607,5,3.9967801938758135e-06,0
13837,5,3.9967801938758135e-06,0
13839,5,3.9967801938758135e-06,0
5808,5,3.9967801938758135e-06,0
20306,5,3.9967801938758135e-06,0
1062,5,3.9967801938758135e-06,0
9696,5,3.9967801938758135e-06,0
5858,5,3.9967801938758135e-06,0
9630,5,3.9967801938758135e-06,0
9637,5,3.9967801938758135e-06,0
13866,5,3.9967801938758135e-06,0
13884,5,3.9967801938758135e-06,0
13857,5,3.9967801938758135e-06,0
13819,5,3.9967801938758135e-06,0
13898,5,3.9967801938758135e-06,0
2709,5,3.9967801938758135e-06,0
14015,5,3.9967801938758135e-06,0
9600,5,3.9967801938758135e-06,0
9686,5,3.9967801938758135e-06,0
9604,5,3.9967801938758135e-06,0
20308,5,3.9967801938758135e-06,0
20311,5,3.9967801938758135e-06,0
20312,5,3.9967801938758135e-06,0
20313,5,3.9967801938758135e-06,0
9681,5,3.9967801938758135e-06,0
9573,5,3.9967801938758135e-06,0
14039,5,3.9967801938758135e-06,0
8140,5,3.9967801938758135e-06,0
15754,5,3.9967801938758135e-06,0
17586,5,3.9967801938758135e-06,0
3984,5,3.9967801938758135e-06,0
3987,5,3.9967801938758135e-06,0
15841,5,3.9967801938758135e-06,0
15842,5,3.9967801938758135e-06,0
15843,5,3.9967801938758135e-06,0
4015,5,3.9967801938758135e-06,0
15786,5,3.9967801938758135e-06,0
15940,5,3.9967801938758135e-06,0
15824,5,3.9967801938758135e-06,0
14077,5,3.9967801938758135e-06,0
18598,5,3.9967801938758135e-06,0
14075,5,3.9967801938758135e-06,0
4467,5,3.9967801938758135e-06,0
4481,5,3.9967801938758135e-06,0
13973,5,3.9967801938758135e-06,0
14080,5,3.9967801938758135e-06,0
14148,5,3.9967801938758135e-06,0
18545,5,3.9967801938758135e-06,0
9562,5,3.9967801938758135e-06,0
9556,5,3.9967801938758135e-06,0
20375,5,3.9967801938758135e-06,0
9520,5,3.9967801938758135e-06,0
20355,5,3.9967801938758135e-06,0
20371,5,3.9967801938758135e-06,0
9514,5,3.9967801938758135e-06,0
9461,5,3.9967801938758135e-06,0
14165,5,3.9967801938758135e-06,0
14176,5,3.9967801938758135e-06,0
17624,5,3.9967801938758135e-06,0
17614,5,3.9967801938758135e-06,0
17616,5,3.9967801938758135e-06,0
8296,5,3.9967801938758135e-06,0
15781,5,3.9967801938758135e-06,0
8221,5,3.9967801938758135e-06,0
6355,5,3.9967801938758135e-06,0
6324,5,3.9967801938758135e-06,0
604,5,3.9967801938758135e-06,0
8285,5,3.9967801938758135e-06,0
8189,5,3.9967801938758135e-06,0
8190,5,3.9967801938758135e-06,0
8197,5,3.9967801938758135e-06,0
6351,5,3.9967801938758135e-06,0
18509,5,3.9967801938758135e-06,0
14157,5,3.9967801938758135e-06,0
18527,5,3.9967801938758135e-06,0
18534,5,3.9967801938758135e-06,0
14196,5,3.9967801938758135e-06,0
14200,5,3.9967801938758135e-06,0
14084,5,3.9967801938758135e-06,0
14232,5,3.9967801938758135e-06,0
14241,5,3.9967801938758135e-06,0
14255,5,3.9967801938758135e-06,0
14260,5,3.9967801938758135e-06,0
14270,5,3.9967801938758135e-06,0
974,5,3.9967801938758135e-06,0
9436,5,3.9967801938758135e-06,0
9448,5,3.9967801938758135e-06,0
9453,5,3.9967801938758135e-06,0
9482,5,3.9967801938758135e-06,0
14249,5,3.9967801938758135e-06,0
14280,5,3.9967801938758135e-06,0
17647,5,3.9967801938758135e-06,0
15701,5,3.9967801938758135e-06,0
15705,5,3.9967801938758135e-06,0
17643,5,3.9967801938758135e-06,0
17664,5,3.9967801938758135e-06,0
17645,5,3.9967801938758135e-06,0
17646,5,3.9967801938758135e-06,0
17652,5,3.9967801938758135e-06,0
15747,5,3.9967801938758135e-06,0
15735,5,3.9967801938758135e-06,0
15737,5,3.9967801938758135e-06,0
17621,5,3.9967801938758135e-06,0
14330,5,3.9967801938758135e-06,0
14350,5,3.9967801938758135e-06,0
14323,5,3.9967801938758135e-06,0
14328,5,3.9967801938758135e-06,0
9360,5,3.9967801938758135e-06,0
14187,5,3.9967801938758135e-06,0
14414,5,3.9967801938758135e-06,0
9454,5,3.9967801938758135e-06,0
9416,5,3.9967801938758135e-06,0
5906,5,3.9967801938758135e-06,0
5907,5,3.9967801938758135e-06,0
5952,5,3.9967801938758135e-06,0
14358,5,3.9967801938758135e-06,0
14379,5,3.9967801938758135e-06,0
14384,5,3.9967801938758135e-06,0
2859,5,3.9967801938758135e-06,0
14403,5,3.9967801938758135e-06,0
4403,5,3.9967801938758135e-06,0
14448,5,3.9967801938758135e-06,0
14387,5,3.9967801938758135e-06,0
14493,5,3.9967801938758135e-06,0
2886,5,3.9967801938758135e-06,0
2894,5,3.9967801938758135e-06,0
2895,5,3.9967801938758135e-06,0
14421,5,3.9967801938758135e-06,0
6292,5,3.9967801938758135e-06,0
15670,5,3.9967801938758135e-06,0
15671,5,3.9967801938758135e-06,0
6287,5,3.9967801938758135e-06,0
8352,5,3.9967801938758135e-06,0
8301,5,3.9967801938758135e-06,0
6318,5,3.9967801938758135e-06,0
8360,5,3.9967801938758135e-06,0
5941,5,3.9967801938758135e-06,0
18383,5,3.9967801938758135e-06,0
18389,5,3.9967801938758135e-06,0
18390,5,3.9967801938758135e-06,0
14491,5,3.9967801938758135e-06,0
14457,5,3.9967801938758135e-06,0
5938,5,3.9967801938758135e-06,0
20409,5,3.9967801938758135e-06,0
18362,5,3.9967801938758135e-06,0
9288,5,3.9967801938758135e-06,0
18370,5,3.9967801938758135e-06,0
18391,5,3.9967801938758135e-06,0
18363,5,3.9967801938758135e-06,0
18364,5,3.9967801938758135e-06,0
18365,5,3.9967801938758135e-06,0
18368,5,3.9967801938758135e-06,0
14522,5,3.9967801938758135e-06,0
14513,5,3.9967801938758135e-06,0
14518,5,3.9967801938758135e-06,0
15628,5,3.9967801938758135e-06,0
3297,5,3.9967801938758135e-06,0
15588,5,3.9967801938758135e-06,0
15619,5,3.9967801938758135e-06,0
15605,5,3.9967801938758135e-06,0
15663,5,3.9967801938758135e-06,0
15665,5,3.9967801938758135e-06,0
17713,5,3.9967801938758135e-06,0
15723,5,3.9967801938758135e-06,0
17703,5,3.9967801938758135e-06,0
15635,5,3.9967801938758135e-06,0
18322,5,3.9967801938758135e-06,0
9259,5,3.9967801938758135e-06,0
9262,5,3.9967801938758135e-06,0
5963,5,3.9967801938758135e-06,0
20464,5,3.9967801938758135e-06,0
9234,5,3.9967801938758135e-06,0
20493,5,3.9967801938758135e-06,0
5973,5,3.9967801938758135e-06,0
5975,5,3.9967801938758135e-06,0
20474,5,3.9967801938758135e-06,0
14621,5,3.9967801938758135e-06,0
9145,5,3.9967801938758135e-06,0
18260,5,3.9967801938758135e-06,0
18282,5,3.9967801938758135e-06,0
9202,5,3.9967801938758135e-06,0
9217,5,3.9967801938758135e-06,0
9218,5,3.9967801938758135e-06,0
20494,5,3.9967801938758135e-06,0
20498,5,3.9967801938758135e-06,0
20503,5,3.9967801938758135e-06,0
18228,5,3.9967801938758135e-06,0
9165,5,3.9967801938758135e-06,0
9122,5,3.9967801938758135e-06,0
6004,5,3.9967801938758135e-06,0
15585,5,3.9967801938758135e-06,0
17747,5,3.9967801938758135e-06,0
15563,5,3.9967801938758135e-06,0
17740,5,3.9967801938758135e-06,0
8493,5,3.9967801938758135e-06,0
8503,5,3.9967801938758135e-06,0
6245,5,3.9967801938758135e-06,0
8466,5,3.9967801938758135e-06,0
20748,5,3.9967801938758135e-06,0
20775,5,3.9967801938758135e-06,0
6252,5,3.9967801938758135e-06,0
6261,5,3.9967801938758135e-06,0
4291,5,3.9967801938758135e-06,0
18219,5,3.9967801938758135e-06,0
18224,5,3.9967801938758135e-06,0
18225,5,3.9967801938758135e-06,0
14697,5,3.9967801938758135e-06,0
18231,5,3.9967801938758135e-06,0
14757,5,3.9967801938758135e-06,0
14725,5,3.9967801938758135e-06,0
14683,5,3.9967801938758135e-06,0
2948,5,3.9967801938758135e-06,0
14819,5,3.9967801938758135e-06,0
14821,5,3.9967801938758135e-06,0
15458,5,3.9967801938758135e-06,0
15515,5,3.9967801938758135e-06,0
15516,5,3.9967801938758135e-06,0
15553,5,3.9967801938758135e-06,0
15581,5,3.9967801938758135e-06,0
4114,5,3.9967801938758135e-06,0
15427,5,3.9967801938758135e-06,0
15435,5,3.9967801938758135e-06,0
17739,5,3.9967801938758135e-06,0
15535,5,3.9967801938758135e-06,0
14816,5,3.9967801938758135e-06,0
9057,5,3.9967801938758135e-06,0
9024,5,3.9967801938758135e-06,0
20516,5,3.9967801938758135e-06,0
4264,5,3.9967801938758135e-06,0
6013,5,3.9967801938758135e-06,0
9109,5,3.9967801938758135e-06,0
9152,5,3.9967801938758135e-06,0
18193,5,3.9967801938758135e-06,0
14846,5,3.9967801938758135e-06,0
18171,5,3.9967801938758135e-06,0
18202,5,3.9967801938758135e-06,0
14867,5,3.9967801938758135e-06,0
14880,5,3.9967801938758135e-06,0
18157,5,3.9967801938758135e-06,0
14910,5,3.9967801938758135e-06,0
14860,5,3.9967801938758135e-06,0
14783,5,3.9967801938758135e-06,0
14940,5,3.9967801938758135e-06,0
20547,5,3.9967801938758135e-06,0
14929,5,3.9967801938758135e-06,0
20549,5,3.9967801938758135e-06,0
9035,5,3.9967801938758135e-06,0
8923,5,3.9967801938758135e-06,0
20540,5,3.9967801938758135e-06,0
8993,5,3.9967801938758135e-06,0
9006,5,3.9967801938758135e-06,0
876,5,3.9967801938758135e-06,0
20536,5,3.9967801938758135e-06,0
15002,5,3.9967801938758135e-06,0
15070,5,3.9967801938758135e-06,0
15071,5,3.9967801938758135e-06,0
15073,5,3.9967801938758135e-06,0
15076,5,3.9967801938758135e-06,0
20732,5,3.9967801938758135e-06,0
20716,5,3.9967801938758135e-06,0
20722,5,3.9967801938758135e-06,0
20707,5,3.9967801938758135e-06,0
20710,5,3.9967801938758135e-06,0
20740,5,3.9967801938758135e-06,0
20744,5,3.9967801938758135e-06,0
15529,5,3.9967801938758135e-06,0
15530,5,3.9967801938758135e-06,0
15531,5,3.9967801938758135e-06,0
14984,5,3.9967801938758135e-06,0
14972,5,3.9967801938758135e-06,0
14926,5,3.9967801938758135e-06,0
15003,5,3.9967801938758135e-06,0
15004,5,3.9967801938758135e-06,0
15012,5,3.9967801938758135e-06,0
15013,5,3.9967801938758135e-06,0
8835,5,3.9967801938758135e-06,0
18122,5,3.9967801938758135e-06,0
8804,5,3.9967801938758135e-06,0
8849,5,3.9967801938758135e-06,0
8858,5,3.9967801938758135e-06,0
8604,5,3.9967801938758135e-06,0
17818,5,3.9967801938758135e-06,0
17823,5,3.9967801938758135e-06,0
17832,5,3.9967801938758135e-06,0
17851,5,3.9967801938758135e-06,0
8606,5,3.9967801938758135e-06,0
8607,5,3.9967801938758135e-06,0
6184,5,3.9967801938758135e-06,0
20686,5,3.9967801938758135e-06,0
15423,5,3.9967801938758135e-06,0
4150,5,3.9967801938758135e-06,0
3054,5,3.9967801938758135e-06,0
8894,5,3.9967801938758135e-06,0
6147,5,3.9967801938758135e-06,0
15027,5,3.9967801938758135e-06,0
15028,5,3.9967801938758135e-06,0
15035,5,3.9967801938758135e-06,0
15038,5,3.9967801938758135e-06,0
3049,5,3.9967801938758135e-06,0
3051,5,3.9967801938758135e-06,0
15062,5,3.9967801938758135e-06,0
15019,5,3.9967801938758135e-06,0
3078,5,3.9967801938758135e-06,0
3086,5,3.9967801938758135e-06,0
3087,5,3.9967801938758135e-06,0
15145,5,3.9967801938758135e-06,0
15057,5,3.9967801938758135e-06,0
15064,5,3.9967801938758135e-06,0
18039,5,3.9967801938758135e-06,0
3123,5,3.9967801938758135e-06,0
15051,5,3.9967801938758135e-06,0
15113,5,3.9967801938758135e-06,0
18030,5,3.9967801938758135e-06,0
15097,5,3.9967801938758135e-06,0
8814,5,3.9967801938758135e-06,0
20577,5,3.9967801938758135e-06,0
20595,5,3.9967801938758135e-06,0
8788,5,3.9967801938758135e-06,0
20615,5,3.9967801938758135e-06,0
8638,5,3.9967801938758135e-06,0
8644,5,3.9967801938758135e-06,0
8645,5,3.9967801938758135e-06,0
8649,5,3.9967801938758135e-06,0
15280,5,3.9967801938758135e-06,0
15341,5,3.9967801938758135e-06,0
15331,5,3.9967801938758135e-06,0
15335,5,3.9967801938758135e-06,0
15312,5,3.9967801938758135e-06,0
15337,5,3.9967801938758135e-06,0
15372,5,3.9967801938758135e-06,0
8581,5,3.9967801938758135e-06,0
8582,5,3.9967801938758135e-06,0
8769,5,3.9967801938758135e-06,0
8774,5,3.9967801938758135e-06,0
15129,5,3.9967801938758135e-06,0
15084,5,3.9967801938758135e-06,0
15093,5,3.9967801938758135e-06,0
18003,5,3.9967801938758135e-06,0
17986,5,3.9967801938758135e-06,0
15123,5,3.9967801938758135e-06,0
15154,5,3.9967801938758135e-06,0
15155,5,3.9967801938758135e-06,0
15156,5,3.9967801938758135e-06,0
17965,5,3.9967801938758135e-06,0
17920,5,3.9967801938758135e-06,0
15249,5,3.9967801938758135e-06,0
8627,5,3.9967801938758135e-06,0
8679,5,3.9967801938758135e-06,0
20656,5,3.9967801938758135e-06,0
20679,5,3.9967801938758135e-06,0
8623,5,3.9967801938758135e-06,0
17967,5,3.9967801938758135e-06,0
17970,5,3.9967801938758135e-06,0
17974,5,3.9967801938758135e-06,0
17976,5,3.9967801938758135e-06,0
17951,5,3.9967801938758135e-06,0
17958,5,3.9967801938758135e-06,0
17962,5,3.9967801938758135e-06,0
8740,5,3.9967801938758135e-06,0
8747,5,3.9967801938758135e-06,0
8718,5,3.9967801938758135e-06,0
20620,5,3.9967801938758135e-06,0
20648,5,3.9967801938758135e-06,0
15205,5,3.9967801938758135e-06,0
15196,5,3.9967801938758135e-06,0
17936,5,3.9967801938758135e-06,0
15201,5,3.9967801938758135e-06,0
15219,5,3.9967801938758135e-06,0
4199,5,3.9967801938758135e-06,0
15162,5,3.9967801938758135e-06,0
15268,5,3.9967801938758135e-06,0
16963,5,3.9967801938758135e-06,0
7146,5,3.9967801938758135e-06,0
16858,5,3.9967801938758135e-06,0
16873,5,3.9967801938758135e-06,0
16970,5,3.9967801938758135e-06,0
16897,5,3.9967801938758135e-06,0
16907,5,3.9967801938758135e-06,0
7000,5,3.9967801938758135e-06,0
6940,5,3.9967801938758135e-06,0
21216,5,3.9967801938758135e-06,0
11046,5,3.9967801938758135e-06,0
11082,5,3.9967801938758135e-06,0
5267,5,3.9967801938758135e-06,0
80,5,3.9967801938758135e-06,0
6966,5,3.9967801938758135e-06,0
21275,5,3.9967801938758135e-06,0
7032,5,3.9967801938758135e-06,0
7039,5,3.9967801938758135e-06,0
6902,5,3.9967801938758135e-06,0
16898,4,3.197424155100651e-06,0
7139,4,3.197424155100651e-06,0
7027,4,3.197424155100651e-06,0
16966,4,3.197424155100651e-06,0
21152,4,3.197424155100651e-06,0
21202,4,3.197424155100651e-06,0
21197,4,3.197424155100651e-06,0
81,4,3.197424155100651e-06,0
16846,4,3.197424155100651e-06,0
3554,4,3.197424155100651e-06,0
6976,4,3.197424155100651e-06,0
6993,4,3.197424155100651e-06,0
16940,4,3.197424155100651e-06,0
16941,4,3.197424155100651e-06,0
11078,4,3.197424155100651e-06,0
5241,4,3.197424155100651e-06,0
21229,4,3.197424155100651e-06,0
7069,4,3.197424155100651e-06,0
7087,4,3.197424155100651e-06,0
16942,4,3.197424155100651e-06,0
16938,4,3.197424155100651e-06,0
6975,4,3.197424155100651e-06,0
7067,4,3.197424155100651e-06,0
7068,4,3.197424155100651e-06,0
17039,4,3.197424155100651e-06,0
16730,4,3.197424155100651e-06,0
10907,4,3.197424155100651e-06,0
11244,4,3.197424155100651e-06,0
15193,4,3.197424155100651e-06,0
20618,4,3.197424155100651e-06,0
20622,4,3.197424155100651e-06,0
15202,4,3.197424155100651e-06,0
6178,4,3.197424155100651e-06,0
8748,4,3.197424155100651e-06,0
8707,4,3.197424155100651e-06,0
8727,4,3.197424155100651e-06,0
1503,4,3.197424155100651e-06,0
20624,4,3.197424155100651e-06,0
20625,4,3.197424155100651e-06,0
19788,4,3.197424155100651e-06,0
11187,4,3.197424155100651e-06,0
19816,4,3.197424155100651e-06,0
10931,4,3.197424155100651e-06,0
11211,4,3.197424155100651e-06,0
11166,4,3.197424155100651e-06,0
11182,4,3.197424155100651e-06,0
20663,4,3.197424155100651e-06,0
15232,4,3.197424155100651e-06,0
17950,4,3.197424155100651e-06,0
17982,4,3.197424155100651e-06,0
15149,4,3.197424155100651e-06,0
15157,4,3.197424155100651e-06,0
15190,4,3.197424155100651e-06,0
17924,4,3.197424155100651e-06,0
17927,4,3.197424155100651e-06,0
15183,4,3.197424155100651e-06,0
15186,4,3.197424155100651e-06,0
15188,4,3.197424155100651e-06,0
15189,4,3.197424155100651e-06,0
17048,4,3.197424155100651e-06,0
3523,4,3.197424155100651e-06,0
17025,4,3.197424155100651e-06,0
10951,4,3.197424155100651e-06,0
10954,4,3.197424155100651e-06,0
10958,4,3.197424155100651e-06,0
10961,4,3.197424155100651e-06,0
10966,4,3.197424155100651e-06,0
16784,4,3.197424155100651e-06,0
5291,4,3.197424155100651e-06,0
10928,4,3.197424155100651e-06,0
3616,4,3.197424155100651e-06,0
17060,4,3.197424155100651e-06,0
10929,4,3.197424155100651e-06,0
11382,4,3.197424155100651e-06,0
10872,4,3.197424155100651e-06,0
10908,4,3.197424155100651e-06,0
15334,4,3.197424155100651e-06,0
15362,4,3.197424155100651e-06,0
15366,4,3.197424155100651e-06,0
15301,4,3.197424155100651e-06,0
18010,4,3.197424155100651e-06,0
18014,4,3.197424155100651e-06,0
15330,4,3.197424155100651e-06,0
15402,4,3.197424155100651e-06,0
15333,4,3.197424155100651e-06,0
20699,4,3.197424155100651e-06,0
20700,4,3.197424155100651e-06,0
20672,4,3.197424155100651e-06,0
20678,4,3.197424155100651e-06,0
15326,4,3.197424155100651e-06,0
20657,4,3.197424155100651e-06,0
20640,4,3.197424155100651e-06,0
4257,4,3.197424155100651e-06,0
11357,4,3.197424155100651e-06,0
11268,4,3.197424155100651e-06,0
19840,4,3.197424155100651e-06,0
11234,4,3.197424155100651e-06,0
11260,4,3.197424155100651e-06,0
19714,4,3.197424155100651e-06,0
19715,4,3.197424155100651e-06,0
21138,4,3.197424155100651e-06,0
7198,4,3.197424155100651e-06,0
21112,4,3.197424155100651e-06,0
21114,4,3.197424155100651e-06,0
21096,4,3.197424155100651e-06,0
11396,4,3.197424155100651e-06,0
11416,4,3.197424155100651e-06,0
15063,4,3.197424155100651e-06,0
15111,4,3.197424155100651e-06,0
15115,4,3.197424155100651e-06,0
15130,4,3.197424155100651e-06,0
15060,4,3.197424155100651e-06,0
15018,4,3.197424155100651e-06,0
18046,4,3.197424155100651e-06,0
17998,4,3.197424155100651e-06,0
15083,4,3.197424155100651e-06,0
15085,4,3.197424155100651e-06,0
15146,4,3.197424155100651e-06,0
8777,4,3.197424155100651e-06,0
8781,4,3.197424155100651e-06,0
8782,4,3.197424155100651e-06,0
8583,4,3.197424155100651e-06,0
17994,4,3.197424155100651e-06,0
3588,4,3.197424155100651e-06,0
17063,4,3.197424155100651e-06,0
17068,4,3.197424155100651e-06,0
21123,4,3.197424155100651e-06,0
6791,4,3.197424155100651e-06,0
16800,4,3.197424155100651e-06,0
11432,4,3.197424155100651e-06,0
10810,4,3.197424155100651e-06,0
21102,4,3.197424155100651e-06,0
21103,4,3.197424155100651e-06,0
19883,4,3.197424155100651e-06,0
19885,4,3.197424155100651e-06,0
10811,4,3.197424155100651e-06,0
10831,4,3.197424155100651e-06,0
7197,4,3.197424155100651e-06,0
17081,4,3.197424155100651e-06,0
17090,4,3.197424155100651e-06,0
10792,4,3.197424155100651e-06,0
10888,4,3.197424155100651e-06,0
19877,4,3.197424155100651e-06,0
15336,4,3.197424155100651e-06,0
15387,4,3.197424155100651e-06,0
15453,4,3.197424155100651e-06,0
15026,4,3.197424155100651e-06,0
8802,4,3.197424155100651e-06,0
8882,4,3.197424155100651e-06,0
20691,4,3.197424155100651e-06,0
15377,4,3.197424155100651e-06,0
721,4,3.197424155100651e-06,0
15394,4,3.197424155100651e-06,0
15094,4,3.197424155100651e-06,0
8633,4,3.197424155100651e-06,0
18020,4,3.197424155100651e-06,0
19635,4,3.197424155100651e-06,0
19689,4,3.197424155100651e-06,0
19721,4,3.197424155100651e-06,0
11327,4,3.197424155100651e-06,0
10775,4,3.197424155100651e-06,0
10781,4,3.197424155100651e-06,0
19684,4,3.197424155100651e-06,0
19685,4,3.197424155100651e-06,0
19686,4,3.197424155100651e-06,0
19668,4,3.197424155100651e-06,0
11490,4,3.197424155100651e-06,0
19911,4,3.197424155100651e-06,0
10807,4,3.197424155100651e-06,0
10762,4,3.197424155100651e-06,0
19709,4,3.197424155100651e-06,0
19599,4,3.197424155100651e-06,0
11527,4,3.197424155100651e-06,0
11529,4,3.197424155100651e-06,0
16687,4,3.197424155100651e-06,0
11577,4,3.197424155100651e-06,0
10721,4,3.197424155100651e-06,0
20709,4,3.197424155100651e-06,0
6205,4,3.197424155100651e-06,0
15044,4,3.197424155100651e-06,0
15046,4,3.197424155100651e-06,0
14921,4,3.197424155100651e-06,0
20729,4,3.197424155100651e-06,0
8847,4,3.197424155100651e-06,0
15417,4,3.197424155100651e-06,0
6211,4,3.197424155100651e-06,0
20721,4,3.197424155100651e-06,0
15404,4,3.197424155100651e-06,0
6191,4,3.197424155100651e-06,0
15034,4,3.197424155100651e-06,0
6131,4,3.197424155100651e-06,0
5134,4,3.197424155100651e-06,0
19630,4,3.197424155100651e-06,0
10772,4,3.197424155100651e-06,0
11477,4,3.197424155100651e-06,0
19863,4,3.197424155100651e-06,0
19608,4,3.197424155100651e-06,0
19621,4,3.197424155100651e-06,0
11550,4,3.197424155100651e-06,0
11587,4,3.197424155100651e-06,0
5106,4,3.197424155100651e-06,0
11467,4,3.197424155100651e-06,0
11557,4,3.197424155100651e-06,0
11566,4,3.197424155100651e-06,0
17091,4,3.197424155100651e-06,0
17092,4,3.197424155100651e-06,0
11545,4,3.197424155100651e-06,0
11548,4,3.197424155100651e-06,0
14932,4,3.197424155100651e-06,0
14935,4,3.197424155100651e-06,0
14937,4,3.197424155100651e-06,0
14971,4,3.197424155100651e-06,0
20534,4,3.197424155100651e-06,0
20537,4,3.197424155100651e-06,0
14947,4,3.197424155100651e-06,0
14948,4,3.197424155100651e-06,0
14863,4,3.197424155100651e-06,0
20546,4,3.197424155100651e-06,0
14896,4,3.197424155100651e-06,0
18115,4,3.197424155100651e-06,0
15011,4,3.197424155100651e-06,0
14943,4,3.197424155100651e-06,0
3031,4,3.197424155100651e-06,0
18087,4,3.197424155100651e-06,0
15521,4,3.197424155100651e-06,0
14994,4,3.197424155100651e-06,0
14894,4,3.197424155100651e-06,0
16614,4,3.197424155100651e-06,0
16615,4,3.197424155100651e-06,0
16623,4,3.197424155100651e-06,0
16591,4,3.197424155100651e-06,0
19896,4,3.197424155100651e-06,0
3495,4,3.197424155100651e-06,0
16684,4,3.197424155100651e-06,0
16685,4,3.197424155100651e-06,0
17096,4,3.197424155100651e-06,0
10700,4,3.197424155100651e-06,0
10701,4,3.197424155100651e-06,0
10702,4,3.197424155100651e-06,0
10708,4,3.197424155100651e-06,0
19524,4,3.197424155100651e-06,0
16596,4,3.197424155100651e-06,0
16681,4,3.197424155100651e-06,0
19929,4,3.197424155100651e-06,0
11726,4,3.197424155100651e-06,0
10693,4,3.197424155100651e-06,0
20531,4,3.197424155100651e-06,0
9095,4,3.197424155100651e-06,0
20512,4,3.197424155100651e-06,0
9160,4,3.197424155100651e-06,0
18172,4,3.197424155100651e-06,0
20522,4,3.197424155100651e-06,0
20529,4,3.197424155100651e-06,0
14829,4,3.197424155100651e-06,0
14830,4,3.197424155100651e-06,0
14837,4,3.197424155100651e-06,0
8530,4,3.197424155100651e-06,0
8552,4,3.197424155100651e-06,0
9030,4,3.197424155100651e-06,0
20515,4,3.197424155100651e-06,0
20521,4,3.197424155100651e-06,0
6102,4,3.197424155100651e-06,0
20730,4,3.197424155100651e-06,0
8526,4,3.197424155100651e-06,0
11735,4,3.197424155100651e-06,0
11756,4,3.197424155100651e-06,0
11708,4,3.197424155100651e-06,0
11660,4,3.197424155100651e-06,0
5375,4,3.197424155100651e-06,0
11675,4,3.197424155100651e-06,0
11733,4,3.197424155100651e-06,0
11860,4,3.197424155100651e-06,0
11808,4,3.197424155100651e-06,0
11769,4,3.197424155100651e-06,0
5075,4,3.197424155100651e-06,0
19555,4,3.197424155100651e-06,0
6770,4,3.197424155100651e-06,0
7270,4,3.197424155100651e-06,0
7272,4,3.197424155100651e-06,0
16693,4,3.197424155100651e-06,0
11848,4,3.197424155100651e-06,0
15496,4,3.197424155100651e-06,0
15575,4,3.197424155100651e-06,0
15428,4,3.197424155100651e-06,0
14824,4,3.197424155100651e-06,0
14827,4,3.197424155100651e-06,0
14726,4,3.197424155100651e-06,0
4099,4,3.197424155100651e-06,0
14873,4,3.197424155100651e-06,0
14850,4,3.197424155100651e-06,0
14801,4,3.197424155100651e-06,0
2963,4,3.197424155100651e-06,0
18191,4,3.197424155100651e-06,0
9036,4,3.197424155100651e-06,0
9042,4,3.197424155100651e-06,0
9044,4,3.197424155100651e-06,0
14792,4,3.197424155100651e-06,0
6787,4,3.197424155100651e-06,0
7330,4,3.197424155100651e-06,0
7345,4,3.197424155100651e-06,0
269,4,3.197424155100651e-06,0
16649,4,3.197424155100651e-06,0
16697,4,3.197424155100651e-06,0
21073,4,3.197424155100651e-06,0
5400,4,3.197424155100651e-06,0
7291,4,3.197424155100651e-06,0
19934,4,3.197424155100651e-06,0
11918,4,3.197424155100651e-06,0
10642,4,3.197424155100651e-06,0
16560,4,3.197424155100651e-06,0
20767,4,3.197424155100651e-06,0
20749,4,3.197424155100651e-06,0
20751,4,3.197424155100651e-06,0
14755,4,3.197424155100651e-06,0
18206,4,3.197424155100651e-06,0
4292,4,3.197424155100651e-06,0
20757,4,3.197424155100651e-06,0
20761,4,3.197424155100651e-06,0
15556,4,3.197424155100651e-06,0
15562,4,3.197424155100651e-06,0
8420,4,3.197424155100651e-06,0
15593,4,3.197424155100651e-06,0
15552,4,3.197424155100651e-06,0
15573,4,3.197424155100651e-06,0
6227,4,3.197424155100651e-06,0
8496,4,3.197424155100651e-06,0
6248,4,3.197424155100651e-06,0
14808,4,3.197424155100651e-06,0
14814,4,3.197424155100651e-06,0
14818,4,3.197424155100651e-06,0
11911,4,3.197424155100651e-06,0
11879,4,3.197424155100651e-06,0
11885,4,3.197424155100651e-06,0
11831,4,3.197424155100651e-06,0
11835,4,3.197424155100651e-06,0
11706,4,3.197424155100651e-06,0
10648,4,3.197424155100651e-06,0
11864,4,3.197424155100651e-06,0
19434,4,3.197424155100651e-06,0
19438,4,3.197424155100651e-06,0
11867,4,3.197424155100651e-06,0
11890,4,3.197424155100651e-06,0
19486,4,3.197424155100651e-06,0
19489,4,3.197424155100651e-06,0
11993,4,3.197424155100651e-06,0
10605,4,3.197424155100651e-06,0
14633,4,3.197424155100651e-06,0
14657,4,3.197424155100651e-06,0
20502,4,3.197424155100651e-06,0
20507,4,3.197424155100651e-06,0
20485,4,3.197424155100651e-06,0
14682,4,3.197424155100651e-06,0
14634,4,3.197424155100651e-06,0
14638,4,3.197424155100651e-06,0
18284,4,3.197424155100651e-06,0
18235,4,3.197424155100651e-06,0
14754,4,3.197424155100651e-06,0
14678,4,3.197424155100651e-06,0
14679,4,3.197424155100651e-06,0
4293,4,3.197424155100651e-06,0
4295,4,3.197424155100651e-06,0
20774,4,3.197424155100651e-06,0
14734,4,3.197424155100651e-06,0
18299,4,3.197424155100651e-06,0
20489,4,3.197424155100651e-06,0
20473,4,3.197424155100651e-06,0
14565,4,3.197424155100651e-06,0
14567,4,3.197424155100651e-06,0
14551,4,3.197424155100651e-06,0
14586,4,3.197424155100651e-06,0
14588,4,3.197424155100651e-06,0
9128,4,3.197424155100651e-06,0
14704,4,3.197424155100651e-06,0
14713,4,3.197424155100651e-06,0
20496,4,3.197424155100651e-06,0
20497,4,3.197424155100651e-06,0
20456,4,3.197424155100651e-06,0
20458,4,3.197424155100651e-06,0
20469,4,3.197424155100651e-06,0
18256,4,3.197424155100651e-06,0
18259,4,3.197424155100651e-06,0
9188,4,3.197424155100651e-06,0
18277,4,3.197424155100651e-06,0
9167,4,3.197424155100651e-06,0
9116,4,3.197424155100651e-06,0
16600,4,3.197424155100651e-06,0
17122,4,3.197424155100651e-06,0
3667,4,3.197424155100651e-06,0
19466,4,3.197424155100651e-06,0
11943,4,3.197424155100651e-06,0
3448,4,3.197424155100651e-06,0
16580,4,3.197424155100651e-06,0
16558,4,3.197424155100651e-06,0
19417,4,3.197424155100651e-06,0
12020,4,3.197424155100651e-06,0
17207,4,3.197424155100651e-06,0
16435,4,3.197424155100651e-06,0
16455,4,3.197424155100651e-06,0
7365,4,3.197424155100651e-06,0
16552,4,3.197424155100651e-06,0
16557,4,3.197424155100651e-06,0
10495,4,3.197424155100651e-06,0
17721,4,3.197424155100651e-06,0
15598,4,3.197424155100651e-06,0
15601,4,3.197424155100651e-06,0
15611,4,3.197424155100651e-06,0
14508,4,3.197424155100651e-06,0
17705,4,3.197424155100651e-06,0
14504,4,3.197424155100651e-06,0
15653,4,3.197424155100651e-06,0
17722,4,3.197424155100651e-06,0
14581,4,3.197424155100651e-06,0
14607,4,3.197424155100651e-06,0
7569,4,3.197424155100651e-06,0
16590,4,3.197424155100651e-06,0
12025,4,3.197424155100651e-06,0
19426,4,3.197424155100651e-06,0
7513,4,3.197424155100651e-06,0
7515,4,3.197424155100651e-06,0
7567,4,3.197424155100651e-06,0
16456,4,3.197424155100651e-06,0
4971,4,3.197424155100651e-06,0
10527,4,3.197424155100651e-06,0
19985,4,3.197424155100651e-06,0
16570,4,3.197424155100651e-06,0
16506,4,3.197424155100651e-06,0
16523,4,3.197424155100651e-06,0
12086,4,3.197424155100651e-06,0
12094,4,3.197424155100651e-06,0
19403,4,3.197424155100651e-06,0
17217,4,3.197424155100651e-06,0
17221,4,3.197424155100651e-06,0
17223,4,3.197424155100651e-06,0
9332,4,3.197424155100651e-06,0
9265,4,3.197424155100651e-06,0
14429,4,3.197424155100651e-06,0
9308,4,3.197424155100651e-06,0
9321,4,3.197424155100651e-06,0
20422,4,3.197424155100651e-06,0
18371,4,3.197424155100651e-06,0
18375,4,3.197424155100651e-06,0
18319,4,3.197424155100651e-06,0
18320,4,3.197424155100651e-06,0
18326,4,3.197424155100651e-06,0
9279,4,3.197424155100651e-06,0
9284,4,3.197424155100651e-06,0
9285,4,3.197424155100651e-06,0
15650,4,3.197424155100651e-06,0
17682,4,3.197424155100651e-06,0
15661,4,3.197424155100651e-06,0
5965,4,3.197424155100651e-06,0
1873,4,3.197424155100651e-06,0
12097,4,3.197424155100651e-06,0
12050,4,3.197424155100651e-06,0
10610,4,3.197424155100651e-06,0
12031,4,3.197424155100651e-06,0
10532,4,3.197424155100651e-06,0
12117,4,3.197424155100651e-06,0
19359,4,3.197424155100651e-06,0
19979,4,3.197424155100651e-06,0
10507,4,3.197424155100651e-06,0
10512,4,3.197424155100651e-06,0
4967,4,3.197424155100651e-06,0
1984,4,3.197424155100651e-06,0
14461,4,3.197424155100651e-06,0
18382,4,3.197424155100651e-06,0
20789,4,3.197424155100651e-06,0
15677,4,3.197424155100651e-06,0
15682,4,3.197424155100651e-06,0
8337,4,3.197424155100651e-06,0
6298,4,3.197424155100651e-06,0
6306,4,3.197424155100651e-06,0
18342,4,3.197424155100651e-06,0
18351,4,3.197424155100651e-06,0
18353,4,3.197424155100651e-06,0
15669,4,3.197424155100651e-06,0
15675,4,3.197424155100651e-06,0
20788,4,3.197424155100651e-06,0
14440,4,3.197424155100651e-06,0
14521,4,3.197424155100651e-06,0
14517,4,3.197424155100651e-06,0
18336,4,3.197424155100651e-06,0
16477,4,3.197424155100651e-06,0
16491,4,3.197424155100651e-06,0
6621,4,3.197424155100651e-06,0
19365,4,3.197424155100651e-06,0
1905,4,3.197424155100651e-06,0
16465,4,3.197424155100651e-06,0
21009,4,3.197424155100651e-06,0
7467,4,3.197424155100651e-06,0
3456,4,3.197424155100651e-06,0
16474,4,3.197424155100651e-06,0
16422,4,3.197424155100651e-06,0
16425,4,3.197424155100651e-06,0
17233,4,3.197424155100651e-06,0
16230,4,3.197424155100651e-06,0
17248,4,3.197424155100651e-06,0
12238,4,3.197424155100651e-06,0
12239,4,3.197424155100651e-06,0
14382,4,3.197424155100651e-06,0
14413,4,3.197424155100651e-06,0
5953,4,3.197424155100651e-06,0
14450,4,3.197424155100651e-06,0
14192,4,3.197424155100651e-06,0
14222,4,3.197424155100651e-06,0
14223,4,3.197424155100651e-06,0
14389,4,3.197424155100651e-06,0
14362,4,3.197424155100651e-06,0
4398,4,3.197424155100651e-06,0
4399,4,3.197424155100651e-06,0
20437,4,3.197424155100651e-06,0
18499,4,3.197424155100651e-06,0
14184,4,3.197424155100651e-06,0
17660,4,3.197424155100651e-06,0
8256,4,3.197424155100651e-06,0
8322,4,3.197424155100651e-06,0
20435,4,3.197424155100651e-06,0
20417,4,3.197424155100651e-06,0
20421,4,3.197424155100651e-06,0
16334,4,3.197424155100651e-06,0
16349,4,3.197424155100651e-06,0
3759,4,3.197424155100651e-06,0
17268,4,3.197424155100651e-06,0
17247,4,3.197424155100651e-06,0
16217,4,3.197424155100651e-06,0
12195,4,3.197424155100651e-06,0
12223,4,3.197424155100651e-06,0
12111,4,3.197424155100651e-06,0
17259,4,3.197424155100651e-06,0
12338,4,3.197424155100651e-06,0
12342,4,3.197424155100651e-06,0
12422,4,3.197424155100651e-06,0
17270,4,3.197424155100651e-06,0
12273,4,3.197424155100651e-06,0
19296,4,3.197424155100651e-06,0
19297,4,3.197424155100651e-06,0
12428,4,3.197424155100651e-06,0
12431,4,3.197424155100651e-06,0
12164,4,3.197424155100651e-06,0
12320,4,3.197424155100651e-06,0
17638,4,3.197424155100651e-06,0
14342,4,3.197424155100651e-06,0
14343,4,3.197424155100651e-06,0
15780,4,3.197424155100651e-06,0
17659,4,3.197424155100651e-06,0
14349,4,3.197424155100651e-06,0
17651,4,3.197424155100651e-06,0
15745,4,3.197424155100651e-06,0
18393,4,3.197424155100651e-06,0
18394,4,3.197424155100651e-06,0
2902,4,3.197424155100651e-06,0
8338,4,3.197424155100651e-06,0
14304,4,3.197424155100651e-06,0
14415,4,3.197424155100651e-06,0
14417,4,3.197424155100651e-06,0
2858,4,3.197424155100651e-06,0
15710,4,3.197424155100651e-06,0
15711,4,3.197424155100651e-06,0
14265,4,3.197424155100651e-06,0
18472,4,3.197424155100651e-06,0
14206,4,3.197424155100651e-06,0
9492,4,3.197424155100651e-06,0
18510,4,3.197424155100651e-06,0
14081,4,3.197424155100651e-06,0
14082,4,3.197424155100651e-06,0
5867,4,3.197424155100651e-06,0
14292,4,3.197424155100651e-06,0
14297,4,3.197424155100651e-06,0
15725,4,3.197424155100651e-06,0
15734,4,3.197424155100651e-06,0
15743,4,3.197424155100651e-06,0
17622,4,3.197424155100651e-06,0
14320,4,3.197424155100651e-06,0
14326,4,3.197424155100651e-06,0
12305,4,3.197424155100651e-06,0
4932,4,3.197424155100651e-06,0
10475,4,3.197424155100651e-06,0
10463,4,3.197424155100651e-06,0
12300,4,3.197424155100651e-06,0
12227,4,3.197424155100651e-06,0
12228,4,3.197424155100651e-06,0
12432,4,3.197424155100651e-06,0
19242,4,3.197424155100651e-06,0
19248,4,3.197424155100651e-06,0
12290,4,3.197424155100651e-06,0
20008,4,3.197424155100651e-06,0
19266,4,3.197424155100651e-06,0
19268,4,3.197424155100651e-06,0
12457,4,3.197424155100651e-06,0
4006,4,3.197424155100651e-06,0
17608,4,3.197424155100651e-06,0
8227,4,3.197424155100651e-06,0
18515,4,3.197424155100651e-06,0
18520,4,3.197424155100651e-06,0
17618,4,3.197424155100651e-06,0
15776,4,3.197424155100651e-06,0
18522,4,3.197424155100651e-06,0
9464,4,3.197424155100651e-06,0
20805,4,3.197424155100651e-06,0
5878,4,3.197424155100651e-06,0
9449,4,3.197424155100651e-06,0
14315,4,3.197424155100651e-06,0
18452,4,3.197424155100651e-06,0
10394,4,3.197424155100651e-06,0
10428,4,3.197424155100651e-06,0
10434,4,3.197424155100651e-06,0
10445,4,3.197424155100651e-06,0
12377,4,3.197424155100651e-06,0
12397,4,3.197424155100651e-06,0
2039,4,3.197424155100651e-06,0
12158,4,3.197424155100651e-06,0
10426,4,3.197424155100651e-06,0
19276,4,3.197424155100651e-06,0
4811,4,3.197424155100651e-06,0
16325,4,3.197424155100651e-06,0
7756,4,3.197424155100651e-06,0
10397,4,3.197424155100651e-06,0
19232,4,3.197424155100651e-06,0
20983,4,3.197424155100651e-06,0
16283,4,3.197424155100651e-06,0
7717,4,3.197424155100651e-06,0
7720,4,3.197424155100651e-06,0
3833,4,3.197424155100651e-06,0
3805,4,3.197424155100651e-06,0
17300,4,3.197424155100651e-06,0
12575,4,3.197424155100651e-06,0
20979,4,3.197424155100651e-06,0
12454,4,3.197424155100651e-06,0
12455,4,3.197424155100651e-06,0
19201,4,3.197424155100651e-06,0
6590,4,3.197424155100651e-06,0
12653,4,3.197424155100651e-06,0
12624,4,3.197424155100651e-06,0
12632,4,3.197424155100651e-06,0
19179,4,3.197424155100651e-06,0
19181,4,3.197424155100651e-06,0
19188,4,3.197424155100651e-06,0
14096,4,3.197424155100651e-06,0
18563,4,3.197424155100651e-06,0
18573,4,3.197424155100651e-06,0
9484,4,3.197424155100651e-06,0
20376,4,3.197424155100651e-06,0
13963,4,3.197424155100651e-06,0
13996,4,3.197424155100651e-06,0
9547,4,3.197424155100651e-06,0
14203,4,3.197424155100651e-06,0
14152,4,3.197424155100651e-06,0
14158,4,3.197424155100651e-06,0
14113,4,3.197424155100651e-06,0
6393,4,3.197424155100651e-06,0
14197,4,3.197424155100651e-06,0
17634,4,3.197424155100651e-06,0
17597,4,3.197424155100651e-06,0
15773,4,3.197424155100651e-06,0
14073,4,3.197424155100651e-06,0
3942,4,3.197424155100651e-06,0
20349,4,3.197424155100651e-06,0
20368,4,3.197424155100651e-06,0
5886,4,3.197424155100651e-06,0
18548,4,3.197424155100651e-06,0
14122,4,3.197424155100651e-06,0
14128,4,3.197424155100651e-06,0
9537,4,3.197424155100651e-06,0
12605,4,3.197424155100651e-06,0
10346,4,3.197424155100651e-06,0
5485,4,3.197424155100651e-06,0
5493,4,3.197424155100651e-06,0
20052,4,3.197424155100651e-06,0
19203,4,3.197424155100651e-06,0
12582,4,3.197424155100651e-06,0
12597,4,3.197424155100651e-06,0
17306,4,3.197424155100651e-06,0
17316,4,3.197424155100651e-06,0
16307,4,3.197424155100651e-06,0
16182,4,3.197424155100651e-06,0
5454,4,3.197424155100651e-06,0
10387,4,3.197424155100651e-06,0
12695,4,3.197424155100651e-06,0
17305,4,3.197424155100651e-06,0
16157,4,3.197424155100651e-06,0
16158,4,3.197424155100651e-06,0
16194,4,3.197424155100651e-06,0
16201,4,3.197424155100651e-06,0
12648,4,3.197424155100651e-06,0
12650,4,3.197424155100651e-06,0
16180,4,3.197424155100651e-06,0
2227,4,3.197424155100651e-06,0
12789,4,3.197424155100651e-06,0
12645,4,3.197424155100651e-06,0
12647,4,3.197424155100651e-06,0
10296,4,3.197424155100651e-06,0
12772,4,3.197424155100651e-06,0
12780,4,3.197424155100651e-06,0
12639,4,3.197424155100651e-06,0
5841,4,3.197424155100651e-06,0
2705,4,3.197424155100651e-06,0
13902,4,3.197424155100651e-06,0
13913,4,3.197424155100651e-06,0
13817,4,3.197424155100651e-06,0
14008,4,3.197424155100651e-06,0
14013,4,3.197424155100651e-06,0
9607,4,3.197424155100651e-06,0
14107,4,3.197424155100651e-06,0
14047,4,3.197424155100651e-06,0
14055,4,3.197424155100651e-06,0
14059,4,3.197424155100651e-06,0
14022,4,3.197424155100651e-06,0
14028,4,3.197424155100651e-06,0
15905,4,3.197424155100651e-06,0
15915,4,3.197424155100651e-06,0
15865,4,3.197424155100651e-06,0
14100,4,3.197424155100651e-06,0
20059,4,3.197424155100651e-06,0
20069,4,3.197424155100651e-06,0
20076,4,3.197424155100651e-06,0
12732,4,3.197424155100651e-06,0
12748,4,3.197424155100651e-06,0
12727,4,3.197424155100651e-06,0
12691,4,3.197424155100651e-06,0
12693,4,3.197424155100651e-06,0
12724,4,3.197424155100651e-06,0
10335,4,3.197424155100651e-06,0
20974,4,3.197424155100651e-06,0
7780,4,3.197424155100651e-06,0
12682,4,3.197424155100651e-06,0
10321,4,3.197424155100651e-06,0
10325,4,3.197424155100651e-06,0
16169,4,3.197424155100651e-06,0
16171,4,3.197424155100651e-06,0
20966,4,3.197424155100651e-06,0
5781,4,3.197424155100651e-06,0
5784,4,3.197424155100651e-06,0
13928,4,3.197424155100651e-06,0
13881,4,3.197424155100651e-06,0
5813,4,3.197424155100651e-06,0
5818,4,3.197424155100651e-06,0
2615,4,3.197424155100651e-06,0
2617,4,3.197424155100651e-06,0
9633,4,3.197424155100651e-06,0
14036,4,3.197424155100651e-06,0
5852,4,3.197424155100651e-06,0
13845,4,3.197424155100651e-06,0
20337,4,3.197424155100651e-06,0
9598,4,3.197424155100651e-06,0
14063,4,3.197424155100651e-06,0
14064,4,3.197424155100651e-06,0
1004,4,3.197424155100651e-06,0
8055,4,3.197424155100651e-06,0
15888,4,3.197424155100651e-06,0
15892,4,3.197424155100651e-06,0
20853,4,3.197424155100651e-06,0
13843,4,3.197424155100651e-06,0
2619,4,3.197424155100651e-06,0
18636,4,3.197424155100651e-06,0
15903,4,3.197424155100651e-06,0
15937,4,3.197424155100651e-06,0
2662,4,3.197424155100651e-06,0
13862,4,3.197424155100651e-06,0
13818,4,3.197424155100651e-06,0
13918,4,3.197424155100651e-06,0
13920,4,3.197424155100651e-06,0
17370,4,3.197424155100651e-06,0
17354,4,3.197424155100651e-06,0
19085,4,3.197424155100651e-06,0
19087,4,3.197424155100651e-06,0
19089,4,3.197424155100651e-06,0
16172,4,3.197424155100651e-06,0
16177,4,3.197424155100651e-06,0
12842,4,3.197424155100651e-06,0
19097,4,3.197424155100651e-06,0
19102,4,3.197424155100651e-06,0
10182,4,3.197424155100651e-06,0
20096,4,3.197424155100651e-06,0
10341,4,3.197424155100651e-06,0
19069,4,3.197424155100651e-06,0
19055,4,3.197424155100651e-06,0
19058,4,3.197424155100651e-06,0
20107,4,3.197424155100651e-06,0
20113,4,3.197424155100651e-06,0
20115,4,3.197424155100651e-06,0
20135,4,3.197424155100651e-06,0
19092,4,3.197424155100651e-06,0
20116,4,3.197424155100651e-06,0
10197,4,3.197424155100651e-06,0
17338,4,3.197424155100651e-06,0
10272,4,3.197424155100651e-06,0
10287,4,3.197424155100651e-06,0
20151,4,3.197424155100651e-06,0
20120,4,3.197424155100651e-06,0
10254,4,3.197424155100651e-06,0
20088,4,3.197424155100651e-06,0
19091,4,3.197424155100651e-06,0
10103,4,3.197424155100651e-06,0
20140,4,3.197424155100651e-06,0
20143,4,3.197424155100651e-06,0
20145,4,3.197424155100651e-06,0
17491,4,3.197424155100651e-06,0
13778,4,3.197424155100651e-06,0
13784,4,3.197424155100651e-06,0
17511,4,3.197424155100651e-06,0
6434,4,3.197424155100651e-06,0
6437,4,3.197424155100651e-06,0
17553,4,3.197424155100651e-06,0
17565,4,3.197424155100651e-06,0
8075,4,3.197424155100651e-06,0
8170,4,3.197424155100651e-06,0
13841,4,3.197424155100651e-06,0
17543,4,3.197424155100651e-06,0
19019,4,3.197424155100651e-06,0
19023,4,3.197424155100651e-06,0
20133,4,3.197424155100651e-06,0
10138,4,3.197424155100651e-06,0
10157,4,3.197424155100651e-06,0
12817,4,3.197424155100651e-06,0
12823,4,3.197424155100651e-06,0
19067,4,3.197424155100651e-06,0
12909,4,3.197424155100651e-06,0
13013,4,3.197424155100651e-06,0
17357,4,3.197424155100651e-06,0
17385,4,3.197424155100651e-06,0
12760,4,3.197424155100651e-06,0
17386,4,3.197424155100651e-06,0
16102,4,3.197424155100651e-06,0
3866,4,3.197424155100651e-06,0
19015,4,3.197424155100651e-06,0
19017,4,3.197424155100651e-06,0
12972,4,3.197424155100651e-06,0
13686,4,3.197424155100651e-06,0
13658,4,3.197424155100651e-06,0
20287,4,3.197424155100651e-06,0
1092,4,3.197424155100651e-06,0
13602,4,3.197424155100651e-06,0
13691,4,3.197424155100651e-06,0
13637,4,3.197424155100651e-06,0
4601,4,3.197424155100651e-06,0
18745,4,3.197424155100651e-06,0
4532,4,3.197424155100651e-06,0
4536,4,3.197424155100651e-06,0
2596,4,3.197424155100651e-06,0
13790,4,3.197424155100651e-06,0
16116,4,3.197424155100651e-06,0
16109,4,3.197424155100651e-06,0
17368,4,3.197424155100651e-06,0
18986,4,3.197424155100651e-06,0
5591,4,3.197424155100651e-06,0
12986,4,3.197424155100651e-06,0
12942,4,3.197424155100651e-06,0
16114,4,3.197424155100651e-06,0
20182,4,3.197424155100651e-06,0
10088,4,3.197424155100651e-06,0
20172,4,3.197424155100651e-06,0
7825,4,3.197424155100651e-06,0
20928,4,3.197424155100651e-06,0
13088,4,3.197424155100651e-06,0
10111,4,3.197424155100651e-06,0
10114,4,3.197424155100651e-06,0
13099,4,3.197424155100651e-06,0
20215,4,3.197424155100651e-06,0
20217,4,3.197424155100651e-06,0
20225,4,3.197424155100651e-06,0
13559,4,3.197424155100651e-06,0
13563,4,3.197424155100651e-06,0
13523,4,3.197424155100651e-06,0
13527,4,3.197424155100651e-06,0
13538,4,3.197424155100651e-06,0
9855,4,3.197424155100651e-06,0
9856,4,3.197424155100651e-06,0
17542,4,3.197424155100651e-06,0
18722,4,3.197424155100651e-06,0
9769,4,3.197424155100651e-06,0
13517,4,3.197424155100651e-06,0
13520,4,3.197424155100651e-06,0
9863,4,3.197424155100651e-06,0
9771,4,3.197424155100651e-06,0
15935,4,3.197424155100651e-06,0
17532,4,3.197424155100651e-06,0
17540,4,3.197424155100651e-06,0
16043,4,3.197424155100651e-06,0
16051,4,3.197424155100651e-06,0
20891,4,3.197424155100651e-06,0
16025,4,3.197424155100651e-06,0
16039,4,3.197424155100651e-06,0
20880,4,3.197424155100651e-06,0
13605,4,3.197424155100651e-06,0
18756,4,3.197424155100651e-06,0
18767,4,3.197424155100651e-06,0
7923,4,3.197424155100651e-06,0
9824,4,3.197424155100651e-06,0
9825,4,3.197424155100651e-06,0
13484,4,3.197424155100651e-06,0
13542,4,3.197424155100651e-06,0
19048,4,3.197424155100651e-06,0
12879,4,3.197424155100651e-06,0
4709,4,3.197424155100651e-06,0
18953,4,3.197424155100651e-06,0
18956,4,3.197424155100651e-06,0
13153,4,3.197424155100651e-06,0
18992,4,3.197424155100651e-06,0
19001,4,3.197424155100651e-06,0
13046,4,3.197424155100651e-06,0
13025,4,3.197424155100651e-06,0
13056,4,3.197424155100651e-06,0
13267,4,3.197424155100651e-06,0
19030,4,3.197424155100651e-06,0
19035,4,3.197424155100651e-06,0
2372,4,3.197424155100651e-06,0
5620,4,3.197424155100651e-06,0
5623,4,3.197424155100651e-06,0
17406,4,3.197424155100651e-06,0
9888,4,3.197424155100651e-06,0
18862,4,3.197424155100651e-06,0
13391,4,3.197424155100651e-06,0
13385,4,3.197424155100651e-06,0
18871,4,3.197424155100651e-06,0
2468,4,3.197424155100651e-06,0
20227,4,3.197424155100651e-06,0
7897,4,3.197424155100651e-06,0
7883,4,3.197424155100651e-06,0
16021,4,3.197424155100651e-06,0
13398,4,3.197424155100651e-06,0
7980,4,3.197424155100651e-06,0
7946,4,3.197424155100651e-06,0
17441,4,3.197424155100651e-06,0
7948,4,3.197424155100651e-06,0
10052,4,3.197424155100651e-06,0
10095,4,3.197424155100651e-06,0
20170,4,3.197424155100651e-06,0
13168,4,3.197424155100651e-06,0
13169,4,3.197424155100651e-06,0
4630,4,3.197424155100651e-06,0
5611,4,3.197424155100651e-06,0
5615,4,3.197424155100651e-06,0
7789,4,3.197424155100651e-06,0
20916,4,3.197424155100651e-06,0
9981,4,3.197424155100651e-06,0
20199,4,3.197424155100651e-06,0
20203,4,3.197424155100651e-06,0
20921,4,3.197424155100651e-06,0
20923,4,3.197424155100651e-06,0
20925,4,3.197424155100651e-06,0
13248,4,3.197424155100651e-06,0
20932,4,3.197424155100651e-06,0
17419,4,3.197424155100651e-06,0
17425,4,3.197424155100651e-06,0
20896,4,3.197424155100651e-06,0
20899,4,3.197424155100651e-06,0
16064,4,3.197424155100651e-06,0
16066,4,3.197424155100651e-06,0
7833,4,3.197424155100651e-06,0
20914,4,3.197424155100651e-06,0
17443,4,3.197424155100651e-06,0
17444,4,3.197424155100651e-06,0
17448,4,3.197424155100651e-06,0
13341,4,3.197424155100651e-06,0
13352,4,3.197424155100651e-06,0
3342,4,3.197424155100651e-06,0
3343,4,3.197424155100651e-06,0
16005,4,3.197424155100651e-06,0
13457,4,3.197424155100651e-06,0
13463,4,3.197424155100651e-06,0
13337,4,3.197424155100651e-06,0
9978,4,3.197424155100651e-06,0
16074,4,3.197424155100651e-06,0
16075,4,3.197424155100651e-06,0
16080,4,3.197424155100651e-06,0
13409,4,3.197424155100651e-06,0
13417,4,3.197424155100651e-06,0
18839,4,3.197424155100651e-06,0
13443,4,3.197424155100651e-06,0
20210,4,3.197424155100651e-06,0
9960,4,3.197424155100651e-06,0
9970,4,3.197424155100651e-06,0
13476,4,3.197424155100651e-06,0
2513,4,3.197424155100651e-06,0
16869,4,3.197424155100651e-06,0
17028,4,3.197424155100651e-06,0
15200,4,3.197424155100651e-06,0
15206,4,3.197424155100651e-06,0
15167,4,3.197424155100651e-06,0
7107,4,3.197424155100651e-06,0
19793,4,3.197424155100651e-06,0
11069,4,3.197424155100651e-06,0
15350,4,3.197424155100651e-06,0
15272,4,3.197424155100651e-06,0
21168,4,3.197424155100651e-06,0
16894,4,3.197424155100651e-06,0
16998,4,3.197424155100651e-06,0
16999,4,3.197424155100651e-06,0
1415,4,3.197424155100651e-06,0
21147,4,3.197424155100651e-06,0
21149,4,3.197424155100651e-06,0
16883,4,3.197424155100651e-06,0
19772,4,3.197424155100651e-06,0
7161,4,3.197424155100651e-06,0
6834,4,3.197424155100651e-06,0
17027,4,3.197424155100651e-06,0
19819,4,3.197424155100651e-06,0
19822,4,3.197424155100651e-06,0
11018,4,3.197424155100651e-06,0
11030,4,3.197424155100651e-06,0
11037,4,3.197424155100651e-06,0
16993,4,3.197424155100651e-06,0
237,4,3.197424155100651e-06,0
5264,4,3.197424155100651e-06,0
11010,4,3.197424155100651e-06,0
11012,4,3.197424155100651e-06,0
11013,4,3.197424155100651e-06,0
6891,3,2.398068116325488e-06,-1
160,3,2.398068116325488e-06,-1
21185,3,2.398068116325488e-06,-1
5282,3,2.398068116325488e-06,-1
1431,3,2.398068116325488e-06,-1
11027,3,2.398068116325488e-06,0
19802,3,2.398068116325488e-06,-1
16992,3,2.398068116325488e-06,-1
11005,3,2.398068116325488e-06,0
11149,3,2.398068116325488e-06,0
11157,3,2.398068116325488e-06,0
11206,3,2.398068116325488e-06,-1
20623,3,2.398068116325488e-06,-1
20626,3,2.398068116325488e-06,-1
17968,3,2.398068116325488e-06,0
8721,3,2.398068116325488e-06,-1
15296,3,2.398068116325488e-06,-1
17897,3,2.398068116325488e-06,0
8659,3,2.398068116325488e-06,-1
15241,3,2.398068116325488e-06,-1
8674,3,2.398068116325488e-06,-1
8677,3,2.398068116325488e-06,-1
20651,3,2.398068116325488e-06,-1
10930,3,2.398068116325488e-06,-1
17928,3,2.398068116325488e-06,0
17935,3,2.398068116325488e-06,0
15246,3,2.398068116325488e-06,-1
15253,3,2.398068116325488e-06,-1
15257,3,2.398068116325488e-06,-1
17966,3,2.398068116325488e-06,0
4165,3,2.398068116325488e-06,-1
4190,3,2.398068116325488e-06,-1
17052,3,2.398068116325488e-06,-1
16817,3,2.398068116325488e-06,-1
3601,3,2.398068116325488e-06,-1
17024,3,2.398068116325488e-06,-1
3141,3,2.398068116325488e-06,-1
20646,3,2.398068116325488e-06,-1
15176,3,2.398068116325488e-06,-1
15120,3,2.398068116325488e-06,-1
13279,3,2.398068116325488e-06,-1
5613,3,2.398068116325488e-06,-1
20179,3,2.398068116325488e-06,0
20157,3,2.398068116325488e-06,0
20166,3,2.398068116325488e-06,0
20167,3,2.398068116325488e-06,0
13138,3,2.398068116325488e-06,-1
13151,3,2.398068116325488e-06,-1
17411,3,2.398068116325488e-06,-1
13308,3,2.398068116325488e-06,-1
20933,3,2.398068116325488e-06,-1
20917,3,2.398068116325488e-06,-1
20920,3,2.398068116325488e-06,-1
13281,3,2.398068116325488e-06,-1
20206,3,2.398068116325488e-06,0
20209,3,2.398068116325488e-06,0
17416,3,2.398068116325488e-06,-1
16084,3,2.398068116325488e-06,-1
20913,3,2.398068116325488e-06,-1
17420,3,2.398068116325488e-06,-1
17428,3,2.398068116325488e-06,-1
17405,3,2.398068116325488e-06,-1
20898,3,2.398068116325488e-06,-1
20902,3,2.398068116325488e-06,-1
3350,3,2.398068116325488e-06,-1
16090,3,2.398068116325488e-06,-1
16085,3,2.398068116325488e-06,-1
16006,3,2.398068116325488e-06,-1
16067,3,2.398068116325488e-06,-1
16069,3,2.398068116325488e-06,-1
13356,3,2.398068116325488e-06,-1
13372,3,2.398068116325488e-06,-1
13326,3,2.398068116325488e-06,-1
13224,3,2.398068116325488e-06,-1
13252,3,2.398068116325488e-06,-1
13261,3,2.398068116325488e-06,-1
13270,3,2.398068116325488e-06,-1
13275,3,2.398068116325488e-06,-1
19041,3,2.398068116325488e-06,-1
18998,3,2.398068116325488e-06,-1
20228,3,2.398068116325488e-06,0
5666,3,2.398068116325488e-06,-1
5698,3,2.398068116325488e-06,-1
13388,3,2.398068116325488e-06,-1
13380,3,2.398068116325488e-06,-1
18848,3,2.398068116325488e-06,-1
13210,3,2.398068116325488e-06,-1
13212,3,2.398068116325488e-06,-1
18806,3,2.398068116325488e-06,-1
6522,3,2.398068116325488e-06,-1
16024,3,2.398068116325488e-06,-1
13392,3,2.398068116325488e-06,-1
13400,3,2.398068116325488e-06,-1
13401,3,2.398068116325488e-06,-1
18870,3,2.398068116325488e-06,-1
18857,3,2.398068116325488e-06,-1
20204,3,2.398068116325488e-06,0
20205,3,2.398068116325488e-06,0
13214,3,2.398068116325488e-06,-1
13246,3,2.398068116325488e-06,-1
13059,3,2.398068116325488e-06,-1
6468,3,2.398068116325488e-06,-1
7982,3,2.398068116325488e-06,-1
20877,3,2.398068116325488e-06,-1
9785,3,2.398068116325488e-06,-1
20303,3,2.398068116325488e-06,0
9729,3,2.398068116325488e-06,-1
13522,3,2.398068116325488e-06,-1
9847,3,2.398068116325488e-06,-1
13537,3,2.398068116325488e-06,-1
13552,3,2.398068116325488e-06,-1
20212,3,2.398068116325488e-06,0
18818,3,2.398068116325488e-06,-1
20884,3,2.398068116325488e-06,-1
6438,3,2.398068116325488e-06,-1
6447,3,2.398068116325488e-06,-1
17467,3,2.398068116325488e-06,-1
6454,3,2.398068116325488e-06,-1
9859,3,2.398068116325488e-06,-1
9781,3,2.398068116325488e-06,-1
13545,3,2.398068116325488e-06,-1
18765,3,2.398068116325488e-06,-1
20892,3,2.398068116325488e-06,-1
13511,3,2.398068116325488e-06,-1
13503,3,2.398068116325488e-06,-1
13504,3,2.398068116325488e-06,-1
13442,3,2.398068116325488e-06,-1
18816,3,2.398068116325488e-06,-1
19006,3,2.398068116325488e-06,-1
13105,3,2.398068116325488e-06,-1
13008,3,2.398068116325488e-06,-1
12874,3,2.398068116325488e-06,-1
5704,3,2.398068116325488e-06,-1
5705,3,2.398068116325488e-06,-1
5706,3,2.398068116325488e-06,-1
18788,3,2.398068116325488e-06,-1
18737,3,2.398068116325488e-06,-1
13668,3,2.398068116325488e-06,-1
18746,3,2.398068116325488e-06,-1
18750,3,2.398068116325488e-06,-1
4552,3,2.398068116325488e-06,0
13592,3,2.398068116325488e-06,-1
13482,3,2.398068116325488e-06,-1
9803,3,2.398068116325488e-06,-1
17369,3,2.398068116325488e-06,-1
18739,3,2.398068116325488e-06,-1
18740,3,2.398068116325488e-06,-1
18711,3,2.398068116325488e-06,-1
13788,3,2.398068116325488e-06,-1
2580,3,2.398068116325488e-06,0
4589,3,2.398068116325488e-06,0
18736,3,2.398068116325488e-06,-1
16133,3,2.398068116325488e-06,-1
12979,3,2.398068116325488e-06,-1
16106,3,2.398068116325488e-06,-1
16137,3,2.398068116325488e-06,-1
16119,3,2.398068116325488e-06,-1
17399,3,2.398068116325488e-06,-1
17402,3,2.398068116325488e-06,-1
17361,3,2.398068116325488e-06,-1
20223,3,2.398068116325488e-06,0
13553,3,2.398068116325488e-06,-1
13155,3,2.398068116325488e-06,-1
13156,3,2.398068116325488e-06,-1
13018,3,2.398068116325488e-06,-1
13021,3,2.398068116325488e-06,-1
20175,3,2.398068116325488e-06,0
13124,3,2.398068116325488e-06,-1
17546,3,2.398068116325488e-06,-1
17551,3,2.398068116325488e-06,-1
3880,3,2.398068116325488e-06,-1
17531,3,2.398068116325488e-06,-1
15930,3,2.398068116325488e-06,-1
7930,3,2.398068116325488e-06,-1
15983,3,2.398068116325488e-06,-1
15994,3,2.398068116325488e-06,-1
19027,3,2.398068116325488e-06,-1
8141,3,2.398068116325488e-06,0
8178,3,2.398068116325488e-06,0
15951,3,2.398068116325488e-06,-1
13887,3,2.398068116325488e-06,-1
8008,3,2.398068116325488e-06,-1
15924,3,2.398068116325488e-06,-1
15817,3,2.398068116325488e-06,-1
12824,3,2.398068116325488e-06,-1
12759,3,2.398068116325488e-06,-1
12761,3,2.398068116325488e-06,-1
12815,3,2.398068116325488e-06,-1
20154,3,2.398068116325488e-06,0
19044,3,2.398068116325488e-06,-1
19046,3,2.398068116325488e-06,-1
12912,3,2.398068116325488e-06,-1
13680,3,2.398068116325488e-06,-1
13687,3,2.398068116325488e-06,-1
13689,3,2.398068116325488e-06,-1
5712,3,2.398068116325488e-06,-1
17397,3,2.398068116325488e-06,-1
16105,3,2.398068116325488e-06,-1
17382,3,2.398068116325488e-06,-1
17383,3,2.398068116325488e-06,-1
19098,3,2.398068116325488e-06,-1
19107,3,2.398068116325488e-06,-1
12765,3,2.398068116325488e-06,-1
16176,3,2.398068116325488e-06,-1
16178,3,2.398068116325488e-06,-1
17371,3,2.398068116325488e-06,-1
17350,3,2.398068116325488e-06,-1
20961,3,2.398068116325488e-06,0
19065,3,2.398068116325488e-06,-1
10173,3,2.398068116325488e-06,0
10174,3,2.398068116325488e-06,0
12862,3,2.398068116325488e-06,-1
12837,3,2.398068116325488e-06,-1
12838,3,2.398068116325488e-06,-1
12843,3,2.398068116325488e-06,-1
19063,3,2.398068116325488e-06,-1
20148,3,2.398068116325488e-06,-1
20150,3,2.398068116325488e-06,-1
20121,3,2.398068116325488e-06,-1
20125,3,2.398068116325488e-06,-1
19095,3,2.398068116325488e-06,-1
10281,3,2.398068116325488e-06,0
20097,3,2.398068116325488e-06,-1
20109,3,2.398068116325488e-06,-1
17468,3,2.398068116325488e-06,-1
17480,3,2.398068116325488e-06,-1
15956,3,2.398068116325488e-06,-1
15958,3,2.398068116325488e-06,-1
13775,3,2.398068116325488e-06,-1
12960,3,2.398068116325488e-06,-1
12951,3,2.398068116325488e-06,-1
19003,3,2.398068116325488e-06,-1
20307,3,2.398068116325488e-06,0
9557,3,2.398068116325488e-06,-1
5809,3,2.398068116325488e-06,0
5810,3,2.398068116325488e-06,0
9653,3,2.398068116325488e-06,-1
9638,3,2.398068116325488e-06,-1
13876,3,2.398068116325488e-06,-1
1070,3,2.398068116325488e-06,-1
15890,3,2.398068116325488e-06,-1
15902,3,2.398068116325488e-06,-1
421,3,2.398068116325488e-06,-1
423,3,2.398068116325488e-06,-1
18618,3,2.398068116325488e-06,-1
9591,3,2.398068116325488e-06,-1
20341,3,2.398068116325488e-06,0
14045,3,2.398068116325488e-06,-1
18633,3,2.398068116325488e-06,-1
15938,3,2.398068116325488e-06,-1
13825,3,2.398068116325488e-06,-1
13830,3,2.398068116325488e-06,-1
13767,3,2.398068116325488e-06,-1
8092,3,2.398068116325488e-06,-1
8106,3,2.398068116325488e-06,-1
8052,3,2.398068116325488e-06,-1
20963,3,2.398068116325488e-06,0
20949,3,2.398068116325488e-06,-1
13858,3,2.398068116325488e-06,-1
13860,3,2.398068116325488e-06,-1
9613,3,2.398068116325488e-06,-1
13922,3,2.398068116325488e-06,-1
18627,3,2.398068116325488e-06,-1
18630,3,2.398068116325488e-06,-1
13933,3,2.398068116325488e-06,-1
9609,3,2.398068116325488e-06,-1
2712,3,2.398068116325488e-06,-1
2713,3,2.398068116325488e-06,-1
9561,3,2.398068116325488e-06,-1
20327,3,2.398068116325488e-06,0
20328,3,2.398068116325488e-06,0
4752,3,2.398068116325488e-06,-1
12746,3,2.398068116325488e-06,-1
15832,3,2.398068116325488e-06,-1
15909,3,2.398068116325488e-06,-1
14076,3,2.398068116325488e-06,-1
14097,3,2.398068116325488e-06,-1
14110,3,2.398068116325488e-06,-1
14018,3,2.398068116325488e-06,-1
13932,3,2.398068116325488e-06,-1
20972,3,2.398068116325488e-06,0
20973,3,2.398068116325488e-06,0
6550,3,2.398068116325488e-06,-1
10334,3,2.398068116325488e-06,0
19168,3,2.398068116325488e-06,-1
12638,3,2.398068116325488e-06,0
12723,3,2.398068116325488e-06,0
20053,3,2.398068116325488e-06,-1
20298,3,2.398068116325488e-06,0
20302,3,2.398068116325488e-06,0
13886,3,2.398068116325488e-06,-1
20950,3,2.398068116325488e-06,-1
20952,3,2.398068116325488e-06,-1
16170,3,2.398068116325488e-06,-1
20965,3,2.398068116325488e-06,0
20968,3,2.398068116325488e-06,0
10399,3,2.398068116325488e-06,0
20043,3,2.398068116325488e-06,-1
12589,3,2.398068116325488e-06,0
10396,3,2.398068116325488e-06,0
12599,3,2.398068116325488e-06,0
12603,3,2.398068116325488e-06,0
19204,3,2.398068116325488e-06,-1
19210,3,2.398068116325488e-06,-1
16145,3,2.398068116325488e-06,-1
16148,3,2.398068116325488e-06,-1
16206,3,2.398068116325488e-06,-1
16213,3,2.398068116325488e-06,-1
17318,3,2.398068116325488e-06,-1
3777,3,2.398068116325488e-06,-1
17315,3,2.398068116325488e-06,-1
10389,3,2.398068116325488e-06,0
19154,3,2.398068116325488e-06,-1
19156,3,2.398068116325488e-06,-1
17323,3,2.398068116325488e-06,-1
16153,3,2.398068116325488e-06,-1
16164,3,2.398068116325488e-06,-1
16166,3,2.398068116325488e-06,-1
17331,3,2.398068116325488e-06,-1
16144,3,2.398068116325488e-06,-1
2270,3,2.398068116325488e-06,0
2274,3,2.398068116325488e-06,0
10298,3,2.398068116325488e-06,0
12642,3,2.398068116325488e-06,0
12643,3,2.398068116325488e-06,0
12791,3,2.398068116325488e-06,-1
12730,3,2.398068116325488e-06,0
12649,3,2.398068116325488e-06,0
14086,3,2.398068116325488e-06,-1
14093,3,2.398068116325488e-06,-1
14202,3,2.398068116325488e-06,-1
18513,3,2.398068116325488e-06,-1
18542,3,2.398068116325488e-06,-1
14070,3,2.398068116325488e-06,-1
13974,3,2.398068116325488e-06,-1
13991,3,2.398068116325488e-06,-1
17594,3,2.398068116325488e-06,-1
18583,3,2.398068116325488e-06,-1
14071,3,2.398068116325488e-06,-1
15829,3,2.398068116325488e-06,-1
15775,3,2.398068116325488e-06,-1
8180,3,2.398068116325488e-06,0
8187,3,2.398068116325488e-06,0
6325,3,2.398068116325488e-06,-1
17596,3,2.398068116325488e-06,-1
15751,3,2.398068116325488e-06,0
9575,3,2.398068116325488e-06,-1
15870,3,2.398068116325488e-06,-1
15795,3,2.398068116325488e-06,-1
17587,3,2.398068116325488e-06,-1
17589,3,2.398068116325488e-06,-1
17592,3,2.398068116325488e-06,-1
9535,3,2.398068116325488e-06,-1
14180,3,2.398068116325488e-06,-1
14174,3,2.398068116325488e-06,-1
14178,3,2.398068116325488e-06,-1
20357,3,2.398068116325488e-06,0
20373,3,2.398068116325488e-06,0
3993,3,2.398068116325488e-06,-1
17595,3,2.398068116325488e-06,-1
12521,3,2.398068116325488e-06,0
17277,3,2.398068116325488e-06,-1
7689,3,2.398068116325488e-06,-1
10446,3,2.398068116325488e-06,-1
12353,3,2.398068116325488e-06,0
4925,3,2.398068116325488e-06,-1
2035,3,2.398068116325488e-06,-1
12159,3,2.398068116325488e-06,-1
16273,3,2.398068116325488e-06,-1
16300,3,2.398068116325488e-06,-1
7700,3,2.398068116325488e-06,-1
16313,3,2.398068116325488e-06,-1
7732,3,2.398068116325488e-06,-1
20985,3,2.398068116325488e-06,-1
10398,3,2.398068116325488e-06,0
12563,3,2.398068116325488e-06,0
12451,3,2.398068116325488e-06,-1
19197,3,2.398068116325488e-06,-1
6591,3,2.398068116325488e-06,-1
16309,3,2.398068116325488e-06,-1
3835,3,2.398068116325488e-06,-1
20989,3,2.398068116325488e-06,-1
20982,3,2.398068116325488e-06,-1
16271,3,2.398068116325488e-06,-1
18625,3,2.398068116325488e-06,-1
14132,3,2.398068116325488e-06,-1
14135,3,2.398068116325488e-06,-1
18553,3,2.398068116325488e-06,-1
14142,3,2.398068116325488e-06,-1
20374,3,2.398068116325488e-06,0
19214,3,2.398068116325488e-06,-1
12619,3,2.398068116325488e-06,0
10484,3,2.398068116325488e-06,-1
12462,3,2.398068116325488e-06,-1
12534,3,2.398068116325488e-06,0
4853,3,2.398068116325488e-06,-1
19222,3,2.398068116325488e-06,-1
19240,3,2.398068116325488e-06,-1
20003,3,2.398068116325488e-06,-1
10468,3,2.398068116325488e-06,-1
14159,3,2.398068116325488e-06,-1
615,3,2.398068116325488e-06,0
8282,3,2.398068116325488e-06,0
17607,3,2.398068116325488e-06,0
6370,3,2.398068116325488e-06,-1
18517,3,2.398068116325488e-06,-1
12403,3,2.398068116325488e-06,0
19267,3,2.398068116325488e-06,-1
2782,3,2.398068116325488e-06,-1
18460,3,2.398068116325488e-06,-1
14287,3,2.398068116325488e-06,-1
5883,3,2.398068116325488e-06,0
20380,3,2.398068116325488e-06,0
8228,3,2.398068116325488e-06,0
17631,3,2.398068116325488e-06,0
17615,3,2.398068116325488e-06,0
12163,3,2.398068116325488e-06,-1
10422,3,2.398068116325488e-06,-1
19277,3,2.398068116325488e-06,-1
12402,3,2.398068116325488e-06,0
9496,3,2.398068116325488e-06,-1
9499,3,2.398068116325488e-06,-1
9450,3,2.398068116325488e-06,-1
20391,3,2.398068116325488e-06,0
15713,3,2.398068116325488e-06,0
14411,3,2.398068116325488e-06,0
14445,3,2.398068116325488e-06,0
15693,3,2.398068116325488e-06,0
8343,3,2.398068116325488e-06,0
15697,3,2.398068116325488e-06,0
15702,3,2.398068116325488e-06,0
14314,3,2.398068116325488e-06,0
14083,3,2.398068116325488e-06,-1
20394,3,2.398068116325488e-06,0
14264,3,2.398068116325488e-06,-1
9447,3,2.398068116325488e-06,-1
14279,3,2.398068116325488e-06,-1
20385,3,2.398068116325488e-06,0
9493,3,2.398068116325488e-06,-1
14355,3,2.398068116325488e-06,0
14322,3,2.398068116325488e-06,0
14336,3,2.398068116325488e-06,-1
14337,3,2.398068116325488e-06,-1
14340,3,2.398068116325488e-06,0
14207,3,2.398068116325488e-06,-1
14221,3,2.398068116325488e-06,-1
14250,3,2.398068116325488e-06,-1
18512,3,2.398068116325488e-06,-1
12434,3,2.398068116325488e-06,-1
12302,3,2.398068116325488e-06,0
19990,3,2.398068116325488e-06,-1
19991,3,2.398068116325488e-06,-1
4953,3,2.398068116325488e-06,-1
19281,3,2.398068116325488e-06,-1
19292,3,2.398068116325488e-06,-1
15739,3,2.398068116325488e-06,-1
14376,3,2.398068116325488e-06,0
5905,3,2.398068116325488e-06,0
14449,3,2.398068116325488e-06,0
14302,3,2.398068116325488e-06,-1
3826,3,2.398068116325488e-06,-1
16310,3,2.398068116325488e-06,-1
17254,3,2.398068116325488e-06,-1
16459,3,2.398068116325488e-06,-1
8368,3,2.398068116325488e-06,0
8328,3,2.398068116325488e-06,0
14456,3,2.398068116325488e-06,0
20438,3,2.398068116325488e-06,0
14189,3,2.398068116325488e-06,-1
14190,3,2.398068116325488e-06,-1
14318,3,2.398068116325488e-06,0
14409,3,2.398068116325488e-06,0
19278,3,2.398068116325488e-06,-1
17276,3,2.398068116325488e-06,-1
12166,3,2.398068116325488e-06,-1
12171,3,2.398068116325488e-06,-1
17256,3,2.398068116325488e-06,-1
16400,3,2.398068116325488e-06,-1
17267,3,2.398068116325488e-06,-1
16220,3,2.398068116325488e-06,-1
17649,3,2.398068116325488e-06,0
15748,3,2.398068116325488e-06,0
17661,3,2.398068116325488e-06,0
17663,3,2.398068116325488e-06,0
15688,3,2.398068116325488e-06,0
19299,3,2.398068116325488e-06,-1
12324,3,2.398068116325488e-06,0
12333,3,2.398068116325488e-06,0
14463,3,2.398068116325488e-06,0
4968,3,2.398068116325488e-06,-1
4970,3,2.398068116325488e-06,-1
12112,3,2.398068116325488e-06,-1
12152,3,2.398068116325488e-06,-1
19351,3,2.398068116325488e-06,-1
4989,3,2.398068116325488e-06,-1
19358,3,2.398068116325488e-06,-1
18354,3,2.398068116325488e-06,-1
15678,3,2.398068116325488e-06,0
15681,3,2.398068116325488e-06,0
20779,3,2.398068116325488e-06,-1
20781,3,2.398068116325488e-06,-1
20786,3,2.398068116325488e-06,-1
20787,3,2.398068116325488e-06,-1
20768,3,2.398068116325488e-06,-1
16497,3,2.398068116325488e-06,-1
7658,3,2.398068116325488e-06,-1
12106,3,2.398068116325488e-06,-1
18367,3,2.398068116325488e-06,-1
14526,3,2.398068116325488e-06,0
14483,3,2.398068116325488e-06,0
18334,3,2.398068116325488e-06,-1
14500,3,2.398068116325488e-06,0
17227,3,2.398068116325488e-06,-1
3723,3,2.398068116325488e-06,-1
7613,3,2.398068116325488e-06,-1
21004,3,2.398068116325488e-06,0
21005,3,2.398068116325488e-06,0
7659,3,2.398068116325488e-06,-1
7665,3,2.398068116325488e-06,-1
21018,3,2.398068116325488e-06,0
14422,3,2.398068116325488e-06,0
14428,3,2.398068116325488e-06,0
12083,3,2.398068116325488e-06,-1
19400,3,2.398068116325488e-06,-1
10524,3,2.398068116325488e-06,-1
7445,3,2.398068116325488e-06,-1
19430,3,2.398068116325488e-06,-1
11963,3,2.398068116325488e-06,-1
18325,3,2.398068116325488e-06,-1
18330,3,2.398068116325488e-06,-1
9287,3,2.398068116325488e-06,-1
20431,3,2.398068116325488e-06,0
14489,3,2.398068116325488e-06,-1
14474,3,2.398068116325488e-06,0
20448,3,2.398068116325488e-06,0
20451,3,2.398068116325488e-06,0
12000,3,2.398068116325488e-06,-1
12001,3,2.398068116325488e-06,-1
10496,3,2.398068116325488e-06,-1
11969,3,2.398068116325488e-06,-1
15651,3,2.398068116325488e-06,0
17688,3,2.398068116325488e-06,0
9260,3,2.398068116325488e-06,-1
5972,3,2.398068116325488e-06,0
10497,3,2.398068116325488e-06,-1
19975,3,2.398068116325488e-06,-1
19405,3,2.398068116325488e-06,-1
10534,3,2.398068116325488e-06,-1
12098,3,2.398068116325488e-06,-1
12102,3,2.398068116325488e-06,-1
12044,3,2.398068116325488e-06,-1
12132,3,2.398068116325488e-06,-1
14532,3,2.398068116325488e-06,-1
17694,3,2.398068116325488e-06,0
15644,3,2.398068116325488e-06,0
16547,3,2.398068116325488e-06,-1
16553,3,2.398068116325488e-06,-1
5417,3,2.398068116325488e-06,-1
19413,3,2.398068116325488e-06,-1
19420,3,2.398068116325488e-06,-1
15623,3,2.398068116325488e-06,0
17724,3,2.398068116325488e-06,0
15606,3,2.398068116325488e-06,0
14542,3,2.398068116325488e-06,-1
17708,3,2.398068116325488e-06,0
17712,3,2.398068116325488e-06,0
15595,3,2.398068116325488e-06,0
15604,3,2.398068116325488e-06,0
14577,3,2.398068116325488e-06,-1
14578,3,2.398068116325488e-06,-1
4328,3,2.398068116325488e-06,-1
14603,3,2.398068116325488e-06,-1
14608,3,2.398068116325488e-06,-1
18301,3,2.398068116325488e-06,-1
2944,3,2.398068116325488e-06,-1
18303,3,2.398068116325488e-06,-1
7579,3,2.398068116325488e-06,-1
6674,3,2.398068116325488e-06,-1
7532,3,2.398068116325488e-06,-1
7548,3,2.398068116325488e-06,-1
6736,3,2.398068116325488e-06,-1
6740,3,2.398068116325488e-06,-1
18288,3,2.398068116325488e-06,-1
14569,3,2.398068116325488e-06,-1
14686,3,2.398068116325488e-06,-1
18242,3,2.398068116325488e-06,-1
14753,3,2.398068116325488e-06,-1
14680,3,2.398068116325488e-06,-1
14681,3,2.398068116325488e-06,-1
14651,3,2.398068116325488e-06,-1
4341,3,2.398068116325488e-06,-1
4346,3,2.398068116325488e-06,-1
14590,3,2.398068116325488e-06,-1
20472,3,2.398068116325488e-06,0
20479,3,2.398068116325488e-06,-1
14612,3,2.398068116325488e-06,-1
15618,3,2.398068116325488e-06,0
20777,3,2.398068116325488e-06,-1
14729,3,2.398068116325488e-06,-1
14749,3,2.398068116325488e-06,-1
16583,3,2.398068116325488e-06,-1
19461,3,2.398068116325488e-06,-1
18253,3,2.398068116325488e-06,-1
17727,3,2.398068116325488e-06,0
20444,3,2.398068116325488e-06,-1
20445,3,2.398068116325488e-06,0
20447,3,2.398068116325488e-06,0
14559,3,2.398068116325488e-06,-1
12022,3,2.398068116325488e-06,-1
12023,3,2.398068116325488e-06,-1
3447,3,2.398068116325488e-06,-1
17147,3,2.398068116325488e-06,-1
11960,3,2.398068116325488e-06,-1
11898,3,2.398068116325488e-06,-1
21087,3,2.398068116325488e-06,-1
16603,3,2.398068116325488e-06,-1
15540,3,2.398068116325488e-06,0
15568,3,2.398068116325488e-06,0
17752,3,2.398068116325488e-06,0
6272,3,2.398068116325488e-06,-1
8411,3,2.398068116325488e-06,-1
20766,3,2.398068116325488e-06,-1
20754,3,2.398068116325488e-06,-1
19939,3,2.398068116325488e-06,-1
19947,3,2.398068116325488e-06,-1
19953,3,2.398068116325488e-06,-1
19932,3,2.398068116325488e-06,-1
15436,3,2.398068116325488e-06,-1
15438,3,2.398068116325488e-06,-1
3234,3,2.398068116325488e-06,-1
17786,3,2.398068116325488e-06,0
17792,3,2.398068116325488e-06,0
11995,3,2.398068116325488e-06,-1
19444,3,2.398068116325488e-06,-1
11870,3,2.398068116325488e-06,-1
11827,3,2.398068116325488e-06,-1
11699,3,2.398068116325488e-06,-1
10631,3,2.398068116325488e-06,-1
11902,3,2.398068116325488e-06,-1
11905,3,2.398068116325488e-06,-1
4307,3,2.398068116325488e-06,-1
14719,3,2.398068116325488e-06,-1
14629,3,2.398068116325488e-06,-1
19450,3,2.398068116325488e-06,-1
11953,3,2.398068116325488e-06,-1
11956,3,2.398068116325488e-06,-1
19407,3,2.398068116325488e-06,-1
19410,3,2.398068116325488e-06,-1
9054,3,2.398068116325488e-06,-1
14759,3,2.398068116325488e-06,-1
14762,3,2.398068116325488e-06,-1
17803,3,2.398068116325488e-06,0
15554,3,2.398068116325488e-06,0
4101,3,2.398068116325488e-06,-1
4112,3,2.398068116325488e-06,-1
15498,3,2.398068116325488e-06,0
11819,3,2.398068116325488e-06,-1
16689,3,2.398068116325488e-06,-1
9037,3,2.398068116325488e-06,-1
14786,3,2.398068116325488e-06,-1
14788,3,2.398068116325488e-06,-1
14878,3,2.398068116325488e-06,-1
14903,3,2.398068116325488e-06,-1
15520,3,2.398068116325488e-06,0
7335,3,2.398068116325488e-06,-1
16637,3,2.398068116325488e-06,-1
16645,3,2.398068116325488e-06,-1
16696,3,2.398068116325488e-06,-1
21076,3,2.398068116325488e-06,-1
7327,3,2.398068116325488e-06,-1
7328,3,2.398068116325488e-06,-1
11774,3,2.398068116325488e-06,-1
10645,3,2.398068116325488e-06,0
17182,3,2.398068116325488e-06,-1
16544,3,2.398068116325488e-06,-1
16545,3,2.398068116325488e-06,-1
19969,3,2.398068116325488e-06,-1
5389,3,2.398068116325488e-06,-1
5394,3,2.398068116325488e-06,-1
7302,3,2.398068116325488e-06,-1
14968,3,2.398068116325488e-06,-1
14806,3,2.398068116325488e-06,-1
8980,3,2.398068116325488e-06,-1
8989,3,2.398068116325488e-06,-1
20514,3,2.398068116325488e-06,-1
18162,3,2.398068116325488e-06,0
18182,3,2.398068116325488e-06,-1
10678,3,2.398068116325488e-06,-1
5365,3,2.398068116325488e-06,-1
20539,3,2.398068116325488e-06,-1
6059,3,2.398068116325488e-06,-1
6109,3,2.398068116325488e-06,-1
20543,3,2.398068116325488e-06,-1
15443,3,2.398068116325488e-06,-1
15067,3,2.398068116325488e-06,-1
15077,3,2.398068116325488e-06,0
11677,3,2.398068116325488e-06,-1
19573,3,2.398068116325488e-06,-1
11607,3,2.398068116325488e-06,-1
11624,3,2.398068116325488e-06,-1
11798,3,2.398068116325488e-06,-1
11730,3,2.398068116325488e-06,-1
5356,3,2.398068116325488e-06,-1
5358,3,2.398068116325488e-06,-1
15509,3,2.398068116325488e-06,0
15431,3,2.398068116325488e-06,-1
21092,3,2.398068116325488e-06,-1
5038,3,2.398068116325488e-06,0
11840,3,2.398068116325488e-06,-1
11764,3,2.398068116325488e-06,-1
11765,3,2.398068116325488e-06,-1
1720,3,2.398068116325488e-06,-1
18145,3,2.398068116325488e-06,0
11562,3,2.398068116325488e-06,-1
11628,3,2.398068116325488e-06,-1
11554,3,2.398068116325488e-06,-1
19565,3,2.398068116325488e-06,-1
11457,3,2.398068116325488e-06,-1
11458,3,2.398068116325488e-06,-1
10836,3,2.398068116325488e-06,-1
18140,3,2.398068116325488e-06,0
18150,3,2.398068116325488e-06,0
14938,3,2.398068116325488e-06,-1
14946,3,2.398068116325488e-06,-1
14776,3,2.398068116325488e-06,-1
2983,3,2.398068116325488e-06,-1
18114,3,2.398068116325488e-06,0
8957,3,2.398068116325488e-06,-1
16707,3,2.398068116325488e-06,-1
16619,3,2.398068116325488e-06,-1
19898,3,2.398068116325488e-06,-1
19900,3,2.398068116325488e-06,-1
14956,3,2.398068116325488e-06,0
14964,3,2.398068116325488e-06,-1
14996,3,2.398068116325488e-06,-1
14901,3,2.398068116325488e-06,-1
10685,3,2.398068116325488e-06,-1
19922,3,2.398068116325488e-06,-1
21085,3,2.398068116325488e-06,-1
19941,3,2.398068116325488e-06,-1
16674,3,2.398068116325488e-06,-1
3491,3,2.398068116325488e-06,-1
16686,3,2.398068116325488e-06,-1
16706,3,2.398068116325488e-06,-1
20713,3,2.398068116325488e-06,-1
20714,3,2.398068116325488e-06,-1
19670,3,2.398068116325488e-06,-1
11481,3,2.398068116325488e-06,-1
19907,3,2.398068116325488e-06,-1
19908,3,2.398068116325488e-06,-1
11346,3,2.398068116325488e-06,-1
19711,3,2.398068116325488e-06,-1
20727,3,2.398068116325488e-06,-1
20728,3,2.398068116325488e-06,-1
20708,3,2.398068116325488e-06,-1
15485,3,2.398068116325488e-06,-1
6241,3,2.398068116325488e-06,-1
20737,3,2.398068116325488e-06,-1
15532,3,2.398068116325488e-06,0
20712,3,2.398068116325488e-06,-1
15479,3,2.398068116325488e-06,-1
6192,3,2.398068116325488e-06,-1
20689,3,2.398068116325488e-06,-1
20575,3,2.398068116325488e-06,-1
8887,3,2.398068116325488e-06,-1
8910,3,2.398068116325488e-06,-1
8563,3,2.398068116325488e-06,0
6206,3,2.398068116325488e-06,-1
19861,3,2.398068116325488e-06,-1
10886,3,2.398068116325488e-06,-1
19613,3,2.398068116325488e-06,-1
11505,3,2.398068116325488e-06,-1
19595,3,2.398068116325488e-06,-1
11636,3,2.398068116325488e-06,-1
11540,3,2.398068116325488e-06,-1
11500,3,2.398068116325488e-06,-1
10786,3,2.398068116325488e-06,0
10796,3,2.398068116325488e-06,0
19873,3,2.398068116325488e-06,-1
19665,3,2.398068116325488e-06,-1
10890,3,2.398068116325488e-06,-1
19887,3,2.398068116325488e-06,-1
3556,3,2.398068116325488e-06,-1
3626,3,2.398068116325488e-06,-1
8878,3,2.398068116325488e-06,-1
8880,3,2.398068116325488e-06,-1
17838,3,2.398068116325488e-06,0
8602,3,2.398068116325488e-06,0
15380,3,2.398068116325488e-06,-1
15385,3,2.398068116325488e-06,-1
17804,3,2.398068116325488e-06,0
15403,3,2.398068116325488e-06,-1
18022,3,2.398068116325488e-06,0
15291,3,2.398068116325488e-06,-1
8789,3,2.398068116325488e-06,-1
20599,3,2.398068116325488e-06,-1
20613,3,2.398068116325488e-06,-1
8757,3,2.398068116325488e-06,-1
15389,3,2.398068116325488e-06,-1
15369,3,2.398068116325488e-06,-1
19682,3,2.398068116325488e-06,-1
11394,3,2.398068116325488e-06,-1
11485,3,2.398068116325488e-06,-1
19688,3,2.398068116325488e-06,-1
19894,3,2.398068116325488e-06,-1
8823,3,2.398068116325488e-06,-1
20598,3,2.398068116325488e-06,-1
8801,3,2.398068116325488e-06,-1
21137,3,2.398068116325488e-06,-1
21127,3,2.398068116325488e-06,-1
11292,3,2.398068116325488e-06,-1
11301,3,2.398068116325488e-06,-1
11304,3,2.398068116325488e-06,-1
11310,3,2.398068116325488e-06,-1
11237,3,2.398068116325488e-06,-1
11320,3,2.398068116325488e-06,-1
8810,3,2.398068116325488e-06,-1
8758,3,2.398068116325488e-06,-1
8811,3,2.398068116325488e-06,-1
8813,3,2.398068116325488e-06,-1
21099,3,2.398068116325488e-06,-1
21100,3,2.398068116325488e-06,0
11414,3,2.398068116325488e-06,-1
3567,3,2.398068116325488e-06,-1
15086,3,2.398068116325488e-06,-1
15131,3,2.398068116325488e-06,0
15053,3,2.398068116325488e-06,-1
3068,3,2.398068116325488e-06,-1
15024,3,2.398068116325488e-06,-1
15106,3,2.398068116325488e-06,-1
8805,3,2.398068116325488e-06,-1
8809,3,2.398068116325488e-06,-1
11434,3,2.398068116325488e-06,-1
21105,3,2.398068116325488e-06,-1
21130,3,2.398068116325488e-06,-1
21132,3,2.398068116325488e-06,-1
18019,3,2.398068116325488e-06,0
18016,3,2.398068116325488e-06,0
17987,3,2.398068116325488e-06,0
17997,3,2.398068116325488e-06,0
11449,3,2.398068116325488e-06,-1
10870,3,2.398068116325488e-06,-1
10925,3,2.398068116325488e-06,-1
5313,3,2.398068116325488e-06,-1
10882,3,2.398068116325488e-06,-1
16783,3,2.398068116325488e-06,-1
17043,3,2.398068116325488e-06,-1
17046,3,2.398068116325488e-06,-1
17869,3,2.398068116325488e-06,-1
3192,3,2.398068116325488e-06,-1
20706,3,2.398068116325488e-06,-1
15305,3,2.398068116325488e-06,-1
8764,3,2.398068116325488e-06,-1
19841,3,2.398068116325488e-06,-1
11366,3,2.398068116325488e-06,-1
10876,3,2.398068116325488e-06,-1
17918,3,2.398068116325488e-06,-1
17969,3,2.398068116325488e-06,0
15292,3,2.398068116325488e-06,-1
8621,3,2.398068116325488e-06,0
15307,3,2.398068116325488e-06,-1
15329,3,2.398068116325488e-06,-1
17861,3,2.398068116325488e-06,-1
17863,3,2.398068116325488e-06,-1
19717,3,2.398068116325488e-06,-1
11405,3,2.398068116325488e-06,-1
11360,3,2.398068116325488e-06,-1
11263,3,2.398068116325488e-06,-1
10885,3,2.398068116325488e-06,-1
19823,3,2.398068116325488e-06,-1
20658,3,2.398068116325488e-06,-1
17904,3,2.398068116325488e-06,-1
24,3,2.398068116325488e-06,0
21160,3,2.398068116325488e-06,0
7004,3,2.398068116325488e-06,-1
21279,3,2.398068116325488e-06,-1
6903,3,2.398068116325488e-06,-1
6914,3,2.398068116325488e-06,-1
21154,3,2.398068116325488e-06,-1
7160,3,2.398068116325488e-06,-1
7138,3,2.398068116325488e-06,-1
6971,3,2.398068116325488e-06,-1
16973,3,2.398068116325488e-06,-1
16979,3,2.398068116325488e-06,-1
16981,3,2.398068116325488e-06,-1
16982,3,2.398068116325488e-06,-1
6959,3,2.398068116325488e-06,-1
6952,3,2.398068116325488e-06,-1
11239,3,2.398068116325488e-06,-1
5194,3,2.398068116325488e-06,-1
11201,3,2.398068116325488e-06,-1
16880,3,2.398068116325488e-06,-1
16830,3,2.398068116325488e-06,-1
16838,3,2.398068116325488e-06,-1
7019,3,2.398068116325488e-06,-1
7101,3,2.398068116325488e-06,-1
8735,3,2.398068116325488e-06,-1
20632,3,2.398068116325488e-06,-1
20633,3,2.398068116325488e-06,-1
15194,3,2.398068116325488e-06,-1
15197,3,2.398068116325488e-06,-1
17029,3,2.398068116325488e-06,-1
17033,3,2.398068116325488e-06,-1
17034,3,2.398068116325488e-06,-1
9905,3,2.398068116325488e-06,-1
18850,3,2.398068116325488e-06,-1
13466,3,2.398068116325488e-06,-1
18823,3,2.398068116325488e-06,-1
13429,3,2.398068116325488e-06,-1
18865,3,2.398068116325488e-06,-1
13455,3,2.398068116325488e-06,-1
3341,3,2.398068116325488e-06,-1
16956,3,2.398068116325488e-06,-1
16857,3,2.398068116325488e-06,-1
16861,3,2.398068116325488e-06,-1
17899,3,2.398068116325488e-06,0
15343,3,2.398068116325488e-06,-1
16906,3,2.398068116325488e-06,-1
16829,3,2.398068116325488e-06,-1
9904,3,2.398068116325488e-06,-1
17003,3,2.398068116325488e-06,-1
16879,3,2.398068116325488e-06,-1
11076,3,2.398068116325488e-06,0
11077,3,2.398068116325488e-06,0
15258,3,2.398068116325488e-06,-1
15275,3,2.398068116325488e-06,-1
15172,3,2.398068116325488e-06,-1
16851,3,2.398068116325488e-06,-1
16994,3,2.398068116325488e-06,-1
19821,3,2.398068116325488e-06,-1
6841,3,2.398068116325488e-06,-1
19769,3,2.398068116325488e-06,-1
19770,3,2.398068116325488e-06,-1
21252,3,2.398068116325488e-06,-1
16929,3,2.398068116325488e-06,-1
16932,3,2.398068116325488e-06,-1
21291,2,1.5987120775503255e-06,-1
7026,2,1.5987120775503255e-06,-1
21276,2,1.5987120775503255e-06,-1
21221,2,1.5987120775503255e-06,-1
7020,2,1.5987120775503255e-06,-1
7099,2,1.5987120775503255e-06,-1
21243,2,1.5987120775503255e-06,-1
7065,2,1.5987120775503255e-06,-1
7108,2,1.5987120775503255e-06,-1
7136,2,1.5987120775503255e-06,-1
21284,2,1.5987120775503255e-06,-1
16815,2,1.5987120775503255e-06,-1
16758,2,1.5987120775503255e-06,-1
16778,2,1.5987120775503255e-06,-1
7219,2,1.5987120775503255e-06,-1
21131,2,1.5987120775503255e-06,-1
16721,2,1.5987120775503255e-06,-1
16732,2,1.5987120775503255e-06,-1
17099,2,1.5987120775503255e-06,-1
17031,2,1.5987120775503255e-06,-1
17044,2,1.5987120775503255e-06,-1
16798,2,1.5987120775503255e-06,-1
17073,2,1.5987120775503255e-06,-1
17075,2,1.5987120775503255e-06,-1
17080,2,1.5987120775503255e-06,-1
17088,2,1.5987120775503255e-06,-1
16705,2,1.5987120775503255e-06,-1
16709,2,1.5987120775503255e-06,-1
21115,2,1.5987120775503255e-06,-1
21120,2,1.5987120775503255e-06,-1
21122,2,1.5987120775503255e-06,-1
6795,2,1.5987120775503255e-06,-1
11392,2,1.5987120775503255e-06,-1
10860,2,1.5987120775503255e-06,-1
19860,2,1.5987120775503255e-06,-1
10791,2,1.5987120775503255e-06,-1
19641,2,1.5987120775503255e-06,-1
19694,2,1.5987120775503255e-06,-1
19696,2,1.5987120775503255e-06,-1
19697,2,1.5987120775503255e-06,-1
19700,2,1.5987120775503255e-06,-1
11431,2,1.5987120775503255e-06,-1
19708,2,1.5987120775503255e-06,-1
19720,2,1.5987120775503255e-06,-1
1604,2,1.5987120775503255e-06,-1
11335,2,1.5987120775503255e-06,-1
19683,2,1.5987120775503255e-06,-1
10884,2,1.5987120775503255e-06,-1
11390,2,1.5987120775503255e-06,-1
11391,2,1.5987120775503255e-06,-1
19704,2,1.5987120775503255e-06,-1
19587,2,1.5987120775503255e-06,-1
19590,2,1.5987120775503255e-06,-1
1635,2,1.5987120775503255e-06,-1
1653,2,1.5987120775503255e-06,-1
11553,2,1.5987120775503255e-06,-1
11555,2,1.5987120775503255e-06,-1
11573,2,1.5987120775503255e-06,-1
11510,2,1.5987120775503255e-06,-1
19607,2,1.5987120775503255e-06,-1
19619,2,1.5987120775503255e-06,-1
19627,2,1.5987120775503255e-06,-1
11466,2,1.5987120775503255e-06,-1
19663,2,1.5987120775503255e-06,-1
19666,2,1.5987120775503255e-06,-1
19669,2,1.5987120775503255e-06,-1
19673,2,1.5987120775503255e-06,-1
19676,2,1.5987120775503255e-06,-1
19643,2,1.5987120775503255e-06,-1
19647,2,1.5987120775503255e-06,-1
19657,2,1.5987120775503255e-06,-1
19659,2,1.5987120775503255e-06,-1
19662,2,1.5987120775503255e-06,-1
6767,2,1.5987120775503255e-06,-1
3501,2,1.5987120775503255e-06,-1
16664,2,1.5987120775503255e-06,-1
16669,2,1.5987120775503255e-06,-1
16679,2,1.5987120775503255e-06,-1
16688,2,1.5987120775503255e-06,-1
16690,2,1.5987120775503255e-06,-1
16622,2,1.5987120775503255e-06,-1
17101,2,1.5987120775503255e-06,-1
17104,2,1.5987120775503255e-06,-1
3500,2,1.5987120775503255e-06,-1
6761,2,1.5987120775503255e-06,-1
16642,2,1.5987120775503255e-06,-1
16643,2,1.5987120775503255e-06,-1
3490,2,1.5987120775503255e-06,-1
17141,2,1.5987120775503255e-06,-1
5032,2,1.5987120775503255e-06,-1
1807,2,1.5987120775503255e-06,-1
1758,2,1.5987120775503255e-06,-1
10698,2,1.5987120775503255e-06,-1
10699,2,1.5987120775503255e-06,-1
19561,2,1.5987120775503255e-06,-1
11850,2,1.5987120775503255e-06,-1
11852,2,1.5987120775503255e-06,-1
11854,2,1.5987120775503255e-06,-1
19928,2,1.5987120775503255e-06,-1
10730,2,1.5987120775503255e-06,-1
11734,2,1.5987120775503255e-06,-1
19556,2,1.5987120775503255e-06,-1
19559,2,1.5987120775503255e-06,-1
19905,2,1.5987120775503255e-06,-1
19909,2,1.5987120775503255e-06,-1
19914,2,1.5987120775503255e-06,-1
19915,2,1.5987120775503255e-06,-1
16549,2,1.5987120775503255e-06,-1
6729,2,1.5987120775503255e-06,-1
7369,2,1.5987120775503255e-06,-1
7324,2,1.5987120775503255e-06,-1
7325,2,1.5987120775503255e-06,-1
7333,2,1.5987120775503255e-06,-1
17159,2,1.5987120775503255e-06,-1
17172,2,1.5987120775503255e-06,-1
17173,2,1.5987120775503255e-06,-1
17183,2,1.5987120775503255e-06,-1
16543,2,1.5987120775503255e-06,-1
16546,2,1.5987120775503255e-06,-1
17193,2,1.5987120775503255e-06,-1
17194,2,1.5987120775503255e-06,-1
16434,2,1.5987120775503255e-06,-1
16436,2,1.5987120775503255e-06,-1
16439,2,1.5987120775503255e-06,-1
7402,2,1.5987120775503255e-06,-1
7418,2,1.5987120775503255e-06,-1
16508,2,1.5987120775503255e-06,-1
16516,2,1.5987120775503255e-06,-1
16537,2,1.5987120775503255e-06,-1
17192,2,1.5987120775503255e-06,-1
19470,2,1.5987120775503255e-06,-1
11948,2,1.5987120775503255e-06,-1
11959,2,1.5987120775503255e-06,-1
5392,2,1.5987120775503255e-06,-1
5393,2,1.5987120775503255e-06,-1
19494,2,1.5987120775503255e-06,-1
19441,2,1.5987120775503255e-06,-1
19448,2,1.5987120775503255e-06,-1
11922,2,1.5987120775503255e-06,-1
19474,2,1.5987120775503255e-06,-1
19479,2,1.5987120775503255e-06,-1
19481,2,1.5987120775503255e-06,-1
19483,2,1.5987120775503255e-06,-1
19485,2,1.5987120775503255e-06,-1
19487,2,1.5987120775503255e-06,-1
19946,2,1.5987120775503255e-06,-1
19962,2,1.5987120775503255e-06,-1
10655,2,1.5987120775503255e-06,-1
11919,2,1.5987120775503255e-06,-1
19344,2,1.5987120775503255e-06,-1
12113,2,1.5987120775503255e-06,-1
19382,2,1.5987120775503255e-06,-1
19401,2,1.5987120775503255e-06,-1
11998,2,1.5987120775503255e-06,-1
12002,2,1.5987120775503255e-06,-1
12005,2,1.5987120775503255e-06,-1
12172,2,1.5987120775503255e-06,-1
10538,2,1.5987120775503255e-06,-1
19408,2,1.5987120775503255e-06,-1
11979,2,1.5987120775503255e-06,-1
11986,2,1.5987120775503255e-06,-1
12075,2,1.5987120775503255e-06,-1
12105,2,1.5987120775503255e-06,-1
10585,2,1.5987120775503255e-06,-1
19970,2,1.5987120775503255e-06,-1
19982,2,1.5987120775503255e-06,-1
10533,2,1.5987120775503255e-06,-1
6670,2,1.5987120775503255e-06,-1
21026,2,1.5987120775503255e-06,-1
21036,2,1.5987120775503255e-06,-1
21044,2,1.5987120775503255e-06,-1
21045,2,1.5987120775503255e-06,-1
6708,2,1.5987120775503255e-06,-1
16420,2,1.5987120775503255e-06,-1
16421,2,1.5987120775503255e-06,-1
16365,2,1.5987120775503255e-06,-1
7617,2,1.5987120775503255e-06,-1
7628,2,1.5987120775503255e-06,-1
17226,2,1.5987120775503255e-06,-1
17230,2,1.5987120775503255e-06,-1
17245,2,1.5987120775503255e-06,-1
20996,2,1.5987120775503255e-06,-1
20999,2,1.5987120775503255e-06,-1
21000,2,1.5987120775503255e-06,-1
21002,2,1.5987120775503255e-06,-1
12472,2,1.5987120775503255e-06,-1
12435,2,1.5987120775503255e-06,-1
19244,2,1.5987120775503255e-06,-1
19245,2,1.5987120775503255e-06,-1
19258,2,1.5987120775503255e-06,-1
12355,2,1.5987120775503255e-06,-1
4924,2,1.5987120775503255e-06,-1
4926,2,1.5987120775503255e-06,-1
4930,2,1.5987120775503255e-06,-1
19280,2,1.5987120775503255e-06,-1
19283,2,1.5987120775503255e-06,-1
12288,2,1.5987120775503255e-06,-1
12293,2,1.5987120775503255e-06,-1
12296,2,1.5987120775503255e-06,-1
12236,2,1.5987120775503255e-06,-1
12192,2,1.5987120775503255e-06,-1
12215,2,1.5987120775503255e-06,-1
12419,2,1.5987120775503255e-06,-1
10514,2,1.5987120775503255e-06,-1
10515,2,1.5987120775503255e-06,-1
19984,2,1.5987120775503255e-06,-1
19986,2,1.5987120775503255e-06,-1
19989,2,1.5987120775503255e-06,-1
19993,2,1.5987120775503255e-06,-1
12608,2,1.5987120775503255e-06,-1
12629,2,1.5987120775503255e-06,-1
12631,2,1.5987120775503255e-06,-1
10390,2,1.5987120775503255e-06,-1
12674,2,1.5987120775503255e-06,-1
19175,2,1.5987120775503255e-06,-1
19180,2,1.5987120775503255e-06,-1
19211,2,1.5987120775503255e-06,-1
19218,2,1.5987120775503255e-06,-1
19221,2,1.5987120775503255e-06,-1
10395,2,1.5987120775503255e-06,-1
10400,2,1.5987120775503255e-06,-1
12535,2,1.5987120775503255e-06,-1
12538,2,1.5987120775503255e-06,-1
12555,2,1.5987120775503255e-06,-1
12568,2,1.5987120775503255e-06,-1
10492,2,1.5987120775503255e-06,-1
10429,2,1.5987120775503255e-06,-1
20025,2,1.5987120775503255e-06,-1
16312,2,1.5987120775503255e-06,-1
3760,2,1.5987120775503255e-06,-1
6566,2,1.5987120775503255e-06,-1
6584,2,1.5987120775503255e-06,-1
7669,2,1.5987120775503255e-06,-1
3727,2,1.5987120775503255e-06,-1
17260,2,1.5987120775503255e-06,-1
17261,2,1.5987120775503255e-06,-1
16311,2,1.5987120775503255e-06,-1
7735,2,1.5987120775503255e-06,-1
7761,2,1.5987120775503255e-06,-1
16295,2,1.5987120775503255e-06,-1
16224,2,1.5987120775503255e-06,-1
16226,2,1.5987120775503255e-06,-1
20987,2,1.5987120775503255e-06,-1
20992,2,1.5987120775503255e-06,-1
10252,2,1.5987120775503255e-06,-1
20086,2,1.5987120775503255e-06,-1
20087,2,1.5987120775503255e-06,-1
20099,2,1.5987120775503255e-06,-1
20110,2,1.5987120775503255e-06,-1
20117,2,1.5987120775503255e-06,-1
12775,2,1.5987120775503255e-06,-1
12777,2,1.5987120775503255e-06,-1
12778,2,1.5987120775503255e-06,-1
12677,2,1.5987120775503255e-06,-1
12678,2,1.5987120775503255e-06,-1
12697,2,1.5987120775503255e-06,-1
12706,2,1.5987120775503255e-06,-1
10342,2,1.5987120775503255e-06,-1
20061,2,1.5987120775503255e-06,-1
10327,2,1.5987120775503255e-06,-1
10333,2,1.5987120775503255e-06,-1
16150,2,1.5987120775503255e-06,-1
16161,2,1.5987120775503255e-06,-1
16165,2,1.5987120775503255e-06,-1
20975,2,1.5987120775503255e-06,-1
20978,2,1.5987120775503255e-06,-1
16200,2,1.5987120775503255e-06,-1
20957,2,1.5987120775503255e-06,-1
20960,2,1.5987120775503255e-06,-1
16168,2,1.5987120775503255e-06,-1
17341,2,1.5987120775503255e-06,-1
17365,2,1.5987120775503255e-06,-1
20930,2,1.5987120775503255e-06,-1
20934,2,1.5987120775503255e-06,-1
20945,2,1.5987120775503255e-06,-1
20947,2,1.5987120775503255e-06,-1
12864,2,1.5987120775503255e-06,-1
19080,2,1.5987120775503255e-06,-1
19081,2,1.5987120775503255e-06,-1
10181,2,1.5987120775503255e-06,-1
20118,2,1.5987120775503255e-06,-1
20122,2,1.5987120775503255e-06,-1
19061,2,1.5987120775503255e-06,-1
19066,2,1.5987120775503255e-06,-1
19071,2,1.5987120775503255e-06,-1
19076,2,1.5987120775503255e-06,-1
12839,2,1.5987120775503255e-06,-1
12854,2,1.5987120775503255e-06,-1
12855,2,1.5987120775503255e-06,-1
12822,2,1.5987120775503255e-06,-1
12828,2,1.5987120775503255e-06,-1
12829,2,1.5987120775503255e-06,-1
12832,2,1.5987120775503255e-06,-1
12833,2,1.5987120775503255e-06,-1
19056,2,1.5987120775503255e-06,-1
19093,2,1.5987120775503255e-06,-1
19094,2,1.5987120775503255e-06,-1
19096,2,1.5987120775503255e-06,-1
19101,2,1.5987120775503255e-06,-1
12807,2,1.5987120775503255e-06,-1
12812,2,1.5987120775503255e-06,-1
12813,2,1.5987120775503255e-06,-1
12816,2,1.5987120775503255e-06,-1
20158,2,1.5987120775503255e-06,-1
20171,2,1.5987120775503255e-06,-1
18988,2,1.5987120775503255e-06,-1
19008,2,1.5987120775503255e-06,-1
12987,2,1.5987120775503255e-06,-1
12952,2,1.5987120775503255e-06,-1
10119,2,1.5987120775503255e-06,-1
19043,2,1.5987120775503255e-06,-1
19047,2,1.5987120775503255e-06,-1
12871,2,1.5987120775503255e-06,-1
4723,2,1.5987120775503255e-06,-1
4728,2,1.5987120775503255e-06,-1
13032,2,1.5987120775503255e-06,-1
12892,2,1.5987120775503255e-06,-1
12899,2,1.5987120775503255e-06,-1
12923,2,1.5987120775503255e-06,-1
12925,2,1.5987120775503255e-06,-1
19040,2,1.5987120775503255e-06,-1
16108,2,1.5987120775503255e-06,-1
16113,2,1.5987120775503255e-06,-1
16117,2,1.5987120775503255e-06,-1
16125,2,1.5987120775503255e-06,-1
16126,2,1.5987120775503255e-06,-1
16104,2,1.5987120775503255e-06,-1
17393,2,1.5987120775503255e-06,-1
17395,2,1.5987120775503255e-06,-1
17396,2,1.5987120775503255e-06,-1
17415,2,1.5987120775503255e-06,-1
17427,2,1.5987120775503255e-06,-1
3371,2,1.5987120775503255e-06,-1
16096,2,1.5987120775503255e-06,-1
20903,2,1.5987120775503255e-06,-1
20911,2,1.5987120775503255e-06,-1
20918,2,1.5987120775503255e-06,-1
7846,2,1.5987120775503255e-06,-1
6507,2,1.5987120775503255e-06,-1
17410,2,1.5987120775503255e-06,-1
13205,2,1.5987120775503255e-06,-1
13207,2,1.5987120775503255e-06,-1
18942,2,1.5987120775503255e-06,-1
2351,2,1.5987120775503255e-06,-1
13167,2,1.5987120775503255e-06,-1
13131,2,1.5987120775503255e-06,-1
13082,2,1.5987120775503255e-06,-1
13238,2,1.5987120775503255e-06,-1
13186,2,1.5987120775503255e-06,-1
18970,2,1.5987120775503255e-06,-1
18980,2,1.5987120775503255e-06,-1
2313,2,1.5987120775503255e-06,-1
13055,2,1.5987120775503255e-06,-1
13058,2,1.5987120775503255e-06,-1
20176,2,1.5987120775503255e-06,-1
20183,2,1.5987120775503255e-06,-1
20186,2,1.5987120775503255e-06,-1
16042,2,1.5987120775503255e-06,-1
7893,2,1.5987120775503255e-06,-1
7895,2,1.5987120775503255e-06,-1
6475,2,1.5987120775503255e-06,-1
20894,2,1.5987120775503255e-06,-1
20900,2,1.5987120775503255e-06,-1
20901,2,1.5987120775503255e-06,-1
16086,2,1.5987120775503255e-06,-1
17464,2,1.5987120775503255e-06,-1
17465,2,1.5987120775503255e-06,-1
3334,2,1.5987120775503255e-06,-1
16016,2,1.5987120775503255e-06,-1
16035,2,1.5987120775503255e-06,-1
15991,2,1.5987120775503255e-06,-1
15997,2,1.5987120775503255e-06,-1
16002,2,1.5987120775503255e-06,-1
16013,2,1.5987120775503255e-06,-1
16083,2,1.5987120775503255e-06,-1
7932,2,1.5987120775503255e-06,-1
16050,2,1.5987120775503255e-06,-1
17466,2,1.5987120775503255e-06,-1
17494,2,1.5987120775503255e-06,-1
17498,2,1.5987120775503255e-06,-1
18859,2,1.5987120775503255e-06,-1
18860,2,1.5987120775503255e-06,-1
13461,2,1.5987120775503255e-06,-1
18830,2,1.5987120775503255e-06,-1
2486,2,1.5987120775503255e-06,-1
18903,2,1.5987120775503255e-06,-1
2466,2,1.5987120775503255e-06,-1
13216,2,1.5987120775503255e-06,-1
13235,2,1.5987120775503255e-06,-1
13389,2,1.5987120775503255e-06,-1
18856,2,1.5987120775503255e-06,-1
9936,2,1.5987120775503255e-06,-1
9948,2,1.5987120775503255e-06,-1
13332,2,1.5987120775503255e-06,-1
13299,2,1.5987120775503255e-06,-1
13305,2,1.5987120775503255e-06,-1
13313,2,1.5987120775503255e-06,-1
13314,2,1.5987120775503255e-06,-1
13276,2,1.5987120775503255e-06,-1
10026,2,1.5987120775503255e-06,-1
10046,2,1.5987120775503255e-06,-1
20187,2,1.5987120775503255e-06,-1
20190,2,1.5987120775503255e-06,-1
20197,2,1.5987120775503255e-06,-1
18772,2,1.5987120775503255e-06,-1
18778,2,1.5987120775503255e-06,-1
13570,2,1.5987120775503255e-06,-1
1149,2,1.5987120775503255e-06,-1
1094,2,1.5987120775503255e-06,-1
20270,2,1.5987120775503255e-06,-1
13474,2,1.5987120775503255e-06,-1
13499,2,1.5987120775503255e-06,-1
13609,2,1.5987120775503255e-06,-1
9854,2,1.5987120775503255e-06,-1
9857,2,1.5987120775503255e-06,-1
18811,2,1.5987120775503255e-06,-1
18812,2,1.5987120775503255e-06,-1
18841,2,1.5987120775503255e-06,-1
13408,2,1.5987120775503255e-06,-1
13423,2,1.5987120775503255e-06,-1
17552,2,1.5987120775503255e-06,-1
15933,2,1.5987120775503255e-06,-1
8021,2,1.5987120775503255e-06,-1
20885,2,1.5987120775503255e-06,-1
3311,2,1.5987120775503255e-06,-1
15821,2,1.5987120775503255e-06,-1
15953,2,1.5987120775503255e-06,-1
17509,2,1.5987120775503255e-06,-1
17529,2,1.5987120775503255e-06,-1
8060,2,1.5987120775503255e-06,-1
15949,2,1.5987120775503255e-06,-1
15881,2,1.5987120775503255e-06,-1
3307,2,1.5987120775503255e-06,-1
8134,2,1.5987120775503255e-06,-1
6379,2,1.5987120775503255e-06,-1
420,2,1.5987120775503255e-06,-1
8087,2,1.5987120775503255e-06,-1
8109,2,1.5987120775503255e-06,-1
8058,2,1.5987120775503255e-06,-1
18720,2,1.5987120775503255e-06,-1
13721,2,1.5987120775503255e-06,-1
5775,2,1.5987120775503255e-06,-1
5780,2,1.5987120775503255e-06,-1
13768,2,1.5987120775503255e-06,-1
13794,2,1.5987120775503255e-06,-1
13726,2,1.5987120775503255e-06,-1
13746,2,1.5987120775503255e-06,-1
18705,2,1.5987120775503255e-06,-1
13690,2,1.5987120775503255e-06,-1
13699,2,1.5987120775503255e-06,-1
18741,2,1.5987120775503255e-06,-1
18742,2,1.5987120775503255e-06,-1
13610,2,1.5987120775503255e-06,-1
20291,2,1.5987120775503255e-06,-1
20292,2,1.5987120775503255e-06,-1
20293,2,1.5987120775503255e-06,-1
9774,2,1.5987120775503255e-06,-1
4540,2,1.5987120775503255e-06,-1
17577,2,1.5987120775503255e-06,-1
17581,2,1.5987120775503255e-06,-1
17583,2,1.5987120775503255e-06,-1
4057,2,1.5987120775503255e-06,-1
17628,2,1.5987120775503255e-06,-1
15802,2,1.5987120775503255e-06,-1
17566,2,1.5987120775503255e-06,-1
17571,2,1.5987120775503255e-06,-1
15777,2,1.5987120775503255e-06,-1
17600,2,1.5987120775503255e-06,-1
17611,2,1.5987120775503255e-06,-1
17612,2,1.5987120775503255e-06,-1
17613,2,1.5987120775503255e-06,-1
17617,2,1.5987120775503255e-06,-1
8274,2,1.5987120775503255e-06,-1
8254,2,1.5987120775503255e-06,-1
6320,2,1.5987120775503255e-06,-1
608,2,1.5987120775503255e-06,-1
529,2,1.5987120775503255e-06,-1
13873,2,1.5987120775503255e-06,-1
13874,2,1.5987120775503255e-06,-1
20317,2,1.5987120775503255e-06,-1
20318,2,1.5987120775503255e-06,-1
20319,2,1.5987120775503255e-06,-1
13832,2,1.5987120775503255e-06,-1
13900,2,1.5987120775503255e-06,-1
13861,2,1.5987120775503255e-06,-1
13851,2,1.5987120775503255e-06,-1
18673,2,1.5987120775503255e-06,-1
18684,2,1.5987120775503255e-06,-1
13799,2,1.5987120775503255e-06,-1
13800,2,1.5987120775503255e-06,-1
13802,2,1.5987120775503255e-06,-1
13805,2,1.5987120775503255e-06,-1
20297,2,1.5987120775503255e-06,-1
20304,2,1.5987120775503255e-06,-1
1071,2,1.5987120775503255e-06,-1
1072,2,1.5987120775503255e-06,-1
13844,2,1.5987120775503255e-06,-1
9579,2,1.5987120775503255e-06,-1
20340,2,1.5987120775503255e-06,-1
20351,2,1.5987120775503255e-06,-1
20370,2,1.5987120775503255e-06,-1
20378,2,1.5987120775503255e-06,-1
14115,2,1.5987120775503255e-06,-1
4477,2,1.5987120775503255e-06,-1
18587,2,1.5987120775503255e-06,-1
18588,2,1.5987120775503255e-06,-1
18590,2,1.5987120775503255e-06,-1
18599,2,1.5987120775503255e-06,-1
14029,2,1.5987120775503255e-06,-1
18623,2,1.5987120775503255e-06,-1
2698,2,1.5987120775503255e-06,-1
13979,2,1.5987120775503255e-06,-1
13981,2,1.5987120775503255e-06,-1
13997,2,1.5987120775503255e-06,-1
5843,2,1.5987120775503255e-06,-1
14061,2,1.5987120775503255e-06,-1
14000,2,1.5987120775503255e-06,-1
14001,2,1.5987120775503255e-06,-1
14014,2,1.5987120775503255e-06,-1
14021,2,1.5987120775503255e-06,-1
17650,2,1.5987120775503255e-06,-1
17658,2,1.5987120775503255e-06,-1
15694,2,1.5987120775503255e-06,-1
15700,2,1.5987120775503255e-06,-1
15706,2,1.5987120775503255e-06,-1
15708,2,1.5987120775503255e-06,-1
15709,2,1.5987120775503255e-06,-1
15744,2,1.5987120775503255e-06,-1
15746,2,1.5987120775503255e-06,-1
17644,2,1.5987120775503255e-06,-1
20790,2,1.5987120775503255e-06,-1
15676,2,1.5987120775503255e-06,-1
15679,2,1.5987120775503255e-06,-1
4074,2,1.5987120775503255e-06,-1
4089,2,1.5987120775503255e-06,-1
17674,2,1.5987120775503255e-06,-1
17680,2,1.5987120775503255e-06,-1
8429,2,1.5987120775503255e-06,-1
20769,2,1.5987120775503255e-06,-1
20778,2,1.5987120775503255e-06,-1
20783,2,1.5987120775503255e-06,-1
20784,2,1.5987120775503255e-06,-1
9516,2,1.5987120775503255e-06,-1
9465,2,1.5987120775503255e-06,-1
20379,2,1.5987120775503255e-06,-1
20386,2,1.5987120775503255e-06,-1
20398,2,1.5987120775503255e-06,-1
20402,2,1.5987120775503255e-06,-1
18535,2,1.5987120775503255e-06,-1
18538,2,1.5987120775503255e-06,-1
14156,2,1.5987120775503255e-06,-1
14161,2,1.5987120775503255e-06,-1
14164,2,1.5987120775503255e-06,-1
14173,2,1.5987120775503255e-06,-1
14150,2,1.5987120775503255e-06,-1
18570,2,1.5987120775503255e-06,-1
14087,2,1.5987120775503255e-06,-1
18521,2,1.5987120775503255e-06,-1
9546,2,1.5987120775503255e-06,-1
9549,2,1.5987120775503255e-06,-1
5887,2,1.5987120775503255e-06,-1
14137,2,1.5987120775503255e-06,-1
14398,2,1.5987120775503255e-06,-1
14359,2,1.5987120775503255e-06,-1
14377,2,1.5987120775503255e-06,-1
20407,2,1.5987120775503255e-06,-1
20408,2,1.5987120775503255e-06,-1
20413,2,1.5987120775503255e-06,-1
14301,2,1.5987120775503255e-06,-1
14313,2,1.5987120775503255e-06,-1
14317,2,1.5987120775503255e-06,-1
14446,2,1.5987120775503255e-06,-1
14447,2,1.5987120775503255e-06,-1
14451,2,1.5987120775503255e-06,-1
14392,2,1.5987120775503255e-06,-1
14393,2,1.5987120775503255e-06,-1
14229,2,1.5987120775503255e-06,-1
18485,2,1.5987120775503255e-06,-1
14191,2,1.5987120775503255e-06,-1
14335,2,1.5987120775503255e-06,-1
2802,2,1.5987120775503255e-06,-1
18434,2,1.5987120775503255e-06,-1
962,2,1.5987120775503255e-06,-1
9441,2,1.5987120775503255e-06,-1
14254,2,1.5987120775503255e-06,-1
14269,2,1.5987120775503255e-06,-1
14275,2,1.5987120775503255e-06,-1
14213,2,1.5987120775503255e-06,-1
14480,2,1.5987120775503255e-06,-1
14485,2,1.5987120775503255e-06,-1
14486,2,1.5987120775503255e-06,-1
14488,2,1.5987120775503255e-06,-1
9283,2,1.5987120775503255e-06,-1
9291,2,1.5987120775503255e-06,-1
18361,2,1.5987120775503255e-06,-1
14473,2,1.5987120775503255e-06,-1
14479,2,1.5987120775503255e-06,-1
9313,2,1.5987120775503255e-06,-1
14495,2,1.5987120775503255e-06,-1
14458,2,1.5987120775503255e-06,-1
14430,2,1.5987120775503255e-06,-1
14431,2,1.5987120775503255e-06,-1
14444,2,1.5987120775503255e-06,-1
20425,2,1.5987120775503255e-06,-1
20428,2,1.5987120775503255e-06,-1
20432,2,1.5987120775503255e-06,-1
15622,2,1.5987120775503255e-06,-1
15624,2,1.5987120775503255e-06,-1
15626,2,1.5987120775503255e-06,-1
6253,2,1.5987120775503255e-06,-1
15587,2,1.5987120775503255e-06,-1
3294,2,1.5987120775503255e-06,-1
15610,2,1.5987120775503255e-06,-1
17736,2,1.5987120775503255e-06,-1
15555,2,1.5987120775503255e-06,-1
15566,2,1.5987120775503255e-06,-1
20763,2,1.5987120775503255e-06,-1
20765,2,1.5987120775503255e-06,-1
8482,2,1.5987120775503255e-06,-1
6251,2,1.5987120775503255e-06,-1
17732,2,1.5987120775503255e-06,-1
17734,2,1.5987120775503255e-06,-1
18290,2,1.5987120775503255e-06,-1
18300,2,1.5987120775503255e-06,-1
14566,2,1.5987120775503255e-06,-1
14585,2,1.5987120775503255e-06,-1
20471,2,1.5987120775503255e-06,-1
14512,2,1.5987120775503255e-06,-1
14519,2,1.5987120775503255e-06,-1
14605,2,1.5987120775503255e-06,-1
14609,2,1.5987120775503255e-06,-1
14613,2,1.5987120775503255e-06,-1
14541,2,1.5987120775503255e-06,-1
14562,2,1.5987120775503255e-06,-1
18324,2,1.5987120775503255e-06,-1
18335,2,1.5987120775503255e-06,-1
14497,2,1.5987120775503255e-06,-1
14501,2,1.5987120775503255e-06,-1
20442,2,1.5987120775503255e-06,-1
20446,2,1.5987120775503255e-06,-1
20463,2,1.5987120775503255e-06,-1
20470,2,1.5987120775503255e-06,-1
9258,2,1.5987120775503255e-06,-1
9263,2,1.5987120775503255e-06,-1
5960,2,1.5987120775503255e-06,-1
15534,2,1.5987120775503255e-06,-1
20738,2,1.5987120775503255e-06,-1
20747,2,1.5987120775503255e-06,-1
20750,2,1.5987120775503255e-06,-1
20756,2,1.5987120775503255e-06,-1
17767,2,1.5987120775503255e-06,-1
17778,2,1.5987120775503255e-06,-1
17785,2,1.5987120775503255e-06,-1
17793,2,1.5987120775503255e-06,-1
15511,2,1.5987120775503255e-06,-1
15523,2,1.5987120775503255e-06,-1
15419,2,1.5987120775503255e-06,-1
15422,2,1.5987120775503255e-06,-1
15432,2,1.5987120775503255e-06,-1
4100,2,1.5987120775503255e-06,-1
15461,2,1.5987120775503255e-06,-1
15465,2,1.5987120775503255e-06,-1
15456,2,1.5987120775503255e-06,-1
15413,2,1.5987120775503255e-06,-1
15416,2,1.5987120775503255e-06,-1
18229,2,1.5987120775503255e-06,-1
4296,2,1.5987120775503255e-06,-1
14730,2,1.5987120775503255e-06,-1
14746,2,1.5987120775503255e-06,-1
14750,2,1.5987120775503255e-06,-1
14751,2,1.5987120775503255e-06,-1
14752,2,1.5987120775503255e-06,-1
4308,2,1.5987120775503255e-06,-1
18252,2,1.5987120775503255e-06,-1
18262,2,1.5987120775503255e-06,-1
14668,2,1.5987120775503255e-06,-1
14669,2,1.5987120775503255e-06,-1
14684,2,1.5987120775503255e-06,-1
20483,2,1.5987120775503255e-06,-1
20484,2,1.5987120775503255e-06,-1
20505,2,1.5987120775503255e-06,-1
20704,2,1.5987120775503255e-06,-1
20723,2,1.5987120775503255e-06,-1
15460,2,1.5987120775503255e-06,-1
15373,2,1.5987120775503255e-06,-1
15378,2,1.5987120775503255e-06,-1
15390,2,1.5987120775503255e-06,-1
15395,2,1.5987120775503255e-06,-1
15398,2,1.5987120775503255e-06,-1
15399,2,1.5987120775503255e-06,-1
20688,2,1.5987120775503255e-06,-1
20694,2,1.5987120775503255e-06,-1
8609,2,1.5987120775503255e-06,-1
17839,2,1.5987120775503255e-06,-1
17860,2,1.5987120775503255e-06,-1
15289,2,1.5987120775503255e-06,-1
20675,2,1.5987120775503255e-06,-1
20682,2,1.5987120775503255e-06,-1
20684,2,1.5987120775503255e-06,-1
20687,2,1.5987120775503255e-06,-1
14844,2,1.5987120775503255e-06,-1
6079,2,1.5987120775503255e-06,-1
20538,2,1.5987120775503255e-06,-1
20541,2,1.5987120775503255e-06,-1
20542,2,1.5987120775503255e-06,-1
14915,2,1.5987120775503255e-06,-1
14851,2,1.5987120775503255e-06,-1
14868,2,1.5987120775503255e-06,-1
14834,2,1.5987120775503255e-06,-1
14840,2,1.5987120775503255e-06,-1
14825,2,1.5987120775503255e-06,-1
18204,2,1.5987120775503255e-06,-1
14791,2,1.5987120775503255e-06,-1
14911,2,1.5987120775503255e-06,-1
20533,2,1.5987120775503255e-06,-1
9031,2,1.5987120775503255e-06,-1
14809,2,1.5987120775503255e-06,-1
14817,2,1.5987120775503255e-06,-1
14977,2,1.5987120775503255e-06,-1
14920,2,1.5987120775503255e-06,-1
15068,2,1.5987120775503255e-06,-1
15081,2,1.5987120775503255e-06,-1
18043,2,1.5987120775503255e-06,-1
14991,2,1.5987120775503255e-06,-1
14992,2,1.5987120775503255e-06,-1
14997,2,1.5987120775503255e-06,-1
15014,2,1.5987120775503255e-06,-1
3070,2,1.5987120775503255e-06,-1
18141,2,1.5987120775503255e-06,-1
18149,2,1.5987120775503255e-06,-1
14885,2,1.5987120775503255e-06,-1
14898,2,1.5987120775503255e-06,-1
14899,2,1.5987120775503255e-06,-1
15045,2,1.5987120775503255e-06,-1
6110,2,1.5987120775503255e-06,-1
6096,2,1.5987120775503255e-06,-1
14927,2,1.5987120775503255e-06,-1
14930,2,1.5987120775503255e-06,-1
14933,2,1.5987120775503255e-06,-1
14936,2,1.5987120775503255e-06,-1
15361,2,1.5987120775503255e-06,-1
15299,2,1.5987120775503255e-06,-1
15319,2,1.5987120775503255e-06,-1
15277,2,1.5987120775503255e-06,-1
15286,2,1.5987120775503255e-06,-1
15288,2,1.5987120775503255e-06,-1
17915,2,1.5987120775503255e-06,-1
15250,2,1.5987120775503255e-06,-1
15267,2,1.5987120775503255e-06,-1
15351,2,1.5987120775503255e-06,-1
8666,2,1.5987120775503255e-06,-1
4184,2,1.5987120775503255e-06,-1
4189,2,1.5987120775503255e-06,-1
17882,2,1.5987120775503255e-06,-1
17888,2,1.5987120775503255e-06,-1
17898,2,1.5987120775503255e-06,-1
20639,2,1.5987120775503255e-06,-1
20641,2,1.5987120775503255e-06,-1
20642,2,1.5987120775503255e-06,-1
15059,2,1.5987120775503255e-06,-1
15128,2,1.5987120775503255e-06,-1
17988,2,1.5987120775503255e-06,-1
18002,2,1.5987120775503255e-06,-1
18005,2,1.5987120775503255e-06,-1
18011,2,1.5987120775503255e-06,-1
18023,2,1.5987120775503255e-06,-1
18038,2,1.5987120775503255e-06,-1
18042,2,1.5987120775503255e-06,-1
15050,2,1.5987120775503255e-06,-1
15058,2,1.5987120775503255e-06,-1
15098,2,1.5987120775503255e-06,-1
15104,2,1.5987120775503255e-06,-1
15107,2,1.5987120775503255e-06,-1
15108,2,1.5987120775503255e-06,-1
18021,2,1.5987120775503255e-06,-1
15025,2,1.5987120775503255e-06,-1
15043,2,1.5987120775503255e-06,-1
8888,2,1.5987120775503255e-06,-1
20576,2,1.5987120775503255e-06,-1
15191,2,1.5987120775503255e-06,-1
15192,2,1.5987120775503255e-06,-1
15195,2,1.5987120775503255e-06,-1
8720,2,1.5987120775503255e-06,-1
20636,2,1.5987120775503255e-06,-1
15221,2,1.5987120775503255e-06,-1
15230,2,1.5987120775503255e-06,-1
4197,2,1.5987120775503255e-06,-1
4200,2,1.5987120775503255e-06,-1
17922,2,1.5987120775503255e-06,-1
17937,2,1.5987120775503255e-06,-1
17955,2,1.5987120775503255e-06,-1
17957,2,1.5987120775503255e-06,-1
17963,2,1.5987120775503255e-06,-1
17979,2,1.5987120775503255e-06,-1
17981,2,1.5987120775503255e-06,-1
15174,2,1.5987120775503255e-06,-1
15119,2,1.5987120775503255e-06,-1
15092,2,1.5987120775503255e-06,-1
8709,2,1.5987120775503255e-06,-1
16957,2,1.5987120775503255e-06,-1
16959,2,1.5987120775503255e-06,-1
16853,2,1.5987120775503255e-06,-1
16856,2,1.5987120775503255e-06,-1
16927,2,1.5987120775503255e-06,-1
16834,2,1.5987120775503255e-06,-1
16836,2,1.5987120775503255e-06,-1
16841,2,1.5987120775503255e-06,-1
16900,2,1.5987120775503255e-06,-1
16901,2,1.5987120775503255e-06,-1
16908,2,1.5987120775503255e-06,-1
16917,2,1.5987120775503255e-06,-1
7163,2,1.5987120775503255e-06,-1
16875,2,1.5987120775503255e-06,-1
16877,2,1.5987120775503255e-06,-1
16995,2,1.5987120775503255e-06,-1
17014,2,1.5987120775503255e-06,-1
21142,2,1.5987120775503255e-06,-1
21150,2,1.5987120775503255e-06,-1
21151,2,1.5987120775503255e-06,-1
1544,2,1.5987120775503255e-06,-1
1522,2,1.5987120775503255e-06,-1
11235,2,1.5987120775503255e-06,-1
11243,2,1.5987120775503255e-06,-1
19849,2,1.5987120775503255e-06,-1
11186,2,1.5987120775503255e-06,-1
11305,2,1.5987120775503255e-06,-1
11312,2,1.5987120775503255e-06,-1
11016,2,1.5987120775503255e-06,-1
11017,2,1.5987120775503255e-06,-1
19820,2,1.5987120775503255e-06,-1
11002,2,1.5987120775503255e-06,-1
16930,2,1.5987120775503255e-06,-1
16887,2,1.5987120775503255e-06,-1
6990,2,1.5987120775503255e-06,-1
21292,1,7.993560387751627e-07,-1
6996,1,7.993560387751627e-07,-1
21277,1,7.993560387751627e-07,-1
21278,1,7.993560387751627e-07,-1
21280,1,7.993560387751627e-07,-1
21207,1,7.993560387751627e-07,-1
21286,1,7.993560387751627e-07,-1
21287,1,7.993560387751627e-07,-1
21288,1,7.993560387751627e-07,-1
21289,1,7.993560387751627e-07,-1
11003,1,7.993560387751627e-07,-1
11008,1,7.993560387751627e-07,-1
1457,1,7.993560387751627e-07,-1
11060,1,7.993560387751627e-07,-1
11356,1,7.993560387751627e-07,-1
1516,1,7.993560387751627e-07,-1
11205,1,7.993560387751627e-07,-1
19851,1,7.993560387751627e-07,-1
21140,1,7.993560387751627e-07,-1
21141,1,7.993560387751627e-07,-1
21143,1,7.993560387751627e-07,-1
21144,1,7.993560387751627e-07,-1
21145,1,7.993560387751627e-07,-1
17000,1,7.993560387751627e-07,-1
11608,1,7.993560387751627e-07,-1
11359,1,7.993560387751627e-07,-1
11387,1,7.993560387751627e-07,-1
19702,1,7.993560387751627e-07,-1
19705,1,7.993560387751627e-07,-1
19712,1,7.993560387751627e-07,-1
19716,1,7.993560387751627e-07,-1
11322,1,7.993560387751627e-07,-1
19653,1,7.993560387751627e-07,-1
19658,1,7.993560387751627e-07,-1
19667,1,7.993560387751627e-07,-1
19680,1,7.993560387751627e-07,-1
11534,1,7.993560387751627e-07,-1
19600,1,7.993560387751627e-07,-1
19610,1,7.993560387751627e-07,-1
19611,1,7.993560387751627e-07,-1
16694,1,7.993560387751627e-07,-1
16629,1,7.993560387751627e-07,-1
7252,1,7.993560387751627e-07,-1
21094,1,7.993560387751627e-07,-1
21107,1,7.993560387751627e-07,-1
21108,1,7.993560387751627e-07,-1
21110,1,7.993560387751627e-07,-1
19649,1,7.993560387751627e-07,-1
16634,1,7.993560387751627e-07,-1
16655,1,7.993560387751627e-07,-1
17146,1,7.993560387751627e-07,-1
16611,1,7.993560387751627e-07,-1
16612,1,7.993560387751627e-07,-1
16613,1,7.993560387751627e-07,-1
16673,1,7.993560387751627e-07,-1
16683,1,7.993560387751627e-07,-1
18199,1,7.993560387751627e-07,-1
18201,1,7.993560387751627e-07,-1
14764,1,7.993560387751627e-07,-1
14767,1,7.993560387751627e-07,-1
14870,1,7.993560387751627e-07,-1
18159,1,7.993560387751627e-07,-1
18163,1,7.993560387751627e-07,-1
14796,1,7.993560387751627e-07,-1
18103,1,7.993560387751627e-07,-1
14918,1,7.993560387751627e-07,-1
15072,1,7.993560387751627e-07,-1
15078,1,7.993560387751627e-07,-1
20532,1,7.993560387751627e-07,-1
9063,1,7.993560387751627e-07,-1
14812,1,7.993560387751627e-07,-1
14820,1,7.993560387751627e-07,-1
15356,1,7.993560387751627e-07,-1
15358,1,7.993560387751627e-07,-1
20545,1,7.993560387751627e-07,-1
18124,1,7.993560387751627e-07,-1
14889,1,7.993560387751627e-07,-1
14897,1,7.993560387751627e-07,-1
14999,1,7.993560387751627e-07,-1
3069,1,7.993560387751627e-07,-1
20652,1,7.993560387751627e-07,-1
20662,1,7.993560387751627e-07,-1
20665,1,7.993560387751627e-07,-1
20666,1,7.993560387751627e-07,-1
17903,1,7.993560387751627e-07,-1
17912,1,7.993560387751627e-07,-1
17917,1,7.993560387751627e-07,-1
15263,1,7.993560387751627e-07,-1
14744,1,7.993560387751627e-07,-1
18248,1,7.993560387751627e-07,-1
9111,1,7.993560387751627e-07,-1
20510,1,7.993560387751627e-07,-1
20513,1,7.993560387751627e-07,-1
20524,1,7.993560387751627e-07,-1
20525,1,7.993560387751627e-07,-1
15474,1,7.993560387751627e-07,-1
20488,1,7.993560387751627e-07,-1
9175,1,7.993560387751627e-07,-1
6020,1,7.993560387751627e-07,-1
9132,1,7.993560387751627e-07,-1
18251,1,7.993560387751627e-07,-1
18266,1,7.993560387751627e-07,-1
14623,1,7.993560387751627e-07,-1
14628,1,7.993560387751627e-07,-1
15379,1,7.993560387751627e-07,-1
15386,1,7.993560387751627e-07,-1
15400,1,7.993560387751627e-07,-1
20715,1,7.993560387751627e-07,-1
20726,1,7.993560387751627e-07,-1
8537,1,7.993560387751627e-07,-1
8511,1,7.993560387751627e-07,-1
20482,1,7.993560387751627e-07,-1
14798,1,7.993560387751627e-07,-1
20544,1,7.993560387751627e-07,-1
15290,1,7.993560387751627e-07,-1
8653,1,7.993560387751627e-07,-1
20668,1,7.993560387751627e-07,-1
17840,1,7.993560387751627e-07,-1
17848,1,7.993560387751627e-07,-1
17854,1,7.993560387751627e-07,-1
17753,1,7.993560387751627e-07,-1
15572,1,7.993560387751627e-07,-1
15574,1,7.993560387751627e-07,-1
15592,1,7.993560387751627e-07,-1
15594,1,7.993560387751627e-07,-1
15541,1,7.993560387751627e-07,-1
15596,1,7.993560387751627e-07,-1
15617,1,7.993560387751627e-07,-1
4363,1,7.993560387751627e-07,-1
18289,1,7.993560387751627e-07,-1
20476,1,7.993560387751627e-07,-1
20480,1,7.993560387751627e-07,-1
20762,1,7.993560387751627e-07,-1
8473,1,7.993560387751627e-07,-1
17735,1,7.993560387751627e-07,-1
17738,1,7.993560387751627e-07,-1
20741,1,7.993560387751627e-07,-1
20753,1,7.993560387751627e-07,-1
20755,1,7.993560387751627e-07,-1
14595,1,7.993560387751627e-07,-1
14547,1,7.993560387751627e-07,-1
18329,1,7.993560387751627e-07,-1
14502,1,7.993560387751627e-07,-1
14507,1,7.993560387751627e-07,-1
15444,1,7.993560387751627e-07,-1
17817,1,7.993560387751627e-07,-1
15418,1,7.993560387751627e-07,-1
15420,1,7.993560387751627e-07,-1
15424,1,7.993560387751627e-07,-1
17766,1,7.993560387751627e-07,-1
15495,1,7.993560387751627e-07,-1
15533,1,7.993560387751627e-07,-1
9554,1,7.993560387751627e-07,-1
14129,1,7.993560387751627e-07,-1
14133,1,7.993560387751627e-07,-1
14136,1,7.993560387751627e-07,-1
18546,1,7.993560387751627e-07,-1
18551,1,7.993560387751627e-07,-1
18558,1,7.993560387751627e-07,-1
18569,1,7.993560387751627e-07,-1
14481,1,7.993560387751627e-07,-1
14487,1,7.993560387751627e-07,-1
14211,1,7.993560387751627e-07,-1
14219,1,7.993560387751627e-07,-1
2749,1,7.993560387751627e-07,-1
18491,1,7.993560387751627e-07,-1
14400,1,7.993560387751627e-07,-1
14354,1,7.993560387751627e-07,-1
9345,1,7.993560387751627e-07,-1
14462,1,7.993560387751627e-07,-1
14426,1,7.993560387751627e-07,-1
14529,1,7.993560387751627e-07,-1
18350,1,7.993560387751627e-07,-1
18357,1,7.993560387751627e-07,-1
18374,1,7.993560387751627e-07,-1
18379,1,7.993560387751627e-07,-1
15621,1,7.993560387751627e-07,-1
15625,1,7.993560387751627e-07,-1
6265,1,7.993560387751627e-07,-1
8404,1,7.993560387751627e-07,-1
20419,1,7.993560387751627e-07,-1
20420,1,7.993560387751627e-07,-1
20424,1,7.993560387751627e-07,-1
20426,1,7.993560387751627e-07,-1
5827,1,7.993560387751627e-07,-1
4491,1,7.993560387751627e-07,-1
13806,1,7.993560387751627e-07,-1
13807,1,7.993560387751627e-07,-1
13911,1,7.993560387751627e-07,-1
13921,1,7.993560387751627e-07,-1
18650,1,7.993560387751627e-07,-1
13855,1,7.993560387751627e-07,-1
18622,1,7.993560387751627e-07,-1
14114,1,7.993560387751627e-07,-1
14074,1,7.993560387751627e-07,-1
18603,1,7.993560387751627e-07,-1
18605,1,7.993560387751627e-07,-1
14060,1,7.993560387751627e-07,-1
20377,1,7.993560387751627e-07,-1
1066,1,7.993560387751627e-07,-1
17690,1,7.993560387751627e-07,-1
17691,1,7.993560387751627e-07,-1
17692,1,7.993560387751627e-07,-1
17704,1,7.993560387751627e-07,-1
15652,1,7.993560387751627e-07,-1
8344,1,7.993560387751627e-07,-1
5829,1,7.993560387751627e-07,-1
14062,1,7.993560387751627e-07,-1
18536,1,7.993560387751627e-07,-1
18537,1,7.993560387751627e-07,-1
20392,1,7.993560387751627e-07,-1
20401,1,7.993560387751627e-07,-1
20770,1,7.993560387751627e-07,-1
20772,1,7.993560387751627e-07,-1
20780,1,7.993560387751627e-07,-1
17677,1,7.993560387751627e-07,-1
18713,1,7.993560387751627e-07,-1
18717,1,7.993560387751627e-07,-1
18733,1,7.993560387751627e-07,-1
9715,1,7.993560387751627e-07,-1
5772,1,7.993560387751627e-07,-1
8074,1,7.993560387751627e-07,-1
8104,1,7.993560387751627e-07,-1
15889,1,7.993560387751627e-07,-1
20289,1,7.993560387751627e-07,-1
20290,1,7.993560387751627e-07,-1
13671,1,7.993560387751627e-07,-1
13636,1,7.993560387751627e-07,-1
13612,1,7.993560387751627e-07,-1
13576,1,7.993560387751627e-07,-1
13789,1,7.993560387751627e-07,-1
13753,1,7.993560387751627e-07,-1
17630,1,7.993560387751627e-07,-1
17633,1,7.993560387751627e-07,-1
15738,1,7.993560387751627e-07,-1
3988,1,7.993560387751627e-07,-1
17588,1,7.993560387751627e-07,-1
17593,1,7.993560387751627e-07,-1
6360,1,7.993560387751627e-07,-1
8143,1,7.993560387751627e-07,-1
13885,1,7.993560387751627e-07,-1
20314,1,7.993560387751627e-07,-1
20323,1,7.993560387751627e-07,-1
20792,1,7.993560387751627e-07,-1
20806,1,7.993560387751627e-07,-1
8211,1,7.993560387751627e-07,-1
8248,1,7.993560387751627e-07,-1
17623,1,7.993560387751627e-07,-1
20262,1,7.993560387751627e-07,-1
20282,1,7.993560387751627e-07,-1
20191,1,7.993560387751627e-07,-1
20192,1,7.993560387751627e-07,-1
20193,1,7.993560387751627e-07,-1
13233,1,7.993560387751627e-07,-1
18868,1,7.993560387751627e-07,-1
18876,1,7.993560387751627e-07,-1
13572,1,7.993560387751627e-07,-1
18798,1,7.993560387751627e-07,-1
18808,1,7.993560387751627e-07,-1
13440,1,7.993560387751627e-07,-1
13588,1,7.993560387751627e-07,-1
13593,1,7.993560387751627e-07,-1
18758,1,7.993560387751627e-07,-1
18764,1,7.993560387751627e-07,-1
20890,1,7.993560387751627e-07,-1
7929,1,7.993560387751627e-07,-1
18843,1,7.993560387751627e-07,-1
18846,1,7.993560387751627e-07,-1
9921,1,7.993560387751627e-07,-1
9887,1,7.993560387751627e-07,-1
20211,1,7.993560387751627e-07,-1
9849,1,7.993560387751627e-07,-1
15891,1,7.993560387751627e-07,-1
15916,1,7.993560387751627e-07,-1
15863,1,7.993560387751627e-07,-1
15955,1,7.993560387751627e-07,-1
15961,1,7.993560387751627e-07,-1
17519,1,7.993560387751627e-07,-1
20874,1,7.993560387751627e-07,-1
20888,1,7.993560387751627e-07,-1
18918,1,7.993560387751627e-07,-1
13158,1,7.993560387751627e-07,-1
7829,1,7.993560387751627e-07,-1
17412,1,7.993560387751627e-07,-1
17413,1,7.993560387751627e-07,-1
17414,1,7.993560387751627e-07,-1
16092,1,7.993560387751627e-07,-1
16095,1,7.993560387751627e-07,-1
13104,1,7.993560387751627e-07,-1
13106,1,7.993560387751627e-07,-1
13109,1,7.993560387751627e-07,-1
13241,1,7.993560387751627e-07,-1
13178,1,7.993560387751627e-07,-1
13187,1,7.993560387751627e-07,-1
13203,1,7.993560387751627e-07,-1
13204,1,7.993560387751627e-07,-1
17449,1,7.993560387751627e-07,-1
16018,1,7.993560387751627e-07,-1
20897,1,7.993560387751627e-07,-1
20177,1,7.993560387751627e-07,-1
20178,1,7.993560387751627e-07,-1
10091,1,7.993560387751627e-07,-1
13157,1,7.993560387751627e-07,-1
13102,1,7.993560387751627e-07,-1
13446,1,7.993560387751627e-07,-1
18833,1,7.993560387751627e-07,-1
16045,1,7.993560387751627e-07,-1
16048,1,7.993560387751627e-07,-1
17471,1,7.993560387751627e-07,-1
17507,1,7.993560387751627e-07,-1
15978,1,7.993560387751627e-07,-1
15986,1,7.993560387751627e-07,-1
5543,1,7.993560387751627e-07,-1
20130,1,7.993560387751627e-07,-1
20929,1,7.993560387751627e-07,-1
20948,1,7.993560387751627e-07,-1
20955,1,7.993560387751627e-07,-1
20956,1,7.993560387751627e-07,-1
20958,1,7.993560387751627e-07,-1
20959,1,7.993560387751627e-07,-1
20156,1,7.993560387751627e-07,-1
20161,1,7.993560387751627e-07,-1
20164,1,7.993560387751627e-07,-1
20173,1,7.993560387751627e-07,-1
20174,1,7.993560387751627e-07,-1
19057,1,7.993560387751627e-07,-1
19059,1,7.993560387751627e-07,-1
19077,1,7.993560387751627e-07,-1
20153,1,7.993560387751627e-07,-1
10147,1,7.993560387751627e-07,-1
19052,1,7.993560387751627e-07,-1
13012,1,7.993560387751627e-07,-1
18983,1,7.993560387751627e-07,-1
19002,1,7.993560387751627e-07,-1
12946,1,7.993560387751627e-07,-1
20155,1,7.993560387751627e-07,-1
17389,1,7.993560387751627e-07,-1
17391,1,7.993560387751627e-07,-1
17400,1,7.993560387751627e-07,-1
17404,1,7.993560387751627e-07,-1
16120,1,7.993560387751627e-07,-1
16122,1,7.993560387751627e-07,-1
16139,1,7.993560387751627e-07,-1
20136,1,7.993560387751627e-07,-1
20105,1,7.993560387751627e-07,-1
10199,1,7.993560387751627e-07,-1
20980,1,7.993560387751627e-07,-1
20981,1,7.993560387751627e-07,-1
20984,1,7.993560387751627e-07,-1
20986,1,7.993560387751627e-07,-1
20988,1,7.993560387751627e-07,-1
20991,1,7.993560387751627e-07,-1
12743,1,7.993560387751627e-07,-1
12689,1,7.993560387751627e-07,-1
12696,1,7.993560387751627e-07,-1
19157,1,7.993560387751627e-07,-1
2122,1,7.993560387751627e-07,-1
12781,1,7.993560387751627e-07,-1
12782,1,7.993560387751627e-07,-1
2192,1,7.993560387751627e-07,-1
17333,1,7.993560387751627e-07,-1
17335,1,7.993560387751627e-07,-1
20976,1,7.993560387751627e-07,-1
5483,1,7.993560387751627e-07,-1
5484,1,7.993560387751627e-07,-1
5486,1,7.993560387751627e-07,-1
20077,1,7.993560387751627e-07,-1
12731,1,7.993560387751627e-07,-1
17349,1,7.993560387751627e-07,-1
17367,1,7.993560387751627e-07,-1
16195,1,7.993560387751627e-07,-1
16197,1,7.993560387751627e-07,-1
16208,1,7.993560387751627e-07,-1
16211,1,7.993560387751627e-07,-1
16212,1,7.993560387751627e-07,-1
17322,1,7.993560387751627e-07,-1
19998,1,7.993560387751627e-07,-1
12284,1,7.993560387751627e-07,-1
19295,1,7.993560387751627e-07,-1
2078,1,7.993560387751627e-07,-1
12306,1,7.993560387751627e-07,-1
4887,1,7.993560387751627e-07,-1
19254,1,7.993560387751627e-07,-1
20993,1,7.993560387751627e-07,-1
19238,1,7.993560387751627e-07,-1
12464,1,7.993560387751627e-07,-1
19219,1,7.993560387751627e-07,-1
12630,1,7.993560387751627e-07,-1
10355,1,7.993560387751627e-07,-1
10356,1,7.993560387751627e-07,-1
10365,1,7.993560387751627e-07,-1
12073,1,7.993560387751627e-07,-1
7697,1,7.993560387751627e-07,-1
6587,1,7.993560387751627e-07,-1
19259,1,7.993560387751627e-07,-1
19265,1,7.993560387751627e-07,-1
19273,1,7.993560387751627e-07,-1
10485,1,7.993560387751627e-07,-1
10486,1,7.993560387751627e-07,-1
19226,1,7.993560387751627e-07,-1
17288,1,7.993560387751627e-07,-1
16214,1,7.993560387751627e-07,-1
16215,1,7.993560387751627e-07,-1
16375,1,7.993560387751627e-07,-1
16393,1,7.993560387751627e-07,-1
17250,1,7.993560387751627e-07,-1
17273,1,7.993560387751627e-07,-1
3761,1,7.993560387751627e-07,-1
12153,1,7.993560387751627e-07,-1
19341,1,7.993560387751627e-07,-1
19352,1,7.993560387751627e-07,-1
19945,1,7.993560387751627e-07,-1
19950,1,7.993560387751627e-07,-1
19951,1,7.993560387751627e-07,-1
11906,1,7.993560387751627e-07,-1
19480,1,7.993560387751627e-07,-1
19976,1,7.993560387751627e-07,-1
19431,1,7.993560387751627e-07,-1
19432,1,7.993560387751627e-07,-1
12004,1,7.993560387751627e-07,-1
12006,1,7.993560387751627e-07,-1
12185,1,7.993560387751627e-07,-1
12138,1,7.993560387751627e-07,-1
12145,1,7.993560387751627e-07,-1
16414,1,7.993560387751627e-07,-1
16429,1,7.993560387751627e-07,-1
7626,1,7.993560387751627e-07,-1
6646,1,7.993560387751627e-07,-1
21043,1,7.993560387751627e-07,-1
10544,1,7.993560387751627e-07,-1
10559,1,7.993560387751627e-07,-1
19974,1,7.993560387751627e-07,-1
20994,1,7.993560387751627e-07,-1
20995,1,7.993560387751627e-07,-1
21001,1,7.993560387751627e-07,-1
21003,1,7.993560387751627e-07,-1
21008,1,7.993560387751627e-07,-1
17210,1,7.993560387751627e-07,-1
17211,1,7.993560387751627e-07,-1
17242,1,7.993560387751627e-07,-1
11711,1,7.993560387751627e-07,-1
11833,1,7.993560387751627e-07,-1
11838,1,7.993560387751627e-07,-1
11813,1,7.993560387751627e-07,-1
5031,1,7.993560387751627e-07,-1
19933,1,7.993560387751627e-07,-1
19935,1,7.993560387751627e-07,-1
7336,1,7.993560387751627e-07,-1
7334,1,7.993560387751627e-07,-1
19897,1,7.993560387751627e-07,-1
19904,1,7.993560387751627e-07,-1
19910,1,7.993560387751627e-07,-1
19920,1,7.993560387751627e-07,-1
19925,1,7.993560387751627e-07,-1
10689,1,7.993560387751627e-07,-1
11743,1,7.993560387751627e-07,-1
16569,1,7.993560387751627e-07,-1
16473,1,7.993560387751627e-07,-1
3451,1,7.993560387751627e-07,-1
17208,1,7.993560387751627e-07,-1
16575,1,7.993560387751627e-07,-1
16588,1,7.993560387751627e-07,-1
16548,1,7.993560387751627e-07,-1
7332,1,7.993560387751627e-07,-1
11869,1,7.993560387751627e-07,-1
11871,1,7.993560387751627e-07,-1
19446,1,7.993560387751627e-07,-1
19453,1,7.993560387751627e-07,-1
19454,1,7.993560387751627e-07,-1
19455,1,7.993560387751627e-07,-1
19456,1,7.993560387751627e-07,-1
11949,1,7.993560387751627e-07,-1
21158,1,7.993560387751627e-07,-1
21159,1,7.993560387751627e-07,-1
21240,1,7.993560387751627e-07,-1
21239,1,7.993560387751627e-07,-1
7031,1,7.993560387751627e-07,-1
21290,1,7.993560387751627e-07,-1
21262,1,7.993560387751627e-07,-1
17001,1,7.993560387751627e-07,-1
21139,1,7.993560387751627e-07,-1
7106,1,7.993560387751627e-07,-1
21283,1,7.993560387751627e-07,-1
6869,1,7.993560387751627e-07,-1
21282,1,7.993560387751627e-07,-1
7093,1,7.993560387751627e-07,-1
21281,1,7.993560387751627e-07,-1
21155,1,7.993560387751627e-07,-1
21126,1,7.993560387751627e-07,-1
7196,1,7.993560387751627e-07,-1
16700,1,7.993560387751627e-07,-1
16715,1,7.993560387751627e-07,-1
16716,1,7.993560387751627e-07,-1
17051,1,7.993560387751627e-07,-1
16809,1,7.993560387751627e-07,-1
21128,1,7.993560387751627e-07,-1
19698,1,7.993560387751627e-07,-1
11415,1,7.993560387751627e-07,-1
11446,1,7.993560387751627e-07,-1
19878,1,7.993560387751627e-07,-1
11487,1,7.993560387751627e-07,-1
19634,1,7.993560387751627e-07,-1
21116,1,7.993560387751627e-07,-1
21125,1,7.993560387751627e-07,-1
18034,1,7.993560387751627e-07,-1
18040,1,7.993560387751627e-07,-1
15052,1,7.993560387751627e-07,-1
15143,1,7.993560387751627e-07,-1
17993,1,7.993560387751627e-07,-1
20643,1,7.993560387751627e-07,-1
20649,1,7.993560387751627e-07,-1
20650,1,7.993560387751627e-07,-1
20634,1,7.993560387751627e-07,-1
18064,1,7.993560387751627e-07,-1
15022,1,7.993560387751627e-07,-1
8889,1,7.993560387751627e-07,-1
8897,1,7.993560387751627e-07,-1
20589,1,7.993560387751627e-07,-1
8824,1,7.993560387751627e-07,-1
15102,1,7.993560387751627e-07,-1
20616,1,7.993560387751627e-07,-1
20627,1,7.993560387751627e-07,-1
8749,1,7.993560387751627e-07,-1
15158,1,7.993560387751627e-07,-1
17929,1,7.993560387751627e-07,-1
17930,1,7.993560387751627e-07,-1
4255,1,7.993560387751627e-07,-1
8732,1,7.993560387751627e-07,-1
17021,1,7.993560387751627e-07,-1
16955,1,7.993560387751627e-07,-1
16958,1,7.993560387751627e-07,-1
16980,1,7.993560387751627e-07,-1
16852,1,7.993560387751627e-07,-1
18013,1,7.993560387751627e-07,-1
18018,1,7.993560387751627e-07,-1
20605,1,7.993560387751627e-07,-1
