item_id,paired_id
0,0
1,3321
2,2
3,3
4,4
5,5
6,6
7,7
8,8
9,9
10,10
11,11
12,12
13,13
14,14
15,15
16,946
17,17
18,18
19,19
20,20
21,6568
22,4842
23,16412
24,18784
25,19388
26,5043
27,17106
28,28
29,29
30,1558
31,31
32,5350
33,5350
34,1864
35,35
36,1829
37,35
38,4040
39,39
40,1829
41,41
42,42
43,43
44,44
45,45
46,46
47,2614
48,1821
49,49
50,50
51,5506
52,5004
53,53
54,54
55,55
56,56
57,57
58,58
59,59
60,60
61,61
62,62
63,63
64,64
65,65
66,66
67,2548
68,68
69,125
70,70
71,71
72,72
73,73
74,74
75,2803
76,79
77,77
78,79
79,79
80,79
81,79
82,6844
83,5580
84,84
85,85
86,86
87,87
88,88
89,89
90,90
91,91
92,92
93,2236
94,94
95,95
96,96
97,5004
98,98
99,99
100,100
101,101
102,102
103,6703
104,104
105,12959
106,106
107,2901
108,108
109,1182
110,736
111,736
112,8928
113,4424
114,4424
115,1927
116,1182
117,736
118,118
119,119
120,120
121,1869
122,1625
123,123
124,124
125,125
126,126
127,127
128,128
129,3930
130,130
131,131
132,133
133,133
134,134
135,135
136,136
137,137
138,16665
139,16301
140,16301
141,141
142,142
143,143
144,144
145,13036
146,13036
147,13036
148,148
149,1433
150,150
151,151
152,7178
153,1500
154,154
155,5464
156,156
157,157
158,158
159,159
160,163
161,163
162,163
163,163
164,10326
165,7337
166,169
167,9399
168,168
169,169
170,170
171,171
172,6873
173,6873
174,174
175,175
176,2725
177,4097
178,4097
179,4097
180,4097
181,4097
182,182
183,2125
184,4911
185,3008
186,186
187,187
188,8470
189,11176
190,11176
191,191
192,191
193,193
194,191
195,195
196,196
197,197
198,1735
199,1747
200,1747
201,201
202,202
203,203
204,204
205,205
206,12483
207,204
208,208
209,209
210,210
211,211
212,2784
213,213
214,9705
215,215
216,215
217,215
218,218
219,219
220,13475
221,7979
222,222
223,223
224,224
225,225
226,226
227,227
228,228
229,208
230,230
231,231
232,232
233,232
234,5214
235,5456
236,5456
237,11661
238,12379
239,11661
240,14630
241,241
242,242
243,243
244,2891
245,245
246,875
247,247
248,2501
249,639
250,638
251,251
252,119
253,253
254,119
255,255
256,256
257,1959
258,258
259,259
260,6415
261,261
262,2768
263,263
264,264
265,265
266,266
267,267
268,1337
269,679
270,4421
271,271
272,272
273,273
274,274
275,275
276,276
277,277
278,278
279,1625
280,2550
281,7979
282,7979
283,7979
284,7979
285,7979
286,7979
287,7979
288,7979
289,289
290,290
291,291
292,521
293,293
294,294
295,295
296,296
297,297
298,4424
299,299
300,300
301,301
302,302
303,302
304,305
305,305
306,306
307,307
308,308
309,309
310,310
311,311
312,312
313,313
314,314
315,315
316,316
317,313
318,318
319,319
320,5268
321,321
322,322
323,4447
324,17482
325,325
326,325
327,325
328,325
329,325
330,4447
331,331
332,332
333,333
334,334
335,335
336,336
337,337
338,338
339,1041
340,340
341,341
342,342
343,343
344,7180
345,3179
346,7178
347,7178
348,348
349,349
350,2147
351,351
352,352
353,353
354,1770
355,355
356,356
357,3430
358,358
359,359
360,360
361,361
362,367
363,1735
364,364
365,365
366,366
367,367
368,7956
369,7956
370,370
371,371
372,372
373,14475
374,19880
375,1573
376,376
377,2997
378,378
379,920
380,380
381,381
382,382
383,383
384,384
385,385
386,5047
387,387
388,388
389,389
390,389
391,4031
392,4031
393,393
394,394
395,395
396,2454
397,397
398,2454
399,399
400,400
401,401
402,402
403,3046
404,404
405,9399
406,6722
407,6722
408,408
409,409
410,410
411,411
412,5431
413,9991
414,414
415,208
416,416
417,417
418,5880
419,17161
420,21187
421,17206
422,18466
423,424
424,424
425,424
426,426
427,17084
428,17084
429,5648
430,3768
431,3768
432,2690
433,1155
434,434
435,4809
436,2926
437,5880
438,417
439,417
440,417
441,19357
442,3253
443,4031
444,20802
445,3546
446,1358
447,125
448,448
449,449
450,450
451,679
452,452
453,453
454,454
455,5240
456,456
457,457
458,458
459,458
460,6797
461,6797
462,462
463,463
464,464
465,465
466,466
467,467
468,468
469,469
470,470
471,471
472,472
473,473
474,474
475,475
476,417
477,5880
478,478
479,125
480,480
481,481
482,482
483,483
484,484
485,485
486,486
487,487
488,488
489,7437
490,5732
491,4792
492,5732
493,493
494,494
495,493
496,493
497,497
498,498
499,499
500,500
501,501
502,502
503,503
504,504
505,505
506,506
507,507
508,508
509,509
510,510
511,511
512,512
513,513
514,514
515,515
516,516
517,8081
518,518
519,519
520,520
521,521
522,522
523,523
524,524
525,525
526,182
527,1735
528,2725
529,1735
530,2725
531,1735
532,1735
533,1136
534,2695
535,2695
536,2695
537,5007
538,538
539,539
540,5542
541,541
542,542
543,543
544,544
545,545
546,546
547,547
548,548
549,549
550,548
551,549
552,1599
553,554
554,554
555,555
556,558
557,558
558,558
559,5019
560,560
561,561
562,569
563,1465
564,564
565,565
566,566
567,567
568,568
569,569
570,570
571,571
572,572
573,573
574,574
575,575
576,576
577,579
578,578
579,579
580,579
581,581
582,582
583,583
584,584
585,585
586,4408
587,6932
588,6700
589,2050
590,2050
591,572
592,951
593,593
594,594
595,595
596,596
597,597
598,598
599,599
600,600
601,5917
602,5917
603,5917
604,11176
605,606
606,606
607,2164
608,2164
609,5121
610,5917
611,611
612,261
613,11176
614,2164
615,9399
616,2164
617,9759
618,618
619,618
620,7512
621,7512
622,622
623,623
624,623
625,623
626,383
627,4720
628,4720
629,4720
630,630
631,631
632,632
633,633
634,634
635,635
636,636
637,637
638,638
639,639
640,640
641,641
642,642
643,643
644,644
645,218
646,636
647,636
648,1782
649,636
650,650
651,636
652,780
653,656
654,656
655,655
656,656
657,656
658,658
659,659
660,660
661,215
662,662
663,663
664,383
665,383
666,666
667,667
668,215
669,1394
670,670
671,2457
672,2172
673,2853
674,2106
675,11406
676,2172
677,2172
678,11406
679,679
680,1132
681,681
682,2866
683,683
684,7908
685,7908
686,686
687,687
688,688
689,689
690,1417
691,691
692,692
693,693
694,694
695,695
696,696
697,697
698,698
699,699
700,700
701,701
702,702
703,703
704,704
705,705
706,6801
707,707
708,4490
709,4490
710,3546
711,4132
712,4490
713,12398
714,12398
715,715
716,716
717,163
718,163
719,163
720,163
721,163
722,163
723,723
724,521
725,3332
726,1973
727,727
728,4907
729,14800
730,730
731,15878
732,732
733,733
734,734
735,735
736,736
737,5121
738,738
739,740
740,740
741,1869
742,742
743,4652
744,744
745,745
746,746
747,747
748,748
749,5919
750,750
751,751
752,752
753,753
754,754
755,755
756,2524
757,757
758,2913
759,760
760,760
761,5318
762,4187
763,763
764,764
765,5318
766,5318
767,367
768,367
769,769
770,770
771,771
772,772
773,5309
774,10274
775,775
776,10274
777,6932
778,778
779,10274
780,780
781,780
782,782
783,783
784,784
785,785
786,786
787,787
788,788
789,789
790,789
791,15164
792,789
793,679
794,789
795,679
796,796
797,797
798,798
799,799
800,800
801,7979
802,802
803,803
804,804
805,805
806,806
807,807
808,808
809,7979
810,810
811,811
812,810
813,810
814,810
815,811
816,810
817,810
818,2901
819,7979
820,7979
821,16068
822,825
823,825
824,824
825,825
826,826
827,827
828,828
829,514
830,830
831,679
832,832
833,833
834,834
835,835
836,836
837,837
838,838
839,837
840,13036
841,841
842,842
843,843
844,844
845,845
846,5431
847,847
848,848
849,3907
850,850
851,1465
852,852
853,569
854,854
855,854
856,569
857,569
858,569
859,860
860,860
861,861
862,862
863,863
864,1096
865,865
866,866
867,867
868,868
869,869
870,458
871,3003
872,875
873,1610
874,874
875,875
876,4259
877,4259
878,4259
879,4259
880,4259
881,4259
882,882
883,2115
884,884
885,887
886,886
887,887
888,888
889,889
890,890
891,891
892,892
893,893
894,894
895,4608
896,1433
897,4438
898,898
899,899
900,900
901,901
902,902
903,903
904,906
905,3762
906,906
907,9784
908,908
909,909
910,910
911,911
912,912
913,912
914,914
915,915
916,6797
917,6797
918,920
919,919
920,920
921,921
922,6797
923,6797
924,924
925,925
926,927
927,927
928,927
929,927
930,930
931,931
932,934
933,933
934,934
935,935
936,936
937,937
938,938
939,939
940,939
941,941
942,942
943,943
944,10100
945,945
946,946
947,947
948,4819
949,951
950,950
951,951
952,951
953,951
954,951
955,951
956,951
957,951
958,951
959,959
960,15164
961,7527
962,3807
963,963
964,16282
965,8439
966,972
967,8439
968,8439
969,8439
970,15927
971,8439
972,972
973,16282
974,972
975,232
976,1630
977,4300
978,11661
979,2454
980,2454
981,5457
982,983
983,983
984,6600
985,3986
986,986
987,939
988,988
989,989
990,990
991,993
992,5306
993,993
994,5306
995,995
996,5764
997,997
998,1796
999,5321
1000,4652
1001,4652
1002,10537
1003,12868
1004,16282
1005,16282
1006,1006
1007,1007
1008,1008
1009,1009
1010,1010
1011,1011
1012,1012
1013,5239
1014,1014
1015,5461
1016,1016
1017,1018
1018,1018
1019,1019
1020,1020
1021,1018
1022,2789
1023,1018
1024,1024
1025,1025
1026,1026
1027,1027
1028,1028
1029,1029
1030,1030
1031,10415
1032,1793
1033,1033
1034,1034
1035,1035
1036,1933
1037,6080
1038,1038
1039,6080
1040,1041
1041,1041
1042,1042
1043,1043
1044,1044
1045,1045
1046,6387
1047,6387
1048,1048
1049,6387
1050,6387
1051,1051
1052,6387
1053,1477
1054,18084
1055,1055
1056,6387
1057,1477
1058,20410
1059,1475
1060,1060
1061,1208
1062,4040
1063,5043
1064,5043
1065,1076
1066,1300
1067,1300
1068,13797
1069,18977
1070,8225
1071,20604
1072,4084
1073,1073
1074,1074
1075,1075
1076,1076
1077,8618
1078,4652
1079,4652
1080,4652
1081,4652
1082,133
1083,1083
1084,4994
1085,1085
1086,4809
1087,5205
1088,1088
1089,1089
1090,4524
1091,2318
1092,4524
1093,951
1094,5306
1095,4524
1096,1096
1097,1097
1098,1098
1099,1100
1100,1100
1101,1101
1102,1102
1103,1103
1104,1104
1105,1105
1106,1106
1107,1107
1108,1108
1109,4044
1110,5309
1111,1111
1112,1112
1113,1113
1114,1115
1115,1115
1116,1116
1117,1117
1118,1118
1119,4790
1120,2548
1121,1121
1122,13346
1123,3969
1124,1625
1125,1125
1126,1126
1127,1127
1128,1128
1129,1129
1130,1130
1131,1134
1132,1132
1133,1133
1134,1134
1135,1134
1136,1136
1137,1137
1138,1138
1139,5812
1140,1140
1141,1141
1142,1142
1143,579
1144,579
1145,10419
1146,1141
1147,1147
1148,1148
1149,3796
1150,594
1151,1151
1152,2501
1153,1153
1154,1154
1155,1155
1156,5318
1157,9355
1158,3373
1159,9355
1160,763
1161,5318
1162,5318
1163,9355
1164,9355
1165,1167
1166,5875
1167,1167
1168,5875
1169,1167
1170,7081
1171,1167
1172,7989
1173,7989
1174,5875
1175,5875
1176,1126
1177,1126
1178,1126
1179,1126
1180,1126
1181,1182
1182,1182
1183,1183
1184,1184
1185,1185
1186,1185
1187,1185
1188,1185
1189,1189
1190,1190
1191,1191
1192,1192
1193,1193
1194,1194
1195,1195
1196,1196
1197,1197
1198,1198
1199,1199
1200,1200
1201,5128
1202,1202
1203,1203
1204,3549
1205,16843
1206,5043
1207,5043
1208,1208
1209,14619
1210,14619
1211,449
1212,7527
1213,7527
1214,449
1215,449
1216,14619
1217,449
1218,1218
1219,1219
1220,1220
1221,757
1222,2913
1223,1223
1224,1224
1225,5318
1226,3373
1227,1227
1228,1228
1229,1229
1230,1230
1231,1231
1232,1232
1233,1233
1234,1234
1235,1235
1236,1234
1237,1234
1238,1238
1239,2180
1240,1234
1241,6151
1242,1167
1243,1243
1244,1244
1245,1245
1246,5052
1247,1247
1248,2866
1249,7239
1250,5474
1251,7239
1252,7239
1253,1260
1254,1254
1255,1260
1256,2070
1257,1254
1258,1258
1259,1259
1260,1260
1261,1261
1262,1735
1263,1263
1264,1264
1265,1265
1266,1266
1267,4701
1268,1261
1269,1261
1270,1270
1271,7223
1272,5580
1273,1273
1274,1274
1275,1275
1276,383
1277,5580
1278,906
1279,1279
1280,1500
1281,2128
1282,2128
1283,1283
1284,1284
1285,1285
1286,1286
1287,5863
1288,6628
1289,96
1290,1290
1291,1292
1292,1292
1293,1293
1294,2196
1295,1295
1296,1296
1297,1297
1298,1298
1299,1299
1300,1300
1301,20348
1302,1302
1303,3475
1304,5740
1305,5717
1306,7499
1307,19260
1308,7499
1309,3914
1310,914
1311,6515
1312,3914
1313,4098
1314,3914
1315,3914
1316,3914
1317,3914
1318,3914
1319,1319
1320,1320
1321,358
1322,1745
1323,1323
1324,1324
1325,1325
1326,1326
1327,1327
1328,1327
1329,1782
1330,780
1331,1331
1332,11459
1333,1333
1334,1334
1335,1333
1336,1336
1337,1337
1338,1338
1339,1339
1340,1340
1341,1341
1342,1342
1343,1343
1344,1344
1345,1345
1346,1346
1347,1347
1348,5648
1349,1349
1350,1350
1351,1350
1352,4894
1353,6873
1354,1354
1355,6873
1356,1356
1357,1357
1358,1358
1359,3475
1360,3915
1361,3906
1362,1358
1363,3915
1364,3915
1365,14630
1366,458
1367,1367
1368,1368
1369,1369
1370,1370
1371,1371
1372,457
1373,10415
1374,1374
1375,1371
1376,1376
1377,5639
1378,1378
1379,1379
1380,1380
1381,1381
1382,1382
1383,1383
1384,1384
1385,1385
1386,1385
1387,1914
1388,1914
1389,1914
1390,1390
1391,1391
1392,1392
1393,1393
1394,1394
1395,1395
1396,1396
1397,1397
1398,1398
1399,1399
1400,1400
1401,1401
1402,1402
1403,1403
1404,1404
1405,1405
1406,1406
1407,1126
1408,810
1409,810
1410,1410
1411,6700
1412,8662
1413,8662
1414,903
1415,15897
1416,1416
1417,1417
1418,1418
1419,1419
1420,1420
1421,7360
1422,1422
1423,1423
1424,3915
1425,5741
1426,3915
1427,3475
1428,3475
1429,3915
1430,3475
1431,8767
1432,1432
1433,1433
1434,1433
1435,7
1436,1436
1437,4745
1438,1438
1439,1439
1440,12771
1441,12771
1442,12771
1443,1443
1444,2115
1445,1445
1446,1446
1447,2115
1448,20344
1449,1449
1450,3071
1451,1451
1452,1452
1453,1453
1454,3064
1455,1455
1456,618
1457,3352
1458,1458
1459,5377
1460,1460
1461,325
1462,1462
1463,1463
1464,1464
1465,1465
1466,5610
1467,4493
1468,1468
1469,1469
1470,1470
1471,4503
1472,3832
1473,1473
1474,1475
1475,1475
1476,5654
1477,1477
1478,1465
1479,1465
1480,1480
1481,1481
1482,10576
1483,4424
1484,4424
1485,1182
1486,8928
1487,8928
1488,1126
1489,3957
1490,1490
1491,19443
1492,1492
1493,1493
1494,3442
1495,18964
1496,1496
1497,1497
1498,1400
1499,1499
1500,1500
1501,1500
1502,208
1503,1500
1504,11843
1505,1505
1506,1506
1507,1507
1508,1508
1509,15897
1510,1510
1511,903
1512,6579
1513,3045
1514,18466
1515,903
1516,15897
1517,2690
1518,18466
1519,18466
1520,17206
1521,17206
1522,4800
1523,903
1524,1524
1525,1525
1526,1526
1527,1527
1528,5687
1529,9705
1530,1530
1531,7886
1532,1532
1533,1534
1534,1534
1535,1535
1536,1536
1537,1537
1538,1691
1539,1539
1540,1540
1541,1542
1542,1542
1543,1542
1544,1542
1545,1539
1546,1546
1547,1547
1548,1548
1549,1549
1550,1550
1551,1549
1552,1552
1553,804
1554,1554
1555,1555
1556,1556
1557,1557
1558,1558
1559,1118
1560,1560
1561,5004
1562,5004
1563,6631
1564,1564
1565,2848
1566,1785
1567,10883
1568,10883
1569,570
1570,518
1571,19880
1572,12350
1573,1573
1574,1574
1575,1575
1576,1576
1577,1577
1578,1578
1579,1433
1580,1580
1581,898
1582,1582
1583,1583
1584,1584
1585,1585
1586,1182
1587,736
1588,1927
1589,5099
1590,1590
1591,1594
1592,1594
1593,1594
1594,1594
1595,1594
1596,1596
1597,1597
1598,1598
1599,1599
1600,1599
1601,1601
1602,1606
1603,875
1604,2115
1605,1605
1606,1606
1607,1607
1608,1608
1609,5225
1610,1610
1611,1611
1612,1612
1613,1826
1614,417
1615,417
1616,2125
1617,844
1618,4098
1619,4098
1620,2125
1621,1621
1622,1622
1623,1623
1624,1623
1625,1625
1626,1625
1627,18552
1628,16268
1629,1629
1630,1630
1631,5732
1632,5732
1633,5732
1634,1634
1635,1625
1636,3995
1637,3995
1638,7206
1639,7206
1640,7206
1641,1641
1642,1641
1643,1641
1644,1645
1645,1645
1646,1647
1647,1647
1648,21182
1649,21189
1650,1645
1651,1625
1652,1645
1653,1654
1654,1654
1655,1655
1656,1656
1657,1657
1658,3092
1659,1659
1660,1660
1661,1661
1662,1662
1663,12523
1664,1664
1665,1665
1666,2383
1667,1667
1668,1668
1669,1669
1670,1670
1671,1671
1672,1672
1673,1673
1674,1674
1675,1675
1676,1674
1677,1677
1678,1678
1679,6722
1680,6722
1681,1681
1682,1682
1683,1683
1684,215
1685,215
1686,215
1687,215
1688,1688
1689,1794
1690,1690
1691,1691
1692,1692
1693,1693
1694,1694
1695,804
1696,3807
1697,3807
1698,1698
1699,3300
1700,4098
1701,3438
1702,4097
1703,4097
1704,3438
1705,1705
1706,4097
1707,8145
1708,8145
1709,8145
1710,8145
1711,1829
1712,1829
1713,5427
1714,1714
1715,4344
1716,1716
1717,656
1718,1718
1719,656
1720,367
1721,1043
1722,3498
1723,1723
1724,1497
1725,1497
1726,4495
1727,4408
1728,1728
1729,1729
1730,1730
1731,12483
1732,1732
1733,1733
1734,1734
1735,1735
1736,42
1737,4098
1738,2725
1739,4286
1740,9713
1741,4097
1742,1742
1743,1735
1744,1735
1745,1745
1746,1746
1747,1747
1748,1500
1749,1500
1750,1750
1751,1751
1752,554
1753,4376
1754,7239
1755,3092
1756,7239
1757,1757
1758,71
1759,6877
1760,16605
1761,14674
1762,3340
1763,1763
1764,1764
1765,266
1766,852
1767,1767
1768,1768
1769,1770
1770,1770
1771,1771
1772,1772
1773,744
1774,1776
1775,744
1776,1776
1777,1777
1778,1778
1779,1779
1780,1780
1781,1781
1782,1782
1783,1782
1784,1782
1785,1785
1786,1786
1787,1785
1788,1788
1789,10883
1790,1790
1791,692
1792,1792
1793,1793
1794,1794
1795,1795
1796,1796
1797,1796
1798,1796
1799,17512
1800,1796
1801,17512
1802,1796
1803,1796
1804,3549
1805,1796
1806,1796
1807,17528
1808,7
1809,1809
1810,1810
1811,1811
1812,1812
1813,1813
1814,1814
1815,1583
1816,1583
1817,1818
1818,1818
1819,1819
1820,277
1821,1821
1822,2821
1823,1823
1824,3656
1825,1825
1826,1826
1827,310
1828,1714
1829,1829
1830,1830
1831,1831
1832,1833
1833,1833
1834,310
1835,1835
1836,1836
1837,1714
1838,1838
1839,1839
1840,3108
1841,19558
1842,1936
1843,8686
1844,1844
1845,1845
1846,1558
1847,1390
1848,1848
1849,1849
1850,71
1851,1851
1852,1852
1853,1853
1854,1854
1855,1855
1856,1856
1857,1857
1858,12627
1859,1859
1860,1829
1861,1861
1862,5506
1863,1863
1864,1864
1865,1865
1866,1882
1867,5732
1868,1558
1869,1869
1870,4141
1871,2180
1872,1234
1873,5875
1874,4986
1875,1875
1876,1876
1877,1417
1878,1878
1879,1879
1880,1880
1881,1998
1882,1882
1883,1883
1884,1884
1885,1885
1886,10100
1887,1887
1888,16068
1889,4984
1890,4984
1891,16068
1892,7979
1893,7979
1894,191
1895,7979
1896,7979
1897,4984
1898,7979
1899,4984
1900,1385
1901,1385
1902,1385
1903,1385
1904,4809
1905,434
1906,1645
1907,1492
1908,1908
1909,1909
1910,4640
1911,1625
1912,1492
1913,1913
1914,1914
1915,1915
1916,1916
1917,125
1918,1260
1919,1259
1920,15353
1921,1260
1922,9399
1923,2070
1924,15353
1925,1927
1926,1927
1927,1927
1928,1928
1929,7
1930,4851
1931,3989
1932,1932
1933,1933
1934,11843
1935,1260
1936,1936
1937,1937
1938,5188
1939,6164
1940,1940
1941,1941
1942,1942
1943,1943
1944,1944
1945,1944
1946,1946
1947,1947
1948,1948
1949,1949
1950,1950
1951,1951
1952,1952
1953,1953
1954,1954
1955,1260
1956,1956
1957,2070
1958,1960
1959,1959
1960,1960
1961,12480
1962,1962
1963,1963
1964,1964
1965,8618
1966,3005
1967,1968
1968,1968
1969,1969
1970,1970
1971,1971
1972,1972
1973,1973
1974,1974
1975,1975
1976,1433
1977,5004
1978,1978
1979,5863
1980,1998
1981,1981
1982,5287
1983,4438
1984,6631
1985,6631
1986,5732
1987,1492
1988,1988
1989,2626
1990,1990
1991,1417
1992,1992
1993,1993
1994,1994
1995,1714
1996,1829
1997,1829
1998,1998
1999,1999
2000,4040
2001,4911
2002,2050
2003,4495
2004,4495
2005,2626
2006,4408
2007,6080
2008,6080
2009,2009
2010,2010
2011,2011
2012,2012
2013,2013
2014,2014
2015,2015
2016,2016
2017,2017
2018,5469
2019,5469
2020,7499
2021,1126
2022,736
2023,736
2024,736
2025,736
2026,736
2027,736
2028,736
2029,1182
2030,4424
2031,4424
2032,4424
2033,4424
2034,736
2035,2036
2036,2036
2037,11176
2038,11176
2039,3832
2040,736
2041,4424
2042,4424
2043,4424
2044,2044
2045,2045
2046,2046
2047,7
2048,2050
2049,2049
2050,2050
2051,2050
2052,2052
2053,2053
2054,2054
2055,2055
2056,2056
2057,2057
2058,2058
2059,2059
2060,2060
2061,384
2062,2062
2063,2063
2064,8524
2065,2065
2066,2066
2067,2067
2068,2068
2069,2069
2070,2070
2071,2071
2072,2784
2073,2070
2074,6628
2075,2626
2076,1714
2077,1714
2078,2079
2079,2079
2080,5788
2081,1735
2082,4097
2083,232
2084,232
2085,232
2086,232
2087,232
2088,2601
2089,232
2090,232
2091,232
2092,232
2093,232
2094,232
2095,232
2096,2096
2097,2097
2098,4031
2099,6607
2100,2101
2101,2101
2102,6609
2103,2101
2104,14773
2105,3242
2106,2106
2107,2800
2108,2108
2109,539
2110,2110
2111,2111
2112,5525
2113,2113
2114,2114
2115,2115
2116,2119
2117,2119
2118,2119
2119,2119
2120,2120
2121,2119
2122,2454
2123,760
2124,1742
2125,2125
2126,1735
2127,13346
2128,2128
2129,1973
2130,1933
2131,15995
2132,1493
2133,1493
2134,1493
2135,2135
2136,2137
2137,2137
2138,16826
2139,2139
2140,2140
2141,9400
2142,2142
2143,2143
2144,2144
2145,2145
2146,2146
2147,2147
2148,2148
2149,3330
2150,2150
2151,4520
2152,5805
2153,2153
2154,2154
2155,4319
2156,2156
2157,4520
2158,2158
2159,2160
2160,2160
2161,2160
2162,2162
2163,2163
2164,2164
2165,2165
2166,2166
2167,2167
2168,9759
2169,2169
2170,2170
2171,2171
2172,2172
2173,844
2174,2174
2175,1043
2176,1043
2177,15667
2178,7760
2179,2180
2180,2180
2181,2180
2182,4141
2183,4141
2184,7081
2185,7081
2186,7081
2187,7081
2188,2191
2189,11674
2190,2191
2191,2191
2192,1625
2193,11273
2194,5863
2195,2195
2196,2196
2197,2197
2198,688
2199,2199
2200,2200
2201,2201
2202,2202
2203,2203
2204,2197
2205,2205
2206,2206
2207,2196
2208,2208
2209,2209
2210,338
2211,2211
2212,2212
2213,5019
2214,2214
2215,2215
2216,2219
2217,9895
2218,2219
2219,2219
2220,5019
2221,4652
2222,2474
2223,11406
2224,11406
2225,8475
2226,11406
2227,679
2228,208
2229,2230
2230,2230
2231,2721
2232,2230
2233,2525
2234,2525
2235,12959
2236,2236
2237,2236
2238,2238
2239,2196
2240,2240
2241,2241
2242,2242
2243,2243
2244,6357
2245,2245
2246,8443
2247,4103
2248,3003
2249,3768
2250,2250
2251,2251
2252,1300
2253,4495
2254,4495
2255,7877
2256,7877
2257,7052
2258,7052
2259,218
2260,2260
2261,7052
2262,1254
2263,2263
2264,7480
2265,1260
2266,2266
2267,2267
2268,2268
2269,1625
2270,19122
2271,19190
2272,3911
2273,19122
2274,19122
2275,2275
2276,2276
2277,2206
2278,6703
2279,2279
2280,1998
2281,2916
2282,2282
2283,15227
2284,2284
2285,2285
2286,2286
2287,1864
2288,2288
2289,2289
2290,2290
2291,2291
2292,2291
2293,2291
2294,2294
2295,4952
2296,3446
2297,1585
2298,2298
2299,7052
2300,2300
2301,2301
2302,2302
2303,2303
2304,2304
2305,2305
2306,2306
2307,2307
2308,15897
2309,2309
2310,2310
2311,7639
2312,2312
2313,163
2314,2793
2315,4524
2316,5977
2317,903
2318,2318
2319,1793
2320,11661
2321,742
2322,2322
2323,4300
2324,11273
2325,5989
2326,4002
2327,2327
2328,1585
2329,1585
2330,1155
2331,4181
2332,4181
2333,4181
2334,3167
2335,3167
2336,4181
2337,3167
2338,3167
2339,3167
2340,2340
2341,5717
2342,2342
2343,15658
2344,2344
2345,2345
2346,2346
2347,2347
2348,2348
2349,2349
2350,3261
2351,3261
2352,3261
2353,2353
2354,636
2355,636
2356,636
2357,5764
2358,3802
2359,2359
2360,2360
2361,15430
2362,5542
2363,2363
2364,2364
2365,2365
2366,1460
2367,2367
2368,1909
2369,2369
2370,2370
2371,6077
2372,2263
2373,2373
2374,2383
2375,2375
2376,518
2377,12350
2378,518
2379,7298
2380,2380
2381,2381
2382,2382
2383,2383
2384,2384
2385,2385
2386,2386
2387,2387
2388,1763
2389,1927
2390,1927
2391,2114
2392,2045
2393,2114
2394,1190
2395,2114
2396,12523
2397,514
2398,17512
2399,2399
2400,2400
2401,2401
2402,2725
2403,2725
2404,2725
2405,2725
2406,844
2407,2407
2408,3905
2409,5300
2410,951
2411,3246
2412,2725
2413,3009
2414,4911
2415,6932
2416,2416
2417,8238
2418,2418
2419,2419
2420,2420
2421,2421
2422,1273
2423,2423
2424,2424
2425,5580
2426,2426
2427,2427
2428,2428
2429,2429
2430,3786
2431,3475
2432,3909
2433,4424
2434,4424
2435,7239
2436,1302
2437,3914
2438,5474
2439,7239
2440,6656
2441,2441
2442,2442
2443,935
2444,2444
2445,8524
2446,2446
2447,2447
2448,2448
2449,2449
2450,2450
2451,2451
2452,2452
2453,2453
2454,2454
2455,2455
2456,215
2457,2457
2458,2458
2459,2457
2460,4031
2461,7639
2462,4549
2463,9400
2464,389
2465,1794
2466,19328
2467,2050
2468,1260
2469,2050
2470,2113
2471,7877
2472,2472
2473,2888
2474,2474
2475,8686
2476,3656
2477,3915
2478,3475
2479,554
2480,554
2481,4157
2482,745
2483,4157
2484,554
2485,7239
2486,2864
2487,1208
2488,5025
2489,1208
2490,5047
2491,2013
2492,2013
2493,6844
2494,4984
2495,2495
2496,2496
2497,2496
2498,2496
2499,2499
2500,2500
2501,2501
2502,2503
2503,2503
2504,2507
2505,6700
2506,2507
2507,2507
2508,5309
2509,1406
2510,159
2511,2511
2512,2512
2513,875
2514,1796
2515,1796
2516,2516
2517,2517
2518,2518
2519,2523
2520,2523
2521,2523
2522,2523
2523,2523
2524,2524
2525,2525
2526,4345
2527,9462
2528,9462
2529,2529
2530,4040
2531,4040
2532,1864
2533,2533
2534,2534
2535,2196
2536,2196
2537,2537
2538,2538
2539,2539
2540,2540
2541,119
2542,2542
2543,2114
2544,2544
2545,18255
2546,2547
2547,2547
2548,2548
2549,2550
2550,2550
2551,2551
2552,2552
2553,2553
2554,1419
2555,1829
2556,1829
2557,1829
2558,2558
2559,2559
2560,2643
2561,2562
2562,2562
2563,2563
2564,2564
2565,163
2566,1852
2567,163
2568,163
2569,163
2570,163
2571,163
2572,163
2573,163
2574,163
2575,163
2576,163
2577,2577
2578,2578
2579,163
2580,163
2581,163
2582,163
2583,163
2584,1852
2585,1852
2586,163
2587,163
2588,163
2589,163
2590,934
2591,2591
2592,2592
2593,5977
2594,2594
2595,1558
2596,208
2597,2853
2598,2598
2599,232
2600,232
2601,2601
2602,449
2603,2603
2604,2171
2605,2605
2606,2606
2607,4187
2608,1227
2609,2609
2610,2610
2611,2611
2612,2612
2613,2613
2614,2614
2615,2618
2616,2618
2617,2618
2618,2618
2619,2618
2620,2618
2621,17309
2622,3064
2623,3088
2624,17309
2625,2643
2626,2626
2627,2626
2628,1433
2629,2629
2630,2630
2631,8391
2632,5580
2633,2633
2634,15430
2635,15430
2636,2636
2637,2637
2638,2638
2639,6164
2640,2640
2641,2641
2642,2642
2643,2643
2644,5457
2645,2645
2646,2646
2647,2647
2648,2648
2649,2649
2650,2650
2651,313
2652,2652
2653,2653
2654,2654
2655,4994
2656,2658
2657,2658
2658,2658
2659,2658
2660,2658
2661,2658
2662,2664
2663,2664
2664,2664
2665,5240
2666,5240
2667,2913
2668,1406
2669,2496
2670,1134
2671,12481
2672,2901
2673,679
2674,4640
2675,2675
2676,5300
2677,951
2678,951
2679,5300
2680,1988
2681,6931
2682,4911
2683,5310
2684,5310
2685,7877
2686,2070
2687,4120
2688,2688
2689,2373
2690,2690
2691,17206
2692,17206
2693,63
2694,2695
2695,2695
2696,2695
2697,2695
2698,9984
2699,2695
2700,2695
2701,2695
2702,2844
2703,2844
2704,3167
2705,3167
2706,3167
2707,3167
2708,3167
2709,3167
2710,3167
2711,2711
2712,804
2713,2013
2714,1128
2715,2715
2716,1606
2717,2115
2718,2718
2719,2115
2720,2720
2721,2721
2722,35
2723,2723
2724,2724
2725,2725
2726,2726
2727,2727
2728,2236
2729,1990
2730,1829
2731,1327
2732,6700
2733,6700
2734,6700
2735,7337
2736,2736
2737,2737
2738,2738
2739,4559
2740,2740
2741,4559
2742,1010
2743,4285
2744,5431
2745,5431
2746,844
2747,2747
2748,5431
2749,5431
2750,3246
2751,1045
2752,5043
2753,16143
2754,2347
2755,8722
2756,2756
2757,2757
2758,4097
2759,2759
2760,2760
2761,2761
2762,1864
2763,2763
2764,2764
2765,1496
2766,4408
2767,4408
2768,2768
2769,4408
2770,2768
2771,1496
2772,2772
2773,2773
2774,2774
2775,2775
2776,2776
2777,1785
2778,10883
2779,1785
2780,10883
2781,1785
2782,1785
2783,2783
2784,2784
2785,2784
2786,2786
2787,2787
2788,4127
2789,2789
2790,2790
2791,2791
2792,2792
2793,2793
2794,2794
2795,2793
2796,2796
2797,12394
2798,2798
2799,2799
2800,2800
2801,19777
2802,28
2803,2803
2804,2803
2805,1623
2806,2806
2807,15908
2808,2803
2809,2803
2810,2803
2811,2811
2812,2812
2813,2813
2814,2814
2815,1337
2816,2816
2817,2816
2818,2816
2819,2819
2820,5205
2821,2821
2822,2452
2823,2823
2824,4031
2825,1594
2826,2864
2827,3116
2828,5919
2829,5919
2830,747
2831,747
2832,8928
2833,618
2834,618
2835,618
2836,2836
2837,1302
2838,2838
2839,2839
2840,208
2841,5011
2842,2106
2843,2800
2844,2844
2845,2844
2846,506
2847,1558
2848,2848
2849,2848
2850,2850
2851,2851
2852,11406
2853,2853
2854,2853
2855,2853
2856,7942
2857,1909
2858,2866
2859,3116
2860,3116
2861,2864
2862,2862
2863,2863
2864,2864
2865,2864
2866,2866
2867,2867
2868,1742
2869,4054
2870,4054
2871,4054
2872,4054
2873,3438
2874,3438
2875,9386
2876,2850
2877,2850
2878,3321
2879,3321
2880,2880
2881,3787
2882,2882
2883,3321
2884,2880
2885,2885
2886,3046
2887,2887
2888,2888
2889,2889
2890,2890
2891,2891
2892,1782
2893,1793
2894,844
2895,1864
2896,2896
2897,2901
2898,2901
2899,2899
2900,2900
2901,2901
2902,2901
2903,7979
2904,4219
2905,8722
2906,95
2907,1714
2908,1829
2909,1829
2910,4745
2911,9399
2912,2912
2913,2913
2914,11957
2915,11957
2916,2916
2917,2917
2918,4447
2919,2919
2920,2920
2921,16729
2922,16729
2923,16729
2924,2344
2925,2925
2926,2926
2927,2926
2928,3966
2929,2496
2930,2658
2931,2658
2932,3246
2933,4911
2934,4054
2935,1742
2936,4098
2937,2937
2938,1864
2939,13797
2940,13797
2941,11674
2942,11674
2943,1234
2944,11273
2945,1043
2946,804
2947,2947
2948,1852
2949,163
2950,3595
2951,3300
2952,3300
2953,3438
2954,1338
2955,514
2956,2956
2957,3807
2958,3807
2959,5732
2960,1625
2961,5732
2962,1558
2963,1625
2964,19357
2965,19443
2966,914
2967,914
2968,5580
2969,9399
2970,19459
2971,19459
2972,19459
2973,2973
2974,2974
2975,2115
2976,417
2977,5461
2978,2548
2979,2548
2980,19558
2981,4577
2982,1185
2983,2864
2984,1185
2985,1185
2986,1185
2987,10761
2988,10761
2989,10761
2990,16282
2991,10761
2992,6663
2993,2995
2994,2995
2995,2995
2996,2997
2997,2997
2998,10503
2999,3000
3000,3000
3001,2997
3002,10503
3003,3003
3004,1455
3005,3005
3006,3006
3007,3007
3008,3008
3009,3009
3010,3438
3011,3011
3012,125
3013,3013
3014,126
3015,6077
3016,6077
3017,64
3018,3018
3019,1337
3020,679
3021,1691
3022,3022
3023,3023
3024,3024
3025,2793
3026,3026
3027,3027
3028,3028
3029,3029
3030,4790
3031,3932
3032,3549
3033,1076
3034,3034
3035,4984
3036,3242
3037,3915
3038,3915
3039,3915
3040,5132
3041,3071
3042,3071
3043,10100
3044,4911
3045,3045
3046,3046
3047,3047
3048,3048
3049,6579
3050,3050
3051,4524
3052,4809
3053,5205
3054,11843
3055,3055
3056,3056
3057,17161
3058,17512
3059,1076
3060,3060
3061,4280
3062,3062
3063,3063
3064,3064
3065,3065
3066,3066
3067,2618
3068,3088
3069,3092
3070,2618
3071,3071
3072,3072
3073,3064
3074,2618
3075,3064
3076,3088
3077,3077
3078,3064
3079,3079
3080,3064
3081,17309
3082,3082
3083,3064
3084,2640
3085,17309
3086,3092
3087,3071
3088,3088
3089,3088
3090,3088
3091,3088
3092,3092
3093,3093
3094,3094
3095,3095
3096,2643
3097,2643
3098,3098
3099,3088
3100,2643
3101,3101
3102,3102
3103,3103
3104,3104
3105,2643
3106,10576
3107,3107
3108,3108
3109,3116
3110,3116
3111,2864
3112,3116
3113,3116
3114,3116
3115,3116
3116,3116
3117,3116
3118,2864
3119,3119
3120,3120
3121,12959
3122,1863
3123,4040
3124,2761
3125,6357
3126,1829
3127,9146
3128,341
3129,9146
3130,3130
3131,12483
3132,12483
3133,3133
3134,3134
3135,3498
3136,3498
3137,3142
3138,3142
3139,3139
3140,10274
3141,10274
3142,3142
3143,3143
3144,10273
3145,3143
3146,20112
3147,5309
3148,3143
3149,10274
3150,6700
3151,10273
3152,3498
3153,10273
3154,3154
3155,4202
3156,5306
3157,3157
3158,3158
3159,3534
3160,196
3161,3161
3162,3162
3163,3905
3164,3164
3165,3165
3166,3161
3167,3167
3168,2793
3169,2690
3170,7180
3171,7180
3172,7180
3173,7180
3174,7180
3175,7180
3176,7180
3177,7180
3178,7180
3179,3179
3180,3180
3181,7180
3182,2890
3183,9801
3184,19459
3185,325
3186,3186
3187,6580
3188,3188
3189,1045
3190,3475
3191,5474
3192,21223
3193,5474
3194,3194
3195,3195
3196,3807
3197,4300
3198,3198
3199,9759
3200,9759
3201,1155
3202,3202
3203,9732
3204,4911
3205,3205
3206,4044
3207,4044
3208,4044
3209,4044
3210,4044
3211,4044
3212,638
3213,4044
3214,4044
3215,3215
3216,3216
3217,3217
3218,1234
3219,1234
3220,5875
3221,15550
3222,6173
3223,4503
3224,8220
3225,10123
3226,4280
3227,3162
3228,5309
3229,7979
3230,7979
3231,7979
3232,7979
3233,4286
3234,2864
3235,4424
3236,5917
3237,5917
3238,2901
3239,3242
3240,1641
3241,3242
3242,3242
3243,3242
3244,3242
3245,3242
3246,3246
3247,3247
3248,3247
3249,3246
3250,6607
3251,6607
3252,8152
3253,3253
3254,4098
3255,3246
3256,4098
3257,3344
3258,169
3259,951
3260,951
3261,3261
3262,13797
3263,5431
3264,1420
3265,1418
3266,3267
3267,3267
3268,1420
3269,3269
3270,2241
3271,3271
3272,1875
3273,3273
3274,3274
3275,5875
3276,5875
3277,7767
3278,5875
3279,3279
3280,3280
3281,3281
3282,5525
3283,3046
3284,3046
3285,5525
3286,3046
3287,1585
3288,11273
3289,1167
3290,5875
3291,5875
3292,5875
3293,1234
3294,1549
3295,5875
3296,5875
3297,5875
3298,1238
3299,11273
3300,3300
3301,1234
3302,4054
3303,4054
3304,3304
3305,7760
3306,7760
3307,5580
3308,1465
3309,5275
3310,7760
3311,9399
3312,7760
3313,7760
3314,11176
3315,1960
3316,1960
3317,6607
3318,4490
3319,4490
3320,3320
3321,3321
3322,3321
3323,3323
3324,5306
3325,4560
3326,3330
3327,3327
3328,3332
3329,3006
3330,3330
3331,3331
3332,3332
3333,3333
3334,7165
3335,3335
3336,10883
3337,10883
3338,10883
3339,804
3340,3340
3341,2947
3342,3300
3343,3300
3344,3344
3345,3438
3346,3595
3347,3009
3348,3348
3349,3349
3350,1625
3351,3167
3352,3352
3353,3046
3354,10806
3355,5977
3356,3246
3357,4911
3358,3358
3359,5880
3360,19762
3361,17161
3362,3362
3363,17161
3364,2304
3365,3253
3366,5844
3367,10418
3368,5844
3369,5844
3370,6611
3371,21187
3372,3372
3373,3373
3374,9355
3375,9355
3376,9355
3377,3373
3378,3378
3379,3373
3380,1750
3381,3373
3382,4300
3383,3383
3384,1475
3385,3385
3386,4822
3387,1475
3388,1465
3389,539
3390,539
3391,5740
3392,3914
3393,5741
3394,3911
3395,3911
3396,3911
3397,3911
3398,3911
3399,539
3400,7956
3401,1089
3402,3402
3403,3403
3404,15282
3405,1735
3406,1735
3407,3407
3408,927
3409,2658
3410,6415
3411,6415
3412,3414
3413,6415
3414,3414
3415,3414
3416,636
3417,636
3418,3418
3419,3419
3420,3420
3421,3421
3422,15266
3423,1475
3424,3424
3425,3425
3426,3426
3427,1465
3428,5051
3429,3429
3430,3430
3431,5051
3432,3799
3433,2128
3434,5054
3435,3022
3436,64
3437,3437
3438,3438
3439,946
3440,3440
3441,3441
3442,3442
3443,3443
3444,3444
3445,3445
3446,3446
3447,2997
3448,2997
3449,1973
3450,1973
3451,1864
3452,12494
3453,5377
3454,2997
3455,91
3456,579
3457,579
3458,12494
3459,3459
3460,3459
3461,3461
3462,7180
3463,7180
3464,7180
3465,7180
3466,7178
3467,7180
3468,7180
3469,5740
3470,5740
3471,5740
3472,3914
3473,3914
3474,7527
3475,3475
3476,3476
3477,3477
3478,1630
3479,1630
3480,3480
3481,7767
3482,16305
3483,1852
3484,2496
3485,2496
3486,1852
3487,1852
3488,1852
3489,1852
3490,3494
3491,163
3492,3492
3493,1385
3494,3494
3495,3142
3496,10274
3497,2066
3498,3498
3499,5580
3500,5580
3501,8767
3502,3502
3503,1132
3504,679
3505,16789
3506,16789
3507,16789
3508,8384
3509,16789
3510,13797
3511,13797
3512,17206
3513,17206
3514,17206
3515,16789
3516,13797
3517,17206
3518,3518
3519,3519
3520,3520
3521,3521
3522,3522
3523,4441
3524,19558
3525,16278
3526,16278
3527,2115
3528,3528
3529,3529
3530,16289
3531,9720
3532,7016
3533,7016
3534,3534
3535,196
3536,4285
3537,197
3538,3438
3539,6932
3540,3540
3541,1944
3542,4549
3543,5129
3544,3544
3545,16824
3546,3546
3547,3546
3548,16810
3549,3549
3550,1796
3551,17454
3552,12525
3553,2838
3554,1302
3555,4524
3556,15897
3557,4524
3558,2789
3559,2070
3560,19504
3561,2789
3562,3562
3563,9759
3564,3564
3565,1796
3566,1973
3567,20396
3568,15667
3569,3569
3570,2206
3571,1594
3572,7969
3573,1596
3574,951
3575,3575
3576,3576
3577,3577
3578,12771
3579,12771
3580,7979
3581,3167
3582,3167
3583,3167
3584,1155
3585,1155
3586,7478
3587,1155
3588,1155
3589,1990
3590,3590
3591,4286
3592,3595
3593,3595
3594,3344
3595,3595
3596,9966
3597,3597
3598,2821
3599,4999
3600,3600
3601,10537
3602,10537
3603,10537
3604,10537
3605,10537
3606,1641
3607,2044
3608,1418
3609,5132
3610,3906
3611,5741
3612,5236
3613,5236
3614,5741
3615,15397
3616,3914
3617,5740
3618,5132
3619,3108
3620,3108
3621,17309
3622,3108
3623,17309
3624,3914
3625,5741
3626,17309
3627,5740
3628,5741
3629,5740
3630,5740
3631,5741
3632,5740
3633,5740
3634,3475
3635,5740
3636,5741
3637,3475
3638,3108
3639,15397
3640,5132
3641,5132
3642,745
3643,745
3644,3108
3645,5236
3646,6877
3647,2866
3648,2866
3649,2866
3650,169
3651,169
3652,169
3653,3655
3654,3658
3655,3655
3656,3656
3657,3656
3658,3658
3659,4044
3660,19388
3661,3661
3662,3662
3663,1730
3664,1730
3665,3665
3666,5121
3667,19198
3668,11406
3669,5121
3670,5121
3671,4984
3672,2901
3673,7979
3674,2901
3675,2901
3676,2901
3677,7979
3678,3678
3679,7979
3680,7979
3681,3681
3682,3682
3683,3683
3684,3683
3685,3683
3686,3683
3687,1234
3688,3688
3689,1234
3690,1234
3691,1234
3692,1235
3693,1234
3694,1234
3695,1234
3696,1235
3697,3697
3698,3698
3699,17206
3700,2821
3701,3420
3702,3702
3703,3703
3704,3704
3705,3705
3706,3706
3707,3707
3708,9720
3709,2577
3710,3710
3711,12322
3712,2695
3713,2695
3714,9394
3715,2695
3716,2853
3717,2853
3718,2853
3719,2853
3720,8475
3721,2853
3722,2853
3723,2853
3724,2853
3725,2853
3726,2853
3727,679
3728,2853
3729,2853
3730,7670
3731,2853
3732,789
3733,2853
3734,2172
3735,2172
3736,2853
3737,2853
3738,2853
3739,2853
3740,11176
3741,11176
3742,11176
3743,8071
3744,8071
3745,11176
3746,8071
3747,8071
3748,3502
3749,8071
3750,903
3751,18111
3752,6580
3753,6580
3754,6580
3755,4202
3756,6580
3757,4202
3758,3758
3759,5580
3760,5580
3761,5580
3762,3762
3763,3762
3764,3762
3765,5648
3766,3766
3767,4031
3768,3768
3769,1601
3770,1601
3771,1349
3772,3772
3773,1027
3774,757
3775,757
3776,2365
3777,3116
3778,3778
3779,17366
3780,1594
3781,3786
3782,1594
3783,1594
3784,1594
3785,8767
3786,3786
3787,3787
3788,9765
3789,3772
3790,3790
3791,20342
3792,8662
3793,68
3794,3794
3795,3795
3796,3796
3797,3797
3798,3798
3799,3799
3800,3800
3801,2614
3802,3802
3803,18957
3804,2548
3805,21049
3806,4332
3807,3807
3808,3807
3809,7523
3810,7760
3811,3811
3812,7760
3813,18982
3814,19199
3815,3815
3816,10804
3817,10804
3818,10804
3819,3819
3820,5431
3821,3821
3822,8208
3823,8201
3824,8201
3825,10491
3826,5928
3827,8203
3828,8201
3829,3832
3830,3832
3831,3832
3832,3832
3833,3300
3834,3300
3835,3300
3836,3300
3837,3837
3838,3838
3839,2997
3840,2997
3841,1465
3842,1475
3843,4990
3844,1477
3845,1477
3846,4822
3847,4822
3848,6387
3849,20410
3850,1477
3851,4990
3852,3852
3853,6387
3854,6387
3855,20410
3856,1475
3857,3857
3858,1254
3859,6455
3860,2070
3861,2070
3862,18085
3863,3863
3864,5431
3865,5431
3866,3807
3867,3867
3868,7627
3869,7165
3870,3167
3871,3167
3872,3167
3873,3167
3874,875
3875,71
3876,3930
3877,3877
3878,7950
3879,3879
3880,20802
3881,2901
3882,6665
3883,18703
3884,16802
3885,16824
3886,3886
3887,3373
3888,18444
3889,10274
3890,1433
3891,96
3892,96
3893,5004
3894,5287
3895,3895
3896,3896
3897,6574
3898,6574
3899,3438
3900,3438
3901,1742
3902,3438
3903,3905
3904,3904
3905,3905
3906,3906
3907,3907
3908,6877
3909,3909
3910,2268
3911,3911
3912,745
3913,3913
3914,3914
3915,3915
3916,16665
3917,16301
3918,468
3919,16301
3920,16665
3921,1691
3922,6011
3923,1691
3924,3323
3925,3925
3926,11332
3927,1238
3928,3928
3929,12379
3930,3930
3931,3519
3932,3932
3933,5377
3934,5011
3935,15897
3936,18192
3937,1625
3938,1625
3939,1625
3940,3957
3941,4028
3942,2658
3943,20146
3944,1796
3945,7814
3946,1076
3947,1796
3948,1796
3949,1796
3950,8662
3951,3194
3952,3952
3953,2789
3954,6357
3955,3955
3956,3956
3957,3957
3958,8225
3959,3959
3960,3045
3961,3045
3962,3045
3963,3963
3964,2926
3965,3965
3966,3966
3967,3967
3968,3969
3969,3969
3970,3970
3971,3970
3972,17206
3973,13771
3974,13347
3975,3970
3976,2783
3977,2783
3978,2783
3979,3979
3980,2783
3981,1224
3982,5318
3983,2913
3984,159
3985,3985
3986,3986
3987,5977
3988,159
3989,3989
3990,2974
3991,163
3992,2578
3993,163
3994,163
3995,3995
3996,302
3997,133
3998,2219
3999,2219
4000,4000
4001,4001
4002,4002
4003,4003
4004,1735
4005,1735
4006,1735
4007,4007
4008,4098
4009,1336
4010,1336
4011,1336
4012,1336
4013,4014
4014,4014
4015,2111
4016,4016
4017,4044
4018,4018
4019,4019
4020,4020
4021,4132
4022,4044
4023,4044
4024,4044
4025,4044
4026,4026
4027,4028
4028,4028
4029,4031
4030,4031
4031,4031
4032,8997
4033,8997
4034,4034
4035,4034
4036,4034
4037,1864
4038,5004
4039,4039
4040,4040
4041,946
4042,4042
4043,4043
4044,4044
4045,4045
4046,4045
4047,5457
4048,4048
4049,16764
4050,4045
4051,2507
4052,2507
4053,4054
4054,4054
4055,4231
4056,5795
4057,5190
4058,6560
4059,1155
4060,4288
4061,11843
4062,1279
4063,1279
4064,760
4065,9355
4066,2913
4067,760
4068,2913
4069,2913
4070,5318
4071,2913
4072,4072
4073,9355
4074,1475
4075,5128
4076,7760
4077,3914
4078,3242
4079,7206
4080,3242
4081,3242
4082,3242
4083,4084
4084,4084
4085,1510
4086,1510
4087,4044
4088,8439
4089,8439
4090,5240
4091,5240
4092,5240
4093,5240
4094,5240
4095,1339
4096,1337
4097,4097
4098,4098
4099,1735
4100,20802
4101,17366
4102,358
4103,4103
4104,1339
4105,679
4106,1558
4107,679
4108,19374
4109,15164
4110,679
4111,679
4112,4640
4113,4113
4114,20274
4115,193
4116,1612
4117,1612
4118,7979
4119,4120
4120,4120
4121,4121
4122,4124
4123,4123
4124,4124
4125,4125
4126,4126
4127,4127
4128,4128
4129,4129
4130,5007
4131,4131
4132,4132
4133,4133
4134,4133
4135,6932
4136,693
4137,844
4138,4138
4139,4139
4140,4140
4141,4141
4142,1235
4143,2191
4144,18192
4145,4145
4146,3832
4147,8220
4148,1367
4149,1864
4150,3534
4151,3534
4152,844
4153,844
4154,5236
4155,5236
4156,4157
4157,4157
4158,554
4159,4424
4160,1302
4161,8928
4162,5236
4163,3475
4164,3475
4165,951
4166,4157
4167,3915
4168,9986
4169,2045
4170,11411
4171,11411
4172,16068
4173,11411
4174,11411
4175,2901
4176,4219
4177,5052
4178,4178
4179,17576
4180,4180
4181,4181
4182,1782
4183,3986
4184,1869
4185,579
4186,4187
4187,4187
4188,4187
4189,19606
4190,20802
4191,2813
4192,1782
4193,3108
4194,5236
4195,3914
4196,4196
4197,1045
4198,18323
4199,5306
4200,554
4201,1234
4202,4202
4203,745
4204,7239
4205,5004
4206,6631
4207,2848
4208,1292
4209,1433
4210,4039
4211,4211
4212,6878
4213,4213
4214,2784
4215,1688
4216,1688
4217,1688
4218,4040
4219,4219
4220,15557
4221,4487
4222,20326
4223,4223
4224,16743
4225,638
4226,4226
4227,638
4228,12523
4229,7639
4230,7639
4231,4231
4232,4232
4233,4232
4234,3758
4235,3758
4236,17084
4237,6226
4238,1914
4239,1914
4240,4240
4241,4241
4242,4242
4243,4243
4244,5306
4245,837
4246,4242
4247,4280
4248,5851
4249,6700
4250,6700
4251,6700
4252,4252
4253,4132
4254,4254
4255,1606
4256,4256
4257,2013
4258,1279
4259,4259
4260,4259
4261,4520
4262,6508
4263,4127
4264,4127
4265,4127
4266,4266
4267,3762
4268,204
4269,4269
4270,3768
4271,12483
4272,12483
4273,3130
4274,4274
4275,3905
4276,1730
4277,4280
4278,4279
4279,4279
4280,4280
4281,4281
4282,4279
4283,4408
4284,196
4285,4285
4286,4286
4287,4911
4288,4288
4289,4289
4290,4290
4291,4745
4292,5457
4293,163
4294,5457
4295,951
4296,951
4297,4300
4298,4300
4299,4300
4300,4300
4301,4300
4302,4300
4303,4300
4304,4181
4305,1045
4306,15164
4307,21187
4308,3167
4309,2803
4310,2803
4311,2803
4312,2803
4313,8439
4314,4314
4315,1126
4316,1126
4317,4319
4318,4319
4319,4319
4320,4320
4321,4321
4322,449
4323,449
4324,449
4325,449
4326,679
4327,1132
4328,679
4329,1829
4330,4330
4331,7877
4332,4332
4333,7877
4334,4334
4335,4843
4336,1558
4337,1625
4338,7877
4339,7877
4340,7877
4341,2201
4342,4342
4343,1864
4344,4344
4345,4345
4346,15667
4347,4285
4348,844
4349,3534
4350,3438
4351,7016
4352,3811
4353,7760
4354,7760
4355,4355
4356,5474
4357,3914
4358,6080
4359,4127
4360,4127
4361,4127
4362,4127
4363,9759
4364,4364
4365,6080
4366,13036
4367,4367
4368,5070
4369,8443
4370,5070
4371,6877
4372,4372
4373,6877
4374,7969
4375,7969
4376,4376
4377,4377
4378,19606
4379,3352
4380,19766
4381,19128
4382,5875
4383,11772
4384,4384
4385,4385
4386,4386
4387,10078
4388,17206
4389,898
4390,7081
4391,1861
4392,4392
4393,4393
4394,232
4395,4395
4396,9399
4397,4792
4398,5580
4399,2803
4400,2803
4401,2789
4402,1234
4403,1234
4404,4404
4405,634
4406,20631
4407,1645
4408,4408
4409,4034
4410,4044
4411,4044
4412,4044
4413,4044
4414,2601
4415,4044
4416,4044
4417,4044
4418,4418
4419,4419
4420,4637
4421,4421
4422,4640
4423,554
4424,4424
4425,1126
4426,1185
4427,1185
4428,4428
4429,11775
4430,5783
4431,4097
4432,3246
4433,5309
4434,4911
4435,4098
4436,4436
4437,4437
4438,4438
4439,4436
4440,3321
4441,4441
4442,2115
4443,4443
4444,3321
4445,4819
4446,4446
4447,4447
4448,2454
4449,215
4450,4450
4451,4450
4452,1527
4453,1527
4454,4454
4455,4455
4456,4456
4457,1830
4458,14225
4459,6387
4460,13797
4461,13797
4462,13797
4463,13797
4464,13797
4465,13797
4466,13797
4467,20274
4468,17206
4469,5275
4470,20604
4471,13797
4472,3242
4473,3242
4474,1641
4475,7206
4476,7206
4477,3242
4478,7206
4479,7499
4480,7499
4481,7499
4482,2050
4483,3340
4484,13797
4485,10109
4486,4408
4487,4487
4488,5051
4489,8439
4490,4490
4491,4490
4492,4492
4493,4493
4494,8443
4495,4495
4496,4496
4497,2291
4498,5245
4499,3549
4500,6173
4501,8220
4502,3832
4503,4503
4504,4504
4505,541
4506,541
4507,541
4508,4508
4509,16448
4510,5815
4511,2896
4512,4512
4513,2062
4514,2896
4515,4408
4516,4408
4517,4517
4518,4520
4519,4524
4520,4520
4521,2629
4522,4520
4523,4520
4524,4524
4525,1641
4526,7206
4527,63
4528,63
4529,1641
4530,1811
4531,4531
4532,3802
4533,4533
4534,3802
4535,3802
4536,3802
4537,2901
4538,12481
4539,12350
4540,120
4541,1558
4542,4044
4543,1510
4544,4044
4545,4044
4546,4044
4547,4044
4548,4044
4549,4549
4550,4550
4551,2695
4552,15667
4553,15282
4554,3957
4555,4555
4556,4556
4557,4557
4558,2784
4559,4559
4560,4560
4561,4560
4562,338
4563,449
4564,11273
4565,1234
4566,6151
4567,5875
4568,1167
4569,7081
4570,5897
4571,5795
4572,2793
4573,920
4574,2115
4575,16824
4576,2548
4577,4577
4578,1641
4579,1641
4580,3242
4581,1641
4582,1641
4583,3420
4584,4584
4585,1417
4586,1417
4587,9966
4588,4588
4589,4520
4590,232
4591,2997
4592,4202
4593,2995
4594,5431
4595,5431
4596,1742
4597,4098
4598,5431
4599,4098
4600,5580
4601,14306
4602,9386
4603,3046
4604,16822
4605,4437
4606,4608
4607,4607
4608,4608
4609,2848
4610,10326
4611,4611
4612,3762
4613,5457
4614,3914
4615,9898
4616,10274
4617,844
4618,844
4619,4619
4620,9151
4621,3046
4622,3046
4623,3046
4624,3811
4625,18982
4626,11176
4627,6077
4628,7760
4629,19260
4630,7760
4631,1089
4632,1089
4633,1089
4634,1089
4635,1089
4636,5306
4637,4637
4638,1909
4639,4639
4640,4640
4641,4640
4642,68
4643,5431
4644,5431
4645,5431
4646,5431
4647,4647
4648,232
4649,4654
4650,4654
4651,4654
4652,4652
4653,12439
4654,4654
4655,4654
4656,4656
4657,4657
4658,5431
4659,5431
4660,5431
4661,4661
4662,4662
4663,4663
4664,2633
4665,2633
4666,2633
4667,2633
4668,4668
4669,2236
4670,1532
4671,1060
4672,4202
4673,6498
4674,4187
4675,4675
4676,1692
4677,4678
4678,4678
4679,4679
4680,4790
4681,2548
4682,4330
4683,1433
4684,1433
4685,1292
4686,4436
4687,1292
4688,1433
4689,96
4690,2848
4691,1433
4692,898
4693,6628
4694,2916
4695,4695
4696,2848
4697,6628
4698,1433
4699,5287
4700,4700
4701,4701
4702,3459
4703,7480
4704,96
4705,7052
4706,1742
4707,358
4708,1794
4709,1794
4710,1794
4711,1794
4712,1794
4713,4713
4714,5350
4715,1864
4716,4716
4717,1549
4718,2496
4719,4719
4720,4720
4721,4721
4722,4722
4723,3807
4724,4724
4725,4725
4726,4726
4727,4724
4728,4724
4729,3167
4730,2836
4731,2836
4732,1185
4733,1185
4734,1770
4735,1185
4736,1770
4737,1185
4738,4259
4739,4259
4740,4259
4741,4259
4742,21187
4743,1128
4744,4744
4745,4745
4746,4447
4747,5815
4748,4748
4749,3279
4750,12374
4751,4994
4752,4447
4753,5205
4754,5205
4755,5205
4756,5205
4757,4809
4758,1490
4759,6700
4760,6700
4761,4408
4762,951
4763,9399
4764,4994
4765,951
4766,6231
4767,9399
4768,951
4769,914
4770,3575
4771,4771
4772,2236
4773,4774
4774,4774
4775,15227
4776,4776
4777,4774
4778,16618
4779,95
4780,1417
4781,689
4782,4560
4783,4783
4784,2612
4785,12771
4786,5596
4787,17458
4788,12771
4789,7979
4790,4790
4791,541
4792,4792
4793,3320
4794,6873
4795,4493
4796,4796
4797,8524
4798,5648
4799,4031
4800,4800
4801,4801
4802,7478
4803,15811
4804,4804
4805,3216
4806,4319
4807,4809
4808,4809
4809,4809
4810,4809
4811,4285
4812,3534
4813,1043
4814,1826
4815,3421
4816,4816
4817,2577
4818,2577
4819,4819
4820,1605
4821,5268
4822,4822
4823,4990
4824,16093
4825,1475
4826,1475
4827,17158
4828,4828
4829,6580
4830,4202
4831,4831
4832,11176
4833,20735
4834,7760
4835,7760
4836,539
4837,4044
4838,4393
4839,232
4840,232
4841,232
4842,4842
4843,4843
4844,4844
4845,4845
4846,4843
4847,5056
4848,5056
4849,9151
4850,4850
4851,4851
4852,228
4853,951
4854,5205
4855,2844
4856,3167
4857,3167
4858,3167
4859,2844
4860,3167
4861,3167
4862,3167
4863,3167
4864,3167
4865,1625
4866,3167
4867,2844
4868,2844
4869,1625
4870,3167
4871,1625
4872,3167
4873,3167
4874,4181
4875,3167
4876,3167
4877,3167
4878,3167
4879,1625
4880,266
4881,1475
4882,7950
4883,4883
4884,2050
4885,4885
4886,4886
4887,5463
4888,15944
4889,7472
4890,1625
4891,4891
4892,5004
4893,9387
4894,4894
4895,5654
4896,1477
4897,1477
4898,4822
4899,1475
4900,1475
4901,4901
4902,4441
4903,12350
4904,5023
4905,4654
4906,4907
4907,4907
4908,7298
4909,4031
4910,4911
4911,4911
4912,4911
4913,4911
4914,4911
4915,1933
4916,1933
4917,780
4918,780
4919,780
4920,10326
4921,5067
4922,9394
4923,5580
4924,5580
4925,5580
4926,8443
4927,5580
4928,5580
4929,5580
4930,5580
4931,5580
4932,5580
4933,5580
4934,5580
4935,5580
4936,638
4937,4044
4938,4044
4939,4939
4940,1549
4941,4127
4942,2241
4943,9966
4944,16268
4945,9166
4946,12362
4947,8407
4948,1960
4949,744
4950,744
4951,4951
4952,4952
4953,3519
4954,28
4955,539
4956,5178
4957,6873
4958,15789
4959,10418
4960,18137
4961,18137
4962,15282
4963,20802
4964,15282
4965,18137
4966,18137
4967,20802
4968,15282
4969,5977
4970,20802
4971,18137
4972,18137
4973,18137
4974,18137
4975,18137
4976,18137
4977,4977
4978,4978
4979,7979
4980,7979
4981,7979
4982,5275
4983,2901
4984,4984
4985,19854
4986,4986
4987,4986
4988,3772
4989,1492
4990,4990
4991,1371
4992,9166
4993,4993
4994,4994
4995,4044
4996,4996
4997,4997
4998,4998
4999,4999
5000,9076
5001,5919
5002,5002
5003,6722
5004,5004
5005,1292
5006,5006
5007,5007
5008,5917
5009,13347
5010,5732
5011,5011
5012,5012
5013,5013
5014,6700
5015,6700
5016,3300
5017,3300
5018,5022
5019,5019
5020,5020
5021,5019
5022,5022
5023,5023
5024,5024
5025,5025
5026,5025
5027,5025
5028,10682
5029,10682
5030,3799
5031,20802
5032,64
5033,5764
5034,5764
5035,5431
5036,3965
5037,5037
5038,4843
5039,8217
5040,5040
5041,5041
5042,1606
5043,5043
5044,5043
5045,18977
5046,6568
5047,5047
5048,5207
5049,9400
5050,2721
5051,5051
5052,5052
5053,3529
5054,5054
5055,5056
5056,5056
5057,5056
5058,5058
5059,5056
5060,7544
5061,5058
5062,18709
5063,5063
5064,8443
5065,914
5066,5066
5067,5067
5068,5068
5069,5069
5070,5070
5071,1959
5072,1959
5073,5220
5074,90
5075,2816
5076,3441
5077,4226
5078,5078
5079,4907
5080,4907
5081,4907
5082,4907
5083,10761
5084,8439
5085,8439
5086,8439
5087,5087
5088,7760
5089,5089
5090,2312
5091,8443
5092,9462
5093,141
5094,141
5095,141
5096,5096
5097,5097
5098,5098
5099,5099
5100,9355
5101,1224
5102,3786
5103,3786
5104,7969
5105,7969
5106,7969
5107,5107
5108,4054
5109,4098
5110,4098
5111,4911
5112,2793
5113,5796
5114,15897
5115,6797
5116,19504
5117,19504
5118,19504
5119,5119
5120,6077
5121,5121
5122,5122
5123,618
5124,11176
5125,10326
5126,10316
5127,618
5128,5128
5129,5129
5130,844
5131,5131
5132,5132
5133,5133
5134,3914
5135,5121
5136,8821
5137,5556
5138,5138
5139,2798
5140,5140
5141,1612
5142,5142
5143,5143
5144,14732
5145,4520
5146,3261
5147,3261
5148,4520
5149,15897
5150,2547
5151,4520
5152,2547
5153,4520
5154,2629
5155,5155
5156,5156
5157,1527
5158,1234
5159,3544
5160,8662
5161,8662
5162,5162
5163,17512
5164,1863
5165,2241
5166,5166
5167,5167
5168,951
5169,5169
5170,9713
5171,844
5172,2956
5173,594
5174,4044
5175,5175
5176,5176
5177,5990
5178,5178
5179,1826
5180,5309
5181,5309
5182,5309
5183,15353
5184,10273
5185,12483
5186,5186
5187,16245
5188,5188
5189,5189
5190,5190
5191,5515
5192,7337
5193,5732
5194,9387
5195,4424
5196,1927
5197,2153
5198,17512
5199,13797
5200,1234
5201,6745
5202,6745
5203,11674
5204,5204
5205,5205
5206,5205
5207,5207
5208,5208
5209,3832
5210,3281
5211,5211
5212,13797
5213,3281
5214,5214
5215,5214
5216,5216
5217,9906
5218,5218
5219,1691
5220,5220
5221,5221
5222,5222
5223,7392
5224,5224
5225,5225
5226,5225
5227,2153
5228,5228
5229,1155
5230,1155
5231,11411
5232,3475
5233,5236
5234,5236
5235,3475
5236,5236
5237,5236
5238,3906
5239,5239
5240,5240
5241,1691
5242,5242
5243,6496
5244,6722
5245,5245
5246,5246
5247,2290
5248,2290
5249,5245
5250,5245
5251,5245
5252,5245
5253,5245
5254,2290
5255,2290
5256,2290
5257,5258
5258,5258
5259,2290
5260,2290
5261,2290
5262,2290
5263,2290
5264,2290
5265,2290
5266,2768
5267,8475
5268,5268
5269,4560
5270,7979
5271,11411
5272,5275
5273,5275
5274,5275
5275,5275
5276,5275
5277,5275
5278,5275
5279,7760
5280,606
5281,4157
5282,11406
5283,6224
5284,2294
5285,5285
5286,5286
5287,5287
5288,5287
5289,1688
5290,5300
5291,6170
5292,2850
5293,16789
5294,8443
5295,8443
5296,4098
5297,4098
5298,6932
5299,4408
5300,5300
5301,449
5302,449
5303,5300
5304,9821
5305,5305
5306,5306
5307,844
5308,6700
5309,5309
5310,5310
5311,2285
5312,9408
5313,1583
5314,3261
5315,3261
5316,3373
5317,3378
5318,5318
5319,8273
5320,5320
5321,5321
5322,5322
5323,8156
5324,471
5325,3544
5326,3544
5327,3544
5328,2880
5329,1973
5330,5330
5331,6060
5332,3802
5333,12322
5334,4911
5335,1264
5336,4098
5337,4098
5338,4098
5339,5128
5340,2768
5341,8821
5342,5043
5343,6579
5344,6579
5345,14579
5346,17547
5347,14579
5348,8667
5349,1861
5350,5350
5351,5351
5352,16802
5353,6567
5354,8462
5355,1420
5356,9399
5357,8524
5358,16384
5359,5067
5360,6207
5361,1735
5362,3246
5363,5580
5364,4097
5365,4097
5366,3911
5367,1028
5368,11957
5369,19880
5370,18519
5371,5880
5372,10418
5373,15164
5374,4098
5375,4007
5376,3595
5377,5377
5378,5377
5379,63
5380,5377
5381,5377
5382,5377
5383,2997
5384,2997
5385,3000
5386,2997
5387,2997
5388,5377
5389,2304
5390,1670
5391,470
5392,10109
5393,2496
5394,3956
5395,1420
5396,689
5397,1420
5398,1864
5399,9966
5400,7420
5401,1420
5402,5402
5403,5403
5404,10206
5405,1852
5406,5406
5407,5350
5408,35
5409,1864
5410,688
5411,7979
5412,2901
5413,2901
5414,11411
5415,811
5416,5239
5417,5239
5418,17458
5419,17458
5420,539
5421,539
5422,539
5423,539
5424,539
5425,7956
5426,5507
5427,5427
5428,1864
5429,5431
5430,5431
5431,5431
5432,5648
5433,5433
5434,3022
5435,14475
5436,125
5437,7156
5438,12480
5439,1776
5440,5440
5441,1641
5442,1641
5443,2160
5444,15227
5445,757
5446,5446
5447,125
5448,11668
5449,8997
5450,5450
5451,1770
5452,5452
5453,5556
5454,5537
5455,5455
5456,5456
5457,5457
5458,5457
5459,5457
5460,5462
5461,5461
5462,5462
5463,5463
5464,5464
5465,1641
5466,7206
5467,5469
5468,5469
5469,5469
5470,4790
5471,4790
5472,618
5473,4054
5474,5474
5475,1089
5476,1089
5477,1089
5478,1089
5479,1089
5480,1089
5481,1089
5482,1089
5483,5580
5484,3332
5485,3332
5486,3332
5487,11843
5488,2191
5489,11273
5490,2191
5491,11674
5492,11674
5493,20012
5494,11674
5495,6151
5496,1234
5497,11668
5498,11668
5499,2725
5500,9140
5501,5501
5502,1465
5503,9151
5504,247
5505,21187
5506,5506
5507,5507
5508,1625
5509,20608
5510,679
5511,8997
5512,8997
5513,1909
5514,5514
5515,5515
5516,5516
5517,1219
5518,8095
5519,5162
5520,5520
5521,8662
5522,8662
5523,5162
5524,5524
5525,5525
5526,5527
5527,5527
5528,5528
5529,5529
5530,1714
5531,18084
5532,4724
5533,6130
5534,1829
5535,1829
5536,5536
5537,5537
5538,5538
5539,5529
5540,6631
5541,5541
5542,5542
5543,1549
5544,8018
5545,305
5546,305
5547,7545
5548,1076
5549,1185
5550,2836
5551,20348
5552,7760
5553,3205
5554,9399
5555,5556
5556,5556
5557,5556
5558,5537
5559,9759
5560,8128
5561,3656
5562,1167
5563,1041
5564,9104
5565,5565
5566,2349
5567,2349
5568,17206
5569,17206
5570,17206
5571,17206
5572,17206
5573,17206
5574,17206
5575,5575
5576,5580
5577,5580
5578,5578
5579,5579
5580,5580
5581,623
5582,9445
5583,5580
5584,1990
5585,1493
5586,5588
5587,4028
5588,5588
5589,5556
5590,163
5591,9398
5592,232
5593,5593
5594,5596
5595,5596
5596,5596
5597,5597
5598,3683
5599,3544
5600,3544
5601,3915
5602,8767
5603,3915
5604,8767
5605,3914
5606,8767
5607,4031
5608,5608
5609,13662
5610,5610
5611,5740
5612,8767
5613,8767
5614,5474
5615,5474
5616,5474
5617,5474
5618,5474
5619,5474
5620,554
5621,3915
5622,5474
5623,1735
5624,3344
5625,42
5626,14619
5627,5628
5628,5628
5629,5628
5630,1500
5631,1500
5632,21192
5633,1043
5634,5634
5635,7337
5636,3340
5637,3340
5638,3340
5639,5639
5640,5640
5641,19250
5642,5067
5643,5643
5644,5067
5645,5067
5646,5067
5647,5647
5648,5648
5649,5649
5650,12379
5651,20802
5652,5652
5653,1477
5654,5654
5655,4822
5656,4822
5657,5657
5658,1465
5659,6387
5660,4822
5661,6387
5662,6387
5663,4822
5664,3438
5665,4911
5666,4911
5667,4911
5668,1735
5669,3595
5670,1742
5671,4054
5672,3300
5673,3300
5674,12259
5675,8443
5676,6580
5677,7670
5678,4792
5679,4792
5680,4792
5681,11661
5682,11661
5683,5683
5684,5951
5685,5205
5686,4845
5687,5687
5688,3656
5689,7337
5690,5300
5691,5691
5692,5692
5693,5693
5694,869
5695,5695
5696,1558
5697,830
5698,4044
5699,4002
5700,4002
5701,5701
5702,4127
5703,4408
5704,13733
5705,9386
5706,9386
5707,5188
5708,8997
5709,2813
5710,2813
5711,3164
5712,1234
5713,1234
5714,2191
5715,2191
5716,2191
5717,5717
5718,2474
5719,5719
5720,5720
5721,7461
5722,7461
5723,539
5724,5300
5725,1284
5726,4719
5727,2496
5728,2496
5729,2496
5730,2496
5731,4719
5732,5732
5733,5732
5734,5732
5735,1973
5736,2304
5737,2690
5738,5795
5739,5739
5740,5740
5741,5741
5742,5740
5743,18137
5744,3802
5745,3802
5746,3802
5747,3802
5748,5748
5749,5749
5750,8384
5751,358
5752,305
5753,1197
5754,16068
5755,7165
5756,7165
5757,7165
5758,7165
5759,7165
5760,7165
5761,7165
5762,7165
5763,7165
5764,5764
5765,19191
5766,2344
5767,5732
5768,2454
5769,2454
5770,16729
5771,3494
5772,1852
5773,5773
5774,1527
5775,9002
5776,14800
5777,2695
5778,5875
5779,5875
5780,1027
5781,887
5782,5782
5783,5783
5784,21187
5785,5788
5786,5788
5787,7979
5788,5788
5789,5056
5790,4652
5791,133
5792,19391
5793,15897
5794,5795
5795,5795
5796,5796
5797,15696
5798,163
5799,163
5800,3494
5801,163
5802,2153
5803,5805
5804,5804
5805,5805
5806,2153
5807,2153
5808,1155
5809,1625
5810,3352
5811,4044
5812,5812
5813,4911
5814,5648
5815,5815
5816,5816
5817,8524
5818,5239
5819,14252
5820,12550
5821,5732
5822,5732
5823,5732
5824,5628
5825,5628
5826,14736
5827,804
5828,4724
5829,1369
5830,5830
5831,5831
5832,3544
5833,3544
5834,3544
5835,3544
5836,5836
5837,5917
5838,10537
5839,5839
5840,1358
5841,844
5842,5842
5843,141
5844,5844
5845,7276
5846,1612
5847,7458
5848,5848
5849,6373
5850,810
5851,5851
5852,19781
5853,6745
5854,6745
5855,11674
5856,11674
5857,11674
5858,19781
5859,5306
5860,1027
5861,1420
5862,96
5863,5863
5864,5864
5865,5865
5866,5866
5867,5275
5868,5868
5869,951
5870,1782
5871,9991
5872,5872
5873,5873
5874,5875
5875,5875
5876,5875
5877,6151
5878,6151
5879,1417
5880,5880
5881,5880
5882,5882
5883,2609
5884,5268
5885,3246
5886,4285
5887,4285
5888,3246
5889,4286
5890,5890
5891,5891
5892,4120
5893,4120
5894,4120
5895,4120
5896,4120
5897,5897
5898,5898
5899,2454
5900,5900
5901,12483
5902,4259
5903,5795
5904,2690
5905,1018
5906,2844
5907,1625
5908,5908
5909,7178
5910,7180
5911,7180
5912,7178
5913,7178
5914,5917
5915,3911
5916,5917
5917,5917
5918,5917
5919,5919
5920,8201
5921,5928
5922,8201
5923,8201
5924,8201
5925,10804
5926,5928
5927,5928
5928,5928
5929,8201
5930,8201
5931,8201
5932,8201
5933,8201
5934,4524
5935,4524
5936,7979
5937,1796
5938,17512
5939,1796
5940,1796
5941,17512
5942,17512
5943,8391
5944,5580
5945,914
5946,8443
5947,2137
5948,9906
5949,6600
5950,6600
5951,5951
5952,4994
5953,914
5954,1279
5955,1279
5956,5956
5957,4911
5958,4911
5959,3373
5960,3373
5961,5318
5962,5318
5963,1234
5964,1234
5965,11674
5966,11273
5967,2191
5968,1234
5969,11273
5970,367
5971,1742
5972,3438
5973,3352
5974,6877
5975,19134
5976,19199
5977,5977
5978,5978
5979,744
5980,744
5981,4652
5982,5982
5983,18244
5984,17445
5985,2044
5986,1558
5987,1558
5988,5732
5989,5989
5990,5990
5991,638
5992,5992
5993,16802
5994,11843
5995,11843
5996,2803
5997,579
5998,4792
5999,7399
6000,7399
6001,2775
6002,9732
6003,2844
6004,4044
6005,11128
6006,3205
6007,6007
6008,5977
6009,1185
6010,1185
6011,6011
6012,1500
6013,8081
6014,5377
6015,5377
6016,1492
6017,1647
6018,9293
6019,3167
6020,1496
6021,4495
6022,4495
6023,4495
6024,4495
6025,4495
6026,4495
6027,4495
6028,4495
6029,4495
6030,6030
6031,6031
6032,6032
6033,6033
6034,6034
6035,10761
6036,2720
6037,6037
6038,6038
6039,6039
6040,4809
6041,4393
6042,2816
6043,232
6044,15229
6045,12447
6046,5052
6047,434
6048,125
6049,833
6050,6050
6051,6053
6052,6052
6053,6053
6054,903
6055,6055
6056,8853
6057,6057
6058,6058
6059,3444
6060,6060
6061,6607
6062,7499
6063,6063
6064,16768
6065,1594
6066,1594
6067,7969
6068,15517
6069,5205
6070,4809
6071,4809
6072,20274
6073,6579
6074,939
6075,10274
6076,6077
6077,6077
6078,10835
6079,197
6080,6080
6081,2550
6082,2070
6083,6455
6084,6084
6085,16802
6086,4790
6087,6087
6088,6088
6089,133
6090,6060
6091,2160
6092,14252
6093,3441
6094,15761
6095,1698
6096,3438
6097,1089
6098,1089
6099,1089
6100,1089
6101,1089
6102,4842
6103,1089
6104,5580
6105,3989
6106,906
6107,3130
6108,294
6109,294
6110,294
6111,5431
6112,13797
6113,13797
6114,4999
6115,125
6116,6116
6117,5239
6118,5220
6119,5220
6120,5220
6121,5220
6122,1045
6123,19198
6124,16787
6125,11176
6126,778
6127,6127
6128,4256
6129,11661
6130,6130
6131,1829
6132,6132
6133,1113
6134,16412
6135,11503
6136,6151
6137,6151
6138,6151
6139,11674
6140,11674
6141,11674
6142,11674
6143,7989
6144,11674
6145,6151
6146,6151
6147,11674
6148,6745
6149,6745
6150,2191
6151,6151
6152,6745
6153,2191
6154,11674
6155,11674
6156,11674
6157,11674
6158,11273
6159,11674
6160,6745
6161,6745
6162,6745
6163,7989
6164,6164
6165,4441
6166,4441
6167,6167
6168,6168
6169,6170
6170,6170
6171,6170
6172,5977
6173,6173
6174,3832
6175,3832
6176,6173
6177,8220
6178,8220
6179,8476
6180,5639
6181,6419
6182,2784
6183,9784
6184,204
6185,9784
6186,9759
6187,951
6188,5300
6189,4054
6190,417
6191,5844
6192,2793
6193,6193
6194,6387
6195,6195
6196,5431
6197,780
6198,869
6199,6199
6200,5556
6201,2761
6202,3969
6203,7123
6204,6204
6205,2496
6206,1852
6207,6207
6208,6210
6209,6209
6210,6210
6211,6210
6212,6210
6213,2633
6214,6214
6215,6215
6216,6216
6217,7544
6218,6218
6219,5542
6220,2839
6221,3544
6222,3544
6223,3544
6224,6224
6225,10634
6226,6226
6227,9386
6228,2633
6229,7337
6230,20348
6231,6231
6232,9399
6233,1354
6234,8997
6235,8997
6236,4408
6237,10274
6238,4127
6239,4127
6240,4127
6241,5977
6242,4127
6243,4127
6244,4127
6245,9759
6246,9784
6247,4127
6248,12483
6249,2764
6250,2764
6251,9966
6252,4098
6253,13036
6254,10804
6255,5864
6256,204
6257,1012
6258,1327
6259,1327
6260,6260
6261,18323
6262,18323
6263,1045
6264,6173
6265,1940
6266,5796
6267,6269
6268,6268
6269,6269
6270,5805
6271,4911
6272,4911
6273,3549
6274,1796
6275,1796
6276,1796
6277,17512
6278,6278
6279,3437
6280,9430
6281,13797
6282,13797
6283,13797
6284,13797
6285,13797
6286,13797
6287,17206
6288,13797
6289,13797
6290,13797
6291,13797
6292,21182
6293,21182
6294,13797
6295,13797
6296,13797
6297,13797
6298,13797
6299,13797
6300,13797
6301,13797
6302,13797
6303,13797
6304,13797
6305,13797
6306,13797
6307,20274
6308,13797
6309,13797
6310,13797
6311,13797
6312,13797
6313,16789
6314,17206
6315,13797
6316,13797
6317,16789
6318,18977
6319,13797
6320,1185
6321,17206
6322,17206
6323,8384
6324,13797
6325,5431
6326,730
6327,6327
6328,6328
6329,1394
6330,1349
6331,1350
6332,3540
6333,825
6334,2947
6335,1963
6336,7223
6337,6337
6338,2454
6339,4300
6340,914
6341,5067
6342,3911
6343,5740
6344,6344
6345,518
6346,1185
6347,18192
6348,8225
6349,7610
6350,9906
6351,19127
6352,7337
6353,2196
6354,4344
6355,2609
6356,6356
6357,6357
6358,3914
6359,232
6360,1770
6361,1770
6362,1770
6363,6364
6364,6364
6365,4300
6366,2454
6367,12447
6368,2454
6369,4559
6370,6371
6371,6371
6372,6372
6373,6373
6374,4031
6375,16605
6376,2119
6377,6377
6378,1594
6379,3786
6380,6380
6381,6381
6382,1134
6383,6224
6384,6224
6385,6385
6386,6387
6387,6387
6388,6388
6389,1045
6390,6390
6391,367
6392,12944
6393,5025
6394,6797
6395,6797
6396,2454
6397,6397
6398,3540
6399,1350
6400,1350
6401,1349
6402,6404
6403,10326
6404,6404
6405,12250
6406,4044
6407,4044
6408,5225
6409,9104
6410,12627
6411,5474
6412,6412
6413,6415
6414,3546
6415,6415
6416,4132
6417,3683
6418,6415
6419,6419
6420,5796
6421,6421
6422,6422
6423,3772
6424,9705
6425,3772
6426,6426
6427,6427
6428,6226
6429,1963
6430,2844
6431,4640
6432,1385
6433,1612
6434,1612
6435,13797
6436,3995
6437,1785
6438,1785
6439,1785
6440,1785
6441,163
6442,163
6443,13684
6444,163
6445,163
6446,163
6447,163
6448,163
6449,7206
6450,7206
6451,3332
6452,1641
6453,16793
6454,3332
6455,6455
6456,2070
6457,6455
6458,6455
6459,2737
6460,2070
6461,15353
6462,12793
6463,6697
6464,6697
6465,1641
6466,3242
6467,3242
6468,7206
6469,7206
6470,3242
6471,7206
6472,8225
6473,7950
6474,1869
6475,1735
6476,5431
6477,4097
6478,414
6479,7908
6480,1420
6481,1864
6482,1864
6483,5309
6484,2172
6485,163
6486,5506
6487,4034
6488,8997
6489,8997
6490,3905
6491,6491
6492,15947
6493,6873
6494,7639
6495,16729
6496,6496
6497,6498
6498,6498
6499,6499
6500,4014
6501,6501
6502,2901
6503,6503
6504,2901
6505,1185
6506,4408
6507,8384
6508,6508
6509,4034
6510,1864
6511,1864
6512,6515
6513,6515
6514,1864
6515,6515
6516,1998
6517,2997
6518,5377
6519,2997
6520,16793
6521,5377
6522,5377
6523,5023
6524,133
6525,16793
6526,4652
6527,11332
6528,2241
6529,1420
6530,6530
6531,6531
6532,7361
6533,1623
6534,8997
6535,8997
6536,8997
6537,8997
6538,8997
6539,8997
6540,8997
6541,8997
6542,1796
6543,1796
6544,7144
6545,6911
6546,3807
6547,693
6548,7180
6549,7178
6550,6582
6551,5457
6552,5457
6553,6697
6554,6697
6555,4549
6556,15430
6557,9397
6558,5431
6559,5431
6560,6560
6561,3323
6562,5880
6563,3323
6564,17161
6565,17161
6566,20274
6567,6567
6568,6568
6569,8384
6570,6570
6571,6570
6572,6572
6573,6573
6574,6574
6575,1573
6576,2690
6577,2690
6578,4999
6579,6579
6580,6580
6581,6579
6582,6582
6583,6582
6584,9389
6585,1601
6586,6586
6587,4098
6588,4911
6589,6589
6590,1089
6591,1625
6592,21223
6593,1625
6594,1625
6595,16824
6596,16824
6597,13293
6598,16824
6599,16807
6600,6600
6601,5537
6602,6602
6603,16412
6604,9398
6605,20802
6606,6606
6607,6607
6608,305
6609,6609
6610,1376
6611,6611
6612,1045
6613,6611
6614,6357
6615,1829
6616,17512
6617,1126
6618,558
6619,3915
6620,5236
6621,1576
6622,7420
6623,1292
6624,1292
6625,6625
6626,2916
6627,2916
6628,6628
6629,6629
6630,1433
6631,6631
6632,1496
6633,4438
6634,1496
6635,1811
6636,5037
6637,77
6638,2577
6639,7530
6640,3832
6641,77
6642,18123
6643,3046
6644,5525
6645,3546
6646,15164
6647,832
6648,1558
6649,1558
6650,14736
6651,6651
6652,5067
6653,18665
6654,1125
6655,6877
6656,6656
6657,5764
6658,8767
6659,3762
6660,3762
6661,914
6662,914
6663,6663
6664,10761
6665,6665
6666,6663
6667,3549
6668,17512
6669,6669
6670,68
6671,10273
6672,1705
6673,8443
6674,3116
6675,2863
6676,9399
6677,6677
6678,1794
6679,6679
6680,6680
6681,2125
6682,844
6683,2125
6684,4911
6685,1358
6686,4911
6687,18444
6688,14140
6689,3373
6690,7
6691,17445
6692,5457
6693,9140
6694,9972
6695,3546
6696,6697
6697,6697
6698,6698
6699,6700
6700,6700
6701,6700
6702,4127
6703,6703
6704,6704
6705,4495
6706,6706
6707,9408
6708,2418
6709,16618
6710,4774
6711,193
6712,12483
6713,6713
6714,5580
6715,4790
6716,4790
6717,9076
6718,3385
6719,6719
6720,4044
6721,4044
6722,6722
6723,6499
6724,7298
6725,12526
6726,4907
6727,6210
6728,6210
6729,3179
6730,3165
6731,8145
6732,8145
6733,5628
6734,169
6735,5788
6736,514
6737,19766
6738,5875
6739,1371
6740,227
6741,4999
6742,5205
6743,6745
6744,1235
6745,6745
6746,554
6747,20348
6748,7760
6749,4984
6750,539
6751,539
6752,539
6753,539
6754,539
6755,539
6756,539
6757,8443
6758,6758
6759,6759
6760,4911
6761,4054
6762,4344
6763,7206
6764,125
6765,11176
6766,2901
6767,7979
6768,3088
6769,1781
6770,12627
6771,6388
6772,6387
6773,5507
6774,16093
6775,16093
6776,1185
6777,780
6778,6778
6779,6779
6780,744
6781,6781
6782,1674
6783,6783
6784,4495
6785,5268
6786,1234
6787,1234
6788,2180
6789,1234
6790,2344
6791,5578
6792,5578
6793,5019
6794,458
6795,6797
6796,6797
6797,6797
6798,6797
6799,6797
6800,6801
6801,6801
6802,2119
6803,2633
6804,9399
6805,9399
6806,9399
6807,1089
6808,5122
6809,11176
6810,3911
6811,14475
6812,5463
6813,2349
6814,8475
6815,11406
6816,11406
6817,8095
6818,8095
6819,5043
6820,5043
6821,7239
6822,5474
6823,11411
6824,2496
6825,7052
6826,7052
6827,5239
6828,6373
6829,388
6830,6373
6831,1927
6832,8640
6833,11176
6834,539
6835,1927
6836,1973
6837,12394
6838,1368
6839,4559
6840,1350
6841,9399
6842,4127
6843,3762
6844,6844
6845,7989
6846,7989
6847,780
6848,780
6849,6932
6850,6932
6851,2577
6852,2844
6853,6853
6854,10537
6855,3915
6856,6856
6857,1796
6858,3832
6859,5457
6860,5556
6861,16282
6862,4113
6863,203
6864,2119
6865,4044
6866,2160
6867,7206
6868,1641
6869,5321
6870,10682
6871,6871
6872,6873
6873,6873
6874,9400
6875,1302
6876,5236
6877,6877
6878,6878
6879,7877
6880,9966
6881,3344
6882,2901
6883,5469
6884,5764
6885,5469
6886,7979
6887,7979
6888,7979
6889,227
6890,5469
6891,20342
6892,17512
6893,17512
6894,1126
6895,7499
6896,7499
6897,7499
6898,5469
6899,1185
6900,1927
6901,11176
6902,8071
6903,8071
6904,8071
6905,8071
6906,11176
6907,4990
6908,4990
6909,5025
6910,5025
6911,6911
6912,9394
6913,3529
6914,6530
6915,6455
6916,4701
6917,2070
6918,5474
6919,554
6920,3811
6921,7760
6922,6922
6923,1914
6924,15164
6925,5007
6926,9821
6927,9821
6928,19459
6929,6932
6930,6932
6931,6931
6932,6932
6933,6933
6934,11273
6935,3546
6936,6936
6937,9052
6938,4127
6939,17162
6940,5977
6941,3046
6942,3046
6943,3046
6944,19766
6945,6377
6946,4213
6947,2454
6948,6948
6949,6949
6950,6950
6951,2454
6952,2784
6953,2784
6954,4800
6955,2454
6956,2784
6957,1394
6958,7
6959,2844
6960,18137
6961,18137
6962,18137
6963,18137
6964,18137
6965,18137
6966,18137
6967,18137
6968,15282
6969,18137
6970,18137
6971,18137
6972,18137
6973,18137
6974,18137
6975,18137
6976,18137
6977,18137
6978,18137
6979,18137
6980,18137
6981,18137
6982,18137
6983,18137
6984,15282
6985,18137
6986,18137
6987,15282
6988,18137
6989,10326
6990,20423
6991,811
6992,811
6993,4549
6994,811
6995,1420
6996,804
6997,96
6998,6631
6999,17512
7000,21182
7001,18964
7002,2044
7003,7979
7004,679
7005,1625
7006,514
7007,4495
7008,4495
7009,7009
7010,7979
7011,539
7012,3911
7013,14475
7014,14475
7015,367
7016,7016
7017,7016
7018,4286
7019,906
7020,3762
7021,4202
7022,1460
7023,9002
7024,7024
7025,20410
7026,3108
7027,2866
7028,3915
7029,3915
7030,7030
7031,6371
7032,6371
7033,811
7034,811
7035,7979
7036,7979
7037,2695
7038,3373
7039,1418
7040,4040
7041,2236
7042,10274
7043,4044
7044,4044
7045,1279
7046,2695
7047,2695
7048,2695
7049,2695
7050,8997
7051,9740
7052,7052
7053,7052
7054,4701
7055,4701
7056,2690
7057,2690
7058,2783
7059,1132
7060,2550
7061,1234
7062,1234
7063,1234
7064,7081
7065,1234
7066,2160
7067,18081
7068,8203
7069,4640
7070,7206
7071,18081
7072,6722
7073,7073
7074,10274
7075,2633
7076,6357
7077,1770
7078,8273
7079,7081
7080,6151
7081,7081
7082,7081
7083,7081
7084,11273
7085,5875
7086,6151
7087,6151
7088,11273
7089,5875
7090,193
7091,17512
7092,9740
7093,208
7094,5022
7095,19459
7096,19443
7097,9800
7098,19459
7099,17206
7100,19311
7101,7165
7102,7165
7103,7165
7104,9207
7105,18718
7106,1076
7107,7165
7108,7165
7109,17206
7110,125
7111,15897
7112,3969
7113,3969
7114,1558
7115,1558
7116,1558
7117,6922
7118,7180
7119,8384
7120,13797
7121,9399
7122,7123
7123,7123
7124,2783
7125,2783
7126,7337
7127,2783
7128,2115
7129,9759
7130,3658
7131,2784
7132,736
7133,15164
7134,4640
7135,4259
7136,4259
7137,4259
7138,4259
7139,4259
7140,4259
7141,5309
7142,811
7143,3762
7144,7144
7145,7145
7146,1549
7147,1691
7148,4120
7149,4120
7150,4120
7151,5542
7152,4140
7153,5542
7154,5542
7155,4241
7156,7156
7157,7157
7158,6455
7159,7979
7160,7979
7161,125
7162,518
7163,19311
7164,7165
7165,7165
7166,7166
7167,4984
7168,17512
7169,2564
7170,7979
7171,19260
7172,5306
7173,842
7174,4279
7175,6607
7176,7298
7177,7298
7178,7178
7179,7179
7180,7180
7181,3179
7182,5457
7183,5457
7184,16848
7185,1302
7186,554
7187,963
7188,4097
7189,3595
7190,5043
7191,14140
7192,3046
7193,2643
7194,2866
7195,4487
7196,1370
7197,5580
7198,3438
7199,3595
7200,3438
7201,7206
7202,1641
7203,3242
7204,7206
7205,7206
7206,7206
7207,7206
7208,7208
7209,13036
7210,1829
7211,1534
7212,7212
7213,7213
7214,5469
7215,7499
7216,4487
7217,13293
7218,13293
7219,7979
7220,7220
7221,2793
7222,4364
7223,7223
7224,1500
7225,1500
7226,1500
7227,5580
7228,4792
7229,6607
7230,10682
7231,2101
7232,4520
7233,5043
7234,5043
7235,19279
7236,1185
7237,1185
7238,1185
7239,7239
7240,7239
7241,7979
7242,13797
7243,13797
7244,6570
7245,10883
7246,4495
7247,4495
7248,6373
7249,6373
7250,6373
7251,6373
7252,10274
7253,1625
7254,15282
7255,18137
7256,7256
7257,6080
7258,1688
7259,4180
7260,12250
7261,11661
7262,2454
7263,7263
7264,197
7265,7265
7266,7266
7267,679
7268,449
7269,4994
7270,4994
7271,4994
7272,4994
7273,5580
7274,8443
7275,8443
7276,7276
7277,7277
7278,19880
7279,19880
7280,19880
7281,1573
7282,19880
7283,744
7284,4286
7285,5525
7286,4911
7287,3344
7288,6931
7289,3246
7290,6560
7291,3321
7292,9430
7293,5143
7294,8273
7295,7298
7296,7298
7297,7298
7298,7298
7299,1007
7300,1540
7301,1007
7302,68
7303,2046
7304,2046
7305,2046
7306,8225
7307,4408
7308,5169
7309,5431
7310,5225
7311,5225
7312,20410
7313,20410
7314,20410
7315,4911
7316,7052
7317,7052
7318,2070
7319,7052
7320,7320
7321,4911
7322,6931
7323,2913
7324,20802
7325,20802
7326,19440
7327,19440
7328,20802
7329,20821
7330,20802
7331,14306
7332,20802
7333,19781
7334,20802
7335,20802
7336,20802
7337,7337
7338,7337
7339,7337
7340,3911
7341,2695
7342,2695
7343,5880
7344,581
7345,133
7346,5377
7347,5732
7348,1558
7349,1558
7350,1132
7351,5207
7352,8225
7353,5431
7354,7354
7355,13733
7356,227
7357,4408
7358,4408
7359,4408
7360,7360
7361,7361
7362,2418
7363,7165
7364,7165
7365,7165
7366,7165
7367,7165
7368,7165
7369,7627
7370,7165
7371,4495
7372,2764
7373,4408
7374,2050
7375,2050
7376,2050
7377,2050
7378,951
7379,11406
7380,8475
7381,1155
7382,1155
7383,579
7384,18691
7385,1776
7386,12480
7387,2070
7388,5431
7389,1227
7390,6038
7391,5224
7392,7392
7393,6600
7394,934
7395,1089
7396,4986
7397,514
7398,2794
7399,7399
7400,18466
7401,9389
7402,14660
7403,5796
7404,5695
7405,1433
7406,7406
7407,7407
7408,2926
7409,5717
7410,5717
7411,3966
7412,3966
7413,493
7414,579
7415,656
7416,2128
7417,1645
7418,3332
7419,3461
7420,7420
7421,1420
7422,215
7423,7499
7424,7499
7425,7499
7426,4408
7427,4408
7428,618
7429,5469
7430,7437
7431,5129
7432,3546
7433,7437
7434,7437
7435,7437
7436,7437
7437,7437
7438,4044
7439,4044
7440,7440
7441,7441
7442,5796
7443,458
7444,5580
7445,1260
7446,14410
7447,4044
7448,2784
7449,215
7450,11674
7451,1234
7452,11674
7453,1234
7454,6745
7455,6801
7456,1417
7457,12483
7458,7458
7459,11668
7460,7461
7461,7461
7462,11276
7463,1730
7464,18977
7465,18977
7466,19542
7467,4560
7468,18323
7469,1477
7470,4822
7471,5306
7472,7472
7473,5740
7474,3906
7475,6877
7476,7476
7477,7478
7478,7478
7479,7478
7480,7480
7481,1944
7482,7482
7483,15878
7484,15878
7485,730
7486,15878
7487,7487
7488,15878
7489,10575
7490,3913
7491,2725
7492,3438
7493,4157
7494,4157
7495,14475
7496,11176
7497,14475
7498,11176
7499,7499
7500,3385
7501,6387
7502,5025
7503,4113
7504,7504
7505,561
7506,163
7507,163
7508,163
7509,7509
7510,7510
7511,7512
7512,7512
7513,638
7514,1185
7515,19751
7516,4127
7517,7517
7518,914
7519,16268
7520,1630
7521,1630
7522,5258
7523,7523
7524,2418
7525,7527
7526,7527
7527,7527
7528,7528
7529,7544
7530,7530
7531,6371
7532,6371
7533,6371
7534,9408
7535,7979
7536,8662
7537,14475
7538,11176
7539,11176
7540,11176
7541,730
7542,7441
7543,7543
7544,7544
7545,7545
7546,1076
7547,7545
7548,1558
7549,1558
7550,1558
7551,4044
7552,4044
7553,7478
7554,1433
7555,1433
7556,4044
7557,7557
7558,7558
7559,5580
7560,5300
7561,10274
7562,951
7563,9387
7564,5306
7565,3373
7566,1625
7567,1367
7568,13797
7569,17206
7570,5431
7571,1370
7572,13797
7573,1367
7574,13797
7575,13797
7576,13797
7577,2866
7578,5051
7579,7517
7580,2783
7581,7582
7582,7582
7583,7337
7584,3024
7585,3024
7586,19250
7587,7337
7588,5162
7589,2821
7590,16412
7591,2836
7592,4843
7593,2119
7594,2119
7595,2119
7596,7596
7597,2119
7598,2119
7599,2119
7600,8470
7601,8470
7602,8470
7603,1933
7604,1475
7605,1475
7606,1475
7607,1794
7608,1794
7609,8767
7610,7610
7611,8225
7612,1625
7613,1625
7614,8997
7615,1465
7616,561
7617,3832
7618,8220
7619,6173
7620,163
7621,163
7622,163
7623,4127
7624,4274
7625,12523
7626,19198
7627,7627
7628,7165
7629,17206
7630,17206
7631,17206
7632,17206
7633,17206
7634,17206
7635,17206
7636,17206
7637,17206
7638,17206
7639,7639
7640,7239
7641,5474
7642,7239
7643,7239
7644,4424
7645,4424
7646,4652
7647,2119
7648,11176
7649,294
7650,7650
7651,11176
7652,11843
7653,5469
7654,63
7655,7499
7656,7499
7657,844
7658,5431
7659,5431
7660,7979
7661,11411
7662,11176
7663,5004
7664,1534
7665,688
7666,7666
7667,1339
7668,1155
7669,1155
7670,7670
7671,7671
7672,7392
7673,7673
7674,12627
7675,3438
7676,20410
7677,663
7678,4495
7679,1641
7680,7206
7681,7399
7682,5463
7683,1796
7684,17512
7685,3108
7686,6060
7687,8476
7688,17512
7689,2901
7690,7979
7691,19880
7692,1496
7693,12550
7694,2695
7695,8997
7696,8997
7697,208
7698,3475
7699,1625
7700,1927
7701,10576
7702,3911
7703,7206
7704,4790
7705,16934
7706,163
7707,3494
7708,1126
7709,2418
7710,4202
7711,3915
7712,2066
7713,3444
7714,5796
7715,6568
7716,16789
7717,13797
7718,2913
7719,5580
7720,4559
7721,9430
7722,7722
7723,10109
7724,3246
7725,5469
7726,2901
7727,193
7728,5043
7729,11176
7730,2690
7731,125
7732,15897
7733,15897
7734,903
7735,9399
7736,7736
7737,2844
7738,4408
7739,6631
7740,7740
7741,2230
7742,9140
7743,3915
7744,7744
7745,3970
7746,7746
7747,5628
7748,6607
7749,2137
7750,10835
7751,6080
7752,454
7753,1208
7754,16843
7755,5043
7756,7239
7757,5474
7758,5764
7759,7760
7760,7760
7761,1606
7762,1606
7763,6607
7764,6607
7765,6607
7766,10682
7767,7767
7768,5732
7769,5732
7770,5732
7771,5732
7772,2844
7773,2844
7774,6922
7775,2344
7776,5732
7777,4994
7778,4994
7779,4994
7780,4994
7781,4994
7782,11674
7783,1234
7784,7784
7785,4330
7786,9399
7787,15897
7788,15897
7789,17206
7790,2578
7791,4984
7792,7792
7793,133
7794,2844
7795,28
7796,28
7797,28
7798,28
7799,1625
7800,1558
7801,10537
7802,17366
7803,4187
7804,3373
7805,5318
7806,2066
7807,679
7808,3544
7809,15897
7810,7810
7811,7811
7812,18430
7813,6574
7814,7814
7815,5764
7816,5764
7817,6656
7818,5764
7819,5764
7820,5764
7821,5764
7822,5764
7823,6656
7824,5764
7825,5764
7826,1973
7827,453
7828,2304
7829,125
7830,4652
7831,6060
7832,6060
7833,14252
7834,6607
7835,2101
7836,2101
7837,5982
7838,7298
7839,6060
7840,20802
7841,4652
7842,9016
7843,9016
7844,19374
7845,4725
7846,1381
7847,6499
7848,6499
7849,6499
7850,4014
7851,4014
7852,7512
7853,7512
7854,7512
7855,7512
7856,7512
7857,7858
7858,7858
7859,4408
7860,1796
7861,402
7862,11254
7863,1796
7864,7979
7865,811
7866,7979
7867,493
7868,10682
7869,6607
7870,14773
7871,6060
7872,1776
7873,12480
7874,744
7875,6607
7876,7876
7877,7877
7878,3186
7879,156
7880,5463
7881,2160
7882,4520
7883,4520
7884,1132
7885,4654
7886,7886
7887,539
7888,539
7889,539
7890,7890
7891,539
7892,7892
7893,4044
7894,16282
7895,7886
7896,4652
7897,4652
7898,21054
7899,14579
7900,14579
7901,14579
7902,14579
7903,208
7904,2550
7905,2550
7906,1594
7907,3167
7908,7908
7909,5525
7910,4034
7911,7911
7912,4054
7913,13693
7914,7979
7915,7979
7916,5275
7917,5275
7918,2901
7919,7979
7920,7979
7921,5474
7922,1944
7923,5851
7924,5431
7925,4054
7926,4098
7927,9720
7928,4911
7929,5431
7930,5431
7931,4911
7932,5431
7933,4408
7934,5431
7935,2725
7936,2230
7937,951
7938,3762
7939,1102
7940,1625
7941,18646
7942,7942
7943,17206
7944,17206
7945,17206
7946,2050
7947,9759
7948,5580
7949,844
7950,7950
7951,6499
7952,4619
7953,7956
7954,7956
7955,7956
7956,7956
7957,539
7958,7956
7959,7956
7960,2550
7961,4408
7962,11411
7963,5275
7964,11411
7965,11411
7966,5275
7967,11411
7968,5275
7969,7969
7970,18911
7971,914
7972,2128
7973,12483
7974,12483
7975,1185
7976,5469
7977,3475
7978,7979
7979,7979
7980,6371
7981,1777
7982,3385
7983,1234
7984,7989
7985,5875
7986,11668
7987,1234
7988,7989
7989,7989
7990,7989
7991,5875
7992,3009
7993,367
7994,1549
7995,1549
7996,1534
7997,5452
7998,5580
7999,514
8000,2821
8001,780
8002,5309
8003,4259
8004,4259
8005,8005
8006,8006
8007,1126
8008,2304
8009,3683
8010,18084
8011,20274
8012,4508
8013,3108
8014,745
8015,3914
8016,3914
8017,2423
8018,8018
8019,2643
8020,11406
8021,9400
8022,539
8023,11406
8024,5309
8025,6700
8026,15878
8027,5431
8028,7979
8029,10326
8030,2525
8031,9462
8032,3300
8033,449
8034,4559
8035,6700
8036,1645
8037,21204
8038,1647
8039,21187
8040,20857
8041,539
8042,539
8043,5043
8044,5043
8045,1577
8046,518
8047,4652
8048,18399
8049,18137
8050,5596
8051,5596
8052,5596
8053,7979
8054,17512
8055,1794
8056,1794
8057,4330
8058,2196
8059,1417
8060,1657
8061,3832
8062,163
8063,789
8064,8064
8065,2853
8066,3352
8067,9972
8068,19122
8069,3911
8070,1558
8071,8071
8072,11176
8073,7760
8074,4911
8075,10804
8076,4496
8077,4097
8078,8078
8079,1625
8080,1542
8081,8081
8082,20802
8083,15897
8084,1606
8085,8085
8086,8086
8087,21187
8088,5129
8089,5129
8090,2108
8091,21204
8092,6922
8093,8093
8094,5220
8095,8095
8096,6579
8097,6579
8098,7276
8099,1327
8100,6373
8101,1195
8102,8102
8103,3786
8104,554
8105,4986
8106,16731
8107,1185
8108,1185
8109,3914
8110,1185
8111,1126
8112,1126
8113,1126
8114,1126
8115,5556
8116,5556
8117,1073
8118,3332
8119,2688
8120,19328
8121,2160
8122,4157
8123,4157
8124,1630
8125,3358
8126,8126
8127,8127
8128,8128
8129,8129
8130,7478
8131,5796
8132,18899
8133,3768
8134,1625
8135,1829
8136,3205
8137,3911
8138,8138
8139,4031
8140,17576
8141,804
8142,1446
8143,4028
8144,8144
8145,8145
8146,203
8147,3656
8148,8128
8149,8128
8150,8128
8151,6573
8152,8152
8153,16824
8154,4984
8155,4984
8156,8156
8157,5309
8158,5309
8159,5309
8160,6080
8161,539
8162,539
8163,539
8164,539
8165,539
8166,539
8167,7956
8168,539
8169,539
8170,7956
8171,1583
8172,7052
8173,1770
8174,6364
8175,1234
8176,1381
8177,12394
8178,5431
8179,9166
8180,4986
8181,4986
8182,17330
8183,17330
8184,8662
8185,8664
8186,20329
8187,15878
8188,6214
8189,12740
8190,20146
8191,5162
8192,215
8193,2793
8194,125
8195,17206
8196,903
8197,20608
8198,4984
8199,8201
8200,8201
8201,8201
8202,8201
8203,8203
8204,8201
8205,8201
8206,8201
8207,8208
8208,8208
8209,8208
8210,4098
8211,1337
8212,1235
8213,4984
8214,4984
8215,8217
8216,8217
8217,8217
8218,11411
8219,745
8220,8220
8221,3832
8222,1492
8223,325
8224,8224
8225,8225
8226,8225
8227,19562
8228,4994
8229,9740
8230,3683
8231,3683
8232,3683
8233,3683
8234,3683
8235,3683
8236,3683
8237,8237
8238,8238
8239,10023
8240,2891
8241,1234
8242,8242
8243,102
8244,1864
8245,618
8246,8443
8247,618
8248,1549
8249,6745
8250,5788
8251,5788
8252,5788
8253,21187
8254,9166
8255,9166
8256,9400
8257,4132
8258,3546
8259,3546
8260,3546
8261,3546
8262,3546
8263,3546
8264,3546
8265,3546
8266,3546
8267,4132
8268,3546
8269,4019
8270,8270
8271,7337
8272,4285
8273,8273
8274,17512
8275,3045
8276,6797
8277,6797
8278,6797
8279,6797
8280,6797
8281,9937
8282,15897
8283,5795
8284,15897
8285,6508
8286,19347
8287,6697
8288,6371
8289,4520
8290,14732
8291,11843
8292,15762
8293,11843
8294,5687
8295,11843
8296,2119
8297,2119
8298,2119
8299,2119
8300,2119
8301,2119
8302,2119
8303,2119
8304,2119
8305,2119
8306,2474
8307,4577
8308,8308
8309,3655
8310,6053
8311,1540
8312,16282
8313,8686
8314,2062
8315,5919
8316,9389
8317,19116
8318,13733
8319,2690
8320,1601
8321,8321
8322,2775
8323,4097
8324,4097
8325,4911
8326,6697
8327,12793
8328,17162
8329,7512
8330,16843
8331,16843
8332,16843
8333,6572
8334,7760
8335,20735
8336,745
8337,8767
8338,8767
8339,3915
8340,5525
8341,1292
8342,8342
8343,1625
8344,1625
8345,4640
8346,16822
8347,16821
8348,4014
8349,18928
8350,17330
8351,4031
8352,4031
8353,4031
8354,6700
8355,8355
8356,11674
8357,6427
8358,2550
8359,951
8360,163
8361,10326
8362,667
8363,1219
8364,8364
8365,8365
8366,2901
8367,4911
8368,126
8369,5580
8370,12362
8371,12362
8372,12362
8373,8407
8374,9166
8375,1625
8376,7165
8377,7165
8378,7165
8379,6173
8380,6173
8381,3832
8382,6173
8383,4044
8384,8384
8385,10715
8386,17330
8387,17330
8388,17330
8389,17330
8390,9445
8391,8391
8392,914
8393,1690
8394,8443
8395,1735
8396,3796
8397,5236
8398,5596
8399,8443
8400,8443
8401,7239
8402,5474
8403,96
8404,804
8405,1606
8406,384
8407,8407
8408,8407
8409,1630
8410,16268
8411,9705
8412,10560
8413,5067
8414,8414
8415,18056
8416,18056
8417,5377
8418,5377
8419,5377
8420,6226
8421,744
8422,744
8423,15667
8424,10326
8425,6568
8426,2577
8427,18444
8428,2577
8429,2896
8430,4097
8431,4098
8432,1698
8433,4286
8434,8434
8435,963
8436,972
8437,8439
8438,6665
8439,8439
8440,10760
8441,914
8442,8443
8443,8443
8444,914
8445,1933
8446,1933
8447,8447
8448,3540
8449,6697
8450,8095
8451,6697
8452,6697
8453,19388
8454,11843
8455,11843
8456,11843
8457,11843
8458,11843
8459,1500
8460,7950
8461,6572
8462,8462
8463,5640
8464,7527
8465,1339
8466,679
8467,8468
8468,8468
8469,8470
8470,8470
8471,8470
8472,261
8473,294
8474,15227
8475,8475
8476,8476
8477,4842
8478,2913
8479,4986
8480,5474
8481,5474
8482,4886
8483,18255
8484,1742
8485,5318
8486,9355
8487,2913
8488,5764
8489,15353
8490,8470
8491,5537
8492,3815
8493,5628
8494,1542
8495,8495
8496,1645
8497,5121
8498,6387
8499,17206
8500,17206
8501,17206
8502,2761
8503,17206
8504,17206
8505,17206
8506,13797
8507,13684
8508,1132
8509,1132
8510,8510
8511,906
8512,18255
8513,6371
8514,6371
8515,14732
8516,14252
8517,2548
8518,1641
8519,18937
8520,7639
8521,7337
8522,3300
8523,17366
8524,8524
8525,4560
8526,4560
8527,4560
8528,4560
8529,1585
8530,3300
8531,2888
8532,2888
8533,2888
8534,2888
8535,1730
8536,8536
8537,11411
8538,11411
8539,16068
8540,2901
8541,19122
8542,19122
8543,3911
8544,11176
8545,15517
8546,3905
8547,12259
8548,2997
8549,2997
8550,2997
8551,21054
8552,1691
8553,1691
8554,5220
8555,8640
8556,8556
8557,13733
8558,9821
8559,2119
8560,3088
8561,4028
8562,4241
8563,19325
8564,1625
8565,1927
8566,3344
8567,10326
8568,13797
8569,18928
8570,4140
8571,4138
8572,4140
8573,1558
8574,834
8575,4127
8576,4274
8577,4127
8578,903
8579,951
8580,4524
8581,951
8582,951
8583,951
8584,951
8585,951
8586,3046
8587,5919
8588,3116
8589,747
8590,747
8591,4097
8592,3008
8593,4054
8594,3956
8595,2761
8596,5300
8597,4034
8598,9355
8599,4034
8600,1585
8601,4034
8602,5043
8603,20802
8604,11176
8605,5043
8606,2276
8607,1829
8608,5043
8609,20802
8610,5043
8611,5043
8612,4241
8613,1818
8614,367
8615,19116
8616,19116
8617,19116
8618,8618
8619,7543
8620,3540
8621,417
8622,19787
8623,15897
8624,8624
8625,13797
8626,13797
8627,4843
8628,8443
8629,5580
8630,12627
8631,3476
8632,3683
8633,1625
8634,4418
8635,63
8636,7670
8637,8618
8638,5051
8639,3242
8640,8640
8641,1012
8642,5300
8643,4447
8644,3930
8645,14252
8646,5321
8647,8273
8648,8273
8649,28
8650,3332
8651,2821
8652,9140
8653,159
8654,7950
8655,4202
8656,4202
8657,4202
8658,4652
8659,4994
8660,8660
8661,8661
8662,8662
8663,8662
8664,8664
8665,5992
8666,9705
8667,8667
8668,4822
8669,2153
8670,1167
8671,3047
8672,232
8673,232
8674,232
8675,232
8676,232
8677,1234
8678,6151
8679,1234
8680,1234
8681,1234
8682,7081
8683,7081
8684,6422
8685,2164
8686,8686
8687,8686
8688,8407
8689,5875
8690,11273
8691,1238
8692,518
8693,20802
8694,6797
8695,6797
8696,6797
8697,6797
8698,3045
8699,6797
8700,6797
8701,6797
8702,9151
8703,5875
8704,4141
8705,5875
8706,4259
8707,4259
8708,7239
8709,3092
8710,1594
8711,2813
8712,636
8713,17809
8714,9391
8715,3914
8716,3108
8717,5740
8718,3108
8719,8384
8720,9399
8721,1735
8722,8722
8723,1777
8724,13797
8725,4285
8726,16843
8727,1045
8728,656
8729,13475
8730,8662
8731,1045
8732,656
8733,1863
8734,951
8735,20857
8736,28
8737,17330
8738,5542
8739,18928
8740,17330
8741,17330
8742,5542
8743,4138
8744,5542
8745,20410
8746,8746
8747,21223
8748,1594
8749,9391
8750,1933
8751,11176
8752,3108
8753,8753
8754,16802
8755,7499
8756,951
8757,6700
8758,5321
8759,12494
8760,10141
8761,2050
8762,7480
8763,17206
8764,19198
8765,5236
8766,3915
8767,8767
8768,8768
8769,11176
8770,11176
8771,11176
8772,11176
8773,4771
8774,15897
8775,17206
8776,1300
8777,20886
8778,13797
8779,13797
8780,7212
8781,21187
8782,15897
8783,8783
8784,13856
8785,13856
8786,13856
8787,13856
8788,13856
8789,13856
8790,15397
8791,825
8792,825
8793,825
8794,825
8795,4028
8796,14475
8797,7956
8798,6607
8799,6607
8800,6607
8801,6607
8802,6607
8803,7165
8804,7165
8805,7165
8806,1076
8807,1076
8808,1076
8809,18466
8810,2373
8811,3045
8812,17206
8813,18466
8814,18466
8815,5683
8816,2070
8817,15353
8818,11957
8819,914
8820,1785
8821,8821
8822,8821
8823,679
8824,20857
8825,5239
8826,2050
8827,6080
8828,1674
8829,3046
8830,1234
8831,5875
8832,5875
8833,1167
8834,1234
8835,1234
8836,3549
8837,5162
8838,20146
8839,1089
8840,1089
8841,1089
8842,6700
8843,744
8844,539
8845,7956
8846,4843
8847,4843
8848,14695
8849,3045
8850,277
8851,5463
8852,2160
8853,8853
8854,1460
8855,3344
8856,5205
8857,402
8858,11406
8859,6656
8860,18081
8861,4652
8862,3475
8863,5741
8864,16802
8865,16802
8866,5741
8867,9394
8868,5992
8869,2451
8870,10326
8871,3544
8872,1089
8873,10761
8874,8439
8875,1735
8876,1794
8877,8877
8878,7523
8879,1612
8880,20274
8881,7437
8882,208
8883,5452
8884,17206
8885,9002
8886,9002
8887,3658
8888,9166
8889,1492
8890,17330
8891,18928
8892,15897
8893,13693
8894,8686
8895,16789
8896,17206
8897,17206
8898,2578
8899,2947
8900,2947
8901,1585
8902,4014
8903,5556
8904,5556
8905,6579
8906,11843
8907,1292
8908,6567
8909,844
8910,844
8911,5162
8912,5162
8913,8662
8914,1594
8915,5917
8916,1465
8917,1465
8918,744
8919,744
8920,744
8921,518
8922,5377
8923,16824
8924,16824
8925,20326
8926,20326
8927,2725
8928,8928
8929,1475
8930,20410
8931,13975
8932,2365
8933,5469
8934,8217
8935,2645
8936,4300
8937,8937
8938,2768
8939,2768
8940,1794
8941,7337
8942,7639
8943,1674
8944,7123
8945,8945
8946,1745
8947,8947
8948,8948
8949,14233
8950,8273
8951,14233
8952,1770
8953,8273
8954,4157
8955,4157
8956,4157
8957,4157
8958,745
8959,4157
8960,4157
8961,4157
8962,4157
8963,4157
8964,4157
8965,4157
8966,5741
8967,1973
8968,5740
8969,5741
8970,5740
8971,5741
8972,5741
8973,6877
8974,7760
8975,15897
8976,2304
8977,1558
8978,730
8979,1796
8980,20274
8981,16068
8982,3186
8983,458
8984,4408
8985,2050
8986,8986
8987,5431
8988,5431
8989,9720
8990,8990
8991,5051
8992,7512
8993,2633
8994,7512
8995,951
8996,951
8997,8997
8998,8997
8999,20410
9000,6607
9001,6607
9002,9002
9003,5640
9004,10634
9005,13980
9006,1625
9007,5225
9008,4259
9009,4259
9010,4259
9011,1698
9012,8664
9013,9013
9014,9014
9015,8664
9016,9016
9017,8928
9018,5917
9019,5917
9020,6797
9021,6797
9022,13693
9023,13693
9024,6797
9025,5431
9026,844
9027,5851
9028,4098
9029,2196
9030,1089
9031,1089
9032,5764
9033,6508
9034,6508
9035,6508
9036,4520
9037,5236
9038,4376
9039,3915
9040,3475
9041,1460
9042,1534
9043,11674
9044,6151
9045,11273
9046,11273
9047,1234
9048,2191
9049,2191
9050,11674
9051,12128
9052,9052
9053,17809
9054,1558
9055,17809
9056,17809
9057,1625
9058,16824
9059,16822
9060,16822
9061,744
9062,4790
9063,458
9064,6579
9065,6579
9066,11843
9067,11843
9068,4986
9069,4809
9070,1219
9071,2690
9072,2690
9073,1729
9074,5431
9075,8217
9076,9076
9077,6572
9078,5875
9079,5875
9080,11668
9081,7081
9082,5875
9083,4141
9084,1558
9085,19128
9086,20267
9087,5245
9088,5245
9089,16764
9090,1235
9091,2191
9092,5977
9093,16768
9094,6797
9095,842
9096,18466
9097,18478
9098,18478
9099,5463
9100,5321
9101,4495
9102,6515
9103,2578
9104,9104
9105,9399
9106,9106
9107,2997
9108,4843
9109,5917
9110,9110
9111,6077
9112,5687
9113,1500
9114,18836
9115,3046
9116,3046
9117,5004
9118,3046
9119,2764
9120,2050
9121,2050
9122,2050
9123,7208
9124,951
9125,2050
9126,4495
9127,4127
9128,5977
9129,7979
9130,3678
9131,7760
9132,900
9133,2578
9134,2578
9135,1507
9136,9972
9137,9137
9138,9138
9139,9140
9140,9140
9141,20600
9142,13797
9143,1465
9144,1030
9145,57
9146,9146
9147,12447
9148,4300
9149,1500
9150,4724
9151,9151
9152,16793
9153,2664
9154,6932
9155,4495
9156,4332
9157,232
9158,9851
9159,8144
9160,8144
9161,8144
9162,3786
9163,1829
9164,13733
9165,13733
9166,9166
9167,453
9168,1786
9169,1558
9170,4441
9171,14695
9172,11254
9173,2550
9174,2550
9175,21187
9176,5474
9177,5474
9178,3802
9179,5205
9180,579
9181,14630
9182,14630
9183,9183
9184,4044
9185,4044
9186,4044
9187,4044
9188,2496
9189,9189
9190,4907
9191,6207
9192,6207
9193,6697
9194,6207
9195,1630
9196,1630
9197,16268
9198,4654
9199,8524
9200,9200
9201,12250
9202,4098
9203,1782
9204,15897
9205,7239
9206,9207
9207,9207
9208,4424
9209,20802
9210,9397
9211,6579
9212,5977
9213,14410
9214,16289
9215,16618
9216,10206
9217,6080
9218,6080
9219,6080
9220,6697
9221,1234
9222,2454
9223,1234
9224,1234
9225,1234
9226,1234
9227,1234
9228,1234
9229,1234
9230,1234
9231,1234
9232,9232
9233,5463
9234,11674
9235,7081
9236,2191
9237,5875
9238,5875
9239,7081
9240,7979
9241,7979
9242,16068
9243,4984
9244,11411
9245,5099
9246,7979
9247,17809
9248,4886
9249,4098
9250,2695
9251,2050
9252,4495
9253,14475
9254,5740
9255,2349
9256,951
9257,951
9258,951
9259,21187
9260,21187
9261,20631
9262,21187
9263,21187
9264,11176
9265,539
9266,11273
9267,11843
9268,19279
9269,8217
9270,6390
9271,6390
9272,16143
9273,16143
9274,4652
9275,4792
9276,1500
9277,9277
9278,11411
9279,3332
9280,1089
9281,20608
9282,1089
9283,3332
9284,1625
9285,3786
9286,17512
9287,5596
9288,1076
9289,5596
9290,18244
9291,5875
9292,4952
9293,9293
9294,5515
9295,126
9296,5205
9297,4031
9298,5431
9299,7165
9300,3246
9301,4408
9302,4408
9303,4408
9304,2340
9305,789
9306,789
9307,6224
9308,2725
9309,7527
9310,539
9311,14475
9312,5851
9313,5580
9314,5056
9315,8462
9316,7212
9317,5875
9318,3915
9319,15897
9320,5556
9321,3344
9322,5507
9323,1458
9324,518
9325,518
9326,518
9327,5875
9328,1698
9329,1510
9330,4044
9331,11668
9332,2775
9333,2180
9334,5875
9335,1234
9336,1234
9337,5875
9338,7206
9339,7206
9340,1641
9341,6210
9342,3911
9343,163
9344,163
9345,4447
9346,10746
9347,2236
9348,1729
9349,2913
9350,6204
9351,2913
9352,5318
9353,9355
9354,5318
9355,9355
9356,9355
9357,9355
9358,764
9359,5318
9360,5318
9361,760
9362,760
9363,5318
9364,5318
9365,16278
9366,9366
9367,4014
9368,4014
9369,17458
9370,17206
9371,17206
9372,5043
9373,539
9374,20348
9375,1785
9376,6499
9377,1465
9378,1475
9379,16093
9380,852
9381,852
9382,3476
9383,6498
9384,1826
9385,9385
9386,9386
9387,9387
9388,9388
9389,9389
9390,9390
9391,9391
9392,10326
9393,9393
9394,9394
9395,9395
9396,9396
9397,9397
9398,9398
9399,9399
9400,9400
9401,1852
9402,4279
9403,1852
9404,4127
9405,7639
9406,16282
9407,1745
9408,9408
9409,7081
9410,7081
9411,951
9412,7256
9413,125
9414,1234
9415,16249
9416,757
9417,8443
9418,8443
9419,18519
9420,18519
9421,18519
9422,18519
9423,9423
9424,14306
9425,14306
9426,11406
9427,11406
9428,16802
9429,8273
9430,9430
9431,9430
9432,3046
9433,4202
9434,10078
9435,8997
9436,8225
9437,656
9438,9438
9439,1371
9440,125
9441,7877
9442,2901
9443,2901
9444,2901
9445,9445
9446,2690
9447,15897
9448,15897
9449,4447
9450,10326
9451,9451
9452,15229
9453,8225
9454,18137
9455,18137
9456,18137
9457,18137
9458,18137
9459,1465
9460,5657
9461,842
9462,9462
9463,8384
9464,4999
9465,4408
9466,7512
9467,539
9468,163
9469,163
9470,163
9471,163
9472,3915
9473,17366
9474,4141
9475,2793
9476,2821
9477,4028
9478,2821
9479,5537
9480,9720
9481,6038
9482,7165
9483,3544
9484,1670
9485,8997
9486,3995
9487,3683
9488,3546
9489,8238
9490,14800
9491,18466
9492,5169
9493,7239
9494,1527
9495,9495
9496,4495
9497,4495
9498,6580
9499,71
9500,17512
9501,6797
9502,3045
9503,6797
9504,3045
9505,9505
9506,10326
9507,19199
9508,9393
9509,6060
9510,6060
9511,6609
9512,305
9513,2172
9514,4640
9515,1337
9516,4044
9517,13692
9518,4809
9519,8495
9520,8495
9521,6697
9522,6697
9523,5220
9524,3167
9525,4187
9526,9355
9527,2633
9528,1126
9529,1367
9530,7206
9531,5732
9532,1558
9533,1558
9534,17206
9535,1674
9536,5580
9537,5580
9538,14732
9539,5580
9540,5580
9541,951
9542,951
9543,5051
9544,5474
9545,3911
9546,19369
9547,4040
9548,6060
9549,1864
9550,4790
9551,5469
9552,5469
9553,5469
9554,16793
9555,3995
9556,3995
9557,3995
9558,2160
9559,16793
9560,12494
9561,1630
9562,15897
9563,1376
9564,208
9565,3544
9566,3544
9567,6371
9568,1460
9569,17458
9570,951
9571,3167
9572,3167
9573,15897
9574,554
9575,11176
9576,1358
9577,1540
9578,19854
9579,9580
9580,9580
9581,4014
9582,2547
9583,2547
9584,11843
9585,9585
9586,1793
9587,15667
9588,4202
9589,6580
9590,5463
9591,744
9592,2153
9593,9966
9594,1292
9595,1475
9596,14140
9597,9386
9598,921
9599,4495
9600,1625
9601,10835
9602,5928
9603,4520
9604,15897
9605,2547
9606,21033
9607,20600
9608,17206
9609,20274
9610,13797
9611,4984
9612,4424
9613,6568
9614,1612
9615,1612
9616,1612
9617,3045
9618,5507
9619,5683
9620,5830
9621,9621
9622,5004
9623,13980
9624,12128
9625,8475
9626,2866
9627,8443
9628,5133
9629,579
9630,1542
9631,10102
9632,5306
9633,900
9634,79
9635,3986
9636,5129
9637,3683
9638,125
9639,424
9640,4034
9641,3995
9642,1782
9643,2547
9644,4259
9645,17206
9646,2309
9647,4259
9648,1073
9649,4424
9650,8006
9651,4809
9652,1625
9653,4044
9654,1390
9655,19734
9656,1625
9657,5788
9658,9658
9659,1134
9660,19374
9661,11406
9662,2172
9663,19529
9664,5640
9665,19529
9666,9666
9667,1794
9668,1794
9669,9669
9670,10579
9671,10579
9672,6600
9673,561
9674,5129
9675,5129
9676,6797
9677,5129
9678,3683
9679,3683
9680,3683
9681,313
9682,1041
9683,2848
9684,1763
9685,2044
9686,20271
9687,3046
9688,9688
9689,9689
9690,4408
9691,4098
9692,5446
9693,5377
9694,5377
9695,1558
9696,844
9697,2850
9698,2850
9699,3475
9700,7165
9701,2160
9702,9702
9703,9703
9704,9704
9705,9705
9706,7256
9707,6700
9708,6700
9709,514
9710,514
9711,9711
9712,9712
9713,9713
9714,9720
9715,2725
9716,9713
9717,9991
9718,9991
9719,3534
9720,9720
9721,11683
9722,5928
9723,9723
9724,1677
9725,9725
9726,1793
9727,13694
9728,4994
9729,4994
9730,9730
9731,13797
9732,9732
9733,5640
9734,5640
9735,9735
9736,9966
9737,4819
9738,208
9739,9739
9740,9740
9741,9740
9742,9740
9743,9743
9744,9744
9745,9745
9746,9746
9747,9747
9748,9801
9749,1611
9750,9750
9751,9751
9752,9752
9753,9753
9754,9754
9755,9755
9756,9756
9757,9757
9758,9758
9759,9759
9760,16093
9761,11273
9762,5875
9763,9765
9764,3772
9765,9765
9766,6011
9767,1692
9768,12394
9769,1549
9770,2172
9771,679
9772,9772
9773,6656
9774,5764
9775,2344
9776,2775
9777,5732
9778,3373
9779,9387
9780,10326
9781,9399
9782,4668
9783,2633
9784,9784
9785,3762
9786,1115
9787,5309
9788,3216
9789,9789
9790,7256
9791,10140
9792,7256
9793,9793
9794,7256
9795,6704
9796,9796
9797,8468
9798,13856
9799,2294
9800,9800
9801,9801
9802,9802
9803,20146
9804,10415
9805,9805
9806,6422
9807,4999
9808,1219
9809,9809
9810,9810
9811,9811
9812,4994
9813,4994
9814,4994
9815,4994
9816,10274
9817,10273
9818,10274
9819,1852
9820,1852
9821,9821
9822,6224
9823,1134
9824,539
9825,294
9826,9826
9827,9871
9828,9871
9829,9829
9830,5515
9831,6873
9832,7052
9833,554
9834,3915
9835,7760
9836,7760
9837,11406
9838,679
9839,7081
9840,1167
9841,1134
9842,7527
9843,7527
9844,679
9845,1132
9846,19374
9847,679
9848,5788
9849,9821
9850,9850
9851,9851
9852,12350
9853,19880
9854,19372
9855,9389
9856,21187
9857,21187
9858,21187
9859,21223
9860,5844
9861,5844
9862,4994
9863,2695
9864,3768
9865,3768
9866,3768
9867,338
9868,5610
9869,9869
9870,9870
9871,9871
9872,4748
9873,9873
9874,9874
9875,493
9876,3807
9877,4984
9878,11411
9879,2901
9880,4424
9881,7512
9882,7512
9883,2761
9884,8524
9885,2598
9886,2598
9887,1045
9888,227
9889,9889
9890,9890
9891,9389
9892,9892
9893,18899
9894,1115
9895,9895
9896,10651
9897,9897
9898,9898
9899,5463
9900,1944
9901,7052
9902,4701
9903,2070
9904,6579
9905,3544
9906,9906
9907,9907
9908,9908
9909,9394
9910,1944
9911,1944
9912,1944
9913,11775
9914,458
9915,1089
9916,887
9917,10579
9918,10579
9919,458
9920,9920
9921,1625
9922,9922
9923,14140
9924,4999
9925,9925
9926,1612
9927,1339
9928,19127
9929,1625
9930,1641
9931,6797
9932,6797
9933,6797
9934,9937
9935,9937
9936,9937
9937,9937
9938,6797
9939,13693
9940,9937
9941,6797
9942,13693
9943,13693
9944,9937
9945,6797
9946,6797
9947,6797
9948,6797
9949,6797
9950,6797
9951,6797
9952,6797
9953,6797
9954,6797
9955,6797
9956,6797
9957,6797
9958,6797
9959,679
9960,4640
9961,1909
9962,453
9963,2866
9964,11406
9965,7671
9966,9966
9967,2206
9968,2206
9969,5004
9970,951
9971,6371
9972,9972
9973,11843
9974,11843
9975,11843
9976,1500
9977,3758
9978,19374
9979,3498
9980,1558
9981,1625
9982,2153
9983,4408
9984,9984
9985,9985
9986,9986
9987,9987
9988,9991
9989,9991
9990,3595
9991,9991
9992,1742
9993,9993
9994,4661
9995,1558
9996,4181
9997,951
9998,951
9999,951
10000,951
10001,10001
10002,5306
10003,227
10004,4447
10005,3807
10006,5431
10007,3807
10008,3807
10009,2850
10010,3807
10011,3807
10012,2850
10013,3807
10014,2850
10015,2850
10016,7886
10017,1234
10018,1234
10019,1235
10020,7052
10021,4701
10022,745
10023,10023
10024,15897
10025,887
10026,7499
10027,7499
10028,17206
10029,2901
10030,7180
10031,6607
10032,14773
10033,6607
10034,9821
10035,9821
10036,3807
10037,9399
10038,1089
10039,1089
10040,10040
10041,5764
10042,4661
10043,6932
10044,10140
10045,951
10046,951
10047,951
10048,1126
10049,1126
10050,1126
10051,7886
10052,4441
10053,9705
10054,15897
10055,17206
10056,15897
10057,6797
10058,17206
10059,15897
10060,7208
10061,10061
10062,1260
10063,10063
10064,3787
10065,1477
10066,1477
10067,6397
10068,7527
10069,7337
10070,10070
10071,232
10072,10127
10073,1852
10074,1852
10075,2070
10076,125
10077,10077
10078,10078
10079,10079
10080,15897
10081,2793
10082,15897
10083,6077
10084,10140
10085,5239
10086,1826
10087,6080
10088,5004
10089,3047
10090,3047
10091,3796
10092,15897
10093,2784
10094,5463
10095,3995
10096,5220
10097,16810
10098,6722
10099,16810
10100,10100
10101,1705
10102,10102
10103,71
10104,191
10105,191
10106,191
10107,5043
10108,10108
10109,10109
10110,10110
10111,19357
10112,2474
10113,2474
10114,1625
10115,12297
10116,19529
10117,5875
10118,163
10119,1852
10120,7956
10121,7956
10122,10122
10123,10123
10124,10326
10125,3768
10126,10126
10127,10127
10128,1698
10129,8273
10130,8273
10131,4790
10132,232
10133,748
10134,305
10135,11411
10136,4986
10137,6700
10138,3344
10139,3438
10140,10140
10141,10141
10142,10141
10143,6080
10144,10144
10145,14579
10146,13679
10147,579
10148,6665
10149,4725
10150,736
10151,20802
10152,9389
10153,141
10154,9399
10155,6873
10156,13733
10157,6873
10158,6873
10159,6873
10160,6873
10161,15430
10162,19854
10163,19854
10164,19213
10165,9387
10166,14310
10167,14310
10168,20802
10169,14306
10170,14310
10171,14306
10172,14306
10173,14306
10174,21187
10175,10175
10176,3046
10177,5525
10178,5121
10179,15897
10180,2793
10181,6931
10182,125
10183,4984
10184,914
10185,10185
10186,10186
10187,4560
10188,9399
10189,1594
10190,1594
10191,1594
10192,2695
10193,2901
10194,5070
10195,8443
10196,16605
10197,2119
10198,2119
10199,5306
10200,2119
10201,15164
10202,3378
10203,7298
10204,7360
10205,95
10206,10206
10207,10207
10208,1292
10209,133
10210,16939
10211,5875
10212,4141
10213,4141
10214,4141
10215,4141
10216,7877
10217,4332
10218,7877
10219,7877
10220,1126
10221,2191
10222,7081
10223,11668
10224,2523
10225,1549
10226,1433
10227,10227
10228,594
10229,13036
10230,2383
10231,8997
10232,3569
10233,1865
10234,5022
10235,5023
10236,5023
10237,16802
10238,16802
10239,16802
10240,16802
10241,8102
10242,3914
10243,16729
10244,10244
10245,9821
10246,10246
10247,10247
10248,5306
10249,10249
10250,9732
10251,10251
10252,9399
10253,4044
10254,638
10255,6371
10256,1690
10257,10257
10258,10258
10259,1234
10260,1234
10261,1234
10262,1167
10263,1167
10264,1167
10265,1167
10266,656
10267,2044
10268,1423
10269,6387
10270,17512
10271,5225
10272,11406
10273,10273
10274,10274
10275,4098
10276,4098
10277,2821
10278,12297
10279,10682
10280,2101
10281,6607
10282,10682
10283,6607
10284,9400
10285,10285
10286,10286
10287,7989
10288,7989
10289,5875
10290,7989
10291,11273
10292,7989
10293,7989
10294,6151
10295,5875
10296,1234
10297,1234
10298,7989
10299,1234
10300,2633
10301,7877
10302,2633
10303,20423
10304,16824
10305,16824
10306,5207
10307,15282
10308,15282
10309,2605
10310,19198
10311,7512
10312,10312
10313,10313
10314,1742
10315,3595
10316,10316
10317,10317
10318,10318
10319,10319
10320,951
10321,951
10322,3914
10323,1477
10324,454
10325,2291
10326,10326
10327,9732
10328,6572
10329,7979
10330,15897
10331,4127
10332,9387
10333,9387
10334,9387
10335,9387
10336,9387
10337,2401
10338,10109
10339,4495
10340,4495
10341,951
10342,5527
10343,15897
10344,10344
10345,10345
10346,9398
10347,12350
10348,10560
10349,3385
10350,1477
10351,5507
10352,6680
10353,1185
10354,3162
10355,5132
10356,4640
10357,5596
10358,5596
10359,5596
10360,7979
10361,4044
10362,4986
10363,1155
10364,20802
10365,15878
10366,8128
10367,6797
10368,6797
10369,6797
10370,6797
10371,6797
10372,6797
10373,6797
10374,6797
10375,9937
10376,6797
10377,6797
10378,6797
10379,6797
10380,6797
10381,6797
10382,3658
10383,9720
10384,4285
10385,9720
10386,9720
10387,9386
10388,8225
10389,934
10390,8225
10391,8225
10392,3088
10393,18640
10394,18721
10395,15259
10396,9394
10397,13733
10398,10326
10399,12394
10400,4279
10401,8945
10402,13975
10403,5322
10404,8391
10405,5580
10406,17109
10407,15897
10408,11843
10409,5687
10410,7337
10411,10411
10412,3683
10413,3340
10414,10414
10415,10415
10416,16824
10417,16822
10418,10418
10419,10419
10420,10420
10421,811
10422,458
10423,12128
10424,1641
10425,6060
10426,6580
10427,1625
10428,1852
10429,951
10430,3807
10431,7527
10432,7527
10433,11406
10434,3300
10435,3762
10436,10436
10437,7298
10438,14252
10439,5634
10440,2793
10441,29
10442,1933
10443,10274
10444,3768
10445,963
10446,1041
10447,6873
10448,9705
10449,16802
10450,16802
10451,16802
10452,11668
10453,6164
10454,15897
10455,15897
10456,2913
10457,86
10458,515
10459,7670
10460,358
10461,656
10462,1536
10463,6170
10464,5469
10465,4202
10466,4202
10467,4202
10468,6580
10469,1527
10470,11406
10471,11406
10472,11406
10473,3352
10474,9972
10475,3352
10476,539
10477,8476
10478,9759
10479,8391
10480,15897
10481,17206
10482,21027
10483,9016
10484,15897
10485,514
10486,4745
10487,8624
10488,1465
10489,1465
10490,1477
10491,10491
10492,9399
10493,9759
10494,20802
10495,2062
10496,4393
10497,3332
10498,5457
10499,1492
10500,10500
10501,7461
10502,10503
10503,10503
10504,7461
10505,21187
10506,17809
10507,28
10508,1339
10509,3807
10510,19459
10511,19122
10512,19781
10513,19781
10514,3092
10515,19781
10516,19781
10517,20802
10518,1770
10519,11176
10520,1770
10521,13856
10522,13856
10523,9398
10524,19781
10525,1770
10526,9398
10527,1645
10528,9711
10529,7337
10530,7239
10531,2550
10532,20631
10533,9389
10534,4640
10535,9399
10536,14619
10537,10537
10538,6498
10539,11406
10540,10540
10541,2070
10542,21027
10543,3494
10544,163
10545,4098
10546,4098
10547,19787
10548,10537
10549,17512
10550,1796
10551,3242
10552,19443
10553,19443
10554,19443
10555,125
10556,10556
10557,3911
10558,3911
10559,3911
10560,10560
10561,3300
10562,7512
10563,10563
10564,6697
10565,6697
10566,12793
10567,5220
10568,5220
10569,4496
10570,10570
10571,10570
10572,4031
10573,10576
10574,10576
10575,10575
10576,10576
10577,10577
10578,3385
10579,10579
10580,3595
10581,3300
10582,4300
10583,10583
10584,8997
10585,5580
10586,2690
10587,1601
10588,6797
10589,7639
10590,2690
10591,2690
10592,2690
10593,2690
10594,2690
10595,2690
10596,6373
10597,15897
10598,6373
10599,7639
10600,7639
10601,6373
10602,15897
10603,15897
10604,5796
10605,5318
10606,9355
10607,3772
10608,10761
10609,3242
10610,5580
10611,5239
10612,6496
10613,6697
10614,5205
10615,4790
10616,9720
10617,7298
10618,18244
10619,7298
10620,11843
10621,17206
10622,804
10623,10418
10624,21049
10625,10625
10626,18444
10627,19745
10628,68
10629,3905
10630,636
10631,935
10632,1195
10633,2725
10634,10634
10635,11406
10636,10636
10637,3911
10638,2695
10639,18836
10640,5463
10641,5087
10642,13036
10643,5306
10644,4141
10645,9394
10646,11668
10647,11668
10648,11668
10649,15762
10650,8201
10651,10651
10652,14732
10653,2206
10654,8476
10655,5764
10656,744
10657,4054
10658,5992
10659,4524
10660,5542
10661,4140
10662,4044
10663,17206
10664,1155
10665,9991
10666,7461
10667,7461
10668,4994
10669,5580
10670,10670
10671,10671
10672,17512
10673,17512
10674,2013
10675,6579
10676,1558
10677,1492
10678,1558
10679,638
10680,4286
10681,6607
10682,10682
10683,9399
10684,12523
10685,12523
10686,1796
10687,5023
10688,4202
10689,470
10690,5245
10691,9759
10692,9784
10693,9759
10694,5469
10695,5469
10696,1167
10697,5844
10698,21175
10699,21223
10700,21223
10701,21187
10702,21223
10703,21187
10704,1076
10705,16789
10706,636
10707,636
10708,1089
10709,1927
10710,951
10711,4418
10712,9713
10713,2888
10714,2721
10715,10715
10716,2101
10717,2101
10718,6151
10719,606
10720,8152
10721,1625
10722,1558
10723,5245
10724,5245
10725,5245
10726,5457
10727,10727
10728,1197
10729,1089
10730,9399
10731,2901
10732,1012
10733,4031
10734,2458
10735,28
10736,844
10737,5875
10738,11273
10739,1458
10740,1458
10741,1260
10742,15353
10743,1260
10744,4994
10745,10745
10746,10746
10747,5431
10748,3092
10749,2044
10750,2172
10751,11406
10752,6700
10753,1254
10754,1698
10755,1688
10756,1688
10757,1688
10758,16843
10759,8201
10760,10760
10761,10761
10762,4984
10763,4984
10764,2901
10765,5275
10766,6781
10767,7256
10768,9821
10769,7256
10770,7256
10771,9821
10772,951
10773,2401
10774,4408
10775,4408
10776,2401
10777,2725
10778,10778
10779,15164
10780,18646
10781,15164
10782,15164
10783,15164
10784,745
10785,3475
10786,5740
10787,16068
10788,4986
10789,5977
10790,4809
10791,5121
10792,2864
10793,5474
10794,7499
10795,8208
10796,745
10797,4999
10798,8152
10799,6873
10800,1376
10801,2901
10802,6582
10803,10804
10804,10804
10805,4907
10806,10806
10807,4487
10808,16824
10809,1914
10810,19128
10811,16802
10812,20267
10813,1126
10814,9355
10815,10815
10816,16278
10817,4441
10818,16278
10819,16278
10820,4441
10821,3167
10822,7081
10823,1496
10824,11843
10825,10825
10826,19459
10827,7461
10828,7877
10829,10829
10830,3857
10831,2070
10832,15353
10833,1944
10834,1735
10835,10835
10836,5239
10837,20802
10838,7420
10839,9399
10840,9386
10841,539
10842,4559
10843,5469
10844,1496
10845,16824
10846,16824
10847,4127
10848,5740
10849,3906
10850,5796
10851,7478
10852,3768
10853,3768
10854,3768
10855,3768
10856,3768
10857,3768
10858,16029
10859,7239
10860,7499
10861,8201
10862,20254
10863,2864
10864,3494
10865,163
10866,163
10867,5431
10868,3344
10869,3300
10870,20271
10871,1292
10872,3768
10873,5300
10874,6371
10875,6371
10876,9705
10877,2454
10878,10109
10879,3905
10880,579
10881,21049
10882,18466
10883,10883
10884,10883
10885,3807
10886,3656
10887,18478
10888,15897
10889,125
10890,1260
10891,951
10892,5917
10893,2901
10894,9711
10895,13797
10896,4549
10897,10897
10898,19504
10899,305
10900,10900
10901,10901
10902,7886
10903,4279
10904,12627
10905,12627
10906,12627
10907,13797
10908,8821
10909,946
10910,3914
10911,7206
10912,789
10913,19374
10914,5788
10915,679
10916,4640
10917,6151
10918,6151
10919,1625
10920,6629
10921,13347
10922,13347
10923,8018
10924,6498
10925,6498
10926,3768
10927,4120
10928,5431
10929,1076
10930,1796
10931,2601
10932,4994
10933,232
10934,1510
10935,9732
10936,1185
10937,3352
10938,17206
10939,8722
10940,13797
10941,2070
10942,1261
10943,6455
10944,8997
10945,8997
10946,9398
10947,539
10948,5507
10949,266
10950,6931
10951,2050
10952,18935
10953,10953
10954,6210
10955,2793
10956,1182
10957,4332
10958,4332
10959,7877
10960,9937
10961,920
10962,6038
10963,14140
10964,14140
10965,5740
10966,20324
10967,3494
10968,1234
10969,1818
10970,8664
10971,4984
10972,2349
10973,2349
10974,3045
10975,3045
10976,3045
10977,13675
10978,13675
10979,6130
10980,1167
10981,6573
10982,5300
10983,5880
10984,7499
10985,10804
10986,8018
10987,8468
10988,10988
10989,10988
10990,1234
10991,6745
10992,14475
10993,2164
10994,2164
10995,7512
10996,1594
10997,1594
10998,4441
10999,7979
11000,7979
11001,8664
11002,4994
11003,5527
11004,2601
11005,2601
11006,1089
11007,5205
11008,5205
11009,5580
11010,388
11011,1089
11012,8156
11013,951
11014,6080
11015,12771
11016,17206
11017,4520
11018,1134
11019,6011
11020,6011
11021,11021
11022,17106
11023,11024
11024,11024
11025,2997
11026,7206
11027,5463
11028,6582
11029,14252
11030,5463
11031,6060
11032,2997
11033,8439
11034,4120
11035,19880
11036,1076
11037,1625
11038,17948
11039,1089
11040,2180
11041,6568
11042,449
11043,2050
11044,6722
11045,12221
11046,7206
11047,3242
11048,3332
11049,3475
11050,8225
11051,18192
11052,5207
11053,3046
11054,4520
11055,951
11056,11056
11057,19357
11058,2725
11059,2725
11060,5431
11061,208
11062,4524
11063,1167
11064,5875
11065,11674
11066,9972
11067,1975
11068,5740
11069,8439
11070,4984
11071,5275
11072,5275
11073,17512
11074,4424
11075,4993
11076,417
11077,15517
11078,3802
11079,4668
11080,16278
11081,17535
11082,12128
11083,11176
11084,11176
11085,11176
11086,6656
11087,1927
11088,4999
11089,20274
11090,11090
11091,11091
11092,7337
11093,7337
11094,17206
11095,163
11096,163
11097,163
11098,163
11099,10415
11100,927
11101,5875
11102,1235
11103,16068
11104,5275
11105,11411
11106,18444
11107,7399
11108,1863
11109,11109
11110,3438
11111,11111
11112,4285
11113,9720
11114,10778
11115,3344
11116,3438
11117,1132
11118,7337
11119,2153
11120,2153
11121,5309
11122,11122
11123,844
11124,1909
11125,3108
11126,9399
11127,11127
11128,11128
11129,5764
11130,4098
11131,3344
11132,10537
11133,10537
11134,7081
11135,11668
11136,1167
11137,7081
11138,6151
11139,3966
11140,3758
11141,3758
11142,2119
11143,2119
11144,2119
11145,2119
11146,2119
11147,2562
11148,3116
11149,3344
11150,4911
11151,2866
11152,2866
11153,3683
11154,5542
11155,5732
11156,17809
11157,1558
11158,17809
11159,17809
11160,1836
11161,163
11162,163
11163,5580
11164,11164
11165,4984
11166,218
11167,2050
11168,951
11169,951
11170,951
11171,6700
11172,6873
11173,7979
11174,5917
11175,11176
11176,11176
11177,1417
11178,9713
11179,2725
11180,5132
11181,19854
11182,4279
11183,19459
11184,19459
11185,951
11186,2793
11187,19459
11188,1111
11189,19459
11190,11775
11191,19459
11192,19459
11193,4279
11194,951
11195,4364
11196,203
11197,15897
11198,2793
11199,3772
11200,1606
11201,7263
11202,358
11203,358
11204,1465
11205,8443
11206,4724
11207,2633
11208,6371
11209,6371
11210,6371
11211,6371
11212,6371
11213,6371
11214,6722
11215,6722
11216,1492
11217,5240
11218,5240
11219,2695
11220,7256
11221,5309
11222,6759
11223,8767
11224,12526
11225,3494
11226,15696
11227,163
11228,163
11229,15696
11230,163
11231,3915
11232,7206
11233,4377
11234,1018
11235,4524
11236,7206
11237,6060
11238,4300
11239,8686
11240,12385
11241,1136
11242,2793
11243,17206
11244,17206
11245,8997
11246,8997
11247,8997
11248,9389
11249,8997
11250,8997
11251,6007
11252,9580
11253,11254
11254,11254
11255,9713
11256,2725
11257,4127
11258,3768
11259,16289
11260,20284
11261,6060
11262,5377
11263,3092
11264,1302
11265,1577
11266,1540
11267,1575
11268,951
11269,951
11270,3300
11271,1542
11272,12128
11273,11273
11274,8439
11275,2784
11276,11276
11277,12128
11278,11273
11279,11273
11280,11273
11281,11273
11282,11273
11283,11674
11284,4141
11285,11674
11286,14732
11287,6207
11288,19374
11289,232
11290,6697
11291,6600
11292,1625
11293,12447
11294,18192
11295,18192
11296,6387
11297,266
11298,1475
11299,16802
11300,8439
11301,9399
11302,1975
11303,1975
11304,12868
11305,232
11306,18056
11307,8006
11308,4809
11309,8225
11310,1089
11311,3475
11312,17206
11313,5795
11314,18192
11315,6600
11316,6600
11317,2562
11318,747
11319,2562
11320,3116
11321,747
11322,2725
11323,2725
11324,11406
11325,11406
11326,125
11327,21187
11328,1336
11329,1367
11330,8208
11331,10418
11332,11332
11333,17206
11334,17206
11335,7277
11336,2901
11337,16824
11338,16824
11339,4652
11340,1045
11341,20348
11342,4790
11343,7461
11344,11176
11345,11176
11346,8524
11347,16824
11348,16824
11349,2901
11350,3678
11351,4219
11352,2803
11353,1500
11354,17162
11355,7956
11356,21187
11357,1234
11358,11668
11359,4285
11360,4054
11361,9720
11362,6568
11363,7956
11364,1342
11365,6607
11366,6080
11367,20274
11368,2816
11369,20274
11370,20274
11371,18985
11372,11372
11373,1973
11374,15282
11375,15282
11376,18137
11377,15282
11378,15282
11379,15282
11380,13293
11381,4259
11382,4259
11383,4495
11384,9784
11385,1927
11386,2664
11387,20274
11388,6570
11389,2658
11390,7180
11391,15897
11392,15897
11393,15897
11394,4259
11395,9720
11396,9720
11397,5275
11398,5275
11399,8018
11400,5431
11401,5431
11402,7499
11403,18935
11404,7499
11405,17512
11406,11406
11407,1641
11408,4044
11409,4044
11410,4044
11411,11411
11412,15897
11413,6797
11414,6797
11415,9389
11416,1625
11417,1558
11418,2153
11419,18836
11420,19443
11421,19443
11422,15353
11423,4654
11424,1585
11425,20593
11426,20593
11427,5875
11428,5875
11429,5875
11430,5875
11431,9398
11432,1811
11433,125
11434,539
11435,3683
11436,8439
11437,6877
11438,6371
11439,6371
11440,8443
11441,6371
11442,2548
11443,163
11444,163
11445,1782
11446,5431
11447,3498
11448,8095
11449,5431
11450,4031
11451,3253
11452,3253
11453,3253
11454,5875
11455,1167
11456,6371
11457,470
11458,1641
11459,11459
11460,5129
11461,4555
11462,17161
11463,5431
11464,11464
11465,9821
11466,17206
11467,17206
11468,19459
11469,19459
11470,17206
11471,4279
11472,19459
11473,7298
11474,7499
11475,11475
11476,1625
11477,1549
11478,5919
11479,6170
11480,6722
11481,8524
11482,935
11483,4044
11484,17512
11485,5580
11486,2803
11487,17206
11488,1527
11489,8145
11490,17206
11491,11491
11492,1782
11493,96
11494,96
11495,2496
11496,10761
11497,402
11498,7512
11499,5054
11500,4131
11501,6499
11502,5717
11503,11503
11504,18111
11505,17809
11506,17512
11507,14140
11508,11508
11509,4242
11510,208
11511,16810
11512,2901
11513,2119
11514,2119
11515,2119
11516,15282
11517,15282
11518,15282
11519,19368
11520,19369
11521,5087
11522,6060
11523,2101
11524,10682
11525,5205
11526,5205
11527,2866
11528,2866
11529,3475
11530,3108
11531,3475
11532,3914
11533,5239
11534,5239
11535,951
11536,951
11537,12362
11538,12526
11539,2119
11540,20816
11541,1729
11542,16278
11543,7527
11544,7527
11545,4724
11546,1475
11547,1477
11548,3300
11549,8018
11550,3344
11551,9151
11552,215
11553,9399
11554,2783
11555,5580
11556,1376
11557,5431
11558,5431
11559,163
11560,163
11561,2260
11562,7979
11563,1770
11564,1770
11565,9430
11566,1234
11567,1234
11568,1234
11569,11674
11570,11674
11571,11674
11572,1234
11573,1234
11574,1234
11575,19374
11576,16068
11577,951
11578,11578
11579,5992
11580,5990
11581,5474
11582,11582
11583,1167
11584,7081
11585,5875
11586,11674
11587,1234
11588,1234
11589,7081
11590,6580
11591,4202
11592,4202
11593,4202
11594,4202
11595,4202
11596,4202
11597,5207
11598,4496
11599,4496
11600,7877
11601,9732
11602,20013
11603,3915
11604,5143
11605,5143
11606,4986
11607,16289
11608,6932
11609,15164
11610,14306
11611,14306
11612,14306
11613,14306
11614,12771
11615,5377
11616,5377
11617,5377
11618,1500
11619,6579
11620,4044
11621,4044
11622,4288
11623,4986
11624,5527
11625,8078
11626,2062
11627,9759
11628,449
11629,11629
11630,1496
11631,2050
11632,518
11633,518
11634,518
11635,518
11636,19880
11637,518
11638,518
11639,539
11640,2866
11641,4911
11642,638
11643,7877
11644,5306
11645,11273
11646,5875
11647,17512
11648,10326
11649,13797
11650,19880
11651,6665
11652,3494
11653,163
11654,1549
11655,4843
11656,5732
11657,1625
11658,1625
11659,1625
11660,21223
11661,11661
11662,1167
11663,2180
11664,2180
11665,4141
11666,5875
11667,5875
11668,11668
11669,1167
11670,6151
11671,1657
11672,6745
11673,11674
11674,11674
11675,1433
11676,1132
11677,4724
11678,875
11679,1585
11680,1585
11681,125
11682,1585
11683,11683
11684,10102
11685,3915
11686,12362
11687,7523
11688,3476
11689,3476
11690,449
11691,11406
11692,14579
11693,14579
11694,2044
11695,1197
11696,1126
11697,1126
11698,1465
11699,1496
11700,2768
11701,4408
11702,17512
11703,16278
11704,4911
11705,4911
11706,3045
11707,5469
11708,5469
11709,18160
11710,232
11711,7165
11712,4640
11713,1770
11714,1770
11715,1770
11716,5043
11717,1927
11718,780
11719,2768
11720,2050
11721,5640
11722,1625
11723,1625
11724,13797
11725,10682
11726,951
11727,4034
11728,8220
11729,4120
11730,8238
11731,7877
11732,232
11733,232
11734,3242
11735,125
11736,3242
11737,5463
11738,2577
11739,2550
11740,2550
11741,2550
11742,2550
11743,579
11744,5162
11745,20802
11746,20342
11747,7081
11748,5875
11749,1167
11750,4141
11751,1558
11752,1339
11753,6922
11754,1558
11755,7956
11756,4809
11757,1654
11758,13733
11759,2775
11760,6060
11761,5463
11762,1126
11763,1944
11764,951
11765,2452
11766,951
11767,4127
11768,12128
11769,1465
11770,569
11771,569
11772,11772
11773,11773
11774,570
11775,11775
11776,5951
11777,951
11778,5732
11779,16605
11780,3009
11781,4911
11782,2125
11783,4911
11784,951
11785,3807
11786,7180
11787,7180
11788,5245
11789,20802
11790,539
11791,3546
11792,11775
11793,4493
11794,10835
11795,5052
11796,16448
11797,5431
11798,8443
11799,1339
11800,16729
11801,11801
11802,7165
11803,7165
11804,3683
11805,3683
11806,3385
11807,4654
11808,125
11809,20802
11810,2853
11811,2172
11812,7989
11813,9399
11814,5640
11815,21200
11816,3911
11817,14233
11818,6797
11819,6797
11820,7979
11821,8821
11822,5245
11823,232
11824,2901
11825,1729
11826,10835
11827,225
11828,20802
11829,1549
11830,3003
11831,2496
11832,7206
11833,1864
11834,5463
11835,302
11836,18123
11837,13856
11838,2775
11839,9784
11840,1234
11841,6038
11842,11843
11843,11843
11844,2688
11845,1612
11846,3340
11847,5875
11848,11674
11849,1826
11850,17809
11851,17809
11852,17809
11853,5732
11854,1558
11855,2725
11856,7030
11857,6371
11858,6371
11859,1260
11860,7956
11861,539
11862,2474
11863,2349
11864,163
11865,5240
11866,6568
11867,6080
11868,9398
11869,1625
11870,1558
11871,17206
11872,16263
11873,1852
11874,4127
11875,3476
11876,4014
11877,3683
11878,844
11879,5580
11880,2695
11881,11881
11882,2050
11883,1573
11884,3332
11885,1625
11886,3475
11887,3475
11888,4031
11889,15259
11890,8524
11891,5205
11892,5580
11893,2547
11894,4524
11895,4524
11896,2547
11897,12526
11898,5275
11899,3475
11900,11176
11901,11176
11902,11176
11903,11176
11904,11254
11905,6080
11906,951
11907,5310
11908,9387
11909,6873
11910,20326
11911,6371
11912,2050
11913,3344
11914,19443
11915,19443
11916,8443
11917,3494
11918,1852
11919,5580
11920,163
11921,7437
11922,1770
11923,227
11924,2594
11925,68
11926,1770
11927,1770
11928,1625
11929,1625
11930,1625
11931,21187
11932,1625
11933,1625
11934,1625
11935,119
11936,20802
11937,539
11938,3758
11939,6060
11940,12480
11941,12480
11942,12480
11943,1549
11944,11773
11945,1111
11946,19459
11947,19459
11948,6039
11949,17206
11950,15897
11951,6607
11952,16303
11953,28
11954,1234
11955,1234
11956,594
11957,11957
11958,21187
11959,17809
11960,19311
11961,4640
11962,6080
11963,2241
11964,3344
11965,4911
11966,11966
11967,7512
11968,7512
11969,2866
11970,6797
11971,6797
11972,6797
11973,6797
11974,2803
11975,5732
11976,21200
11977,1234
11978,11273
11979,951
11980,7956
11981,16802
11982,11668
11983,2180
11984,6080
11985,1012
11986,1012
11987,1012
11988,18519
11989,18519
11990,5300
11991,6931
11992,2784
11993,2070
11994,5309
11995,10274
11996,10274
11997,28
11998,28
11999,17809
12000,28
12001,18974
12002,125
12003,1558
12004,1558
12005,1558
12006,1625
12007,1227
12008,1371
12009,19741
12010,2803
12011,2725
12012,1625
12013,3186
12014,4844
12015,7499
12016,18974
12017,5043
12018,294
12019,11273
12020,11273
12021,837
12022,367
12023,367
12024,4408
12025,1045
12026,20802
12027,16843
12028,5025
12029,14225
12030,745
12031,7239
12032,7239
12033,5580
12034,8624
12035,4990
12036,1465
12037,3340
12038,6499
12039,14674
12040,3544
12041,4120
12042,4120
12043,3046
12044,539
12045,11176
12046,11176
12047,10491
12048,9016
12049,5795
12050,875
12051,9705
12052,1234
12053,11411
12054,6371
12055,11843
12056,11843
12057,11843
12058,5687
12059,4242
12060,5732
12061,4986
12062,3167
12063,951
12064,11176
12065,8071
12066,8071
12067,2813
12068,4141
12069,6607
12070,8018
12071,8018
12072,3549
12073,9399
12074,5043
12075,1625
12076,3344
12077,18123
12078,5580
12079,18123
12080,4034
12081,15282
12082,9399
12083,18137
12084,19459
12085,4279
12086,3905
12087,4408
12088,3915
12089,3546
12090,6801
12091,12091
12092,4140
12093,4138
12094,10651
12095,15164
12096,4994
12097,4994
12098,4994
12099,5128
12100,3045
12101,3045
12102,3045
12103,3045
12104,18478
12105,3045
12106,3045
12107,1419
12108,1864
12109,12109
12110,12110
12111,4724
12112,4724
12113,946
12114,4809
12115,19443
12116,9399
12117,15667
12118,5764
12119,7165
12120,454
12121,20342
12122,3332
12123,7942
12124,12128
12125,12128
12126,12128
12127,9052
12128,12128
12129,2191
12130,6922
12131,1558
12132,7478
12133,3476
12134,4044
12135,4424
12136,5474
12137,3438
12138,1558
12139,1558
12140,2695
12141,2695
12142,2418
12143,12143
12144,7499
12145,7392
12146,4986
12147,4809
12148,4809
12149,4809
12150,17366
12151,4549
12152,3832
12153,3832
12154,2070
12155,9400
12156,2496
12157,14736
12158,14736
12159,19391
12160,7165
12161,1076
12162,4034
12163,3003
12164,125
12165,5306
12166,5306
12167,17828
12168,5056
12169,19260
12170,5063
12171,8767
12172,7950
12173,20112
12174,12526
12175,12526
12176,12526
12177,4652
12178,12526
12179,11332
12180,12526
12181,16093
12182,12394
12183,5178
12184,4652
12185,5129
12186,3807
12187,2695
12188,15897
12189,15897
12190,9394
12191,9394
12192,125
12193,7956
12194,13797
12195,1300
12196,3915
12197,579
12198,2864
12199,3116
12200,9711
12201,5043
12202,6922
12203,12203
12204,13733
12205,1558
12206,1558
12207,1625
12208,2784
12209,8767
12210,3683
12211,2578
12212,7052
12213,7480
12214,11674
12215,1770
12216,16870
12217,2901
12218,19880
12219,9713
12220,1944
12221,12221
12222,14800
12223,2783
12224,18928
12225,5951
12226,8664
12227,3928
12228,1234
12229,6877
12230,1465
12231,5608
12232,2901
12233,2901
12234,518
12235,1477
12236,5875
12237,11668
12238,11668
12239,5875
12240,5875
12241,5875
12242,5875
12243,4330
12244,6080
12245,3142
12246,1107
12247,14101
12248,4242
12249,4678
12250,12250
12251,5431
12252,20600
12253,2725
12254,13684
12255,1852
12256,3595
12257,4911
12258,3344
12259,12259
12260,16824
12261,4487
12262,9151
12263,4014
12264,7487
12265,4014
12266,6499
12267,2119
12268,2803
12269,3758
12270,5268
12271,5268
12272,7208
12273,11668
12274,2775
12275,1234
12276,10326
12277,20410
12278,12506
12279,13036
12280,7527
12281,7979
12282,2901
12283,1185
12284,9408
12285,548
12286,6797
12287,9399
12288,13036
12289,13036
12290,13036
12291,20284
12292,8524
12293,2643
12294,16802
12295,3098
12296,594
12297,12297
12298,12297
12299,3088
12300,3088
12301,18470
12302,20284
12303,20802
12304,20284
12305,20284
12306,594
12307,833
12308,986
12309,19734
12310,3476
12311,2158
12312,9720
12313,9720
12314,4098
12315,4098
12316,2695
12317,16824
12318,258
12319,3108
12320,15397
12321,12322
12322,12322
12323,1852
12324,2050
12325,1864
12326,1742
12327,5431
12328,1698
12329,1698
12330,5431
12331,6580
12332,4843
12333,2119
12334,13733
12335,6873
12336,9386
12337,10682
12338,11176
12339,7979
12340,193
12341,1698
12342,6080
12343,17206
12344,5377
12345,1089
12346,12346
12347,12347
12348,12348
12349,12349
12350,12350
12351,12351
12352,951
12353,951
12354,20348
12355,8071
12356,6580
12357,4202
12358,12358
12359,13797
12360,12346
12361,12361
12362,12362
12363,12363
12364,12364
12365,12365
12366,12366
12367,12367
12368,12368
12369,12369
12370,12370
12371,12371
12372,12372
12373,12373
12374,12374
12375,289
12376,5431
12377,844
12378,4911
12379,12379
12380,12380
12381,12381
12382,12382
12383,12383
12384,12384
12385,12385
12386,12386
12387,539
12388,1767
12389,7760
12390,3683
12391,2449
12392,1577
12393,12393
12394,12394
12395,12395
12396,9151
12397,10109
12398,12398
12399,9389
12400,9389
12401,12401
12402,3807
12403,1811
12404,4986
12405,12405
12406,906
12407,6582
12408,3047
12409,3047
12410,3047
12411,3807
12412,3807
12413,3807
12414,11674
12415,951
12416,12416
12417,5457
12418,938
12419,7420
12420,10415
12421,19372
12422,10415
12423,10415
12424,10415
12425,10415
12426,19372
12427,10415
12428,10415
12429,17109
12430,17109
12431,10415
12432,9386
12433,19372
12434,10415
12435,10415
12436,10415
12437,1796
12438,11661
12439,12439
12440,12440
12441,1909
12442,539
12443,7527
12444,539
12445,12445
12446,12446
12447,12447
12448,12448
12449,68
12450,12450
12451,13856
12452,3164
12453,1730
12454,9784
12455,6797
12456,6797
12457,5580
12458,8997
12459,5457
12460,1927
12461,5844
12462,10418
12463,21223
12464,21223
12465,4031
12466,5051
12467,1770
12468,8273
12469,12469
12470,12470
12471,12471
12472,2725
12473,12473
12474,8470
12475,4367
12476,12476
12477,1944
12478,1944
12479,10185
12480,12480
12481,12481
12482,5875
12483,12483
12484,9784
12485,9759
12486,1625
12487,2304
12488,2304
12489,1349
12490,2304
12491,844
12492,2844
12493,12493
12494,12494
12495,12495
12496,12496
12497,1630
12498,8225
12499,1089
12500,8225
12501,12501
12502,197
12503,12503
12504,294
12505,9400
12506,12506
12507,12507
12508,12508
12509,12509
12510,12510
12511,16793
12512,388
12513,8006
12514,8006
12515,8006
12516,2058
12517,19311
12518,2137
12519,4911
12520,4098
12521,5575
12522,12523
12523,12523
12524,12523
12525,12525
12526,12526
12527,2219
12528,861
12529,12346
12530,11176
12531,4330
12532,5287
12533,6387
12534,1465
12535,5463
12536,5463
12537,3995
12538,5129
12539,18081
12540,3047
12541,6873
12542,2050
12543,15897
12544,2304
12545,449
12546,417
12547,5240
12548,5431
12549,6797
12550,12550
12551,12551
12552,12551
12553,2789
12554,1742
12555,6582
12556,2419
12557,5431
12558,5431
12559,4508
12560,1041
12561,12561
12562,12562
12563,7639
12564,11674
12565,4843
12566,3911
12567,19122
12568,4640
12569,17458
12570,4044
12571,12571
12572,6582
12573,18937
12574,8220
12575,934
12576,4654
12577,64
12578,5225
12579,2725
12580,9720
12581,12581
12582,4241
12583,19372
12584,3549
12585,6607
12586,12507
12587,15897
12588,18832
12589,804
12590,804
12591,5977
12592,3162
12593,4668
12594,2633
12595,2633
12596,8018
12597,9394
12598,9850
12599,125
12600,13293
12601,1402
12602,1089
12603,125
12604,951
12605,7337
12606,7461
12607,12525
12608,125
12609,4986
12610,12610
12611,1477
12612,4123
12613,8997
12614,9355
12615,1234
12616,1234
12617,1234
12618,5875
12619,15897
12620,5431
12621,5431
12622,20857
12623,9386
12624,9386
12625,4098
12626,8018
12627,12627
12628,6797
12629,6797
12630,6797
12631,4127
12632,6797
12633,12633
12634,3476
12635,6582
12636,15897
12637,9385
12638,951
12639,18111
12640,5431
12641,12641
12642,4652
12643,2279
12644,6607
12645,10079
12646,10078
12647,18667
12648,15897
12649,17206
12650,16294
12651,951
12652,7639
12653,17206
12654,17206
12655,1944
12656,12656
12657,12657
12658,12658
12659,3956
12660,2529
12661,18081
12662,5764
12663,5764
12664,5764
12665,12665
12666,1492
12667,43
12668,10634
12669,12669
12670,4496
12671,5575
12672,1089
12673,5580
12674,1089
12675,7178
12676,3179
12677,1234
12678,4259
12679,4259
12680,16412
12681,2050
12682,15897
12683,4127
12684,1496
12685,20590
12686,8662
12687,19756
12688,1796
12689,7165
12690,4986
12691,232
12692,5580
12693,19311
12694,19311
12695,19368
12696,15164
12697,8225
12698,7178
12699,14306
12700,3385
12701,17512
12702,7165
12703,7165
12704,7165
12705,13327
12706,6151
12707,7760
12708,4495
12709,2891
12710,2101
12711,15430
12712,2725
12713,3046
12714,5580
12715,19880
12716,19880
12717,7256
12718,3046
12719,5318
12720,18137
12721,18137
12722,18137
12723,1076
12724,6371
12725,6371
12726,1076
12727,15878
12728,6151
12729,5580
12730,10418
12731,21187
12732,3352
12733,12733
12734,11332
12735,2864
12736,4842
12737,17512
12738,2550
12739,13336
12740,12740
12741,730
12742,2164
12743,1914
12744,3045
12745,3045
12746,3045
12747,3045
12748,3045
12749,10835
12750,6080
12751,2050
12752,4014
12753,14619
12754,18891
12755,7461
12756,1510
12757,7437
12758,16802
12759,951
12760,125
12761,1235
12762,63
12763,9399
12764,7760
12765,5377
12766,5377
12767,4441
12768,11843
12769,2839
12770,12865
12771,12771
12772,12771
12773,12773
12774,1234
12775,5580
12776,2793
12777,1234
12778,4286
12779,7052
12780,6700
12781,1869
12782,19311
12783,6572
12784,20274
12785,3879
12786,20232
12787,19734
12788,19128
12789,5580
12790,12551
12791,12551
12792,658
12793,12793
12794,15430
12795,951
12796,1683
12797,1465
12798,13803
12799,13803
12800,12800
12801,9398
12802,7178
12803,4792
12804,12804
12805,1185
12806,1089
12807,5580
12808,1950
12809,19459
12810,380
12811,3544
12812,12523
12813,20802
12814,8997
12815,9399
12816,9386
12817,14306
12818,14306
12819,14310
12820,19440
12821,19440
12822,19440
12823,17309
12824,17309
12825,14306
12826,14306
12827,20802
12828,20802
12829,9398
12830,14306
12831,14306
12832,14306
12833,9398
12834,14306
12835,14306
12836,14306
12837,14306
12838,14306
12839,9394
12840,9394
12841,3544
12842,3544
12843,1009
12844,4014
12845,1793
12846,2997
12847,3344
12848,8439
12849,17330
12850,4202
12851,12851
12852,20735
12853,5917
12854,5463
12855,1045
12856,8821
12857,19198
12858,2550
12859,2550
12860,3544
12861,3544
12862,417
12863,3807
12864,19443
12865,12865
12866,12866
12867,7671
12868,12868
12869,12483
12870,2783
12871,20802
12872,7499
12873,79
12874,11273
12875,11273
12876,2160
12877,20802
12878,4044
12879,3786
12880,5275
12881,7478
12882,208
12883,5917
12884,1089
12885,17206
12886,3108
12887,17470
12888,1794
12889,7478
12890,1477
12891,1477
12892,9399
12893,16288
12894,12894
12895,3546
12896,6508
12897,1089
12898,2153
12899,3802
12900,14252
12901,19443
12902,6371
12903,6371
12904,744
12905,5527
12906,1770
12907,5051
12908,10634
12909,9399
12910,18123
12911,18123
12912,388
12913,4408
12914,2050
12915,2050
12916,16289
12917,4259
12918,5897
12919,5897
12920,20794
12921,12921
12922,12922
12923,3790
12924,6573
12925,15897
12926,1417
12927,2196
12928,1465
12929,1055
12930,5452
12931,539
12932,539
12933,12933
12934,12934
12935,4911
12936,15464
12937,9759
12938,289
12939,9713
12940,6568
12941,13036
12942,1369
12943,4044
12944,12944
12945,3655
12946,12480
12947,744
12948,3358
12949,3896
12950,8686
12951,20802
12952,7979
12953,454
12954,15164
12955,13856
12956,7178
12957,7178
12958,6080
12959,12959
12960,17206
12961,4495
12962,4408
12963,4408
12964,6080
12965,4487
12966,4487
12967,4487
12968,1045
12969,7239
12970,2160
12971,1927
12972,7499
12973,7499
12974,18935
12975,4286
12976,1594
12977,9430
12978,1018
12979,3092
12980,17458
12981,18928
12982,2901
12983,12394
12984,18691
12985,10537
12986,17512
12987,12868
12988,20345
12989,16282
12990,9784
12991,10556
12992,539
12993,539
12994,7337
12995,4259
12996,4259
12997,7298
12998,5469
12999,1944
13000,2050
13001,9784
13002,203
13003,3167
13004,3167
13005,19558
13006,15897
13007,16268
13008,1630
13009,1630
13010,14475
13011,539
13012,1367
13013,5225
13014,3116
13015,4424
13016,4424
13017,4424
13018,7512
13019,618
13020,3092
13021,1185
13022,9711
13023,8475
13024,232
13025,2070
13026,5025
13027,3332
13028,2219
13029,2793
13030,14579
13031,20274
13032,5977
13033,16741
13034,9937
13035,4044
13036,13036
13037,4408
13038,17206
13039,16939
13040,16939
13041,9580
13042,14140
13043,17809
13044,6922
13045,9398
13046,8273
13047,7165
13048,7165
13049,1076
13050,1076
13051,4809
13052,6580
13053,5628
13054,21054
13055,19173
13056,13856
13057,13856
13058,19199
13059,13856
13060,14225
13061,14225
13062,3546
13063,3546
13064,3546
13065,3546
13066,3242
13067,1654
13068,14252
13069,14800
13070,5463
13071,18519
13072,539
13073,20410
13074,11176
13075,10537
13076,10537
13077,1647
13078,9993
13079,10274
13080,11090
13081,4054
13082,5431
13083,4911
13084,13084
13085,1698
13086,8686
13087,215
13088,780
13089,1076
13090,12250
13091,12250
13092,12203
13093,3905
13094,1089
13095,63
13096,8618
13097,2458
13098,3656
13099,6373
13100,9389
13101,4044
13102,5596
13103,9387
13104,1300
13105,6607
13106,125
13107,18109
13108,1539
13109,963
13110,4127
13111,4127
13112,15282
13113,18123
13114,18123
13115,18123
13116,12250
13117,12250
13118,5431
13119,3762
13120,204
13121,9759
13122,1500
13123,4034
13124,9399
13125,6873
13126,2550
13127,7760
13128,8128
13129,1417
13130,1417
13131,2724
13132,5457
13133,5457
13134,5457
13135,3989
13136,15897
13137,11176
13138,4496
13139,12250
13140,6797
13141,4259
13142,15897
13143,9016
13144,15897
13145,125
13146,3683
13147,3683
13148,3683
13149,3683
13150,3683
13151,3683
13152,11176
13153,11176
13154,11176
13155,21175
13156,5239
13157,11176
13158,11176
13159,10760
13160,5578
13161,18766
13162,1785
13163,6210
13164,2344
13165,5300
13166,951
13167,3300
13168,5474
13169,2050
13170,2050
13171,9140
13172,4654
13173,13684
13174,13174
13175,2901
13176,7979
13177,19459
13178,594
13179,3655
13180,13036
13181,1234
13182,6371
13183,3261
13184,16822
13185,9398
13186,900
13187,16822
13188,3107
13189,12551
13190,8443
13191,7989
13192,5764
13193,5377
13194,5377
13195,1909
13196,17512
13197,6700
13198,7206
13199,518
13200,1785
13201,13201
13202,5431
13203,1368
13204,3832
13205,5580
13206,7478
13207,14667
13208,19504
13209,21187
13210,1625
13211,4424
13212,18703
13213,454
13214,15164
13215,1497
13216,196
13217,5431
13218,4098
13219,8384
13220,2633
13221,1691
13222,13222
13223,125
13224,2318
13225,15897
13226,6607
13227,6607
13228,13797
13229,13797
13230,13797
13231,17206
13232,17206
13233,1625
13234,1260
13235,2070
13236,1492
13237,493
13238,2153
13239,1155
13240,3832
13241,10436
13242,7499
13243,1625
13244,1641
13245,3332
13246,3332
13247,7206
13248,3332
13249,20802
13250,2606
13251,17809
13252,1869
13253,3796
13254,19128
13255,4279
13256,3340
13257,20274
13258,3340
13259,20274
13260,3340
13261,9399
13262,1742
13263,5917
13264,1492
13265,903
13266,15813
13267,5239
13268,951
13269,5239
13270,7877
13271,1089
13272,1089
13273,736
13274,5463
13275,7180
13276,1625
13277,13797
13278,13797
13279,1770
13280,21223
13281,2044
13282,19198
13283,5469
13284,5275
13285,3300
13286,8686
13287,3242
13288,3656
13289,13289
13290,6801
13291,6700
13292,13293
13293,13293
13294,1625
13295,9151
13296,15227
13297,5919
13298,11273
13299,11674
13300,7989
13301,7989
13302,2725
13303,5917
13304,13304
13305,8439
13306,5875
13307,1167
13308,9705
13309,13797
13310,20735
13311,6656
13312,5764
13313,951
13314,951
13315,2850
13316,4652
13317,11176
13318,15883
13319,15636
13320,3438
13321,5239
13322,7499
13323,12483
13324,17512
13325,1796
13326,19374
13327,13327
13328,15164
13329,13856
13330,3758
13331,13797
13332,3332
13333,4809
13334,20410
13335,18081
13336,13336
13337,13856
13338,17445
13339,579
13340,6568
13341,6568
13342,6700
13343,9408
13344,3915
13345,3116
13346,13346
13347,13347
13348,13348
13349,9821
13350,8439
13351,15306
13352,7499
13353,63
13354,16093
13355,4424
13356,3269
13357,11176
13358,16412
13359,8767
13360,6151
13361,2191
13362,5917
13363,10144
13364,5917
13365,5917
13366,5917
13367,5917
13368,5917
13369,3787
13370,15897
13371,21054
13372,21187
13373,1944
13374,9720
13375,6700
13376,7081
13377,1698
13378,21187
13379,1973
13380,21187
13381,21187
13382,6371
13383,4994
13384,4127
13385,4994
13386,13386
13387,6611
13388,14140
13389,9389
13390,2997
13391,6151
13392,3802
13393,4014
13394,16822
13395,5628
13396,18244
13397,2725
13398,13703
13399,5977
13400,2816
13401,5236
13402,745
13403,19459
13404,19459
13405,11475
13406,6801
13407,2725
13408,1234
13409,20802
13410,294
13411,8937
13412,3772
13413,1460
13414,4044
13415,1944
13416,7206
13417,19381
13418,19783
13419,1549
13420,5469
13421,6077
13422,3989
13423,21223
13424,9732
13425,1261
13426,6060
13427,18111
13428,15591
13429,1585
13430,3046
13431,5764
13432,7165
13433,1076
13434,8220
13435,8201
13436,1698
13437,951
13438,11674
13439,6151
13440,4911
13441,8443
13442,1527
13443,5245
13444,19781
13445,6151
13446,11674
13447,11273
13448,1234
13449,1234
13450,1076
13451,19880
13452,19880
13453,1477
13454,20410
13455,6932
13456,2050
13457,13036
13458,9720
13459,5796
13460,15164
13461,4994
13462,9399
13463,7956
13464,7956
13465,744
13466,20581
13467,4141
13468,11674
13469,11273
13470,1234
13471,6797
13472,7956
13473,539
13474,3494
13475,13475
13476,18519
13477,2180
13478,4790
13479,5309
13480,14140
13481,8662
13482,20274
13483,4724
13484,4724
13485,7180
13486,13486
13487,9397
13488,1185
13489,15430
13490,16821
13491,6499
13492,6499
13493,4014
13494,9765
13495,4986
13496,16093
13497,21187
13498,2119
13499,2119
13500,2119
13501,2119
13502,2119
13503,16412
13504,2119
13505,1496
13506,1167
13507,1167
13508,18137
13509,18137
13510,7512
13511,3656
13512,8443
13513,11406
13514,16412
13515,1575
13516,15164
13517,679
13518,679
13519,5732
13520,837
13521,17512
13522,3832
13523,3832
13524,13715
13525,7543
13526,3915
13527,11176
13528,19198
13529,4279
13530,11273
13531,1641
13532,358
13533,1089
13534,5431
13535,13036
13536,5306
13537,951
13538,18081
13539,5431
13540,1234
13541,5469
13542,1583
13543,9966
13544,6697
13545,750
13546,12483
13547,1155
13548,8439
13549,4524
13550,7639
13551,17206
13552,17206
13553,3045
13554,2784
13555,17512
13556,744
13557,1500
13558,5318
13559,14579
13560,4120
13561,5043
13562,11176
13563,9399
13564,4040
13565,7206
13566,7206
13567,6060
13568,8439
13569,18111
13570,9732
13571,5245
13572,683
13573,9366
13574,13574
13575,289
13576,20802
13577,289
13578,4424
13579,1927
13580,17084
13581,13581
13582,9720
13583,4098
13584,15897
13585,4524
13586,5306
13587,6080
13588,844
13589,2119
13590,2119
13591,2119
13592,9705
13593,1558
13594,3162
13595,11668
13596,6415
13597,6415
13598,6656
13599,358
13600,17809
13601,17809
13602,17809
13603,17206
13604,8156
13605,17109
13606,13856
13607,13856
13608,13856
13609,17206
13610,5306
13611,13856
13612,9399
13613,4286
13614,1185
13615,3253
13616,15397
13617,13797
13618,16294
13619,5542
13620,2454
13621,1742
13622,1500
13623,4285
13624,1796
13625,7979
13626,6210
13627,6210
13628,19459
13629,7767
13630,6797
13631,20802
13632,5919
13633,5740
13634,20802
13635,11957
13636,2050
13637,3915
13638,4986
13639,11843
13640,8006
13641,16289
13642,5469
13643,2050
13644,2695
13645,7950
13646,19372
13647,1234
13648,15517
13649,11775
13650,1089
13651,3167
13652,6060
13653,20274
13654,13654
13655,13655
13656,13656
13657,16843
13658,15897
13659,13659
13660,17206
13661,13661
13662,13662
13663,13663
13664,13664
13665,13665
13666,13666
13667,5875
13668,2864
13669,11674
13670,11674
13671,5306
13672,13672
13673,13673
13674,13674
13675,13675
13676,13676
13677,13677
13678,12221
13679,13679
13680,1729
13681,13681
13682,13682
13683,13683
13684,13684
13685,13685
13686,13036
13687,13036
13688,13036
13689,5306
13690,1625
13691,13036
13692,13692
13693,13693
13694,13694
13695,13695
13696,13696
13697,13697
13698,6704
13699,12379
13700,13700
13701,3216
13702,13702
13703,13703
13704,951
13705,13705
13706,13771
13707,13707
13708,13662
13709,5043
13710,6498
13711,2070
13712,2070
13713,5004
13714,16278
13715,13715
13716,13716
13717,13715
13718,16939
13719,13719
13720,2792
13721,8443
13722,7165
13723,2548
13724,13347
13725,2664
13726,1625
13727,5205
13728,5205
13729,9720
13730,1376
13731,1376
13732,11176
13733,13733
13734,16824
13735,13735
13736,17161
13737,13737
13738,13738
13739,2866
13740,539
13741,3544
13742,43
13743,8997
13744,1096
13745,12297
13746,366
13747,1234
13748,12483
13749,9991
13750,13750
13751,16289
13752,11843
13753,4524
13754,2474
13755,1573
13756,19880
13757,1625
13758,1573
13759,3956
13760,5542
13761,18928
13762,18928
13763,5542
13764,18928
13765,5542
13766,3995
13767,1549
13768,9821
13769,927
13770,951
13771,13771
13772,12297
13773,6797
13774,2695
13775,1419
13776,13797
13777,232
13778,7437
13779,1155
13780,6371
13781,4098
13782,5764
13783,5764
13784,3438
13785,294
13786,294
13787,3905
13788,5580
13789,1549
13790,18137
13791,15282
13792,18123
13793,18137
13794,1549
13795,4984
13796,837
13797,13797
13798,13347
13799,5580
13800,5580
13801,5318
13802,17206
13803,13803
13804,7671
13805,9399
13806,7420
13807,579
13808,3832
13809,8662
13810,2119
13811,9398
13812,13812
13813,8384
13814,21187
13815,13815
13816,12297
13817,388
13818,5306
13819,780
13820,7956
13821,6151
13822,5452
13823,5580
13824,5580
13825,6700
13826,6700
13827,1742
13828,6931
13829,5461
13830,5875
13831,8018
13832,5580
13833,5580
13834,5580
13835,9166
13836,951
13837,1625
13838,1625
13839,11411
13840,68
13841,5300
13842,656
13843,2775
13844,8686
13845,6797
13846,17309
13847,17084
13848,4843
13849,16289
13850,12481
13851,11176
13852,3045
13853,3045
13854,3045
13855,9399
13856,13856
13857,13036
13858,21179
13859,21187
13860,21187
13861,21187
13862,21182
13863,3162
13864,5047
13865,9991
13866,6060
13867,3911
13868,5788
13869,19374
13870,4487
13871,4259
13872,15897
13873,17206
13874,18081
13875,20611
13876,2664
13877,691
13878,14140
13879,18111
13880,10570
13881,2853
13882,134
13883,13883
13884,8468
13885,9801
13886,5306
13887,1111
13888,13888
13889,6173
13890,12350
13891,17206
13892,2050
13893,1770
13894,11411
13895,4034
13896,16282
13897,10682
13898,79
13899,7298
13900,12379
13901,9399
13902,4986
13903,5732
13904,3045
13905,4652
13906,5525
13907,2775
13908,11674
13909,1549
13910,5875
13911,1549
13912,13662
13913,3092
13914,5875
13915,17512
13916,15897
13917,3162
13918,1811
13919,1625
13920,1625
13921,1625
13922,1625
13923,5796
13924,1625
13925,13925
13926,15397
13927,745
13928,5740
13929,2900
13930,17512
13931,7760
13932,12379
13933,6700
13934,6700
13935,16802
13936,12297
13937,12297
13938,12297
13939,12297
13940,12297
13941,12297
13942,12297
13943,3546
13944,1625
13945,3683
13946,541
13947,2658
13948,17106
13949,4724
13950,1234
13951,2180
13952,1235
13953,1235
13954,17206
13955,13995
13956,2793
13957,7472
13958,3300
13959,5875
13960,1234
13961,2191
13962,1539
13963,10326
13964,12398
13965,12383
13966,1400
13967,13715
13968,13662
13969,13662
13970,9398
13971,2119
13972,5815
13973,9398
13974,4725
13975,13975
13976,16289
13977,294
13978,5527
13979,9399
13980,13980
13981,18478
13982,12944
13983,7298
13984,458
13985,9393
13986,4424
13987,2913
13988,1549
13989,1477
13990,13990
13991,804
13992,2768
13993,10102
13994,11411
13995,13995
13996,4040
13997,2160
13998,4441
13999,11674
14000,5318
14001,9821
14002,1558
14003,1558
14004,1527
14005,12523
14006,4843
14007,837
14008,4040
14009,12322
14010,454
14011,3911
14012,539
14013,5795
14014,15897
14015,15897
14016,5795
14017,5047
14018,3330
14019,2050
14020,5463
14021,225
14022,2160
14023,12297
14024,12297
14025,12297
14026,19734
14027,3242
14028,18081
14029,19372
14030,14030
14031,8225
14032,1096
14033,1096
14034,1096
14035,14630
14036,3438
14037,18123
14038,834
14039,6582
14040,1126
14041,5732
14042,4911
14043,8273
14044,789
14045,679
14046,15229
14047,5628
14048,6873
14049,8443
14050,6210
14051,5043
14052,16939
14053,3242
14054,2160
14055,4454
14056,2633
14057,18192
14058,3544
14059,21223
14060,21187
14061,20345
14062,20802
14063,5844
14064,2236
14065,20802
14066,7673
14067,10761
14068,10761
14069,10761
14070,21187
14071,19787
14072,125
14073,6797
14074,15897
14075,6797
14076,3045
14077,6797
14078,14252
14079,458
14080,125
14081,21027
14082,63
14083,9399
14084,18430
14085,1770
14086,3332
14087,660
14088,6193
14089,14619
14090,9430
14091,16304
14092,1558
14093,10326
14094,2547
14095,12250
14096,12250
14097,1045
14098,3807
14099,2172
14100,5580
14101,14101
14102,1208
14103,14103
14104,14306
14105,15353
14106,8384
14107,2418
14108,3242
14109,1698
14110,3116
14111,5431
14112,5431
14113,15897
14114,15897
14115,594
14116,3009
14117,7052
14118,2070
14119,9898
14120,6568
14121,18192
14122,1549
14123,1944
14124,3116
14125,14125
14126,16802
14127,16939
14128,5875
14129,225
14130,1594
14131,12494
14132,5463
14133,5023
14134,1496
14135,9784
14136,10804
14137,5025
14138,4822
14139,6387
14140,14140
14141,8225
14142,539
14143,4408
14144,10537
14145,5321
14146,12771
14147,5580
14148,6669
14149,9711
14150,5580
14151,20348
14152,1535
14153,9386
14154,3088
14155,20562
14156,10326
14157,9398
14158,9398
14159,20284
14160,12494
14161,1625
14162,2695
14163,18137
14164,1580
14165,7298
14166,5275
14167,17512
14168,17512
14169,17512
14170,17512
14171,14233
14172,6084
14173,1630
14174,20802
14175,9355
14176,5431
14177,9355
14178,20802
14179,18137
14180,119
14181,1496
14182,19122
14183,2768
14184,1625
14185,1625
14186,5580
14187,3162
14188,1625
14189,1625
14190,1625
14191,1625
14192,1625
14193,1625
14194,5178
14195,8470
14196,8470
14197,8470
14198,10761
14199,1785
14200,3807
14201,3995
14202,3832
14203,1076
14204,11176
14205,3332
14206,20802
14207,6053
14208,5580
14209,5648
14210,5764
14211,5764
14212,951
14213,1625
14214,1625
14215,1625
14216,6680
14217,8201
14218,8201
14219,125
14220,12322
14221,12483
14222,16824
14223,1625
14224,1558
14225,14225
14226,14226
14227,5764
14228,951
14229,594
14230,1641
14231,5469
14232,5469
14233,14233
14234,11668
14235,1558
14236,10560
14237,1549
14238,539
14239,1060
14240,10537
14241,8476
14242,8476
14243,10537
14244,10537
14245,18439
14246,3407
14247,14247
14248,4809
14249,7206
14250,6060
14251,12526
14252,14252
14253,7165
14254,7165
14255,5580
14256,12221
14257,14257
14258,16301
14259,14259
14260,837
14261,1625
14262,20857
14263,20857
14264,14306
14265,1625
14266,5431
14267,5431
14268,5431
14269,1583
14270,2101
14271,7298
14272,16260
14273,2153
14274,6499
14275,2653
14276,5377
14277,13036
14278,10682
14279,3242
14280,2160
14281,14306
14282,14306
14283,14306
14284,14310
14285,14306
14286,14310
14287,14310
14288,14310
14289,14310
14290,14306
14291,14310
14292,14306
14293,14306
14294,14306
14295,14310
14296,14306
14297,14306
14298,19440
14299,14310
14300,14310
14301,656
14302,14310
14303,14306
14304,14306
14305,14306
14306,14306
14307,14306
14308,14306
14309,14306
14310,14310
14311,14310
14312,14306
14313,14306
14314,12483
14315,16384
14316,5982
14317,12297
14318,12203
14319,10415
14320,1630
14321,17109
14322,1300
14323,2454
14324,11843
14325,14325
14326,227
14327,227
14328,68
14329,5300
14330,951
14331,6080
14332,2901
14333,3683
14334,15282
14335,3332
14336,844
14337,12362
14338,10274
14339,19880
14340,21187
14341,6568
14342,2784
14343,4524
14344,11176
14345,2901
14346,1596
14347,1770
14348,7512
14349,7512
14350,358
14351,14252
14352,2664
14353,3373
14354,21187
14355,5300
14356,518
14357,1573
14358,16824
14359,21214
14360,2658
14361,10883
14362,7165
14363,6797
14364,1944
14365,15897
14366,3772
14367,3787
14368,5732
14369,1625
14370,2926
14371,3546
14372,13675
14373,1279
14374,1224
14375,7499
14376,1770
14377,1076
14378,11843
14379,17206
14380,5377
14381,13347
14382,12394
14383,18885
14384,19459
14385,493
14386,493
14387,4911
14388,2695
14389,3092
14390,1630
14391,18928
14392,951
14393,20802
14394,17512
14395,3915
14396,5740
14397,4822
14398,8686
14399,18474
14400,14225
14401,3242
14402,17206
14403,8997
14404,8997
14405,2695
14406,14800
14407,1234
14408,6151
14409,1234
14410,14410
14411,17206
14412,6797
14413,3045
14414,920
14415,11775
14416,6607
14417,4098
14418,4408
14419,2695
14420,6873
14421,4418
14422,19213
14423,2191
14424,2180
14425,11273
14426,5306
14427,1235
14428,7081
14429,1234
14430,1234
14431,9399
14432,3807
14433,903
14434,8470
14435,3595
14436,18123
14437,10682
14438,7480
14439,1796
14440,1864
14441,4654
14442,5063
14443,10274
14444,125
14445,17206
14446,3045
14447,17206
14448,2119
14449,2418
14450,6873
14451,951
14452,2119
14453,11674
14454,7081
14455,5875
14456,2070
14457,1234
14458,1234
14459,5875
14460,5875
14461,2775
14462,21187
14463,21187
14464,4421
14465,4120
14466,7979
14467,16289
14468,1475
14469,18137
14470,7480
14471,2070
14472,19459
14473,19369
14474,19459
14475,14475
14476,19880
14477,16755
14478,539
14479,20802
14480,9966
14481,8081
14482,951
14483,3475
14484,3914
14485,3108
14486,8767
14487,125
14488,10682
14489,10326
14490,7206
14491,2119
14492,1539
14493,1542
14494,832
14495,7206
14496,1542
14497,1369
14498,4652
14499,618
14500,5306
14501,1864
14502,5783
14503,6931
14504,4495
14505,2349
14506,10537
14507,5321
14508,20802
14509,6060
14510,20802
14511,2664
14512,1433
14513,2550
14514,3911
14515,7979
14516,4495
14517,2115
14518,4259
14519,2913
14520,4524
14521,1558
14522,3544
14523,13797
14524,6797
14525,17206
14526,17206
14527,18466
14528,18123
14529,19766
14530,18519
14531,11674
14532,11176
14533,5122
14534,2695
14535,2695
14536,2695
14537,18137
14538,1927
14539,2803
14540,7877
14541,1300
14542,5580
14543,5377
14544,679
14545,7512
14546,7512
14547,3242
14548,133
14549,1234
14550,1234
14551,5462
14552,5469
14553,3549
14554,3549
14555,3549
14556,4984
14557,1796
14558,3786
14559,17512
14560,7979
14561,4524
14562,9801
14563,11176
14564,17512
14565,17512
14566,7165
14567,5764
14568,3678
14569,4259
14570,4259
14571,8384
14572,16824
14573,3300
14574,3802
14575,5286
14576,3802
14577,12447
14578,3332
14579,14579
14580,3995
14581,21054
14582,15282
14583,4127
14584,1796
14585,8225
14586,5025
14587,927
14588,17309
14589,18123
14590,4800
14591,5977
14592,3344
14593,3476
14594,5719
14595,9386
14596,5732
14597,14252
14598,10415
14599,1167
14600,17330
14601,2803
14602,20344
14603,2547
14604,17809
14605,9389
14606,18123
14607,18056
14608,2304
14609,15897
14610,6390
14611,16824
14612,1542
14613,3802
14614,5132
14615,8495
14616,539
14617,14617
14618,14618
14619,14619
14620,14620
14621,8384
14622,8384
14623,8384
14624,8384
14625,6568
14626,8384
14627,6568
14628,18470
14629,1770
14630,14630
14631,14631
14632,13347
14633,5851
14634,558
14635,3108
14636,539
14637,1234
14638,1549
14639,14639
14640,14640
14641,14641
14642,14642
14643,14643
14644,14140
14645,2050
14646,13856
14647,14647
14648,20802
14649,9720
14650,1698
14651,5717
14652,14652
14653,14773
14654,14654
14655,14655
14656,14656
14657,679
14658,9720
14659,14659
14660,14660
14661,14661
14662,14662
14663,7527
14664,16143
14665,4127
14666,14666
14667,14667
14668,5875
14669,951
14670,3963
14671,660
14672,14672
14673,14673
14674,14674
14675,14675
14676,16605
14677,2454
14678,1625
14679,5063
14680,3162
14681,5063
14682,21187
14683,1625
14684,1625
14685,21187
14686,9106
14687,13797
14688,14688
14689,14689
14690,14690
14691,14691
14692,14692
14693,14693
14694,14694
14695,14695
14696,14696
14697,8081
14698,7206
14699,1641
14700,14700
14701,1500
14702,3768
14703,2864
14704,13856
14705,6371
14706,6371
14707,3544
14708,3544
14709,1742
14710,11668
14711,20802
14712,7081
14713,825
14714,8686
14715,8686
14716,8686
14717,14717
14718,4911
14719,5469
14720,14252
14721,1527
14722,3092
14723,7016
14724,5431
14725,920
14726,28
14727,28
14728,19854
14729,15897
14730,21187
14731,5162
14732,14732
14733,14733
14734,3802
14735,5788
14736,14736
14737,14737
14738,14738
14739,7480
14740,7081
14741,10537
14742,8476
14743,193
14744,1829
14745,6797
14746,16294
14747,5990
14748,7016
14749,5977
14750,908
14751,5245
14752,594
14753,12379
14754,15667
14755,5580
14756,6680
14757,3162
14758,3092
14759,5580
14760,7760
14761,16294
14762,3966
14763,18109
14764,125
14765,18123
14766,5717
14767,21054
14768,14768
14769,17206
14770,16789
14771,2050
14772,14773
14773,14773
14774,4408
14775,1235
14776,5306
14777,3546
14778,8145
14779,4809
14780,3658
14781,1076
14782,5431
14783,9720
14784,7979
14785,6932
14786,19369
14787,5880
14788,3242
14789,10682
14790,17675
14791,5239
14792,12394
14793,4157
14794,12483
14795,5047
14796,12447
14797,18474
14798,21054
14799,18123
14800,14800
14801,5580
14802,2180
14803,4424
14804,19504
14805,4487
14806,5580
14807,3253
14808,12494
14809,14773
14810,20048
14811,16448
14812,19128
14813,14813
14814,18519
14815,11176
14816,4842
14817,11772
14818,17109
14819,17161
14820,2793
14821,402
14822,9720
14823,3475
14824,18937
14825,17809
14826,1558
14827,28
14828,28
14829,1625
14830,1625
14831,13797
14832,13797
14833,3332
14834,21182
14835,19504
14836,18081
14837,6877
14838,5440
14839,2901
14840,20611
14841,6060
14842,4487
14843,6060
14844,1625
14845,5474
14846,13675
14847,5788
14848,3443
14849,19374
14850,5788
14851,21187
14852,5919
14853,5919
14854,3088
14855,7298
14856,5463
14857,5463
14858,1747
14859,21220
14860,2880
14861,6060
14862,16939
14863,4986
14864,4986
14865,4487
14866,18466
14867,18466
14868,5306
14869,1167
14870,15667
14871,14700
14872,17084
14873,5580
14874,16605
14875,4911
14876,4911
14877,2290
14878,3475
14879,18255
14880,2633
14881,18519
14882,4524
14883,1234
14884,5596
14885,5580
14886,19388
14887,16822
14888,16822
14889,5239
14890,3092
14891,3475
14892,18885
14893,4141
14894,5275
14895,12250
14896,4127
14897,9389
14898,6580
14899,8273
14900,15878
14901,11176
14902,8273
14903,2690
14904,4141
14905,3088
14906,3088
14907,3088
14908,1527
14909,6607
14910,7206
14911,15897
14912,7989
14913,2119
14914,16278
14915,19374
14916,16605
14917,1234
14918,1625
14919,3162
14920,20802
14921,15282
14922,16802
14923,14923
14924,14924
14925,12480
14926,5580
14927,11176
14928,5306
14929,5580
14930,6580
14931,4127
14932,842
14933,579
14934,10326
14935,4441
14936,1549
14937,2507
14938,15550
14939,305
14940,3045
14941,12793
14942,1641
14943,1549
14944,9166
14945,1167
14946,1558
14947,5431
14948,13797
14949,16088
14950,10418
14951,13797
14952,744
14953,14252
14954,1558
14955,1558
14956,4447
14957,7478
14958,17206
14959,20146
14960,3344
14961,3546
14962,736
14963,3261
14964,15164
14965,16824
14966,6932
14967,2160
14968,9784
14969,1625
14970,1625
14971,21187
14972,21182
14973,12297
14974,1852
14975,7979
14976,1089
14977,2418
14978,402
14979,1558
14980,7165
14981,191
14982,191
14983,17206
14984,15897
14985,28
14986,28
14987,3046
14988,5463
14989,5457
14990,19198
14991,5132
14992,7478
14993,3832
14994,1869
14995,9720
14996,1869
14997,13662
14998,17458
14999,3494
15000,14619
15001,14733
15002,5527
15003,15164
15004,17512
15005,17512
15006,5474
15007,14252
15008,7512
15009,15009
15010,5628
15011,21027
15012,3905
15013,3162
15014,20802
15015,3475
15016,5875
15017,1073
15018,4259
15019,8201
15020,8767
15021,8640
15022,4127
15023,4141
15024,7499
15025,16268
15026,7206
15027,1167
15028,12481
15029,6216
15030,5764
15031,4654
15032,13675
15033,2344
15034,2725
15035,17809
15036,19504
15037,8384
15038,7081
15039,1234
15040,14252
15041,4843
15042,4044
15043,4640
15044,4640
15045,951
15046,9397
15047,4157
15048,12523
15049,5580
15050,20802
15051,4279
15052,4279
15053,19369
15054,2891
15055,2891
15056,5732
15057,21187
15058,1625
15059,1625
15060,1625
15061,10078
15062,6607
15063,6607
15064,305
15065,133
15066,20802
15067,5431
15068,5431
15069,2725
15070,17206
15071,6060
15072,6498
15073,4084
15074,16282
15075,6173
15076,1076
15077,13662
15078,125
15079,1558
15080,9720
15081,458
15082,4441
15083,21223
15084,17485
15085,14252
15086,4640
15087,3242
15088,5309
15089,20348
15090,5309
15091,9720
15092,8524
15093,1558
15094,1625
15095,1433
15096,2695
15097,15897
15098,3045
15099,5043
15100,2101
15101,1234
15102,521
15103,4259
15104,1542
15105,17206
15106,5515
15107,21214
15108,4408
15109,15109
15110,518
15111,5306
15112,4524
15113,4259
15114,1369
15115,3914
15116,8273
15117,18137
15118,2695
15119,8152
15120,3905
15121,2349
15122,8767
15123,17445
15124,2901
15125,5236
15126,8006
15127,5580
15128,3242
15129,11273
15130,4524
15131,5515
15132,5580
15133,5796
15134,17512
15135,1558
15136,1558
15137,18928
15138,4654
15139,4843
15140,3546
15141,3546
15142,15565
15143,1385
15144,16289
15145,9398
15146,20274
15147,1234
15148,10537
15149,10537
15150,3915
15151,7081
15152,5129
15153,2997
15154,2793
15155,20274
15156,7337
15157,4241
15158,14306
15159,18137
15160,18137
15161,4034
15162,5796
15163,2454
15164,15164
15165,4843
15166,3796
15167,1625
15168,579
15169,20802
15170,4279
15171,4393
15172,5043
15173,10316
15174,2050
15175,7298
15176,3995
15177,618
15178,1776
15179,12526
15180,12481
15181,19274
15182,2562
15183,1558
15184,1558
15185,539
15186,20802
15187,539
15188,11176
15189,11176
15190,11176
15191,11176
15192,19199
15193,3832
15194,133
15195,7239
15196,8443
15197,8443
15198,8443
15199,12297
15200,5318
15201,2119
15202,5580
15203,125
15204,15204
15205,15282
15206,18137
15207,15207
15208,15208
15209,15209
15210,15210
15211,15211
15212,15212
15213,1558
15214,15214
15215,15215
15216,9355
15217,15217
15218,12297
15219,12297
15220,12297
15221,19372
15222,13797
15223,15223
15224,579
15225,6745
15226,163
15227,15227
15228,20802
15229,15229
15230,7180
15231,17162
15232,14252
15233,15233
15234,458
15235,15235
15236,15236
15237,8767
15238,15238
15239,8225
15240,12250
15241,14252
15242,15242
15243,3546
15244,18928
15245,4040
15246,17512
15247,15247
15248,5043
15249,16843
15250,15803
15251,2191
15252,3963
15253,18137
15254,2901
15255,4393
15256,11843
15257,3116
15258,3116
15259,15259
15260,15260
15261,15261
15262,14773
15263,10415
15264,10415
15265,18123
15266,15266
15267,20284
15268,8006
15269,15269
15270,15270
15271,15271
15272,2474
15273,7979
15274,15274
15275,8081
15276,20274
15277,5580
15278,8225
15279,5982
15280,11674
15281,17366
15282,15282
15283,8225
15284,15284
15285,15897
15286,6931
15287,13797
15288,1300
15289,1076
15290,9966
15291,3802
15292,5648
15293,1155
15294,20048
15295,18244
15296,4447
15297,3332
15298,1641
15299,1770
15300,3438
15301,8081
15302,2789
15303,8201
15304,20410
15305,3832
15306,15306
15307,12394
15308,133
15309,5875
15310,5306
15311,16793
15312,14800
15313,18473
15314,15314
15315,4654
15316,5377
15317,11406
15318,11406
15319,11406
15320,15320
15321,7877
15322,6060
15323,13856
15324,3915
15325,3438
15326,1167
15327,5875
15328,19190
15329,1625
15330,21027
15331,21027
15332,21187
15333,21187
15334,21187
15335,1625
15336,1625
15337,21187
15338,18543
15339,7052
15340,10274
15341,11773
15342,10715
15343,2524
15344,6572
15345,7256
15346,11176
15347,7956
15348,3546
15349,5275
15350,5275
15351,17206
15352,17206
15353,15353
15354,1585
15355,21187
15356,21187
15357,1770
15358,5306
15359,15359
15360,6704
15361,17206
15362,6371
15363,17445
15364,9720
15365,1742
15366,17330
15367,20259
15368,15636
15369,5580
15370,5764
15371,5764
15372,1852
15373,4911
15374,11668
15375,3046
15376,3494
15377,3162
15378,20802
15379,3162
15380,125
15381,18519
15382,7081
15383,16068
15384,810
15385,744
15386,2864
15387,9430
15388,9110
15389,19122
15390,8156
15391,18832
15392,14101
15393,8201
15394,5431
15395,1234
15396,3911
15397,15397
15398,3045
15399,3045
15400,6797
15401,5741
15402,2793
15403,2793
15404,1625
15405,17859
15406,3475
15407,5740
15408,12771
15409,3914
15410,15796
15411,14800
15412,15412
15413,1909
15414,15164
15415,3475
15416,3092
15417,3475
15418,1625
15419,1625
15420,21187
15421,18519
15422,18519
15423,18519
15424,20802
15425,9110
15426,13856
15427,18111
15428,5580
15429,10560
15430,15430
15431,9408
15432,17206
15433,3108
15434,18111
15435,17206
15436,17206
15437,5040
15438,11674
15439,14306
15440,14306
15441,951
15442,2160
15443,19009
15444,4279
15445,2562
15446,4259
15447,15236
15448,21182
15449,17513
15450,17512
15451,20802
15452,15452
15453,9399
15454,5917
15455,18832
15456,4241
15457,13036
15458,5322
15459,3088
15460,5306
15461,4241
15462,15944
15463,4300
15464,15464
15465,1185
15466,2901
15467,20802
15468,1500
15469,1500
15470,5764
15471,4120
15472,4120
15473,11674
15474,3065
15475,15353
15476,951
15477,1500
15478,3261
15479,1500
15480,14247
15481,17330
15482,9408
15483,19122
15484,19311
15485,3088
15486,5236
15487,17206
15488,17206
15489,1465
15490,518
15491,5431
15492,3045
15493,3045
15494,3045
15495,19198
15496,5580
15497,16263
15498,5377
15499,10835
15500,1573
15501,4196
15502,5740
15503,15977
15504,5740
15505,5740
15506,17859
15507,4202
15508,1167
15509,1852
15510,20802
15511,18766
15512,12297
15513,20013
15514,6498
15515,3438
15516,12523
15517,15517
15518,4990
15519,1089
15520,6371
15521,18255
15522,6371
15523,6371
15524,18255
15525,18255
15526,1076
15527,6932
15528,5741
15529,19198
15530,19198
15531,5851
15532,15897
15533,21033
15534,6080
15535,951
15536,17206
15537,10206
15538,15227
15539,11128
15540,3300
15541,757
15542,11406
15543,2853
15544,11406
15545,14475
15546,4187
15547,15591
15548,15550
15549,15550
15550,15550
15551,7989
15552,16768
15553,13856
15554,17206
15555,8156
15556,1045
15557,15557
15558,15558
15559,5741
15560,4196
15561,17309
15562,1734
15563,4259
15564,3595
15565,15565
15566,2550
15567,2725
15568,5977
15569,15569
15570,7165
15571,7165
15572,10883
15573,9386
15574,8152
15575,579
15576,6415
15577,561
15578,20871
15579,6745
15580,21187
15581,5469
15582,5732
15583,2401
15584,19190
15585,4640
15586,16843
15587,5043
15588,7165
15589,15589
15590,15590
15591,15591
15592,3162
15593,21187
15594,2550
15595,20802
15596,20274
15597,3045
15598,14674
15599,5431
15600,15600
15601,289
15602,1641
15603,4951
15604,18640
15605,18640
15606,9386
15607,5740
15608,11674
15609,15412
15610,19198
15611,515
15612,8018
15613,10274
15614,10274
15615,10274
15616,8767
15617,2775
15618,17809
15619,15947
15620,20802
15621,7979
15622,5275
15623,3162
15624,9166
15625,21187
15626,21187
15627,10883
15628,17870
15629,7979
15630,15630
15631,2578
15632,16263
15633,1796
15634,3385
15635,13347
15636,15636
15637,163
15638,15897
15639,5875
15640,15636
15641,2901
15642,5275
15643,9713
15644,1625
15645,6080
15646,7979
15647,7979
15648,5275
15649,6371
15650,15353
15651,3914
15652,4984
15653,11176
15654,1558
15655,15591
15656,15656
15657,11674
15658,15658
15659,5578
15660,3344
15661,1549
15662,3494
15663,3332
15664,5732
15665,8071
15666,7499
15667,15667
15668,120
15669,163
15670,3832
15671,20274
15672,15674
15673,21211
15674,15674
15675,4259
15676,3915
15677,17809
15678,8225
15679,12297
15680,9711
15681,541
15682,3832
15683,3832
15684,16282
15685,17445
15686,2901
15687,3915
15688,745
15689,5740
15690,4911
15691,15306
15692,12385
15693,12494
15694,16793
15695,18081
15696,15696
15697,16265
15698,15227
15699,16821
15700,8225
15701,5928
15702,5507
15703,20802
15704,10326
15705,15897
15706,232
15707,16618
15708,12297
15709,3045
15710,13684
15711,906
15712,10141
15713,10326
15714,19325
15715,3683
15716,2690
15717,3678
15718,1594
15719,3915
15720,8767
15721,18137
15722,17512
15723,1076
15724,10570
15725,9389
15726,17859
15727,5740
15728,5741
15729,5740
15730,5740
15731,5741
15732,13856
15733,3045
15734,4408
15735,2070
15736,8144
15737,8144
15738,1770
15739,1167
15740,11668
15741,7081
15742,7081
15743,4842
15744,1465
15745,458
15746,10560
15747,417
15748,6498
15749,9399
15750,16278
15751,14800
15752,15270
15753,15753
15754,581
15755,20572
15756,15756
15757,15757
15758,15758
15759,15759
15760,15760
15761,15761
15762,15762
15763,15763
15764,15764
15765,15765
15766,15766
15767,17445
15768,2803
15769,5580
15770,20348
15771,20348
15772,8071
15773,20348
15774,19260
15775,5990
15776,5309
15777,10274
15778,3143
15779,20410
15780,9386
15781,1477
15782,20857
15783,7979
15784,15784
15785,15785
15786,18132
15787,20274
15788,15813
15789,15789
15790,15790
15791,15791
15792,15792
15793,15793
15794,15794
15795,17809
15796,15796
15797,15797
15798,1496
15799,17206
15800,15800
15801,15801
15802,4141
15803,15803
15804,15804
15805,15805
15806,11668
15807,7081
15808,825
15809,16249
15810,1185
15811,15811
15812,15812
15813,15813
15814,4524
15815,2547
15816,4524
15817,11176
15818,9784
15819,17206
15820,15897
15821,6371
15822,15822
15823,16143
15824,2901
15825,3546
15826,19504
15827,1376
15828,15591
15829,15944
15830,19199
15831,2063
15832,18111
15833,5377
15834,15834
15835,15835
15836,3344
15837,15837
15838,163
15839,163
15840,2191
15841,11674
15842,780
15843,5309
15844,15757
15845,15845
15846,4512
15847,15550
15848,1796
15849,3045
15850,15850
15851,15851
15852,5875
15853,15853
15854,15853
15855,15855
15856,6600
15857,6580
15858,15858
15859,1730
15860,1730
15861,3304
15862,12506
15863,1671
15864,15850
15865,232
15866,1573
15867,15867
15868,5741
15869,15850
15870,6931
15871,6931
15872,4141
15873,15873
15874,15873
15875,15875
15876,6656
15877,14732
15878,15878
15879,15879
15880,7437
15881,6600
15882,15875
15883,15883
15884,15884
15885,14310
15886,1234
15887,1796
15888,204
15889,1770
15890,914
15891,3802
15892,2844
15893,12297
15894,12297
15895,10761
15896,15850
15897,15897
15898,7437
15899,6949
15900,4300
15901,3205
15902,5875
15903,1260
15904,4040
15905,16068
15906,16093
15907,1465
15908,15908
15909,15897
15910,2101
15911,6704
15912,912
15913,914
15914,20344
15915,1076
15916,6371
15917,1583
15918,3544
15919,3544
15920,17855
15921,2947
15922,16263
15923,7081
15924,7081
15925,13684
15926,7081
15927,15927
15928,18928
15929,4140
15930,6371
15931,5300
15932,17330
15933,2119
15934,16448
15935,5463
15936,6579
15937,9277
15938,18766
15939,9394
15940,5687
15941,1845
15942,18111
15943,13797
15944,15944
15945,7499
15946,2578
15947,15947
15948,15944
15949,20802
15950,14252
15951,1625
15952,618
15953,19374
15954,3242
15955,1045
15956,579
15957,3546
15958,5580
15959,1041
15960,1558
15961,15397
15962,2063
15963,15858
15964,16282
15965,15897
15966,16093
15967,266
15968,16093
15969,6387
15970,1477
15971,757
15972,15972
15973,6080
15974,5300
15975,20802
15976,5875
15977,15977
15978,163
15979,1852
15980,163
15981,15981
15982,13797
15983,14306
15984,10727
15985,10206
15986,9399
15987,10682
15988,266
15989,4986
15990,5875
15991,2864
15992,3546
15993,1132
15994,163
15995,15995
15996,2578
15997,17206
15998,15897
15999,6216
16000,7671
16001,2896
16002,6797
16003,3494
16004,3494
16005,15667
16006,6371
16007,15569
16008,16802
16009,5741
16010,7512
16011,13797
16012,1185
16013,20562
16014,5875
16015,5306
16016,2775
16017,2401
16018,15306
16019,569
16020,6387
16021,16263
16022,3492
16023,17117
16024,15796
16025,2496
16026,7437
16027,5431
16028,5132
16029,16029
16030,16093
16031,15591
16032,3758
16033,8662
16034,1796
16035,20146
16036,5977
16037,5977
16038,5977
16039,18137
16040,2496
16041,804
16042,1492
16043,19777
16044,20802
16045,21223
16046,951
16047,1549
16048,1102
16049,744
16050,208
16051,6949
16052,2496
16053,16939
16054,266
16055,6387
16056,15550
16057,15591
16058,15550
16059,15897
16060,3088
16061,15757
16062,11661
16063,19311
16064,10415
16065,15850
16066,17512
16067,5239
16068,16068
16069,3108
16070,5741
16071,16071
16072,64
16073,3544
16074,19173
16075,28
16076,17809
16077,16793
16078,18137
16079,16079
16080,7165
16081,13581
16082,18646
16083,15897
16084,7461
16085,17809
16086,3186
16087,11176
16088,16088
16089,18123
16090,3045
16091,5788
16092,15762
16093,16093
16094,2206
16095,7478
16096,1625
16097,1076
16098,7165
16099,2901
16100,7956
16101,15789
16102,20271
16103,11273
16104,2160
16105,4424
16106,20802
16107,5143
16108,9076
16109,21049
16110,14630
16111,21054
16112,10326
16113,3807
16114,13797
16115,16115
16116,3546
16117,232
16118,6572
16119,1418
16120,4040
16121,4842
16122,19787
16123,3914
16124,18137
16125,11176
16126,679
16127,5474
16128,16128
16129,14579
16130,15270
16131,518
16132,1770
16133,2564
16134,6415
16135,15897
16136,16093
16137,1182
16138,1770
16139,4724
16140,16093
16141,6387
16142,8945
16143,16143
16144,6498
16145,15897
16146,3544
16147,14252
16148,1558
16149,12364
16150,5796
16151,1465
16152,539
16153,18937
16154,5897
16155,163
16156,163
16157,9386
16158,9386
16159,7527
16160,8439
16161,972
16162,1879
16163,7527
16164,5275
16165,7979
16166,18977
16167,18891
16168,18470
16169,17512
16170,17512
16171,20434
16172,19311
16173,20410
16174,4520
16175,5836
16176,5225
16177,21187
16178,11775
16179,16278
16180,9389
16181,19513
16182,15667
16183,19190
16184,19122
16185,16185
16186,6877
16187,5788
16188,17905
16189,5788
16190,19374
16191,5788
16192,19513
16193,6722
16194,5178
16195,7744
16196,5740
16197,1625
16198,1852
16199,17485
16200,1852
16201,3003
16202,15897
16203,16093
16204,1558
16205,13856
16206,2864
16207,13856
16208,13856
16209,19374
16210,1477
16211,5178
16212,3045
16213,3045
16214,20802
16215,3546
16216,18137
16217,7081
16218,14140
16219,2740
16220,19388
16221,13675
16222,2119
16223,163
16224,163
16225,20057
16226,5019
16227,16227
16228,16228
16229,18255
16230,18255
16231,18255
16232,16232
16233,16233
16234,16234
16235,16235
16236,16236
16237,16237
16238,15282
16239,11176
16240,16240
16241,16241
16242,16242
16243,16243
16244,16244
16245,16245
16246,19372
16247,16247
16248,13581
16249,16249
16250,3768
16251,20735
16252,16252
16253,16253
16254,16254
16255,16255
16256,16256
16257,16257
16258,16258
16259,16259
16260,16260
16261,16261
16262,16262
16263,16263
16264,16264
16265,16265
16266,16266
16267,16267
16268,16268
16269,163
16270,1852
16271,163
16272,5805
16273,63
16274,16274
16275,16275
16276,16276
16277,16277
16278,16278
16279,16279
16280,16282
16281,16282
16282,16282
16283,1796
16284,6426
16285,12297
16286,7206
16287,16287
16288,16288
16289,16289
16290,1167
16291,11674
16292,7989
16293,14475
16294,16294
16295,19099
16296,16296
16297,2550
16298,17512
16299,5836
16300,4986
16301,16301
16302,16302
16303,16303
16304,16304
16305,16305
16306,28
16307,19009
16308,305
16309,15897
16310,4724
16311,4724
16312,1549
16313,4724
16314,5245
16315,16315
16316,16316
16317,4520
16318,3320
16319,11406
16320,11176
16321,18703
16322,19880
16323,16323
16324,10682
16325,4520
16326,16326
16327,16327
16328,16328
16329,3003
16330,3003
16331,5875
16332,16332
16333,16288
16334,3494
16335,16249
16336,458
16337,458
16338,458
16339,458
16340,458
16341,458
16342,16249
16343,16249
16344,16448
16345,16448
16346,16448
16347,3003
16348,15897
16349,920
16350,28
16351,16448
16352,16249
16353,16249
16354,8225
16355,579
16356,9399
16357,20274
16358,7480
16359,13581
16360,21049
16361,16361
16362,5836
16363,4520
16364,4520
16365,4524
16366,4524
16367,7671
16368,730
16369,17206
16370,1018
16371,8664
16372,305
16373,2562
16374,2562
16375,3116
16376,7480
16377,11957
16378,12483
16379,1418
16380,17576
16381,4044
16382,4044
16383,7165
16384,16384
16385,10682
16386,19311
16387,17855
16388,16388
16389,16389
16390,8201
16391,2344
16392,18111
16393,5796
16394,305
16395,744
16396,744
16397,3911
16398,19122
16399,19122
16400,16288
16401,13581
16402,16402
16403,15897
16404,10273
16405,4986
16406,16406
16407,744
16408,5056
16409,15897
16410,5648
16411,8144
16412,16412
16413,14630
16414,9906
16415,16823
16416,16093
16417,16093
16418,16288
16419,8664
16420,20237
16421,2643
16422,16288
16423,16764
16424,125
16425,21214
16426,16755
16427,10760
16428,15927
16429,3772
16430,1292
16431,3969
16432,3969
16433,17206
16434,17206
16435,13733
16436,15897
16437,20802
16438,15927
16439,1625
16440,5875
16441,6568
16442,17206
16443,17206
16444,7165
16445,458
16446,458
16447,16249
16448,16448
16449,6580
16450,2995
16451,5321
16452,4408
16453,16939
16454,18453
16455,837
16456,3162
16457,232
16458,9166
16459,1625
16460,13812
16461,11674
16462,11674
16463,11668
16464,11674
16465,11674
16466,11674
16467,8686
16468,903
16469,79
16470,5788
16471,13675
16472,15897
16473,17206
16474,9398
16475,16289
16476,16249
16477,16274
16478,16278
16479,1742
16480,8384
16481,5788
16482,1944
16483,18928
16484,3768
16485,2119
16486,20802
16487,18474
16488,3045
16489,6580
16490,2349
16491,15897
16492,458
16493,14310
16494,14733
16495,6151
16496,11273
16497,3915
16498,5741
16499,17309
16500,17309
16501,7239
16502,2153
16503,8664
16504,8662
16505,8664
16506,10326
16507,6656
16508,2550
16509,1852
16510,5580
16511,18123
16512,458
16513,19761
16514,17795
16515,458
16516,4640
16517,19374
16518,458
16519,19122
16520,19190
16521,19122
16522,19122
16523,19190
16524,19282
16525,4044
16526,18766
16527,12627
16528,16263
16529,458
16530,458
16531,18474
16532,15282
16533,6568
16534,16534
16535,7081
16536,458
16537,163
16538,19606
16539,3772
16540,20057
16541,3768
16542,15430
16543,5377
16544,20062
16545,5764
16546,3832
16547,3832
16548,11176
16549,5306
16550,266
16551,17206
16552,359
16553,3242
16554,4994
16555,5463
16556,13581
16557,4640
16558,21187
16559,2867
16560,1368
16561,20802
16562,3050
16563,6572
16564,7989
16565,18646
16566,16566
16567,3373
16568,2496
16569,7165
16570,16278
16571,19558
16572,5875
16573,18842
16574,16802
16575,19311
16576,5875
16577,16577
16578,1647
16579,16605
16580,16605
16581,6151
16582,19128
16583,18059
16584,18928
16585,2768
16586,903
16587,13581
16588,12523
16589,2947
16590,6371
16591,6371
16592,20608
16593,18056
16594,458
16595,12959
16596,18935
16597,18935
16598,16249
16599,18056
16600,5580
16601,11332
16602,8997
16603,1625
16604,2119
16605,16605
16606,4843
16607,163
16608,163
16609,2787
16610,9389
16611,1549
16612,9389
16613,15897
16614,15897
16615,4259
16616,16618
16617,16618
16618,16618
16619,21027
16620,951
16621,5220
16622,2633
16623,10326
16624,1465
16625,10326
16626,6060
16627,3905
16628,3050
16629,13581
16630,1730
16631,10326
16632,19349
16633,7165
16634,7256
16635,16729
16636,19122
16637,19122
16638,5474
16639,4774
16640,11273
16641,2180
16642,19880
16643,20057
16644,12297
16645,19311
16646,539
16647,1369
16648,2695
16649,7760
16650,7081
16651,5321
16652,6057
16653,1594
16654,18137
16655,1625
16656,1234
16657,1111
16658,163
16659,7989
16660,13581
16661,5875
16662,15897
16663,19504
16664,1076
16665,16665
16666,163
16667,20344
16668,19504
16669,9394
16670,458
16671,20434
16672,20434
16673,12447
16674,1625
16675,5097
16676,5740
16677,17859
16678,11668
16679,12250
16680,6932
16681,18084
16682,3832
16683,6173
16684,8220
16685,3832
16686,3832
16687,8220
16688,7979
16689,5795
16690,15897
16691,2153
16692,2153
16693,2853
16694,1734
16695,18323
16696,119
16697,1558
16698,832
16699,12250
16700,12379
16701,18111
16702,7989
16703,12627
16704,2850
16705,19158
16706,13347
16707,16068
16708,5287
16709,951
16710,789
16711,1292
16712,899
16713,2848
16714,16249
16715,16785
16716,21033
16717,5457
16718,11668
16719,14579
16720,17485
16721,21054
16722,2695
16723,2695
16724,2695
16725,16725
16726,16726
16727,518
16728,16728
16729,16729
16730,6226
16731,16731
16732,20802
16733,16733
16734,16824
16735,16735
16736,16736
16737,16737
16738,16738
16739,16739
16740,6422
16741,16741
16742,16742
16743,16743
16744,16744
16745,16745
16746,18056
16747,458
16748,1670
16749,16749
16750,16750
16751,16751
16752,16752
16753,16753
16754,16754
16755,16755
16756,10746
16757,17206
16758,19504
16759,16759
16760,16822
16761,16761
16762,16762
16763,16763
16764,16764
16765,16765
16766,16766
16767,16767
16768,16768
16769,16769
16770,16770
16771,15897
16772,16741
16773,16773
16774,10079
16775,16775
16776,16776
16777,305
16778,1776
16779,7016
16780,16780
16781,16781
16782,8686
16783,1852
16784,16388
16785,16785
16786,16786
16787,16787
16788,16788
16789,16789
16790,16790
16791,16791
16792,16792
16793,16793
16794,16794
16795,16795
16796,458
16797,3242
16798,14103
16799,16799
16800,1167
16801,6422
16802,16802
16803,16802
16804,13347
16805,13347
16806,16806
16807,16807
16808,16808
16809,16093
16810,16810
16811,4790
16812,16812
16813,17206
16814,17206
16815,9386
16816,18137
16817,18111
16818,16818
16819,16819
16820,18474
16821,16821
16822,16822
16823,16823
16824,16824
16825,16825
16826,16826
16827,1796
16828,9389
16829,17206
16830,20604
16831,10415
16832,17576
16833,20822
16834,20423
16835,5240
16836,539
16837,6151
16838,7989
16839,2784
16840,15897
16841,358
16842,13581
16843,16843
16844,16844
16845,16845
16846,1852
16847,638
16848,16848
16849,16849
16850,16850
16851,12523
16852,12394
16853,3911
16854,6210
16855,6797
16856,16294
16857,5580
16858,4259
16859,8495
16860,19504
16861,3442
16862,16862
16863,6607
16864,11273
16865,7545
16866,7337
16867,7337
16868,4044
16869,19517
16870,16870
16871,17330
16872,5542
16873,9399
16874,16741
16875,2789
16876,16876
16877,8767
16878,7512
16879,5580
16880,16755
16881,397
16882,4141
16883,6797
16884,6797
16885,6797
16886,20348
16887,18729
16888,20348
16889,6600
16890,15796
16891,4668
16892,1433
16893,6607
16894,2913
16895,17859
16896,17859
16897,1234
16898,11273
16899,6151
16900,17206
16901,13347
16902,5875
16903,16903
16904,15282
16905,5919
16906,5919
16907,5919
16908,5162
16909,1234
16910,6151
16911,6151
16912,1234
16913,6151
16914,6151
16915,20802
16916,12250
16917,6700
16918,11661
16919,19504
16920,2784
16921,16787
16922,10988
16923,3003
16924,9920
16925,19282
16926,13036
16927,2454
16928,3970
16929,12250
16930,1045
16931,5875
16932,11273
16933,4792
16934,16934
16935,13346
16936,6797
16937,163
16938,4851
16939,16939
16940,6797
16941,9389
16942,8997
16943,7877
16944,2119
16945,3772
16946,19374
16947,20802
16948,13346
16949,3475
16950,17309
16951,17366
16952,15565
16953,3475
16954,554
16955,4259
16956,12550
16957,17512
16958,17120
16959,3915
16960,17859
16961,17859
16962,3475
16963,3003
16964,7989
16965,15282
16966,17309
16967,3476
16968,7543
16969,2119
16970,5580
16971,8997
16972,4286
16973,14225
16974,3970
16975,18056
16976,6602
16977,17576
16978,5019
16979,15897
16980,15897
16981,8201
16982,6797
16983,8238
16984,8238
16985,3494
16986,5740
16987,17309
16988,17309
16989,3475
16990,17309
16991,16268
16992,15353
16993,6151
16994,15897
16995,18928
16996,3000
16997,7499
16998,6371
16999,18928
17000,2160
17001,19756
17002,16802
17003,11668
17004,7337
17005,18474
17006,15897
17007,15897
17008,16741
17009,14475
17010,11176
17011,8384
17012,18137
17013,18123
17014,1558
17015,20802
17016,17576
17017,17576
17018,2578
17019,18474
17020,20802
17021,2115
17022,15897
17023,20600
17024,7165
17025,7165
17026,744
17027,28
17028,17206
17029,1852
17030,458
17031,125
17032,12250
17033,16288
17034,3768
17035,17206
17036,17206
17037,6371
17038,7499
17039,15897
17040,17206
17041,3108
17042,20802
17043,2548
17044,20802
17045,18832
17046,13856
17047,7499
17048,64
17049,18244
17050,6060
17051,9732
17052,1864
17053,5805
17054,9809
17055,2848
17056,2191
17057,19504
17058,5580
17059,16294
17060,5236
17061,832
17062,17576
17063,1076
17064,5741
17065,3475
17066,6877
17067,3475
17068,18832
17069,6602
17070,5580
17071,6151
17072,18819
17073,16384
17074,15897
17075,15897
17076,15853
17077,5580
17078,5236
17079,9389
17080,17206
17081,5275
17082,16289
17083,5275
17084,17084
17085,19198
17086,3546
17087,4259
17088,12297
17089,4044
17090,18137
17091,18137
17092,6216
17093,16304
17094,17094
17095,1625
17096,2070
17097,15897
17098,19122
17099,4487
17100,19372
17101,18466
17102,16789
17103,17206
17104,4259
17105,4279
17106,17106
17107,17107
17108,17108
17109,17109
17110,17110
17111,17111
17112,17112
17113,17113
17114,3475
17115,3475
17116,6151
17117,17117
17118,17118
17119,17119
17120,17120
17121,17121
17122,951
17123,17123
17124,789
17125,17125
17126,17126
17127,17127
17128,17128
17129,17129
17130,17130
17131,17131
17132,17132
17133,17133
17134,17134
17135,17135
17136,17136
17137,7145
17138,2322
17139,5977
17140,79
17141,11176
17142,12416
17143,17143
17144,5740
17145,3544
17146,2291
17147,1970
17148,9104
17149,17149
17150,6609
17151,7979
17152,16068
17153,16068
17154,20802
17155,7337
17156,11176
17157,17157
17158,17158
17159,7979
17160,17161
17161,17161
17162,17162
17163,17206
17164,11176
17165,17165
17166,17166
17167,1542
17168,6629
17169,10682
17170,8201
17171,4157
17172,17309
17173,204
17174,17206
17175,16755
17176,6216
17177,17859
17178,9821
17179,17859
17180,17309
17181,19880
17182,4157
17183,4157
17184,4157
17185,21187
17186,21187
17187,17187
17188,3911
17189,3911
17190,11459
17191,3003
17192,927
17193,20631
17194,13693
17195,15164
17196,17576
17197,2547
17198,18766
17199,16822
17200,19325
17201,4196
17202,17859
17203,17859
17204,5236
17205,3475
17206,17206
17207,17206
17208,4279
17209,7478
17210,20250
17211,4259
17212,4984
17213,4196
17214,18819
17215,2784
17216,2153
17217,3045
17218,17206
17219,17219
17220,16068
17221,8997
17222,1796
17223,1796
17224,9389
17225,18400
17226,2913
17227,9430
17228,17228
17229,2119
17230,17206
17231,16743
17232,18474
17233,9386
17234,7527
17235,14619
17236,6797
17237,17237
17238,8273
17239,5740
17240,193
17241,12959
17242,15897
17243,17859
17244,3915
17245,1625
17246,3911
17247,1076
17248,13581
17249,11459
17250,1558
17251,16793
17252,1134
17253,8006
17254,388
17255,8006
17256,541
17257,18819
17258,3546
17259,20410
17260,1076
17261,19558
17262,2349
17263,2153
17264,5740
17265,12297
17266,3476
17267,3162
17268,1349
17269,16406
17270,5239
17271,8128
17272,4141
17273,17109
17274,7081
17275,17809
17276,19122
17277,20857
17278,20832
17279,20860
17280,6498
17281,17859
17282,20802
17283,5741
17284,5741
17285,7639
17286,19734
17287,10415
17288,17309
17289,18937
17290,5239
17291,9386
17292,2119
17293,5740
17294,6877
17295,17309
17296,2562
17297,2562
17298,2427
17299,11459
17300,5377
17301,12221
17302,17134
17303,6602
17304,8201
17305,5464
17306,5580
17307,11273
17308,15884
17309,17309
17310,19388
17311,4986
17312,4986
17313,10415
17314,20587
17315,10415
17316,10415
17317,10415
17318,10415
17319,19009
17320,17206
17321,10110
17322,20802
17323,18444
17324,6580
17325,18323
17326,18323
17327,7527
17328,7527
17329,2784
17330,17330
17331,17206
17332,5717
17333,5717
17334,5580
17335,21049
17336,4034
17337,2349
17338,2349
17339,2349
17340,17309
17341,17309
17342,20344
17343,18819
17344,12250
17345,1960
17346,2349
17347,2125
17348,18832
17349,9759
17350,12523
17351,1785
17352,736
17353,13581
17354,19311
17355,9399
17356,19536
17357,21187
17358,8686
17359,96
17360,3167
17361,11674
17362,17859
17363,6373
17364,3995
17365,20144
17366,17366
17367,19785
17368,4157
17369,1657
17370,424
17371,17809
17372,20802
17373,305
17374,11176
17375,20735
17376,18323
17377,11176
17378,9713
17379,6602
17380,16824
17381,19213
17382,5875
17383,2373
17384,6607
17385,20857
17386,3915
17387,17162
17388,3915
17389,554
17390,17162
17391,9399
17392,8997
17393,972
17394,8273
17395,18244
17396,15897
17397,3045
17398,4279
17399,5764
17400,12523
17401,19374
17402,6498
17403,4141
17404,16785
17405,14620
17406,5875
17407,9399
17408,10415
17409,3546
17410,19728
17411,17206
17412,1770
17413,8664
17414,939
17415,10326
17416,10326
17417,21187
17418,8273
17419,10761
17420,10761
17421,10761
17422,6269
17423,5208
17424,12297
17425,18255
17426,736
17427,8006
17428,5875
17429,17429
17430,17430
17431,17431
17432,17432
17433,17433
17434,2848
17435,17435
17436,17436
17437,17437
17438,17438
17439,17439
17440,17440
17441,8006
17442,17442
17443,7989
17444,3088
17445,17445
17446,17446
17447,3911
17448,19311
17449,21223
17450,17450
17451,17451
17452,17452
17453,17453
17454,17454
17455,17455
17456,17456
17457,17457
17458,17458
17459,3911
17460,17460
17461,17437
17462,17462
17463,2913
17464,2119
17465,2119
17466,2119
17467,2119
17468,5322
17469,15282
17470,17470
17471,3658
17472,9386
17473,7979
17474,4219
17475,17475
17476,17476
17477,8767
17478,17478
17479,17479
17480,780
17481,17481
17482,17482
17483,18928
17484,17206
17485,17485
17486,17486
17487,5132
17488,17488
17489,811
17490,17859
17491,921
17492,6877
17493,11411
17494,20802
17495,7337
17496,13327
17497,16093
17498,6224
17499,4984
17500,1260
17501,18779
17502,12297
17503,2180
17504,19282
17505,325
17506,17506
17507,3045
17508,6170
17509,15397
17510,17510
17511,12523
17512,17512
17513,17513
17514,17514
17515,8208
17516,3911
17517,17517
17518,19766
17519,15164
17520,17520
17521,13347
17522,17206
17523,17523
17524,3905
17525,1185
17526,1185
17527,17527
17528,17528
17529,3802
17530,18123
17531,5580
17532,5977
17533,7979
17534,14247
17535,17535
17536,4232
17537,18900
17538,4232
17539,4232
17540,15897
17541,14475
17542,20604
17543,18695
17544,19251
17545,12297
17546,6170
17547,17547
17548,1433
17549,1796
17550,17512
17551,1852
17552,20802
17553,20802
17554,6797
17555,14579
17556,18430
17557,424
17558,424
17559,424
17560,17560
17561,17458
17562,17562
17563,193
17564,7512
17565,19741
17566,4279
17567,6877
17568,5236
17569,1882
17570,1292
17571,9811
17572,7256
17573,1542
17574,3911
17575,18323
17576,17576
17577,4454
17578,1292
17579,1292
17580,10682
17581,12394
17582,3475
17583,15897
17584,6151
17585,11411
17586,4259
17587,1558
17588,1492
17589,12494
17590,18123
17591,18123
17592,16384
17593,20802
17594,6697
17595,8997
17596,8997
17597,18430
17598,16088
17599,17437
17600,17206
17601,5875
17602,4157
17603,18425
17604,18255
17605,19115
17606,7512
17607,7512
17608,11176
17609,5056
17610,554
17611,15944
17612,15589
17613,17237
17614,5239
17615,5580
17616,17437
17617,3332
17618,17855
17619,11411
17620,16068
17621,20342
17622,18081
17623,804
17624,20822
17625,4640
17626,4044
17627,17475
17628,15897
17629,3911
17630,20802
17631,5464
17632,579
17633,3046
17634,3046
17635,3046
17636,3678
17637,18123
17638,15282
17639,18137
17640,21187
17641,17309
17642,5740
17643,17309
17644,1625
17645,19558
17646,5732
17647,3344
17648,18766
17649,18137
17650,17309
17651,19374
17652,15164
17653,5287
17654,4984
17655,18519
17656,18519
17657,18519
17658,6656
17659,11273
17660,11273
17661,11674
17662,17859
17663,17309
17664,17309
17665,1585
17666,2784
17667,17206
17668,17206
17669,17206
17670,1292
17671,1610
17672,17672
17673,2383
17674,125
17675,17675
17676,19117
17677,1811
17678,17678
17679,17679
17680,18192
17681,18519
17682,12297
17683,15977
17684,17162
17685,3819
17686,2164
17687,5056
17688,5004
17689,5525
17690,9398
17691,9389
17692,17109
17693,4141
17694,10651
17695,7979
17696,11411
17697,7979
17698,16824
17699,11843
17700,17700
17701,15565
17702,7544
17703,20012
17704,17470
17705,4300
17706,4300
17707,18192
17708,18519
17709,18519
17710,4436
17711,4984
17712,3911
17713,3046
17714,17859
17715,7527
17716,18134
17717,21212
17718,18123
17719,18123
17720,18123
17721,20604
17722,20604
17723,18430
17724,15164
17725,4157
17726,17437
17727,7969
17728,11273
17729,18255
17730,11273
17731,458
17732,15589
17733,18430
17734,15897
17735,7165
17736,19369
17737,15164
17738,17809
17739,2115
17740,1292
17741,4438
17742,4039
17743,8986
17744,193
17745,4984
17746,8662
17747,5875
17748,17748
17749,17749
17750,17750
17751,7956
17752,7956
17753,3088
17754,17754
17755,17755
17756,17756
17757,17757
17758,17758
17759,17759
17760,17760
17761,17761
17762,17762
17763,17763
17764,17764
17765,17765
17766,5580
17767,3167
17768,17768
17769,17769
17770,18255
17771,17771
17772,17772
17773,17773
17774,17774
17775,17775
17776,17776
17777,15789
17778,17206
17779,17779
17780,3911
17781,16605
17782,19122
17783,17783
17784,19115
17785,17206
17786,15897
17787,17830
17788,17788
17789,17789
17790,5275
17791,7979
17792,6933
17793,12959
17794,18192
17795,17795
17796,17206
17797,17797
17798,17798
17799,17799
17800,11176
17801,7979
17802,18192
17803,16825
17804,17433
17805,19195
17806,1182
17807,19762
17808,4549
17809,17809
17810,3678
17811,7979
17812,17433
17813,18109
17814,11411
17815,17462
17816,17816
17817,2643
17818,11674
17819,18430
17820,20266
17821,19198
17822,19374
17823,19374
17824,7478
17825,7543
17826,7543
17827,17827
17828,17828
17829,17829
17830,17830
17831,18192
17832,4493
17833,2787
17834,5740
17835,1182
17836,17836
17837,9398
17838,4157
17839,15897
17840,14225
17841,17841
17842,17836
17843,18079
17844,4986
17845,1182
17846,18081
17847,2101
17848,19368
17849,9076
17850,6568
17851,518
17852,19380
17853,6568
17854,679
17855,17855
17856,7298
17857,18376
17858,17859
17859,17859
17860,1167
17861,5875
17862,19504
17863,5875
17864,6151
17865,5056
17866,4044
17867,4044
17868,15412
17869,21187
17870,17870
17871,1782
17872,18376
17873,18192
17874,1654
17875,17875
17876,17876
17877,4232
17878,17878
17879,8945
17880,13581
17881,15995
17882,1625
17883,18478
17884,18951
17885,1577
17886,3194
17887,7081
17888,17206
17889,20284
17890,3440
17891,20329
17892,7461
17893,2070
17894,17894
17895,17895
17896,4044
17897,6600
17898,5764
17899,20562
17900,18192
17901,4436
17902,19364
17903,5515
17904,4447
17905,17905
17906,17906
17907,5788
17908,2309
17909,17775
17910,4319
17911,5951
17912,1300
17913,5208
17914,15834
17915,2609
17916,18192
17917,8225
17918,10274
17919,3678
17920,7979
17921,7979
17922,6080
17923,17206
17924,1625
17925,17925
17926,312
17927,11674
17928,11668
17929,9399
17930,20600
17931,20802
17932,3911
17933,3911
17934,3911
17935,17828
17936,6173
17937,7165
17938,7165
17939,18928
17940,17940
17941,17941
17942,17942
17943,17943
17944,17944
17945,17945
17946,17946
17947,17947
17948,17948
17949,2290
17950,20013
17951,5610
17952,9386
17953,17309
17954,2913
17955,9399
17956,6419
17957,19116
17958,3678
17959,7081
17960,17960
17961,11176
17962,7512
17963,17512
17964,19504
17965,4408
17966,6151
17967,18474
17968,7639
17969,9389
17970,15897
17971,19369
17972,8662
17973,17973
17974,19374
17975,5236
17976,539
17977,7081
17978,7081
17979,17783
17980,2867
17981,19311
17982,14620
17983,18461
17984,17237
17985,18323
17986,7979
17987,2191
17988,17512
17989,17859
17990,17859
17991,17859
17992,17859
17993,4259
17994,6797
17995,19190
17996,3911
17997,3911
17998,3911
17999,4984
18000,18192
18001,2901
18002,11176
18003,11176
18004,2901
18005,17206
18006,18552
18007,18007
18008,18079
18009,5977
18010,1089
18011,163
18012,18012
18013,14732
18014,8006
18015,15897
18016,4259
18017,16068
18018,232
18019,5463
18020,1596
18021,18766
18022,17576
18023,2160
18024,17206
18025,2901
18026,18109
18027,1782
18028,7081
18029,7081
18030,7081
18031,18376
18032,4984
18033,7081
18034,951
18035,2867
18036,15834
18037,4157
18038,4157
18039,4157
18040,19199
18041,458
18042,17237
18043,21054
18044,261
18045,18376
18046,745
18047,18423
18048,4300
18049,18049
18050,18050
18051,18051
18052,18052
18053,18430
18054,18054
18055,18055
18056,18056
18057,18057
18058,18058
18059,18059
18060,18060
18061,18061
18062,18062
18063,18063
18064,2643
18065,18065
18066,18066
18067,15878
18068,18068
18069,18069
18070,18070
18071,18071
18072,18072
18073,18073
18074,18074
18075,18075
18076,18076
18077,18077
18078,18078
18079,18079
18080,5977
18081,18081
18082,18082
18083,11273
18084,18084
18085,18085
18086,18086
18087,5956
18088,18088
18089,18089
18090,1477
18091,539
18092,18244
18093,20802
18094,4044
18095,18095
18096,13856
18097,18097
18098,18198
18099,5875
18100,1477
18101,16093
18102,16093
18103,15164
18104,18104
18105,18244
18106,2180
18107,1234
18108,18108
18109,18109
18110,18110
18111,18111
18112,18111
18113,10570
18114,18111
18115,18111
18116,16277
18117,16093
18118,11273
18119,11668
18120,2180
18121,18111
18122,4330
18123,18123
18124,4279
18125,18376
18126,18244
18127,7956
18128,20600
18129,6573
18130,18130
18131,18131
18132,18132
18133,18134
18134,18134
18135,18135
18136,1356
18137,18137
18138,539
18139,539
18140,3930
18141,18935
18142,18142
18143,5275
18144,18144
18145,8225
18146,5740
18147,17859
18148,18111
18149,6873
18150,16278
18151,18838
18152,18081
18153,3385
18154,18111
18155,18155
18156,18156
18157,7180
18158,11273
18159,7180
18160,18160
18161,18134
18162,19766
18163,6151
18164,539
18165,539
18166,1475
18167,5687
18168,4843
18169,18836
18170,7956
18171,16802
18172,4034
18173,18430
18174,18174
18175,18123
18176,18123
18177,18137
18178,8997
18179,8997
18180,19374
18181,20410
18182,18646
18183,4637
18184,18111
18185,13084
18186,12627
18187,2206
18188,2206
18189,18189
18190,18190
18191,7979
18192,18192
18193,6387
18194,20410
18195,17870
18196,7956
18197,20410
18198,18198
18199,19198
18200,1477
18201,20802
18202,6173
18203,19374
18204,7979
18205,5043
18206,17206
18207,18207
18208,5025
18209,16093
18210,5025
18211,7950
18212,7950
18213,1960
18214,17870
18215,18819
18216,539
18217,19374
18218,18218
18219,15897
18220,9386
18221,6607
18222,16093
18223,4034
18224,5580
18225,18466
18226,539
18227,539
18228,3911
18229,1167
18230,2196
18231,6151
18232,18376
18233,18233
18234,5525
18235,1475
18236,539
18237,539
18238,539
18239,5056
18240,5525
18241,7461
18242,20146
18243,8217
18244,18244
18245,3683
18246,1477
18247,17576
18248,3321
18249,18192
18250,11273
18251,19311
18252,679
18253,18478
18254,6607
18255,18255
18256,3494
18257,539
18258,4044
18259,1625
18260,19734
18261,20802
18262,9399
18263,7512
18264,18264
18265,17206
18266,17478
18267,13327
18268,1475
18269,16093
18270,1477
18271,18109
18272,539
18273,20802
18274,11843
18275,1134
18276,1475
18277,17309
18278,12773
18279,19374
18280,11273
18281,7979
18282,1185
18283,1477
18284,750
18285,3569
18286,17206
18287,17206
18288,7979
18289,7979
18290,7979
18291,6387
18292,21054
18293,12658
18294,1865
18295,12669
18296,3569
18297,744
18298,744
18299,18137
18300,18123
18301,9394
18302,20802
18303,19349
18304,15227
18305,10206
18306,7360
18307,7360
18308,12669
18309,17830
18310,232
18311,18311
18312,13036
18313,1465
18314,11273
18315,17206
18316,5525
18317,18430
18318,18192
18319,1477
18320,2901
18321,15164
18322,4986
18323,18323
18324,5580
18325,17309
18326,15565
18327,19734
18328,4044
18329,11674
18330,7206
18331,63
18332,18645
18333,1419
18334,19544
18335,20802
18336,7979
18337,20802
18338,10682
18339,9104
18340,18123
18341,18123
18342,9398
18343,3569
18344,9104
18345,3569
18346,6530
18347,539
18348,18348
18349,18928
18350,1368
18351,6151
18352,4044
18353,18123
18354,7512
18355,2901
18356,18137
18357,12394
18358,16093
18359,18137
18360,17830
18361,9399
18362,3683
18363,5580
18364,18466
18365,18466
18366,17458
18367,18470
18368,20410
18369,2206
18370,18077
18371,18077
18372,18372
18373,5525
18374,17797
18375,10537
18376,18376
18377,2867
18378,10761
18379,20012
18380,16093
18381,17700
18382,7877
18383,18111
18384,17700
18385,17700
18386,539
18387,7956
18388,17700
18389,18137
18390,539
18391,18474
18392,18474
18393,2643
18394,2643
18395,18395
18396,18396
18397,18397
18398,18398
18399,18399
18400,18400
18401,18401
18402,18402
18403,18403
18404,18404
18405,18405
18406,18406
18407,18407
18408,18408
18409,18409
18410,7081
18411,7081
18412,8945
18413,18413
18414,18414
18415,18415
18416,18416
18417,18111
18418,18418
18419,18419
18420,18420
18421,18421
18422,18422
18423,18423
18424,18424
18425,18425
18426,18426
18427,18427
18428,18428
18429,18429
18430,18430
18431,18431
18432,18432
18433,18433
18434,15164
18435,18435
18436,18436
18437,18437
18438,12297
18439,18439
18440,18440
18441,18646
18442,20434
18443,18443
18444,18444
18445,19122
18446,1477
18447,18447
18448,18448
18449,18449
18450,18450
18451,18466
18452,2864
18453,18453
18454,18453
18455,18455
18456,18456
18457,18457
18458,18458
18459,18459
18460,6373
18461,18461
18462,6877
18463,8217
18464,8217
18465,5740
18466,18466
18467,18467
18468,18430
18469,18469
18470,18470
18471,6387
18472,1076
18473,18473
18474,18474
18475,11674
18476,10436
18477,16249
18478,18478
18479,18130
18480,539
18481,18218
18482,18482
18483,688
18484,19787
18485,2789
18486,11411
18487,18487
18488,19282
18489,18376
18490,18490
18491,10418
18492,18111
18493,18111
18494,18457
18495,18457
18496,4319
18497,1356
18498,7639
18499,17206
18500,5052
18501,5052
18502,18502
18503,18130
18504,5052
18505,5052
18506,17576
18507,18244
18508,1235
18509,11273
18510,11273
18511,11273
18512,11273
18513,1235
18514,5245
18515,1433
18516,7420
18517,12297
18518,18430
18519,18519
18520,15667
18521,18056
18522,9386
18523,16093
18524,539
18525,539
18526,539
18527,18192
18528,1465
18529,19374
18530,19374
18531,18478
18532,18532
18533,539
18534,539
18535,4127
18536,15667
18537,4640
18538,14225
18539,18111
18540,18111
18541,18474
18542,5788
18543,18543
18544,19122
18545,19122
18546,15897
18547,5431
18548,18123
18549,18691
18550,6224
18551,6053
18552,18552
18553,5989
18554,8203
18555,6877
18556,3475
18557,20101
18558,6570
18559,18376
18560,19374
18561,17576
18562,20410
18563,18478
18564,6579
18565,18111
18566,18123
18567,5285
18568,232
18569,20802
18570,13856
18571,20802
18572,20802
18573,15897
18574,20410
18575,18470
18576,17859
18577,3475
18578,5740
18579,388
18580,5875
18581,18111
18582,18430
18583,1155
18584,3475
18585,18430
18586,5525
18587,15897
18588,15282
18589,7081
18590,3832
18591,5875
18592,5875
18593,18593
18594,3047
18595,9389
18596,17576
18597,17576
18598,17206
18599,18068
18600,11674
18601,10682
18602,18425
18603,5977
18604,18604
18605,19833
18606,3475
18607,17830
18608,19198
18609,18430
18610,18430
18611,6877
18612,17809
18613,10326
18614,1865
18615,14619
18616,14619
18617,8201
18618,20795
18619,18457
18620,18457
18621,18457
18622,18474
18623,17206
18624,1417
18625,18081
18626,5507
18627,7760
18628,5875
18629,1433
18630,18730
18631,539
18632,20735
18633,7081
18634,8686
18635,5640
18636,7478
18637,18637
18638,18638
18639,18639
18640,18640
18641,18641
18642,18642
18643,18244
18644,4438
18645,18645
18646,18646
18647,18647
18648,18648
18649,18649
18650,5580
18651,18651
18652,18652
18653,18653
18654,18654
18655,18653
18656,18656
18657,18657
18658,18658
18659,18658
18660,18660
18661,18661
18662,18662
18663,18663
18664,18664
18665,18665
18666,18666
18667,18667
18668,18457
18669,18457
18670,18670
18671,18671
18672,18672
18673,11273
18674,11406
18675,18675
18676,16294
18677,18457
18678,18457
18679,18457
18680,17700
18681,539
18682,8201
18683,18683
18684,16754
18685,19591
18686,5515
18687,15897
18688,15897
18689,18689
18690,18690
18691,18691
18692,18692
18693,9713
18694,18694
18695,18695
18696,18696
18697,12669
18698,18698
18699,18699
18700,18457
18701,18457
18702,5805
18703,18703
18704,17700
18705,15897
18706,18706
18707,18372
18708,18708
18709,18709
18710,16282
18711,6080
18712,4701
18713,1420
18714,18714
18715,16824
18716,18716
18717,6797
18718,18718
18719,6387
18720,9394
18721,18721
18722,18430
18723,18457
18724,5506
18725,1863
18726,3569
18727,18727
18728,19536
18729,18729
18730,18730
18731,18731
18732,18732
18733,5580
18734,18734
18735,16384
18736,1625
18737,21187
18738,3047
18739,18109
18740,4026
18741,5580
18742,3911
18743,3911
18744,19190
18745,539
18746,7956
18747,7527
18748,18748
18749,18749
18750,951
18751,2172
18752,19374
18753,5056
18754,18754
18755,18909
18756,9906
18757,18466
18758,1558
18759,18759
18760,17700
18761,5052
18762,5052
18763,5052
18764,4640
18765,18646
18766,18766
18767,21187
18768,20360
18769,19122
18770,19122
18771,18123
18772,5463
18773,5052
18774,5052
18775,1417
18776,15412
18777,18777
18778,19122
18779,18779
18780,17512
18781,3475
18782,2290
18783,6877
18784,18784
18785,1115
18786,13327
18787,16294
18788,2783
18789,5052
18790,5052
18791,5052
18792,20802
18793,17162
18794,17162
18795,4157
18796,8722
18797,20410
18798,5306
18799,18748
18800,2629
18801,18652
18802,2101
18803,1960
18804,6877
18805,16731
18806,11406
18807,20410
18808,19374
18809,1477
18810,539
18811,3088
18812,17309
18813,15412
18814,18884
18815,5875
18816,3930
18817,20802
18818,3045
18819,18819
18820,1465
18821,3088
18822,18703
18823,18457
18824,5052
18825,5052
18826,5052
18827,5052
18828,15412
18829,15412
18830,11801
18831,7081
18832,18832
18833,15164
18834,7052
18835,20802
18836,18836
18837,19854
18838,18838
18839,7298
18840,7081
18841,19374
18842,18842
18843,4454
18844,3475
18845,17458
18846,20802
18847,18123
18848,19374
18849,20410
18850,20057
18851,4157
18852,5240
18853,18819
18854,18854
18855,18653
18856,19734
18857,19128
18858,638
18859,13975
18860,17830
18861,18123
18862,19311
18863,18123
18864,539
18865,17237
18866,539
18867,14306
18868,5580
18869,4424
18870,10326
18871,6873
18872,19374
18873,17809
18874,3475
18875,18111
18876,6573
18877,20802
18878,18878
18879,18879
18880,8201
18881,18881
18882,18882
18883,18883
18884,18884
18885,18885
18886,18886
18887,18887
18888,18888
18889,18889
18890,18890
18891,18891
18892,4487
18893,18893
18894,18894
18895,18895
18896,18896
18897,18897
18898,18898
18899,18899
18900,18900
18901,18901
18902,18902
18903,14225
18904,18904
18905,18703
18906,3802
18907,18907
18908,18908
18909,18909
18910,1542
18911,18911
18912,18912
18913,18913
18914,18914
18915,3930
18916,18430
18917,12297
18918,12297
18919,18919
18920,18920
18921,18921
18922,19009
18923,18923
18924,18924
18925,18925
18926,18926
18927,18927
18928,18928
18929,8145
18930,18937
18931,18931
18932,18192
18933,18933
18934,18934
18935,18935
18936,18935
18937,18937
18938,18938
18939,18939
18940,15977
18941,19122
18942,20410
18943,3046
18944,18944
18945,8201
18946,18946
18947,18947
18948,18948
18949,1654
18950,18950
18951,18951
18952,20802
18953,6602
18954,3246
18955,18955
18956,6568
18957,18957
18958,18958
18959,18959
18960,18964
18961,17576
18962,6415
18963,18963
18964,18964
18965,18964
18966,5463
18967,3008
18968,18968
18969,2045
18970,1625
18971,18937
18972,15164
18973,10326
18974,18974
18975,5719
18976,18976
18977,18977
18978,21049
18979,17309
18980,5977
18981,3008
18982,18982
18983,3595
18984,5977
18985,18985
18986,8006
18987,18987
18988,7081
18989,20274
18990,21049
18991,1654
18992,5025
18993,19150
18994,15412
18995,18995
18996,9399
18997,11254
18998,16289
18999,18999
19000,19000
19001,18430
19002,4288
19003,18703
19004,18935
19005,18935
19006,8203
19007,5236
19008,7180
19009,19009
19010,2153
19011,21033
19012,6007
19013,18977
19014,20410
19015,18937
19016,14630
19017,18935
19018,18935
19019,18935
19020,18244
19021,2290
19022,1368
19023,204
19024,16823
19025,9759
19026,6080
19027,18646
19028,18937
19029,20886
19030,17206
19031,15977
19032,12773
19033,1417
19034,2206
19035,11674
19036,1542
19037,1542
19038,1542
19039,19039
19040,5917
19041,18950
19042,1542
19043,10326
19044,5275
19045,4300
19046,4259
19047,4259
19048,18928
19049,19049
19050,19050
19051,11176
19052,19369
19053,4819
19054,7886
19055,204
19056,15164
19057,17206
19058,20274
19059,18466
19060,3142
19061,5977
19062,1542
19063,5286
19064,18935
19065,2070
19066,5322
19067,19374
19068,15164
19069,11674
19070,19099
19071,6582
19072,2386
19073,2853
19074,1558
19075,5052
19076,10415
19077,10415
19078,19381
19079,19504
19080,19606
19081,9386
19082,4774
19083,6530
19084,18696
19085,15164
19086,539
19087,539
19088,4809
19089,19734
19090,2901
19091,7956
19092,17859
19093,15282
19094,19349
19095,20284
19096,5580
19097,15164
19098,4127
19099,19099
19100,12627
19101,11674
19102,11273
19103,19103
19104,7527
19105,1417
19106,2386
19107,19783
19108,19108
19109,19109
19110,19110
19111,19111
19112,19112
19113,19113
19114,19114
19115,19115
19116,19116
19117,19117
19118,19118
19119,19119
19120,3475
19121,15164
19122,19122
19123,19123
19124,19124
19125,19125
19126,19127
19127,19127
19128,19128
19129,1794
19130,6573
19131,17700
19132,19132
19133,19134
19134,19134
19135,19135
19136,19136
19137,19213
19138,19138
19139,19139
19140,19140
19141,19141
19142,19142
19143,19143
19144,19144
19145,19145
19146,19146
19147,19147
19148,19148
19149,19149
19150,19150
19151,19151
19152,19213
19153,9387
19154,18255
19155,18255
19156,16088
19157,1420
19158,19158
19159,5580
19160,2236
19161,9386
19162,6371
19163,19274
19164,19213
19165,2784
19166,9389
19167,9391
19168,19122
19169,6697
19170,20802
19171,19171
19172,19172
19173,19173
19174,5239
19175,7206
19176,19176
19177,19177
19178,19139
19179,579
19180,17206
19181,20611
19182,3762
19183,15353
19184,18935
19185,7081
19186,10244
19187,4044
19188,10682
19189,19189
19190,19190
19191,19191
19192,19192
19193,19193
19194,8342
19195,19195
19196,19196
19197,18819
19198,19198
19199,19199
19200,18474
19201,4133
19202,19504
19203,15897
19204,1417
19205,18937
19206,1692
19207,19198
19208,10988
19209,20822
19210,1625
19211,1558
19212,18543
19213,19213
19214,10274
19215,10274
19216,9386
19217,19217
19218,8225
19219,18766
19220,5875
19221,9389
19222,7180
19223,20410
19224,1794
19225,4996
19226,20822
19227,18964
19228,9389
19229,2784
19230,4031
19231,2740
19232,4034
19233,19198
19234,20735
19235,3911
19236,458
19237,19122
19238,19122
19239,4559
19240,13856
19241,20860
19242,2547
19243,2349
19244,2349
19245,20344
19246,6579
19247,1433
19248,7420
19249,1096
19250,19250
19251,19251
19252,19274
19253,18519
19254,12627
19255,19274
19256,12793
19257,19513
19258,19544
19259,19529
19260,19260
19261,19274
19262,19250
19263,1933
19264,458
19265,19213
19266,11674
19267,11674
19268,11674
19269,16406
19270,19544
19271,1417
19272,7760
19273,5275
19274,19274
19275,7337
19276,16755
19277,6011
19278,17366
19279,19279
19280,15557
19281,14225
19282,19282
19283,18646
19284,18543
19285,10273
19286,10273
19287,10273
19288,10273
19289,10273
19290,10274
19291,2240
19292,5220
19293,19293
19294,9386
19295,11176
19296,2867
19297,1417
19298,19198
19299,10326
19300,2452
19301,18192
19302,19302
19303,19303
19304,19304
19305,19305
19306,19306
19307,19307
19308,19308
19309,19309
19310,19310
19311,19311
19312,19312
19313,19313
19314,19314
19315,19315
19316,19316
19317,19317
19318,16810
19319,19319
19320,19320
19321,19321
19322,19322
19323,19323
19324,19324
19325,19325
19326,19326
19327,6722
19328,19328
19329,19329
19330,19330
19331,19331
19332,19293
19333,19333
19334,19334
19335,19335
19336,19336
19337,18838
19338,19338
19339,19339
19340,19340
19341,5977
19342,19119
19343,19343
19344,6371
19345,19311
19346,19346
19347,19347
19348,19348
19349,19349
19350,19350
19351,12771
19352,15897
19353,19353
19354,19354
19355,19355
19356,6269
19357,19357
19358,2848
19359,1167
19360,19360
19361,19361
19362,19369
19363,19363
19364,19364
19365,2452
19366,2452
19367,2164
19368,19368
19369,19369
19370,19369
19371,19371
19372,19372
19373,4436
19374,19374
19375,7527
19376,15412
19377,15412
19378,19374
19379,19311
19380,19380
19381,19381
19382,3915
19383,19383
19384,19384
19385,7081
19386,19386
19387,19387
19388,19388
19389,11674
19390,11674
19391,19391
19392,6932
19393,2629
19394,1558
19395,19395
19396,9104
19397,19397
19398,19311
19399,9166
19400,5052
19401,539
19402,7527
19403,20594
19404,6877
19405,20802
19406,5580
19407,19199
19408,125
19409,11406
19410,17512
19411,19411
19412,2452
19413,17512
19414,1864
19415,10274
19416,7989
19417,19122
19418,3077
19419,19119
19420,1691
19421,5239
19422,6697
19423,6697
19424,6498
19425,19190
19426,19190
19427,18928
19428,1219
19429,20802
19430,7081
19431,19311
19432,8524
19433,5875
19434,20601
19435,2550
19436,539
19437,19440
19438,4559
19439,19190
19440,19440
19441,21033
19442,6873
19443,19443
19444,5740
19445,15550
19446,15897
19447,18999
19448,7220
19449,8238
19450,9759
19451,7081
19452,11668
19453,20101
19454,579
19455,15897
19456,15897
19457,7081
19458,19458
19459,19459
19460,6060
19461,4031
19462,12128
19463,12128
19464,12128
19465,12128
19466,17206
19467,1794
19468,4132
19469,5236
19470,232
19471,19471
19472,20345
19473,15164
19474,15164
19475,842
19476,2629
19477,2629
19478,19741
19479,8225
19480,20840
19481,2864
19482,20802
19483,4774
19484,18935
19485,5580
19486,8095
19487,16068
19488,5052
19489,15897
19490,20886
19491,19369
19492,2050
19493,18907
19494,3807
19495,18777
19496,19323
19497,11674
19498,20802
19499,17206
19500,19500
19501,19501
19502,19502
19503,19503
19504,19504
19505,19505
19506,19506
19507,19507
19508,19508
19509,19509
19510,19510
19511,19511
19512,19512
19513,19513
19514,19514
19515,19515
19516,19516
19517,19517
19518,19518
19519,19519
19520,19520
19521,19521
19522,19522
19523,19523
19524,11176
19525,19525
19526,19526
19527,19527
19528,19528
19529,19529
19530,19530
19531,19531
19532,12297
19533,19533
19534,19534
19535,19535
19536,19536
19537,19537
19538,19538
19539,19539
19540,19540
19541,19541
19542,19542
19543,19543
19544,19544
19545,19545
19546,19369
19547,11674
19548,19548
19549,19549
19550,19550
19551,19530
19552,19552
19553,19374
19554,19554
19555,18552
19556,18552
19557,19558
19558,19558
19559,7420
19560,19560
19561,19372
19562,19562
19563,19563
19564,19122
19565,19311
19566,4520
19567,19567
19568,19568
19569,19569
19570,19535
19571,17206
19572,19572
19573,15164
19574,19574
19575,2853
19576,9784
19577,19577
19578,18123
19579,6032
19580,660
19581,660
19582,660
19583,660
19584,11801
19585,5286
19586,19586
19587,19311
19588,18777
19589,8203
19590,2050
19591,19591
19592,19592
19593,19593
19594,19594
19595,19521
19596,10326
19597,842
19598,10326
19599,2050
19600,10326
19601,1096
19602,11406
19603,11674
19604,19604
19605,6060
19606,19606
19607,9387
19608,1167
19609,1794
19610,389
19611,19311
19612,4819
19613,15164
19614,8006
19615,19558
19616,660
19617,660
19618,660
19619,18977
19620,19620
19621,14306
19622,12297
19623,18977
19624,660
19625,12793
19626,20802
19627,163
19628,4259
19629,4259
19630,11674
19631,20037
19632,2889
19633,17206
19634,20274
19635,20562
19636,9394
19637,10326
19638,19190
19639,842
19640,842
19641,20146
19642,19642
19643,5875
19644,8753
19645,20802
19646,19374
19647,15164
19648,11674
19649,19190
19650,18192
19651,18519
19652,3655
19653,10326
19654,10326
19655,11674
19656,6151
19657,19787
19658,11406
19659,19372
19660,3475
19661,15164
19662,16406
19663,19521
19664,11674
19665,19374
19666,3762
19667,9394
19668,3915
19669,21187
19670,10760
19671,16301
19672,3678
19673,19374
19674,18192
19675,7337
19676,7478
19677,4555
19678,4555
19679,4555
19680,539
19681,11668
19682,5875
19683,19279
19684,6151
19685,9387
19686,6151
19687,20802
19688,9784
19689,1167
19690,204
19691,204
19692,5287
19693,2756
19694,15164
19695,6151
19696,17206
19697,11406
19698,2050
19699,10326
19700,9394
19701,11674
19702,11674
19703,11674
19704,17206
19705,15897
19706,2725
19707,5047
19708,204
19709,5501
19710,1433
19711,204
19712,19787
19713,15674
19714,12483
19715,19333
19716,9906
19717,19374
19718,19374
19719,19274
19720,11661
19721,17206
19722,10326
19723,951
19724,4555
19725,6600
19726,5286
19727,19374
19728,19728
19729,19729
19730,19730
19731,19731
19732,19732
19733,19733
19734,19734
19735,19735
19736,19736
19737,19737
19738,19738
19739,19739
19740,19740
19741,19741
19742,19742
19743,19743
19744,19744
19745,19745
19746,19746
19747,19747
19748,19748
19749,19749
19750,19750
19751,19751
19752,19752
19753,19753
19754,1060
19755,19755
19756,19756
19757,19757
19758,19758
19759,19759
19760,19760
19761,19761
19762,19762
19763,19763
19764,19764
19765,1782
19766,19766
19767,19767
19768,18766
19769,12221
19770,9166
19771,18552
19772,16227
19773,4424
19774,4424
19775,4424
19776,19776
19777,19777
19778,19374
19779,1420
19780,19780
19781,19781
19782,19782
19783,19783
19784,19784
19785,19785
19786,19786
19787,19787
19788,5628
19789,1794
19790,19790
19791,19791
19792,19854
19793,2844
19794,19794
19795,19795
19796,19796
19797,6602
19798,6053
19799,3706
19800,3706
19801,5875
19802,20886
19803,19803
19804,19804
19805,19805
19806,19374
19807,19880
19808,19808
19809,19374
19810,1535
19811,4424
19812,4003
19813,18766
19814,19777
19815,19815
19816,6415
19817,19529
19818,17309
19819,19374
19820,19513
19821,19766
19822,15164
19823,458
19824,1535
19825,1535
19826,3003
19827,6053
19828,18963
19829,16294
19830,3655
19831,3655
19832,19832
19833,19833
19834,16304
19835,19835
19836,19836
19837,4907
19838,4907
19839,19880
19840,19787
19841,16448
19842,16448
19843,3476
19844,19762
19845,16939
19846,19846
19847,19847
19848,19854
19849,9398
19850,6170
19851,7527
19852,1794
19853,19880
19854,19854
19855,19529
19856,19880
19857,19880
19858,19858
19859,3655
19860,8128
19861,21187
19862,10560
19863,10560
19864,11674
19865,2375
19866,2375
19867,19854
19868,19803
19869,19323
19870,10682
19871,19761
19872,18766
19873,7081
19874,19783
19875,5309
19876,5309
19877,5047
19878,10185
19879,18255
19880,19880
19881,19880
19882,19880
19883,19880
19884,19122
19885,11674
19886,5022
19887,539
19888,3414
19889,3414
19890,6415
19891,2474
19892,19777
19893,19833
19894,3762
19895,6170
19896,5023
19897,15897
19898,15897
19899,1535
19900,16249
19901,19880
19902,19880
19903,19880
19904,16068
19905,19374
19906,11674
19907,7081
19908,11674
19909,17206
19910,19787
19911,19787
19912,11674
19913,6745
19914,6745
19915,5156
19916,19791
19917,4202
19918,19880
19919,4202
19920,4120
19921,18766
19922,20274
19923,20802
19924,1535
19925,5023
19926,1420
19927,3476
19928,3476
19929,16939
19930,16939
19931,6722
19932,4127
19933,19569
19934,204
19935,20857
19936,6404
19937,19369
19938,19880
19939,19745
19940,20802
19941,4098
19942,11674
19943,18766
19944,18766
19945,9759
19946,9398
19947,5525
19948,14695
19949,16304
19950,11273
19951,21049
19952,3003
19953,5433
19954,19880
19955,20048
19956,6580
19957,19835
19958,19880
19959,3655
19960,18766
19961,18192
19962,9386
19963,458
19964,20085
19965,18085
19966,3008
19967,20631
19968,63
19969,3358
19970,19544
19971,12203
19972,17527
19973,4907
19974,1076
19975,15897
19976,19835
19977,6911
19978,3003
19979,16249
19980,4559
19981,18766
19982,19794
19983,1460
19984,20825
19985,19293
19986,17510
19987,9166
19988,1630
19989,16729
19990,12793
19991,19369
19992,20802
19993,18928
19994,9002
19995,9002
19996,4003
19997,5452
19998,1693
19999,19540
20000,20000
20001,8273
20002,20002
20003,8273
20004,20041
20005,16448
20006,19787
20007,20007
20008,11674
20009,6745
20010,20010
20011,20011
20012,20012
20013,20013
20014,20014
20015,20015
20016,3966
20017,20017
20018,20018
20019,20019
20020,20020
20021,20021
20022,20022
20023,20023
20024,20024
20025,6170
20026,20026
20027,6580
20028,20028
20029,20029
20030,20030
20031,20031
20032,10326
20033,9389
20034,10326
20035,10326
20036,20036
20037,20037
20038,20057
20039,20039
20040,5788
20041,20041
20042,20042
20043,16802
20044,17084
20045,17084
20046,20046
20047,20047
20048,20048
20049,20002
20050,17948
20051,3216
20052,19728
20053,3332
20054,11674
20055,8273
20056,8273
20057,20057
20058,9398
20059,12297
20060,12297
20061,12297
20062,20062
20063,20063
20064,20064
20065,11674
20066,19858
20067,20067
20068,9140
20069,358
20070,10109
20071,5322
20072,8273
20073,8273
20074,18453
20075,20802
20076,15164
20077,19514
20078,387
20079,18884
20080,19728
20081,12109
20082,20057
20083,19539
20084,2375
20085,20085
20086,12398
20087,5580
20088,5580
20089,8686
20090,19785
20091,20085
20092,17084
20093,4259
20094,20094
20095,20011
20096,19549
20097,18088
20098,20020
20099,3706
20100,1794
20101,20101
20102,19282
20103,2349
20104,20802
20105,14306
20106,20106
20107,15164
20108,19880
20109,20802
20110,20802
20111,7989
20112,20112
20113,19787
20114,19880
20115,9394
20116,8686
20117,18919
20118,9146
20119,10560
20120,9398
20121,19311
20122,19311
20123,5875
20124,2816
20125,3683
20126,3706
20127,2889
20128,20129
20129,20129
20130,8384
20131,20002
20132,16278
20133,19158
20134,7670
20135,19741
20136,7298
20137,19504
20138,7989
20139,19787
20140,19880
20141,20802
20142,2345
20143,9399
20144,20144
20145,5047
20146,20146
20147,18084
20148,3003
20149,5239
20150,20490
20151,3966
20152,572
20153,2050
20154,18478
20155,15353
20156,18478
20157,20410
20158,8947
20159,16249
20160,1794
20161,20802
20162,19783
20163,4003
20164,1549
20165,16729
20166,17206
20167,19745
20168,2291
20169,2291
20170,21192
20171,20802
20172,5245
20173,19741
20174,3045
20175,18474
20176,1770
20177,11674
20178,5306
20179,6170
20180,5322
20181,10634
20182,12793
20183,623
20184,4003
20185,3706
20186,19374
20187,1134
20188,1327
20189,5875
20190,16729
20191,7399
20192,20013
20193,3003
20194,7671
20195,17206
20196,458
20197,3915
20198,19729
20199,19459
20200,20410
20201,5322
20202,8273
20203,20590
20204,10634
20205,3656
20206,6697
20207,3706
20208,19549
20209,20631
20210,21054
20211,21054
20212,15164
20213,19549
20214,16448
20215,19198
20216,9398
20217,1794
20218,19880
20219,20057
20220,20057
20221,4678
20222,4678
20223,5239
20224,11459
20225,4157
20226,17206
20227,19374
20228,9389
20229,20229
20230,20230
20231,20231
20232,20232
20233,20233
20234,20234
20235,20235
20236,20236
20237,20237
20238,20238
20239,20239
20240,20240
20241,20241
20242,20242
20243,20243
20244,20244
20245,20245
20246,20246
20247,7073
20248,20248
20249,8722
20250,20250
20251,20251
20252,20252
20253,20253
20254,20254
20255,20255
20256,20256
20257,20257
20258,20258
20259,20259
20260,20260
20261,20261
20262,21187
20263,20263
20264,20802
20265,20345
20266,20266
20267,20267
20268,20268
20269,6600
20270,1060
20271,20271
20272,20272
20273,20273
20274,20274
20275,20275
20276,19781
20277,20277
20278,20802
20279,20279
20280,20280
20281,20281
20282,19311
20283,20802
20284,20284
20285,20267
20286,18695
20287,5239
20288,20288
20289,1045
20290,3092
20291,20875
20292,20875
20293,20832
20294,20832
20295,20825
20296,1973
20297,20825
20298,20832
20299,20825
20300,20886
20301,8273
20302,18444
20303,20017
20304,20886
20305,1183
20306,1183
20307,6007
20308,1183
20309,1183
20310,1183
20311,19734
20312,20825
20313,20062
20314,20062
20315,1183
20316,20837
20317,18730
20318,18396
20319,1183
20320,20837
20321,20562
20322,20322
20323,20802
20324,20324
20325,20325
20326,20326
20327,19544
20328,7461
20329,20329
20330,20330
20331,19783
20332,20332
20333,8986
20334,20334
20335,1183
20336,20886
20337,1167
20338,1549
20339,20281
20340,2291
20341,20604
20342,20342
20343,20343
20344,20344
20345,20345
20346,20346
20347,20347
20348,20348
20349,470
20350,16249
20351,21187
20352,20352
20353,19369
20354,20886
20355,3658
20356,20802
20357,20593
20358,20358
20359,20359
20360,20360
20361,20274
20362,20234
20363,20267
20364,12771
20365,20365
20366,20366
20367,778
20368,20802
20369,20369
20370,21212
20371,20857
20372,21054
20373,19368
20374,20802
20375,20871
20376,21082
20377,20604
20378,5306
20379,20802
20380,20802
20381,20802
20382,20802
20383,20802
20384,20384
20385,18766
20386,3253
20387,14732
20388,14732
20389,14732
20390,17206
20391,951
20392,9399
20393,1183
20394,17479
20395,434
20396,20396
20397,7989
20398,2507
20399,11957
20400,20400
20401,20802
20402,21033
20403,20403
20404,5951
20405,20414
20406,20406
20407,20365
20408,16755
20409,15164
20410,20410
20411,4019
20412,1796
20413,20410
20414,20414
20415,20415
20416,1183
20417,1183
20418,20418
20419,15164
20420,20802
20421,20802
20422,20825
20423,20423
20424,20284
20425,7545
20426,2643
20427,7989
20428,10760
20429,8081
20430,20430
20431,3544
20432,15674
20433,569
20434,20434
20435,20802
20436,20597
20437,20048
20438,19787
20439,458
20440,20837
20441,1183
20442,11674
20443,16939
20444,6170
20445,3216
20446,1183
20447,1183
20448,5628
20449,5628
20450,5628
20451,5309
20452,20452
20453,5875
20454,5580
20455,5580
20456,5580
20457,5580
20458,6781
20459,9355
20460,2550
20461,4330
20462,20410
20463,5580
20464,15430
20465,5166
20466,20802
20467,17437
20468,15452
20469,8986
20470,15897
20471,20434
20472,20825
20473,20587
20474,20094
20475,16278
20476,16278
20477,17855
20478,7178
20479,20875
20480,3966
20481,20802
20482,20606
20483,17206
20484,5239
20485,11674
20486,11674
20487,7420
20488,19734
20489,19880
20490,20490
20491,5322
20492,20802
20493,20802
20494,20802
20495,20802
20496,20802
20497,20802
20498,20802
20499,20499
20500,20500
20501,5580
20502,7956
20503,19282
20504,1183
20505,2867
20506,20284
20507,20284
20508,6745
20509,5875
20510,20875
20511,17429
20512,19787
20513,17161
20514,2867
20515,20825
20516,17309
20517,7671
20518,12322
20519,20802
20520,20802
20521,20857
20522,21054
20523,20802
20524,20802
20525,20802
20526,14306
20527,1183
20528,1183
20529,20875
20530,8997
20531,6007
20532,20875
20533,18819
20534,19880
20535,20535
20536,19374
20537,20857
20538,6151
20539,20840
20540,20802
20541,19368
20542,20802
20543,21054
20544,20257
20545,20802
20546,6580
20547,8273
20548,20802
20549,1183
20550,1183
20551,20551
20552,20552
20553,20553
20554,20554
20555,20555
20556,20556
20557,20557
20558,20558
20559,20559
20560,20560
20561,20561
20562,20562
20563,20563
20564,20564
20565,20565
20566,20566
20567,20567
20568,20568
20569,20569
20570,20570
20571,20571
20572,20572
20573,20573
20574,20574
20575,20886
20576,1183
20577,20144
20578,20578
20579,20579
20580,20580
20581,20581
20582,20582
20583,20583
20584,20802
20585,20585
20586,20586
20587,20587
20588,20588
20589,20410
20590,20590
20591,20591
20592,20592
20593,20593
20594,20594
20595,1420
20596,20596
20597,20597
20598,3569
20599,1183
20600,20600
20601,20601
20602,20602
20603,20603
20604,20604
20605,6210
20606,20606
20607,20607
20608,20608
20609,20609
20610,20610
20611,20611
20612,20609
20613,10326
20614,5287
20615,7956
20616,7956
20617,20617
20618,7420
20619,20600
20620,20604
20621,20344
20622,5919
20623,6704
20624,6704
20625,12627
20626,12627
20627,20825
20628,17576
20629,20629
20630,1420
20631,20631
20632,21054
20633,19128
20634,21187
20635,1864
20636,11674
20637,20604
20638,20638
20639,6579
20640,20562
20641,20850
20642,5474
20643,96
20644,1417
20645,7420
20646,7722
20647,1863
20648,1864
20649,9908
20650,7956
20651,1647
20652,20344
20653,20653
20654,20654
20655,1417
20656,688
20657,6210
20658,20875
20659,20802
20660,1577
20661,19110
20662,11674
20663,96
20664,2236
20665,6371
20666,17309
20667,4344
20668,6745
20669,20802
20670,5580
20671,21204
20672,2816
20673,20552
20674,12322
20675,6631
20676,20676
20677,20802
20678,1577
20679,20802
20680,6373
20681,1420
20682,20284
20683,21049
20684,17309
20685,15227
20686,1419
20687,1864
20688,5350
20689,16822
20690,20365
20691,1654
20692,20434
20693,12322
20694,20857
20695,20802
20696,20832
20697,12322
20698,20365
20699,20257
20700,20257
20701,20284
20702,20702
20703,13084
20704,20609
20705,20610
20706,20572
20707,20562
20708,9394
20709,7420
20710,1420
20711,1417
20712,14325
20713,9386
20714,20802
20715,20245
20716,20562
20717,2848
20718,6357
20719,15164
20720,20581
20721,21050
20722,20802
20723,20802
20724,20608
20725,19282
20726,21054
20727,21054
20728,21054
20729,20802
20730,21054
20731,21212
20732,19766
20733,20562
20734,3569
20735,20735
20736,5287
20737,1971
20738,20825
20739,20344
20740,1833
20741,1417
20742,12627
20743,6704
20744,6704
20745,20604
20746,5463
20747,20795
20748,17206
20749,12322
20750,20857
20751,20802
20752,20802
20753,20284
20754,21187
20755,20284
20756,1183
20757,1183
20758,20365
20759,20365
20760,20146
20761,8273
20762,5239
20763,1417
20764,8273
20765,458
20766,18192
20767,18084
20768,20593
20769,3930
20770,20232
20771,5287
20772,12221
20773,20573
20774,20802
20775,20802
20776,2236
20777,9387
20778,16448
20779,4202
20780,20795
20781,1864
20782,20782
20783,20875
20784,1045
20785,20782
20786,3179
20787,20233
20788,21054
20789,21054
20790,20802
20791,19783
20792,1183
20793,18062
20794,20794
20795,20795
20796,20796
20797,20797
20798,20798
20799,20799
20800,1647
20801,20801
20802,20802
20803,20803
20804,20804
20805,1542
20806,20410
20807,12322
20808,21054
20809,20809
20810,20810
20811,20811
20812,20812
20813,20813
20814,20814
20815,20815
20816,20816
20817,20817
20818,20818
20819,20819
20820,20820
20821,20821
20822,20822
20823,20823
20824,20824
20825,20825
20826,20826
20827,20827
20828,20828
20829,20829
20830,20830
20831,20831
20832,20832
20833,20833
20834,20834
20835,20835
20836,20836
20837,20837
20838,20838
20839,20839
20840,20840
20841,20802
20842,20611
20843,20843
20844,20844
20845,20845
20846,20846
20847,20847
20848,20848
20849,20832
20850,20850
20851,19542
20852,7420
20853,11674
20854,20854
20855,20855
20856,18062
20857,20857
20858,19796
20859,20859
20860,20860
20861,20832
20862,20832
20863,20860
20864,20562
20865,19282
20866,20866
20867,20802
20868,5506
20869,20360
20870,20870
20871,20871
20872,20857
20873,20873
20874,20360
20875,20875
20876,20832
20877,20568
20878,20782
20879,20602
20880,7420
20881,4438
20882,20129
20883,20129
20884,16618
20885,20562
20886,20886
20887,19741
20888,20434
20889,20857
20890,20410
20891,1577
20892,20802
20893,20802
20894,21187
20895,20802
20896,4774
20897,2848
20898,21187
20899,20802
20900,20259
20901,21054
20902,21054
20903,19369
20904,1864
20905,18950
20906,2564
20907,20907
20908,5099
20909,20857
20910,2196
20911,18935
20912,19103
20913,20802
20914,19781
20915,19781
20916,20802
20917,20802
20918,15009
20919,17206
20920,20365
20921,20875
20922,20129
20923,20129
20924,12322
20925,6704
20926,18884
20927,656
20928,20631
20929,19374
20930,19741
20931,20129
20932,20129
20933,19369
20934,20562
20935,20935
20936,21187
20937,20802
20938,5286
20939,9398
20940,20593
20941,18109
20942,20802
20943,20802
20944,5322
20945,21204
20946,20825
20947,19544
20948,20410
20949,20802
20950,21204
20951,2848
20952,20837
20953,1183
20954,20875
20955,17309
20956,5306
20957,20802
20958,20802
20959,20802
20960,20802
20961,20562
20962,20593
20963,20802
20964,19374
20965,17206
20966,20886
20967,18109
20968,1433
20969,20802
20970,20802
20971,20277
20972,20562
20973,20344
20974,20832
20975,15164
20976,2848
20977,21187
20978,21054
20979,20802
20980,305
20981,95
20982,20802
20983,18084
20984,7081
20985,15164
20986,6609
20987,20434
20988,5900
20989,20802
20990,3071
20991,20825
20992,20284
20993,20284
20994,20284
20995,9398
20996,5245
20997,20802
20998,11801
20999,20562
21000,1235
21001,17206
21002,19374
21003,4181
21004,1419
21005,1864
21006,5580
21007,21033
21008,2206
21009,19536
21010,21187
21011,21033
21012,21012
21013,2863
21014,21049
21015,21049
21016,21049
21017,21049
21018,8997
21019,3101
21020,3116
21021,5322
21022,20129
21023,17206
21024,21033
21025,21054
21026,20871
21027,21027
21028,21028
21029,21054
21030,21030
21031,21031
21032,21033
21033,21033
21034,21054
21035,21204
21036,21182
21037,17206
21038,17206
21039,17206
21040,21040
21041,21041
21042,20802
21043,1234
21044,21187
21045,18646
21046,17206
21047,17206
21048,21027
21049,21049
21050,21050
21051,21050
21052,21050
21053,21054
21054,21054
21055,17206
21056,17206
21057,21049
21058,21049
21059,5919
21060,21054
21061,21054
21062,21054
21063,17206
21064,17206
21065,21049
21066,21049
21067,19781
21068,21033
21069,21054
21070,21054
21071,21054
21072,21054
21073,20857
21074,21027
21075,21049
21076,2848
21077,21082
21078,17206
21079,17206
21080,18985
21081,21049
21082,21082
21083,21082
21084,20802
21085,20802
21086,14306
21087,20794
21088,17206
21089,21049
21090,17206
21091,21049
21092,20802
21093,5322
21094,20794
21095,17206
21096,19880
21097,20886
21098,21098
21099,5919
21100,21054
21101,21054
21102,1863
21103,21187
21104,21187
21105,21187
21106,21187
21107,4438
21108,17206
21109,20802
21110,11176
21111,20860
21112,3430
21113,5322
21114,1433
21115,5004
21116,19274
21117,5322
21118,20826
21119,21027
21120,19374
21121,21187
21122,21054
21123,18928
21124,11273
21125,14696
21126,11273
21127,17206
21128,10273
21129,20886
21130,5431
21131,20735
21132,20857
21133,20875
21134,20802
21135,20886
21136,21033
21137,17475
21138,10326
21139,17206
21140,5245
21141,14306
21142,17206
21143,434
21144,17206
21145,20802
21146,20857
21147,21054
21148,20802
21149,6373
21150,21214
21151,21187
21152,21187
21153,21187
21154,21204
21155,20857
21156,21156
21157,15667
21158,2290
21159,20802
21160,5022
21161,21214
21162,21204
21163,21214
21164,21223
21165,21187
21166,21223
21167,17206
21168,1527
21169,6226
21170,21170
21171,21171
21172,21172
21173,21173
21174,21174
21175,21175
21176,21174
21177,21175
21178,21178
21179,21179
21180,21180
21181,21181
21182,21182
21183,21183
21184,21184
21185,21187
21186,21204
21187,21187
21188,21188
21189,21189
21190,21190
21191,21191
21192,21192
21193,21193
21194,21194
21195,21175
21196,21174
21197,387
21198,21054
21199,21214
21200,21200
21201,21200
21202,21187
21203,21204
21204,21204
21205,21205
21206,21187
21207,20631
21208,21187
21209,21209
21210,21181
21211,21211
21212,21212
21213,21212
21214,21214
21215,21214
21216,20342
21217,20825
21218,21174
21219,21175
21220,21220
21221,5156
21222,21204
21223,21223
21224,21214
21225,21187
21226,21226
21227,21174
21228,21187
21229,20802
21230,21214
21231,21212
21232,21214
21233,21214
21234,1460
21235,567
21236,21212
21237,21223
21238,21212
21239,21187
21240,17206
21241,20551
21242,20434
21243,20802
21244,21212
21245,21187
21246,21214
21247,21214
21248,21187
21249,19198
21250,21175
21251,20562
21252,21214
21253,21223
21254,21212
21255,21054
21256,21214
21257,21223
21258,21223
21259,21214
21260,21214
21261,21214
21262,19781
21263,21214
21264,21214
21265,21214
21266,21212
21267,21204
21268,21050
21269,21174
21270,21187
21271,19558
21272,20062
21273,21187
21274,21204
21275,21054
21276,2205
21277,19311
21278,17206
21279,21223
21280,21187
21281,17206
21282,21175
21283,20344
21284,20816
21285,20825
21286,21049
21287,20795
21288,4438
21289,15412
21290,21214
21291,17206
21292,2201
