item_id,paired_id
0,0
1,12608
2,11292
3,12582
4,12582
5,5313
6,12582
7,5313
8,12582
9,12582
10,15077
11,12582
12,12582
13,5313
14,12582
15,12113
16,12113
17,14129
18,7161
19,17674
20,7161
21,16480
22,16580
23,24
24,24
25,16580
26,15587
27,17988
28,16075
29,19793
30,9054
31,4006
32,20686
33,21004
34,20686
35,3123
36,3123
37,3123
38,3123
39,20897
40,20925
41,18391
42,5375
43,10631
44,10631
45,11481
46,11481
47,20173
48,20173
49,20710
50,20710
51,3123
52,18515
53,12531
54,20623
55,16930
56,4953
57,4953
58,7579
59,3773
60,21137
61,12158
62,20740
63,19968
64,17048
65,7567
66,16161
67,19605
68,7161
69,17674
70,17674
71,17677
72,14232
73,7567
74,19273
75,5827
76,81
77,3984
78,81
79,81
80,81
81,81
82,20426
83,20391
84,7658
85,19254
86,11201
87,11201
88,11201
89,20287
90,9769
91,10532
92,1984
93,13131
94,20656
95,20656
96,12531
97,21115
98,12531
99,21292
100,7039
101,21292
102,5394
103,21004
104,21276
105,5400
106,4257
107,2902
108,7700
109,16137
110,16105
111,16105
112,16105
113,13579
114,15305
115,16137
116,16137
117,16137
118,15077
119,14180
120,12486
121,12486
122,16674
123,12760
124,9638
125,9638
126,9638
127,13178
128,12887
129,20769
130,13178
131,17677
132,15194
133,15064
134,15064
135,5313
136,13178
137,9638
138,7146
139,7146
140,8552
141,5843
142,14260
143,14260
144,14260
145,14260
146,14260
147,14260
148,20328
149,18515
150,18515
151,4723
152,20170
153,20170
154,17631
155,17000
156,15935
157,17631
158,160
159,3984
160,160
161,160
162,10544
163,3491
164,18342
165,18342
166,18342
167,10492
168,18149
169,14595
170,17968
171,15681
172,18686
173,18686
174,19494
175,7284
176,11323
177,5365
178,5668
179,5668
180,5668
181,5668
182,12791
183,2894
184,9696
185,8721
186,7019
187,8511
188,14196
189,2486
190,18199
191,17159
192,10762
193,16164
194,17159
195,5841
196,3535
197,3535
198,8721
199,9976
200,1503
201,19055
202,19055
203,19023
204,19711
205,5843
206,19714
207,19711
208,16050
209,2122
210,2122
211,11012
212,6952
213,14590
214,16050
215,16050
216,9779
217,20217
218,11166
219,2617
220,12197
221,12197
222,12887
223,7161
224,9499
225,14129
226,14129
227,1149
228,17043
229,4709
230,20217
231,7093
232,19470
233,8674
234,237
235,237
236,237
237,237
238,237
239,17705
240,19065
241,9188
242,17739
243,7761
244,4199
245,5694
246,5694
247,5694
248,10346
249,17792
250,14870
251,15077
252,14796
253,13602
254,16674
255,17739
256,13047
257,20223
258,12318
259,3087
260,6413
261,18363
262,11699
263,15711
264,20425
265,20425
266,18235
267,14938
268,3725
269,269
270,270
271,270
272,9960
273,9960
274,12582
275,19709
276,12582
277,20173
278,6059
279,3937
280,12759
281,18336
282,18336
283,18336
284,17920
285,18336
286,18336
287,18336
288,18191
289,15601
290,20307
291,9284
292,16930
293,16930
294,13786
295,7628
296,7628
297,8801
298,13721
299,5267
300,5267
301,19460
302,15062
303,8801
304,19431
305,19431
306,11201
307,12164
308,7829
309,19297
310,15431
311,5400
312,8087
313,8087
314,7579
315,8087
316,7579
317,8087
318,7579
319,1604
320,8087
321,17904
322,14956
323,4953
324,4953
325,4953
326,4255
327,4953
328,4953
329,4953
330,8087
331,14796
332,16674
333,16674
334,15077
335,16674
336,12582
337,6355
338,12582
339,10446
340,15301
341,17471
342,20140
343,8254
344,3467
345,3467
346,3467
347,3467
348,10872
349,14376
350,6360
351,5451
352,16907
353,14376
354,14376
355,14376
356,14376
357,14376
358,20069
359,21137
360,20317
361,4006
362,12022
363,8721
364,12791
365,6096
366,6096
367,9308
368,19091
369,19091
370,10485
371,10485
372,10485
373,17377
374,20355
375,20355
376,11304
377,20132
378,18686
379,19473
380,3086
381,21197
382,21197
383,18485
384,4257
385,15568
386,20145
387,21197
388,21197
389,21197
390,10111
391,14590
392,8352
393,21197
394,14590
395,16051
396,16051
397,16051
398,16051
399,16050
400,16051
401,16050
402,14513
403,13981
404,20656
405,20426
406,19931
407,5543
408,19494
409,14200
410,7658
411,7659
412,11449
413,5972
414,7579
415,4057
416,15973
417,18491
418,20513
419,15747
420,420
421,421
422,18364
423,423
424,423
425,423
426,20092
427,20092
428,20092
429,15292
430,10872
431,10872
432,14526
433,21143
434,15601
435,11756
436,13658
437,6563
438,16429
439,11077
440,20513
441,10111
442,10111
443,10111
444,16569
445,13061
446,19494
447,7829
448,10103
449,11628
450,10433
451,2227
452,10485
453,10485
454,12954
455,11534
456,7658
457,3866
458,20765
459,9063
460,9948
461,11414
462,10689
463,20349
464,20349
465,10689
466,20349
467,10689
468,11201
469,20349
470,20349
471,11201
472,19671
473,20349
474,18491
475,20513
476,4057
477,19705
478,7161
479,12164
480,9638
481,9638
482,17674
483,12582
484,1072
485,15077
486,15077
487,14796
488,3049
489,20965
490,8735
491,4398
492,17882
493,974
494,17393
495,10147
496,10147
497,17043
498,5267
499,5267
500,5267
501,5267
502,12195
503,2372
504,15734
505,13463
506,13463
507,12001
508,2192
509,9960
510,5313
511,7198
512,10485
513,8134
514,10485
515,15275
516,15275
517,14055
518,17851
519,12318
520,12318
521,9284
522,12888
523,18277
524,16907
525,15077
526,529
527,8721
528,11256
529,529
530,11323
531,529
532,529
533,20505
534,4552
535,18720
536,18720
537,8343
538,10441
539,18745
540,3031
541,15681
542,20099
543,9499
544,12887
545,7161
546,15104
547,17739
548,5104
549,5104
550,5106
551,5106
552,5106
553,5106
554,5620
555,5620
556,4200
557,4200
558,4200
559,2220
560,11769
561,11769
562,11769
563,16140
564,9188
565,17677
566,5313
567,18942
568,11769
569,19436
570,11774
571,20328
572,20328
573,12888
574,16050
575,7093
576,11304
577,1146
578,13807
579,13807
580,11304
581,15754
582,11304
583,11304
584,14933
585,11304
586,15734
587,13680
588,4150
589,10951
590,12682
591,20328
592,15535
593,13178
594,13178
595,1149
596,5694
597,17674
598,10103
599,9499
600,7492
601,17998
602,604
603,604
604,604
605,16649
606,16649
607,608
608,608
609,608
610,604
611,15734
612,18363
613,18363
614,615
615,615
616,18363
617,615
618,17608
619,8993
620,13018
621,13018
622,10610
623,20183
624,10610
625,4924
626,10610
627,14943
628,14943
629,14943
630,21135
631,15077
632,17924
633,12582
634,2192
635,12486
636,14055
637,16622
638,16622
639,16622
640,16622
641,16622
642,16622
643,16622
644,2372
645,2372
646,20328
647,20704
648,20328
649,20328
650,19454
651,8649
652,15842
653,14087
654,14087
655,14087
656,14301
657,14087
658,14087
659,14087
660,14087
661,4709
662,11201
663,10538
664,8285
665,4264
666,7093
667,7093
668,16050
669,6840
670,17968
671,8352
672,2227
673,2227
674,10272
675,10272
676,9514
677,9514
678,5282
679,9960
680,11721
681,11721
682,2858
683,20656
684,13131
685,20981
686,19083
687,20656
688,20656
689,5394
690,13131
691,6566
692,11774
693,5841
694,17487
695,14937
696,12582
697,5313
698,5313
699,5313
700,7829
701,11608
702,3866
703,15106
704,11201
705,20484
706,16588
707,18782
708,4491
709,4491
710,4491
711,13212
712,4491
713,19556
714,19556
715,4257
716,18756
717,10544
718,10544
719,5772
720,10544
721,721
722,8360
723,18182
724,16930
725,9283
726,16930
727,14776
728,6211
729,16153
730,7483
731,7483
732,7483
733,14241
734,7659
735,4150
736,5106
737,17010
738,20700
739,20700
740,12486
741,270
742,14796
743,12642
744,17373
745,5605
746,16907
747,16907
748,16907
749,16907
750,16907
751,16907
752,20622
753,3087
754,20744
755,20744
756,5400
757,9416
758,14255
759,17080
760,15568
761,5960
762,9416
763,5960
764,5960
765,5960
766,5960
767,9308
768,9308
769,1720
770,4723
771,4723
772,19214
773,8757
774,3141
775,19214
776,3141
777,11608
778,6227
779,19214
780,13088
781,15842
782,13807
783,14933
784,9960
785,9960
786,9960
787,18182
788,20212
789,17974
790,8429
791,10781
792,8429
793,8429
794,2227
795,2227
796,17516
797,10119
798,11304
799,9416
800,5960
801,19904
802,8404
803,8404
804,8404
805,14260
806,15734
807,5400
808,19254
809,16165
810,16165
811,16165
812,16165
813,16165
814,18336
815,16165
816,16165
817,9879
818,9879
819,19487
820,18336
821,7689
822,4257
823,4257
824,4257
825,4257
826,4257
827,10485
828,8134
829,20737
830,7613
831,8496
832,17588
833,5906
834,14055
835,11608
836,21137
837,14260
838,14502
839,14500
840,14260
841,14260
842,14502
843,7658
844,8910
845,8910
846,11449
847,11012
848,20287
849,5605
850,11769
851,11769
852,11769
853,10490
854,11769
855,11769
856,11769
857,11769
858,11769
859,11769
860,11769
861,11769
862,21292
863,21292
864,10398
865,11201
866,9188
867,2713
868,5694
869,5694
870,20778
871,17248
872,5829
873,1604
874,5694
875,5694
876,876
877,7136
878,876
879,11382
880,12679
881,8707
882,15697
883,8404
884,15568
885,5781
886,5781
887,5781
888,7394
889,20740
890,19483
891,20648
892,20710
893,20595
894,20595
895,12531
896,19358
897,1984
898,18515
899,18515
900,19297
901,21076
902,5810
903,16758
904,8511
905,8511
906,8511
907,6248
908,19934
909,3087
910,10610
911,10610
912,12775
913,10610
914,10610
915,10961
916,15400
917,18717
918,10961
919,10961
920,10961
921,10961
922,11414
923,11819
924,12650
925,12650
926,12650
927,12650
928,12650
929,12650
930,20715
931,11481
932,16784
933,10631
934,10631
935,10631
936,10631
937,11481
938,10631
939,11481
940,11481
941,11481
942,13178
943,13178
944,16480
945,6059
946,12113
947,6059
948,8582
949,13314
950,14669
951,13314
952,13314
953,13314
954,13314
955,11536
956,11906
957,11536
958,13314
959,5267
960,10781
961,8858
962,962
963,13109
964,11274
965,11274
966,974
967,11274
968,11069
969,11274
970,11274
971,13109
972,974
973,17420
974,974
975,8674
976,4296
977,4296
978,237
979,237
980,237
981,4292
982,10498
983,10498
984,14275
985,17033
986,2713
987,11481
988,11481
989,16647
990,5267
991,3070
992,3070
993,14260
994,14260
995,12152
996,8980
997,3334
998,16707
999,8758
1000,12642
1001,12642
1002,12072
1003,11405
1004,1004
1005,17581
1006,6621
1007,20891
1008,7284
1009,7284
1010,7284
1011,21289
1012,20688
1013,11534
1014,16856
1015,9031
1016,18485
1017,18485
1018,18485
1019,16856
1020,18485
1021,18485
1022,18485
1023,18485
1024,7161
1025,8526
1026,8526
1027,3773
1028,5313
1029,9499
1030,7093
1031,17318
1032,16588
1033,11985
1034,18002
1035,19878
1036,5843
1037,11984
1038,11984
1039,15534
1040,15959
1041,15959
1042,18002
1043,11608
1044,20307
1045,20307
1046,18319
1047,18319
1048,11769
1049,16140
1050,16140
1051,18193
1052,18319
1053,16140
1054,20767
1055,14586
1056,20615
1057,18319
1058,18319
1059,18319
1060,20270
1061,12074
1062,1062
1063,14991
1064,8609
1065,1066
1066,1066
1067,6325
1068,12197
1069,19696
1070,1070
1071,1071
1072,1072
1073,11304
1074,7483
1075,20425
1076,7483
1077,14132
1078,10463
1079,12642
1080,14508
1081,14508
1082,15194
1083,21149
1084,5952
1085,9729
1086,12729
1087,12729
1088,9031
1089,9031
1090,1092
1091,1091
1092,1092
1093,1094
1094,1094
1095,1094
1096,15369
1097,7579
1098,7579
1099,7579
1100,7579
1101,7579
1102,7579
1103,7579
1104,20933
1105,4853
1106,9449
1107,7579
1108,14870
1109,10254
1110,16917
1111,14260
1112,15358
1113,5267
1114,19154
1115,19154
1116,5267
1117,9496
1118,9031
1119,10147
1120,10147
1121,16647
1122,17823
1123,17785
1124,8774
1125,2713
1126,4481
1127,7761
1128,8404
1129,8404
1130,8404
1131,11721
1132,11721
1133,11721
1134,11721
1135,11721
1136,20505
1137,1146
1138,14933
1139,11742
1140,20432
1141,1146
1142,1146
1143,1146
1144,1146
1145,1146
1146,1146
1147,18202
1148,5267
1149,1149
1150,1149
1151,1149
1152,10346
1153,14421
1154,13933
1155,2705
1156,5960
1157,5960
1158,5960
1159,5960
1160,5960
1161,5960
1162,5960
1163,5960
1164,5960
1165,21000
1166,17863
1167,16800
1168,21000
1169,11427
1170,20984
1171,17861
1172,10287
1173,15573
1174,3297
1175,17863
1176,11237
1177,11237
1178,15024
1179,4481
1180,11237
1181,16137
1182,5106
1183,20417
1184,20417
1185,8109
1186,3234
1187,6320
1188,18282
1189,5267
1190,13167
1191,16647
1192,15734
1193,20963
1194,20769
1195,10631
1196,14590
1197,20963
1198,11239
1199,7394
1200,21229
1201,13061
1202,7394
1203,12582
1204,16283
1205,15587
1206,15495
1207,15587
1208,15587
1209,11628
1210,11628
1211,17854
1212,19851
1213,21120
1214,11628
1215,17854
1216,11628
1217,11628
1218,16647
1219,18686
1220,9416
1221,9416
1222,15200
1223,15200
1224,5960
1225,5960
1226,5960
1227,2607
1228,15077
1229,2192
1230,2192
1231,17924
1232,19055
1233,19420
1234,18510
1235,18510
1236,5712
1237,12020
1238,19268
1239,14551
1240,10296
1241,9044
1242,9044
1243,18794
1244,8075
1245,18823
1246,19400
1247,3087
1248,2617
1249,2486
1250,12031
1251,12031
1252,2486
1253,11859
1254,11859
1255,11166
1256,13025
1257,11859
1258,11859
1259,11859
1260,11859
1261,11859
1262,529
1263,12791
1264,12791
1265,12791
1266,12791
1267,15735
1268,7720
1269,11859
1270,5883
1271,7579
1272,10610
1273,10610
1274,10610
1275,10610
1276,10610
1277,18485
1278,4015
1279,13778
1280,14100
1281,6791
1282,20092
1283,19878
1284,20884
1285,18515
1286,21115
1287,20976
1288,21115
1289,12531
1290,12531
1291,17740
1292,19358
1293,20625
1294,5394
1295,5267
1296,5267
1297,19933
1298,18350
1299,5267
1300,16647
1301,13721
1302,5104
1303,15562
1304,5605
1305,13721
1306,13721
1307,14686
1308,13721
1309,15890
1310,15890
1311,15890
1312,1312
1313,1313
1314,15197
1315,15115
1316,15115
1317,15115
1318,15115
1319,14376
1320,20317
1321,20069
1322,16418
1323,16418
1324,20505
1325,19454
1326,14513
1327,13825
1328,13825
1329,19454
1330,16045
1331,18953
1332,17935
1333,14502
1334,1720
1335,12166
1336,1312
1337,9960
1338,5810
1339,12138
1340,8092
1341,10507
1342,20212
1343,3334
1344,19659
1345,7761
1346,5313
1347,20217
1348,17968
1349,20217
1350,20217
1351,19438
1352,19438
1353,10335
1354,19365
1355,18149
1356,16622
1357,16622
1358,19494
1359,5605
1360,13537
1361,13537
1362,13537
1363,13537
1364,5605
1365,19065
1366,18335
1367,5267
1368,5267
1369,5267
1370,5267
1371,19772
1372,11244
1373,12428
1374,6059
1375,12377
1376,13730
1377,9663
1378,10538
1379,10498
1380,12164
1381,9188
1382,11201
1383,11201
1384,11201
1385,8211
1386,15143
1387,6059
1388,2192
1389,2192
1390,19694
1391,10955
1392,11481
1393,14590
1394,6840
1395,15754
1396,14933
1397,16042
1398,11890
1399,11890
1400,11890
1401,2192
1402,12113
1403,17924
1404,12486
1405,16674
1406,3984
1407,16497
1408,10762
1409,19672
1410,13203
1411,13933
1412,5522
1413,5522
1414,11949
1415,1415
1416,20884
1417,19297
1418,19083
1419,20686
1420,20710
1421,20656
1422,5267
1423,5267
1424,13537
1425,1426
1426,1426
1427,1426
1428,1428
1429,1428
1430,1428
1431,1431
1432,21114
1433,21114
1434,21114
1435,5313
1436,16588
1437,10486
1438,19480
1439,19479
1440,12772
1441,12772
1442,12772
1443,20933
1444,8404
1445,19002
1446,19479
1447,8404
1448,6211
1449,3087
1450,3087
1451,12318
1452,2617
1453,3068
1454,3078
1455,3086
1456,17608
1457,1457
1458,1457
1459,12765
1460,6522
1461,4953
1462,11769
1463,16140
1464,11769
1465,16140
1466,11769
1467,4953
1468,7829
1469,4723
1470,13523
1471,7617
1472,14211
1473,18942
1474,16140
1475,18942
1476,16140
1477,12890
1478,16140
1479,16140
1480,3086
1481,19486
1482,20287
1483,13721
1484,14629
1485,16137
1486,13018
1487,13018
1488,16497
1489,15167
1490,13933
1491,19613
1492,1653
1493,10422
1494,6059
1495,5267
1496,6020
1497,6020
1498,17924
1499,6355
1500,9976
1501,1503
1502,11007
1503,1503
1504,11485
1505,5400
1506,13806
1507,19297
1508,20625
1509,11950
1510,13778
1511,16758
1512,14340
1513,13873
1514,13551
1515,1516
1516,1516
1517,1516
1518,10882
1519,18365
1520,16473
1521,1521
1522,1522
1523,11950
1524,3086
1525,11859
1526,21168
1527,21168
1528,4853
1529,1092
1530,16647
1531,7895
1532,13238
1533,18823
1534,9042
1535,21221
1536,21221
1537,21221
1538,19420
1539,1544
1540,1544
1541,1544
1542,1544
1543,1544
1544,1544
1545,1544
1546,20099
1547,15661
1548,20099
1549,9188
1550,15661
1551,9188
1552,19479
1553,2662
1554,16649
1555,1149
1556,7829
1557,8764
1558,12138
1559,9031
1560,10840
1561,19358
1562,19358
1563,1984
1564,12531
1565,20881
1566,2782
1567,2782
1568,2782
1569,11774
1570,19883
1571,20355
1572,20355
1573,20355
1574,11890
1575,20891
1576,20891
1577,20891
1578,18515
1579,18515
1580,18515
1581,18515
1582,13542
1583,5313
1584,12397
1585,13429
1586,16105
1587,16105
1588,16105
1589,12158
1590,12158
1591,6379
1592,6379
1593,6379
1594,6379
1595,6379
1596,6379
1597,3880
1598,6379
1599,18794
1600,3070
1601,18499
1602,7761
1603,1604
1604,1604
1605,4255
1606,7761
1607,17832
1608,4255
1609,4255
1610,5694
1611,17832
1612,6434
1613,4814
1614,12862
1615,14355
1616,6252
1617,4150
1618,9696
1619,9696
1620,9696
1621,21287
1622,21287
1623,21287
1624,21287
1625,16674
1626,16674
1627,20116
1628,20116
1629,14173
1630,14173
1631,17646
1632,11723
1633,11723
1634,19296
1635,1635
1636,9556
1637,9556
1638,6468
1639,15026
1640,10532
1641,6468
1642,11833
1643,11833
1644,1653
1645,8087
1646,21202
1647,21202
1648,21036
1649,21202
1650,8087
1651,16674
1652,1653
1653,1653
1654,1653
1655,1653
1656,3087
1657,3068
1658,3086
1659,3087
1660,3068
1661,12318
1662,11969
1663,16588
1664,12582
1665,17674
1666,8087
1667,1604
1668,8087
1669,15358
1670,11624
1671,15863
1672,15358
1673,15863
1674,11624
1675,15863
1676,15358
1677,15863
1678,16050
1679,5543
1680,5543
1681,20099
1682,11201
1683,11607
1684,9779
1685,16050
1686,16050
1687,16050
1688,20217
1689,12888
1690,19671
1691,19420
1692,19420
1693,19420
1694,6059
1695,3773
1696,962
1697,962
1698,962
1699,7492
1700,10434
1701,5668
1702,15515
1703,5668
1704,7492
1705,2749
1706,4006
1707,15119
1708,20639
1709,8887
1710,8887
1711,3123
1712,13806
1713,13806
1714,13806
1715,21004
1716,21229
1717,21229
1718,14087
1719,14087
1720,1720
1721,13680
1722,3141
1723,13819
1724,20763
1725,20763
1726,9496
1727,10775
1728,4644
1729,3535
1730,16630
1731,14896
1732,11671
1733,3068
1734,16694
1735,4006
1736,5375
1737,7930
1738,6272
1739,7932
1740,17378
1741,5668
1742,5972
1743,8721
1744,8721
1745,17033
1746,13178
1747,1503
1748,15002
1749,16425
1750,15568
1751,2713
1752,4200
1753,4200
1754,12031
1755,1755
1756,2486
1757,15610
1758,1758
1759,5975
1760,17988
1761,15598
1762,20204
1763,3031
1764,14567
1765,15744
1766,11769
1767,16140
1768,19296
1769,15299
1770,15299
1771,20547
1772,20547
1773,17026
1774,16778
1775,12946
1776,12946
1777,14567
1778,14567
1779,20869
1780,15949
1781,16681
1782,7253
1783,4190
1784,19454
1785,2782
1786,2782
1787,2782
1788,2782
1789,11774
1790,11774
1791,11774
1792,17677
1793,16588
1794,12888
1795,12888
1796,16283
1797,17247
1798,17223
1799,16170
1800,14440
1801,14440
1802,14440
1803,16283
1804,16283
1805,16283
1806,14440
1807,1807
1808,5313
1809,17033
1810,5313
1811,17677
1812,12582
1813,5313
1814,5313
1815,5313
1816,5313
1817,17033
1818,17033
1819,5313
1820,20173
1821,14229
1822,13699
1823,19296
1824,15086
1825,21276
1826,4814
1827,11985
1828,15431
1829,15431
1830,20925
1831,3123
1832,20656
1833,20740
1834,3123
1835,15431
1836,15431
1837,3123
1838,18277
1839,3087
1840,2619
1841,17645
1842,6841
1843,11239
1844,20737
1845,18182
1846,8563
1847,20934
1848,5375
1849,12887
1850,10103
1851,12887
1852,3984
1853,20656
1854,21005
1855,20884
1856,5394
1857,20656
1858,13131
1859,20744
1860,3123
1861,20687
1862,3123
1863,20687
1864,20687
1865,20686
1866,20687
1867,17646
1868,17250
1869,12486
1870,17747
1871,15902
1872,11427
1873,1873
1874,16894
1875,21276
1876,19297
1877,19297
1878,19083
1879,20744
1880,20744
1881,20663
1882,20624
1883,20744
1884,5400
1885,21292
1886,7291
1887,2343
1888,19904
1889,15905
1890,15905
1891,19904
1892,18191
1893,17159
1894,17159
1895,15350
1896,18191
1897,18191
1898,15621
1899,18191
1900,15143
1901,15143
1902,8211
1903,15143
1904,5075
1905,1905
1906,4742
1907,4742
1908,9960
1909,9960
1910,9960
1911,12486
1912,1653
1913,16674
1914,2192
1915,16674
1916,12599
1917,17674
1918,15735
1919,11859
1920,15735
1921,11859
1922,15735
1923,10831
1924,10831
1925,7700
1926,7700
1927,7700
1928,17033
1929,5313
1930,17033
1931,5313
1932,5313
1933,5843
1934,15940
1935,11859
1936,13025
1937,14870
1938,14595
1939,20464
1940,14590
1941,10872
1942,19898
1943,10335
1944,15735
1945,10335
1946,20480
1947,15358
1948,15568
1949,15863
1950,15863
1951,9063
1952,14421
1953,16622
1954,8910
1955,11859
1956,13025
1957,13025
1958,17345
1959,19634
1960,17345
1961,12946
1962,21111
1963,12582
1964,9960
1965,9259
1966,14489
1967,16907
1968,11969
1969,16930
1970,20307
1971,20737
1972,20417
1973,16930
1974,11714
1975,21137
1976,19358
1977,12531
1978,18515
1979,19358
1980,19358
1981,12531
1982,18515
1983,20881
1984,1984
1985,20675
1986,11477
1987,11477
1988,13933
1989,13806
1990,20625
1991,13131
1992,5400
1993,5400
1994,3141
1995,3123
1996,3123
1997,3123
1998,12531
1999,1984
2000,3123
2001,11965
2002,13169
2003,9496
2004,13457
2005,13457
2006,13680
2007,15535
2008,9217
2009,11389
2010,13523
2011,13523
2012,10762
2013,4257
2014,2713
2015,1604
2016,15568
2017,2372
2018,14508
2019,12974
2020,17930
2021,11237
2022,16105
2023,16105
2024,7700
2025,16105
2026,5106
2027,5106
2028,16105
2029,16105
2030,13721
2031,13721
2032,13721
2033,16105
2034,5106
2035,2035
2036,18002
2037,13153
2038,2039
2039,2039
2040,7700
2041,16105
2042,15305
2043,3311
2044,13281
2045,5267
2046,20779
2047,5313
2048,19599
2049,13636
2050,13636
2051,19599
2052,20431
2053,20431
2054,16674
2055,11890
2056,20947
2057,20145
2058,5694
2059,5781
2060,18370
2061,20145
2062,11624
2063,5454
2064,11481
2065,11481
2066,6059
2067,11481
2068,21197
2069,13025
2070,13025
2071,10831
2072,6952
2073,15650
2074,17688
2075,3123
2076,3123
2077,3123
2078,2078
2079,19296
2080,8496
2081,8721
2082,5365
2083,8674
2084,8674
2085,10931
2086,13570
2087,8674
2088,10931
2089,19470
2090,10931
2091,10931
2092,8674
2093,8674
2094,19470
2095,19470
2096,7665
2097,15737
2098,15292
2099,15062
2100,15062
2101,10281
2102,15062
2103,10281
2104,8802
2105,9561
2106,13602
2107,20209
2108,12538
2109,18534
2110,9036
2111,4015
2112,19947
2113,5267
2114,5267
2115,8404
2116,16122
2117,16122
2118,16122
2119,7597
2120,13589
2121,17464
2122,2122
2123,15568
2124,15373
2125,12791
2126,11323
2127,17823
2128,20092
2129,13380
2130,5843
2131,7515
2132,19986
2133,19986
2134,19986
2135,4644
2136,9696
2137,2894
2138,19986
2139,13563
2140,10158
2141,14421
2142,10158
2143,14421
2144,14421
2145,6360
2146,6360
2147,6360
2148,5484
2149,3086
2150,5484
2151,7883
2152,13238
2153,13238
2154,18823
2155,18823
2156,10861
2157,4523
2158,16674
2159,17000
2160,17000
2161,17000
2162,20431
2163,12538
2164,608
2165,8910
2166,8910
2167,19055
2168,4363
2169,19055
2170,4363
2171,19055
2172,2227
2173,7659
2174,8910
2175,11608
2176,13680
2177,14512
2178,20025
2179,17747
2180,19630
2181,17406
2182,15902
2183,15902
2184,15038
2185,18034
2186,20150
2187,20984
2188,14430
2189,15841
2190,2190
2191,20177
2192,2192
2193,2944
2194,20881
2195,12531
2196,21276
2197,20884
2198,20656
2199,19083
2200,19248
2201,21292
2202,20595
2203,21276
2204,20884
2205,21276
2206,21008
2207,21276
2208,21292
2209,20648
2210,12582
2211,6059
2212,2220
2213,2220
2214,2220
2215,20116
2216,2220
2217,2220
2218,2220
2219,2220
2220,2220
2221,12643
2222,19969
2223,10272
2224,10272
2225,10272
2226,2227
2227,2227
2228,5827
2229,20932
2230,11714
2231,14376
2232,11714
2233,5400
2234,5400
2235,5400
2236,20656
2237,20656
2238,19083
2239,13131
2240,19083
2241,5394
2242,21276
2243,20740
2244,21276
2245,19489
2246,15748
2247,18980
2248,18980
2249,17034
2250,5267
2251,18350
2252,18350
2253,9496
2254,9496
2255,9441
2256,9441
2257,2258
2258,2258
2259,2258
2260,9901
2261,15650
2262,15735
2263,2372
2264,15650
2265,11859
2266,10103
2267,8068
2268,15190
2269,2270
2270,2270
2271,2270
2272,18545
2273,18545
2274,2274
2275,20897
2276,21008
2277,21008
2278,20595
2279,3123
2280,20687
2281,17688
2282,12531
2283,13131
2284,20687
2285,15290
2286,20688
2287,20687
2288,4532
2289,10103
2290,18782
2291,18782
2292,18782
2293,20340
2294,4953
2295,4953
2296,17033
2297,18722
2298,16506
2299,15650
2300,11012
2301,11012
2302,11012
2303,10955
2304,10955
2305,10955
2306,10955
2307,18788
2308,19898
2309,5314
2310,17739
2311,17224
2312,13203
2313,2313
2314,4057
2315,7883
2316,13658
2317,13658
2318,20145
2319,237
2320,237
2321,14055
2322,17705
2323,237
2324,20386
2325,9537
2326,9537
2327,11624
2328,19947
2329,13429
2330,2705
2331,2705
2332,2705
2333,2705
2334,14184
2335,3350
2336,3350
2337,5906
2338,17767
2339,12786
2340,20480
2341,20480
2342,10925
2343,2343
2344,20190
2345,20484
2346,5267
2347,5267
2348,11239
2349,17338
2350,2351
2351,2351
2352,5314
2353,2351
2354,20704
2355,20328
2356,20328
2357,14567
2358,15891
2359,1146
2360,13592
2361,20464
2362,21123
2363,16048
2364,20933
2365,10103
2366,11239
2367,15200
2368,11721
2369,9960
2370,12113
2371,16137
2372,2372
2373,17383
2374,17674
2375,21221
2376,11636
2377,20355
2378,14930
2379,18839
2380,11677
2381,9638
2382,9638
2383,17674
2384,1149
2385,1149
2386,18860
2387,7825
2388,5447
2389,13579
2390,7700
2391,5267
2392,5267
2393,13167
2394,5267
2395,5267
2396,15516
2397,10485
2398,14565
2399,13806
2400,20656
2401,16630
2402,8721
2403,15034
2404,15034
2405,7930
2406,20426
2407,8910
2408,14392
2409,14392
2410,14392
2411,6475
2412,7930
2413,6272
2414,7932
2415,11608
2416,6708
2417,14977
2418,6708
2419,14977
2420,14977
2421,12775
2422,10610
2423,10610
2424,10610
2425,14943
2426,12775
2427,12775
2428,10610
2429,8134
2430,6379
2431,5605
2432,16497
2433,13721
2434,13721
2435,16501
2436,2486
2437,5605
2438,12031
2439,12031
2440,7825
2441,11859
2442,18149
2443,10631
2444,6059
2445,6059
2446,6059
2447,11481
2448,19365
2449,19365
2450,19365
2451,19365
2452,19365
2453,16051
2454,16051
2455,16051
2456,16050
2457,17968
2458,17968
2459,8352
2460,15292
2461,17968
2462,10346
2463,14421
2464,21197
2465,20217
2466,2466
2467,12324
2468,2468
2469,20171
2470,5267
2471,9441
2472,13270
2473,9913
2474,19969
2475,20116
2476,19130
2477,13537
2478,19668
2479,2486
2480,2486
2481,17182
2482,5238
2483,17182
2484,16501
2485,2486
2486,2486
2487,17085
2488,14137
2489,17085
2490,20145
2491,4257
2492,4257
2493,4257
2494,10762
2495,5267
2496,9188
2497,9188
2498,9188
2499,1146
2500,19976
2501,18149
2502,16709
2503,16709
2504,13933
2505,13933
2506,13933
2507,13933
2508,16917
2509,3491
2510,3491
2511,18370
2512,18992
2513,2513
2514,8980
2515,8980
2516,5484
2517,20417
2518,9283
2519,5400
2520,5400
2521,5400
2522,5400
2523,5400
2524,5400
2525,5400
2526,20880
2527,3123
2528,3123
2529,20623
2530,3123
2531,3123
2532,3123
2533,19083
2534,19083
2535,21276
2536,12531
2537,21276
2538,19083
2539,19258
2540,12486
2541,13178
2542,5267
2543,5267
2544,12582
2545,17425
2546,7883
2547,19242
2548,17043
2549,10531
2550,16508
2551,20688
2552,20687
2553,21005
2554,20686
2555,15431
2556,15431
2557,15431
2558,12531
2559,3068
2560,3078
2561,11318
2562,11318
2563,16907
2564,3078
2565,16607
2566,16537
2567,15978
2568,8360
2569,10544
2570,16537
2571,16271
2572,16537
2573,18124
2574,2580
2575,16607
2576,7508
2577,19067
2578,3984
2579,11918
2580,2580
2581,16537
2582,2313
2583,11864
2584,5772
2585,5772
2586,5772
2587,3491
2588,16607
2589,2580
2590,7394
2591,5694
2592,11890
2593,2713
2594,13742
2595,12138
2596,2596
2597,3725
2598,8674
2599,8674
2600,19470
2601,10931
2602,8033
2603,4363
2604,4363
2605,14318
2606,19711
2607,2607
2608,2607
2609,5883
2610,5883
2611,5883
2612,6355
2613,5883
2614,11481
2615,2615
2616,2617
2617,2617
2618,2617
2619,2619
2620,3078
2621,3078
2622,3078
2623,3078
2624,3078
2625,3078
2626,15431
2627,15431
2628,20968
2629,9036
2630,10610
2631,12775
2632,12775
2633,16622
2634,20464
2635,20464
2636,17786
2637,20464
2638,20464
2639,20464
2640,3078
2641,12158
2642,3086
2643,3078
2644,10498
2645,4257
2646,9036
2647,4523
2648,7579
2649,7579
2650,8087
2651,7579
2652,6355
2653,5883
2654,19479
2655,9729
2656,3942
2657,3942
2658,3942
2659,3942
2660,3942
2661,11389
2662,2662
2663,2662
2664,2662
2665,11534
2666,11534
2667,16846
2668,6206
2669,5729
2670,11721
2671,17063
2672,12074
2673,12002
2674,4112
2675,15734
2676,10429
2677,9258
2678,15974
2679,15974
2680,16917
2681,11458
2682,11458
2683,16045
2684,16045
2685,9441
2686,11166
2687,974
2688,18364
2689,13551
2690,11244
2691,17628
2692,13658
2693,19968
2694,2698
2695,21018
2696,18720
2697,2698
2698,2698
2699,18720
2700,18720
2701,18720
2702,5906
2703,5906
2704,5906
2705,2705
2706,5906
2707,3350
2708,3350
2709,2709
2710,2709
2711,20148
2712,2712
2713,2713
2714,7761
2715,7761
2716,4255
2717,8404
2718,20933
2719,8404
2720,11201
2721,11714
2722,3123
2723,20687
2724,20687
2725,12472
2726,20656
2727,20896
2728,15290
2729,5394
2730,3123
2731,13825
2732,13825
2733,13825
2734,13825
2735,9579
2736,18788
2737,14590
2738,14590
2739,2122
2740,7720
2741,7720
2742,6475
2743,5887
2744,7659
2745,7659
2746,7659
2747,7659
2748,11557
2749,2749
2750,5365
2751,17085
2752,17085
2753,10928
2754,15663
2755,6566
2756,17043
2757,5810
2758,5668
2759,14999
2760,21005
2761,20686
2762,20648
2763,10335
2764,2895
2765,13588
2766,13474
2767,11630
2768,13588
2769,13680
2770,11699
2771,20763
2772,3086
2773,20099
2774,20099
2775,20099
2776,19816
2777,2782
2778,2782
2779,2782
2780,2782
2781,2782
2782,2782
2783,18788
2784,6952
2785,6952
2786,19365
2787,11012
2788,6241
2789,18485
2790,9579
2791,18684
2792,9579
2793,10955
2794,4057
2795,10955
2796,20484
2797,20484
2798,20484
2799,5543
2800,12732
2801,16645
2802,2802
2803,4399
2804,5827
2805,21287
2806,7093
2807,5031
2808,5827
2809,4399
2810,15369
2811,11012
2812,16051
2813,5625
2814,9960
2815,9960
2816,13400
2817,13400
2818,13400
2819,11481
2820,13536
2821,13699
2822,19365
2823,18499
2824,8352
2825,6379
2826,2859
2827,2859
2828,16906
2829,21099
2830,16907
2831,16906
2832,16105
2833,18354
2834,8993
2835,8993
2836,1457
2837,3554
2838,19278
2839,6940
2840,9579
2841,4709
2842,12436
2843,13463
2844,5906
2845,7773
2846,12138
2847,12138
2848,20897
2849,20643
2850,3866
2851,15045
2852,16836
2853,10635
2854,3725
2855,19575
2856,16693
2857,2858
2858,2858
2859,2859
2860,2859
2861,2859
2862,2859
2863,2859
2864,2859
2865,2859
2866,2619
2867,20505
2868,15540
2869,7492
2870,7492
2871,7492
2872,5813
2873,5668
2874,8721
2875,14595
2876,962
2877,962
2878,14860
2879,14860
2880,14860
2881,11908
2882,14860
2883,14860
2884,14860
2885,21229
2886,2886
2887,5021
2888,9913
2889,19771
2890,20687
2891,6767
2892,11241
2893,17033
2894,2894
2895,2895
2896,8429
2897,2902
2898,2902
2899,17493
2900,16139
2901,10893
2902,2902
2903,11562
2904,11562
2905,9609
2906,20656
2907,3123
2908,13806
2909,12643
2910,10486
2911,20392
2912,15200
2913,15200
2914,18342
2915,18342
2916,18515
2917,1149
2918,8087
2919,5781
2920,5781
2921,20190
2922,20190
2923,20190
2924,10188
2925,20349
2926,20480
2927,11481
2928,20480
2929,9188
2930,3942
2931,3942
2932,6475
2933,6475
2934,5375
2935,10434
2936,7932
2937,3123
2938,3123
2939,6292
2940,14834
2941,15841
2942,15841
2943,19268
2944,2944
2945,16549
2946,3341
2947,2313
2948,2948
2949,10544
2950,18983
2951,7492
2952,7492
2953,7492
2954,13372
2955,10485
2956,1146
2957,14200
2958,962
2959,17646
2960,17646
2961,17646
2962,4540
2963,2963
2964,17882
2965,12117
2966,12117
2967,12117
2968,12117
2969,12117
2970,13886
2971,14384
2972,11947
2973,15568
2974,15568
2975,1604
2976,16349
2977,11007
2978,17261
2979,13013
2980,14935
2981,13013
2982,2983
2983,2983
2984,8109
2985,18282
2986,8109
2987,13109
2988,13109
2989,11274
2990,17420
2991,11069
2992,17420
2993,10468
2994,14898
2995,14898
2996,6517
2997,6517
2998,12765
2999,6517
3000,6517
3001,6517
3002,12765
3003,20113
3004,3087
3005,20417
3006,20515
3007,5972
3008,12791
3009,12472
3010,5972
3011,16674
3012,7829
3013,7579
3014,17674
3015,12730
3016,14629
3017,8328
3018,1149
3019,9771
3020,9771
3021,19931
3022,18383
3023,10955
3024,10955
3025,11012
3026,10955
3027,10955
3028,15935
3029,17631
3030,17043
3031,3031
3032,14440
3033,16035
3034,15905
3035,10762
3036,11833
3037,13637
3038,13637
3039,3070
3040,3554
3041,3087
3042,3070
3043,2372
3044,8074
3045,12106
3046,17713
3047,18738
3048,19816
3049,3049
3050,19816
3051,3051
3052,3054
3053,3054
3054,3054
3055,19904
3056,17493
3057,20513
3058,8052
3059,16172
3060,7923
3061,2749
3062,13699
3063,18942
3064,3078
3065,3068
3066,3087
3067,2617
3068,3068
3069,3069
3070,3070
3071,3087
3072,3068
3073,3087
3074,3078
3075,3078
3076,3078
3077,3078
3078,3078
3079,3078
3080,3078
3081,3078
3082,3078
3083,3078
3084,3078
3085,3078
3086,3086
3087,3087
3088,3068
3089,3068
3090,3068
3091,3078
3092,3086
3093,3086
3094,3087
3095,12318
3096,3078
3097,3078
3098,3078
3099,3068
3100,3078
3101,3068
3102,3087
3103,3086
3104,18277
3105,3078
3106,3086
3107,3068
3108,2619
3109,2859
3110,11320
3111,11319
3112,2859
3113,2859
3114,2859
3115,2859
3116,2859
3117,2859
3118,11320
3119,2859
3120,20744
3121,3123
3122,3123
3123,3123
3124,20687
3125,3123
3126,3123
3127,13726
3128,17471
3129,13726
3130,8511
3131,6248
3132,6248
3133,15754
3134,11481
3135,12750
3136,12750
3137,3141
3138,3141
3139,3141
3140,3141
3141,3141
3142,3141
3143,3141
3144,3495
3145,20451
3146,20451
3147,20451
3148,3141
3149,3141
3150,13933
3151,19934
3152,12750
3153,12750
3154,20737
3155,10465
3156,12166
3157,7923
3158,7923
3159,4150
3160,5887
3161,7923
3162,7923
3163,16630
3164,12166
3165,6211
3166,9785
3167,2709
3168,10925
3169,13032
3170,3467
3171,3467
3172,20786
3173,3467
3174,3467
3175,3467
3176,3467
3177,20786
3178,20786
3179,20786
3180,20786
3181,3467
3182,16627
3183,11186
3184,11182
3185,12164
3186,14280
3187,20140
3188,16674
3189,1426
3190,13537
3191,12031
3192,3192
3193,17182
3194,16599
3195,5313
3196,962
3197,20172
3198,19055
3199,4363
3200,4363
3201,2705
3202,4257
3203,17051
3204,5623
3205,20767
3206,10254
3207,10254
3208,10254
3209,10254
3210,9653
3211,11827
3212,11827
3213,9653
3214,9516
3215,18551
3216,10465
3217,18485
3218,11758
3219,19268
3220,19061
3221,14938
3222,7617
3223,7617
3224,7617
3225,2122
3226,7923
3227,7923
3228,11995
3229,15621
3230,17920
3231,11562
3232,11562
3233,3234
3234,3234
3235,15115
3236,604
3237,604
3238,21130
3239,14547
3240,14495
3241,14495
3242,6468
3243,4477
3244,4477
3245,14547
3246,12791
3247,12791
3248,8721
3249,8721
3250,10281
3251,10281
3252,10281
3253,20386
3254,9696
3255,17647
3256,9696
3257,2894
3258,14595
3259,11536
3260,11536
3261,5314
3262,16623
3263,16623
3264,20710
3265,20687
3266,20968
3267,20595
3268,20710
3269,20626
3270,21276
3271,21276
3272,21276
3273,15568
3274,11859
3275,18970
3276,18970
3277,18970
3278,18970
3279,7163
3280,12486
3281,12158
3282,19232
3283,17713
3284,19232
3285,19232
3286,17690
3287,2886
3288,10298
3289,18988
3290,3297
3291,12273
3292,17863
3293,4403
3294,3294
3295,3297
3296,17747
3297,3297
3298,4403
3299,19102
3300,10434
3301,14429
3302,11360
3303,5813
3304,15734
3305,3311
3306,3307
3307,3307
3308,3311
3309,3311
3310,3311
3311,3311
3312,3311
3313,16649
3314,17164
3315,17345
3316,17345
3317,18850
3318,4491
3319,4491
3320,14860
3321,14860
3322,6563
3323,14860
3324,14860
3325,8526
3326,5486
3327,9283
3328,5486
3329,11714
3330,9283
3331,9283
3332,9283
3333,9283
3334,3334
3335,5313
3336,2782
3337,2782
3338,2782
3339,3773
3340,6566
3341,3341
3342,3342
3343,3343
3344,10434
3345,7492
3346,7492
3347,17378
3348,13178
3349,20769
3350,3350
3351,3350
3352,5810
3353,18811
3354,15533
3355,13658
3356,6475
3357,5666
3358,19969
3359,6563
3360,20513
3361,13736
3362,11077
3363,15747
3364,4057
3365,20386
3366,9856
3367,3367
3368,3368
3369,8747
3370,13730
3371,3371
3372,15200
3373,5960
3374,5960
3375,5960
3376,5960
3377,5960
3378,15200
3379,5960
3380,15568
3381,5960
3382,237
3383,11769
3384,18942
3385,16140
3386,16140
3387,18235
3388,11769
3389,14142
3390,18390
3391,14878
3392,3644
3393,12320
3394,10559
3395,17516
3396,17516
3397,18742
3398,10559
3399,11860
3400,14142
3401,13817
3402,2713
3403,7982
3404,14581
3405,8721
3406,8721
3407,20099
3408,12650
3409,3942
3410,6517
3411,16134
3412,6413
3413,19816
3414,19816
3415,18162
3416,20328
3417,20704
3418,5694
3419,16674
3420,16674
3421,8285
3422,423
3423,16140
3424,16140
3425,19436
3426,18942
3427,16140
3428,21112
3429,21112
3430,21112
3431,14376
3432,12113
3433,20092
3434,7720
3435,9579
3436,15290
3437,14400
3438,7492
3439,12113
3440,12113
3441,5075
3442,6059
3443,6059
3444,6059
3445,6059
3446,17033
3447,3447
3448,3448
3449,3447
3450,3450
3451,3451
3452,3448
3453,15938
3454,15938
3455,7067
3456,3456
3457,15575
3458,3448
3459,20145
3460,8429
3461,8429
3462,3467
3463,3467
3464,3467
3465,3467
3466,3467
3467,3467
3468,3467
3469,3470
3470,3470
3471,3470
3472,3470
3473,3470
3474,9771
3475,14878
3476,14173
3477,14173
3478,14173
3479,14173
3480,9960
3481,18970
3482,17551
3483,6205
3484,16846
3485,5729
3486,17029
3487,17551
3488,16846
3489,11918
3490,3490
3491,3491
3492,3491
3493,15143
3494,14999
3495,3495
3496,3495
3497,6059
3498,3141
3499,17531
3500,3500
3501,3501
3502,18199
3503,8033
3504,20186
3505,17102
3506,17102
3507,17102
3508,6325
3509,17103
3510,6292
3511,15288
3512,17102
3513,6287
3514,17103
3515,15288
3516,17103
3517,17103
3518,4953
3519,4953
3520,4953
3521,6059
3522,6059
3523,3523
3524,14935
3525,14935
3526,15624
3527,1091
3528,9520
3529,9609
3530,15146
3531,5365
3532,5365
3533,3536
3534,3535
3535,3535
3536,3536
3537,3535
3538,7659
3539,7659
3540,20217
3541,15174
3542,20464
3543,9681
3544,20431
3545,8923
3546,16116
3547,16215
3548,17739
3549,16283
3550,14440
3551,16066
3552,19401
3553,3554
3554,3554
3555,1094
3556,3556
3557,1092
3558,1094
3559,1094
3560,1091
3561,1094
3562,12582
3563,4363
3564,19934
3565,15246
3566,5818
3567,3567
3568,5447
3569,21008
3570,21008
3571,6379
3572,6379
3573,4100
3574,10429
3575,423
3576,4548
3577,11625
3578,19351
3579,12772
3580,15621
3581,17767
3582,17767
3583,17767
3584,2705
3585,7669
3586,7669
3587,3350
3588,3588
3589,3123
3590,12531
3591,7284
3592,18983
3593,14783
3594,10434
3595,10434
3596,20687
3597,20688
3598,12807
3599,9464
3600,20349
3601,3601
3602,3601
3603,13481
3604,3601
3605,15149
3606,15738
3607,21282
3608,19083
3609,13401
3610,11529
3611,3470
3612,13928
3613,18874
3614,15688
3615,15562
3616,3616
3617,14878
3618,15562
3619,14485
3620,14485
3621,3626
3622,15416
3623,3626
3624,3470
3625,3626
3626,3626
3627,3626
3628,3470
3629,3470
3630,3470
3631,3470
3632,3470
3633,3470
3634,3470
3635,3470
3636,3470
3637,3470
3638,15562
3639,15562
3640,15562
3641,15562
3642,3626
3643,15416
3644,3644
3645,3644
3646,13928
3647,15416
3648,15416
3649,15688
3650,14595
3651,14595
3652,14595
3653,19859
3654,19859
3655,19859
3656,19130
3657,19860
3658,19859
3659,19180
3660,13385
3661,14500
3662,14260
3663,16630
3664,16630
3665,16630
3666,3667
3667,3667
3668,17010
3669,15625
3670,15622
3671,9879
3672,9879
3673,15621
3674,10893
3675,19885
3676,2902
3677,15621
3678,19672
3679,15621
3680,15621
3681,8087
3682,21287
3683,18362
3684,18362
3685,18362
3686,18362
3687,20177
3688,19268
3689,4403
3690,17734
3691,11758
3692,4403
3693,4403
3694,4403
3695,21000
3696,19630
3697,4057
3698,10955
3699,15436
3700,237
3701,17924
3702,4257
3703,20099
3704,20099
3705,20099
3706,20099
3707,9188
3708,14783
3709,19474
3710,2343
3711,20435
3712,9863
3713,18720
3714,18720
3715,9863
3716,3725
3717,3725
3718,3725
3719,10635
3720,5267
3721,3725
3722,3723
3723,3723
3724,3725
3725,3725
3726,3725
3727,3727
3728,3725
3729,3725
3730,3725
3731,3725
3732,3725
3733,3725
3734,3725
3735,3725
3736,3725
3737,2227
3738,3725
3739,3725
3740,2486
3741,11902
3742,13851
3743,14532
3744,11902
3745,7651
3746,13851
3747,13851
3748,19095
3749,13851
3750,13873
3751,12639
3752,20133
3753,20133
3754,20133
3755,10465
3756,10465
3757,10465
3758,7948
3759,3759
3760,3760
3761,3761
3762,19894
3763,4015
3764,4015
3765,15292
3766,14590
3767,8352
3768,10872
3769,11392
3770,18499
3771,17268
3772,19352
3773,3773
3774,9416
3775,9416
3776,10103
3777,3777
3778,5106
3779,19278
3780,6379
3781,6379
3782,6379
3783,6379
3784,6379
3785,3785
3786,6379
3787,16429
3788,16429
3789,16429
3790,11012
3791,17365
3792,5522
3793,10103
3794,12582
3795,17677
3796,1149
3797,1149
3798,21275
3799,20700
3800,20700
3801,20173
3802,4532
3803,20652
3804,17043
3805,3805
3806,9441
3807,3866
3808,14200
3809,13308
3810,3311
3811,18199
3812,3311
3813,3311
3814,12534
3815,17033
3816,8075
3817,14136
3818,8075
3819,7659
3820,7659
3821,7284
3822,3826
3823,3826
3824,3826
3825,3826
3826,3826
3827,3826
3828,3826
3829,7617
3830,7617
3831,14211
3832,13523
3833,3833
3834,8530
3835,3835
3836,3835
3837,8526
3838,17739
3839,6517
3840,6517
3841,18942
3842,18319
3843,16140
3844,12890
3845,12890
3846,18319
3847,16140
3848,16140
3849,18942
3850,16140
3851,18235
3852,18942
3853,18319
3854,16140
3855,18942
3856,18942
3857,11859
3858,15735
3859,13025
3860,13025
3861,7720
3862,19965
3863,21135
3864,11557
3865,3866
3866,3866
3867,18765
3868,16664
3869,8805
3870,17767
3871,5906
3872,3350
3873,3350
3874,11723
3875,10103
3876,3070
3877,17832
3878,16140
3879,13579
3880,3880
3881,17085
3882,19065
3883,12829
3884,10807
3885,8923
3886,6563
3887,7564
3888,18733
3889,20178
3890,21114
3891,12531
3892,12531
3893,21115
3894,19358
3895,20710
3896,4644
3897,19934
3898,19934
3899,7492
3900,14036
3901,18983
3902,7492
3903,7923
3904,10775
3905,7923
3906,13637
3907,17487
3908,13637
3909,13637
3910,14045
3911,17516
3912,5975
3913,17487
3914,5605
3915,13637
3916,19671
3917,7146
3918,7146
3919,19671
3920,19671
3921,7146
3922,19277
3923,19420
3924,14860
3925,18350
3926,17050
3927,12228
3928,19268
3929,13699
3930,20769
3931,4953
3932,3031
3933,6522
3934,3935
3935,3935
3936,15081
3937,3937
3938,3937
3939,3937
3940,3937
3941,11292
3942,3942
3943,10930
3944,17247
3945,10930
3946,10930
3947,16283
3948,17247
3949,10930
3950,16169
3951,19982
3952,18485
3953,18485
3954,20595
3955,20595
3956,5394
3957,4257
3958,6351
3959,10961
3960,12106
3961,13802
3962,13551
3963,20480
3964,20480
3965,20480
3966,20480
3967,8075
3968,16067
3969,15568
3970,16963
3971,16901
3972,17888
3973,10877
3974,15635
3975,10877
3976,12223
3977,18788
3978,18788
3979,18788
3980,18788
3981,5960
3982,5960
3983,5960
3984,3984
3985,20505
3986,19296
3987,3987
3988,3988
3989,5313
3990,1604
3991,11864
3992,3341
3993,3993
3994,8360
3995,9557
3996,16153
3997,15194
3998,2220
3999,17367
4000,5313
4001,17033
4002,11201
4003,11201
4004,8721
4005,8721
4006,4006
4007,4006
4008,5375
4009,18865
4010,18865
4011,18865
4012,18865
4013,9520
4014,19280
4015,4015
4016,21114
4017,11827
4018,19201
4019,19201
4020,19201
4021,19201
4022,9653
4023,9653
4024,9653
4025,9653
4026,10531
4027,4257
4028,4257
4029,17968
4030,17968
4031,17968
4032,12816
4033,21018
4034,19232
4035,12815
4036,13429
4037,20687
4038,21115
4039,20881
4040,3123
4041,12113
4042,12113
4043,13778
4044,4548
4045,16938
4046,10498
4047,10498
4048,17033
4049,17033
4050,10498
4051,13933
4052,13933
4053,7492
4054,5813
4055,4057
4056,4057
4057,4057
4058,6563
4059,7669
4060,1604
4061,15940
4062,9653
4063,9653
4064,5960
4065,15200
4066,15200
4067,15200
4068,14255
4069,5960
4070,15200
4071,15568
4072,15200
4073,5960
4074,4074
4075,14791
4076,3311
4077,9575
4078,13248
4079,13198
4080,14547
4081,15128
4082,15128
4083,6059
4084,6059
4085,13778
4086,13778
4087,4548
4088,11274
4089,4089
4090,11534
4091,11534
4092,11534
4093,11534
4094,11534
4095,14521
4096,14265
4097,5365
4098,5365
4099,4099
4100,4100
4101,4101
4102,4101
4103,14796
4104,18537
4105,11721
4106,19210
4107,12002
4108,19697
4109,12002
4110,12002
4111,11446
4112,4112
4113,6184
4114,4114
4115,16623
4116,20204
4117,6434
4118,7219
4119,974
4120,974
4121,14911
4122,5781
4123,5781
4124,5781
4125,5781
4126,15022
4127,15022
4128,20349
4129,20484
4130,13392
4131,19201
4132,19201
4133,19201
4134,19201
4135,2894
4136,6252
4137,6252
4138,19427
4139,16995
4140,15929
4141,17747
4142,11758
4143,14430
4144,18527
4145,7761
4146,16686
4147,8221
4148,5417
4149,3123
4150,4150
4151,4150
4152,4150
4153,4150
4154,17368
4155,5238
4156,17368
4157,18039
4158,2486
4159,13721
4160,13018
4161,15305
4162,4165
4163,4165
4164,1426
4165,4165
4166,5238
4167,5605
4168,4257
4169,5267
4170,9879
4171,19487
4172,19904
4173,19904
4174,19487
4175,10893
4176,19487
4177,18825
4178,10861
4179,10861
4180,14136
4181,2705
4182,15046
4183,19296
4184,4184
4185,11304
4186,2607
4187,2607
4188,2607
4189,4189
4190,4190
4191,13517
4192,17357
4193,15688
4194,15688
4195,14485
4196,14837
4197,4197
4198,4197
4199,4199
4200,4200
4201,8993
4202,10465
4203,7000
4204,12031
4205,21115
4206,20675
4207,19358
4208,19358
4209,19358
4210,19358
4211,15863
4212,13459
4213,13417
4214,6952
4215,8055
4216,20217
4217,20217
4218,3123
4219,17986
4220,12979
4221,10807
4222,11910
4223,11201
4224,4015
4225,16622
4226,16622
4227,14870
4228,16588
4229,18499
4230,18499
4231,17076
4232,4057
4233,4057
4234,3760
4235,3760
4236,20092
4237,16674
4238,16674
4239,16674
4240,17979
4241,12582
4242,14500
4243,14260
4244,7923
4245,12166
4246,13680
4247,6253
4248,7923
4249,13933
4250,13825
4251,19971
4252,19201
4253,19201
4254,19201
4255,4255
4256,4257
4257,4257
4258,10931
4259,15113
4260,11382
4261,7883
4262,8511
4263,4264
4264,4264
4265,4264
4266,4015
4267,4015
4268,6184
4269,19931
4270,17969
4271,6248
4272,6248
4273,6248
4274,13241
4275,12166
4276,16630
4277,7923
4278,7923
4279,14260
4280,7923
4281,7923
4282,7923
4283,10775
4284,3535
4285,3535
4286,7284
4287,5668
4288,19002
4289,20933
4290,1604
4291,4291
4292,4292
4293,4293
4294,4295
4295,4295
4296,4296
4297,17705
4298,17705
4299,17705
4300,17705
4301,17705
4302,17705
4303,17705
4304,16148
4305,18260
4306,14964
4307,4307
4308,4308
4309,4399
4310,16669
4311,16669
4312,16669
4313,11274
4314,11274
4315,16497
4316,15024
4317,18823
4318,18823
4319,18823
4320,13238
4321,19400
4322,17854
4323,17854
4324,17854
4325,17854
4326,9962
4327,18252
4328,4328
4329,3123
4330,12531
4331,9441
4332,9441
4333,9441
4334,8847
4335,8847
4336,8563
4337,19935
4338,9441
4339,9441
4340,9441
4341,4341
4342,21005
4343,20686
4344,20686
4345,20880
4346,4346
4347,4811
4348,4150
4349,4150
4350,15540
4351,5365
4352,18199
4353,16649
4354,3307
4355,20767
4356,1755
4357,2486
4358,11984
4359,6241
4360,11196
4361,15022
4362,15022
4363,4363
4364,9579
4365,15974
4366,6253
4367,10610
4368,12775
4369,12775
4370,12775
4371,20197
4372,17487
4373,13637
4374,5106
4375,5104
4376,4200
4377,17974
4378,270
4379,18260
4380,18736
4381,16177
4382,21000
4383,14260
4384,20648
4385,21292
4386,9579
4387,18684
4388,16473
4389,18515
4390,19451
4391,10648
4392,12899
4393,8674
4394,8674
4395,19470
4396,4398
4397,4398
4398,4398
4399,4399
4400,4399
4401,18485
4402,4403
4403,4403
4404,2192
4405,1653
4406,21036
4407,21202
4408,10775
4409,18172
4410,11827
4411,9653
4412,9653
4413,9653
4414,9653
4415,4548
4416,9653
4417,11827
4418,14421
4419,18182
4420,9960
4421,7004
4422,9960
4423,5104
4424,20287
4425,4481
4426,13021
4427,15465
4428,14502
4429,14502
4430,14500
4431,4006
4432,12791
4433,13088
4434,6475
4435,5625
4436,19248
4437,20881
4438,20881
4439,19248
4440,14860
4441,20476
4442,1604
4443,14860
4444,14860
4445,18686
4446,7579
4447,7579
4448,20217
4449,16050
4450,18686
4451,18686
4452,21168
4453,21168
4454,21221
4455,16630
4456,16630
4457,3123
4458,12534
4459,17164
4460,4467
4461,10908
4462,7717
4463,7569
4464,6298
4465,6298
4466,14948
4467,4467
4468,4467
4469,14948
4470,16829
4471,10908
4472,15950
4473,11734
4474,14495
4475,13246
4476,13246
4477,4477
4478,6454
4479,12972
4480,12972
4481,4481
4482,10951
4483,13261
4484,7569
4485,12397
4486,10775
4487,17099
4488,11714
4489,13560
4490,4491
4491,4491
4492,5781
4493,4953
4494,13873
4495,9496
4496,8075
4497,20172
4498,20172
4499,16035
4500,13523
4501,7617
4502,18590
4503,13523
4504,16684
4505,81
4506,8633
4507,18362
4508,19979
4509,19979
4510,4257
4511,8429
4512,8429
4513,11624
4514,8429
4515,12166
4516,10775
4517,16630
4518,9036
4519,7883
4520,7883
4521,9036
4522,7883
4523,4523
4524,7883
4525,18330
4526,13246
4527,19968
4528,6869
4529,16620
4530,17677
4531,16674
4532,4532
4533,4532
4534,4532
4535,4532
4536,4536
4537,4537
4538,12074
4539,20489
4540,4540
4541,19793
4542,11827
4543,9653
4544,9653
4545,4548
4546,11827
4547,4548
4548,4548
4549,13563
4550,13563
4551,4552
4552,4552
4553,17638
4554,4257
4555,4257
4556,11012
4557,11012
4558,6952
4559,7720
4560,8526
4561,8526
4562,12582
4563,17854
4564,4566
4565,16898
4566,4566
4567,11427
4568,12273
4569,17056
4570,13800
4571,14518
4572,19898
4573,16349
4574,11007
4575,8923
4576,17043
4577,12761
4578,6468
4579,6468
4580,15950
4581,6468
4582,6468
4583,17924
4584,20328
4585,7665
4586,19297
4587,20687
4588,20688
4589,4589
4590,8674
4591,6517
4592,10465
4593,20270
4594,11449
4595,7930
4596,15515
4597,7932
4598,11449
4599,7932
4600,20178
4601,4601
4602,12815
4603,17713
4604,20689
4605,19358
4606,12531
4607,20897
4608,12531
4609,20897
4610,16506
4611,4853
4612,4015
4613,10498
4614,14485
4615,9696
4616,13088
4617,4150
4618,4150
4619,4644
4620,20096
4621,19001
4622,17633
4623,10076
4624,15653
4625,15653
4626,14686
4627,14686
4628,4630
4629,14686
4630,4630
4631,13649
4632,13649
4633,11520
4634,13649
4635,13649
4636,13649
4637,9960
4638,11721
4639,15585
4640,9960
4641,9960
4642,17674
4643,4644
4644,4644
4645,7659
4646,11449
4647,5454
4648,19470
4649,2782
4650,2782
4651,2782
4652,12642
4653,14776
4654,14241
4655,2782
4656,10103
4657,10103
4658,7659
4659,7659
4660,7659
4661,20700
4662,11481
4663,11481
4664,10346
4665,9780
4666,9780
4667,20115
4668,16622
4669,20656
4670,13238
4671,14930
4672,14930
4673,14943
4674,2607
4675,19420
4676,19931
4677,9769
4678,20287
4679,18350
4680,16129
4681,16129
4682,12531
4683,12531
4684,20968
4685,12531
4686,19248
4687,19358
4688,12531
4689,12531
4690,19358
4691,18515
4692,19358
4693,17688
4694,17688
4695,21115
4696,20976
4697,17688
4698,19358
4699,18515
4700,19248
4701,9901
4702,8429
4703,15650
4704,12531
4705,9901
4706,14783
4707,20069
4708,4709
4709,4709
4710,4709
4711,4709
4712,8055
4713,17420
4714,20686
4715,3123
4716,19634
4717,9188
4718,9188
4719,5729
4720,12775
4721,10610
4722,10610
4723,4723
4724,4728
4725,4728
4726,11677
4727,4728
4728,4728
4729,12807
4730,15305
4731,13021
4732,15465
4733,13021
4734,10272
4735,11205
4736,11205
4737,1457
4738,8707
4739,8707
4740,11382
4741,7138
4742,4742
4743,8404
4744,5883
4745,10486
4746,7628
4747,4257
4748,4257
4749,8824
4750,8824
4751,4751
4752,4752
4753,13536
4754,13536
4755,13536
4756,11008
4757,20965
4758,16917
4759,13825
4760,13825
4761,13680
4762,20391
4763,20426
4764,20456
4765,20391
4766,20391
4767,20391
4768,20426
4769,20456
4770,423
4771,20884
4772,20896
4773,19083
4774,20656
4775,19297
4776,20896
4777,20896
4778,20968
4779,20981
4780,20656
4781,5394
4782,8526
4783,14229
4784,6355
4785,19341
4786,18266
4787,12979
4788,19341
4789,12979
4790,10147
4791,81
4792,4398
4793,15973
4794,15735
4795,4953
4796,20933
4797,11481
4798,8352
4799,17968
4800,14590
4801,11012
4802,20328
4803,20328
4804,12132
4805,10465
4806,7895
4807,16109
4808,16109
4809,1905
4810,13536
4811,4811
4812,5887
4813,13680
4814,4814
4815,19666
4816,17027
4817,15618
4818,17027
4819,18686
4820,4255
4821,8087
4822,16140
4823,16140
4824,16140
4825,18235
4826,16140
4827,15587
4828,18472
4829,20133
4830,10468
4831,2713
4832,19697
4833,3311
4834,4630
4835,3311
4836,10138
4837,4548
4838,8674
4839,8674
4840,8674
4841,8674
4842,8847
4843,8627
4844,8847
4845,8627
4846,8627
4847,20425
4848,8187
4849,20096
4850,17033
4851,5313
4852,4853
4853,4853
4854,4853
4855,5906
4856,14184
4857,14184
4858,5906
4859,5906
4860,17767
4861,17767
4862,5906
4863,5906
4864,7669
4865,5906
4866,5906
4867,5906
4868,5906
4869,5906
4870,6959
4871,3350
4872,3350
4873,3350
4874,5906
4875,17767
4876,2709
4877,17767
4878,14184
4879,5906
4880,18235
4881,18235
4882,13279
4883,13025
4884,9122
4885,8482
4886,17000
4887,4887
4888,4887
4889,17924
4890,16674
4891,9638
4892,19358
4893,10335
4894,10332
4895,16140
4896,16140
4897,10490
4898,16140
4899,18942
4900,18942
4901,20656
4902,14935
4903,20489
4904,19896
4905,17410
4906,20657
4907,20657
4908,14270
4909,8352
4910,6272
4911,5813
4912,11965
4913,5666
4914,5813
4915,5843
4916,5843
4917,13088
4918,15842
4919,15842
4920,4932
4921,4932
4922,4924
4923,4924
4924,4924
4925,4925
4926,4926
4927,17306
4928,4924
4929,4924
4930,4930
4931,18868
4932,4932
4933,4933
4934,17306
4935,14885
4936,11827
4937,11827
4938,11827
4939,15661
4940,9188
4941,12563
4942,3123
4943,20648
4944,20087
4945,14337
4946,14337
4947,19399
4948,17345
4949,12946
4950,12946
4951,4953
4952,4953
4953,4953
4954,20640
4955,19680
4956,9537
4957,9537
4958,16516
4959,18491
4960,14920
4961,14920
4962,14581
4963,6975
4964,17638
4965,4971
4966,4967
4967,4967
4968,4968
4969,16039
4970,4970
4971,4971
4972,12083
4973,12083
4974,6976
4975,17553
4976,12083
4977,16630
4978,16630
4979,18191
4980,18191
4981,19885
4982,19885
4983,18320
4984,17920
4985,18342
4986,13902
4987,12146
4988,16429
4989,4989
4990,16140
4991,12377
4992,19399
4993,20513
4994,9729
4995,9653
4996,20903
4997,20903
4998,1071
4999,9464
5000,10908
5001,16906
5002,10486
5003,19931
5004,21115
5005,20976
5006,10103
5007,14992
5008,604
5009,15635
5010,17882
5011,12888
5012,13933
5013,13933
5014,13933
5015,12780
5016,5016
5017,8530
5018,19896
5019,2220
5020,5021
5021,5021
5022,19896
5023,19896
5024,14500
5025,18992
5026,12172
5027,16140
5028,12642
5029,12642
5030,5031
5031,5031
5032,5032
5033,5033
5034,5033
5035,12023
5036,13721
5037,7579
5038,5038
5039,7068
5040,7068
5041,14937
5042,5781
5043,15587
5044,14991
5045,16623
5046,16623
5047,20145
5048,11292
5049,14421
5050,10533
5051,21112
5052,18825
5053,9609
5054,7720
5055,20425
5056,9288
5057,20425
5058,16164
5059,8187
5060,7483
5061,15915
5062,5313
5063,10610
5064,11798
5065,16145
5066,14943
5067,14943
5068,10610
5069,10610
5070,12775
5071,19446
5072,14392
5073,11879
5074,16674
5075,5075
5076,8106
5077,11827
5078,11948
5079,6211
5080,6211
5081,20657
5082,6211
5083,11274
5084,13109
5085,11274
5086,11274
5087,8627
5088,16649
5089,10446
5090,16102
5091,14943
5092,21008
5093,16045
5094,5843
5095,14422
5096,15077
5097,16674
5098,12158
5099,12158
5100,5960
5101,5960
5102,14686
5103,6379
5104,5104
5105,5104
5106,5106
5107,18558
5108,8721
5109,7932
5110,9696
5111,7932
5112,4057
5113,10872
5114,18324
5115,18324
5116,18324
5117,18324
5118,15909
5119,5960
5120,9111
5121,6903
5122,21110
5123,8993
5124,17608
5125,16623
5126,20025
5127,8993
5128,12538
5129,12538
5130,6252
5131,14260
5132,5605
5133,17487
5134,5134
5135,3311
5136,14686
5137,5454
5138,20287
5139,20484
5140,11201
5141,21130
5142,20547
5143,6360
5144,11017
5145,4589
5146,4589
5147,4589
5148,9604
5149,16059
5150,9604
5151,9604
5152,16059
5153,7883
5154,16059
5155,21221
5156,21221
5157,21221
5158,3297
5159,12842
5160,5522
5161,5522
5162,5522
5163,10930
5164,3123
5165,21004
5166,20417
5167,16018
5168,11536
5169,4644
5170,17378
5171,8910
5172,1146
5173,237
5174,9653
5175,11012
5176,9579
5177,16622
5178,16622
5179,13088
5180,13088
5181,11993
5182,13088
5183,14323
5184,11765
5185,6248
5186,10955
5187,17034
5188,20464
5189,16051
5190,4057
5191,18686
5192,9579
5193,17882
5194,5194
5195,13721
5196,17929
5197,17223
5198,7000
5199,12855
5200,11758
5201,6147
5202,5858
5203,15841
5204,12228
5205,11007
5206,11008
5207,8429
5208,13523
5209,12152
5210,16973
5211,11714
5212,5212
5213,20417
5214,5454
5215,5454
5216,5454
5217,20145
5218,5454
5219,19931
5220,11879
5221,19979
5222,19979
5223,5781
5224,7579
5225,12782
5226,10296
5227,13238
5228,7579
5229,2705
5230,2705
5231,19904
5232,14878
5233,13928
5234,13401
5235,13928
5236,13401
5237,17386
5238,5238
5239,20484
5240,11534
5241,5241
5242,20484
5243,16067
5244,19931
5245,18782
5246,18782
5247,18782
5248,18782
5249,18782
5250,18782
5251,18782
5252,21158
5253,21140
5254,21158
5255,18782
5256,18782
5257,7522
5258,7522
5259,21158
5260,21158
5261,18782
5262,5264
5263,5264
5264,5264
5265,18782
5266,18750
5267,5267
5268,8087
5269,7467
5270,19487
5271,19487
5272,15350
5273,15350
5274,15350
5275,15350
5276,10893
5277,19044
5278,19044
5279,3311
5280,4630
5281,17368
5282,5282
5283,17519
5284,4953
5285,19063
5286,14301
5287,21114
5288,21114
5289,8055
5290,15974
5291,5291
5292,962
5293,15288
5294,10610
5295,11798
5296,7932
5297,7932
5298,12780
5299,15734
5300,15974
5301,17854
5302,17854
5303,11979
5304,10772
5305,14260
5306,14500
5307,10429
5308,13933
5309,13088
5310,8757
5311,19156
5312,15431
5313,5313
5314,5314
5315,2351
5316,15200
5317,15200
5318,15200
5319,20547
5320,15299
5321,20547
5322,20201
5323,11012
5324,11759
5325,14522
5326,16994
5327,16994
5328,6563
5329,14115
5330,14956
5331,14129
5332,12072
5333,20749
5334,7932
5335,5375
5336,7932
5337,7932
5338,7932
5339,12538
5340,20763
5341,16108
5342,15249
5343,14340
5344,20639
5345,13559
5346,13559
5347,13559
5348,17393
5349,20687
5350,20686
5351,20686
5352,20043
5353,6566
5354,18289
5355,20595
5356,5356
5357,10398
5358,5358
5359,14943
5360,19292
5361,5668
5362,5365
5363,12775
5364,5365
5365,5365
5366,10559
5367,17739
5368,18342
5369,20355
5370,13476
5371,20513
5372,18491
5373,10781
5374,5625
5375,5375
5376,14036
5377,12765
5378,12765
5379,19605
5380,6517
5381,12765
5382,12765
5383,6517
5384,6517
5385,6517
5386,12765
5387,6517
5388,6517
5389,5389
5390,11759
5391,5391
5392,5392
5393,5393
5394,5394
5395,20595
5396,5394
5397,20710
5398,3123
5399,13131
5400,5400
5401,20710
5402,20884
5403,20656
5404,13131
5405,14022
5406,6355
5407,21004
5408,3123
5409,3123
5410,20896
5411,16165
5412,18336
5413,9879
5414,18336
5415,18336
5416,5818
5417,5417
5418,14613
5419,12979
5420,18534
5421,16100
5422,11860
5423,19436
5424,17976
5425,13463
5426,19436
5427,13806
5428,3123
5429,7659
5430,7659
5431,7659
5432,15292
5433,14087
5434,9804
5435,11902
5436,15694
5437,11481
5438,17373
5439,15385
5440,21221
5441,13276
5442,13248
5443,16620
5444,20884
5445,9416
5446,19788
5447,5447
5448,17003
5449,21018
5450,20547
5451,5451
5452,11201
5453,5454
5454,5454
5455,5454
5456,4257
5457,10498
5458,10498
5459,10498
5460,9031
5461,17059
5462,18485
5463,17000
5464,17631
5465,14495
5466,15738
5467,14719
5468,14719
5469,14719
5470,10147
5471,10147
5472,18354
5473,14036
5474,5620
5475,5483
5476,5483
5477,5483
5478,19613
5479,6102
5480,5483
5481,5483
5482,5483
5483,5483
5484,5484
5485,5485
5486,5486
5487,15940
5488,13408
5489,7087
5490,7087
5491,15841
5492,19183
5493,5493
5494,19183
5495,19101
5496,8677
5497,10648
5498,10648
5499,11323
5500,20932
5501,8087
5502,12534
5503,12534
5504,17988
5505,15593
5506,3123
5507,18193
5508,5508
5509,3588
5510,9847
5511,14403
5512,17221
5513,11721
5514,15106
5515,15106
5516,14447
5517,18686
5518,7732
5519,5522
5520,5522
5521,5522
5522,5522
5523,5522
5524,5522
5525,19947
5526,11624
5527,11624
5528,20145
5529,20744
5530,3123
5531,16310
5532,16313
5533,15568
5534,15431
5535,3123
5536,13637
5537,5454
5538,19083
5539,20744
5540,20675
5541,14513
5542,15929
5543,5543
5544,5543
5545,19431
5546,19431
5547,20425
5548,20425
5549,15465
5550,8748
5551,13721
5552,4630
5553,15665
5554,20456
5555,20391
5556,5454
5557,5454
5558,5454
5559,14968
5560,19860
5561,4089
5562,3297
5563,10446
5564,21008
5565,11012
5566,19245
5567,19245
5568,17411
5569,17411
5570,21240
5571,17411
5572,17411
5573,21240
5574,17207
5575,10610
5576,11798
5577,12775
5578,10610
5579,12775
5580,10610
5581,14943
5582,12775
5583,12775
5584,81
5585,19986
5586,3937
5587,8649
5588,20145
5589,3937
5590,7508
5591,5591
5592,13570
5593,8910
5594,9287
5595,8052
5596,9287
5597,4532
5598,14613
5599,5599
5600,9909
5601,1426
5602,13537
5603,16497
5604,16497
5605,5605
5606,13537
5607,15292
5608,11481
5609,16180
5610,11769
5611,5611
5612,14486
5613,5613
5614,5615
5615,5615
5616,8709
5617,13168
5618,5620
5619,5620
5620,5620
5621,17244
5622,13537
5623,5623
5624,6272
5625,5625
5626,269
5627,8493
5628,8493
5629,8493
5630,9976
5631,1503
5632,20170
5633,13680
5634,10955
5635,17075
5636,11813
5637,11813
5638,13261
5639,9960
5640,11721
5641,12223
5642,14943
5643,14943
5644,14943
5645,14943
5646,10610
5647,18705
5648,17968
5649,17968
5650,13699
5651,16569
5652,14486
5653,16140
5654,16140
5655,16140
5656,16140
5657,17259
5658,17259
5659,16140
5660,12890
5661,18193
5662,16140
5663,16140
5664,5668
5665,5666
5666,5666
5667,5668
5668,5668
5669,14783
5670,14783
5671,5813
5672,7492
5673,8530
5674,16549
5675,14943
5676,10465
5677,21168
5678,4398
5679,4398
5680,9291
5681,20145
5682,4257
5683,19878
5684,4257
5685,3049
5686,15933
5687,15940
5688,19860
5689,16307
5690,14355
5691,7579
5692,4255
5693,9035
5694,5694
5695,13730
5696,11723
5697,8824
5698,5698
5699,13319
5700,9537
5701,14241
5702,12563
5703,14502
5704,5704
5705,5705
5706,5706
5707,16064
5708,10585
5709,13517
5710,5841
5711,16630
5712,5712
5713,19685
5714,19266
5715,19266
5716,15280
5717,20480
5718,10114
5719,14087
5720,19063
5721,12132
5722,20328
5723,19401
5724,14392
5725,13131
5726,5729
5727,5729
5728,5729
5729,5729
5730,5729
5731,16706
5732,17245
5733,17646
5734,17646
5735,5818
5736,16491
5737,18206
5738,12650
5739,10610
5740,13928
5741,17264
5742,3470
5743,6966
5744,4532
5745,4532
5746,4532
5747,13392
5748,4532
5749,20896
5750,9465
5751,20923
5752,19431
5753,20963
5754,16165
5755,17937
5756,5756
5757,7107
5758,17937
5759,7107
5760,7107
5761,7107
5762,7365
5763,7107
5764,14567
5765,17882
5766,17882
5767,17882
5768,17104
5769,17104
5770,20190
5771,5772
5772,5772
5773,5454
5774,21221
5775,5775
5776,15064
5777,18720
5778,18229
5779,21000
5780,5780
5781,5781
5782,5313
5783,14502
5784,5784
5785,20707
5786,8496
5787,5784
5788,19474
5789,18835
5790,17050
5791,15064
5792,4057
5793,10872
5794,10955
5795,10955
5796,18684
5797,3491
5798,16271
5799,16271
5800,10544
5801,16271
5802,13238
5803,13238
5804,18823
5805,13238
5806,13238
5807,13238
5808,5808
5809,5809
5810,5810
5811,4548
5812,15162
5813,5813
5814,17968
5815,4257
5816,9063
5817,11481
5818,5818
5819,11237
5820,9557
5821,11723
5822,11723
5823,17646
5824,8493
5825,8493
5826,15889
5827,5827
5828,4728
5829,5829
5830,15735
5831,17792
5832,14522
5833,14522
5834,14522
5835,14522
5836,7883
5837,604
5838,15149
5839,16050
5840,6252
5841,5841
5842,10332
5843,5843
5844,14063
5845,19297
5846,6434
5847,5781
5848,11012
5849,21149
5850,18336
5851,7923
5852,5852
5853,5858
5854,5858
5855,19183
5856,20166
5857,5858
5858,5858
5859,13668
5860,5447
5861,20710
5862,19358
5863,12531
5864,10861
5865,14136
5866,10861
5867,5867
5868,9441
5869,20391
5870,20328
5871,5972
5872,14421
5873,19822
5874,16014
5875,16014
5876,12239
5877,19035
5878,5878
5879,19297
5880,6563
5881,14860
5882,20933
5883,5883
5884,8087
5885,6252
5886,5886
5887,5887
5888,12791
5889,11361
5890,18149
5891,16622
5892,974
5893,974
5894,974
5895,974
5896,974
5897,20217
5898,14590
5899,6952
5900,20988
5901,19714
5902,11382
5903,11392
5904,12105
5905,5905
5906,5906
5907,5907
5908,3467
5909,3467
5910,3467
5911,3467
5912,3467
5913,20172
5914,9109
5915,17998
5916,17998
5917,9109
5918,604
5919,16907
5920,19006
5921,3826
5922,3826
5923,3826
5924,3826
5925,3826
5926,3826
5927,3826
5928,3826
5929,3826
5930,15019
5931,15019
5932,3826
5933,3826
5934,11061
5935,11061
5936,8980
5937,17247
5938,5938
5939,15246
5940,15246
5941,5941
5942,7000
5943,12775
5944,12775
5945,10610
5946,14943
5947,2894
5948,20145
5949,20145
5950,13517
5951,4257
5952,5952
5953,5953
5954,9653
5955,10254
5956,12775
5957,5813
5958,10434
5959,5960
5960,5960
5961,5960
5962,15200
5963,5963
5964,5963
5965,5965
5966,5963
5967,2190
5968,4403
5969,19183
5970,12023
5971,5972
5972,5972
5973,5973
5974,5975
5975,5975
5976,5975
5977,18984
5978,17033
5979,12946
5980,12946
5981,12642
5982,17050
5983,17050
5984,16681
5985,12534
5986,14946
5987,11157
5988,17646
5989,16622
5990,16622
5991,17792
5992,16622
5993,20043
5994,7893
5995,12842
5996,15369
5997,17345
5998,4398
5999,12639
6000,12639
6001,19446
6002,17051
6003,10441
6004,6004
6005,14783
6006,962
6007,20307
6008,18984
6009,15465
6010,8109
6011,19277
6012,1503
6013,6013
6014,6517
6015,6517
6016,12486
6017,12486
6018,20779
6019,237
6020,6020
6021,9496
6022,9496
6023,9496
6024,9496
6025,9496
6026,9496
6027,9496
6028,9496
6029,9496
6030,20648
6031,21026
6032,14087
6033,19929
6034,6211
6035,17420
6036,11534
6037,8087
6038,5781
6039,7579
6040,13536
6041,8674
6042,5075
6043,19470
6044,13523
6045,14796
6046,18825
6047,12603
6048,12603
6049,6959
6050,8254
6051,18551
6052,8254
6053,8254
6054,17059
6055,11012
6056,8254
6057,8254
6058,6059
6059,6059
6060,8801
6061,15062
6062,12972
6063,4644
6064,15552
6065,6379
6066,6379
6067,6379
6068,19456
6069,13536
6070,11010
6071,1905
6072,12978
6073,3049
6074,11481
6075,3141
6076,9111
6077,9111
6078,3535
6079,6079
6080,17922
6081,16508
6082,13025
6083,13025
6084,13025
6085,20043
6086,10147
6087,6059
6088,20933
6089,15064
6090,12642
6091,15063
6092,14270
6093,13576
6094,15064
6095,962
6096,6096
6097,13788
6098,13649
6099,5483
6100,13788
6101,5483
6102,6102
6103,5483
6104,11520
6105,11520
6106,19666
6107,8511
6108,6110
6109,6109
6110,6110
6111,16623
6112,21130
6113,21130
6114,8781
6115,8781
6116,15155
6117,20223
6118,11879
6119,11879
6120,11879
6121,13156
6122,16681
6123,7160
6124,8609
6125,8604
6126,13933
6127,4257
6128,20950
6129,20145
6130,16887
6131,6131
6132,15568
6133,16580
6134,16580
6135,10197
6136,9044
6137,9044
6138,6147
6139,15841
6140,15841
6141,15841
6142,15841
6143,10287
6144,6147
6145,9044
6146,6147
6147,6147
6148,19914
6149,14430
6150,19101
6151,9044
6152,6147
6153,19266
6154,20442
6155,5858
6156,5858
6157,19183
6158,19101
6159,20177
6160,16464
6161,14430
6162,14430
6163,15573
6164,20464
6165,14935
6166,14935
6167,14977
6168,14977
6169,14977
6170,14977
6171,15312
6172,12761
6173,13523
6174,7617
6175,7617
6176,7617
6177,7617
6178,6178
6179,13481
6180,19967
6181,6952
6182,6952
6183,6184
6184,6184
6185,7129
6186,7129
6187,10429
6188,14392
6189,6272
6190,11076
6191,6191
6192,6192
6193,7579
6194,18193
6195,8087
6196,7930
6197,13088
6198,5829
6199,5694
6200,15881
6201,20686
6202,17785
6203,16067
6204,15200
6205,6205
6206,6206
6207,16018
6208,6211
6209,6211
6210,6211
6211,6211
6212,6211
6213,16622
6214,7483
6215,7483
6216,7483
6217,7483
6218,7483
6219,21123
6220,13443
6221,12842
6222,12842
6223,12842
6224,17498
6225,11714
6226,16674
6227,6227
6228,16622
6229,11993
6230,18363
6231,13563
6232,13563
6233,20115
6234,21018
6235,19947
6236,15734
6237,3141
6238,6241
6239,6245
6240,6245
6241,6241
6242,18535
6243,6241
6244,6241
6245,6245
6246,7129
6247,4264
6248,6248
6249,11699
6250,11699
6251,6251
6252,6252
6253,6253
6254,3826
6255,3826
6256,19055
6257,11985
6258,13933
6259,13825
6260,20307
6261,6261
6262,6261
6263,3311
6264,16686
6265,6265
6266,3935
6267,14590
6268,9579
6269,14590
6270,13238
6271,6272
6272,6272
6273,16035
6274,16283
6275,14585
6276,14440
6277,8980
6278,6360
6279,16552
6280,6360
6281,6287
6282,6287
6283,4467
6284,4467
6285,14178
6286,6287
6287,6287
6288,6287
6289,17103
6290,4467
6291,20894
6292,6292
6293,6292
6294,6298
6295,6298
6296,6298
6297,6292
6298,6298
6299,19951
6300,6287
6301,6287
6302,10908
6303,6298
6304,6292
6305,14948
6306,6306
6307,6287
6308,14948
6309,19945
6310,6292
6311,6287
6312,10908
6313,14947
6314,8777
6315,7569
6316,15288
6317,6318
6318,6318
6319,6318
6320,6320
6321,17103
6322,17103
6323,17103
6324,6324
6325,6325
6326,6325
6327,11012
6328,14590
6329,14590
6330,12888
6331,6840
6332,20217
6333,4257
6334,3341
6335,12582
6336,20933
6337,15092
6338,237
6339,237
6340,10610
6341,14943
6342,17516
6343,13928
6344,7068
6345,11636
6346,15465
6347,6351
6348,3937
6349,17680
6350,6351
6351,6351
6352,9579
6353,5394
6354,3123
6355,6355
6356,7923
6357,21276
6358,3644
6359,8674
6360,6360
6361,6360
6362,6360
6363,6360
6364,6360
6365,4292
6366,4293
6367,17705
6368,2122
6369,7720
6370,6370
6371,6370
6372,6059
6373,21149
6374,17968
6375,13499
6376,8301
6377,11012
6378,6379
6379,6379
6380,21229
6381,10103
6382,20212
6383,17498
6384,17498
6385,19436
6386,18193
6387,18193
6388,16140
6389,3311
6390,7068
6391,12022
6392,15045
6393,6393
6394,18324
6395,15909
6396,18324
6397,4328
6398,20217
6399,20217
6400,20217
6401,18686
6402,16506
6403,16506
6404,16506
6405,14096
6406,6406
6407,6406
6408,7579
6409,21008
6410,19483
6411,5615
6412,19297
6413,6413
6414,8633
6415,19816
6416,11500
6417,15072
6418,19816
6419,4057
6420,3935
6421,17692
6422,13417
6423,13973
6424,14590
6425,19352
6426,13730
6427,13417
6428,16674
6429,16569
6430,7773
6431,18537
6432,5729
6433,6434
6434,6434
6435,6434
6436,15956
6437,6437
6438,6438
6439,2782
6440,2782
6441,11918
6442,19627
6443,3490
6444,16271
6445,7508
6446,11864
6447,6447
6448,10544
6449,18330
6450,18330
6451,6454
6452,16620
6453,15694
6454,6454
6455,13025
6456,13025
6457,13025
6458,13025
6459,14590
6460,10831
6461,10831
6462,20206
6463,20206
6464,20206
6465,6468
6466,14279
6467,16414
6468,6468
6469,10532
6470,16414
6471,14495
6472,15738
6473,14349
6474,12486
6475,6475
6476,6475
6477,4006
6478,17003
6479,20656
6480,20710
6481,20687
6482,20686
6483,13933
6484,8858
6485,10544
6486,3123
6487,12815
6488,17595
6489,10585
6490,14392
6491,20763
6492,18149
6493,18149
6494,18206
6495,20190
6496,20223
6497,19931
6498,16144
6499,12772
6500,9520
6501,17924
6502,2902
6503,15350
6504,7689
6505,8109
6506,13680
6507,6507
6508,8511
6509,13429
6510,13131
6511,20687
6512,3123
6513,20686
6514,20686
6515,3123
6516,3123
6517,6517
6518,12765
6519,6517
6520,9554
6521,6522
6522,6522
6523,19896
6524,15064
6525,12765
6526,14508
6527,17050
6528,20744
6529,20710
6530,19083
6531,5400
6532,20595
6533,19180
6534,21018
6535,21018
6536,21018
6537,21018
6538,21018
6539,21018
6540,21018
6541,21018
6542,10930
6543,10930
6544,16887
6545,19204
6546,19494
6547,9696
6548,17033
6549,6550
6550,6550
6551,10498
6552,10498
6553,19422
6554,19422
6555,10346
6556,10335
6557,18342
6558,6558
6559,7659
6560,14860
6561,14860
6562,19705
6563,6563
6564,13736
6565,19705
6566,6566
6567,6566
6568,18956
6569,9464
6570,18558
6571,19634
6572,9609
6573,19130
6574,19934
6575,20355
6576,14526
6577,14526
6578,9464
6579,20639
6580,20133
6581,20639
6582,14039
6583,4398
6584,6584
6585,20748
6586,19863
6587,6587
6588,7932
6589,20099
6590,6590
6591,6591
6592,6592
6593,16177
6594,270
6595,8923
6596,6596
6597,6596
6598,8923
6599,5417
6600,20145
6601,5454
6602,5454
6603,16580
6604,16474
6605,16569
6606,10281
6607,15062
6608,17026
6609,8802
6610,13730
6611,13730
6612,16930
6613,13730
6614,3123
6615,3123
6616,14565
6617,16497
6618,13537
6619,1431
6620,5605
6621,6621
6622,19358
6623,19358
6624,17740
6625,19248
6626,17688
6627,17688
6628,21115
6629,12531
6630,17688
6631,20881
6632,20763
6633,20881
6634,20763
6635,17677
6636,7579
6637,2948
6638,15143
6639,7532
6640,15246
6641,16334
6642,13794
6643,13794
6644,19947
6645,17086
6646,6646
6647,19680
6648,11870
6649,19210
6650,18159
6651,6059
6652,14943
6653,16215
6654,16963
6655,17487
6656,5033
6657,14567
6658,6658
6659,4015
6660,4015
6661,14943
6662,10610
6663,17420
6664,11069
6665,11274
6666,11274
6667,16283
6668,15246
6669,14202
6670,6670
6671,3495
6672,11449
6673,17767
6674,6674
6675,2859
6676,12117
6677,16051
6678,12888
6679,5454
6680,11012
6681,12791
6682,9696
6683,9696
6684,9696
6685,9696
6686,6252
6687,18733
6688,14926
6689,7564
6690,5313
6691,13321
6692,10498
6693,20932
6694,20069
6695,17086
6696,20206
6697,20206
6698,13825
6699,13933
6700,13933
6701,13825
6702,20391
6703,20710
6704,20744
6705,9496
6706,10811
6707,15431
6708,6708
6709,20884
6710,20656
6711,15581
6712,6184
6713,12775
6714,12775
6715,10147
6716,10147
6717,19951
6718,18992
6719,17413
6720,11827
6721,10254
6722,19931
6723,12772
6724,15751
6725,19929
6726,6211
6727,6211
6728,6211
6729,6729
6730,6211
6731,14898
6732,14898
6733,14898
6734,18342
6735,8496
6736,6736
6737,8496
6738,20984
6739,20385
6740,6740
6741,9464
6742,16857
6743,14430
6744,19914
6745,19267
6746,1755
6747,14686
6748,4630
6749,10762
6750,18534
6751,18745
6752,18534
6753,11860
6754,11860
6755,18534
6756,19436
6757,14943
6758,5104
6759,13637
6760,11965
6761,6761
6762,3123
6763,10532
6764,6764
6765,2486
6766,2902
6767,6767
6768,20292
6769,13528
6770,6770
6771,16140
6772,18193
6773,18193
6774,16140
6775,16140
6776,18282
6777,15842
6778,19201
6779,12946
6780,17373
6781,20737
6782,13636
6783,15358
6784,16045
6785,8087
6786,8079
6787,6787
6788,13830
6789,14431
6790,10188
6791,6791
6792,17766
6793,2220
6794,11392
6795,6795
6796,11819
6797,12632
6798,11819
6799,15250
6800,19491
6801,16588
6802,11301
6803,12117
6804,10730
6805,10730
6806,10730
6807,10730
6808,17156
6809,4165
6810,17997
6811,4165
6812,14132
6813,17338
6814,10272
6815,10272
6816,9962
6817,19486
6818,19486
6819,14991
6820,8609
6821,12031
6822,1755
6823,9879
6824,9188
6825,15650
6826,9901
6827,20484
6828,21149
6829,21149
6830,21149
6831,7700
6832,6834
6833,6834
6834,6834
6835,5973
6836,5818
6837,5818
6838,5818
6839,6840
6840,6840
6841,6841
6842,6841
6843,4015
6844,4257
6845,15573
6846,17443
6847,15842
6848,15842
6849,15734
6850,19941
6851,19067
6852,6959
6853,17404
6854,15149
6855,13401
6856,3334
6857,14440
6858,16683
6859,10498
6860,15202
6861,17581
6862,6184
6863,19023
6864,15933
6865,6406
6866,17000
6867,13246
6868,15738
6869,6869
6870,15950
6871,13563
6872,10158
6873,18149
6874,10158
6875,3554
6876,13401
6877,13637
6878,16051
6879,9441
6880,13131
6881,11149
6882,12778
6883,17081
6884,17081
6885,17081
6886,11562
6887,11562
6888,11562
6889,11562
6890,6891
6891,6891
6892,14565
6893,8274
6894,15024
6895,16620
6896,10860
6897,17930
6898,12974
6899,8109
6900,8764
6901,9575
6902,6902
6903,6903
6904,11902
6905,11902
6906,8769
6907,16140
6908,16140
6909,16140
6910,12172
6911,19297
6912,11432
6913,9609
6914,6914
6915,10831
6916,10831
6917,10831
6918,17182
6919,17182
6920,16887
6921,3311
6922,12001
6923,16674
6924,12697
6925,21284
6926,10730
6927,10730
6928,11191
6929,11608
6930,11608
6931,11608
6932,11608
6933,16622
6934,12677
6935,18598
6936,11714
6937,9663
6938,15022
6939,18794
6940,6940
6941,17713
6942,17690
6943,17713
6944,8141
6945,11012
6946,11012
6947,16051
6948,16051
6949,16051
6950,16051
6951,16051
6952,6952
6953,6952
6954,14590
6955,6952
6956,6952
6957,6952
6958,4742
6959,6959
6960,6975
6961,15206
6962,17090
6963,17091
6964,6976
6965,15206
6966,6966
6967,6975
6968,12083
6969,12083
6970,6971
6971,6971
6972,6976
6973,6975
6974,15206
6975,6975
6976,6976
6977,17552
6978,6966
6979,17091
6980,17091
6981,17091
6982,17090
6983,15205
6984,14581
6985,17090
6986,14920
6987,14581
6988,15253
6989,6989
6990,6990
6991,18336
6992,18336
6993,6993
6994,18336
6995,3123
6996,6996
6997,20643
6998,20675
6999,7000
7000,7000
7001,12534
7002,17164
7003,17920
7004,7004
7005,12782
7006,10485
7007,9496
7008,11630
7009,20432
7010,11910
7011,18745
7012,4165
7013,17156
7014,17156
7015,6096
7016,7284
7017,3536
7018,5365
7019,7019
7020,7020
7021,10468
7022,11239
7023,10114
7024,18942
7025,12890
7026,7026
7027,7027
7028,13537
7029,13537
7030,11209
7031,7031
7032,7032
7033,16165
7034,18336
7035,18336
7036,12952
7037,15230
7038,7564
7039,7039
7040,7039
7041,19297
7042,19214
7043,9516
7044,9516
7045,10254
7046,20995
7047,18720
7048,18720
7049,18720
7050,10585
7051,20173
7052,9901
7053,15650
7054,15735
7055,15735
7056,18499
7057,18499
7058,18788
7059,9771
7060,11742
7061,12706
7062,11357
7063,16897
7064,19907
7065,7065
7066,14029
7067,7067
7068,7068
7069,7069
7070,18368
7071,16158
7072,5543
7073,20896
7074,7252
7075,11207
7076,18713
7077,15299
7078,17394
7079,19451
7080,10293
7081,20984
7082,20984
7083,20984
7084,19183
7085,19183
7086,7087
7087,7087
7088,5963
7089,19061
7090,17159
7091,14565
7092,20173
7093,7093
7094,19896
7095,11191
7096,12117
7097,11947
7098,7099
7099,7099
7100,13886
7101,7101
7102,7365
7103,7365
7104,16080
7105,7107
7106,7106
7107,7107
7108,7108
7109,14070
7110,10182
7111,10888
7112,5960
7113,15568
7114,20640
7115,20934
7116,20640
7117,18630
7118,20172
7119,16623
7120,16623
7121,16623
7122,15568
7123,18765
7124,18788
7125,18788
7126,17970
7127,18788
7128,8847
7129,7129
7130,19863
7131,6952
7132,13579
7133,20212
7134,10781
7135,11382
7136,7136
7137,7136
7138,7138
7139,7139
7140,7139
7141,15843
7142,18336
7143,4015
7144,16887
7145,12923
7146,7146
7147,7146
7148,974
7149,974
7150,974
7151,19993
7152,19993
7153,16995
7154,16995
7155,5313
7156,11481
7157,18998
7158,13025
7159,15246
7160,7160
7161,7161
7162,11636
7163,7163
7164,14362
7165,17735
7166,17735
7167,15905
7168,7000
7169,16458
7170,15350
7171,14686
7172,3835
7173,12166
7174,12166
7175,8801
7176,18839
7177,18839
7178,3467
7179,3467
7180,3467
7181,20786
7182,10498
7183,10498
7184,10498
7185,15195
7186,1755
7187,13109
7188,4006
7189,10434
7190,17649
7191,16567
7192,18367
7193,18811
7194,14764
7195,14764
7196,7196
7197,7197
7198,7198
7199,15540
7200,7492
7201,4477
7202,15026
7203,13248
7204,7204
7205,18330
7206,6468
7207,6468
7208,14260
7209,14260
7210,3123
7211,9042
7212,15431
7213,15431
7214,10860
7215,20911
7216,8923
7217,8923
7218,8923
7219,7219
7220,10955
7221,4057
7222,11196
7223,20933
7224,15002
7225,15002
7226,12697
7227,15002
7228,20170
7229,8801
7230,10281
7231,10281
7232,1062
7233,15587
7234,15587
7235,19683
7236,13021
7237,13021
7238,13021
7239,16501
7240,9493
7241,17920
7242,10531
7243,12855
7244,12855
7245,2782
7246,9496
7247,9496
7248,21149
7249,21149
7250,21149
7251,21149
7252,7252
7253,7253
7254,15206
7255,17090
7256,13841
7257,17922
7258,11986
7259,10861
7260,19200
7261,237
7262,237
7263,11201
7264,3535
7265,17471
7266,1146
7267,11628
7268,11628
7269,7272
7270,7270
7271,7272
7272,7272
7273,10610
7274,4924
7275,12775
7276,19297
7277,11013
7278,20355
7279,20355
7280,20489
7281,20355
7282,19883
7283,17373
7284,7284
7285,19947
7286,14387
7287,6272
7288,11608
7289,17647
7290,7291
7291,7291
7292,6360
7293,6360
7294,17394
7295,18839
7296,17050
7297,18839
7298,18839
7299,14493
7300,7302
7301,7302
7302,7302
7303,7302
7304,7302
7305,12689
7306,12689
7307,15734
7308,11446
7309,7930
7310,12403
7311,7579
7312,14586
7313,6393
7314,18942
7315,9696
7316,15650
7317,15650
7318,15735
7319,9901
7320,6902
7321,9696
7322,2894
7323,15568
7324,7324
7325,7325
7326,7325
7327,7327
7328,7328
7329,21243
7330,7330
7331,7330
7332,7332
7333,7333
7334,7334
7335,7335
7336,7336
7337,9579
7338,9579
7339,9579
7340,17516
7341,18720
7342,4552
7343,6563
7344,15754
7345,7345
7346,17300
7347,17646
7348,19211
7349,14521
7350,19084
7351,3937
7352,3937
7353,7932
7354,18485
7355,11908
7356,1149
7357,15734
7358,13680
7359,13680
7360,20656
7361,20595
7362,14977
7363,7108
7364,17937
7365,7365
7366,17937
7367,14362
7368,15588
7369,7369
7370,14362
7371,2895
7372,11699
7373,11630
7374,11268
7375,11268
7376,20171
7377,20171
7378,11536
7379,10635
7380,10272
7381,7669
7382,5808
7383,7383
7384,20949
7385,12946
7386,17373
7387,10831
7388,12023
7389,2607
7390,5781
7391,5781
7392,5781
7393,20145
7394,7394
7395,11520
7396,12146
7397,10485
7398,15146
7399,17383
7400,16612
7401,16613
7402,7402
7403,4057
7404,4057
7405,20897
7406,12599
7407,20480
7408,16568
7409,16568
7410,16568
7411,20480
7412,20480
7413,17393
7414,1146
7415,11477
7416,20092
7417,4742
7418,7418
7419,11292
7420,5400
7421,20710
7422,16050
7423,10860
7424,20911
7425,10860
7426,7932
7427,8993
7428,8993
7429,14719
7430,13061
7431,13061
7432,13061
7433,13778
7434,13778
7435,13778
7436,13778
7437,13778
7438,9516
7439,11827
7440,13778
7441,8187
7442,7442
7443,7443
7444,7442
7445,7445
7446,13658
7447,9516
7448,6952
7449,6952
7450,5858
7451,5858
7452,5858
7453,5852
7454,19183
7455,19222
7456,19297
7457,17233
7458,5781
7459,13963
7460,20328
7461,20328
7462,20145
7463,10928
7464,17102
7465,17102
7466,8526
7467,7467
7468,4199
7469,16140
7470,13068
7471,608
7472,17924
7473,17509
7474,13928
7475,13637
7476,20349
7477,12132
7478,12132
7479,20328
7480,11859
7481,12477
7482,14157
7483,7483
7484,7483
7485,7483
7486,7483
7487,7483
7488,7483
7489,5975
7490,17838
7491,12472
7492,7492
7493,17386
7494,17386
7495,17010
7496,17650
7497,17010
7498,17010
7499,20911
7500,7365
7501,16140
7502,16140
7503,6184
7504,18193
7505,11769
7506,3491
7507,15669
7508,7508
7509,11984
7510,20133
7511,13018
7512,18354
7513,7513
7514,13021
7515,7515
7516,15022
7517,7579
7518,18485
7519,14173
7520,14173
7521,14173
7522,7522
7523,14977
7524,6708
7525,16295
7526,4328
7527,19851
7528,11201
7529,18289
7530,7483
7531,20665
7532,7532
7533,15930
7534,15431
7535,18336
7536,5522
7537,17156
7538,13851
7539,13851
7540,13851
7541,7483
7542,7483
7543,14202
7544,7483
7545,20425
7546,7483
7547,20425
7548,7548
7549,14223
7550,14223
7551,11827
7552,9653
7553,12132
7554,20968
7555,18515
7556,4548
7557,12403
7558,18980
7559,10188
7560,11984
7561,7564
7562,7564
7563,7564
7564,7564
7565,7564
7566,20178
7567,7567
7568,7569
7569,7569
7570,6325
7571,12197
7572,7569
7573,7569
7574,7569
7575,6318
7576,15050
7577,11527
7578,21112
7579,7579
7580,12223
7581,4057
7582,11607
7583,12223
7584,12223
7585,18289
7586,19461
7587,19461
7588,12223
7589,13884
7590,16580
7591,13021
7592,8847
7593,15933
7594,15933
7595,8296
7596,7597
7597,7597
7598,7597
7599,17464
7600,14196
7601,14196
7602,14196
7603,5843
7604,16140
7605,7617
7606,16140
7607,8055
7608,8055
7609,12209
7610,16018
7611,16674
7612,12486
7613,7613
7614,10585
7615,11769
7616,11769
7617,7617
7618,8221
7619,16686
7620,18011
7621,721
7622,19406
7623,4264
7624,13241
7625,7625
7626,7626
7627,3334
7628,7628
7629,17207
7630,12653
7631,19721
7632,15436
7633,21240
7634,17207
7635,15351
7636,17207
7637,15436
7638,15436
7639,17968
7640,5620
7641,5620
7642,5620
7643,16501
7644,13721
7645,16105
7646,14508
7647,16580
7648,19095
7649,7649
7650,16108
7651,7651
7652,11485
7653,10463
7654,10463
7655,10463
7656,10463
7657,8910
7658,7658
7659,7659
7660,18320
7661,16164
7662,11902
7663,21115
7664,9042
7665,7665
7666,20897
7667,11416
7668,7669
7669,7669
7670,21221
7671,15343
7672,5781
7673,4255
7674,6131
7675,3835
7676,18942
7677,17739
7678,11630
7679,16414
7680,14910
7681,13388
7682,15751
7683,14440
7684,7688
7685,15581
7686,14508
7687,13481
7688,7688
7689,7689
7690,11562
7691,20489
7692,20763
7693,9556
7694,13963
7695,10585
7696,10585
7697,7697
7698,5975
7699,5975
7700,7700
7701,6834
7702,5975
7703,10532
7704,17043
7705,17043
7706,10544
7707,3491
7708,4481
7709,14977
7710,10465
7711,13537
7712,6059
7713,6059
7714,13459
7715,9464
7716,7717
7717,7717
7718,7718
7719,20391
7720,7720
7721,17394
7722,20646
7723,20934
7724,10434
7725,15581
7726,17081
7727,15581
7728,17085
7729,8769
7730,14526
7731,10182
7732,7732
7733,14074
7734,17075
7735,7735
7736,20779
7737,5906
7738,13680
7739,20675
7740,15343
7741,20932
7742,20932
7743,13012
7744,16195
7745,10877
7746,10861
7747,14898
7748,8802
7749,4150
7750,9696
7751,13587
7752,12954
7753,12074
7754,15249
7755,17085
7756,7756
7757,5620
7758,14567
7759,16649
7760,16649
7761,7761
7762,4255
7763,8801
7764,8802
7765,8802
7766,10281
7767,20177
7768,11723
7769,17646
7770,11723
7771,11723
7772,7773
7773,7773
7774,11157
7775,17882
7776,11723
7777,7780
7778,7778
7779,7778
7780,7780
7781,8659
7782,15841
7783,15841
7784,20663
7785,12531
7786,14071
7787,11433
7788,14070
7789,7789
7790,18846
7791,15905
7792,15350
7793,15064
7794,7773
7795,7795
7796,19611
7797,10507
7798,16075
7799,17044
7800,12006
7801,13481
7802,11263
7803,9416
7804,5960
7805,15568
7806,6059
7807,19270
7808,16994
7809,19456
7810,20484
7811,10399
7812,19947
7813,19934
7814,5033
7815,14567
7816,14567
7817,14567
7818,14567
7819,14567
7820,14567
7821,14567
7822,14567
7823,16545
7824,14567
7825,7825
7826,7826
7827,18252
7828,14608
7829,7829
7830,17050
7831,19605
7832,19605
7833,7833
7834,19188
7835,15062
7836,15062
7837,17050
7838,15120
7839,14508
7840,14508
7841,14508
7842,8404
7843,7579
7844,19665
7845,13013
7846,7846
7847,19280
7848,19280
7849,19280
7850,9520
7851,9520
7852,18354
7853,13018
7854,13018
7855,18363
7856,13018
7857,4015
7858,4015
7859,13680
7860,10930
7861,14513
7862,16508
7863,17223
7864,8980
7865,16165
7866,18336
7867,10544
7868,10281
7869,15062
7870,14776
7871,8801
7872,17026
7873,17026
7874,17026
7875,15062
7876,9441
7877,9441
7878,14280
7879,15935
7880,17631
7881,16620
7882,7883
7883,7883
7884,11721
7885,2782
7886,18823
7887,18745
7888,18534
7889,19436
7890,18534
7891,19680
7892,18686
7893,7893
7894,12072
7895,7895
7896,14508
7897,7897
7898,21275
7899,13559
7900,13559
7901,13559
7902,13559
7903,16050
7904,16508
7905,16508
7906,6379
7907,6959
7908,20656
7909,19947
7910,12718
7911,6059
7912,9696
7913,9024
7914,15621
7915,19044
7916,19044
7917,19044
7918,18204
7919,11562
7920,15621
7921,16501
7922,10335
7923,7923
7924,13082
7925,7932
7926,7932
7927,7932
7928,7930
7929,7929
7930,7930
7931,7932
7932,7932
7933,7932
7934,7932
7935,11323
7936,11714
7937,15566
7938,19666
7939,7579
7940,11292
7941,15585
7942,11671
7943,15436
7944,15436
7945,15436
7946,7946
7947,6184
7948,7948
7949,20391
7950,18992
7951,15366
7952,4644
7953,18746
7954,19091
7955,16100
7956,19091
7957,18745
7958,18745
7959,20650
7960,11742
7961,12166
7962,19487
7963,19044
7964,9879
7965,9879
7966,19044
7967,19487
7968,19044
7969,6379
7970,19480
7971,18485
7972,20092
7973,6248
7974,6248
7975,13021
7976,14719
7977,17244
7978,17920
7979,17920
7980,7980
7981,14137
7982,7982
7983,12706
7984,10287
7985,17861
7986,4403
7987,15573
7988,18229
7989,15438
7990,15573
7991,18988
7992,7932
7993,6096
7994,14943
7995,9769
7996,9042
7997,15202
7998,15202
7999,9537
8000,13392
8001,15842
8002,13088
8003,7139
8004,15113
8005,12639
8006,17427
8007,15024
8008,8008
8009,18362
8010,20767
8011,9609
8012,16599
8013,14485
8014,3644
8015,15416
8016,5605
8017,17270
8018,19420
8019,13881
8020,9962
8021,8021
8022,10272
8023,10272
8024,13933
8025,13933
8026,6325
8027,16623
8028,16623
8029,16623
8030,5400
8031,5400
8032,10434
8033,8033
8034,7720
8035,13933
8036,21202
8037,21202
8038,21202
8039,21202
8040,16674
8041,11860
8042,18745
8043,17063
8044,17063
8045,20999
8046,11636
8047,12642
8048,17553
8049,17091
8050,9287
8051,9287
8052,8052
8053,20874
8054,8052
8055,8055
8056,8055
8057,21076
8058,8058
8059,19297
8060,8060
8061,13523
8062,16537
8063,19905
8064,8627
8065,20209
8066,20209
8067,10473
8068,8068
8069,17516
8070,11723
8071,6903
8072,6903
8073,14686
8074,8074
8075,8075
8076,8075
8077,5365
8078,11625
8079,8079
8080,9630
8081,21221
8082,16569
8083,4057
8084,7761
8085,5781
8086,11481
8087,8087
8088,4728
8089,4728
8090,16552
8091,21202
8092,8092
8093,20484
8094,11879
8095,19486
8096,14340
8097,15936
8098,19297
8099,13825
8100,17628
8101,10631
8102,17487
8103,11263
8104,8104
8105,11624
8106,8106
8107,8109
8108,13021
8109,8109
8110,18282
8111,16497
8112,16497
8113,15024
8114,15024
8115,5454
8116,5454
8117,17581
8118,4100
8119,8106
8120,2466
8121,14029
8122,17368
8123,17838
8124,14173
8125,19969
8126,19863
8127,19863
8128,19863
8129,19859
8130,12132
8131,18684
8132,9804
8133,10872
8134,8134
8135,15431
8136,4728
8137,10559
8138,19063
8139,19461
8140,8140
8141,8141
8142,19480
8143,8143
8144,15737
8145,19130
8146,19023
8147,19130
8148,20408
8149,4089
8150,19863
8151,19130
8152,20408
8153,8923
8154,18191
8155,10762
8156,11012
8157,15842
8158,15843
8159,20451
8160,17922
8161,14142
8162,19087
8163,18746
8164,14142
8165,19436
8166,14142
8167,18745
8168,18745
8169,18745
8170,8170
8171,5313
8172,15650
8173,6360
8174,6360
8175,12020
8176,2662
8177,20484
8178,8178
8179,8254
8180,8180
8181,12146
8182,18266
8183,8187
8184,8187
8185,8187
8186,8187
8187,8187
8188,8187
8189,8189
8190,8190
8191,16908
8192,16050
8193,17080
8194,11433
8195,11391
8196,15909
8197,8197
8198,18191
8199,15019
8200,15019
8201,3826
8202,3826
8203,15019
8204,3826
8205,3826
8206,3826
8207,3826
8208,10861
8209,10861
8210,4099
8211,8211
8212,9332
8213,15905
8214,9879
8215,3826
8216,3826
8217,7068
8218,19487
8219,10792
8220,16684
8221,8221
8222,12486
8223,4953
8224,4953
8225,18859
8226,12486
8227,8227
8228,8228
8229,20173
8230,18362
8231,18362
8232,18362
8233,18362
8234,18362
8235,18362
8236,18362
8237,16973
8238,6708
8239,21168
8240,4199
8241,4403
8242,20744
8243,3123
8244,3123
8245,1312
8246,16879
8247,16879
8248,8248
8249,19267
8250,8496
8251,20040
8252,18603
8253,6736
8254,8254
8255,8254
8256,8256
8257,13212
8258,13212
8259,13151
8260,13214
8261,20543
8262,13214
8263,13212
8264,13214
8265,13212
8266,13212
8267,19201
8268,19201
8269,19201
8270,16116
8271,17970
8272,3535
8273,20547
8274,8274
8275,15709
8276,11819
8277,15400
8278,15250
8279,9948
8280,21144
8281,21144
8282,8282
8283,9948
8284,3935
8285,8285
8286,12486
8287,20206
8288,17425
8289,4589
8290,11017
8291,15940
8292,15002
8293,15940
8294,15940
8295,15940
8296,8296
8297,15933
8298,10199
8299,15933
8300,16122
8301,8301
8302,17464
8303,7597
8304,13589
8305,13589
8306,19816
8307,16516
8308,19130
8309,19859
8310,8254
8311,13963
8312,20116
8313,19772
8314,11607
8315,6434
8316,6584
8317,11301
8318,9165
8319,16611
8320,11392
8321,6059
8322,8322
8323,5365
8324,5668
8325,7932
8326,20206
8327,19422
8328,8328
8329,7700
8330,15249
8331,15249
8332,15249
8333,19951
8334,3311
8335,3311
8336,10796
8337,8337
8338,8338
8339,13537
8340,19232
8341,12531
8342,4307
8343,8343
8344,8344
8345,4112
8346,9520
8347,20689
8348,9520
8349,21123
8350,21123
8351,8352
8352,8352
8353,8352
8354,19971
8355,17471
8356,15841
8357,11012
8358,14513
8359,8582
8360,8360
8361,16506
8362,21026
8363,18686
8364,15358
8365,15358
8366,2902
8367,7932
8368,8368
8369,20456
8370,14337
8371,14337
8372,14337
8373,14337
8374,14337
8375,14638
8376,17937
8377,7108
8378,7107
8379,7617
8380,7617
8381,7617
8382,7617
8383,11827
8384,13219
8385,6566
8386,21123
8387,21123
8388,21123
8389,21123
8390,12775
8391,12775
8392,10610
8393,19277
8394,14943
8395,5375
8396,1149
8397,13401
8398,9287
8399,12775
8400,14943
8401,15195
8402,5620
8403,12531
8404,8404
8405,4255
8406,20145
8407,19965
8408,19965
8409,14173
8410,14173
8411,8411
8412,19863
8413,13552
8414,16599
8415,16599
8416,19979
8417,12765
8418,12765
8419,12765
8420,8420
8421,15385
8422,15385
8423,11908
8424,16506
8425,13341
8426,270
8427,270
8428,270
8429,8429
8430,5365
8431,5375
8432,12472
8433,13680
8434,10434
8435,13109
8436,974
8437,13305
8438,11274
8439,11274
8440,11274
8441,10434
8442,14122
8443,10610
8444,10434
8445,5843
8446,5843
8447,12538
8448,11765
8449,20206
8450,19486
8451,19422
8452,20206
8453,13385
8454,15940
8455,15940
8456,12842
8457,7893
8458,12842
8459,9976
8460,16140
8461,12197
8462,14202
8463,11721
8464,18848
8465,19647
8466,8466
8467,17832
8468,17832
8469,14196
8470,14197
8471,14196
8472,608
8473,8473
8474,13131
8475,5267
8476,14241
8477,16580
8478,14255
8479,16015
8480,5615
8481,8709
8482,8482
8483,17425
8484,15515
8485,5960
8486,5960
8487,16067
8488,14567
8489,11859
8490,14196
8491,20145
8492,18932
8493,8493
8494,1544
8495,9520
8496,8496
8497,6903
8498,16140
8499,15436
8500,12653
8501,12653
8502,20686
8503,8503
8504,17103
8505,7569
8506,17912
8507,18124
8508,11721
8509,5451
8510,15275
8511,8511
8512,17425
8513,6370
8514,7532
8515,11017
8516,9152
8517,17043
8518,15025
8519,9152
8520,18499
8521,15156
8522,11548
8523,4100
8524,11481
8525,8526
8526,8526
8527,8526
8528,8526
8529,12815
8530,8530
8531,9913
8532,9913
8533,9913
8534,9913
8535,16630
8536,20484
8537,8537
8538,19487
8539,16165
8540,10893
8541,18545
8542,12284
8543,17276
8544,15653
8545,11077
8546,7923
8547,16549
8548,10114
8549,10114
8550,18019
8551,21275
8552,8552
8553,7146
8554,11879
8555,9537
8556,20484
8557,11301
8558,11301
8559,11301
8560,6584
8561,4257
8562,5313
8563,8563
8564,7253
8565,7700
8566,17122
8567,16623
8568,21130
8569,21123
8570,16995
8571,19993
8572,16995
8573,14946
8574,20934
8575,6248
8576,6248
8577,6248
8578,1521
8579,15931
8580,1094
8581,8581
8582,8582
8583,8583
8584,13313
8585,13313
8586,14206
8587,16906
8588,11320
8589,16907
8590,16907
8591,5375
8592,6475
8593,11360
8594,20981
8595,21005
8596,11726
8597,14176
8598,7564
8599,12815
8600,13429
8601,13429
8602,8602
8603,14479
8604,8604
8605,12025
8606,8606
8607,8607
8608,8732
8609,8609
8610,14991
8611,14991
8612,5313
8613,17033
8614,6096
8615,20769
8616,20769
8617,20769
8618,8482
8619,17425
8620,8621
8621,8621
8622,5694
8623,8623
8624,19436
8625,21130
8626,15596
8627,8627
8628,14943
8629,15541
8630,20656
8631,13511
8632,8633
8633,8633
8634,14421
8635,19605
8636,19605
8637,14132
8638,8638
8639,8638
8640,20615
8641,20686
8642,10321
8643,8296
8644,8644
8645,8645
8646,13275
8647,13275
8648,13275
8649,8649
8650,17581
8651,17033
8652,20069
8653,8653
8654,16140
8655,10465
8656,10465
8657,10465
8658,14508
8659,8659
8660,21279
8661,21279
8662,5522
8663,5522
8664,5522
8665,19438
8666,8666
8667,16161
8668,16140
8669,19006
8670,19006
8671,19006
8672,19470
8673,8674
8674,8674
8675,8674
8676,19470
8677,8677
8678,8677
8679,8679
8680,11758
8681,11955
8682,17832
8683,15038
8684,11012
8685,18363
8686,13844
8687,13844
8688,19965
8689,13668
8690,10298
8691,10298
8692,11636
8693,16569
8694,17994
8695,17994
8696,21144
8697,18818
8698,13551
8699,9948
8700,11819
8701,12632
8702,13061
8703,16014
8704,15902
8705,12239
8706,8707
8707,8707
8708,15195
8709,8709
8710,6379
8711,5625
8712,20704
8713,15404
8714,15230
8715,3470
8716,3644
8717,13928
8718,8718
8719,8720
8720,8720
8721,8721
8722,18558
8723,15663
8724,9607
8725,3535
8726,17063
8727,8727
8728,12025
8729,12025
8730,8607
8731,14479
8732,8732
8733,20687
8734,11906
8735,8735
8736,12005
8737,21123
8738,16570
8739,16570
8740,8740
8741,16570
8742,16995
8743,19993
8744,16570
8745,17259
8746,5781
8747,8747
8748,8748
8749,8749
8750,8749
8751,17156
8752,11902
8753,12531
8754,20043
8755,10860
8756,20391
8757,8757
8758,8758
8759,9561
8760,16045
8761,12682
8762,11268
8763,11949
8764,8764
8765,18452
8766,5605
8767,14486
8768,14486
8769,8769
8770,8769
8771,8769
8772,15191
8773,13131
8774,8774
8775,8774
8776,12195
8777,8777
8778,6287
8779,6287
8780,8777
8781,8781
8782,8782
8783,20512
8784,14704
8785,8789
8786,8788
8787,17227
8788,8788
8789,8789
8790,15961
8791,4257
8792,4257
8793,4257
8794,4257
8795,4257
8796,18851
8797,9824
8798,8801
8799,8802
8800,8802
8801,8801
8802,8802
8803,17937
8804,8804
8805,8805
8806,20684
8807,15076
8808,15076
8809,8809
8810,8810
8811,8811
8812,8811
8813,8813
8814,8814
8815,8814
8816,19675
8817,10831
8818,20464
8819,12775
8820,2782
8821,16108
8822,10908
8823,8823
8824,8824
8825,20484
8826,10951
8827,18711
8828,9537
8829,19232
8830,10296
8831,21000
8832,21000
8833,17861
8834,10296
8835,8835
8836,15004
8837,5522
8838,19641
8839,11520
8840,6102
8841,5483
8842,13933
8843,12946
8844,19436
8845,19091
8846,8847
8847,8847
8848,13844
8849,8849
8850,11948
8851,15086
8852,14029
8853,8254
8854,6522
8855,5668
8856,12403
8857,16508
8858,8858
8859,5033
8860,7069
8861,14508
8862,14878
8863,3626
8864,20043
8865,20043
8866,19121
8867,20115
8868,20115
8869,10346
8870,9779
8871,12842
8872,11467
8873,11274
8874,13305
8875,6096
8876,12888
8877,18149
8878,8878
8879,6434
8880,8880
8881,8106
8882,8882
8883,15202
8884,14178
8885,8878
8886,6522
8887,8887
8888,8888
8889,8889
8890,16570
8891,19427
8892,11490
8893,9024
8894,8894
8895,17102
8896,15050
8897,8897
8898,3341
8899,3341
8900,16271
8901,12815
8902,9520
8903,5454
8904,20950
8905,20121
8906,15940
8907,17740
8908,13563
8909,8910
8910,8910
8911,5522
8912,5522
8913,5522
8914,6379
8915,17998
8916,12890
8917,12890
8918,17026
8919,17026
8920,17026
8921,11636
8922,20132
8923,8923
8924,8923
8925,11910
8926,11910
8927,12472
8928,16137
8929,18942
8930,18319
8931,18859
8932,11481
8933,14719
8934,3826
8935,4292
8936,17705
8937,19896
8938,11699
8939,13474
8940,4709
8941,9579
8942,13032
8943,11624
8944,19446
8945,18765
8946,17033
8947,21287
8948,16674
8949,21112
8950,17394
8951,6325
8952,21112
8953,20201
8954,17368
8955,17368
8956,17838
8957,8957
8958,5238
8959,18038
8960,17368
8961,17368
8962,17368
8963,17838
8964,18039
8965,17838
8966,19121
8967,12320
8968,3470
8969,3616
8970,13928
8971,12320
8972,3470
8973,13637
8974,12032
8975,8623
8976,13032
8977,11157
8978,7483
8979,8980
8980,8980
8981,17081
8982,14280
8983,10422
8984,10775
8985,13169
8986,20675
8987,2749
8988,11449
8989,8989
8990,21112
8991,21112
8992,8993
8993,8993
8994,18354
8995,13313
8996,10321
8997,21018
8998,17595
8999,18942
9000,18850
9001,19188
9002,11239
9003,11721
9004,10473
9005,11714
9006,9006
9007,7579
9008,7136
9009,19628
9010,8707
9011,962
9012,5522
9013,17365
9014,5522
9015,17365
9016,1604
9017,16105
9018,12590
9019,18940
9020,11819
9021,18818
9022,9024
9023,9024
9024,9024
9025,7930
9026,7932
9027,6253
9028,7932
9029,20686
9030,9030
9031,9031
9032,14567
9033,9035
9034,9035
9035,9035
9036,9036
9037,9037
9038,5605
9039,1426
9040,17244
9041,11239
9042,9042
9043,15841
9044,9044
9045,5878
9046,19101
9047,13408
9048,19266
9049,15573
9050,19701
9051,18159
9052,18159
9053,9054
9054,9054
9055,17044
9056,17044
9057,9057
9058,8923
9059,8923
9060,8923
9061,16778
9062,10147
9063,9063
9064,20639
9065,20431
9066,1094
9067,15530
9068,8180
9069,18014
9070,18686
9071,14526
9072,14526
9073,5887
9074,11449
9075,3826
9076,16108
9077,10908
9078,18970
9079,17382
9080,9332
9081,9332
9082,11357
9083,17747
9084,14265
9085,17882
9086,20469
9087,20172
9088,20172
9089,17033
9090,12227
9091,19183
9092,15568
9093,15552
9094,15400
9095,9095
9096,10882
9097,17396
9098,14255
9099,9557
9100,17391
9101,9496
9102,20687
9103,18846
9104,21005
9105,20456
9106,21152
9107,14161
9108,8847
9109,9109
9110,9109
9111,9111
9112,15940
9113,16425
9114,15933
9115,15485
9116,9116
9117,9116
9118,9116
9119,11699
9120,12682
9121,15174
9122,9122
9123,13457
9124,13455
9125,9122
9126,11630
9127,15022
9128,9128
9129,11562
9130,11562
9131,3311
9132,9132
9133,17029
9134,18846
9135,20741
9136,20069
9137,20923
9138,20932
9139,20932
9140,20932
9141,16623
9142,16623
9143,18235
9144,7093
9145,9145
9146,20118
9147,4292
9148,4293
9149,20170
9150,16311
9151,12538
9152,9152
9153,2662
9154,11458
9155,11699
9156,13270
9157,8674
9158,15737
9159,18605
9160,9160
9161,14450
9162,6379
9163,3123
9164,9165
9165,9165
9166,8254
9167,9167
9168,17581
9169,20934
9170,14935
9171,13844
9172,16508
9173,11742
9174,16508
9175,9175
9176,16501
9177,5620
9178,4532
9179,19065
9180,19065
9181,19065
9182,19065
9183,1653
9184,9653
9185,10254
9186,4548
9187,4548
9188,9188
9189,17677
9190,6211
9191,16018
9192,19292
9193,20206
9194,16018
9195,14173
9196,14173
9197,14173
9198,2782
9199,6059
9200,11481
9201,18622
9202,9202
9203,20328
9204,3935
9205,12031
9206,7107
9207,21216
9208,13018
9209,13018
9210,14450
9211,14491
9212,15533
9213,15533
9214,13658
9215,20884
9216,20884
9217,9217
9218,9218
9219,18711
9220,20206
9221,11758
9222,11758
9223,11758
9224,17734
9225,19359
9226,11758
9227,19686
9228,19686
9229,11427
9230,17734
9231,11758
9232,19929
9233,18019
9234,9234
9235,19430
9236,19701
9237,16014
9238,20984
9239,20984
9240,19487
9241,17920
9242,19904
9243,17920
9244,19904
9245,20532
9246,9287
9247,11157
9248,17000
9249,12791
9250,18720
9251,15174
9252,9496
9253,9824
9254,13928
9255,17410
9256,15535
9257,9258
9258,9258
9259,9259
9260,9260
9261,9260
9262,9262
9263,9263
9264,3311
9265,9265
9266,21126
9267,9976
9268,19683
9269,3826
9270,10492
9271,3826
9272,15431
9273,15431
9274,12642
9275,16425
9276,3759
9277,20932
9278,17493
9279,9279
9280,11010
9281,9279
9282,9279
9283,9283
9284,9284
9285,9285
9286,16957
9287,9287
9288,9288
9289,9287
9290,17395
9291,9291
9292,4953
9293,20779
9294,15737
9295,9638
9296,11010
9297,19898
9298,11449
9299,8805
9300,12791
9301,15734
9302,12166
9303,13680
9304,16549
9305,21120
9306,20227
9307,20227
9308,9308
9309,19851
9310,18534
9311,19401
9312,15336
9313,9313
9314,7483
9315,14202
9316,12730
9317,21000
9318,5106
9319,16135
9320,3937
9321,9321
9322,18193
9323,1457
9324,11636
9325,11636
9326,11636
9327,17861
9328,962
9329,11827
9330,10254
9331,9332
9332,9332
9333,14551
9334,14458
9335,12273
9336,13671
9337,16897
9338,6468
9339,16620
9340,16620
9341,2782
9342,10559
9343,10544
9344,11864
9345,9345
9346,19863
9347,13131
9348,5887
9349,5960
9350,17080
9351,14255
9352,5960
9353,5960
9354,5960
9355,5960
9356,5960
9357,5960
9358,5960
9359,15200
9360,15200
9361,15200
9362,15568
9363,15200
9364,15200
9365,14935
9366,14039
9367,19280
9368,19280
9369,14613
9370,15351
9371,15351
9372,12025
9373,8609
9374,13721
9375,11774
9376,3087
9377,11769
9378,16140
9379,13279
9380,16140
9381,11769
9382,19928
9383,15661
9384,11765
9385,14595
9386,14595
9387,10335
9388,9855
9389,20464
9390,20464
9391,16506
9392,16506
9393,18301
9394,16506
9395,16506
9396,17416
9397,18149
9398,13563
9399,13563
9400,10158
9401,18256
9402,12166
9403,3491
9404,14896
9405,12563
9406,17393
9407,16418
9408,15431
9409,18034
9410,13668
9411,8582
9412,16634
9413,12608
9414,4403
9415,19982
9416,9416
9417,14943
9418,19898
9419,15424
9420,14814
9421,15378
9422,17708
9423,21087
9424,14297
9425,12833
9426,5282
9427,15319
9428,20043
9429,17394
9430,6360
9431,19066
9432,17690
9433,6869
9434,19928
9435,16942
9436,9436
9437,15891
9438,6360
9439,12761
9440,14354
9441,9441
9442,2902
9443,9879
9444,18204
9445,12775
9446,14526
9447,9447
9448,9448
9449,9449
9450,9450
9451,18859
9452,16018
9453,9453
9454,9454
9455,4971
9456,14206
9457,14206
9458,17091
9459,13068
9460,19087
9461,9461
9462,3123
9463,9464
9464,9464
9465,9465
9466,13018
9467,19401
9468,10544
9469,10544
9470,10544
9471,15994
9472,1426
9473,5106
9474,17861
9475,4057
9476,237
9477,237
9478,237
9479,5454
9480,9696
9481,5781
9482,9482
9483,9484
9484,9484
9485,14403
9486,13275
9487,13061
9488,13061
9489,10209
9490,14270
9491,10882
9492,9492
9493,9493
9494,18865
9495,17937
9496,9496
9497,9496
9498,10468
9499,9499
9500,7688
9501,17994
9502,18818
9503,17994
9504,18818
9505,17832
9506,16623
9507,16623
9508,16623
9509,8801
9510,15062
9511,15062
9512,17373
9513,2227
9514,9514
9515,18252
9516,9516
9517,20672
9518,20672
9519,9520
9520,9520
9521,20206
9522,19998
9523,20223
9524,12786
9525,9416
9526,5960
9527,11742
9528,11237
9529,9284
9530,15026
9531,19211
9532,19211
9533,17646
9534,11949
9535,9535
9536,9537
9537,9537
9538,9537
9539,9537
9540,9537
9541,15535
9542,16508
9543,21112
9544,1755
9545,16523
9546,9546
9547,9547
9548,9260
9549,9549
9550,10147
9551,14719
9552,19605
9553,19605
9554,9554
9555,9556
9556,9556
9557,9557
9558,19605
9559,12765
9560,14501
9561,9561
9562,9562
9563,13730
9564,16050
9565,5389
9566,12842
9567,11211
9568,10114
9569,14613
9570,8582
9571,5906
9572,5906
9573,9573
9574,17182
9575,9575
9576,12117
9577,20203
9578,18342
9579,9579
9580,9579
9581,6646
9582,16059
9583,16059
9584,1091
9585,10955
9586,17033
9587,4552
9588,20133
9589,10465
9590,18019
9591,9591
9592,13238
9593,21008
9594,19358
9595,18942
9596,15162
9597,20115
9598,9598
9599,11630
9600,9600
9601,7930
9602,3826
9603,9604
9604,9604
9605,9604
9606,9607
9607,9607
9608,17103
9609,9609
9610,7569
9611,9879
9612,13579
9613,9613
9614,6434
9615,6434
9616,15556
9617,12104
9618,18193
9619,11017
9620,10158
9621,17383
9622,21115
9623,21112
9624,10811
9625,10272
9626,11152
9627,10610
9628,19121
9629,19065
9630,9630
9631,20688
9632,9633
9633,9633
9634,81
9635,19296
9636,16552
9637,9637
9638,9638
9639,423
9640,16721
9641,15064
9642,19676
9643,19242
9644,17224
9645,16473
9646,17224
9647,17224
9648,11405
9649,13579
9650,17427
9651,18014
9652,19935
9653,9653
9654,20979
9655,270
9656,16177
9657,20707
9658,14314
9659,11721
9660,11721
9661,2227
9662,8858
9663,9663
9664,9663
9665,9663
9666,13807
9667,12888
9668,12888
9669,19878
9670,5454
9671,5454
9672,20145
9673,16140
9674,13061
9675,9681
9676,17193
9677,13061
9678,13061
9679,9681
9680,9681
9681,9681
9682,10446
9683,10781
9684,13522
9685,20025
9686,9686
9687,19001
9688,12582
9689,12582
9690,12166
9691,9696
9692,12765
9693,12765
9694,6517
9695,19210
9696,9696
9697,11361
9698,11361
9699,13537
9700,14362
9701,17000
9702,11465
9703,7829
9704,14590
9705,14590
9706,14392
9707,13825
9708,13933
9709,20737
9710,10485
9711,16622
9712,11361
9713,17378
9714,11361
9715,9715
9716,17378
9717,10434
9718,11323
9719,13216
9720,11361
9721,3826
9722,3826
9723,15863
9724,15863
9725,20099
9726,16588
9727,9464
9728,13385
9729,9729
9730,20744
9731,14178
9732,19878
9733,11721
9734,11721
9735,13186
9736,21008
9737,16436
9738,16436
9739,6563
9740,11481
9741,20173
9742,11481
9743,19055
9744,12582
9745,7161
9746,4953
9747,4953
9748,14314
9749,14314
9750,16018
9751,12888
9752,14221
9753,4015
9754,14421
9755,14421
9756,11908
9757,19265
9758,13417
9759,4363
9760,16140
9761,20150
9762,19183
9763,15145
9764,15145
9765,16429
9766,19277
9767,19931
9768,14122
9769,9769
9770,3725
9771,9771
9772,13417
9773,14567
9774,9774
9775,20143
9776,11477
9777,16047
9778,9779
9779,9779
9780,9780
9781,9781
9782,9781
9783,9781
9784,19934
9785,9785
9786,9804
9787,16045
9788,20270
9789,4644
9790,14392
9791,10772
9792,14392
9793,10772
9794,9258
9795,20744
9796,15737
9797,14314
9798,10523
9799,4953
9800,13178
9801,13178
9802,4057
9803,9803
9804,9804
9805,15737
9806,11012
9807,9807
9808,18686
9809,19878
9810,19878
9811,17571
9812,13385
9813,13385
9814,7780
9815,9815
9816,19214
9817,3141
9818,19214
9819,3491
9820,3491
9821,9849
9822,11721
9823,11721
9824,9824
9825,9825
9826,18942
9827,14314
9828,14314
9829,14314
9830,15737
9831,10158
9832,2258
9833,4200
9834,4200
9835,3311
9836,3311
9837,10272
9838,9838
9839,20984
9840,18988
9841,11721
9842,16295
9843,16295
9844,12002
9845,20929
9846,9847
9847,9847
9848,20707
9849,9849
9850,19265
9851,14450
9852,20355
9853,20355
9854,9854
9855,9855
9856,9856
9857,9857
9858,9858
9859,9859
9860,9858
9861,10698
9862,13385
9863,9863
9864,17034
9865,17034
9866,17034
9867,17674
9868,11769
9869,5454
9870,20649
9871,14314
9872,4257
9873,16622
9874,10772
9875,17043
9876,19494
9877,19672
9878,9879
9879,9879
9880,15197
9881,16879
9882,13018
9883,13131
9884,6059
9885,8674
9886,8674
9887,9887
9888,9888
9889,4257
9890,4257
9891,9781
9892,13459
9893,9804
9894,9804
9895,5021
9896,5454
9897,5454
9898,3535
9899,16158
9900,10831
9901,9901
9902,2258
9903,10831
9904,9904
9905,9905
9906,18756
9907,18756
9908,20649
9909,9909
9910,10335
9911,10335
9912,12477
9913,9913
9914,20778
9915,6102
9916,5781
9917,5454
9918,5454
9919,19979
9920,3535
9921,9921
9922,4257
9923,10963
9924,9464
9925,15863
9926,15556
9927,19822
9928,6351
9929,14302
9930,16414
9931,12632
9932,12632
9933,18717
9934,17193
9935,17193
9936,9936
9937,9024
9938,11819
9939,9024
9940,9024
9941,18818
9942,9024
9943,9024
9944,7138
9945,17586
9946,15250
9947,9948
9948,9948
9949,9948
9950,11819
9951,18818
9952,18717
9953,17994
9954,17994
9955,17994
9956,18717
9957,11819
9958,7138
9959,9960
9960,9960
9961,14657
9962,9962
9963,2858
9964,2227
9965,15343
9966,20687
9967,21008
9968,21008
9969,20744
9970,9970
9971,11211
9972,20069
9973,12842
9974,12842
9975,9976
9976,9976
9977,14100
9978,9978
9979,12750
9980,17738
9981,9981
9982,14055
9983,13680
9984,19878
9985,19878
9986,19878
9987,4257
9988,11323
9989,11323
9990,18983
9991,11323
9992,11323
9993,9321
9994,20700
9995,11477
9996,17767
9997,9997
9998,15535
9999,15535
10000,15535
10001,19483
10002,13680
10003,12582
10004,8087
10005,15045
10006,19494
10007,14200
10008,14200
10009,19494
10010,14200
10011,14200
10012,15045
10013,962
10014,15045
10015,15045
10016,18823
10017,8835
10018,8835
10019,16464
10020,15650
10021,2258
10022,17010
10023,21168
10024,16059
10025,5781
10026,10026
10027,17930
10028,7569
10029,17581
10030,3467
10031,15062
10032,14270
10033,8802
10034,10730
10035,10730
10036,10730
10037,10730
10038,10730
10039,13788
10040,14202
10041,5033
10042,15073
10043,15734
10044,10429
10045,10046
10046,10046
10047,15045
10048,4481
10049,16497
10050,17752
10051,9042
10052,10052
10053,7789
10054,11312
10055,11312
10056,9948
10057,10182
10058,9948
10059,9948
10060,9696
10061,4644
10062,12477
10063,13730
10064,16429
10065,12890
10066,10490
10067,4328
10068,19402
10069,9579
10070,19365
10071,10931
10072,10484
10073,15509
10074,11918
10075,9901
10076,10076
10077,15149
10078,18684
10079,18684
10080,18684
10081,10955
10082,10955
10083,14686
10084,9258
10085,20223
10086,13088
10087,10087
10088,10088
10089,18738
10090,18738
10091,10091
10092,10955
10093,12874
10094,10094
10095,10095
10096,11879
10097,15541
10098,15541
10099,15541
10100,11465
10101,11557
10102,20688
10103,10103
10104,17159
10105,17159
10106,17159
10107,15587
10108,20648
10109,12397
10110,21149
10111,10111
10112,19891
10113,10114
10114,10114
10115,10114
10116,15585
10117,12273
10118,10118
10119,10119
10120,19091
10121,19091
10122,18788
10123,13459
10124,16631
10125,17034
10126,10955
10127,10955
10128,962
10129,20547
10130,17394
10131,10147
10132,8674
10133,16907
10134,6764
10135,12727
10136,16015
10137,13933
10138,10138
10139,7492
10140,11984
10141,13841
10142,13841
10143,11984
10144,18940
10145,13559
10146,20772
10147,10147
10148,19065
10149,19065
10150,5106
10151,8923
10152,8055
10153,15046
10154,14450
10155,12638
10156,9855
10157,10157
10158,10158
10159,14421
10160,14421
10161,20464
10162,18342
10163,18342
10164,18342
10165,14093
10166,14287
10167,14297
10168,20525
10169,12818
10170,12833
10171,10171
10172,20525
10173,10173
10174,10174
10175,1720
10176,19232
10177,19232
10178,608
10179,10179
10180,19408
10181,10181
10182,10182
10183,9879
10184,10434
10185,19878
10186,19878
10187,10187
10188,10188
10189,6379
10190,6379
10191,6379
10192,18720
10193,13481
10194,19898
10195,11798
10196,15933
10197,10197
10198,17957
10199,10199
10200,10199
10201,10781
10202,15200
10203,15751
10204,20763
10205,20656
10206,19297
10207,19083
10208,12531
10209,10209
10210,19929
10211,16931
10212,18229
10213,19643
10214,16931
10215,18229
10216,9441
10217,9441
10218,9441
10219,9441
10220,16597
10221,17056
10222,19451
10223,10648
10224,15343
10225,9769
10226,14489
10227,14260
10228,13178
10229,12166
10230,10585
10231,10585
10232,21005
10233,20688
10234,19925
10235,19925
10236,19896
10237,20043
10238,20043
10239,20043
10240,20043
10241,5605
10242,3644
10243,20190
10244,20625
10245,10772
10246,10772
10247,14260
10248,7923
10249,14260
10250,19878
10251,15737
10252,10252
10253,10254
10254,10254
10255,19879
10256,20349
10257,20145
10258,5454
10259,17860
10260,11587
10261,11955
10262,14458
10263,19430
10264,8248
10265,8248
10266,14301
10267,12534
10268,17164
10269,12534
10270,12534
10271,7579
10272,10272
10273,3495
10274,3141
10275,10434
10276,10434
10277,16096
10278,20059
10279,10281
10280,10281
10281,10281
10282,10281
10283,10281
10284,10158
10285,14260
10286,15427
10287,10287
10288,10293
10289,16897
10290,15573
10291,19950
10292,10293
10293,10293
10294,10296
10295,10296
10296,10296
10297,10296
10298,10298
10299,10298
10300,11207
10301,11207
10302,11207
10303,12117
10304,8923
10305,14222
10306,10306
10307,13790
10308,12909
10309,14314
10310,8609
10311,3311
10312,18823
10313,14565
10314,14783
10315,14783
10316,13321
10317,7328
10318,13637
10319,11304
10320,13313
10321,10321
10322,5605
10323,16140
10324,12954
10325,10325
10326,16506
10327,10327
10328,9609
10329,10329
10330,3935
10331,6248
10332,10332
10333,10333
10334,10334
10335,10335
10336,10335
10337,16630
10338,12397
10339,9496
10340,9496
10341,10341
10342,10342
10343,10343
10344,8429
10345,4644
10346,10346
10347,20489
10348,19863
10349,16140
10350,18319
10351,16140
10352,11012
10353,8109
10354,14502
10355,10355
10356,10356
10357,8052
10358,8052
10359,8052
10360,8052
10361,9653
10362,11607
10363,2705
10364,16569
10365,10365
10366,19863
10367,18717
10368,6795
10369,18717
10370,18717
10371,18717
10372,15400
10373,6795
10374,18717
10375,17193
10376,6795
10377,18717
10378,15400
10379,12632
10380,11819
10381,9024
10382,17471
10383,11361
10384,3535
10385,11361
10386,11361
10387,10387
10388,10387
10389,10389
10390,10390
10391,10390
10392,16815
10393,10393
10394,10394
10395,10395
10396,10396
10397,10397
10398,10398
10399,10399
10400,10400
10401,17722
10402,18859
10403,10403
10404,12775
10405,20178
10406,14590
10407,3935
10408,15940
10409,15940
10410,9579
10411,4257
10412,18362
10413,13261
10414,13459
10415,17318
10416,6596
10417,10807
10418,18491
10419,1146
10420,15929
10421,18336
10422,10422
10423,9663
10424,3451
10425,1635
10426,10426
10427,9152
10428,10428
10429,10429
10430,14200
10431,4112
10432,20227
10433,10433
10434,10434
10435,4015
10436,19894
10437,14270
10438,19555
10439,9579
10440,10955
10441,10441
10442,19976
10443,19214
10444,10872
10445,10445
10446,10446
10447,18149
10448,14590
10449,20043
10450,20043
10451,20043
10452,10648
10453,18485
10454,18485
10455,10455
10456,16612
10457,16041
10458,15275
10459,21221
10460,20069
10461,17581
10462,10463
10463,10463
10464,10463
10465,10465
10466,10468
10467,10468
10468,10468
10469,21168
10470,10272
10471,10272
10472,10272
10473,10473
10474,12781
10475,10475
10476,18252
10477,13481
10478,10478
10479,12775
10480,16690
10481,11391
10482,10482
10483,10484
10484,10484
10485,10485
10486,10486
10487,11769
10488,11769
10489,11769
10490,10490
10491,19683
10492,10492
10493,14798
10494,16569
10495,10495
10496,10496
10497,10497
10498,10498
10499,12145
10500,11201
10501,20328
10502,12765
10503,12765
10504,20328
10505,10505
10506,17044
10507,10507
10508,18537
10509,19494
10510,11947
10511,10511
10512,10512
10513,10513
10514,10514
10515,10515
10516,10515
10517,10517
10518,15991
10519,10519
10520,10517
10521,13056
10522,17349
10523,10523
10524,10524
10525,15991
10526,10526
10527,10527
10528,6840
10529,17969
10530,15195
10531,10531
10532,10532
10533,10533
10534,10534
10535,16623
10536,8033
10537,15149
10538,10538
10539,19658
10540,16108
10541,15650
10542,16182
10543,16004
10544,10544
10545,7932
10546,7932
10547,20005
10548,17581
10549,9263
10550,14440
10551,13248
10552,12117
10553,12117
10554,12117
10555,12117
10556,14260
10557,17997
10558,10559
10559,10559
10560,19863
10561,15373
10562,16877
10563,10772
10564,20206
10565,20206
10566,20206
10567,11879
10568,11879
10569,14096
10570,16180
10571,16180
10572,21240
10573,11969
10574,15197
10575,15474
10576,20484
10577,11769
10578,16140
10579,5454
10580,15373
10581,10434
10582,237
10583,12754
10584,20751
10585,10585
10586,20748
10587,20748
10588,14075
10589,18499
10590,18499
10591,14526
10592,8352
10593,12105
10594,18499
10595,14526
10596,10602
10597,10602
10598,19982
10599,18499
10600,10888
10601,17994
10602,10602
10603,10888
10604,10888
10605,10605
10606,5960
10607,19352
10608,17341
10609,13248
10610,10610
10611,20223
10612,16067
10613,20182
10614,11003
10615,16129
10616,7932
10617,17050
10618,17395
10619,17395
10620,12842
10621,19721
10622,13551
10623,13736
10624,15747
10625,21152
10626,270
10627,18260
10628,17674
10629,7923
10630,10046
10631,10631
10632,10631
10633,17378
10634,21112
10635,10635
10636,13928
10637,10559
10638,4552
10639,8824
10640,17000
10641,17465
10642,10642
10643,14387
10644,19643
10645,10645
10646,18970
10647,10648
10648,10648
10649,16927
10650,15394
10651,5454
10652,11017
10653,21008
10654,13481
10655,10655
10656,17026
10657,7932
10658,14421
10659,11061
10660,16995
10661,16995
10662,16940
10663,10663
10664,18583
10665,11323
10666,12132
10667,20328
10668,4924
10669,4924
10670,14260
10671,14260
10672,15246
10673,8980
10674,4257
10675,16600
10676,19611
10677,10677
10678,10678
10679,17792
10680,15734
10681,15062
10682,8801
10683,17970
10684,10684
10685,10685
10686,10930
10687,19896
10688,20270
10689,10689
10690,20172
10691,4264
10692,6245
10693,10693
10694,16597
10695,17930
10696,13963
10697,10698
10698,10698
10699,10699
10700,10700
10701,10701
10702,10702
10703,10703
10704,8777
10705,7569
10706,20704
10707,20328
10708,10708
10709,16436
10710,20391
10711,4589
10712,17378
10713,9913
10714,10515
10715,19634
10716,15062
10717,15062
10718,7087
10719,19697
10720,10281
10721,10721
10722,12206
10723,20172
10724,20172
10725,20172
10726,10498
10727,4532
10728,20634
10729,10730
10730,10730
10731,12025
10732,14001
10733,16135
10734,17968
10735,8649
10736,4150
10737,17747
10738,17361
10739,13021
10740,15780
10741,11859
10742,15903
10743,15903
10744,9729
10745,19863
10746,13241
10747,11557
10748,19413
10749,19405
10750,3725
10751,10272
10752,13933
10753,11268
10754,11361
10755,4709
10756,4709
10757,4709
10758,15249
10759,15019
10760,11274
10761,17420
10762,10762
10763,9879
10764,18320
10765,16164
10766,20209
10767,16634
10768,9258
10769,14392
10770,16634
10771,14392
10772,10772
10773,16630
10774,10775
10775,10775
10776,10775
10777,15034
10778,14036
10779,20212
10780,10781
10781,10781
10782,20212
10783,13516
10784,13928
10785,15416
10786,10786
10787,17920
10788,16015
10789,10789
10790,13818
10791,10791
10792,10792
10793,10792
10794,12974
10795,3826
10796,10796
10797,9464
10798,10281
10799,11268
10800,17551
10801,17581
10802,19772
10803,10861
10804,8075
10805,6211
10806,18984
10807,10807
10808,10807
10809,12689
10810,10810
10811,10811
10812,17277
10813,15024
10814,10605
10815,17803
10816,16570
10817,14935
10818,14935
10819,14935
10820,14935
10821,12786
10822,15038
10823,9496
10824,15940
10825,10498
10826,11191
10827,12132
10828,9441
10829,8227
10830,10831
10831,10831
10832,10831
10833,12477
10834,7932
10835,3535
10836,10836
10837,16569
10838,19683
10839,10839
10840,10840
10841,14142
10842,6840
10843,15780
10844,20763
10845,8923
10846,8923
10847,15022
10848,10786
10849,13928
10850,19466
10851,16126
10852,10872
10853,17969
10854,17969
10855,17969
10856,10872
10857,10872
10858,16140
10859,10859
10860,10860
10861,10861
10862,6351
10863,2859
10864,16334
10865,16271
10866,16224
10867,11557
10868,12258
10869,11149
10870,10870
10871,19358
10872,10872
10873,11726
10874,6370
10875,6370
10876,10876
10877,10877
10878,17399
10879,10880
10880,10880
10881,10881
10882,10882
10883,2782
10884,10884
10885,10885
10886,10886
10887,10888
10888,10888
10889,10182
10890,10890
10891,20391
10892,20533
10893,10893
10894,12197
10895,12197
10896,13563
10897,19971
10898,19721
10899,19431
10900,19431
10901,19431
10902,7895
10903,7923
10904,13131
10905,13131
10906,13131
10907,10907
10908,10908
10909,12113
10910,5605
10911,19716
10912,19474
10913,9847
10914,10914
10915,9847
10916,9847
10917,13391
10918,12228
10919,11360
10920,13687
10921,15635
10922,15635
10923,19277
10924,13876
10925,10925
10926,14270
10927,17052
10928,10928
10929,10929
10930,10930
10931,10931
10932,12097
10933,10931
10934,9653
10935,17051
10936,11205
10937,13233
10938,14178
10939,14178
10940,16623
10941,7720
10942,13025
10943,10831
10944,10585
10945,21018
10946,14403
10947,14142
10948,18534
10949,17259
10950,11630
10951,10951
10952,12972
10953,18978
10954,10954
10955,10955
10956,12730
10957,13270
10958,10958
10959,10958
10960,17193
10961,10961
10962,5781
10963,10963
10964,10963
10965,15562
10966,10966
10967,3490
10968,12020
10969,5781
10970,5522
10971,18336
10972,17338
10973,19245
10974,12104
10975,12102
10976,12102
10977,14846
10978,14846
10979,16887
10980,17747
10981,19130
10982,15931
10983,6563
10984,16597
10985,8075
10986,19277
10987,16619
10988,18686
10989,18686
10990,19267
10991,19267
10992,5975
10993,14629
10994,18363
10995,18354
10996,6379
10997,6379
10998,20476
10999,18336
11000,18191
11001,5522
11002,11002
11003,11003
11004,11006
11005,11005
11006,11006
11007,11007
11008,11008
11009,17306
11010,11010
11011,11010
11012,11012
11013,11013
11014,18711
11015,12772
11016,11016
11017,11017
11018,11018
11019,19277
11020,19277
11021,15734
11022,16580
11023,9262
11024,19929
11025,19179
11026,19716
11027,11027
11028,17052
11029,15241
11030,11030
11031,15085
11032,20132
11033,974
11034,974
11035,20355
11036,15004
11037,11037
11038,7515
11039,6102
11040,18988
11041,9465
11042,8033
11043,11268
11044,19277
11045,20772
11046,11046
11047,9547
11048,15120
11049,13928
11050,16084
11051,15081
11052,11037
11053,19232
11054,7883
11055,15535
11056,10955
11057,10111
11058,11058
11059,15034
11060,11060
11061,11061
11062,11061
11063,21000
11064,13830
11065,15841
11066,20069
11067,21137
11068,10786
11069,11069
11070,9879
11071,16164
11072,15350
11073,15076
11074,18042
11075,11076
11076,11076
11077,11077
11078,11078
11079,14757
11080,3523
11081,19277
11082,11082
11083,17156
11084,13851
11085,13851
11086,17581
11087,16105
11088,16480
11089,9609
11090,21094
11091,14260
11092,9579
11093,17970
11094,15436
11095,3491
11096,3491
11097,3491
11098,16334
11099,17318
11100,13061
11101,17928
11102,18513
11103,17920
11104,19044
11105,20652
11106,16612
11107,16612
11108,21004
11109,20547
11110,13784
11111,16050
11112,11361
11113,11361
11114,15515
11115,10434
11116,7492
11117,12094
11118,9579
11119,13238
11120,13238
11121,11765
11122,14301
11123,7659
11124,15413
11125,8718
11126,6184
11127,7923
11128,14783
11129,14567
11130,7932
11131,10434
11132,15149
11133,15149
11134,8248
11135,19451
11136,21000
11137,9332
11138,14430
11139,3760
11140,3759
11141,3759
11142,17467
11143,17467
11144,17467
11145,17466
11146,17467
11147,11319
11148,15258
11149,11149
11150,15373
11151,11152
11152,11152
11153,18362
11154,16995
11155,11723
11156,17044
11157,11157
11158,11157
11159,17044
11160,6324
11161,10544
11162,3491
11163,12775
11164,10158
11165,9879
11166,11166
11167,11268
11168,11536
11169,11726
11170,10046
11171,13933
11172,18149
11173,21130
11174,604
11175,15191
11176,15191
11177,19297
11178,15034
11179,15034
11180,15651
11181,18342
11182,11182
11183,11186
11184,14473
11185,12086
11186,11186
11187,11187
11188,13887
11189,11189
11190,11182
11191,11191
11192,11191
11193,11187
11194,13313
11195,10840
11196,11196
11197,10955
11198,4057
11199,16429
11200,4255
11201,11201
11202,20069
11203,20069
11204,16140
11205,11205
11206,11206
11207,11207
11208,11209
11209,11209
11210,11210
11211,11211
11212,6370
11213,11211
11214,19420
11215,19420
11216,14971
11217,11534
11218,11534
11219,4552
11220,11984
11221,13088
11222,13637
11223,18141
11224,15064
11225,11225
11226,3491
11227,16271
11228,3491
11229,18011
11230,10544
11231,5605
11232,12012
11233,19270
11234,11234
11235,11235
11236,18368
11237,11237
11238,17705
11239,11239
11240,20534
11241,11241
11242,15432
11243,11243
11244,11244
11245,17596
11246,10585
11247,16942
11248,10585
11249,10585
11250,10585
11251,20307
11252,11742
11253,16508
11254,16508
11255,17378
11256,11256
11257,15022
11258,10872
11259,13658
11260,11260
11261,19605
11262,12765
11263,11263
11264,11263
11265,13963
11266,13963
11267,13963
11268,11268
11269,11906
11270,10434
11271,1544
11272,18159
11273,19102
11274,11274
11275,6952
11276,20145
11277,16908
11278,21126
11279,10296
11280,12020
11281,12677
11282,19102
11283,19183
11284,19643
11285,15841
11286,4589
11287,19292
11288,17974
11289,19470
11290,7732
11291,11292
11292,11292
11293,3937
11294,11037
11295,11292
11296,18319
11297,18235
11298,16140
11299,20043
11300,15824
11301,11301
11302,21137
11303,14400
11304,11304
11305,11305
11306,18521
11307,11061
11308,18014
11309,13818
11310,11310
11311,1428
11312,11312
11313,14075
11314,11292
11315,13517
11316,20196
11317,11320
11318,11318
11319,11319
11320,11320
11321,11320
11322,11322
11323,11323
11324,10272
11325,10272
11326,14059
11327,11327
11328,18042
11329,3500
11330,10861
11331,13736
11332,15751
11333,15351
11334,17785
11335,11335
11336,12072
11337,14222
11338,8923
11339,12642
11340,16226
11341,12072
11342,17043
11343,12132
11344,17156
11345,11346
11346,11346
11347,8923
11348,6596
11349,15004
11350,17958
11351,17958
11352,15369
11353,1503
11354,4100
11355,16100
11356,11356
11357,11357
11358,17928
11359,11359
11360,11360
11361,11361
11362,13341
11363,20650
11364,9960
11365,15062
11366,11366
11367,15146
11368,15146
11369,15146
11370,15146
11371,15146
11372,17618
11373,11373
11374,14581
11375,14581
11376,17090
11377,4970
11378,14581
11379,14581
11380,20323
11381,12679
11382,11382
11383,9496
11384,6840
11385,16105
11386,13876
11387,11387
11388,11387
11389,11389
11390,11390
11391,11391
11392,11392
11393,11393
11394,11394
11395,11361
11396,11396
11397,15350
11398,19044
11399,20223
11400,11449
11401,11449
11402,10860
11403,16597
11404,12972
11405,11405
11406,10635
11407,16414
11408,4548
11409,4548
11410,19180
11411,19904
11412,11412
11413,14255
11414,11414
11415,11415
11416,11416
11417,19680
11418,20934
11419,19935
11420,12117
11421,12117
11422,15735
11423,13109
11424,11425
11425,11425
11426,11426
11427,11427
11428,11427
11429,20150
11430,14458
11431,11431
11432,11432
11433,11433
11434,11434
11435,18362
11436,974
11437,13928
11438,11209
11439,11209
11440,6110
11441,16591
11442,17043
11443,16271
11444,10544
11445,11446
11446,11446
11447,3141
11448,7732
11449,11449
11450,10111
11451,10111
11452,17968
11453,17968
11454,21000
11455,9044
11456,16006
11457,11457
11458,11458
11459,19979
11460,16552
11461,4257
11462,15747
11463,7932
11464,14260
11465,11465
11466,11466
11467,11467
11468,11467
11469,11466
11470,11182
11471,11182
11472,11947
11473,18839
11474,12972
11475,14260
11476,2963
11477,11477
11478,21099
11479,13559
11480,19931
11481,11481
11482,11481
11483,19180
11484,15004
11485,11485
11486,4399
11487,11487
11488,6708
11489,18335
11490,11490
11491,9464
11492,19454
11493,20643
11494,12531
11495,6205
11496,11274
11497,16508
11498,16879
11499,7720
11500,11500
11501,19280
11502,14926
11503,13589
11504,18114
11505,11505
11506,14559
11507,15162
11508,7923
11509,12166
11510,11510
11511,17739
11512,19885
11513,16122
11514,8296
11515,15933
11516,15206
11517,15253
11518,14581
11519,11520
11520,11520
11521,6102
11522,8801
11523,8801
11524,10281
11525,11007
11526,13536
11527,11527
11528,11527
11529,11529
11530,14878
11531,15416
11532,15416
11533,11533
11534,11534
11535,15535
11536,11536
11537,14337
11538,12642
11539,8248
11540,11540
11541,12843
11542,20476
11543,9771
11544,19851
11545,11545
11546,18319
11547,16140
11548,11548
11549,10538
11550,11550
11551,16552
11552,16050
11553,11553
11554,11554
11555,11555
11556,13730
11557,11557
11558,11449
11559,15978
11560,18124
11561,9901
11562,11562
11563,6360
11564,6360
11565,6360
11566,11566
11567,13299
11568,12677
11569,13668
11570,17661
11571,5858
11572,20166
11573,11573
11574,14430
11575,11575
11576,5818
11577,11577
11578,14055
11579,9781
11580,14150
11581,1755
11582,3535
11583,13668
11584,13668
11585,13668
11586,13444
11587,11587
11588,12273
11589,13444
11590,20133
11591,10468
11592,20270
11593,10465
11594,20133
11595,10468
11596,10465
11597,11292
11598,14096
11599,8075
11600,13270
11601,3937
11602,11425
11603,13537
11604,6360
11605,6360
11606,11607
11607,11607
11608,11608
11609,14265
11610,14297
11611,14292
11612,14292
11613,20525
11614,12772
11615,12642
11616,10463
11617,10463
11618,1503
11619,20431
11620,10254
11621,19180
11622,19709
11623,11624
11624,11624
11625,11625
11626,11625
11627,6184
11628,11628
11629,19214
11630,11630
11631,11630
11632,11636
11633,11636
11634,11636
11635,11636
11636,11636
11637,11636
11638,11636
11639,5975
11640,14878
11641,9321
11642,11827
11643,13270
11644,14426
11645,13181
11646,17661
11647,7000
11648,16623
11649,9607
11650,20355
11651,19065
11652,3491
11653,10544
11654,15202
11655,8847
11656,11723
11657,11723
11658,19454
11659,11659
11660,11660
11661,5454
11662,17406
11663,14551
11664,14551
11665,17747
11666,18988
11667,12273
11668,16463
11669,15027
11670,10296
11671,11671
11672,16464
11673,15841
11674,20177
11675,11675
11676,13881
11677,11677
11678,11425
11679,17597
11680,11425
11681,11425
11682,14764
11683,15019
11684,20688
11685,5605
11686,14337
11687,13511
11688,13511
11689,16516
11690,8033
11691,10272
11692,13559
11693,13559
11694,12534
11695,20963
11696,11237
11697,15024
11698,11698
11699,11699
11700,20763
11701,13680
11702,7688
11703,11703
11704,7930
11705,7930
11706,11706
11707,11708
11708,11708
11709,8774
11710,11310
11711,11711
11712,19851
11713,11714
11714,11714
11715,11714
11716,12074
11717,16105
11718,13819
11719,20763
11720,13457
11721,11721
11722,17646
11723,11723
11724,21130
11725,8801
11726,11726
11727,14206
11728,14938
11729,19772
11730,11730
11731,10958
11732,11732
11733,11733
11734,11734
11735,11735
11736,13248
11737,17000
11738,17104
11739,16508
11740,16508
11741,16508
11742,11742
11743,11743
11744,11744
11745,17494
11746,21216
11747,19061
11748,18229
11749,17860
11750,15902
11751,20934
11752,20934
11753,20934
11754,20934
11755,11860
11756,11756
11757,11426
11758,11758
11759,11759
11760,15086
11761,14132
11762,17032
11763,10831
11764,11764
11765,11765
11766,18750
11767,18535
11768,12782
11769,11769
11770,11769
11771,11769
11772,14260
11773,14260
11774,11774
11775,14502
11776,20649
11777,11726
11778,11723
11779,16122
11780,7930
11781,11149
11782,6252
11783,9696
11784,20391
11785,19494
11786,3467
11787,17705
11788,20172
11789,16569
11790,11860
11791,16215
11792,15002
11793,19406
11794,3535
11795,19400
11796,11831
11797,7932
11798,11798
11799,18537
11800,2343
11801,21087
11802,8805
11803,8805
11804,18362
11805,18362
11806,16140
11807,2782
11808,11808
11809,16569
11810,19855
11811,19855
11812,10287
11813,11813
11814,11721
11815,2227
11816,20209
11817,2227
11818,12632
11819,11819
11820,18336
11821,12855
11822,20996
11823,19470
11824,9879
11825,3535
11826,3535
11827,11827
11828,16569
11829,14122
11830,20164
11831,11831
11832,15026
11833,11833
11834,15025
11835,11835
11836,11836
11837,16208
11838,11838
11839,6841
11840,11840
11841,5781
11842,8106
11843,11485
11844,8106
11845,13261
11846,13261
11847,16931
11848,11848
11849,4814
11850,11850
11851,15949
11852,11852
11853,19211
11854,11854
11855,17378
11856,16590
11857,15523
11858,20665
11859,11859
11860,11860
11861,11860
11862,20116
11863,19245
11864,11864
11865,11534
11866,14623
11867,11867
11868,20120
11869,11869
11870,11870
11871,11871
11872,17618
11873,11918
11874,18535
11875,13511
11876,20689
11877,18362
11878,4150
11879,11879
11880,18720
11881,11012
11882,15174
11883,20355
11884,13248
11885,11885
11886,3644
11887,14878
11888,8352
11889,13963
11890,11890
11891,13536
11892,11892
11893,16059
11894,11061
11895,14629
11896,14629
11897,15120
11898,11898
11899,14328
11900,11902
11901,14532
11902,11902
11903,11902
11904,16508
11905,11905
11906,11906
11907,16045
11908,11908
11909,18149
11910,11910
11911,11911
11912,12682
11913,16549
11914,12117
11915,12117
11916,11916
11917,11918
11918,11918
11919,11919
11920,16537
11921,13778
11922,11922
11923,11922
11924,14328
11925,14328
11926,15416
11927,14328
11928,14326
11929,14326
11930,14326
11931,20994
11932,14328
11933,14328
11934,14328
11935,14328
11936,16569
11937,18534
11938,3759
11939,8801
11940,17345
11941,17345
11942,17373
11943,11943
11944,14260
11945,14384
11946,14384
11947,11947
11948,11948
11949,11949
11950,11950
11951,15064
11952,12642
11953,11953
11954,8677
11955,11955
11956,11956
11957,20618
11958,18259
11959,11959
11960,11960
11961,9960
11962,20763
11963,11963
11964,15373
11965,11965
11966,11012
11967,18354
11968,18354
11969,11969
11970,15250
11971,15250
11972,15250
11973,11819
11974,16669
11975,16047
11976,17646
11977,11955
11978,2944
11979,11979
11980,18746
11981,20043
11982,10648
11983,19102
11984,11984
11985,11985
11986,11986
11987,11987
11988,15423
11989,15424
11990,11990
11991,11991
11992,10492
11993,11993
11994,11993
11995,11995
11996,6975
11997,15677
11998,11998
11999,12003
12000,12000
12001,12001
12002,12002
12003,12003
12004,12004
12005,12005
12006,12006
12007,15568
12008,12377
12009,14634
12010,4399
12011,14100
12012,12012
12013,12012
12014,14132
12015,16597
12016,12112
12017,12074
12018,6109
12019,13408
12020,12020
12021,14500
12022,12022
12023,12023
12024,12023
12025,12025
12026,12026
12027,15172
12028,12028
12029,16973
12030,12031
12031,12031
12032,12032
12033,4924
12034,11769
12035,16140
12036,11769
12037,11813
12038,9520
12039,16580
12040,12842
12041,974
12042,974
12043,17713
12044,12044
12045,13158
12046,13158
12047,3826
12048,10482
12049,15292
12050,12050
12051,13370
12052,13181
12053,19487
12054,16591
12055,15940
12056,15940
12057,15940
12058,15940
12059,14260
12060,19211
12061,11624
12062,3350
12063,6903
12064,12065
12065,12065
12066,12065
12067,14055
12068,18229
12069,8802
12070,10538
12071,19277
12072,12072
12073,12073
12074,12074
12075,12075
12076,10434
12077,12077
12078,16004
12079,12081
12080,6971
12081,12081
12082,12081
12083,12083
12084,14384
12085,11191
12086,12086
12087,14502
12088,5605
12089,13212
12090,20996
12091,15531
12092,16995
12093,16995
12094,12094
12095,20107
12096,12097
12097,12097
12098,12098
12099,20948
12100,12104
12101,12102
12102,12102
12103,12102
12104,12104
12105,12105
12106,12106
12107,13131
12108,3123
12109,17487
12110,16552
12111,12111
12112,12112
12113,12113
12114,11756
12115,12117
12116,12117
12117,12117
12118,7107
12119,7107
12120,12954
12121,18598
12122,9283
12123,9663
12124,11714
12125,4566
12126,10811
12127,9663
12128,2858
12129,12129
12130,17014
12131,4307
12132,12132
12133,13511
12134,11827
12135,13018
12136,16501
12137,13784
12138,12138
12139,19211
12140,20995
12141,20995
12142,6708
12143,5267
12144,10860
12145,12145
12146,12146
12147,11756
12148,11756
12149,1905
12150,18865
12151,14938
12152,12152
12153,12153
12154,15735
12155,18342
12156,16846
12157,12158
12158,12158
12159,12159
12160,7365
12161,20684
12162,7564
12163,12163
12164,12164
12165,12166
12166,12166
12167,17935
12168,7483
12169,15775
12170,17531
12171,12171
12172,12172
12173,20451
12174,10463
12175,12642
12176,12642
12177,12642
12178,12642
12179,12642
12180,12642
12181,10463
12182,10463
12183,12642
12184,12642
12185,12185
12186,962
12187,18720
12188,12188
12189,10888
12190,10888
12191,11433
12192,12192
12193,20704
12194,6325
12195,12195
12196,6325
12197,12197
12198,12197
12199,6325
12200,6287
12201,15050
12202,11241
12203,7923
12204,9781
12205,15404
12206,12206
12207,12206
12208,6952
12209,12209
12210,13151
12211,3341
12212,15650
12213,12477
12214,15841
12215,12215
12216,8659
12217,11898
12218,19883
12219,17378
12220,12324
12221,19769
12222,14270
12223,12223
12224,9681
12225,20950
12226,5522
12227,12227
12228,12228
12229,17244
12230,11769
12231,11481
12232,18320
12233,9879
12234,20355
12235,12890
12236,12236
12237,17659
12238,12238
12239,12239
12240,12273
12241,14431
12242,14551
12243,21108
12244,19166
12245,12245
12246,12761
12247,17581
12248,14500
12249,20223
12250,16929
12251,16623
12252,21130
12253,11323
12254,11918
12255,11918
12256,14783
12257,15373
12258,12258
12259,16549
12260,10807
12261,10807
12262,20209
12263,9520
12264,7483
12265,9520
12266,13560
12267,16122
12268,15369
12269,3759
12270,8087
12271,8087
12272,14260
12273,12273
12274,12273
12275,12228
12276,16506
12277,17259
12278,1146
12279,14260
12280,14889
12281,11562
12282,19487
12283,8109
12284,12284
12285,12285
12286,18818
12287,18865
12288,12288
12289,17721
12290,12290
12291,12291
12292,10398
12293,12293
12294,18064
12295,12295
12296,12296
12297,17682
12298,15221
12299,10398
12300,12300
12301,15605
12302,12302
12303,20714
12304,12304
12305,12305
12306,12306
12307,5906
12308,18980
12309,13252
12310,20448
12311,2192
12312,11361
12313,11361
12314,7932
12315,7932
12316,18720
12317,14222
12318,12318
12319,3644
12320,12320
12321,20435
12322,20754
12323,3491
12324,12324
12325,12909
12326,14783
12327,11449
12328,962
12329,962
12330,15045
12331,10465
12332,16943
12333,12333
12334,11908
12335,17970
12336,16473
12337,10281
12338,12338
12339,19672
12340,9287
12341,962
12342,12342
12343,13800
12344,12765
12345,13649
12346,11774
12347,14796
12348,12486
12349,14449
12350,20489
12351,14039
12352,15535
12353,12353
12354,11902
12355,12355
12356,10468
12357,10468
12358,16108
12359,6292
12360,9035
12361,14039
12362,14337
12363,14039
12364,12486
12365,12486
12366,12599
12367,12599
12368,13699
12369,16784
12370,16784
12371,20217
12372,20328
12373,12397
12374,16516
12375,15601
12376,11449
12377,12377
12378,12377
12379,13699
12380,13699
12381,13699
12382,17033
12383,2192
12384,15301
12385,20534
12386,14337
12387,14142
12388,6834
12389,19697
12390,13151
12391,19365
12392,20203
12393,20484
12394,10399
12395,20877
12396,20096
12397,12397
12398,14039
12399,11908
12400,19979
12401,14200
12402,12402
12403,12403
12404,12404
12405,16958
12406,9035
12407,9035
12408,18738
12409,18738
12410,19006
12411,19494
12412,19494
12413,7932
12414,5858
12415,14392
12416,10831
12417,10498
12418,17033
12419,12419
12420,17318
12421,12422
12422,12422
12423,17318
12424,17316
12425,17315
12426,12434
12427,12428
12428,12428
12429,12431
12430,12431
12431,12431
12432,12432
12433,12436
12434,12434
12435,12435
12436,12436
12437,17494
12438,237
12439,6211
12440,13305
12441,12441
12442,19402
12443,19402
12444,19402
12445,14796
12446,14796
12447,14796
12448,12486
12449,17674
12450,14796
12451,12451
12452,16630
12453,16630
12454,12454
12455,12455
12456,12456
12457,12457
12458,21145
12459,17033
12460,13579
12461,8747
12462,12462
12463,10701
12464,12464
12465,17968
12466,21112
12467,21112
12468,17394
12469,20099
12470,12477
12471,7163
12472,12472
12473,4257
12474,14196
12475,15202
12476,15301
12477,12477
12478,12477
12479,19878
12480,17345
12481,7000
12482,17863
12483,19714
12484,19450
12485,19450
12486,12486
12487,14608
12488,14608
12489,14607
12490,15106
12491,4150
12492,19793
12493,20118
12494,17589
12495,14796
12496,17924
12497,14173
12498,13818
12499,11006
12500,13818
12501,3087
12502,3535
12503,14039
12504,12504
12505,14421
12506,1146
12507,11304
12508,11304
12509,11304
12510,11304
12511,9152
12512,11733
12513,17427
12514,17427
12515,18014
12516,16436
12517,17465
12518,4150
12519,9321
12520,9696
12521,12521
12522,17033
12523,17350
12524,17350
12525,14585
12526,14039
12527,14322
12528,13279
12529,8887
12530,15780
12531,12531
12532,12531
12533,17164
12534,12534
12535,12535
12536,12536
12537,17391
12538,12538
12539,9152
12540,19006
12541,15343
12542,12682
12543,12543
12544,13032
12545,17854
12546,11077
12547,11534
12548,11557
12549,15250
12550,9556
12551,12791
12552,12791
12553,1094
12554,14343
12555,12555
12556,16153
12557,11557
12558,11449
12559,17248
12560,16050
12561,10961
12562,21197
12563,12563
12564,13668
12565,8847
12566,18778
12567,2274
12568,12568
12569,13817
12570,4548
12571,21160
12572,11520
12573,14161
12574,12574
12575,12575
12576,2782
12577,16681
12578,13013
12579,11323
12580,14783
12581,10880
12582,12582
12583,15004
12584,12986
12585,15062
12586,13807
12587,14911
12588,12589
12589,12589
12590,12590
12591,13658
12592,12592
12593,15333
12594,15336
12595,10478
12596,5543
12597,12597
12598,14870
12599,12599
12600,17099
12601,20192
12602,13649
12603,12603
12604,12604
12605,12605
12606,1415
12607,18859
12608,12608
12609,5729
12610,15587
12611,19087
12612,5781
12613,10585
12614,12614
12615,4566
12616,13299
12617,9044
12618,14431
12619,12619
12620,14178
12621,14178
12622,12624
12623,12624
12624,12624
12625,12624
12626,5543
12627,20625
12628,11819
12629,12629
12630,12630
12631,12631
12632,12632
12633,16552
12634,19928
12635,13511
12636,3935
12637,12638
12638,12638
12639,12639
12640,11449
12641,13807
12642,12642
12643,12643
12644,15062
12645,12645
12646,9579
12647,12647
12648,12648
12649,12649
12650,12650
12651,15070
12652,15070
12653,12653
12654,12653
12655,10335
12656,21005
12657,20648
12658,20648
12659,17803
12660,14008
12661,13352
12662,14567
12663,14567
12664,14567
12665,20987
12666,12486
12667,11481
12668,21112
12669,20648
12670,19200
12671,5483
12672,5483
12673,11520
12674,12674
12675,20786
12676,20786
12677,12677
12678,12678
12679,12679
12680,16580
12681,12682
12682,12682
12683,12563
12684,11963
12685,20203
12686,18122
12687,12754
12688,12688
12689,12689
12690,12404
12691,12691
12692,15002
12693,12693
12694,12694
12695,12695
12696,12696
12697,12697
12698,15002
12699,21141
12700,18319
12701,7000
12702,7107
12703,7107
12704,15626
12705,7107
12706,12706
12707,16649
12708,17965
12709,4200
12710,16970
12711,20464
12712,15034
12713,14206
12714,4924
12715,20355
12716,20355
12717,14392
12718,12718
12719,5960
12720,17090
12721,17090
12722,15253
12723,12723
12724,12724
12725,12727
12726,15999
12727,12727
12728,18351
12729,12729
12730,12730
12731,12731
12732,12732
12733,21287
12734,17050
12735,10792
12736,24
12737,16580
12738,16508
12739,19986
12740,7483
12741,7483
12742,18363
12743,12743
12744,15398
12745,12745
12746,12746
12747,12746
12748,12748
12749,13680
12750,12750
12751,19599
12752,20689
12753,8033
12754,12754
12755,20328
12756,13778
12757,13778
12758,20043
12759,12759
12760,12760
12761,12761
12762,6869
12763,3311
12764,18199
12765,12765
12766,12765
12767,14935
12768,12842
12769,13443
12770,4199
12771,19351
12772,12772
12773,21276
12774,5963
12775,12775
12776,11393
12777,12777
12778,12778
12779,15650
12780,12780
12781,12781
12782,12782
12783,12197
12784,13563
12785,12855
12786,12786
12787,270
12788,270
12789,12789
12790,12791
12791,12791
12792,14087
12793,20206
12794,9779
12795,9779
12796,12605
12797,15744
12798,20763
12799,20763
12800,13398
12801,10333
12802,15002
12803,3760
12804,15754
12805,11205
12806,11006
12807,12807
12808,9537
12809,17254
12810,16966
12811,14522
12812,12812
12813,12813
12814,10585
12815,12815
12816,12816
12817,12817
12818,12818
12819,12833
12820,7325
12821,12823
12822,12822
12823,12823
12824,12824
12825,12833
12826,20105
12827,15983
12828,12828
12829,12829
12830,12833
12831,12833
12832,12832
12833,12833
12834,12833
12835,14297
12836,12833
12837,12837
12838,12838
12839,12839
12840,12840
12841,9909
12842,12842
12843,12843
12844,19280
12845,17033
12846,12765
12847,10434
12848,11274
12849,21123
12850,10465
12851,11012
12852,3311
12853,604
12854,12854
12855,12855
12856,12855
12857,18040
12858,16508
12859,16508
12860,14522
12861,14522
12862,12862
12863,19494
12864,12864
12865,15358
12866,5104
12867,21005
12868,11304
12869,6248
12870,18788
12871,12871
12872,16597
12873,9681
12874,12874
12875,12874
12876,16620
12877,16569
12878,11827
12879,12879
12880,15350
12881,7253
12882,16050
12883,18940
12884,13332
12885,12653
12886,18812
12887,12887
12888,12888
12889,11446
12890,12890
12891,12890
12892,12892
12893,16418
12894,18149
12895,16215
12896,9035
12897,5483
12898,13238
12899,12899
12900,14508
12901,12117
12902,17092
12903,11211
12904,17026
12905,12905
12906,21112
12907,21112
12908,20201
12909,12909
12910,14335
12911,18548
12912,12912
12913,14504
12914,13457
12915,11415
12916,16473
12917,17224
12918,17224
12919,16473
12920,21094
12921,18788
12922,15832
12923,12923
12924,12924
12925,12925
12926,19297
12927,13131
12928,14586
12929,14586
12930,15202
12931,20650
12932,19436
12933,7284
12934,10434
12935,10434
12936,14783
12937,14798
12938,14343
12939,15034
12940,11867
12941,14260
12942,12942
12943,9653
12944,8530
12945,20179
12946,12946
12947,9591
12948,19969
12949,4644
12950,20116
12951,12951
12952,12952
12953,12954
12954,12954
12955,15188
12956,3467
12957,3467
12958,19166
12959,3123
12960,12960
12961,12961
12962,14504
12963,13680
12964,4814
12965,10807
12966,10807
12967,8923
12968,11956
12969,16501
12970,16620
12971,13579
12972,12972
12973,12972
12974,12974
12975,13680
12976,6379
12977,20201
12978,12978
12979,12979
12980,12979
12981,21123
12982,17581
12983,17581
12984,17581
12985,17581
12986,12986
12987,12987
12988,17581
12989,17581
12990,13323
12991,7923
12992,4165
12993,11860
12994,9579
12995,17224
12996,16212
12997,15751
12998,19605
12999,12477
13000,12682
13001,6184
13002,19635
13003,12786
13004,14184
13005,13005
13006,13006
13007,14173
13008,13008
13009,14173
13010,17010
13011,17010
13012,13012
13013,13013
13014,3311
13015,13579
13016,13018
13017,15197
13018,13018
13019,17608
13020,15115
13021,13021
13022,14110
13023,10272
13024,19470
13025,13025
13026,12855
13027,13246
13028,2220
13029,13029
13030,13559
13031,15146
13032,13032
13033,15156
13034,13876
13035,11827
13036,14260
13037,17267
13038,15436
13039,19929
13040,9262
13041,11742
13042,10963
13043,15795
13044,11157
13045,13046
13046,13046
13047,13047
13048,7107
13049,20425
13050,16664
13051,11010
13052,20270
13053,20270
13054,13054
13055,13055
13056,13056
13057,13057
13058,13058
13059,13059
13060,13061
13061,13061
13062,20948
13063,20948
13064,20948
13065,20948
13066,14115
13067,14161
13068,13068
13069,14501
13070,9557
13071,11985
13072,18745
13073,18319
13074,13851
13075,18288
13076,15149
13077,13077
13078,9321
13079,19214
13080,13563
13081,5668
13082,13082
13083,7932
13084,20687
13085,962
13086,20116
13087,16050
13088,13088
13089,15123
13090,16929
13091,16929
13092,7923
13093,7923
13094,6102
13095,13095
13096,16158
13097,14526
13098,20355
13099,13099
13100,14605
13101,16176
13102,13102
13103,11908
13104,13104
13105,13105
13106,13106
13107,13963
13108,13963
13109,13109
13110,4264
13111,4264
13112,13794
13113,18548
13114,6975
13115,18548
13116,13138
13117,19200
13118,11557
13119,14896
13120,4264
13121,6241
13122,9976
13123,13124
13124,13124
13125,10335
13126,16508
13127,16809
13128,19863
13129,13131
13130,13131
13131,13131
13132,17033
13133,17033
13134,10498
13135,6102
13136,14070
13137,17010
13138,13138
13139,16929
13140,14413
13141,9449
13142,13370
13143,11433
13144,7789
13145,14074
13146,13151
13147,13151
13148,13151
13149,18362
13150,13151
13151,13151
13152,13153
13153,13153
13154,13153
13155,13155
13156,13156
13157,13157
13158,13158
13159,17581
13160,17581
13161,17581
13162,17581
13163,6211
13164,10188
13165,15535
13166,8583
13167,13167
13168,13168
13169,13169
13170,12682
13171,20932
13172,20052
13173,11918
13174,20484
13175,2902
13176,11562
13177,11182
13178,13178
13179,19859
13180,14260
13181,13181
13182,15520
13183,15479
13184,20689
13185,20120
13186,13186
13187,13187
13188,10398
13189,8530
13190,14943
13191,17443
13192,14567
13193,14161
13194,14161
13195,10544
13196,17341
13197,13825
13198,13198
13199,17851
13200,2782
13201,14400
13202,13202
13203,13203
13204,13204
13205,13205
13206,12111
13207,13207
13208,15046
13209,8781
13210,13210
13211,16105
13212,13212
13213,13214
13214,13214
13215,20763
13216,13216
13217,7932
13218,9696
13219,13219
13220,15775
13221,20426
13222,2258
13223,16875
13224,13224
13225,5906
13226,8801
13227,8802
13228,14948
13229,6325
13230,10907
13231,7569
13232,19696
13233,13233
13234,15903
13235,13235
13236,15949
13237,20754
13238,13238
13239,2705
13240,16687
13241,13241
13242,12972
13243,11477
13244,18330
13245,13246
13246,13246
13247,18330
13248,13248
13249,16569
13250,19023
13251,17044
13252,13252
13253,270
13254,20979
13255,11182
13256,11813
13257,9609
13258,20204
13259,11813
13260,11813
13261,13261
13262,14783
13263,604
13264,12697
13265,3760
13266,19181
13267,13267
13268,15535
13269,17164
13270,13270
13271,11520
13272,13649
13273,16105
13274,14029
13275,13275
13276,13276
13277,6287
13278,10908
13279,13279
13280,13280
13281,13281
13282,13282
13283,17081
13284,15581
13285,10434
13286,15085
13287,14082
13288,20355
13289,2192
13290,20996
13291,13825
13292,8923
13293,17099
13294,9332
13295,20209
13296,20884
13297,16907
13298,13298
13299,13299
13300,10293
13301,15573
13302,8530
13303,17998
13304,4257
13305,13305
13306,11955
13307,8677
13308,13308
13309,14178
13310,4630
13311,14567
13312,14567
13313,13313
13314,13314
13315,11361
13316,17395
13317,14532
13318,9537
13319,13319
13320,15515
13321,13321
13322,10860
13323,13323
13324,14565
13325,10329
13326,13326
13327,20869
13328,20934
13329,13611
13330,14100
13331,12197
13332,13332
13333,13333
13334,18942
13335,12642
13336,19986
13337,13337
13338,8328
13339,13341
13340,13341
13341,13341
13342,13341
13343,15431
13344,13537
13345,2859
13346,10880
13347,15635
13348,11984
13349,13788
13350,974
13351,15086
13352,13352
13353,17622
13354,15115
13355,15197
13356,13356
13357,8769
13358,16580
13359,3311
13360,16838
13361,19101
13362,604
13363,604
13364,604
13365,604
13366,604
13367,17998
13368,604
13369,11908
13370,13370
13371,14075
13372,13372
13373,15735
13374,11361
13375,19971
13376,18229
13377,962
13378,15419
13379,13380
13380,13380
13381,10478
13382,16590
13383,13385
13384,15022
13385,13385
13386,11304
13387,13730
13388,13388
13389,13389
13390,6517
13391,13391
13392,13392
13393,9520
13394,20689
13395,14898
13396,15120
13397,15034
13398,13398
13399,14400
13400,13400
13401,13401
13402,17010
13403,13403
13404,13404
13405,14260
13406,16588
13407,17378
13408,13408
13409,13409
13410,13786
13411,19896
13412,15145
13413,11239
13414,19197
13415,15735
13416,15026
13417,13417
13418,19823
13419,20223
13420,14719
13421,9111
13422,11207
13423,13423
13424,17051
13425,12642
13426,19605
13427,12639
13428,16624
13429,13429
13430,17690
13431,9774
13432,15076
13433,15076
13434,16682
13435,3826
13436,962
13437,15535
13438,15841
13439,9044
13440,13440
13441,20178
13442,13442
13443,13443
13444,13444
13445,17659
13446,13446
13447,13446
13448,5963
13449,11587
13450,15004
13451,20355
13452,20355
13453,14586
13454,12890
13455,13455
13456,13455
13457,13457
13458,11396
13459,13459
13460,19573
13461,13461
13462,20464
13463,13463
13464,19091
13465,17026
13466,13466
13467,15902
13468,13468
13469,10293
13470,14430
13471,18818
13472,5975
13473,5975
13474,13474
13475,14036
13476,13476
13477,15902
13478,10147
13479,3141
13480,10963
13481,13481
13482,13482
13483,11206
13484,13484
13485,20786
13486,18149
13487,18149
13488,10343
13489,20464
13490,9520
13491,12772
13492,13560
13493,9520
13494,15145
13495,13046
13496,16140
13497,13497
13498,13499
13499,13499
13500,17957
13501,10197
13502,7597
13503,13503
13504,13504
13505,20763
13506,19359
13507,11427
13508,14920
13509,17090
13510,14148
13511,13511
13512,18485
13513,15319
13514,16580
13515,13963
13516,13516
13517,13517
13518,13517
13519,17882
13520,13520
13521,20117
13522,13522
13523,13523
13524,9653
13525,9607
13526,1426
13527,13527
13528,13528
13529,7923
13530,19102
13531,16414
13532,20069
13533,9279
13534,11557
13535,16018
13536,13536
13537,13537
13538,13538
13539,11449
13540,15573
13541,7000
13542,13542
13543,21005
13544,20206
13545,13545
13546,15644
13547,7669
13548,974
13549,14343
13550,13552
13551,13551
13552,13552
13553,13553
13554,6952
13555,14559
13556,17026
13557,1503
13558,15200
13559,13559
13560,13560
13561,8609
13562,15191
13563,13563
13564,13564
13565,17622
13566,16158
13567,9152
13568,14161
13569,7442
13570,13570
13571,20172
13572,13572
13573,6522
13574,19083
13575,12978
13576,13576
13577,7718
13578,13579
13579,13579
13580,20092
13581,16629
13582,11361
13583,15540
13584,16059
13585,16059
13586,16630
13587,13587
13588,13588
13589,13589
13590,17464
13591,17467
13592,13592
13593,13593
13594,15013
13595,20485
13596,13963
13597,13963
13598,16545
13599,20923
13600,16085
13601,13601
13602,13602
13603,16145
13604,13604
13605,13605
13606,13606
13607,13606
13608,15991
13609,13609
13610,13610
13611,13611
13612,13612
13613,18282
13614,18282
13615,17839
13616,16829
13617,12197
13618,21130
13619,16995
13620,12223
13621,14783
13622,1503
13623,11361
13624,14440
13625,15621
13626,6211
13627,6211
13628,14384
13629,18970
13630,13630
13631,16569
13632,11320
13633,3626
13634,16569
13635,14595
13636,13636
13637,13637
13638,16894
13639,13818
13640,17427
13641,13400
13642,11708
13643,11415
13644,18720
13645,18992
13646,15394
13647,14638
13648,13648
13649,13649
13650,13649
13651,6959
13652,16157
13653,11813
13654,13202
13655,15034
13656,14200
13657,15587
13658,13658
13659,20546
13660,16473
13661,13690
13662,15077
13663,2192
13664,15077
13665,15077
13666,4089
13667,13668
13668,13668
13669,13668
13670,13668
13671,13671
13672,14036
13673,7579
13674,13690
13675,2192
13676,2192
13677,2192
13678,20772
13679,20408
13680,13680
13681,6355
13682,14260
13683,14260
13684,15710
13685,15710
13686,13686
13687,13687
13688,13687
13689,13689
13690,13690
13691,13691
13692,13778
13693,9024
13694,19922
13695,15077
13696,2192
13697,6059
13698,20744
13699,13699
13700,17511
13701,10465
13702,15710
13703,13398
13704,14392
13705,15710
13706,15635
13707,16050
13708,16674
13709,8609
13710,11908
13711,9562
13712,1094
13713,7327
13714,20132
13715,18485
13716,13690
13717,14776
13718,19929
13719,8563
13720,9579
13721,13721
13722,17937
13723,11268
13724,15617
13725,2662
13726,13726
13727,12403
13728,11007
13729,9696
13730,13730
13731,13730
13732,11902
13733,9855
13734,8923
13735,14036
13736,13736
13737,16424
13738,12887
13739,11152
13740,17998
13741,14522
13742,13742
13743,17597
13744,10398
13745,17088
13746,13746
13747,13668
13748,14896
13749,15373
13750,3343
13751,15146
13752,12842
13753,13753
13754,19891
13755,20355
13756,20355
13757,14930
13758,20355
13759,19993
13760,16995
13761,16995
13762,19993
13763,16995
13764,19993
13765,16995
13766,16459
13767,13767
13768,13768
13769,16856
13770,16856
13771,15635
13772,16459
13773,9024
13774,18720
13775,13775
13776,6298
13777,19470
13778,13778
13779,5808
13780,6370
13781,10434
13782,14567
13783,5033
13784,13784
13785,13786
13786,13786
13787,10775
13788,13788
13789,13789
13790,13790
13791,13794
13792,18043
13793,14206
13794,13794
13795,17920
13796,15202
13797,6298
13798,15635
13799,13799
13800,13800
13801,16135
13802,13802
13803,13398
13804,3123
13805,13805
13806,13806
13807,13807
13808,13808
13809,9287
13810,15145
13811,16474
13812,7597
13813,17011
13814,12486
13815,14173
13816,13275
13817,13817
13818,13818
13819,13819
13820,18746
13821,15902
13822,15202
13823,15202
13824,15202
13825,13825
13826,13825
13827,14783
13828,13680
13829,13829
13830,13830
13831,19277
13832,13832
13833,17306
13834,17306
13835,8254
13836,10321
13837,13837
13838,15167
13839,13839
13840,13794
13841,13841
13842,13482
13843,13843
13844,13844
13845,13845
13846,270
13847,20092
13848,16580
13849,15146
13850,12074
13851,13851
13852,12102
13853,12104
13854,12102
13855,13855
13856,18569
13857,13857
13858,13858
13859,13861
13860,13860
13861,13861
13862,13862
13863,14972
13864,11292
13865,14783
13866,13866
13867,18778
13868,10914
13869,9847
13870,10807
13871,19721
13872,13873
13873,13873
13874,13874
13875,13876
13876,13876
13877,6566
13878,19485
13879,12639
13880,16180
13881,13881
13882,14270
13883,14590
13884,13884
13885,13885
13886,13886
13887,13887
13888,19685
13889,16686
13890,20355
13891,14947
13892,11268
13893,6360
13894,19487
13895,15230
13896,20640
13897,10281
13898,13898
13899,17395
13900,13900
13901,20143
13902,13902
13903,17646
13904,16213
13905,12642
13906,17690
13907,13911
13908,13911
13909,13911
13910,18970
13911,13911
13912,14796
13913,13913
13914,15924
13915,16664
13916,13029
13917,15013
13918,13918
13919,15059
13920,13920
13921,13921
13922,13922
13923,14678
13924,15329
13925,7284
13926,15961
13927,15961
13928,13928
13929,17081
13930,7000
13931,3311
13932,13932
13933,13933
13934,13933
13935,20043
13936,18517
13937,18517
13938,18918
13939,20059
13940,20061
13941,20061
13942,18517
13943,18362
13944,19097
13945,13151
13946,13151
13947,3942
13948,17988
13949,11206
13950,14430
13951,14551
13952,20668
13953,20668
13954,21127
13955,9609
13956,4057
13957,16674
13958,15373
13959,18988
13960,13408
13961,19266
13962,13963
13963,13963
13964,14039
13965,14796
13966,15498
13967,14776
13968,16180
13969,16674
13970,16474
13971,16474
13972,13046
13973,13973
13974,13974
13975,18859
13976,5075
13977,6566
13978,11520
13979,13979
13980,21112
13981,13981
13982,15045
13983,17050
13984,19979
13985,10398
13986,15197
13987,17080
13988,13911
13989,16140
13990,18903
13991,13991
13992,16045
13993,21005
13994,15350
13995,9609
13996,13996
13997,13997
13998,14935
13999,12228
14000,14000
14001,14001
14002,14055
14003,16148
14004,20934
14005,17350
14006,8847
14007,12643
14008,14008
14009,20775
14010,12954
14011,10559
14012,18534
14013,14013
14014,14014
14015,14015
14016,16690
14017,20145
14018,14018
14019,9122
14020,14489
14021,14021
14022,14022
14023,20059
14024,15221
14025,15221
14026,270
14027,14028
14028,14028
14029,14029
14030,12318
14031,20713
14032,10398
14033,10398
14034,10398
14035,16273
14036,14036
14037,13794
14038,20934
14039,14039
14040,15024
14041,11723
14042,14387
14043,15241
14044,17974
14045,14045
14046,18021
14047,14047
14048,14422
14049,17317
14050,6211
14051,14991
14052,19188
14053,14488
14054,13352
14055,14055
14056,18865
14057,6351
14058,16994
14059,14059
14060,14060
14061,14061
14062,14062
14063,14063
14064,14064
14065,16569
14066,16588
14067,17420
14068,17420
14069,13109
14070,14070
14071,14071
14072,10182
14073,14073
14074,14074
14075,14075
14076,14076
14077,14077
14078,10890
14079,10890
14080,14080
14081,14081
14082,14082
14083,14083
14084,14084
14085,6360
14086,14086
14087,14087
14088,13963
14089,8033
14090,17394
14091,11636
14092,12206
14093,14093
14094,18363
14095,16929
14096,14096
14097,14097
14098,19494
14099,8858
14100,14100
14101,14977
14102,15249
14103,17033
14104,14304
14105,9287
14106,15146
14107,14107
14108,14489
14109,16455
14110,14110
14111,12197
14112,17103
14113,14113
14114,14114
14115,14115
14116,7932
14117,15650
14118,15735
14119,15034
14120,18956
14121,11292
14122,14122
14123,10335
14124,13537
14125,16973
14126,20043
14127,19929
14128,14128
14129,14129
14130,6379
14131,6764
14132,14132
14133,14133
14134,11963
14135,14135
14136,14136
14137,14137
14138,16140
14139,18319
14140,12639
14141,9262
14142,14142
14143,13680
14144,13481
14145,9262
14146,19280
14147,17531
14148,14148
14149,15775
14150,14150
14151,15775
14152,14152
14153,20713
14154,10398
14155,14156
14156,14156
14157,14157
14158,14158
14159,14159
14160,14161
14161,14161
14162,14335
14163,14206
14164,14164
14165,14165
14166,18320
14167,16170
14168,9263
14169,16066
14170,16066
14171,14376
14172,15735
14173,14173
14174,14174
14175,16603
14176,14176
14177,16603
14178,14178
14179,15206
14180,14180
14181,20763
14182,18545
14183,20763
14184,14184
14185,15337
14186,14757
14187,14187
14188,15057
14189,14189
14190,14190
14191,14191
14192,14192
14193,15337
14194,14757
14195,14196
14196,14196
14197,14197
14198,11274
14199,2782
14200,14200
14201,16104
14202,14202
14203,14203
14204,11346
14205,6434
14206,14206
14207,14207
14208,17617
14209,17273
14210,14567
14211,14211
14212,14192
14213,14213
14214,15167
14215,15329
14216,15336
14217,10861
14218,3826
14219,14219
14220,20943
14221,14221
14222,14222
14223,14223
14224,19210
14225,16973
14226,3068
14227,14567
14228,14392
14229,14229
14230,16620
14231,14719
14232,14232
14233,14376
14234,20497
14235,17882
14236,9152
14237,11943
14238,17386
14239,17342
14240,3601
14241,14241
14242,14241
14243,15149
14244,15149
14245,20425
14246,9188
14247,18002
14248,12978
14249,14249
14250,14250
14251,12643
14252,15751
14253,17937
14254,14254
14255,14255
14256,20772
14257,16907
14258,19635
14259,16973
14260,14260
14261,16177
14262,13372
14263,16177
14264,14264
14265,14265
14266,11449
14267,11449
14268,11449
14269,14269
14270,14270
14271,14270
14272,13482
14273,15024
14274,19280
14275,14275
14276,12765
14277,14260
14278,15019
14279,14279
14280,14280
14281,12818
14282,14264
14283,14297
14284,14287
14285,14292
14286,14287
14287,14287
14288,14287
14289,20525
14290,12828
14291,14297
14292,14292
14293,14297
14294,20525
14295,14287
14296,14297
14297,14297
14298,7325
14299,14297
14300,14301
14301,14301
14302,14302
14303,20161
14304,14304
14305,20525
14306,12818
14307,14302
14308,20525
14309,14302
14310,14302
14311,12833
14312,14297
14313,14313
14314,14314
14315,14315
14316,14315
14317,14317
14318,14318
14319,14776
14320,14320
14321,14315
14322,14322
14323,14323
14324,15940
14325,21084
14326,14326
14327,14328
14328,14328
14329,15931
14330,14330
14331,18711
14332,10893
14333,18362
14334,18262
14335,14335
14336,14336
14337,14337
14338,3141
14339,20355
14340,14340
14341,20130
14342,14342
14343,14343
14344,16707
14345,15622
14346,4100
14347,18122
14348,14349
14349,14349
14350,14350
14351,15751
14352,14840
14353,7564
14354,14354
14355,14355
14356,17851
14357,20355
14358,14358
14359,14359
14360,3942
14361,2782
14362,14362
14363,19704
14364,12477
14365,8623
14366,16429
14367,11908
14368,17646
14369,16047
14370,20480
14371,20543
14372,14846
14373,11827
14374,15200
14375,12972
14376,14376
14377,14377
14378,15940
14379,14379
14380,12765
14381,15635
14382,14382
14383,7160
14384,14384
14385,20916
14386,20916
14387,14387
14388,18720
14389,14389
14390,14173
14391,21123
14392,14392
14393,14393
14394,14565
14395,17244
14396,3626
14397,16140
14398,14398
14399,17338
14400,14400
14401,19716
14402,15119
14403,14403
14404,14403
14405,18720
14406,6522
14407,19266
14408,13391
14409,14409
14410,18984
14411,14411
14412,12679
14413,14413
14414,14414
14415,14415
14416,8801
14417,14417
14418,13680
14419,18720
14420,10157
14421,14421
14422,14422
14423,15280
14424,11955
14425,14426
14426,14426
14427,14426
14428,14428
14429,14429
14430,14430
14431,14431
14432,19494
14433,3760
14434,14196
14435,15540
14436,17091
14437,10281
14438,11268
14439,14440
14440,14440
14441,2782
14442,14755
14443,19214
14444,14444
14445,14445
14446,14446
14447,14447
14448,14448
14449,14449
14450,14450
14451,14451
14452,11301
14453,14429
14454,13444
14455,17382
14456,14456
14457,14457
14458,14458
14459,14431
14460,16439
14461,14461
14462,14462
14463,14463
14464,270
14465,974
14466,19904
14467,13400
14468,16140
14469,12083
14470,15650
14471,10831
14472,14384
14473,14473
14474,14474
14475,17010
14476,19883
14477,15119
14478,19401
14479,14479
14480,14480
14481,14481
14482,14513
14483,14483
14484,15416
14485,14485
14486,14486
14487,14487
14488,14488
14489,14489
14490,11735
14491,14491
14492,14493
14493,14493
14494,14055
14495,14495
14496,14493
14497,14497
14498,12642
14499,17608
14500,14500
14501,14501
14502,14502
14503,14504
14504,14504
14505,19244
14506,13481
14507,14507
14508,14508
14509,14161
14510,16569
14511,11477
14512,14512
14513,14513
14514,18545
14515,16623
14516,9496
14517,14517
14518,14518
14519,14519
14520,14343
14521,14521
14522,14522
14523,10928
14524,9948
14525,14526
14526,14526
14527,14867
14528,17553
14529,14529
14530,17708
14531,15841
14532,14532
14533,14532
14534,4552
14535,4552
14536,4552
14537,12083
14538,16105
14539,17869
14540,9441
14541,14541
14542,14542
14543,15086
14544,19905
14545,16879
14546,16879
14547,14547
14548,15194
14549,14551
14550,14551
14551,14551
14552,14719
14553,14440
14554,9263
14555,9263
14556,12986
14557,15246
14558,5134
14559,14559
14560,8141
14561,14342
14562,14562
14563,17608
14564,14565
14565,14565
14566,14566
14567,14567
14568,17920
14569,14569
14570,7136
14571,15146
14572,10807
14573,15373
14574,19063
14575,19063
14576,19063
14577,14577
14578,14578
14579,13559
14580,14161
14581,14581
14582,15253
14583,15022
14584,14585
14585,14585
14586,14586
14587,16856
14588,14588
14589,12909
14590,14590
14591,13046
14592,11149
14593,13511
14594,14301
14595,14595
14596,19211
14597,17050
14598,17318
14599,15027
14600,16570
14601,15474
14602,14265
14603,14603
14604,15404
14605,14605
14606,6975
14607,14607
14608,14608
14609,14609
14610,3826
14611,8923
14612,14612
14613,14613
14614,15034
14615,9520
14616,19436
14617,19878
14618,12215
14619,17405
14620,17405
14621,14621
14622,13341
14623,14623
14624,17011
14625,11867
14626,11867
14627,20130
14628,14628
14629,14629
14630,17058
14631,10908
14632,15635
14633,14633
14634,14634
14635,3644
14636,14485
14637,14638
14638,14638
14639,12732
14640,16973
14641,16973
14642,9284
14643,13068
14644,16567
14645,14926
14646,8788
14647,5454
14648,20110
14649,14783
14650,11361
14651,14651
14652,15102
14653,15693
14654,16424
14655,16907
14656,16973
14657,14657
14658,11361
14659,19055
14660,14376
14661,14376
14662,12732
14663,19851
14664,15431
14665,4264
14666,17950
14667,16973
14668,14668
14669,14669
14670,16106
14671,14087
14672,21137
14673,15751
14674,15598
14675,17979
14676,13527
14677,15013
14678,14678
14679,14679
14680,14680
14681,14681
14682,14682
14683,14683
14684,14684
14685,15330
14686,14686
14687,21130
14688,15299
14689,14376
14690,15299
14691,9284
14692,15693
14693,16424
14694,15194
14695,13844
14696,20177
14697,14697
14698,15024
14699,13248
14700,7883
14701,15479
14702,17034
14703,19481
14704,14704
14705,15523
14706,16591
14707,14522
14708,14522
14709,10434
14710,20497
14711,20497
14712,18030
14713,14713
14714,13844
14715,13844
14716,13844
14717,20988
14718,14754
14719,14719
14720,12296
14721,20534
14722,12318
14723,16455
14724,11361
14725,14725
14726,14726
14727,16075
14728,18342
14729,14729
14730,14730
14731,7532
14732,18013
14733,16092
14734,14734
14735,13326
14736,12158
14737,12158
14738,12158
14739,15650
14740,16217
14741,15149
14742,13481
14743,21130
14744,14744
14745,16857
14746,14746
14747,15775
14748,11361
14749,14749
14750,14750
14751,14751
14752,14752
14753,14753
14754,14754
14755,14755
14756,15336
14757,14757
14758,14759
14759,14759
14760,3307
14761,17059
14762,14762
14763,14926
14764,14764
14765,14764
14766,14767
14767,14767
14768,12946
14769,17331
14770,17102
14771,12324
14772,15693
14773,10281
14774,4150
14775,19451
14776,14776
14777,20948
14778,16856
14779,18014
14780,19071
14781,16707
14782,16455
14783,14783
14784,11562
14785,20451
14786,14786
14787,18491
14788,14788
14789,14488
14790,9262
14791,14791
14792,14792
14793,17368
14794,17233
14795,20145
14796,14796
14797,18391
14798,14798
14799,13124
14800,15751
14801,14801
14802,21127
14803,13579
14804,18324
14805,10807
14806,14806
14807,10111
14808,14808
14809,14809
14810,11636
14811,18013
14812,14812
14813,17705
14814,14814
14815,9575
14816,14816
14817,14817
14818,14818
14819,14819
14820,14820
14821,14821
14822,16455
14823,15416
14824,14824
14825,14825
14826,14827
14827,14827
14828,16075
14829,14829
14830,14830
14831,7569
14832,14947
14833,9609
14834,14834
14835,18324
14836,15693
14837,14837
14838,15824
14839,15824
14840,14840
14841,19605
14842,10807
14843,15062
14844,14844
14845,12031
14846,14846
14847,11808
14848,10914
14849,13326
14850,14850
14851,14851
14852,16906
14853,16906
14854,10398
14855,15751
14856,15086
14857,15086
14858,1503
14859,19085
14860,14860
14861,19605
14862,16453
14863,14863
14864,16894
14865,8923
14866,18225
14867,14867
14868,14868
14869,14409
14870,14870
14871,9537
14872,20092
14873,14873
14874,17988
14875,15373
14876,14387
14877,21158
14878,14878
14879,17425
14880,14880
14881,17708
14882,7883
14883,14457
14884,9287
14885,14885
14886,8659
14887,9520
14888,20689
14889,14889
14890,15167
14891,15416
14892,19063
14893,19684
14894,14894
14895,16929
14896,14896
14897,14897
14898,14898
14899,14899
14900,7483
14901,14901
14902,13046
14903,14903
14904,14551
14905,10398
14906,10398
14907,10398
14908,9913
14909,15062
14910,14910
14911,14911
14912,8677
14913,16579
14914,14935
14915,14915
14916,16122
14917,11357
14918,14918
14919,15330
14920,14920
14921,14921
14922,20043
14923,14860
14924,16958
14925,14926
14926,14926
14927,14927
14928,20178
14929,14929
14930,14930
14931,15022
14932,14932
14933,14933
14934,10398
14935,14935
14936,14936
14937,14937
14938,14938
14939,17373
14940,14940
14941,20206
14942,13248
14943,14943
14944,20174
14945,11955
14946,14946
14947,14947
14948,14948
14949,19156
14950,14355
14951,6298
14952,17373
14953,14270
14954,20934
14955,17738
14956,14956
14957,16095
14958,16176
14959,21216
14960,6475
14961,8633
14962,8748
14963,2351
14964,14964
14965,8923
14966,18750
14967,16620
14968,14968
14969,15329
14970,14971
14971,14971
14972,14972
14973,15219
14974,17001
14975,9287
14976,6102
14977,14977
14978,16508
14979,14055
14980,17937
14981,17159
14982,17159
14983,16473
14984,14984
14985,10507
14986,16075
14987,17713
14988,15935
14989,10498
14990,14991
14991,14991
14992,14992
14993,16687
14994,14994
14995,11361
14996,14996
14997,14997
14998,19280
14999,14999
15000,17405
15001,21008
15002,15002
15003,15003
15004,15004
15005,15004
15006,16501
15007,9557
15008,16879
15009,20918
15010,8493
15011,15011
15012,15380
15013,15013
15014,15014
15015,17838
15016,11427
15017,17341
15018,15018
15019,15019
15020,4165
15021,12807
15022,15022
15023,17860
15024,15024
15025,15025
15026,15026
15027,15027
15028,15028
15029,15028
15030,14567
15031,17410
15032,18284
15033,17882
15034,15034
15035,15035
15036,15046
15037,13219
15038,15038
15039,16927
15040,14776
15041,8847
15042,9653
15043,15043
15044,15044
15045,15045
15046,15046
15047,17368
15048,10685
15049,16600
15050,15050
15051,15051
15052,15052
15053,15053
15054,4199
15055,4199
15056,17646
15057,15057
15058,15058
15059,15059
15060,15060
15061,13922
15062,15062
15063,15063
15064,15064
15065,15064
15066,14161
15067,15067
15068,15068
15069,15034
15070,15070
15071,15071
15072,15072
15073,15073
15074,17581
15075,7617
15076,15076
15077,15077
15078,15078
15079,19210
15080,11361
15081,15081
15082,20132
15083,15083
15084,15084
15085,15085
15086,15086
15087,13564
15088,20451
15089,15777
15090,20451
15091,7932
15092,15092
15093,15093
15094,15094
15095,11765
15096,10585
15097,15097
15098,15098
15099,8607
15100,15062
15101,14458
15102,15102
15103,9450
15104,15104
15105,21240
15106,15106
15107,15107
15108,15108
15109,3031
15110,17851
15111,15111
15112,1094
15113,15113
15114,15115
15115,15115
15116,17394
15117,17638
15118,4552
15119,15119
15120,15120
15121,17338
15122,1426
15123,15123
15124,15581
15125,17244
15126,16941
15127,4932
15128,15128
15129,15129
15130,15130
15131,15131
15132,13579
15133,15336
15134,16957
15135,14521
15136,14521
15137,16995
15138,20052
15139,8847
15140,13061
15141,13061
15142,13537
15143,15143
15144,15146
15145,15145
15146,15146
15147,14457
15148,17410
15149,15149
15150,17244
15151,20984
15152,12538
15153,12765
15154,15154
15155,15155
15156,15156
15157,15157
15158,15158
15159,15253
15160,15206
15161,15485
15162,15162
15163,21001
15164,19694
15165,15933
15166,14192
15167,15167
15168,15336
15169,16569
15170,16455
15171,8659
15172,15172
15173,16560
15174,15174
15175,17050
15176,15176
15177,13018
15178,15986
15179,17395
15180,7000
15181,14148
15182,16373
15183,15183
15184,20934
15185,5975
15186,15186
15187,13279
15188,15188
15189,15189
15190,15190
15191,15191
15192,15192
15193,15193
15194,15194
15195,15195
15196,15196
15197,15197
15198,15197
15199,15221
15200,15200
15201,15201
15202,15202
15203,9638
15204,18794
15205,15205
15206,15206
15207,12887
15208,10103
15209,12306
15210,12306
15211,15232
15212,13523
15213,19211
15214,19479
15215,16018
15216,10605
15217,16120
15218,15221
15219,15219
15220,15221
15221,15221
15222,6287
15223,21287
15224,13807
15225,20668
15226,16224
15227,20884
15228,15702
15229,16018
15230,15230
15231,18794
15232,15232
15233,19479
15234,19840
15235,16018
15236,3334
15237,17244
15238,14275
15239,10390
15240,18622
15241,15241
15242,16018
15243,17086
15244,15929
15245,15086
15246,15246
15247,15681
15248,15587
15249,15249
15250,15250
15251,14430
15252,16178
15253,15253
15254,9879
15255,12691
15256,15940
15257,15257
15258,15258
15259,15829
15260,15829
15261,17493
15262,15038
15263,15263
15264,17408
15265,14176
15266,423
15267,15267
15268,15268
15269,15681
15270,18984
15271,18984
15272,15272
15273,18289
15274,5021
15275,15275
15276,11813
15277,15277
15278,11986
15279,14776
15280,15280
15281,18326
15282,6966
15283,4398
15284,15829
15285,17207
15286,15286
15287,6306
15288,15288
15289,15289
15290,15290
15291,15291
15292,15292
15293,5808
15294,11636
15295,17345
15296,15296
15297,6434
15298,6454
15299,15299
15300,10434
15301,15301
15302,1094
15303,15019
15304,18942
15305,15305
15306,16018
15307,15307
15308,15064
15309,16931
15310,13680
15311,19188
15312,15312
15313,15312
15314,20605
15315,2782
15316,6522
15317,5282
15318,15319
15319,15319
15320,20484
15321,10958
15322,19605
15323,12590
15324,16497
15325,7492
15326,15326
15327,14551
15328,17997
15329,15329
15330,15330
15331,15331
15332,14759
15333,15333
15334,15334
15335,15335
15336,15336
15337,15337
15338,17708
15339,15650
15340,3495
15341,15341
15342,19634
15343,15343
15344,19974
15345,16634
15346,13158
15347,18746
15348,20543
15349,15350
15350,15350
15351,15351
15352,17888
15353,11859
15354,18522
15355,15356
15356,15356
15357,10398
15358,15358
15359,20625
15360,20744
15361,15361
15362,15362
15363,12324
15364,14783
15365,15373
15366,15366
15367,16182
15368,15829
15369,15369
15370,5033
15371,14567
15372,15372
15373,15373
15374,10648
15375,17713
15376,18011
15377,15377
15378,15378
15379,15379
15380,15380
15381,17708
15382,18513
15383,9879
15384,9879
15385,15385
15386,15386
15387,15387
15388,17349
15389,15389
15390,15390
15391,15390
15392,16597
15393,15394
15394,15394
15395,15395
15396,2274
15397,3087
15398,15398
15399,15399
15400,15400
15401,8718
15402,15402
15403,15403
15404,15404
15405,19092
15406,14878
15407,18325
15408,12772
15409,5605
15410,16706
15411,16153
15412,21289
15413,15413
15414,17405
15415,14483
15416,15416
15417,15417
15418,15418
15419,15419
15420,15420
15421,17708
15422,15422
15423,15423
15424,15424
15425,17349
15426,17349
15427,15427
15428,15428
15429,19863
15430,20464
15431,15431
15432,15432
15433,8718
15434,7445
15435,15435
15436,15436
15437,18738
15438,15438
15439,12833
15440,14292
15441,9258
15442,15693
15443,15443
15444,15444
15445,16373
15446,14518
15447,16172
15448,7000
15449,7000
15450,19413
15451,16569
15452,19278
15453,15453
15454,18940
15455,18570
15456,15456
15457,15456
15458,15458
15459,10398
15460,15460
15461,15461
15462,15157
15463,17705
15464,17705
15465,15465
15466,2902
15467,16569
15468,15479
15469,15479
15470,14567
15471,974
15472,13560
15473,20177
15474,15474
15475,18865
15476,12750
15477,15479
15478,4589
15479,15479
15480,8769
15481,21123
15482,17531
15483,18778
15484,20178
15485,15485
15486,5975
15487,15436
15488,14526
15489,11769
15490,11636
15491,6325
15492,12102
15493,20174
15494,16214
15495,15495
15496,15496
15497,17618
15498,15498
15499,3535
15500,20355
15501,19092
15502,14878
15503,18325
15504,14878
15505,19092
15506,14878
15507,20779
15508,13298
15509,15509
15510,16569
15511,15511
15512,15272
15513,15272
15514,15748
15515,15515
15516,15516
15517,11077
15518,18319
15519,9031
15520,15520
15521,15521
15522,19344
15523,15523
15524,17425
15525,17425
15526,15123
15527,19214
15528,18874
15529,15529
15530,15530
15531,15531
15532,15532
15533,15533
15534,15534
15535,15535
15536,17103
15537,20710
15538,20884
15539,15540
15540,15540
15541,15541
15542,18252
15543,3725
15544,9514
15545,17156
15546,9416
15547,14938
15548,14938
15549,14938
15550,14938
15551,10287
15552,15552
15553,15553
15554,15554
15555,15555
15556,15556
15557,9520
15558,16694
15559,8718
15560,8718
15561,18326
15562,15562
15563,15563
15564,15540
15565,18326
15566,15566
15567,7932
15568,15568
15569,15829
15570,7107
15571,7365
15572,15572
15573,15573
15574,15574
15575,15575
15576,19816
15577,16140
15578,21100
15579,14430
15580,10958
15581,15581
15582,17646
15583,16630
15584,18778
15585,15585
15586,15587
15587,15587
15588,15588
15589,15829
15590,15829
15591,14938
15592,15592
15593,15593
15594,15594
15595,15595
15596,15596
15597,16213
15598,15598
15599,14783
15600,1905
15601,15601
15602,14495
15603,15605
15604,15604
15605,15605
15606,15606
15607,17643
15608,15841
15609,21289
15610,15610
15611,15611
15612,20223
15613,3495
15614,7252
15615,3141
15616,17244
15617,15617
15618,15618
15619,15619
15620,16569
15621,15621
15622,15622
15623,15623
15624,15624
15625,15625
15626,15626
15627,2782
15628,15628
15629,17650
15630,9188
15631,17618
15632,17618
15633,14440
15634,10928
15635,15635
15636,13319
15637,16537
15638,15156
15639,18988
15640,13319
15641,17930
15642,16707
15643,15034
15644,15644
15645,18711
15646,19885
15647,19885
15648,15622
15649,16591
15650,15650
15651,15651
15652,15652
15653,15653
15654,16148
15655,19087
15656,13319
15657,15841
15658,2343
15659,20143
15660,11149
15661,15661
15662,11918
15663,15663
15664,19211
15665,15665
15666,12972
15667,13563
15668,17646
15669,15669
15670,15670
15671,15671
15672,21282
15673,16182
15674,20432
15675,15675
15676,15676
15677,15677
15678,15678
15679,15679
15680,18865
15681,15681
15682,15682
15683,16687
15684,17420
15685,15123
15686,19273
15687,17389
15688,15688
15689,15688
15690,15373
15691,16018
15692,20534
15693,15693
15694,15694
15695,14809
15696,3491
15697,15697
15698,20884
15699,20689
15700,15700
15701,15701
15702,15702
15703,16569
15704,6325
15705,15705
15706,15706
15707,20884
15708,15708
15709,15709
15710,15710
15711,15711
15712,9258
15713,15713
15714,19210
15715,13151
15716,3054
15717,17958
15718,4101
15719,13637
15720,17244
15721,18379
15722,16066
15723,15723
15724,16180
15725,15725
15726,15961
15727,18325
15728,15651
15729,15688
15730,18325
15731,17264
15732,17227
15733,16214
15734,15734
15735,15735
15736,15737
15737,15737
15738,15738
15739,15739
15740,10648
15741,19451
15742,19451
15743,15743
15744,15744
15745,15745
15746,15746
15747,15747
15748,15748
15749,20143
15750,16570
15751,15751
15752,10498
15753,17981
15754,15754
15755,14061
15756,16092
15757,15829
15758,15829
15759,15829
15760,15829
15761,16092
15762,16092
15763,19772
15764,12781
15765,12781
15766,17979
15767,15123
15768,15369
15769,15369
15770,17531
15771,18363
15772,15843
15773,15773
15774,15775
15775,15775
15776,15776
15777,15777
15778,20451
15779,12171
15780,15780
15781,15781
15782,12624
15783,12624
15784,15460
15785,17979
15786,15786
15787,16182
15788,16182
15789,16516
15790,16516
15791,10441
15792,16516
15793,16516
15794,17076
15795,15795
15796,16706
15797,10441
15798,11699
15799,15050
15800,6059
15801,10441
15802,15802
15803,15250
15804,18686
15805,9449
15806,17927
15807,18034
15808,20145
15809,19979
15810,13021
15811,20328
15812,13730
15813,16092
15814,19242
15815,19242
15816,16365
15817,15817
15818,19450
15819,16758
15820,15820
15821,15821
15822,15431
15823,15431
15824,15824
15825,16516
15826,16050
15827,13730
15828,14938
15829,15829
15830,20025
15831,20145
15832,15832
15833,15498
15834,16101
15835,16095
15836,18983
15837,14930
15838,10544
15839,16537
15840,17955
15841,15841
15842,15842
15843,15843
15844,15829
15845,15829
15846,20145
15847,17259
15848,14440
15849,12102
15850,16092
15851,4015
15852,21000
15853,9579
15854,9579
15855,17076
15856,20145
15857,20445
15858,16480
15859,16630
15860,16630
15861,16630
15862,15956
15863,15863
15864,12111
15865,15865
15866,20355
15867,15829
15868,18325
15869,12111
15870,15870
15871,15734
15872,17747
15873,15829
15874,15829
15875,15829
15876,14202
15877,11017
15878,7483
15879,7483
15880,13270
15881,15881
15882,15829
15883,15829
15884,10831
15885,14304
15886,14429
15887,16172
15888,15888
15889,15889
15890,15890
15891,15891
15892,15892
15893,18918
15894,20059
15895,17420
15896,12111
15897,16135
15898,20948
15899,13061
15900,12905
15901,19405
15902,15902
15903,15903
15904,7039
15905,15905
15906,16140
15907,11769
15908,21287
15909,15909
15910,10281
15911,20744
15912,14943
15913,13721
15914,16856
15915,15915
15916,15916
15917,16994
15918,16994
15919,16994
15920,18846
15921,11918
15922,18846
15923,18034
15924,15924
15925,11918
15926,19451
15927,11274
15928,21123
15929,15929
15930,15930
15931,15931
15932,19993
15933,15933
15934,17739
15935,15935
15936,15936
15937,15937
15938,15938
15939,15084
15940,15940
15941,14265
15942,7445
15943,14947
15944,15829
15945,12974
15946,16025
15947,18149
15948,15829
15949,15949
15950,15950
15951,15951
15952,18354
15953,15953
15954,15955
15955,15955
15956,15956
15957,16516
15958,15958
15959,15959
15960,20934
15961,15961
15962,20145
15963,16480
15964,17341
15965,10872
15966,16809
15967,18235
15968,16809
15969,18319
15970,18235
15971,9416
15972,21076
15973,15973
15974,15974
15975,15595
15976,17863
15977,18940
15978,15978
15979,15509
15980,3491
15981,17565
15982,17103
15983,15983
15984,4532
15985,19297
15986,15986
15987,19188
15988,18235
15989,14863
15990,17861
15991,15991
15992,19003
15993,14055
15994,15994
15995,13319
15996,3341
15997,15997
15998,17207
15999,15999
16000,17592
16001,20145
16002,16002
16003,19406
16004,16004
16005,16005
16006,16006
16007,13319
16008,20043
16009,18325
16010,17607
16011,16623
16012,8109
16013,16013
16014,16014
16015,16015
16016,16016
16017,16630
16018,16018
16019,11205
16020,16140
16021,16021
16022,16025
16023,16025
16024,16024
16025,16025
16026,13778
16027,12782
16028,13537
16029,16140
16030,16140
16031,14938
16032,16425
16033,16169
16034,16035
16035,16035
16036,16096
16037,18980
16038,16096
16039,16039
16040,16040
16041,16041
16042,16042
16043,16043
16044,16569
16045,16045
16046,15973
16047,16047
16048,16048
16049,17026
16050,16050
16051,16051
16052,5729
16053,19929
16054,18235
16055,18319
16056,16140
16057,20589
16058,16140
16059,16059
16060,15485
16061,13319
16062,18013
16063,19211
16064,16064
16065,18021
16066,16066
16067,16067
16068,19904
16069,16069
16070,18325
16071,21277
16072,19405
16073,9909
16074,16074
16075,16075
16076,17044
16077,11237
16078,15206
16079,5781
16080,16080
16081,16629
16082,18603
16083,16083
16084,16084
16085,16085
16086,16086
16087,12534
16088,19156
16089,7564
16090,16090
16091,20040
16092,16092
16093,16140
16094,21005
16095,16095
16096,16096
16097,15004
16098,17937
16099,20025
16100,16100
16101,16101
16102,16102
16103,18357
16104,16104
16105,16105
16106,16106
16107,16108
16108,16108
16109,16109
16110,19065
16111,14767
16112,16112
16113,16113
16114,16114
16115,15829
16116,16116
16117,16117
16118,19951
16119,16119
16120,16120
16121,14816
16122,16122
16123,18325
16124,17013
16125,16125
16126,16126
16127,16127
16128,20385
16129,16129
16130,18984
16131,20934
16132,10343
16133,16133
16134,16134
16135,16135
16136,16140
16137,16137
16138,13913
16139,16139
16140,16140
16141,18319
16142,17722
16143,15431
16144,16144
16145,16145
16146,9909
16147,15955
16148,16148
16149,18259
16150,16150
16151,7617
16152,18745
16153,16153
16154,18686
16155,16537
16156,3491
16157,16157
16158,16158
16159,19697
16160,11274
16161,16161
16162,20744
16163,16295
16164,16164
16165,16165
16166,16166
16167,16167
16168,16168
16169,16169
16170,16170
16171,16171
16172,16172
16173,19087
16174,16325
16175,16365
16176,16176
16177,16177
16178,16178
16179,14935
16180,16180
16181,16182
16182,16182
16183,16637
16184,16523
16185,7522
16186,19401
16187,18603
16188,20040
16189,18603
16190,9847
16191,20040
16192,20040
16193,19931
16194,16194
16195,16195
16196,15651
16197,16197
16198,17618
16199,16200
16200,16200
16201,16201
16202,9579
16203,16140
16204,16697
16205,16205
16206,16206
16207,16206
16208,16208
16209,16295
16210,12890
16211,16211
16212,16212
16213,16213
16214,16214
16215,16215
16216,14206
16217,16217
16218,16218
16219,7720
16220,16220
16221,14846
16222,17464
16223,16224
16224,16224
16225,19188
16226,16226
16227,19772
16228,18277
16229,17425
16230,16230
16231,17425
16232,17033
16233,16784
16234,16958
16235,19003
16236,9035
16237,17979
16238,19107
16239,17010
16240,7761
16241,15697
16242,18256
16243,12923
16244,12923
16245,17034
16246,17100
16247,14336
16248,16629
16249,19979
16250,11237
16251,17374
16252,4255
16253,4255
16254,16784
16255,8526
16256,19975
16257,5729
16258,4255
16259,9035
16260,4255
16261,20099
16262,16784
16263,16021
16264,10538
16265,15697
16266,20769
16267,20769
16268,14173
16269,18124
16270,11918
16271,16271
16272,13238
16273,16273
16274,16477
16275,18998
16276,21287
16277,16140
16278,16570
16279,17618
16280,16280
16281,17393
16282,17420
16283,16283
16284,17088
16285,15221
16286,15026
16287,17033
16288,17033
16289,13400
16290,18357
16291,17361
16292,16838
16293,12697
16294,17059
16295,16295
16296,4255
16297,16508
16298,17550
16299,16365
16300,16300
16301,19671
16302,16570
16303,15194
16304,20118
16305,16706
16306,12005
16307,16307
16308,17373
16309,16309
16310,16310
16311,16311
16312,16312
16313,16313
16314,20172
16315,19671
16316,9035
16317,16325
16318,15973
16319,9960
16320,17377
16321,17033
16322,20355
16323,19863
16324,10281
16325,16325
16326,423
16327,17076
16328,17034
16329,20113
16330,17051
16331,17863
16332,17033
16333,16418
16334,16334
16335,16599
16336,19979
16337,19979
16338,19979
16339,19979
16340,20765
16341,19979
16342,19979
16343,16599
16344,19979
16345,19979
16346,19979
16347,20113
16348,17383
16349,16349
16350,12002
16351,19979
16352,19979
16353,19979
16354,15938
16355,9464
16356,16623
16357,16623
16358,15650
16359,16629
16360,19951
16361,7284
16362,16365
16363,19242
16364,16365
16365,16365
16366,16365
16367,21005
16368,10365
16369,19043
16370,19058
16371,5522
16372,12946
16373,16373
16374,16373
16375,16375
16376,15735
16377,17233
16378,17233
16379,19599
16380,19200
16381,11827
16382,12146
16383,17937
16384,17592
16385,15062
16386,14994
16387,17001
16388,16784
16389,15077
16390,3826
16391,10188
16392,13459
16393,16393
16394,17345
16395,17373
16396,17026
16397,16523
16398,17276
16399,16523
16400,16400
16401,16629
16402,20145
16403,16059
16404,12750
16405,16300
16406,18684
16407,17345
16408,20425
16409,10872
16410,17968
16411,15737
16412,13503
16413,19065
16414,16414
16415,19934
16416,16140
16417,16140
16418,16418
16419,17365
16420,16420
16421,16421
16422,16422
16423,17033
16424,16424
16425,16425
16426,19859
16427,11274
16428,11274
16429,16429
16430,19358
16431,19990
16432,17785
16433,17080
16434,16434
16435,16435
16436,16436
16437,16569
16438,19670
16439,16439
16440,16439
16441,18956
16442,19721
16443,19721
16444,7107
16445,20765
16446,20196
16447,19979
16448,19979
16449,10465
16450,20779
16451,17394
16452,15734
16453,16453
16454,17383
16455,16455
16456,16456
16457,19470
16458,16458
16459,16459
16460,16474
16461,16461
16462,17955
16463,16463
16464,16464
16465,16465
16466,16465
16467,20116
16468,17028
16469,13898
16470,20040
16471,14846
16472,17970
16473,16473
16474,16474
16475,15146
16476,16599
16477,16477
16478,9561
16479,11396
16480,16480
16481,18603
16482,15735
16483,8189
16484,17034
16485,15933
16486,16569
16487,16929
16488,12102
16489,14898
16490,19245
16491,16491
16492,19823
16493,12837
16494,21008
16495,6147
16496,19451
16497,16497
16498,18325
16499,18325
16500,18325
16501,16501
16502,13238
16503,5522
16504,5522
16505,17365
16506,16506
16507,7825
16508,16508
16509,17618
16510,16004
16511,13124
16512,20765
16513,19979
16514,19823
16515,19823
16516,16516
16517,19085
16518,19840
16519,16637
16520,16637
16521,16523
16522,18778
16523,16523
16524,21116
16525,9653
16526,5021
16527,13131
16528,3341
16529,19979
16530,9063
16531,19200
16532,14581
16533,18956
16534,19878
16535,15038
16536,20765
16537,16537
16538,14542
16539,15145
16540,19188
16541,10872
16542,10872
16543,16543
16544,16544
16545,16545
16546,16546
16547,16547
16548,16548
16549,16549
16550,18235
16551,16829
16552,16552
16553,16553
16554,7780
16555,20355
16556,16629
16557,16557
16558,16558
16559,19296
16560,16560
16561,16569
16562,19816
16563,19951
16564,17443
16565,20107
16566,20884
16567,16567
16568,16568
16569,16569
16570,16570
16571,17261
16572,21000
16573,11960
16574,10811
16575,16575
16576,17928
16577,19270
16578,12486
16579,16579
16580,16580
16581,10287
16582,15404
16583,16583
16584,16995
16585,20763
16586,14342
16587,16629
16588,16588
16589,11918
16590,16590
16591,16591
16592,15949
16593,19979
16594,20778
16595,3123
16596,16596
16597,16597
16598,16599
16599,16599
16600,16600
16601,19605
16602,16603
16603,16603
16604,16122
16605,8627
16606,15933
16607,16607
16608,10544
16609,9779
16610,16180
16611,16611
16612,16612
16613,16613
16614,16614
16615,16615
16616,20884
16617,20884
16618,20884
16619,16619
16620,16620
16621,4257
16622,16622
16623,16623
16624,16624
16625,21130
16626,8801
16627,16627
16628,19816
16629,16629
16630,16630
16631,16631
16632,19431
16633,17937
16634,16634
16635,2343
16636,8068
16637,16637
16638,20642
16639,19297
16640,19451
16641,16931
16642,16642
16643,16643
16644,20059
16645,16645
16646,18745
16647,16647
16648,18548
16649,16649
16650,17832
16651,16651
16652,8254
16653,6379
16654,6966
16655,16655
16656,17443
16657,16657
16658,10544
16659,17443
16660,19840
16661,17861
16662,17970
16663,19076
16664,16664
16665,19671
16666,16607
16667,20652
16668,16668
16669,16669
16670,20778
16671,20987
16672,20987
16673,16673
16674,16674
16675,16674
16676,13928
16677,15651
16678,17003
16679,16679
16680,11608
16681,16681
16682,16682
16683,16683
16684,16684
16685,16685
16686,16686
16687,16687
16688,16688
16689,16689
16690,16690
16691,13238
16692,13238
16693,16693
16694,16694
16695,18794
16696,16696
16697,16697
16698,20716
16699,16929
16700,16700
16701,18114
16702,15924
16703,19297
16704,11361
16705,16705
16706,16706
16707,16707
16708,12531
16709,16709
16710,9960
16711,19358
16712,20663
16713,19358
16714,20005
16715,16715
16716,16716
16717,17033
16718,10648
16719,13559
16720,16200
16721,16721
16722,18720
16723,18720
16724,18720
16725,17404
16726,17147
16727,17851
16728,17981
16729,2343
16730,16730
16731,15601
16732,16732
16733,17404
16734,6596
16735,11201
16736,20484
16737,10811
16738,10538
16739,19278
16740,13417
16741,18684
16742,15194
16743,4015
16744,11879
16745,15077
16746,16599
16747,20196
16748,16067
16749,12158
16750,19066
16751,15077
16752,12760
16753,18684
16754,18684
16755,20408
16756,20205
16757,17411
16758,16758
16759,12318
16760,20689
16761,17404
16762,18782
16763,17511
16764,17146
16765,17981
16766,21137
16767,20317
16768,17404
16769,17404
16770,18684
16771,16436
16772,18684
16773,18684
16774,18684
16775,18684
16776,20489
16777,17373
16778,16778
16779,7284
16780,16552
16781,17981
16782,14337
16783,16783
16784,16784
16785,17404
16786,17981
16787,17981
16788,11304
16789,17102
16790,19671
16791,15194
16792,17404
16793,6517
16794,16715
16795,3535
16796,19979
16797,14830
16798,16798
16799,20176
16800,16800
16801,13417
16802,14222
16803,20043
16804,16901
16805,16901
16806,19055
16807,16560
16808,17404
16809,16809
16810,17739
16811,20419
16812,17354
16813,15351
16814,8774
16815,16815
16816,18741
16817,16817
16818,18788
16819,19055
16820,19200
16821,9520
16822,20689
16823,19055
16824,14222
16825,17803
16826,19986
16827,16283
16828,10872
16829,16829
16830,16830
16831,12434
16832,18022
16833,20891
16834,16834
16835,17882
16836,16836
16837,16898
16838,16838
16839,6952
16840,18546
16841,16841
16842,16629
16843,15249
16844,17404
16845,21137
16846,16846
16847,11827
16848,17511
16849,19929
16850,7483
16851,16851
16852,16852
16853,16853
16854,6211
16855,16883
16856,16856
16857,16857
16858,11382
16859,12979
16860,18324
16861,16861
16862,5075
16863,10281
16864,20497
16865,20425
16866,17970
16867,17970
16868,10254
16869,16869
16870,7270
16871,17803
16872,16995
16873,15568
16874,11012
16875,16875
16876,2782
16877,16877
16878,17607
16879,16879
16880,16880
16881,16051
16882,16882
16883,16883
16884,16883
16885,16883
16886,16887
16887,16887
16888,14686
16889,20145
16890,16025
16891,19061
16892,19358
16893,10281
16894,16894
16895,17643
16896,17643
16897,16897
16898,16898
16899,16898
16900,16900
16901,16901
16902,17861
16903,16545
16904,19093
16905,16906
16906,16906
16907,16907
16908,16908
16909,19686
16910,19689
16911,18231
16912,18231
16913,18231
16914,17955
16915,16569
16916,16929
16917,16917
16918,20145
16919,10966
16920,16050
16921,15232
16922,18342
16923,17051
16924,7284
16925,20503
16926,16549
16927,16927
16928,10877
16929,16929
16930,16930
16931,16931
16932,16932
16933,3760
16934,16161
16935,18224
16936,18225
16937,16224
16938,16938
16939,19929
16940,16940
16941,16941
16942,16942
16943,16943
16944,16944
16945,15145
16946,13326
16947,16569
16948,18334
16949,17060
16950,17643
16951,16951
16952,18452
16953,15562
16954,18452
16955,16955
16956,16956
16957,16957
16958,16958
16959,16959
16960,19092
16961,19092
16962,19092
16963,16963
16964,10293
16965,14581
16966,16966
16967,13844
16968,8187
16969,16970
16970,16970
16971,21018
16972,7284
16973,16973
16974,17993
16975,17993
16976,17993
16977,3826
16978,10147
16979,16979
16980,16980
16981,16981
16982,16982
16983,20179
16984,14337
16985,11918
16986,19092
16987,17643
16988,17643
16989,17643
16990,17643
16991,14977
16992,16992
16993,16993
16994,16994
16995,16995
16996,6517
16997,12972
16998,16998
16999,16999
17000,17000
17001,17001
17002,8923
17003,17003
17004,17970
17005,19200
17006,17969
17007,17970
17008,11012
17009,17377
17010,17010
17011,17011
17012,4970
17013,17013
17014,17014
17015,16569
17016,18022
17017,14136
17018,18846
17019,16929
17020,16569
17021,17021
17022,18830
17023,14948
17024,17024
17025,17025
17026,17026
17027,17027
17028,17028
17029,17029
17030,20778
17031,17031
17032,17032
17033,17033
17034,17034
17035,15436
17036,21240
17037,19879
17038,12972
17039,17039
17040,17040
17041,14588
17042,16569
17043,17043
17044,17044
17045,17046
17046,17046
17047,10860
17048,17048
17049,15064
17050,17050
17051,17051
17052,17052
17053,13238
17054,17051
17055,19358
17056,17056
17057,17397
17058,17058
17059,17059
17060,17060
17061,20716
17062,3826
17063,17063
17064,17060
17065,17643
17066,17060
17067,16951
17068,17068
17069,17993
17070,9537
17071,17659
17072,5483
17073,17073
17074,15156
17075,17075
17076,17076
17077,9537
17078,17060
17079,17224
17080,17080
17081,17081
17082,13400
17083,16164
17084,20092
17085,17085
17086,17086
17087,17087
17088,17088
17089,11827
17090,17090
17091,17091
17092,17092
17093,15064
17094,6211
17095,3937
17096,17096
17097,14074
17098,17098
17099,17099
17100,17100
17101,17101
17102,17102
17103,17103
17104,17104
17105,17105
17106,17988
17107,12923
17108,14590
17109,14590
17110,16958
17111,16958
17112,17692
17113,13008
17114,16951
17115,17643
17116,18231
17117,16025
17118,17692
17119,16958
17120,16958
17121,13008
17122,17122
17123,17354
17124,17974
17125,12923
17126,18705
17127,13736
17128,17692
17129,17692
17130,13008
17131,13008
17132,13008
17133,17404
17134,19587
17135,19671
17136,19662
17137,12923
17138,9537
17139,9537
17140,81
17141,17141
17142,16622
17143,20769
17144,3470
17145,17414
17146,17146
17147,17147
17148,21005
17149,20769
17150,15062
17151,17920
17152,19487
17153,19487
17154,16569
17155,17970
17156,17156
17157,15249
17158,15249
17159,17159
17160,18491
17161,19705
17162,18794
17163,13981
17164,17164
17165,15949
17166,20173
17167,14493
17168,15086
17169,10281
17170,15019
17171,18039
17172,17172
17173,17173
17174,16473
17175,19859
17176,17176
17177,19092
17178,18711
17179,17643
17180,17643
17181,19883
17182,17182
17183,17183
17184,17182
17185,17185
17186,18326
17187,18794
17188,17188
17189,18228
17190,19979
17191,16963
17192,17192
17193,17193
17194,17194
17195,20227
17196,18022
17197,19242
17198,15938
17199,20689
17200,17245
17201,19092
17202,17490
17203,19092
17204,20516
17205,20516
17206,21240
17207,17207
17208,17208
17209,17209
17210,17210
17211,17211
17212,16165
17213,19092
17214,19197
17215,6952
17216,13238
17217,17217
17218,17411
17219,19887
17220,17220
17221,17221
17222,17223
17223,17223
17224,17224
17225,15387
17226,17226
17227,17227
17228,8627
17229,17466
17230,17230
17231,15022
17232,17232
17233,17233
17234,19851
17235,17405
17236,21144
17237,18865
17238,20547
17239,19092
17240,17159
17241,3123
17242,17242
17243,19092
17244,17244
17245,17245
17246,17998
17247,17247
17248,17248
17249,17935
17250,17250
17251,6522
17252,20186
17253,18014
17254,17254
17255,11733
17256,17256
17257,19470
17258,18598
17259,17259
17260,17260
17261,17261
17262,19245
17263,13238
17264,17264
17265,20059
17266,19928
17267,17267
17268,17268
17269,17970
17270,17270
17271,19065
17272,17955
17273,17273
17274,18030
17275,15404
17276,17276
17277,17277
17278,17277
17279,17277
17280,11389
17281,19092
17282,16569
17283,18325
17284,17060
17285,20748
17286,17646
17287,17317
17288,17288
17289,16153
17290,20025
17291,17315
17292,16944
17293,18325
17294,20516
17295,17643
17296,16373
17297,11320
17298,19671
17299,19979
17300,17300
17301,19769
17302,15077
17303,16901
17304,3826
17305,17305
17306,17306
17307,20177
17308,19156
17309,2619
17310,11010
17311,16015
17312,16894
17313,17313
17314,17314
17315,17315
17316,17316
17317,17317
17318,17318
17319,12434
17320,21001
17321,21149
17322,17322
17323,17323
17324,10465
17325,18794
17326,18794
17327,19851
17328,14889
17329,6952
17330,16570
17331,17331
17332,20178
17333,17333
17334,18818
17335,17335
17336,13981
17337,19244
17338,17338
17339,17410
17340,17338
17341,17341
17342,17342
17343,19470
17344,19200
17345,17345
17346,19245
17347,9696
17348,13855
17349,17349
17350,17350
17351,11237
17352,16105
17353,16629
17354,17354
17355,17355
17356,19085
17357,17357
17358,19556
17359,12531
17360,17360
17361,17361
17362,17490
17363,21149
17364,17052
17365,17365
17366,6379
17367,17367
17368,17368
17369,17369
17370,17370
17371,17371
17372,16569
17373,17373
17374,17374
17375,17374
17376,18794
17377,17377
17378,17378
17379,17993
17380,17380
17381,17267
17382,17382
17383,17383
17384,15062
17385,17385
17386,17386
17387,16497
17388,13537
17389,17389
17390,18794
17391,17391
17392,10585
17393,17393
17394,17394
17395,17395
17396,17396
17397,17397
17398,17398
17399,17399
17400,17400
17401,17974
17402,17402
17403,12273
17404,17404
17405,17405
17406,17406
17407,17955
17408,17408
17409,20543
17410,17410
17411,17411
17412,17412
17413,17413
17414,17414
17415,17415
17416,17416
17417,21202
17418,17394
17419,17419
17420,17420
17421,17420
17422,17076
17423,14202
17424,20059
17425,17425
17426,16105
17427,17427
17428,17428
17429,20394
17430,12887
17431,13522
17432,16569
17433,17979
17434,19358
17435,20394
17436,16973
17437,20394
17438,14241
17439,13047
17440,17024
17441,17441
17442,17550
17443,17443
17444,17444
17445,8328
17446,17981
17447,17998
17448,17448
17449,17449
17450,13522
17451,20425
17452,18277
17453,17024
17454,16066
17455,17979
17456,20043
17457,13522
17458,19351
17459,17188
17460,20394
17461,17691
17462,14129
17463,15200
17464,17464
17465,17465
17466,17466
17467,17467
17468,17468
17469,19093
17470,17704
17471,17471
17472,18522
17473,19487
17474,19487
17475,20069
17476,20313
17477,17615
17478,18266
17479,20394
17480,17480
17481,13559
17482,4953
17483,8659
17484,21149
17485,15084
17486,15249
17487,17487
17488,17898
17489,16165
17490,17490
17491,17491
17492,20351
17493,17493
17494,17494
17495,17970
17496,19154
17497,16140
17498,17498
17499,15905
17500,9287
17501,11827
17502,12296
17503,18357
17504,10254
17505,20933
17506,18030
17507,17507
17508,17508
17509,17509
17510,19986
17511,17511
17512,17550
17513,17550
17514,17550
17515,20206
17516,17516
17517,16907
17518,17724
17519,17519
17520,17550
17521,16901
17522,16901
17523,7923
17524,18843
17525,3234
17526,3234
17527,20657
17528,18266
17529,17529
17530,17553
17531,17531
17532,17532
17533,17920
17534,17607
17535,14336
17536,18741
17537,18741
17538,17970
17539,18741
17540,17540
17541,5975
17542,17542
17543,17543
17544,14148
17545,18918
17546,17546
17547,20198
17548,20968
17549,17223
17550,17550
17551,17551
17552,17552
17553,17553
17554,18016
17555,13559
17556,18587
17557,423
17558,423
17559,423
17560,17979
17561,12979
17562,18932
17563,17958
17564,18650
17565,17565
17566,17566
17567,19121
17568,17156
17569,17529
17570,17740
17571,17571
17572,16634
17573,13963
17574,17997
17575,3311
17576,14136
17577,17577
17578,17740
17579,17740
17580,12642
17581,17581
17582,18325
17583,17583
17584,19686
17585,19487
17586,17586
17587,17587
17588,17588
17589,17589
17590,6975
17591,17553
17592,17592
17593,17593
17594,17594
17595,17595
17596,17596
17597,17597
17598,19156
17599,18859
17600,17600
17601,17747
17602,17838
17603,18794
17604,17425
17605,13178
17606,18650
17607,17607
17608,17608
17609,8187
17610,17664
17611,17611
17612,17612
17613,17613
17614,17614
17615,17615
17616,17616
17617,17617
17618,17618
17619,19487
17620,19487
17621,17621
17622,17622
17623,17623
17624,17624
17625,17974
17626,4548
17627,20069
17628,17628
17629,17998
17630,17630
17631,17631
17632,19179
17633,17633
17634,17634
17635,17634
17636,18039
17637,18548
17638,17638
17639,12083
17640,18851
17641,19092
17642,19092
17643,17643
17644,17644
17645,17645
17646,17646
17647,17647
17648,20445
17649,17649
17650,17650
17651,17651
17652,17652
17653,19358
17654,17920
17655,15422
17656,15422
17657,15422
17658,17658
17659,17659
17660,17660
17661,17661
17662,19092
17663,17663
17664,17664
17665,19002
17666,14590
17667,17028
17668,17028
17669,17028
17670,19358
17671,8087
17672,21202
17673,17674
17674,17674
17675,21252
17676,17674
17677,17677
17678,20005
17679,16168
17680,17680
17681,15423
17682,17682
17683,18325
17684,18794
17685,7659
17686,17468
17687,10585
17688,17688
17689,17690
17690,17690
17691,17691
17692,17692
17693,17860
17694,17694
17695,7219
17696,19904
17697,18336
17698,14222
17699,15940
17700,12639
17701,18325
17702,7483
17703,17703
17704,17704
17705,17705
17706,17705
17707,19822
17708,17708
17709,17708
17710,19248
17711,17920
17712,17712
17713,17713
17714,19092
17715,19402
17716,17026
17717,20950
17718,18300
17719,18300
17720,18548
17721,17721
17722,17722
17723,19947
17724,17724
17725,18851
17726,16815
17727,17727
17728,16932
17729,17425
17730,17659
17731,19823
17732,17732
17733,15094
17734,17734
17735,17735
17736,17736
17737,17643
17738,17738
17739,17739
17740,17740
17741,19248
17742,19358
17743,20618
17744,17920
17745,17920
17746,5522
17747,17747
17748,20769
17749,17832
17750,20769
17751,17752
17752,17752
17753,17753
17754,17832
17755,19627
17756,17832
17757,18370
17758,17832
17759,17832
17760,17832
17761,16784
17762,17979
17763,15949
17764,17823
17765,19659
17766,17766
17767,17767
17768,18370
17769,20769
17770,17425
17771,17823
17772,18353
17773,18353
17774,17832
17775,18030
17776,17823
17777,16516
17778,17778
17779,18030
17780,17997
17781,17516
17782,8068
17783,17979
17784,16168
17785,17785
17786,17786
17787,16075
17788,20206
17789,21099
17790,15622
17791,15622
17792,17792
17793,17793
17794,18527
17795,16629
17796,12543
17797,18374
17798,18030
17799,20605
17800,19095
17801,18204
17802,19266
17803,17803
17804,17804
17805,19201
17806,17468
17807,15747
17808,13563
17809,15949
17810,19487
17811,11562
17812,7302
17813,7302
17814,7302
17815,15025
17816,18394
17817,17817
17818,17818
17819,19107
17820,20994
17821,3234
17822,17823
17823,17823
17824,16148
17825,17425
17826,17425
17827,18370
17828,17935
17829,17935
17830,20328
17831,18527
17832,17832
17833,9779
17834,18325
17835,16105
17836,15737
17837,20120
17838,17838
17839,17839
17840,17840
17841,19976
17842,19265
17843,13443
17844,16857
17845,16105
17846,17026
17847,19769
17848,17848
17849,18558
17850,17335
17851,17851
17852,4057
17853,13341
17854,17854
17855,18846
17856,15120
17857,11869
17858,19092
17859,17490
17860,17860
17861,17861
17862,17861
17863,17863
17864,9044
17865,10585
17866,19197
17867,19197
17868,21289
17869,17869
17870,17173
17871,19454
17872,20328
17873,19296
17874,14657
17875,17935
17876,8068
17877,19898
17878,19480
17879,17722
17880,19840
17881,17646
17882,17882
17883,18016
17884,7302
17885,7302
17886,19982
17887,17832
17888,17888
17889,21073
17890,17674
17891,15004
17892,20328
17893,18865
17894,19965
17895,21287
17896,11827
17897,17897
17898,17898
17899,17899
17900,19296
17901,19248
17902,4057
17903,17903
17904,17904
17905,21002
17906,15618
17907,17904
17908,17659
17909,17659
17910,18823
17911,18527
17912,17912
17913,6178
17914,20328
17915,17915
17916,18527
17917,17917
17918,17918
17919,17986
17920,17920
17921,18288
17922,17922
17923,16473
17924,17924
17925,20987
17926,8087
17927,17927
17928,17928
17929,17929
17930,17930
17931,16569
17932,17997
17933,17997
17934,17997
17935,17935
17936,12575
17937,17937
17938,17937
17939,19993
17940,12887
17941,18739
17942,18739
17943,18739
17944,12887
17945,18739
17946,18739
17947,18739
17948,17146
17949,18782
17950,17950
17951,17951
17952,17970
17953,18325
17954,16613
17955,17955
17956,19352
17957,17957
17958,17958
17959,18030
17960,20869
17961,18363
17962,17962
17963,17963
17964,18324
17965,17965
17966,17966
17967,17967
17968,17968
17969,17969
17970,17970
17971,16732
17972,5522
17973,18558
17974,17974
17975,17060
17976,17976
17977,17832
17978,20008
17979,17979
17980,19296
17981,17981
17982,17982
17983,17691
17984,18865
17985,20292
17986,17986
17987,17987
17988,17988
17989,17490
17990,17490
17991,19092
17992,19092
17993,17993
17994,17994
17995,17997
17996,17997
17997,17997
17998,17998
17999,17920
18000,15081
18001,19487
18002,18002
18003,18003
18004,19487
18005,18005
18006,19555
18007,9573
18008,15533
18009,15533
18010,18010
18011,18011
18012,18515
18013,18013
18014,18014
18015,11394
18016,18016
18017,19487
18018,18018
18019,18019
18020,18020
18021,18021
18022,18022
18023,18023
18024,16473
18025,19487
18026,4953
18027,20328
18028,17832
18029,18030
18030,18030
18031,19296
18032,19487
18033,18034
18034,18034
18035,19296
18036,18980
18037,18039
18038,18038
18039,18039
18040,18040
18041,19823
18042,18042
18043,18043
18044,18363
18045,20328
18046,18046
18047,18558
18048,17705
18049,6059
18050,20306
18051,20536
18052,20394
18053,18172
18054,19979
18055,15568
18056,17935
18057,15568
18058,18370
18059,18370
18060,19979
18061,20318
18062,15102
18063,21137
18064,18064
18065,18739
18066,5694
18067,7483
18068,18370
18069,20318
18070,12158
18071,18739
18072,21287
18073,20438
18074,5694
18075,20438
18076,16491
18077,18370
18078,18370
18079,18984
18080,18984
18081,13874
18082,19265
18083,18231
18084,20767
18085,19965
18086,14400
18087,18087
18088,19965
18089,12639
18090,16140
18091,18534
18092,17622
18093,16569
18094,11827
18095,13933
18096,18570
18097,21137
18098,6563
18099,17747
18100,16140
18101,18992
18102,18992
18103,18103
18104,17395
18105,19555
18106,14551
18107,18509
18108,19277
18109,18739
18110,20318
18111,12639
18112,7442
18113,16180
18114,18114
18115,18115
18116,18992
18117,18193
18118,19102
18119,19102
18120,18357
18121,16180
18122,18122
18123,18548
18124,18124
18125,19296
18126,17345
18127,18745
18128,21130
18129,19130
18130,18825
18131,18956
18132,17335
18133,17026
18134,17026
18135,17589
18136,16622
18137,17090
18138,18534
18139,18534
18140,18140
18141,18141
18142,14628
18143,19487
18144,8627
18145,18145
18146,17490
18147,18325
18148,18115
18149,18149
18150,18150
18151,5365
18152,17622
18153,16140
18154,18115
18155,18794
18156,18558
18157,18157
18158,18512
18159,18159
18160,10961
18161,17026
18162,18162
18163,18163
18164,18534
18165,18390
18166,18942
18167,15940
18168,8847
18169,20639
18170,18745
18171,18171
18172,18172
18173,18393
18174,19066
18175,17091
18176,18548
18177,15205
18178,14403
18179,17596
18180,21120
18181,18942
18182,18182
18183,18538
18184,11553
18185,20687
18186,20656
18187,21008
18188,21008
18189,18903
18190,19278
18191,18191
18192,18527
18193,18193
18194,18193
18195,19885
18196,18746
18197,18942
18198,20386
18199,18199
18200,18193
18201,18201
18202,18202
18203,21002
18204,18204
18205,17063
18206,18206
18207,18705
18208,18992
18209,16140
18210,18992
18211,18992
18212,18992
18213,17345
18214,19487
18215,19470
18216,19087
18217,14657
18218,13637
18219,18219
18220,10335
18221,15062
18222,18193
18223,17013
18224,18224
18225,18225
18226,18534
18227,18534
18228,18228
18229,18229
18230,20687
18231,18231
18232,20328
18233,15019
18234,19232
18235,18235
18236,18534
18237,18534
18238,18534
18239,7483
18240,19947
18241,20328
18242,18242
18243,3826
18244,17050
18245,18362
18246,10490
18247,14136
18248,18248
18249,6351
18250,18509
18251,18251
18252,18252
18253,18253
18254,15062
18255,17425
18256,18256
18257,18534
18258,19197
18259,18259
18260,18260
18261,16569
18262,18262
18263,18650
18264,6370
18265,14729
18266,18266
18267,7107
18268,18942
18269,16140
18270,18193
18271,14910
18272,11860
18273,16569
18274,15533
18275,20186
18276,14586
18277,18277
18278,21276
18279,19270
18280,18512
18281,19487
18282,18282
18283,16140
18284,18284
18285,21008
18286,15533
18287,13658
18288,18288
18289,18289
18290,18290
18291,18534
18292,18720
18293,20648
18294,20687
18295,21008
18296,21005
18297,17373
18298,17026
18299,18299
18300,18300
18301,18301
18302,16569
18303,18303
18304,19297
18305,19297
18306,20763
18307,19083
18308,20687
18309,20328
18310,19470
18311,18823
18312,14260
18313,18235
18314,18509
18315,15436
18316,19232
18317,19001
18318,19454
18319,18319
18320,18320
18321,19270
18322,18322
18323,18794
18324,18324
18325,18325
18326,18326
18327,18856
18328,11827
18329,18329
18330,18330
18331,19968
18332,20648
18333,19083
18334,18334
18335,18335
18336,18336
18337,16569
18338,17026
18339,20688
18340,18548
18341,18548
18342,18342
18343,21005
18344,21005
18345,21008
18346,21005
18347,18534
18348,15019
18349,19451
18350,18350
18351,18351
18352,19180
18353,18353
18354,18354
18355,19487
18356,18353
18357,18357
18358,16140
18359,18548
18360,20328
18361,18361
18362,18362
18363,18363
18364,18364
18365,18365
18366,19351
18367,18367
18368,18368
18369,21008
18370,18370
18371,18371
18372,18765
18373,19947
18374,18374
18375,18375
18376,19296
18377,19296
18378,17420
18379,18379
18380,16140
18381,18114
18382,18382
18383,18383
18384,17792
18385,17792
18386,18745
18387,18746
18388,18114
18389,18389
18390,18390
18391,18391
18392,19200
18393,18393
18394,18394
18395,17924
18396,20737
18397,18018
18398,10961
18399,6966
18400,20933
18401,18739
18402,21277
18403,9449
18404,18030
18405,17354
18406,8134
18407,18367
18408,19041
18409,9449
18410,20984
18411,19907
18412,17722
18413,19840
18414,5522
18415,12887
18416,17832
18417,18115
18418,20769
18419,19089
18420,15157
18421,20464
18422,17383
18423,15155
18424,18794
18425,18794
18426,19059
18427,19059
18428,19059
18429,20769
18430,19001
18431,20769
18432,10356
18433,19059
18434,18434
18435,18686
18436,18823
18437,19685
18438,17682
18439,17425
18440,18030
18441,19084
18442,20107
18443,19587
18444,10356
18445,13606
18446,12890
18447,4953
18448,18705
18449,20198
18450,20769
18451,19059
18452,18452
18453,17383
18454,17383
18455,20769
18456,16086
18457,18823
18458,12887
18459,17979
18460,18460
18461,20903
18462,19121
18463,19683
18464,15019
18465,19121
18466,18364
18467,12639
18468,19001
18469,10356
18470,19008
18471,18942
18472,18472
18473,16086
18474,18391
18475,19266
18476,19666
18477,20778
18478,20156
18479,18825
18480,18745
18481,13637
18482,18686
18483,19297
18484,20950
18485,18485
18486,19487
18487,17832
18488,10254
18489,19296
18490,16491
18491,18491
18492,7445
18493,12639
18494,18823
18495,18823
18496,18823
18497,16622
18498,18499
18499,18499
18500,18825
18501,19400
18502,19565
18503,18825
18504,18825
18505,18825
18506,18825
18507,17050
18508,18510
18509,18509
18510,18510
18511,18512
18512,18512
18513,18513
18514,21158
18515,18515
18516,19358
18517,18517
18518,18393
18519,15422
18520,18520
18521,18521
18522,18522
18523,18193
18524,18534
18525,19087
18526,18534
18527,18527
18528,19087
18529,19270
18530,19270
18531,18741
18532,13730
18533,18534
18534,18534
18535,18535
18536,18536
18537,18537
18538,18538
18539,16180
18540,19699
18541,19200
18542,18542
18543,15422
18544,18545
18545,18545
18546,18546
18547,11557
18548,18548
18549,19819
18550,18848
18551,18551
18552,19771
18553,18553
18554,15019
18555,19121
18556,19121
18557,18452
18558,18558
18559,20328
18560,19819
18561,14136
18562,18942
18563,18563
18564,20639
18565,16180
18566,18548
18567,6211
18568,19197
18569,18569
18570,18570
18571,16569
18572,16569
18573,18573
18574,18942
18575,11827
18576,19092
18577,19121
18578,19121
18579,17224
18580,14431
18581,16180
18582,19107
18583,18583
18584,19121
18585,18587
18586,19232
18587,18587
18588,18588
18589,19183
18590,18590
18591,18357
18592,19061
18593,19066
18594,19006
18595,11553
18596,14136
18597,14136
18598,18598
18599,18599
18600,19702
18601,17026
18602,18874
18603,18603
18604,10332
18605,18605
18606,19121
18607,20328
18608,18199
18609,19947
18610,19947
18611,13637
18612,11157
18613,19598
18614,20687
18615,19085
18616,12094
18617,3826
18618,18618
18619,18823
18620,18823
18621,18823
18622,18622
18623,18623
18624,19297
18625,18625
18626,18193
18627,18627
18628,19061
18629,18515
18630,18630
18631,18534
18632,15653
18633,18633
18634,19769
18635,19819
18636,18636
18637,20312
18638,18182
18639,16168
18640,18859
18641,14628
18642,16168
18643,17050
18644,19358
18645,20648
18646,18182
18647,19820
18648,18182
18649,18182
18650,18650
18651,19008
18652,14628
18653,14628
18654,16168
18655,21202
18656,16784
18657,19003
18658,19003
18659,1604
18660,15697
18661,19003
18662,18370
18663,18370
18664,18370
18665,12647
18666,12647
18667,12647
18668,18823
18669,18823
18670,18182
18671,19027
18672,20431
18673,18673
18674,10272
18675,18182
18676,17059
18677,18823
18678,18823
18679,18823
18680,16180
18681,18534
18682,15019
18683,18182
18684,18684
18685,18686
18686,18686
18687,17970
18688,17969
18689,17345
18690,18434
18691,18182
18692,17974
18693,17378
18694,20312
18695,20307
18696,19066
18697,20648
18698,21275
18699,20769
18700,18823
18701,18823
18702,13238
18703,19003
18704,18114
18705,18705
18706,14590
18707,18918
18708,20312
18709,20730
18710,17420
18711,18711
18712,15735
18713,18713
18714,20307
18715,14222
18716,17345
18717,18717
18718,15588
18719,18534
18720,18720
18721,20312
18722,18722
18723,18823
18724,21102
18725,20648
18726,20648
18727,18182
18728,18252
18729,16887
18730,21137
18731,20641
18732,16966
18733,18733
18734,18370
18735,20623
18736,18736
18737,18737
18738,18738
18739,18739
18740,18740
18741,18741
18742,18742
18743,18778
18744,18778
18745,18745
18746,18746
18747,19851
18748,21137
18749,21137
18750,18750
18751,2227
18752,19819
18753,17425
18754,20641
18755,20903
18756,18756
18757,19180
18758,18758
18759,20767
18760,18114
18761,18825
18762,18825
18763,18825
18764,18764
18765,18765
18766,5021
18767,18767
18768,18768
18769,2274
18770,16523
18771,12077
18772,18772
18773,18825
18774,18825
18775,19297
18776,21289
18777,17974
18778,18778
18779,20903
18780,7000
18781,18781
18782,18782
18783,20516
18784,20312
18785,19154
18786,19154
18787,18485
18788,18788
18789,19400
18790,19400
18791,19400
18792,16569
18793,18794
18794,18794
18795,17172
18796,21116
18797,16140
18798,18798
18799,18799
18800,20918
18801,18918
18802,20780
18803,18918
18804,20516
18805,15601
18806,18806
18807,18942
18808,18808
18809,19436
18810,18534
18811,18811
18812,18812
18813,21289
18814,20212
18815,17861
18816,18816
18817,16569
18818,18818
18819,19470
18820,7617
18821,16894
18822,19003
18823,18823
18824,18825
18825,18825
18826,18825
18827,18825
18828,21289
18829,21289
18830,18830
18831,18988
18832,10519
18833,18833
18834,9901
18835,18835
18836,20975
18837,18342
18838,19337
18839,18839
18840,20984
18841,18841
18842,17981
18843,18843
18844,18844
18845,19351
18846,18846
18847,18548
18848,18848
18849,16140
18850,18850
18851,18851
18852,11534
18853,19470
18854,20975
18855,18855
18856,18856
18857,18857
18858,17792
18859,18859
18860,18860
18861,18861
18862,18862
18863,18861
18864,18745
18865,18865
18866,18745
18867,12833
18868,18868
18869,18865
18870,18870
18871,18871
18872,18872
18873,19611
18874,18874
18875,16180
18876,18876
18877,16569
18878,18765
18879,19015
18880,15019
18881,19041
18882,19041
18883,13523
18884,20212
18885,19063
18886,19063
18887,21229
18888,21087
18889,13523
18890,13523
18891,13523
18892,17099
18893,19041
18894,20641
18895,20641
18896,16784
18897,20431
18898,20425
18899,18705
18900,19897
18901,20522
18902,16168
18903,18903
18904,20304
18905,19015
18906,4532
18907,13523
18908,19427
18909,20431
18910,1544
18911,20431
18912,18765
18913,20425
18914,13523
18915,18367
18916,17690
18917,20059
18918,18918
18919,20425
18920,13047
18921,20869
18922,19015
18923,17839
18924,17839
18925,14590
18926,11890
18927,20769
18928,19427
18929,16856
18930,19015
18931,16168
18932,18932
18933,5267
18934,13523
18935,20911
18936,19017
18937,19015
18938,19041
18939,19281
18940,18940
18941,18940
18942,18942
18943,14084
18944,18765
18945,3826
18946,21168
18947,20933
18948,13523
18949,17646
18950,19015
18951,18765
18952,4532
18953,18953
18954,5365
18955,19351
18956,18956
18957,21229
18958,20933
18959,20975
18960,18350
18961,14136
18962,19816
18963,15973
18964,16647
18965,5267
18966,18019
18967,19639
18968,19470
18969,13203
18970,18970
18971,19015
18972,19270
18973,19270
18974,20769
18975,19226
18976,5267
18977,5267
18978,18978
18979,18940
18980,18980
18981,11323
18982,18199
18983,18983
18984,18984
18985,21139
18986,18986
18987,19015
18988,18988
18989,20963
18990,20963
18991,16674
18992,18992
18993,20715
18994,21289
18995,18046
18996,10188
18997,16508
18998,18998
18999,19448
19000,20769
19001,19001
19002,19002
19003,19003
19004,20911
19005,19017
19006,19006
19007,19121
19008,19008
19009,14590
19010,18823
19011,19998
19012,20307
19013,5267
19014,18942
19015,19015
19016,19065
19017,19017
19018,20911
19019,19019
19020,17395
19021,18782
19022,5267
19023,19023
19024,19934
19025,19934
19026,12780
19027,19027
19028,19015
19029,21112
19030,19030
19031,18874
19032,21276
19033,19297
19034,21008
19035,19035
19036,1544
19037,1544
19038,1544
19039,10507
19040,19040
19041,19041
19042,1544
19043,19043
19044,19044
19045,17705
19046,19046
19047,19047
19048,19048
19049,20769
19050,20099
19051,19052
19052,19052
19053,5965
19054,18823
19055,19055
19056,19056
19057,19057
19058,19058
19059,19059
19060,3141
19061,19061
19062,1544
19063,19063
19064,19017
19065,19065
19066,19066
19067,19067
19068,20040
19069,19069
19070,16674
19071,19071
19072,18860
19073,3725
19074,20716
19075,19400
19076,19076
19077,19077
19078,12434
19079,19076
19080,19080
19081,19081
19082,20656
19083,19083
19084,19084
19085,19085
19086,19401
19087,19087
19088,19341
19089,19089
19090,17930
19091,19091
19092,19092
19093,19093
19094,19094
19095,19095
19096,19096
19097,19097
19098,19098
19099,17924
19100,19083
19101,19101
19102,19102
19103,20769
19104,19851
19105,19297
19106,10397
19107,19107
19108,18857
19109,19281
19110,18903
19111,16685
19112,19281
19113,7335
19114,20536
19115,20769
19116,20769
19117,19587
19118,20757
19119,19439
19120,19121
19121,19121
19122,8068
19123,19281
19124,17704
19125,20173
19126,16674
19127,16674
19128,16674
19129,20217
19130,19130
19131,16817
19132,20769
19133,5975
19134,5975
19135,18002
19136,20769
19137,19265
19138,19281
19139,7829
19140,19201
19141,19201
19142,19201
19143,17924
19144,19201
19145,15102
19146,19281
19147,8068
19148,20933
19149,20903
19150,19201
19151,17704
19152,19265
19153,10335
19154,19154
19155,19154
19156,19156
19157,19157
19158,17924
19159,16880
19160,20625
19161,14323
19162,6370
19163,21116
19164,19265
19165,6952
19166,19166
19167,18201
19168,19168
19169,20206
19170,16569
19171,20769
19172,20069
19173,20303
19174,19422
19175,19175
19176,21137
19177,19887
19178,20537
19179,19179
19180,19180
19181,19181
19182,19666
19183,19183
19184,11708
19185,18034
19186,20880
19187,11827
19188,19188
19189,8068
19190,19649
19191,20975
19192,20767
19193,21116
19194,15618
19195,20769
19196,20730
19197,19197
19198,18199
19199,16108
19200,19200
19201,19201
19202,20217
19203,19203
19204,19204
19205,18019
19206,19420
19207,19649
19208,18686
19209,19226
19210,19210
19211,19211
19212,17708
19213,14422
19214,19214
19215,3495
19216,15230
19217,14422
19218,19218
19219,19219
19220,15573
19221,19221
19222,19222
19223,18534
19224,20217
19225,20903
19226,19226
19227,17912
19228,20464
19229,6952
19230,17968
19231,7720
19232,19232
19233,3311
19234,3311
19235,17997
19236,19823
19237,8068
19238,19238
19239,7720
19240,19240
19241,19241
19242,19242
19243,19245
19244,19244
19245,19245
19246,11892
19247,20675
19248,19248
19249,15369
19250,20217
19251,21116
19252,21116
19253,15422
19254,19254
19255,21116
19256,19985
19257,19258
19258,19258
19259,19259
19260,16877
19261,21116
19262,19898
19263,5843
19264,10877
19265,19265
19266,19266
19267,19267
19268,19268
19269,18788
19270,19270
19271,19297
19272,16649
19273,19273
19274,21116
19275,17970
19276,19276
19277,19277
19278,19278
19279,19683
19280,19280
19281,19281
19282,18363
19283,19283
19284,17708
19285,7252
19286,7252
19287,7252
19288,7252
19289,7252
19290,7252
19291,19083
19292,19292
19293,19985
19294,19294
19295,19295
19296,19296
19297,19297
19298,19649
19299,19299
19300,19365
19301,6351
19302,15697
19303,9188
19304,20933
19305,20099
19306,19649
19307,19441
19308,19587
19309,19587
19310,19587
19311,19587
19312,20770
19313,19426
19314,17924
19315,15697
19316,17981
19317,16491
19318,10188
19319,7328
19320,20099
19321,17736
19322,17924
19323,17924
19324,17924
19325,8563
19326,19426
19327,19420
19328,2466
19329,20099
19330,19587
19331,19587
19332,19985
19333,19587
19334,19587
19335,18303
19336,18857
19337,19337
19338,21277
19339,18903
19340,18992
19341,19341
19342,19649
19343,3087
19344,19344
19345,19587
19346,19587
19347,19587
19348,16051
19349,18857
19350,18857
19351,19351
19352,19352
19353,13417
19354,18705
19355,2466
19356,17034
19357,10111
19358,19358
19359,19359
19360,19587
19361,3087
19362,17739
19363,17924
19364,16051
19365,19365
19366,19365
19367,17468
19368,20903
19369,20933
19370,19491
19371,16051
19372,17970
19373,19248
19374,21002
19375,19851
19376,21289
19377,21289
19378,19402
19379,17924
19380,17034
19381,13417
19382,19382
19383,20933
19384,20199
19385,20984
19386,16051
19387,21026
19388,19197
19389,17694
19390,19266
19391,19898
19392,14110
19393,19242
19394,20716
19395,20933
19396,21005
19397,5267
19398,19984
19399,19399
19400,19400
19401,19401
19402,19402
19403,19403
19404,13637
19405,19405
19406,19406
19407,19407
19408,19408
19409,19575
19410,19410
19411,21116
19412,19365
19413,19413
19414,20687
19415,3495
19416,15902
19417,19417
19418,19657
19419,19649
19420,19420
19421,19422
19422,19422
19423,19422
19424,19931
19425,19425
19426,19426
19427,19427
19428,18686
19429,16569
19430,19430
19431,19431
19432,19432
19433,14409
19434,19434
19435,17970
19436,19436
19437,7325
19438,19438
19439,19439
19440,7328
19441,19441
19442,14450
19443,20199
19444,19444
19445,17085
19446,19446
19447,9779
19448,19448
19449,20077
19450,19450
19451,19451
19452,17863
19453,19453
19454,19454
19455,19455
19456,19456
19457,19457
19458,16013
19459,14474
19460,19460
19461,19461
19462,18812
19463,9663
19464,9663
19465,18064
19466,19466
19467,20217
19468,19294
19469,17389
19470,19470
19471,19470
19472,17968
19473,19473
19474,19474
19475,19598
19476,19242
19477,16325
19478,14430
19479,19479
19480,19480
19481,19481
19482,16569
19483,19483
19484,19887
19485,19485
19486,19486
19487,19487
19488,18825
19489,19489
19490,19491
19491,19491
19492,19492
19493,13523
19494,19494
19495,19258
19496,19426
19497,19608
19498,16569
19499,19499
19500,15104
19501,15104
19502,15104
19503,19258
19504,14590
19505,19587
19506,15104
19507,15104
19508,18558
19509,19181
19510,19970
19511,19258
19512,19258
19513,19258
19514,19820
19515,8824
19516,21275
19517,16784
19518,21275
19519,19970
19520,19970
19521,19933
19522,19659
19523,21287
19524,19524
19525,15104
19526,19659
19527,19970
19528,19970
19529,15404
19530,19659
19531,19925
19532,19659
19533,19820
19534,20313
19535,19258
19536,19820
19537,21207
19538,18558
19539,7761
19540,7761
19541,15697
19542,15104
19543,18942
19544,19258
19545,15404
19546,17739
19547,19359
19548,15104
19549,20092
19550,5021
19551,19659
19552,19448
19553,20929
19554,21275
19555,19555
19556,19556
19557,19431
19558,17261
19559,19559
19560,21275
19561,19561
19562,19970
19563,19659
19564,16523
19565,19565
19566,19242
19567,18686
19568,19933
19569,19933
19570,19258
19571,20171
19572,17969
19573,19573
19574,19970
19575,19575
19576,19450
19577,19933
19578,19578
19579,14087
19580,14087
19581,14087
19582,14087
19583,14301
19584,14087
19585,14087
19586,14590
19587,19587
19588,19258
19589,19659
19590,19590
19591,18686
19592,17969
19593,5021
19594,21275
19595,19595
19596,19599
19597,19971
19598,19598
19599,19599
19600,19600
19601,10398
19602,18252
19603,19608
19604,18686
19605,19605
19606,20488
19607,19607
19608,19608
19609,20217
19610,19610
19611,19611
19612,19685
19613,19613
19614,16941
19615,19659
19616,14087
19617,14087
19618,14087
19619,19619
19620,20092
19621,19621
19622,15221
19623,18350
19624,14087
19625,19422
19626,16569
19627,19627
19628,19628
19629,19628
19630,19630
19631,1091
19632,13844
19633,19382
19634,19634
19635,19635
19636,19636
19637,19637
19638,19439
19639,19639
19640,19971
19641,19641
19642,20198
19643,19643
19644,20624
19645,16569
19646,14265
19647,19647
19648,20008
19649,19649
19650,19266
19651,17708
19652,19863
19653,19653
19654,19700
19655,19686
19656,19608
19657,19657
19658,19658
19659,19659
19660,19660
19661,20076
19662,19662
19663,19663
19664,19664
19665,19665
19666,19666
19667,19667
19668,19668
19669,19669
19670,19670
19671,19671
19672,19672
19673,19673
19674,18527
19675,19675
19676,19676
19677,20145
19678,20145
19679,20145
19680,19680
19681,19681
19682,19682
19683,19683
19684,19684
19685,19685
19686,19686
19687,16569
19688,19688
19689,19689
19690,19023
19691,19711
19692,19358
19693,17043
19694,19694
19695,19695
19696,19696
19697,19697
19698,19698
19699,19699
19700,19700
19701,19701
19702,19702
19703,19908
19704,19704
19705,19705
19706,12472
19707,19877
19708,19708
19709,19709
19710,20968
19711,19711
19712,19712
19713,21282
19714,19714
19715,19715
19716,19716
19717,19717
19718,20186
19719,21116
19720,19720
19721,19721
19722,19598
19723,19975
19724,20145
19725,20145
19726,14087
19727,19727
19728,20605
19729,20198
19730,19714
19731,20488
19732,20488
19733,20488
19734,20488
19735,20488
19736,20488
19737,20887
19738,20135
19739,20135
19740,20135
19741,20135
19742,20930
19743,20488
19744,20732
19745,20488
19746,19840
19747,19840
19748,20135
19749,20438
19750,20438
19751,21262
19752,20438
19753,21275
19754,20270
19755,20438
19756,20438
19757,20135
19758,21277
19759,20732
19760,20732
19761,19823
19762,19976
19763,6563
19764,20135
19765,4190
19766,20732
19767,20732
19768,5021
19769,19769
19770,19770
19771,19771
19772,19772
19773,20287
19774,16105
19775,16105
19776,20732
19777,16043
19778,21120
19779,21276
19780,20438
19781,20438
19782,20438
19783,20438
19784,20438
19785,17367
19786,19840
19787,20438
19788,19788
19789,20217
19790,19840
19791,19976
19792,15650
19793,19793
19794,19982
19795,19823
19796,7328
19797,4257
19798,19555
19799,20099
19800,20099
19801,19685
19802,19802
19803,17001
19804,20930
19805,19823
19806,20186
19807,20489
19808,20605
19809,8824
19810,21221
19811,20287
19812,20349
19813,5021
19814,16043
19815,19436
19816,19816
19817,19820
19818,21009
19819,19819
19820,19820
19821,19821
19822,19822
19823,19823
19824,21221
19825,21221
19826,20113
19827,8254
19828,14860
19829,18363
19830,19863
19831,19859
19832,21099
19833,16506
19834,9152
19835,19976
19836,20618
19837,20657
19838,20657
19839,11636
19840,19840
19841,19841
19842,20765
19843,20448
19844,19976
19845,19929
19846,18149
19847,16506
19848,18342
19849,19849
19850,14977
19851,19851
19852,20217
19853,20059
19854,18342
19855,19855
19856,11636
19857,11636
19858,18149
19859,19859
19860,19860
19861,19861
19862,20205
19863,19863
19864,20485
19865,21168
19866,21168
19867,17969
19868,17001
19869,16674
19870,8801
19871,19979
19872,5021
19873,19873
19874,19985
19875,13933
19876,13933
19877,19877
19878,19878
19879,19879
19880,20489
19881,20489
19882,20489
19883,19883
19884,10559
19885,19885
19886,19925
19887,19887
19888,19816
19889,19816
19890,17001
19891,19891
19892,18856
19893,20488
19894,19894
19895,20179
19896,19896
19897,19897
19898,19898
19899,21221
19900,19900
19901,19883
19902,20489
19903,20489
19904,19904
19905,19905
19906,20008
19907,19907
19908,19908
19909,19909
19910,19910
19911,19911
19912,19910
19913,19914
19914,19914
19915,19915
19916,19976
19917,20133
19918,20489
19919,20546
19920,19920
19921,5021
19922,19922
19923,20171
19924,21168
19925,19925
19926,20626
19927,19928
19928,19928
19929,19929
19930,19929
19931,19931
19932,19932
19933,19933
19934,19934
19935,19935
19936,16506
19937,9188
19938,11636
19939,19939
19940,16569
19941,19941
19942,15841
19943,5021
19944,20408
19945,19945
19946,19946
19947,19947
19948,13844
19949,11636
19950,19950
19951,19951
19952,20113
19953,19953
19954,20489
19955,11636
19956,19956
19957,19976
19958,20489
19959,19863
19960,5021
19961,18527
19962,19962
19963,20765
19964,20432
19965,19965
19966,11323
19967,19967
19968,19968
19969,19969
19970,19970
19971,19971
19972,20605
19973,20657
19974,19974
19975,19975
19976,19976
19977,18039
19978,20148
19979,19979
19980,20217
19981,20534
19982,19982
19983,21160
19984,19984
19985,19985
19986,19986
19987,8254
19988,14173
19989,19989
19990,19990
19991,19991
19992,16569
19993,19993
19994,19925
19995,20534
19996,20349
19997,20349
19998,19998
19999,20730
20000,20437
20001,20547
20002,20547
20003,20003
20004,13973
20005,20005
20006,20148
20007,21275
20008,20008
20009,20668
20010,20432
20011,20432
20012,21275
20013,21275
20014,19281
20015,19281
20016,20151
20017,20303
20018,20303
20019,20303
20020,20472
20021,20303
20022,6566
20023,20313
20024,21135
20025,20025
20026,20472
20027,20546
20028,20933
20029,20437
20030,20437
20031,21084
20032,9779
20033,9779
20034,9779
20035,9779
20036,21099
20037,16966
20038,19863
20039,20437
20040,20040
20041,20120
20042,19635
20043,20043
20044,20044
20045,20044
20046,20303
20047,21112
20048,20437
20049,20547
20050,17146
20051,20444
20052,20052
20053,20053
20054,20008
20055,20547
20056,20547
20057,19431
20058,20120
20059,20059
20060,18517
20061,20061
20062,21137
20063,21084
20064,20437
20065,20008
20066,16050
20067,20432
20068,20932
20069,20069
20070,20070
20071,20201
20072,20547
20073,20547
20074,20044
20075,19599
20076,20076
20077,20077
20078,21197
20079,20212
20080,20052
20081,17487
20082,20437
20083,4255
20084,21221
20085,20432
20086,20086
20087,20087
20088,20088
20089,20087
20090,17367
20091,20432
20092,20092
20093,20093
20094,20303
20095,20432
20096,20096
20097,20097
20098,20576
20099,20099
20100,20217
20101,19453
20102,20503
20103,19245
20104,21243
20105,20105
20106,20437
20107,20107
20108,20534
20109,20109
20110,20110
20111,15902
20112,21087
20113,20113
20114,11636
20115,20115
20116,20116
20117,20117
20118,20118
20119,19861
20120,20120
20121,20121
20122,20122
20123,20008
20124,13400
20125,20125
20126,20099
20127,19771
20128,20932
20129,20932
20130,20130
20131,19027
20132,20132
20133,20133
20134,21168
20135,20135
20136,20136
20137,13973
20138,9044
20139,20148
20140,20140
20141,16569
20142,20484
20143,20143
20144,17365
20145,20145
20146,20869
20147,20147
20148,20148
20149,20484
20150,20150
20151,20151
20152,20152
20153,20153
20154,20154
20155,20155
20156,20156
20157,20157
20158,20158
20159,19979
20160,20217
20161,20161
20162,19979
20163,20545
20164,20164
20165,20190
20166,20166
20167,20167
20168,20340
20169,18782
20170,20170
20171,20171
20172,20172
20173,20173
20174,20174
20175,20175
20176,20176
20177,20177
20178,20178
20179,20179
20180,20201
20181,20201
20182,20182
20183,20183
20184,20349
20185,20099
20186,20186
20187,20187
20188,19657
20189,14409
20190,20190
20191,20191
20192,20192
20193,20193
20194,20880
20195,14898
20196,20196
20197,20197
20198,20198
20199,20199
20200,21008
20201,20201
20202,20547
20203,20203
20204,20204
20205,20205
20206,20206
20207,20099
20208,20092
20209,20209
20210,20210
20211,20211
20212,20212
20213,20092
20214,20765
20215,20215
20216,18342
20217,20217
20218,20355
20219,20432
20220,20432
20221,19931
20222,19931
20223,20223
20224,19979
20225,20225
20226,14898
20227,20227
20228,20228
20229,20732
20230,20732
20231,20770
20232,20770
20233,16674
20234,20700
20235,20888
20236,12305
20237,20994
20238,20700
20239,20715
20240,20715
20241,20700
20242,20994
20243,20994
20244,20715
20245,20715
20246,12305
20247,20656
20248,20700
20249,17335
20250,20700
20251,20700
20252,20700
20253,20700
20254,20700
20255,20700
20256,20700
20257,20700
20258,20700
20259,20700
20260,20700
20261,20933
20262,20262
20263,20869
20264,16569
20265,17968
20266,20700
20267,20700
20268,16674
20269,20145
20270,20270
20271,19634
20272,20994
20273,9609
20274,9609
20275,20770
20276,5858
20277,20987
20278,20916
20279,19058
20280,19634
20281,19922
20282,20282
20283,21243
20284,20994
20285,20700
20286,20622
20287,20287
20288,20150
20289,20289
20290,20290
20291,20291
20292,20292
20293,20293
20294,20293
20295,20295
20296,20297
20297,20297
20298,20298
20299,20312
20300,20303
20301,20302
20302,20302
20303,20303
20304,20304
20305,20304
20306,20306
20307,20307
20308,20308
20309,20549
20310,20307
20311,20311
20312,20312
20313,20313
20314,20314
20315,20314
20316,20314
20317,20317
20318,20318
20319,20319
20320,20313
20321,20313
20322,20770
20323,20323
20324,20482
20325,20700
20326,11910
20327,20327
20328,20328
20329,20437
20330,16013
20331,20215
20332,20770
20333,20469
20334,20869
20335,20532
20336,20532
20337,20337
20338,20994
20339,20994
20340,20340
20341,20341
20342,21216
20343,20948
20344,20652
20345,14061
20346,21197
20347,20482
20348,20618
20349,20349
20350,19979
20351,20351
20352,5267
20353,19685
20354,19914
20355,20355
20356,17970
20357,20357
20358,20482
20359,21197
20360,20869
20361,20994
20362,16674
20363,16674
20364,19351
20365,20700
20366,20150
20367,20451
20368,20368
20369,15949
20370,20370
20371,20371
20372,20375
20373,20373
20374,20374
20375,20375
20376,20376
20377,20377
20378,20378
20379,20379
20380,20380
20381,20380
20382,20679
20383,20790
20384,20994
20385,20385
20386,20386
20387,20918
20388,20918
20389,18013
20390,20456
20391,20391
20392,20392
20393,20479
20394,20394
20395,15601
20396,20618
20397,9044
20398,20398
20399,5843
20400,21197
20401,20401
20402,20402
20403,20869
20404,4257
20405,20930
20406,20932
20407,20407
20408,20408
20409,20409
20410,18942
20411,21140
20412,20750
20413,20413
20414,20930
20415,20482
20416,20792
20417,20417
20418,20482
20419,20419
20420,20420
20421,20421
20422,20422
20423,15949
20424,20424
20425,20425
20426,20426
20427,19524
20428,20428
20429,20428
20430,20869
20431,20431
20432,20432
20433,11769
20434,21277
20435,20435
20436,21026
20437,20437
20438,20438
20439,20196
20440,20304
20441,20953
20442,20442
20443,20444
20444,20444
20445,20445
20446,20446
20447,20447
20448,20448
20449,19788
20450,19788
20451,20451
20452,20598
20453,14409
20454,20456
20455,20456
20456,20456
20457,20456
20458,20458
20459,15568
20460,12750
20461,19358
20462,18942
20463,20463
20464,20464
20465,20737
20466,16569
20467,20781
20468,20737
20469,20469
20470,20470
20471,20471
20472,20472
20473,20473
20474,20474
20475,20476
20476,20476
20477,16334
20478,3467
20479,20479
20480,20480
20481,16569
20482,20482
20483,20483
20484,20484
20485,20485
20486,20485
20487,20618
20488,20488
20489,20489
20490,20150
20491,20201
20492,16569
20493,20493
20494,20494
20495,20493
20496,20496
20497,20497
20498,20498
20499,16674
20500,21026
20501,20456
20502,20502
20503,20503
20504,20757
20505,20505
20506,20753
20507,20507
20508,19266
20509,9044
20510,20510
20511,20575
20512,20512
20513,20513
20514,20514
20515,20515
20516,20516
20517,20968
20518,20754
20519,20679
20520,20917
20521,20521
20522,20522
20523,21243
20524,20524
20525,20525
20526,21243
20527,20532
20528,20532
20529,20529
20530,10585
20531,20531
20532,20532
20533,20533
20534,20534
20535,21026
20536,20536
20537,20537
20538,20538
20539,20539
20540,20540
20541,20541
20542,20542
20543,20543
20544,20544
20545,20545
20546,20546
20547,20547
20548,16569
20549,20549
20550,20312
20551,15949
20552,15949
20553,15949
20554,20537
20555,20537
20556,20537
20557,20877
20558,17930
20559,20877
20560,20987
20561,20888
20562,21277
20563,20987
20564,20888
20565,20537
20566,16674
20567,20732
20568,20877
20569,21197
20570,12760
20571,15949
20572,20958
20573,15949
20574,15949
20575,20575
20576,20576
20577,20577
20578,16674
20579,20888
20580,20888
20581,20921
20582,17930
20583,20987
20584,21243
20585,20706
20586,15949
20587,15949
20588,20700
20589,20589
20590,20994
20591,15949
20592,16674
20593,15949
20594,20537
20595,20595
20596,20482
20597,18686
20598,20598
20599,20599
20600,17930
20601,21229
20602,21111
20603,17930
20604,21084
20605,20605
20606,20482
20607,21026
20608,20888
20609,20482
20610,20948
20611,20948
20612,20482
20613,20613
20614,20618
20615,20615
20616,20616
20617,21026
20618,20618
20619,17930
20620,20620
20621,20652
20622,20622
20623,20623
20624,20624
20625,20625
20626,20626
20627,20627
20628,18022
20629,21026
20630,20595
20631,21202
20632,20632
20633,20633
20634,20634
20635,20687
20636,20636
20637,20790
20638,21087
20639,20639
20640,20640
20641,20641
20642,20642
20643,20643
20644,20625
20645,20709
20646,20646
20647,21004
20648,20648
20649,20649
20650,20650
20651,20651
20652,20652
20653,21287
20654,21026
20655,20741
20656,20656
20657,20657
20658,20658
20659,20989
20660,20678
20661,21131
20662,20662
20663,20663
20664,20625
20665,20665
20666,20666
20667,21004
20668,20668
20669,21084
20670,20456
20671,20426
20672,20672
20673,15949
20674,20679
20675,20675
20676,21026
20677,20496
20678,20678
20679,20679
20680,20618
20681,20595
20682,20682
20683,20648
20684,20684
20685,20625
20686,20686
20687,20687
20688,20688
20689,20689
20690,21100
20691,20691
20692,20885
20693,20943
20694,20694
20695,20493
20696,20972
20697,20943
20698,20679
20699,20699
20700,20700
20701,20691
20702,20966
20703,20687
20704,20704
20705,21026
20706,20706
20707,20707
20708,20708
20709,20709
20710,20710
20711,20741
20712,20712
20713,20713
20714,20714
20715,20715
20716,20716
20717,20976
20718,21276
20719,20985
20720,15949
20721,20721
20722,20722
20723,20723
20724,15949
20725,19242
20726,20726
20727,20727
20728,20728
20729,20729
20730,20730
20731,20375
20732,20732
20733,20640
20734,20648
20735,21131
20736,20624
20737,20737
20738,20738
20739,20479
20740,20740
20741,20741
20742,19297
20743,20744
20744,20744
20745,20989
20746,17000
20747,20747
20748,20748
20749,20749
20750,20750
20751,20751
20752,20679
20753,20753
20754,20754
20755,20755
20756,20756
20757,20757
20758,20920
20759,20920
20760,20203
20761,20761
20762,20762
20763,20763
20764,20547
20765,20765
20766,20766
20767,20767
20768,20768
20769,20769
20770,20770
20771,21114
20772,20772
20773,15949
20774,20774
20775,20775
20776,20625
20777,20777
20778,20778
20779,20779
20780,20780
20781,20781
20782,21131
20783,20783
20784,20784
20785,20966
20786,20786
20787,20787
20788,20788
20789,20789
20790,20790
20791,20379
20792,20792
20793,20306
20794,21087
20795,21287
20796,21026
20797,21026
20798,21287
20799,21026
20800,20700
20801,20641
20802,7328
20803,21111
20804,20891
20805,20805
20806,20806
20807,20972
20808,21147
20809,21135
20810,20966
20811,21026
20812,21026
20813,21026
20814,19281
20815,20966
20816,20932
20817,21135
20818,21135
20819,20933
20820,20966
20821,21111
20822,21087
20823,20966
20824,21135
20825,21135
20826,21111
20827,21131
20828,21287
20829,21135
20830,20932
20831,21287
20832,21111
20833,21084
20834,7328
20835,7328
20836,21084
20837,20312
20838,21135
20839,20966
20840,21026
20841,21243
20842,18956
20843,7328
20844,7328
20845,21112
20846,20641
20847,21229
20848,20641
20849,21085
20850,20641
20851,8526
20852,19248
20853,20853
20854,7328
20855,21135
20856,20306
20857,21279
20858,15104
20859,21111
20860,21111
20861,21135
20862,20737
20863,17277
20864,10397
20865,20865
20866,21112
20867,16569
20868,21102
20869,20869
20870,21229
20871,21026
20872,21279
20873,19226
20874,20874
20875,20303
20876,21085
20877,20877
20878,20913
20879,20641
20880,20880
20881,20881
20882,20069
20883,20932
20884,20884
20885,20885
20886,21112
20887,20887
20888,20888
20889,21279
20890,20890
20891,20891
20892,20892
20893,20970
20894,20894
20895,20161
20896,20896
20897,20897
20898,20898
20899,20899
20900,20900
20901,20901
20902,20902
20903,20903
20904,20687
20905,6059
20906,20150
20907,21036
20908,12158
20909,21279
20910,19083
20911,20911
20912,20769
20913,20913
20914,20914
20915,20915
20916,20916
20917,20917
20918,20918
20919,14447
20920,20920
20921,20921
20922,20932
20923,20923
20924,20754
20925,20925
20926,20212
20927,21229
20928,20928
20929,20929
20930,20930
20931,20932
20932,20932
20933,20933
20934,20934
20935,16619
20936,20916
20937,16569
20938,14301
20939,20120
20940,8526
20941,8526
20942,21092
20943,20943
20944,20547
20945,20945
20946,20737
20947,20947
20948,20948
20949,20949
20950,20950
20951,20976
20952,20952
20953,20953
20954,20532
20955,20955
20956,20956
20957,20957
20958,20958
20959,20959
20960,20960
20961,20961
20962,8526
20963,20963
20964,19819
20965,20965
20966,20966
20967,8526
20968,20968
20969,21147
20970,20970
20971,20971
20972,20972
20973,20973
20974,20974
20975,20975
20976,20976
20977,21105
20978,20978
20979,20979
20980,20980
20981,20981
20982,20982
20983,20983
20984,20984
20985,20985
20986,20986
20987,20987
20988,20988
20989,20989
20990,3087
20991,20991
20992,20992
20993,20993
20994,20994
20995,20995
20996,20996
20997,16569
20998,21087
20999,20999
21000,21000
21001,21001
21002,21002
21003,21003
21004,21004
21005,21005
21006,17888
21007,21202
21008,21008
21009,21009
21010,21202
21011,21202
21012,16619
21013,21099
21014,21286
21015,14526
21016,21286
21017,17970
21018,21018
21019,3068
21020,21099
21021,21112
21022,20932
21023,19628
21024,21105
21025,21202
21026,21026
21027,16619
21028,21036
21029,21202
21030,16619
21031,16619
21032,21105
21033,21275
21034,21202
21035,21202
21036,21036
21037,18499
21038,14447
21039,14447
21040,21036
21041,16619
21042,16569
21043,21043
21044,21044
21045,21045
21046,21144
21047,21144
21048,16619
21049,21286
21050,21036
21051,16619
21052,16619
21053,16784
21054,21275
21055,14447
21056,16002
21057,14447
21058,14447
21059,21099
21060,21275
21061,21275
21062,21275
21063,20748
21064,13873
21065,14447
21066,21286
21067,21275
21068,21275
21069,21202
21070,21275
21071,21105
21072,21105
21073,21073
21074,16619
21075,20965
21076,21076
21077,21036
21078,21240
21079,21144
21080,21144
21081,21243
21082,21036
21083,21036
21084,21084
21085,21085
21086,14302
21087,21087
21088,14447
21089,20965
21090,14447
21091,21286
21092,21092
21093,21112
21094,21094
21095,15361
21096,21096
21097,21112
21098,21202
21099,21099
21100,21100
21101,21266
21102,21102
21103,21103
21104,21105
21105,21105
21106,21202
21107,21107
21108,21108
21109,16569
21110,21110
21111,21111
21112,21112
21113,21112
21114,21114
21115,21115
21116,21116
21117,20547
21118,20959
21119,8627
21120,21120
21121,21202
21122,21122
21123,21123
21124,20668
21125,21125
21126,21126
21127,21127
21128,21128
21129,20932
21130,21130
21131,21131
21132,21132
21133,21044
21134,21134
21135,21135
21136,21290
21137,21137
21138,21138
21139,21139
21140,21140
21141,21141
21142,21142
21143,21143
21144,21144
21145,21145
21146,21146
21147,21147
21148,16569
21149,21149
21150,21150
21151,21151
21152,21152
21153,21202
21154,21154
21155,21155
21156,21185
21157,20994
21158,21158
21159,21159
21160,21160
21161,21290
21162,21266
21163,21279
21164,21279
21165,21279
21166,21279
21167,17193
21168,21168
21169,21185
21170,21202
21171,21036
21172,21152
21173,21202
21174,21202
21175,21202
21176,21202
21177,21202
21178,21202
21179,21185
21180,21185
21181,21114
21182,21036
21183,21152
21184,21185
21185,21185
21186,21266
21187,21202
21188,21202
21189,21202
21190,21185
21191,21252
21192,21202
21193,21185
21194,21185
21195,21202
21196,21202
21197,21197
21198,21275
21199,21202
21200,21185
21201,1653
21202,21202
21203,21266
21204,21154
21205,21185
21206,21207
21207,21207
21208,21202
21209,21185
21210,21185
21211,21202
21212,21252
21213,21202
21214,21290
21215,21290
21216,21216
21217,21135
21218,21202
21219,21202
21220,21202
21221,21221
21222,20950
21223,21202
21224,21202
21225,21279
21226,21185
21227,21202
21228,21202
21229,21229
21230,21266
21231,21266
21232,21266
21233,21266
21234,21270
21235,18942
21236,21202
21237,21279
21238,21266
21239,21239
21240,21240
21241,15420
21242,20987
21243,21243
21244,21266
21245,21266
21246,21279
21247,21279
21248,21207
21249,21002
21250,21202
21251,20987
21252,21252
21253,21279
21254,20950
21255,21275
21256,21279
21257,21279
21258,21279
21259,21279
21260,21279
21261,21290
21262,21262
21263,21266
21264,21279
21265,21279
21266,21266
21267,21266
21268,7335
21269,21266
21270,21270
21271,17395
21272,21137
21273,21279
21274,21266
21275,21275
21276,21276
21277,21277
21278,21278
21279,21279
21280,21280
21281,21281
21282,21282
21283,21283
21284,21284
21285,20737
21286,21286
21287,21287
21288,21288
21289,21289
21290,21290
21291,21291
21292,21292
